ISO-10303-21;
HEADER;
FILE_DESCRIPTION(('FreeCAD Model'),'2;1');
FILE_NAME('Open CASCADE Shape Model','2026-09-14T10:44:51',('FreeCAD'),(
    'FreeCAD'),'Open CASCADE STEP processor 7.9','FreeCAD','Unknown');
FILE_SCHEMA(('AUTOMOTIVE_DESIGN { 1 0 10303 214 1 1 1 1 }'));
ENDSEC;
DATA;
#1 = APPLICATION_PROTOCOL_DEFINITION('international standard',
  'automotive_design',2000,#2);
#2 = APPLICATION_CONTEXT(
  'core data for automotive mechanical design processes');
#3 = SHAPE_DEFINITION_REPRESENTATION(#4,#10);
#4 = PRODUCT_DEFINITION_SHAPE('','',#5);
#5 = PRODUCT_DEFINITION('design','',#6,#9);
#6 = PRODUCT_DEFINITION_FORMATION('','',#7);
#7 = PRODUCT('Open CASCADE STEP translator 7.9 15',
  'Open CASCADE STEP translator 7.9 15','',(#8));
#8 = PRODUCT_CONTEXT('',#2,'mechanical');
#9 = PRODUCT_DEFINITION_CONTEXT('part definition',#2,'design');
#10 = ADVANCED_BREP_SHAPE_REPRESENTATION('',(#11,#15),#8792);
#11 = AXIS2_PLACEMENT_3D('',#12,#13,#14);
#12 = CARTESIAN_POINT('',(0.,0.,0.));
#13 = DIRECTION('',(0.,0.,1.));
#14 = DIRECTION('',(1.,0.,-0.));
#15 = MANIFOLD_SOLID_BREP('',#16);
#16 = CLOSED_SHELL('',(#17,#59,#250,#453,#530,#1901,#1917,#1934,#1945,
    #1961,#1978,#1989,#2005,#2022,#2033,#2049,#2066,#2077,#2093,#2110,
    #2121,#2138,#2208,#2240,#2288,#2413,#2554,#2571,#2588,#2605,#2653,
    #2727,#2757,#2790,#2814,#2856,#3055,#3092,#3185,#3271,#3313,#3338,
    #3477,#3493,#3510,#3521,#3537,#3554,#3565,#3581,#3598,#3609,#3625,
    #3642,#3653,#3669,#3686,#3697,#3722,#3799,#3849,#3935,#4028,#4140,
    #4177,#4240,#4256,#4267,#4329,#4345,#4356,#4419,#4435,#4446,#4485,
    #4547,#4563,#4574,#4592,#4610,#4631,#4659,#4670,#4701,#4725,#4749,
    #4773,#4797,#4814,#4845,#4869,#4893,#4917,#4941,#5065,#5160,#5191,
    #5215,#5239,#5263,#5287,#5318,#5342,#5366,#5390,#5414,#5445,#5469,
    #5493,#5517,#5541,#5558,#5575,#5592,#5623,#5647,#5671,#5695,#5719,
    #5750,#5781,#5796,#5814,#5824,#5852,#5870,#5882,#5900,#5918,#5942,
    #5967,#5985,#6003,#6062,#6121,#6180,#6214,#6273,#6298,#6328,#6361,
    #6378,#6409,#6433,#6457,#6479,#6491,#6522,#6546,#6570,#6587,#6604,
    #6621,#6652,#6676,#6700,#6724,#6748,#6779,#6803,#6827,#6851,#6875,
    #6892,#6923,#6947,#6971,#6988,#7019,#7043,#7067,#7084,#7115,#7139,
    #7163,#7187,#7218,#7242,#7269,#7286,#7298,#7322,#7346,#7363,#7388,
    #7409,#7431,#7462,#7486,#7510,#7534,#7558,#7575,#7606,#7630,#7654,
    #7678,#7702,#7719,#7750,#7774,#7798,#7822,#7846,#7863,#7894,#7911,
    #7942,#7966,#7990,#8014,#8038,#8055,#8072,#8084,#8101,#8113,#8130,
    #8142,#8159,#8176,#8193,#8224,#8248,#8272,#8289,#8320,#8344,#8368,
    #8385,#8397,#8414,#8426,#8443,#8455,#8479,#8496,#8508,#8525,#8556,
    #8573,#8598,#8623,#8640,#8671,#8688,#8705,#8722,#8734,#8751,#8763,
    #8780));
#17 = ADVANCED_FACE('',(#18),#54,.T.);
#18 = FACE_BOUND('',#19,.T.);
#19 = EDGE_LOOP('',(#20,#30,#39,#47));
#20 = ORIENTED_EDGE('',*,*,#21,.F.);
#21 = EDGE_CURVE('',#22,#24,#26,.T.);
#22 = VERTEX_POINT('',#23);
#23 = CARTESIAN_POINT('',(25.801392797591,33.678987450462,6.6));
#24 = VERTEX_POINT('',#25);
#25 = CARTESIAN_POINT('',(25.11618863966,32.546864951738,
    -7.105427357601E-15));
#26 = LINE('',#27,#28);
#27 = CARTESIAN_POINT('',(31.3,42.764012480505,59.563495792983));
#28 = VECTOR('',#29,1.);
#29 = DIRECTION('',(-0.101792827632,-0.168186297525,-0.980485384678));
#30 = ORIENTED_EDGE('',*,*,#31,.T.);
#31 = EDGE_CURVE('',#22,#32,#34,.T.);
#32 = VERTEX_POINT('',#33);
#33 = CARTESIAN_POINT('',(28.270949435748,31.186757380198,6.6));
#34 = ELLIPSE('',#35,2.549757537508,2.5);
#35 = AXIS2_PLACEMENT_3D('',#36,#37,#38);
#36 = CARTESIAN_POINT('',(25.757512613281,31.14247432423,6.6));
#37 = DIRECTION('',(0.,-1.224646799147E-16,-1.));
#38 = DIRECTION('',(-0.51778725961,-0.855509411863,1.047696862878E-16));
#39 = ORIENTED_EDGE('',*,*,#40,.T.);
#40 = EDGE_CURVE('',#32,#41,#43,.T.);
#41 = VERTEX_POINT('',#42);
#42 = CARTESIAN_POINT('',(27.585745277817,30.054634881475,
    -7.105427357601E-15));
#43 = LINE('',#44,#45);
#44 = CARTESIAN_POINT('',(33.786635010728,40.3,59.727997507787));
#45 = VECTOR('',#46,1.);
#46 = DIRECTION('',(-0.101792827632,-0.168186297525,-0.980485384678));
#47 = ORIENTED_EDGE('',*,*,#48,.F.);
#48 = EDGE_CURVE('',#24,#41,#49,.T.);
#49 = ELLIPSE('',#50,2.549757537508,2.5);
#50 = AXIS2_PLACEMENT_3D('',#51,#52,#53);
#51 = CARTESIAN_POINT('',(25.07230845535,30.010351825506,
    -7.105427357601E-15));
#52 = DIRECTION('',(0.,-1.224646799147E-16,-1.));
#53 = DIRECTION('',(-0.51778725961,-0.855509411863,1.047696862878E-16));
#54 = CYLINDRICAL_SURFACE('',#55,2.5);
#55 = AXIS2_PLACEMENT_3D('',#56,#57,#58);
#56 = CARTESIAN_POINT('',(31.3,40.3,59.986157));
#57 = DIRECTION('',(-0.101792827632,-0.168186297525,-0.980485384678));
#58 = DIRECTION('',(-0.994805619326,1.720955175708E-02,0.100327519085));
#59 = ADVANCED_FACE('',(#60),#245,.T.);
#60 = FACE_BOUND('',#61,.T.);
#61 = EDGE_LOOP('',(#62,#70,#71,#79,#87,#95,#103,#111,#119,#127,#135,
    #143,#151,#159,#167,#175,#183,#191,#199,#207,#215,#223,#231,#239));
#62 = ORIENTED_EDGE('',*,*,#63,.F.);
#63 = EDGE_CURVE('',#22,#64,#66,.T.);
#64 = VERTEX_POINT('',#65);
#65 = CARTESIAN_POINT('',(17.434555181982,33.678987450462,6.6));
#66 = LINE('',#67,#68);
#67 = CARTESIAN_POINT('',(-150.,33.678987450462,6.6));
#68 = VECTOR('',#69,1.);
#69 = DIRECTION('',(-1.,-0.,0.));
#70 = ORIENTED_EDGE('',*,*,#21,.T.);
#71 = ORIENTED_EDGE('',*,*,#72,.T.);
#72 = EDGE_CURVE('',#24,#73,#75,.T.);
#73 = VERTEX_POINT('',#74);
#74 = CARTESIAN_POINT('',(-25.11618863966,32.546864951738,
    -7.105427357601E-15));
#75 = LINE('',#76,#77);
#76 = CARTESIAN_POINT('',(-250.,32.546864951738,-7.105427357601E-15));
#77 = VECTOR('',#78,1.);
#78 = DIRECTION('',(-1.,-0.,0.));
#79 = ORIENTED_EDGE('',*,*,#80,.T.);
#80 = EDGE_CURVE('',#73,#81,#83,.T.);
#81 = VERTEX_POINT('',#82);
#82 = CARTESIAN_POINT('',(-25.80139279759,33.678987450462,6.6));
#83 = LINE('',#84,#85);
#84 = CARTESIAN_POINT('',(-24.937344,32.251370480505,-1.722661207017));
#85 = VECTOR('',#86,1.);
#86 = DIRECTION('',(-0.101792827632,0.168186297525,0.980485384678));
#87 = ORIENTED_EDGE('',*,*,#88,.F.);
#88 = EDGE_CURVE('',#89,#81,#91,.T.);
#89 = VERTEX_POINT('',#90);
#90 = CARTESIAN_POINT('',(-17.43455518198,33.678987450462,6.6));
#91 = LINE('',#92,#93);
#92 = CARTESIAN_POINT('',(-150.,33.678987450462,6.6));
#93 = VECTOR('',#94,1.);
#94 = DIRECTION('',(-1.,-0.,0.));
#95 = ORIENTED_EDGE('',*,*,#96,.T.);
#96 = EDGE_CURVE('',#89,#97,#99,.T.);
#97 = VERTEX_POINT('',#98);
#98 = CARTESIAN_POINT('',(-17.41416668842,33.645300742634,6.403614651316
    ));
#99 = LINE('',#100,#101);
#100 = CARTESIAN_POINT('',(-18.56501830726,35.546785132804,
    17.488808161092));
#101 = VECTOR('',#102,1.);
#102 = DIRECTION('',(0.101792827632,-0.168186297525,-0.980485384678));
#103 = ORIENTED_EDGE('',*,*,#104,.T.);
#104 = EDGE_CURVE('',#97,#105,#107,.T.);
#105 = VERTEX_POINT('',#106);
#106 = CARTESIAN_POINT('',(-16.13963326119,33.645300742634,
    6.403614651316));
#107 = LINE('',#108,#109);
#108 = CARTESIAN_POINT('',(8.707083344212,33.645300742634,6.403614651316
    ));
#109 = VECTOR('',#110,1.);
#110 = DIRECTION('',(1.,0.,0.));
#111 = ORIENTED_EDGE('',*,*,#112,.F.);
#112 = EDGE_CURVE('',#113,#105,#115,.T.);
#113 = VERTEX_POINT('',#114);
#114 = CARTESIAN_POINT('',(-16.13963326119,33.678987450462,6.6));
#115 = LINE('',#116,#117);
#116 = CARTESIAN_POINT('',(-16.13963326119,35.632789364726,
    17.990192005445));
#117 = VECTOR('',#118,1.);
#118 = DIRECTION('',(1.155557966632E-33,-0.169064482807,-0.985604992202)
  );
#119 = ORIENTED_EDGE('',*,*,#120,.F.);
#120 = EDGE_CURVE('',#121,#113,#123,.T.);
#121 = VERTEX_POINT('',#122);
#122 = CARTESIAN_POINT('',(-13.13963326119,33.678987450462,6.6));
#123 = LINE('',#124,#125);
#124 = CARTESIAN_POINT('',(-150.,33.678987450462,6.6));
#125 = VECTOR('',#126,1.);
#126 = DIRECTION('',(-1.,-0.,0.));
#127 = ORIENTED_EDGE('',*,*,#128,.T.);
#128 = EDGE_CURVE('',#121,#129,#131,.T.);
#129 = VERTEX_POINT('',#130);
#130 = CARTESIAN_POINT('',(-13.13963326119,33.645300742634,
    6.403614651316));
#131 = LINE('',#132,#133);
#132 = CARTESIAN_POINT('',(-13.13963326119,35.632789364726,
    17.990192005445));
#133 = VECTOR('',#134,1.);
#134 = DIRECTION('',(1.155557966632E-33,-0.169064482807,-0.985604992202)
  );
#135 = ORIENTED_EDGE('',*,*,#136,.T.);
#136 = EDGE_CURVE('',#129,#137,#139,.T.);
#137 = VERTEX_POINT('',#138);
#138 = CARTESIAN_POINT('',(-7.139633261191,33.645300742634,
    6.403614651316));
#139 = LINE('',#140,#141);
#140 = CARTESIAN_POINT('',(8.707083344212,33.645300742634,6.403614651316
    ));
#141 = VECTOR('',#142,1.);
#142 = DIRECTION('',(1.,0.,0.));
#143 = ORIENTED_EDGE('',*,*,#144,.F.);
#144 = EDGE_CURVE('',#145,#137,#147,.T.);
#145 = VERTEX_POINT('',#146);
#146 = CARTESIAN_POINT('',(-7.139633261191,33.678987450462,6.6));
#147 = LINE('',#148,#149);
#148 = CARTESIAN_POINT('',(-7.139633261191,35.632789364726,
    17.990192005445));
#149 = VECTOR('',#150,1.);
#150 = DIRECTION('',(1.155557966632E-33,-0.169064482807,-0.985604992202)
  );
#151 = ORIENTED_EDGE('',*,*,#152,.F.);
#152 = EDGE_CURVE('',#153,#145,#155,.T.);
#153 = VERTEX_POINT('',#154);
#154 = CARTESIAN_POINT('',(-4.139633261191,33.678987450462,6.6));
#155 = LINE('',#156,#157);
#156 = CARTESIAN_POINT('',(-150.,33.678987450462,6.6));
#157 = VECTOR('',#158,1.);
#158 = DIRECTION('',(-1.,-0.,0.));
#159 = ORIENTED_EDGE('',*,*,#160,.T.);
#160 = EDGE_CURVE('',#153,#161,#163,.T.);
#161 = VERTEX_POINT('',#162);
#162 = CARTESIAN_POINT('',(-4.139633261191,33.645300742634,
    6.403614651316));
#163 = LINE('',#164,#165);
#164 = CARTESIAN_POINT('',(-4.139633261191,35.632789364726,
    17.990192005445));
#165 = VECTOR('',#166,1.);
#166 = DIRECTION('',(1.155557966632E-33,-0.169064482807,-0.985604992202)
  );
#167 = ORIENTED_EDGE('',*,*,#168,.T.);
#168 = EDGE_CURVE('',#161,#169,#171,.T.);
#169 = VERTEX_POINT('',#170);
#170 = CARTESIAN_POINT('',(1.860366738809,33.645300742634,6.403614651316
    ));
#171 = LINE('',#172,#173);
#172 = CARTESIAN_POINT('',(8.707083344212,33.645300742634,6.403614651316
    ));
#173 = VECTOR('',#174,1.);
#174 = DIRECTION('',(1.,0.,0.));
#175 = ORIENTED_EDGE('',*,*,#176,.F.);
#176 = EDGE_CURVE('',#177,#169,#179,.T.);
#177 = VERTEX_POINT('',#178);
#178 = CARTESIAN_POINT('',(1.860366738809,33.678987450462,6.6));
#179 = LINE('',#180,#181);
#180 = CARTESIAN_POINT('',(1.860366738809,35.632789364726,
    17.990192005445));
#181 = VECTOR('',#182,1.);
#182 = DIRECTION('',(1.155557966632E-33,-0.169064482807,-0.985604992202)
  );
#183 = ORIENTED_EDGE('',*,*,#184,.F.);
#184 = EDGE_CURVE('',#185,#177,#187,.T.);
#185 = VERTEX_POINT('',#186);
#186 = CARTESIAN_POINT('',(4.860366738809,33.678987450462,6.6));
#187 = LINE('',#188,#189);
#188 = CARTESIAN_POINT('',(-150.,33.678987450462,6.6));
#189 = VECTOR('',#190,1.);
#190 = DIRECTION('',(-1.,-0.,0.));
#191 = ORIENTED_EDGE('',*,*,#192,.T.);
#192 = EDGE_CURVE('',#185,#193,#195,.T.);
#193 = VERTEX_POINT('',#194);
#194 = CARTESIAN_POINT('',(4.860366738809,33.645300742634,6.403614651316
    ));
#195 = LINE('',#196,#197);
#196 = CARTESIAN_POINT('',(4.860366738809,35.632789364726,
    17.990192005445));
#197 = VECTOR('',#198,1.);
#198 = DIRECTION('',(1.155557966632E-33,-0.169064482807,-0.985604992202)
  );
#199 = ORIENTED_EDGE('',*,*,#200,.T.);
#200 = EDGE_CURVE('',#193,#201,#203,.T.);
#201 = VERTEX_POINT('',#202);
#202 = CARTESIAN_POINT('',(10.860366738809,33.645300742634,
    6.403614651316));
#203 = LINE('',#204,#205);
#204 = CARTESIAN_POINT('',(8.707083344212,33.645300742634,6.403614651316
    ));
#205 = VECTOR('',#206,1.);
#206 = DIRECTION('',(1.,0.,0.));
#207 = ORIENTED_EDGE('',*,*,#208,.F.);
#208 = EDGE_CURVE('',#209,#201,#211,.T.);
#209 = VERTEX_POINT('',#210);
#210 = CARTESIAN_POINT('',(10.860366738809,33.678987450462,6.6));
#211 = LINE('',#212,#213);
#212 = CARTESIAN_POINT('',(10.860366738809,35.632789364726,
    17.990192005445));
#213 = VECTOR('',#214,1.);
#214 = DIRECTION('',(1.155557966632E-33,-0.169064482807,-0.985604992202)
  );
#215 = ORIENTED_EDGE('',*,*,#216,.F.);
#216 = EDGE_CURVE('',#217,#209,#219,.T.);
#217 = VERTEX_POINT('',#218);
#218 = CARTESIAN_POINT('',(13.860366738809,33.678987450462,6.6));
#219 = LINE('',#220,#221);
#220 = CARTESIAN_POINT('',(-150.,33.678987450462,6.6));
#221 = VECTOR('',#222,1.);
#222 = DIRECTION('',(-1.,-0.,0.));
#223 = ORIENTED_EDGE('',*,*,#224,.T.);
#224 = EDGE_CURVE('',#217,#225,#227,.T.);
#225 = VERTEX_POINT('',#226);
#226 = CARTESIAN_POINT('',(13.860366738809,33.645300742634,
    6.403614651316));
#227 = LINE('',#228,#229);
#228 = CARTESIAN_POINT('',(13.860366738809,35.632789364726,
    17.990192005445));
#229 = VECTOR('',#230,1.);
#230 = DIRECTION('',(1.155557966632E-33,-0.169064482807,-0.985604992202)
  );
#231 = ORIENTED_EDGE('',*,*,#232,.T.);
#232 = EDGE_CURVE('',#225,#233,#235,.T.);
#233 = VERTEX_POINT('',#234);
#234 = CARTESIAN_POINT('',(17.414166688425,33.645300742634,
    6.403614651316));
#235 = LINE('',#236,#237);
#236 = CARTESIAN_POINT('',(8.707083344212,33.645300742634,6.403614651316
    ));
#237 = VECTOR('',#238,1.);
#238 = DIRECTION('',(1.,0.,0.));
#239 = ORIENTED_EDGE('',*,*,#240,.T.);
#240 = EDGE_CURVE('',#233,#64,#241,.T.);
#241 = LINE('',#242,#243);
#242 = CARTESIAN_POINT('',(20.927751593651,39.450590270348,
    40.247046723477));
#243 = VECTOR('',#244,1.);
#244 = DIRECTION('',(0.101792827632,0.168186297525,0.980485384678));
#245 = PLANE('',#246);
#246 = AXIS2_PLACEMENT_3D('',#247,#248,#249);
#247 = CARTESIAN_POINT('',(0.,37.789342469625,30.562374351775));
#248 = DIRECTION('',(0.,0.985604992202,-0.169064482807));
#249 = DIRECTION('',(0.,0.169064482807,0.985604992202));
#250 = ADVANCED_FACE('',(#251),#448,.T.);
#251 = FACE_BOUND('',#252,.T.);
#252 = EDGE_LOOP('',(#253,#254,#255,#263,#272,#280,#288,#296,#304,#312,
    #320,#328,#336,#344,#352,#360,#368,#376,#384,#392,#400,#408,#416,
    #424,#433,#441));
#253 = ORIENTED_EDGE('',*,*,#72,.F.);
#254 = ORIENTED_EDGE('',*,*,#48,.T.);
#255 = ORIENTED_EDGE('',*,*,#256,.F.);
#256 = EDGE_CURVE('',#257,#41,#259,.T.);
#257 = VERTEX_POINT('',#258);
#258 = CARTESIAN_POINT('',(27.585745277817,23.543147041945,0.));
#259 = LINE('',#260,#261);
#260 = CARTESIAN_POINT('',(27.585745277817,249.94776841487,
    -2.84217094304E-14));
#261 = VECTOR('',#262,1.);
#262 = DIRECTION('',(0.,1.,-1.224646799147E-16));
#263 = ORIENTED_EDGE('',*,*,#264,.F.);
#264 = EDGE_CURVE('',#265,#257,#267,.T.);
#265 = VERTEX_POINT('',#266);
#266 = CARTESIAN_POINT('',(27.537344,23.502930106817,0.));
#267 = CIRCLE('',#268,4.5);
#268 = AXIS2_PLACEMENT_3D('',#269,#270,#271);
#269 = CARTESIAN_POINT('',(30.437344,20.062,-2.6645352591E-15));
#270 = DIRECTION('',(0.,-1.224646799147E-16,-1.));
#271 = DIRECTION('',(1.,0.,0.));
#272 = ORIENTED_EDGE('',*,*,#273,.F.);
#273 = EDGE_CURVE('',#274,#265,#276,.T.);
#274 = VERTEX_POINT('',#275);
#275 = CARTESIAN_POINT('',(27.537344,25.487358,0.));
#276 = LINE('',#277,#278);
#277 = CARTESIAN_POINT('',(27.537344,25.487358,-3.10862446895E-15));
#278 = VECTOR('',#279,1.);
#279 = DIRECTION('',(0.,-1.,1.224646799147E-16));
#280 = ORIENTED_EDGE('',*,*,#281,.F.);
#281 = EDGE_CURVE('',#282,#274,#284,.T.);
#282 = VERTEX_POINT('',#283);
#283 = CARTESIAN_POINT('',(24.637344,25.487358,0.));
#284 = LINE('',#285,#286);
#285 = CARTESIAN_POINT('',(22.537344,25.487358,-3.10862446895E-15));
#286 = VECTOR('',#287,1.);
#287 = DIRECTION('',(1.,0.,0.));
#288 = ORIENTED_EDGE('',*,*,#289,.F.);
#289 = EDGE_CURVE('',#290,#282,#292,.T.);
#290 = VERTEX_POINT('',#291);
#291 = CARTESIAN_POINT('',(24.637344,29.487358,-7.105427357601E-15));
#292 = LINE('',#293,#294);
#293 = CARTESIAN_POINT('',(24.637344,264.743679,-3.552713678801E-14));
#294 = VECTOR('',#295,1.);
#295 = DIRECTION('',(0.,-1.,1.224646799147E-16));
#296 = ORIENTED_EDGE('',*,*,#297,.T.);
#297 = EDGE_CURVE('',#290,#298,#300,.T.);
#298 = VERTEX_POINT('',#299);
#299 = CARTESIAN_POINT('',(19.237344,29.487358,-7.105427357601E-15));
#300 = LINE('',#301,#302);
#301 = CARTESIAN_POINT('',(-262.318672,29.487358,-7.105427357601E-15));
#302 = VECTOR('',#303,1.);
#303 = DIRECTION('',(-1.,-0.,0.));
#304 = ORIENTED_EDGE('',*,*,#305,.F.);
#305 = EDGE_CURVE('',#306,#298,#308,.T.);
#306 = VERTEX_POINT('',#307);
#307 = CARTESIAN_POINT('',(19.237344,32.387358,-7.105427357601E-15));
#308 = LINE('',#309,#310);
#309 = CARTESIAN_POINT('',(19.237344,32.387358,-3.996802888651E-15));
#310 = VECTOR('',#311,1.);
#311 = DIRECTION('',(0.,-1.,1.224646799147E-16));
#312 = ORIENTED_EDGE('',*,*,#313,.F.);
#313 = EDGE_CURVE('',#314,#306,#316,.T.);
#314 = VERTEX_POINT('',#315);
#315 = CARTESIAN_POINT('',(13.802,32.387358,-7.105427357601E-15));
#316 = LINE('',#317,#318);
#317 = CARTESIAN_POINT('',(13.802,32.387358,-3.996802888651E-15));
#318 = VECTOR('',#319,1.);
#319 = DIRECTION('',(1.,0.,0.));
#320 = ORIENTED_EDGE('',*,*,#321,.T.);
#321 = EDGE_CURVE('',#314,#322,#324,.T.);
#322 = VERTEX_POINT('',#323);
#323 = CARTESIAN_POINT('',(13.802,29.487358,-7.105427357601E-15));
#324 = LINE('',#325,#326);
#325 = CARTESIAN_POINT('',(13.802,32.387358,-3.996802888651E-15));
#326 = VECTOR('',#327,1.);
#327 = DIRECTION('',(0.,-1.,1.224646799147E-16));
#328 = ORIENTED_EDGE('',*,*,#329,.T.);
#329 = EDGE_CURVE('',#322,#330,#332,.T.);
#330 = VERTEX_POINT('',#331);
#331 = CARTESIAN_POINT('',(11.802,29.487358,-7.105427357601E-15));
#332 = LINE('',#333,#334);
#333 = CARTESIAN_POINT('',(-262.318672,29.487358,-7.105427357601E-15));
#334 = VECTOR('',#335,1.);
#335 = DIRECTION('',(-1.,-0.,0.));
#336 = ORIENTED_EDGE('',*,*,#337,.F.);
#337 = EDGE_CURVE('',#338,#330,#340,.T.);
#338 = VERTEX_POINT('',#339);
#339 = CARTESIAN_POINT('',(11.802,32.387358,-7.105427357601E-15));
#340 = LINE('',#341,#342);
#341 = CARTESIAN_POINT('',(11.802,32.387358,-3.996802888651E-15));
#342 = VECTOR('',#343,1.);
#343 = DIRECTION('',(0.,-1.,1.224646799147E-16));
#344 = ORIENTED_EDGE('',*,*,#345,.F.);
#345 = EDGE_CURVE('',#346,#338,#348,.T.);
#346 = VERTEX_POINT('',#347);
#347 = CARTESIAN_POINT('',(6.775,32.387358,-7.105427357601E-15));
#348 = LINE('',#349,#350);
#349 = CARTESIAN_POINT('',(6.775,32.387358,-3.996802888651E-15));
#350 = VECTOR('',#351,1.);
#351 = DIRECTION('',(1.,0.,0.));
#352 = ORIENTED_EDGE('',*,*,#353,.T.);
#353 = EDGE_CURVE('',#346,#354,#356,.T.);
#354 = VERTEX_POINT('',#355);
#355 = CARTESIAN_POINT('',(6.775,29.487358,-7.105427357601E-15));
#356 = LINE('',#357,#358);
#357 = CARTESIAN_POINT('',(6.775,32.387358,-3.996802888651E-15));
#358 = VECTOR('',#359,1.);
#359 = DIRECTION('',(0.,-1.,1.224646799147E-16));
#360 = ORIENTED_EDGE('',*,*,#361,.T.);
#361 = EDGE_CURVE('',#354,#362,#364,.T.);
#362 = VERTEX_POINT('',#363);
#363 = CARTESIAN_POINT('',(-6.825,29.487358,-7.105427357601E-15));
#364 = LINE('',#365,#366);
#365 = CARTESIAN_POINT('',(-262.318672,29.487358,-7.105427357601E-15));
#366 = VECTOR('',#367,1.);
#367 = DIRECTION('',(-1.,-0.,0.));
#368 = ORIENTED_EDGE('',*,*,#369,.F.);
#369 = EDGE_CURVE('',#370,#362,#372,.T.);
#370 = VERTEX_POINT('',#371);
#371 = CARTESIAN_POINT('',(-6.825,32.387358,-7.105427357601E-15));
#372 = LINE('',#373,#374);
#373 = CARTESIAN_POINT('',(-6.825,32.387358,-3.996802888651E-15));
#374 = VECTOR('',#375,1.);
#375 = DIRECTION('',(0.,-1.,1.224646799147E-16));
#376 = ORIENTED_EDGE('',*,*,#377,.F.);
#377 = EDGE_CURVE('',#378,#370,#380,.T.);
#378 = VERTEX_POINT('',#379);
#379 = CARTESIAN_POINT('',(-19.237344,32.387358,-7.105427357601E-15));
#380 = LINE('',#381,#382);
#381 = CARTESIAN_POINT('',(-19.237344,32.387358,-3.996802888651E-15));
#382 = VECTOR('',#383,1.);
#383 = DIRECTION('',(1.,0.,0.));
#384 = ORIENTED_EDGE('',*,*,#385,.T.);
#385 = EDGE_CURVE('',#378,#386,#388,.T.);
#386 = VERTEX_POINT('',#387);
#387 = CARTESIAN_POINT('',(-19.237344,29.487358,-7.105427357601E-15));
#388 = LINE('',#389,#390);
#389 = CARTESIAN_POINT('',(-19.237344,32.387358,-3.996802888651E-15));
#390 = VECTOR('',#391,1.);
#391 = DIRECTION('',(0.,-1.,1.224646799147E-16));
#392 = ORIENTED_EDGE('',*,*,#393,.T.);
#393 = EDGE_CURVE('',#386,#394,#396,.T.);
#394 = VERTEX_POINT('',#395);
#395 = CARTESIAN_POINT('',(-24.637344,29.487358,-7.105427357601E-15));
#396 = LINE('',#397,#398);
#397 = CARTESIAN_POINT('',(-262.318672,29.487358,-7.105427357601E-15));
#398 = VECTOR('',#399,1.);
#399 = DIRECTION('',(-1.,-0.,0.));
#400 = ORIENTED_EDGE('',*,*,#401,.T.);
#401 = EDGE_CURVE('',#394,#402,#404,.T.);
#402 = VERTEX_POINT('',#403);
#403 = CARTESIAN_POINT('',(-24.637344,25.487358,0.));
#404 = LINE('',#405,#406);
#405 = CARTESIAN_POINT('',(-24.637344,264.743679,-3.552713678801E-14));
#406 = VECTOR('',#407,1.);
#407 = DIRECTION('',(0.,-1.,1.224646799147E-16));
#408 = ORIENTED_EDGE('',*,*,#409,.F.);
#409 = EDGE_CURVE('',#410,#402,#412,.T.);
#410 = VERTEX_POINT('',#411);
#411 = CARTESIAN_POINT('',(-27.537344,25.487358,0.));
#412 = LINE('',#413,#414);
#413 = CARTESIAN_POINT('',(-27.537344,25.487358,-3.10862446895E-15));
#414 = VECTOR('',#415,1.);
#415 = DIRECTION('',(1.,0.,0.));
#416 = ORIENTED_EDGE('',*,*,#417,.T.);
#417 = EDGE_CURVE('',#410,#418,#420,.T.);
#418 = VERTEX_POINT('',#419);
#419 = CARTESIAN_POINT('',(-27.537344,23.502930106817,0.));
#420 = LINE('',#421,#422);
#421 = CARTESIAN_POINT('',(-27.537344,25.487358,-3.10862446895E-15));
#422 = VECTOR('',#423,1.);
#423 = DIRECTION('',(0.,-1.,1.224646799147E-16));
#424 = ORIENTED_EDGE('',*,*,#425,.F.);
#425 = EDGE_CURVE('',#426,#418,#428,.T.);
#426 = VERTEX_POINT('',#427);
#427 = CARTESIAN_POINT('',(-27.58574527781,23.543147041945,0.));
#428 = CIRCLE('',#429,4.5);
#429 = AXIS2_PLACEMENT_3D('',#430,#431,#432);
#430 = CARTESIAN_POINT('',(-30.437344,20.062,-2.6645352591E-15));
#431 = DIRECTION('',(0.,-1.224646799147E-16,-1.));
#432 = DIRECTION('',(1.,0.,0.));
#433 = ORIENTED_EDGE('',*,*,#434,.F.);
#434 = EDGE_CURVE('',#435,#426,#437,.T.);
#435 = VERTEX_POINT('',#436);
#436 = CARTESIAN_POINT('',(-27.58574527781,30.054634881475,
    -7.105427357601E-15));
#437 = LINE('',#438,#439);
#438 = CARTESIAN_POINT('',(-27.58574527781,249.94776841487,
    -2.84217094304E-14));
#439 = VECTOR('',#440,1.);
#440 = DIRECTION('',(0.,-1.,1.224646799147E-16));
#441 = ORIENTED_EDGE('',*,*,#442,.T.);
#442 = EDGE_CURVE('',#435,#73,#443,.T.);
#443 = ELLIPSE('',#444,2.549757537508,2.5);
#444 = AXIS2_PLACEMENT_3D('',#445,#446,#447);
#445 = CARTESIAN_POINT('',(-25.07230845535,30.010351825506,
    -7.105427357601E-15));
#446 = DIRECTION('',(0.,-1.224646799147E-16,-1.));
#447 = DIRECTION('',(-0.51778725961,0.855509411863,-1.047696862878E-16)
  );
#448 = PLANE('',#449);
#449 = AXIS2_PLACEMENT_3D('',#450,#451,#452);
#450 = CARTESIAN_POINT('',(-500.,500.,-6.128431095931E-14));
#451 = DIRECTION('',(0.,-1.224646799147E-16,-1.));
#452 = DIRECTION('',(1.,0.,0.));
#453 = ADVANCED_FACE('',(#454),#525,.T.);
#454 = FACE_BOUND('',#455,.T.);
#455 = EDGE_LOOP('',(#456,#457,#465,#508,#517,#524));
#456 = ORIENTED_EDGE('',*,*,#40,.F.);
#457 = ORIENTED_EDGE('',*,*,#458,.F.);
#458 = EDGE_CURVE('',#459,#32,#461,.T.);
#459 = VERTEX_POINT('',#460);
#460 = CARTESIAN_POINT('',(28.270949435748,26.217277682502,6.6));
#461 = LINE('',#462,#463);
#462 = CARTESIAN_POINT('',(28.270949435748,149.94776841487,6.6));
#463 = VECTOR('',#464,1.);
#464 = DIRECTION('',(0.,1.,-1.224646799147E-16));
#465 = ORIENTED_EDGE('',*,*,#466,.T.);
#466 = EDGE_CURVE('',#459,#467,#469,.T.);
#467 = VERTEX_POINT('',#468);
#468 = CARTESIAN_POINT('',(28.239803792205,25.966304957836,6.3));
#469 = B_SPLINE_CURVE_WITH_KNOTS('',7,(#470,#471,#472,#473,#474,#475,
    #476,#477,#478,#479,#480,#481,#482,#483,#484,#485,#486,#487,#488,
    #489,#490,#491,#492,#493,#494,#495,#496,#497,#498,#499,#500,#501,
    #502,#503,#504,#505,#506,#507),.UNSPECIFIED.,.F.,.F.,(8,6,6,6,6,6,8)
  ,(0.,0.135776559603,0.201632780411,0.236061808638,0.263015398158,
    0.626106538951,1.),.UNSPECIFIED.);
#470 = CARTESIAN_POINT('',(29.51677517744,24.122320778436,18.6));
#471 = CARTESIAN_POINT('',(29.501871214454,24.358607260885,
    18.456442558665));
#472 = CARTESIAN_POINT('',(29.485969991433,24.588946141268,
    18.303279343404));
#473 = CARTESIAN_POINT('',(29.469105438831,24.812877384281,
    18.140837177978));
#474 = CARTESIAN_POINT('',(29.451314056749,25.029970330156,
    17.969467637401));
#475 = CARTESIAN_POINT('',(29.432634741523,25.239822520851,
    17.789545377647));
#476 = CARTESIAN_POINT('',(29.413108612322,25.442058526232,
    17.601466465345));
#477 = CARTESIAN_POINT('',(29.382918209887,25.73055640517,17.31066750599
    ));
#478 = CARTESIAN_POINT('',(29.372868474515,25.822910451973,
    17.213866789466));
#479 = CARTESIAN_POINT('',(29.362634536511,25.913351336021,
    17.115291802662));
#480 = CARTESIAN_POINT('',(29.352221386003,26.001841074606,
    17.01499061132));
#481 = CARTESIAN_POINT('',(29.341634098353,26.088343276962,
    16.913012102166));
#482 = CARTESIAN_POINT('',(29.330877834157,26.172823144267,
    16.809405982918));
#483 = CARTESIAN_POINT('',(29.314248966059,26.298338150971,
    16.649233969692));
#484 = CARTESIAN_POINT('',(29.30849534175,26.340867035697,
    16.593814106875));
#485 = CARTESIAN_POINT('',(29.302697714622,26.382829380411,
    16.537970401602));
#486 = CARTESIAN_POINT('',(29.296856837973,26.424220559953,
    16.481710109783));
#487 = CARTESIAN_POINT('',(29.290973470102,26.465036067404,
    16.425040535464));
#488 = CARTESIAN_POINT('',(29.285048374302,26.505271514088,
    16.367969030826));
#489 = CARTESIAN_POINT('',(29.274411649448,26.575964455203,
    16.265514334325));
#490 = CARTESIAN_POINT('',(29.26971587604,26.606648149237,
    16.220283866688));
#491 = CARTESIAN_POINT('',(29.264995367199,26.636971662689,
    16.174815143254));
#492 = CARTESIAN_POINT('',(29.260250493077,26.666932990553,
    16.129111729405));
#493 = CARTESIAN_POINT('',(29.255481625429,26.696530171805,
    16.08317720593));
#494 = CARTESIAN_POINT('',(29.250689137607,26.725761289402,
    16.037015169024));
#495 = CARTESIAN_POINT('',(29.181000783293,27.143439669266,
    15.365765391647));
#496 = CARTESIAN_POINT('',(29.111903384181,27.465524868283,
    14.700207792697));
#497 = CARTESIAN_POINT('',(29.039511802626,27.716187314413,
    14.002920082559));
#498 = CARTESIAN_POINT('',(28.964785734085,27.892403003504,
    13.283146206901));
#499 = CARTESIAN_POINT('',(28.888697639127,27.992374270976,
    12.550253067083));
#500 = CARTESIAN_POINT('',(28.812232731311,28.015500730678,
    11.813730403366));
#501 = CARTESIAN_POINT('',(28.658289163778,27.908083149456,
    10.330920449634));
#502 = CARTESIAN_POINT('',(28.580812806701,27.772922086139,
    9.584655339023));
#503 = CARTESIAN_POINT('',(28.505060102601,27.557850140546,8.85499273953
    ));
#504 = CARTESIAN_POINT('',(28.432088601714,27.265206454122,
    8.152119150283));
#505 = CARTESIAN_POINT('',(28.362916530188,26.898684897378,
    7.485842294277));
#506 = CARTESIAN_POINT('',(28.298520995915,26.463375081876,
    6.865573836639));
#507 = CARTESIAN_POINT('',(28.239803792205,25.966304960547,6.3));
#508 = ORIENTED_EDGE('',*,*,#509,.T.);
#509 = EDGE_CURVE('',#467,#510,#512,.T.);
#510 = VERTEX_POINT('',#511);
#511 = CARTESIAN_POINT('',(28.052929930951,23.878355532091,4.5));
#512 = HYPERBOLA('',#513,2.898162691838,2.867091836282);
#513 = AXIS2_PLACEMENT_3D('',#514,#515,#516);
#514 = CARTESIAN_POINT('',(27.554674873475,20.062,-0.299275283551));
#515 = DIRECTION('',(0.994654004291,-1.264616783234E-17,-0.103263796885)
  );
#516 = DIRECTION('',(0.103263796885,1.218099842615E-16,0.994654004291));
#517 = ORIENTED_EDGE('',*,*,#518,.F.);
#518 = EDGE_CURVE('',#257,#510,#519,.T.);
#519 = ELLIPSE('',#520,43.57771199328,4.5);
#520 = AXIS2_PLACEMENT_3D('',#521,#522,#523);
#521 = CARTESIAN_POINT('',(30.437344,20.062,27.46707145392));
#522 = DIRECTION('',(0.994654004291,-1.264616783234E-17,-0.103263796885)
  );
#523 = DIRECTION('',(-0.103263796885,-1.218099842615E-16,-0.994654004291
    ));
#524 = ORIENTED_EDGE('',*,*,#256,.T.);
#525 = PLANE('',#526);
#526 = AXIS2_PLACEMENT_3D('',#527,#528,#529);
#527 = CARTESIAN_POINT('',(30.85115252589,-0.104463170241,
    31.452943750907));
#528 = DIRECTION('',(0.994654004291,-1.264616783234E-17,-0.103263796885)
  );
#529 = DIRECTION('',(-0.103263796885,-1.218099842615E-16,-0.994654004291
    ));
#530 = ADVANCED_FACE('',(#531,#1452,#1580,#1653,#1781,#1815),#1896,.F.);
#531 = FACE_BOUND('',#532,.F.);
#532 = EDGE_LOOP('',(#533,#534,#535,#536,#578,#620,#705,#747,#755,#817,
    #880,#888,#897,#905,#913,#921,#929,#937,#945,#953,#961,#969,#977,
    #985,#993,#1001,#1009,#1017,#1025,#1033,#1041,#1049,#1057,#1065,
    #1074,#1082,#1131,#1139,#1188,#1273,#1322,#1330,#1337,#1338,#1346,
    #1354,#1360,#1361,#1369,#1377,#1383,#1384,#1392,#1400,#1406,#1407,
    #1415,#1423,#1429,#1430,#1438,#1446));
#533 = ORIENTED_EDGE('',*,*,#63,.F.);
#534 = ORIENTED_EDGE('',*,*,#31,.T.);
#535 = ORIENTED_EDGE('',*,*,#458,.F.);
#536 = ORIENTED_EDGE('',*,*,#537,.F.);
#537 = EDGE_CURVE('',#538,#459,#540,.T.);
#538 = VERTEX_POINT('',#539);
#539 = CARTESIAN_POINT('',(36.578807414634,20.062,6.6));
#540 = B_SPLINE_CURVE_WITH_KNOTS('',6,(#541,#542,#543,#544,#545,#546,
    #547,#548,#549,#550,#551,#552,#553,#554,#555,#556,#557,#558,#559,
    #560,#561,#562,#563,#564,#565,#566,#567,#568,#569,#570,#571,#572,
    #573,#574,#575,#576,#577),.UNSPECIFIED.,.F.,.F.,(7,5,5,5,5,5,5,7),(
    0.,0.114001960165,0.291003687134,0.373005191674,0.648996031975,
    0.68799676296,0.879997981587,1.),.UNSPECIFIED.);
#541 = CARTESIAN_POINT('',(36.578807414634,20.062,6.6));
#542 = CARTESIAN_POINT('',(36.578807414634,20.29758577809,6.6));
#543 = CARTESIAN_POINT('',(36.568456193008,20.533172918652,6.6));
#544 = CARTESIAN_POINT('',(36.547753890363,20.768189943596,6.6));
#545 = CARTESIAN_POINT('',(36.516742067838,21.002069943098,6.6));
#546 = CARTESIAN_POINT('',(36.475503707108,21.23425057559,6.6));
#547 = CARTESIAN_POINT('',(36.344450926745,21.821157887406,6.6));
#548 = CARTESIAN_POINT('',(36.240382997231,22.172715472457,6.6));
#549 = CARTESIAN_POINT('',(36.112425940975,22.516743869607,6.6));
#550 = CARTESIAN_POINT('',(35.961284597529,22.851235783781,6.6));
#551 = CARTESIAN_POINT('',(35.787870497039,23.174268938842,6.6));
#552 = CARTESIAN_POINT('',(35.503205780216,23.627522853759,6.6));
#553 = CARTESIAN_POINT('',(35.408544283049,23.768176764253,6.6));
#554 = CARTESIAN_POINT('',(35.309460174475,23.905802859505,6.6));
#555 = CARTESIAN_POINT('',(35.206075247046,24.040228152695,6.6));
#556 = CARTESIAN_POINT('',(35.098520238039,24.171286313941,6.6));
#557 = CARTESIAN_POINT('',(34.611374029082,24.728047431399,6.6));
#558 = CARTESIAN_POINT('',(34.190084075686,25.117410127166,6.6));
#559 = CARTESIAN_POINT('',(33.72850652786,25.460624381789,6.6));
#560 = CARTESIAN_POINT('',(33.233016613829,25.752753809422,6.6));
#561 = CARTESIAN_POINT('',(32.710638553023,25.989839648957,6.6));
#562 = CARTESIAN_POINT('',(32.092772390697,26.194666389695,6.6));
#563 = CARTESIAN_POINT('',(32.015889981963,26.218877125647,6.6));
#564 = CARTESIAN_POINT('',(31.938647980095,26.241930775658,6.6));
#565 = CARTESIAN_POINT('',(31.861068163532,26.263820720689,6.6));
#566 = CARTESIAN_POINT('',(31.783172469708,26.284540889409,6.6));
#567 = CARTESIAN_POINT('',(31.320054968356,26.40030545789,6.6));
#568 = CARTESIAN_POINT('',(30.927989331502,26.468044853534,6.6));
#569 = CARTESIAN_POINT('',(30.531458032306,26.506631063566,6.6));
#570 = CARTESIAN_POINT('',(30.133158116995,26.515749412869,6.6));
#571 = CARTESIAN_POINT('',(29.735804907867,26.495389734589,6.6));
#572 = CARTESIAN_POINT('',(29.096083291234,26.414969402677,6.6));
#573 = CARTESIAN_POINT('',(28.851463771923,26.372658145686,6.6));
#574 = CARTESIAN_POINT('',(28.608934779669,26.31905010305,6.6));
#575 = CARTESIAN_POINT('',(28.369145803099,26.254278341933,6.6));
#576 = CARTESIAN_POINT('',(28.132734134483,26.178525621559,6.6));
#577 = CARTESIAN_POINT('',(27.900324869727,26.092024393207,6.6));
#578 = ORIENTED_EDGE('',*,*,#579,.F.);
#579 = EDGE_CURVE('',#580,#538,#582,.T.);
#580 = VERTEX_POINT('',#581);
#581 = CARTESIAN_POINT('',(30.252165668875,13.628751852095,6.6));
#582 = B_SPLINE_CURVE_WITH_KNOTS('',6,(#583,#584,#585,#586,#587,#588,
    #589,#590,#591,#592,#593,#594,#595,#596,#597,#598,#599,#600,#601,
    #602,#603,#604,#605,#606,#607,#608,#609,#610,#611,#612,#613,#614,
    #615,#616,#617,#618,#619),.UNSPECIFIED.,.F.,.F.,(7,5,5,5,5,5,5,7),(
    0.,0.311983108418,0.476986918635,0.569989635042,0.627991363855,
    0.81799478142,0.881996684402,1.),.UNSPECIFIED.);
#583 = CARTESIAN_POINT('',(27.900324869727,14.031975606793,6.6));
#584 = CARTESIAN_POINT('',(28.504539350563,13.807090876678,6.6));
#585 = CARTESIAN_POINT('',(29.1359815296,13.654788638246,6.6));
#586 = CARTESIAN_POINT('',(29.783336753996,13.579369495196,6.6));
#587 = CARTESIAN_POINT('',(30.435063508817,13.582381321961,6.6));
#588 = CARTESIAN_POINT('',(31.079519753123,13.663568428727,6.6));
#589 = CARTESIAN_POINT('',(32.035782372595,13.902603509834,6.6));
#590 = CARTESIAN_POINT('',(32.361331371686,14.00633168092,6.6));
#591 = CARTESIAN_POINT('',(32.679939315078,14.130678167764,6.6));
#592 = CARTESIAN_POINT('',(32.989989856629,14.275044826267,6.6));
#593 = CARTESIAN_POINT('',(33.289933687479,14.438676677331,6.6));
#594 = CARTESIAN_POINT('',(33.740832347858,14.723205391906,6.6));
#595 = CARTESIAN_POINT('',(33.899690342874,14.831594634052,6.6));
#596 = CARTESIAN_POINT('',(34.054610544914,14.945644717063,6.6));
#597 = CARTESIAN_POINT('',(34.205342243118,15.065175656958,6.6));
#598 = CARTESIAN_POINT('',(34.351645929947,15.189992809695,6.6));
#599 = CARTESIAN_POINT('',(34.581632574822,15.400896119269,6.6));
#600 = CARTESIAN_POINT('',(34.668160967998,15.48388017187,6.6));
#601 = CARTESIAN_POINT('',(34.752823226759,15.568788356387,6.6));
#602 = CARTESIAN_POINT('',(34.835566094846,15.655568052383,6.6));
#603 = CARTESIAN_POINT('',(34.916338313695,15.744164691561,6.6));
#604 = CARTESIAN_POINT('',(35.253069274252,16.13051554505,6.6));
#605 = CARTESIAN_POINT('',(35.489383721187,16.445413687086,6.6));
#606 = CARTESIAN_POINT('',(35.702276667501,16.77720684772,6.6));
#607 = CARTESIAN_POINT('',(35.890285133863,17.123707821174,6.6));
#608 = CARTESIAN_POINT('',(36.052198480249,17.482580257923,6.6));
#609 = CARTESIAN_POINT('',(36.232546143765,17.975522838768,6.6));
#610 = CARTESIAN_POINT('',(36.27492468998,18.10085092973,6.6));
#611 = CARTESIAN_POINT('',(36.314204837222,18.227205390319,6.6));
#612 = CARTESIAN_POINT('',(36.350355935689,18.354490415988,6.6));
#613 = CARTESIAN_POINT('',(36.38335130071,18.482609022974,6.6));
#614 = CARTESIAN_POINT('',(36.468143054379,18.849037268877,6.6));
#615 = CARTESIAN_POINT('',(36.512313392881,19.089113320427,6.6));
#616 = CARTESIAN_POINT('',(36.545536465856,19.331073481792,6.6));
#617 = CARTESIAN_POINT('',(36.567717040707,19.574294604268,6.6));
#618 = CARTESIAN_POINT('',(36.578807414634,19.818148111604,6.6));
#619 = CARTESIAN_POINT('',(36.578807414634,20.062,6.6));
#620 = ORIENTED_EDGE('',*,*,#621,.F.);
#621 = EDGE_CURVE('',#622,#580,#624,.T.);
#622 = VERTEX_POINT('',#623);
#623 = CARTESIAN_POINT('',(28.904372529612,13.748528425676,6.6));
#624 = B_SPLINE_CURVE_WITH_KNOTS('',4,(#625,#626,#627,#628,#629,#630,
    #631,#632,#633,#634,#635,#636,#637,#638,#639,#640,#641,#642,#643,
    #644,#645,#646,#647,#648,#649,#650,#651,#652,#653,#654,#655,#656,
    #657,#658,#659,#660,#661,#662,#663,#664,#665,#666,#667,#668,#669,
    #670,#671,#672,#673,#674,#675,#676,#677,#678,#679,#680,#681,#682,
    #683,#684,#685,#686,#687,#688,#689,#690,#691,#692,#693,#694,#695,
    #696,#697,#698,#699,#700,#701,#702,#703,#704),.UNSPECIFIED.,.F.,.F.,
  (5,3,3,3,3,3,3,3,3,3,3,3,3,3,3,3,3,3,3,3,3,3,3,3,3,3,5),(0.,
    2.600000191249E-02,4.300000319692E-02,8.600000576266E-02,
    0.105000007207,0.173000005377,0.222000007795,0.319999971325,
    0.341999972978,0.398999974382,0.4299999766,0.471999979184,
    0.53099998033,0.552999982072,0.569999983449,0.604999986095,
    0.640999988848,0.66799999109,0.741999986587,0.7579999879,
    0.786999990118,0.829999992621,0.857999994475,0.87299999546,
    0.929999996078,0.969999998072,1.),.UNSPECIFIED.);
#625 = CARTESIAN_POINT('',(28.349291054356,13.883417182596,6.6));
#626 = CARTESIAN_POINT('',(28.415010828101,13.864320358645,6.6));
#627 = CARTESIAN_POINT('',(28.481001439162,13.846155590398,6.6));
#628 = CARTESIAN_POINT('',(28.547243055635,13.828928640559,6.6));
#629 = CARTESIAN_POINT('',(28.657178448101,13.801997050219,6.6));
#630 = CARTESIAN_POINT('',(28.700740011211,13.791752709221,6.6));
#631 = CARTESIAN_POINT('',(28.74439470134,13.78191277361,6.6));
#632 = CARTESIAN_POINT('',(28.898778845428,13.748615197816,6.6));
#633 = CARTESIAN_POINT('',(29.009980546136,13.727347073809,6.6));
#634 = CARTESIAN_POINT('',(29.121650624353,13.70869379072,6.6));
#635 = CARTESIAN_POINT('',(29.283205240674,13.685587673976,6.6));
#636 = CARTESIAN_POINT('',(29.332787300481,13.679019873553,6.6));
#637 = CARTESIAN_POINT('',(29.382434769224,13.672966320505,6.6));
#638 = CARTESIAN_POINT('',(29.610030727733,13.647606219821,6.6));
#639 = CARTESIAN_POINT('',(29.788657158902,13.634382877255,6.6));
#640 = CARTESIAN_POINT('',(29.967651318054,13.627798829148,6.6));
#641 = CARTESIAN_POINT('',(30.275622857751,13.627893709802,6.6));
#642 = CARTESIAN_POINT('',(30.404601357152,13.631380828907,6.6));
#643 = CARTESIAN_POINT('',(30.533440507279,13.638315286485,6.6));
#644 = CARTESIAN_POINT('',(30.91912621676,13.669427308405,6.6));
#645 = CARTESIAN_POINT('',(31.175141933567,13.703913609913,6.6));
#646 = CARTESIAN_POINT('',(31.428944416117,13.752055609288,6.6));
#647 = CARTESIAN_POINT('',(31.735694380633,13.827402530708,6.6));
#648 = CARTESIAN_POINT('',(31.791766126426,13.841891010043,6.6));
#649 = CARTESIAN_POINT('',(31.84765995419,13.857051377048,6.6));
#650 = CARTESIAN_POINT('',(32.047687498861,13.913891282344,6.6));
#651 = CARTESIAN_POINT('',(32.190736100641,13.959389665185,6.6));
#652 = CARTESIAN_POINT('',(32.332300160936,14.009315832135,6.6));
#653 = CARTESIAN_POINT('',(32.548249844203,14.093109091772,6.6));
#654 = CARTESIAN_POINT('',(32.623823892438,14.123913543547,6.6));
#655 = CARTESIAN_POINT('',(32.698866165601,14.155991702074,6.6));
#656 = CARTESIAN_POINT('',(32.87425112546,14.234496284986,6.6));
#657 = CARTESIAN_POINT('',(32.974122780752,14.28197505829,6.6));
#658 = CARTESIAN_POINT('',(33.072880193523,14.331730006469,6.6));
#659 = CARTESIAN_POINT('',(33.307503951644,14.456753986935,6.6));
#660 = CARTESIAN_POINT('',(33.442211004125,14.534198723381,6.6));
#661 = CARTESIAN_POINT('',(33.574354523312,14.61594080269,6.6));
#662 = CARTESIAN_POINT('',(33.751976237019,14.733879314493,6.6));
#663 = CARTESIAN_POINT('',(33.799834769413,14.766490932282,6.6));
#664 = CARTESIAN_POINT('',(33.847298474914,14.799674563759,6.6));
#665 = CARTESIAN_POINT('',(33.930720736873,14.859501191416,6.6));
#666 = CARTESIAN_POINT('',(33.966842462552,14.885916665282,6.6));
#667 = CARTESIAN_POINT('',(34.002717673096,14.91266597544,6.6));
#668 = CARTESIAN_POINT('',(34.111685508305,14.995497855914,6.6));
#669 = CARTESIAN_POINT('',(34.183964851554,15.0526503294,6.6));
#670 = CARTESIAN_POINT('',(34.255139689675,15.111172556841,6.6));
#671 = CARTESIAN_POINT('',(34.397204666296,15.23260130724,6.6));
#672 = CARTESIAN_POINT('',(34.468028575488,15.295585328425,6.6));
#673 = CARTESIAN_POINT('',(34.537601767375,15.359948237065,6.6));
#674 = CARTESIAN_POINT('',(34.657096953896,15.47492984852,6.6));
#675 = CARTESIAN_POINT('',(34.707583426163,15.52496192369,6.6));
#676 = CARTESIAN_POINT('',(34.75732748183,15.575732203909,6.6));
#677 = CARTESIAN_POINT('',(34.940570257601,15.768349389901,6.6));
#678 = CARTESIAN_POINT('',(35.069130931589,15.914894254547,6.6));
#679 = CARTESIAN_POINT('',(35.191666572472,16.066513056011,6.6));
#680 = CARTESIAN_POINT('',(35.333022626521,16.256619967895,6.6));
#681 = CARTESIAN_POINT('',(35.357857631397,16.290636079417,6.6));
#682 = CARTESIAN_POINT('',(35.38239480159,16.324867652404,6.6));
#683 = CARTESIAN_POINT('',(35.450560143632,16.421738867583,6.6));
#684 = CARTESIAN_POINT('',(35.493501389339,16.484861880965,6.6));
#685 = CARTESIAN_POINT('',(35.535438612395,16.548656353479,6.6));
#686 = CARTESIAN_POINT('',(35.637027726908,16.708649631823,6.6));
#687 = CARTESIAN_POINT('',(35.695457819093,16.80562424514,6.6));
#688 = CARTESIAN_POINT('',(35.751596633467,16.903943036935,6.6));
#689 = CARTESIAN_POINT('',(35.840434330852,17.068367066454,6.6));
#690 = CARTESIAN_POINT('',(35.874478550919,17.133745438092,6.6));
#691 = CARTESIAN_POINT('',(35.907520144421,17.199636207526,6.6));
#692 = CARTESIAN_POINT('',(35.956705629291,17.301576822268,6.6));
#693 = CARTESIAN_POINT('',(35.973572396204,17.337277887797,6.6));
#694 = CARTESIAN_POINT('',(35.990146479667,17.373115768082,6.6));
#695 = CARTESIAN_POINT('',(36.068289348736,17.545776957071,6.6));
#696 = CARTESIAN_POINT('',(36.125902514649,17.684390548713,6.6));
#697 = CARTESIAN_POINT('',(36.179175956525,17.824729228576,6.6));
#698 = CARTESIAN_POINT('',(36.262328430366,18.066136490798,6.6));
#699 = CARTESIAN_POINT('',(36.294446056808,18.166434049795,6.6));
#700 = CARTESIAN_POINT('',(36.324367131935,18.267408658153,6.6));
#701 = CARTESIAN_POINT('',(36.372850410281,18.445172061607,6.6));
#702 = CARTESIAN_POINT('',(36.392382266052,18.521696403432,6.6));
#703 = CARTESIAN_POINT('',(36.410659081156,18.598530161065,6.6));
#704 = CARTESIAN_POINT('',(36.427674019186,18.675642352116,6.6));
#705 = ORIENTED_EDGE('',*,*,#706,.F.);
#706 = EDGE_CURVE('',#707,#622,#709,.T.);
#707 = VERTEX_POINT('',#708);
#708 = CARTESIAN_POINT('',(28.270949435748,13.906722317498,6.6));
#709 = B_SPLINE_CURVE_WITH_KNOTS('',6,(#710,#711,#712,#713,#714,#715,
    #716,#717,#718,#719,#720,#721,#722,#723,#724,#725,#726,#727,#728,
    #729,#730,#731,#732,#733,#734,#735,#736,#737,#738,#739,#740,#741,
    #742,#743,#744,#745,#746),.UNSPECIFIED.,.F.,.F.,(7,5,5,5,5,5,5,7),(
    0.,0.311983108418,0.476986918635,0.569989635042,0.627991363855,
    0.81799478142,0.881996684402,1.),.UNSPECIFIED.);
#710 = CARTESIAN_POINT('',(27.900324869727,14.031975606793,6.6));
#711 = CARTESIAN_POINT('',(28.504539350563,13.807090876678,6.6));
#712 = CARTESIAN_POINT('',(29.1359815296,13.654788638246,6.6));
#713 = CARTESIAN_POINT('',(29.783336753996,13.579369495196,6.6));
#714 = CARTESIAN_POINT('',(30.435063508817,13.582381321961,6.6));
#715 = CARTESIAN_POINT('',(31.079519753123,13.663568428727,6.6));
#716 = CARTESIAN_POINT('',(32.035782372595,13.902603509834,6.6));
#717 = CARTESIAN_POINT('',(32.361331371686,14.00633168092,6.6));
#718 = CARTESIAN_POINT('',(32.679939315078,14.130678167764,6.6));
#719 = CARTESIAN_POINT('',(32.989989856629,14.275044826267,6.6));
#720 = CARTESIAN_POINT('',(33.289933687479,14.438676677331,6.6));
#721 = CARTESIAN_POINT('',(33.740832347858,14.723205391906,6.6));
#722 = CARTESIAN_POINT('',(33.899690342874,14.831594634052,6.6));
#723 = CARTESIAN_POINT('',(34.054610544914,14.945644717063,6.6));
#724 = CARTESIAN_POINT('',(34.205342243118,15.065175656958,6.6));
#725 = CARTESIAN_POINT('',(34.351645929947,15.189992809695,6.6));
#726 = CARTESIAN_POINT('',(34.581632574822,15.400896119269,6.6));
#727 = CARTESIAN_POINT('',(34.668160967998,15.48388017187,6.6));
#728 = CARTESIAN_POINT('',(34.752823226759,15.568788356387,6.6));
#729 = CARTESIAN_POINT('',(34.835566094846,15.655568052383,6.6));
#730 = CARTESIAN_POINT('',(34.916338313695,15.744164691561,6.6));
#731 = CARTESIAN_POINT('',(35.253069274252,16.13051554505,6.6));
#732 = CARTESIAN_POINT('',(35.489383721187,16.445413687086,6.6));
#733 = CARTESIAN_POINT('',(35.702276667501,16.77720684772,6.6));
#734 = CARTESIAN_POINT('',(35.890285133863,17.123707821174,6.6));
#735 = CARTESIAN_POINT('',(36.052198480249,17.482580257923,6.6));
#736 = CARTESIAN_POINT('',(36.232546143765,17.975522838768,6.6));
#737 = CARTESIAN_POINT('',(36.27492468998,18.10085092973,6.6));
#738 = CARTESIAN_POINT('',(36.314204837222,18.227205390319,6.6));
#739 = CARTESIAN_POINT('',(36.350355935689,18.354490415988,6.6));
#740 = CARTESIAN_POINT('',(36.38335130071,18.482609022974,6.6));
#741 = CARTESIAN_POINT('',(36.468143054379,18.849037268877,6.6));
#742 = CARTESIAN_POINT('',(36.512313392881,19.089113320427,6.6));
#743 = CARTESIAN_POINT('',(36.545536465856,19.331073481792,6.6));
#744 = CARTESIAN_POINT('',(36.567717040707,19.574294604268,6.6));
#745 = CARTESIAN_POINT('',(36.578807414634,19.818148111604,6.6));
#746 = CARTESIAN_POINT('',(36.578807414634,20.062,6.6));
#747 = ORIENTED_EDGE('',*,*,#748,.F.);
#748 = EDGE_CURVE('',#749,#707,#751,.T.);
#749 = VERTEX_POINT('',#750);
#750 = CARTESIAN_POINT('',(28.270949435748,-15.78272231749,6.6));
#751 = LINE('',#752,#753);
#752 = CARTESIAN_POINT('',(28.270949435748,149.94776841487,6.6));
#753 = VECTOR('',#754,1.);
#754 = DIRECTION('',(0.,1.,-1.224646799147E-16));
#755 = ORIENTED_EDGE('',*,*,#756,.F.);
#756 = EDGE_CURVE('',#757,#749,#759,.T.);
#757 = VERTEX_POINT('',#758);
#758 = CARTESIAN_POINT('',(36.578807414634,-21.938,6.6));
#759 = B_SPLINE_CURVE_WITH_KNOTS('',6,(#760,#761,#762,#763,#764,#765,
    #766,#767,#768,#769,#770,#771,#772,#773,#774,#775,#776,#777,#778,
    #779,#780,#781,#782,#783,#784,#785,#786,#787,#788,#789,#790,#791,
    #792,#793,#794,#795,#796,#797,#798,#799,#800,#801,#802,#803,#804,
    #805,#806,#807,#808,#809,#810,#811,#812,#813,#814,#815,#816),
  .UNSPECIFIED.,.F.,.F.,(7,5,5,5,5,5,5,5,5,5,5,7),(0.,0.114000563221,
    0.154000822289,0.292001271075,0.482000245781,0.533000574784,
    0.740998384006,0.82999891126,0.891999306396,0.906999404053,
    0.969999804923,1.),.UNSPECIFIED.);
#760 = CARTESIAN_POINT('',(36.578807414634,-21.938,6.6));
#761 = CARTESIAN_POINT('',(36.578807414634,-21.7024142219,6.6));
#762 = CARTESIAN_POINT('',(36.568456193008,-21.46682708134,6.6));
#763 = CARTESIAN_POINT('',(36.547753890363,-21.2318100564,6.6));
#764 = CARTESIAN_POINT('',(36.516742067838,-20.9979300569,6.6));
#765 = CARTESIAN_POINT('',(36.475503707108,-20.7657494244,6.6));
#766 = CARTESIAN_POINT('',(36.406148973332,-20.45515089876,6.6));
#767 = CARTESIAN_POINT('',(36.386890980896,-20.37475358079,6.6));
#768 = CARTESIAN_POINT('',(36.366394588773,-20.29465796207,6.6));
#769 = CARTESIAN_POINT('',(36.344665762844,-20.21488786523,6.6));
#770 = CARTESIAN_POINT('',(36.321711079171,-20.1354669517,6.6));
#771 = CARTESIAN_POINT('',(36.214139917568,-19.78370320785,6.6));
#772 = CARTESIAN_POINT('',(36.116235759765,-19.51542033128,6.6));
#773 = CARTESIAN_POINT('',(36.004122644459,-19.25254124199,6.6));
#774 = CARTESIAN_POINT('',(35.878179675727,-18.99600053402,6.6));
#775 = CARTESIAN_POINT('',(35.738867329278,-18.74669550778,6.6));
#776 = CARTESIAN_POINT('',(35.377260512949,-18.17338747566,6.6));
#777 = CARTESIAN_POINT('',(35.143465609281,-17.85661420701,6.6));
#778 = CARTESIAN_POINT('',(34.886762624459,-17.55742582368,6.6));
#779 = CARTESIAN_POINT('',(34.608826659104,-17.27785166482,6.6));
#780 = CARTESIAN_POINT('',(34.311548127442,-17.01972217121,6.6));
#781 = CARTESIAN_POINT('',(33.91265359603,-16.72152806504,6.6));
#782 = CARTESIAN_POINT('',(33.82699902249,-16.66008342818,6.6));
#783 = CARTESIAN_POINT('',(33.740144842241,-16.60032856921,6.6));
#784 = CARTESIAN_POINT('',(33.652132799934,-16.54229261307,6.6));
#785 = CARTESIAN_POINT('',(33.563005572045,-16.48600330134,6.6));
#786 = CARTESIAN_POINT('',(33.104943377819,-16.20914974324,6.6));
#787 = CARTESIAN_POINT('',(32.719233244207,-16.0162889364,6.6));
#788 = CARTESIAN_POINT('',(32.318677955299,-15.85472780209,6.6));
#789 = CARTESIAN_POINT('',(31.906452933923,-15.72582058231,6.6));
#790 = CARTESIAN_POINT('',(31.485872673796,-15.63053237419,6.6));
#791 = CARTESIAN_POINT('',(30.878364432953,-15.5431781986,6.6));
#792 = CARTESIAN_POINT('',(30.695416077667,-15.52324577634,6.6));
#793 = CARTESIAN_POINT('',(30.511838008845,-15.50959666668,6.6));
#794 = CARTESIAN_POINT('',(30.327899728484,-15.50225401292,6.6));
#795 = CARTESIAN_POINT('',(30.143871621015,-15.50122550893,6.6));
#796 = CARTESIAN_POINT('',(29.83195193628,-15.51018013341,6.6));
#797 = CARTESIAN_POINT('',(29.703966714124,-15.51691731563,6.6));
#798 = CARTESIAN_POINT('',(29.576160843679,-15.52671231381,6.6));
#799 = CARTESIAN_POINT('',(29.448625559988,-15.53955886678,6.6));
#800 = CARTESIAN_POINT('',(29.321451776298,-15.55544708431,6.6));
#801 = CARTESIAN_POINT('',(29.164071605926,-15.57893998712,6.6));
#802 = CARTESIAN_POINT('',(29.133439586145,-15.58369377339,6.6));
#803 = CARTESIAN_POINT('',(29.102835305731,-15.5886246147,6.6));
#804 = CARTESIAN_POINT('',(29.072260043673,-15.5937323075,6.6));
#805 = CARTESIAN_POINT('',(29.041715076942,-15.59901663595,6.6));
#806 = CARTESIAN_POINT('',(28.883045434263,-15.62741245938,6.6));
#807 = CARTESIAN_POINT('',(28.755446017902,-15.65345938856,6.6));
#808 = CARTESIAN_POINT('',(28.628498031086,-15.68260122559,6.6));
#809 = CARTESIAN_POINT('',(28.502295158564,-15.7148172618,6.6));
#810 = CARTESIAN_POINT('',(28.376930170148,-15.75008301367,6.6));
#811 = CARTESIAN_POINT('',(28.193240031763,-15.80660222969,6.6));
#812 = CARTESIAN_POINT('',(28.134195951047,-15.82551937921,6.6));
#813 = CARTESIAN_POINT('',(28.075372584685,-15.84511862332,6.6));
#814 = CARTESIAN_POINT('',(28.016779774584,-15.86539672492,6.6));
#815 = CARTESIAN_POINT('',(27.958427298437,-15.88635025782,6.6));
#816 = CARTESIAN_POINT('',(27.900324869727,-15.90797560679,6.6));
#817 = ORIENTED_EDGE('',*,*,#818,.F.);
#818 = EDGE_CURVE('',#819,#757,#821,.T.);
#819 = VERTEX_POINT('',#820);
#820 = CARTESIAN_POINT('',(28.270949435748,-28.0932776825,6.6));
#821 = B_SPLINE_CURVE_WITH_KNOTS('',8,(#822,#823,#824,#825,#826,#827,
    #828,#829,#830,#831,#832,#833,#834,#835,#836,#837,#838,#839,#840,
    #841,#842,#843,#844,#845,#846,#847,#848,#849,#850,#851,#852,#853,
    #854,#855,#856,#857,#858,#859,#860,#861,#862,#863,#864,#865,#866,
    #867,#868,#869,#870,#871,#872,#873,#874,#875,#876,#877,#878,#879),
  .UNSPECIFIED.,.F.,.F.,(9,7,7,7,7,7,7,7,9),(0.,0.157013034834,
    0.232019642911,0.392032861066,0.424035689644,0.453038253161,
    0.850986958885,0.892990670396,1.),.UNSPECIFIED.);
#822 = CARTESIAN_POINT('',(27.900324869727,-27.9680243932,6.6));
#823 = CARTESIAN_POINT('',(28.12837567784,-28.05290343212,6.6));
#824 = CARTESIAN_POINT('',(28.360098356132,-28.12792660095,6.6));
#825 = CARTESIAN_POINT('',(28.594991227639,-28.19290749653,6.6));
#826 = CARTESIAN_POINT('',(28.83254568815,-28.24769110653,6.6));
#827 = CARTESIAN_POINT('',(29.072246397668,-28.29215384922,6.6));
#828 = CARTESIAN_POINT('',(29.313571471865,-28.32620361329,6.6));
#829 = CARTESIAN_POINT('',(29.555992673537,-28.34977979764,6.6));
#830 = CARTESIAN_POINT('',(29.915050842395,-28.369098711,6.6));
#831 = CARTESIAN_POINT('',(30.031255121986,-28.37294740436,6.6));
#832 = CARTESIAN_POINT('',(30.147530579334,-28.37439632203,6.6));
#833 = CARTESIAN_POINT('',(30.26381938189,-28.37344402646,6.6));
#834 = CARTESIAN_POINT('',(30.380063728057,-28.3700907518,6.6));
#835 = CARTESIAN_POINT('',(30.496205847191,-28.36433840384,6.6));
#836 = CARTESIAN_POINT('',(30.6121879996,-28.35619056004,6.6));
#837 = CARTESIAN_POINT('',(30.974915337267,-28.32317133335,6.6));
#838 = CARTESIAN_POINT('',(31.22089159097,-28.28981140234,6.6));
#839 = CARTESIAN_POINT('',(31.465316958476,-28.24562437681,6.6));
#840 = CARTESIAN_POINT('',(31.707635141491,-28.19069570257,6.6));
#841 = CARTESIAN_POINT('',(31.947298036448,-28.12514451756,6.6));
#842 = CARTESIAN_POINT('',(32.18376594835,-28.04912359836,6.6));
#843 = CARTESIAN_POINT('',(32.416507804619,-27.96281930684,6.6));
#844 = CARTESIAN_POINT('',(32.690700345902,-27.84717787125,6.6));
#845 = CARTESIAN_POINT('',(32.736229530364,-27.8275016147,6.6));
#846 = CARTESIAN_POINT('',(32.781584782851,-27.8074245129,6.6));
#847 = CARTESIAN_POINT('',(32.826761986978,-27.78694836204,6.6));
#848 = CARTESIAN_POINT('',(32.871757049445,-27.76607500869,6.6));
#849 = CARTESIAN_POINT('',(32.916565900044,-27.74480634975,6.6));
#850 = CARTESIAN_POINT('',(32.961184491651,-27.72314433248,6.6));
#851 = CARTESIAN_POINT('',(33.045868330052,-27.68110508059,6.6));
#852 = CARTESIAN_POINT('',(33.085968298979,-27.66079778561,6.6));
#853 = CARTESIAN_POINT('',(33.125905712187,-27.64017055626,6.6));
#854 = CARTESIAN_POINT('',(33.165677592393,-27.61922491226,6.6));
#855 = CARTESIAN_POINT('',(33.205280979851,-27.5979624063,6.6));
#856 = CARTESIAN_POINT('',(33.244712932358,-27.57638462407,6.6));
#857 = CARTESIAN_POINT('',(33.283970525254,-27.55449318425,6.6));
#858 = CARTESIAN_POINT('',(33.859278113074,-27.22763278995,6.6));
#859 = CARTESIAN_POINT('',(34.362442166542,-26.86405776968,6.6));
#860 = CARTESIAN_POINT('',(34.82448564325,-26.44598569115,6.6));
#861 = CARTESIAN_POINT('',(35.238671987657,-25.97899659798,6.6));
#862 = CARTESIAN_POINT('',(35.599177038528,-25.46942299999,6.6));
#863 = CARTESIAN_POINT('',(35.901159499735,-24.92437710014,6.6));
#864 = CARTESIAN_POINT('',(36.14071837943,-24.35168835163,6.6));
#865 = CARTESIAN_POINT('',(36.333817662652,-23.69777766149,6.6));
#866 = CARTESIAN_POINT('',(36.351531624331,-23.6351334751,6.6));
#867 = CARTESIAN_POINT('',(36.36852084336,-23.57228586207,6.6));
#868 = CARTESIAN_POINT('',(36.384782601666,-23.50924460726,6.6));
#869 = CARTESIAN_POINT('',(36.400314340585,-23.44601953568,6.6));
#870 = CARTESIAN_POINT('',(36.415113660861,-23.38262051244,6.6));
#871 = CARTESIAN_POINT('',(36.429178322644,-23.31905744283,6.6));
#872 = CARTESIAN_POINT('',(36.47646067566,-23.09301338582,6.6));
#873 = CARTESIAN_POINT('',(36.505633502709,-22.92968577327,6.6));
#874 = CARTESIAN_POINT('',(36.529990228912,-22.76552252796,6.6));
#875 = CARTESIAN_POINT('',(36.549503249223,-22.60068945644,6.6));
#876 = CARTESIAN_POINT('',(36.564151851282,-22.43535307842,6.6));
#877 = CARTESIAN_POINT('',(36.573922215416,-22.26968062677,6.6));
#878 = CARTESIAN_POINT('',(36.578807414634,-22.10384004756,6.6));
#879 = CARTESIAN_POINT('',(36.578807414634,-21.938,6.6));
#880 = ORIENTED_EDGE('',*,*,#881,.F.);
#881 = EDGE_CURVE('',#882,#819,#884,.T.);
#882 = VERTEX_POINT('',#883);
#883 = CARTESIAN_POINT('',(28.270949435748,-31.62019945022,6.6));
#884 = LINE('',#885,#886);
#885 = CARTESIAN_POINT('',(28.270949435748,149.94776841487,6.6));
#886 = VECTOR('',#887,1.);
#887 = DIRECTION('',(0.,1.,-1.224646799147E-16));
#888 = ORIENTED_EDGE('',*,*,#889,.T.);
#889 = EDGE_CURVE('',#882,#890,#892,.T.);
#890 = VERTEX_POINT('',#891);
#891 = CARTESIAN_POINT('',(25.799361352978,-34.11116720761,6.6));
#892 = ELLIPSE('',#893,2.546406563852,2.5);
#893 = AXIS2_PLACEMENT_3D('',#894,#895,#896);
#894 = CARTESIAN_POINT('',(25.757512613281,-31.57802257536,6.6));
#895 = DIRECTION('',(0.,-1.224646799147E-16,-1.));
#896 = DIRECTION('',(-0.536333887697,0.844005900991,-1.03360912511E-16)
  );
#897 = ORIENTED_EDGE('',*,*,#898,.F.);
#898 = EDGE_CURVE('',#899,#890,#901,.T.);
#899 = VERTEX_POINT('',#900);
#900 = CARTESIAN_POINT('',(17.432098657495,-34.11116720761,6.6));
#901 = LINE('',#902,#903);
#902 = CARTESIAN_POINT('',(-150.,-34.11116720761,6.6));
#903 = VECTOR('',#904,1.);
#904 = DIRECTION('',(1.,0.,0.));
#905 = ORIENTED_EDGE('',*,*,#906,.T.);
#906 = EDGE_CURVE('',#899,#907,#909,.T.);
#907 = VERTEX_POINT('',#908);
#908 = CARTESIAN_POINT('',(17.4151443507,-33.08490664245,6.6));
#909 = LINE('',#910,#911);
#910 = CARTESIAN_POINT('',(14.668328992798,133.18247990389,6.6));
#911 = VECTOR('',#912,1.);
#912 = DIRECTION('',(-1.651821594779E-02,0.999863564964,
    -1.224479714417E-16));
#913 = ORIENTED_EDGE('',*,*,#914,.F.);
#914 = EDGE_CURVE('',#915,#907,#917,.T.);
#915 = VERTEX_POINT('',#916);
#916 = CARTESIAN_POINT('',(13.861566158199,-33.08490664245,6.6));
#917 = LINE('',#918,#919);
#918 = CARTESIAN_POINT('',(-158.7075721753,-33.08490664246,6.6));
#919 = VECTOR('',#920,1.);
#920 = DIRECTION('',(1.,0.,0.));
#921 = ORIENTED_EDGE('',*,*,#922,.F.);
#922 = EDGE_CURVE('',#923,#915,#925,.T.);
#923 = VERTEX_POINT('',#924);
#924 = CARTESIAN_POINT('',(13.861566158199,-34.11116720761,6.6));
#925 = LINE('',#926,#927);
#926 = CARTESIAN_POINT('',(13.861566158199,131.05778940315,6.6));
#927 = VECTOR('',#928,1.);
#928 = DIRECTION('',(-2.344071788283E-16,1.,-1.224646799147E-16));
#929 = ORIENTED_EDGE('',*,*,#930,.F.);
#930 = EDGE_CURVE('',#931,#923,#933,.T.);
#931 = VERTEX_POINT('',#932);
#932 = CARTESIAN_POINT('',(10.861566158199,-34.11116720761,6.6));
#933 = LINE('',#934,#935);
#934 = CARTESIAN_POINT('',(-150.,-34.11116720761,6.6));
#935 = VECTOR('',#936,1.);
#936 = DIRECTION('',(1.,0.,0.));
#937 = ORIENTED_EDGE('',*,*,#938,.T.);
#938 = EDGE_CURVE('',#931,#939,#941,.T.);
#939 = VERTEX_POINT('',#940);
#940 = CARTESIAN_POINT('',(10.861566158199,-33.08490664245,6.6));
#941 = LINE('',#942,#943);
#942 = CARTESIAN_POINT('',(10.861566158199,131.05778940315,6.6));
#943 = VECTOR('',#944,1.);
#944 = DIRECTION('',(-2.344071788283E-16,1.,-1.224646799147E-16));
#945 = ORIENTED_EDGE('',*,*,#946,.F.);
#946 = EDGE_CURVE('',#947,#939,#949,.T.);
#947 = VERTEX_POINT('',#948);
#948 = CARTESIAN_POINT('',(4.861566158199,-33.08490664245,6.6));
#949 = LINE('',#950,#951);
#950 = CARTESIAN_POINT('',(-158.7075721753,-33.08490664246,6.6));
#951 = VECTOR('',#952,1.);
#952 = DIRECTION('',(1.,0.,0.));
#953 = ORIENTED_EDGE('',*,*,#954,.F.);
#954 = EDGE_CURVE('',#955,#947,#957,.T.);
#955 = VERTEX_POINT('',#956);
#956 = CARTESIAN_POINT('',(4.861566158199,-34.11116720761,6.6));
#957 = LINE('',#958,#959);
#958 = CARTESIAN_POINT('',(4.861566158199,131.05778940315,6.6));
#959 = VECTOR('',#960,1.);
#960 = DIRECTION('',(-2.344071788283E-16,1.,-1.224646799147E-16));
#961 = ORIENTED_EDGE('',*,*,#962,.F.);
#962 = EDGE_CURVE('',#963,#955,#965,.T.);
#963 = VERTEX_POINT('',#964);
#964 = CARTESIAN_POINT('',(1.861566158199,-34.11116720761,6.6));
#965 = LINE('',#966,#967);
#966 = CARTESIAN_POINT('',(-150.,-34.11116720761,6.6));
#967 = VECTOR('',#968,1.);
#968 = DIRECTION('',(1.,0.,0.));
#969 = ORIENTED_EDGE('',*,*,#970,.T.);
#970 = EDGE_CURVE('',#963,#971,#973,.T.);
#971 = VERTEX_POINT('',#972);
#972 = CARTESIAN_POINT('',(1.861566158199,-33.08490664245,6.6));
#973 = LINE('',#974,#975);
#974 = CARTESIAN_POINT('',(1.861566158199,131.05778940315,6.6));
#975 = VECTOR('',#976,1.);
#976 = DIRECTION('',(-2.344071788283E-16,1.,-1.224646799147E-16));
#977 = ORIENTED_EDGE('',*,*,#978,.F.);
#978 = EDGE_CURVE('',#979,#971,#981,.T.);
#979 = VERTEX_POINT('',#980);
#980 = CARTESIAN_POINT('',(-4.138433841801,-33.08490664245,6.6));
#981 = LINE('',#982,#983);
#982 = CARTESIAN_POINT('',(-158.7075721753,-33.08490664246,6.6));
#983 = VECTOR('',#984,1.);
#984 = DIRECTION('',(1.,0.,0.));
#985 = ORIENTED_EDGE('',*,*,#986,.F.);
#986 = EDGE_CURVE('',#987,#979,#989,.T.);
#987 = VERTEX_POINT('',#988);
#988 = CARTESIAN_POINT('',(-4.138433841801,-34.11116720761,6.6));
#989 = LINE('',#990,#991);
#990 = CARTESIAN_POINT('',(-4.138433841801,131.05778940315,6.6));
#991 = VECTOR('',#992,1.);
#992 = DIRECTION('',(-2.344071788283E-16,1.,-1.224646799147E-16));
#993 = ORIENTED_EDGE('',*,*,#994,.F.);
#994 = EDGE_CURVE('',#995,#987,#997,.T.);
#995 = VERTEX_POINT('',#996);
#996 = CARTESIAN_POINT('',(-7.138433841801,-34.11116720761,6.6));
#997 = LINE('',#998,#999);
#998 = CARTESIAN_POINT('',(-150.,-34.11116720761,6.6));
#999 = VECTOR('',#1000,1.);
#1000 = DIRECTION('',(1.,0.,0.));
#1001 = ORIENTED_EDGE('',*,*,#1002,.T.);
#1002 = EDGE_CURVE('',#995,#1003,#1005,.T.);
#1003 = VERTEX_POINT('',#1004);
#1004 = CARTESIAN_POINT('',(-7.138433841801,-33.08490664245,6.6));
#1005 = LINE('',#1006,#1007);
#1006 = CARTESIAN_POINT('',(-7.138433841801,131.05778940315,6.6));
#1007 = VECTOR('',#1008,1.);
#1008 = DIRECTION('',(-2.344071788283E-16,1.,-1.224646799147E-16));
#1009 = ORIENTED_EDGE('',*,*,#1010,.F.);
#1010 = EDGE_CURVE('',#1011,#1003,#1013,.T.);
#1011 = VERTEX_POINT('',#1012);
#1012 = CARTESIAN_POINT('',(-13.1384338418,-33.08490664245,6.6));
#1013 = LINE('',#1014,#1015);
#1014 = CARTESIAN_POINT('',(-158.7075721753,-33.08490664246,6.6));
#1015 = VECTOR('',#1016,1.);
#1016 = DIRECTION('',(1.,0.,0.));
#1017 = ORIENTED_EDGE('',*,*,#1018,.F.);
#1018 = EDGE_CURVE('',#1019,#1011,#1021,.T.);
#1019 = VERTEX_POINT('',#1020);
#1020 = CARTESIAN_POINT('',(-13.1384338418,-34.11116720761,6.6));
#1021 = LINE('',#1022,#1023);
#1022 = CARTESIAN_POINT('',(-13.1384338418,131.05778940315,6.6));
#1023 = VECTOR('',#1024,1.);
#1024 = DIRECTION('',(-2.344071788283E-16,1.,-1.224646799147E-16));
#1025 = ORIENTED_EDGE('',*,*,#1026,.F.);
#1026 = EDGE_CURVE('',#1027,#1019,#1029,.T.);
#1027 = VERTEX_POINT('',#1028);
#1028 = CARTESIAN_POINT('',(-16.1384338418,-34.11116720761,6.6));
#1029 = LINE('',#1030,#1031);
#1030 = CARTESIAN_POINT('',(-150.,-34.11116720761,6.6));
#1031 = VECTOR('',#1032,1.);
#1032 = DIRECTION('',(1.,0.,0.));
#1033 = ORIENTED_EDGE('',*,*,#1034,.T.);
#1034 = EDGE_CURVE('',#1027,#1035,#1037,.T.);
#1035 = VERTEX_POINT('',#1036);
#1036 = CARTESIAN_POINT('',(-16.1384338418,-33.08490664245,6.6));
#1037 = LINE('',#1038,#1039);
#1038 = CARTESIAN_POINT('',(-16.1384338418,131.05778940315,6.6));
#1039 = VECTOR('',#1040,1.);
#1040 = DIRECTION('',(-2.344071788283E-16,1.,-1.224646799147E-16));
#1041 = ORIENTED_EDGE('',*,*,#1042,.F.);
#1042 = EDGE_CURVE('',#1043,#1035,#1045,.T.);
#1043 = VERTEX_POINT('',#1044);
#1044 = CARTESIAN_POINT('',(-17.4151443507,-33.08490664245,6.6));
#1045 = LINE('',#1046,#1047);
#1046 = CARTESIAN_POINT('',(-158.7075721753,-33.08490664246,6.6));
#1047 = VECTOR('',#1048,1.);
#1048 = DIRECTION('',(1.,0.,0.));
#1049 = ORIENTED_EDGE('',*,*,#1050,.T.);
#1050 = EDGE_CURVE('',#1043,#1051,#1053,.T.);
#1051 = VERTEX_POINT('',#1052);
#1052 = CARTESIAN_POINT('',(-17.43209865749,-34.11116720761,6.6));
#1053 = LINE('',#1054,#1055);
#1054 = CARTESIAN_POINT('',(-14.68815979594,131.9821022367,6.6));
#1055 = VECTOR('',#1056,1.);
#1056 = DIRECTION('',(-1.651821594779E-02,-0.999863564964,
    1.224479714417E-16));
#1057 = ORIENTED_EDGE('',*,*,#1058,.F.);
#1058 = EDGE_CURVE('',#1059,#1051,#1061,.T.);
#1059 = VERTEX_POINT('',#1060);
#1060 = CARTESIAN_POINT('',(-25.79936135297,-34.11116720761,6.6));
#1061 = LINE('',#1062,#1063);
#1062 = CARTESIAN_POINT('',(-150.,-34.11116720761,6.6));
#1063 = VECTOR('',#1064,1.);
#1064 = DIRECTION('',(1.,0.,0.));
#1065 = ORIENTED_EDGE('',*,*,#1066,.T.);
#1066 = EDGE_CURVE('',#1059,#1067,#1069,.T.);
#1067 = VERTEX_POINT('',#1068);
#1068 = CARTESIAN_POINT('',(-28.27094943574,-31.62019945022,6.6));
#1069 = ELLIPSE('',#1070,2.546406563852,2.5);
#1070 = AXIS2_PLACEMENT_3D('',#1071,#1072,#1073);
#1071 = CARTESIAN_POINT('',(-25.75751261328,-31.57802257536,6.6));
#1072 = DIRECTION('',(-6.162975822039E-33,-1.224646799147E-16,-1.));
#1073 = DIRECTION('',(-0.536333887697,-0.844005900991,1.03360912511E-16)
  );
#1074 = ORIENTED_EDGE('',*,*,#1075,.F.);
#1075 = EDGE_CURVE('',#1076,#1067,#1078,.T.);
#1076 = VERTEX_POINT('',#1077);
#1077 = CARTESIAN_POINT('',(-28.27094943574,-28.09327768289,6.6));
#1078 = LINE('',#1079,#1080);
#1079 = CARTESIAN_POINT('',(-28.27094943574,149.94776841487,6.6));
#1080 = VECTOR('',#1081,1.);
#1081 = DIRECTION('',(0.,-1.,1.224646799147E-16));
#1082 = ORIENTED_EDGE('',*,*,#1083,.F.);
#1083 = EDGE_CURVE('',#1084,#1076,#1086,.T.);
#1084 = VERTEX_POINT('',#1085);
#1085 = CARTESIAN_POINT('',(-28.27094943574,-15.7827223171,6.6));
#1086 = B_SPLINE_CURVE_WITH_KNOTS('',8,(#1087,#1088,#1089,#1090,#1091,
    #1092,#1093,#1094,#1095,#1096,#1097,#1098,#1099,#1100,#1101,#1102,
    #1103,#1104,#1105,#1106,#1107,#1108,#1109,#1110,#1111,#1112,#1113,
    #1114,#1115,#1116,#1117,#1118,#1119,#1120,#1121,#1122,#1123,#1124,
    #1125,#1126,#1127,#1128,#1129,#1130),.UNSPECIFIED.,.F.,.F.,(9,7,7,7,
    7,7,9),(0.,0.185011422518,0.274030613417,0.500999296376,
    0.725971018507,0.812989847127,1.),.UNSPECIFIED.);
#1087 = CARTESIAN_POINT('',(-27.90032486972,-15.90797560563,6.6));
#1088 = CARTESIAN_POINT('',(-28.43768470887,-15.70797374282,6.6));
#1089 = CARTESIAN_POINT('',(-28.9956457233,-15.56261382927,6.6));
#1090 = CARTESIAN_POINT('',(-29.56738052016,-15.47452412542,6.6));
#1091 = CARTESIAN_POINT('',(-30.14600079257,-15.44509641237,6.6));
#1092 = CARTESIAN_POINT('',(-30.72460887157,-15.47476290192,6.6));
#1093 = CARTESIAN_POINT('',(-31.29630726726,-15.56308853721,6.6));
#1094 = CARTESIAN_POINT('',(-31.85420824795,-15.70867869421,6.6));
#1095 = CARTESIAN_POINT('',(-32.64999920312,-16.0052409022,6.6));
#1096 = CARTESIAN_POINT('',(-32.90379817489,-16.11424977257,6.6));
#1097 = CARTESIAN_POINT('',(-33.15214876551,-16.2356566747,6.6));
#1098 = CARTESIAN_POINT('',(-33.39434528307,-16.36914049231,6.6));
#1099 = CARTESIAN_POINT('',(-33.62970835039,-16.51433453224,6.6));
#1100 = CARTESIAN_POINT('',(-33.8575844952,-16.67082770903,6.6));
#1101 = CARTESIAN_POINT('',(-34.0773469799,-16.83816360541,6.6));
#1102 = CARTESIAN_POINT('',(-34.82650591524,-17.4688452232,6.6));
#1103 = CARTESIAN_POINT('',(-35.30854084336,-17.98952819742,6.6));
#1104 = CARTESIAN_POINT('',(-35.7236759131,-18.56916174709,6.6));
#1105 = CARTESIAN_POINT('',(-36.06390259775,-19.19748835182,6.6));
#1106 = CARTESIAN_POINT('',(-36.32289796032,-19.86342372455,6.6));
#1107 = CARTESIAN_POINT('',(-36.49630075452,-20.55497534813,6.6));
#1108 = CARTESIAN_POINT('',(-36.58147068118,-21.2594003014,6.6));
#1109 = CARTESIAN_POINT('',(-36.5760724207,-22.66000788217,6.6));
#1110 = CARTESIAN_POINT('',(-36.48703872838,-23.35754284915,6.6));
#1111 = CARTESIAN_POINT('',(-36.31142764803,-24.04188489372,6.6));
#1112 = CARTESIAN_POINT('',(-36.05187470346,-24.70064045414,6.6));
#1113 = CARTESIAN_POINT('',(-35.71268260295,-25.32215098403,6.6));
#1114 = CARTESIAN_POINT('',(-35.30004074678,-25.89564029087,6.6));
#1115 = CARTESIAN_POINT('',(-34.82177142648,-26.41114051986,6.6));
#1116 = CARTESIAN_POINT('',(-34.08208953301,-27.03384386253,6.6));
#1117 = CARTESIAN_POINT('',(-33.86745703627,-27.1976463512,6.6));
#1118 = CARTESIAN_POINT('',(-33.64505863971,-27.35109882649,6.6));
#1119 = CARTESIAN_POINT('',(-33.41547898992,-27.49377404353,6.6));
#1120 = CARTESIAN_POINT('',(-33.17932730359,-27.62528607412,6.6));
#1121 = CARTESIAN_POINT('',(-32.9372366399,-27.74528948872,6.6));
#1122 = CARTESIAN_POINT('',(-32.68986426288,-27.85348038955,6.6));
#1123 = CARTESIAN_POINT('',(-31.89638767836,-28.15616621217,6.6));
#1124 = CARTESIAN_POINT('',(-31.33337205068,-28.30708141823,6.6));
#1125 = CARTESIAN_POINT('',(-30.75588556679,-28.39955884282,6.6));
#1126 = CARTESIAN_POINT('',(-30.17103096423,-28.43214039535,6.6));
#1127 = CARTESIAN_POINT('',(-29.58593105272,-28.40430951969,6.6));
#1128 = CARTESIAN_POINT('',(-29.00771260253,-28.31652491218,6.6));
#1129 = CARTESIAN_POINT('',(-28.44348995812,-28.17018693346,6.6));
#1130 = CARTESIAN_POINT('',(-27.90032486972,-27.96802439436,6.6));
#1131 = ORIENTED_EDGE('',*,*,#1132,.F.);
#1132 = EDGE_CURVE('',#1133,#1084,#1135,.T.);
#1133 = VERTEX_POINT('',#1134);
#1134 = CARTESIAN_POINT('',(-28.27094943574,13.906722317102,6.6));
#1135 = LINE('',#1136,#1137);
#1136 = CARTESIAN_POINT('',(-28.27094943574,149.94776841487,6.6));
#1137 = VECTOR('',#1138,1.);
#1138 = DIRECTION('',(0.,-1.,1.224646799147E-16));
#1139 = ORIENTED_EDGE('',*,*,#1140,.F.);
#1140 = EDGE_CURVE('',#1141,#1133,#1143,.T.);
#1141 = VERTEX_POINT('',#1142);
#1142 = CARTESIAN_POINT('',(-28.90437252961,13.748528432429,6.6));
#1143 = B_SPLINE_CURVE_WITH_KNOTS('',8,(#1144,#1145,#1146,#1147,#1148,
    #1149,#1150,#1151,#1152,#1153,#1154,#1155,#1156,#1157,#1158,#1159,
    #1160,#1161,#1162,#1163,#1164,#1165,#1166,#1167,#1168,#1169,#1170,
    #1171,#1172,#1173,#1174,#1175,#1176,#1177,#1178,#1179,#1180,#1181,
    #1182,#1183,#1184,#1185,#1186,#1187),.UNSPECIFIED.,.F.,.F.,(9,7,7,7,
    7,7,9),(0.,0.184011224399,0.274030220383,0.499001010235,
    0.723971800069,0.812990622084,1.),.UNSPECIFIED.);
#1144 = CARTESIAN_POINT('',(-27.90032486972,26.092024394361,6.6));
#1145 = CARTESIAN_POINT('',(-28.43478187982,26.290945842944,6.6));
#1146 = CARTESIAN_POINT('',(-28.98961445447,26.435812780372,6.6));
#1147 = CARTESIAN_POINT('',(-29.55810862977,26.524041870647,6.6));
#1148 = CARTESIAN_POINT('',(-30.13348939145,26.554257228512,6.6));
#1149 = CARTESIAN_POINT('',(-30.70897073258,26.526022240843,6.6));
#1150 = CARTESIAN_POINT('',(-31.27776518393,26.439750162607,6.6));
#1151 = CARTESIAN_POINT('',(-31.83309303643,26.296793554975,6.6));
#1152 = CARTESIAN_POINT('',(-32.63002325019,26.003299891151,6.6));
#1153 = CARTESIAN_POINT('',(-32.88704394604,25.89391200805,6.6));
#1154 = CARTESIAN_POINT('',(-33.13853359423,25.771827610598,6.6));
#1155 = CARTESIAN_POINT('',(-33.38376139742,25.637376573135,6.6));
#1156 = CARTESIAN_POINT('',(-33.62202397415,25.490936477987,6.6));
#1157 = CARTESIAN_POINT('',(-33.85264492357,25.332931348482,6.6));
#1158 = CARTESIAN_POINT('',(-34.07497571048,25.163832654611,6.6));
#1159 = CARTESIAN_POINT('',(-34.82177142647,24.535140519861,6.6));
#1160 = CARTESIAN_POINT('',(-35.30004074679,24.019640290865,6.6));
#1161 = CARTESIAN_POINT('',(-35.71268260293,23.446150984064,6.6));
#1162 = CARTESIAN_POINT('',(-36.05187470348,22.824640454093,6.6));
#1163 = CARTESIAN_POINT('',(-36.31142764802,22.165884893772,6.6));
#1164 = CARTESIAN_POINT('',(-36.48703872838,21.481542849126,6.6));
#1165 = CARTESIAN_POINT('',(-36.5760724207,20.784007882175,6.6));
#1166 = CARTESIAN_POINT('',(-36.58144682822,19.389589078649,6.6));
#1167 = CARTESIAN_POINT('',(-36.49779261834,18.691388533246,6.6));
#1168 = CARTESIAN_POINT('',(-36.32746189703,18.005713150229,6.6));
#1169 = CARTESIAN_POINT('',(-36.072994576,17.344976438881,6.6));
#1170 = CARTESIAN_POINT('',(-35.73860336762,16.720869765635,6.6));
#1171 = CARTESIAN_POINT('',(-35.3303944219,16.144216713063,6.6));
#1172 = CARTESIAN_POINT('',(-34.85611296232,15.625045136541,6.6));
#1173 = CARTESIAN_POINT('',(-34.11654141789,14.992629603351,6.6));
#1174 = CARTESIAN_POINT('',(-33.89807534438,14.823604674284,6.6));
#1175 = CARTESIAN_POINT('',(-33.67141227245,14.665359599803,6.6));
#1176 = CARTESIAN_POINT('',(-33.43717540285,14.518355614734,6.6));
#1177 = CARTESIAN_POINT('',(-33.19601501963,14.383008829516,6.6));
#1178 = CARTESIAN_POINT('',(-32.94860765321,14.259691163291,6.6));
#1179 = CARTESIAN_POINT('',(-32.69565649925,14.148729162522,6.6));
#1180 = CARTESIAN_POINT('',(-31.89638767836,13.843833787822,6.6));
#1181 = CARTESIAN_POINT('',(-31.33337205067,13.692918581772,6.6));
#1182 = CARTESIAN_POINT('',(-30.75588556681,13.60044115716,6.6));
#1183 = CARTESIAN_POINT('',(-30.17103096421,13.567859604673,6.6));
#1184 = CARTESIAN_POINT('',(-29.58593105274,13.595690480281,6.6));
#1185 = CARTESIAN_POINT('',(-29.00771260251,13.683475087829,6.6));
#1186 = CARTESIAN_POINT('',(-28.44348995812,13.829813066533,6.6));
#1187 = CARTESIAN_POINT('',(-27.90032486972,14.031975605639,6.6));
#1188 = ORIENTED_EDGE('',*,*,#1189,.F.);
#1189 = EDGE_CURVE('',#1190,#1141,#1192,.T.);
#1190 = VERTEX_POINT('',#1191);
#1191 = CARTESIAN_POINT('',(-30.25216566887,13.62875185156,6.6));
#1192 = B_SPLINE_CURVE_WITH_KNOTS('',4,(#1193,#1194,#1195,#1196,#1197,
    #1198,#1199,#1200,#1201,#1202,#1203,#1204,#1205,#1206,#1207,#1208,
    #1209,#1210,#1211,#1212,#1213,#1214,#1215,#1216,#1217,#1218,#1219,
    #1220,#1221,#1222,#1223,#1224,#1225,#1226,#1227,#1228,#1229,#1230,
    #1231,#1232,#1233,#1234,#1235,#1236,#1237,#1238,#1239,#1240,#1241,
    #1242,#1243,#1244,#1245,#1246,#1247,#1248,#1249,#1250,#1251,#1252,
    #1253,#1254,#1255,#1256,#1257,#1258,#1259,#1260,#1261,#1262,#1263,
    #1264,#1265,#1266,#1267,#1268,#1269,#1270,#1271,#1272),
  .UNSPECIFIED.,.F.,.F.,(5,3,3,3,3,3,3,3,3,3,3,3,3,3,3,3,3,3,3,3,3,3,3,3
    ,3,3,5),(0.,3.900000085625E-02,9.300000053273E-02,0.122000001514,
    0.150000002508,0.221999995975,0.263999997061,0.28999999807,
    0.34199999833,0.37799999946,0.449999992773,0.494999993493,
    0.545999993579,0.595999993741,0.656999991663,0.70699999182,
    0.729999992569,0.746999993143,0.774999994023,0.799999994844,
    0.826999995716,0.846999996401,0.879999997366,0.902999998137,
    0.936999999095,0.951999999607,1.),.UNSPECIFIED.);
#1193 = CARTESIAN_POINT('',(-36.42767401357,18.675642359251,6.6));
#1194 = CARTESIAN_POINT('',(-36.40555459415,18.575396511085,6.6));
#1195 = CARTESIAN_POINT('',(-36.38130260175,18.475621211617,6.6));
#1196 = CARTESIAN_POINT('',(-36.35493305889,18.376384541336,6.6));
#1197 = CARTESIAN_POINT('',(-36.28704840093,18.141187409084,6.6));
#1198 = CARTESIAN_POINT('',(-36.24360887126,18.005782343893,6.6));
#1199 = CARTESIAN_POINT('',(-36.19619805453,17.871716170399,6.6));
#1200 = CARTESIAN_POINT('',(-36.11732458829,17.667974802186,6.6));
#1201 = CARTESIAN_POINT('',(-36.08864030675,17.597223990415,6.6));
#1202 = CARTESIAN_POINT('',(-36.05884028989,17.526935838008,6.6));
#1203 = CARTESIAN_POINT('',(-35.99809765085,17.389744134458,6.6));
#1204 = CARTESIAN_POINT('',(-35.96722986174,17.322807447206,6.6));
#1205 = CARTESIAN_POINT('',(-35.93534321601,17.256350074936,6.6));
#1206 = CARTESIAN_POINT('',(-35.81786469112,17.020796618039,6.6));
#1207 = CARTESIAN_POINT('',(-35.72661927583,16.854519974017,6.6));
#1208 = CARTESIAN_POINT('',(-35.62890898968,16.691958145346,6.6));
#1209 = CARTESIAN_POINT('',(-35.46434627701,16.441031810241,6.6));
#1210 = CARTESIAN_POINT('',(-35.40159996426,16.34997423616,6.6));
#1211 = CARTESIAN_POINT('',(-35.3367834681,16.260378458421,6.6));
#1212 = CARTESIAN_POINT('',(-35.22857598167,16.117797655478,6.6));
#1213 = CARTESIAN_POINT('',(-35.18642936645,16.063868234636,6.6));
#1214 = CARTESIAN_POINT('',(-35.14352207209,16.010542033775,6.6));
#1215 = CARTESIAN_POINT('',(-35.01255767489,15.852420810146,6.6));
#1216 = CARTESIAN_POINT('',(-34.9222580334,15.74948313728,6.6));
#1217 = CARTESIAN_POINT('',(-34.82907379902,15.649149253621,6.6));
#1218 = CARTESIAN_POINT('',(-34.66669189839,15.483959374901,6.6));
#1219 = CARTESIAN_POINT('',(-34.59893591197,15.41768615818,6.6));
#1220 = CARTESIAN_POINT('',(-34.52989133777,15.352756506053,6.6));
#1221 = CARTESIAN_POINT('',(-34.31901388981,15.162108575346,6.6));
#1222 = CARTESIAN_POINT('',(-34.17343714554,15.040531194495,6.6));
#1223 = CARTESIAN_POINT('',(-34.0231943832,14.924769541229,6.6));
#1224 = CARTESIAN_POINT('',(-33.77204952715,14.746520455479,6.6));
#1225 = CARTESIAN_POINT('',(-33.67377250788,14.680334126706,6.6));
#1226 = CARTESIAN_POINT('',(-33.5739000026,14.616580810526,6.6));
#1227 = CARTESIAN_POINT('',(-33.35763052916,14.485882357268,6.6));
#1228 = CARTESIAN_POINT('',(-33.24080577133,14.419645012835,6.6));
#1229 = CARTESIAN_POINT('',(-33.12218288813,14.356684537755,6.6));
#1230 = CARTESIAN_POINT('',(-32.88397879313,14.238624749879,6.6));
#1231 = CARTESIAN_POINT('',(-32.76446193371,14.183395480553,6.6));
#1232 = CARTESIAN_POINT('',(-32.64348270562,14.131447638932,6.6));
#1233 = CARTESIAN_POINT('',(-32.37196553615,14.023528706465,6.6));
#1234 = CARTESIAN_POINT('',(-32.22077997607,13.969186738572,6.6));
#1235 = CARTESIAN_POINT('',(-32.06786906028,13.919908194737,6.6));
#1236 = CARTESIAN_POINT('',(-31.78694877101,13.839584721365,6.6));
#1237 = CARTESIAN_POINT('',(-31.65942126731,13.806854190163,6.6));
#1238 = CARTESIAN_POINT('',(-31.53104822693,13.777615271312,6.6));
#1239 = CARTESIAN_POINT('',(-31.3425995206,13.740066132827,6.6));
#1240 = CARTESIAN_POINT('',(-31.28307684455,13.728980483001,6.6));
#1241 = CARTESIAN_POINT('',(-31.22341976387,13.718642527645,6.6));
#1242 = CARTESIAN_POINT('',(-31.11945912062,13.70196775056,6.6));
#1243 = CARTESIAN_POINT('',(-31.07521013119,13.69529068293,6.6));
#1244 = CARTESIAN_POINT('',(-31.03090112515,13.689024242086,6.6));
#1245 = CARTESIAN_POINT('',(-30.9134688605,13.673525557086,6.6));
#1246 = CARTESIAN_POINT('',(-30.84025260534,13.664997929049,6.6));
#1247 = CARTESIAN_POINT('',(-30.76691463277,13.657589674265,6.6));
#1248 = CARTESIAN_POINT('',(-30.62791458188,13.645689884795,6.6));
#1249 = CARTESIAN_POINT('',(-30.56227197449,13.640970887966,6.6));
#1250 = CARTESIAN_POINT('',(-30.49657111403,13.637147568545,6.6));
#1251 = CARTESIAN_POINT('',(-30.3598303078,13.631059771675,6.6));
#1252 = CARTESIAN_POINT('',(-30.2887837187,13.62894447074,6.6));
#1253 = CARTESIAN_POINT('',(-30.21771367993,13.627875868944,6.6));
#1254 = CARTESIAN_POINT('',(-30.09399860852,13.627837754576,6.6));
#1255 = CARTESIAN_POINT('',(-30.04135372003,13.628395860143,6.6));
#1256 = CARTESIAN_POINT('',(-29.98871805378,13.629528293044,6.6));
#1257 = CARTESIAN_POINT('',(-29.84928287298,13.634050400274,6.6));
#1258 = CARTESIAN_POINT('',(-29.76251542202,13.638428828782,6.6));
#1259 = CARTESIAN_POINT('',(-29.675840861,13.644368665051,6.6));
#1260 = CARTESIAN_POINT('',(-29.5289857873,13.657091863324,6.6));
#1261 = CARTESIAN_POINT('',(-29.46873586959,13.663074172128,6.6));
#1262 = CARTESIAN_POINT('',(-29.40856575353,13.669811956473,6.6));
#1263 = CARTESIAN_POINT('',(-29.25968143589,13.688377825192,6.6));
#1264 = CARTESIAN_POINT('',(-29.17107862908,13.701099244786,6.6));
#1265 = CARTESIAN_POINT('',(-29.08272703924,13.715461990425,6.6));
#1266 = CARTESIAN_POINT('',(-28.95582434995,13.738514784586,6.6));
#1267 = CARTESIAN_POINT('',(-28.91703432847,13.745889618002,6.6));
#1268 = CARTESIAN_POINT('',(-28.87830594904,13.753581598294,6.6));
#1269 = CARTESIAN_POINT('',(-28.71592196286,13.787216553915,6.6));
#1270 = CARTESIAN_POINT('',(-28.59287178535,13.816082539543,6.6));
#1271 = CARTESIAN_POINT('',(-28.47061986864,13.8481615073,6.6));
#1272 = CARTESIAN_POINT('',(-28.34929105853,13.883417181124,6.6));
#1273 = ORIENTED_EDGE('',*,*,#1274,.F.);
#1274 = EDGE_CURVE('',#1275,#1190,#1277,.T.);
#1275 = VERTEX_POINT('',#1276);
#1276 = CARTESIAN_POINT('',(-28.27094943574,26.217277682899,6.6));
#1277 = B_SPLINE_CURVE_WITH_KNOTS('',8,(#1278,#1279,#1280,#1281,#1282,
    #1283,#1284,#1285,#1286,#1287,#1288,#1289,#1290,#1291,#1292,#1293,
    #1294,#1295,#1296,#1297,#1298,#1299,#1300,#1301,#1302,#1303,#1304,
    #1305,#1306,#1307,#1308,#1309,#1310,#1311,#1312,#1313,#1314,#1315,
    #1316,#1317,#1318,#1319,#1320,#1321),.UNSPECIFIED.,.F.,.F.,(9,7,7,7,
    7,7,9),(0.,0.184011224399,0.274030220383,0.499001010235,
    0.723971800069,0.812990622084,1.),.UNSPECIFIED.);
#1278 = CARTESIAN_POINT('',(-27.90032486972,26.092024394361,6.6));
#1279 = CARTESIAN_POINT('',(-28.43478187982,26.290945842944,6.6));
#1280 = CARTESIAN_POINT('',(-28.98961445447,26.435812780372,6.6));
#1281 = CARTESIAN_POINT('',(-29.55810862977,26.524041870647,6.6));
#1282 = CARTESIAN_POINT('',(-30.13348939145,26.554257228512,6.6));
#1283 = CARTESIAN_POINT('',(-30.70897073258,26.526022240843,6.6));
#1284 = CARTESIAN_POINT('',(-31.27776518393,26.439750162607,6.6));
#1285 = CARTESIAN_POINT('',(-31.83309303643,26.296793554975,6.6));
#1286 = CARTESIAN_POINT('',(-32.63002325019,26.003299891151,6.6));
#1287 = CARTESIAN_POINT('',(-32.88704394604,25.89391200805,6.6));
#1288 = CARTESIAN_POINT('',(-33.13853359423,25.771827610598,6.6));
#1289 = CARTESIAN_POINT('',(-33.38376139742,25.637376573135,6.6));
#1290 = CARTESIAN_POINT('',(-33.62202397415,25.490936477987,6.6));
#1291 = CARTESIAN_POINT('',(-33.85264492357,25.332931348482,6.6));
#1292 = CARTESIAN_POINT('',(-34.07497571048,25.163832654611,6.6));
#1293 = CARTESIAN_POINT('',(-34.82177142647,24.535140519861,6.6));
#1294 = CARTESIAN_POINT('',(-35.30004074679,24.019640290865,6.6));
#1295 = CARTESIAN_POINT('',(-35.71268260293,23.446150984064,6.6));
#1296 = CARTESIAN_POINT('',(-36.05187470348,22.824640454093,6.6));
#1297 = CARTESIAN_POINT('',(-36.31142764802,22.165884893772,6.6));
#1298 = CARTESIAN_POINT('',(-36.48703872838,21.481542849126,6.6));
#1299 = CARTESIAN_POINT('',(-36.5760724207,20.784007882175,6.6));
#1300 = CARTESIAN_POINT('',(-36.58144682822,19.389589078649,6.6));
#1301 = CARTESIAN_POINT('',(-36.49779261834,18.691388533246,6.6));
#1302 = CARTESIAN_POINT('',(-36.32746189703,18.005713150229,6.6));
#1303 = CARTESIAN_POINT('',(-36.072994576,17.344976438881,6.6));
#1304 = CARTESIAN_POINT('',(-35.73860336762,16.720869765635,6.6));
#1305 = CARTESIAN_POINT('',(-35.3303944219,16.144216713063,6.6));
#1306 = CARTESIAN_POINT('',(-34.85611296232,15.625045136541,6.6));
#1307 = CARTESIAN_POINT('',(-34.11654141789,14.992629603351,6.6));
#1308 = CARTESIAN_POINT('',(-33.89807534438,14.823604674284,6.6));
#1309 = CARTESIAN_POINT('',(-33.67141227245,14.665359599803,6.6));
#1310 = CARTESIAN_POINT('',(-33.43717540285,14.518355614734,6.6));
#1311 = CARTESIAN_POINT('',(-33.19601501963,14.383008829516,6.6));
#1312 = CARTESIAN_POINT('',(-32.94860765321,14.259691163291,6.6));
#1313 = CARTESIAN_POINT('',(-32.69565649925,14.148729162522,6.6));
#1314 = CARTESIAN_POINT('',(-31.89638767836,13.843833787822,6.6));
#1315 = CARTESIAN_POINT('',(-31.33337205067,13.692918581772,6.6));
#1316 = CARTESIAN_POINT('',(-30.75588556681,13.60044115716,6.6));
#1317 = CARTESIAN_POINT('',(-30.17103096421,13.567859604673,6.6));
#1318 = CARTESIAN_POINT('',(-29.58593105274,13.595690480281,6.6));
#1319 = CARTESIAN_POINT('',(-29.00771260251,13.683475087829,6.6));
#1320 = CARTESIAN_POINT('',(-28.44348995812,13.829813066533,6.6));
#1321 = CARTESIAN_POINT('',(-27.90032486972,14.031975605639,6.6));
#1322 = ORIENTED_EDGE('',*,*,#1323,.F.);
#1323 = EDGE_CURVE('',#1324,#1275,#1326,.T.);
#1324 = VERTEX_POINT('',#1325);
#1325 = CARTESIAN_POINT('',(-28.27094943574,31.186757380198,6.6));
#1326 = LINE('',#1327,#1328);
#1327 = CARTESIAN_POINT('',(-28.27094943574,149.94776841487,6.6));
#1328 = VECTOR('',#1329,1.);
#1329 = DIRECTION('',(0.,-1.,1.224646799147E-16));
#1330 = ORIENTED_EDGE('',*,*,#1331,.T.);
#1331 = EDGE_CURVE('',#1324,#81,#1332,.T.);
#1332 = ELLIPSE('',#1333,2.549757537508,2.5);
#1333 = AXIS2_PLACEMENT_3D('',#1334,#1335,#1336);
#1334 = CARTESIAN_POINT('',(-25.75751261328,31.14247432423,6.6));
#1335 = DIRECTION('',(0.,-1.224646799147E-16,-1.));
#1336 = DIRECTION('',(-0.51778725961,0.855509411863,-1.047696862878E-16)
  );
#1337 = ORIENTED_EDGE('',*,*,#88,.F.);
#1338 = ORIENTED_EDGE('',*,*,#1339,.F.);
#1339 = EDGE_CURVE('',#1340,#89,#1342,.T.);
#1340 = VERTEX_POINT('',#1341);
#1341 = CARTESIAN_POINT('',(-17.41416668842,32.500421718697,6.6));
#1342 = LINE('',#1343,#1344);
#1343 = CARTESIAN_POINT('',(-19.7551801623,167.8237230811,6.6));
#1344 = VECTOR('',#1345,1.);
#1345 = DIRECTION('',(-1.729682347234E-02,0.999850398759,
    -1.224463590466E-16));
#1346 = ORIENTED_EDGE('',*,*,#1347,.F.);
#1347 = EDGE_CURVE('',#1348,#1340,#1350,.T.);
#1348 = VERTEX_POINT('',#1349);
#1349 = CARTESIAN_POINT('',(-16.13963326119,32.500421718697,6.6));
#1350 = LINE('',#1351,#1352);
#1351 = CARTESIAN_POINT('',(-141.2929166557,32.500421718697,6.6));
#1352 = VECTOR('',#1353,1.);
#1353 = DIRECTION('',(-1.,0.,-0.));
#1354 = ORIENTED_EDGE('',*,*,#1355,.T.);
#1355 = EDGE_CURVE('',#1348,#113,#1356,.T.);
#1356 = LINE('',#1357,#1358);
#1357 = CARTESIAN_POINT('',(-16.13963326119,164.84260219372,6.6));
#1358 = VECTOR('',#1359,1.);
#1359 = DIRECTION('',(9.249867441916E-18,1.,-1.224646799147E-16));
#1360 = ORIENTED_EDGE('',*,*,#120,.F.);
#1361 = ORIENTED_EDGE('',*,*,#1362,.F.);
#1362 = EDGE_CURVE('',#1363,#121,#1365,.T.);
#1363 = VERTEX_POINT('',#1364);
#1364 = CARTESIAN_POINT('',(-13.13963326119,32.500421718697,6.6));
#1365 = LINE('',#1366,#1367);
#1366 = CARTESIAN_POINT('',(-13.13963326119,164.84260219372,6.6));
#1367 = VECTOR('',#1368,1.);
#1368 = DIRECTION('',(9.249867441916E-18,1.,-1.224646799147E-16));
#1369 = ORIENTED_EDGE('',*,*,#1370,.F.);
#1370 = EDGE_CURVE('',#1371,#1363,#1373,.T.);
#1371 = VERTEX_POINT('',#1372);
#1372 = CARTESIAN_POINT('',(-7.139633261191,32.500421718697,6.6));
#1373 = LINE('',#1374,#1375);
#1374 = CARTESIAN_POINT('',(-141.2929166557,32.500421718697,6.6));
#1375 = VECTOR('',#1376,1.);
#1376 = DIRECTION('',(-1.,0.,-0.));
#1377 = ORIENTED_EDGE('',*,*,#1378,.T.);
#1378 = EDGE_CURVE('',#1371,#145,#1379,.T.);
#1379 = LINE('',#1380,#1381);
#1380 = CARTESIAN_POINT('',(-7.139633261191,164.84260219372,6.6));
#1381 = VECTOR('',#1382,1.);
#1382 = DIRECTION('',(9.249867441916E-18,1.,-1.224646799147E-16));
#1383 = ORIENTED_EDGE('',*,*,#152,.F.);
#1384 = ORIENTED_EDGE('',*,*,#1385,.F.);
#1385 = EDGE_CURVE('',#1386,#153,#1388,.T.);
#1386 = VERTEX_POINT('',#1387);
#1387 = CARTESIAN_POINT('',(-4.139633261191,32.500421718697,6.6));
#1388 = LINE('',#1389,#1390);
#1389 = CARTESIAN_POINT('',(-4.139633261191,164.84260219372,6.6));
#1390 = VECTOR('',#1391,1.);
#1391 = DIRECTION('',(9.249867441916E-18,1.,-1.224646799147E-16));
#1392 = ORIENTED_EDGE('',*,*,#1393,.F.);
#1393 = EDGE_CURVE('',#1394,#1386,#1396,.T.);
#1394 = VERTEX_POINT('',#1395);
#1395 = CARTESIAN_POINT('',(1.860366738809,32.500421718697,6.6));
#1396 = LINE('',#1397,#1398);
#1397 = CARTESIAN_POINT('',(-141.2929166557,32.500421718697,6.6));
#1398 = VECTOR('',#1399,1.);
#1399 = DIRECTION('',(-1.,0.,-0.));
#1400 = ORIENTED_EDGE('',*,*,#1401,.T.);
#1401 = EDGE_CURVE('',#1394,#177,#1402,.T.);
#1402 = LINE('',#1403,#1404);
#1403 = CARTESIAN_POINT('',(1.860366738809,164.84260219372,6.6));
#1404 = VECTOR('',#1405,1.);
#1405 = DIRECTION('',(9.249867441916E-18,1.,-1.224646799147E-16));
#1406 = ORIENTED_EDGE('',*,*,#184,.F.);
#1407 = ORIENTED_EDGE('',*,*,#1408,.F.);
#1408 = EDGE_CURVE('',#1409,#185,#1411,.T.);
#1409 = VERTEX_POINT('',#1410);
#1410 = CARTESIAN_POINT('',(4.860366738809,32.500421718697,6.6));
#1411 = LINE('',#1412,#1413);
#1412 = CARTESIAN_POINT('',(4.860366738809,164.84260219372,6.6));
#1413 = VECTOR('',#1414,1.);
#1414 = DIRECTION('',(9.249867441916E-18,1.,-1.224646799147E-16));
#1415 = ORIENTED_EDGE('',*,*,#1416,.F.);
#1416 = EDGE_CURVE('',#1417,#1409,#1419,.T.);
#1417 = VERTEX_POINT('',#1418);
#1418 = CARTESIAN_POINT('',(10.860366738809,32.500421718697,6.6));
#1419 = LINE('',#1420,#1421);
#1420 = CARTESIAN_POINT('',(-141.2929166557,32.500421718697,6.6));
#1421 = VECTOR('',#1422,1.);
#1422 = DIRECTION('',(-1.,0.,-0.));
#1423 = ORIENTED_EDGE('',*,*,#1424,.T.);
#1424 = EDGE_CURVE('',#1417,#209,#1425,.T.);
#1425 = LINE('',#1426,#1427);
#1426 = CARTESIAN_POINT('',(10.860366738809,164.84260219372,6.6));
#1427 = VECTOR('',#1428,1.);
#1428 = DIRECTION('',(9.249867441916E-18,1.,-1.224646799147E-16));
#1429 = ORIENTED_EDGE('',*,*,#216,.F.);
#1430 = ORIENTED_EDGE('',*,*,#1431,.F.);
#1431 = EDGE_CURVE('',#1432,#217,#1434,.T.);
#1432 = VERTEX_POINT('',#1433);
#1433 = CARTESIAN_POINT('',(13.860366738809,32.500421718697,6.6));
#1434 = LINE('',#1435,#1436);
#1435 = CARTESIAN_POINT('',(13.860366738809,164.84260219372,6.6));
#1436 = VECTOR('',#1437,1.);
#1437 = DIRECTION('',(9.249867441916E-18,1.,-1.224646799147E-16));
#1438 = ORIENTED_EDGE('',*,*,#1439,.F.);
#1439 = EDGE_CURVE('',#1440,#1432,#1442,.T.);
#1440 = VERTEX_POINT('',#1441);
#1441 = CARTESIAN_POINT('',(17.414166688425,32.500421718697,6.6));
#1442 = LINE('',#1443,#1444);
#1443 = CARTESIAN_POINT('',(-141.2929166557,32.500421718697,6.6));
#1444 = VECTOR('',#1445,1.);
#1445 = DIRECTION('',(-1.,0.,-0.));
#1446 = ORIENTED_EDGE('',*,*,#1447,.F.);
#1447 = EDGE_CURVE('',#64,#1440,#1448,.T.);
#1448 = LINE('',#1449,#1450);
#1449 = CARTESIAN_POINT('',(19.733646341168,166.5789511907,6.6));
#1450 = VECTOR('',#1451,1.);
#1451 = DIRECTION('',(-1.729682347234E-02,-0.999850398759,
    1.224463590466E-16));
#1452 = FACE_BOUND('',#1453,.F.);
#1453 = EDGE_LOOP('',(#1454,#1511,#1519,#1527));
#1454 = ORIENTED_EDGE('',*,*,#1455,.T.);
#1455 = EDGE_CURVE('',#1456,#1458,#1460,.T.);
#1456 = VERTEX_POINT('',#1457);
#1457 = CARTESIAN_POINT('',(-26.65045875409,20.062,6.6));
#1458 = VERTEX_POINT('',#1459);
#1459 = CARTESIAN_POINT('',(-33.83071602492,20.084507243845,6.6));
#1460 = B_SPLINE_CURVE_WITH_KNOTS('',7,(#1461,#1462,#1463,#1464,#1465,
    #1466,#1467,#1468,#1469,#1470,#1471,#1472,#1473,#1474,#1475,#1476,
    #1477,#1478,#1479,#1480,#1481,#1482,#1483,#1484,#1485,#1486,#1487,
    #1488,#1489,#1490,#1491,#1492,#1493,#1494,#1495,#1496,#1497,#1498,
    #1499,#1500,#1501,#1502,#1503,#1504,#1505,#1506,#1507,#1508,#1509,
    #1510),.UNSPECIFIED.,.T.,.F.,(8,6,6,6,6,6,6,6,8),(0.,0.125000002362,
    0.250999058206,0.374999978342,0.499999981801,0.62499998526,
    0.7499999929,0.874999997623,1.),.UNSPECIFIED.);
#1461 = CARTESIAN_POINT('',(-26.65045875409,20.062,6.6));
#1462 = CARTESIAN_POINT('',(-26.65045832088,20.464720100626,6.6));
#1463 = CARTESIAN_POINT('',(-26.70316494756,20.867735247552,6.6));
#1464 = CARTESIAN_POINT('',(-26.80870060592,21.262224196755,6.6));
#1465 = CARTESIAN_POINT('',(-26.9652006278,21.640048715322,6.6));
#1466 = CARTESIAN_POINT('',(-27.16952116399,21.99361966559,6.6));
#1467 = CARTESIAN_POINT('',(-27.41722696129,22.315863479246,6.6));
#1468 = CARTESIAN_POINT('',(-27.98903515932,22.887671659371,6.6));
#1469 = CARTESIAN_POINT('',(-28.31416161886,23.13706359956,6.6));
#1470 = CARTESIAN_POINT('',(-28.67106856976,23.34231914307,6.6));
#1471 = CARTESIAN_POINT('',(-29.05250024772,23.498911260636,6.6));
#1472 = CARTESIAN_POINT('',(-29.45067507178,23.603645285964,6.6));
#1473 = CARTESIAN_POINT('',(-29.85724938998,23.654644096325,6.6));
#1474 = CARTESIAN_POINT('',(-30.66267356951,23.649583348198,6.6));
#1475 = CARTESIAN_POINT('',(-31.06212461952,23.59520538922,6.6));
#1476 = CARTESIAN_POINT('',(-31.45292996588,23.48889604045,6.6));
#1477 = CARTESIAN_POINT('',(-31.82715381724,23.332508286609,6.6));
#1478 = CARTESIAN_POINT('',(-32.17739608533,23.129134612264,6.6));
#1479 = CARTESIAN_POINT('',(-32.49676221981,22.883119615902,6.6));
#1480 = CARTESIAN_POINT('',(-33.06401841469,22.315863470493,6.6));
#1481 = CARTESIAN_POINT('',(-33.31172417852,21.993619650371,6.6));
#1482 = CARTESIAN_POINT('',(-33.5160447516,21.640048711349,6.6));
#1483 = CARTESIAN_POINT('',(-33.67254476199,21.262224184072,6.6));
#1484 = CARTESIAN_POINT('',(-33.77808066293,20.867735303056,6.6));
#1485 = CARTESIAN_POINT('',(-33.83078701144,20.464720090757,6.6));
#1486 = CARTESIAN_POINT('',(-33.83078701144,19.659279909244,6.6));
#1487 = CARTESIAN_POINT('',(-33.77808066293,19.256264696947,6.6));
#1488 = CARTESIAN_POINT('',(-33.67254476199,18.861775815923,6.6));
#1489 = CARTESIAN_POINT('',(-33.5160447516,18.483951288658,6.6));
#1490 = CARTESIAN_POINT('',(-33.31172417852,18.130380349626,6.6));
#1491 = CARTESIAN_POINT('',(-33.06401841469,17.808136529508,6.6));
#1492 = CARTESIAN_POINT('',(-32.49448618381,17.238604312086,6.6));
#1493 = CARTESIAN_POINT('',(-32.1722423498,16.9908985527,6.6));
#1494 = CARTESIAN_POINT('',(-31.81867140105,16.786577973205,6.6));
#1495 = CARTESIAN_POINT('',(-31.44084686887,16.630077937552,6.6));
#1496 = CARTESIAN_POINT('',(-31.04635798414,16.524542003517,6.6));
#1497 = CARTESIAN_POINT('',(-30.64334276358,16.471835635471,6.6));
#1498 = CARTESIAN_POINT('',(-29.8379025683,16.471835635733,6.6));
#1499 = CARTESIAN_POINT('',(-29.43488735459,16.524542002011,6.6));
#1500 = CARTESIAN_POINT('',(-29.04039848264,16.630077941527,6.6));
#1501 = CARTESIAN_POINT('',(-28.66257397347,16.786577999488,6.6));
#1502 = CARTESIAN_POINT('',(-28.30900304028,16.990898588074,6.6));
#1503 = CARTESIAN_POINT('',(-27.98675920675,17.238604330941,6.6));
#1504 = CARTESIAN_POINT('',(-27.41722696129,17.808136520755,6.6));
#1505 = CARTESIAN_POINT('',(-27.16952116399,18.130380334407,6.6));
#1506 = CARTESIAN_POINT('',(-26.96520062781,18.483951284682,6.6));
#1507 = CARTESIAN_POINT('',(-26.80870060591,18.86177580324,6.6));
#1508 = CARTESIAN_POINT('',(-26.70316494756,19.256264752451,6.6));
#1509 = CARTESIAN_POINT('',(-26.65045832088,19.659279899373,6.6));
#1510 = CARTESIAN_POINT('',(-26.65045875409,20.062,6.6));
#1511 = ORIENTED_EDGE('',*,*,#1512,.F.);
#1512 = EDGE_CURVE('',#1513,#1458,#1515,.T.);
#1513 = VERTEX_POINT('',#1514);
#1514 = CARTESIAN_POINT('',(-33.84371058821,20.062,6.6));
#1515 = LINE('',#1516,#1517);
#1516 = CARTESIAN_POINT('',(-33.84371058821,20.062,6.6));
#1517 = VECTOR('',#1518,1.);
#1518 = DIRECTION('',(0.5,0.866025403784,-1.060575238725E-16));
#1519 = ORIENTED_EDGE('',*,*,#1520,.F.);
#1520 = EDGE_CURVE('',#1521,#1513,#1523,.T.);
#1521 = VERTEX_POINT('',#1522);
#1522 = CARTESIAN_POINT('',(-33.83071602492,20.039492756155,6.6));
#1523 = LINE('',#1524,#1525);
#1524 = CARTESIAN_POINT('',(-32.1405272941,17.112,6.6));
#1525 = VECTOR('',#1526,1.);
#1526 = DIRECTION('',(-0.5,0.866025403784,-1.060575238725E-16));
#1527 = ORIENTED_EDGE('',*,*,#1528,.T.);
#1528 = EDGE_CURVE('',#1521,#1456,#1529,.T.);
#1529 = B_SPLINE_CURVE_WITH_KNOTS('',7,(#1530,#1531,#1532,#1533,#1534,
    #1535,#1536,#1537,#1538,#1539,#1540,#1541,#1542,#1543,#1544,#1545,
    #1546,#1547,#1548,#1549,#1550,#1551,#1552,#1553,#1554,#1555,#1556,
    #1557,#1558,#1559,#1560,#1561,#1562,#1563,#1564,#1565,#1566,#1567,
    #1568,#1569,#1570,#1571,#1572,#1573,#1574,#1575,#1576,#1577,#1578,
    #1579),.UNSPECIFIED.,.T.,.F.,(8,6,6,6,6,6,6,6,8),(0.,0.125000002362,
    0.250999058206,0.374999978342,0.499999981801,0.62499998526,
    0.7499999929,0.874999997623,1.),.UNSPECIFIED.);
#1530 = CARTESIAN_POINT('',(-26.65045875409,20.062,6.6));
#1531 = CARTESIAN_POINT('',(-26.65045832088,20.464720100626,6.6));
#1532 = CARTESIAN_POINT('',(-26.70316494756,20.867735247552,6.6));
#1533 = CARTESIAN_POINT('',(-26.80870060592,21.262224196755,6.6));
#1534 = CARTESIAN_POINT('',(-26.9652006278,21.640048715322,6.6));
#1535 = CARTESIAN_POINT('',(-27.16952116399,21.99361966559,6.6));
#1536 = CARTESIAN_POINT('',(-27.41722696129,22.315863479246,6.6));
#1537 = CARTESIAN_POINT('',(-27.98903515932,22.887671659371,6.6));
#1538 = CARTESIAN_POINT('',(-28.31416161886,23.13706359956,6.6));
#1539 = CARTESIAN_POINT('',(-28.67106856976,23.34231914307,6.6));
#1540 = CARTESIAN_POINT('',(-29.05250024772,23.498911260636,6.6));
#1541 = CARTESIAN_POINT('',(-29.45067507178,23.603645285964,6.6));
#1542 = CARTESIAN_POINT('',(-29.85724938998,23.654644096325,6.6));
#1543 = CARTESIAN_POINT('',(-30.66267356951,23.649583348198,6.6));
#1544 = CARTESIAN_POINT('',(-31.06212461952,23.59520538922,6.6));
#1545 = CARTESIAN_POINT('',(-31.45292996588,23.48889604045,6.6));
#1546 = CARTESIAN_POINT('',(-31.82715381724,23.332508286609,6.6));
#1547 = CARTESIAN_POINT('',(-32.17739608533,23.129134612264,6.6));
#1548 = CARTESIAN_POINT('',(-32.49676221981,22.883119615902,6.6));
#1549 = CARTESIAN_POINT('',(-33.06401841469,22.315863470493,6.6));
#1550 = CARTESIAN_POINT('',(-33.31172417852,21.993619650371,6.6));
#1551 = CARTESIAN_POINT('',(-33.5160447516,21.640048711349,6.6));
#1552 = CARTESIAN_POINT('',(-33.67254476199,21.262224184072,6.6));
#1553 = CARTESIAN_POINT('',(-33.77808066293,20.867735303056,6.6));
#1554 = CARTESIAN_POINT('',(-33.83078701144,20.464720090757,6.6));
#1555 = CARTESIAN_POINT('',(-33.83078701144,19.659279909244,6.6));
#1556 = CARTESIAN_POINT('',(-33.77808066293,19.256264696947,6.6));
#1557 = CARTESIAN_POINT('',(-33.67254476199,18.861775815923,6.6));
#1558 = CARTESIAN_POINT('',(-33.5160447516,18.483951288658,6.6));
#1559 = CARTESIAN_POINT('',(-33.31172417852,18.130380349626,6.6));
#1560 = CARTESIAN_POINT('',(-33.06401841469,17.808136529508,6.6));
#1561 = CARTESIAN_POINT('',(-32.49448618381,17.238604312086,6.6));
#1562 = CARTESIAN_POINT('',(-32.1722423498,16.9908985527,6.6));
#1563 = CARTESIAN_POINT('',(-31.81867140105,16.786577973205,6.6));
#1564 = CARTESIAN_POINT('',(-31.44084686887,16.630077937552,6.6));
#1565 = CARTESIAN_POINT('',(-31.04635798414,16.524542003517,6.6));
#1566 = CARTESIAN_POINT('',(-30.64334276358,16.471835635471,6.6));
#1567 = CARTESIAN_POINT('',(-29.8379025683,16.471835635733,6.6));
#1568 = CARTESIAN_POINT('',(-29.43488735459,16.524542002011,6.6));
#1569 = CARTESIAN_POINT('',(-29.04039848264,16.630077941527,6.6));
#1570 = CARTESIAN_POINT('',(-28.66257397347,16.786577999488,6.6));
#1571 = CARTESIAN_POINT('',(-28.30900304028,16.990898588074,6.6));
#1572 = CARTESIAN_POINT('',(-27.98675920675,17.238604330941,6.6));
#1573 = CARTESIAN_POINT('',(-27.41722696129,17.808136520755,6.6));
#1574 = CARTESIAN_POINT('',(-27.16952116399,18.130380334407,6.6));
#1575 = CARTESIAN_POINT('',(-26.96520062781,18.483951284682,6.6));
#1576 = CARTESIAN_POINT('',(-26.80870060591,18.86177580324,6.6));
#1577 = CARTESIAN_POINT('',(-26.70316494756,19.256264752451,6.6));
#1578 = CARTESIAN_POINT('',(-26.65045832088,19.659279899373,6.6));
#1579 = CARTESIAN_POINT('',(-26.65045875409,20.062,6.6));
#1580 = FACE_BOUND('',#1581,.F.);
#1581 = EDGE_LOOP('',(#1582,#1639,#1647));
#1582 = ORIENTED_EDGE('',*,*,#1583,.T.);
#1583 = EDGE_CURVE('',#1584,#1586,#1588,.T.);
#1584 = VERTEX_POINT('',#1585);
#1585 = CARTESIAN_POINT('',(33.830716071869,20.084507162538,6.6));
#1586 = VERTEX_POINT('',#1587);
#1587 = CARTESIAN_POINT('',(33.830716071869,20.039492837462,6.6));
#1588 = B_SPLINE_CURVE_WITH_KNOTS('',7,(#1589,#1590,#1591,#1592,#1593,
    #1594,#1595,#1596,#1597,#1598,#1599,#1600,#1601,#1602,#1603,#1604,
    #1605,#1606,#1607,#1608,#1609,#1610,#1611,#1612,#1613,#1614,#1615,
    #1616,#1617,#1618,#1619,#1620,#1621,#1622,#1623,#1624,#1625,#1626,
    #1627,#1628,#1629,#1630,#1631,#1632,#1633,#1634,#1635,#1636,#1637,
    #1638),.UNSPECIFIED.,.T.,.F.,(8,6,6,6,6,6,6,6,8),(0.,0.125999058113,
    0.251998118403,0.375999043132,0.500999051144,0.62499997159,
    0.749999983787,0.874999993067,1.),.UNSPECIFIED.);
#1589 = CARTESIAN_POINT('',(33.830786622951,20.062,6.6));
#1590 = CARTESIAN_POINT('',(33.830787082898,20.467938810526,6.6));
#1591 = CARTESIAN_POINT('',(33.777234449916,20.874184602911,6.6));
#1592 = CARTESIAN_POINT('',(33.670000992547,21.271693589174,6.6));
#1593 = CARTESIAN_POINT('',(33.511015408018,21.652133855924,6.6));
#1594 = CARTESIAN_POINT('',(33.303521470568,22.007744129231,6.6));
#1595 = CARTESIAN_POINT('',(33.052091579706,22.33129718496,6.6));
#1596 = CARTESIAN_POINT('',(32.474411669598,22.90176293106,6.6));
#1597 = CARTESIAN_POINT('',(32.147724663019,23.149107132497,6.6));
#1598 = CARTESIAN_POINT('',(31.789535108031,23.352116127515,6.6));
#1599 = CARTESIAN_POINT('',(31.407127068942,23.506308563874,6.6));
#1600 = CARTESIAN_POINT('',(31.008302045787,23.608538731745,6.6));
#1601 = CARTESIAN_POINT('',(30.601415320341,23.656981970094,6.6));
#1602 = CARTESIAN_POINT('',(29.796038836774,23.646860725736,6.6));
#1603 = CARTESIAN_POINT('',(29.396937335866,23.589974031783,6.6));
#1604 = CARTESIAN_POINT('',(29.006807660198,23.481211295658,6.6));
#1605 = CARTESIAN_POINT('',(28.633573801955,23.322475326942,6.6));
#1606 = CARTESIAN_POINT('',(28.284616273068,23.116905044515,6.6));
#1607 = CARTESIAN_POINT('',(27.966802190147,22.868888280528,6.6));
#1608 = CARTESIAN_POINT('',(27.40312134501,22.298079179213,6.6));
#1609 = CARTESIAN_POINT('',(27.15744517564,21.974285348642,6.6));
#1610 = CARTESIAN_POINT('',(26.955350173454,21.61943761301,6.6));
#1611 = CARTESIAN_POINT('',(26.801227178428,21.240637231575,6.6));
#1612 = CARTESIAN_POINT('',(26.698171990847,20.84549304038,6.6));
#1613 = CARTESIAN_POINT('',(26.647998884688,20.442154621941,6.6));
#1614 = CARTESIAN_POINT('',(26.653039381195,19.639949102321,6.6));
#1615 = CARTESIAN_POINT('',(26.707417320366,19.24049806057,6.6));
#1616 = CARTESIAN_POINT('',(26.813726636602,18.849692718147,6.6));
#1617 = CARTESIAN_POINT('',(26.970114365895,18.475468871994,6.6));
#1618 = CARTESIAN_POINT('',(27.173488033952,18.125226613919,6.6));
#1619 = CARTESIAN_POINT('',(27.41950303449,17.805860493498,6.6));
#1620 = CARTESIAN_POINT('',(27.986759193235,17.238604312086,6.6));
#1621 = CARTESIAN_POINT('',(28.30900302725,16.9908985527,6.6));
#1622 = CARTESIAN_POINT('',(28.662573975996,16.786577973203,6.6));
#1623 = CARTESIAN_POINT('',(29.040398508169,16.630077937555,6.6));
#1624 = CARTESIAN_POINT('',(29.434887392908,16.524542003516,6.6));
#1625 = CARTESIAN_POINT('',(29.837902613469,16.471835635471,6.6));
#1626 = CARTESIAN_POINT('',(30.643342808748,16.471835635733,6.6));
#1627 = CARTESIAN_POINT('',(31.04635802246,16.524542002014,6.6));
#1628 = CARTESIAN_POINT('',(31.440846894402,16.630077941523,6.6));
#1629 = CARTESIAN_POINT('',(31.818671403577,16.786577999492,6.6));
#1630 = CARTESIAN_POINT('',(32.172242336766,16.990898588072,6.6));
#1631 = CARTESIAN_POINT('',(32.494486170299,17.238604330941,6.6));
#1632 = CARTESIAN_POINT('',(33.064018415749,17.808136520753,6.6));
#1633 = CARTESIAN_POINT('',(33.311724213057,18.130380334412,6.6));
#1634 = CARTESIAN_POINT('',(33.516044749228,18.483951284673,6.6));
#1635 = CARTESIAN_POINT('',(33.672544771138,18.86177580325,6.6));
#1636 = CARTESIAN_POINT('',(33.778080429479,19.256264752445,6.6));
#1637 = CARTESIAN_POINT('',(33.830787056167,19.659279899375,6.6));
#1638 = CARTESIAN_POINT('',(33.830786622951,20.062,6.6));
#1639 = ORIENTED_EDGE('',*,*,#1640,.F.);
#1640 = EDGE_CURVE('',#1641,#1586,#1643,.T.);
#1641 = VERTEX_POINT('',#1642);
#1642 = CARTESIAN_POINT('',(33.843710588219,20.062,6.6));
#1643 = LINE('',#1644,#1645);
#1644 = CARTESIAN_POINT('',(33.843710588219,20.062,6.6));
#1645 = VECTOR('',#1646,1.);
#1646 = DIRECTION('',(-0.5,-0.866025403784,1.060575238725E-16));
#1647 = ORIENTED_EDGE('',*,*,#1648,.F.);
#1648 = EDGE_CURVE('',#1584,#1641,#1649,.T.);
#1649 = LINE('',#1650,#1651);
#1650 = CARTESIAN_POINT('',(32.140527294109,23.012,6.6));
#1651 = VECTOR('',#1652,1.);
#1652 = DIRECTION('',(0.5,-0.866025403784,1.060575238725E-16));
#1653 = FACE_BOUND('',#1654,.F.);
#1654 = EDGE_LOOP('',(#1655,#1712,#1720,#1728));
#1655 = ORIENTED_EDGE('',*,*,#1656,.T.);
#1656 = EDGE_CURVE('',#1657,#1659,#1661,.T.);
#1657 = VERTEX_POINT('',#1658);
#1658 = CARTESIAN_POINT('',(-26.65045875409,-21.938,6.6));
#1659 = VERTEX_POINT('',#1660);
#1660 = CARTESIAN_POINT('',(-33.83071602492,-21.91549275615,6.6));
#1661 = B_SPLINE_CURVE_WITH_KNOTS('',7,(#1662,#1663,#1664,#1665,#1666,
    #1667,#1668,#1669,#1670,#1671,#1672,#1673,#1674,#1675,#1676,#1677,
    #1678,#1679,#1680,#1681,#1682,#1683,#1684,#1685,#1686,#1687,#1688,
    #1689,#1690,#1691,#1692,#1693,#1694,#1695,#1696,#1697,#1698,#1699,
    #1700,#1701,#1702,#1703,#1704,#1705,#1706,#1707,#1708,#1709,#1710,
    #1711),.UNSPECIFIED.,.T.,.F.,(8,6,6,6,6,6,6,6,8),(0.,0.125000002363,
    0.250999058208,0.374999978344,0.499999981802,0.624999985261,
    0.749999992901,0.874999997623,1.),.UNSPECIFIED.);
#1662 = CARTESIAN_POINT('',(-26.65045875409,-21.938,6.6));
#1663 = CARTESIAN_POINT('',(-26.65045832088,-21.53527989937,6.6));
#1664 = CARTESIAN_POINT('',(-26.70316494756,-21.13226475244,6.6));
#1665 = CARTESIAN_POINT('',(-26.80870060592,-20.73777580324,6.6));
#1666 = CARTESIAN_POINT('',(-26.96520062781,-20.35995128467,6.6));
#1667 = CARTESIAN_POINT('',(-27.16952116399,-20.00638033441,6.6));
#1668 = CARTESIAN_POINT('',(-27.41722696129,-19.68413652075,6.6));
#1669 = CARTESIAN_POINT('',(-27.98903515932,-19.11232834062,6.6));
#1670 = CARTESIAN_POINT('',(-28.31416161886,-18.86293640044,6.6));
#1671 = CARTESIAN_POINT('',(-28.67106856977,-18.65768085692,6.6));
#1672 = CARTESIAN_POINT('',(-29.05250024771,-18.50108873936,6.6));
#1673 = CARTESIAN_POINT('',(-29.45067507178,-18.39635471403,6.6));
#1674 = CARTESIAN_POINT('',(-29.85724938998,-18.34535590367,6.6));
#1675 = CARTESIAN_POINT('',(-30.66267356951,-18.3504166518,6.6));
#1676 = CARTESIAN_POINT('',(-31.06212461952,-18.40479461078,6.6));
#1677 = CARTESIAN_POINT('',(-31.45292996588,-18.51110395954,6.6));
#1678 = CARTESIAN_POINT('',(-31.82715381724,-18.66749171339,6.6));
#1679 = CARTESIAN_POINT('',(-32.17739608533,-18.87086538773,6.6));
#1680 = CARTESIAN_POINT('',(-32.49676221981,-19.11688038409,6.6));
#1681 = CARTESIAN_POINT('',(-33.06401841469,-19.6841365295,6.6));
#1682 = CARTESIAN_POINT('',(-33.31172417852,-20.00638034963,6.6));
#1683 = CARTESIAN_POINT('',(-33.5160447516,-20.35995128864,6.6));
#1684 = CARTESIAN_POINT('',(-33.67254476199,-20.73777581593,6.6));
#1685 = CARTESIAN_POINT('',(-33.77808066293,-21.13226469694,6.6));
#1686 = CARTESIAN_POINT('',(-33.83078701144,-21.53527990924,6.6));
#1687 = CARTESIAN_POINT('',(-33.83078701144,-22.34072009075,6.6));
#1688 = CARTESIAN_POINT('',(-33.77808066293,-22.74373530304,6.6));
#1689 = CARTESIAN_POINT('',(-33.67254476199,-23.13822418408,6.6));
#1690 = CARTESIAN_POINT('',(-33.5160447516,-23.51604871133,6.6));
#1691 = CARTESIAN_POINT('',(-33.31172417852,-23.86961965038,6.6));
#1692 = CARTESIAN_POINT('',(-33.06401841469,-24.19186347049,6.6));
#1693 = CARTESIAN_POINT('',(-32.49448618381,-24.76139568791,6.6));
#1694 = CARTESIAN_POINT('',(-32.1722423498,-25.0091014473,6.6));
#1695 = CARTESIAN_POINT('',(-31.81867140105,-25.21342202679,6.6));
#1696 = CARTESIAN_POINT('',(-31.44084686888,-25.36992206244,6.6));
#1697 = CARTESIAN_POINT('',(-31.04635798414,-25.47545799648,6.6));
#1698 = CARTESIAN_POINT('',(-30.64334276358,-25.52816436452,6.6));
#1699 = CARTESIAN_POINT('',(-29.8379025683,-25.52816436426,6.6));
#1700 = CARTESIAN_POINT('',(-29.43488735458,-25.47545799798,6.6));
#1701 = CARTESIAN_POINT('',(-29.04039848265,-25.36992205848,6.6));
#1702 = CARTESIAN_POINT('',(-28.66257397346,-25.2134220005,6.6));
#1703 = CARTESIAN_POINT('',(-28.30900304028,-25.00910141193,6.6));
#1704 = CARTESIAN_POINT('',(-27.98675920675,-24.76139566905,6.6));
#1705 = CARTESIAN_POINT('',(-27.41722696129,-24.19186347924,6.6));
#1706 = CARTESIAN_POINT('',(-27.169521164,-23.86961966558,6.6));
#1707 = CARTESIAN_POINT('',(-26.9652006278,-23.51604871532,6.6));
#1708 = CARTESIAN_POINT('',(-26.80870060592,-23.13822419675,6.6));
#1709 = CARTESIAN_POINT('',(-26.70316494756,-22.74373524755,6.6));
#1710 = CARTESIAN_POINT('',(-26.65045832088,-22.34072010062,6.6));
#1711 = CARTESIAN_POINT('',(-26.65045875409,-21.938,6.6));
#1712 = ORIENTED_EDGE('',*,*,#1713,.F.);
#1713 = EDGE_CURVE('',#1714,#1659,#1716,.T.);
#1714 = VERTEX_POINT('',#1715);
#1715 = CARTESIAN_POINT('',(-33.84371058821,-21.938,6.6));
#1716 = LINE('',#1717,#1718);
#1717 = CARTESIAN_POINT('',(-33.84371058821,-21.938,6.6));
#1718 = VECTOR('',#1719,1.);
#1719 = DIRECTION('',(0.5,0.866025403784,-1.060575238725E-16));
#1720 = ORIENTED_EDGE('',*,*,#1721,.F.);
#1721 = EDGE_CURVE('',#1722,#1714,#1724,.T.);
#1722 = VERTEX_POINT('',#1723);
#1723 = CARTESIAN_POINT('',(-33.83071602492,-21.96050724384,6.6));
#1724 = LINE('',#1725,#1726);
#1725 = CARTESIAN_POINT('',(-32.1405272941,-24.888,6.6));
#1726 = VECTOR('',#1727,1.);
#1727 = DIRECTION('',(-0.5,0.866025403784,-1.060575238725E-16));
#1728 = ORIENTED_EDGE('',*,*,#1729,.T.);
#1729 = EDGE_CURVE('',#1722,#1657,#1730,.T.);
#1730 = B_SPLINE_CURVE_WITH_KNOTS('',7,(#1731,#1732,#1733,#1734,#1735,
    #1736,#1737,#1738,#1739,#1740,#1741,#1742,#1743,#1744,#1745,#1746,
    #1747,#1748,#1749,#1750,#1751,#1752,#1753,#1754,#1755,#1756,#1757,
    #1758,#1759,#1760,#1761,#1762,#1763,#1764,#1765,#1766,#1767,#1768,
    #1769,#1770,#1771,#1772,#1773,#1774,#1775,#1776,#1777,#1778,#1779,
    #1780),.UNSPECIFIED.,.T.,.F.,(8,6,6,6,6,6,6,6,8),(0.,0.125000002363,
    0.250999058208,0.374999978344,0.499999981802,0.624999985261,
    0.749999992901,0.874999997623,1.),.UNSPECIFIED.);
#1731 = CARTESIAN_POINT('',(-26.65045875409,-21.938,6.6));
#1732 = CARTESIAN_POINT('',(-26.65045832088,-21.53527989937,6.6));
#1733 = CARTESIAN_POINT('',(-26.70316494756,-21.13226475244,6.6));
#1734 = CARTESIAN_POINT('',(-26.80870060592,-20.73777580324,6.6));
#1735 = CARTESIAN_POINT('',(-26.96520062781,-20.35995128467,6.6));
#1736 = CARTESIAN_POINT('',(-27.16952116399,-20.00638033441,6.6));
#1737 = CARTESIAN_POINT('',(-27.41722696129,-19.68413652075,6.6));
#1738 = CARTESIAN_POINT('',(-27.98903515932,-19.11232834062,6.6));
#1739 = CARTESIAN_POINT('',(-28.31416161886,-18.86293640044,6.6));
#1740 = CARTESIAN_POINT('',(-28.67106856977,-18.65768085692,6.6));
#1741 = CARTESIAN_POINT('',(-29.05250024771,-18.50108873936,6.6));
#1742 = CARTESIAN_POINT('',(-29.45067507178,-18.39635471403,6.6));
#1743 = CARTESIAN_POINT('',(-29.85724938998,-18.34535590367,6.6));
#1744 = CARTESIAN_POINT('',(-30.66267356951,-18.3504166518,6.6));
#1745 = CARTESIAN_POINT('',(-31.06212461952,-18.40479461078,6.6));
#1746 = CARTESIAN_POINT('',(-31.45292996588,-18.51110395954,6.6));
#1747 = CARTESIAN_POINT('',(-31.82715381724,-18.66749171339,6.6));
#1748 = CARTESIAN_POINT('',(-32.17739608533,-18.87086538773,6.6));
#1749 = CARTESIAN_POINT('',(-32.49676221981,-19.11688038409,6.6));
#1750 = CARTESIAN_POINT('',(-33.06401841469,-19.6841365295,6.6));
#1751 = CARTESIAN_POINT('',(-33.31172417852,-20.00638034963,6.6));
#1752 = CARTESIAN_POINT('',(-33.5160447516,-20.35995128864,6.6));
#1753 = CARTESIAN_POINT('',(-33.67254476199,-20.73777581593,6.6));
#1754 = CARTESIAN_POINT('',(-33.77808066293,-21.13226469694,6.6));
#1755 = CARTESIAN_POINT('',(-33.83078701144,-21.53527990924,6.6));
#1756 = CARTESIAN_POINT('',(-33.83078701144,-22.34072009075,6.6));
#1757 = CARTESIAN_POINT('',(-33.77808066293,-22.74373530304,6.6));
#1758 = CARTESIAN_POINT('',(-33.67254476199,-23.13822418408,6.6));
#1759 = CARTESIAN_POINT('',(-33.5160447516,-23.51604871133,6.6));
#1760 = CARTESIAN_POINT('',(-33.31172417852,-23.86961965038,6.6));
#1761 = CARTESIAN_POINT('',(-33.06401841469,-24.19186347049,6.6));
#1762 = CARTESIAN_POINT('',(-32.49448618381,-24.76139568791,6.6));
#1763 = CARTESIAN_POINT('',(-32.1722423498,-25.0091014473,6.6));
#1764 = CARTESIAN_POINT('',(-31.81867140105,-25.21342202679,6.6));
#1765 = CARTESIAN_POINT('',(-31.44084686888,-25.36992206244,6.6));
#1766 = CARTESIAN_POINT('',(-31.04635798414,-25.47545799648,6.6));
#1767 = CARTESIAN_POINT('',(-30.64334276358,-25.52816436452,6.6));
#1768 = CARTESIAN_POINT('',(-29.8379025683,-25.52816436426,6.6));
#1769 = CARTESIAN_POINT('',(-29.43488735458,-25.47545799798,6.6));
#1770 = CARTESIAN_POINT('',(-29.04039848265,-25.36992205848,6.6));
#1771 = CARTESIAN_POINT('',(-28.66257397346,-25.2134220005,6.6));
#1772 = CARTESIAN_POINT('',(-28.30900304028,-25.00910141193,6.6));
#1773 = CARTESIAN_POINT('',(-27.98675920675,-24.76139566905,6.6));
#1774 = CARTESIAN_POINT('',(-27.41722696129,-24.19186347924,6.6));
#1775 = CARTESIAN_POINT('',(-27.169521164,-23.86961966558,6.6));
#1776 = CARTESIAN_POINT('',(-26.9652006278,-23.51604871532,6.6));
#1777 = CARTESIAN_POINT('',(-26.80870060592,-23.13822419675,6.6));
#1778 = CARTESIAN_POINT('',(-26.70316494756,-22.74373524755,6.6));
#1779 = CARTESIAN_POINT('',(-26.65045832088,-22.34072010062,6.6));
#1780 = CARTESIAN_POINT('',(-26.65045875409,-21.938,6.6));
#1781 = FACE_BOUND('',#1782,.F.);
#1782 = EDGE_LOOP('',(#1783,#1793,#1801,#1809));
#1783 = ORIENTED_EDGE('',*,*,#1784,.T.);
#1784 = EDGE_CURVE('',#1785,#1787,#1789,.T.);
#1785 = VERTEX_POINT('',#1786);
#1786 = CARTESIAN_POINT('',(25.426366969738,30.791014210651,6.6));
#1787 = VERTEX_POINT('',#1788);
#1788 = CARTESIAN_POINT('',(-25.42636696973,30.791014210651,6.6));
#1789 = LINE('',#1790,#1791);
#1790 = CARTESIAN_POINT('',(-250.,30.791014210651,6.6));
#1791 = VECTOR('',#1792,1.);
#1792 = DIRECTION('',(-1.,-0.,0.));
#1793 = ORIENTED_EDGE('',*,*,#1794,.T.);
#1794 = EDGE_CURVE('',#1787,#1795,#1797,.T.);
#1795 = VERTEX_POINT('',#1796);
#1796 = CARTESIAN_POINT('',(-25.42636696973,-31.22900999655,6.6));
#1797 = LINE('',#1798,#1799);
#1798 = CARTESIAN_POINT('',(-25.42636696973,249.94776841487,6.6));
#1799 = VECTOR('',#1800,1.);
#1800 = DIRECTION('',(0.,-1.,1.224646799147E-16));
#1801 = ORIENTED_EDGE('',*,*,#1802,.T.);
#1802 = EDGE_CURVE('',#1795,#1803,#1805,.T.);
#1803 = VERTEX_POINT('',#1804);
#1804 = CARTESIAN_POINT('',(25.426366969738,-31.22900999655,6.6));
#1805 = LINE('',#1806,#1807);
#1806 = CARTESIAN_POINT('',(-250.,-31.22900999655,6.6));
#1807 = VECTOR('',#1808,1.);
#1808 = DIRECTION('',(1.,0.,0.));
#1809 = ORIENTED_EDGE('',*,*,#1810,.T.);
#1810 = EDGE_CURVE('',#1803,#1785,#1811,.T.);
#1811 = LINE('',#1812,#1813);
#1812 = CARTESIAN_POINT('',(25.426366969738,249.94776841487,6.6));
#1813 = VECTOR('',#1814,1.);
#1814 = DIRECTION('',(0.,1.,-1.224646799147E-16));
#1815 = FACE_BOUND('',#1816,.F.);
#1816 = EDGE_LOOP('',(#1817,#1882,#1890));
#1817 = ORIENTED_EDGE('',*,*,#1818,.T.);
#1818 = EDGE_CURVE('',#1819,#1821,#1823,.T.);
#1819 = VERTEX_POINT('',#1820);
#1820 = CARTESIAN_POINT('',(33.830716071869,-21.91549283746,6.6));
#1821 = VERTEX_POINT('',#1822);
#1822 = CARTESIAN_POINT('',(33.830716071869,-21.96050716253,6.6));
#1823 = B_SPLINE_CURVE_WITH_KNOTS('',8,(#1824,#1825,#1826,#1827,#1828,
    #1829,#1830,#1831,#1832,#1833,#1834,#1835,#1836,#1837,#1838,#1839,
    #1840,#1841,#1842,#1843,#1844,#1845,#1846,#1847,#1848,#1849,#1850,
    #1851,#1852,#1853,#1854,#1855,#1856,#1857,#1858,#1859,#1860,#1861,
    #1862,#1863,#1864,#1865,#1866,#1867,#1868,#1869,#1870,#1871,#1872,
    #1873,#1874,#1875,#1876,#1877,#1878,#1879,#1880,#1881),
  .UNSPECIFIED.,.T.,.F.,(9,7,7,7,7,7,7,7,9),(0.,0.125000025092,
    0.250999042869,0.37499991896,0.499999931516,0.624999944072,
    0.749999960371,0.874999974971,1.),.UNSPECIFIED.);
#1824 = CARTESIAN_POINT('',(33.830786622951,-21.938,6.6));
#1825 = CARTESIAN_POINT('',(33.830786622951,-21.58561617917,6.6));
#1826 = CARTESIAN_POINT('',(33.791256930437,-21.23302043238,6.6));
#1827 = CARTESIAN_POINT('',(33.712121376088,-20.88571138332,6.6));
#1828 = CARTESIAN_POINT('',(33.594295353716,-20.54886326107,6.6));
#1829 = CARTESIAN_POINT('',(33.439423462131,-20.22736005539,6.6));
#1830 = CARTESIAN_POINT('',(33.249796316356,-19.92581817925,6.6));
#1831 = CARTESIAN_POINT('',(33.028425044801,-19.64854376699,6.6));
#1832 = CARTESIAN_POINT('',(32.528087556999,-19.14820632991,6.6));
#1833 = CARTESIAN_POINT('',(32.248366593232,-18.92528423388,6.6));
#1834 = CARTESIAN_POINT('',(31.944018093728,-18.73465707515,6.6));
#1835 = CARTESIAN_POINT('',(31.61946348651,-18.57937865597,6.6));
#1836 = CARTESIAN_POINT('',(31.279424939975,-18.46181648572,6.6));
#1837 = CARTESIAN_POINT('',(30.928925966469,-18.38360404781,6.6));
#1838 = CARTESIAN_POINT('',(30.573258319637,-18.34567516421,6.6));
#1839 = CARTESIAN_POINT('',(29.868504872197,-18.35010331877,6.6));
#1840 = CARTESIAN_POINT('',(29.518985329362,-18.39120026929,6.6));
#1841 = CARTESIAN_POINT('',(29.174869579361,-18.47123723738,6.6));
#1842 = CARTESIAN_POINT('',(28.841203243042,-18.58929725701,6.6));
#1843 = CARTESIAN_POINT('',(28.522748679283,-18.74375787742,6.6));
#1844 = CARTESIAN_POINT('',(28.224006592488,-18.93237052834,6.6));
#1845 = CARTESIAN_POINT('',(27.949174743023,-19.152189377,6.6));
#1846 = CARTESIAN_POINT('',(27.452820356001,-19.6485437523,6.6));
#1847 = CARTESIAN_POINT('',(27.23144909206,-19.92581817432,6.6));
#1848 = CARTESIAN_POINT('',(27.041821913668,-20.22736007403,6.6));
#1849 = CARTESIAN_POINT('',(26.886950012825,-20.54886329904,6.6));
#1850 = CARTESIAN_POINT('',(26.769123917332,-20.88571139715,6.6));
#1851 = CARTESIAN_POINT('',(26.689988290502,-21.2330203911,6.6));
#1852 = CARTESIAN_POINT('',(26.650458800905,-21.58561613669,6.6));
#1853 = CARTESIAN_POINT('',(26.650458800905,-22.2903838633,6.6));
#1854 = CARTESIAN_POINT('',(26.689988290502,-22.64297960889,6.6));
#1855 = CARTESIAN_POINT('',(26.769123917331,-22.99028860284,6.6));
#1856 = CARTESIAN_POINT('',(26.886950012824,-23.32713670095,6.6));
#1857 = CARTESIAN_POINT('',(27.041821913667,-23.64863992596,6.6));
#1858 = CARTESIAN_POINT('',(27.231449092059,-23.95018182567,6.6));
#1859 = CARTESIAN_POINT('',(27.452820356,-24.22745624769,6.6));
#1860 = CARTESIAN_POINT('',(27.951166413126,-24.72580229305,6.6));
#1861 = CARTESIAN_POINT('',(28.228440847909,-24.94717355467,6.6));
#1862 = CARTESIAN_POINT('',(28.52998275808,-25.13680073664,6.6));
#1863 = CARTESIAN_POINT('',(28.851485989983,-25.29167265259,6.6));
#1864 = CARTESIAN_POINT('',(29.188334091765,-25.40949877262,6.6));
#1865 = CARTESIAN_POINT('',(29.53564308877,-25.4886344246,6.6));
#1866 = CARTESIAN_POINT('',(29.888238840763,-25.52816392922,6.6));
#1867 = CARTESIAN_POINT('',(30.593006586014,-25.52816392894,6.6));
#1868 = CARTESIAN_POINT('',(30.94560232959,-25.48863442499,6.6));
#1869 = CARTESIAN_POINT('',(31.292911313912,-25.40949877051,6.6));
#1870 = CARTESIAN_POINT('',(31.629759397953,-25.29167263862,6.6));
#1871 = CARTESIAN_POINT('',(31.951262613976,-25.13680070857,6.6));
#1872 = CARTESIAN_POINT('',(32.252804517529,-24.94717352326,6.6));
#1873 = CARTESIAN_POINT('',(32.530078953868,-24.72580227341,6.6));
#1874 = CARTESIAN_POINT('',(33.028425044802,-24.227456233,6.6));
#1875 = CARTESIAN_POINT('',(33.249796316355,-23.95018182074,6.6));
#1876 = CARTESIAN_POINT('',(33.439423462132,-23.6486399446,6.6));
#1877 = CARTESIAN_POINT('',(33.594295353717,-23.32713673892,6.6));
#1878 = CARTESIAN_POINT('',(33.712121376087,-22.99028861667,6.6));
#1879 = CARTESIAN_POINT('',(33.791256930437,-22.64297956761,6.6));
#1880 = CARTESIAN_POINT('',(33.83078662295,-22.29038382083,6.6));
#1881 = CARTESIAN_POINT('',(33.830786622951,-21.938,6.6));
#1882 = ORIENTED_EDGE('',*,*,#1883,.F.);
#1883 = EDGE_CURVE('',#1884,#1821,#1886,.T.);
#1884 = VERTEX_POINT('',#1885);
#1885 = CARTESIAN_POINT('',(33.843710588219,-21.938,6.6));
#1886 = LINE('',#1887,#1888);
#1887 = CARTESIAN_POINT('',(33.843710588219,-21.938,6.6));
#1888 = VECTOR('',#1889,1.);
#1889 = DIRECTION('',(-0.5,-0.866025403784,1.060575238725E-16));
#1890 = ORIENTED_EDGE('',*,*,#1891,.F.);
#1891 = EDGE_CURVE('',#1819,#1884,#1892,.T.);
#1892 = LINE('',#1893,#1894);
#1893 = CARTESIAN_POINT('',(32.140527294109,-18.988,6.6));
#1894 = VECTOR('',#1895,1.);
#1895 = DIRECTION('',(0.5,-0.866025403784,1.060575238725E-16));
#1896 = PLANE('',#1897);
#1897 = AXIS2_PLACEMENT_3D('',#1898,#1899,#1900);
#1898 = CARTESIAN_POINT('',(-300.,300.,6.6));
#1899 = DIRECTION('',(0.,-1.224646799147E-16,-1.));
#1900 = DIRECTION('',(1.,0.,0.));
#1901 = ADVANCED_FACE('',(#1902),#1912,.T.);
#1902 = FACE_BOUND('',#1903,.T.);
#1903 = EDGE_LOOP('',(#1904,#1910,#1911));
#1904 = ORIENTED_EDGE('',*,*,#1905,.F.);
#1905 = EDGE_CURVE('',#1440,#233,#1906,.T.);
#1906 = LINE('',#1907,#1908);
#1907 = CARTESIAN_POINT('',(17.414166688425,30.839873862456,
    6.884839937615));
#1908 = VECTOR('',#1909,1.);
#1909 = DIRECTION('',(9.384964072931E-18,0.985604992202,-0.169064482807)
  );
#1910 = ORIENTED_EDGE('',*,*,#1447,.F.);
#1911 = ORIENTED_EDGE('',*,*,#240,.F.);
#1912 = PLANE('',#1913);
#1913 = AXIS2_PLACEMENT_3D('',#1914,#1915,#1916);
#1914 = CARTESIAN_POINT('',(22.139633261191,38.647484137544,
    52.401317062385));
#1915 = DIRECTION('',(-0.994805619326,1.720955175708E-02,0.100327519085)
  );
#1916 = DIRECTION('',(-0.101792827632,-0.168186297525,-0.980485384678));
#1917 = ADVANCED_FACE('',(#1918),#1929,.T.);
#1918 = FACE_BOUND('',#1919,.T.);
#1919 = EDGE_LOOP('',(#1920,#1921,#1922,#1923));
#1920 = ORIENTED_EDGE('',*,*,#1439,.F.);
#1921 = ORIENTED_EDGE('',*,*,#1905,.T.);
#1922 = ORIENTED_EDGE('',*,*,#232,.F.);
#1923 = ORIENTED_EDGE('',*,*,#1924,.F.);
#1924 = EDGE_CURVE('',#1432,#225,#1925,.T.);
#1925 = LINE('',#1926,#1927);
#1926 = CARTESIAN_POINT('',(13.860366738809,30.347071366355,
    6.969372179018));
#1927 = VECTOR('',#1928,1.);
#1928 = DIRECTION('',(9.384964072931E-18,0.985604992202,-0.169064482807)
  );
#1929 = PLANE('',#1930);
#1930 = AXIS2_PLACEMENT_3D('',#1931,#1932,#1933);
#1931 = CARTESIAN_POINT('',(17.414166688425,30.839873862456,
    6.884839937615));
#1932 = DIRECTION('',(0.,0.169064482807,0.985604992202));
#1933 = DIRECTION('',(-1.,6.396193521832E-17,-1.097162817008E-17));
#1934 = ADVANCED_FACE('',(#1935),#1940,.T.);
#1935 = FACE_BOUND('',#1936,.T.);
#1936 = EDGE_LOOP('',(#1937,#1938,#1939));
#1937 = ORIENTED_EDGE('',*,*,#224,.F.);
#1938 = ORIENTED_EDGE('',*,*,#1431,.F.);
#1939 = ORIENTED_EDGE('',*,*,#1924,.T.);
#1940 = PLANE('',#1941);
#1941 = AXIS2_PLACEMENT_3D('',#1942,#1943,#1944);
#1942 = CARTESIAN_POINT('',(13.860366738809,29.685204387447,
    6.06829942822));
#1943 = DIRECTION('',(1.,-9.249867441916E-18,1.586664097152E-18));
#1944 = DIRECTION('',(9.384964072931E-18,0.985604992202,-0.169064482807)
  );
#1945 = ADVANCED_FACE('',(#1946),#1956,.F.);
#1946 = FACE_BOUND('',#1947,.F.);
#1947 = EDGE_LOOP('',(#1948,#1949,#1950));
#1948 = ORIENTED_EDGE('',*,*,#208,.F.);
#1949 = ORIENTED_EDGE('',*,*,#1424,.F.);
#1950 = ORIENTED_EDGE('',*,*,#1951,.T.);
#1951 = EDGE_CURVE('',#1417,#201,#1952,.T.);
#1952 = LINE('',#1953,#1954);
#1953 = CARTESIAN_POINT('',(10.860366738809,30.347071366355,
    6.969372179018));
#1954 = VECTOR('',#1955,1.);
#1955 = DIRECTION('',(9.384964072931E-18,0.985604992202,-0.169064482807)
  );
#1956 = PLANE('',#1957);
#1957 = AXIS2_PLACEMENT_3D('',#1958,#1959,#1960);
#1958 = CARTESIAN_POINT('',(10.860366738809,29.685204387447,
    6.06829942822));
#1959 = DIRECTION('',(1.,-9.249867441916E-18,1.586664097152E-18));
#1960 = DIRECTION('',(9.384964072931E-18,0.985604992202,-0.169064482807)
  );
#1961 = ADVANCED_FACE('',(#1962),#1973,.T.);
#1962 = FACE_BOUND('',#1963,.T.);
#1963 = EDGE_LOOP('',(#1964,#1965,#1966,#1967));
#1964 = ORIENTED_EDGE('',*,*,#1416,.F.);
#1965 = ORIENTED_EDGE('',*,*,#1951,.T.);
#1966 = ORIENTED_EDGE('',*,*,#200,.F.);
#1967 = ORIENTED_EDGE('',*,*,#1968,.F.);
#1968 = EDGE_CURVE('',#1409,#193,#1969,.T.);
#1969 = LINE('',#1970,#1971);
#1970 = CARTESIAN_POINT('',(4.860366738809,30.347071366355,
    6.969372179018));
#1971 = VECTOR('',#1972,1.);
#1972 = DIRECTION('',(9.384964072931E-18,0.985604992202,-0.169064482807)
  );
#1973 = PLANE('',#1974);
#1974 = AXIS2_PLACEMENT_3D('',#1975,#1976,#1977);
#1975 = CARTESIAN_POINT('',(17.414166688425,30.839873862456,
    6.884839937615));
#1976 = DIRECTION('',(0.,0.169064482807,0.985604992202));
#1977 = DIRECTION('',(-1.,6.396193521832E-17,-1.097162817008E-17));
#1978 = ADVANCED_FACE('',(#1979),#1984,.T.);
#1979 = FACE_BOUND('',#1980,.T.);
#1980 = EDGE_LOOP('',(#1981,#1982,#1983));
#1981 = ORIENTED_EDGE('',*,*,#192,.F.);
#1982 = ORIENTED_EDGE('',*,*,#1408,.F.);
#1983 = ORIENTED_EDGE('',*,*,#1968,.T.);
#1984 = PLANE('',#1985);
#1985 = AXIS2_PLACEMENT_3D('',#1986,#1987,#1988);
#1986 = CARTESIAN_POINT('',(4.860366738809,29.685204387447,6.06829942822
    ));
#1987 = DIRECTION('',(1.,-9.249867441916E-18,1.586664097152E-18));
#1988 = DIRECTION('',(9.384964072931E-18,0.985604992202,-0.169064482807)
  );
#1989 = ADVANCED_FACE('',(#1990),#2000,.F.);
#1990 = FACE_BOUND('',#1991,.F.);
#1991 = EDGE_LOOP('',(#1992,#1993,#1994));
#1992 = ORIENTED_EDGE('',*,*,#176,.F.);
#1993 = ORIENTED_EDGE('',*,*,#1401,.F.);
#1994 = ORIENTED_EDGE('',*,*,#1995,.T.);
#1995 = EDGE_CURVE('',#1394,#169,#1996,.T.);
#1996 = LINE('',#1997,#1998);
#1997 = CARTESIAN_POINT('',(1.860366738809,30.347071366355,
    6.969372179018));
#1998 = VECTOR('',#1999,1.);
#1999 = DIRECTION('',(9.384964072931E-18,0.985604992202,-0.169064482807)
  );
#2000 = PLANE('',#2001);
#2001 = AXIS2_PLACEMENT_3D('',#2002,#2003,#2004);
#2002 = CARTESIAN_POINT('',(1.860366738809,29.685204387447,6.06829942822
    ));
#2003 = DIRECTION('',(1.,-9.249867441916E-18,1.586664097152E-18));
#2004 = DIRECTION('',(9.384964072931E-18,0.985604992202,-0.169064482807)
  );
#2005 = ADVANCED_FACE('',(#2006),#2017,.T.);
#2006 = FACE_BOUND('',#2007,.T.);
#2007 = EDGE_LOOP('',(#2008,#2009,#2010,#2011));
#2008 = ORIENTED_EDGE('',*,*,#1393,.F.);
#2009 = ORIENTED_EDGE('',*,*,#1995,.T.);
#2010 = ORIENTED_EDGE('',*,*,#168,.F.);
#2011 = ORIENTED_EDGE('',*,*,#2012,.F.);
#2012 = EDGE_CURVE('',#1386,#161,#2013,.T.);
#2013 = LINE('',#2014,#2015);
#2014 = CARTESIAN_POINT('',(-4.139633261191,30.347071366355,
    6.969372179018));
#2015 = VECTOR('',#2016,1.);
#2016 = DIRECTION('',(9.384964072931E-18,0.985604992202,-0.169064482807)
  );
#2017 = PLANE('',#2018);
#2018 = AXIS2_PLACEMENT_3D('',#2019,#2020,#2021);
#2019 = CARTESIAN_POINT('',(17.414166688425,30.839873862456,
    6.884839937615));
#2020 = DIRECTION('',(0.,0.169064482807,0.985604992202));
#2021 = DIRECTION('',(-1.,6.396193521832E-17,-1.097162817008E-17));
#2022 = ADVANCED_FACE('',(#2023),#2028,.T.);
#2023 = FACE_BOUND('',#2024,.T.);
#2024 = EDGE_LOOP('',(#2025,#2026,#2027));
#2025 = ORIENTED_EDGE('',*,*,#160,.F.);
#2026 = ORIENTED_EDGE('',*,*,#1385,.F.);
#2027 = ORIENTED_EDGE('',*,*,#2012,.T.);
#2028 = PLANE('',#2029);
#2029 = AXIS2_PLACEMENT_3D('',#2030,#2031,#2032);
#2030 = CARTESIAN_POINT('',(-4.139633261191,29.685204387447,
    6.06829942822));
#2031 = DIRECTION('',(1.,-9.249867441916E-18,1.586664097152E-18));
#2032 = DIRECTION('',(9.384964072931E-18,0.985604992202,-0.169064482807)
  );
#2033 = ADVANCED_FACE('',(#2034),#2044,.F.);
#2034 = FACE_BOUND('',#2035,.F.);
#2035 = EDGE_LOOP('',(#2036,#2037,#2038));
#2036 = ORIENTED_EDGE('',*,*,#144,.F.);
#2037 = ORIENTED_EDGE('',*,*,#1378,.F.);
#2038 = ORIENTED_EDGE('',*,*,#2039,.T.);
#2039 = EDGE_CURVE('',#1371,#137,#2040,.T.);
#2040 = LINE('',#2041,#2042);
#2041 = CARTESIAN_POINT('',(-7.139633261191,30.347071366355,
    6.969372179018));
#2042 = VECTOR('',#2043,1.);
#2043 = DIRECTION('',(9.384964072931E-18,0.985604992202,-0.169064482807)
  );
#2044 = PLANE('',#2045);
#2045 = AXIS2_PLACEMENT_3D('',#2046,#2047,#2048);
#2046 = CARTESIAN_POINT('',(-7.139633261191,29.685204387447,
    6.06829942822));
#2047 = DIRECTION('',(1.,-9.249867441916E-18,1.586664097152E-18));
#2048 = DIRECTION('',(9.384964072931E-18,0.985604992202,-0.169064482807)
  );
#2049 = ADVANCED_FACE('',(#2050),#2061,.T.);
#2050 = FACE_BOUND('',#2051,.T.);
#2051 = EDGE_LOOP('',(#2052,#2053,#2054,#2055));
#2052 = ORIENTED_EDGE('',*,*,#1370,.F.);
#2053 = ORIENTED_EDGE('',*,*,#2039,.T.);
#2054 = ORIENTED_EDGE('',*,*,#136,.F.);
#2055 = ORIENTED_EDGE('',*,*,#2056,.F.);
#2056 = EDGE_CURVE('',#1363,#129,#2057,.T.);
#2057 = LINE('',#2058,#2059);
#2058 = CARTESIAN_POINT('',(-13.13963326119,30.347071366355,
    6.969372179018));
#2059 = VECTOR('',#2060,1.);
#2060 = DIRECTION('',(9.384964072931E-18,0.985604992202,-0.169064482807)
  );
#2061 = PLANE('',#2062);
#2062 = AXIS2_PLACEMENT_3D('',#2063,#2064,#2065);
#2063 = CARTESIAN_POINT('',(17.414166688425,30.839873862456,
    6.884839937615));
#2064 = DIRECTION('',(0.,0.169064482807,0.985604992202));
#2065 = DIRECTION('',(-1.,6.396193521832E-17,-1.097162817008E-17));
#2066 = ADVANCED_FACE('',(#2067),#2072,.T.);
#2067 = FACE_BOUND('',#2068,.T.);
#2068 = EDGE_LOOP('',(#2069,#2070,#2071));
#2069 = ORIENTED_EDGE('',*,*,#128,.F.);
#2070 = ORIENTED_EDGE('',*,*,#1362,.F.);
#2071 = ORIENTED_EDGE('',*,*,#2056,.T.);
#2072 = PLANE('',#2073);
#2073 = AXIS2_PLACEMENT_3D('',#2074,#2075,#2076);
#2074 = CARTESIAN_POINT('',(-13.13963326119,29.685204387447,
    6.06829942822));
#2075 = DIRECTION('',(1.,-9.249867441916E-18,1.586664097152E-18));
#2076 = DIRECTION('',(9.384964072931E-18,0.985604992202,-0.169064482807)
  );
#2077 = ADVANCED_FACE('',(#2078),#2088,.F.);
#2078 = FACE_BOUND('',#2079,.F.);
#2079 = EDGE_LOOP('',(#2080,#2081,#2082));
#2080 = ORIENTED_EDGE('',*,*,#112,.F.);
#2081 = ORIENTED_EDGE('',*,*,#1355,.F.);
#2082 = ORIENTED_EDGE('',*,*,#2083,.T.);
#2083 = EDGE_CURVE('',#1348,#105,#2084,.T.);
#2084 = LINE('',#2085,#2086);
#2085 = CARTESIAN_POINT('',(-16.13963326119,30.347071366355,
    6.969372179018));
#2086 = VECTOR('',#2087,1.);
#2087 = DIRECTION('',(9.384964072931E-18,0.985604992202,-0.169064482807)
  );
#2088 = PLANE('',#2089);
#2089 = AXIS2_PLACEMENT_3D('',#2090,#2091,#2092);
#2090 = CARTESIAN_POINT('',(-16.13963326119,29.685204387447,
    6.06829942822));
#2091 = DIRECTION('',(1.,-9.249867441916E-18,1.586664097152E-18));
#2092 = DIRECTION('',(9.384964072931E-18,0.985604992202,-0.169064482807)
  );
#2093 = ADVANCED_FACE('',(#2094),#2105,.T.);
#2094 = FACE_BOUND('',#2095,.T.);
#2095 = EDGE_LOOP('',(#2096,#2097,#2098,#2099));
#2096 = ORIENTED_EDGE('',*,*,#1347,.F.);
#2097 = ORIENTED_EDGE('',*,*,#2083,.T.);
#2098 = ORIENTED_EDGE('',*,*,#104,.F.);
#2099 = ORIENTED_EDGE('',*,*,#2100,.F.);
#2100 = EDGE_CURVE('',#1340,#97,#2101,.T.);
#2101 = LINE('',#2102,#2103);
#2102 = CARTESIAN_POINT('',(-17.41416668842,30.839873862456,
    6.884839937615));
#2103 = VECTOR('',#2104,1.);
#2104 = DIRECTION('',(9.384964072931E-18,0.985604992202,-0.169064482807)
  );
#2105 = PLANE('',#2106);
#2106 = AXIS2_PLACEMENT_3D('',#2107,#2108,#2109);
#2107 = CARTESIAN_POINT('',(17.414166688425,30.839873862456,
    6.884839937615));
#2108 = DIRECTION('',(0.,0.169064482807,0.985604992202));
#2109 = DIRECTION('',(-1.,6.396193521832E-17,-1.097162817008E-17));
#2110 = ADVANCED_FACE('',(#2111),#2116,.T.);
#2111 = FACE_BOUND('',#2112,.T.);
#2112 = EDGE_LOOP('',(#2113,#2114,#2115));
#2113 = ORIENTED_EDGE('',*,*,#1339,.F.);
#2114 = ORIENTED_EDGE('',*,*,#2100,.T.);
#2115 = ORIENTED_EDGE('',*,*,#96,.F.);
#2116 = PLANE('',#2117);
#2117 = AXIS2_PLACEMENT_3D('',#2118,#2119,#2120);
#2118 = CARTESIAN_POINT('',(-17.41416668842,30.839873862456,
    6.884839937615));
#2119 = DIRECTION('',(0.994805619326,1.720955175708E-02,0.100327519085)
  );
#2120 = DIRECTION('',(-0.101792827632,0.168186297525,0.980485384678));
#2121 = ADVANCED_FACE('',(#2122),#2133,.T.);
#2122 = FACE_BOUND('',#2123,.T.);
#2123 = EDGE_LOOP('',(#2124,#2125,#2126,#2132));
#2124 = ORIENTED_EDGE('',*,*,#80,.F.);
#2125 = ORIENTED_EDGE('',*,*,#442,.F.);
#2126 = ORIENTED_EDGE('',*,*,#2127,.T.);
#2127 = EDGE_CURVE('',#435,#1324,#2128,.T.);
#2128 = LINE('',#2129,#2130);
#2129 = CARTESIAN_POINT('',(-27.42397901072,29.787358,-1.558159492213));
#2130 = VECTOR('',#2131,1.);
#2131 = DIRECTION('',(-0.101792827632,0.168186297525,0.980485384678));
#2132 = ORIENTED_EDGE('',*,*,#1331,.T.);
#2133 = CYLINDRICAL_SURFACE('',#2134,2.5);
#2134 = AXIS2_PLACEMENT_3D('',#2135,#2136,#2137);
#2135 = CARTESIAN_POINT('',(-24.937344,29.787358,-1.3));
#2136 = DIRECTION('',(-0.101792827632,0.168186297525,0.980485384678));
#2137 = DIRECTION('',(0.994805619326,1.720955175708E-02,0.100327519085)
  );
#2138 = ADVANCED_FACE('',(#2139),#2203,.T.);
#2139 = FACE_BOUND('',#2140,.T.);
#2140 = EDGE_LOOP('',(#2141,#2142,#2143,#2152,#2161,#2202));
#2141 = ORIENTED_EDGE('',*,*,#2127,.F.);
#2142 = ORIENTED_EDGE('',*,*,#434,.T.);
#2143 = ORIENTED_EDGE('',*,*,#2144,.F.);
#2144 = EDGE_CURVE('',#2145,#426,#2147,.T.);
#2145 = VERTEX_POINT('',#2146);
#2146 = CARTESIAN_POINT('',(-28.05292993095,23.878355532091,4.5));
#2147 = ELLIPSE('',#2148,43.57771199328,4.5);
#2148 = AXIS2_PLACEMENT_3D('',#2149,#2150,#2151);
#2149 = CARTESIAN_POINT('',(-30.437344,20.062,27.46707145392));
#2150 = DIRECTION('',(-0.994654004291,-1.264616783234E-17,
    -0.103263796885));
#2151 = DIRECTION('',(0.103263796885,-1.218099842615E-16,-0.994654004291
    ));
#2152 = ORIENTED_EDGE('',*,*,#2153,.T.);
#2153 = EDGE_CURVE('',#2145,#2154,#2156,.T.);
#2154 = VERTEX_POINT('',#2155);
#2155 = CARTESIAN_POINT('',(-28.2398037922,25.966304957836,6.3));
#2156 = HYPERBOLA('',#2157,2.898162691838,2.867091836282);
#2157 = AXIS2_PLACEMENT_3D('',#2158,#2159,#2160);
#2158 = CARTESIAN_POINT('',(-27.55467487347,20.062,-0.299275283551));
#2159 = DIRECTION('',(-0.994654004291,-1.264616783234E-17,
    -0.103263796885));
#2160 = DIRECTION('',(-0.103263796885,1.218099842615E-16,0.994654004291)
  );
#2161 = ORIENTED_EDGE('',*,*,#2162,.F.);
#2162 = EDGE_CURVE('',#1275,#2154,#2163,.T.);
#2163 = B_SPLINE_CURVE_WITH_KNOTS('',7,(#2164,#2165,#2166,#2167,#2168,
    #2169,#2170,#2171,#2172,#2173,#2174,#2175,#2176,#2177,#2178,#2179,
    #2180,#2181,#2182,#2183,#2184,#2185,#2186,#2187,#2188,#2189,#2190,
    #2191,#2192,#2193,#2194,#2195,#2196,#2197,#2198,#2199,#2200,#2201),
  .UNSPECIFIED.,.F.,.F.,(8,6,6,6,6,6,8),(0.,0.13577656136,0.201632782212
    ,0.236061810325,0.26301539972,0.626106539502,1.),.UNSPECIFIED.);
#2164 = CARTESIAN_POINT('',(-29.51677517744,24.12232075826,18.6));
#2165 = CARTESIAN_POINT('',(-29.50187121457,24.358607246263,
    18.456442559809));
#2166 = CARTESIAN_POINT('',(-29.48596999166,24.588946132338,
    18.303279345583));
#2167 = CARTESIAN_POINT('',(-29.46910543913,24.812877381038,
    18.140837180882));
#2168 = CARTESIAN_POINT('',(-29.45131405707,25.029970332432,
    17.969467640545));
#2169 = CARTESIAN_POINT('',(-29.43263474181,25.239822528311,
    17.789545380409));
#2170 = CARTESIAN_POINT('',(-29.41310861249,25.442058538392,
    17.601466467037));
#2171 = CARTESIAN_POINT('',(-29.38291820991,25.730556422262,
    17.310667506278));
#2172 = CARTESIAN_POINT('',(-29.37286847456,25.822910469803,
    17.213866789968));
#2173 = CARTESIAN_POINT('',(-29.36263453657,25.913351354484,
    17.115291803265));
#2174 = CARTESIAN_POINT('',(-29.35222138606,26.001841093589,
    17.014990611913));
#2175 = CARTESIAN_POINT('',(-29.3416340984,26.088343296349,
    16.913012102642));
#2176 = CARTESIAN_POINT('',(-29.33087783418,26.172823163935,
    16.809405983178));
#2177 = CARTESIAN_POINT('',(-29.31424896606,26.298338170715,
    16.649233969704));
#2178 = CARTESIAN_POINT('',(-29.30849534175,26.340867055327,
    16.593814106923));
#2179 = CARTESIAN_POINT('',(-29.30269771462,26.382829399899,
    16.537970401666));
#2180 = CARTESIAN_POINT('',(-29.29685683798,26.42422057927,
    16.481710109844));
#2181 = CARTESIAN_POINT('',(-29.2909734701,26.465036086522,
    16.425040535505));
#2182 = CARTESIAN_POINT('',(-29.2850483743,26.505271532981,
    16.367969030831));
#2183 = CARTESIAN_POINT('',(-29.27441164944,26.575964473607,
    16.2655143343));
#2184 = CARTESIAN_POINT('',(-29.26971587603,26.606648167388,
    16.220283866676));
#2185 = CARTESIAN_POINT('',(-29.26499536719,26.636971680572,
    16.174815143247));
#2186 = CARTESIAN_POINT('',(-29.26025049307,26.666933008154,
    16.129111729397));
#2187 = CARTESIAN_POINT('',(-29.25548162542,26.69653018911,
    16.083177205915));
#2188 = CARTESIAN_POINT('',(-29.2506891376,26.725761306399,
    16.037015168996));
#2189 = CARTESIAN_POINT('',(-29.18100078314,27.143439682355,
    15.365765390191));
#2190 = CARTESIAN_POINT('',(-29.11190338387,27.465524874779,
    14.700207789704));
#2191 = CARTESIAN_POINT('',(-29.0395118022,27.716187314053,
    14.002920078543));
#2192 = CARTESIAN_POINT('',(-28.96478573368,27.892402999274,
    13.283146203077));
#2193 = CARTESIAN_POINT('',(-28.88869763888,27.992374266386,
    12.550253064701));
#2194 = CARTESIAN_POINT('',(-28.81223273124,28.01550072757,
    11.813730402699));
#2195 = CARTESIAN_POINT('',(-28.65828916374,27.908083149412,
    10.330920449274));
#2196 = CARTESIAN_POINT('',(-28.58081280666,27.772922087542,
    9.584655338634));
#2197 = CARTESIAN_POINT('',(-28.5050601026,27.5578501422,8.854992739541)
  );
#2198 = CARTESIAN_POINT('',(-28.43208860182,27.265206453654,
    8.152119151393));
#2199 = CARTESIAN_POINT('',(-28.36291653029,26.898684896224,
    7.48584229528));
#2200 = CARTESIAN_POINT('',(-28.29852099594,26.463375081819,
    6.865573836936));
#2201 = CARTESIAN_POINT('',(-28.2398037922,25.966304961677,6.3));
#2202 = ORIENTED_EDGE('',*,*,#1323,.F.);
#2203 = PLANE('',#2204);
#2204 = AXIS2_PLACEMENT_3D('',#2205,#2206,#2207);
#2205 = CARTESIAN_POINT('',(-30.85115252589,-0.104463170241,
    31.452943750907));
#2206 = DIRECTION('',(-0.994654004291,-1.264616783234E-17,
    -0.103263796885));
#2207 = DIRECTION('',(-0.103263796885,1.218099842615E-16,0.994654004291)
  );
#2208 = ADVANCED_FACE('',(#2209),#2235,.T.);
#2209 = FACE_BOUND('',#2210,.T.);
#2210 = EDGE_LOOP('',(#2211,#2219,#2220,#2228));
#2211 = ORIENTED_EDGE('',*,*,#2212,.F.);
#2212 = EDGE_CURVE('',#426,#2213,#2215,.T.);
#2213 = VERTEX_POINT('',#2214);
#2214 = CARTESIAN_POINT('',(-27.58574527781,16.580852958055,0.));
#2215 = LINE('',#2216,#2217);
#2216 = CARTESIAN_POINT('',(-27.58574527781,249.94776841487,
    -2.84217094304E-14));
#2217 = VECTOR('',#2218,1.);
#2218 = DIRECTION('',(0.,-1.,1.224646799147E-16));
#2219 = ORIENTED_EDGE('',*,*,#425,.T.);
#2220 = ORIENTED_EDGE('',*,*,#2221,.T.);
#2221 = EDGE_CURVE('',#418,#2222,#2224,.T.);
#2222 = VERTEX_POINT('',#2223);
#2223 = CARTESIAN_POINT('',(-27.537344,16.621069893183,0.));
#2224 = LINE('',#2225,#2226);
#2225 = CARTESIAN_POINT('',(-27.537344,25.487358,-3.10862446895E-15));
#2226 = VECTOR('',#2227,1.);
#2227 = DIRECTION('',(0.,-1.,1.224646799147E-16));
#2228 = ORIENTED_EDGE('',*,*,#2229,.T.);
#2229 = EDGE_CURVE('',#2222,#2213,#2230,.T.);
#2230 = CIRCLE('',#2231,4.5);
#2231 = AXIS2_PLACEMENT_3D('',#2232,#2233,#2234);
#2232 = CARTESIAN_POINT('',(-30.437344,20.062,-2.6645352591E-15));
#2233 = DIRECTION('',(0.,-1.224646799147E-16,-1.));
#2234 = DIRECTION('',(1.,0.,0.));
#2235 = PLANE('',#2236);
#2236 = AXIS2_PLACEMENT_3D('',#2237,#2238,#2239);
#2237 = CARTESIAN_POINT('',(-500.,500.,-6.128431095931E-14));
#2238 = DIRECTION('',(0.,-1.224646799147E-16,-1.));
#2239 = DIRECTION('',(1.,0.,0.));
#2240 = ADVANCED_FACE('',(#2241),#2283,.T.);
#2241 = FACE_BOUND('',#2242,.T.);
#2242 = EDGE_LOOP('',(#2243,#2252,#2253,#2254,#2262,#2270,#2276));
#2243 = ORIENTED_EDGE('',*,*,#2244,.F.);
#2244 = EDGE_CURVE('',#418,#2245,#2247,.T.);
#2245 = VERTEX_POINT('',#2246);
#2246 = CARTESIAN_POINT('',(-25.937344,20.062,0.));
#2247 = CIRCLE('',#2248,4.5);
#2248 = AXIS2_PLACEMENT_3D('',#2249,#2250,#2251);
#2249 = CARTESIAN_POINT('',(-30.437344,20.062,-2.6645352591E-15));
#2250 = DIRECTION('',(0.,-1.224646799147E-16,-1.));
#2251 = DIRECTION('',(1.,0.,0.));
#2252 = ORIENTED_EDGE('',*,*,#417,.F.);
#2253 = ORIENTED_EDGE('',*,*,#409,.T.);
#2254 = ORIENTED_EDGE('',*,*,#2255,.T.);
#2255 = EDGE_CURVE('',#402,#2256,#2258,.T.);
#2256 = VERTEX_POINT('',#2257);
#2257 = CARTESIAN_POINT('',(-24.637344,0.8,0.));
#2258 = LINE('',#2259,#2260);
#2259 = CARTESIAN_POINT('',(-24.637344,264.743679,-3.552713678801E-14));
#2260 = VECTOR('',#2261,1.);
#2261 = DIRECTION('',(0.,-1.,1.224646799147E-16));
#2262 = ORIENTED_EDGE('',*,*,#2263,.F.);
#2263 = EDGE_CURVE('',#2264,#2256,#2266,.T.);
#2264 = VERTEX_POINT('',#2265);
#2265 = CARTESIAN_POINT('',(-27.537344,0.8,0.));
#2266 = LINE('',#2267,#2268);
#2267 = CARTESIAN_POINT('',(-27.537344,0.8,0.));
#2268 = VECTOR('',#2269,1.);
#2269 = DIRECTION('',(1.,0.,0.));
#2270 = ORIENTED_EDGE('',*,*,#2271,.F.);
#2271 = EDGE_CURVE('',#2222,#2264,#2272,.T.);
#2272 = LINE('',#2273,#2274);
#2273 = CARTESIAN_POINT('',(-27.537344,25.487358,-3.10862446895E-15));
#2274 = VECTOR('',#2275,1.);
#2275 = DIRECTION('',(0.,-1.,1.224646799147E-16));
#2276 = ORIENTED_EDGE('',*,*,#2277,.F.);
#2277 = EDGE_CURVE('',#2245,#2222,#2278,.T.);
#2278 = CIRCLE('',#2279,4.5);
#2279 = AXIS2_PLACEMENT_3D('',#2280,#2281,#2282);
#2280 = CARTESIAN_POINT('',(-30.437344,20.062,-2.6645352591E-15));
#2281 = DIRECTION('',(0.,-1.224646799147E-16,-1.));
#2282 = DIRECTION('',(1.,0.,0.));
#2283 = PLANE('',#2284);
#2284 = AXIS2_PLACEMENT_3D('',#2285,#2286,#2287);
#2285 = CARTESIAN_POINT('',(-500.,500.,-6.128431095931E-14));
#2286 = DIRECTION('',(0.,-1.224646799147E-16,-1.));
#2287 = DIRECTION('',(1.,0.,0.));
#2288 = ADVANCED_FACE('',(#2289),#2408,.T.);
#2289 = FACE_BOUND('',#2290,.T.);
#2290 = EDGE_LOOP('',(#2291,#2299,#2307,#2315,#2323,#2331,#2339,#2347,
    #2355,#2363,#2369,#2377,#2385,#2393,#2401,#2407));
#2291 = ORIENTED_EDGE('',*,*,#2292,.F.);
#2292 = EDGE_CURVE('',#2293,#394,#2295,.T.);
#2293 = VERTEX_POINT('',#2294);
#2294 = CARTESIAN_POINT('',(-24.637344,29.487358,6.6));
#2295 = LINE('',#2296,#2297);
#2296 = CARTESIAN_POINT('',(-24.637344,29.487358,6.7));
#2297 = VECTOR('',#2298,1.);
#2298 = DIRECTION('',(0.,-1.224646799147E-16,-1.));
#2299 = ORIENTED_EDGE('',*,*,#2300,.T.);
#2300 = EDGE_CURVE('',#2293,#2301,#2303,.T.);
#2301 = VERTEX_POINT('',#2302);
#2302 = CARTESIAN_POINT('',(-24.637344,-29.987358,6.6));
#2303 = LINE('',#2304,#2305);
#2304 = CARTESIAN_POINT('',(-24.637344,264.743679,6.6));
#2305 = VECTOR('',#2306,1.);
#2306 = DIRECTION('',(0.,-1.,1.224646799147E-16));
#2307 = ORIENTED_EDGE('',*,*,#2308,.T.);
#2308 = EDGE_CURVE('',#2301,#2309,#2311,.T.);
#2309 = VERTEX_POINT('',#2310);
#2310 = CARTESIAN_POINT('',(-24.637344,-29.987358,7.105427357601E-15));
#2311 = LINE('',#2312,#2313);
#2312 = CARTESIAN_POINT('',(-24.637344,-29.987358,6.7));
#2313 = VECTOR('',#2314,1.);
#2314 = DIRECTION('',(0.,-1.224646799147E-16,-1.));
#2315 = ORIENTED_EDGE('',*,*,#2316,.F.);
#2316 = EDGE_CURVE('',#2317,#2309,#2319,.T.);
#2317 = VERTEX_POINT('',#2318);
#2318 = CARTESIAN_POINT('',(-24.637344,-25.487358,0.));
#2319 = LINE('',#2320,#2321);
#2320 = CARTESIAN_POINT('',(-24.637344,264.743679,-3.552713678801E-14));
#2321 = VECTOR('',#2322,1.);
#2322 = DIRECTION('',(0.,-1.,1.224646799147E-16));
#2323 = ORIENTED_EDGE('',*,*,#2324,.F.);
#2324 = EDGE_CURVE('',#2325,#2317,#2327,.T.);
#2325 = VERTEX_POINT('',#2326);
#2326 = CARTESIAN_POINT('',(-24.637344,-25.487358,2.586157));
#2327 = LINE('',#2328,#2329);
#2328 = CARTESIAN_POINT('',(-24.637344,-25.487358,5.6430785));
#2329 = VECTOR('',#2330,1.);
#2330 = DIRECTION('',(0.,-1.224646799147E-16,-1.));
#2331 = ORIENTED_EDGE('',*,*,#2332,.F.);
#2332 = EDGE_CURVE('',#2333,#2325,#2335,.T.);
#2333 = VERTEX_POINT('',#2334);
#2334 = CARTESIAN_POINT('',(-24.637344,-25.487358,4.586157));
#2335 = LINE('',#2336,#2337);
#2336 = CARTESIAN_POINT('',(-24.637344,-25.487358,5.6430785));
#2337 = VECTOR('',#2338,1.);
#2338 = DIRECTION('',(0.,-1.224646799147E-16,-1.));
#2339 = ORIENTED_EDGE('',*,*,#2340,.T.);
#2340 = EDGE_CURVE('',#2333,#2341,#2343,.T.);
#2341 = VERTEX_POINT('',#2342);
#2342 = CARTESIAN_POINT('',(-24.637344,-21.8,4.586157));
#2343 = LINE('',#2344,#2345);
#2344 = CARTESIAN_POINT('',(-24.637344,3.843679,4.586157));
#2345 = VECTOR('',#2346,1.);
#2346 = DIRECTION('',(0.,1.,-1.224646799147E-16));
#2347 = ORIENTED_EDGE('',*,*,#2348,.T.);
#2348 = EDGE_CURVE('',#2341,#2349,#2351,.T.);
#2349 = VERTEX_POINT('',#2350);
#2350 = CARTESIAN_POINT('',(-24.637344,-21.8,2.586157));
#2351 = LINE('',#2352,#2353);
#2352 = CARTESIAN_POINT('',(-24.637344,-21.8,5.6430785));
#2353 = VECTOR('',#2354,1.);
#2354 = DIRECTION('',(0.,-1.224646799147E-16,-1.));
#2355 = ORIENTED_EDGE('',*,*,#2356,.T.);
#2356 = EDGE_CURVE('',#2349,#2357,#2359,.T.);
#2357 = VERTEX_POINT('',#2358);
#2358 = CARTESIAN_POINT('',(-24.637344,-21.8,0.));
#2359 = LINE('',#2360,#2361);
#2360 = CARTESIAN_POINT('',(-24.637344,-21.8,5.6430785));
#2361 = VECTOR('',#2362,1.);
#2362 = DIRECTION('',(0.,-1.224646799147E-16,-1.));
#2363 = ORIENTED_EDGE('',*,*,#2364,.F.);
#2364 = EDGE_CURVE('',#2256,#2357,#2365,.T.);
#2365 = LINE('',#2366,#2367);
#2366 = CARTESIAN_POINT('',(-24.637344,264.743679,-3.552713678801E-14));
#2367 = VECTOR('',#2368,1.);
#2368 = DIRECTION('',(0.,-1.,1.224646799147E-16));
#2369 = ORIENTED_EDGE('',*,*,#2370,.F.);
#2370 = EDGE_CURVE('',#2371,#2256,#2373,.T.);
#2371 = VERTEX_POINT('',#2372);
#2372 = CARTESIAN_POINT('',(-24.637344,0.8,2.586157));
#2373 = LINE('',#2374,#2375);
#2374 = CARTESIAN_POINT('',(-24.637344,0.8,5.6430785));
#2375 = VECTOR('',#2376,1.);
#2376 = DIRECTION('',(0.,-1.224646799147E-16,-1.));
#2377 = ORIENTED_EDGE('',*,*,#2378,.F.);
#2378 = EDGE_CURVE('',#2379,#2371,#2381,.T.);
#2379 = VERTEX_POINT('',#2380);
#2380 = CARTESIAN_POINT('',(-24.637344,0.8,4.586157));
#2381 = LINE('',#2382,#2383);
#2382 = CARTESIAN_POINT('',(-24.637344,0.8,5.6430785));
#2383 = VECTOR('',#2384,1.);
#2384 = DIRECTION('',(0.,-1.224646799147E-16,-1.));
#2385 = ORIENTED_EDGE('',*,*,#2386,.T.);
#2386 = EDGE_CURVE('',#2379,#2387,#2389,.T.);
#2387 = VERTEX_POINT('',#2388);
#2388 = CARTESIAN_POINT('',(-24.637344,25.487358,4.586157));
#2389 = LINE('',#2390,#2391);
#2390 = CARTESIAN_POINT('',(-24.637344,27.487358,4.586157));
#2391 = VECTOR('',#2392,1.);
#2392 = DIRECTION('',(0.,1.,-1.224646799147E-16));
#2393 = ORIENTED_EDGE('',*,*,#2394,.T.);
#2394 = EDGE_CURVE('',#2387,#2395,#2397,.T.);
#2395 = VERTEX_POINT('',#2396);
#2396 = CARTESIAN_POINT('',(-24.637344,25.487358,2.586157));
#2397 = LINE('',#2398,#2399);
#2398 = CARTESIAN_POINT('',(-24.637344,25.487358,5.6430785));
#2399 = VECTOR('',#2400,1.);
#2400 = DIRECTION('',(0.,-1.224646799147E-16,-1.));
#2401 = ORIENTED_EDGE('',*,*,#2402,.T.);
#2402 = EDGE_CURVE('',#2395,#402,#2403,.T.);
#2403 = LINE('',#2404,#2405);
#2404 = CARTESIAN_POINT('',(-24.637344,25.487358,5.6430785));
#2405 = VECTOR('',#2406,1.);
#2406 = DIRECTION('',(0.,-1.224646799147E-16,-1.));
#2407 = ORIENTED_EDGE('',*,*,#401,.F.);
#2408 = PLANE('',#2409);
#2409 = AXIS2_PLACEMENT_3D('',#2410,#2411,#2412);
#2410 = CARTESIAN_POINT('',(-24.637344,29.487358,6.7));
#2411 = DIRECTION('',(1.,0.,0.));
#2412 = DIRECTION('',(0.,-1.224646799147E-16,-1.));
#2413 = ADVANCED_FACE('',(#2414),#2549,.T.);
#2414 = FACE_BOUND('',#2415,.T.);
#2415 = EDGE_LOOP('',(#2416,#2424,#2430,#2431,#2432,#2440,#2448,#2456,
    #2464,#2470,#2471,#2479,#2487,#2495,#2503,#2509,#2510,#2518,#2526,
    #2534,#2542,#2548));
#2416 = ORIENTED_EDGE('',*,*,#2417,.F.);
#2417 = EDGE_CURVE('',#2418,#290,#2420,.T.);
#2418 = VERTEX_POINT('',#2419);
#2419 = CARTESIAN_POINT('',(24.637344,29.487358,6.6));
#2420 = LINE('',#2421,#2422);
#2421 = CARTESIAN_POINT('',(24.637344,29.487358,6.7));
#2422 = VECTOR('',#2423,1.);
#2423 = DIRECTION('',(0.,-1.224646799147E-16,-1.));
#2424 = ORIENTED_EDGE('',*,*,#2425,.T.);
#2425 = EDGE_CURVE('',#2418,#2293,#2426,.T.);
#2426 = LINE('',#2427,#2428);
#2427 = CARTESIAN_POINT('',(-262.318672,29.487358,6.6));
#2428 = VECTOR('',#2429,1.);
#2429 = DIRECTION('',(-1.,-0.,0.));
#2430 = ORIENTED_EDGE('',*,*,#2292,.T.);
#2431 = ORIENTED_EDGE('',*,*,#393,.F.);
#2432 = ORIENTED_EDGE('',*,*,#2433,.T.);
#2433 = EDGE_CURVE('',#386,#2434,#2436,.T.);
#2434 = VERTEX_POINT('',#2435);
#2435 = CARTESIAN_POINT('',(-19.237344,29.487358,2.586157));
#2436 = LINE('',#2437,#2438);
#2437 = CARTESIAN_POINT('',(-19.237344,29.487358,5.6430785));
#2438 = VECTOR('',#2439,1.);
#2439 = DIRECTION('',(0.,1.224646799147E-16,1.));
#2440 = ORIENTED_EDGE('',*,*,#2441,.T.);
#2441 = EDGE_CURVE('',#2434,#2442,#2444,.T.);
#2442 = VERTEX_POINT('',#2443);
#2443 = CARTESIAN_POINT('',(-19.237344,29.487358,4.586157));
#2444 = LINE('',#2445,#2446);
#2445 = CARTESIAN_POINT('',(-19.237344,29.487358,5.6430785));
#2446 = VECTOR('',#2447,1.);
#2447 = DIRECTION('',(0.,1.224646799147E-16,1.));
#2448 = ORIENTED_EDGE('',*,*,#2449,.T.);
#2449 = EDGE_CURVE('',#2442,#2450,#2452,.T.);
#2450 = VERTEX_POINT('',#2451);
#2451 = CARTESIAN_POINT('',(-6.825,29.487358,4.586157));
#2452 = LINE('',#2453,#2454);
#2453 = CARTESIAN_POINT('',(-21.937344,29.487358,4.586157));
#2454 = VECTOR('',#2455,1.);
#2455 = DIRECTION('',(1.,0.,0.));
#2456 = ORIENTED_EDGE('',*,*,#2457,.F.);
#2457 = EDGE_CURVE('',#2458,#2450,#2460,.T.);
#2458 = VERTEX_POINT('',#2459);
#2459 = CARTESIAN_POINT('',(-6.825,29.487358,2.586157));
#2460 = LINE('',#2461,#2462);
#2461 = CARTESIAN_POINT('',(-6.825,29.487358,5.6430785));
#2462 = VECTOR('',#2463,1.);
#2463 = DIRECTION('',(0.,1.224646799147E-16,1.));
#2464 = ORIENTED_EDGE('',*,*,#2465,.F.);
#2465 = EDGE_CURVE('',#362,#2458,#2466,.T.);
#2466 = LINE('',#2467,#2468);
#2467 = CARTESIAN_POINT('',(-6.825,29.487358,5.6430785));
#2468 = VECTOR('',#2469,1.);
#2469 = DIRECTION('',(0.,1.224646799147E-16,1.));
#2470 = ORIENTED_EDGE('',*,*,#361,.F.);
#2471 = ORIENTED_EDGE('',*,*,#2472,.T.);
#2472 = EDGE_CURVE('',#354,#2473,#2475,.T.);
#2473 = VERTEX_POINT('',#2474);
#2474 = CARTESIAN_POINT('',(6.775,29.487358,2.586157));
#2475 = LINE('',#2476,#2477);
#2476 = CARTESIAN_POINT('',(6.775,29.487358,5.6430785));
#2477 = VECTOR('',#2478,1.);
#2478 = DIRECTION('',(0.,1.224646799147E-16,1.));
#2479 = ORIENTED_EDGE('',*,*,#2480,.T.);
#2480 = EDGE_CURVE('',#2473,#2481,#2483,.T.);
#2481 = VERTEX_POINT('',#2482);
#2482 = CARTESIAN_POINT('',(6.775,29.487358,4.586157));
#2483 = LINE('',#2484,#2485);
#2484 = CARTESIAN_POINT('',(6.775,29.487358,5.6430785));
#2485 = VECTOR('',#2486,1.);
#2486 = DIRECTION('',(0.,1.224646799147E-16,1.));
#2487 = ORIENTED_EDGE('',*,*,#2488,.T.);
#2488 = EDGE_CURVE('',#2481,#2489,#2491,.T.);
#2489 = VERTEX_POINT('',#2490);
#2490 = CARTESIAN_POINT('',(11.802,29.487358,4.586157));
#2491 = LINE('',#2492,#2493);
#2492 = CARTESIAN_POINT('',(-8.931172,29.487358,4.586157));
#2493 = VECTOR('',#2494,1.);
#2494 = DIRECTION('',(1.,0.,0.));
#2495 = ORIENTED_EDGE('',*,*,#2496,.F.);
#2496 = EDGE_CURVE('',#2497,#2489,#2499,.T.);
#2497 = VERTEX_POINT('',#2498);
#2498 = CARTESIAN_POINT('',(11.802,29.487358,2.586157));
#2499 = LINE('',#2500,#2501);
#2500 = CARTESIAN_POINT('',(11.802,29.487358,5.6430785));
#2501 = VECTOR('',#2502,1.);
#2502 = DIRECTION('',(0.,1.224646799147E-16,1.));
#2503 = ORIENTED_EDGE('',*,*,#2504,.F.);
#2504 = EDGE_CURVE('',#330,#2497,#2505,.T.);
#2505 = LINE('',#2506,#2507);
#2506 = CARTESIAN_POINT('',(11.802,29.487358,5.6430785));
#2507 = VECTOR('',#2508,1.);
#2508 = DIRECTION('',(0.,1.224646799147E-16,1.));
#2509 = ORIENTED_EDGE('',*,*,#329,.F.);
#2510 = ORIENTED_EDGE('',*,*,#2511,.T.);
#2511 = EDGE_CURVE('',#322,#2512,#2514,.T.);
#2512 = VERTEX_POINT('',#2513);
#2513 = CARTESIAN_POINT('',(13.802,29.487358,2.586157));
#2514 = LINE('',#2515,#2516);
#2515 = CARTESIAN_POINT('',(13.802,29.487358,5.6430785));
#2516 = VECTOR('',#2517,1.);
#2517 = DIRECTION('',(0.,1.224646799147E-16,1.));
#2518 = ORIENTED_EDGE('',*,*,#2519,.T.);
#2519 = EDGE_CURVE('',#2512,#2520,#2522,.T.);
#2520 = VERTEX_POINT('',#2521);
#2521 = CARTESIAN_POINT('',(13.802,29.487358,4.586157));
#2522 = LINE('',#2523,#2524);
#2523 = CARTESIAN_POINT('',(13.802,29.487358,5.6430785));
#2524 = VECTOR('',#2525,1.);
#2525 = DIRECTION('',(0.,1.224646799147E-16,1.));
#2526 = ORIENTED_EDGE('',*,*,#2527,.T.);
#2527 = EDGE_CURVE('',#2520,#2528,#2530,.T.);
#2528 = VERTEX_POINT('',#2529);
#2529 = CARTESIAN_POINT('',(19.237344,29.487358,4.586157));
#2530 = LINE('',#2531,#2532);
#2531 = CARTESIAN_POINT('',(-5.417672,29.487358,4.586157));
#2532 = VECTOR('',#2533,1.);
#2533 = DIRECTION('',(1.,0.,0.));
#2534 = ORIENTED_EDGE('',*,*,#2535,.F.);
#2535 = EDGE_CURVE('',#2536,#2528,#2538,.T.);
#2536 = VERTEX_POINT('',#2537);
#2537 = CARTESIAN_POINT('',(19.237344,29.487358,2.586157));
#2538 = LINE('',#2539,#2540);
#2539 = CARTESIAN_POINT('',(19.237344,29.487358,5.6430785));
#2540 = VECTOR('',#2541,1.);
#2541 = DIRECTION('',(0.,1.224646799147E-16,1.));
#2542 = ORIENTED_EDGE('',*,*,#2543,.F.);
#2543 = EDGE_CURVE('',#298,#2536,#2544,.T.);
#2544 = LINE('',#2545,#2546);
#2545 = CARTESIAN_POINT('',(19.237344,29.487358,5.6430785));
#2546 = VECTOR('',#2547,1.);
#2547 = DIRECTION('',(0.,1.224646799147E-16,1.));
#2548 = ORIENTED_EDGE('',*,*,#297,.F.);
#2549 = PLANE('',#2550);
#2550 = AXIS2_PLACEMENT_3D('',#2551,#2552,#2553);
#2551 = CARTESIAN_POINT('',(-24.637344,29.487358,6.7));
#2552 = DIRECTION('',(0.,-1.,1.224646799147E-16));
#2553 = DIRECTION('',(0.,-1.224646799147E-16,-1.));
#2554 = ADVANCED_FACE('',(#2555),#2566,.T.);
#2555 = FACE_BOUND('',#2556,.T.);
#2556 = EDGE_LOOP('',(#2557,#2563,#2564,#2565));
#2557 = ORIENTED_EDGE('',*,*,#2558,.T.);
#2558 = EDGE_CURVE('',#362,#386,#2559,.T.);
#2559 = LINE('',#2560,#2561);
#2560 = CARTESIAN_POINT('',(-262.318672,29.487358,-7.105427357601E-15));
#2561 = VECTOR('',#2562,1.);
#2562 = DIRECTION('',(-1.,-0.,0.));
#2563 = ORIENTED_EDGE('',*,*,#385,.F.);
#2564 = ORIENTED_EDGE('',*,*,#377,.T.);
#2565 = ORIENTED_EDGE('',*,*,#369,.T.);
#2566 = PLANE('',#2567);
#2567 = AXIS2_PLACEMENT_3D('',#2568,#2569,#2570);
#2568 = CARTESIAN_POINT('',(-500.,500.,-6.128431095931E-14));
#2569 = DIRECTION('',(0.,-1.224646799147E-16,-1.));
#2570 = DIRECTION('',(1.,0.,0.));
#2571 = ADVANCED_FACE('',(#2572),#2583,.T.);
#2572 = FACE_BOUND('',#2573,.T.);
#2573 = EDGE_LOOP('',(#2574,#2575,#2581,#2582));
#2574 = ORIENTED_EDGE('',*,*,#337,.T.);
#2575 = ORIENTED_EDGE('',*,*,#2576,.T.);
#2576 = EDGE_CURVE('',#330,#354,#2577,.T.);
#2577 = LINE('',#2578,#2579);
#2578 = CARTESIAN_POINT('',(-262.318672,29.487358,-7.105427357601E-15));
#2579 = VECTOR('',#2580,1.);
#2580 = DIRECTION('',(-1.,-0.,0.));
#2581 = ORIENTED_EDGE('',*,*,#353,.F.);
#2582 = ORIENTED_EDGE('',*,*,#345,.T.);
#2583 = PLANE('',#2584);
#2584 = AXIS2_PLACEMENT_3D('',#2585,#2586,#2587);
#2585 = CARTESIAN_POINT('',(-500.,500.,-6.128431095931E-14));
#2586 = DIRECTION('',(0.,-1.224646799147E-16,-1.));
#2587 = DIRECTION('',(1.,0.,0.));
#2588 = ADVANCED_FACE('',(#2589),#2600,.T.);
#2589 = FACE_BOUND('',#2590,.T.);
#2590 = EDGE_LOOP('',(#2591,#2592,#2598,#2599));
#2591 = ORIENTED_EDGE('',*,*,#305,.T.);
#2592 = ORIENTED_EDGE('',*,*,#2593,.T.);
#2593 = EDGE_CURVE('',#298,#322,#2594,.T.);
#2594 = LINE('',#2595,#2596);
#2595 = CARTESIAN_POINT('',(-262.318672,29.487358,-7.105427357601E-15));
#2596 = VECTOR('',#2597,1.);
#2597 = DIRECTION('',(-1.,-0.,0.));
#2598 = ORIENTED_EDGE('',*,*,#321,.F.);
#2599 = ORIENTED_EDGE('',*,*,#313,.T.);
#2600 = PLANE('',#2601);
#2601 = AXIS2_PLACEMENT_3D('',#2602,#2603,#2604);
#2602 = CARTESIAN_POINT('',(-500.,500.,-6.128431095931E-14));
#2603 = DIRECTION('',(0.,-1.224646799147E-16,-1.));
#2604 = DIRECTION('',(1.,0.,0.));
#2605 = ADVANCED_FACE('',(#2606),#2648,.F.);
#2606 = FACE_BOUND('',#2607,.F.);
#2607 = EDGE_LOOP('',(#2608,#2609,#2617,#2625,#2633,#2641,#2647));
#2608 = ORIENTED_EDGE('',*,*,#2417,.F.);
#2609 = ORIENTED_EDGE('',*,*,#2610,.T.);
#2610 = EDGE_CURVE('',#2418,#2611,#2613,.T.);
#2611 = VERTEX_POINT('',#2612);
#2612 = CARTESIAN_POINT('',(24.637344,14.161016,6.6));
#2613 = LINE('',#2614,#2615);
#2614 = CARTESIAN_POINT('',(24.637344,264.743679,6.6));
#2615 = VECTOR('',#2616,1.);
#2616 = DIRECTION('',(0.,-1.,1.224646799147E-16));
#2617 = ORIENTED_EDGE('',*,*,#2618,.T.);
#2618 = EDGE_CURVE('',#2611,#2619,#2621,.T.);
#2619 = VERTEX_POINT('',#2620);
#2620 = CARTESIAN_POINT('',(24.637344,14.161016,4.586157));
#2621 = LINE('',#2622,#2623);
#2622 = CARTESIAN_POINT('',(24.637344,14.161016,6.61));
#2623 = VECTOR('',#2624,1.);
#2624 = DIRECTION('',(0.,-1.224646799147E-16,-1.));
#2625 = ORIENTED_EDGE('',*,*,#2626,.T.);
#2626 = EDGE_CURVE('',#2619,#2627,#2629,.T.);
#2627 = VERTEX_POINT('',#2628);
#2628 = CARTESIAN_POINT('',(24.637344,25.487358,4.586157));
#2629 = LINE('',#2630,#2631);
#2630 = CARTESIAN_POINT('',(24.637344,27.487358,4.586157));
#2631 = VECTOR('',#2632,1.);
#2632 = DIRECTION('',(0.,1.,-1.224646799147E-16));
#2633 = ORIENTED_EDGE('',*,*,#2634,.T.);
#2634 = EDGE_CURVE('',#2627,#2635,#2637,.T.);
#2635 = VERTEX_POINT('',#2636);
#2636 = CARTESIAN_POINT('',(24.637344,25.487358,2.586157));
#2637 = LINE('',#2638,#2639);
#2638 = CARTESIAN_POINT('',(24.637344,25.487358,5.6430785));
#2639 = VECTOR('',#2640,1.);
#2640 = DIRECTION('',(0.,-1.224646799147E-16,-1.));
#2641 = ORIENTED_EDGE('',*,*,#2642,.T.);
#2642 = EDGE_CURVE('',#2635,#282,#2643,.T.);
#2643 = LINE('',#2644,#2645);
#2644 = CARTESIAN_POINT('',(24.637344,25.487358,5.6430785));
#2645 = VECTOR('',#2646,1.);
#2646 = DIRECTION('',(0.,-1.224646799147E-16,-1.));
#2647 = ORIENTED_EDGE('',*,*,#289,.F.);
#2648 = PLANE('',#2649);
#2649 = AXIS2_PLACEMENT_3D('',#2650,#2651,#2652);
#2650 = CARTESIAN_POINT('',(24.637344,29.487358,6.7));
#2651 = DIRECTION('',(1.,0.,0.));
#2652 = DIRECTION('',(0.,-1.224646799147E-16,-1.));
#2653 = ADVANCED_FACE('',(#2654),#2722,.T.);
#2654 = FACE_BOUND('',#2655,.T.);
#2655 = EDGE_LOOP('',(#2656,#2657,#2666,#2674,#2683,#2691,#2699,#2707,
    #2715,#2721));
#2656 = ORIENTED_EDGE('',*,*,#273,.T.);
#2657 = ORIENTED_EDGE('',*,*,#2658,.F.);
#2658 = EDGE_CURVE('',#2659,#265,#2661,.T.);
#2659 = VERTEX_POINT('',#2660);
#2660 = CARTESIAN_POINT('',(27.537344,16.621069893183,0.));
#2661 = CIRCLE('',#2662,4.5);
#2662 = AXIS2_PLACEMENT_3D('',#2663,#2664,#2665);
#2663 = CARTESIAN_POINT('',(30.437344,20.062,-2.6645352591E-15));
#2664 = DIRECTION('',(0.,-1.224646799147E-16,-1.));
#2665 = DIRECTION('',(1.,0.,0.));
#2666 = ORIENTED_EDGE('',*,*,#2667,.T.);
#2667 = EDGE_CURVE('',#2659,#2668,#2670,.T.);
#2668 = VERTEX_POINT('',#2669);
#2669 = CARTESIAN_POINT('',(27.537344,-18.49706989318,0.));
#2670 = LINE('',#2671,#2672);
#2671 = CARTESIAN_POINT('',(27.537344,25.487358,-3.10862446895E-15));
#2672 = VECTOR('',#2673,1.);
#2673 = DIRECTION('',(0.,-1.,1.224646799147E-16));
#2674 = ORIENTED_EDGE('',*,*,#2675,.F.);
#2675 = EDGE_CURVE('',#2676,#2668,#2678,.T.);
#2676 = VERTEX_POINT('',#2677);
#2677 = CARTESIAN_POINT('',(27.537344,-25.37893010681,0.));
#2678 = CIRCLE('',#2679,4.5);
#2679 = AXIS2_PLACEMENT_3D('',#2680,#2681,#2682);
#2680 = CARTESIAN_POINT('',(30.437344,-21.938,2.6645352591E-15));
#2681 = DIRECTION('',(0.,-1.224646799147E-16,-1.));
#2682 = DIRECTION('',(1.,0.,0.));
#2683 = ORIENTED_EDGE('',*,*,#2684,.T.);
#2684 = EDGE_CURVE('',#2676,#2685,#2687,.T.);
#2685 = VERTEX_POINT('',#2686);
#2686 = CARTESIAN_POINT('',(27.537344,-25.487358,0.));
#2687 = LINE('',#2688,#2689);
#2688 = CARTESIAN_POINT('',(27.537344,25.487358,-3.10862446895E-15));
#2689 = VECTOR('',#2690,1.);
#2690 = DIRECTION('',(0.,-1.,1.224646799147E-16));
#2691 = ORIENTED_EDGE('',*,*,#2692,.F.);
#2692 = EDGE_CURVE('',#2693,#2685,#2695,.T.);
#2693 = VERTEX_POINT('',#2694);
#2694 = CARTESIAN_POINT('',(24.637344,-25.487358,0.));
#2695 = LINE('',#2696,#2697);
#2696 = CARTESIAN_POINT('',(22.537344,-25.487358,3.10862446895E-15));
#2697 = VECTOR('',#2698,1.);
#2698 = DIRECTION('',(1.,0.,0.));
#2699 = ORIENTED_EDGE('',*,*,#2700,.F.);
#2700 = EDGE_CURVE('',#2701,#2693,#2703,.T.);
#2701 = VERTEX_POINT('',#2702);
#2702 = CARTESIAN_POINT('',(24.637344,-0.438984,0.));
#2703 = LINE('',#2704,#2705);
#2704 = CARTESIAN_POINT('',(24.637344,264.743679,-3.552713678801E-14));
#2705 = VECTOR('',#2706,1.);
#2706 = DIRECTION('',(0.,-1.,1.224646799147E-16));
#2707 = ORIENTED_EDGE('',*,*,#2708,.F.);
#2708 = EDGE_CURVE('',#2709,#2701,#2711,.T.);
#2709 = VERTEX_POINT('',#2710);
#2710 = CARTESIAN_POINT('',(24.637344,14.161016,0.));
#2711 = LINE('',#2712,#2713);
#2712 = CARTESIAN_POINT('',(24.637344,264.743679,-3.552713678801E-14));
#2713 = VECTOR('',#2714,1.);
#2714 = DIRECTION('',(0.,-1.,1.224646799147E-16));
#2715 = ORIENTED_EDGE('',*,*,#2716,.F.);
#2716 = EDGE_CURVE('',#282,#2709,#2717,.T.);
#2717 = LINE('',#2718,#2719);
#2718 = CARTESIAN_POINT('',(24.637344,264.743679,-3.552713678801E-14));
#2719 = VECTOR('',#2720,1.);
#2720 = DIRECTION('',(0.,-1.,1.224646799147E-16));
#2721 = ORIENTED_EDGE('',*,*,#281,.T.);
#2722 = PLANE('',#2723);
#2723 = AXIS2_PLACEMENT_3D('',#2724,#2725,#2726);
#2724 = CARTESIAN_POINT('',(-500.,500.,-6.128431095931E-14));
#2725 = DIRECTION('',(0.,-1.224646799147E-16,-1.));
#2726 = DIRECTION('',(1.,0.,0.));
#2727 = ADVANCED_FACE('',(#2728),#2752,.T.);
#2728 = FACE_BOUND('',#2729,.T.);
#2729 = EDGE_LOOP('',(#2730,#2731,#2739,#2746));
#2730 = ORIENTED_EDGE('',*,*,#264,.T.);
#2731 = ORIENTED_EDGE('',*,*,#2732,.F.);
#2732 = EDGE_CURVE('',#2733,#257,#2735,.T.);
#2733 = VERTEX_POINT('',#2734);
#2734 = CARTESIAN_POINT('',(27.585745277817,16.580852958055,0.));
#2735 = LINE('',#2736,#2737);
#2736 = CARTESIAN_POINT('',(27.585745277817,249.94776841487,
    -2.84217094304E-14));
#2737 = VECTOR('',#2738,1.);
#2738 = DIRECTION('',(0.,1.,-1.224646799147E-16));
#2739 = ORIENTED_EDGE('',*,*,#2740,.T.);
#2740 = EDGE_CURVE('',#2733,#2659,#2741,.T.);
#2741 = CIRCLE('',#2742,4.5);
#2742 = AXIS2_PLACEMENT_3D('',#2743,#2744,#2745);
#2743 = CARTESIAN_POINT('',(30.437344,20.062,-2.6645352591E-15));
#2744 = DIRECTION('',(0.,-1.224646799147E-16,-1.));
#2745 = DIRECTION('',(1.,0.,0.));
#2746 = ORIENTED_EDGE('',*,*,#2747,.F.);
#2747 = EDGE_CURVE('',#265,#2659,#2748,.T.);
#2748 = LINE('',#2749,#2750);
#2749 = CARTESIAN_POINT('',(27.537344,25.487358,-3.10862446895E-15));
#2750 = VECTOR('',#2751,1.);
#2751 = DIRECTION('',(0.,-1.,1.224646799147E-16));
#2752 = PLANE('',#2753);
#2753 = AXIS2_PLACEMENT_3D('',#2754,#2755,#2756);
#2754 = CARTESIAN_POINT('',(-500.,500.,-6.128431095931E-14));
#2755 = DIRECTION('',(0.,-1.224646799147E-16,-1.));
#2756 = DIRECTION('',(1.,0.,0.));
#2757 = ADVANCED_FACE('',(#2758),#2785,.T.);
#2758 = FACE_BOUND('',#2759,.T.);
#2759 = EDGE_LOOP('',(#2760,#2770,#2777,#2778));
#2760 = ORIENTED_EDGE('',*,*,#2761,.T.);
#2761 = EDGE_CURVE('',#2762,#2764,#2766,.T.);
#2762 = VERTEX_POINT('',#2763);
#2763 = CARTESIAN_POINT('',(34.937344,20.062,4.5));
#2764 = VERTEX_POINT('',#2765);
#2765 = CARTESIAN_POINT('',(34.937344,20.062,0.));
#2766 = LINE('',#2767,#2768);
#2767 = CARTESIAN_POINT('',(34.937344,20.062,6.5));
#2768 = VECTOR('',#2769,1.);
#2769 = DIRECTION('',(0.,-1.224646799147E-16,-1.));
#2770 = ORIENTED_EDGE('',*,*,#2771,.F.);
#2771 = EDGE_CURVE('',#257,#2764,#2772,.T.);
#2772 = CIRCLE('',#2773,4.5);
#2773 = AXIS2_PLACEMENT_3D('',#2774,#2775,#2776);
#2774 = CARTESIAN_POINT('',(30.437344,20.062,-2.6645352591E-15));
#2775 = DIRECTION('',(0.,-1.224646799147E-16,-1.));
#2776 = DIRECTION('',(1.,0.,0.));
#2777 = ORIENTED_EDGE('',*,*,#518,.T.);
#2778 = ORIENTED_EDGE('',*,*,#2779,.T.);
#2779 = EDGE_CURVE('',#510,#2762,#2780,.T.);
#2780 = CIRCLE('',#2781,4.5);
#2781 = AXIS2_PLACEMENT_3D('',#2782,#2783,#2784);
#2782 = CARTESIAN_POINT('',(30.437344,20.062,4.5));
#2783 = DIRECTION('',(0.,-1.224646799147E-16,-1.));
#2784 = DIRECTION('',(1.,0.,0.));
#2785 = CYLINDRICAL_SURFACE('',#2786,4.5);
#2786 = AXIS2_PLACEMENT_3D('',#2787,#2788,#2789);
#2787 = CARTESIAN_POINT('',(30.437344,20.062,6.5));
#2788 = DIRECTION('',(0.,-1.224646799147E-16,-1.));
#2789 = DIRECTION('',(1.,0.,0.));
#2790 = ADVANCED_FACE('',(#2791),#2809,.T.);
#2791 = FACE_BOUND('',#2792,.T.);
#2792 = EDGE_LOOP('',(#2793,#2802,#2807,#2808));
#2793 = ORIENTED_EDGE('',*,*,#2794,.T.);
#2794 = EDGE_CURVE('',#467,#2795,#2797,.T.);
#2795 = VERTEX_POINT('',#2796);
#2796 = CARTESIAN_POINT('',(36.737344,20.062,6.3));
#2797 = CIRCLE('',#2798,6.3);
#2798 = AXIS2_PLACEMENT_3D('',#2799,#2800,#2801);
#2799 = CARTESIAN_POINT('',(30.437344,20.062,6.3));
#2800 = DIRECTION('',(0.,-1.224646799147E-16,-1.));
#2801 = DIRECTION('',(1.,0.,0.));
#2802 = ORIENTED_EDGE('',*,*,#2803,.T.);
#2803 = EDGE_CURVE('',#2795,#2762,#2804,.T.);
#2804 = B_SPLINE_CURVE_WITH_KNOTS('',1,(#2805,#2806),.UNSPECIFIED.,.F.,
  .F.,(2,2),(0.,1.),.PIECEWISE_BEZIER_KNOTS.);
#2805 = CARTESIAN_POINT('',(36.737344,20.062,6.3));
#2806 = CARTESIAN_POINT('',(34.937344,20.062,4.5));
#2807 = ORIENTED_EDGE('',*,*,#2779,.F.);
#2808 = ORIENTED_EDGE('',*,*,#509,.F.);
#2809 = CONICAL_SURFACE('',#2810,6.3,0.785398163397);
#2810 = AXIS2_PLACEMENT_3D('',#2811,#2812,#2813);
#2811 = CARTESIAN_POINT('',(30.437344,20.062,6.3));
#2812 = DIRECTION('',(-0.,1.224646799147E-16,1.));
#2813 = DIRECTION('',(1.,0.,0.));
#2814 = ADVANCED_FACE('',(#2815),#2825,.T.);
#2815 = FACE_BOUND('',#2816,.T.);
#2816 = EDGE_LOOP('',(#2817,#2818,#2823,#2824));
#2817 = ORIENTED_EDGE('',*,*,#537,.F.);
#2818 = ORIENTED_EDGE('',*,*,#2819,.T.);
#2819 = EDGE_CURVE('',#538,#2795,#2820,.T.);
#2820 = B_SPLINE_CURVE_WITH_KNOTS('',1,(#2821,#2822),.UNSPECIFIED.,.F.,
  .F.,(2,2),(0.,1.),.PIECEWISE_BEZIER_KNOTS.);
#2821 = CARTESIAN_POINT('',(30.237344,20.062,18.6));
#2822 = CARTESIAN_POINT('',(36.737344,20.062,6.3));
#2823 = ORIENTED_EDGE('',*,*,#2794,.F.);
#2824 = ORIENTED_EDGE('',*,*,#466,.F.);
#2825 = B_SPLINE_SURFACE_WITH_KNOTS('',14,1,(
    (#2826,#2827)
    ,(#2828,#2829)
    ,(#2830,#2831)
    ,(#2832,#2833)
    ,(#2834,#2835)
    ,(#2836,#2837)
    ,(#2838,#2839)
    ,(#2840,#2841)
    ,(#2842,#2843)
    ,(#2844,#2845)
    ,(#2846,#2847)
    ,(#2848,#2849)
    ,(#2850,#2851)
    ,(#2852,#2853)
    ,(#2854,#2855
    )),.UNSPECIFIED.,.T.,.F.,.F.,(15,15),(2,2),(0.,6.28318530718),(0.,1.
    ),.PIECEWISE_BEZIER_KNOTS.);
#2826 = CARTESIAN_POINT('',(30.237344,20.062,18.6));
#2827 = CARTESIAN_POINT('',(36.737344,20.062,6.3));
#2828 = CARTESIAN_POINT('',(30.237344000003,14.766172383943,
    18.600000000001));
#2829 = CARTESIAN_POINT('',(36.737344000002,17.234566611767,6.3));
#2830 = CARTESIAN_POINT('',(27.677754537836,9.4703428131,18.599999999998
    ));
#2831 = CARTESIAN_POINT('',(35.37078352444,14.407132179872,6.3));
#2832 = CARTESIAN_POINT('',(22.558572341365,5.514731710392,18.6));
#2833 = CARTESIAN_POINT('',(32.63766082631,12.29523811657,6.299999999998
    ));
#2834 = CARTESIAN_POINT('',(15.64533874608,4.239408369359,18.60000000001
    ));
#2835 = CARTESIAN_POINT('',(28.946697127187,11.614345146355,
    6.300000000007));
#2836 = CARTESIAN_POINT('',(8.468991207224,6.504073039883,
    18.599999999968));
#2837 = CARTESIAN_POINT('',(25.115257339351,12.823445775509,
    6.299999999985));
#2838 = CARTESIAN_POINT('',(2.990651920479,12.204554106171,
    18.600000000062));
#2839 = CARTESIAN_POINT('',(22.190381279747,15.866922955043,
    6.300000000025));
#2840 = CARTESIAN_POINT('',(0.928166495749,20.061999999501,
    18.599999999916));
#2841 = CARTESIAN_POINT('',(21.089223806832,20.061999999652,
    6.299999999969));
#2842 = CARTESIAN_POINT('',(2.990651920513,27.919445894733,
    18.600000000087));
#2843 = CARTESIAN_POINT('',(22.19038127982,24.257077045585,
    6.300000000031));
#2844 = CARTESIAN_POINT('',(8.468991207172,33.619926959448,
    18.59999999993));
#2845 = CARTESIAN_POINT('',(25.115257339241,27.300554224033,
    6.299999999976));
#2846 = CARTESIAN_POINT('',(15.645338746127,35.884591631042,
    18.600000000044));
#2847 = CARTESIAN_POINT('',(28.946697127285,28.509654853913,
    6.300000000015));
#2848 = CARTESIAN_POINT('',(22.558572341336,34.609268289419,
    18.599999999978));
#2849 = CARTESIAN_POINT('',(32.637660826249,27.828761883307,
    6.299999999993));
#2850 = CARTESIAN_POINT('',(27.677754537848,30.653657186966,
    18.600000000008));
#2851 = CARTESIAN_POINT('',(35.370783524465,25.716867820169,
    6.300000000003));
#2852 = CARTESIAN_POINT('',(30.237344,25.357827616043,18.599999999998));
#2853 = CARTESIAN_POINT('',(36.737343999996,22.889433388224,
    6.299999999999));
#2854 = CARTESIAN_POINT('',(30.237344,20.062,18.6));
#2855 = CARTESIAN_POINT('',(36.737344,20.062,6.3));
#2856 = ADVANCED_FACE('',(#2857),#3024,.T.);
#2857 = FACE_BOUND('',#2858,.T.);
#2858 = EDGE_LOOP('',(#2859,#2902,#2903,#2920,#3015,#3016,#3017));
#2859 = ORIENTED_EDGE('',*,*,#2860,.F.);
#2860 = EDGE_CURVE('',#1133,#2861,#2863,.T.);
#2861 = VERTEX_POINT('',#2862);
#2862 = CARTESIAN_POINT('',(-28.2398037922,14.157695042164,6.3));
#2863 = B_SPLINE_CURVE_WITH_KNOTS('',7,(#2864,#2865,#2866,#2867,#2868,
    #2869,#2870,#2871,#2872,#2873,#2874,#2875,#2876,#2877,#2878,#2879,
    #2880,#2881,#2882,#2883,#2884,#2885,#2886,#2887,#2888,#2889,#2890,
    #2891,#2892,#2893,#2894,#2895,#2896,#2897,#2898,#2899,#2900,#2901),
  .UNSPECIFIED.,.F.,.F.,(8,6,6,6,6,6,8),(0.,0.13577656136,0.201632782212
    ,0.236061810325,0.26301539972,0.626106539503,1.),.UNSPECIFIED.);
#2864 = CARTESIAN_POINT('',(-29.51677517744,16.00167924174,18.6));
#2865 = CARTESIAN_POINT('',(-29.50187121457,15.765392753737,
    18.456442559809));
#2866 = CARTESIAN_POINT('',(-29.48596999166,15.535053867662,
    18.303279345583));
#2867 = CARTESIAN_POINT('',(-29.46910543913,15.311122618962,
    18.140837180882));
#2868 = CARTESIAN_POINT('',(-29.45131405707,15.094029667568,
    17.969467640545));
#2869 = CARTESIAN_POINT('',(-29.43263474181,14.884177471689,
    17.789545380409));
#2870 = CARTESIAN_POINT('',(-29.41310861249,14.681941461608,
    17.601466467037));
#2871 = CARTESIAN_POINT('',(-29.38291820991,14.393443577738,
    17.310667506278));
#2872 = CARTESIAN_POINT('',(-29.37286847456,14.301089530197,
    17.213866789968));
#2873 = CARTESIAN_POINT('',(-29.36263453657,14.210648645516,
    17.115291803265));
#2874 = CARTESIAN_POINT('',(-29.35222138606,14.12215890641,
    17.014990611913));
#2875 = CARTESIAN_POINT('',(-29.3416340984,14.035656703651,
    16.913012102643));
#2876 = CARTESIAN_POINT('',(-29.33087783418,13.951176836065,
    16.809405983178));
#2877 = CARTESIAN_POINT('',(-29.31424896606,13.825661829285,
    16.649233969704));
#2878 = CARTESIAN_POINT('',(-29.30849534175,13.783132944673,
    16.593814106923));
#2879 = CARTESIAN_POINT('',(-29.30269771462,13.741170600101,
    16.537970401666));
#2880 = CARTESIAN_POINT('',(-29.29685683798,13.69977942073,
    16.481710109844));
#2881 = CARTESIAN_POINT('',(-29.2909734701,13.658963913478,
    16.425040535505));
#2882 = CARTESIAN_POINT('',(-29.2850483743,13.618728467019,
    16.367969030831));
#2883 = CARTESIAN_POINT('',(-29.27441164944,13.548035526393,
    16.2655143343));
#2884 = CARTESIAN_POINT('',(-29.26971587603,13.517351832612,
    16.220283866677));
#2885 = CARTESIAN_POINT('',(-29.26499536719,13.487028319428,
    16.174815143247));
#2886 = CARTESIAN_POINT('',(-29.26025049307,13.457066991846,
    16.129111729397));
#2887 = CARTESIAN_POINT('',(-29.25548162542,13.42746981089,
    16.083177205915));
#2888 = CARTESIAN_POINT('',(-29.2506891376,13.398238693601,
    16.037015168996));
#2889 = CARTESIAN_POINT('',(-29.18100078314,12.980560317645,
    15.36576539019));
#2890 = CARTESIAN_POINT('',(-29.11190338387,12.658475125223,
    14.700207789709));
#2891 = CARTESIAN_POINT('',(-29.0395118022,12.407812685945,
    14.002920078534));
#2892 = CARTESIAN_POINT('',(-28.96478573368,12.231597000727,
    13.283146203085));
#2893 = CARTESIAN_POINT('',(-28.88869763888,12.131625733614,
    12.550253064697));
#2894 = CARTESIAN_POINT('',(-28.81223273124,12.10849927243,11.8137304027
    ));
#2895 = CARTESIAN_POINT('',(-28.65828916374,12.215916850588,
    10.330920449274));
#2896 = CARTESIAN_POINT('',(-28.58081280666,12.351077912457,
    9.584655338635));
#2897 = CARTESIAN_POINT('',(-28.5050601026,12.566149857802,
    8.854992739538));
#2898 = CARTESIAN_POINT('',(-28.43208860183,12.858793546344,
    8.152119151396));
#2899 = CARTESIAN_POINT('',(-28.36291653029,13.225315103778,
    7.485842295278));
#2900 = CARTESIAN_POINT('',(-28.29852099594,13.660624918181,
    6.865573836937));
#2901 = CARTESIAN_POINT('',(-28.2398037922,14.157695038323,6.3));
#2902 = ORIENTED_EDGE('',*,*,#1140,.F.);
#2903 = ORIENTED_EDGE('',*,*,#2904,.F.);
#2904 = EDGE_CURVE('',#2905,#1141,#2907,.T.);
#2905 = VERTEX_POINT('',#2906);
#2906 = CARTESIAN_POINT('',(-30.23779359568,13.689893062033,
    6.461565809281));
#2907 = B_SPLINE_CURVE_WITH_KNOTS('',6,(#2908,#2909,#2910,#2911,#2912,
    #2913,#2914,#2915,#2916,#2917,#2918,#2919),.UNSPECIFIED.,.F.,.F.,(7,
    5,7),(0.,0.713799114951,1.),.UNSPECIFIED.);
#2908 = CARTESIAN_POINT('',(-30.23779359568,13.689893057265,
    6.461565809281));
#2909 = CARTESIAN_POINT('',(-29.6357499103,13.665503681489,
    6.524069269354));
#2910 = CARTESIAN_POINT('',(-29.03153321468,13.696121867963,
    6.586798328767));
#2911 = CARTESIAN_POINT('',(-28.43114525014,13.781790725929,
    6.649129893869));
#2912 = CARTESIAN_POINT('',(-27.84094291527,13.922461462369,
    6.710403999002));
#2913 = CARTESIAN_POINT('',(-27.2675897318,14.117608054024,
    6.769928845256));
#2914 = CARTESIAN_POINT('',(-26.49773411637,14.46593769576,
    6.849854340513));
#2915 = CARTESIAN_POINT('',(-26.28125466588,14.574219061792,
    6.872328979844));
#2916 = CARTESIAN_POINT('',(-26.06909375856,14.691015368908,
    6.894355273153));
#2917 = CARTESIAN_POINT('',(-25.86173661009,14.816229883005,
    6.915882845928));
#2918 = CARTESIAN_POINT('',(-25.65968518665,14.949736602622,
    6.936859584633));
#2919 = CARTESIAN_POINT('',(-25.46345437508,15.091373552506,
    6.957232034331));
#2920 = ORIENTED_EDGE('',*,*,#2921,.F.);
#2921 = EDGE_CURVE('',#1190,#2905,#2922,.T.);
#2922 = B_SPLINE_CURVE_WITH_KNOTS('',6,(#2923,#2924,#2925,#2926,#2927,
    #2928,#2929,#2930,#2931,#2932,#2933,#2934,#2935,#2936,#2937,#2938,
    #2939,#2940,#2941,#2942,#2943,#2944,#2945,#2946,#2947,#2948,#2949,
    #2950,#2951,#2952,#2953,#2954,#2955,#2956,#2957,#2958,#2959,#2960,
    #2961,#2962,#2963,#2964,#2965,#2966,#2967,#2968,#2969,#2970,#2971,
    #2972,#2973,#2974,#2975,#2976,#2977,#2978,#2979,#2980,#2981,#2982,
    #2983,#2984,#2985,#2986,#2987,#2988,#2989,#2990,#2991,#2992,#2993,
    #2994,#2995,#2996,#2997,#2998,#2999,#3000,#3001,#3002,#3003,#3004,
    #3005,#3006,#3007,#3008,#3009,#3010,#3011,#3012,#3013,#3014),
  .UNSPECIFIED.,.F.,.F.,(7,5,5,5,5,5,5,5,5,5,5,5,5,5,5,5,5,5,7),(0.,
    2.989608286572E-02,9.445197808076E-02,0.165588088227,0.195203782391,
    0.23853061825,0.306451685783,0.372099413879,0.412899608153,
    0.498946205706,0.562135232711,0.627516231485,0.693478523215,
    0.761480779453,0.804816024684,0.834426350271,0.905518338829,
    0.97058253525,1.),.UNSPECIFIED.);
#2923 = CARTESIAN_POINT('',(-30.22102002533,26.358284922134,6.3));
#2924 = CARTESIAN_POINT('',(-30.23432810365,26.42039145131,
    6.428185615807));
#2925 = CARTESIAN_POINT('',(-30.2477910611,26.47946286683,6.557863052967
    ));
#2926 = CARTESIAN_POINT('',(-30.26139937755,26.535457613795,
    6.688940612232));
#2927 = CARTESIAN_POINT('',(-30.27514342435,26.588337663305,
    6.821325548639));
#2928 = CARTESIAN_POINT('',(-30.28901346426,26.638068512458,
    6.954924071513));
#2929 = CARTESIAN_POINT('',(-30.33320062595,26.785138048656,
    7.380542135558));
#2930 = CARTESIAN_POINT('',(-30.36394334414,26.870828852833,
    7.676661091787));
#2931 = CARTESIAN_POINT('',(-30.3951284569,26.941378892666,
    7.977041265804));
#2932 = CARTESIAN_POINT('',(-30.42665527057,26.996552531722,
    8.280712759673));
#2933 = CARTESIAN_POINT('',(-30.45842187201,27.036188956639,
    8.586693929088));
#2934 = CARTESIAN_POINT('',(-30.52548056297,27.086658359071,
    9.232614353208));
#2935 = CARTESIAN_POINT('',(-30.56080240889,27.09414383609,
    9.572840226631));
#2936 = CARTESIAN_POINT('',(-30.596152939,27.082539458458,9.913342390891
    ));
#2937 = CARTESIAN_POINT('',(-30.63139418875,27.051835963893,
    10.252791948556));
#2938 = CARTESIAN_POINT('',(-30.66638818624,27.002133248904,
    10.589859931513));
#2939 = CARTESIAN_POINT('',(-30.71540557242,26.905127262861,
    11.062003518235));
#2940 = CARTESIAN_POINT('',(-30.72974737681,26.873356056429,
    11.200146154824));
#2941 = CARTESIAN_POINT('',(-30.74401254691,26.83834342252,
    11.337550637245));
#2942 = CARTESIAN_POINT('',(-30.75819119875,26.800107896496,
    11.474121761411));
#2943 = CARTESIAN_POINT('',(-30.77227348771,26.758671392126,
    11.609764702417));
#2944 = CARTESIAN_POINT('',(-30.80669623698,26.648792959746,
    11.941330327873));
#2945 = CARTESIAN_POINT('',(-30.82691568272,26.576729900036,
    12.136087379907));
#2946 = CARTESIAN_POINT('',(-30.84687718658,26.497949121561,
    12.328359893139));
#2947 = CARTESIAN_POINT('',(-30.86655034783,26.412545779619,
    12.517855042501));
#2948 = CARTESIAN_POINT('',(-30.88590512414,26.320631085687,
    12.704283455364));
#2949 = CARTESIAN_POINT('',(-30.93470758837,26.068234787377,
    13.174356878276));
#2950 = CARTESIAN_POINT('',(-30.9636483742,25.898446367523,
    13.453119323351));
#2951 = CARTESIAN_POINT('',(-30.99161941418,25.713462259667,
    13.722541015823));
#2952 = CARTESIAN_POINT('',(-31.01850971549,25.513871335524,
    13.981552854234));
#2953 = CARTESIAN_POINT('',(-31.04421275241,25.300363965548,
    14.229128765264));
#2954 = CARTESIAN_POINT('',(-31.09222439282,24.854700929958,
    14.69158484212));
#2955 = CARTESIAN_POINT('',(-31.11461837621,24.623403398151,
    14.907287401215));
#2956 = CARTESIAN_POINT('',(-31.13571740589,24.38057238196,
    15.110516751548));
#2957 = CARTESIAN_POINT('',(-31.15543617616,24.127012264057,
    15.300451214588));
#2958 = CARTESIAN_POINT('',(-31.17369662428,23.86361223983,
    15.476338877017));
#2959 = CARTESIAN_POINT('',(-31.20082785374,23.42214150099,
    15.737671375234));
#2960 = CARTESIAN_POINT('',(-31.21063673685,23.249506971418,
    15.832152162876));
#2961 = CARTESIAN_POINT('',(-31.21983866078,23.073682463824,
    15.920786619163));
#2962 = CARTESIAN_POINT('',(-31.22841837254,22.894912452075,
    16.003427824607));
#2963 = CARTESIAN_POINT('',(-31.23636213805,22.713451698424,
    16.079943490377));
#2964 = CARTESIAN_POINT('',(-31.25904399027,22.141753303028,
    16.298418849816));
#2965 = CARTESIAN_POINT('',(-31.27154856721,21.743124353932,
    16.418865007095));
#2966 = CARTESIAN_POINT('',(-31.28105478104,21.336210316844,
    16.510430434088));
#2967 = CARTESIAN_POINT('',(-31.28748511778,20.923644040189,
    16.572368503217));
#2968 = CARTESIAN_POINT('',(-31.29079620101,20.508147157068,
    16.604261405612));
#2969 = CARTESIAN_POINT('',(-31.29112758447,19.787339178673,
    16.607453345933));
#2970 = CARTESIAN_POINT('',(-31.28958531061,19.482057230584,
    16.59259790861));
#2971 = CARTESIAN_POINT('',(-31.28635989589,19.17780263328,
    16.561530179466));
#2972 = CARTESIAN_POINT('',(-31.28146237064,18.875662622446,
    16.514356404662));
#2973 = CARTESIAN_POINT('',(-31.27491508468,18.576704840704,
    16.451291861299));
#2974 = CARTESIAN_POINT('',(-31.25830461186,17.977024993648,
    16.291297034459));
#2975 = CARTESIAN_POINT('',(-31.24812701418,17.676589845398,
    16.193264726997));
#2976 = CARTESIAN_POINT('',(-31.23625570657,17.381830048633,
    16.078918324795));
#2977 = CARTESIAN_POINT('',(-31.22273919472,17.093840010005,
    15.948725042717));
#2978 = CARTESIAN_POINT('',(-31.20763664689,16.813652052573,
    15.803254799205));
#2979 = CARTESIAN_POINT('',(-31.17424980585,16.268411998214,
    15.481667213527));
#2980 = CARTESIAN_POINT('',(-31.15593788073,16.003507830628,
    15.305283716114));
#2981 = CARTESIAN_POINT('',(-31.1361521534,15.748521252909,
    15.114704311668));
#2982 = CARTESIAN_POINT('',(-31.11497171577,15.504355372784,
    14.910690826372));
#2983 = CARTESIAN_POINT('',(-31.09248305594,15.2718268921,
    14.694076328109));
#2984 = CARTESIAN_POINT('',(-31.04434224094,14.824708090965,
    14.230376020291));
#2985 = CARTESIAN_POINT('',(-31.01861315118,14.610889265121,
    13.982549163902));
#2986 = CARTESIAN_POINT('',(-30.99169363497,14.411018211782,
    13.723255922701));
#2987 = CARTESIAN_POINT('',(-30.96369059215,14.225787974779,
    13.453525973697));
#2988 = CARTESIAN_POINT('',(-30.93471541279,14.055789611457,
    13.174432244341));
#2989 = CARTESIAN_POINT('',(-30.8858724118,13.803209984536,
    12.703968364608));
#2990 = CARTESIAN_POINT('',(-30.86651335996,13.711286611912,
    12.517498769193));
#2991 = CARTESIAN_POINT('',(-30.84683583398,13.625877289416,
    12.327961578018));
#2992 = CARTESIAN_POINT('',(-30.82686989425,13.547093278717,
    12.135646337784));
#2993 = CARTESIAN_POINT('',(-30.80664595978,13.475029772948,
    11.940846049561));
#2994 = CARTESIAN_POINT('',(-30.77222084196,13.365172065184,
    11.609257609811));
#2995 = CARTESIAN_POINT('',(-30.75814077116,13.32375284937,
    11.473636034572));
#2996 = CARTESIAN_POINT('',(-30.74396439593,13.28553352115,
    11.337086839058));
#2997 = CARTESIAN_POINT('',(-30.72970155567,13.250535976478,
    11.199704798016));
#2998 = CARTESIAN_POINT('',(-30.71536212909,13.21877873538,
    11.061585064957));
#2999 = CARTESIAN_POINT('',(-30.66636816976,13.121846449132,
    10.589667129455));
#3000 = CARTESIAN_POINT('',(-30.63139576324,13.072181558259,
    10.252807114262));
#3001 = CARTESIAN_POINT('',(-30.59617643362,13.04149238495,
    9.913568694959));
#3002 = CARTESIAN_POINT('',(-30.56084789715,13.02987864354,
    9.573278377054));
#3003 = CARTESIAN_POINT('',(-30.52554786289,13.037331159232,
    9.233262597185));
#3004 = CARTESIAN_POINT('',(-30.45825895185,13.087896993184,
    8.585124655078));
#3005 = CARTESIAN_POINT('',(-30.42624272093,13.127933333377,
    8.276739013208));
#3006 = CARTESIAN_POINT('',(-30.39447070303,13.183752157758,
    7.970705671597));
#3007 = CARTESIAN_POINT('',(-30.36304723305,13.255188345037,
    7.668029601305));
#3008 = CARTESIAN_POINT('',(-30.33207538226,13.341999555202,
    7.369703601881));
#3009 = CARTESIAN_POINT('',(-30.28790369079,13.489919794024,
    6.944234549571));
#3010 = CARTESIAN_POINT('',(-30.2742636229,13.539052953359,
    6.812851155243));
#3011 = CARTESIAN_POINT('',(-30.26074599941,13.59123369421,
    6.682647165657));
#3012 = CARTESIAN_POINT('',(-30.24736009427,13.646429037106,
    6.553711909048));
#3013 = CARTESIAN_POINT('',(-30.23411507952,13.704602695919,
    6.42613373211));
#3014 = CARTESIAN_POINT('',(-30.22102002533,13.765715077866,6.3));
#3015 = ORIENTED_EDGE('',*,*,#1274,.F.);
#3016 = ORIENTED_EDGE('',*,*,#2162,.T.);
#3017 = ORIENTED_EDGE('',*,*,#3018,.F.);
#3018 = EDGE_CURVE('',#2861,#2154,#3019,.T.);
#3019 = CIRCLE('',#3020,6.3);
#3020 = AXIS2_PLACEMENT_3D('',#3021,#3022,#3023);
#3021 = CARTESIAN_POINT('',(-30.437344,20.062,6.3));
#3022 = DIRECTION('',(0.,-1.224646799147E-16,-1.));
#3023 = DIRECTION('',(1.,0.,0.));
#3024 = B_SPLINE_SURFACE_WITH_KNOTS('',14,1,(
    (#3025,#3026)
    ,(#3027,#3028)
    ,(#3029,#3030)
    ,(#3031,#3032)
    ,(#3033,#3034)
    ,(#3035,#3036)
    ,(#3037,#3038)
    ,(#3039,#3040)
    ,(#3041,#3042)
    ,(#3043,#3044)
    ,(#3045,#3046)
    ,(#3047,#3048)
    ,(#3049,#3050)
    ,(#3051,#3052)
    ,(#3053,#3054
    )),.UNSPECIFIED.,.T.,.F.,.F.,(15,15),(2,2),(0.,6.28318530718),(0.,1.
    ),.PIECEWISE_BEZIER_KNOTS.);
#3025 = CARTESIAN_POINT('',(-6.637344,20.062,18.6));
#3026 = CARTESIAN_POINT('',(-24.137344,20.062,6.3));
#3027 = CARTESIAN_POINT('',(-6.637343999997,14.766172383943,
    18.600000000001));
#3028 = CARTESIAN_POINT('',(-24.13734399999,17.234566611767,6.3));
#3029 = CARTESIAN_POINT('',(-9.196933462168,9.4703428131,18.599999999998
    ));
#3030 = CARTESIAN_POINT('',(-25.50390447556,14.407132179872,6.3));
#3031 = CARTESIAN_POINT('',(-14.31611565861,5.514731710392,18.6));
#3032 = CARTESIAN_POINT('',(-28.23702717367,12.29523811657,
    6.299999999998));
#3033 = CARTESIAN_POINT('',(-21.22934925399,4.239408369359,
    18.60000000001));
#3034 = CARTESIAN_POINT('',(-31.92799087289,11.614345146355,
    6.300000000007));
#3035 = CARTESIAN_POINT('',(-28.40569679262,6.504073039883,
    18.599999999968));
#3036 = CARTESIAN_POINT('',(-35.75943066044,12.823445775509,
    6.299999999985));
#3037 = CARTESIAN_POINT('',(-33.88403607976,12.204554106171,
    18.600000000062));
#3038 = CARTESIAN_POINT('',(-38.68430672061,15.866922955043,
    6.300000000025));
#3039 = CARTESIAN_POINT('',(-35.94652150394,20.061999999501,
    18.599999999916));
#3040 = CARTESIAN_POINT('',(-39.78546419269,20.061999999652,
    6.299999999969));
#3041 = CARTESIAN_POINT('',(-33.88403607978,27.919445894733,
    18.600000000087));
#3042 = CARTESIAN_POINT('',(-38.68430672067,24.257077045585,
    6.300000000031));
#3043 = CARTESIAN_POINT('',(-28.40569679259,33.619926959448,
    18.59999999993));
#3044 = CARTESIAN_POINT('',(-35.75943066035,27.300554224033,
    6.299999999976));
#3045 = CARTESIAN_POINT('',(-21.22934925402,35.884591631042,
    18.600000000044));
#3046 = CARTESIAN_POINT('',(-31.92799087298,28.509654853913,
    6.300000000015));
#3047 = CARTESIAN_POINT('',(-14.31611565859,34.609268289419,
    18.599999999978));
#3048 = CARTESIAN_POINT('',(-28.23702717361,27.828761883307,
    6.299999999993));
#3049 = CARTESIAN_POINT('',(-9.196933462177,30.653657186966,
    18.600000000008));
#3050 = CARTESIAN_POINT('',(-25.50390447558,25.716867820169,
    6.300000000003));
#3051 = CARTESIAN_POINT('',(-6.637343999994,25.357827616043,
    18.599999999998));
#3052 = CARTESIAN_POINT('',(-24.13734399999,22.889433388224,
    6.299999999999));
#3053 = CARTESIAN_POINT('',(-6.637344,20.062,18.6));
#3054 = CARTESIAN_POINT('',(-24.137344,20.062,6.3));
#3055 = ADVANCED_FACE('',(#3056),#3061,.T.);
#3056 = FACE_BOUND('',#3057,.T.);
#3057 = EDGE_LOOP('',(#3058,#3059,#3060));
#3058 = ORIENTED_EDGE('',*,*,#2921,.T.);
#3059 = ORIENTED_EDGE('',*,*,#2904,.T.);
#3060 = ORIENTED_EDGE('',*,*,#1189,.F.);
#3061 = B_SPLINE_SURFACE_WITH_KNOTS('',14,1,(
    (#3062,#3063)
    ,(#3064,#3065)
    ,(#3066,#3067)
    ,(#3068,#3069)
    ,(#3070,#3071)
    ,(#3072,#3073)
    ,(#3074,#3075)
    ,(#3076,#3077)
    ,(#3078,#3079)
    ,(#3080,#3081)
    ,(#3082,#3083)
    ,(#3084,#3085)
    ,(#3086,#3087)
    ,(#3088,#3089)
    ,(#3090,#3091
    )),.UNSPECIFIED.,.T.,.F.,.F.,(15,15),(2,2),(0.,6.28318530718),(0.,1.
    ),.PIECEWISE_BEZIER_KNOTS.);
#3062 = CARTESIAN_POINT('',(-6.637344,20.062,18.6));
#3063 = CARTESIAN_POINT('',(-24.137344,20.062,6.3));
#3064 = CARTESIAN_POINT('',(-6.637343999997,14.766172383943,
    18.600000000001));
#3065 = CARTESIAN_POINT('',(-24.13734399999,17.234566611767,6.3));
#3066 = CARTESIAN_POINT('',(-9.196933462168,9.4703428131,18.599999999998
    ));
#3067 = CARTESIAN_POINT('',(-25.50390447556,14.407132179872,6.3));
#3068 = CARTESIAN_POINT('',(-14.31611565861,5.514731710392,18.6));
#3069 = CARTESIAN_POINT('',(-28.23702717367,12.29523811657,
    6.299999999998));
#3070 = CARTESIAN_POINT('',(-21.22934925399,4.239408369359,
    18.60000000001));
#3071 = CARTESIAN_POINT('',(-31.92799087289,11.614345146355,
    6.300000000007));
#3072 = CARTESIAN_POINT('',(-28.40569679262,6.504073039883,
    18.599999999968));
#3073 = CARTESIAN_POINT('',(-35.75943066044,12.823445775509,
    6.299999999985));
#3074 = CARTESIAN_POINT('',(-33.88403607976,12.204554106171,
    18.600000000062));
#3075 = CARTESIAN_POINT('',(-38.68430672061,15.866922955043,
    6.300000000025));
#3076 = CARTESIAN_POINT('',(-35.94652150394,20.061999999501,
    18.599999999916));
#3077 = CARTESIAN_POINT('',(-39.78546419269,20.061999999652,
    6.299999999969));
#3078 = CARTESIAN_POINT('',(-33.88403607978,27.919445894733,
    18.600000000087));
#3079 = CARTESIAN_POINT('',(-38.68430672067,24.257077045585,
    6.300000000031));
#3080 = CARTESIAN_POINT('',(-28.40569679259,33.619926959448,
    18.59999999993));
#3081 = CARTESIAN_POINT('',(-35.75943066035,27.300554224033,
    6.299999999976));
#3082 = CARTESIAN_POINT('',(-21.22934925402,35.884591631042,
    18.600000000044));
#3083 = CARTESIAN_POINT('',(-31.92799087298,28.509654853913,
    6.300000000015));
#3084 = CARTESIAN_POINT('',(-14.31611565859,34.609268289419,
    18.599999999978));
#3085 = CARTESIAN_POINT('',(-28.23702717361,27.828761883307,
    6.299999999993));
#3086 = CARTESIAN_POINT('',(-9.196933462177,30.653657186966,
    18.600000000008));
#3087 = CARTESIAN_POINT('',(-25.50390447558,25.716867820169,
    6.300000000003));
#3088 = CARTESIAN_POINT('',(-6.637343999994,25.357827616043,
    18.599999999998));
#3089 = CARTESIAN_POINT('',(-24.13734399999,22.889433388224,
    6.299999999999));
#3090 = CARTESIAN_POINT('',(-6.637344,20.062,18.6));
#3091 = CARTESIAN_POINT('',(-24.137344,20.062,6.3));
#3092 = ADVANCED_FACE('',(#3093),#3180,.T.);
#3093 = FACE_BOUND('',#3094,.T.);
#3094 = EDGE_LOOP('',(#3095,#3138,#3139,#3140,#3149,#3156,#3164,#3173));
#3095 = ORIENTED_EDGE('',*,*,#3096,.F.);
#3096 = EDGE_CURVE('',#1084,#3097,#3099,.T.);
#3097 = VERTEX_POINT('',#3098);
#3098 = CARTESIAN_POINT('',(-28.2398037922,-16.03369504216,6.3));
#3099 = B_SPLINE_CURVE_WITH_KNOTS('',7,(#3100,#3101,#3102,#3103,#3104,
    #3105,#3106,#3107,#3108,#3109,#3110,#3111,#3112,#3113,#3114,#3115,
    #3116,#3117,#3118,#3119,#3120,#3121,#3122,#3123,#3124,#3125,#3126,
    #3127,#3128,#3129,#3130,#3131,#3132,#3133,#3134,#3135,#3136,#3137),
  .UNSPECIFIED.,.F.,.F.,(8,6,6,6,6,6,8),(0.,0.135776561361,
    0.201632782212,0.236061810325,0.263015399721,0.626106539503,1.),
  .UNSPECIFIED.);
#3100 = CARTESIAN_POINT('',(-29.51677517744,-17.87767924174,18.6));
#3101 = CARTESIAN_POINT('',(-29.50187121457,-17.64139275373,
    18.456442559809));
#3102 = CARTESIAN_POINT('',(-29.48596999166,-17.41105386766,
    18.303279345583));
#3103 = CARTESIAN_POINT('',(-29.46910543913,-17.18712261896,
    18.140837180882));
#3104 = CARTESIAN_POINT('',(-29.45131405707,-16.97002966756,
    17.969467640545));
#3105 = CARTESIAN_POINT('',(-29.43263474181,-16.76017747168,
    17.789545380409));
#3106 = CARTESIAN_POINT('',(-29.41310861249,-16.5579414616,
    17.601466467037));
#3107 = CARTESIAN_POINT('',(-29.38291820991,-16.26944357773,
    17.310667506278));
#3108 = CARTESIAN_POINT('',(-29.37286847456,-16.17708953019,
    17.213866789968));
#3109 = CARTESIAN_POINT('',(-29.36263453657,-16.08664864551,
    17.115291803265));
#3110 = CARTESIAN_POINT('',(-29.35222138606,-15.99815890641,
    17.014990611913));
#3111 = CARTESIAN_POINT('',(-29.3416340984,-15.91165670365,
    16.913012102642));
#3112 = CARTESIAN_POINT('',(-29.33087783418,-15.82717683606,
    16.809405983178));
#3113 = CARTESIAN_POINT('',(-29.31424896606,-15.70166182928,
    16.649233969704));
#3114 = CARTESIAN_POINT('',(-29.30849534175,-15.65913294467,
    16.593814106923));
#3115 = CARTESIAN_POINT('',(-29.30269771462,-15.6171706001,
    16.537970401666));
#3116 = CARTESIAN_POINT('',(-29.29685683798,-15.57577942073,
    16.481710109844));
#3117 = CARTESIAN_POINT('',(-29.2909734701,-15.53496391347,
    16.425040535505));
#3118 = CARTESIAN_POINT('',(-29.2850483743,-15.49472846701,
    16.367969030831));
#3119 = CARTESIAN_POINT('',(-29.27441164944,-15.42403552639,
    16.2655143343));
#3120 = CARTESIAN_POINT('',(-29.26971587603,-15.39335183261,
    16.220283866676));
#3121 = CARTESIAN_POINT('',(-29.26499536719,-15.36302831942,
    16.174815143247));
#3122 = CARTESIAN_POINT('',(-29.26025049307,-15.33306699184,
    16.129111729397));
#3123 = CARTESIAN_POINT('',(-29.25548162542,-15.30346981089,
    16.083177205915));
#3124 = CARTESIAN_POINT('',(-29.2506891376,-15.2742386936,
    16.037015168996));
#3125 = CARTESIAN_POINT('',(-29.18100078314,-14.85656031764,
    15.365765390192));
#3126 = CARTESIAN_POINT('',(-29.11190338387,-14.53447512521,
    14.700207789701));
#3127 = CARTESIAN_POINT('',(-29.03951180221,-14.28381268595,
    14.002920078548));
#3128 = CARTESIAN_POINT('',(-28.96478573368,-14.10759700072,
    13.283146203072));
#3129 = CARTESIAN_POINT('',(-28.88869763888,-14.00762573361,
    12.550253064704));
#3130 = CARTESIAN_POINT('',(-28.81223273124,-13.98449927243,
    11.813730402699));
#3131 = CARTESIAN_POINT('',(-28.65828916374,-14.09191685058,
    10.330920449275));
#3132 = CARTESIAN_POINT('',(-28.58081280666,-14.22707791245,
    9.584655338631));
#3133 = CARTESIAN_POINT('',(-28.5050601026,-14.44214985779,
    8.854992739545));
#3134 = CARTESIAN_POINT('',(-28.43208860182,-14.73479354634,
    8.152119151389));
#3135 = CARTESIAN_POINT('',(-28.36291653029,-15.10131510377,
    7.485842295282));
#3136 = CARTESIAN_POINT('',(-28.29852099594,-15.53662491818,
    6.865573836936));
#3137 = CARTESIAN_POINT('',(-28.2398037922,-16.03369503832,6.3));
#3138 = ORIENTED_EDGE('',*,*,#1132,.F.);
#3139 = ORIENTED_EDGE('',*,*,#2860,.T.);
#3140 = ORIENTED_EDGE('',*,*,#3141,.T.);
#3141 = EDGE_CURVE('',#2861,#3142,#3144,.T.);
#3142 = VERTEX_POINT('',#3143);
#3143 = CARTESIAN_POINT('',(-28.05292993095,16.245644467909,4.5));
#3144 = HYPERBOLA('',#3145,2.898162691838,2.867091836282);
#3145 = AXIS2_PLACEMENT_3D('',#3146,#3147,#3148);
#3146 = CARTESIAN_POINT('',(-27.55467487347,20.062,-0.299275283551));
#3147 = DIRECTION('',(-0.994654004291,-1.264616783234E-17,
    -0.103263796885));
#3148 = DIRECTION('',(-0.103263796885,1.218099842615E-16,0.994654004291)
  );
#3149 = ORIENTED_EDGE('',*,*,#3150,.F.);
#3150 = EDGE_CURVE('',#2213,#3142,#3151,.T.);
#3151 = ELLIPSE('',#3152,43.57771199328,4.5);
#3152 = AXIS2_PLACEMENT_3D('',#3153,#3154,#3155);
#3153 = CARTESIAN_POINT('',(-30.437344,20.062,27.46707145392));
#3154 = DIRECTION('',(-0.994654004291,-1.264616783234E-17,
    -0.103263796885));
#3155 = DIRECTION('',(0.103263796885,-1.218099842615E-16,-0.994654004291
    ));
#3156 = ORIENTED_EDGE('',*,*,#3157,.T.);
#3157 = EDGE_CURVE('',#2213,#3158,#3160,.T.);
#3158 = VERTEX_POINT('',#3159);
#3159 = CARTESIAN_POINT('',(-27.58574527781,-18.45685295805,0.));
#3160 = LINE('',#3161,#3162);
#3161 = CARTESIAN_POINT('',(-27.58574527781,249.94776841487,
    -2.84217094304E-14));
#3162 = VECTOR('',#3163,1.);
#3163 = DIRECTION('',(0.,-1.,1.224646799147E-16));
#3164 = ORIENTED_EDGE('',*,*,#3165,.F.);
#3165 = EDGE_CURVE('',#3166,#3158,#3168,.T.);
#3166 = VERTEX_POINT('',#3167);
#3167 = CARTESIAN_POINT('',(-28.05292993095,-18.1216444679,4.5));
#3168 = ELLIPSE('',#3169,43.57771199328,4.5);
#3169 = AXIS2_PLACEMENT_3D('',#3170,#3171,#3172);
#3170 = CARTESIAN_POINT('',(-30.437344,-21.938,27.46707145392));
#3171 = DIRECTION('',(-0.994654004291,-1.264616783234E-17,
    -0.103263796885));
#3172 = DIRECTION('',(0.103263796885,-1.218099842615E-16,-0.994654004291
    ));
#3173 = ORIENTED_EDGE('',*,*,#3174,.T.);
#3174 = EDGE_CURVE('',#3166,#3097,#3175,.T.);
#3175 = HYPERBOLA('',#3176,2.898162691838,2.867091836282);
#3176 = AXIS2_PLACEMENT_3D('',#3177,#3178,#3179);
#3177 = CARTESIAN_POINT('',(-27.55467487347,-21.938,-0.299275283551));
#3178 = DIRECTION('',(-0.994654004291,-1.264616783234E-17,
    -0.103263796885));
#3179 = DIRECTION('',(-0.103263796885,1.218099842615E-16,0.994654004291)
  );
#3180 = PLANE('',#3181);
#3181 = AXIS2_PLACEMENT_3D('',#3182,#3183,#3184);
#3182 = CARTESIAN_POINT('',(-30.85115252589,-0.104463170241,
    31.452943750907));
#3183 = DIRECTION('',(-0.994654004291,-1.264616783234E-17,
    -0.103263796885));
#3184 = DIRECTION('',(-0.103263796885,1.218099842615E-16,0.994654004291)
  );
#3185 = ADVANCED_FACE('',(#3186),#3240,.T.);
#3186 = FACE_BOUND('',#3187,.T.);
#3187 = EDGE_LOOP('',(#3188,#3231,#3232,#3233));
#3188 = ORIENTED_EDGE('',*,*,#3189,.F.);
#3189 = EDGE_CURVE('',#1076,#3190,#3192,.T.);
#3190 = VERTEX_POINT('',#3191);
#3191 = CARTESIAN_POINT('',(-28.2398037922,-27.84230495783,6.3));
#3192 = B_SPLINE_CURVE_WITH_KNOTS('',7,(#3193,#3194,#3195,#3196,#3197,
    #3198,#3199,#3200,#3201,#3202,#3203,#3204,#3205,#3206,#3207,#3208,
    #3209,#3210,#3211,#3212,#3213,#3214,#3215,#3216,#3217,#3218,#3219,
    #3220,#3221,#3222,#3223,#3224,#3225,#3226,#3227,#3228,#3229,#3230),
  .UNSPECIFIED.,.F.,.F.,(8,6,6,6,6,6,8),(0.,0.13577656136,0.201632782212
    ,0.236061810325,0.26301539972,0.626106539503,1.),.UNSPECIFIED.);
#3193 = CARTESIAN_POINT('',(-29.51677517744,-25.99832075826,18.6));
#3194 = CARTESIAN_POINT('',(-29.50187121457,-26.23460724626,
    18.456442559809));
#3195 = CARTESIAN_POINT('',(-29.48596999166,-26.46494613233,
    18.303279345583));
#3196 = CARTESIAN_POINT('',(-29.46910543913,-26.68887738103,
    18.140837180882));
#3197 = CARTESIAN_POINT('',(-29.45131405707,-26.90597033243,
    17.969467640545));
#3198 = CARTESIAN_POINT('',(-29.43263474181,-27.11582252831,
    17.789545380409));
#3199 = CARTESIAN_POINT('',(-29.41310861249,-27.31805853839,
    17.601466467037));
#3200 = CARTESIAN_POINT('',(-29.38291820991,-27.60655642226,
    17.310667506278));
#3201 = CARTESIAN_POINT('',(-29.37286847456,-27.6989104698,
    17.213866789968));
#3202 = CARTESIAN_POINT('',(-29.36263453657,-27.78935135448,
    17.115291803265));
#3203 = CARTESIAN_POINT('',(-29.35222138606,-27.87784109359,
    17.014990611913));
#3204 = CARTESIAN_POINT('',(-29.3416340984,-27.96434329634,
    16.913012102643));
#3205 = CARTESIAN_POINT('',(-29.33087783418,-28.04882316393,
    16.809405983178));
#3206 = CARTESIAN_POINT('',(-29.31424896606,-28.17433817071,
    16.649233969704));
#3207 = CARTESIAN_POINT('',(-29.30849534175,-28.21686705532,
    16.593814106923));
#3208 = CARTESIAN_POINT('',(-29.30269771462,-28.25882939989,
    16.537970401666));
#3209 = CARTESIAN_POINT('',(-29.29685683798,-28.30022057927,
    16.481710109844));
#3210 = CARTESIAN_POINT('',(-29.2909734701,-28.34103608652,
    16.425040535505));
#3211 = CARTESIAN_POINT('',(-29.2850483743,-28.38127153298,
    16.367969030831));
#3212 = CARTESIAN_POINT('',(-29.27441164944,-28.4519644736,16.2655143343
    ));
#3213 = CARTESIAN_POINT('',(-29.26971587603,-28.48264816738,
    16.220283866677));
#3214 = CARTESIAN_POINT('',(-29.26499536719,-28.51297168057,
    16.174815143247));
#3215 = CARTESIAN_POINT('',(-29.26025049307,-28.54293300815,
    16.129111729397));
#3216 = CARTESIAN_POINT('',(-29.25548162542,-28.57253018911,
    16.083177205915));
#3217 = CARTESIAN_POINT('',(-29.2506891376,-28.60176130639,
    16.037015168996));
#3218 = CARTESIAN_POINT('',(-29.18100078314,-29.01943968235,
    15.36576539019));
#3219 = CARTESIAN_POINT('',(-29.11190338387,-29.34152487477,
    14.700207789709));
#3220 = CARTESIAN_POINT('',(-29.0395118022,-29.59218731405,
    14.002920078534));
#3221 = CARTESIAN_POINT('',(-28.96478573368,-29.76840299927,
    13.283146203086));
#3222 = CARTESIAN_POINT('',(-28.88869763887,-29.86837426638,
    12.550253064696));
#3223 = CARTESIAN_POINT('',(-28.81223273124,-29.89150072757,
    11.813730402701));
#3224 = CARTESIAN_POINT('',(-28.65828916374,-29.78408314941,
    10.330920449274));
#3225 = CARTESIAN_POINT('',(-28.58081280666,-29.64892208754,
    9.584655338635));
#3226 = CARTESIAN_POINT('',(-28.5050601026,-29.43385014219,
    8.854992739537));
#3227 = CARTESIAN_POINT('',(-28.43208860183,-29.14120645365,
    8.152119151396));
#3228 = CARTESIAN_POINT('',(-28.36291653029,-28.77468489622,
    7.485842295277));
#3229 = CARTESIAN_POINT('',(-28.29852099594,-28.33937508181,
    6.865573836937));
#3230 = CARTESIAN_POINT('',(-28.2398037922,-27.84230496167,6.3));
#3231 = ORIENTED_EDGE('',*,*,#1083,.F.);
#3232 = ORIENTED_EDGE('',*,*,#3096,.T.);
#3233 = ORIENTED_EDGE('',*,*,#3234,.F.);
#3234 = EDGE_CURVE('',#3190,#3097,#3235,.T.);
#3235 = CIRCLE('',#3236,6.3);
#3236 = AXIS2_PLACEMENT_3D('',#3237,#3238,#3239);
#3237 = CARTESIAN_POINT('',(-30.437344,-21.938,6.3));
#3238 = DIRECTION('',(0.,-1.224646799147E-16,-1.));
#3239 = DIRECTION('',(1.,0.,0.));
#3240 = B_SPLINE_SURFACE_WITH_KNOTS('',14,1,(
    (#3241,#3242)
    ,(#3243,#3244)
    ,(#3245,#3246)
    ,(#3247,#3248)
    ,(#3249,#3250)
    ,(#3251,#3252)
    ,(#3253,#3254)
    ,(#3255,#3256)
    ,(#3257,#3258)
    ,(#3259,#3260)
    ,(#3261,#3262)
    ,(#3263,#3264)
    ,(#3265,#3266)
    ,(#3267,#3268)
    ,(#3269,#3270
    )),.UNSPECIFIED.,.T.,.F.,.F.,(15,15),(2,2),(0.,6.28318530718),(0.,1.
    ),.PIECEWISE_BEZIER_KNOTS.);
#3241 = CARTESIAN_POINT('',(-6.637344,-21.938,18.6));
#3242 = CARTESIAN_POINT('',(-24.137344,-21.938,6.3));
#3243 = CARTESIAN_POINT('',(-6.637343999997,-27.23382761605,
    18.600000000001));
#3244 = CARTESIAN_POINT('',(-24.13734399999,-24.76543338823,6.3));
#3245 = CARTESIAN_POINT('',(-9.196933462168,-32.52965718691,
    18.599999999998));
#3246 = CARTESIAN_POINT('',(-25.50390447556,-27.59286782012,6.3));
#3247 = CARTESIAN_POINT('',(-14.31611565861,-36.48526828956,18.6));
#3248 = CARTESIAN_POINT('',(-28.23702717367,-29.70476188341,
    6.299999999998));
#3249 = CARTESIAN_POINT('',(-21.22934925399,-37.76059163077,
    18.60000000001));
#3250 = CARTESIAN_POINT('',(-31.92799087289,-30.38565485371,
    6.300000000007));
#3251 = CARTESIAN_POINT('',(-28.40569679262,-35.49592695983,
    18.599999999968));
#3252 = CARTESIAN_POINT('',(-35.75943066044,-29.17655422432,
    6.299999999985));
#3253 = CARTESIAN_POINT('',(-33.88403607976,-29.79544589427,
    18.600000000062));
#3254 = CARTESIAN_POINT('',(-38.68430672061,-26.13307704525,
    6.300000000025));
#3255 = CARTESIAN_POINT('',(-35.94652150394,-21.93799999993,
    18.599999999916));
#3256 = CARTESIAN_POINT('',(-39.78546419269,-21.93799999994,
    6.299999999969));
#3257 = CARTESIAN_POINT('',(-33.88403607978,-14.08055410583,
    18.600000000087));
#3258 = CARTESIAN_POINT('',(-38.68430672067,-17.74292295483,
    6.300000000031));
#3259 = CARTESIAN_POINT('',(-28.40569679259,-8.380073040101,
    18.59999999993));
#3260 = CARTESIAN_POINT('',(-35.75943066035,-14.69944577562,
    6.299999999976));
#3261 = CARTESIAN_POINT('',(-21.22934925402,-6.115408369245,
    18.600000000044));
#3262 = CARTESIAN_POINT('',(-31.92799087298,-13.4903451463,
    6.300000000015));
#3263 = CARTESIAN_POINT('',(-14.31611565859,-7.39073171044,
    18.599999999978));
#3264 = CARTESIAN_POINT('',(-28.23702717361,-14.17123811658,
    6.299999999993));
#3265 = CARTESIAN_POINT('',(-9.196933462177,-11.34634281308,
    18.600000000008));
#3266 = CARTESIAN_POINT('',(-25.50390447558,-16.28313217987,
    6.300000000003));
#3267 = CARTESIAN_POINT('',(-6.637343999994,-16.64217238394,
    18.599999999998));
#3268 = CARTESIAN_POINT('',(-24.13734399999,-19.11056661176,
    6.299999999999));
#3269 = CARTESIAN_POINT('',(-6.637344,-21.938,18.6));
#3270 = CARTESIAN_POINT('',(-24.137344,-21.938,6.3));
#3271 = ADVANCED_FACE('',(#3272),#3308,.T.);
#3272 = FACE_BOUND('',#3273,.T.);
#3273 = EDGE_LOOP('',(#3274,#3282,#3283,#3284,#3293,#3302));
#3274 = ORIENTED_EDGE('',*,*,#3275,.T.);
#3275 = EDGE_CURVE('',#3276,#1067,#3278,.T.);
#3276 = VERTEX_POINT('',#3277);
#3277 = CARTESIAN_POINT('',(-27.58574527781,-30.54192271637,
    7.105427357601E-15));
#3278 = LINE('',#3279,#3280);
#3279 = CARTESIAN_POINT('',(-27.42397901072,-30.287358,-1.558159492213)
  );
#3280 = VECTOR('',#3281,1.);
#3281 = DIRECTION('',(-0.1019267831,-0.160397857341,0.981775665948));
#3282 = ORIENTED_EDGE('',*,*,#1075,.F.);
#3283 = ORIENTED_EDGE('',*,*,#3189,.T.);
#3284 = ORIENTED_EDGE('',*,*,#3285,.T.);
#3285 = EDGE_CURVE('',#3190,#3286,#3288,.T.);
#3286 = VERTEX_POINT('',#3287);
#3287 = CARTESIAN_POINT('',(-28.05292993095,-25.75435553209,4.5));
#3288 = HYPERBOLA('',#3289,2.898162691838,2.867091836282);
#3289 = AXIS2_PLACEMENT_3D('',#3290,#3291,#3292);
#3290 = CARTESIAN_POINT('',(-27.55467487347,-21.938,-0.299275283551));
#3291 = DIRECTION('',(-0.994654004291,-1.264616783234E-17,
    -0.103263796885));
#3292 = DIRECTION('',(-0.103263796885,1.218099842615E-16,0.994654004291)
  );
#3293 = ORIENTED_EDGE('',*,*,#3294,.F.);
#3294 = EDGE_CURVE('',#3295,#3286,#3297,.T.);
#3295 = VERTEX_POINT('',#3296);
#3296 = CARTESIAN_POINT('',(-27.58574527781,-25.41914704194,0.));
#3297 = ELLIPSE('',#3298,43.57771199328,4.5);
#3298 = AXIS2_PLACEMENT_3D('',#3299,#3300,#3301);
#3299 = CARTESIAN_POINT('',(-30.437344,-21.938,27.46707145392));
#3300 = DIRECTION('',(-0.994654004291,-1.264616783234E-17,
    -0.103263796885));
#3301 = DIRECTION('',(0.103263796885,-1.218099842615E-16,-0.994654004291
    ));
#3302 = ORIENTED_EDGE('',*,*,#3303,.T.);
#3303 = EDGE_CURVE('',#3295,#3276,#3304,.T.);
#3304 = LINE('',#3305,#3306);
#3305 = CARTESIAN_POINT('',(-27.58574527781,249.94776841487,
    -2.84217094304E-14));
#3306 = VECTOR('',#3307,1.);
#3307 = DIRECTION('',(0.,-1.,1.224646799147E-16));
#3308 = PLANE('',#3309);
#3309 = AXIS2_PLACEMENT_3D('',#3310,#3311,#3312);
#3310 = CARTESIAN_POINT('',(-30.85115252589,-0.104463170241,
    31.452943750907));
#3311 = DIRECTION('',(-0.994654004291,-1.264616783234E-17,
    -0.103263796885));
#3312 = DIRECTION('',(-0.103263796885,1.218099842615E-16,0.994654004291)
  );
#3313 = ADVANCED_FACE('',(#3314),#3333,.T.);
#3314 = FACE_BOUND('',#3315,.T.);
#3315 = EDGE_LOOP('',(#3316,#3317,#3326,#3332));
#3316 = ORIENTED_EDGE('',*,*,#3275,.F.);
#3317 = ORIENTED_EDGE('',*,*,#3318,.F.);
#3318 = EDGE_CURVE('',#3319,#3276,#3321,.T.);
#3319 = VERTEX_POINT('',#3320);
#3320 = CARTESIAN_POINT('',(-25.11415719504,-33.03289047376,
    7.105427357601E-15));
#3321 = ELLIPSE('',#3322,2.546406563852,2.5);
#3322 = AXIS2_PLACEMENT_3D('',#3323,#3324,#3325);
#3323 = CARTESIAN_POINT('',(-25.07230845535,-30.49974584151,
    7.105427357601E-15));
#3324 = DIRECTION('',(-6.162975822039E-33,-1.224646799147E-16,-1.));
#3325 = DIRECTION('',(-0.536333887697,-0.844005900991,1.03360912511E-16)
  );
#3326 = ORIENTED_EDGE('',*,*,#3327,.T.);
#3327 = EDGE_CURVE('',#3319,#1059,#3328,.T.);
#3328 = LINE('',#3329,#3330);
#3329 = CARTESIAN_POINT('',(-24.937344,-32.75464704478,-1.703093995858)
  );
#3330 = VECTOR('',#3331,1.);
#3331 = DIRECTION('',(-0.1019267831,-0.160397857341,0.981775665948));
#3332 = ORIENTED_EDGE('',*,*,#1066,.T.);
#3333 = CYLINDRICAL_SURFACE('',#3334,2.5);
#3334 = AXIS2_PLACEMENT_3D('',#3335,#3336,#3337);
#3335 = CARTESIAN_POINT('',(-24.937344,-30.287358,-1.3));
#3336 = DIRECTION('',(-0.1019267831,-0.160397857341,0.981775665948));
#3337 = DIRECTION('',(-1.656329176127E-02,0.987052444078,0.159540371084)
  );
#3338 = ADVANCED_FACE('',(#3339),#3472,.T.);
#3339 = FACE_BOUND('',#3340,.T.);
#3340 = EDGE_LOOP('',(#3341,#3342,#3350,#3356,#3357,#3365,#3373,#3379,
    #3380,#3388,#3396,#3402,#3403,#3411,#3419,#3425,#3426,#3434,#3442,
    #3448,#3449,#3457,#3465,#3471));
#3341 = ORIENTED_EDGE('',*,*,#3327,.F.);
#3342 = ORIENTED_EDGE('',*,*,#3343,.T.);
#3343 = EDGE_CURVE('',#3319,#3344,#3346,.T.);
#3344 = VERTEX_POINT('',#3345);
#3345 = CARTESIAN_POINT('',(25.114157195047,-33.03289047376,
    7.105427357601E-15));
#3346 = LINE('',#3347,#3348);
#3347 = CARTESIAN_POINT('',(-250.,-33.03289047376,7.105427357601E-15));
#3348 = VECTOR('',#3349,1.);
#3349 = DIRECTION('',(1.,0.,0.));
#3350 = ORIENTED_EDGE('',*,*,#3351,.F.);
#3351 = EDGE_CURVE('',#890,#3344,#3352,.T.);
#3352 = LINE('',#3353,#3354);
#3353 = CARTESIAN_POINT('',(31.3,-42.76728904478,59.583063004142));
#3354 = VECTOR('',#3355,1.);
#3355 = DIRECTION('',(-0.1019267831,0.160397857341,-0.981775665948));
#3356 = ORIENTED_EDGE('',*,*,#898,.F.);
#3357 = ORIENTED_EDGE('',*,*,#3358,.F.);
#3358 = EDGE_CURVE('',#3359,#899,#3361,.T.);
#3359 = VERTEX_POINT('',#3360);
#3360 = CARTESIAN_POINT('',(17.4151443507,-34.08448693379,6.436693307309
    ));
#3361 = LINE('',#3362,#3363);
#3362 = CARTESIAN_POINT('',(20.926728111262,-39.61051742287,
    40.260850022438));
#3363 = VECTOR('',#3364,1.);
#3364 = DIRECTION('',(0.1019267831,-0.160397857341,0.981775665948));
#3365 = ORIENTED_EDGE('',*,*,#3366,.T.);
#3366 = EDGE_CURVE('',#3359,#3367,#3369,.T.);
#3367 = VERTEX_POINT('',#3368);
#3368 = CARTESIAN_POINT('',(13.861566158199,-34.08448693379,
    6.436693307309));
#3369 = LINE('',#3370,#3371);
#3370 = CARTESIAN_POINT('',(-8.70757217535,-34.08448693379,
    6.436693307309));
#3371 = VECTOR('',#3372,1.);
#3372 = DIRECTION('',(-1.,-0.,0.));
#3373 = ORIENTED_EDGE('',*,*,#3374,.T.);
#3374 = EDGE_CURVE('',#3367,#923,#3375,.T.);
#3375 = LINE('',#3376,#3377);
#3376 = CARTESIAN_POINT('',(13.861566158199,-39.85398693913,
    41.751097151872));
#3377 = VECTOR('',#3378,1.);
#3378 = DIRECTION('',(2.22044604925E-16,-0.161237598343,0.986915617913)
  );
#3379 = ORIENTED_EDGE('',*,*,#930,.F.);
#3380 = ORIENTED_EDGE('',*,*,#3381,.F.);
#3381 = EDGE_CURVE('',#3382,#931,#3384,.T.);
#3382 = VERTEX_POINT('',#3383);
#3383 = CARTESIAN_POINT('',(10.861566158199,-34.08448693379,
    6.436693307309));
#3384 = LINE('',#3385,#3386);
#3385 = CARTESIAN_POINT('',(10.861566158199,-39.85398693913,
    41.751097151872));
#3386 = VECTOR('',#3387,1.);
#3387 = DIRECTION('',(2.22044604925E-16,-0.161237598343,0.986915617913)
  );
#3388 = ORIENTED_EDGE('',*,*,#3389,.T.);
#3389 = EDGE_CURVE('',#3382,#3390,#3392,.T.);
#3390 = VERTEX_POINT('',#3391);
#3391 = CARTESIAN_POINT('',(4.861566158199,-34.08448693379,
    6.436693307309));
#3392 = LINE('',#3393,#3394);
#3393 = CARTESIAN_POINT('',(-8.70757217535,-34.08448693379,
    6.436693307309));
#3394 = VECTOR('',#3395,1.);
#3395 = DIRECTION('',(-1.,-0.,0.));
#3396 = ORIENTED_EDGE('',*,*,#3397,.T.);
#3397 = EDGE_CURVE('',#3390,#955,#3398,.T.);
#3398 = LINE('',#3399,#3400);
#3399 = CARTESIAN_POINT('',(4.861566158199,-39.85398693913,
    41.751097151872));
#3400 = VECTOR('',#3401,1.);
#3401 = DIRECTION('',(2.22044604925E-16,-0.161237598343,0.986915617913)
  );
#3402 = ORIENTED_EDGE('',*,*,#962,.F.);
#3403 = ORIENTED_EDGE('',*,*,#3404,.F.);
#3404 = EDGE_CURVE('',#3405,#963,#3407,.T.);
#3405 = VERTEX_POINT('',#3406);
#3406 = CARTESIAN_POINT('',(1.861566158199,-34.08448693379,
    6.436693307309));
#3407 = LINE('',#3408,#3409);
#3408 = CARTESIAN_POINT('',(1.861566158199,-39.85398693913,
    41.751097151872));
#3409 = VECTOR('',#3410,1.);
#3410 = DIRECTION('',(2.22044604925E-16,-0.161237598343,0.986915617913)
  );
#3411 = ORIENTED_EDGE('',*,*,#3412,.T.);
#3412 = EDGE_CURVE('',#3405,#3413,#3415,.T.);
#3413 = VERTEX_POINT('',#3414);
#3414 = CARTESIAN_POINT('',(-4.138433841801,-34.08448693379,
    6.436693307309));
#3415 = LINE('',#3416,#3417);
#3416 = CARTESIAN_POINT('',(-8.70757217535,-34.08448693379,
    6.436693307309));
#3417 = VECTOR('',#3418,1.);
#3418 = DIRECTION('',(-1.,-0.,0.));
#3419 = ORIENTED_EDGE('',*,*,#3420,.T.);
#3420 = EDGE_CURVE('',#3413,#987,#3421,.T.);
#3421 = LINE('',#3422,#3423);
#3422 = CARTESIAN_POINT('',(-4.138433841801,-39.85398693913,
    41.751097151872));
#3423 = VECTOR('',#3424,1.);
#3424 = DIRECTION('',(2.22044604925E-16,-0.161237598343,0.986915617913)
  );
#3425 = ORIENTED_EDGE('',*,*,#994,.F.);
#3426 = ORIENTED_EDGE('',*,*,#3427,.F.);
#3427 = EDGE_CURVE('',#3428,#995,#3430,.T.);
#3428 = VERTEX_POINT('',#3429);
#3429 = CARTESIAN_POINT('',(-7.138433841801,-34.08448693379,
    6.436693307309));
#3430 = LINE('',#3431,#3432);
#3431 = CARTESIAN_POINT('',(-7.138433841801,-39.85398693913,
    41.751097151872));
#3432 = VECTOR('',#3433,1.);
#3433 = DIRECTION('',(2.22044604925E-16,-0.161237598343,0.986915617913)
  );
#3434 = ORIENTED_EDGE('',*,*,#3435,.T.);
#3435 = EDGE_CURVE('',#3428,#3436,#3438,.T.);
#3436 = VERTEX_POINT('',#3437);
#3437 = CARTESIAN_POINT('',(-13.1384338418,-34.08448693379,
    6.436693307309));
#3438 = LINE('',#3439,#3440);
#3439 = CARTESIAN_POINT('',(-8.70757217535,-34.08448693379,
    6.436693307309));
#3440 = VECTOR('',#3441,1.);
#3441 = DIRECTION('',(-1.,-0.,0.));
#3442 = ORIENTED_EDGE('',*,*,#3443,.T.);
#3443 = EDGE_CURVE('',#3436,#1019,#3444,.T.);
#3444 = LINE('',#3445,#3446);
#3445 = CARTESIAN_POINT('',(-13.1384338418,-39.85398693913,
    41.751097151872));
#3446 = VECTOR('',#3447,1.);
#3447 = DIRECTION('',(2.22044604925E-16,-0.161237598343,0.986915617913)
  );
#3448 = ORIENTED_EDGE('',*,*,#1026,.F.);
#3449 = ORIENTED_EDGE('',*,*,#3450,.F.);
#3450 = EDGE_CURVE('',#3451,#1027,#3453,.T.);
#3451 = VERTEX_POINT('',#3452);
#3452 = CARTESIAN_POINT('',(-16.1384338418,-34.08448693379,
    6.436693307309));
#3453 = LINE('',#3454,#3455);
#3454 = CARTESIAN_POINT('',(-16.1384338418,-39.85398693913,
    41.751097151872));
#3455 = VECTOR('',#3456,1.);
#3456 = DIRECTION('',(2.22044604925E-16,-0.161237598343,0.986915617913)
  );
#3457 = ORIENTED_EDGE('',*,*,#3458,.T.);
#3458 = EDGE_CURVE('',#3451,#3459,#3461,.T.);
#3459 = VERTEX_POINT('',#3460);
#3460 = CARTESIAN_POINT('',(-17.4151443507,-34.08448693379,
    6.436693307309));
#3461 = LINE('',#3462,#3463);
#3462 = CARTESIAN_POINT('',(-8.70757217535,-34.08448693379,
    6.436693307309));
#3463 = VECTOR('',#3464,1.);
#3464 = DIRECTION('',(-1.,-0.,0.));
#3465 = ORIENTED_EDGE('',*,*,#3466,.F.);
#3466 = EDGE_CURVE('',#1051,#3459,#3467,.T.);
#3467 = LINE('',#3468,#3469);
#3468 = CARTESIAN_POINT('',(-18.56508336571,-35.89409720961,
    17.513096465742));
#3469 = VECTOR('',#3470,1.);
#3470 = DIRECTION('',(0.1019267831,0.160397857341,-0.981775665948));
#3471 = ORIENTED_EDGE('',*,*,#1058,.F.);
#3472 = PLANE('',#3473);
#3473 = AXIS2_PLACEMENT_3D('',#3474,#3475,#3476);
#3474 = CARTESIAN_POINT('',(4.790399133374E-16,-38.02940891963,
    30.58307826513));
#3475 = DIRECTION('',(0.,-0.986915617913,-0.161237598343));
#3476 = DIRECTION('',(0.,0.161237598343,-0.986915617913));
#3477 = ADVANCED_FACE('',(#3478),#3488,.F.);
#3478 = FACE_BOUND('',#3479,.F.);
#3479 = EDGE_LOOP('',(#3480,#3481,#3487));
#3480 = ORIENTED_EDGE('',*,*,#1050,.F.);
#3481 = ORIENTED_EDGE('',*,*,#3482,.T.);
#3482 = EDGE_CURVE('',#1043,#3459,#3483,.T.);
#3483 = LINE('',#3484,#3485);
#3484 = CARTESIAN_POINT('',(-17.4151443507,-31.27725878674,
    6.895324943304));
#3485 = VECTOR('',#3486,1.);
#3486 = DIRECTION('',(2.012383190622E-16,-0.986915617913,-0.161237598343
    ));
#3487 = ORIENTED_EDGE('',*,*,#3466,.F.);
#3488 = PLANE('',#3489);
#3489 = AXIS2_PLACEMENT_3D('',#3490,#3491,#3492);
#3490 = CARTESIAN_POINT('',(-17.4151443507,-31.27725878674,
    6.895324943304));
#3491 = DIRECTION('',(-0.994791903308,1.643442971397E-02,-0.100593134125
    ));
#3492 = DIRECTION('',(-0.1019267831,-0.160397857341,0.981775665948));
#3493 = ADVANCED_FACE('',(#3494),#3505,.T.);
#3494 = FACE_BOUND('',#3495,.T.);
#3495 = EDGE_LOOP('',(#3496,#3497,#3498,#3499));
#3496 = ORIENTED_EDGE('',*,*,#1042,.F.);
#3497 = ORIENTED_EDGE('',*,*,#3482,.T.);
#3498 = ORIENTED_EDGE('',*,*,#3458,.F.);
#3499 = ORIENTED_EDGE('',*,*,#3500,.T.);
#3500 = EDGE_CURVE('',#3451,#1035,#3501,.T.);
#3501 = LINE('',#3502,#3503);
#3502 = CARTESIAN_POINT('',(-16.1384338418,-30.78380097779,
    6.975943742475));
#3503 = VECTOR('',#3504,1.);
#3504 = DIRECTION('',(-2.012383190622E-16,0.986915617913,0.161237598343)
  );
#3505 = PLANE('',#3506);
#3506 = AXIS2_PLACEMENT_3D('',#3507,#3508,#3509);
#3507 = CARTESIAN_POINT('',(-17.4151443507,-31.27725878674,
    6.895324943304));
#3508 = DIRECTION('',(0.,-0.161237598343,0.986915617913));
#3509 = DIRECTION('',(1.,8.903559576814E-17,1.454621384864E-17));
#3510 = ADVANCED_FACE('',(#3511),#3516,.F.);
#3511 = FACE_BOUND('',#3512,.F.);
#3512 = EDGE_LOOP('',(#3513,#3514,#3515));
#3513 = ORIENTED_EDGE('',*,*,#1034,.F.);
#3514 = ORIENTED_EDGE('',*,*,#3450,.F.);
#3515 = ORIENTED_EDGE('',*,*,#3500,.T.);
#3516 = PLANE('',#3517);
#3517 = AXIS2_PLACEMENT_3D('',#3518,#3519,#3520);
#3518 = CARTESIAN_POINT('',(-16.1384338418,-37.88442119368,
    53.538985272953));
#3519 = DIRECTION('',(1.,2.344071788283E-16,-1.866921052136E-16));
#3520 = DIRECTION('',(2.012383190622E-16,-0.986915617913,-0.161237598343
    ));
#3521 = ADVANCED_FACE('',(#3522),#3532,.T.);
#3522 = FACE_BOUND('',#3523,.T.);
#3523 = EDGE_LOOP('',(#3524,#3525,#3526));
#3524 = ORIENTED_EDGE('',*,*,#1018,.F.);
#3525 = ORIENTED_EDGE('',*,*,#3443,.F.);
#3526 = ORIENTED_EDGE('',*,*,#3527,.T.);
#3527 = EDGE_CURVE('',#3436,#1011,#3528,.T.);
#3528 = LINE('',#3529,#3530);
#3529 = CARTESIAN_POINT('',(-13.1384338418,-30.78380097779,
    6.975943742475));
#3530 = VECTOR('',#3531,1.);
#3531 = DIRECTION('',(-2.012383190622E-16,0.986915617913,0.161237598343)
  );
#3532 = PLANE('',#3533);
#3533 = AXIS2_PLACEMENT_3D('',#3534,#3535,#3536);
#3534 = CARTESIAN_POINT('',(-13.1384338418,-37.88442119368,
    53.538985272953));
#3535 = DIRECTION('',(1.,2.344071788283E-16,-1.866921052136E-16));
#3536 = DIRECTION('',(2.012383190622E-16,-0.986915617913,-0.161237598343
    ));
#3537 = ADVANCED_FACE('',(#3538),#3549,.T.);
#3538 = FACE_BOUND('',#3539,.T.);
#3539 = EDGE_LOOP('',(#3540,#3541,#3542,#3543));
#3540 = ORIENTED_EDGE('',*,*,#1010,.F.);
#3541 = ORIENTED_EDGE('',*,*,#3527,.F.);
#3542 = ORIENTED_EDGE('',*,*,#3435,.F.);
#3543 = ORIENTED_EDGE('',*,*,#3544,.T.);
#3544 = EDGE_CURVE('',#3428,#1003,#3545,.T.);
#3545 = LINE('',#3546,#3547);
#3546 = CARTESIAN_POINT('',(-7.138433841801,-30.78380097779,
    6.975943742475));
#3547 = VECTOR('',#3548,1.);
#3548 = DIRECTION('',(-2.012383190622E-16,0.986915617913,0.161237598343)
  );
#3549 = PLANE('',#3550);
#3550 = AXIS2_PLACEMENT_3D('',#3551,#3552,#3553);
#3551 = CARTESIAN_POINT('',(-17.4151443507,-31.27725878674,
    6.895324943304));
#3552 = DIRECTION('',(0.,-0.161237598343,0.986915617913));
#3553 = DIRECTION('',(1.,8.903559576814E-17,1.454621384864E-17));
#3554 = ADVANCED_FACE('',(#3555),#3560,.F.);
#3555 = FACE_BOUND('',#3556,.F.);
#3556 = EDGE_LOOP('',(#3557,#3558,#3559));
#3557 = ORIENTED_EDGE('',*,*,#1002,.F.);
#3558 = ORIENTED_EDGE('',*,*,#3427,.F.);
#3559 = ORIENTED_EDGE('',*,*,#3544,.T.);
#3560 = PLANE('',#3561);
#3561 = AXIS2_PLACEMENT_3D('',#3562,#3563,#3564);
#3562 = CARTESIAN_POINT('',(-7.138433841801,-37.88442119368,
    53.538985272953));
#3563 = DIRECTION('',(1.,2.344071788283E-16,-1.866921052136E-16));
#3564 = DIRECTION('',(2.012383190622E-16,-0.986915617913,-0.161237598343
    ));
#3565 = ADVANCED_FACE('',(#3566),#3576,.T.);
#3566 = FACE_BOUND('',#3567,.T.);
#3567 = EDGE_LOOP('',(#3568,#3569,#3570));
#3568 = ORIENTED_EDGE('',*,*,#986,.F.);
#3569 = ORIENTED_EDGE('',*,*,#3420,.F.);
#3570 = ORIENTED_EDGE('',*,*,#3571,.T.);
#3571 = EDGE_CURVE('',#3413,#979,#3572,.T.);
#3572 = LINE('',#3573,#3574);
#3573 = CARTESIAN_POINT('',(-4.138433841801,-30.78380097779,
    6.975943742475));
#3574 = VECTOR('',#3575,1.);
#3575 = DIRECTION('',(-2.012383190622E-16,0.986915617913,0.161237598343)
  );
#3576 = PLANE('',#3577);
#3577 = AXIS2_PLACEMENT_3D('',#3578,#3579,#3580);
#3578 = CARTESIAN_POINT('',(-4.138433841801,-37.88442119368,
    53.538985272953));
#3579 = DIRECTION('',(1.,2.344071788283E-16,-1.866921052136E-16));
#3580 = DIRECTION('',(2.012383190622E-16,-0.986915617913,-0.161237598343
    ));
#3581 = ADVANCED_FACE('',(#3582),#3593,.T.);
#3582 = FACE_BOUND('',#3583,.T.);
#3583 = EDGE_LOOP('',(#3584,#3585,#3586,#3587));
#3584 = ORIENTED_EDGE('',*,*,#978,.F.);
#3585 = ORIENTED_EDGE('',*,*,#3571,.F.);
#3586 = ORIENTED_EDGE('',*,*,#3412,.F.);
#3587 = ORIENTED_EDGE('',*,*,#3588,.T.);
#3588 = EDGE_CURVE('',#3405,#971,#3589,.T.);
#3589 = LINE('',#3590,#3591);
#3590 = CARTESIAN_POINT('',(1.861566158199,-30.78380097779,
    6.975943742475));
#3591 = VECTOR('',#3592,1.);
#3592 = DIRECTION('',(-2.012383190622E-16,0.986915617913,0.161237598343)
  );
#3593 = PLANE('',#3594);
#3594 = AXIS2_PLACEMENT_3D('',#3595,#3596,#3597);
#3595 = CARTESIAN_POINT('',(-17.4151443507,-31.27725878674,
    6.895324943304));
#3596 = DIRECTION('',(0.,-0.161237598343,0.986915617913));
#3597 = DIRECTION('',(1.,8.903559576814E-17,1.454621384864E-17));
#3598 = ADVANCED_FACE('',(#3599),#3604,.F.);
#3599 = FACE_BOUND('',#3600,.F.);
#3600 = EDGE_LOOP('',(#3601,#3602,#3603));
#3601 = ORIENTED_EDGE('',*,*,#970,.F.);
#3602 = ORIENTED_EDGE('',*,*,#3404,.F.);
#3603 = ORIENTED_EDGE('',*,*,#3588,.T.);
#3604 = PLANE('',#3605);
#3605 = AXIS2_PLACEMENT_3D('',#3606,#3607,#3608);
#3606 = CARTESIAN_POINT('',(1.861566158199,-37.88442119368,
    53.538985272953));
#3607 = DIRECTION('',(1.,2.344071788283E-16,-1.866921052136E-16));
#3608 = DIRECTION('',(2.012383190622E-16,-0.986915617913,-0.161237598343
    ));
#3609 = ADVANCED_FACE('',(#3610),#3620,.T.);
#3610 = FACE_BOUND('',#3611,.T.);
#3611 = EDGE_LOOP('',(#3612,#3613,#3614));
#3612 = ORIENTED_EDGE('',*,*,#954,.F.);
#3613 = ORIENTED_EDGE('',*,*,#3397,.F.);
#3614 = ORIENTED_EDGE('',*,*,#3615,.T.);
#3615 = EDGE_CURVE('',#3390,#947,#3616,.T.);
#3616 = LINE('',#3617,#3618);
#3617 = CARTESIAN_POINT('',(4.861566158199,-30.78380097779,
    6.975943742475));
#3618 = VECTOR('',#3619,1.);
#3619 = DIRECTION('',(-2.012383190622E-16,0.986915617913,0.161237598343)
  );
#3620 = PLANE('',#3621);
#3621 = AXIS2_PLACEMENT_3D('',#3622,#3623,#3624);
#3622 = CARTESIAN_POINT('',(4.861566158199,-37.88442119368,
    53.538985272953));
#3623 = DIRECTION('',(1.,2.344071788283E-16,-1.866921052136E-16));
#3624 = DIRECTION('',(2.012383190622E-16,-0.986915617913,-0.161237598343
    ));
#3625 = ADVANCED_FACE('',(#3626),#3637,.T.);
#3626 = FACE_BOUND('',#3627,.T.);
#3627 = EDGE_LOOP('',(#3628,#3629,#3630,#3631));
#3628 = ORIENTED_EDGE('',*,*,#946,.F.);
#3629 = ORIENTED_EDGE('',*,*,#3615,.F.);
#3630 = ORIENTED_EDGE('',*,*,#3389,.F.);
#3631 = ORIENTED_EDGE('',*,*,#3632,.T.);
#3632 = EDGE_CURVE('',#3382,#939,#3633,.T.);
#3633 = LINE('',#3634,#3635);
#3634 = CARTESIAN_POINT('',(10.861566158199,-30.78380097779,
    6.975943742475));
#3635 = VECTOR('',#3636,1.);
#3636 = DIRECTION('',(-2.012383190622E-16,0.986915617913,0.161237598343)
  );
#3637 = PLANE('',#3638);
#3638 = AXIS2_PLACEMENT_3D('',#3639,#3640,#3641);
#3639 = CARTESIAN_POINT('',(-17.4151443507,-31.27725878674,
    6.895324943304));
#3640 = DIRECTION('',(0.,-0.161237598343,0.986915617913));
#3641 = DIRECTION('',(1.,8.903559576814E-17,1.454621384864E-17));
#3642 = ADVANCED_FACE('',(#3643),#3648,.F.);
#3643 = FACE_BOUND('',#3644,.F.);
#3644 = EDGE_LOOP('',(#3645,#3646,#3647));
#3645 = ORIENTED_EDGE('',*,*,#938,.F.);
#3646 = ORIENTED_EDGE('',*,*,#3381,.F.);
#3647 = ORIENTED_EDGE('',*,*,#3632,.T.);
#3648 = PLANE('',#3649);
#3649 = AXIS2_PLACEMENT_3D('',#3650,#3651,#3652);
#3650 = CARTESIAN_POINT('',(10.861566158199,-37.88442119368,
    53.538985272953));
#3651 = DIRECTION('',(1.,2.344071788283E-16,-1.866921052136E-16));
#3652 = DIRECTION('',(2.012383190622E-16,-0.986915617913,-0.161237598343
    ));
#3653 = ADVANCED_FACE('',(#3654),#3664,.T.);
#3654 = FACE_BOUND('',#3655,.T.);
#3655 = EDGE_LOOP('',(#3656,#3657,#3658));
#3656 = ORIENTED_EDGE('',*,*,#922,.F.);
#3657 = ORIENTED_EDGE('',*,*,#3374,.F.);
#3658 = ORIENTED_EDGE('',*,*,#3659,.T.);
#3659 = EDGE_CURVE('',#3367,#915,#3660,.T.);
#3660 = LINE('',#3661,#3662);
#3661 = CARTESIAN_POINT('',(13.861566158199,-30.78380097779,
    6.975943742475));
#3662 = VECTOR('',#3663,1.);
#3663 = DIRECTION('',(-2.012383190622E-16,0.986915617913,0.161237598343)
  );
#3664 = PLANE('',#3665);
#3665 = AXIS2_PLACEMENT_3D('',#3666,#3667,#3668);
#3666 = CARTESIAN_POINT('',(13.861566158199,-37.88442119368,
    53.538985272953));
#3667 = DIRECTION('',(1.,2.344071788283E-16,-1.866921052136E-16));
#3668 = DIRECTION('',(2.012383190622E-16,-0.986915617913,-0.161237598343
    ));
#3669 = ADVANCED_FACE('',(#3670),#3681,.T.);
#3670 = FACE_BOUND('',#3671,.T.);
#3671 = EDGE_LOOP('',(#3672,#3673,#3674,#3675));
#3672 = ORIENTED_EDGE('',*,*,#914,.F.);
#3673 = ORIENTED_EDGE('',*,*,#3659,.F.);
#3674 = ORIENTED_EDGE('',*,*,#3366,.F.);
#3675 = ORIENTED_EDGE('',*,*,#3676,.F.);
#3676 = EDGE_CURVE('',#907,#3359,#3677,.T.);
#3677 = LINE('',#3678,#3679);
#3678 = CARTESIAN_POINT('',(17.4151443507,-31.27725878674,6.895324943304
    ));
#3679 = VECTOR('',#3680,1.);
#3680 = DIRECTION('',(2.012383190622E-16,-0.986915617913,-0.161237598343
    ));
#3681 = PLANE('',#3682);
#3682 = AXIS2_PLACEMENT_3D('',#3683,#3684,#3685);
#3683 = CARTESIAN_POINT('',(-17.4151443507,-31.27725878674,
    6.895324943304));
#3684 = DIRECTION('',(0.,-0.161237598343,0.986915617913));
#3685 = DIRECTION('',(1.,8.903559576814E-17,1.454621384864E-17));
#3686 = ADVANCED_FACE('',(#3687),#3692,.F.);
#3687 = FACE_BOUND('',#3688,.F.);
#3688 = EDGE_LOOP('',(#3689,#3690,#3691));
#3689 = ORIENTED_EDGE('',*,*,#3676,.F.);
#3690 = ORIENTED_EDGE('',*,*,#906,.F.);
#3691 = ORIENTED_EDGE('',*,*,#3358,.F.);
#3692 = PLANE('',#3693);
#3693 = AXIS2_PLACEMENT_3D('',#3694,#3695,#3696);
#3694 = CARTESIAN_POINT('',(22.138433841801,-38.71009921325,
    52.390832056696));
#3695 = DIRECTION('',(0.994791903308,1.643442971397E-02,-0.100593134125)
  );
#3696 = DIRECTION('',(-0.1019267831,0.160397857341,-0.981775665948));
#3697 = ADVANCED_FACE('',(#3698),#3717,.T.);
#3698 = FACE_BOUND('',#3699,.T.);
#3699 = EDGE_LOOP('',(#3700,#3708,#3709,#3710));
#3700 = ORIENTED_EDGE('',*,*,#3701,.F.);
#3701 = EDGE_CURVE('',#882,#3702,#3704,.T.);
#3702 = VERTEX_POINT('',#3703);
#3703 = CARTESIAN_POINT('',(27.585745277817,-30.54192271637,
    7.105427357601E-15));
#3704 = LINE('',#3705,#3706);
#3705 = CARTESIAN_POINT('',(33.786635010728,-40.3,59.727997507787));
#3706 = VECTOR('',#3707,1.);
#3707 = DIRECTION('',(-0.1019267831,0.160397857341,-0.981775665948));
#3708 = ORIENTED_EDGE('',*,*,#889,.T.);
#3709 = ORIENTED_EDGE('',*,*,#3351,.T.);
#3710 = ORIENTED_EDGE('',*,*,#3711,.F.);
#3711 = EDGE_CURVE('',#3702,#3344,#3712,.T.);
#3712 = ELLIPSE('',#3713,2.546406563852,2.5);
#3713 = AXIS2_PLACEMENT_3D('',#3714,#3715,#3716);
#3714 = CARTESIAN_POINT('',(25.07230845535,-30.49974584151,
    7.105427357601E-15));
#3715 = DIRECTION('',(0.,-1.224646799147E-16,-1.));
#3716 = DIRECTION('',(-0.536333887697,0.844005900991,-1.03360912511E-16)
  );
#3717 = CYLINDRICAL_SURFACE('',#3718,2.5);
#3718 = AXIS2_PLACEMENT_3D('',#3719,#3720,#3721);
#3719 = CARTESIAN_POINT('',(31.3,-40.3,59.986157));
#3720 = DIRECTION('',(-0.1019267831,0.160397857341,-0.981775665948));
#3721 = DIRECTION('',(1.656329176127E-02,0.987052444078,0.159540371084)
  );
#3722 = ADVANCED_FACE('',(#3723),#3794,.T.);
#3723 = FACE_BOUND('',#3724,.T.);
#3724 = EDGE_LOOP('',(#3725,#3726,#3727,#3735,#3744,#3753));
#3725 = ORIENTED_EDGE('',*,*,#881,.F.);
#3726 = ORIENTED_EDGE('',*,*,#3701,.T.);
#3727 = ORIENTED_EDGE('',*,*,#3728,.T.);
#3728 = EDGE_CURVE('',#3702,#3729,#3731,.T.);
#3729 = VERTEX_POINT('',#3730);
#3730 = CARTESIAN_POINT('',(27.585745277817,-25.41914704194,0.));
#3731 = LINE('',#3732,#3733);
#3732 = CARTESIAN_POINT('',(27.585745277817,249.94776841487,
    -2.84217094304E-14));
#3733 = VECTOR('',#3734,1.);
#3734 = DIRECTION('',(0.,1.,-1.224646799147E-16));
#3735 = ORIENTED_EDGE('',*,*,#3736,.F.);
#3736 = EDGE_CURVE('',#3737,#3729,#3739,.T.);
#3737 = VERTEX_POINT('',#3738);
#3738 = CARTESIAN_POINT('',(28.052929930951,-25.75435553209,4.5));
#3739 = ELLIPSE('',#3740,43.57771199328,4.5);
#3740 = AXIS2_PLACEMENT_3D('',#3741,#3742,#3743);
#3741 = CARTESIAN_POINT('',(30.437344,-21.938,27.46707145392));
#3742 = DIRECTION('',(0.994654004291,-1.264616783234E-17,-0.103263796885
    ));
#3743 = DIRECTION('',(-0.103263796885,-1.218099842615E-16,
    -0.994654004291));
#3744 = ORIENTED_EDGE('',*,*,#3745,.T.);
#3745 = EDGE_CURVE('',#3737,#3746,#3748,.T.);
#3746 = VERTEX_POINT('',#3747);
#3747 = CARTESIAN_POINT('',(28.239803792205,-27.84230495783,6.3));
#3748 = HYPERBOLA('',#3749,2.898162691838,2.867091836282);
#3749 = AXIS2_PLACEMENT_3D('',#3750,#3751,#3752);
#3750 = CARTESIAN_POINT('',(27.554674873475,-21.938,-0.299275283551));
#3751 = DIRECTION('',(0.994654004291,-1.264616783234E-17,-0.103263796885
    ));
#3752 = DIRECTION('',(0.103263796885,1.218099842615E-16,0.994654004291)
  );
#3753 = ORIENTED_EDGE('',*,*,#3754,.F.);
#3754 = EDGE_CURVE('',#819,#3746,#3755,.T.);
#3755 = B_SPLINE_CURVE_WITH_KNOTS('',7,(#3756,#3757,#3758,#3759,#3760,
    #3761,#3762,#3763,#3764,#3765,#3766,#3767,#3768,#3769,#3770,#3771,
    #3772,#3773,#3774,#3775,#3776,#3777,#3778,#3779,#3780,#3781,#3782,
    #3783,#3784,#3785,#3786,#3787,#3788,#3789,#3790,#3791,#3792,#3793),
  .UNSPECIFIED.,.F.,.F.,(8,6,6,6,6,6,8),(0.,0.135776559603,
    0.201632780411,0.236061808637,0.263015398158,0.62610653895,1.),
  .UNSPECIFIED.);
#3756 = CARTESIAN_POINT('',(29.51677517744,-25.99832077843,18.6));
#3757 = CARTESIAN_POINT('',(29.501871214454,-26.23460726088,
    18.456442558665));
#3758 = CARTESIAN_POINT('',(29.485969991433,-26.46494614126,
    18.303279343404));
#3759 = CARTESIAN_POINT('',(29.469105438831,-26.68887738428,
    18.140837177978));
#3760 = CARTESIAN_POINT('',(29.451314056749,-26.90597033015,
    17.969467637401));
#3761 = CARTESIAN_POINT('',(29.432634741523,-27.11582252085,
    17.789545377647));
#3762 = CARTESIAN_POINT('',(29.413108612322,-27.31805852623,
    17.601466465345));
#3763 = CARTESIAN_POINT('',(29.382918209887,-27.60655640517,
    17.31066750599));
#3764 = CARTESIAN_POINT('',(29.372868474515,-27.69891045197,
    17.213866789466));
#3765 = CARTESIAN_POINT('',(29.362634536511,-27.78935133602,
    17.115291802662));
#3766 = CARTESIAN_POINT('',(29.352221386003,-27.8778410746,
    17.014990611319));
#3767 = CARTESIAN_POINT('',(29.341634098353,-27.96434327696,
    16.913012102166));
#3768 = CARTESIAN_POINT('',(29.330877834157,-28.04882314426,
    16.809405982918));
#3769 = CARTESIAN_POINT('',(29.314248966059,-28.17433815097,
    16.649233969692));
#3770 = CARTESIAN_POINT('',(29.30849534175,-28.21686703569,
    16.593814106875));
#3771 = CARTESIAN_POINT('',(29.302697714622,-28.25882938041,
    16.537970401602));
#3772 = CARTESIAN_POINT('',(29.296856837973,-28.30022055995,
    16.481710109783));
#3773 = CARTESIAN_POINT('',(29.290973470102,-28.3410360674,
    16.425040535464));
#3774 = CARTESIAN_POINT('',(29.285048374302,-28.38127151408,
    16.367969030826));
#3775 = CARTESIAN_POINT('',(29.274411649448,-28.4519644552,
    16.265514334325));
#3776 = CARTESIAN_POINT('',(29.26971587604,-28.48264814923,
    16.220283866688));
#3777 = CARTESIAN_POINT('',(29.264995367199,-28.51297166268,
    16.174815143253));
#3778 = CARTESIAN_POINT('',(29.260250493077,-28.54293299055,
    16.129111729404));
#3779 = CARTESIAN_POINT('',(29.255481625429,-28.5725301718,
    16.08317720593));
#3780 = CARTESIAN_POINT('',(29.250689137607,-28.6017612894,
    16.037015169024));
#3781 = CARTESIAN_POINT('',(29.181000783293,-29.01943966926,
    15.365765391646));
#3782 = CARTESIAN_POINT('',(29.111903384181,-29.34152486828,
    14.700207792698));
#3783 = CARTESIAN_POINT('',(29.039511802626,-29.59218731441,
    14.002920082558));
#3784 = CARTESIAN_POINT('',(28.964785734085,-29.7684030035,
    13.283146206902));
#3785 = CARTESIAN_POINT('',(28.888697639127,-29.86837427097,
    12.550253067083));
#3786 = CARTESIAN_POINT('',(28.812232731311,-29.89150073067,
    11.813730403366));
#3787 = CARTESIAN_POINT('',(28.658289163778,-29.78408314945,
    10.330920449633));
#3788 = CARTESIAN_POINT('',(28.580812806701,-29.64892208613,
    9.584655339027));
#3789 = CARTESIAN_POINT('',(28.5050601026,-29.43385014054,8.854992739526
    ));
#3790 = CARTESIAN_POINT('',(28.432088601714,-29.14120645412,
    8.152119150285));
#3791 = CARTESIAN_POINT('',(28.362916530188,-28.77468489737,
    7.485842294277));
#3792 = CARTESIAN_POINT('',(28.298520995915,-28.33937508187,
    6.865573836638));
#3793 = CARTESIAN_POINT('',(28.239803792205,-27.84230496054,6.3));
#3794 = PLANE('',#3795);
#3795 = AXIS2_PLACEMENT_3D('',#3796,#3797,#3798);
#3796 = CARTESIAN_POINT('',(30.85115252589,-0.104463170241,
    31.452943750907));
#3797 = DIRECTION('',(0.994654004291,-1.264616783234E-17,-0.103263796885
    ));
#3798 = DIRECTION('',(-0.103263796885,-1.218099842615E-16,
    -0.994654004291));
#3799 = ADVANCED_FACE('',(#3800),#3818,.T.);
#3800 = FACE_BOUND('',#3801,.T.);
#3801 = EDGE_LOOP('',(#3802,#3809,#3810,#3811));
#3802 = ORIENTED_EDGE('',*,*,#3803,.F.);
#3803 = EDGE_CURVE('',#757,#3804,#3806,.T.);
#3804 = VERTEX_POINT('',#3805);
#3805 = CARTESIAN_POINT('',(36.737344,-21.938,6.3));
#3806 = B_SPLINE_CURVE_WITH_KNOTS('',1,(#3807,#3808),.UNSPECIFIED.,.F.,
  .F.,(2,2),(0.,1.),.PIECEWISE_BEZIER_KNOTS.);
#3807 = CARTESIAN_POINT('',(30.237344,-21.938,18.6));
#3808 = CARTESIAN_POINT('',(36.737344,-21.938,6.3));
#3809 = ORIENTED_EDGE('',*,*,#818,.F.);
#3810 = ORIENTED_EDGE('',*,*,#3754,.T.);
#3811 = ORIENTED_EDGE('',*,*,#3812,.F.);
#3812 = EDGE_CURVE('',#3804,#3746,#3813,.T.);
#3813 = CIRCLE('',#3814,6.3);
#3814 = AXIS2_PLACEMENT_3D('',#3815,#3816,#3817);
#3815 = CARTESIAN_POINT('',(30.437344,-21.938,6.3));
#3816 = DIRECTION('',(0.,-1.224646799147E-16,-1.));
#3817 = DIRECTION('',(1.,0.,0.));
#3818 = B_SPLINE_SURFACE_WITH_KNOTS('',14,1,(
    (#3819,#3820)
    ,(#3821,#3822)
    ,(#3823,#3824)
    ,(#3825,#3826)
    ,(#3827,#3828)
    ,(#3829,#3830)
    ,(#3831,#3832)
    ,(#3833,#3834)
    ,(#3835,#3836)
    ,(#3837,#3838)
    ,(#3839,#3840)
    ,(#3841,#3842)
    ,(#3843,#3844)
    ,(#3845,#3846)
    ,(#3847,#3848
    )),.UNSPECIFIED.,.T.,.F.,.F.,(15,15),(2,2),(0.,6.28318530718),(0.,1.
    ),.PIECEWISE_BEZIER_KNOTS.);
#3819 = CARTESIAN_POINT('',(30.237344,-21.938,18.6));
#3820 = CARTESIAN_POINT('',(36.737344,-21.938,6.3));
#3821 = CARTESIAN_POINT('',(30.237344000003,-27.23382761605,
    18.600000000001));
#3822 = CARTESIAN_POINT('',(36.737344000002,-24.76543338823,6.3));
#3823 = CARTESIAN_POINT('',(27.677754537836,-32.52965718691,
    18.599999999998));
#3824 = CARTESIAN_POINT('',(35.37078352444,-27.59286782012,6.3));
#3825 = CARTESIAN_POINT('',(22.558572341365,-36.48526828956,18.6));
#3826 = CARTESIAN_POINT('',(32.63766082631,-29.70476188341,
    6.299999999998));
#3827 = CARTESIAN_POINT('',(15.64533874608,-37.76059163077,
    18.60000000001));
#3828 = CARTESIAN_POINT('',(28.946697127187,-30.38565485371,
    6.300000000007));
#3829 = CARTESIAN_POINT('',(8.468991207224,-35.49592695983,
    18.599999999968));
#3830 = CARTESIAN_POINT('',(25.115257339351,-29.17655422432,
    6.299999999985));
#3831 = CARTESIAN_POINT('',(2.990651920479,-29.79544589427,
    18.600000000062));
#3832 = CARTESIAN_POINT('',(22.190381279747,-26.13307704525,
    6.300000000025));
#3833 = CARTESIAN_POINT('',(0.928166495749,-21.93799999993,
    18.599999999916));
#3834 = CARTESIAN_POINT('',(21.089223806832,-21.93799999994,
    6.299999999969));
#3835 = CARTESIAN_POINT('',(2.990651920513,-14.08055410583,
    18.600000000087));
#3836 = CARTESIAN_POINT('',(22.19038127982,-17.74292295483,
    6.300000000031));
#3837 = CARTESIAN_POINT('',(8.468991207172,-8.380073040101,
    18.59999999993));
#3838 = CARTESIAN_POINT('',(25.115257339241,-14.69944577562,
    6.299999999976));
#3839 = CARTESIAN_POINT('',(15.645338746127,-6.115408369245,
    18.600000000044));
#3840 = CARTESIAN_POINT('',(28.946697127285,-13.4903451463,
    6.300000000015));
#3841 = CARTESIAN_POINT('',(22.558572341336,-7.39073171044,
    18.599999999978));
#3842 = CARTESIAN_POINT('',(32.637660826249,-14.17123811658,
    6.299999999993));
#3843 = CARTESIAN_POINT('',(27.677754537848,-11.34634281308,
    18.600000000008));
#3844 = CARTESIAN_POINT('',(35.370783524465,-16.28313217987,
    6.300000000003));
#3845 = CARTESIAN_POINT('',(30.237344,-16.64217238394,18.599999999998));
#3846 = CARTESIAN_POINT('',(36.737343999996,-19.11056661176,
    6.299999999999));
#3847 = CARTESIAN_POINT('',(30.237344,-21.938,18.6));
#3848 = CARTESIAN_POINT('',(36.737344,-21.938,6.3));
#3849 = ADVANCED_FACE('',(#3850),#3904,.T.);
#3850 = FACE_BOUND('',#3851,.T.);
#3851 = EDGE_LOOP('',(#3852,#3853,#3854,#3863));
#3852 = ORIENTED_EDGE('',*,*,#756,.F.);
#3853 = ORIENTED_EDGE('',*,*,#3803,.T.);
#3854 = ORIENTED_EDGE('',*,*,#3855,.F.);
#3855 = EDGE_CURVE('',#3856,#3804,#3858,.T.);
#3856 = VERTEX_POINT('',#3857);
#3857 = CARTESIAN_POINT('',(28.239803792205,-16.03369504216,6.3));
#3858 = CIRCLE('',#3859,6.3);
#3859 = AXIS2_PLACEMENT_3D('',#3860,#3861,#3862);
#3860 = CARTESIAN_POINT('',(30.437344,-21.938,6.3));
#3861 = DIRECTION('',(0.,-1.224646799147E-16,-1.));
#3862 = DIRECTION('',(1.,0.,0.));
#3863 = ORIENTED_EDGE('',*,*,#3864,.F.);
#3864 = EDGE_CURVE('',#749,#3856,#3865,.T.);
#3865 = B_SPLINE_CURVE_WITH_KNOTS('',7,(#3866,#3867,#3868,#3869,#3870,
    #3871,#3872,#3873,#3874,#3875,#3876,#3877,#3878,#3879,#3880,#3881,
    #3882,#3883,#3884,#3885,#3886,#3887,#3888,#3889,#3890,#3891,#3892,
    #3893,#3894,#3895,#3896,#3897,#3898,#3899,#3900,#3901,#3902,#3903),
  .UNSPECIFIED.,.F.,.F.,(8,6,6,6,6,6,8),(0.,0.135776559603,
    0.201632780411,0.236061808638,0.263015398159,0.626106538951,1.),
  .UNSPECIFIED.);
#3866 = CARTESIAN_POINT('',(29.51677517744,-17.87767922156,18.6));
#3867 = CARTESIAN_POINT('',(29.501871214454,-17.64139273911,
    18.456442558665));
#3868 = CARTESIAN_POINT('',(29.485969991433,-17.41105385873,
    18.303279343404));
#3869 = CARTESIAN_POINT('',(29.469105438831,-17.18712261571,
    18.140837177978));
#3870 = CARTESIAN_POINT('',(29.451314056749,-16.97002966984,
    17.969467637401));
#3871 = CARTESIAN_POINT('',(29.432634741523,-16.76017747914,
    17.789545377647));
#3872 = CARTESIAN_POINT('',(29.413108612322,-16.55794147376,
    17.601466465345));
#3873 = CARTESIAN_POINT('',(29.382918209887,-16.26944359483,
    17.31066750599));
#3874 = CARTESIAN_POINT('',(29.372868474515,-16.17708954802,
    17.213866789466));
#3875 = CARTESIAN_POINT('',(29.362634536511,-16.08664866397,
    17.115291802662));
#3876 = CARTESIAN_POINT('',(29.352221386003,-15.99815892539,
    17.01499061132));
#3877 = CARTESIAN_POINT('',(29.341634098353,-15.91165672303,
    16.913012102166));
#3878 = CARTESIAN_POINT('',(29.330877834157,-15.82717685573,
    16.809405982918));
#3879 = CARTESIAN_POINT('',(29.314248966059,-15.70166184903,
    16.649233969692));
#3880 = CARTESIAN_POINT('',(29.30849534175,-15.6591329643,
    16.593814106875));
#3881 = CARTESIAN_POINT('',(29.302697714622,-15.61717061958,
    16.537970401602));
#3882 = CARTESIAN_POINT('',(29.296856837973,-15.57577944004,
    16.481710109783));
#3883 = CARTESIAN_POINT('',(29.290973470102,-15.53496393259,
    16.425040535464));
#3884 = CARTESIAN_POINT('',(29.285048374302,-15.49472848591,
    16.367969030826));
#3885 = CARTESIAN_POINT('',(29.274411649448,-15.42403554479,
    16.265514334325));
#3886 = CARTESIAN_POINT('',(29.26971587604,-15.39335185076,
    16.220283866688));
#3887 = CARTESIAN_POINT('',(29.264995367199,-15.36302833731,
    16.174815143254));
#3888 = CARTESIAN_POINT('',(29.260250493077,-15.33306700944,
    16.129111729405));
#3889 = CARTESIAN_POINT('',(29.255481625429,-15.30346982819,
    16.08317720593));
#3890 = CARTESIAN_POINT('',(29.250689137607,-15.27423871059,
    16.037015169024));
#3891 = CARTESIAN_POINT('',(29.181000783293,-14.85656033073,
    15.365765391647));
#3892 = CARTESIAN_POINT('',(29.111903384181,-14.53447513171,
    14.700207792695));
#3893 = CARTESIAN_POINT('',(29.039511802627,-14.28381268558,
    14.002920082564));
#3894 = CARTESIAN_POINT('',(28.964785734085,-14.10759699649,
    13.283146206895));
#3895 = CARTESIAN_POINT('',(28.888697639128,-14.00762572902,
    12.550253067087));
#3896 = CARTESIAN_POINT('',(28.812232731311,-13.98449926932,
    11.813730403365));
#3897 = CARTESIAN_POINT('',(28.658289163778,-14.09191685054,
    10.330920449636));
#3898 = CARTESIAN_POINT('',(28.5808128067,-14.22707791386,9.584655339014
    ));
#3899 = CARTESIAN_POINT('',(28.505060102603,-14.44214985945,
    8.854992739548));
#3900 = CARTESIAN_POINT('',(28.432088601712,-14.73479354588,
    8.152119150265));
#3901 = CARTESIAN_POINT('',(28.362916530189,-15.10131510261,
    7.485842294286));
#3902 = CARTESIAN_POINT('',(28.298520995914,-15.53662491812,
    6.865573836637));
#3903 = CARTESIAN_POINT('',(28.239803792205,-16.03369503945,6.3));
#3904 = B_SPLINE_SURFACE_WITH_KNOTS('',14,1,(
    (#3905,#3906)
    ,(#3907,#3908)
    ,(#3909,#3910)
    ,(#3911,#3912)
    ,(#3913,#3914)
    ,(#3915,#3916)
    ,(#3917,#3918)
    ,(#3919,#3920)
    ,(#3921,#3922)
    ,(#3923,#3924)
    ,(#3925,#3926)
    ,(#3927,#3928)
    ,(#3929,#3930)
    ,(#3931,#3932)
    ,(#3933,#3934
    )),.UNSPECIFIED.,.T.,.F.,.F.,(15,15),(2,2),(0.,6.28318530718),(0.,1.
    ),.PIECEWISE_BEZIER_KNOTS.);
#3905 = CARTESIAN_POINT('',(30.237344,-21.938,18.6));
#3906 = CARTESIAN_POINT('',(36.737344,-21.938,6.3));
#3907 = CARTESIAN_POINT('',(30.237344000003,-27.23382761605,
    18.600000000001));
#3908 = CARTESIAN_POINT('',(36.737344000002,-24.76543338823,6.3));
#3909 = CARTESIAN_POINT('',(27.677754537836,-32.52965718691,
    18.599999999998));
#3910 = CARTESIAN_POINT('',(35.37078352444,-27.59286782012,6.3));
#3911 = CARTESIAN_POINT('',(22.558572341365,-36.48526828956,18.6));
#3912 = CARTESIAN_POINT('',(32.63766082631,-29.70476188341,
    6.299999999998));
#3913 = CARTESIAN_POINT('',(15.64533874608,-37.76059163077,
    18.60000000001));
#3914 = CARTESIAN_POINT('',(28.946697127187,-30.38565485371,
    6.300000000007));
#3915 = CARTESIAN_POINT('',(8.468991207224,-35.49592695983,
    18.599999999968));
#3916 = CARTESIAN_POINT('',(25.115257339351,-29.17655422432,
    6.299999999985));
#3917 = CARTESIAN_POINT('',(2.990651920479,-29.79544589427,
    18.600000000062));
#3918 = CARTESIAN_POINT('',(22.190381279747,-26.13307704525,
    6.300000000025));
#3919 = CARTESIAN_POINT('',(0.928166495749,-21.93799999993,
    18.599999999916));
#3920 = CARTESIAN_POINT('',(21.089223806832,-21.93799999994,
    6.299999999969));
#3921 = CARTESIAN_POINT('',(2.990651920513,-14.08055410583,
    18.600000000087));
#3922 = CARTESIAN_POINT('',(22.19038127982,-17.74292295483,
    6.300000000031));
#3923 = CARTESIAN_POINT('',(8.468991207172,-8.380073040101,
    18.59999999993));
#3924 = CARTESIAN_POINT('',(25.115257339241,-14.69944577562,
    6.299999999976));
#3925 = CARTESIAN_POINT('',(15.645338746127,-6.115408369245,
    18.600000000044));
#3926 = CARTESIAN_POINT('',(28.946697127285,-13.4903451463,
    6.300000000015));
#3927 = CARTESIAN_POINT('',(22.558572341336,-7.39073171044,
    18.599999999978));
#3928 = CARTESIAN_POINT('',(32.637660826249,-14.17123811658,
    6.299999999993));
#3929 = CARTESIAN_POINT('',(27.677754537848,-11.34634281308,
    18.600000000008));
#3930 = CARTESIAN_POINT('',(35.370783524465,-16.28313217987,
    6.300000000003));
#3931 = CARTESIAN_POINT('',(30.237344,-16.64217238394,18.599999999998));
#3932 = CARTESIAN_POINT('',(36.737343999996,-19.11056661176,
    6.299999999999));
#3933 = CARTESIAN_POINT('',(30.237344,-21.938,18.6));
#3934 = CARTESIAN_POINT('',(36.737344,-21.938,6.3));
#3935 = ADVANCED_FACE('',(#3936),#4023,.T.);
#3936 = FACE_BOUND('',#3937,.T.);
#3937 = EDGE_LOOP('',(#3938,#3939,#3940,#3949,#3958,#3964,#3973,#3982));
#3938 = ORIENTED_EDGE('',*,*,#748,.F.);
#3939 = ORIENTED_EDGE('',*,*,#3864,.T.);
#3940 = ORIENTED_EDGE('',*,*,#3941,.T.);
#3941 = EDGE_CURVE('',#3856,#3942,#3944,.T.);
#3942 = VERTEX_POINT('',#3943);
#3943 = CARTESIAN_POINT('',(28.052929930951,-18.1216444679,4.5));
#3944 = HYPERBOLA('',#3945,2.898162691838,2.867091836282);
#3945 = AXIS2_PLACEMENT_3D('',#3946,#3947,#3948);
#3946 = CARTESIAN_POINT('',(27.554674873475,-21.938,-0.299275283551));
#3947 = DIRECTION('',(0.994654004291,-1.264616783234E-17,-0.103263796885
    ));
#3948 = DIRECTION('',(0.103263796885,1.218099842615E-16,0.994654004291)
  );
#3949 = ORIENTED_EDGE('',*,*,#3950,.F.);
#3950 = EDGE_CURVE('',#3951,#3942,#3953,.T.);
#3951 = VERTEX_POINT('',#3952);
#3952 = CARTESIAN_POINT('',(27.585745277817,-18.45685295805,0.));
#3953 = ELLIPSE('',#3954,43.57771199328,4.5);
#3954 = AXIS2_PLACEMENT_3D('',#3955,#3956,#3957);
#3955 = CARTESIAN_POINT('',(30.437344,-21.938,27.46707145392));
#3956 = DIRECTION('',(0.994654004291,-1.264616783234E-17,-0.103263796885
    ));
#3957 = DIRECTION('',(-0.103263796885,-1.218099842615E-16,
    -0.994654004291));
#3958 = ORIENTED_EDGE('',*,*,#3959,.T.);
#3959 = EDGE_CURVE('',#3951,#2733,#3960,.T.);
#3960 = LINE('',#3961,#3962);
#3961 = CARTESIAN_POINT('',(27.585745277817,249.94776841487,
    -2.84217094304E-14));
#3962 = VECTOR('',#3963,1.);
#3963 = DIRECTION('',(0.,1.,-1.224646799147E-16));
#3964 = ORIENTED_EDGE('',*,*,#3965,.F.);
#3965 = EDGE_CURVE('',#3966,#2733,#3968,.T.);
#3966 = VERTEX_POINT('',#3967);
#3967 = CARTESIAN_POINT('',(28.052929930951,16.245644467909,4.5));
#3968 = ELLIPSE('',#3969,43.57771199328,4.5);
#3969 = AXIS2_PLACEMENT_3D('',#3970,#3971,#3972);
#3970 = CARTESIAN_POINT('',(30.437344,20.062,27.46707145392));
#3971 = DIRECTION('',(0.994654004291,-1.264616783234E-17,-0.103263796885
    ));
#3972 = DIRECTION('',(-0.103263796885,-1.218099842615E-16,
    -0.994654004291));
#3973 = ORIENTED_EDGE('',*,*,#3974,.T.);
#3974 = EDGE_CURVE('',#3966,#3975,#3977,.T.);
#3975 = VERTEX_POINT('',#3976);
#3976 = CARTESIAN_POINT('',(28.239803792205,14.157695042164,6.3));
#3977 = HYPERBOLA('',#3978,2.898162691838,2.867091836282);
#3978 = AXIS2_PLACEMENT_3D('',#3979,#3980,#3981);
#3979 = CARTESIAN_POINT('',(27.554674873475,20.062,-0.299275283551));
#3980 = DIRECTION('',(0.994654004291,-1.264616783234E-17,-0.103263796885
    ));
#3981 = DIRECTION('',(0.103263796885,1.218099842615E-16,0.994654004291)
  );
#3982 = ORIENTED_EDGE('',*,*,#3983,.F.);
#3983 = EDGE_CURVE('',#707,#3975,#3984,.T.);
#3984 = B_SPLINE_CURVE_WITH_KNOTS('',7,(#3985,#3986,#3987,#3988,#3989,
    #3990,#3991,#3992,#3993,#3994,#3995,#3996,#3997,#3998,#3999,#4000,
    #4001,#4002,#4003,#4004,#4005,#4006,#4007,#4008,#4009,#4010,#4011,
    #4012,#4013,#4014,#4015,#4016,#4017,#4018,#4019,#4020,#4021,#4022),
  .UNSPECIFIED.,.F.,.F.,(8,6,6,6,6,6,8),(0.,0.135776559603,
    0.201632780411,0.236061808637,0.263015398158,0.626106538951,1.),
  .UNSPECIFIED.);
#3985 = CARTESIAN_POINT('',(29.51677517744,16.001679221564,18.6));
#3986 = CARTESIAN_POINT('',(29.501871214454,15.765392739115,
    18.456442558665));
#3987 = CARTESIAN_POINT('',(29.485969991433,15.535053858732,
    18.303279343404));
#3988 = CARTESIAN_POINT('',(29.469105438831,15.311122615719,
    18.140837177977));
#3989 = CARTESIAN_POINT('',(29.451314056749,15.094029669844,
    17.969467637401));
#3990 = CARTESIAN_POINT('',(29.432634741523,14.884177479149,
    17.789545377647));
#3991 = CARTESIAN_POINT('',(29.413108612322,14.681941473768,
    17.601466465345));
#3992 = CARTESIAN_POINT('',(29.382918209887,14.39344359483,
    17.31066750599));
#3993 = CARTESIAN_POINT('',(29.372868474515,14.301089548027,
    17.213866789466));
#3994 = CARTESIAN_POINT('',(29.362634536511,14.210648663979,
    17.115291802662));
#3995 = CARTESIAN_POINT('',(29.352221386003,14.122158925394,
    17.014990611319));
#3996 = CARTESIAN_POINT('',(29.341634098353,14.035656723038,
    16.913012102166));
#3997 = CARTESIAN_POINT('',(29.330877834157,13.951176855733,
    16.809405982918));
#3998 = CARTESIAN_POINT('',(29.314248966059,13.82566184903,
    16.649233969692));
#3999 = CARTESIAN_POINT('',(29.30849534175,13.783132964303,
    16.593814106875));
#4000 = CARTESIAN_POINT('',(29.302697714622,13.741170619589,
    16.537970401602));
#4001 = CARTESIAN_POINT('',(29.296856837973,13.699779440047,
    16.481710109783));
#4002 = CARTESIAN_POINT('',(29.290973470102,13.658963932597,
    16.425040535464));
#4003 = CARTESIAN_POINT('',(29.285048374302,13.618728485913,
    16.367969030826));
#4004 = CARTESIAN_POINT('',(29.274411649448,13.548035544797,
    16.265514334325));
#4005 = CARTESIAN_POINT('',(29.26971587604,13.517351850763,
    16.220283866688));
#4006 = CARTESIAN_POINT('',(29.264995367199,13.487028337311,
    16.174815143253));
#4007 = CARTESIAN_POINT('',(29.260250493077,13.457067009447,
    16.129111729404));
#4008 = CARTESIAN_POINT('',(29.255481625429,13.427469828196,
    16.08317720593));
#4009 = CARTESIAN_POINT('',(29.250689137607,13.398238710599,
    16.037015169024));
#4010 = CARTESIAN_POINT('',(29.181000783293,12.980560330734,
    15.365765391646));
#4011 = CARTESIAN_POINT('',(29.111903384181,12.658475131718,
    14.700207792699));
#4012 = CARTESIAN_POINT('',(29.039511802626,12.407812685586,
    14.002920082556));
#4013 = CARTESIAN_POINT('',(28.964785734086,12.231596996497,
    13.283146206904));
#4014 = CARTESIAN_POINT('',(28.888697639127,12.131625729024,
    12.550253067081));
#4015 = CARTESIAN_POINT('',(28.812232731311,12.108499269322,
    11.813730403366));
#4016 = CARTESIAN_POINT('',(28.658289163778,12.215916850544,
    10.330920449634));
#4017 = CARTESIAN_POINT('',(28.580812806701,12.351077913861,
    9.584655339025));
#4018 = CARTESIAN_POINT('',(28.5050601026,12.566149859456,8.854992739528
    ));
#4019 = CARTESIAN_POINT('',(28.432088601714,12.858793545876,
    8.152119150287));
#4020 = CARTESIAN_POINT('',(28.362916530188,13.225315102624,
    7.485842294274));
#4021 = CARTESIAN_POINT('',(28.298520995915,13.660624918124,
    6.86557383664));
#4022 = CARTESIAN_POINT('',(28.239803792205,14.157695039453,6.3));
#4023 = PLANE('',#4024);
#4024 = AXIS2_PLACEMENT_3D('',#4025,#4026,#4027);
#4025 = CARTESIAN_POINT('',(30.85115252589,-0.104463170241,
    31.452943750907));
#4026 = DIRECTION('',(0.994654004291,-1.264616783234E-17,-0.103263796885
    ));
#4027 = DIRECTION('',(-0.103263796885,-1.218099842615E-16,
    -0.994654004291));
#4028 = ADVANCED_FACE('',(#4029),#4109,.T.);
#4029 = FACE_BOUND('',#4030,.T.);
#4030 = EDGE_LOOP('',(#4031,#4032,#4033,#4080,#4100,#4101,#4102));
#4031 = ORIENTED_EDGE('',*,*,#2819,.F.);
#4032 = ORIENTED_EDGE('',*,*,#579,.F.);
#4033 = ORIENTED_EDGE('',*,*,#4034,.F.);
#4034 = EDGE_CURVE('',#4035,#580,#4037,.T.);
#4035 = VERTEX_POINT('',#4036);
#4036 = CARTESIAN_POINT('',(30.237793595681,13.689893062303,
    6.461565809282));
#4037 = B_SPLINE_CURVE_WITH_KNOTS('',6,(#4038,#4039,#4040,#4041,#4042,
    #4043,#4044,#4045,#4046,#4047,#4048,#4049,#4050,#4051,#4052,#4053,
    #4054,#4055,#4056,#4057,#4058,#4059,#4060,#4061,#4062,#4063,#4064,
    #4065,#4066,#4067,#4068,#4069,#4070,#4071,#4072,#4073,#4074,#4075,
    #4076,#4077,#4078,#4079),.UNSPECIFIED.,.F.,.F.,(7,5,5,5,5,5,5,5,7),(
    0.,5.979325915505E-02,0.188907410718,0.331182232804,0.390414704389,
    0.477069961028,0.612914580404,0.744212435733,1.),.UNSPECIFIED.);
#4038 = CARTESIAN_POINT('',(30.221020025333,13.76571507767,6.3));
#4039 = CARTESIAN_POINT('',(30.234328103657,13.70360854861,
    6.428185615814));
#4040 = CARTESIAN_POINT('',(30.247791061103,13.64453713322,
    6.557863052985));
#4041 = CARTESIAN_POINT('',(30.261399377561,13.588542386389,
    6.688940612258));
#4042 = CARTESIAN_POINT('',(30.27514342436,13.535662337004,
    6.821325548668));
#4043 = CARTESIAN_POINT('',(30.289013464264,13.485931487957,
    6.954924071535));
#4044 = CARTESIAN_POINT('',(30.333200625964,13.338861951959,
    7.380542135649));
#4045 = CARTESIAN_POINT('',(30.363943344156,13.25317114779,
    7.676661091906));
#4046 = CARTESIAN_POINT('',(30.395128456911,13.182621107738,
    7.977041265904));
#4047 = CARTESIAN_POINT('',(30.42665527058,13.127447468227,
    8.280712759726));
#4048 = CARTESIAN_POINT('',(30.458421872019,13.087811042692,
    8.586693929096));
#4049 = CARTESIAN_POINT('',(30.525480562971,13.037341638936,
    9.232614353191));
#4050 = CARTESIAN_POINT('',(30.560802408899,13.029856161203,
    9.572840226644));
#4051 = CARTESIAN_POINT('',(30.596152939018,13.041460538293,
    9.913342390979));
#4052 = CARTESIAN_POINT('',(30.631394188772,13.072164032735,
    10.252791948721));
#4053 = CARTESIAN_POINT('',(30.666388186261,13.121866748181,
    10.589859931682));
#4054 = CARTESIAN_POINT('',(30.715405572429,13.218872735663,
    11.062003518324));
#4055 = CARTESIAN_POINT('',(30.729747376826,13.250643942641,
    11.200146154971));
#4056 = CARTESIAN_POINT('',(30.74401254693,13.285656577195,
    11.337550637415));
#4057 = CARTESIAN_POINT('',(30.758191198767,13.323892103954,
    11.474121761564));
#4058 = CARTESIAN_POINT('',(30.772273487726,13.365328609138,
    11.609764702511));
#4059 = CARTESIAN_POINT('',(30.806696237006,13.475207043783,
    11.941330328058));
#4060 = CARTESIAN_POINT('',(30.82691568275,13.547270105042,
    12.136087380188));
#4061 = CARTESIAN_POINT('',(30.846877186617,13.626050885163,
    12.328359893422));
#4062 = CARTESIAN_POINT('',(30.866550347859,13.711454228783,
    12.517855042712));
#4063 = CARTESIAN_POINT('',(30.885905124158,13.803368924354,
    12.70428345546));
#4064 = CARTESIAN_POINT('',(30.934707588295,14.055765226252,
    13.174356877487));
#4065 = CARTESIAN_POINT('',(30.963648374041,14.225553647813,
    13.453119321807));
#4066 = CARTESIAN_POINT('',(30.991619413977,14.410537756779,
    13.722541013777));
#4067 = CARTESIAN_POINT('',(31.018509715284,14.610128681247,
    13.981552852184));
#4068 = CARTESIAN_POINT('',(31.044212752269,14.823636050729,
    14.22912876388));
#4069 = CARTESIAN_POINT('',(31.092224392599,15.269299080815,
    14.691584839945));
#4070 = CARTESIAN_POINT('',(31.114618375866,15.500596607251,
    14.907287397864));
#4071 = CARTESIAN_POINT('',(31.135717405533,15.743427617344,
    15.110516748106));
#4072 = CARTESIAN_POINT('',(31.155436175889,15.996987728758,
    15.300451211939));
#4073 = CARTESIAN_POINT('',(31.17369662415,16.260387746464,
    15.476338875676));
#4074 = CARTESIAN_POINT('',(31.223025494522,17.063051414888,
    15.951482729794));
#4075 = CARTESIAN_POINT('',(31.24983279214,17.627256474977,
    16.209695062907));
#4076 = CARTESIAN_POINT('',(31.270309294895,18.217766091327,
    16.406928130771));
#4077 = CARTESIAN_POINT('',(31.284101640273,18.82636231375,
    16.53977828709));
#4078 = CARTESIAN_POINT('',(31.290994291712,19.444274300627,
    16.606169447992));
#4079 = CARTESIAN_POINT('',(31.290994291712,20.062,16.606169447991));
#4080 = ORIENTED_EDGE('',*,*,#4081,.F.);
#4081 = EDGE_CURVE('',#622,#4035,#4082,.T.);
#4082 = B_SPLINE_CURVE_WITH_KNOTS('',6,(#4083,#4084,#4085,#4086,#4087,
    #4088,#4089,#4090,#4091,#4092,#4093,#4094,#4095,#4096,#4097,#4098,
    #4099),.UNSPECIFIED.,.F.,.F.,(7,5,5,7),(0.,0.281955668378,
    0.941411719904,1.),.UNSPECIFIED.);
#4083 = CARTESIAN_POINT('',(25.463454375082,15.091373550376,
    6.957232034331));
#4084 = CARTESIAN_POINT('',(25.656771471327,14.951839685334,
    6.937162083097));
#4085 = CARTESIAN_POINT('',(25.855737660116,14.820196363262,
    6.916505649787));
#4086 = CARTESIAN_POINT('',(26.059860595945,14.696598505603,
    6.895313849126));
#4087 = CARTESIAN_POINT('',(26.26866012849,14.581167099259,
    6.873636529751));
#4088 = CARTESIAN_POINT('',(26.481671881954,14.473995442617,
    6.851521902606));
#4089 = CARTESIAN_POINT('',(27.205467390823,14.143981923159,
    6.776378312883));
#4090 = CARTESIAN_POINT('',(27.73299501228,13.958428837564,
    6.721611022028));
#4091 = CARTESIAN_POINT('',(28.275490607734,13.819306405207,
    6.665289773897));
#4092 = CARTESIAN_POINT('',(28.827661214258,13.727055831038,
    6.607964077612));
#4093 = CARTESIAN_POINT('',(29.384463237496,13.681767311189,
    6.550157553148));
#4094 = CARTESIAN_POINT('',(29.990599353473,13.683589783833,
    6.487229221793));
#4095 = CARTESIAN_POINT('',(30.040055049069,13.684109167364,
    6.482094790239));
#4096 = CARTESIAN_POINT('',(30.08950577594,13.684999217144,
    6.476960874532));
#4097 = CARTESIAN_POINT('',(30.138948080916,13.686259908051,
    6.471827833177));
#4098 = CARTESIAN_POINT('',(30.188378507463,13.687891203857,
    6.466696025026));
#4099 = CARTESIAN_POINT('',(30.237793595681,13.689893057226,
    6.461565809281));
#4100 = ORIENTED_EDGE('',*,*,#706,.F.);
#4101 = ORIENTED_EDGE('',*,*,#3983,.T.);
#4102 = ORIENTED_EDGE('',*,*,#4103,.F.);
#4103 = EDGE_CURVE('',#2795,#3975,#4104,.T.);
#4104 = CIRCLE('',#4105,6.3);
#4105 = AXIS2_PLACEMENT_3D('',#4106,#4107,#4108);
#4106 = CARTESIAN_POINT('',(30.437344,20.062,6.3));
#4107 = DIRECTION('',(0.,-1.224646799147E-16,-1.));
#4108 = DIRECTION('',(1.,0.,0.));
#4109 = B_SPLINE_SURFACE_WITH_KNOTS('',14,1,(
    (#4110,#4111)
    ,(#4112,#4113)
    ,(#4114,#4115)
    ,(#4116,#4117)
    ,(#4118,#4119)
    ,(#4120,#4121)
    ,(#4122,#4123)
    ,(#4124,#4125)
    ,(#4126,#4127)
    ,(#4128,#4129)
    ,(#4130,#4131)
    ,(#4132,#4133)
    ,(#4134,#4135)
    ,(#4136,#4137)
    ,(#4138,#4139
    )),.UNSPECIFIED.,.T.,.F.,.F.,(15,15),(2,2),(0.,6.28318530718),(0.,1.
    ),.PIECEWISE_BEZIER_KNOTS.);
#4110 = CARTESIAN_POINT('',(30.237344,20.062,18.6));
#4111 = CARTESIAN_POINT('',(36.737344,20.062,6.3));
#4112 = CARTESIAN_POINT('',(30.237344000003,14.766172383943,
    18.600000000001));
#4113 = CARTESIAN_POINT('',(36.737344000002,17.234566611767,6.3));
#4114 = CARTESIAN_POINT('',(27.677754537836,9.4703428131,18.599999999998
    ));
#4115 = CARTESIAN_POINT('',(35.37078352444,14.407132179872,6.3));
#4116 = CARTESIAN_POINT('',(22.558572341365,5.514731710392,18.6));
#4117 = CARTESIAN_POINT('',(32.63766082631,12.29523811657,6.299999999998
    ));
#4118 = CARTESIAN_POINT('',(15.64533874608,4.239408369359,18.60000000001
    ));
#4119 = CARTESIAN_POINT('',(28.946697127187,11.614345146355,
    6.300000000007));
#4120 = CARTESIAN_POINT('',(8.468991207224,6.504073039883,
    18.599999999968));
#4121 = CARTESIAN_POINT('',(25.115257339351,12.823445775509,
    6.299999999985));
#4122 = CARTESIAN_POINT('',(2.990651920479,12.204554106171,
    18.600000000062));
#4123 = CARTESIAN_POINT('',(22.190381279747,15.866922955043,
    6.300000000025));
#4124 = CARTESIAN_POINT('',(0.928166495749,20.061999999501,
    18.599999999916));
#4125 = CARTESIAN_POINT('',(21.089223806832,20.061999999652,
    6.299999999969));
#4126 = CARTESIAN_POINT('',(2.990651920513,27.919445894733,
    18.600000000087));
#4127 = CARTESIAN_POINT('',(22.19038127982,24.257077045585,
    6.300000000031));
#4128 = CARTESIAN_POINT('',(8.468991207172,33.619926959448,
    18.59999999993));
#4129 = CARTESIAN_POINT('',(25.115257339241,27.300554224033,
    6.299999999976));
#4130 = CARTESIAN_POINT('',(15.645338746127,35.884591631042,
    18.600000000044));
#4131 = CARTESIAN_POINT('',(28.946697127285,28.509654853913,
    6.300000000015));
#4132 = CARTESIAN_POINT('',(22.558572341336,34.609268289419,
    18.599999999978));
#4133 = CARTESIAN_POINT('',(32.637660826249,27.828761883307,
    6.299999999993));
#4134 = CARTESIAN_POINT('',(27.677754537848,30.653657186966,
    18.600000000008));
#4135 = CARTESIAN_POINT('',(35.370783524465,25.716867820169,
    6.300000000003));
#4136 = CARTESIAN_POINT('',(30.237344,25.357827616043,18.599999999998));
#4137 = CARTESIAN_POINT('',(36.737343999996,22.889433388224,
    6.299999999999));
#4138 = CARTESIAN_POINT('',(30.237344,20.062,18.6));
#4139 = CARTESIAN_POINT('',(36.737344,20.062,6.3));
#4140 = ADVANCED_FACE('',(#4141),#4146,.T.);
#4141 = FACE_BOUND('',#4142,.T.);
#4142 = EDGE_LOOP('',(#4143,#4144,#4145));
#4143 = ORIENTED_EDGE('',*,*,#4034,.T.);
#4144 = ORIENTED_EDGE('',*,*,#621,.F.);
#4145 = ORIENTED_EDGE('',*,*,#4081,.T.);
#4146 = B_SPLINE_SURFACE_WITH_KNOTS('',14,1,(
    (#4147,#4148)
    ,(#4149,#4150)
    ,(#4151,#4152)
    ,(#4153,#4154)
    ,(#4155,#4156)
    ,(#4157,#4158)
    ,(#4159,#4160)
    ,(#4161,#4162)
    ,(#4163,#4164)
    ,(#4165,#4166)
    ,(#4167,#4168)
    ,(#4169,#4170)
    ,(#4171,#4172)
    ,(#4173,#4174)
    ,(#4175,#4176
    )),.UNSPECIFIED.,.T.,.F.,.F.,(15,15),(2,2),(0.,6.28318530718),(0.,1.
    ),.PIECEWISE_BEZIER_KNOTS.);
#4147 = CARTESIAN_POINT('',(30.237344,20.062,18.6));
#4148 = CARTESIAN_POINT('',(36.737344,20.062,6.3));
#4149 = CARTESIAN_POINT('',(30.237344000003,14.766172383943,
    18.600000000001));
#4150 = CARTESIAN_POINT('',(36.737344000002,17.234566611767,6.3));
#4151 = CARTESIAN_POINT('',(27.677754537836,9.4703428131,18.599999999998
    ));
#4152 = CARTESIAN_POINT('',(35.37078352444,14.407132179872,6.3));
#4153 = CARTESIAN_POINT('',(22.558572341365,5.514731710392,18.6));
#4154 = CARTESIAN_POINT('',(32.63766082631,12.29523811657,6.299999999998
    ));
#4155 = CARTESIAN_POINT('',(15.64533874608,4.239408369359,18.60000000001
    ));
#4156 = CARTESIAN_POINT('',(28.946697127187,11.614345146355,
    6.300000000007));
#4157 = CARTESIAN_POINT('',(8.468991207224,6.504073039883,
    18.599999999968));
#4158 = CARTESIAN_POINT('',(25.115257339351,12.823445775509,
    6.299999999985));
#4159 = CARTESIAN_POINT('',(2.990651920479,12.204554106171,
    18.600000000062));
#4160 = CARTESIAN_POINT('',(22.190381279747,15.866922955043,
    6.300000000025));
#4161 = CARTESIAN_POINT('',(0.928166495749,20.061999999501,
    18.599999999916));
#4162 = CARTESIAN_POINT('',(21.089223806832,20.061999999652,
    6.299999999969));
#4163 = CARTESIAN_POINT('',(2.990651920513,27.919445894733,
    18.600000000087));
#4164 = CARTESIAN_POINT('',(22.19038127982,24.257077045585,
    6.300000000031));
#4165 = CARTESIAN_POINT('',(8.468991207172,33.619926959448,
    18.59999999993));
#4166 = CARTESIAN_POINT('',(25.115257339241,27.300554224033,
    6.299999999976));
#4167 = CARTESIAN_POINT('',(15.645338746127,35.884591631042,
    18.600000000044));
#4168 = CARTESIAN_POINT('',(28.946697127285,28.509654853913,
    6.300000000015));
#4169 = CARTESIAN_POINT('',(22.558572341336,34.609268289419,
    18.599999999978));
#4170 = CARTESIAN_POINT('',(32.637660826249,27.828761883307,
    6.299999999993));
#4171 = CARTESIAN_POINT('',(27.677754537848,30.653657186966,
    18.600000000008));
#4172 = CARTESIAN_POINT('',(35.370783524465,25.716867820169,
    6.300000000003));
#4173 = CARTESIAN_POINT('',(30.237344,25.357827616043,18.599999999998));
#4174 = CARTESIAN_POINT('',(36.737343999996,22.889433388224,
    6.299999999999));
#4175 = CARTESIAN_POINT('',(30.237344,20.062,18.6));
#4176 = CARTESIAN_POINT('',(36.737344,20.062,6.3));
#4177 = ADVANCED_FACE('',(#4178),#4209,.F.);
#4178 = FACE_BOUND('',#4179,.F.);
#4179 = EDGE_LOOP('',(#4180,#4181,#4188,#4195,#4196,#4197,#4204));
#4180 = ORIENTED_EDGE('',*,*,#1455,.F.);
#4181 = ORIENTED_EDGE('',*,*,#4182,.T.);
#4182 = EDGE_CURVE('',#1456,#4183,#4185,.T.);
#4183 = VERTEX_POINT('',#4184);
#4184 = CARTESIAN_POINT('',(-26.937344,20.062,6.4));
#4185 = B_SPLINE_CURVE_WITH_KNOTS('',1,(#4186,#4187),.UNSPECIFIED.,.F.,
  .F.,(2,2),(0.,1.),.PIECEWISE_BEZIER_KNOTS.);
#4186 = CARTESIAN_POINT('',(-9.437344,20.062,18.6));
#4187 = CARTESIAN_POINT('',(-26.937344,20.062,6.4));
#4188 = ORIENTED_EDGE('',*,*,#4189,.F.);
#4189 = EDGE_CURVE('',#4183,#4183,#4190,.T.);
#4190 = CIRCLE('',#4191,3.5);
#4191 = AXIS2_PLACEMENT_3D('',#4192,#4193,#4194);
#4192 = CARTESIAN_POINT('',(-30.437344,20.062,6.4));
#4193 = DIRECTION('',(0.,-1.224646799147E-16,-1.));
#4194 = DIRECTION('',(1.,0.,0.));
#4195 = ORIENTED_EDGE('',*,*,#4182,.F.);
#4196 = ORIENTED_EDGE('',*,*,#1528,.F.);
#4197 = ORIENTED_EDGE('',*,*,#4198,.F.);
#4198 = EDGE_CURVE('',#4199,#1521,#4201,.T.);
#4199 = VERTEX_POINT('',#4200);
#4200 = CARTESIAN_POINT('',(-33.84371058821,20.062,6.575742623318));
#4201 = B_SPLINE_CURVE_WITH_KNOTS('',1,(#4202,#4203),.UNSPECIFIED.,.F.,
  .F.,(2,2),(0.,1.),.PIECEWISE_BEZIER_KNOTS.);
#4202 = CARTESIAN_POINT('',(-33.84371058821,20.062,6.575742623318));
#4203 = CARTESIAN_POINT('',(-33.83071602492,20.039492756155,6.6));
#4204 = ORIENTED_EDGE('',*,*,#4205,.F.);
#4205 = EDGE_CURVE('',#1458,#4199,#4206,.T.);
#4206 = B_SPLINE_CURVE_WITH_KNOTS('',1,(#4207,#4208),.UNSPECIFIED.,.F.,
  .F.,(2,2),(0.,1.),.PIECEWISE_BEZIER_KNOTS.);
#4207 = CARTESIAN_POINT('',(-33.83071602492,20.084507243845,6.6));
#4208 = CARTESIAN_POINT('',(-33.84371058821,20.062,6.575742623318));
#4209 = B_SPLINE_SURFACE_WITH_KNOTS('',14,1,(
    (#4210,#4211)
    ,(#4212,#4213)
    ,(#4214,#4215)
    ,(#4216,#4217)
    ,(#4218,#4219)
    ,(#4220,#4221)
    ,(#4222,#4223)
    ,(#4224,#4225)
    ,(#4226,#4227)
    ,(#4228,#4229)
    ,(#4230,#4231)
    ,(#4232,#4233)
    ,(#4234,#4235)
    ,(#4236,#4237)
    ,(#4238,#4239
    )),.UNSPECIFIED.,.T.,.F.,.F.,(15,15),(2,2),(0.,6.28318530718),(0.,1.
    ),.PIECEWISE_BEZIER_KNOTS.);
#4210 = CARTESIAN_POINT('',(-9.437344,20.062,18.6));
#4211 = CARTESIAN_POINT('',(-26.937344,20.062,6.4));
#4212 = CARTESIAN_POINT('',(-9.437343999998,16.022809445378,
    18.600000000001));
#4213 = CARTESIAN_POINT('',(-26.93734399999,18.491203673205,6.4));
#4214 = CARTESIAN_POINT('',(-11.3895732508,11.98361739983,
    18.599999999998));
#4215 = CARTESIAN_POINT('',(-27.6965485045,16.920406766589,
    6.400000000001));
#4216 = CARTESIAN_POINT('',(-15.29403424809,8.966625880783,18.6));
#4217 = CARTESIAN_POINT('',(-29.21491608105,15.747132287007,
    6.399999999998));
#4218 = CARTESIAN_POINT('',(-20.5668395327,7.993921637701,18.60000000001
    ));
#4219 = CARTESIAN_POINT('',(-31.26558638812,15.368858414583,
    6.400000000003));
#4220 = CARTESIAN_POINT('',(-26.04032494352,9.721208250661,
    18.599999999968));
#4221 = CARTESIAN_POINT('',(-33.39381827075,16.040580986506,
    6.399999999997));
#4222 = CARTESIAN_POINT('',(-30.21871931509,14.069032792981,
    18.600000000062));
#4223 = CARTESIAN_POINT('',(-35.01937582309,17.731401641521,
    6.400000000001));
#4224 = CARTESIAN_POINT('',(-31.79180141822,20.061999999458,
    18.599999999916));
#4225 = CARTESIAN_POINT('',(-35.63029392867,20.062000000006,
    6.400000000001));
#4226 = CARTESIAN_POINT('',(-30.21871931513,26.054967208,18.600000000087
    ));
#4227 = CARTESIAN_POINT('',(-35.01937582308,22.392598358474,
    6.399999999998));
#4228 = CARTESIAN_POINT('',(-26.04032494346,30.402791748613,
    18.59999999993));
#4229 = CARTESIAN_POINT('',(-33.39381827076,24.083419013486,
    6.400000000001));
#4230 = CARTESIAN_POINT('',(-20.56683953275,32.130078362733,
    18.600000000044));
#4231 = CARTESIAN_POINT('',(-31.26558638811,24.755141585432,6.4));
#4232 = CARTESIAN_POINT('',(-15.29403424806,31.157374119013,
    18.599999999978));
#4233 = CARTESIAN_POINT('',(-29.21491608105,24.376867712981,6.4));
#4234 = CARTESIAN_POINT('',(-11.38957325081,28.14038260024,
    18.600000000008));
#4235 = CARTESIAN_POINT('',(-27.6965485045,23.203593233417,6.4));
#4236 = CARTESIAN_POINT('',(-9.437343999994,24.101190554607,
    18.599999999998));
#4237 = CARTESIAN_POINT('',(-26.93734399999,21.632796326793,6.4));
#4238 = CARTESIAN_POINT('',(-9.437344,20.062,18.6));
#4239 = CARTESIAN_POINT('',(-26.937344,20.062,6.4));
#4240 = ADVANCED_FACE('',(#4241),#4251,.T.);
#4241 = FACE_BOUND('',#4242,.T.);
#4242 = EDGE_LOOP('',(#4243,#4244,#4245));
#4243 = ORIENTED_EDGE('',*,*,#1520,.F.);
#4244 = ORIENTED_EDGE('',*,*,#4198,.F.);
#4245 = ORIENTED_EDGE('',*,*,#4246,.F.);
#4246 = EDGE_CURVE('',#1513,#4199,#4247,.T.);
#4247 = LINE('',#4248,#4249);
#4248 = CARTESIAN_POINT('',(-33.84371058821,20.062,6.6));
#4249 = VECTOR('',#4250,1.);
#4250 = DIRECTION('',(0.,-1.224646799147E-16,-1.));
#4251 = PLANE('',#4252);
#4252 = AXIS2_PLACEMENT_3D('',#4253,#4254,#4255);
#4253 = CARTESIAN_POINT('',(-32.1405272941,17.112,6.6));
#4254 = DIRECTION('',(0.866025403784,0.5,-6.123233995737E-17));
#4255 = DIRECTION('',(-0.5,0.866025403784,-1.060575238725E-16));
#4256 = ADVANCED_FACE('',(#4257),#4262,.T.);
#4257 = FACE_BOUND('',#4258,.T.);
#4258 = EDGE_LOOP('',(#4259,#4260,#4261));
#4259 = ORIENTED_EDGE('',*,*,#1512,.F.);
#4260 = ORIENTED_EDGE('',*,*,#4246,.T.);
#4261 = ORIENTED_EDGE('',*,*,#4205,.F.);
#4262 = PLANE('',#4263);
#4263 = AXIS2_PLACEMENT_3D('',#4264,#4265,#4266);
#4264 = CARTESIAN_POINT('',(-33.84371058821,20.062,6.6));
#4265 = DIRECTION('',(0.866025403784,-0.5,6.123233995737E-17));
#4266 = DIRECTION('',(0.5,0.866025403784,-1.060575238725E-16));
#4267 = ADVANCED_FACE('',(#4268),#4298,.F.);
#4268 = FACE_BOUND('',#4269,.F.);
#4269 = EDGE_LOOP('',(#4270,#4277,#4278,#4283,#4290,#4297));
#4270 = ORIENTED_EDGE('',*,*,#4271,.F.);
#4271 = EDGE_CURVE('',#1586,#4272,#4274,.T.);
#4272 = VERTEX_POINT('',#4273);
#4273 = CARTESIAN_POINT('',(33.843710588219,20.062,6.575742711343));
#4274 = B_SPLINE_CURVE_WITH_KNOTS('',1,(#4275,#4276),.UNSPECIFIED.,.F.,
  .F.,(2,2),(0.,1.),.PIECEWISE_BEZIER_KNOTS.);
#4275 = CARTESIAN_POINT('',(33.830716071869,20.039492837462,6.6));
#4276 = CARTESIAN_POINT('',(33.843710588219,20.062,6.575742711343));
#4277 = ORIENTED_EDGE('',*,*,#1583,.F.);
#4278 = ORIENTED_EDGE('',*,*,#4279,.F.);
#4279 = EDGE_CURVE('',#4272,#1584,#4280,.T.);
#4280 = B_SPLINE_CURVE_WITH_KNOTS('',1,(#4281,#4282),.UNSPECIFIED.,.F.,
  .F.,(2,2),(0.,1.),.PIECEWISE_BEZIER_KNOTS.);
#4281 = CARTESIAN_POINT('',(33.843710588219,20.062,6.575742711343));
#4282 = CARTESIAN_POINT('',(33.830716071869,20.084507162538,6.6));
#4283 = ORIENTED_EDGE('',*,*,#4284,.T.);
#4284 = EDGE_CURVE('',#4272,#4285,#4287,.T.);
#4285 = VERTEX_POINT('',#4286);
#4286 = CARTESIAN_POINT('',(33.937344,20.062,6.4));
#4287 = B_SPLINE_CURVE_WITH_KNOTS('',1,(#4288,#4289),.UNSPECIFIED.,.F.,
  .F.,(2,2),(0.,1.),.PIECEWISE_BEZIER_KNOTS.);
#4288 = CARTESIAN_POINT('',(27.437344,20.062,18.6));
#4289 = CARTESIAN_POINT('',(33.937344,20.062,6.4));
#4290 = ORIENTED_EDGE('',*,*,#4291,.F.);
#4291 = EDGE_CURVE('',#4285,#4285,#4292,.T.);
#4292 = CIRCLE('',#4293,3.5);
#4293 = AXIS2_PLACEMENT_3D('',#4294,#4295,#4296);
#4294 = CARTESIAN_POINT('',(30.437344,20.062,6.4));
#4295 = DIRECTION('',(0.,-1.224646799147E-16,-1.));
#4296 = DIRECTION('',(1.,0.,0.));
#4297 = ORIENTED_EDGE('',*,*,#4284,.F.);
#4298 = B_SPLINE_SURFACE_WITH_KNOTS('',14,1,(
    (#4299,#4300)
    ,(#4301,#4302)
    ,(#4303,#4304)
    ,(#4305,#4306)
    ,(#4307,#4308)
    ,(#4309,#4310)
    ,(#4311,#4312)
    ,(#4313,#4314)
    ,(#4315,#4316)
    ,(#4317,#4318)
    ,(#4319,#4320)
    ,(#4321,#4322)
    ,(#4323,#4324)
    ,(#4325,#4326)
    ,(#4327,#4328
    )),.UNSPECIFIED.,.T.,.F.,.F.,(15,15),(2,2),(0.,6.28318530718),(0.,1.
    ),.PIECEWISE_BEZIER_KNOTS.);
#4299 = CARTESIAN_POINT('',(27.437344,20.062,18.6));
#4300 = CARTESIAN_POINT('',(33.937344,20.062,6.4));
#4301 = CARTESIAN_POINT('',(27.437344000002,16.022809445378,
    18.600000000001));
#4302 = CARTESIAN_POINT('',(33.937343999998,18.491203673205,6.4));
#4303 = CARTESIAN_POINT('',(25.485114749198,11.98361739983,
    18.599999999998));
#4304 = CARTESIAN_POINT('',(33.17813949551,16.920406766589,
    6.400000000001));
#4305 = CARTESIAN_POINT('',(21.580653751884,8.966625880783,18.6));
#4306 = CARTESIAN_POINT('',(31.65977191892,15.747132287007,
    6.399999999998));
#4307 = CARTESIAN_POINT('',(16.307848467362,7.993921637701,
    18.60000000001));
#4308 = CARTESIAN_POINT('',(29.609101611916,15.368858414583,
    6.400000000003));
#4309 = CARTESIAN_POINT('',(10.83436305633,9.721208250661,
    18.599999999968));
#4310 = CARTESIAN_POINT('',(27.480869729202,16.040580986506,
    6.399999999997));
#4311 = CARTESIAN_POINT('',(6.655968685157,14.069032792981,
    18.600000000062));
#4312 = CARTESIAN_POINT('',(25.855312176922,17.731401641521,
    6.400000000001));
#4313 = CARTESIAN_POINT('',(5.082886581443,20.061999999458,
    18.599999999916));
#4314 = CARTESIAN_POINT('',(25.244394071342,20.062000000006,
    6.400000000001));
#4315 = CARTESIAN_POINT('',(6.6559686852,26.054967208,18.600000000087));
#4316 = CARTESIAN_POINT('',(25.855312176884,22.392598358474,
    6.399999999998));
#4317 = CARTESIAN_POINT('',(10.834363056264,30.402791748613,
    18.59999999993));
#4318 = CARTESIAN_POINT('',(27.480869729258,24.083419013486,
    6.400000000001));
#4319 = CARTESIAN_POINT('',(16.307848467421,32.130078362733,
    18.600000000044));
#4320 = CARTESIAN_POINT('',(29.609101611867,24.755141585432,6.4));
#4321 = CARTESIAN_POINT('',(21.580653751847,31.157374119013,
    18.599999999978));
#4322 = CARTESIAN_POINT('',(31.659771918949,24.376867712981,6.4));
#4323 = CARTESIAN_POINT('',(25.485114749213,28.14038260024,
    18.600000000008));
#4324 = CARTESIAN_POINT('',(33.178139495498,23.203593233417,6.4));
#4325 = CARTESIAN_POINT('',(27.437343999998,24.101190554607,
    18.599999999998));
#4326 = CARTESIAN_POINT('',(33.937344000001,21.632796326793,6.4));
#4327 = CARTESIAN_POINT('',(27.437344,20.062,18.6));
#4328 = CARTESIAN_POINT('',(33.937344,20.062,6.4));
#4329 = ADVANCED_FACE('',(#4330),#4340,.T.);
#4330 = FACE_BOUND('',#4331,.T.);
#4331 = EDGE_LOOP('',(#4332,#4333,#4334));
#4332 = ORIENTED_EDGE('',*,*,#1648,.F.);
#4333 = ORIENTED_EDGE('',*,*,#4279,.F.);
#4334 = ORIENTED_EDGE('',*,*,#4335,.F.);
#4335 = EDGE_CURVE('',#1641,#4272,#4336,.T.);
#4336 = LINE('',#4337,#4338);
#4337 = CARTESIAN_POINT('',(33.843710588219,20.062,6.6));
#4338 = VECTOR('',#4339,1.);
#4339 = DIRECTION('',(0.,-1.224646799147E-16,-1.));
#4340 = PLANE('',#4341);
#4341 = AXIS2_PLACEMENT_3D('',#4342,#4343,#4344);
#4342 = CARTESIAN_POINT('',(32.140527294109,23.012,6.6));
#4343 = DIRECTION('',(-0.866025403784,-0.5,6.123233995737E-17));
#4344 = DIRECTION('',(0.5,-0.866025403784,1.060575238725E-16));
#4345 = ADVANCED_FACE('',(#4346),#4351,.T.);
#4346 = FACE_BOUND('',#4347,.T.);
#4347 = EDGE_LOOP('',(#4348,#4349,#4350));
#4348 = ORIENTED_EDGE('',*,*,#1640,.F.);
#4349 = ORIENTED_EDGE('',*,*,#4335,.T.);
#4350 = ORIENTED_EDGE('',*,*,#4271,.F.);
#4351 = PLANE('',#4352);
#4352 = AXIS2_PLACEMENT_3D('',#4353,#4354,#4355);
#4353 = CARTESIAN_POINT('',(33.843710588219,20.062,6.6));
#4354 = DIRECTION('',(-0.866025403784,0.5,-6.123233995737E-17));
#4355 = DIRECTION('',(-0.5,-0.866025403784,1.060575238725E-16));
#4356 = ADVANCED_FACE('',(#4357),#4388,.F.);
#4357 = FACE_BOUND('',#4358,.F.);
#4358 = EDGE_LOOP('',(#4359,#4360,#4367,#4374,#4375,#4376,#4383));
#4359 = ORIENTED_EDGE('',*,*,#1656,.F.);
#4360 = ORIENTED_EDGE('',*,*,#4361,.T.);
#4361 = EDGE_CURVE('',#1657,#4362,#4364,.T.);
#4362 = VERTEX_POINT('',#4363);
#4363 = CARTESIAN_POINT('',(-26.937344,-21.938,6.4));
#4364 = B_SPLINE_CURVE_WITH_KNOTS('',1,(#4365,#4366),.UNSPECIFIED.,.F.,
  .F.,(2,2),(0.,1.),.PIECEWISE_BEZIER_KNOTS.);
#4365 = CARTESIAN_POINT('',(-9.437344,-21.938,18.6));
#4366 = CARTESIAN_POINT('',(-26.937344,-21.938,6.4));
#4367 = ORIENTED_EDGE('',*,*,#4368,.F.);
#4368 = EDGE_CURVE('',#4362,#4362,#4369,.T.);
#4369 = CIRCLE('',#4370,3.5);
#4370 = AXIS2_PLACEMENT_3D('',#4371,#4372,#4373);
#4371 = CARTESIAN_POINT('',(-30.437344,-21.938,6.4));
#4372 = DIRECTION('',(0.,-1.224646799147E-16,-1.));
#4373 = DIRECTION('',(1.,0.,0.));
#4374 = ORIENTED_EDGE('',*,*,#4361,.F.);
#4375 = ORIENTED_EDGE('',*,*,#1729,.F.);
#4376 = ORIENTED_EDGE('',*,*,#4377,.F.);
#4377 = EDGE_CURVE('',#4378,#1722,#4380,.T.);
#4378 = VERTEX_POINT('',#4379);
#4379 = CARTESIAN_POINT('',(-33.84371058821,-21.938,6.575742623318));
#4380 = B_SPLINE_CURVE_WITH_KNOTS('',1,(#4381,#4382),.UNSPECIFIED.,.F.,
  .F.,(2,2),(0.,1.),.PIECEWISE_BEZIER_KNOTS.);
#4381 = CARTESIAN_POINT('',(-33.84371058821,-21.938,6.575742623318));
#4382 = CARTESIAN_POINT('',(-33.83071602492,-21.96050724384,6.6));
#4383 = ORIENTED_EDGE('',*,*,#4384,.F.);
#4384 = EDGE_CURVE('',#1659,#4378,#4385,.T.);
#4385 = B_SPLINE_CURVE_WITH_KNOTS('',1,(#4386,#4387),.UNSPECIFIED.,.F.,
  .F.,(2,2),(0.,1.),.PIECEWISE_BEZIER_KNOTS.);
#4386 = CARTESIAN_POINT('',(-33.83071602492,-21.91549275615,6.6));
#4387 = CARTESIAN_POINT('',(-33.84371058821,-21.938,6.575742623318));
#4388 = B_SPLINE_SURFACE_WITH_KNOTS('',14,1,(
    (#4389,#4390)
    ,(#4391,#4392)
    ,(#4393,#4394)
    ,(#4395,#4396)
    ,(#4397,#4398)
    ,(#4399,#4400)
    ,(#4401,#4402)
    ,(#4403,#4404)
    ,(#4405,#4406)
    ,(#4407,#4408)
    ,(#4409,#4410)
    ,(#4411,#4412)
    ,(#4413,#4414)
    ,(#4415,#4416)
    ,(#4417,#4418
    )),.UNSPECIFIED.,.T.,.F.,.F.,(15,15),(2,2),(0.,6.28318530718),(0.,1.
    ),.PIECEWISE_BEZIER_KNOTS.);
#4389 = CARTESIAN_POINT('',(-9.437344,-21.938,18.6));
#4390 = CARTESIAN_POINT('',(-26.937344,-21.938,6.4));
#4391 = CARTESIAN_POINT('',(-9.437343999998,-25.97719055461,
    18.600000000001));
#4392 = CARTESIAN_POINT('',(-26.93734399999,-23.50879632679,6.4));
#4393 = CARTESIAN_POINT('',(-11.3895732508,-30.01638260018,
    18.599999999998));
#4394 = CARTESIAN_POINT('',(-27.6965485045,-25.07959323343,
    6.400000000001));
#4395 = CARTESIAN_POINT('',(-15.29403424809,-33.03337411915,18.6));
#4396 = CARTESIAN_POINT('',(-29.21491608105,-26.25286771294,
    6.399999999998));
#4397 = CARTESIAN_POINT('',(-20.5668395327,-34.00607836246,
    18.60000000001));
#4398 = CARTESIAN_POINT('',(-31.26558638812,-26.63114158548,
    6.400000000003));
#4399 = CARTESIAN_POINT('',(-26.04032494352,-32.27879174901,
    18.599999999968));
#4400 = CARTESIAN_POINT('',(-33.39381827075,-25.95941901342,
    6.399999999997));
#4401 = CARTESIAN_POINT('',(-30.21871931509,-27.93096720751,
    18.600000000062));
#4402 = CARTESIAN_POINT('',(-35.01937582309,-24.26859835851,
    6.400000000001));
#4403 = CARTESIAN_POINT('',(-31.79180141822,-21.93799999993,
    18.599999999916));
#4404 = CARTESIAN_POINT('',(-35.63029392867,-21.938,6.400000000001));
#4405 = CARTESIAN_POINT('',(-30.21871931513,-15.9450327926,
    18.600000000087));
#4406 = CARTESIAN_POINT('',(-35.01937582308,-19.60740164147,
    6.399999999998));
#4407 = CARTESIAN_POINT('',(-26.04032494346,-11.59720825091,
    18.59999999993));
#4408 = CARTESIAN_POINT('',(-33.39381827076,-17.91658098656,
    6.400000000001));
#4409 = CARTESIAN_POINT('',(-20.56683953275,-9.869921637566,
    18.600000000044));
#4410 = CARTESIAN_POINT('',(-31.26558638811,-17.24485841453,6.4));
#4411 = CARTESIAN_POINT('',(-15.29403424806,-10.84262588084,
    18.599999999978));
#4412 = CARTESIAN_POINT('',(-29.21491608105,-17.62313228703,6.4));
#4413 = CARTESIAN_POINT('',(-11.38957325081,-13.85961739981,
    18.600000000008));
#4414 = CARTESIAN_POINT('',(-27.6965485045,-18.79640676657,6.4));
#4415 = CARTESIAN_POINT('',(-9.437343999994,-17.89880944538,
    18.599999999998));
#4416 = CARTESIAN_POINT('',(-26.93734399999,-20.3672036732,6.4));
#4417 = CARTESIAN_POINT('',(-9.437344,-21.938,18.6));
#4418 = CARTESIAN_POINT('',(-26.937344,-21.938,6.4));
#4419 = ADVANCED_FACE('',(#4420),#4430,.T.);
#4420 = FACE_BOUND('',#4421,.T.);
#4421 = EDGE_LOOP('',(#4422,#4423,#4424));
#4422 = ORIENTED_EDGE('',*,*,#1721,.F.);
#4423 = ORIENTED_EDGE('',*,*,#4377,.F.);
#4424 = ORIENTED_EDGE('',*,*,#4425,.F.);
#4425 = EDGE_CURVE('',#1714,#4378,#4426,.T.);
#4426 = LINE('',#4427,#4428);
#4427 = CARTESIAN_POINT('',(-33.84371058821,-21.938,6.6));
#4428 = VECTOR('',#4429,1.);
#4429 = DIRECTION('',(0.,-1.224646799147E-16,-1.));
#4430 = PLANE('',#4431);
#4431 = AXIS2_PLACEMENT_3D('',#4432,#4433,#4434);
#4432 = CARTESIAN_POINT('',(-32.1405272941,-24.888,6.6));
#4433 = DIRECTION('',(0.866025403784,0.5,-6.123233995737E-17));
#4434 = DIRECTION('',(-0.5,0.866025403784,-1.060575238725E-16));
#4435 = ADVANCED_FACE('',(#4436),#4441,.T.);
#4436 = FACE_BOUND('',#4437,.T.);
#4437 = EDGE_LOOP('',(#4438,#4439,#4440));
#4438 = ORIENTED_EDGE('',*,*,#1713,.F.);
#4439 = ORIENTED_EDGE('',*,*,#4425,.T.);
#4440 = ORIENTED_EDGE('',*,*,#4384,.F.);
#4441 = PLANE('',#4442);
#4442 = AXIS2_PLACEMENT_3D('',#4443,#4444,#4445);
#4443 = CARTESIAN_POINT('',(-33.84371058821,-21.938,6.6));
#4444 = DIRECTION('',(0.866025403784,-0.5,6.123233995737E-17));
#4445 = DIRECTION('',(0.5,0.866025403784,-1.060575238725E-16));
#4446 = ADVANCED_FACE('',(#4447,#4453),#4480,.F.);
#4447 = FACE_BOUND('',#4448,.F.);
#4448 = EDGE_LOOP('',(#4449,#4450,#4451,#4452));
#4449 = ORIENTED_EDGE('',*,*,#1784,.F.);
#4450 = ORIENTED_EDGE('',*,*,#1810,.F.);
#4451 = ORIENTED_EDGE('',*,*,#1802,.F.);
#4452 = ORIENTED_EDGE('',*,*,#1794,.F.);
#4453 = FACE_BOUND('',#4454,.F.);
#4454 = EDGE_LOOP('',(#4455,#4456,#4457,#4465,#4473,#4479));
#4455 = ORIENTED_EDGE('',*,*,#2425,.T.);
#4456 = ORIENTED_EDGE('',*,*,#2300,.T.);
#4457 = ORIENTED_EDGE('',*,*,#4458,.F.);
#4458 = EDGE_CURVE('',#4459,#2301,#4461,.T.);
#4459 = VERTEX_POINT('',#4460);
#4460 = CARTESIAN_POINT('',(24.637344,-29.987358,6.6));
#4461 = LINE('',#4462,#4463);
#4462 = CARTESIAN_POINT('',(-262.318672,-29.987358,6.6));
#4463 = VECTOR('',#4464,1.);
#4464 = DIRECTION('',(-1.,-0.,0.));
#4465 = ORIENTED_EDGE('',*,*,#4466,.F.);
#4466 = EDGE_CURVE('',#4467,#4459,#4469,.T.);
#4467 = VERTEX_POINT('',#4468);
#4468 = CARTESIAN_POINT('',(24.637344,-0.438984,6.6));
#4469 = LINE('',#4470,#4471);
#4470 = CARTESIAN_POINT('',(24.637344,264.743679,6.6));
#4471 = VECTOR('',#4472,1.);
#4472 = DIRECTION('',(0.,-1.,1.224646799147E-16));
#4473 = ORIENTED_EDGE('',*,*,#4474,.F.);
#4474 = EDGE_CURVE('',#2611,#4467,#4475,.T.);
#4475 = LINE('',#4476,#4477);
#4476 = CARTESIAN_POINT('',(24.637344,264.743679,6.6));
#4477 = VECTOR('',#4478,1.);
#4478 = DIRECTION('',(0.,-1.,1.224646799147E-16));
#4479 = ORIENTED_EDGE('',*,*,#2610,.F.);
#4480 = PLANE('',#4481);
#4481 = AXIS2_PLACEMENT_3D('',#4482,#4483,#4484);
#4482 = CARTESIAN_POINT('',(-500.,500.,6.6));
#4483 = DIRECTION('',(0.,-1.224646799147E-16,-1.));
#4484 = DIRECTION('',(1.,0.,0.));
#4485 = ADVANCED_FACE('',(#4486),#4516,.F.);
#4486 = FACE_BOUND('',#4487,.F.);
#4487 = EDGE_LOOP('',(#4488,#4495,#4496,#4501,#4508,#4515));
#4488 = ORIENTED_EDGE('',*,*,#4489,.F.);
#4489 = EDGE_CURVE('',#1821,#4490,#4492,.T.);
#4490 = VERTEX_POINT('',#4491);
#4491 = CARTESIAN_POINT('',(33.843710588219,-21.938,6.575742711343));
#4492 = B_SPLINE_CURVE_WITH_KNOTS('',1,(#4493,#4494),.UNSPECIFIED.,.F.,
  .F.,(2,2),(0.,1.),.PIECEWISE_BEZIER_KNOTS.);
#4493 = CARTESIAN_POINT('',(33.830716071869,-21.96050716253,6.6));
#4494 = CARTESIAN_POINT('',(33.843710588219,-21.938,6.575742711343));
#4495 = ORIENTED_EDGE('',*,*,#1818,.F.);
#4496 = ORIENTED_EDGE('',*,*,#4497,.F.);
#4497 = EDGE_CURVE('',#4490,#1819,#4498,.T.);
#4498 = B_SPLINE_CURVE_WITH_KNOTS('',1,(#4499,#4500),.UNSPECIFIED.,.F.,
  .F.,(2,2),(0.,1.),.PIECEWISE_BEZIER_KNOTS.);
#4499 = CARTESIAN_POINT('',(33.843710588219,-21.938,6.575742711343));
#4500 = CARTESIAN_POINT('',(33.830716071869,-21.91549283746,6.6));
#4501 = ORIENTED_EDGE('',*,*,#4502,.T.);
#4502 = EDGE_CURVE('',#4490,#4503,#4505,.T.);
#4503 = VERTEX_POINT('',#4504);
#4504 = CARTESIAN_POINT('',(33.937344,-21.938,6.4));
#4505 = B_SPLINE_CURVE_WITH_KNOTS('',1,(#4506,#4507),.UNSPECIFIED.,.F.,
  .F.,(2,2),(0.,1.),.PIECEWISE_BEZIER_KNOTS.);
#4506 = CARTESIAN_POINT('',(27.437344,-21.938,18.6));
#4507 = CARTESIAN_POINT('',(33.937344,-21.938,6.4));
#4508 = ORIENTED_EDGE('',*,*,#4509,.F.);
#4509 = EDGE_CURVE('',#4503,#4503,#4510,.T.);
#4510 = CIRCLE('',#4511,3.5);
#4511 = AXIS2_PLACEMENT_3D('',#4512,#4513,#4514);
#4512 = CARTESIAN_POINT('',(30.437344,-21.938,6.4));
#4513 = DIRECTION('',(0.,-1.224646799147E-16,-1.));
#4514 = DIRECTION('',(1.,0.,0.));
#4515 = ORIENTED_EDGE('',*,*,#4502,.F.);
#4516 = B_SPLINE_SURFACE_WITH_KNOTS('',14,1,(
    (#4517,#4518)
    ,(#4519,#4520)
    ,(#4521,#4522)
    ,(#4523,#4524)
    ,(#4525,#4526)
    ,(#4527,#4528)
    ,(#4529,#4530)
    ,(#4531,#4532)
    ,(#4533,#4534)
    ,(#4535,#4536)
    ,(#4537,#4538)
    ,(#4539,#4540)
    ,(#4541,#4542)
    ,(#4543,#4544)
    ,(#4545,#4546
    )),.UNSPECIFIED.,.T.,.F.,.F.,(15,15),(2,2),(0.,6.28318530718),(0.,1.
    ),.PIECEWISE_BEZIER_KNOTS.);
#4517 = CARTESIAN_POINT('',(27.437344,-21.938,18.6));
#4518 = CARTESIAN_POINT('',(33.937344,-21.938,6.4));
#4519 = CARTESIAN_POINT('',(27.437344000002,-25.97719055461,
    18.600000000001));
#4520 = CARTESIAN_POINT('',(33.937343999998,-23.50879632679,6.4));
#4521 = CARTESIAN_POINT('',(25.485114749198,-30.01638260018,
    18.599999999998));
#4522 = CARTESIAN_POINT('',(33.17813949551,-25.07959323343,
    6.400000000001));
#4523 = CARTESIAN_POINT('',(21.580653751884,-33.03337411915,18.6));
#4524 = CARTESIAN_POINT('',(31.65977191892,-26.25286771294,
    6.399999999998));
#4525 = CARTESIAN_POINT('',(16.307848467362,-34.00607836246,
    18.60000000001));
#4526 = CARTESIAN_POINT('',(29.609101611916,-26.63114158548,
    6.400000000003));
#4527 = CARTESIAN_POINT('',(10.83436305633,-32.27879174901,
    18.599999999968));
#4528 = CARTESIAN_POINT('',(27.480869729202,-25.95941901342,
    6.399999999997));
#4529 = CARTESIAN_POINT('',(6.655968685157,-27.93096720751,
    18.600000000062));
#4530 = CARTESIAN_POINT('',(25.855312176922,-24.26859835851,
    6.400000000001));
#4531 = CARTESIAN_POINT('',(5.082886581443,-21.93799999993,
    18.599999999916));
#4532 = CARTESIAN_POINT('',(25.244394071342,-21.938,6.400000000001));
#4533 = CARTESIAN_POINT('',(6.6559686852,-15.9450327926,18.600000000087)
  );
#4534 = CARTESIAN_POINT('',(25.855312176884,-19.60740164147,
    6.399999999998));
#4535 = CARTESIAN_POINT('',(10.834363056264,-11.59720825091,
    18.59999999993));
#4536 = CARTESIAN_POINT('',(27.480869729258,-17.91658098656,
    6.400000000001));
#4537 = CARTESIAN_POINT('',(16.307848467421,-9.869921637566,
    18.600000000044));
#4538 = CARTESIAN_POINT('',(29.609101611867,-17.24485841453,6.4));
#4539 = CARTESIAN_POINT('',(21.580653751847,-10.84262588084,
    18.599999999978));
#4540 = CARTESIAN_POINT('',(31.659771918949,-17.62313228703,6.4));
#4541 = CARTESIAN_POINT('',(25.485114749213,-13.85961739981,
    18.600000000008));
#4542 = CARTESIAN_POINT('',(33.178139495498,-18.79640676657,6.4));
#4543 = CARTESIAN_POINT('',(27.437343999998,-17.89880944538,
    18.599999999998));
#4544 = CARTESIAN_POINT('',(33.937344000001,-20.3672036732,6.4));
#4545 = CARTESIAN_POINT('',(27.437344,-21.938,18.6));
#4546 = CARTESIAN_POINT('',(33.937344,-21.938,6.4));
#4547 = ADVANCED_FACE('',(#4548),#4558,.T.);
#4548 = FACE_BOUND('',#4549,.T.);
#4549 = EDGE_LOOP('',(#4550,#4551,#4552));
#4550 = ORIENTED_EDGE('',*,*,#1891,.F.);
#4551 = ORIENTED_EDGE('',*,*,#4497,.F.);
#4552 = ORIENTED_EDGE('',*,*,#4553,.F.);
#4553 = EDGE_CURVE('',#1884,#4490,#4554,.T.);
#4554 = LINE('',#4555,#4556);
#4555 = CARTESIAN_POINT('',(33.843710588219,-21.938,6.6));
#4556 = VECTOR('',#4557,1.);
#4557 = DIRECTION('',(0.,-1.224646799147E-16,-1.));
#4558 = PLANE('',#4559);
#4559 = AXIS2_PLACEMENT_3D('',#4560,#4561,#4562);
#4560 = CARTESIAN_POINT('',(32.140527294109,-18.988,6.6));
#4561 = DIRECTION('',(-0.866025403784,-0.5,6.123233995737E-17));
#4562 = DIRECTION('',(0.5,-0.866025403784,1.060575238725E-16));
#4563 = ADVANCED_FACE('',(#4564),#4569,.T.);
#4564 = FACE_BOUND('',#4565,.T.);
#4565 = EDGE_LOOP('',(#4566,#4567,#4568));
#4566 = ORIENTED_EDGE('',*,*,#1883,.F.);
#4567 = ORIENTED_EDGE('',*,*,#4553,.T.);
#4568 = ORIENTED_EDGE('',*,*,#4489,.F.);
#4569 = PLANE('',#4570);
#4570 = AXIS2_PLACEMENT_3D('',#4571,#4572,#4573);
#4571 = CARTESIAN_POINT('',(33.843710588219,-21.938,6.6));
#4572 = DIRECTION('',(-0.866025403784,0.5,-6.123233995737E-17));
#4573 = DIRECTION('',(-0.5,-0.866025403784,1.060575238725E-16));
#4574 = ADVANCED_FACE('',(#4575),#4587,.T.);
#4575 = FACE_BOUND('',#4576,.T.);
#4576 = EDGE_LOOP('',(#4577,#4578,#4579,#4580));
#4577 = ORIENTED_EDGE('',*,*,#3141,.F.);
#4578 = ORIENTED_EDGE('',*,*,#3018,.T.);
#4579 = ORIENTED_EDGE('',*,*,#2153,.F.);
#4580 = ORIENTED_EDGE('',*,*,#4581,.F.);
#4581 = EDGE_CURVE('',#3142,#2145,#4582,.T.);
#4582 = CIRCLE('',#4583,4.5);
#4583 = AXIS2_PLACEMENT_3D('',#4584,#4585,#4586);
#4584 = CARTESIAN_POINT('',(-30.437344,20.062,4.5));
#4585 = DIRECTION('',(0.,-1.224646799147E-16,-1.));
#4586 = DIRECTION('',(1.,0.,0.));
#4587 = CONICAL_SURFACE('',#4588,6.3,0.785398163397);
#4588 = AXIS2_PLACEMENT_3D('',#4589,#4590,#4591);
#4589 = CARTESIAN_POINT('',(-30.437344,20.062,6.3));
#4590 = DIRECTION('',(-0.,1.224646799147E-16,1.));
#4591 = DIRECTION('',(1.,0.,0.));
#4592 = ADVANCED_FACE('',(#4593),#4605,.T.);
#4593 = FACE_BOUND('',#4594,.T.);
#4594 = EDGE_LOOP('',(#4595,#4602,#4603,#4604));
#4595 = ORIENTED_EDGE('',*,*,#4596,.F.);
#4596 = EDGE_CURVE('',#2213,#426,#4597,.T.);
#4597 = CIRCLE('',#4598,4.5);
#4598 = AXIS2_PLACEMENT_3D('',#4599,#4600,#4601);
#4599 = CARTESIAN_POINT('',(-30.437344,20.062,-2.6645352591E-15));
#4600 = DIRECTION('',(0.,-1.224646799147E-16,-1.));
#4601 = DIRECTION('',(1.,0.,0.));
#4602 = ORIENTED_EDGE('',*,*,#3150,.T.);
#4603 = ORIENTED_EDGE('',*,*,#4581,.T.);
#4604 = ORIENTED_EDGE('',*,*,#2144,.T.);
#4605 = CYLINDRICAL_SURFACE('',#4606,4.5);
#4606 = AXIS2_PLACEMENT_3D('',#4607,#4608,#4609);
#4607 = CARTESIAN_POINT('',(-30.437344,20.062,6.5));
#4608 = DIRECTION('',(0.,-1.224646799147E-16,-1.));
#4609 = DIRECTION('',(1.,0.,0.));
#4610 = ADVANCED_FACE('',(#4611,#4615),#4626,.T.);
#4611 = FACE_BOUND('',#4612,.T.);
#4612 = EDGE_LOOP('',(#4613,#4614));
#4613 = ORIENTED_EDGE('',*,*,#2212,.T.);
#4614 = ORIENTED_EDGE('',*,*,#4596,.T.);
#4615 = FACE_BOUND('',#4616,.T.);
#4616 = EDGE_LOOP('',(#4617));
#4617 = ORIENTED_EDGE('',*,*,#4618,.F.);
#4618 = EDGE_CURVE('',#4619,#4619,#4621,.T.);
#4619 = VERTEX_POINT('',#4620);
#4620 = CARTESIAN_POINT('',(-28.737344,20.062,0.));
#4621 = CIRCLE('',#4622,1.7);
#4622 = AXIS2_PLACEMENT_3D('',#4623,#4624,#4625);
#4623 = CARTESIAN_POINT('',(-30.437344,20.062,0.));
#4624 = DIRECTION('',(0.,-1.224646799147E-16,-1.));
#4625 = DIRECTION('',(1.,0.,0.));
#4626 = PLANE('',#4627);
#4627 = AXIS2_PLACEMENT_3D('',#4628,#4629,#4630);
#4628 = CARTESIAN_POINT('',(-30.437344,20.062,-2.6645352591E-15));
#4629 = DIRECTION('',(0.,-1.224646799147E-16,-1.));
#4630 = DIRECTION('',(1.,0.,0.));
#4631 = ADVANCED_FACE('',(#4632),#4654,.T.);
#4632 = FACE_BOUND('',#4633,.T.);
#4633 = EDGE_LOOP('',(#4634,#4635,#4636,#4637,#4638,#4639,#4647));
#4634 = ORIENTED_EDGE('',*,*,#3157,.F.);
#4635 = ORIENTED_EDGE('',*,*,#2229,.F.);
#4636 = ORIENTED_EDGE('',*,*,#2271,.T.);
#4637 = ORIENTED_EDGE('',*,*,#2263,.T.);
#4638 = ORIENTED_EDGE('',*,*,#2364,.T.);
#4639 = ORIENTED_EDGE('',*,*,#4640,.F.);
#4640 = EDGE_CURVE('',#4641,#2357,#4643,.T.);
#4641 = VERTEX_POINT('',#4642);
#4642 = CARTESIAN_POINT('',(-25.93946049772,-21.8,0.));
#4643 = LINE('',#4644,#4645);
#4644 = CARTESIAN_POINT('',(-27.537344,-21.8,2.6645352591E-15));
#4645 = VECTOR('',#4646,1.);
#4646 = DIRECTION('',(1.,0.,0.));
#4647 = ORIENTED_EDGE('',*,*,#4648,.F.);
#4648 = EDGE_CURVE('',#3158,#4641,#4649,.T.);
#4649 = CIRCLE('',#4650,4.5);
#4650 = AXIS2_PLACEMENT_3D('',#4651,#4652,#4653);
#4651 = CARTESIAN_POINT('',(-30.437344,-21.938,2.6645352591E-15));
#4652 = DIRECTION('',(0.,-1.224646799147E-16,-1.));
#4653 = DIRECTION('',(1.,0.,0.));
#4654 = PLANE('',#4655);
#4655 = AXIS2_PLACEMENT_3D('',#4656,#4657,#4658);
#4656 = CARTESIAN_POINT('',(-500.,500.,-6.128431095931E-14));
#4657 = DIRECTION('',(0.,-1.224646799147E-16,-1.));
#4658 = DIRECTION('',(1.,0.,0.));
#4659 = ADVANCED_FACE('',(#4660),#4665,.T.);
#4660 = FACE_BOUND('',#4661,.T.);
#4661 = EDGE_LOOP('',(#4662,#4663,#4664));
#4662 = ORIENTED_EDGE('',*,*,#2221,.F.);
#4663 = ORIENTED_EDGE('',*,*,#2244,.T.);
#4664 = ORIENTED_EDGE('',*,*,#2277,.T.);
#4665 = PLANE('',#4666);
#4666 = AXIS2_PLACEMENT_3D('',#4667,#4668,#4669);
#4667 = CARTESIAN_POINT('',(-500.,500.,-6.128431095931E-14));
#4668 = DIRECTION('',(0.,-1.224646799147E-16,-1.));
#4669 = DIRECTION('',(1.,0.,0.));
#4670 = ADVANCED_FACE('',(#4671),#4696,.T.);
#4671 = FACE_BOUND('',#4672,.T.);
#4672 = EDGE_LOOP('',(#4673,#4674,#4682,#4690));
#4673 = ORIENTED_EDGE('',*,*,#2255,.F.);
#4674 = ORIENTED_EDGE('',*,*,#4675,.T.);
#4675 = EDGE_CURVE('',#402,#4676,#4678,.T.);
#4676 = VERTEX_POINT('',#4677);
#4677 = CARTESIAN_POINT('',(-22.537344,25.487358,0.));
#4678 = LINE('',#4679,#4680);
#4679 = CARTESIAN_POINT('',(-27.537344,25.487358,-3.10862446895E-15));
#4680 = VECTOR('',#4681,1.);
#4681 = DIRECTION('',(1.,0.,0.));
#4682 = ORIENTED_EDGE('',*,*,#4683,.T.);
#4683 = EDGE_CURVE('',#4676,#4684,#4686,.T.);
#4684 = VERTEX_POINT('',#4685);
#4685 = CARTESIAN_POINT('',(-22.537344,0.8,0.));
#4686 = LINE('',#4687,#4688);
#4687 = CARTESIAN_POINT('',(-22.537344,25.487358,-3.10862446895E-15));
#4688 = VECTOR('',#4689,1.);
#4689 = DIRECTION('',(0.,-1.,1.224646799147E-16));
#4690 = ORIENTED_EDGE('',*,*,#4691,.F.);
#4691 = EDGE_CURVE('',#2256,#4684,#4692,.T.);
#4692 = LINE('',#4693,#4694);
#4693 = CARTESIAN_POINT('',(-27.537344,0.8,0.));
#4694 = VECTOR('',#4695,1.);
#4695 = DIRECTION('',(1.,0.,0.));
#4696 = PLANE('',#4697);
#4697 = AXIS2_PLACEMENT_3D('',#4698,#4699,#4700);
#4698 = CARTESIAN_POINT('',(-27.537344,25.487358,-3.10862446895E-15));
#4699 = DIRECTION('',(0.,-1.224646799147E-16,-1.));
#4700 = DIRECTION('',(1.,0.,0.));
#4701 = ADVANCED_FACE('',(#4702),#4720,.F.);
#4702 = FACE_BOUND('',#4703,.F.);
#4703 = EDGE_LOOP('',(#4704,#4712,#4713,#4714));
#4704 = ORIENTED_EDGE('',*,*,#4705,.F.);
#4705 = EDGE_CURVE('',#2395,#4706,#4708,.T.);
#4706 = VERTEX_POINT('',#4707);
#4707 = CARTESIAN_POINT('',(-22.537344,25.487358,2.586157));
#4708 = LINE('',#4709,#4710);
#4709 = CARTESIAN_POINT('',(-27.537344,25.487358,2.586157));
#4710 = VECTOR('',#4711,1.);
#4711 = DIRECTION('',(1.,0.,0.));
#4712 = ORIENTED_EDGE('',*,*,#2402,.T.);
#4713 = ORIENTED_EDGE('',*,*,#4675,.T.);
#4714 = ORIENTED_EDGE('',*,*,#4715,.F.);
#4715 = EDGE_CURVE('',#4706,#4676,#4716,.T.);
#4716 = LINE('',#4717,#4718);
#4717 = CARTESIAN_POINT('',(-22.537344,25.487358,4.586157));
#4718 = VECTOR('',#4719,1.);
#4719 = DIRECTION('',(0.,-1.224646799147E-16,-1.));
#4720 = PLANE('',#4721);
#4721 = AXIS2_PLACEMENT_3D('',#4722,#4723,#4724);
#4722 = CARTESIAN_POINT('',(-27.537344,25.487358,4.586157));
#4723 = DIRECTION('',(0.,-1.,1.224646799147E-16));
#4724 = DIRECTION('',(0.,-1.224646799147E-16,-1.));
#4725 = ADVANCED_FACE('',(#4726),#4744,.F.);
#4726 = FACE_BOUND('',#4727,.F.);
#4727 = EDGE_LOOP('',(#4728,#4736,#4742,#4743));
#4728 = ORIENTED_EDGE('',*,*,#4729,.F.);
#4729 = EDGE_CURVE('',#4730,#4706,#4732,.T.);
#4730 = VERTEX_POINT('',#4731);
#4731 = CARTESIAN_POINT('',(-22.537344,25.487358,4.586157));
#4732 = LINE('',#4733,#4734);
#4733 = CARTESIAN_POINT('',(-22.537344,25.487358,4.586157));
#4734 = VECTOR('',#4735,1.);
#4735 = DIRECTION('',(0.,-1.224646799147E-16,-1.));
#4736 = ORIENTED_EDGE('',*,*,#4737,.F.);
#4737 = EDGE_CURVE('',#2387,#4730,#4738,.T.);
#4738 = LINE('',#4739,#4740);
#4739 = CARTESIAN_POINT('',(-27.537344,25.487358,4.586157));
#4740 = VECTOR('',#4741,1.);
#4741 = DIRECTION('',(1.,0.,0.));
#4742 = ORIENTED_EDGE('',*,*,#2394,.T.);
#4743 = ORIENTED_EDGE('',*,*,#4705,.T.);
#4744 = PLANE('',#4745);
#4745 = AXIS2_PLACEMENT_3D('',#4746,#4747,#4748);
#4746 = CARTESIAN_POINT('',(-27.537344,25.487358,4.586157));
#4747 = DIRECTION('',(0.,-1.,1.224646799147E-16));
#4748 = DIRECTION('',(0.,-1.224646799147E-16,-1.));
#4749 = ADVANCED_FACE('',(#4750),#4768,.F.);
#4750 = FACE_BOUND('',#4751,.F.);
#4751 = EDGE_LOOP('',(#4752,#4753,#4754,#4762));
#4752 = ORIENTED_EDGE('',*,*,#2386,.T.);
#4753 = ORIENTED_EDGE('',*,*,#4737,.T.);
#4754 = ORIENTED_EDGE('',*,*,#4755,.T.);
#4755 = EDGE_CURVE('',#4730,#4756,#4758,.T.);
#4756 = VERTEX_POINT('',#4757);
#4757 = CARTESIAN_POINT('',(-22.537344,0.8,4.586157));
#4758 = LINE('',#4759,#4760);
#4759 = CARTESIAN_POINT('',(-22.537344,25.487358,4.586157));
#4760 = VECTOR('',#4761,1.);
#4761 = DIRECTION('',(0.,-1.,1.224646799147E-16));
#4762 = ORIENTED_EDGE('',*,*,#4763,.F.);
#4763 = EDGE_CURVE('',#2379,#4756,#4764,.T.);
#4764 = LINE('',#4765,#4766);
#4765 = CARTESIAN_POINT('',(-27.537344,0.8,4.586157));
#4766 = VECTOR('',#4767,1.);
#4767 = DIRECTION('',(1.,0.,0.));
#4768 = PLANE('',#4769);
#4769 = AXIS2_PLACEMENT_3D('',#4770,#4771,#4772);
#4770 = CARTESIAN_POINT('',(-27.537344,25.487358,4.586157));
#4771 = DIRECTION('',(0.,-1.224646799147E-16,-1.));
#4772 = DIRECTION('',(1.,0.,0.));
#4773 = ADVANCED_FACE('',(#4774),#4792,.T.);
#4774 = FACE_BOUND('',#4775,.T.);
#4775 = EDGE_LOOP('',(#4776,#4784,#4785,#4786));
#4776 = ORIENTED_EDGE('',*,*,#4777,.F.);
#4777 = EDGE_CURVE('',#4756,#4778,#4780,.T.);
#4778 = VERTEX_POINT('',#4779);
#4779 = CARTESIAN_POINT('',(-22.537344,0.8,2.586157));
#4780 = LINE('',#4781,#4782);
#4781 = CARTESIAN_POINT('',(-22.537344,0.8,4.586157));
#4782 = VECTOR('',#4783,1.);
#4783 = DIRECTION('',(0.,-1.224646799147E-16,-1.));
#4784 = ORIENTED_EDGE('',*,*,#4763,.F.);
#4785 = ORIENTED_EDGE('',*,*,#2378,.T.);
#4786 = ORIENTED_EDGE('',*,*,#4787,.T.);
#4787 = EDGE_CURVE('',#2371,#4778,#4788,.T.);
#4788 = LINE('',#4789,#4790);
#4789 = CARTESIAN_POINT('',(-27.537344,0.8,2.586157));
#4790 = VECTOR('',#4791,1.);
#4791 = DIRECTION('',(1.,0.,0.));
#4792 = PLANE('',#4793);
#4793 = AXIS2_PLACEMENT_3D('',#4794,#4795,#4796);
#4794 = CARTESIAN_POINT('',(-27.537344,0.8,4.586157));
#4795 = DIRECTION('',(0.,-1.,1.224646799147E-16));
#4796 = DIRECTION('',(0.,-1.224646799147E-16,-1.));
#4797 = ADVANCED_FACE('',(#4798),#4809,.T.);
#4798 = FACE_BOUND('',#4799,.T.);
#4799 = EDGE_LOOP('',(#4800,#4801,#4802,#4803));
#4800 = ORIENTED_EDGE('',*,*,#4787,.F.);
#4801 = ORIENTED_EDGE('',*,*,#2370,.T.);
#4802 = ORIENTED_EDGE('',*,*,#4691,.T.);
#4803 = ORIENTED_EDGE('',*,*,#4804,.F.);
#4804 = EDGE_CURVE('',#4778,#4684,#4805,.T.);
#4805 = LINE('',#4806,#4807);
#4806 = CARTESIAN_POINT('',(-22.537344,0.8,4.586157));
#4807 = VECTOR('',#4808,1.);
#4808 = DIRECTION('',(0.,-1.224646799147E-16,-1.));
#4809 = PLANE('',#4810);
#4810 = AXIS2_PLACEMENT_3D('',#4811,#4812,#4813);
#4811 = CARTESIAN_POINT('',(-27.537344,0.8,4.586157));
#4812 = DIRECTION('',(0.,-1.,1.224646799147E-16));
#4813 = DIRECTION('',(0.,-1.224646799147E-16,-1.));
#4814 = ADVANCED_FACE('',(#4815),#4840,.F.);
#4815 = FACE_BOUND('',#4816,.F.);
#4816 = EDGE_LOOP('',(#4817,#4825,#4826,#4834));
#4817 = ORIENTED_EDGE('',*,*,#4818,.F.);
#4818 = EDGE_CURVE('',#2349,#4819,#4821,.T.);
#4819 = VERTEX_POINT('',#4820);
#4820 = CARTESIAN_POINT('',(-22.537344,-21.8,2.586157));
#4821 = LINE('',#4822,#4823);
#4822 = CARTESIAN_POINT('',(-27.537344,-21.8,2.586157));
#4823 = VECTOR('',#4824,1.);
#4824 = DIRECTION('',(1.,0.,0.));
#4825 = ORIENTED_EDGE('',*,*,#2356,.T.);
#4826 = ORIENTED_EDGE('',*,*,#4827,.T.);
#4827 = EDGE_CURVE('',#2357,#4828,#4830,.T.);
#4828 = VERTEX_POINT('',#4829);
#4829 = CARTESIAN_POINT('',(-22.537344,-21.8,0.));
#4830 = LINE('',#4831,#4832);
#4831 = CARTESIAN_POINT('',(-27.537344,-21.8,2.6645352591E-15));
#4832 = VECTOR('',#4833,1.);
#4833 = DIRECTION('',(1.,0.,0.));
#4834 = ORIENTED_EDGE('',*,*,#4835,.F.);
#4835 = EDGE_CURVE('',#4819,#4828,#4836,.T.);
#4836 = LINE('',#4837,#4838);
#4837 = CARTESIAN_POINT('',(-22.537344,-21.8,4.586157));
#4838 = VECTOR('',#4839,1.);
#4839 = DIRECTION('',(0.,-1.224646799147E-16,-1.));
#4840 = PLANE('',#4841);
#4841 = AXIS2_PLACEMENT_3D('',#4842,#4843,#4844);
#4842 = CARTESIAN_POINT('',(-27.537344,-21.8,4.586157));
#4843 = DIRECTION('',(0.,-1.,1.224646799147E-16));
#4844 = DIRECTION('',(0.,-1.224646799147E-16,-1.));
#4845 = ADVANCED_FACE('',(#4846),#4864,.F.);
#4846 = FACE_BOUND('',#4847,.F.);
#4847 = EDGE_LOOP('',(#4848,#4856,#4862,#4863));
#4848 = ORIENTED_EDGE('',*,*,#4849,.F.);
#4849 = EDGE_CURVE('',#4850,#4819,#4852,.T.);
#4850 = VERTEX_POINT('',#4851);
#4851 = CARTESIAN_POINT('',(-22.537344,-21.8,4.586157));
#4852 = LINE('',#4853,#4854);
#4853 = CARTESIAN_POINT('',(-22.537344,-21.8,4.586157));
#4854 = VECTOR('',#4855,1.);
#4855 = DIRECTION('',(0.,-1.224646799147E-16,-1.));
#4856 = ORIENTED_EDGE('',*,*,#4857,.F.);
#4857 = EDGE_CURVE('',#2341,#4850,#4858,.T.);
#4858 = LINE('',#4859,#4860);
#4859 = CARTESIAN_POINT('',(-27.537344,-21.8,4.586157));
#4860 = VECTOR('',#4861,1.);
#4861 = DIRECTION('',(1.,0.,0.));
#4862 = ORIENTED_EDGE('',*,*,#2348,.T.);
#4863 = ORIENTED_EDGE('',*,*,#4818,.T.);
#4864 = PLANE('',#4865);
#4865 = AXIS2_PLACEMENT_3D('',#4866,#4867,#4868);
#4866 = CARTESIAN_POINT('',(-27.537344,-21.8,4.586157));
#4867 = DIRECTION('',(0.,-1.,1.224646799147E-16));
#4868 = DIRECTION('',(0.,-1.224646799147E-16,-1.));
#4869 = ADVANCED_FACE('',(#4870),#4888,.F.);
#4870 = FACE_BOUND('',#4871,.F.);
#4871 = EDGE_LOOP('',(#4872,#4873,#4874,#4882));
#4872 = ORIENTED_EDGE('',*,*,#2340,.T.);
#4873 = ORIENTED_EDGE('',*,*,#4857,.T.);
#4874 = ORIENTED_EDGE('',*,*,#4875,.T.);
#4875 = EDGE_CURVE('',#4850,#4876,#4878,.T.);
#4876 = VERTEX_POINT('',#4877);
#4877 = CARTESIAN_POINT('',(-22.537344,-25.487358,4.586157));
#4878 = LINE('',#4879,#4880);
#4879 = CARTESIAN_POINT('',(-22.537344,-21.8,4.586157));
#4880 = VECTOR('',#4881,1.);
#4881 = DIRECTION('',(0.,-1.,1.224646799147E-16));
#4882 = ORIENTED_EDGE('',*,*,#4883,.F.);
#4883 = EDGE_CURVE('',#2333,#4876,#4884,.T.);
#4884 = LINE('',#4885,#4886);
#4885 = CARTESIAN_POINT('',(-27.537344,-25.487358,4.586157));
#4886 = VECTOR('',#4887,1.);
#4887 = DIRECTION('',(1.,0.,0.));
#4888 = PLANE('',#4889);
#4889 = AXIS2_PLACEMENT_3D('',#4890,#4891,#4892);
#4890 = CARTESIAN_POINT('',(-27.537344,-21.8,4.586157));
#4891 = DIRECTION('',(0.,-1.224646799147E-16,-1.));
#4892 = DIRECTION('',(1.,0.,0.));
#4893 = ADVANCED_FACE('',(#4894),#4912,.T.);
#4894 = FACE_BOUND('',#4895,.T.);
#4895 = EDGE_LOOP('',(#4896,#4904,#4905,#4906));
#4896 = ORIENTED_EDGE('',*,*,#4897,.F.);
#4897 = EDGE_CURVE('',#4876,#4898,#4900,.T.);
#4898 = VERTEX_POINT('',#4899);
#4899 = CARTESIAN_POINT('',(-22.537344,-25.487358,2.586157));
#4900 = LINE('',#4901,#4902);
#4901 = CARTESIAN_POINT('',(-22.537344,-25.487358,4.586157));
#4902 = VECTOR('',#4903,1.);
#4903 = DIRECTION('',(0.,-1.224646799147E-16,-1.));
#4904 = ORIENTED_EDGE('',*,*,#4883,.F.);
#4905 = ORIENTED_EDGE('',*,*,#2332,.T.);
#4906 = ORIENTED_EDGE('',*,*,#4907,.T.);
#4907 = EDGE_CURVE('',#2325,#4898,#4908,.T.);
#4908 = LINE('',#4909,#4910);
#4909 = CARTESIAN_POINT('',(-27.537344,-25.487358,2.586157));
#4910 = VECTOR('',#4911,1.);
#4911 = DIRECTION('',(1.,0.,0.));
#4912 = PLANE('',#4913);
#4913 = AXIS2_PLACEMENT_3D('',#4914,#4915,#4916);
#4914 = CARTESIAN_POINT('',(-27.537344,-25.487358,4.586157));
#4915 = DIRECTION('',(0.,-1.,1.224646799147E-16));
#4916 = DIRECTION('',(0.,-1.224646799147E-16,-1.));
#4917 = ADVANCED_FACE('',(#4918),#4936,.T.);
#4918 = FACE_BOUND('',#4919,.T.);
#4919 = EDGE_LOOP('',(#4920,#4921,#4922,#4930));
#4920 = ORIENTED_EDGE('',*,*,#4907,.F.);
#4921 = ORIENTED_EDGE('',*,*,#2324,.T.);
#4922 = ORIENTED_EDGE('',*,*,#4923,.T.);
#4923 = EDGE_CURVE('',#2317,#4924,#4926,.T.);
#4924 = VERTEX_POINT('',#4925);
#4925 = CARTESIAN_POINT('',(-22.537344,-25.487358,0.));
#4926 = LINE('',#4927,#4928);
#4927 = CARTESIAN_POINT('',(-27.537344,-25.487358,3.10862446895E-15));
#4928 = VECTOR('',#4929,1.);
#4929 = DIRECTION('',(1.,0.,0.));
#4930 = ORIENTED_EDGE('',*,*,#4931,.F.);
#4931 = EDGE_CURVE('',#4898,#4924,#4932,.T.);
#4932 = LINE('',#4933,#4934);
#4933 = CARTESIAN_POINT('',(-22.537344,-25.487358,4.586157));
#4934 = VECTOR('',#4935,1.);
#4935 = DIRECTION('',(0.,-1.224646799147E-16,-1.));
#4936 = PLANE('',#4937);
#4937 = AXIS2_PLACEMENT_3D('',#4938,#4939,#4940);
#4938 = CARTESIAN_POINT('',(-27.537344,-25.487358,4.586157));
#4939 = DIRECTION('',(0.,-1.,1.224646799147E-16));
#4940 = DIRECTION('',(0.,-1.224646799147E-16,-1.));
#4941 = ADVANCED_FACE('',(#4942),#5060,.T.);
#4942 = FACE_BOUND('',#4943,.T.);
#4943 = EDGE_LOOP('',(#4944,#4951,#4952,#4953,#4954,#4955,#4956,#4965,
    #4973,#4979,#4980,#4988,#4996,#5004,#5012,#5020,#5028,#5036,#5044,
    #5052,#5058,#5059));
#4944 = ORIENTED_EDGE('',*,*,#4945,.F.);
#4945 = EDGE_CURVE('',#3729,#2676,#4946,.T.);
#4946 = CIRCLE('',#4947,4.5);
#4947 = AXIS2_PLACEMENT_3D('',#4948,#4949,#4950);
#4948 = CARTESIAN_POINT('',(30.437344,-21.938,2.6645352591E-15));
#4949 = DIRECTION('',(0.,-1.224646799147E-16,-1.));
#4950 = DIRECTION('',(1.,0.,0.));
#4951 = ORIENTED_EDGE('',*,*,#3728,.F.);
#4952 = ORIENTED_EDGE('',*,*,#3711,.T.);
#4953 = ORIENTED_EDGE('',*,*,#3343,.F.);
#4954 = ORIENTED_EDGE('',*,*,#3318,.T.);
#4955 = ORIENTED_EDGE('',*,*,#3303,.F.);
#4956 = ORIENTED_EDGE('',*,*,#4957,.F.);
#4957 = EDGE_CURVE('',#4958,#3295,#4960,.T.);
#4958 = VERTEX_POINT('',#4959);
#4959 = CARTESIAN_POINT('',(-27.537344,-25.37893010681,0.));
#4960 = CIRCLE('',#4961,4.5);
#4961 = AXIS2_PLACEMENT_3D('',#4962,#4963,#4964);
#4962 = CARTESIAN_POINT('',(-30.437344,-21.938,2.6645352591E-15));
#4963 = DIRECTION('',(0.,-1.224646799147E-16,-1.));
#4964 = DIRECTION('',(1.,0.,0.));
#4965 = ORIENTED_EDGE('',*,*,#4966,.T.);
#4966 = EDGE_CURVE('',#4958,#4967,#4969,.T.);
#4967 = VERTEX_POINT('',#4968);
#4968 = CARTESIAN_POINT('',(-27.537344,-25.487358,0.));
#4969 = LINE('',#4970,#4971);
#4970 = CARTESIAN_POINT('',(-27.537344,-21.8,2.6645352591E-15));
#4971 = VECTOR('',#4972,1.);
#4972 = DIRECTION('',(0.,-1.,1.224646799147E-16));
#4973 = ORIENTED_EDGE('',*,*,#4974,.T.);
#4974 = EDGE_CURVE('',#4967,#2317,#4975,.T.);
#4975 = LINE('',#4976,#4977);
#4976 = CARTESIAN_POINT('',(-27.537344,-25.487358,3.10862446895E-15));
#4977 = VECTOR('',#4978,1.);
#4978 = DIRECTION('',(1.,0.,0.));
#4979 = ORIENTED_EDGE('',*,*,#2316,.T.);
#4980 = ORIENTED_EDGE('',*,*,#4981,.F.);
#4981 = EDGE_CURVE('',#4982,#2309,#4984,.T.);
#4982 = VERTEX_POINT('',#4983);
#4983 = CARTESIAN_POINT('',(-19.237344,-29.987358,7.105427357601E-15));
#4984 = LINE('',#4985,#4986);
#4985 = CARTESIAN_POINT('',(-262.318672,-29.987358,7.105427357601E-15));
#4986 = VECTOR('',#4987,1.);
#4987 = DIRECTION('',(-1.,-0.,0.));
#4988 = ORIENTED_EDGE('',*,*,#4989,.T.);
#4989 = EDGE_CURVE('',#4982,#4990,#4992,.T.);
#4990 = VERTEX_POINT('',#4991);
#4991 = CARTESIAN_POINT('',(-19.237344,-32.887358,7.105427357601E-15));
#4992 = LINE('',#4993,#4994);
#4993 = CARTESIAN_POINT('',(-19.237344,-28.787358,3.552713678801E-15));
#4994 = VECTOR('',#4995,1.);
#4995 = DIRECTION('',(0.,-1.,1.224646799147E-16));
#4996 = ORIENTED_EDGE('',*,*,#4997,.T.);
#4997 = EDGE_CURVE('',#4990,#4998,#5000,.T.);
#4998 = VERTEX_POINT('',#4999);
#4999 = CARTESIAN_POINT('',(-14.833,-32.887358,7.105427357601E-15));
#5000 = LINE('',#5001,#5002);
#5001 = CARTESIAN_POINT('',(-19.237344,-32.887358,3.996802888651E-15));
#5002 = VECTOR('',#5003,1.);
#5003 = DIRECTION('',(1.,0.,0.));
#5004 = ORIENTED_EDGE('',*,*,#5005,.F.);
#5005 = EDGE_CURVE('',#5006,#4998,#5008,.T.);
#5006 = VERTEX_POINT('',#5007);
#5007 = CARTESIAN_POINT('',(-14.833,-29.987358,7.105427357601E-15));
#5008 = LINE('',#5009,#5010);
#5009 = CARTESIAN_POINT('',(-14.833,-28.787358,3.552713678801E-15));
#5010 = VECTOR('',#5011,1.);
#5011 = DIRECTION('',(0.,-1.,1.224646799147E-16));
#5012 = ORIENTED_EDGE('',*,*,#5013,.F.);
#5013 = EDGE_CURVE('',#5014,#5006,#5016,.T.);
#5014 = VERTEX_POINT('',#5015);
#5015 = CARTESIAN_POINT('',(-3.975,-29.987358,7.105427357601E-15));
#5016 = LINE('',#5017,#5018);
#5017 = CARTESIAN_POINT('',(-262.318672,-29.987358,7.105427357601E-15));
#5018 = VECTOR('',#5019,1.);
#5019 = DIRECTION('',(-1.,-0.,0.));
#5020 = ORIENTED_EDGE('',*,*,#5021,.T.);
#5021 = EDGE_CURVE('',#5014,#5022,#5024,.T.);
#5022 = VERTEX_POINT('',#5023);
#5023 = CARTESIAN_POINT('',(-3.975,-32.887358,7.105427357601E-15));
#5024 = LINE('',#5025,#5026);
#5025 = CARTESIAN_POINT('',(-3.975,-28.787358,3.552713678801E-15));
#5026 = VECTOR('',#5027,1.);
#5027 = DIRECTION('',(0.,-1.,1.224646799147E-16));
#5028 = ORIENTED_EDGE('',*,*,#5029,.T.);
#5029 = EDGE_CURVE('',#5022,#5030,#5032,.T.);
#5030 = VERTEX_POINT('',#5031);
#5031 = CARTESIAN_POINT('',(19.237344,-32.887358,7.105427357601E-15));
#5032 = LINE('',#5033,#5034);
#5033 = CARTESIAN_POINT('',(-3.975,-32.887358,3.996802888651E-15));
#5034 = VECTOR('',#5035,1.);
#5035 = DIRECTION('',(1.,0.,0.));
#5036 = ORIENTED_EDGE('',*,*,#5037,.F.);
#5037 = EDGE_CURVE('',#5038,#5030,#5040,.T.);
#5038 = VERTEX_POINT('',#5039);
#5039 = CARTESIAN_POINT('',(19.237344,-29.987358,7.105427357601E-15));
#5040 = LINE('',#5041,#5042);
#5041 = CARTESIAN_POINT('',(19.237344,-28.787358,3.552713678801E-15));
#5042 = VECTOR('',#5043,1.);
#5043 = DIRECTION('',(0.,-1.,1.224646799147E-16));
#5044 = ORIENTED_EDGE('',*,*,#5045,.F.);
#5045 = EDGE_CURVE('',#5046,#5038,#5048,.T.);
#5046 = VERTEX_POINT('',#5047);
#5047 = CARTESIAN_POINT('',(24.637344,-29.987358,7.105427357601E-15));
#5048 = LINE('',#5049,#5050);
#5049 = CARTESIAN_POINT('',(-262.318672,-29.987358,7.105427357601E-15));
#5050 = VECTOR('',#5051,1.);
#5051 = DIRECTION('',(-1.,-0.,0.));
#5052 = ORIENTED_EDGE('',*,*,#5053,.F.);
#5053 = EDGE_CURVE('',#2693,#5046,#5054,.T.);
#5054 = LINE('',#5055,#5056);
#5055 = CARTESIAN_POINT('',(24.637344,264.743679,-3.552713678801E-14));
#5056 = VECTOR('',#5057,1.);
#5057 = DIRECTION('',(0.,-1.,1.224646799147E-16));
#5058 = ORIENTED_EDGE('',*,*,#2692,.T.);
#5059 = ORIENTED_EDGE('',*,*,#2684,.F.);
#5060 = PLANE('',#5061);
#5061 = AXIS2_PLACEMENT_3D('',#5062,#5063,#5064);
#5062 = CARTESIAN_POINT('',(-500.,500.,-6.128431095931E-14));
#5063 = DIRECTION('',(0.,-1.224646799147E-16,-1.));
#5064 = DIRECTION('',(1.,0.,0.));
#5065 = ADVANCED_FACE('',(#5066),#5155,.F.);
#5066 = FACE_BOUND('',#5067,.F.);
#5067 = EDGE_LOOP('',(#5068,#5074,#5075,#5076,#5077,#5085,#5093,#5101,
    #5109,#5115,#5116,#5124,#5132,#5140,#5148,#5154));
#5068 = ORIENTED_EDGE('',*,*,#5069,.F.);
#5069 = EDGE_CURVE('',#4459,#5046,#5070,.T.);
#5070 = LINE('',#5071,#5072);
#5071 = CARTESIAN_POINT('',(24.637344,-29.987358,6.7));
#5072 = VECTOR('',#5073,1.);
#5073 = DIRECTION('',(0.,-1.224646799147E-16,-1.));
#5074 = ORIENTED_EDGE('',*,*,#4458,.T.);
#5075 = ORIENTED_EDGE('',*,*,#2308,.T.);
#5076 = ORIENTED_EDGE('',*,*,#4981,.F.);
#5077 = ORIENTED_EDGE('',*,*,#5078,.T.);
#5078 = EDGE_CURVE('',#4982,#5079,#5081,.T.);
#5079 = VERTEX_POINT('',#5080);
#5080 = CARTESIAN_POINT('',(-19.237344,-29.987358,2.586157));
#5081 = LINE('',#5082,#5083);
#5082 = CARTESIAN_POINT('',(-19.237344,-29.987358,5.6430785));
#5083 = VECTOR('',#5084,1.);
#5084 = DIRECTION('',(0.,1.224646799147E-16,1.));
#5085 = ORIENTED_EDGE('',*,*,#5086,.T.);
#5086 = EDGE_CURVE('',#5079,#5087,#5089,.T.);
#5087 = VERTEX_POINT('',#5088);
#5088 = CARTESIAN_POINT('',(-19.237344,-29.987358,4.586157));
#5089 = LINE('',#5090,#5091);
#5090 = CARTESIAN_POINT('',(-19.237344,-29.987358,5.6430785));
#5091 = VECTOR('',#5092,1.);
#5092 = DIRECTION('',(0.,1.224646799147E-16,1.));
#5093 = ORIENTED_EDGE('',*,*,#5094,.T.);
#5094 = EDGE_CURVE('',#5087,#5095,#5097,.T.);
#5095 = VERTEX_POINT('',#5096);
#5096 = CARTESIAN_POINT('',(-14.833,-29.987358,4.586157));
#5097 = LINE('',#5098,#5099);
#5098 = CARTESIAN_POINT('',(-21.937344,-29.987358,4.586157));
#5099 = VECTOR('',#5100,1.);
#5100 = DIRECTION('',(1.,0.,0.));
#5101 = ORIENTED_EDGE('',*,*,#5102,.F.);
#5102 = EDGE_CURVE('',#5103,#5095,#5105,.T.);
#5103 = VERTEX_POINT('',#5104);
#5104 = CARTESIAN_POINT('',(-14.833,-29.987358,2.586157));
#5105 = LINE('',#5106,#5107);
#5106 = CARTESIAN_POINT('',(-14.833,-29.987358,5.6430785));
#5107 = VECTOR('',#5108,1.);
#5108 = DIRECTION('',(0.,1.224646799147E-16,1.));
#5109 = ORIENTED_EDGE('',*,*,#5110,.F.);
#5110 = EDGE_CURVE('',#5006,#5103,#5111,.T.);
#5111 = LINE('',#5112,#5113);
#5112 = CARTESIAN_POINT('',(-14.833,-29.987358,5.6430785));
#5113 = VECTOR('',#5114,1.);
#5114 = DIRECTION('',(0.,1.224646799147E-16,1.));
#5115 = ORIENTED_EDGE('',*,*,#5013,.F.);
#5116 = ORIENTED_EDGE('',*,*,#5117,.T.);
#5117 = EDGE_CURVE('',#5014,#5118,#5120,.T.);
#5118 = VERTEX_POINT('',#5119);
#5119 = CARTESIAN_POINT('',(-3.975,-29.987358,2.586157));
#5120 = LINE('',#5121,#5122);
#5121 = CARTESIAN_POINT('',(-3.975,-29.987358,5.6430785));
#5122 = VECTOR('',#5123,1.);
#5123 = DIRECTION('',(0.,1.224646799147E-16,1.));
#5124 = ORIENTED_EDGE('',*,*,#5125,.T.);
#5125 = EDGE_CURVE('',#5118,#5126,#5128,.T.);
#5126 = VERTEX_POINT('',#5127);
#5127 = CARTESIAN_POINT('',(-3.975,-29.987358,4.586157));
#5128 = LINE('',#5129,#5130);
#5129 = CARTESIAN_POINT('',(-3.975,-29.987358,5.6430785));
#5130 = VECTOR('',#5131,1.);
#5131 = DIRECTION('',(0.,1.224646799147E-16,1.));
#5132 = ORIENTED_EDGE('',*,*,#5133,.T.);
#5133 = EDGE_CURVE('',#5126,#5134,#5136,.T.);
#5134 = VERTEX_POINT('',#5135);
#5135 = CARTESIAN_POINT('',(19.237344,-29.987358,4.586157));
#5136 = LINE('',#5137,#5138);
#5137 = CARTESIAN_POINT('',(-14.306172,-29.987358,4.586157));
#5138 = VECTOR('',#5139,1.);
#5139 = DIRECTION('',(1.,0.,0.));
#5140 = ORIENTED_EDGE('',*,*,#5141,.F.);
#5141 = EDGE_CURVE('',#5142,#5134,#5144,.T.);
#5142 = VERTEX_POINT('',#5143);
#5143 = CARTESIAN_POINT('',(19.237344,-29.987358,2.586157));
#5144 = LINE('',#5145,#5146);
#5145 = CARTESIAN_POINT('',(19.237344,-29.987358,5.6430785));
#5146 = VECTOR('',#5147,1.);
#5147 = DIRECTION('',(0.,1.224646799147E-16,1.));
#5148 = ORIENTED_EDGE('',*,*,#5149,.F.);
#5149 = EDGE_CURVE('',#5038,#5142,#5150,.T.);
#5150 = LINE('',#5151,#5152);
#5151 = CARTESIAN_POINT('',(19.237344,-29.987358,5.6430785));
#5152 = VECTOR('',#5153,1.);
#5153 = DIRECTION('',(0.,1.224646799147E-16,1.));
#5154 = ORIENTED_EDGE('',*,*,#5045,.F.);
#5155 = PLANE('',#5156);
#5156 = AXIS2_PLACEMENT_3D('',#5157,#5158,#5159);
#5157 = CARTESIAN_POINT('',(-24.637344,-29.987358,6.7));
#5158 = DIRECTION('',(0.,-1.,1.224646799147E-16));
#5159 = DIRECTION('',(0.,-1.224646799147E-16,-1.));
#5160 = ADVANCED_FACE('',(#5161),#5186,.T.);
#5161 = FACE_BOUND('',#5162,.T.);
#5162 = EDGE_LOOP('',(#5163,#5164,#5172,#5180));
#5163 = ORIENTED_EDGE('',*,*,#2543,.T.);
#5164 = ORIENTED_EDGE('',*,*,#5165,.T.);
#5165 = EDGE_CURVE('',#2536,#5166,#5168,.T.);
#5166 = VERTEX_POINT('',#5167);
#5167 = CARTESIAN_POINT('',(19.237344,28.787358,2.586157));
#5168 = LINE('',#5169,#5170);
#5169 = CARTESIAN_POINT('',(19.237344,32.387358,2.586157));
#5170 = VECTOR('',#5171,1.);
#5171 = DIRECTION('',(0.,-1.,1.224646799147E-16));
#5172 = ORIENTED_EDGE('',*,*,#5173,.T.);
#5173 = EDGE_CURVE('',#5166,#5174,#5176,.T.);
#5174 = VERTEX_POINT('',#5175);
#5175 = CARTESIAN_POINT('',(19.237344,28.787358,0.));
#5176 = LINE('',#5177,#5178);
#5177 = CARTESIAN_POINT('',(19.237344,28.787358,4.586157));
#5178 = VECTOR('',#5179,1.);
#5179 = DIRECTION('',(0.,-1.224646799147E-16,-1.));
#5180 = ORIENTED_EDGE('',*,*,#5181,.F.);
#5181 = EDGE_CURVE('',#298,#5174,#5182,.T.);
#5182 = LINE('',#5183,#5184);
#5183 = CARTESIAN_POINT('',(19.237344,32.387358,-3.996802888651E-15));
#5184 = VECTOR('',#5185,1.);
#5185 = DIRECTION('',(0.,-1.,1.224646799147E-16));
#5186 = PLANE('',#5187);
#5187 = AXIS2_PLACEMENT_3D('',#5188,#5189,#5190);
#5188 = CARTESIAN_POINT('',(19.237344,32.387358,4.586157));
#5189 = DIRECTION('',(1.,0.,0.));
#5190 = DIRECTION('',(0.,-1.224646799147E-16,-1.));
#5191 = ADVANCED_FACE('',(#5192),#5210,.T.);
#5192 = FACE_BOUND('',#5193,.T.);
#5193 = EDGE_LOOP('',(#5194,#5195,#5203,#5209));
#5194 = ORIENTED_EDGE('',*,*,#2535,.T.);
#5195 = ORIENTED_EDGE('',*,*,#5196,.T.);
#5196 = EDGE_CURVE('',#2528,#5197,#5199,.T.);
#5197 = VERTEX_POINT('',#5198);
#5198 = CARTESIAN_POINT('',(19.237344,28.787358,4.586157));
#5199 = LINE('',#5200,#5201);
#5200 = CARTESIAN_POINT('',(19.237344,32.387358,4.586157));
#5201 = VECTOR('',#5202,1.);
#5202 = DIRECTION('',(0.,-1.,1.224646799147E-16));
#5203 = ORIENTED_EDGE('',*,*,#5204,.T.);
#5204 = EDGE_CURVE('',#5197,#5166,#5205,.T.);
#5205 = LINE('',#5206,#5207);
#5206 = CARTESIAN_POINT('',(19.237344,28.787358,4.586157));
#5207 = VECTOR('',#5208,1.);
#5208 = DIRECTION('',(0.,-1.224646799147E-16,-1.));
#5209 = ORIENTED_EDGE('',*,*,#5165,.F.);
#5210 = PLANE('',#5211);
#5211 = AXIS2_PLACEMENT_3D('',#5212,#5213,#5214);
#5212 = CARTESIAN_POINT('',(19.237344,32.387358,4.586157));
#5213 = DIRECTION('',(1.,0.,0.));
#5214 = DIRECTION('',(0.,-1.224646799147E-16,-1.));
#5215 = ADVANCED_FACE('',(#5216),#5234,.F.);
#5216 = FACE_BOUND('',#5217,.F.);
#5217 = EDGE_LOOP('',(#5218,#5226,#5232,#5233));
#5218 = ORIENTED_EDGE('',*,*,#5219,.F.);
#5219 = EDGE_CURVE('',#5220,#5197,#5222,.T.);
#5220 = VERTEX_POINT('',#5221);
#5221 = CARTESIAN_POINT('',(13.802,28.787358,4.586157));
#5222 = LINE('',#5223,#5224);
#5223 = CARTESIAN_POINT('',(13.802,28.787358,4.586157));
#5224 = VECTOR('',#5225,1.);
#5225 = DIRECTION('',(1.,0.,0.));
#5226 = ORIENTED_EDGE('',*,*,#5227,.F.);
#5227 = EDGE_CURVE('',#2520,#5220,#5228,.T.);
#5228 = LINE('',#5229,#5230);
#5229 = CARTESIAN_POINT('',(13.802,32.387358,4.586157));
#5230 = VECTOR('',#5231,1.);
#5231 = DIRECTION('',(0.,-1.,1.224646799147E-16));
#5232 = ORIENTED_EDGE('',*,*,#2527,.T.);
#5233 = ORIENTED_EDGE('',*,*,#5196,.T.);
#5234 = PLANE('',#5235);
#5235 = AXIS2_PLACEMENT_3D('',#5236,#5237,#5238);
#5236 = CARTESIAN_POINT('',(13.802,32.387358,4.586157));
#5237 = DIRECTION('',(0.,-1.224646799147E-16,-1.));
#5238 = DIRECTION('',(1.,0.,0.));
#5239 = ADVANCED_FACE('',(#5240),#5258,.F.);
#5240 = FACE_BOUND('',#5241,.F.);
#5241 = EDGE_LOOP('',(#5242,#5243,#5244,#5252));
#5242 = ORIENTED_EDGE('',*,*,#2519,.T.);
#5243 = ORIENTED_EDGE('',*,*,#5227,.T.);
#5244 = ORIENTED_EDGE('',*,*,#5245,.T.);
#5245 = EDGE_CURVE('',#5220,#5246,#5248,.T.);
#5246 = VERTEX_POINT('',#5247);
#5247 = CARTESIAN_POINT('',(13.802,28.787358,2.586157));
#5248 = LINE('',#5249,#5250);
#5249 = CARTESIAN_POINT('',(13.802,28.787358,4.586157));
#5250 = VECTOR('',#5251,1.);
#5251 = DIRECTION('',(0.,-1.224646799147E-16,-1.));
#5252 = ORIENTED_EDGE('',*,*,#5253,.F.);
#5253 = EDGE_CURVE('',#2512,#5246,#5254,.T.);
#5254 = LINE('',#5255,#5256);
#5255 = CARTESIAN_POINT('',(13.802,32.387358,2.586157));
#5256 = VECTOR('',#5257,1.);
#5257 = DIRECTION('',(0.,-1.,1.224646799147E-16));
#5258 = PLANE('',#5259);
#5259 = AXIS2_PLACEMENT_3D('',#5260,#5261,#5262);
#5260 = CARTESIAN_POINT('',(13.802,32.387358,4.586157));
#5261 = DIRECTION('',(1.,0.,0.));
#5262 = DIRECTION('',(0.,-1.224646799147E-16,-1.));
#5263 = ADVANCED_FACE('',(#5264),#5282,.F.);
#5264 = FACE_BOUND('',#5265,.F.);
#5265 = EDGE_LOOP('',(#5266,#5267,#5268,#5276));
#5266 = ORIENTED_EDGE('',*,*,#2511,.T.);
#5267 = ORIENTED_EDGE('',*,*,#5253,.T.);
#5268 = ORIENTED_EDGE('',*,*,#5269,.T.);
#5269 = EDGE_CURVE('',#5246,#5270,#5272,.T.);
#5270 = VERTEX_POINT('',#5271);
#5271 = CARTESIAN_POINT('',(13.802,28.787358,0.));
#5272 = LINE('',#5273,#5274);
#5273 = CARTESIAN_POINT('',(13.802,28.787358,4.586157));
#5274 = VECTOR('',#5275,1.);
#5275 = DIRECTION('',(0.,-1.224646799147E-16,-1.));
#5276 = ORIENTED_EDGE('',*,*,#5277,.F.);
#5277 = EDGE_CURVE('',#322,#5270,#5278,.T.);
#5278 = LINE('',#5279,#5280);
#5279 = CARTESIAN_POINT('',(13.802,32.387358,-3.996802888651E-15));
#5280 = VECTOR('',#5281,1.);
#5281 = DIRECTION('',(0.,-1.,1.224646799147E-16));
#5282 = PLANE('',#5283);
#5283 = AXIS2_PLACEMENT_3D('',#5284,#5285,#5286);
#5284 = CARTESIAN_POINT('',(13.802,32.387358,4.586157));
#5285 = DIRECTION('',(1.,0.,0.));
#5286 = DIRECTION('',(0.,-1.224646799147E-16,-1.));
#5287 = ADVANCED_FACE('',(#5288),#5313,.T.);
#5288 = FACE_BOUND('',#5289,.T.);
#5289 = EDGE_LOOP('',(#5290,#5291,#5299,#5307));
#5290 = ORIENTED_EDGE('',*,*,#2504,.T.);
#5291 = ORIENTED_EDGE('',*,*,#5292,.T.);
#5292 = EDGE_CURVE('',#2497,#5293,#5295,.T.);
#5293 = VERTEX_POINT('',#5294);
#5294 = CARTESIAN_POINT('',(11.802,28.787358,2.586157));
#5295 = LINE('',#5296,#5297);
#5296 = CARTESIAN_POINT('',(11.802,32.387358,2.586157));
#5297 = VECTOR('',#5298,1.);
#5298 = DIRECTION('',(0.,-1.,1.224646799147E-16));
#5299 = ORIENTED_EDGE('',*,*,#5300,.T.);
#5300 = EDGE_CURVE('',#5293,#5301,#5303,.T.);
#5301 = VERTEX_POINT('',#5302);
#5302 = CARTESIAN_POINT('',(11.802,28.787358,0.));
#5303 = LINE('',#5304,#5305);
#5304 = CARTESIAN_POINT('',(11.802,28.787358,4.586157));
#5305 = VECTOR('',#5306,1.);
#5306 = DIRECTION('',(0.,-1.224646799147E-16,-1.));
#5307 = ORIENTED_EDGE('',*,*,#5308,.F.);
#5308 = EDGE_CURVE('',#330,#5301,#5309,.T.);
#5309 = LINE('',#5310,#5311);
#5310 = CARTESIAN_POINT('',(11.802,32.387358,-3.996802888651E-15));
#5311 = VECTOR('',#5312,1.);
#5312 = DIRECTION('',(0.,-1.,1.224646799147E-16));
#5313 = PLANE('',#5314);
#5314 = AXIS2_PLACEMENT_3D('',#5315,#5316,#5317);
#5315 = CARTESIAN_POINT('',(11.802,32.387358,4.586157));
#5316 = DIRECTION('',(1.,0.,0.));
#5317 = DIRECTION('',(0.,-1.224646799147E-16,-1.));
#5318 = ADVANCED_FACE('',(#5319),#5337,.T.);
#5319 = FACE_BOUND('',#5320,.T.);
#5320 = EDGE_LOOP('',(#5321,#5322,#5330,#5336));
#5321 = ORIENTED_EDGE('',*,*,#2496,.T.);
#5322 = ORIENTED_EDGE('',*,*,#5323,.T.);
#5323 = EDGE_CURVE('',#2489,#5324,#5326,.T.);
#5324 = VERTEX_POINT('',#5325);
#5325 = CARTESIAN_POINT('',(11.802,28.787358,4.586157));
#5326 = LINE('',#5327,#5328);
#5327 = CARTESIAN_POINT('',(11.802,32.387358,4.586157));
#5328 = VECTOR('',#5329,1.);
#5329 = DIRECTION('',(0.,-1.,1.224646799147E-16));
#5330 = ORIENTED_EDGE('',*,*,#5331,.T.);
#5331 = EDGE_CURVE('',#5324,#5293,#5332,.T.);
#5332 = LINE('',#5333,#5334);
#5333 = CARTESIAN_POINT('',(11.802,28.787358,4.586157));
#5334 = VECTOR('',#5335,1.);
#5335 = DIRECTION('',(0.,-1.224646799147E-16,-1.));
#5336 = ORIENTED_EDGE('',*,*,#5292,.F.);
#5337 = PLANE('',#5338);
#5338 = AXIS2_PLACEMENT_3D('',#5339,#5340,#5341);
#5339 = CARTESIAN_POINT('',(11.802,32.387358,4.586157));
#5340 = DIRECTION('',(1.,0.,0.));
#5341 = DIRECTION('',(0.,-1.224646799147E-16,-1.));
#5342 = ADVANCED_FACE('',(#5343),#5361,.F.);
#5343 = FACE_BOUND('',#5344,.F.);
#5344 = EDGE_LOOP('',(#5345,#5353,#5359,#5360));
#5345 = ORIENTED_EDGE('',*,*,#5346,.F.);
#5346 = EDGE_CURVE('',#5347,#5324,#5349,.T.);
#5347 = VERTEX_POINT('',#5348);
#5348 = CARTESIAN_POINT('',(6.775,28.787358,4.586157));
#5349 = LINE('',#5350,#5351);
#5350 = CARTESIAN_POINT('',(6.775,28.787358,4.586157));
#5351 = VECTOR('',#5352,1.);
#5352 = DIRECTION('',(1.,0.,0.));
#5353 = ORIENTED_EDGE('',*,*,#5354,.F.);
#5354 = EDGE_CURVE('',#2481,#5347,#5355,.T.);
#5355 = LINE('',#5356,#5357);
#5356 = CARTESIAN_POINT('',(6.775,32.387358,4.586157));
#5357 = VECTOR('',#5358,1.);
#5358 = DIRECTION('',(0.,-1.,1.224646799147E-16));
#5359 = ORIENTED_EDGE('',*,*,#2488,.T.);
#5360 = ORIENTED_EDGE('',*,*,#5323,.T.);
#5361 = PLANE('',#5362);
#5362 = AXIS2_PLACEMENT_3D('',#5363,#5364,#5365);
#5363 = CARTESIAN_POINT('',(6.775,32.387358,4.586157));
#5364 = DIRECTION('',(0.,-1.224646799147E-16,-1.));
#5365 = DIRECTION('',(1.,0.,0.));
#5366 = ADVANCED_FACE('',(#5367),#5385,.F.);
#5367 = FACE_BOUND('',#5368,.F.);
#5368 = EDGE_LOOP('',(#5369,#5370,#5371,#5379));
#5369 = ORIENTED_EDGE('',*,*,#2480,.T.);
#5370 = ORIENTED_EDGE('',*,*,#5354,.T.);
#5371 = ORIENTED_EDGE('',*,*,#5372,.T.);
#5372 = EDGE_CURVE('',#5347,#5373,#5375,.T.);
#5373 = VERTEX_POINT('',#5374);
#5374 = CARTESIAN_POINT('',(6.775,28.787358,2.586157));
#5375 = LINE('',#5376,#5377);
#5376 = CARTESIAN_POINT('',(6.775,28.787358,4.586157));
#5377 = VECTOR('',#5378,1.);
#5378 = DIRECTION('',(0.,-1.224646799147E-16,-1.));
#5379 = ORIENTED_EDGE('',*,*,#5380,.F.);
#5380 = EDGE_CURVE('',#2473,#5373,#5381,.T.);
#5381 = LINE('',#5382,#5383);
#5382 = CARTESIAN_POINT('',(6.775,32.387358,2.586157));
#5383 = VECTOR('',#5384,1.);
#5384 = DIRECTION('',(0.,-1.,1.224646799147E-16));
#5385 = PLANE('',#5386);
#5386 = AXIS2_PLACEMENT_3D('',#5387,#5388,#5389);
#5387 = CARTESIAN_POINT('',(6.775,32.387358,4.586157));
#5388 = DIRECTION('',(1.,0.,0.));
#5389 = DIRECTION('',(0.,-1.224646799147E-16,-1.));
#5390 = ADVANCED_FACE('',(#5391),#5409,.F.);
#5391 = FACE_BOUND('',#5392,.F.);
#5392 = EDGE_LOOP('',(#5393,#5394,#5395,#5403));
#5393 = ORIENTED_EDGE('',*,*,#2472,.T.);
#5394 = ORIENTED_EDGE('',*,*,#5380,.T.);
#5395 = ORIENTED_EDGE('',*,*,#5396,.T.);
#5396 = EDGE_CURVE('',#5373,#5397,#5399,.T.);
#5397 = VERTEX_POINT('',#5398);
#5398 = CARTESIAN_POINT('',(6.775,28.787358,0.));
#5399 = LINE('',#5400,#5401);
#5400 = CARTESIAN_POINT('',(6.775,28.787358,4.586157));
#5401 = VECTOR('',#5402,1.);
#5402 = DIRECTION('',(0.,-1.224646799147E-16,-1.));
#5403 = ORIENTED_EDGE('',*,*,#5404,.F.);
#5404 = EDGE_CURVE('',#354,#5397,#5405,.T.);
#5405 = LINE('',#5406,#5407);
#5406 = CARTESIAN_POINT('',(6.775,32.387358,-3.996802888651E-15));
#5407 = VECTOR('',#5408,1.);
#5408 = DIRECTION('',(0.,-1.,1.224646799147E-16));
#5409 = PLANE('',#5410);
#5410 = AXIS2_PLACEMENT_3D('',#5411,#5412,#5413);
#5411 = CARTESIAN_POINT('',(6.775,32.387358,4.586157));
#5412 = DIRECTION('',(1.,0.,0.));
#5413 = DIRECTION('',(0.,-1.224646799147E-16,-1.));
#5414 = ADVANCED_FACE('',(#5415),#5440,.T.);
#5415 = FACE_BOUND('',#5416,.T.);
#5416 = EDGE_LOOP('',(#5417,#5418,#5426,#5434));
#5417 = ORIENTED_EDGE('',*,*,#2465,.T.);
#5418 = ORIENTED_EDGE('',*,*,#5419,.T.);
#5419 = EDGE_CURVE('',#2458,#5420,#5422,.T.);
#5420 = VERTEX_POINT('',#5421);
#5421 = CARTESIAN_POINT('',(-6.825,28.787358,2.586157));
#5422 = LINE('',#5423,#5424);
#5423 = CARTESIAN_POINT('',(-6.825,32.387358,2.586157));
#5424 = VECTOR('',#5425,1.);
#5425 = DIRECTION('',(0.,-1.,1.224646799147E-16));
#5426 = ORIENTED_EDGE('',*,*,#5427,.T.);
#5427 = EDGE_CURVE('',#5420,#5428,#5430,.T.);
#5428 = VERTEX_POINT('',#5429);
#5429 = CARTESIAN_POINT('',(-6.825,28.787358,0.));
#5430 = LINE('',#5431,#5432);
#5431 = CARTESIAN_POINT('',(-6.825,28.787358,4.586157));
#5432 = VECTOR('',#5433,1.);
#5433 = DIRECTION('',(0.,-1.224646799147E-16,-1.));
#5434 = ORIENTED_EDGE('',*,*,#5435,.F.);
#5435 = EDGE_CURVE('',#362,#5428,#5436,.T.);
#5436 = LINE('',#5437,#5438);
#5437 = CARTESIAN_POINT('',(-6.825,32.387358,-3.996802888651E-15));
#5438 = VECTOR('',#5439,1.);
#5439 = DIRECTION('',(0.,-1.,1.224646799147E-16));
#5440 = PLANE('',#5441);
#5441 = AXIS2_PLACEMENT_3D('',#5442,#5443,#5444);
#5442 = CARTESIAN_POINT('',(-6.825,32.387358,4.586157));
#5443 = DIRECTION('',(1.,0.,0.));
#5444 = DIRECTION('',(0.,-1.224646799147E-16,-1.));
#5445 = ADVANCED_FACE('',(#5446),#5464,.T.);
#5446 = FACE_BOUND('',#5447,.T.);
#5447 = EDGE_LOOP('',(#5448,#5449,#5457,#5463));
#5448 = ORIENTED_EDGE('',*,*,#2457,.T.);
#5449 = ORIENTED_EDGE('',*,*,#5450,.T.);
#5450 = EDGE_CURVE('',#2450,#5451,#5453,.T.);
#5451 = VERTEX_POINT('',#5452);
#5452 = CARTESIAN_POINT('',(-6.825,28.787358,4.586157));
#5453 = LINE('',#5454,#5455);
#5454 = CARTESIAN_POINT('',(-6.825,32.387358,4.586157));
#5455 = VECTOR('',#5456,1.);
#5456 = DIRECTION('',(0.,-1.,1.224646799147E-16));
#5457 = ORIENTED_EDGE('',*,*,#5458,.T.);
#5458 = EDGE_CURVE('',#5451,#5420,#5459,.T.);
#5459 = LINE('',#5460,#5461);
#5460 = CARTESIAN_POINT('',(-6.825,28.787358,4.586157));
#5461 = VECTOR('',#5462,1.);
#5462 = DIRECTION('',(0.,-1.224646799147E-16,-1.));
#5463 = ORIENTED_EDGE('',*,*,#5419,.F.);
#5464 = PLANE('',#5465);
#5465 = AXIS2_PLACEMENT_3D('',#5466,#5467,#5468);
#5466 = CARTESIAN_POINT('',(-6.825,32.387358,4.586157));
#5467 = DIRECTION('',(1.,0.,0.));
#5468 = DIRECTION('',(0.,-1.224646799147E-16,-1.));
#5469 = ADVANCED_FACE('',(#5470),#5488,.F.);
#5470 = FACE_BOUND('',#5471,.F.);
#5471 = EDGE_LOOP('',(#5472,#5480,#5486,#5487));
#5472 = ORIENTED_EDGE('',*,*,#5473,.F.);
#5473 = EDGE_CURVE('',#5474,#5451,#5476,.T.);
#5474 = VERTEX_POINT('',#5475);
#5475 = CARTESIAN_POINT('',(-19.237344,28.787358,4.586157));
#5476 = LINE('',#5477,#5478);
#5477 = CARTESIAN_POINT('',(-19.237344,28.787358,4.586157));
#5478 = VECTOR('',#5479,1.);
#5479 = DIRECTION('',(1.,0.,0.));
#5480 = ORIENTED_EDGE('',*,*,#5481,.F.);
#5481 = EDGE_CURVE('',#2442,#5474,#5482,.T.);
#5482 = LINE('',#5483,#5484);
#5483 = CARTESIAN_POINT('',(-19.237344,32.387358,4.586157));
#5484 = VECTOR('',#5485,1.);
#5485 = DIRECTION('',(0.,-1.,1.224646799147E-16));
#5486 = ORIENTED_EDGE('',*,*,#2449,.T.);
#5487 = ORIENTED_EDGE('',*,*,#5450,.T.);
#5488 = PLANE('',#5489);
#5489 = AXIS2_PLACEMENT_3D('',#5490,#5491,#5492);
#5490 = CARTESIAN_POINT('',(-19.237344,32.387358,4.586157));
#5491 = DIRECTION('',(0.,-1.224646799147E-16,-1.));
#5492 = DIRECTION('',(1.,0.,0.));
#5493 = ADVANCED_FACE('',(#5494),#5512,.F.);
#5494 = FACE_BOUND('',#5495,.F.);
#5495 = EDGE_LOOP('',(#5496,#5497,#5498,#5506));
#5496 = ORIENTED_EDGE('',*,*,#2441,.T.);
#5497 = ORIENTED_EDGE('',*,*,#5481,.T.);
#5498 = ORIENTED_EDGE('',*,*,#5499,.T.);
#5499 = EDGE_CURVE('',#5474,#5500,#5502,.T.);
#5500 = VERTEX_POINT('',#5501);
#5501 = CARTESIAN_POINT('',(-19.237344,28.787358,2.586157));
#5502 = LINE('',#5503,#5504);
#5503 = CARTESIAN_POINT('',(-19.237344,28.787358,4.586157));
#5504 = VECTOR('',#5505,1.);
#5505 = DIRECTION('',(0.,-1.224646799147E-16,-1.));
#5506 = ORIENTED_EDGE('',*,*,#5507,.F.);
#5507 = EDGE_CURVE('',#2434,#5500,#5508,.T.);
#5508 = LINE('',#5509,#5510);
#5509 = CARTESIAN_POINT('',(-19.237344,32.387358,2.586157));
#5510 = VECTOR('',#5511,1.);
#5511 = DIRECTION('',(0.,-1.,1.224646799147E-16));
#5512 = PLANE('',#5513);
#5513 = AXIS2_PLACEMENT_3D('',#5514,#5515,#5516);
#5514 = CARTESIAN_POINT('',(-19.237344,32.387358,4.586157));
#5515 = DIRECTION('',(1.,0.,0.));
#5516 = DIRECTION('',(0.,-1.224646799147E-16,-1.));
#5517 = ADVANCED_FACE('',(#5518),#5536,.F.);
#5518 = FACE_BOUND('',#5519,.F.);
#5519 = EDGE_LOOP('',(#5520,#5521,#5522,#5530));
#5520 = ORIENTED_EDGE('',*,*,#2433,.T.);
#5521 = ORIENTED_EDGE('',*,*,#5507,.T.);
#5522 = ORIENTED_EDGE('',*,*,#5523,.T.);
#5523 = EDGE_CURVE('',#5500,#5524,#5526,.T.);
#5524 = VERTEX_POINT('',#5525);
#5525 = CARTESIAN_POINT('',(-19.237344,28.787358,0.));
#5526 = LINE('',#5527,#5528);
#5527 = CARTESIAN_POINT('',(-19.237344,28.787358,4.586157));
#5528 = VECTOR('',#5529,1.);
#5529 = DIRECTION('',(0.,-1.224646799147E-16,-1.));
#5530 = ORIENTED_EDGE('',*,*,#5531,.F.);
#5531 = EDGE_CURVE('',#386,#5524,#5532,.T.);
#5532 = LINE('',#5533,#5534);
#5533 = CARTESIAN_POINT('',(-19.237344,32.387358,-3.996802888651E-15));
#5534 = VECTOR('',#5535,1.);
#5535 = DIRECTION('',(0.,-1.,1.224646799147E-16));
#5536 = PLANE('',#5537);
#5537 = AXIS2_PLACEMENT_3D('',#5538,#5539,#5540);
#5538 = CARTESIAN_POINT('',(-19.237344,32.387358,4.586157));
#5539 = DIRECTION('',(1.,0.,0.));
#5540 = DIRECTION('',(0.,-1.224646799147E-16,-1.));
#5541 = ADVANCED_FACE('',(#5542),#5553,.T.);
#5542 = FACE_BOUND('',#5543,.T.);
#5543 = EDGE_LOOP('',(#5544,#5545,#5546,#5547));
#5544 = ORIENTED_EDGE('',*,*,#5531,.F.);
#5545 = ORIENTED_EDGE('',*,*,#2558,.F.);
#5546 = ORIENTED_EDGE('',*,*,#5435,.T.);
#5547 = ORIENTED_EDGE('',*,*,#5548,.F.);
#5548 = EDGE_CURVE('',#5524,#5428,#5549,.T.);
#5549 = LINE('',#5550,#5551);
#5550 = CARTESIAN_POINT('',(-19.237344,28.787358,-3.552713678801E-15));
#5551 = VECTOR('',#5552,1.);
#5552 = DIRECTION('',(1.,0.,0.));
#5553 = PLANE('',#5554);
#5554 = AXIS2_PLACEMENT_3D('',#5555,#5556,#5557);
#5555 = CARTESIAN_POINT('',(-19.237344,32.387358,-3.996802888651E-15));
#5556 = DIRECTION('',(0.,-1.224646799147E-16,-1.));
#5557 = DIRECTION('',(1.,0.,0.));
#5558 = ADVANCED_FACE('',(#5559),#5570,.T.);
#5559 = FACE_BOUND('',#5560,.T.);
#5560 = EDGE_LOOP('',(#5561,#5562,#5563,#5564));
#5561 = ORIENTED_EDGE('',*,*,#5404,.F.);
#5562 = ORIENTED_EDGE('',*,*,#2576,.F.);
#5563 = ORIENTED_EDGE('',*,*,#5308,.T.);
#5564 = ORIENTED_EDGE('',*,*,#5565,.F.);
#5565 = EDGE_CURVE('',#5397,#5301,#5566,.T.);
#5566 = LINE('',#5567,#5568);
#5567 = CARTESIAN_POINT('',(6.775,28.787358,-3.552713678801E-15));
#5568 = VECTOR('',#5569,1.);
#5569 = DIRECTION('',(1.,0.,0.));
#5570 = PLANE('',#5571);
#5571 = AXIS2_PLACEMENT_3D('',#5572,#5573,#5574);
#5572 = CARTESIAN_POINT('',(6.775,32.387358,-3.996802888651E-15));
#5573 = DIRECTION('',(0.,-1.224646799147E-16,-1.));
#5574 = DIRECTION('',(1.,0.,0.));
#5575 = ADVANCED_FACE('',(#5576),#5587,.T.);
#5576 = FACE_BOUND('',#5577,.T.);
#5577 = EDGE_LOOP('',(#5578,#5579,#5580,#5581));
#5578 = ORIENTED_EDGE('',*,*,#5277,.F.);
#5579 = ORIENTED_EDGE('',*,*,#2593,.F.);
#5580 = ORIENTED_EDGE('',*,*,#5181,.T.);
#5581 = ORIENTED_EDGE('',*,*,#5582,.F.);
#5582 = EDGE_CURVE('',#5270,#5174,#5583,.T.);
#5583 = LINE('',#5584,#5585);
#5584 = CARTESIAN_POINT('',(13.802,28.787358,-3.552713678801E-15));
#5585 = VECTOR('',#5586,1.);
#5586 = DIRECTION('',(1.,0.,0.));
#5587 = PLANE('',#5588);
#5588 = AXIS2_PLACEMENT_3D('',#5589,#5590,#5591);
#5589 = CARTESIAN_POINT('',(13.802,32.387358,-3.996802888651E-15));
#5590 = DIRECTION('',(0.,-1.224646799147E-16,-1.));
#5591 = DIRECTION('',(1.,0.,0.));
#5592 = ADVANCED_FACE('',(#5593),#5618,.F.);
#5593 = FACE_BOUND('',#5594,.F.);
#5594 = EDGE_LOOP('',(#5595,#5603,#5611,#5617));
#5595 = ORIENTED_EDGE('',*,*,#5596,.F.);
#5596 = EDGE_CURVE('',#5597,#2635,#5599,.T.);
#5597 = VERTEX_POINT('',#5598);
#5598 = CARTESIAN_POINT('',(22.537344,25.487358,2.586157));
#5599 = LINE('',#5600,#5601);
#5600 = CARTESIAN_POINT('',(21.437344,25.487358,2.586157));
#5601 = VECTOR('',#5602,1.);
#5602 = DIRECTION('',(1.,0.,0.));
#5603 = ORIENTED_EDGE('',*,*,#5604,.T.);
#5604 = EDGE_CURVE('',#5597,#5605,#5607,.T.);
#5605 = VERTEX_POINT('',#5606);
#5606 = CARTESIAN_POINT('',(22.537344,25.487358,0.));
#5607 = LINE('',#5608,#5609);
#5608 = CARTESIAN_POINT('',(22.537344,25.487358,4.586157));
#5609 = VECTOR('',#5610,1.);
#5610 = DIRECTION('',(0.,-1.224646799147E-16,-1.));
#5611 = ORIENTED_EDGE('',*,*,#5612,.T.);
#5612 = EDGE_CURVE('',#5605,#282,#5613,.T.);
#5613 = LINE('',#5614,#5615);
#5614 = CARTESIAN_POINT('',(22.537344,25.487358,-3.10862446895E-15));
#5615 = VECTOR('',#5616,1.);
#5616 = DIRECTION('',(1.,0.,0.));
#5617 = ORIENTED_EDGE('',*,*,#2642,.F.);
#5618 = PLANE('',#5619);
#5619 = AXIS2_PLACEMENT_3D('',#5620,#5621,#5622);
#5620 = CARTESIAN_POINT('',(22.537344,25.487358,4.586157));
#5621 = DIRECTION('',(0.,-1.,1.224646799147E-16));
#5622 = DIRECTION('',(0.,-1.224646799147E-16,-1.));
#5623 = ADVANCED_FACE('',(#5624),#5642,.F.);
#5624 = FACE_BOUND('',#5625,.F.);
#5625 = EDGE_LOOP('',(#5626,#5634,#5640,#5641));
#5626 = ORIENTED_EDGE('',*,*,#5627,.F.);
#5627 = EDGE_CURVE('',#5628,#2627,#5630,.T.);
#5628 = VERTEX_POINT('',#5629);
#5629 = CARTESIAN_POINT('',(22.537344,25.487358,4.586157));
#5630 = LINE('',#5631,#5632);
#5631 = CARTESIAN_POINT('',(21.437344,25.487358,4.586157));
#5632 = VECTOR('',#5633,1.);
#5633 = DIRECTION('',(1.,0.,0.));
#5634 = ORIENTED_EDGE('',*,*,#5635,.T.);
#5635 = EDGE_CURVE('',#5628,#5597,#5636,.T.);
#5636 = LINE('',#5637,#5638);
#5637 = CARTESIAN_POINT('',(22.537344,25.487358,4.586157));
#5638 = VECTOR('',#5639,1.);
#5639 = DIRECTION('',(0.,-1.224646799147E-16,-1.));
#5640 = ORIENTED_EDGE('',*,*,#5596,.T.);
#5641 = ORIENTED_EDGE('',*,*,#2634,.F.);
#5642 = PLANE('',#5643);
#5643 = AXIS2_PLACEMENT_3D('',#5644,#5645,#5646);
#5644 = CARTESIAN_POINT('',(21.437344,25.487358,4.586157));
#5645 = DIRECTION('',(0.,-1.,1.224646799147E-16));
#5646 = DIRECTION('',(0.,-1.224646799147E-16,-1.));
#5647 = ADVANCED_FACE('',(#5648),#5666,.F.);
#5648 = FACE_BOUND('',#5649,.F.);
#5649 = EDGE_LOOP('',(#5650,#5658,#5659,#5660));
#5650 = ORIENTED_EDGE('',*,*,#5651,.F.);
#5651 = EDGE_CURVE('',#5628,#5652,#5654,.T.);
#5652 = VERTEX_POINT('',#5653);
#5653 = CARTESIAN_POINT('',(22.537344,14.161016,4.586157));
#5654 = LINE('',#5655,#5656);
#5655 = CARTESIAN_POINT('',(22.537344,25.487358,4.586157));
#5656 = VECTOR('',#5657,1.);
#5657 = DIRECTION('',(0.,-1.,1.224646799147E-16));
#5658 = ORIENTED_EDGE('',*,*,#5627,.T.);
#5659 = ORIENTED_EDGE('',*,*,#2626,.F.);
#5660 = ORIENTED_EDGE('',*,*,#5661,.T.);
#5661 = EDGE_CURVE('',#2619,#5652,#5662,.T.);
#5662 = LINE('',#5663,#5664);
#5663 = CARTESIAN_POINT('',(14.961938,14.161016,4.586157));
#5664 = VECTOR('',#5665,1.);
#5665 = DIRECTION('',(-1.,0.,-0.));
#5666 = PLANE('',#5667);
#5667 = AXIS2_PLACEMENT_3D('',#5668,#5669,#5670);
#5668 = CARTESIAN_POINT('',(21.437344,25.487358,4.586157));
#5669 = DIRECTION('',(0.,-1.224646799147E-16,-1.));
#5670 = DIRECTION('',(1.,0.,0.));
#5671 = ADVANCED_FACE('',(#5672),#5690,.F.);
#5672 = FACE_BOUND('',#5673,.F.);
#5673 = EDGE_LOOP('',(#5674,#5675,#5676,#5684));
#5674 = ORIENTED_EDGE('',*,*,#2618,.F.);
#5675 = ORIENTED_EDGE('',*,*,#4474,.T.);
#5676 = ORIENTED_EDGE('',*,*,#5677,.T.);
#5677 = EDGE_CURVE('',#4467,#5678,#5680,.T.);
#5678 = VERTEX_POINT('',#5679);
#5679 = CARTESIAN_POINT('',(24.637344,-0.438984,4.586157));
#5680 = LINE('',#5681,#5682);
#5681 = CARTESIAN_POINT('',(24.637344,-0.438984,6.61));
#5682 = VECTOR('',#5683,1.);
#5683 = DIRECTION('',(0.,-1.224646799147E-16,-1.));
#5684 = ORIENTED_EDGE('',*,*,#5685,.F.);
#5685 = EDGE_CURVE('',#2619,#5678,#5686,.T.);
#5686 = LINE('',#5687,#5688);
#5687 = CARTESIAN_POINT('',(24.637344,19.824187,4.586157));
#5688 = VECTOR('',#5689,1.);
#5689 = DIRECTION('',(0.,-1.,1.224646799147E-16));
#5690 = PLANE('',#5691);
#5691 = AXIS2_PLACEMENT_3D('',#5692,#5693,#5694);
#5692 = CARTESIAN_POINT('',(24.637344,29.487358,6.7));
#5693 = DIRECTION('',(1.,0.,0.));
#5694 = DIRECTION('',(0.,-1.224646799147E-16,-1.));
#5695 = ADVANCED_FACE('',(#5696),#5714,.T.);
#5696 = FACE_BOUND('',#5697,.T.);
#5697 = EDGE_LOOP('',(#5698,#5706,#5707,#5708));
#5698 = ORIENTED_EDGE('',*,*,#5699,.F.);
#5699 = EDGE_CURVE('',#5605,#5700,#5702,.T.);
#5700 = VERTEX_POINT('',#5701);
#5701 = CARTESIAN_POINT('',(22.537344,14.161016,0.));
#5702 = LINE('',#5703,#5704);
#5703 = CARTESIAN_POINT('',(22.537344,25.487358,-3.10862446895E-15));
#5704 = VECTOR('',#5705,1.);
#5705 = DIRECTION('',(0.,-1.,1.224646799147E-16));
#5706 = ORIENTED_EDGE('',*,*,#5612,.T.);
#5707 = ORIENTED_EDGE('',*,*,#2716,.T.);
#5708 = ORIENTED_EDGE('',*,*,#5709,.T.);
#5709 = EDGE_CURVE('',#2709,#5700,#5710,.T.);
#5710 = LINE('',#5711,#5712);
#5711 = CARTESIAN_POINT('',(15.511938,14.161016,-1.7763568394E-15));
#5712 = VECTOR('',#5713,1.);
#5713 = DIRECTION('',(-1.,0.,-0.));
#5714 = PLANE('',#5715);
#5715 = AXIS2_PLACEMENT_3D('',#5716,#5717,#5718);
#5716 = CARTESIAN_POINT('',(22.537344,25.487358,-3.10862446895E-15));
#5717 = DIRECTION('',(0.,-1.224646799147E-16,-1.));
#5718 = DIRECTION('',(1.,0.,0.));
#5719 = ADVANCED_FACE('',(#5720),#5745,.F.);
#5720 = FACE_BOUND('',#5721,.F.);
#5721 = EDGE_LOOP('',(#5722,#5723,#5731,#5739));
#5722 = ORIENTED_EDGE('',*,*,#2708,.F.);
#5723 = ORIENTED_EDGE('',*,*,#5724,.F.);
#5724 = EDGE_CURVE('',#5725,#2709,#5727,.T.);
#5725 = VERTEX_POINT('',#5726);
#5726 = CARTESIAN_POINT('',(24.637344,14.161016,2.586157));
#5727 = LINE('',#5728,#5729);
#5728 = CARTESIAN_POINT('',(24.637344,14.161016,6.61));
#5729 = VECTOR('',#5730,1.);
#5730 = DIRECTION('',(0.,-1.224646799147E-16,-1.));
#5731 = ORIENTED_EDGE('',*,*,#5732,.T.);
#5732 = EDGE_CURVE('',#5725,#5733,#5735,.T.);
#5733 = VERTEX_POINT('',#5734);
#5734 = CARTESIAN_POINT('',(24.637344,-0.438984,2.586157));
#5735 = LINE('',#5736,#5737);
#5736 = CARTESIAN_POINT('',(24.637344,19.824187,2.586157));
#5737 = VECTOR('',#5738,1.);
#5738 = DIRECTION('',(0.,-1.,1.224646799147E-16));
#5739 = ORIENTED_EDGE('',*,*,#5740,.T.);
#5740 = EDGE_CURVE('',#5733,#2701,#5741,.T.);
#5741 = LINE('',#5742,#5743);
#5742 = CARTESIAN_POINT('',(24.637344,-0.438984,6.61));
#5743 = VECTOR('',#5744,1.);
#5744 = DIRECTION('',(0.,-1.224646799147E-16,-1.));
#5745 = PLANE('',#5746);
#5746 = AXIS2_PLACEMENT_3D('',#5747,#5748,#5749);
#5747 = CARTESIAN_POINT('',(24.637344,29.487358,6.7));
#5748 = DIRECTION('',(1.,0.,0.));
#5749 = DIRECTION('',(0.,-1.224646799147E-16,-1.));
#5750 = ADVANCED_FACE('',(#5751),#5776,.T.);
#5751 = FACE_BOUND('',#5752,.T.);
#5752 = EDGE_LOOP('',(#5753,#5761,#5762,#5770));
#5753 = ORIENTED_EDGE('',*,*,#5754,.F.);
#5754 = EDGE_CURVE('',#2701,#5755,#5757,.T.);
#5755 = VERTEX_POINT('',#5756);
#5756 = CARTESIAN_POINT('',(22.537344,-0.438984,0.));
#5757 = LINE('',#5758,#5759);
#5758 = CARTESIAN_POINT('',(15.511938,-0.438984,0.));
#5759 = VECTOR('',#5760,1.);
#5760 = DIRECTION('',(-1.,0.,-0.));
#5761 = ORIENTED_EDGE('',*,*,#2700,.T.);
#5762 = ORIENTED_EDGE('',*,*,#5763,.F.);
#5763 = EDGE_CURVE('',#5764,#2693,#5766,.T.);
#5764 = VERTEX_POINT('',#5765);
#5765 = CARTESIAN_POINT('',(22.537344,-25.487358,0.));
#5766 = LINE('',#5767,#5768);
#5767 = CARTESIAN_POINT('',(22.537344,-25.487358,3.10862446895E-15));
#5768 = VECTOR('',#5769,1.);
#5769 = DIRECTION('',(1.,0.,0.));
#5770 = ORIENTED_EDGE('',*,*,#5771,.F.);
#5771 = EDGE_CURVE('',#5755,#5764,#5772,.T.);
#5772 = LINE('',#5773,#5774);
#5773 = CARTESIAN_POINT('',(22.537344,25.487358,-3.10862446895E-15));
#5774 = VECTOR('',#5775,1.);
#5775 = DIRECTION('',(0.,-1.,1.224646799147E-16));
#5776 = PLANE('',#5777);
#5777 = AXIS2_PLACEMENT_3D('',#5778,#5779,#5780);
#5778 = CARTESIAN_POINT('',(22.537344,25.487358,-3.10862446895E-15));
#5779 = DIRECTION('',(0.,-1.224646799147E-16,-1.));
#5780 = DIRECTION('',(1.,0.,0.));
#5781 = ADVANCED_FACE('',(#5782),#5791,.T.);
#5782 = FACE_BOUND('',#5783,.T.);
#5783 = EDGE_LOOP('',(#5784,#5785));
#5784 = ORIENTED_EDGE('',*,*,#2675,.T.);
#5785 = ORIENTED_EDGE('',*,*,#5786,.T.);
#5786 = EDGE_CURVE('',#2668,#2676,#5787,.T.);
#5787 = LINE('',#5788,#5789);
#5788 = CARTESIAN_POINT('',(27.537344,25.487358,-3.10862446895E-15));
#5789 = VECTOR('',#5790,1.);
#5790 = DIRECTION('',(0.,-1.,1.224646799147E-16));
#5791 = PLANE('',#5792);
#5792 = AXIS2_PLACEMENT_3D('',#5793,#5794,#5795);
#5793 = CARTESIAN_POINT('',(-500.,500.,-6.128431095931E-14));
#5794 = DIRECTION('',(0.,-1.224646799147E-16,-1.));
#5795 = DIRECTION('',(1.,0.,0.));
#5796 = ADVANCED_FACE('',(#5797),#5809,.T.);
#5797 = FACE_BOUND('',#5798,.T.);
#5798 = EDGE_LOOP('',(#5799,#5800,#5801,#5808));
#5799 = ORIENTED_EDGE('',*,*,#2740,.F.);
#5800 = ORIENTED_EDGE('',*,*,#3959,.F.);
#5801 = ORIENTED_EDGE('',*,*,#5802,.F.);
#5802 = EDGE_CURVE('',#2668,#3951,#5803,.T.);
#5803 = CIRCLE('',#5804,4.5);
#5804 = AXIS2_PLACEMENT_3D('',#5805,#5806,#5807);
#5805 = CARTESIAN_POINT('',(30.437344,-21.938,2.6645352591E-15));
#5806 = DIRECTION('',(0.,-1.224646799147E-16,-1.));
#5807 = DIRECTION('',(1.,0.,0.));
#5808 = ORIENTED_EDGE('',*,*,#2667,.F.);
#5809 = PLANE('',#5810);
#5810 = AXIS2_PLACEMENT_3D('',#5811,#5812,#5813);
#5811 = CARTESIAN_POINT('',(-500.,500.,-6.128431095931E-14));
#5812 = DIRECTION('',(0.,-1.224646799147E-16,-1.));
#5813 = DIRECTION('',(1.,0.,0.));
#5814 = ADVANCED_FACE('',(#5815),#5819,.T.);
#5815 = FACE_BOUND('',#5816,.T.);
#5816 = EDGE_LOOP('',(#5817,#5818));
#5817 = ORIENTED_EDGE('',*,*,#2658,.T.);
#5818 = ORIENTED_EDGE('',*,*,#2747,.T.);
#5819 = PLANE('',#5820);
#5820 = AXIS2_PLACEMENT_3D('',#5821,#5822,#5823);
#5821 = CARTESIAN_POINT('',(-500.,500.,-6.128431095931E-14));
#5822 = DIRECTION('',(0.,-1.224646799147E-16,-1.));
#5823 = DIRECTION('',(1.,0.,0.));
#5824 = ADVANCED_FACE('',(#5825,#5836),#5847,.T.);
#5825 = FACE_BOUND('',#5826,.T.);
#5826 = EDGE_LOOP('',(#5827,#5828,#5835));
#5827 = ORIENTED_EDGE('',*,*,#2771,.T.);
#5828 = ORIENTED_EDGE('',*,*,#5829,.T.);
#5829 = EDGE_CURVE('',#2764,#2733,#5830,.T.);
#5830 = CIRCLE('',#5831,4.5);
#5831 = AXIS2_PLACEMENT_3D('',#5832,#5833,#5834);
#5832 = CARTESIAN_POINT('',(30.437344,20.062,-2.6645352591E-15));
#5833 = DIRECTION('',(0.,-1.224646799147E-16,-1.));
#5834 = DIRECTION('',(1.,0.,0.));
#5835 = ORIENTED_EDGE('',*,*,#2732,.T.);
#5836 = FACE_BOUND('',#5837,.T.);
#5837 = EDGE_LOOP('',(#5838));
#5838 = ORIENTED_EDGE('',*,*,#5839,.F.);
#5839 = EDGE_CURVE('',#5840,#5840,#5842,.T.);
#5840 = VERTEX_POINT('',#5841);
#5841 = CARTESIAN_POINT('',(32.137344,20.062,0.));
#5842 = CIRCLE('',#5843,1.7);
#5843 = AXIS2_PLACEMENT_3D('',#5844,#5845,#5846);
#5844 = CARTESIAN_POINT('',(30.437344,20.062,0.));
#5845 = DIRECTION('',(0.,-1.224646799147E-16,-1.));
#5846 = DIRECTION('',(1.,0.,0.));
#5847 = PLANE('',#5848);
#5848 = AXIS2_PLACEMENT_3D('',#5849,#5850,#5851);
#5849 = CARTESIAN_POINT('',(30.437344,20.062,-2.6645352591E-15));
#5850 = DIRECTION('',(0.,-1.224646799147E-16,-1.));
#5851 = DIRECTION('',(1.,0.,0.));
#5852 = ADVANCED_FACE('',(#5853),#5865,.T.);
#5853 = FACE_BOUND('',#5854,.T.);
#5854 = EDGE_LOOP('',(#5855,#5856,#5857,#5864));
#5855 = ORIENTED_EDGE('',*,*,#5829,.F.);
#5856 = ORIENTED_EDGE('',*,*,#2761,.F.);
#5857 = ORIENTED_EDGE('',*,*,#5858,.T.);
#5858 = EDGE_CURVE('',#2762,#3966,#5859,.T.);
#5859 = CIRCLE('',#5860,4.5);
#5860 = AXIS2_PLACEMENT_3D('',#5861,#5862,#5863);
#5861 = CARTESIAN_POINT('',(30.437344,20.062,4.5));
#5862 = DIRECTION('',(0.,-1.224646799147E-16,-1.));
#5863 = DIRECTION('',(1.,0.,0.));
#5864 = ORIENTED_EDGE('',*,*,#3965,.T.);
#5865 = CYLINDRICAL_SURFACE('',#5866,4.5);
#5866 = AXIS2_PLACEMENT_3D('',#5867,#5868,#5869);
#5867 = CARTESIAN_POINT('',(30.437344,20.062,6.5));
#5868 = DIRECTION('',(0.,-1.224646799147E-16,-1.));
#5869 = DIRECTION('',(1.,0.,0.));
#5870 = ADVANCED_FACE('',(#5871),#5877,.T.);
#5871 = FACE_BOUND('',#5872,.T.);
#5872 = EDGE_LOOP('',(#5873,#5874,#5875,#5876));
#5873 = ORIENTED_EDGE('',*,*,#2803,.F.);
#5874 = ORIENTED_EDGE('',*,*,#4103,.T.);
#5875 = ORIENTED_EDGE('',*,*,#3974,.F.);
#5876 = ORIENTED_EDGE('',*,*,#5858,.F.);
#5877 = CONICAL_SURFACE('',#5878,6.3,0.785398163397);
#5878 = AXIS2_PLACEMENT_3D('',#5879,#5880,#5881);
#5879 = CARTESIAN_POINT('',(30.437344,20.062,6.3));
#5880 = DIRECTION('',(-0.,1.224646799147E-16,1.));
#5881 = DIRECTION('',(1.,0.,0.));
#5882 = ADVANCED_FACE('',(#5883),#5895,.T.);
#5883 = FACE_BOUND('',#5884,.T.);
#5884 = EDGE_LOOP('',(#5885,#5886,#5887,#5888));
#5885 = ORIENTED_EDGE('',*,*,#3285,.F.);
#5886 = ORIENTED_EDGE('',*,*,#3234,.T.);
#5887 = ORIENTED_EDGE('',*,*,#3174,.F.);
#5888 = ORIENTED_EDGE('',*,*,#5889,.F.);
#5889 = EDGE_CURVE('',#3286,#3166,#5890,.T.);
#5890 = CIRCLE('',#5891,4.5);
#5891 = AXIS2_PLACEMENT_3D('',#5892,#5893,#5894);
#5892 = CARTESIAN_POINT('',(-30.437344,-21.938,4.5));
#5893 = DIRECTION('',(0.,-1.224646799147E-16,-1.));
#5894 = DIRECTION('',(1.,0.,0.));
#5895 = CONICAL_SURFACE('',#5896,6.3,0.785398163397);
#5896 = AXIS2_PLACEMENT_3D('',#5897,#5898,#5899);
#5897 = CARTESIAN_POINT('',(-30.437344,-21.938,6.3));
#5898 = DIRECTION('',(-0.,1.224646799147E-16,1.));
#5899 = DIRECTION('',(1.,0.,0.));
#5900 = ADVANCED_FACE('',(#5901),#5913,.T.);
#5901 = FACE_BOUND('',#5902,.T.);
#5902 = EDGE_LOOP('',(#5903,#5910,#5911,#5912));
#5903 = ORIENTED_EDGE('',*,*,#5904,.F.);
#5904 = EDGE_CURVE('',#3295,#3158,#5905,.T.);
#5905 = CIRCLE('',#5906,4.5);
#5906 = AXIS2_PLACEMENT_3D('',#5907,#5908,#5909);
#5907 = CARTESIAN_POINT('',(-30.437344,-21.938,2.6645352591E-15));
#5908 = DIRECTION('',(0.,-1.224646799147E-16,-1.));
#5909 = DIRECTION('',(1.,0.,0.));
#5910 = ORIENTED_EDGE('',*,*,#3294,.T.);
#5911 = ORIENTED_EDGE('',*,*,#5889,.T.);
#5912 = ORIENTED_EDGE('',*,*,#3165,.T.);
#5913 = CYLINDRICAL_SURFACE('',#5914,4.5);
#5914 = AXIS2_PLACEMENT_3D('',#5915,#5916,#5917);
#5915 = CARTESIAN_POINT('',(-30.437344,-21.938,6.5));
#5916 = DIRECTION('',(0.,-1.224646799147E-16,-1.));
#5917 = DIRECTION('',(1.,0.,0.));
#5918 = ADVANCED_FACE('',(#5919),#5937,.T.);
#5919 = FACE_BOUND('',#5920,.T.);
#5920 = EDGE_LOOP('',(#5921,#5928,#5929,#5930));
#5921 = ORIENTED_EDGE('',*,*,#5922,.F.);
#5922 = EDGE_CURVE('',#3804,#5923,#5925,.T.);
#5923 = VERTEX_POINT('',#5924);
#5924 = CARTESIAN_POINT('',(34.937344,-21.938,4.5));
#5925 = B_SPLINE_CURVE_WITH_KNOTS('',1,(#5926,#5927),.UNSPECIFIED.,.F.,
  .F.,(2,2),(0.,1.),.PIECEWISE_BEZIER_KNOTS.);
#5926 = CARTESIAN_POINT('',(36.737344,-21.938,6.3));
#5927 = CARTESIAN_POINT('',(34.937344,-21.938,4.5));
#5928 = ORIENTED_EDGE('',*,*,#3812,.T.);
#5929 = ORIENTED_EDGE('',*,*,#3745,.F.);
#5930 = ORIENTED_EDGE('',*,*,#5931,.F.);
#5931 = EDGE_CURVE('',#5923,#3737,#5932,.T.);
#5932 = CIRCLE('',#5933,4.5);
#5933 = AXIS2_PLACEMENT_3D('',#5934,#5935,#5936);
#5934 = CARTESIAN_POINT('',(30.437344,-21.938,4.5));
#5935 = DIRECTION('',(0.,-1.224646799147E-16,-1.));
#5936 = DIRECTION('',(1.,0.,0.));
#5937 = CONICAL_SURFACE('',#5938,6.3,0.785398163397);
#5938 = AXIS2_PLACEMENT_3D('',#5939,#5940,#5941);
#5939 = CARTESIAN_POINT('',(30.437344,-21.938,6.3));
#5940 = DIRECTION('',(-0.,1.224646799147E-16,1.));
#5941 = DIRECTION('',(1.,0.,0.));
#5942 = ADVANCED_FACE('',(#5943),#5962,.T.);
#5943 = FACE_BOUND('',#5944,.T.);
#5944 = EDGE_LOOP('',(#5945,#5954,#5960,#5961));
#5945 = ORIENTED_EDGE('',*,*,#5946,.F.);
#5946 = EDGE_CURVE('',#5947,#3729,#5949,.T.);
#5947 = VERTEX_POINT('',#5948);
#5948 = CARTESIAN_POINT('',(34.937344,-21.938,0.));
#5949 = CIRCLE('',#5950,4.5);
#5950 = AXIS2_PLACEMENT_3D('',#5951,#5952,#5953);
#5951 = CARTESIAN_POINT('',(30.437344,-21.938,2.6645352591E-15));
#5952 = DIRECTION('',(0.,-1.224646799147E-16,-1.));
#5953 = DIRECTION('',(1.,0.,0.));
#5954 = ORIENTED_EDGE('',*,*,#5955,.F.);
#5955 = EDGE_CURVE('',#5923,#5947,#5956,.T.);
#5956 = LINE('',#5957,#5958);
#5957 = CARTESIAN_POINT('',(34.937344,-21.938,6.5));
#5958 = VECTOR('',#5959,1.);
#5959 = DIRECTION('',(0.,-1.224646799147E-16,-1.));
#5960 = ORIENTED_EDGE('',*,*,#5931,.T.);
#5961 = ORIENTED_EDGE('',*,*,#3736,.T.);
#5962 = CYLINDRICAL_SURFACE('',#5963,4.5);
#5963 = AXIS2_PLACEMENT_3D('',#5964,#5965,#5966);
#5964 = CARTESIAN_POINT('',(30.437344,-21.938,6.5));
#5965 = DIRECTION('',(0.,-1.224646799147E-16,-1.));
#5966 = DIRECTION('',(1.,0.,0.));
#5967 = ADVANCED_FACE('',(#5968),#5980,.T.);
#5968 = FACE_BOUND('',#5969,.T.);
#5969 = EDGE_LOOP('',(#5970,#5971,#5972,#5979));
#5970 = ORIENTED_EDGE('',*,*,#3855,.T.);
#5971 = ORIENTED_EDGE('',*,*,#5922,.T.);
#5972 = ORIENTED_EDGE('',*,*,#5973,.F.);
#5973 = EDGE_CURVE('',#3942,#5923,#5974,.T.);
#5974 = CIRCLE('',#5975,4.5);
#5975 = AXIS2_PLACEMENT_3D('',#5976,#5977,#5978);
#5976 = CARTESIAN_POINT('',(30.437344,-21.938,4.5));
#5977 = DIRECTION('',(0.,-1.224646799147E-16,-1.));
#5978 = DIRECTION('',(1.,0.,0.));
#5979 = ORIENTED_EDGE('',*,*,#3941,.F.);
#5980 = CONICAL_SURFACE('',#5981,6.3,0.785398163397);
#5981 = AXIS2_PLACEMENT_3D('',#5982,#5983,#5984);
#5982 = CARTESIAN_POINT('',(30.437344,-21.938,6.3));
#5983 = DIRECTION('',(-0.,1.224646799147E-16,1.));
#5984 = DIRECTION('',(1.,0.,0.));
#5985 = ADVANCED_FACE('',(#5986),#5998,.T.);
#5986 = FACE_BOUND('',#5987,.T.);
#5987 = EDGE_LOOP('',(#5988,#5989,#5996,#5997));
#5988 = ORIENTED_EDGE('',*,*,#5955,.T.);
#5989 = ORIENTED_EDGE('',*,*,#5990,.F.);
#5990 = EDGE_CURVE('',#3951,#5947,#5991,.T.);
#5991 = CIRCLE('',#5992,4.5);
#5992 = AXIS2_PLACEMENT_3D('',#5993,#5994,#5995);
#5993 = CARTESIAN_POINT('',(30.437344,-21.938,2.6645352591E-15));
#5994 = DIRECTION('',(0.,-1.224646799147E-16,-1.));
#5995 = DIRECTION('',(1.,0.,0.));
#5996 = ORIENTED_EDGE('',*,*,#3950,.T.);
#5997 = ORIENTED_EDGE('',*,*,#5973,.T.);
#5998 = CYLINDRICAL_SURFACE('',#5999,4.5);
#5999 = AXIS2_PLACEMENT_3D('',#6000,#6001,#6002);
#6000 = CARTESIAN_POINT('',(30.437344,-21.938,6.5));
#6001 = DIRECTION('',(0.,-1.224646799147E-16,-1.));
#6002 = DIRECTION('',(1.,0.,0.));
#6003 = ADVANCED_FACE('',(#6004,#6007),#6057,.F.);
#6004 = FACE_BOUND('',#6005,.F.);
#6005 = EDGE_LOOP('',(#6006));
#6006 = ORIENTED_EDGE('',*,*,#4189,.T.);
#6007 = FACE_BOUND('',#6008,.F.);
#6008 = EDGE_LOOP('',(#6009,#6019,#6027,#6035,#6043,#6051));
#6009 = ORIENTED_EDGE('',*,*,#6010,.F.);
#6010 = EDGE_CURVE('',#6011,#6013,#6015,.T.);
#6011 = VERTEX_POINT('',#6012);
#6012 = CARTESIAN_POINT('',(-27.03097741178,20.062,6.4));
#6013 = VERTEX_POINT('',#6014);
#6014 = CARTESIAN_POINT('',(-28.73416070589,17.112,6.4));
#6015 = LINE('',#6016,#6017);
#6016 = CARTESIAN_POINT('',(-27.4567732353,19.3245,6.4));
#6017 = VECTOR('',#6018,1.);
#6018 = DIRECTION('',(-0.5,-0.866025403784,1.060575238725E-16));
#6019 = ORIENTED_EDGE('',*,*,#6020,.F.);
#6020 = EDGE_CURVE('',#6021,#6011,#6023,.T.);
#6021 = VERTEX_POINT('',#6022);
#6022 = CARTESIAN_POINT('',(-28.73416070589,23.012,6.4));
#6023 = LINE('',#6024,#6025);
#6024 = CARTESIAN_POINT('',(-28.30836488236,22.2745,6.4));
#6025 = VECTOR('',#6026,1.);
#6026 = DIRECTION('',(0.5,-0.866025403784,1.060575238725E-16));
#6027 = ORIENTED_EDGE('',*,*,#6028,.F.);
#6028 = EDGE_CURVE('',#6029,#6021,#6031,.T.);
#6029 = VERTEX_POINT('',#6030);
#6030 = CARTESIAN_POINT('',(-32.1405272941,23.012,6.4));
#6031 = LINE('',#6032,#6033);
#6032 = CARTESIAN_POINT('',(-31.28893564705,23.012,6.4));
#6033 = VECTOR('',#6034,1.);
#6034 = DIRECTION('',(1.,0.,0.));
#6035 = ORIENTED_EDGE('',*,*,#6036,.F.);
#6036 = EDGE_CURVE('',#6037,#6029,#6039,.T.);
#6037 = VERTEX_POINT('',#6038);
#6038 = CARTESIAN_POINT('',(-33.84371058821,20.062,6.4));
#6039 = LINE('',#6040,#6041);
#6040 = CARTESIAN_POINT('',(-33.41791476469,20.7995,6.4));
#6041 = VECTOR('',#6042,1.);
#6042 = DIRECTION('',(0.5,0.866025403784,-1.060575238725E-16));
#6043 = ORIENTED_EDGE('',*,*,#6044,.F.);
#6044 = EDGE_CURVE('',#6045,#6037,#6047,.T.);
#6045 = VERTEX_POINT('',#6046);
#6046 = CARTESIAN_POINT('',(-32.1405272941,17.112,6.4));
#6047 = LINE('',#6048,#6049);
#6048 = CARTESIAN_POINT('',(-32.56632311763,17.8495,6.4));
#6049 = VECTOR('',#6050,1.);
#6050 = DIRECTION('',(-0.5,0.866025403784,-1.060575238725E-16));
#6051 = ORIENTED_EDGE('',*,*,#6052,.F.);
#6052 = EDGE_CURVE('',#6013,#6045,#6053,.T.);
#6053 = LINE('',#6054,#6055);
#6054 = CARTESIAN_POINT('',(-29.58575235294,17.112,6.4));
#6055 = VECTOR('',#6056,1.);
#6056 = DIRECTION('',(-1.,-0.,0.));
#6057 = PLANE('',#6058);
#6058 = AXIS2_PLACEMENT_3D('',#6059,#6060,#6061);
#6059 = CARTESIAN_POINT('',(-30.437344,20.062,6.4));
#6060 = DIRECTION('',(0.,-1.224646799147E-16,-1.));
#6061 = DIRECTION('',(1.,0.,0.));
#6062 = ADVANCED_FACE('',(#6063,#6066),#6116,.F.);
#6063 = FACE_BOUND('',#6064,.F.);
#6064 = EDGE_LOOP('',(#6065));
#6065 = ORIENTED_EDGE('',*,*,#4291,.T.);
#6066 = FACE_BOUND('',#6067,.F.);
#6067 = EDGE_LOOP('',(#6068,#6078,#6086,#6094,#6102,#6110));
#6068 = ORIENTED_EDGE('',*,*,#6069,.F.);
#6069 = EDGE_CURVE('',#6070,#6072,#6074,.T.);
#6070 = VERTEX_POINT('',#6071);
#6071 = CARTESIAN_POINT('',(33.843710588219,20.062,6.4));
#6072 = VERTEX_POINT('',#6073);
#6073 = CARTESIAN_POINT('',(32.140527294109,17.112,6.4));
#6074 = LINE('',#6075,#6076);
#6075 = CARTESIAN_POINT('',(33.417914764691,19.3245,6.4));
#6076 = VECTOR('',#6077,1.);
#6077 = DIRECTION('',(-0.5,-0.866025403784,1.060575238725E-16));
#6078 = ORIENTED_EDGE('',*,*,#6079,.F.);
#6079 = EDGE_CURVE('',#6080,#6070,#6082,.T.);
#6080 = VERTEX_POINT('',#6081);
#6081 = CARTESIAN_POINT('',(32.140527294109,23.012,6.4));
#6082 = LINE('',#6083,#6084);
#6083 = CARTESIAN_POINT('',(32.566323117637,22.2745,6.4));
#6084 = VECTOR('',#6085,1.);
#6085 = DIRECTION('',(0.5,-0.866025403784,1.060575238725E-16));
#6086 = ORIENTED_EDGE('',*,*,#6087,.F.);
#6087 = EDGE_CURVE('',#6088,#6080,#6090,.T.);
#6088 = VERTEX_POINT('',#6089);
#6089 = CARTESIAN_POINT('',(28.734160705891,23.012,6.4));
#6090 = LINE('',#6091,#6092);
#6091 = CARTESIAN_POINT('',(29.585752352945,23.012,6.4));
#6092 = VECTOR('',#6093,1.);
#6093 = DIRECTION('',(1.,0.,0.));
#6094 = ORIENTED_EDGE('',*,*,#6095,.F.);
#6095 = EDGE_CURVE('',#6096,#6088,#6098,.T.);
#6096 = VERTEX_POINT('',#6097);
#6097 = CARTESIAN_POINT('',(27.030977411781,20.062,6.4));
#6098 = LINE('',#6099,#6100);
#6099 = CARTESIAN_POINT('',(27.456773235309,20.7995,6.4));
#6100 = VECTOR('',#6101,1.);
#6101 = DIRECTION('',(0.5,0.866025403784,-1.060575238725E-16));
#6102 = ORIENTED_EDGE('',*,*,#6103,.F.);
#6103 = EDGE_CURVE('',#6104,#6096,#6106,.T.);
#6104 = VERTEX_POINT('',#6105);
#6105 = CARTESIAN_POINT('',(28.734160705891,17.112,6.4));
#6106 = LINE('',#6107,#6108);
#6107 = CARTESIAN_POINT('',(28.308364882363,17.8495,6.4));
#6108 = VECTOR('',#6109,1.);
#6109 = DIRECTION('',(-0.5,0.866025403784,-1.060575238725E-16));
#6110 = ORIENTED_EDGE('',*,*,#6111,.F.);
#6111 = EDGE_CURVE('',#6072,#6104,#6112,.T.);
#6112 = LINE('',#6113,#6114);
#6113 = CARTESIAN_POINT('',(31.288935647055,17.112,6.4));
#6114 = VECTOR('',#6115,1.);
#6115 = DIRECTION('',(-1.,-0.,0.));
#6116 = PLANE('',#6117);
#6117 = AXIS2_PLACEMENT_3D('',#6118,#6119,#6120);
#6118 = CARTESIAN_POINT('',(30.437344,20.062,6.4));
#6119 = DIRECTION('',(0.,-1.224646799147E-16,-1.));
#6120 = DIRECTION('',(1.,0.,0.));
#6121 = ADVANCED_FACE('',(#6122,#6125),#6175,.F.);
#6122 = FACE_BOUND('',#6123,.F.);
#6123 = EDGE_LOOP('',(#6124));
#6124 = ORIENTED_EDGE('',*,*,#4368,.T.);
#6125 = FACE_BOUND('',#6126,.F.);
#6126 = EDGE_LOOP('',(#6127,#6137,#6145,#6153,#6161,#6169));
#6127 = ORIENTED_EDGE('',*,*,#6128,.F.);
#6128 = EDGE_CURVE('',#6129,#6131,#6133,.T.);
#6129 = VERTEX_POINT('',#6130);
#6130 = CARTESIAN_POINT('',(-27.03097741178,-21.938,6.4));
#6131 = VERTEX_POINT('',#6132);
#6132 = CARTESIAN_POINT('',(-28.73416070589,-24.888,6.4));
#6133 = LINE('',#6134,#6135);
#6134 = CARTESIAN_POINT('',(-27.4567732353,-22.6755,6.4));
#6135 = VECTOR('',#6136,1.);
#6136 = DIRECTION('',(-0.5,-0.866025403784,1.060575238725E-16));
#6137 = ORIENTED_EDGE('',*,*,#6138,.F.);
#6138 = EDGE_CURVE('',#6139,#6129,#6141,.T.);
#6139 = VERTEX_POINT('',#6140);
#6140 = CARTESIAN_POINT('',(-28.73416070589,-18.988,6.4));
#6141 = LINE('',#6142,#6143);
#6142 = CARTESIAN_POINT('',(-28.30836488236,-19.7255,6.4));
#6143 = VECTOR('',#6144,1.);
#6144 = DIRECTION('',(0.5,-0.866025403784,1.060575238725E-16));
#6145 = ORIENTED_EDGE('',*,*,#6146,.F.);
#6146 = EDGE_CURVE('',#6147,#6139,#6149,.T.);
#6147 = VERTEX_POINT('',#6148);
#6148 = CARTESIAN_POINT('',(-32.1405272941,-18.988,6.4));
#6149 = LINE('',#6150,#6151);
#6150 = CARTESIAN_POINT('',(-31.28893564705,-18.988,6.4));
#6151 = VECTOR('',#6152,1.);
#6152 = DIRECTION('',(1.,0.,0.));
#6153 = ORIENTED_EDGE('',*,*,#6154,.F.);
#6154 = EDGE_CURVE('',#6155,#6147,#6157,.T.);
#6155 = VERTEX_POINT('',#6156);
#6156 = CARTESIAN_POINT('',(-33.84371058821,-21.938,6.4));
#6157 = LINE('',#6158,#6159);
#6158 = CARTESIAN_POINT('',(-33.41791476469,-21.2005,6.4));
#6159 = VECTOR('',#6160,1.);
#6160 = DIRECTION('',(0.5,0.866025403784,-1.060575238725E-16));
#6161 = ORIENTED_EDGE('',*,*,#6162,.F.);
#6162 = EDGE_CURVE('',#6163,#6155,#6165,.T.);
#6163 = VERTEX_POINT('',#6164);
#6164 = CARTESIAN_POINT('',(-32.1405272941,-24.888,6.4));
#6165 = LINE('',#6166,#6167);
#6166 = CARTESIAN_POINT('',(-32.56632311763,-24.1505,6.4));
#6167 = VECTOR('',#6168,1.);
#6168 = DIRECTION('',(-0.5,0.866025403784,-1.060575238725E-16));
#6169 = ORIENTED_EDGE('',*,*,#6170,.F.);
#6170 = EDGE_CURVE('',#6131,#6163,#6171,.T.);
#6171 = LINE('',#6172,#6173);
#6172 = CARTESIAN_POINT('',(-29.58575235294,-24.888,6.4));
#6173 = VECTOR('',#6174,1.);
#6174 = DIRECTION('',(-1.,-0.,0.));
#6175 = PLANE('',#6176);
#6176 = AXIS2_PLACEMENT_3D('',#6177,#6178,#6179);
#6177 = CARTESIAN_POINT('',(-30.437344,-21.938,6.4));
#6178 = DIRECTION('',(0.,-1.224646799147E-16,-1.));
#6179 = DIRECTION('',(1.,0.,0.));
#6180 = ADVANCED_FACE('',(#6181),#6209,.F.);
#6181 = FACE_BOUND('',#6182,.F.);
#6182 = EDGE_LOOP('',(#6183,#6184,#6185,#6186,#6187,#6195,#6203));
#6183 = ORIENTED_EDGE('',*,*,#5677,.F.);
#6184 = ORIENTED_EDGE('',*,*,#4466,.T.);
#6185 = ORIENTED_EDGE('',*,*,#5069,.T.);
#6186 = ORIENTED_EDGE('',*,*,#5053,.F.);
#6187 = ORIENTED_EDGE('',*,*,#6188,.F.);
#6188 = EDGE_CURVE('',#6189,#2693,#6191,.T.);
#6189 = VERTEX_POINT('',#6190);
#6190 = CARTESIAN_POINT('',(24.637344,-25.487358,2.586157));
#6191 = LINE('',#6192,#6193);
#6192 = CARTESIAN_POINT('',(24.637344,-25.487358,5.6430785));
#6193 = VECTOR('',#6194,1.);
#6194 = DIRECTION('',(0.,-1.224646799147E-16,-1.));
#6195 = ORIENTED_EDGE('',*,*,#6196,.F.);
#6196 = EDGE_CURVE('',#6197,#6189,#6199,.T.);
#6197 = VERTEX_POINT('',#6198);
#6198 = CARTESIAN_POINT('',(24.637344,-25.487358,4.586157));
#6199 = LINE('',#6200,#6201);
#6200 = CARTESIAN_POINT('',(24.637344,-25.487358,5.6430785));
#6201 = VECTOR('',#6202,1.);
#6202 = DIRECTION('',(0.,-1.224646799147E-16,-1.));
#6203 = ORIENTED_EDGE('',*,*,#6204,.T.);
#6204 = EDGE_CURVE('',#6197,#5678,#6205,.T.);
#6205 = LINE('',#6206,#6207);
#6206 = CARTESIAN_POINT('',(24.637344,27.487358,4.586157));
#6207 = VECTOR('',#6208,1.);
#6208 = DIRECTION('',(0.,1.,-1.224646799147E-16));
#6209 = PLANE('',#6210);
#6210 = AXIS2_PLACEMENT_3D('',#6211,#6212,#6213);
#6211 = CARTESIAN_POINT('',(24.637344,29.487358,6.7));
#6212 = DIRECTION('',(1.,0.,0.));
#6213 = DIRECTION('',(0.,-1.224646799147E-16,-1.));
#6214 = ADVANCED_FACE('',(#6215,#6218),#6268,.F.);
#6215 = FACE_BOUND('',#6216,.F.);
#6216 = EDGE_LOOP('',(#6217));
#6217 = ORIENTED_EDGE('',*,*,#4509,.T.);
#6218 = FACE_BOUND('',#6219,.F.);
#6219 = EDGE_LOOP('',(#6220,#6230,#6238,#6246,#6254,#6262));
#6220 = ORIENTED_EDGE('',*,*,#6221,.F.);
#6221 = EDGE_CURVE('',#6222,#6224,#6226,.T.);
#6222 = VERTEX_POINT('',#6223);
#6223 = CARTESIAN_POINT('',(33.843710588219,-21.938,6.4));
#6224 = VERTEX_POINT('',#6225);
#6225 = CARTESIAN_POINT('',(32.140527294109,-24.888,6.4));
#6226 = LINE('',#6227,#6228);
#6227 = CARTESIAN_POINT('',(33.417914764691,-22.6755,6.4));
#6228 = VECTOR('',#6229,1.);
#6229 = DIRECTION('',(-0.5,-0.866025403784,1.060575238725E-16));
#6230 = ORIENTED_EDGE('',*,*,#6231,.F.);
#6231 = EDGE_CURVE('',#6232,#6222,#6234,.T.);
#6232 = VERTEX_POINT('',#6233);
#6233 = CARTESIAN_POINT('',(32.140527294109,-18.988,6.4));
#6234 = LINE('',#6235,#6236);
#6235 = CARTESIAN_POINT('',(32.566323117637,-19.7255,6.4));
#6236 = VECTOR('',#6237,1.);
#6237 = DIRECTION('',(0.5,-0.866025403784,1.060575238725E-16));
#6238 = ORIENTED_EDGE('',*,*,#6239,.F.);
#6239 = EDGE_CURVE('',#6240,#6232,#6242,.T.);
#6240 = VERTEX_POINT('',#6241);
#6241 = CARTESIAN_POINT('',(28.734160705891,-18.988,6.4));
#6242 = LINE('',#6243,#6244);
#6243 = CARTESIAN_POINT('',(29.585752352945,-18.988,6.4));
#6244 = VECTOR('',#6245,1.);
#6245 = DIRECTION('',(1.,0.,0.));
#6246 = ORIENTED_EDGE('',*,*,#6247,.F.);
#6247 = EDGE_CURVE('',#6248,#6240,#6250,.T.);
#6248 = VERTEX_POINT('',#6249);
#6249 = CARTESIAN_POINT('',(27.030977411781,-21.938,6.4));
#6250 = LINE('',#6251,#6252);
#6251 = CARTESIAN_POINT('',(27.456773235309,-21.2005,6.4));
#6252 = VECTOR('',#6253,1.);
#6253 = DIRECTION('',(0.5,0.866025403784,-1.060575238725E-16));
#6254 = ORIENTED_EDGE('',*,*,#6255,.F.);
#6255 = EDGE_CURVE('',#6256,#6248,#6258,.T.);
#6256 = VERTEX_POINT('',#6257);
#6257 = CARTESIAN_POINT('',(28.734160705891,-24.888,6.4));
#6258 = LINE('',#6259,#6260);
#6259 = CARTESIAN_POINT('',(28.308364882363,-24.1505,6.4));
#6260 = VECTOR('',#6261,1.);
#6261 = DIRECTION('',(-0.5,0.866025403784,-1.060575238725E-16));
#6262 = ORIENTED_EDGE('',*,*,#6263,.F.);
#6263 = EDGE_CURVE('',#6224,#6256,#6264,.T.);
#6264 = LINE('',#6265,#6266);
#6265 = CARTESIAN_POINT('',(31.288935647055,-24.888,6.4));
#6266 = VECTOR('',#6267,1.);
#6267 = DIRECTION('',(-1.,-0.,0.));
#6268 = PLANE('',#6269);
#6269 = AXIS2_PLACEMENT_3D('',#6270,#6271,#6272);
#6270 = CARTESIAN_POINT('',(30.437344,-21.938,6.4));
#6271 = DIRECTION('',(0.,-1.224646799147E-16,-1.));
#6272 = DIRECTION('',(1.,0.,0.));
#6273 = ADVANCED_FACE('',(#6274),#6293,.F.);
#6274 = FACE_BOUND('',#6275,.F.);
#6275 = EDGE_LOOP('',(#6276,#6284,#6291,#6292));
#6276 = ORIENTED_EDGE('',*,*,#6277,.F.);
#6277 = EDGE_CURVE('',#6278,#4619,#6280,.T.);
#6278 = VERTEX_POINT('',#6279);
#6279 = CARTESIAN_POINT('',(-28.737344,20.062,3.7));
#6280 = LINE('',#6281,#6282);
#6281 = CARTESIAN_POINT('',(-28.737344,20.062,7.));
#6282 = VECTOR('',#6283,1.);
#6283 = DIRECTION('',(0.,-1.224646799147E-16,-1.));
#6284 = ORIENTED_EDGE('',*,*,#6285,.T.);
#6285 = EDGE_CURVE('',#6278,#6278,#6286,.T.);
#6286 = CIRCLE('',#6287,1.7);
#6287 = AXIS2_PLACEMENT_3D('',#6288,#6289,#6290);
#6288 = CARTESIAN_POINT('',(-30.437344,20.062,3.7));
#6289 = DIRECTION('',(0.,-1.224646799147E-16,-1.));
#6290 = DIRECTION('',(1.,0.,0.));
#6291 = ORIENTED_EDGE('',*,*,#6277,.T.);
#6292 = ORIENTED_EDGE('',*,*,#4618,.F.);
#6293 = CYLINDRICAL_SURFACE('',#6294,1.7);
#6294 = AXIS2_PLACEMENT_3D('',#6295,#6296,#6297);
#6295 = CARTESIAN_POINT('',(-30.437344,20.062,7.));
#6296 = DIRECTION('',(0.,-1.224646799147E-16,-1.));
#6297 = DIRECTION('',(1.,0.,0.));
#6298 = ADVANCED_FACE('',(#6299),#6323,.T.);
#6299 = FACE_BOUND('',#6300,.T.);
#6300 = EDGE_LOOP('',(#6301,#6307,#6308,#6316,#6322));
#6301 = ORIENTED_EDGE('',*,*,#6302,.F.);
#6302 = EDGE_CURVE('',#3158,#3295,#6303,.T.);
#6303 = LINE('',#6304,#6305);
#6304 = CARTESIAN_POINT('',(-27.58574527781,249.94776841487,
    -2.84217094304E-14));
#6305 = VECTOR('',#6306,1.);
#6306 = DIRECTION('',(0.,-1.,1.224646799147E-16));
#6307 = ORIENTED_EDGE('',*,*,#4648,.T.);
#6308 = ORIENTED_EDGE('',*,*,#6309,.F.);
#6309 = EDGE_CURVE('',#6310,#4641,#6312,.T.);
#6310 = VERTEX_POINT('',#6311);
#6311 = CARTESIAN_POINT('',(-27.537344,-21.8,0.));
#6312 = LINE('',#6313,#6314);
#6313 = CARTESIAN_POINT('',(-27.537344,-21.8,2.6645352591E-15));
#6314 = VECTOR('',#6315,1.);
#6315 = DIRECTION('',(1.,0.,0.));
#6316 = ORIENTED_EDGE('',*,*,#6317,.T.);
#6317 = EDGE_CURVE('',#6310,#4958,#6318,.T.);
#6318 = LINE('',#6319,#6320);
#6319 = CARTESIAN_POINT('',(-27.537344,-21.8,2.6645352591E-15));
#6320 = VECTOR('',#6321,1.);
#6321 = DIRECTION('',(0.,-1.,1.224646799147E-16));
#6322 = ORIENTED_EDGE('',*,*,#4957,.T.);
#6323 = PLANE('',#6324);
#6324 = AXIS2_PLACEMENT_3D('',#6325,#6326,#6327);
#6325 = CARTESIAN_POINT('',(-500.,500.,-6.128431095931E-14));
#6326 = DIRECTION('',(0.,-1.224646799147E-16,-1.));
#6327 = DIRECTION('',(1.,0.,0.));
#6328 = ADVANCED_FACE('',(#6329),#6356,.T.);
#6329 = FACE_BOUND('',#6330,.T.);
#6330 = EDGE_LOOP('',(#6331,#6340,#6341,#6347,#6348,#6349));
#6331 = ORIENTED_EDGE('',*,*,#6332,.F.);
#6332 = EDGE_CURVE('',#4641,#6333,#6335,.T.);
#6333 = VERTEX_POINT('',#6334);
#6334 = CARTESIAN_POINT('',(-25.937344,-21.938,0.));
#6335 = CIRCLE('',#6336,4.5);
#6336 = AXIS2_PLACEMENT_3D('',#6337,#6338,#6339);
#6337 = CARTESIAN_POINT('',(-30.437344,-21.938,2.6645352591E-15));
#6338 = DIRECTION('',(0.,-1.224646799147E-16,-1.));
#6339 = DIRECTION('',(1.,0.,0.));
#6340 = ORIENTED_EDGE('',*,*,#4640,.T.);
#6341 = ORIENTED_EDGE('',*,*,#6342,.T.);
#6342 = EDGE_CURVE('',#2357,#2317,#6343,.T.);
#6343 = LINE('',#6344,#6345);
#6344 = CARTESIAN_POINT('',(-24.637344,264.743679,-3.552713678801E-14));
#6345 = VECTOR('',#6346,1.);
#6346 = DIRECTION('',(0.,-1.,1.224646799147E-16));
#6347 = ORIENTED_EDGE('',*,*,#4974,.F.);
#6348 = ORIENTED_EDGE('',*,*,#4966,.F.);
#6349 = ORIENTED_EDGE('',*,*,#6350,.F.);
#6350 = EDGE_CURVE('',#6333,#4958,#6351,.T.);
#6351 = CIRCLE('',#6352,4.5);
#6352 = AXIS2_PLACEMENT_3D('',#6353,#6354,#6355);
#6353 = CARTESIAN_POINT('',(-30.437344,-21.938,2.6645352591E-15));
#6354 = DIRECTION('',(0.,-1.224646799147E-16,-1.));
#6355 = DIRECTION('',(1.,0.,0.));
#6356 = PLANE('',#6357);
#6357 = AXIS2_PLACEMENT_3D('',#6358,#6359,#6360);
#6358 = CARTESIAN_POINT('',(-500.,500.,-6.128431095931E-14));
#6359 = DIRECTION('',(0.,-1.224646799147E-16,-1.));
#6360 = DIRECTION('',(1.,0.,0.));
#6361 = ADVANCED_FACE('',(#6362),#6373,.T.);
#6362 = FACE_BOUND('',#6363,.T.);
#6363 = EDGE_LOOP('',(#6364,#6365,#6371,#6372));
#6364 = ORIENTED_EDGE('',*,*,#4715,.F.);
#6365 = ORIENTED_EDGE('',*,*,#6366,.T.);
#6366 = EDGE_CURVE('',#4706,#4778,#6367,.T.);
#6367 = LINE('',#6368,#6369);
#6368 = CARTESIAN_POINT('',(-22.537344,25.487358,2.586157));
#6369 = VECTOR('',#6370,1.);
#6370 = DIRECTION('',(0.,-1.,1.224646799147E-16));
#6371 = ORIENTED_EDGE('',*,*,#4804,.T.);
#6372 = ORIENTED_EDGE('',*,*,#4683,.F.);
#6373 = PLANE('',#6374);
#6374 = AXIS2_PLACEMENT_3D('',#6375,#6376,#6377);
#6375 = CARTESIAN_POINT('',(-22.537344,25.487358,4.586157));
#6376 = DIRECTION('',(1.,0.,0.));
#6377 = DIRECTION('',(0.,-1.224646799147E-16,-1.));
#6378 = ADVANCED_FACE('',(#6379),#6404,.F.);
#6379 = FACE_BOUND('',#6380,.F.);
#6380 = EDGE_LOOP('',(#6381,#6389,#6390,#6398));
#6381 = ORIENTED_EDGE('',*,*,#6382,.F.);
#6382 = EDGE_CURVE('',#4730,#6383,#6385,.T.);
#6383 = VERTEX_POINT('',#6384);
#6384 = CARTESIAN_POINT('',(-21.437344,25.487358,4.586157));
#6385 = LINE('',#6386,#6387);
#6386 = CARTESIAN_POINT('',(-27.537344,25.487358,4.586157));
#6387 = VECTOR('',#6388,1.);
#6388 = DIRECTION('',(1.,0.,0.));
#6389 = ORIENTED_EDGE('',*,*,#4729,.T.);
#6390 = ORIENTED_EDGE('',*,*,#6391,.T.);
#6391 = EDGE_CURVE('',#4706,#6392,#6394,.T.);
#6392 = VERTEX_POINT('',#6393);
#6393 = CARTESIAN_POINT('',(-21.437344,25.487358,2.586157));
#6394 = LINE('',#6395,#6396);
#6395 = CARTESIAN_POINT('',(-27.537344,25.487358,2.586157));
#6396 = VECTOR('',#6397,1.);
#6397 = DIRECTION('',(1.,0.,0.));
#6398 = ORIENTED_EDGE('',*,*,#6399,.F.);
#6399 = EDGE_CURVE('',#6383,#6392,#6400,.T.);
#6400 = LINE('',#6401,#6402);
#6401 = CARTESIAN_POINT('',(-21.437344,25.487358,4.586157));
#6402 = VECTOR('',#6403,1.);
#6403 = DIRECTION('',(0.,-1.224646799147E-16,-1.));
#6404 = PLANE('',#6405);
#6405 = AXIS2_PLACEMENT_3D('',#6406,#6407,#6408);
#6406 = CARTESIAN_POINT('',(-27.537344,25.487358,4.586157));
#6407 = DIRECTION('',(0.,-1.,1.224646799147E-16));
#6408 = DIRECTION('',(0.,-1.224646799147E-16,-1.));
#6409 = ADVANCED_FACE('',(#6410),#6428,.F.);
#6410 = FACE_BOUND('',#6411,.F.);
#6411 = EDGE_LOOP('',(#6412,#6413,#6414,#6422));
#6412 = ORIENTED_EDGE('',*,*,#4755,.F.);
#6413 = ORIENTED_EDGE('',*,*,#6382,.T.);
#6414 = ORIENTED_EDGE('',*,*,#6415,.T.);
#6415 = EDGE_CURVE('',#6383,#6416,#6418,.T.);
#6416 = VERTEX_POINT('',#6417);
#6417 = CARTESIAN_POINT('',(-21.437344,0.8,4.586157));
#6418 = LINE('',#6419,#6420);
#6419 = CARTESIAN_POINT('',(-21.437344,25.487358,4.586157));
#6420 = VECTOR('',#6421,1.);
#6421 = DIRECTION('',(0.,-1.,1.224646799147E-16));
#6422 = ORIENTED_EDGE('',*,*,#6423,.F.);
#6423 = EDGE_CURVE('',#4756,#6416,#6424,.T.);
#6424 = LINE('',#6425,#6426);
#6425 = CARTESIAN_POINT('',(-27.537344,0.8,4.586157));
#6426 = VECTOR('',#6427,1.);
#6427 = DIRECTION('',(1.,0.,0.));
#6428 = PLANE('',#6429);
#6429 = AXIS2_PLACEMENT_3D('',#6430,#6431,#6432);
#6430 = CARTESIAN_POINT('',(-27.537344,25.487358,4.586157));
#6431 = DIRECTION('',(0.,-1.224646799147E-16,-1.));
#6432 = DIRECTION('',(1.,0.,0.));
#6433 = ADVANCED_FACE('',(#6434),#6452,.T.);
#6434 = FACE_BOUND('',#6435,.T.);
#6435 = EDGE_LOOP('',(#6436,#6437,#6438,#6446));
#6436 = ORIENTED_EDGE('',*,*,#6423,.F.);
#6437 = ORIENTED_EDGE('',*,*,#4777,.T.);
#6438 = ORIENTED_EDGE('',*,*,#6439,.T.);
#6439 = EDGE_CURVE('',#4778,#6440,#6442,.T.);
#6440 = VERTEX_POINT('',#6441);
#6441 = CARTESIAN_POINT('',(-21.437344,0.8,2.586157));
#6442 = LINE('',#6443,#6444);
#6443 = CARTESIAN_POINT('',(-27.537344,0.8,2.586157));
#6444 = VECTOR('',#6445,1.);
#6445 = DIRECTION('',(1.,0.,0.));
#6446 = ORIENTED_EDGE('',*,*,#6447,.F.);
#6447 = EDGE_CURVE('',#6416,#6440,#6448,.T.);
#6448 = LINE('',#6449,#6450);
#6449 = CARTESIAN_POINT('',(-21.437344,0.8,4.586157));
#6450 = VECTOR('',#6451,1.);
#6451 = DIRECTION('',(0.,-1.224646799147E-16,-1.));
#6452 = PLANE('',#6453);
#6453 = AXIS2_PLACEMENT_3D('',#6454,#6455,#6456);
#6454 = CARTESIAN_POINT('',(-27.537344,0.8,4.586157));
#6455 = DIRECTION('',(0.,-1.,1.224646799147E-16));
#6456 = DIRECTION('',(0.,-1.224646799147E-16,-1.));
#6457 = ADVANCED_FACE('',(#6458),#6474,.T.);
#6458 = FACE_BOUND('',#6459,.T.);
#6459 = EDGE_LOOP('',(#6460,#6461,#6467,#6468));
#6460 = ORIENTED_EDGE('',*,*,#4835,.F.);
#6461 = ORIENTED_EDGE('',*,*,#6462,.T.);
#6462 = EDGE_CURVE('',#4819,#4898,#6463,.T.);
#6463 = LINE('',#6464,#6465);
#6464 = CARTESIAN_POINT('',(-22.537344,-21.8,2.586157));
#6465 = VECTOR('',#6466,1.);
#6466 = DIRECTION('',(0.,-1.,1.224646799147E-16));
#6467 = ORIENTED_EDGE('',*,*,#4931,.T.);
#6468 = ORIENTED_EDGE('',*,*,#6469,.F.);
#6469 = EDGE_CURVE('',#4828,#4924,#6470,.T.);
#6470 = LINE('',#6471,#6472);
#6471 = CARTESIAN_POINT('',(-22.537344,-21.8,2.6645352591E-15));
#6472 = VECTOR('',#6473,1.);
#6473 = DIRECTION('',(0.,-1.,1.224646799147E-16));
#6474 = PLANE('',#6475);
#6475 = AXIS2_PLACEMENT_3D('',#6476,#6477,#6478);
#6476 = CARTESIAN_POINT('',(-22.537344,-21.8,4.586157));
#6477 = DIRECTION('',(1.,0.,0.));
#6478 = DIRECTION('',(0.,-1.224646799147E-16,-1.));
#6479 = ADVANCED_FACE('',(#6480),#6486,.T.);
#6480 = FACE_BOUND('',#6481,.T.);
#6481 = EDGE_LOOP('',(#6482,#6483,#6484,#6485));
#6482 = ORIENTED_EDGE('',*,*,#6342,.F.);
#6483 = ORIENTED_EDGE('',*,*,#4827,.T.);
#6484 = ORIENTED_EDGE('',*,*,#6469,.T.);
#6485 = ORIENTED_EDGE('',*,*,#4923,.F.);
#6486 = PLANE('',#6487);
#6487 = AXIS2_PLACEMENT_3D('',#6488,#6489,#6490);
#6488 = CARTESIAN_POINT('',(-27.537344,-21.8,2.6645352591E-15));
#6489 = DIRECTION('',(0.,-1.224646799147E-16,-1.));
#6490 = DIRECTION('',(1.,0.,0.));
#6491 = ADVANCED_FACE('',(#6492),#6517,.F.);
#6492 = FACE_BOUND('',#6493,.F.);
#6493 = EDGE_LOOP('',(#6494,#6502,#6503,#6511));
#6494 = ORIENTED_EDGE('',*,*,#6495,.F.);
#6495 = EDGE_CURVE('',#4850,#6496,#6498,.T.);
#6496 = VERTEX_POINT('',#6497);
#6497 = CARTESIAN_POINT('',(-21.437344,-21.8,4.586157));
#6498 = LINE('',#6499,#6500);
#6499 = CARTESIAN_POINT('',(-27.537344,-21.8,4.586157));
#6500 = VECTOR('',#6501,1.);
#6501 = DIRECTION('',(1.,0.,0.));
#6502 = ORIENTED_EDGE('',*,*,#4849,.T.);
#6503 = ORIENTED_EDGE('',*,*,#6504,.T.);
#6504 = EDGE_CURVE('',#4819,#6505,#6507,.T.);
#6505 = VERTEX_POINT('',#6506);
#6506 = CARTESIAN_POINT('',(-21.437344,-21.8,2.586157));
#6507 = LINE('',#6508,#6509);
#6508 = CARTESIAN_POINT('',(-27.537344,-21.8,2.586157));
#6509 = VECTOR('',#6510,1.);
#6510 = DIRECTION('',(1.,0.,0.));
#6511 = ORIENTED_EDGE('',*,*,#6512,.F.);
#6512 = EDGE_CURVE('',#6496,#6505,#6513,.T.);
#6513 = LINE('',#6514,#6515);
#6514 = CARTESIAN_POINT('',(-21.437344,-21.8,4.586157));
#6515 = VECTOR('',#6516,1.);
#6516 = DIRECTION('',(0.,-1.224646799147E-16,-1.));
#6517 = PLANE('',#6518);
#6518 = AXIS2_PLACEMENT_3D('',#6519,#6520,#6521);
#6519 = CARTESIAN_POINT('',(-27.537344,-21.8,4.586157));
#6520 = DIRECTION('',(0.,-1.,1.224646799147E-16));
#6521 = DIRECTION('',(0.,-1.224646799147E-16,-1.));
#6522 = ADVANCED_FACE('',(#6523),#6541,.F.);
#6523 = FACE_BOUND('',#6524,.F.);
#6524 = EDGE_LOOP('',(#6525,#6526,#6527,#6535));
#6525 = ORIENTED_EDGE('',*,*,#4875,.F.);
#6526 = ORIENTED_EDGE('',*,*,#6495,.T.);
#6527 = ORIENTED_EDGE('',*,*,#6528,.T.);
#6528 = EDGE_CURVE('',#6496,#6529,#6531,.T.);
#6529 = VERTEX_POINT('',#6530);
#6530 = CARTESIAN_POINT('',(-21.437344,-25.487358,4.586157));
#6531 = LINE('',#6532,#6533);
#6532 = CARTESIAN_POINT('',(-21.437344,-21.8,4.586157));
#6533 = VECTOR('',#6534,1.);
#6534 = DIRECTION('',(0.,-1.,1.224646799147E-16));
#6535 = ORIENTED_EDGE('',*,*,#6536,.F.);
#6536 = EDGE_CURVE('',#4876,#6529,#6537,.T.);
#6537 = LINE('',#6538,#6539);
#6538 = CARTESIAN_POINT('',(-27.537344,-25.487358,4.586157));
#6539 = VECTOR('',#6540,1.);
#6540 = DIRECTION('',(1.,0.,0.));
#6541 = PLANE('',#6542);
#6542 = AXIS2_PLACEMENT_3D('',#6543,#6544,#6545);
#6543 = CARTESIAN_POINT('',(-27.537344,-21.8,4.586157));
#6544 = DIRECTION('',(0.,-1.224646799147E-16,-1.));
#6545 = DIRECTION('',(1.,0.,0.));
#6546 = ADVANCED_FACE('',(#6547),#6565,.T.);
#6547 = FACE_BOUND('',#6548,.T.);
#6548 = EDGE_LOOP('',(#6549,#6550,#6551,#6559));
#6549 = ORIENTED_EDGE('',*,*,#6536,.F.);
#6550 = ORIENTED_EDGE('',*,*,#4897,.T.);
#6551 = ORIENTED_EDGE('',*,*,#6552,.T.);
#6552 = EDGE_CURVE('',#4898,#6553,#6555,.T.);
#6553 = VERTEX_POINT('',#6554);
#6554 = CARTESIAN_POINT('',(-21.437344,-25.487358,2.586157));
#6555 = LINE('',#6556,#6557);
#6556 = CARTESIAN_POINT('',(-27.537344,-25.487358,2.586157));
#6557 = VECTOR('',#6558,1.);
#6558 = DIRECTION('',(1.,0.,0.));
#6559 = ORIENTED_EDGE('',*,*,#6560,.F.);
#6560 = EDGE_CURVE('',#6529,#6553,#6561,.T.);
#6561 = LINE('',#6562,#6563);
#6562 = CARTESIAN_POINT('',(-21.437344,-25.487358,4.586157));
#6563 = VECTOR('',#6564,1.);
#6564 = DIRECTION('',(0.,-1.224646799147E-16,-1.));
#6565 = PLANE('',#6566);
#6566 = AXIS2_PLACEMENT_3D('',#6567,#6568,#6569);
#6567 = CARTESIAN_POINT('',(-27.537344,-25.487358,4.586157));
#6568 = DIRECTION('',(0.,-1.,1.224646799147E-16));
#6569 = DIRECTION('',(0.,-1.224646799147E-16,-1.));
#6570 = ADVANCED_FACE('',(#6571),#6582,.T.);
#6571 = FACE_BOUND('',#6572,.T.);
#6572 = EDGE_LOOP('',(#6573,#6574,#6580,#6581));
#6573 = ORIENTED_EDGE('',*,*,#5802,.T.);
#6574 = ORIENTED_EDGE('',*,*,#6575,.F.);
#6575 = EDGE_CURVE('',#3729,#3951,#6576,.T.);
#6576 = LINE('',#6577,#6578);
#6577 = CARTESIAN_POINT('',(27.585745277817,249.94776841487,
    -2.84217094304E-14));
#6578 = VECTOR('',#6579,1.);
#6579 = DIRECTION('',(0.,1.,-1.224646799147E-16));
#6580 = ORIENTED_EDGE('',*,*,#4945,.T.);
#6581 = ORIENTED_EDGE('',*,*,#5786,.F.);
#6582 = PLANE('',#6583);
#6583 = AXIS2_PLACEMENT_3D('',#6584,#6585,#6586);
#6584 = CARTESIAN_POINT('',(-500.,500.,-6.128431095931E-14));
#6585 = DIRECTION('',(0.,-1.224646799147E-16,-1.));
#6586 = DIRECTION('',(1.,0.,0.));
#6587 = ADVANCED_FACE('',(#6588),#6599,.T.);
#6588 = FACE_BOUND('',#6589,.T.);
#6589 = EDGE_LOOP('',(#6590,#6596,#6597,#6598));
#6590 = ORIENTED_EDGE('',*,*,#6591,.F.);
#6591 = EDGE_CURVE('',#5038,#5014,#6592,.T.);
#6592 = LINE('',#6593,#6594);
#6593 = CARTESIAN_POINT('',(-262.318672,-29.987358,7.105427357601E-15));
#6594 = VECTOR('',#6595,1.);
#6595 = DIRECTION('',(-1.,-0.,0.));
#6596 = ORIENTED_EDGE('',*,*,#5037,.T.);
#6597 = ORIENTED_EDGE('',*,*,#5029,.F.);
#6598 = ORIENTED_EDGE('',*,*,#5021,.F.);
#6599 = PLANE('',#6600);
#6600 = AXIS2_PLACEMENT_3D('',#6601,#6602,#6603);
#6601 = CARTESIAN_POINT('',(-500.,500.,-6.128431095931E-14));
#6602 = DIRECTION('',(0.,-1.224646799147E-16,-1.));
#6603 = DIRECTION('',(1.,0.,0.));
#6604 = ADVANCED_FACE('',(#6605),#6616,.T.);
#6605 = FACE_BOUND('',#6606,.T.);
#6606 = EDGE_LOOP('',(#6607,#6608,#6614,#6615));
#6607 = ORIENTED_EDGE('',*,*,#4989,.F.);
#6608 = ORIENTED_EDGE('',*,*,#6609,.F.);
#6609 = EDGE_CURVE('',#5006,#4982,#6610,.T.);
#6610 = LINE('',#6611,#6612);
#6611 = CARTESIAN_POINT('',(-262.318672,-29.987358,7.105427357601E-15));
#6612 = VECTOR('',#6613,1.);
#6613 = DIRECTION('',(-1.,-0.,0.));
#6614 = ORIENTED_EDGE('',*,*,#5005,.T.);
#6615 = ORIENTED_EDGE('',*,*,#4997,.F.);
#6616 = PLANE('',#6617);
#6617 = AXIS2_PLACEMENT_3D('',#6618,#6619,#6620);
#6618 = CARTESIAN_POINT('',(-500.,500.,-6.128431095931E-14));
#6619 = DIRECTION('',(0.,-1.224646799147E-16,-1.));
#6620 = DIRECTION('',(1.,0.,0.));
#6621 = ADVANCED_FACE('',(#6622),#6647,.T.);
#6622 = FACE_BOUND('',#6623,.T.);
#6623 = EDGE_LOOP('',(#6624,#6634,#6640,#6641));
#6624 = ORIENTED_EDGE('',*,*,#6625,.F.);
#6625 = EDGE_CURVE('',#6626,#6628,#6630,.T.);
#6626 = VERTEX_POINT('',#6627);
#6627 = CARTESIAN_POINT('',(19.237344,-28.787358,2.586157));
#6628 = VERTEX_POINT('',#6629);
#6629 = CARTESIAN_POINT('',(19.237344,-28.787358,0.));
#6630 = LINE('',#6631,#6632);
#6631 = CARTESIAN_POINT('',(19.237344,-28.787358,4.586157));
#6632 = VECTOR('',#6633,1.);
#6633 = DIRECTION('',(0.,-1.224646799147E-16,-1.));
#6634 = ORIENTED_EDGE('',*,*,#6635,.T.);
#6635 = EDGE_CURVE('',#6626,#5142,#6636,.T.);
#6636 = LINE('',#6637,#6638);
#6637 = CARTESIAN_POINT('',(19.237344,-27.687358,2.586157));
#6638 = VECTOR('',#6639,1.);
#6639 = DIRECTION('',(0.,-1.,1.224646799147E-16));
#6640 = ORIENTED_EDGE('',*,*,#5149,.F.);
#6641 = ORIENTED_EDGE('',*,*,#6642,.F.);
#6642 = EDGE_CURVE('',#6628,#5038,#6643,.T.);
#6643 = LINE('',#6644,#6645);
#6644 = CARTESIAN_POINT('',(19.237344,-28.787358,3.552713678801E-15));
#6645 = VECTOR('',#6646,1.);
#6646 = DIRECTION('',(0.,-1.,1.224646799147E-16));
#6647 = PLANE('',#6648);
#6648 = AXIS2_PLACEMENT_3D('',#6649,#6650,#6651);
#6649 = CARTESIAN_POINT('',(19.237344,-28.787358,4.586157));
#6650 = DIRECTION('',(1.,0.,0.));
#6651 = DIRECTION('',(0.,-1.224646799147E-16,-1.));
#6652 = ADVANCED_FACE('',(#6653),#6671,.T.);
#6653 = FACE_BOUND('',#6654,.T.);
#6654 = EDGE_LOOP('',(#6655,#6656,#6664,#6670));
#6655 = ORIENTED_EDGE('',*,*,#6635,.F.);
#6656 = ORIENTED_EDGE('',*,*,#6657,.F.);
#6657 = EDGE_CURVE('',#6658,#6626,#6660,.T.);
#6658 = VERTEX_POINT('',#6659);
#6659 = CARTESIAN_POINT('',(19.237344,-28.787358,4.586157));
#6660 = LINE('',#6661,#6662);
#6661 = CARTESIAN_POINT('',(19.237344,-28.787358,4.586157));
#6662 = VECTOR('',#6663,1.);
#6663 = DIRECTION('',(0.,-1.224646799147E-16,-1.));
#6664 = ORIENTED_EDGE('',*,*,#6665,.T.);
#6665 = EDGE_CURVE('',#6658,#5134,#6666,.T.);
#6666 = LINE('',#6667,#6668);
#6667 = CARTESIAN_POINT('',(19.237344,-27.687358,4.586157));
#6668 = VECTOR('',#6669,1.);
#6669 = DIRECTION('',(0.,-1.,1.224646799147E-16));
#6670 = ORIENTED_EDGE('',*,*,#5141,.F.);
#6671 = PLANE('',#6672);
#6672 = AXIS2_PLACEMENT_3D('',#6673,#6674,#6675);
#6673 = CARTESIAN_POINT('',(19.237344,-27.687358,4.586157));
#6674 = DIRECTION('',(1.,0.,0.));
#6675 = DIRECTION('',(0.,-1.224646799147E-16,-1.));
#6676 = ADVANCED_FACE('',(#6677),#6695,.F.);
#6677 = FACE_BOUND('',#6678,.F.);
#6678 = EDGE_LOOP('',(#6679,#6687,#6693,#6694));
#6679 = ORIENTED_EDGE('',*,*,#6680,.F.);
#6680 = EDGE_CURVE('',#6681,#5126,#6683,.T.);
#6681 = VERTEX_POINT('',#6682);
#6682 = CARTESIAN_POINT('',(-3.975,-28.787358,4.586157));
#6683 = LINE('',#6684,#6685);
#6684 = CARTESIAN_POINT('',(-3.975,-27.687358,4.586157));
#6685 = VECTOR('',#6686,1.);
#6686 = DIRECTION('',(0.,-1.,1.224646799147E-16));
#6687 = ORIENTED_EDGE('',*,*,#6688,.T.);
#6688 = EDGE_CURVE('',#6681,#6658,#6689,.T.);
#6689 = LINE('',#6690,#6691);
#6690 = CARTESIAN_POINT('',(-3.975,-28.787358,4.586157));
#6691 = VECTOR('',#6692,1.);
#6692 = DIRECTION('',(1.,0.,0.));
#6693 = ORIENTED_EDGE('',*,*,#6665,.T.);
#6694 = ORIENTED_EDGE('',*,*,#5133,.F.);
#6695 = PLANE('',#6696);
#6696 = AXIS2_PLACEMENT_3D('',#6697,#6698,#6699);
#6697 = CARTESIAN_POINT('',(-3.975,-27.687358,4.586157));
#6698 = DIRECTION('',(0.,-1.224646799147E-16,-1.));
#6699 = DIRECTION('',(1.,0.,0.));
#6700 = ADVANCED_FACE('',(#6701),#6719,.F.);
#6701 = FACE_BOUND('',#6702,.F.);
#6702 = EDGE_LOOP('',(#6703,#6711,#6717,#6718));
#6703 = ORIENTED_EDGE('',*,*,#6704,.F.);
#6704 = EDGE_CURVE('',#6705,#5118,#6707,.T.);
#6705 = VERTEX_POINT('',#6706);
#6706 = CARTESIAN_POINT('',(-3.975,-28.787358,2.586157));
#6707 = LINE('',#6708,#6709);
#6708 = CARTESIAN_POINT('',(-3.975,-27.687358,2.586157));
#6709 = VECTOR('',#6710,1.);
#6710 = DIRECTION('',(0.,-1.,1.224646799147E-16));
#6711 = ORIENTED_EDGE('',*,*,#6712,.F.);
#6712 = EDGE_CURVE('',#6681,#6705,#6713,.T.);
#6713 = LINE('',#6714,#6715);
#6714 = CARTESIAN_POINT('',(-3.975,-28.787358,4.586157));
#6715 = VECTOR('',#6716,1.);
#6716 = DIRECTION('',(0.,-1.224646799147E-16,-1.));
#6717 = ORIENTED_EDGE('',*,*,#6680,.T.);
#6718 = ORIENTED_EDGE('',*,*,#5125,.F.);
#6719 = PLANE('',#6720);
#6720 = AXIS2_PLACEMENT_3D('',#6721,#6722,#6723);
#6721 = CARTESIAN_POINT('',(-3.975,-27.687358,4.586157));
#6722 = DIRECTION('',(1.,0.,0.));
#6723 = DIRECTION('',(0.,-1.224646799147E-16,-1.));
#6724 = ADVANCED_FACE('',(#6725),#6743,.F.);
#6725 = FACE_BOUND('',#6726,.F.);
#6726 = EDGE_LOOP('',(#6727,#6735,#6736,#6737));
#6727 = ORIENTED_EDGE('',*,*,#6728,.F.);
#6728 = EDGE_CURVE('',#6705,#6729,#6731,.T.);
#6729 = VERTEX_POINT('',#6730);
#6730 = CARTESIAN_POINT('',(-3.975,-28.787358,0.));
#6731 = LINE('',#6732,#6733);
#6732 = CARTESIAN_POINT('',(-3.975,-28.787358,4.586157));
#6733 = VECTOR('',#6734,1.);
#6734 = DIRECTION('',(0.,-1.224646799147E-16,-1.));
#6735 = ORIENTED_EDGE('',*,*,#6704,.T.);
#6736 = ORIENTED_EDGE('',*,*,#5117,.F.);
#6737 = ORIENTED_EDGE('',*,*,#6738,.F.);
#6738 = EDGE_CURVE('',#6729,#5014,#6739,.T.);
#6739 = LINE('',#6740,#6741);
#6740 = CARTESIAN_POINT('',(-3.975,-28.787358,3.552713678801E-15));
#6741 = VECTOR('',#6742,1.);
#6742 = DIRECTION('',(0.,-1.,1.224646799147E-16));
#6743 = PLANE('',#6744);
#6744 = AXIS2_PLACEMENT_3D('',#6745,#6746,#6747);
#6745 = CARTESIAN_POINT('',(-3.975,-28.787358,4.586157));
#6746 = DIRECTION('',(1.,0.,0.));
#6747 = DIRECTION('',(0.,-1.224646799147E-16,-1.));
#6748 = ADVANCED_FACE('',(#6749),#6774,.T.);
#6749 = FACE_BOUND('',#6750,.T.);
#6750 = EDGE_LOOP('',(#6751,#6761,#6767,#6768));
#6751 = ORIENTED_EDGE('',*,*,#6752,.F.);
#6752 = EDGE_CURVE('',#6753,#6755,#6757,.T.);
#6753 = VERTEX_POINT('',#6754);
#6754 = CARTESIAN_POINT('',(-14.833,-28.787358,2.586157));
#6755 = VERTEX_POINT('',#6756);
#6756 = CARTESIAN_POINT('',(-14.833,-28.787358,0.));
#6757 = LINE('',#6758,#6759);
#6758 = CARTESIAN_POINT('',(-14.833,-28.787358,4.586157));
#6759 = VECTOR('',#6760,1.);
#6760 = DIRECTION('',(0.,-1.224646799147E-16,-1.));
#6761 = ORIENTED_EDGE('',*,*,#6762,.T.);
#6762 = EDGE_CURVE('',#6753,#5103,#6763,.T.);
#6763 = LINE('',#6764,#6765);
#6764 = CARTESIAN_POINT('',(-14.833,-27.687358,2.586157));
#6765 = VECTOR('',#6766,1.);
#6766 = DIRECTION('',(0.,-1.,1.224646799147E-16));
#6767 = ORIENTED_EDGE('',*,*,#5110,.F.);
#6768 = ORIENTED_EDGE('',*,*,#6769,.F.);
#6769 = EDGE_CURVE('',#6755,#5006,#6770,.T.);
#6770 = LINE('',#6771,#6772);
#6771 = CARTESIAN_POINT('',(-14.833,-28.787358,3.552713678801E-15));
#6772 = VECTOR('',#6773,1.);
#6773 = DIRECTION('',(0.,-1.,1.224646799147E-16));
#6774 = PLANE('',#6775);
#6775 = AXIS2_PLACEMENT_3D('',#6776,#6777,#6778);
#6776 = CARTESIAN_POINT('',(-14.833,-28.787358,4.586157));
#6777 = DIRECTION('',(1.,0.,0.));
#6778 = DIRECTION('',(0.,-1.224646799147E-16,-1.));
#6779 = ADVANCED_FACE('',(#6780),#6798,.T.);
#6780 = FACE_BOUND('',#6781,.T.);
#6781 = EDGE_LOOP('',(#6782,#6783,#6791,#6797));
#6782 = ORIENTED_EDGE('',*,*,#6762,.F.);
#6783 = ORIENTED_EDGE('',*,*,#6784,.F.);
#6784 = EDGE_CURVE('',#6785,#6753,#6787,.T.);
#6785 = VERTEX_POINT('',#6786);
#6786 = CARTESIAN_POINT('',(-14.833,-28.787358,4.586157));
#6787 = LINE('',#6788,#6789);
#6788 = CARTESIAN_POINT('',(-14.833,-28.787358,4.586157));
#6789 = VECTOR('',#6790,1.);
#6790 = DIRECTION('',(0.,-1.224646799147E-16,-1.));
#6791 = ORIENTED_EDGE('',*,*,#6792,.T.);
#6792 = EDGE_CURVE('',#6785,#5095,#6793,.T.);
#6793 = LINE('',#6794,#6795);
#6794 = CARTESIAN_POINT('',(-14.833,-27.687358,4.586157));
#6795 = VECTOR('',#6796,1.);
#6796 = DIRECTION('',(0.,-1.,1.224646799147E-16));
#6797 = ORIENTED_EDGE('',*,*,#5102,.F.);
#6798 = PLANE('',#6799);
#6799 = AXIS2_PLACEMENT_3D('',#6800,#6801,#6802);
#6800 = CARTESIAN_POINT('',(-14.833,-27.687358,4.586157));
#6801 = DIRECTION('',(1.,0.,0.));
#6802 = DIRECTION('',(0.,-1.224646799147E-16,-1.));
#6803 = ADVANCED_FACE('',(#6804),#6822,.F.);
#6804 = FACE_BOUND('',#6805,.F.);
#6805 = EDGE_LOOP('',(#6806,#6814,#6820,#6821));
#6806 = ORIENTED_EDGE('',*,*,#6807,.F.);
#6807 = EDGE_CURVE('',#6808,#5087,#6810,.T.);
#6808 = VERTEX_POINT('',#6809);
#6809 = CARTESIAN_POINT('',(-19.237344,-28.787358,4.586157));
#6810 = LINE('',#6811,#6812);
#6811 = CARTESIAN_POINT('',(-19.237344,-27.687358,4.586157));
#6812 = VECTOR('',#6813,1.);
#6813 = DIRECTION('',(0.,-1.,1.224646799147E-16));
#6814 = ORIENTED_EDGE('',*,*,#6815,.T.);
#6815 = EDGE_CURVE('',#6808,#6785,#6816,.T.);
#6816 = LINE('',#6817,#6818);
#6817 = CARTESIAN_POINT('',(-19.237344,-28.787358,4.586157));
#6818 = VECTOR('',#6819,1.);
#6819 = DIRECTION('',(1.,0.,0.));
#6820 = ORIENTED_EDGE('',*,*,#6792,.T.);
#6821 = ORIENTED_EDGE('',*,*,#5094,.F.);
#6822 = PLANE('',#6823);
#6823 = AXIS2_PLACEMENT_3D('',#6824,#6825,#6826);
#6824 = CARTESIAN_POINT('',(-19.237344,-27.687358,4.586157));
#6825 = DIRECTION('',(0.,-1.224646799147E-16,-1.));
#6826 = DIRECTION('',(1.,0.,0.));
#6827 = ADVANCED_FACE('',(#6828),#6846,.F.);
#6828 = FACE_BOUND('',#6829,.F.);
#6829 = EDGE_LOOP('',(#6830,#6838,#6844,#6845));
#6830 = ORIENTED_EDGE('',*,*,#6831,.F.);
#6831 = EDGE_CURVE('',#6832,#5079,#6834,.T.);
#6832 = VERTEX_POINT('',#6833);
#6833 = CARTESIAN_POINT('',(-19.237344,-28.787358,2.586157));
#6834 = LINE('',#6835,#6836);
#6835 = CARTESIAN_POINT('',(-19.237344,-27.687358,2.586157));
#6836 = VECTOR('',#6837,1.);
#6837 = DIRECTION('',(0.,-1.,1.224646799147E-16));
#6838 = ORIENTED_EDGE('',*,*,#6839,.F.);
#6839 = EDGE_CURVE('',#6808,#6832,#6840,.T.);
#6840 = LINE('',#6841,#6842);
#6841 = CARTESIAN_POINT('',(-19.237344,-28.787358,4.586157));
#6842 = VECTOR('',#6843,1.);
#6843 = DIRECTION('',(0.,-1.224646799147E-16,-1.));
#6844 = ORIENTED_EDGE('',*,*,#6807,.T.);
#6845 = ORIENTED_EDGE('',*,*,#5086,.F.);
#6846 = PLANE('',#6847);
#6847 = AXIS2_PLACEMENT_3D('',#6848,#6849,#6850);
#6848 = CARTESIAN_POINT('',(-19.237344,-27.687358,4.586157));
#6849 = DIRECTION('',(1.,0.,0.));
#6850 = DIRECTION('',(0.,-1.224646799147E-16,-1.));
#6851 = ADVANCED_FACE('',(#6852),#6870,.F.);
#6852 = FACE_BOUND('',#6853,.F.);
#6853 = EDGE_LOOP('',(#6854,#6862,#6863,#6864));
#6854 = ORIENTED_EDGE('',*,*,#6855,.F.);
#6855 = EDGE_CURVE('',#6832,#6856,#6858,.T.);
#6856 = VERTEX_POINT('',#6857);
#6857 = CARTESIAN_POINT('',(-19.237344,-28.787358,0.));
#6858 = LINE('',#6859,#6860);
#6859 = CARTESIAN_POINT('',(-19.237344,-28.787358,4.586157));
#6860 = VECTOR('',#6861,1.);
#6861 = DIRECTION('',(0.,-1.224646799147E-16,-1.));
#6862 = ORIENTED_EDGE('',*,*,#6831,.T.);
#6863 = ORIENTED_EDGE('',*,*,#5078,.F.);
#6864 = ORIENTED_EDGE('',*,*,#6865,.F.);
#6865 = EDGE_CURVE('',#6856,#4982,#6866,.T.);
#6866 = LINE('',#6867,#6868);
#6867 = CARTESIAN_POINT('',(-19.237344,-28.787358,3.552713678801E-15));
#6868 = VECTOR('',#6869,1.);
#6869 = DIRECTION('',(0.,-1.,1.224646799147E-16));
#6870 = PLANE('',#6871);
#6871 = AXIS2_PLACEMENT_3D('',#6872,#6873,#6874);
#6872 = CARTESIAN_POINT('',(-19.237344,-28.787358,4.586157));
#6873 = DIRECTION('',(1.,0.,0.));
#6874 = DIRECTION('',(0.,-1.224646799147E-16,-1.));
#6875 = ADVANCED_FACE('',(#6876),#6887,.T.);
#6876 = FACE_BOUND('',#6877,.T.);
#6877 = EDGE_LOOP('',(#6878,#6884,#6885,#6886));
#6878 = ORIENTED_EDGE('',*,*,#6879,.T.);
#6879 = EDGE_CURVE('',#5166,#5246,#6880,.T.);
#6880 = LINE('',#6881,#6882);
#6881 = CARTESIAN_POINT('',(13.802,28.787358,2.586157));
#6882 = VECTOR('',#6883,1.);
#6883 = DIRECTION('',(-1.,-0.,0.));
#6884 = ORIENTED_EDGE('',*,*,#5269,.T.);
#6885 = ORIENTED_EDGE('',*,*,#5582,.T.);
#6886 = ORIENTED_EDGE('',*,*,#5173,.F.);
#6887 = PLANE('',#6888);
#6888 = AXIS2_PLACEMENT_3D('',#6889,#6890,#6891);
#6889 = CARTESIAN_POINT('',(13.802,28.787358,4.586157));
#6890 = DIRECTION('',(0.,-1.,1.224646799147E-16));
#6891 = DIRECTION('',(0.,-1.224646799147E-16,-1.));
#6892 = ADVANCED_FACE('',(#6893),#6918,.T.);
#6893 = FACE_BOUND('',#6894,.T.);
#6894 = EDGE_LOOP('',(#6895,#6896,#6904,#6912));
#6895 = ORIENTED_EDGE('',*,*,#5204,.F.);
#6896 = ORIENTED_EDGE('',*,*,#6897,.T.);
#6897 = EDGE_CURVE('',#5197,#6898,#6900,.T.);
#6898 = VERTEX_POINT('',#6899);
#6899 = CARTESIAN_POINT('',(19.237344,27.687358,4.586157));
#6900 = LINE('',#6901,#6902);
#6901 = CARTESIAN_POINT('',(19.237344,32.387358,4.586157));
#6902 = VECTOR('',#6903,1.);
#6903 = DIRECTION('',(0.,-1.,1.224646799147E-16));
#6904 = ORIENTED_EDGE('',*,*,#6905,.T.);
#6905 = EDGE_CURVE('',#6898,#6906,#6908,.T.);
#6906 = VERTEX_POINT('',#6907);
#6907 = CARTESIAN_POINT('',(19.237344,27.687358,2.586157));
#6908 = LINE('',#6909,#6910);
#6909 = CARTESIAN_POINT('',(19.237344,27.687358,4.586157));
#6910 = VECTOR('',#6911,1.);
#6911 = DIRECTION('',(0.,-1.224646799147E-16,-1.));
#6912 = ORIENTED_EDGE('',*,*,#6913,.F.);
#6913 = EDGE_CURVE('',#5166,#6906,#6914,.T.);
#6914 = LINE('',#6915,#6916);
#6915 = CARTESIAN_POINT('',(19.237344,32.387358,2.586157));
#6916 = VECTOR('',#6917,1.);
#6917 = DIRECTION('',(0.,-1.,1.224646799147E-16));
#6918 = PLANE('',#6919);
#6919 = AXIS2_PLACEMENT_3D('',#6920,#6921,#6922);
#6920 = CARTESIAN_POINT('',(19.237344,32.387358,4.586157));
#6921 = DIRECTION('',(1.,0.,0.));
#6922 = DIRECTION('',(0.,-1.224646799147E-16,-1.));
#6923 = ADVANCED_FACE('',(#6924),#6942,.F.);
#6924 = FACE_BOUND('',#6925,.F.);
#6925 = EDGE_LOOP('',(#6926,#6934,#6935,#6936));
#6926 = ORIENTED_EDGE('',*,*,#6927,.F.);
#6927 = EDGE_CURVE('',#5220,#6928,#6930,.T.);
#6928 = VERTEX_POINT('',#6929);
#6929 = CARTESIAN_POINT('',(13.802,27.687358,4.586157));
#6930 = LINE('',#6931,#6932);
#6931 = CARTESIAN_POINT('',(13.802,32.387358,4.586157));
#6932 = VECTOR('',#6933,1.);
#6933 = DIRECTION('',(0.,-1.,1.224646799147E-16));
#6934 = ORIENTED_EDGE('',*,*,#5219,.T.);
#6935 = ORIENTED_EDGE('',*,*,#6897,.T.);
#6936 = ORIENTED_EDGE('',*,*,#6937,.F.);
#6937 = EDGE_CURVE('',#6928,#6898,#6938,.T.);
#6938 = LINE('',#6939,#6940);
#6939 = CARTESIAN_POINT('',(13.802,27.687358,4.586157));
#6940 = VECTOR('',#6941,1.);
#6941 = DIRECTION('',(1.,0.,0.));
#6942 = PLANE('',#6943);
#6943 = AXIS2_PLACEMENT_3D('',#6944,#6945,#6946);
#6944 = CARTESIAN_POINT('',(13.802,32.387358,4.586157));
#6945 = DIRECTION('',(0.,-1.224646799147E-16,-1.));
#6946 = DIRECTION('',(1.,0.,0.));
#6947 = ADVANCED_FACE('',(#6948),#6966,.F.);
#6948 = FACE_BOUND('',#6949,.F.);
#6949 = EDGE_LOOP('',(#6950,#6951,#6952,#6960));
#6950 = ORIENTED_EDGE('',*,*,#5245,.F.);
#6951 = ORIENTED_EDGE('',*,*,#6927,.T.);
#6952 = ORIENTED_EDGE('',*,*,#6953,.T.);
#6953 = EDGE_CURVE('',#6928,#6954,#6956,.T.);
#6954 = VERTEX_POINT('',#6955);
#6955 = CARTESIAN_POINT('',(13.802,27.687358,2.586157));
#6956 = LINE('',#6957,#6958);
#6957 = CARTESIAN_POINT('',(13.802,27.687358,4.586157));
#6958 = VECTOR('',#6959,1.);
#6959 = DIRECTION('',(0.,-1.224646799147E-16,-1.));
#6960 = ORIENTED_EDGE('',*,*,#6961,.F.);
#6961 = EDGE_CURVE('',#5246,#6954,#6962,.T.);
#6962 = LINE('',#6963,#6964);
#6963 = CARTESIAN_POINT('',(13.802,32.387358,2.586157));
#6964 = VECTOR('',#6965,1.);
#6965 = DIRECTION('',(0.,-1.,1.224646799147E-16));
#6966 = PLANE('',#6967);
#6967 = AXIS2_PLACEMENT_3D('',#6968,#6969,#6970);
#6968 = CARTESIAN_POINT('',(13.802,32.387358,4.586157));
#6969 = DIRECTION('',(1.,0.,0.));
#6970 = DIRECTION('',(0.,-1.224646799147E-16,-1.));
#6971 = ADVANCED_FACE('',(#6972),#6983,.T.);
#6972 = FACE_BOUND('',#6973,.T.);
#6973 = EDGE_LOOP('',(#6974,#6980,#6981,#6982));
#6974 = ORIENTED_EDGE('',*,*,#6975,.T.);
#6975 = EDGE_CURVE('',#5293,#5373,#6976,.T.);
#6976 = LINE('',#6977,#6978);
#6977 = CARTESIAN_POINT('',(6.775,28.787358,2.586157));
#6978 = VECTOR('',#6979,1.);
#6979 = DIRECTION('',(-1.,-0.,0.));
#6980 = ORIENTED_EDGE('',*,*,#5396,.T.);
#6981 = ORIENTED_EDGE('',*,*,#5565,.T.);
#6982 = ORIENTED_EDGE('',*,*,#5300,.F.);
#6983 = PLANE('',#6984);
#6984 = AXIS2_PLACEMENT_3D('',#6985,#6986,#6987);
#6985 = CARTESIAN_POINT('',(6.775,28.787358,4.586157));
#6986 = DIRECTION('',(0.,-1.,1.224646799147E-16));
#6987 = DIRECTION('',(0.,-1.224646799147E-16,-1.));
#6988 = ADVANCED_FACE('',(#6989),#7014,.T.);
#6989 = FACE_BOUND('',#6990,.T.);
#6990 = EDGE_LOOP('',(#6991,#6992,#7000,#7008));
#6991 = ORIENTED_EDGE('',*,*,#5331,.F.);
#6992 = ORIENTED_EDGE('',*,*,#6993,.T.);
#6993 = EDGE_CURVE('',#5324,#6994,#6996,.T.);
#6994 = VERTEX_POINT('',#6995);
#6995 = CARTESIAN_POINT('',(11.802,27.687358,4.586157));
#6996 = LINE('',#6997,#6998);
#6997 = CARTESIAN_POINT('',(11.802,32.387358,4.586157));
#6998 = VECTOR('',#6999,1.);
#6999 = DIRECTION('',(0.,-1.,1.224646799147E-16));
#7000 = ORIENTED_EDGE('',*,*,#7001,.T.);
#7001 = EDGE_CURVE('',#6994,#7002,#7004,.T.);
#7002 = VERTEX_POINT('',#7003);
#7003 = CARTESIAN_POINT('',(11.802,27.687358,2.586157));
#7004 = LINE('',#7005,#7006);
#7005 = CARTESIAN_POINT('',(11.802,27.687358,4.586157));
#7006 = VECTOR('',#7007,1.);
#7007 = DIRECTION('',(0.,-1.224646799147E-16,-1.));
#7008 = ORIENTED_EDGE('',*,*,#7009,.F.);
#7009 = EDGE_CURVE('',#5293,#7002,#7010,.T.);
#7010 = LINE('',#7011,#7012);
#7011 = CARTESIAN_POINT('',(11.802,32.387358,2.586157));
#7012 = VECTOR('',#7013,1.);
#7013 = DIRECTION('',(0.,-1.,1.224646799147E-16));
#7014 = PLANE('',#7015);
#7015 = AXIS2_PLACEMENT_3D('',#7016,#7017,#7018);
#7016 = CARTESIAN_POINT('',(11.802,32.387358,4.586157));
#7017 = DIRECTION('',(1.,0.,0.));
#7018 = DIRECTION('',(0.,-1.224646799147E-16,-1.));
#7019 = ADVANCED_FACE('',(#7020),#7038,.F.);
#7020 = FACE_BOUND('',#7021,.F.);
#7021 = EDGE_LOOP('',(#7022,#7030,#7031,#7032));
#7022 = ORIENTED_EDGE('',*,*,#7023,.F.);
#7023 = EDGE_CURVE('',#5347,#7024,#7026,.T.);
#7024 = VERTEX_POINT('',#7025);
#7025 = CARTESIAN_POINT('',(6.775,27.687358,4.586157));
#7026 = LINE('',#7027,#7028);
#7027 = CARTESIAN_POINT('',(6.775,32.387358,4.586157));
#7028 = VECTOR('',#7029,1.);
#7029 = DIRECTION('',(0.,-1.,1.224646799147E-16));
#7030 = ORIENTED_EDGE('',*,*,#5346,.T.);
#7031 = ORIENTED_EDGE('',*,*,#6993,.T.);
#7032 = ORIENTED_EDGE('',*,*,#7033,.F.);
#7033 = EDGE_CURVE('',#7024,#6994,#7034,.T.);
#7034 = LINE('',#7035,#7036);
#7035 = CARTESIAN_POINT('',(6.775,27.687358,4.586157));
#7036 = VECTOR('',#7037,1.);
#7037 = DIRECTION('',(1.,0.,0.));
#7038 = PLANE('',#7039);
#7039 = AXIS2_PLACEMENT_3D('',#7040,#7041,#7042);
#7040 = CARTESIAN_POINT('',(6.775,32.387358,4.586157));
#7041 = DIRECTION('',(0.,-1.224646799147E-16,-1.));
#7042 = DIRECTION('',(1.,0.,0.));
#7043 = ADVANCED_FACE('',(#7044),#7062,.F.);
#7044 = FACE_BOUND('',#7045,.F.);
#7045 = EDGE_LOOP('',(#7046,#7047,#7048,#7056));
#7046 = ORIENTED_EDGE('',*,*,#5372,.F.);
#7047 = ORIENTED_EDGE('',*,*,#7023,.T.);
#7048 = ORIENTED_EDGE('',*,*,#7049,.T.);
#7049 = EDGE_CURVE('',#7024,#7050,#7052,.T.);
#7050 = VERTEX_POINT('',#7051);
#7051 = CARTESIAN_POINT('',(6.775,27.687358,2.586157));
#7052 = LINE('',#7053,#7054);
#7053 = CARTESIAN_POINT('',(6.775,27.687358,4.586157));
#7054 = VECTOR('',#7055,1.);
#7055 = DIRECTION('',(0.,-1.224646799147E-16,-1.));
#7056 = ORIENTED_EDGE('',*,*,#7057,.F.);
#7057 = EDGE_CURVE('',#5373,#7050,#7058,.T.);
#7058 = LINE('',#7059,#7060);
#7059 = CARTESIAN_POINT('',(6.775,32.387358,2.586157));
#7060 = VECTOR('',#7061,1.);
#7061 = DIRECTION('',(0.,-1.,1.224646799147E-16));
#7062 = PLANE('',#7063);
#7063 = AXIS2_PLACEMENT_3D('',#7064,#7065,#7066);
#7064 = CARTESIAN_POINT('',(6.775,32.387358,4.586157));
#7065 = DIRECTION('',(1.,0.,0.));
#7066 = DIRECTION('',(0.,-1.224646799147E-16,-1.));
#7067 = ADVANCED_FACE('',(#7068),#7079,.T.);
#7068 = FACE_BOUND('',#7069,.T.);
#7069 = EDGE_LOOP('',(#7070,#7076,#7077,#7078));
#7070 = ORIENTED_EDGE('',*,*,#7071,.T.);
#7071 = EDGE_CURVE('',#5420,#5500,#7072,.T.);
#7072 = LINE('',#7073,#7074);
#7073 = CARTESIAN_POINT('',(-19.237344,28.787358,2.586157));
#7074 = VECTOR('',#7075,1.);
#7075 = DIRECTION('',(-1.,-0.,0.));
#7076 = ORIENTED_EDGE('',*,*,#5523,.T.);
#7077 = ORIENTED_EDGE('',*,*,#5548,.T.);
#7078 = ORIENTED_EDGE('',*,*,#5427,.F.);
#7079 = PLANE('',#7080);
#7080 = AXIS2_PLACEMENT_3D('',#7081,#7082,#7083);
#7081 = CARTESIAN_POINT('',(-19.237344,28.787358,4.586157));
#7082 = DIRECTION('',(0.,-1.,1.224646799147E-16));
#7083 = DIRECTION('',(0.,-1.224646799147E-16,-1.));
#7084 = ADVANCED_FACE('',(#7085),#7110,.T.);
#7085 = FACE_BOUND('',#7086,.T.);
#7086 = EDGE_LOOP('',(#7087,#7088,#7096,#7104));
#7087 = ORIENTED_EDGE('',*,*,#5458,.F.);
#7088 = ORIENTED_EDGE('',*,*,#7089,.T.);
#7089 = EDGE_CURVE('',#5451,#7090,#7092,.T.);
#7090 = VERTEX_POINT('',#7091);
#7091 = CARTESIAN_POINT('',(-6.825,27.687358,4.586157));
#7092 = LINE('',#7093,#7094);
#7093 = CARTESIAN_POINT('',(-6.825,32.387358,4.586157));
#7094 = VECTOR('',#7095,1.);
#7095 = DIRECTION('',(0.,-1.,1.224646799147E-16));
#7096 = ORIENTED_EDGE('',*,*,#7097,.T.);
#7097 = EDGE_CURVE('',#7090,#7098,#7100,.T.);
#7098 = VERTEX_POINT('',#7099);
#7099 = CARTESIAN_POINT('',(-6.825,27.687358,2.586157));
#7100 = LINE('',#7101,#7102);
#7101 = CARTESIAN_POINT('',(-6.825,27.687358,4.586157));
#7102 = VECTOR('',#7103,1.);
#7103 = DIRECTION('',(0.,-1.224646799147E-16,-1.));
#7104 = ORIENTED_EDGE('',*,*,#7105,.F.);
#7105 = EDGE_CURVE('',#5420,#7098,#7106,.T.);
#7106 = LINE('',#7107,#7108);
#7107 = CARTESIAN_POINT('',(-6.825,32.387358,2.586157));
#7108 = VECTOR('',#7109,1.);
#7109 = DIRECTION('',(0.,-1.,1.224646799147E-16));
#7110 = PLANE('',#7111);
#7111 = AXIS2_PLACEMENT_3D('',#7112,#7113,#7114);
#7112 = CARTESIAN_POINT('',(-6.825,32.387358,4.586157));
#7113 = DIRECTION('',(1.,0.,0.));
#7114 = DIRECTION('',(0.,-1.224646799147E-16,-1.));
#7115 = ADVANCED_FACE('',(#7116),#7134,.F.);
#7116 = FACE_BOUND('',#7117,.F.);
#7117 = EDGE_LOOP('',(#7118,#7126,#7127,#7128));
#7118 = ORIENTED_EDGE('',*,*,#7119,.F.);
#7119 = EDGE_CURVE('',#5474,#7120,#7122,.T.);
#7120 = VERTEX_POINT('',#7121);
#7121 = CARTESIAN_POINT('',(-19.237344,27.687358,4.586157));
#7122 = LINE('',#7123,#7124);
#7123 = CARTESIAN_POINT('',(-19.237344,32.387358,4.586157));
#7124 = VECTOR('',#7125,1.);
#7125 = DIRECTION('',(0.,-1.,1.224646799147E-16));
#7126 = ORIENTED_EDGE('',*,*,#5473,.T.);
#7127 = ORIENTED_EDGE('',*,*,#7089,.T.);
#7128 = ORIENTED_EDGE('',*,*,#7129,.F.);
#7129 = EDGE_CURVE('',#7120,#7090,#7130,.T.);
#7130 = LINE('',#7131,#7132);
#7131 = CARTESIAN_POINT('',(-19.237344,27.687358,4.586157));
#7132 = VECTOR('',#7133,1.);
#7133 = DIRECTION('',(1.,0.,0.));
#7134 = PLANE('',#7135);
#7135 = AXIS2_PLACEMENT_3D('',#7136,#7137,#7138);
#7136 = CARTESIAN_POINT('',(-19.237344,32.387358,4.586157));
#7137 = DIRECTION('',(0.,-1.224646799147E-16,-1.));
#7138 = DIRECTION('',(1.,0.,0.));
#7139 = ADVANCED_FACE('',(#7140),#7158,.F.);
#7140 = FACE_BOUND('',#7141,.F.);
#7141 = EDGE_LOOP('',(#7142,#7143,#7144,#7152));
#7142 = ORIENTED_EDGE('',*,*,#5499,.F.);
#7143 = ORIENTED_EDGE('',*,*,#7119,.T.);
#7144 = ORIENTED_EDGE('',*,*,#7145,.T.);
#7145 = EDGE_CURVE('',#7120,#7146,#7148,.T.);
#7146 = VERTEX_POINT('',#7147);
#7147 = CARTESIAN_POINT('',(-19.237344,27.687358,2.586157));
#7148 = LINE('',#7149,#7150);
#7149 = CARTESIAN_POINT('',(-19.237344,27.687358,4.586157));
#7150 = VECTOR('',#7151,1.);
#7151 = DIRECTION('',(0.,-1.224646799147E-16,-1.));
#7152 = ORIENTED_EDGE('',*,*,#7153,.F.);
#7153 = EDGE_CURVE('',#5500,#7146,#7154,.T.);
#7154 = LINE('',#7155,#7156);
#7155 = CARTESIAN_POINT('',(-19.237344,32.387358,2.586157));
#7156 = VECTOR('',#7157,1.);
#7157 = DIRECTION('',(0.,-1.,1.224646799147E-16));
#7158 = PLANE('',#7159);
#7159 = AXIS2_PLACEMENT_3D('',#7160,#7161,#7162);
#7160 = CARTESIAN_POINT('',(-19.237344,32.387358,4.586157));
#7161 = DIRECTION('',(1.,0.,0.));
#7162 = DIRECTION('',(0.,-1.224646799147E-16,-1.));
#7163 = ADVANCED_FACE('',(#7164),#7182,.F.);
#7164 = FACE_BOUND('',#7165,.F.);
#7165 = EDGE_LOOP('',(#7166,#7167,#7168,#7176));
#7166 = ORIENTED_EDGE('',*,*,#5699,.F.);
#7167 = ORIENTED_EDGE('',*,*,#5604,.F.);
#7168 = ORIENTED_EDGE('',*,*,#7169,.T.);
#7169 = EDGE_CURVE('',#5597,#7170,#7172,.T.);
#7170 = VERTEX_POINT('',#7171);
#7171 = CARTESIAN_POINT('',(22.537344,14.161016,2.586157));
#7172 = LINE('',#7173,#7174);
#7173 = CARTESIAN_POINT('',(22.537344,25.487358,2.586157));
#7174 = VECTOR('',#7175,1.);
#7175 = DIRECTION('',(0.,-1.,1.224646799147E-16));
#7176 = ORIENTED_EDGE('',*,*,#7177,.T.);
#7177 = EDGE_CURVE('',#7170,#5700,#7178,.T.);
#7178 = LINE('',#7179,#7180);
#7179 = CARTESIAN_POINT('',(22.537344,14.161016,5.5980785));
#7180 = VECTOR('',#7181,1.);
#7181 = DIRECTION('',(0.,-1.224646799147E-16,-1.));
#7182 = PLANE('',#7183);
#7183 = AXIS2_PLACEMENT_3D('',#7184,#7185,#7186);
#7184 = CARTESIAN_POINT('',(22.537344,25.487358,4.586157));
#7185 = DIRECTION('',(1.,0.,0.));
#7186 = DIRECTION('',(0.,-1.224646799147E-16,-1.));
#7187 = ADVANCED_FACE('',(#7188),#7213,.F.);
#7188 = FACE_BOUND('',#7189,.F.);
#7189 = EDGE_LOOP('',(#7190,#7198,#7206,#7212));
#7190 = ORIENTED_EDGE('',*,*,#7191,.F.);
#7191 = EDGE_CURVE('',#7192,#5628,#7194,.T.);
#7192 = VERTEX_POINT('',#7193);
#7193 = CARTESIAN_POINT('',(21.437344,25.487358,4.586157));
#7194 = LINE('',#7195,#7196);
#7195 = CARTESIAN_POINT('',(21.437344,25.487358,4.586157));
#7196 = VECTOR('',#7197,1.);
#7197 = DIRECTION('',(1.,0.,0.));
#7198 = ORIENTED_EDGE('',*,*,#7199,.T.);
#7199 = EDGE_CURVE('',#7192,#7200,#7202,.T.);
#7200 = VERTEX_POINT('',#7201);
#7201 = CARTESIAN_POINT('',(21.437344,25.487358,2.586157));
#7202 = LINE('',#7203,#7204);
#7203 = CARTESIAN_POINT('',(21.437344,25.487358,4.586157));
#7204 = VECTOR('',#7205,1.);
#7205 = DIRECTION('',(0.,-1.224646799147E-16,-1.));
#7206 = ORIENTED_EDGE('',*,*,#7207,.T.);
#7207 = EDGE_CURVE('',#7200,#5597,#7208,.T.);
#7208 = LINE('',#7209,#7210);
#7209 = CARTESIAN_POINT('',(21.437344,25.487358,2.586157));
#7210 = VECTOR('',#7211,1.);
#7211 = DIRECTION('',(1.,0.,0.));
#7212 = ORIENTED_EDGE('',*,*,#5635,.F.);
#7213 = PLANE('',#7214);
#7214 = AXIS2_PLACEMENT_3D('',#7215,#7216,#7217);
#7215 = CARTESIAN_POINT('',(21.437344,25.487358,4.586157));
#7216 = DIRECTION('',(0.,-1.,1.224646799147E-16));
#7217 = DIRECTION('',(0.,-1.224646799147E-16,-1.));
#7218 = ADVANCED_FACE('',(#7219),#7237,.F.);
#7219 = FACE_BOUND('',#7220,.F.);
#7220 = EDGE_LOOP('',(#7221,#7229,#7230,#7231));
#7221 = ORIENTED_EDGE('',*,*,#7222,.F.);
#7222 = EDGE_CURVE('',#7192,#7223,#7225,.T.);
#7223 = VERTEX_POINT('',#7224);
#7224 = CARTESIAN_POINT('',(21.437344,14.161016,4.586157));
#7225 = LINE('',#7226,#7227);
#7226 = CARTESIAN_POINT('',(21.437344,25.487358,4.586157));
#7227 = VECTOR('',#7228,1.);
#7228 = DIRECTION('',(0.,-1.,1.224646799147E-16));
#7229 = ORIENTED_EDGE('',*,*,#7191,.T.);
#7230 = ORIENTED_EDGE('',*,*,#5651,.T.);
#7231 = ORIENTED_EDGE('',*,*,#7232,.T.);
#7232 = EDGE_CURVE('',#5652,#7223,#7233,.T.);
#7233 = LINE('',#7234,#7235);
#7234 = CARTESIAN_POINT('',(14.961938,14.161016,4.586157));
#7235 = VECTOR('',#7236,1.);
#7236 = DIRECTION('',(-1.,0.,-0.));
#7237 = PLANE('',#7238);
#7238 = AXIS2_PLACEMENT_3D('',#7239,#7240,#7241);
#7239 = CARTESIAN_POINT('',(21.437344,25.487358,4.586157));
#7240 = DIRECTION('',(0.,-1.224646799147E-16,-1.));
#7241 = DIRECTION('',(1.,0.,0.));
#7242 = ADVANCED_FACE('',(#7243),#7264,.T.);
#7243 = FACE_BOUND('',#7244,.T.);
#7244 = EDGE_LOOP('',(#7245,#7251,#7252,#7258));
#7245 = ORIENTED_EDGE('',*,*,#7246,.F.);
#7246 = EDGE_CURVE('',#2619,#5725,#7247,.T.);
#7247 = LINE('',#7248,#7249);
#7248 = CARTESIAN_POINT('',(24.637344,14.161016,6.61));
#7249 = VECTOR('',#7250,1.);
#7250 = DIRECTION('',(0.,-1.224646799147E-16,-1.));
#7251 = ORIENTED_EDGE('',*,*,#5661,.T.);
#7252 = ORIENTED_EDGE('',*,*,#7253,.T.);
#7253 = EDGE_CURVE('',#5652,#7170,#7254,.T.);
#7254 = LINE('',#7255,#7256);
#7255 = CARTESIAN_POINT('',(22.537344,14.161016,5.5980785));
#7256 = VECTOR('',#7257,1.);
#7257 = DIRECTION('',(0.,-1.224646799147E-16,-1.));
#7258 = ORIENTED_EDGE('',*,*,#7259,.F.);
#7259 = EDGE_CURVE('',#5725,#7170,#7260,.T.);
#7260 = LINE('',#7261,#7262);
#7261 = CARTESIAN_POINT('',(14.961938,14.161016,2.586157));
#7262 = VECTOR('',#7263,1.);
#7263 = DIRECTION('',(-1.,0.,-0.));
#7264 = PLANE('',#7265);
#7265 = AXIS2_PLACEMENT_3D('',#7266,#7267,#7268);
#7266 = CARTESIAN_POINT('',(8.486532,14.161016,6.61));
#7267 = DIRECTION('',(0.,-1.,1.224646799147E-16));
#7268 = DIRECTION('',(0.,-1.224646799147E-16,-1.));
#7269 = ADVANCED_FACE('',(#7270),#7281,.F.);
#7270 = FACE_BOUND('',#7271,.F.);
#7271 = EDGE_LOOP('',(#7272,#7273,#7274,#7275));
#7272 = ORIENTED_EDGE('',*,*,#5732,.F.);
#7273 = ORIENTED_EDGE('',*,*,#7246,.F.);
#7274 = ORIENTED_EDGE('',*,*,#5685,.T.);
#7275 = ORIENTED_EDGE('',*,*,#7276,.T.);
#7276 = EDGE_CURVE('',#5678,#5733,#7277,.T.);
#7277 = LINE('',#7278,#7279);
#7278 = CARTESIAN_POINT('',(24.637344,-0.438984,6.61));
#7279 = VECTOR('',#7280,1.);
#7280 = DIRECTION('',(0.,-1.224646799147E-16,-1.));
#7281 = PLANE('',#7282);
#7282 = AXIS2_PLACEMENT_3D('',#7283,#7284,#7285);
#7283 = CARTESIAN_POINT('',(24.637344,29.487358,6.7));
#7284 = DIRECTION('',(1.,0.,0.));
#7285 = DIRECTION('',(0.,-1.224646799147E-16,-1.));
#7286 = ADVANCED_FACE('',(#7287),#7293,.T.);
#7287 = FACE_BOUND('',#7288,.T.);
#7288 = EDGE_LOOP('',(#7289,#7290,#7291,#7292));
#7289 = ORIENTED_EDGE('',*,*,#5724,.F.);
#7290 = ORIENTED_EDGE('',*,*,#7259,.T.);
#7291 = ORIENTED_EDGE('',*,*,#7177,.T.);
#7292 = ORIENTED_EDGE('',*,*,#5709,.F.);
#7293 = PLANE('',#7294);
#7294 = AXIS2_PLACEMENT_3D('',#7295,#7296,#7297);
#7295 = CARTESIAN_POINT('',(8.486532,14.161016,6.61));
#7296 = DIRECTION('',(0.,-1.,1.224646799147E-16));
#7297 = DIRECTION('',(0.,-1.224646799147E-16,-1.));
#7298 = ADVANCED_FACE('',(#7299),#7317,.F.);
#7299 = FACE_BOUND('',#7300,.F.);
#7300 = EDGE_LOOP('',(#7301,#7302,#7310,#7316));
#7301 = ORIENTED_EDGE('',*,*,#5740,.F.);
#7302 = ORIENTED_EDGE('',*,*,#7303,.T.);
#7303 = EDGE_CURVE('',#5733,#7304,#7306,.T.);
#7304 = VERTEX_POINT('',#7305);
#7305 = CARTESIAN_POINT('',(22.537344,-0.438984,2.586157));
#7306 = LINE('',#7307,#7308);
#7307 = CARTESIAN_POINT('',(14.961938,-0.438984,2.586157));
#7308 = VECTOR('',#7309,1.);
#7309 = DIRECTION('',(-1.,0.,-0.));
#7310 = ORIENTED_EDGE('',*,*,#7311,.T.);
#7311 = EDGE_CURVE('',#7304,#5755,#7312,.T.);
#7312 = LINE('',#7313,#7314);
#7313 = CARTESIAN_POINT('',(22.537344,-0.438984,5.5980785));
#7314 = VECTOR('',#7315,1.);
#7315 = DIRECTION('',(0.,-1.224646799147E-16,-1.));
#7316 = ORIENTED_EDGE('',*,*,#5754,.F.);
#7317 = PLANE('',#7318);
#7318 = AXIS2_PLACEMENT_3D('',#7319,#7320,#7321);
#7319 = CARTESIAN_POINT('',(8.486532,-0.438984,6.61));
#7320 = DIRECTION('',(0.,-1.,1.224646799147E-16));
#7321 = DIRECTION('',(0.,-1.224646799147E-16,-1.));
#7322 = ADVANCED_FACE('',(#7323),#7341,.F.);
#7323 = FACE_BOUND('',#7324,.F.);
#7324 = EDGE_LOOP('',(#7325,#7326,#7327,#7335));
#7325 = ORIENTED_EDGE('',*,*,#5771,.F.);
#7326 = ORIENTED_EDGE('',*,*,#7311,.F.);
#7327 = ORIENTED_EDGE('',*,*,#7328,.T.);
#7328 = EDGE_CURVE('',#7304,#7329,#7331,.T.);
#7329 = VERTEX_POINT('',#7330);
#7330 = CARTESIAN_POINT('',(22.537344,-25.487358,2.586157));
#7331 = LINE('',#7332,#7333);
#7332 = CARTESIAN_POINT('',(22.537344,25.487358,2.586157));
#7333 = VECTOR('',#7334,1.);
#7334 = DIRECTION('',(0.,-1.,1.224646799147E-16));
#7335 = ORIENTED_EDGE('',*,*,#7336,.T.);
#7336 = EDGE_CURVE('',#7329,#5764,#7337,.T.);
#7337 = LINE('',#7338,#7339);
#7338 = CARTESIAN_POINT('',(22.537344,-25.487358,4.586157));
#7339 = VECTOR('',#7340,1.);
#7340 = DIRECTION('',(0.,-1.224646799147E-16,-1.));
#7341 = PLANE('',#7342);
#7342 = AXIS2_PLACEMENT_3D('',#7343,#7344,#7345);
#7343 = CARTESIAN_POINT('',(22.537344,25.487358,4.586157));
#7344 = DIRECTION('',(1.,0.,0.));
#7345 = DIRECTION('',(0.,-1.224646799147E-16,-1.));
#7346 = ADVANCED_FACE('',(#7347),#7358,.T.);
#7347 = FACE_BOUND('',#7348,.T.);
#7348 = EDGE_LOOP('',(#7349,#7355,#7356,#7357));
#7349 = ORIENTED_EDGE('',*,*,#7350,.F.);
#7350 = EDGE_CURVE('',#7329,#6189,#7351,.T.);
#7351 = LINE('',#7352,#7353);
#7352 = CARTESIAN_POINT('',(21.437344,-25.487358,2.586157));
#7353 = VECTOR('',#7354,1.);
#7354 = DIRECTION('',(1.,0.,0.));
#7355 = ORIENTED_EDGE('',*,*,#7336,.T.);
#7356 = ORIENTED_EDGE('',*,*,#5763,.T.);
#7357 = ORIENTED_EDGE('',*,*,#6188,.F.);
#7358 = PLANE('',#7359);
#7359 = AXIS2_PLACEMENT_3D('',#7360,#7361,#7362);
#7360 = CARTESIAN_POINT('',(22.537344,-25.487358,4.586157));
#7361 = DIRECTION('',(0.,-1.,1.224646799147E-16));
#7362 = DIRECTION('',(0.,-1.224646799147E-16,-1.));
#7363 = ADVANCED_FACE('',(#7364),#7383,.F.);
#7364 = FACE_BOUND('',#7365,.F.);
#7365 = EDGE_LOOP('',(#7366,#7374,#7381,#7382));
#7366 = ORIENTED_EDGE('',*,*,#7367,.F.);
#7367 = EDGE_CURVE('',#7368,#5840,#7370,.T.);
#7368 = VERTEX_POINT('',#7369);
#7369 = CARTESIAN_POINT('',(32.137344,20.062,3.7));
#7370 = LINE('',#7371,#7372);
#7371 = CARTESIAN_POINT('',(32.137344,20.062,7.));
#7372 = VECTOR('',#7373,1.);
#7373 = DIRECTION('',(0.,-1.224646799147E-16,-1.));
#7374 = ORIENTED_EDGE('',*,*,#7375,.T.);
#7375 = EDGE_CURVE('',#7368,#7368,#7376,.T.);
#7376 = CIRCLE('',#7377,1.7);
#7377 = AXIS2_PLACEMENT_3D('',#7378,#7379,#7380);
#7378 = CARTESIAN_POINT('',(30.437344,20.062,3.7));
#7379 = DIRECTION('',(0.,-1.224646799147E-16,-1.));
#7380 = DIRECTION('',(1.,0.,0.));
#7381 = ORIENTED_EDGE('',*,*,#7367,.T.);
#7382 = ORIENTED_EDGE('',*,*,#5839,.F.);
#7383 = CYLINDRICAL_SURFACE('',#7384,1.7);
#7384 = AXIS2_PLACEMENT_3D('',#7385,#7386,#7387);
#7385 = CARTESIAN_POINT('',(30.437344,20.062,7.));
#7386 = DIRECTION('',(0.,-1.224646799147E-16,-1.));
#7387 = DIRECTION('',(1.,0.,0.));
#7388 = ADVANCED_FACE('',(#7389,#7393),#7404,.T.);
#7389 = FACE_BOUND('',#7390,.T.);
#7390 = EDGE_LOOP('',(#7391,#7392));
#7391 = ORIENTED_EDGE('',*,*,#6302,.T.);
#7392 = ORIENTED_EDGE('',*,*,#5904,.T.);
#7393 = FACE_BOUND('',#7394,.T.);
#7394 = EDGE_LOOP('',(#7395));
#7395 = ORIENTED_EDGE('',*,*,#7396,.F.);
#7396 = EDGE_CURVE('',#7397,#7397,#7399,.T.);
#7397 = VERTEX_POINT('',#7398);
#7398 = CARTESIAN_POINT('',(-28.737344,-21.938,0.));
#7399 = CIRCLE('',#7400,1.7);
#7400 = AXIS2_PLACEMENT_3D('',#7401,#7402,#7403);
#7401 = CARTESIAN_POINT('',(-30.437344,-21.938,0.));
#7402 = DIRECTION('',(0.,-1.224646799147E-16,-1.));
#7403 = DIRECTION('',(1.,0.,0.));
#7404 = PLANE('',#7405);
#7405 = AXIS2_PLACEMENT_3D('',#7406,#7407,#7408);
#7406 = CARTESIAN_POINT('',(-30.437344,-21.938,2.6645352591E-15));
#7407 = DIRECTION('',(0.,-1.224646799147E-16,-1.));
#7408 = DIRECTION('',(1.,0.,0.));
#7409 = ADVANCED_FACE('',(#7410,#7415),#7426,.T.);
#7410 = FACE_BOUND('',#7411,.T.);
#7411 = EDGE_LOOP('',(#7412,#7413,#7414));
#7412 = ORIENTED_EDGE('',*,*,#5990,.T.);
#7413 = ORIENTED_EDGE('',*,*,#5946,.T.);
#7414 = ORIENTED_EDGE('',*,*,#6575,.T.);
#7415 = FACE_BOUND('',#7416,.T.);
#7416 = EDGE_LOOP('',(#7417));
#7417 = ORIENTED_EDGE('',*,*,#7418,.F.);
#7418 = EDGE_CURVE('',#7419,#7419,#7421,.T.);
#7419 = VERTEX_POINT('',#7420);
#7420 = CARTESIAN_POINT('',(32.137344,-21.938,0.));
#7421 = CIRCLE('',#7422,1.7);
#7422 = AXIS2_PLACEMENT_3D('',#7423,#7424,#7425);
#7423 = CARTESIAN_POINT('',(30.437344,-21.938,0.));
#7424 = DIRECTION('',(0.,-1.224646799147E-16,-1.));
#7425 = DIRECTION('',(1.,0.,0.));
#7426 = PLANE('',#7427);
#7427 = AXIS2_PLACEMENT_3D('',#7428,#7429,#7430);
#7428 = CARTESIAN_POINT('',(30.437344,-21.938,2.6645352591E-15));
#7429 = DIRECTION('',(0.,-1.224646799147E-16,-1.));
#7430 = DIRECTION('',(1.,0.,0.));
#7431 = ADVANCED_FACE('',(#7432),#7457,.T.);
#7432 = FACE_BOUND('',#7433,.T.);
#7433 = EDGE_LOOP('',(#7434,#7435,#7443,#7451));
#7434 = ORIENTED_EDGE('',*,*,#6010,.F.);
#7435 = ORIENTED_EDGE('',*,*,#7436,.T.);
#7436 = EDGE_CURVE('',#6011,#7437,#7439,.T.);
#7437 = VERTEX_POINT('',#7438);
#7438 = CARTESIAN_POINT('',(-27.03097741178,20.062,3.7));
#7439 = LINE('',#7440,#7441);
#7440 = CARTESIAN_POINT('',(-27.03097741178,20.062,6.6));
#7441 = VECTOR('',#7442,1.);
#7442 = DIRECTION('',(0.,-1.224646799147E-16,-1.));
#7443 = ORIENTED_EDGE('',*,*,#7444,.T.);
#7444 = EDGE_CURVE('',#7437,#7445,#7447,.T.);
#7445 = VERTEX_POINT('',#7446);
#7446 = CARTESIAN_POINT('',(-28.73416070589,17.112,3.7));
#7447 = LINE('',#7448,#7449);
#7448 = CARTESIAN_POINT('',(-27.03097741178,20.062,3.7));
#7449 = VECTOR('',#7450,1.);
#7450 = DIRECTION('',(-0.5,-0.866025403784,1.060575238725E-16));
#7451 = ORIENTED_EDGE('',*,*,#7452,.F.);
#7452 = EDGE_CURVE('',#6013,#7445,#7453,.T.);
#7453 = LINE('',#7454,#7455);
#7454 = CARTESIAN_POINT('',(-28.73416070589,17.112,6.6));
#7455 = VECTOR('',#7456,1.);
#7456 = DIRECTION('',(0.,-1.224646799147E-16,-1.));
#7457 = PLANE('',#7458);
#7458 = AXIS2_PLACEMENT_3D('',#7459,#7460,#7461);
#7459 = CARTESIAN_POINT('',(-27.03097741178,20.062,6.6));
#7460 = DIRECTION('',(-0.866025403784,0.5,-6.123233995737E-17));
#7461 = DIRECTION('',(-0.5,-0.866025403784,1.060575238725E-16));
#7462 = ADVANCED_FACE('',(#7463),#7481,.T.);
#7463 = FACE_BOUND('',#7464,.T.);
#7464 = EDGE_LOOP('',(#7465,#7466,#7467,#7475));
#7465 = ORIENTED_EDGE('',*,*,#6052,.F.);
#7466 = ORIENTED_EDGE('',*,*,#7452,.T.);
#7467 = ORIENTED_EDGE('',*,*,#7468,.T.);
#7468 = EDGE_CURVE('',#7445,#7469,#7471,.T.);
#7469 = VERTEX_POINT('',#7470);
#7470 = CARTESIAN_POINT('',(-32.1405272941,17.112,3.7));
#7471 = LINE('',#7472,#7473);
#7472 = CARTESIAN_POINT('',(-28.73416070589,17.112,3.7));
#7473 = VECTOR('',#7474,1.);
#7474 = DIRECTION('',(-1.,-0.,0.));
#7475 = ORIENTED_EDGE('',*,*,#7476,.F.);
#7476 = EDGE_CURVE('',#6045,#7469,#7477,.T.);
#7477 = LINE('',#7478,#7479);
#7478 = CARTESIAN_POINT('',(-32.1405272941,17.112,6.6));
#7479 = VECTOR('',#7480,1.);
#7480 = DIRECTION('',(0.,-1.224646799147E-16,-1.));
#7481 = PLANE('',#7482);
#7482 = AXIS2_PLACEMENT_3D('',#7483,#7484,#7485);
#7483 = CARTESIAN_POINT('',(-28.73416070589,17.112,6.6));
#7484 = DIRECTION('',(0.,1.,-1.224646799147E-16));
#7485 = DIRECTION('',(-1.,-0.,0.));
#7486 = ADVANCED_FACE('',(#7487),#7505,.T.);
#7487 = FACE_BOUND('',#7488,.T.);
#7488 = EDGE_LOOP('',(#7489,#7490,#7491,#7499));
#7489 = ORIENTED_EDGE('',*,*,#6044,.F.);
#7490 = ORIENTED_EDGE('',*,*,#7476,.T.);
#7491 = ORIENTED_EDGE('',*,*,#7492,.T.);
#7492 = EDGE_CURVE('',#7469,#7493,#7495,.T.);
#7493 = VERTEX_POINT('',#7494);
#7494 = CARTESIAN_POINT('',(-33.84371058821,20.062,3.7));
#7495 = LINE('',#7496,#7497);
#7496 = CARTESIAN_POINT('',(-32.1405272941,17.112,3.7));
#7497 = VECTOR('',#7498,1.);
#7498 = DIRECTION('',(-0.5,0.866025403784,-1.060575238725E-16));
#7499 = ORIENTED_EDGE('',*,*,#7500,.F.);
#7500 = EDGE_CURVE('',#6037,#7493,#7501,.T.);
#7501 = LINE('',#7502,#7503);
#7502 = CARTESIAN_POINT('',(-33.84371058821,20.062,6.6));
#7503 = VECTOR('',#7504,1.);
#7504 = DIRECTION('',(0.,-1.224646799147E-16,-1.));
#7505 = PLANE('',#7506);
#7506 = AXIS2_PLACEMENT_3D('',#7507,#7508,#7509);
#7507 = CARTESIAN_POINT('',(-32.1405272941,17.112,6.6));
#7508 = DIRECTION('',(0.866025403784,0.5,-6.123233995737E-17));
#7509 = DIRECTION('',(-0.5,0.866025403784,-1.060575238725E-16));
#7510 = ADVANCED_FACE('',(#7511),#7529,.T.);
#7511 = FACE_BOUND('',#7512,.T.);
#7512 = EDGE_LOOP('',(#7513,#7514,#7515,#7523));
#7513 = ORIENTED_EDGE('',*,*,#6036,.F.);
#7514 = ORIENTED_EDGE('',*,*,#7500,.T.);
#7515 = ORIENTED_EDGE('',*,*,#7516,.T.);
#7516 = EDGE_CURVE('',#7493,#7517,#7519,.T.);
#7517 = VERTEX_POINT('',#7518);
#7518 = CARTESIAN_POINT('',(-32.1405272941,23.012,3.7));
#7519 = LINE('',#7520,#7521);
#7520 = CARTESIAN_POINT('',(-33.84371058821,20.062,3.7));
#7521 = VECTOR('',#7522,1.);
#7522 = DIRECTION('',(0.5,0.866025403784,-1.060575238725E-16));
#7523 = ORIENTED_EDGE('',*,*,#7524,.F.);
#7524 = EDGE_CURVE('',#6029,#7517,#7525,.T.);
#7525 = LINE('',#7526,#7527);
#7526 = CARTESIAN_POINT('',(-32.1405272941,23.012,6.6));
#7527 = VECTOR('',#7528,1.);
#7528 = DIRECTION('',(0.,-1.224646799147E-16,-1.));
#7529 = PLANE('',#7530);
#7530 = AXIS2_PLACEMENT_3D('',#7531,#7532,#7533);
#7531 = CARTESIAN_POINT('',(-33.84371058821,20.062,6.6));
#7532 = DIRECTION('',(0.866025403784,-0.5,6.123233995737E-17));
#7533 = DIRECTION('',(0.5,0.866025403784,-1.060575238725E-16));
#7534 = ADVANCED_FACE('',(#7535),#7553,.T.);
#7535 = FACE_BOUND('',#7536,.T.);
#7536 = EDGE_LOOP('',(#7537,#7538,#7539,#7547));
#7537 = ORIENTED_EDGE('',*,*,#6028,.F.);
#7538 = ORIENTED_EDGE('',*,*,#7524,.T.);
#7539 = ORIENTED_EDGE('',*,*,#7540,.T.);
#7540 = EDGE_CURVE('',#7517,#7541,#7543,.T.);
#7541 = VERTEX_POINT('',#7542);
#7542 = CARTESIAN_POINT('',(-28.73416070589,23.012,3.7));
#7543 = LINE('',#7544,#7545);
#7544 = CARTESIAN_POINT('',(-32.1405272941,23.012,3.7));
#7545 = VECTOR('',#7546,1.);
#7546 = DIRECTION('',(1.,0.,0.));
#7547 = ORIENTED_EDGE('',*,*,#7548,.F.);
#7548 = EDGE_CURVE('',#6021,#7541,#7549,.T.);
#7549 = LINE('',#7550,#7551);
#7550 = CARTESIAN_POINT('',(-28.73416070589,23.012,6.6));
#7551 = VECTOR('',#7552,1.);
#7552 = DIRECTION('',(0.,-1.224646799147E-16,-1.));
#7553 = PLANE('',#7554);
#7554 = AXIS2_PLACEMENT_3D('',#7555,#7556,#7557);
#7555 = CARTESIAN_POINT('',(-32.1405272941,23.012,6.6));
#7556 = DIRECTION('',(0.,-1.,1.224646799147E-16));
#7557 = DIRECTION('',(1.,0.,0.));
#7558 = ADVANCED_FACE('',(#7559),#7570,.T.);
#7559 = FACE_BOUND('',#7560,.T.);
#7560 = EDGE_LOOP('',(#7561,#7562,#7563,#7569));
#7561 = ORIENTED_EDGE('',*,*,#6020,.F.);
#7562 = ORIENTED_EDGE('',*,*,#7548,.T.);
#7563 = ORIENTED_EDGE('',*,*,#7564,.T.);
#7564 = EDGE_CURVE('',#7541,#7437,#7565,.T.);
#7565 = LINE('',#7566,#7567);
#7566 = CARTESIAN_POINT('',(-28.73416070589,23.012,3.7));
#7567 = VECTOR('',#7568,1.);
#7568 = DIRECTION('',(0.5,-0.866025403784,1.060575238725E-16));
#7569 = ORIENTED_EDGE('',*,*,#7436,.F.);
#7570 = PLANE('',#7571);
#7571 = AXIS2_PLACEMENT_3D('',#7572,#7573,#7574);
#7572 = CARTESIAN_POINT('',(-28.73416070589,23.012,6.6));
#7573 = DIRECTION('',(-0.866025403784,-0.5,6.123233995737E-17));
#7574 = DIRECTION('',(0.5,-0.866025403784,1.060575238725E-16));
#7575 = ADVANCED_FACE('',(#7576),#7601,.T.);
#7576 = FACE_BOUND('',#7577,.T.);
#7577 = EDGE_LOOP('',(#7578,#7579,#7587,#7595));
#7578 = ORIENTED_EDGE('',*,*,#6069,.F.);
#7579 = ORIENTED_EDGE('',*,*,#7580,.T.);
#7580 = EDGE_CURVE('',#6070,#7581,#7583,.T.);
#7581 = VERTEX_POINT('',#7582);
#7582 = CARTESIAN_POINT('',(33.843710588219,20.062,3.7));
#7583 = LINE('',#7584,#7585);
#7584 = CARTESIAN_POINT('',(33.843710588219,20.062,6.6));
#7585 = VECTOR('',#7586,1.);
#7586 = DIRECTION('',(0.,-1.224646799147E-16,-1.));
#7587 = ORIENTED_EDGE('',*,*,#7588,.T.);
#7588 = EDGE_CURVE('',#7581,#7589,#7591,.T.);
#7589 = VERTEX_POINT('',#7590);
#7590 = CARTESIAN_POINT('',(32.140527294109,17.112,3.7));
#7591 = LINE('',#7592,#7593);
#7592 = CARTESIAN_POINT('',(33.843710588219,20.062,3.7));
#7593 = VECTOR('',#7594,1.);
#7594 = DIRECTION('',(-0.5,-0.866025403784,1.060575238725E-16));
#7595 = ORIENTED_EDGE('',*,*,#7596,.F.);
#7596 = EDGE_CURVE('',#6072,#7589,#7597,.T.);
#7597 = LINE('',#7598,#7599);
#7598 = CARTESIAN_POINT('',(32.140527294109,17.112,6.6));
#7599 = VECTOR('',#7600,1.);
#7600 = DIRECTION('',(0.,-1.224646799147E-16,-1.));
#7601 = PLANE('',#7602);
#7602 = AXIS2_PLACEMENT_3D('',#7603,#7604,#7605);
#7603 = CARTESIAN_POINT('',(33.843710588219,20.062,6.6));
#7604 = DIRECTION('',(-0.866025403784,0.5,-6.123233995737E-17));
#7605 = DIRECTION('',(-0.5,-0.866025403784,1.060575238725E-16));
#7606 = ADVANCED_FACE('',(#7607),#7625,.T.);
#7607 = FACE_BOUND('',#7608,.T.);
#7608 = EDGE_LOOP('',(#7609,#7610,#7611,#7619));
#7609 = ORIENTED_EDGE('',*,*,#6111,.F.);
#7610 = ORIENTED_EDGE('',*,*,#7596,.T.);
#7611 = ORIENTED_EDGE('',*,*,#7612,.T.);
#7612 = EDGE_CURVE('',#7589,#7613,#7615,.T.);
#7613 = VERTEX_POINT('',#7614);
#7614 = CARTESIAN_POINT('',(28.734160705891,17.112,3.7));
#7615 = LINE('',#7616,#7617);
#7616 = CARTESIAN_POINT('',(32.140527294109,17.112,3.7));
#7617 = VECTOR('',#7618,1.);
#7618 = DIRECTION('',(-1.,-0.,0.));
#7619 = ORIENTED_EDGE('',*,*,#7620,.F.);
#7620 = EDGE_CURVE('',#6104,#7613,#7621,.T.);
#7621 = LINE('',#7622,#7623);
#7622 = CARTESIAN_POINT('',(28.734160705891,17.112,6.6));
#7623 = VECTOR('',#7624,1.);
#7624 = DIRECTION('',(0.,-1.224646799147E-16,-1.));
#7625 = PLANE('',#7626);
#7626 = AXIS2_PLACEMENT_3D('',#7627,#7628,#7629);
#7627 = CARTESIAN_POINT('',(32.140527294109,17.112,6.6));
#7628 = DIRECTION('',(0.,1.,-1.224646799147E-16));
#7629 = DIRECTION('',(-1.,-0.,0.));
#7630 = ADVANCED_FACE('',(#7631),#7649,.T.);
#7631 = FACE_BOUND('',#7632,.T.);
#7632 = EDGE_LOOP('',(#7633,#7634,#7635,#7643));
#7633 = ORIENTED_EDGE('',*,*,#6103,.F.);
#7634 = ORIENTED_EDGE('',*,*,#7620,.T.);
#7635 = ORIENTED_EDGE('',*,*,#7636,.T.);
#7636 = EDGE_CURVE('',#7613,#7637,#7639,.T.);
#7637 = VERTEX_POINT('',#7638);
#7638 = CARTESIAN_POINT('',(27.030977411781,20.062,3.7));
#7639 = LINE('',#7640,#7641);
#7640 = CARTESIAN_POINT('',(28.734160705891,17.112,3.7));
#7641 = VECTOR('',#7642,1.);
#7642 = DIRECTION('',(-0.5,0.866025403784,-1.060575238725E-16));
#7643 = ORIENTED_EDGE('',*,*,#7644,.F.);
#7644 = EDGE_CURVE('',#6096,#7637,#7645,.T.);
#7645 = LINE('',#7646,#7647);
#7646 = CARTESIAN_POINT('',(27.030977411781,20.062,6.6));
#7647 = VECTOR('',#7648,1.);
#7648 = DIRECTION('',(0.,-1.224646799147E-16,-1.));
#7649 = PLANE('',#7650);
#7650 = AXIS2_PLACEMENT_3D('',#7651,#7652,#7653);
#7651 = CARTESIAN_POINT('',(28.734160705891,17.112,6.6));
#7652 = DIRECTION('',(0.866025403784,0.5,-6.123233995737E-17));
#7653 = DIRECTION('',(-0.5,0.866025403784,-1.060575238725E-16));
#7654 = ADVANCED_FACE('',(#7655),#7673,.T.);
#7655 = FACE_BOUND('',#7656,.T.);
#7656 = EDGE_LOOP('',(#7657,#7658,#7659,#7667));
#7657 = ORIENTED_EDGE('',*,*,#6095,.F.);
#7658 = ORIENTED_EDGE('',*,*,#7644,.T.);
#7659 = ORIENTED_EDGE('',*,*,#7660,.T.);
#7660 = EDGE_CURVE('',#7637,#7661,#7663,.T.);
#7661 = VERTEX_POINT('',#7662);
#7662 = CARTESIAN_POINT('',(28.734160705891,23.012,3.7));
#7663 = LINE('',#7664,#7665);
#7664 = CARTESIAN_POINT('',(27.030977411781,20.062,3.7));
#7665 = VECTOR('',#7666,1.);
#7666 = DIRECTION('',(0.5,0.866025403784,-1.060575238725E-16));
#7667 = ORIENTED_EDGE('',*,*,#7668,.F.);
#7668 = EDGE_CURVE('',#6088,#7661,#7669,.T.);
#7669 = LINE('',#7670,#7671);
#7670 = CARTESIAN_POINT('',(28.734160705891,23.012,6.6));
#7671 = VECTOR('',#7672,1.);
#7672 = DIRECTION('',(0.,-1.224646799147E-16,-1.));
#7673 = PLANE('',#7674);
#7674 = AXIS2_PLACEMENT_3D('',#7675,#7676,#7677);
#7675 = CARTESIAN_POINT('',(27.030977411781,20.062,6.6));
#7676 = DIRECTION('',(0.866025403784,-0.5,6.123233995737E-17));
#7677 = DIRECTION('',(0.5,0.866025403784,-1.060575238725E-16));
#7678 = ADVANCED_FACE('',(#7679),#7697,.T.);
#7679 = FACE_BOUND('',#7680,.T.);
#7680 = EDGE_LOOP('',(#7681,#7682,#7683,#7691));
#7681 = ORIENTED_EDGE('',*,*,#6087,.F.);
#7682 = ORIENTED_EDGE('',*,*,#7668,.T.);
#7683 = ORIENTED_EDGE('',*,*,#7684,.T.);
#7684 = EDGE_CURVE('',#7661,#7685,#7687,.T.);
#7685 = VERTEX_POINT('',#7686);
#7686 = CARTESIAN_POINT('',(32.140527294109,23.012,3.7));
#7687 = LINE('',#7688,#7689);
#7688 = CARTESIAN_POINT('',(28.734160705891,23.012,3.7));
#7689 = VECTOR('',#7690,1.);
#7690 = DIRECTION('',(1.,0.,0.));
#7691 = ORIENTED_EDGE('',*,*,#7692,.F.);
#7692 = EDGE_CURVE('',#6080,#7685,#7693,.T.);
#7693 = LINE('',#7694,#7695);
#7694 = CARTESIAN_POINT('',(32.140527294109,23.012,6.6));
#7695 = VECTOR('',#7696,1.);
#7696 = DIRECTION('',(0.,-1.224646799147E-16,-1.));
#7697 = PLANE('',#7698);
#7698 = AXIS2_PLACEMENT_3D('',#7699,#7700,#7701);
#7699 = CARTESIAN_POINT('',(28.734160705891,23.012,6.6));
#7700 = DIRECTION('',(0.,-1.,1.224646799147E-16));
#7701 = DIRECTION('',(1.,0.,0.));
#7702 = ADVANCED_FACE('',(#7703),#7714,.T.);
#7703 = FACE_BOUND('',#7704,.T.);
#7704 = EDGE_LOOP('',(#7705,#7706,#7707,#7713));
#7705 = ORIENTED_EDGE('',*,*,#6079,.F.);
#7706 = ORIENTED_EDGE('',*,*,#7692,.T.);
#7707 = ORIENTED_EDGE('',*,*,#7708,.T.);
#7708 = EDGE_CURVE('',#7685,#7581,#7709,.T.);
#7709 = LINE('',#7710,#7711);
#7710 = CARTESIAN_POINT('',(32.140527294109,23.012,3.7));
#7711 = VECTOR('',#7712,1.);
#7712 = DIRECTION('',(0.5,-0.866025403784,1.060575238725E-16));
#7713 = ORIENTED_EDGE('',*,*,#7580,.F.);
#7714 = PLANE('',#7715);
#7715 = AXIS2_PLACEMENT_3D('',#7716,#7717,#7718);
#7716 = CARTESIAN_POINT('',(32.140527294109,23.012,6.6));
#7717 = DIRECTION('',(-0.866025403784,-0.5,6.123233995737E-17));
#7718 = DIRECTION('',(0.5,-0.866025403784,1.060575238725E-16));
#7719 = ADVANCED_FACE('',(#7720),#7745,.T.);
#7720 = FACE_BOUND('',#7721,.T.);
#7721 = EDGE_LOOP('',(#7722,#7723,#7731,#7739));
#7722 = ORIENTED_EDGE('',*,*,#6128,.F.);
#7723 = ORIENTED_EDGE('',*,*,#7724,.T.);
#7724 = EDGE_CURVE('',#6129,#7725,#7727,.T.);
#7725 = VERTEX_POINT('',#7726);
#7726 = CARTESIAN_POINT('',(-27.03097741178,-21.938,3.7));
#7727 = LINE('',#7728,#7729);
#7728 = CARTESIAN_POINT('',(-27.03097741178,-21.938,6.6));
#7729 = VECTOR('',#7730,1.);
#7730 = DIRECTION('',(0.,-1.224646799147E-16,-1.));
#7731 = ORIENTED_EDGE('',*,*,#7732,.T.);
#7732 = EDGE_CURVE('',#7725,#7733,#7735,.T.);
#7733 = VERTEX_POINT('',#7734);
#7734 = CARTESIAN_POINT('',(-28.73416070589,-24.888,3.7));
#7735 = LINE('',#7736,#7737);
#7736 = CARTESIAN_POINT('',(-27.03097741178,-21.938,3.7));
#7737 = VECTOR('',#7738,1.);
#7738 = DIRECTION('',(-0.5,-0.866025403784,1.060575238725E-16));
#7739 = ORIENTED_EDGE('',*,*,#7740,.F.);
#7740 = EDGE_CURVE('',#6131,#7733,#7741,.T.);
#7741 = LINE('',#7742,#7743);
#7742 = CARTESIAN_POINT('',(-28.73416070589,-24.888,6.6));
#7743 = VECTOR('',#7744,1.);
#7744 = DIRECTION('',(0.,-1.224646799147E-16,-1.));
#7745 = PLANE('',#7746);
#7746 = AXIS2_PLACEMENT_3D('',#7747,#7748,#7749);
#7747 = CARTESIAN_POINT('',(-27.03097741178,-21.938,6.6));
#7748 = DIRECTION('',(-0.866025403784,0.5,-6.123233995737E-17));
#7749 = DIRECTION('',(-0.5,-0.866025403784,1.060575238725E-16));
#7750 = ADVANCED_FACE('',(#7751),#7769,.T.);
#7751 = FACE_BOUND('',#7752,.T.);
#7752 = EDGE_LOOP('',(#7753,#7754,#7755,#7763));
#7753 = ORIENTED_EDGE('',*,*,#6170,.F.);
#7754 = ORIENTED_EDGE('',*,*,#7740,.T.);
#7755 = ORIENTED_EDGE('',*,*,#7756,.T.);
#7756 = EDGE_CURVE('',#7733,#7757,#7759,.T.);
#7757 = VERTEX_POINT('',#7758);
#7758 = CARTESIAN_POINT('',(-32.1405272941,-24.888,3.7));
#7759 = LINE('',#7760,#7761);
#7760 = CARTESIAN_POINT('',(-28.73416070589,-24.888,3.7));
#7761 = VECTOR('',#7762,1.);
#7762 = DIRECTION('',(-1.,-0.,0.));
#7763 = ORIENTED_EDGE('',*,*,#7764,.F.);
#7764 = EDGE_CURVE('',#6163,#7757,#7765,.T.);
#7765 = LINE('',#7766,#7767);
#7766 = CARTESIAN_POINT('',(-32.1405272941,-24.888,6.6));
#7767 = VECTOR('',#7768,1.);
#7768 = DIRECTION('',(0.,-1.224646799147E-16,-1.));
#7769 = PLANE('',#7770);
#7770 = AXIS2_PLACEMENT_3D('',#7771,#7772,#7773);
#7771 = CARTESIAN_POINT('',(-28.73416070589,-24.888,6.6));
#7772 = DIRECTION('',(0.,1.,-1.224646799147E-16));
#7773 = DIRECTION('',(-1.,-0.,0.));
#7774 = ADVANCED_FACE('',(#7775),#7793,.T.);
#7775 = FACE_BOUND('',#7776,.T.);
#7776 = EDGE_LOOP('',(#7777,#7778,#7779,#7787));
#7777 = ORIENTED_EDGE('',*,*,#6162,.F.);
#7778 = ORIENTED_EDGE('',*,*,#7764,.T.);
#7779 = ORIENTED_EDGE('',*,*,#7780,.T.);
#7780 = EDGE_CURVE('',#7757,#7781,#7783,.T.);
#7781 = VERTEX_POINT('',#7782);
#7782 = CARTESIAN_POINT('',(-33.84371058821,-21.938,3.7));
#7783 = LINE('',#7784,#7785);
#7784 = CARTESIAN_POINT('',(-32.1405272941,-24.888,3.7));
#7785 = VECTOR('',#7786,1.);
#7786 = DIRECTION('',(-0.5,0.866025403784,-1.060575238725E-16));
#7787 = ORIENTED_EDGE('',*,*,#7788,.F.);
#7788 = EDGE_CURVE('',#6155,#7781,#7789,.T.);
#7789 = LINE('',#7790,#7791);
#7790 = CARTESIAN_POINT('',(-33.84371058821,-21.938,6.6));
#7791 = VECTOR('',#7792,1.);
#7792 = DIRECTION('',(0.,-1.224646799147E-16,-1.));
#7793 = PLANE('',#7794);
#7794 = AXIS2_PLACEMENT_3D('',#7795,#7796,#7797);
#7795 = CARTESIAN_POINT('',(-32.1405272941,-24.888,6.6));
#7796 = DIRECTION('',(0.866025403784,0.5,-6.123233995737E-17));
#7797 = DIRECTION('',(-0.5,0.866025403784,-1.060575238725E-16));
#7798 = ADVANCED_FACE('',(#7799),#7817,.T.);
#7799 = FACE_BOUND('',#7800,.T.);
#7800 = EDGE_LOOP('',(#7801,#7802,#7803,#7811));
#7801 = ORIENTED_EDGE('',*,*,#6154,.F.);
#7802 = ORIENTED_EDGE('',*,*,#7788,.T.);
#7803 = ORIENTED_EDGE('',*,*,#7804,.T.);
#7804 = EDGE_CURVE('',#7781,#7805,#7807,.T.);
#7805 = VERTEX_POINT('',#7806);
#7806 = CARTESIAN_POINT('',(-32.1405272941,-18.988,3.7));
#7807 = LINE('',#7808,#7809);
#7808 = CARTESIAN_POINT('',(-33.84371058821,-21.938,3.7));
#7809 = VECTOR('',#7810,1.);
#7810 = DIRECTION('',(0.5,0.866025403784,-1.060575238725E-16));
#7811 = ORIENTED_EDGE('',*,*,#7812,.F.);
#7812 = EDGE_CURVE('',#6147,#7805,#7813,.T.);
#7813 = LINE('',#7814,#7815);
#7814 = CARTESIAN_POINT('',(-32.1405272941,-18.988,6.6));
#7815 = VECTOR('',#7816,1.);
#7816 = DIRECTION('',(0.,-1.224646799147E-16,-1.));
#7817 = PLANE('',#7818);
#7818 = AXIS2_PLACEMENT_3D('',#7819,#7820,#7821);
#7819 = CARTESIAN_POINT('',(-33.84371058821,-21.938,6.6));
#7820 = DIRECTION('',(0.866025403784,-0.5,6.123233995737E-17));
#7821 = DIRECTION('',(0.5,0.866025403784,-1.060575238725E-16));
#7822 = ADVANCED_FACE('',(#7823),#7841,.T.);
#7823 = FACE_BOUND('',#7824,.T.);
#7824 = EDGE_LOOP('',(#7825,#7826,#7827,#7835));
#7825 = ORIENTED_EDGE('',*,*,#6146,.F.);
#7826 = ORIENTED_EDGE('',*,*,#7812,.T.);
#7827 = ORIENTED_EDGE('',*,*,#7828,.T.);
#7828 = EDGE_CURVE('',#7805,#7829,#7831,.T.);
#7829 = VERTEX_POINT('',#7830);
#7830 = CARTESIAN_POINT('',(-28.73416070589,-18.988,3.7));
#7831 = LINE('',#7832,#7833);
#7832 = CARTESIAN_POINT('',(-32.1405272941,-18.988,3.7));
#7833 = VECTOR('',#7834,1.);
#7834 = DIRECTION('',(1.,0.,0.));
#7835 = ORIENTED_EDGE('',*,*,#7836,.F.);
#7836 = EDGE_CURVE('',#6139,#7829,#7837,.T.);
#7837 = LINE('',#7838,#7839);
#7838 = CARTESIAN_POINT('',(-28.73416070589,-18.988,6.6));
#7839 = VECTOR('',#7840,1.);
#7840 = DIRECTION('',(0.,-1.224646799147E-16,-1.));
#7841 = PLANE('',#7842);
#7842 = AXIS2_PLACEMENT_3D('',#7843,#7844,#7845);
#7843 = CARTESIAN_POINT('',(-32.1405272941,-18.988,6.6));
#7844 = DIRECTION('',(0.,-1.,1.224646799147E-16));
#7845 = DIRECTION('',(1.,0.,0.));
#7846 = ADVANCED_FACE('',(#7847),#7858,.T.);
#7847 = FACE_BOUND('',#7848,.T.);
#7848 = EDGE_LOOP('',(#7849,#7850,#7851,#7857));
#7849 = ORIENTED_EDGE('',*,*,#6138,.F.);
#7850 = ORIENTED_EDGE('',*,*,#7836,.T.);
#7851 = ORIENTED_EDGE('',*,*,#7852,.T.);
#7852 = EDGE_CURVE('',#7829,#7725,#7853,.T.);
#7853 = LINE('',#7854,#7855);
#7854 = CARTESIAN_POINT('',(-28.73416070589,-18.988,3.7));
#7855 = VECTOR('',#7856,1.);
#7856 = DIRECTION('',(0.5,-0.866025403784,1.060575238725E-16));
#7857 = ORIENTED_EDGE('',*,*,#7724,.F.);
#7858 = PLANE('',#7859);
#7859 = AXIS2_PLACEMENT_3D('',#7860,#7861,#7862);
#7860 = CARTESIAN_POINT('',(-28.73416070589,-18.988,6.6));
#7861 = DIRECTION('',(-0.866025403784,-0.5,6.123233995737E-17));
#7862 = DIRECTION('',(0.5,-0.866025403784,1.060575238725E-16));
#7863 = ADVANCED_FACE('',(#7864),#7889,.F.);
#7864 = FACE_BOUND('',#7865,.F.);
#7865 = EDGE_LOOP('',(#7866,#7874,#7875,#7883));
#7866 = ORIENTED_EDGE('',*,*,#7867,.F.);
#7867 = EDGE_CURVE('',#5678,#7868,#7870,.T.);
#7868 = VERTEX_POINT('',#7869);
#7869 = CARTESIAN_POINT('',(22.537344,-0.438984,4.586157));
#7870 = LINE('',#7871,#7872);
#7871 = CARTESIAN_POINT('',(14.961938,-0.438984,4.586157));
#7872 = VECTOR('',#7873,1.);
#7873 = DIRECTION('',(-1.,0.,-0.));
#7874 = ORIENTED_EDGE('',*,*,#6204,.F.);
#7875 = ORIENTED_EDGE('',*,*,#7876,.F.);
#7876 = EDGE_CURVE('',#7877,#6197,#7879,.T.);
#7877 = VERTEX_POINT('',#7878);
#7878 = CARTESIAN_POINT('',(22.537344,-25.487358,4.586157));
#7879 = LINE('',#7880,#7881);
#7880 = CARTESIAN_POINT('',(21.437344,-25.487358,4.586157));
#7881 = VECTOR('',#7882,1.);
#7882 = DIRECTION('',(1.,0.,0.));
#7883 = ORIENTED_EDGE('',*,*,#7884,.F.);
#7884 = EDGE_CURVE('',#7868,#7877,#7885,.T.);
#7885 = LINE('',#7886,#7887);
#7886 = CARTESIAN_POINT('',(22.537344,25.487358,4.586157));
#7887 = VECTOR('',#7888,1.);
#7888 = DIRECTION('',(0.,-1.,1.224646799147E-16));
#7889 = PLANE('',#7890);
#7890 = AXIS2_PLACEMENT_3D('',#7891,#7892,#7893);
#7891 = CARTESIAN_POINT('',(21.437344,25.487358,4.586157));
#7892 = DIRECTION('',(0.,-1.224646799147E-16,-1.));
#7893 = DIRECTION('',(1.,0.,0.));
#7894 = ADVANCED_FACE('',(#7895),#7906,.T.);
#7895 = FACE_BOUND('',#7896,.T.);
#7896 = EDGE_LOOP('',(#7897,#7898,#7904,#7905));
#7897 = ORIENTED_EDGE('',*,*,#7876,.F.);
#7898 = ORIENTED_EDGE('',*,*,#7899,.T.);
#7899 = EDGE_CURVE('',#7877,#7329,#7900,.T.);
#7900 = LINE('',#7901,#7902);
#7901 = CARTESIAN_POINT('',(22.537344,-25.487358,4.586157));
#7902 = VECTOR('',#7903,1.);
#7903 = DIRECTION('',(0.,-1.224646799147E-16,-1.));
#7904 = ORIENTED_EDGE('',*,*,#7350,.T.);
#7905 = ORIENTED_EDGE('',*,*,#6196,.F.);
#7906 = PLANE('',#7907);
#7907 = AXIS2_PLACEMENT_3D('',#7908,#7909,#7910);
#7908 = CARTESIAN_POINT('',(21.437344,-25.487358,4.586157));
#7909 = DIRECTION('',(0.,-1.,1.224646799147E-16));
#7910 = DIRECTION('',(0.,-1.224646799147E-16,-1.));
#7911 = ADVANCED_FACE('',(#7912),#7937,.T.);
#7912 = FACE_BOUND('',#7913,.T.);
#7913 = EDGE_LOOP('',(#7914,#7915,#7923,#7931));
#7914 = ORIENTED_EDGE('',*,*,#6221,.F.);
#7915 = ORIENTED_EDGE('',*,*,#7916,.T.);
#7916 = EDGE_CURVE('',#6222,#7917,#7919,.T.);
#7917 = VERTEX_POINT('',#7918);
#7918 = CARTESIAN_POINT('',(33.843710588219,-21.938,3.7));
#7919 = LINE('',#7920,#7921);
#7920 = CARTESIAN_POINT('',(33.843710588219,-21.938,6.6));
#7921 = VECTOR('',#7922,1.);
#7922 = DIRECTION('',(0.,-1.224646799147E-16,-1.));
#7923 = ORIENTED_EDGE('',*,*,#7924,.T.);
#7924 = EDGE_CURVE('',#7917,#7925,#7927,.T.);
#7925 = VERTEX_POINT('',#7926);
#7926 = CARTESIAN_POINT('',(32.140527294109,-24.888,3.7));
#7927 = LINE('',#7928,#7929);
#7928 = CARTESIAN_POINT('',(33.843710588219,-21.938,3.7));
#7929 = VECTOR('',#7930,1.);
#7930 = DIRECTION('',(-0.5,-0.866025403784,1.060575238725E-16));
#7931 = ORIENTED_EDGE('',*,*,#7932,.F.);
#7932 = EDGE_CURVE('',#6224,#7925,#7933,.T.);
#7933 = LINE('',#7934,#7935);
#7934 = CARTESIAN_POINT('',(32.140527294109,-24.888,6.6));
#7935 = VECTOR('',#7936,1.);
#7936 = DIRECTION('',(0.,-1.224646799147E-16,-1.));
#7937 = PLANE('',#7938);
#7938 = AXIS2_PLACEMENT_3D('',#7939,#7940,#7941);
#7939 = CARTESIAN_POINT('',(33.843710588219,-21.938,6.6));
#7940 = DIRECTION('',(-0.866025403784,0.5,-6.123233995737E-17));
#7941 = DIRECTION('',(-0.5,-0.866025403784,1.060575238725E-16));
#7942 = ADVANCED_FACE('',(#7943),#7961,.T.);
#7943 = FACE_BOUND('',#7944,.T.);
#7944 = EDGE_LOOP('',(#7945,#7946,#7947,#7955));
#7945 = ORIENTED_EDGE('',*,*,#6263,.F.);
#7946 = ORIENTED_EDGE('',*,*,#7932,.T.);
#7947 = ORIENTED_EDGE('',*,*,#7948,.T.);
#7948 = EDGE_CURVE('',#7925,#7949,#7951,.T.);
#7949 = VERTEX_POINT('',#7950);
#7950 = CARTESIAN_POINT('',(28.734160705891,-24.888,3.7));
#7951 = LINE('',#7952,#7953);
#7952 = CARTESIAN_POINT('',(32.140527294109,-24.888,3.7));
#7953 = VECTOR('',#7954,1.);
#7954 = DIRECTION('',(-1.,-0.,0.));
#7955 = ORIENTED_EDGE('',*,*,#7956,.F.);
#7956 = EDGE_CURVE('',#6256,#7949,#7957,.T.);
#7957 = LINE('',#7958,#7959);
#7958 = CARTESIAN_POINT('',(28.734160705891,-24.888,6.6));
#7959 = VECTOR('',#7960,1.);
#7960 = DIRECTION('',(0.,-1.224646799147E-16,-1.));
#7961 = PLANE('',#7962);
#7962 = AXIS2_PLACEMENT_3D('',#7963,#7964,#7965);
#7963 = CARTESIAN_POINT('',(32.140527294109,-24.888,6.6));
#7964 = DIRECTION('',(0.,1.,-1.224646799147E-16));
#7965 = DIRECTION('',(-1.,-0.,0.));
#7966 = ADVANCED_FACE('',(#7967),#7985,.T.);
#7967 = FACE_BOUND('',#7968,.T.);
#7968 = EDGE_LOOP('',(#7969,#7970,#7971,#7979));
#7969 = ORIENTED_EDGE('',*,*,#6255,.F.);
#7970 = ORIENTED_EDGE('',*,*,#7956,.T.);
#7971 = ORIENTED_EDGE('',*,*,#7972,.T.);
#7972 = EDGE_CURVE('',#7949,#7973,#7975,.T.);
#7973 = VERTEX_POINT('',#7974);
#7974 = CARTESIAN_POINT('',(27.030977411781,-21.938,3.7));
#7975 = LINE('',#7976,#7977);
#7976 = CARTESIAN_POINT('',(28.734160705891,-24.888,3.7));
#7977 = VECTOR('',#7978,1.);
#7978 = DIRECTION('',(-0.5,0.866025403784,-1.060575238725E-16));
#7979 = ORIENTED_EDGE('',*,*,#7980,.F.);
#7980 = EDGE_CURVE('',#6248,#7973,#7981,.T.);
#7981 = LINE('',#7982,#7983);
#7982 = CARTESIAN_POINT('',(27.030977411781,-21.938,6.6));
#7983 = VECTOR('',#7984,1.);
#7984 = DIRECTION('',(0.,-1.224646799147E-16,-1.));
#7985 = PLANE('',#7986);
#7986 = AXIS2_PLACEMENT_3D('',#7987,#7988,#7989);
#7987 = CARTESIAN_POINT('',(28.734160705891,-24.888,6.6));
#7988 = DIRECTION('',(0.866025403784,0.5,-6.123233995737E-17));
#7989 = DIRECTION('',(-0.5,0.866025403784,-1.060575238725E-16));
#7990 = ADVANCED_FACE('',(#7991),#8009,.T.);
#7991 = FACE_BOUND('',#7992,.T.);
#7992 = EDGE_LOOP('',(#7993,#7994,#7995,#8003));
#7993 = ORIENTED_EDGE('',*,*,#6247,.F.);
#7994 = ORIENTED_EDGE('',*,*,#7980,.T.);
#7995 = ORIENTED_EDGE('',*,*,#7996,.T.);
#7996 = EDGE_CURVE('',#7973,#7997,#7999,.T.);
#7997 = VERTEX_POINT('',#7998);
#7998 = CARTESIAN_POINT('',(28.734160705891,-18.988,3.7));
#7999 = LINE('',#8000,#8001);
#8000 = CARTESIAN_POINT('',(27.030977411781,-21.938,3.7));
#8001 = VECTOR('',#8002,1.);
#8002 = DIRECTION('',(0.5,0.866025403784,-1.060575238725E-16));
#8003 = ORIENTED_EDGE('',*,*,#8004,.F.);
#8004 = EDGE_CURVE('',#6240,#7997,#8005,.T.);
#8005 = LINE('',#8006,#8007);
#8006 = CARTESIAN_POINT('',(28.734160705891,-18.988,6.6));
#8007 = VECTOR('',#8008,1.);
#8008 = DIRECTION('',(0.,-1.224646799147E-16,-1.));
#8009 = PLANE('',#8010);
#8010 = AXIS2_PLACEMENT_3D('',#8011,#8012,#8013);
#8011 = CARTESIAN_POINT('',(27.030977411781,-21.938,6.6));
#8012 = DIRECTION('',(0.866025403784,-0.5,6.123233995737E-17));
#8013 = DIRECTION('',(0.5,0.866025403784,-1.060575238725E-16));
#8014 = ADVANCED_FACE('',(#8015),#8033,.T.);
#8015 = FACE_BOUND('',#8016,.T.);
#8016 = EDGE_LOOP('',(#8017,#8018,#8019,#8027));
#8017 = ORIENTED_EDGE('',*,*,#6239,.F.);
#8018 = ORIENTED_EDGE('',*,*,#8004,.T.);
#8019 = ORIENTED_EDGE('',*,*,#8020,.T.);
#8020 = EDGE_CURVE('',#7997,#8021,#8023,.T.);
#8021 = VERTEX_POINT('',#8022);
#8022 = CARTESIAN_POINT('',(32.140527294109,-18.988,3.7));
#8023 = LINE('',#8024,#8025);
#8024 = CARTESIAN_POINT('',(28.734160705891,-18.988,3.7));
#8025 = VECTOR('',#8026,1.);
#8026 = DIRECTION('',(1.,0.,0.));
#8027 = ORIENTED_EDGE('',*,*,#8028,.F.);
#8028 = EDGE_CURVE('',#6232,#8021,#8029,.T.);
#8029 = LINE('',#8030,#8031);
#8030 = CARTESIAN_POINT('',(32.140527294109,-18.988,6.6));
#8031 = VECTOR('',#8032,1.);
#8032 = DIRECTION('',(0.,-1.224646799147E-16,-1.));
#8033 = PLANE('',#8034);
#8034 = AXIS2_PLACEMENT_3D('',#8035,#8036,#8037);
#8035 = CARTESIAN_POINT('',(28.734160705891,-18.988,6.6));
#8036 = DIRECTION('',(0.,-1.,1.224646799147E-16));
#8037 = DIRECTION('',(1.,0.,0.));
#8038 = ADVANCED_FACE('',(#8039),#8050,.T.);
#8039 = FACE_BOUND('',#8040,.T.);
#8040 = EDGE_LOOP('',(#8041,#8042,#8043,#8049));
#8041 = ORIENTED_EDGE('',*,*,#6231,.F.);
#8042 = ORIENTED_EDGE('',*,*,#8028,.T.);
#8043 = ORIENTED_EDGE('',*,*,#8044,.T.);
#8044 = EDGE_CURVE('',#8021,#7917,#8045,.T.);
#8045 = LINE('',#8046,#8047);
#8046 = CARTESIAN_POINT('',(32.140527294109,-18.988,3.7));
#8047 = VECTOR('',#8048,1.);
#8048 = DIRECTION('',(0.5,-0.866025403784,1.060575238725E-16));
#8049 = ORIENTED_EDGE('',*,*,#7916,.F.);
#8050 = PLANE('',#8051);
#8051 = AXIS2_PLACEMENT_3D('',#8052,#8053,#8054);
#8052 = CARTESIAN_POINT('',(32.140527294109,-18.988,6.6));
#8053 = DIRECTION('',(-0.866025403784,-0.5,6.123233995737E-17));
#8054 = DIRECTION('',(0.5,-0.866025403784,1.060575238725E-16));
#8055 = ADVANCED_FACE('',(#8056,#8064),#8067,.F.);
#8056 = FACE_BOUND('',#8057,.F.);
#8057 = EDGE_LOOP('',(#8058,#8059,#8060,#8061,#8062,#8063));
#8058 = ORIENTED_EDGE('',*,*,#7444,.T.);
#8059 = ORIENTED_EDGE('',*,*,#7468,.T.);
#8060 = ORIENTED_EDGE('',*,*,#7492,.T.);
#8061 = ORIENTED_EDGE('',*,*,#7516,.T.);
#8062 = ORIENTED_EDGE('',*,*,#7540,.T.);
#8063 = ORIENTED_EDGE('',*,*,#7564,.T.);
#8064 = FACE_BOUND('',#8065,.F.);
#8065 = EDGE_LOOP('',(#8066));
#8066 = ORIENTED_EDGE('',*,*,#6285,.F.);
#8067 = PLANE('',#8068);
#8068 = AXIS2_PLACEMENT_3D('',#8069,#8070,#8071);
#8069 = CARTESIAN_POINT('',(-30.437344,20.062,3.7));
#8070 = DIRECTION('',(0.,-1.224646799147E-16,-1.));
#8071 = DIRECTION('',(1.,0.,0.));
#8072 = ADVANCED_FACE('',(#8073),#8079,.T.);
#8073 = FACE_BOUND('',#8074,.T.);
#8074 = EDGE_LOOP('',(#8075,#8076,#8077,#8078));
#8075 = ORIENTED_EDGE('',*,*,#6309,.T.);
#8076 = ORIENTED_EDGE('',*,*,#6332,.T.);
#8077 = ORIENTED_EDGE('',*,*,#6350,.T.);
#8078 = ORIENTED_EDGE('',*,*,#6317,.F.);
#8079 = PLANE('',#8080);
#8080 = AXIS2_PLACEMENT_3D('',#8081,#8082,#8083);
#8081 = CARTESIAN_POINT('',(-500.,500.,-6.128431095931E-14));
#8082 = DIRECTION('',(0.,-1.224646799147E-16,-1.));
#8083 = DIRECTION('',(1.,0.,0.));
#8084 = ADVANCED_FACE('',(#8085),#8096,.T.);
#8085 = FACE_BOUND('',#8086,.T.);
#8086 = EDGE_LOOP('',(#8087,#8088,#8089,#8095));
#8087 = ORIENTED_EDGE('',*,*,#6366,.F.);
#8088 = ORIENTED_EDGE('',*,*,#6391,.T.);
#8089 = ORIENTED_EDGE('',*,*,#8090,.T.);
#8090 = EDGE_CURVE('',#6392,#6440,#8091,.T.);
#8091 = LINE('',#8092,#8093);
#8092 = CARTESIAN_POINT('',(-21.437344,25.487358,2.586157));
#8093 = VECTOR('',#8094,1.);
#8094 = DIRECTION('',(0.,-1.,1.224646799147E-16));
#8095 = ORIENTED_EDGE('',*,*,#6439,.F.);
#8096 = PLANE('',#8097);
#8097 = AXIS2_PLACEMENT_3D('',#8098,#8099,#8100);
#8098 = CARTESIAN_POINT('',(-27.537344,25.487358,2.586157));
#8099 = DIRECTION('',(0.,-1.224646799147E-16,-1.));
#8100 = DIRECTION('',(1.,0.,0.));
#8101 = ADVANCED_FACE('',(#8102),#8108,.T.);
#8102 = FACE_BOUND('',#8103,.T.);
#8103 = EDGE_LOOP('',(#8104,#8105,#8106,#8107));
#8104 = ORIENTED_EDGE('',*,*,#6399,.F.);
#8105 = ORIENTED_EDGE('',*,*,#6415,.T.);
#8106 = ORIENTED_EDGE('',*,*,#6447,.T.);
#8107 = ORIENTED_EDGE('',*,*,#8090,.F.);
#8108 = PLANE('',#8109);
#8109 = AXIS2_PLACEMENT_3D('',#8110,#8111,#8112);
#8110 = CARTESIAN_POINT('',(-21.437344,25.487358,4.586157));
#8111 = DIRECTION('',(1.,0.,0.));
#8112 = DIRECTION('',(0.,-1.224646799147E-16,-1.));
#8113 = ADVANCED_FACE('',(#8114),#8125,.T.);
#8114 = FACE_BOUND('',#8115,.T.);
#8115 = EDGE_LOOP('',(#8116,#8117,#8118,#8124));
#8116 = ORIENTED_EDGE('',*,*,#6462,.F.);
#8117 = ORIENTED_EDGE('',*,*,#6504,.T.);
#8118 = ORIENTED_EDGE('',*,*,#8119,.T.);
#8119 = EDGE_CURVE('',#6505,#6553,#8120,.T.);
#8120 = LINE('',#8121,#8122);
#8121 = CARTESIAN_POINT('',(-21.437344,-21.8,2.586157));
#8122 = VECTOR('',#8123,1.);
#8123 = DIRECTION('',(0.,-1.,1.224646799147E-16));
#8124 = ORIENTED_EDGE('',*,*,#6552,.F.);
#8125 = PLANE('',#8126);
#8126 = AXIS2_PLACEMENT_3D('',#8127,#8128,#8129);
#8127 = CARTESIAN_POINT('',(-27.537344,-21.8,2.586157));
#8128 = DIRECTION('',(0.,-1.224646799147E-16,-1.));
#8129 = DIRECTION('',(1.,0.,0.));
#8130 = ADVANCED_FACE('',(#8131),#8137,.T.);
#8131 = FACE_BOUND('',#8132,.T.);
#8132 = EDGE_LOOP('',(#8133,#8134,#8135,#8136));
#8133 = ORIENTED_EDGE('',*,*,#6512,.F.);
#8134 = ORIENTED_EDGE('',*,*,#6528,.T.);
#8135 = ORIENTED_EDGE('',*,*,#6560,.T.);
#8136 = ORIENTED_EDGE('',*,*,#8119,.F.);
#8137 = PLANE('',#8138);
#8138 = AXIS2_PLACEMENT_3D('',#8139,#8140,#8141);
#8139 = CARTESIAN_POINT('',(-21.437344,-21.8,4.586157));
#8140 = DIRECTION('',(1.,0.,0.));
#8141 = DIRECTION('',(0.,-1.224646799147E-16,-1.));
#8142 = ADVANCED_FACE('',(#8143),#8154,.T.);
#8143 = FACE_BOUND('',#8144,.T.);
#8144 = EDGE_LOOP('',(#8145,#8146,#8152,#8153));
#8145 = ORIENTED_EDGE('',*,*,#6738,.F.);
#8146 = ORIENTED_EDGE('',*,*,#8147,.T.);
#8147 = EDGE_CURVE('',#6729,#6628,#8148,.T.);
#8148 = LINE('',#8149,#8150);
#8149 = CARTESIAN_POINT('',(-3.975,-28.787358,3.552713678801E-15));
#8150 = VECTOR('',#8151,1.);
#8151 = DIRECTION('',(1.,0.,0.));
#8152 = ORIENTED_EDGE('',*,*,#6642,.T.);
#8153 = ORIENTED_EDGE('',*,*,#6591,.T.);
#8154 = PLANE('',#8155);
#8155 = AXIS2_PLACEMENT_3D('',#8156,#8157,#8158);
#8156 = CARTESIAN_POINT('',(-3.975,-28.787358,3.552713678801E-15));
#8157 = DIRECTION('',(0.,-1.224646799147E-16,-1.));
#8158 = DIRECTION('',(1.,0.,0.));
#8159 = ADVANCED_FACE('',(#8160),#8171,.T.);
#8160 = FACE_BOUND('',#8161,.T.);
#8161 = EDGE_LOOP('',(#8162,#8163,#8169,#8170));
#8162 = ORIENTED_EDGE('',*,*,#6865,.F.);
#8163 = ORIENTED_EDGE('',*,*,#8164,.T.);
#8164 = EDGE_CURVE('',#6856,#6755,#8165,.T.);
#8165 = LINE('',#8166,#8167);
#8166 = CARTESIAN_POINT('',(-19.237344,-28.787358,3.552713678801E-15));
#8167 = VECTOR('',#8168,1.);
#8168 = DIRECTION('',(1.,0.,0.));
#8169 = ORIENTED_EDGE('',*,*,#6769,.T.);
#8170 = ORIENTED_EDGE('',*,*,#6609,.T.);
#8171 = PLANE('',#8172);
#8172 = AXIS2_PLACEMENT_3D('',#8173,#8174,#8175);
#8173 = CARTESIAN_POINT('',(-19.237344,-28.787358,3.552713678801E-15));
#8174 = DIRECTION('',(0.,-1.224646799147E-16,-1.));
#8175 = DIRECTION('',(1.,0.,0.));
#8176 = ADVANCED_FACE('',(#8177),#8188,.F.);
#8177 = FACE_BOUND('',#8178,.F.);
#8178 = EDGE_LOOP('',(#8179,#8185,#8186,#8187));
#8179 = ORIENTED_EDGE('',*,*,#8180,.T.);
#8180 = EDGE_CURVE('',#6626,#6705,#8181,.T.);
#8181 = LINE('',#8182,#8183);
#8182 = CARTESIAN_POINT('',(-3.975,-28.787358,2.586157));
#8183 = VECTOR('',#8184,1.);
#8184 = DIRECTION('',(-1.,-0.,0.));
#8185 = ORIENTED_EDGE('',*,*,#6728,.T.);
#8186 = ORIENTED_EDGE('',*,*,#8147,.T.);
#8187 = ORIENTED_EDGE('',*,*,#6625,.F.);
#8188 = PLANE('',#8189);
#8189 = AXIS2_PLACEMENT_3D('',#8190,#8191,#8192);
#8190 = CARTESIAN_POINT('',(-3.975,-28.787358,4.586157));
#8191 = DIRECTION('',(0.,-1.,1.224646799147E-16));
#8192 = DIRECTION('',(0.,-1.224646799147E-16,-1.));
#8193 = ADVANCED_FACE('',(#8194),#8219,.T.);
#8194 = FACE_BOUND('',#8195,.T.);
#8195 = EDGE_LOOP('',(#8196,#8204,#8212,#8218));
#8196 = ORIENTED_EDGE('',*,*,#8197,.F.);
#8197 = EDGE_CURVE('',#8198,#6626,#8200,.T.);
#8198 = VERTEX_POINT('',#8199);
#8199 = CARTESIAN_POINT('',(19.237344,-27.687358,2.586157));
#8200 = LINE('',#8201,#8202);
#8201 = CARTESIAN_POINT('',(19.237344,-27.687358,2.586157));
#8202 = VECTOR('',#8203,1.);
#8203 = DIRECTION('',(0.,-1.,1.224646799147E-16));
#8204 = ORIENTED_EDGE('',*,*,#8205,.F.);
#8205 = EDGE_CURVE('',#8206,#8198,#8208,.T.);
#8206 = VERTEX_POINT('',#8207);
#8207 = CARTESIAN_POINT('',(19.237344,-27.687358,4.586157));
#8208 = LINE('',#8209,#8210);
#8209 = CARTESIAN_POINT('',(19.237344,-27.687358,4.586157));
#8210 = VECTOR('',#8211,1.);
#8211 = DIRECTION('',(0.,-1.224646799147E-16,-1.));
#8212 = ORIENTED_EDGE('',*,*,#8213,.T.);
#8213 = EDGE_CURVE('',#8206,#6658,#8214,.T.);
#8214 = LINE('',#8215,#8216);
#8215 = CARTESIAN_POINT('',(19.237344,-27.687358,4.586157));
#8216 = VECTOR('',#8217,1.);
#8217 = DIRECTION('',(0.,-1.,1.224646799147E-16));
#8218 = ORIENTED_EDGE('',*,*,#6657,.T.);
#8219 = PLANE('',#8220);
#8220 = AXIS2_PLACEMENT_3D('',#8221,#8222,#8223);
#8221 = CARTESIAN_POINT('',(19.237344,-27.687358,4.586157));
#8222 = DIRECTION('',(1.,0.,0.));
#8223 = DIRECTION('',(0.,-1.224646799147E-16,-1.));
#8224 = ADVANCED_FACE('',(#8225),#8243,.F.);
#8225 = FACE_BOUND('',#8226,.F.);
#8226 = EDGE_LOOP('',(#8227,#8235,#8241,#8242));
#8227 = ORIENTED_EDGE('',*,*,#8228,.F.);
#8228 = EDGE_CURVE('',#8229,#6681,#8231,.T.);
#8229 = VERTEX_POINT('',#8230);
#8230 = CARTESIAN_POINT('',(-3.975,-27.687358,4.586157));
#8231 = LINE('',#8232,#8233);
#8232 = CARTESIAN_POINT('',(-3.975,-27.687358,4.586157));
#8233 = VECTOR('',#8234,1.);
#8234 = DIRECTION('',(0.,-1.,1.224646799147E-16));
#8235 = ORIENTED_EDGE('',*,*,#8236,.T.);
#8236 = EDGE_CURVE('',#8229,#8206,#8237,.T.);
#8237 = LINE('',#8238,#8239);
#8238 = CARTESIAN_POINT('',(-3.975,-27.687358,4.586157));
#8239 = VECTOR('',#8240,1.);
#8240 = DIRECTION('',(1.,0.,0.));
#8241 = ORIENTED_EDGE('',*,*,#8213,.T.);
#8242 = ORIENTED_EDGE('',*,*,#6688,.F.);
#8243 = PLANE('',#8244);
#8244 = AXIS2_PLACEMENT_3D('',#8245,#8246,#8247);
#8245 = CARTESIAN_POINT('',(-3.975,-27.687358,4.586157));
#8246 = DIRECTION('',(0.,-1.224646799147E-16,-1.));
#8247 = DIRECTION('',(1.,0.,0.));
#8248 = ADVANCED_FACE('',(#8249),#8267,.F.);
#8249 = FACE_BOUND('',#8250,.F.);
#8250 = EDGE_LOOP('',(#8251,#8259,#8265,#8266));
#8251 = ORIENTED_EDGE('',*,*,#8252,.F.);
#8252 = EDGE_CURVE('',#8253,#6705,#8255,.T.);
#8253 = VERTEX_POINT('',#8254);
#8254 = CARTESIAN_POINT('',(-3.975,-27.687358,2.586157));
#8255 = LINE('',#8256,#8257);
#8256 = CARTESIAN_POINT('',(-3.975,-27.687358,2.586157));
#8257 = VECTOR('',#8258,1.);
#8258 = DIRECTION('',(0.,-1.,1.224646799147E-16));
#8259 = ORIENTED_EDGE('',*,*,#8260,.F.);
#8260 = EDGE_CURVE('',#8229,#8253,#8261,.T.);
#8261 = LINE('',#8262,#8263);
#8262 = CARTESIAN_POINT('',(-3.975,-27.687358,4.586157));
#8263 = VECTOR('',#8264,1.);
#8264 = DIRECTION('',(0.,-1.224646799147E-16,-1.));
#8265 = ORIENTED_EDGE('',*,*,#8228,.T.);
#8266 = ORIENTED_EDGE('',*,*,#6712,.T.);
#8267 = PLANE('',#8268);
#8268 = AXIS2_PLACEMENT_3D('',#8269,#8270,#8271);
#8269 = CARTESIAN_POINT('',(-3.975,-27.687358,4.586157));
#8270 = DIRECTION('',(1.,0.,0.));
#8271 = DIRECTION('',(0.,-1.224646799147E-16,-1.));
#8272 = ADVANCED_FACE('',(#8273),#8284,.F.);
#8273 = FACE_BOUND('',#8274,.F.);
#8274 = EDGE_LOOP('',(#8275,#8281,#8282,#8283));
#8275 = ORIENTED_EDGE('',*,*,#8276,.T.);
#8276 = EDGE_CURVE('',#6753,#6832,#8277,.T.);
#8277 = LINE('',#8278,#8279);
#8278 = CARTESIAN_POINT('',(-19.237344,-28.787358,2.586157));
#8279 = VECTOR('',#8280,1.);
#8280 = DIRECTION('',(-1.,-0.,0.));
#8281 = ORIENTED_EDGE('',*,*,#6855,.T.);
#8282 = ORIENTED_EDGE('',*,*,#8164,.T.);
#8283 = ORIENTED_EDGE('',*,*,#6752,.F.);
#8284 = PLANE('',#8285);
#8285 = AXIS2_PLACEMENT_3D('',#8286,#8287,#8288);
#8286 = CARTESIAN_POINT('',(-19.237344,-28.787358,4.586157));
#8287 = DIRECTION('',(0.,-1.,1.224646799147E-16));
#8288 = DIRECTION('',(0.,-1.224646799147E-16,-1.));
#8289 = ADVANCED_FACE('',(#8290),#8315,.T.);
#8290 = FACE_BOUND('',#8291,.T.);
#8291 = EDGE_LOOP('',(#8292,#8300,#8308,#8314));
#8292 = ORIENTED_EDGE('',*,*,#8293,.F.);
#8293 = EDGE_CURVE('',#8294,#6753,#8296,.T.);
#8294 = VERTEX_POINT('',#8295);
#8295 = CARTESIAN_POINT('',(-14.833,-27.687358,2.586157));
#8296 = LINE('',#8297,#8298);
#8297 = CARTESIAN_POINT('',(-14.833,-27.687358,2.586157));
#8298 = VECTOR('',#8299,1.);
#8299 = DIRECTION('',(0.,-1.,1.224646799147E-16));
#8300 = ORIENTED_EDGE('',*,*,#8301,.F.);
#8301 = EDGE_CURVE('',#8302,#8294,#8304,.T.);
#8302 = VERTEX_POINT('',#8303);
#8303 = CARTESIAN_POINT('',(-14.833,-27.687358,4.586157));
#8304 = LINE('',#8305,#8306);
#8305 = CARTESIAN_POINT('',(-14.833,-27.687358,4.586157));
#8306 = VECTOR('',#8307,1.);
#8307 = DIRECTION('',(0.,-1.224646799147E-16,-1.));
#8308 = ORIENTED_EDGE('',*,*,#8309,.T.);
#8309 = EDGE_CURVE('',#8302,#6785,#8310,.T.);
#8310 = LINE('',#8311,#8312);
#8311 = CARTESIAN_POINT('',(-14.833,-27.687358,4.586157));
#8312 = VECTOR('',#8313,1.);
#8313 = DIRECTION('',(0.,-1.,1.224646799147E-16));
#8314 = ORIENTED_EDGE('',*,*,#6784,.T.);
#8315 = PLANE('',#8316);
#8316 = AXIS2_PLACEMENT_3D('',#8317,#8318,#8319);
#8317 = CARTESIAN_POINT('',(-14.833,-27.687358,4.586157));
#8318 = DIRECTION('',(1.,0.,0.));
#8319 = DIRECTION('',(0.,-1.224646799147E-16,-1.));
#8320 = ADVANCED_FACE('',(#8321),#8339,.F.);
#8321 = FACE_BOUND('',#8322,.F.);
#8322 = EDGE_LOOP('',(#8323,#8331,#8337,#8338));
#8323 = ORIENTED_EDGE('',*,*,#8324,.F.);
#8324 = EDGE_CURVE('',#8325,#6808,#8327,.T.);
#8325 = VERTEX_POINT('',#8326);
#8326 = CARTESIAN_POINT('',(-19.237344,-27.687358,4.586157));
#8327 = LINE('',#8328,#8329);
#8328 = CARTESIAN_POINT('',(-19.237344,-27.687358,4.586157));
#8329 = VECTOR('',#8330,1.);
#8330 = DIRECTION('',(0.,-1.,1.224646799147E-16));
#8331 = ORIENTED_EDGE('',*,*,#8332,.T.);
#8332 = EDGE_CURVE('',#8325,#8302,#8333,.T.);
#8333 = LINE('',#8334,#8335);
#8334 = CARTESIAN_POINT('',(-19.237344,-27.687358,4.586157));
#8335 = VECTOR('',#8336,1.);
#8336 = DIRECTION('',(1.,0.,0.));
#8337 = ORIENTED_EDGE('',*,*,#8309,.T.);
#8338 = ORIENTED_EDGE('',*,*,#6815,.F.);
#8339 = PLANE('',#8340);
#8340 = AXIS2_PLACEMENT_3D('',#8341,#8342,#8343);
#8341 = CARTESIAN_POINT('',(-19.237344,-27.687358,4.586157));
#8342 = DIRECTION('',(0.,-1.224646799147E-16,-1.));
#8343 = DIRECTION('',(1.,0.,0.));
#8344 = ADVANCED_FACE('',(#8345),#8363,.F.);
#8345 = FACE_BOUND('',#8346,.F.);
#8346 = EDGE_LOOP('',(#8347,#8355,#8361,#8362));
#8347 = ORIENTED_EDGE('',*,*,#8348,.F.);
#8348 = EDGE_CURVE('',#8349,#6832,#8351,.T.);
#8349 = VERTEX_POINT('',#8350);
#8350 = CARTESIAN_POINT('',(-19.237344,-27.687358,2.586157));
#8351 = LINE('',#8352,#8353);
#8352 = CARTESIAN_POINT('',(-19.237344,-27.687358,2.586157));
#8353 = VECTOR('',#8354,1.);
#8354 = DIRECTION('',(0.,-1.,1.224646799147E-16));
#8355 = ORIENTED_EDGE('',*,*,#8356,.F.);
#8356 = EDGE_CURVE('',#8325,#8349,#8357,.T.);
#8357 = LINE('',#8358,#8359);
#8358 = CARTESIAN_POINT('',(-19.237344,-27.687358,4.586157));
#8359 = VECTOR('',#8360,1.);
#8360 = DIRECTION('',(0.,-1.224646799147E-16,-1.));
#8361 = ORIENTED_EDGE('',*,*,#8324,.T.);
#8362 = ORIENTED_EDGE('',*,*,#6839,.T.);
#8363 = PLANE('',#8364);
#8364 = AXIS2_PLACEMENT_3D('',#8365,#8366,#8367);
#8365 = CARTESIAN_POINT('',(-19.237344,-27.687358,4.586157));
#8366 = DIRECTION('',(1.,0.,0.));
#8367 = DIRECTION('',(0.,-1.224646799147E-16,-1.));
#8368 = ADVANCED_FACE('',(#8369),#8380,.T.);
#8369 = FACE_BOUND('',#8370,.T.);
#8370 = EDGE_LOOP('',(#8371,#8372,#8373,#8374));
#8371 = ORIENTED_EDGE('',*,*,#6961,.F.);
#8372 = ORIENTED_EDGE('',*,*,#6879,.F.);
#8373 = ORIENTED_EDGE('',*,*,#6913,.T.);
#8374 = ORIENTED_EDGE('',*,*,#8375,.F.);
#8375 = EDGE_CURVE('',#6954,#6906,#8376,.T.);
#8376 = LINE('',#8377,#8378);
#8377 = CARTESIAN_POINT('',(13.802,27.687358,2.586157));
#8378 = VECTOR('',#8379,1.);
#8379 = DIRECTION('',(1.,0.,0.));
#8380 = PLANE('',#8381);
#8381 = AXIS2_PLACEMENT_3D('',#8382,#8383,#8384);
#8382 = CARTESIAN_POINT('',(13.802,32.387358,2.586157));
#8383 = DIRECTION('',(0.,-1.224646799147E-16,-1.));
#8384 = DIRECTION('',(1.,0.,0.));
#8385 = ADVANCED_FACE('',(#8386),#8392,.T.);
#8386 = FACE_BOUND('',#8387,.T.);
#8387 = EDGE_LOOP('',(#8388,#8389,#8390,#8391));
#8388 = ORIENTED_EDGE('',*,*,#6937,.F.);
#8389 = ORIENTED_EDGE('',*,*,#6953,.T.);
#8390 = ORIENTED_EDGE('',*,*,#8375,.T.);
#8391 = ORIENTED_EDGE('',*,*,#6905,.F.);
#8392 = PLANE('',#8393);
#8393 = AXIS2_PLACEMENT_3D('',#8394,#8395,#8396);
#8394 = CARTESIAN_POINT('',(13.802,27.687358,4.586157));
#8395 = DIRECTION('',(0.,-1.,1.224646799147E-16));
#8396 = DIRECTION('',(0.,-1.224646799147E-16,-1.));
#8397 = ADVANCED_FACE('',(#8398),#8409,.T.);
#8398 = FACE_BOUND('',#8399,.T.);
#8399 = EDGE_LOOP('',(#8400,#8401,#8402,#8403));
#8400 = ORIENTED_EDGE('',*,*,#7057,.F.);
#8401 = ORIENTED_EDGE('',*,*,#6975,.F.);
#8402 = ORIENTED_EDGE('',*,*,#7009,.T.);
#8403 = ORIENTED_EDGE('',*,*,#8404,.F.);
#8404 = EDGE_CURVE('',#7050,#7002,#8405,.T.);
#8405 = LINE('',#8406,#8407);
#8406 = CARTESIAN_POINT('',(6.775,27.687358,2.586157));
#8407 = VECTOR('',#8408,1.);
#8408 = DIRECTION('',(1.,0.,0.));
#8409 = PLANE('',#8410);
#8410 = AXIS2_PLACEMENT_3D('',#8411,#8412,#8413);
#8411 = CARTESIAN_POINT('',(6.775,32.387358,2.586157));
#8412 = DIRECTION('',(0.,-1.224646799147E-16,-1.));
#8413 = DIRECTION('',(1.,0.,0.));
#8414 = ADVANCED_FACE('',(#8415),#8421,.T.);
#8415 = FACE_BOUND('',#8416,.T.);
#8416 = EDGE_LOOP('',(#8417,#8418,#8419,#8420));
#8417 = ORIENTED_EDGE('',*,*,#7033,.F.);
#8418 = ORIENTED_EDGE('',*,*,#7049,.T.);
#8419 = ORIENTED_EDGE('',*,*,#8404,.T.);
#8420 = ORIENTED_EDGE('',*,*,#7001,.F.);
#8421 = PLANE('',#8422);
#8422 = AXIS2_PLACEMENT_3D('',#8423,#8424,#8425);
#8423 = CARTESIAN_POINT('',(6.775,27.687358,4.586157));
#8424 = DIRECTION('',(0.,-1.,1.224646799147E-16));
#8425 = DIRECTION('',(0.,-1.224646799147E-16,-1.));
#8426 = ADVANCED_FACE('',(#8427),#8438,.T.);
#8427 = FACE_BOUND('',#8428,.T.);
#8428 = EDGE_LOOP('',(#8429,#8430,#8431,#8432));
#8429 = ORIENTED_EDGE('',*,*,#7153,.F.);
#8430 = ORIENTED_EDGE('',*,*,#7071,.F.);
#8431 = ORIENTED_EDGE('',*,*,#7105,.T.);
#8432 = ORIENTED_EDGE('',*,*,#8433,.F.);
#8433 = EDGE_CURVE('',#7146,#7098,#8434,.T.);
#8434 = LINE('',#8435,#8436);
#8435 = CARTESIAN_POINT('',(-19.237344,27.687358,2.586157));
#8436 = VECTOR('',#8437,1.);
#8437 = DIRECTION('',(1.,0.,0.));
#8438 = PLANE('',#8439);
#8439 = AXIS2_PLACEMENT_3D('',#8440,#8441,#8442);
#8440 = CARTESIAN_POINT('',(-19.237344,32.387358,2.586157));
#8441 = DIRECTION('',(0.,-1.224646799147E-16,-1.));
#8442 = DIRECTION('',(1.,0.,0.));
#8443 = ADVANCED_FACE('',(#8444),#8450,.T.);
#8444 = FACE_BOUND('',#8445,.T.);
#8445 = EDGE_LOOP('',(#8446,#8447,#8448,#8449));
#8446 = ORIENTED_EDGE('',*,*,#7129,.F.);
#8447 = ORIENTED_EDGE('',*,*,#7145,.T.);
#8448 = ORIENTED_EDGE('',*,*,#8433,.T.);
#8449 = ORIENTED_EDGE('',*,*,#7097,.F.);
#8450 = PLANE('',#8451);
#8451 = AXIS2_PLACEMENT_3D('',#8452,#8453,#8454);
#8452 = CARTESIAN_POINT('',(-19.237344,27.687358,4.586157));
#8453 = DIRECTION('',(0.,-1.,1.224646799147E-16));
#8454 = DIRECTION('',(0.,-1.224646799147E-16,-1.));
#8455 = ADVANCED_FACE('',(#8456),#8474,.T.);
#8456 = FACE_BOUND('',#8457,.T.);
#8457 = EDGE_LOOP('',(#8458,#8466,#8467,#8468));
#8458 = ORIENTED_EDGE('',*,*,#8459,.F.);
#8459 = EDGE_CURVE('',#7200,#8460,#8462,.T.);
#8460 = VERTEX_POINT('',#8461);
#8461 = CARTESIAN_POINT('',(21.437344,14.161016,2.586157));
#8462 = LINE('',#8463,#8464);
#8463 = CARTESIAN_POINT('',(21.437344,25.487358,2.586157));
#8464 = VECTOR('',#8465,1.);
#8465 = DIRECTION('',(0.,-1.,1.224646799147E-16));
#8466 = ORIENTED_EDGE('',*,*,#7207,.T.);
#8467 = ORIENTED_EDGE('',*,*,#7169,.T.);
#8468 = ORIENTED_EDGE('',*,*,#8469,.T.);
#8469 = EDGE_CURVE('',#7170,#8460,#8470,.T.);
#8470 = LINE('',#8471,#8472);
#8471 = CARTESIAN_POINT('',(14.961938,14.161016,2.586157));
#8472 = VECTOR('',#8473,1.);
#8473 = DIRECTION('',(-1.,0.,-0.));
#8474 = PLANE('',#8475);
#8475 = AXIS2_PLACEMENT_3D('',#8476,#8477,#8478);
#8476 = CARTESIAN_POINT('',(21.437344,25.487358,2.586157));
#8477 = DIRECTION('',(0.,-1.224646799147E-16,-1.));
#8478 = DIRECTION('',(1.,0.,0.));
#8479 = ADVANCED_FACE('',(#8480),#8491,.F.);
#8480 = FACE_BOUND('',#8481,.F.);
#8481 = EDGE_LOOP('',(#8482,#8483,#8484,#8485));
#8482 = ORIENTED_EDGE('',*,*,#8459,.F.);
#8483 = ORIENTED_EDGE('',*,*,#7199,.F.);
#8484 = ORIENTED_EDGE('',*,*,#7222,.T.);
#8485 = ORIENTED_EDGE('',*,*,#8486,.T.);
#8486 = EDGE_CURVE('',#7223,#8460,#8487,.T.);
#8487 = LINE('',#8488,#8489);
#8488 = CARTESIAN_POINT('',(21.437344,14.161016,5.5980785));
#8489 = VECTOR('',#8490,1.);
#8490 = DIRECTION('',(0.,-1.224646799147E-16,-1.));
#8491 = PLANE('',#8492);
#8492 = AXIS2_PLACEMENT_3D('',#8493,#8494,#8495);
#8493 = CARTESIAN_POINT('',(21.437344,25.487358,4.586157));
#8494 = DIRECTION('',(1.,0.,0.));
#8495 = DIRECTION('',(0.,-1.224646799147E-16,-1.));
#8496 = ADVANCED_FACE('',(#8497),#8503,.T.);
#8497 = FACE_BOUND('',#8498,.T.);
#8498 = EDGE_LOOP('',(#8499,#8500,#8501,#8502));
#8499 = ORIENTED_EDGE('',*,*,#7253,.F.);
#8500 = ORIENTED_EDGE('',*,*,#7232,.T.);
#8501 = ORIENTED_EDGE('',*,*,#8486,.T.);
#8502 = ORIENTED_EDGE('',*,*,#8469,.F.);
#8503 = PLANE('',#8504);
#8504 = AXIS2_PLACEMENT_3D('',#8505,#8506,#8507);
#8505 = CARTESIAN_POINT('',(8.486532,14.161016,6.61));
#8506 = DIRECTION('',(0.,-1.,1.224646799147E-16));
#8507 = DIRECTION('',(0.,-1.224646799147E-16,-1.));
#8508 = ADVANCED_FACE('',(#8509),#8520,.F.);
#8509 = FACE_BOUND('',#8510,.F.);
#8510 = EDGE_LOOP('',(#8511,#8512,#8513,#8519));
#8511 = ORIENTED_EDGE('',*,*,#7276,.F.);
#8512 = ORIENTED_EDGE('',*,*,#7867,.T.);
#8513 = ORIENTED_EDGE('',*,*,#8514,.T.);
#8514 = EDGE_CURVE('',#7868,#7304,#8515,.T.);
#8515 = LINE('',#8516,#8517);
#8516 = CARTESIAN_POINT('',(22.537344,-0.438984,5.5980785));
#8517 = VECTOR('',#8518,1.);
#8518 = DIRECTION('',(0.,-1.224646799147E-16,-1.));
#8519 = ORIENTED_EDGE('',*,*,#7303,.F.);
#8520 = PLANE('',#8521);
#8521 = AXIS2_PLACEMENT_3D('',#8522,#8523,#8524);
#8522 = CARTESIAN_POINT('',(8.486532,-0.438984,6.61));
#8523 = DIRECTION('',(0.,-1.,1.224646799147E-16));
#8524 = DIRECTION('',(0.,-1.224646799147E-16,-1.));
#8525 = ADVANCED_FACE('',(#8526),#8551,.T.);
#8526 = FACE_BOUND('',#8527,.T.);
#8527 = EDGE_LOOP('',(#8528,#8536,#8537,#8545));
#8528 = ORIENTED_EDGE('',*,*,#8529,.F.);
#8529 = EDGE_CURVE('',#7304,#8530,#8532,.T.);
#8530 = VERTEX_POINT('',#8531);
#8531 = CARTESIAN_POINT('',(21.437344,-0.438984,2.586157));
#8532 = LINE('',#8533,#8534);
#8533 = CARTESIAN_POINT('',(14.961938,-0.438984,2.586157));
#8534 = VECTOR('',#8535,1.);
#8535 = DIRECTION('',(-1.,0.,-0.));
#8536 = ORIENTED_EDGE('',*,*,#7328,.T.);
#8537 = ORIENTED_EDGE('',*,*,#8538,.F.);
#8538 = EDGE_CURVE('',#8539,#7329,#8541,.T.);
#8539 = VERTEX_POINT('',#8540);
#8540 = CARTESIAN_POINT('',(21.437344,-25.487358,2.586157));
#8541 = LINE('',#8542,#8543);
#8542 = CARTESIAN_POINT('',(21.437344,-25.487358,2.586157));
#8543 = VECTOR('',#8544,1.);
#8544 = DIRECTION('',(1.,0.,0.));
#8545 = ORIENTED_EDGE('',*,*,#8546,.F.);
#8546 = EDGE_CURVE('',#8530,#8539,#8547,.T.);
#8547 = LINE('',#8548,#8549);
#8548 = CARTESIAN_POINT('',(21.437344,25.487358,2.586157));
#8549 = VECTOR('',#8550,1.);
#8550 = DIRECTION('',(0.,-1.,1.224646799147E-16));
#8551 = PLANE('',#8552);
#8552 = AXIS2_PLACEMENT_3D('',#8553,#8554,#8555);
#8553 = CARTESIAN_POINT('',(21.437344,25.487358,2.586157));
#8554 = DIRECTION('',(0.,-1.224646799147E-16,-1.));
#8555 = DIRECTION('',(1.,0.,0.));
#8556 = ADVANCED_FACE('',(#8557,#8565),#8568,.F.);
#8557 = FACE_BOUND('',#8558,.F.);
#8558 = EDGE_LOOP('',(#8559,#8560,#8561,#8562,#8563,#8564));
#8559 = ORIENTED_EDGE('',*,*,#7588,.T.);
#8560 = ORIENTED_EDGE('',*,*,#7612,.T.);
#8561 = ORIENTED_EDGE('',*,*,#7636,.T.);
#8562 = ORIENTED_EDGE('',*,*,#7660,.T.);
#8563 = ORIENTED_EDGE('',*,*,#7684,.T.);
#8564 = ORIENTED_EDGE('',*,*,#7708,.T.);
#8565 = FACE_BOUND('',#8566,.F.);
#8566 = EDGE_LOOP('',(#8567));
#8567 = ORIENTED_EDGE('',*,*,#7375,.F.);
#8568 = PLANE('',#8569);
#8569 = AXIS2_PLACEMENT_3D('',#8570,#8571,#8572);
#8570 = CARTESIAN_POINT('',(30.437344,20.062,3.7));
#8571 = DIRECTION('',(0.,-1.224646799147E-16,-1.));
#8572 = DIRECTION('',(1.,0.,0.));
#8573 = ADVANCED_FACE('',(#8574),#8593,.F.);
#8574 = FACE_BOUND('',#8575,.F.);
#8575 = EDGE_LOOP('',(#8576,#8584,#8591,#8592));
#8576 = ORIENTED_EDGE('',*,*,#8577,.F.);
#8577 = EDGE_CURVE('',#8578,#7397,#8580,.T.);
#8578 = VERTEX_POINT('',#8579);
#8579 = CARTESIAN_POINT('',(-28.737344,-21.938,3.7));
#8580 = LINE('',#8581,#8582);
#8581 = CARTESIAN_POINT('',(-28.737344,-21.938,7.));
#8582 = VECTOR('',#8583,1.);
#8583 = DIRECTION('',(0.,-1.224646799147E-16,-1.));
#8584 = ORIENTED_EDGE('',*,*,#8585,.T.);
#8585 = EDGE_CURVE('',#8578,#8578,#8586,.T.);
#8586 = CIRCLE('',#8587,1.7);
#8587 = AXIS2_PLACEMENT_3D('',#8588,#8589,#8590);
#8588 = CARTESIAN_POINT('',(-30.437344,-21.938,3.7));
#8589 = DIRECTION('',(0.,-1.224646799147E-16,-1.));
#8590 = DIRECTION('',(1.,0.,0.));
#8591 = ORIENTED_EDGE('',*,*,#8577,.T.);
#8592 = ORIENTED_EDGE('',*,*,#7396,.F.);
#8593 = CYLINDRICAL_SURFACE('',#8594,1.7);
#8594 = AXIS2_PLACEMENT_3D('',#8595,#8596,#8597);
#8595 = CARTESIAN_POINT('',(-30.437344,-21.938,7.));
#8596 = DIRECTION('',(0.,-1.224646799147E-16,-1.));
#8597 = DIRECTION('',(1.,0.,0.));
#8598 = ADVANCED_FACE('',(#8599),#8618,.F.);
#8599 = FACE_BOUND('',#8600,.F.);
#8600 = EDGE_LOOP('',(#8601,#8609,#8616,#8617));
#8601 = ORIENTED_EDGE('',*,*,#8602,.F.);
#8602 = EDGE_CURVE('',#8603,#7419,#8605,.T.);
#8603 = VERTEX_POINT('',#8604);
#8604 = CARTESIAN_POINT('',(32.137344,-21.938,3.7));
#8605 = LINE('',#8606,#8607);
#8606 = CARTESIAN_POINT('',(32.137344,-21.938,7.));
#8607 = VECTOR('',#8608,1.);
#8608 = DIRECTION('',(0.,-1.224646799147E-16,-1.));
#8609 = ORIENTED_EDGE('',*,*,#8610,.T.);
#8610 = EDGE_CURVE('',#8603,#8603,#8611,.T.);
#8611 = CIRCLE('',#8612,1.7);
#8612 = AXIS2_PLACEMENT_3D('',#8613,#8614,#8615);
#8613 = CARTESIAN_POINT('',(30.437344,-21.938,3.7));
#8614 = DIRECTION('',(0.,-1.224646799147E-16,-1.));
#8615 = DIRECTION('',(1.,0.,0.));
#8616 = ORIENTED_EDGE('',*,*,#8602,.T.);
#8617 = ORIENTED_EDGE('',*,*,#7418,.F.);
#8618 = CYLINDRICAL_SURFACE('',#8619,1.7);
#8619 = AXIS2_PLACEMENT_3D('',#8620,#8621,#8622);
#8620 = CARTESIAN_POINT('',(30.437344,-21.938,7.));
#8621 = DIRECTION('',(0.,-1.224646799147E-16,-1.));
#8622 = DIRECTION('',(1.,0.,0.));
#8623 = ADVANCED_FACE('',(#8624,#8632),#8635,.F.);
#8624 = FACE_BOUND('',#8625,.F.);
#8625 = EDGE_LOOP('',(#8626,#8627,#8628,#8629,#8630,#8631));
#8626 = ORIENTED_EDGE('',*,*,#7732,.T.);
#8627 = ORIENTED_EDGE('',*,*,#7756,.T.);
#8628 = ORIENTED_EDGE('',*,*,#7780,.T.);
#8629 = ORIENTED_EDGE('',*,*,#7804,.T.);
#8630 = ORIENTED_EDGE('',*,*,#7828,.T.);
#8631 = ORIENTED_EDGE('',*,*,#7852,.T.);
#8632 = FACE_BOUND('',#8633,.F.);
#8633 = EDGE_LOOP('',(#8634));
#8634 = ORIENTED_EDGE('',*,*,#8585,.F.);
#8635 = PLANE('',#8636);
#8636 = AXIS2_PLACEMENT_3D('',#8637,#8638,#8639);
#8637 = CARTESIAN_POINT('',(-30.437344,-21.938,3.7));
#8638 = DIRECTION('',(0.,-1.224646799147E-16,-1.));
#8639 = DIRECTION('',(1.,0.,0.));
#8640 = ADVANCED_FACE('',(#8641),#8666,.F.);
#8641 = FACE_BOUND('',#8642,.F.);
#8642 = EDGE_LOOP('',(#8643,#8651,#8652,#8660));
#8643 = ORIENTED_EDGE('',*,*,#8644,.F.);
#8644 = EDGE_CURVE('',#7868,#8645,#8647,.T.);
#8645 = VERTEX_POINT('',#8646);
#8646 = CARTESIAN_POINT('',(21.437344,-0.438984,4.586157));
#8647 = LINE('',#8648,#8649);
#8648 = CARTESIAN_POINT('',(14.961938,-0.438984,4.586157));
#8649 = VECTOR('',#8650,1.);
#8650 = DIRECTION('',(-1.,0.,-0.));
#8651 = ORIENTED_EDGE('',*,*,#7884,.T.);
#8652 = ORIENTED_EDGE('',*,*,#8653,.F.);
#8653 = EDGE_CURVE('',#8654,#7877,#8656,.T.);
#8654 = VERTEX_POINT('',#8655);
#8655 = CARTESIAN_POINT('',(21.437344,-25.487358,4.586157));
#8656 = LINE('',#8657,#8658);
#8657 = CARTESIAN_POINT('',(21.437344,-25.487358,4.586157));
#8658 = VECTOR('',#8659,1.);
#8659 = DIRECTION('',(1.,0.,0.));
#8660 = ORIENTED_EDGE('',*,*,#8661,.F.);
#8661 = EDGE_CURVE('',#8645,#8654,#8662,.T.);
#8662 = LINE('',#8663,#8664);
#8663 = CARTESIAN_POINT('',(21.437344,25.487358,4.586157));
#8664 = VECTOR('',#8665,1.);
#8665 = DIRECTION('',(0.,-1.,1.224646799147E-16));
#8666 = PLANE('',#8667);
#8667 = AXIS2_PLACEMENT_3D('',#8668,#8669,#8670);
#8668 = CARTESIAN_POINT('',(21.437344,25.487358,4.586157));
#8669 = DIRECTION('',(0.,-1.224646799147E-16,-1.));
#8670 = DIRECTION('',(1.,0.,0.));
#8671 = ADVANCED_FACE('',(#8672),#8683,.T.);
#8672 = FACE_BOUND('',#8673,.T.);
#8673 = EDGE_LOOP('',(#8674,#8675,#8681,#8682));
#8674 = ORIENTED_EDGE('',*,*,#8653,.F.);
#8675 = ORIENTED_EDGE('',*,*,#8676,.T.);
#8676 = EDGE_CURVE('',#8654,#8539,#8677,.T.);
#8677 = LINE('',#8678,#8679);
#8678 = CARTESIAN_POINT('',(21.437344,-25.487358,4.586157));
#8679 = VECTOR('',#8680,1.);
#8680 = DIRECTION('',(0.,-1.224646799147E-16,-1.));
#8681 = ORIENTED_EDGE('',*,*,#8538,.T.);
#8682 = ORIENTED_EDGE('',*,*,#7899,.F.);
#8683 = PLANE('',#8684);
#8684 = AXIS2_PLACEMENT_3D('',#8685,#8686,#8687);
#8685 = CARTESIAN_POINT('',(21.437344,-25.487358,4.586157));
#8686 = DIRECTION('',(0.,-1.,1.224646799147E-16));
#8687 = DIRECTION('',(0.,-1.224646799147E-16,-1.));
#8688 = ADVANCED_FACE('',(#8689,#8697),#8700,.F.);
#8689 = FACE_BOUND('',#8690,.F.);
#8690 = EDGE_LOOP('',(#8691,#8692,#8693,#8694,#8695,#8696));
#8691 = ORIENTED_EDGE('',*,*,#7924,.T.);
#8692 = ORIENTED_EDGE('',*,*,#7948,.T.);
#8693 = ORIENTED_EDGE('',*,*,#7972,.T.);
#8694 = ORIENTED_EDGE('',*,*,#7996,.T.);
#8695 = ORIENTED_EDGE('',*,*,#8020,.T.);
#8696 = ORIENTED_EDGE('',*,*,#8044,.T.);
#8697 = FACE_BOUND('',#8698,.F.);
#8698 = EDGE_LOOP('',(#8699));
#8699 = ORIENTED_EDGE('',*,*,#8610,.F.);
#8700 = PLANE('',#8701);
#8701 = AXIS2_PLACEMENT_3D('',#8702,#8703,#8704);
#8702 = CARTESIAN_POINT('',(30.437344,-21.938,3.7));
#8703 = DIRECTION('',(0.,-1.224646799147E-16,-1.));
#8704 = DIRECTION('',(1.,0.,0.));
#8705 = ADVANCED_FACE('',(#8706),#8717,.T.);
#8706 = FACE_BOUND('',#8707,.T.);
#8707 = EDGE_LOOP('',(#8708,#8709,#8715,#8716));
#8708 = ORIENTED_EDGE('',*,*,#8252,.F.);
#8709 = ORIENTED_EDGE('',*,*,#8710,.T.);
#8710 = EDGE_CURVE('',#8253,#8198,#8711,.T.);
#8711 = LINE('',#8712,#8713);
#8712 = CARTESIAN_POINT('',(-3.975,-27.687358,2.586157));
#8713 = VECTOR('',#8714,1.);
#8714 = DIRECTION('',(1.,0.,0.));
#8715 = ORIENTED_EDGE('',*,*,#8197,.T.);
#8716 = ORIENTED_EDGE('',*,*,#8180,.T.);
#8717 = PLANE('',#8718);
#8718 = AXIS2_PLACEMENT_3D('',#8719,#8720,#8721);
#8719 = CARTESIAN_POINT('',(-3.975,-27.687358,2.586157));
#8720 = DIRECTION('',(0.,-1.224646799147E-16,-1.));
#8721 = DIRECTION('',(1.,0.,0.));
#8722 = ADVANCED_FACE('',(#8723),#8729,.F.);
#8723 = FACE_BOUND('',#8724,.F.);
#8724 = EDGE_LOOP('',(#8725,#8726,#8727,#8728));
#8725 = ORIENTED_EDGE('',*,*,#8236,.F.);
#8726 = ORIENTED_EDGE('',*,*,#8260,.T.);
#8727 = ORIENTED_EDGE('',*,*,#8710,.T.);
#8728 = ORIENTED_EDGE('',*,*,#8205,.F.);
#8729 = PLANE('',#8730);
#8730 = AXIS2_PLACEMENT_3D('',#8731,#8732,#8733);
#8731 = CARTESIAN_POINT('',(-3.975,-27.687358,4.586157));
#8732 = DIRECTION('',(0.,-1.,1.224646799147E-16));
#8733 = DIRECTION('',(0.,-1.224646799147E-16,-1.));
#8734 = ADVANCED_FACE('',(#8735),#8746,.T.);
#8735 = FACE_BOUND('',#8736,.T.);
#8736 = EDGE_LOOP('',(#8737,#8738,#8744,#8745));
#8737 = ORIENTED_EDGE('',*,*,#8348,.F.);
#8738 = ORIENTED_EDGE('',*,*,#8739,.T.);
#8739 = EDGE_CURVE('',#8349,#8294,#8740,.T.);
#8740 = LINE('',#8741,#8742);
#8741 = CARTESIAN_POINT('',(-19.237344,-27.687358,2.586157));
#8742 = VECTOR('',#8743,1.);
#8743 = DIRECTION('',(1.,0.,0.));
#8744 = ORIENTED_EDGE('',*,*,#8293,.T.);
#8745 = ORIENTED_EDGE('',*,*,#8276,.T.);
#8746 = PLANE('',#8747);
#8747 = AXIS2_PLACEMENT_3D('',#8748,#8749,#8750);
#8748 = CARTESIAN_POINT('',(-19.237344,-27.687358,2.586157));
#8749 = DIRECTION('',(0.,-1.224646799147E-16,-1.));
#8750 = DIRECTION('',(1.,0.,0.));
#8751 = ADVANCED_FACE('',(#8752),#8758,.F.);
#8752 = FACE_BOUND('',#8753,.F.);
#8753 = EDGE_LOOP('',(#8754,#8755,#8756,#8757));
#8754 = ORIENTED_EDGE('',*,*,#8332,.F.);
#8755 = ORIENTED_EDGE('',*,*,#8356,.T.);
#8756 = ORIENTED_EDGE('',*,*,#8739,.T.);
#8757 = ORIENTED_EDGE('',*,*,#8301,.F.);
#8758 = PLANE('',#8759);
#8759 = AXIS2_PLACEMENT_3D('',#8760,#8761,#8762);
#8760 = CARTESIAN_POINT('',(-19.237344,-27.687358,4.586157));
#8761 = DIRECTION('',(0.,-1.,1.224646799147E-16));
#8762 = DIRECTION('',(0.,-1.224646799147E-16,-1.));
#8763 = ADVANCED_FACE('',(#8764),#8775,.F.);
#8764 = FACE_BOUND('',#8765,.F.);
#8765 = EDGE_LOOP('',(#8766,#8767,#8768,#8774));
#8766 = ORIENTED_EDGE('',*,*,#8514,.F.);
#8767 = ORIENTED_EDGE('',*,*,#8644,.T.);
#8768 = ORIENTED_EDGE('',*,*,#8769,.T.);
#8769 = EDGE_CURVE('',#8645,#8530,#8770,.T.);
#8770 = LINE('',#8771,#8772);
#8771 = CARTESIAN_POINT('',(21.437344,-0.438984,5.5980785));
#8772 = VECTOR('',#8773,1.);
#8773 = DIRECTION('',(0.,-1.224646799147E-16,-1.));
#8774 = ORIENTED_EDGE('',*,*,#8529,.F.);
#8775 = PLANE('',#8776);
#8776 = AXIS2_PLACEMENT_3D('',#8777,#8778,#8779);
#8777 = CARTESIAN_POINT('',(8.486532,-0.438984,6.61));
#8778 = DIRECTION('',(0.,-1.,1.224646799147E-16));
#8779 = DIRECTION('',(0.,-1.224646799147E-16,-1.));
#8780 = ADVANCED_FACE('',(#8781),#8787,.F.);
#8781 = FACE_BOUND('',#8782,.F.);
#8782 = EDGE_LOOP('',(#8783,#8784,#8785,#8786));
#8783 = ORIENTED_EDGE('',*,*,#8546,.F.);
#8784 = ORIENTED_EDGE('',*,*,#8769,.F.);
#8785 = ORIENTED_EDGE('',*,*,#8661,.T.);
#8786 = ORIENTED_EDGE('',*,*,#8676,.T.);
#8787 = PLANE('',#8788);
#8788 = AXIS2_PLACEMENT_3D('',#8789,#8790,#8791);
#8789 = CARTESIAN_POINT('',(21.437344,25.487358,4.586157));
#8790 = DIRECTION('',(1.,0.,0.));
#8791 = DIRECTION('',(0.,-1.224646799147E-16,-1.));
#8792 = ( GEOMETRIC_REPRESENTATION_CONTEXT(3) 
GLOBAL_UNCERTAINTY_ASSIGNED_CONTEXT((#8796)) 
GLOBAL_UNIT_ASSIGNED_CONTEXT((#8793,#8794,#8795)) REPRESENTATION_CONTEXT
('Context #1','3D Context with UNIT and UNCERTAINTY') );
#8793 = ( LENGTH_UNIT() NAMED_UNIT(*) SI_UNIT(.MILLI.,.METRE.) );
#8794 = ( NAMED_UNIT(*) PLANE_ANGLE_UNIT() SI_UNIT($,.RADIAN.) );
#8795 = ( NAMED_UNIT(*) SI_UNIT($,.STERADIAN.) SOLID_ANGLE_UNIT() );
#8796 = UNCERTAINTY_MEASURE_WITH_UNIT(LENGTH_MEASURE(1.E-06),#8793,
  'distance_accuracy_value','confusion accuracy');
#8797 = PRODUCT_RELATED_PRODUCT_CATEGORY('part',$,(#7));
ENDSEC;
END-ISO-10303-21;
