ISO-10303-21;
HEADER;
FILE_DESCRIPTION(('FreeCAD Model'),'2;1');
FILE_NAME('Open CASCADE Shape Model','2026-09-14T10:45:20',('FreeCAD'),(
    'FreeCAD'),'Open CASCADE STEP processor 7.9','FreeCAD','Unknown');
FILE_SCHEMA(('AUTOMOTIVE_DESIGN { 1 0 10303 214 1 1 1 1 }'));
ENDSEC;
DATA;
#1 = APPLICATION_PROTOCOL_DEFINITION('international standard',
  'automotive_design',2000,#2);
#2 = APPLICATION_CONTEXT(
  'core data for automotive mechanical design processes');
#3 = SHAPE_DEFINITION_REPRESENTATION(#4,#10);
#4 = PRODUCT_DEFINITION_SHAPE('','',#5);
#5 = PRODUCT_DEFINITION('design','',#6,#9);
#6 = PRODUCT_DEFINITION_FORMATION('','',#7);
#7 = PRODUCT('Open CASCADE STEP translator 7.9 23',
  'Open CASCADE STEP translator 7.9 23','',(#8));
#8 = PRODUCT_CONTEXT('',#2,'mechanical');
#9 = PRODUCT_DEFINITION_CONTEXT('part definition',#2,'design');
#10 = ADVANCED_BREP_SHAPE_REPRESENTATION('',(#11,#15),#7718);
#11 = AXIS2_PLACEMENT_3D('',#12,#13,#14);
#12 = CARTESIAN_POINT('',(0.,0.,0.));
#13 = DIRECTION('',(0.,0.,1.));
#14 = DIRECTION('',(1.,0.,-0.));
#15 = MANIFOLD_SOLID_BREP('',#16);
#16 = CLOSED_SHELL('',(#17,#65,#112,#143,#215,#232,#613,#635,#647,#686,
    #1048,#1079,#1121,#1154,#1217,#1242,#1304,#1376,#1429,#1524,#1541,
    #1558,#1653,#1686,#1720,#1754,#1780,#1914,#1931,#1948,#1965,#2013,
    #2106,#2124,#2166,#2183,#2214,#2237,#2639,#2663,#2679,#2701,#2716,
    #2769,#2791,#2806,#2859,#2884,#2901,#2918,#2930,#2947,#2972,#2989,
    #3039,#3090,#3106,#3131,#3155,#3186,#3217,#3248,#3273,#3288,#3321,
    #3336,#3368,#3385,#3416,#3440,#3457,#3488,#3512,#3536,#3560,#3584,
    #3615,#3639,#3663,#3687,#3711,#3728,#3745,#3776,#3800,#3824,#3848,
    #3872,#3903,#3927,#3951,#3975,#3999,#4016,#4028,#4053,#4064,#4081,
    #4106,#4137,#4161,#4185,#4209,#4233,#4264,#4288,#4312,#4336,#4360,
    #4391,#4415,#4439,#4463,#4487,#4504,#4521,#4538,#4562,#4586,#4610,
    #4642,#4684,#4726,#4750,#4767,#4779,#4859,#4930,#4974,#5036,#5052,
    #5063,#5125,#5141,#5152,#5164,#5223,#5282,#5318,#5356,#5373,#5385,
    #5409,#5426,#5450,#5472,#5489,#5506,#5537,#5554,#5578,#5595,#5626,
    #5650,#5667,#5698,#5722,#5746,#5763,#5794,#5818,#5842,#5859,#5890,
    #5914,#5938,#5955,#5986,#6010,#6034,#6093,#6152,#6169,#6200,#6224,
    #6248,#6265,#6296,#6320,#6344,#6361,#6392,#6416,#6440,#6471,#6495,
    #6512,#6530,#6556,#6592,#6609,#6668,#6727,#6749,#6766,#6783,#6800,
    #6817,#6829,#6851,#6868,#6885,#6902,#6919,#6931,#6955,#6974,#6996,
    #7020,#7044,#7063,#7085,#7102,#7114,#7131,#7143,#7160,#7172,#7189,
    #7201,#7218,#7230,#7247,#7259,#7276,#7288,#7305,#7317,#7334,#7346,
    #7377,#7401,#7425,#7449,#7473,#7490,#7521,#7545,#7569,#7593,#7617,
    #7634,#7659,#7684,#7701));
#17 = ADVANCED_FACE('',(#18),#60,.F.);
#18 = FACE_BOUND('',#19,.F.);
#19 = EDGE_LOOP('',(#20,#30,#38,#46,#54));
#20 = ORIENTED_EDGE('',*,*,#21,.F.);
#21 = EDGE_CURVE('',#22,#24,#26,.T.);
#22 = VERTEX_POINT('',#23);
#23 = CARTESIAN_POINT('',(-41.737344,42.721026913195,-3.552713678801E-15
    ));
#24 = VERTEX_POINT('',#25);
#25 = CARTESIAN_POINT('',(-41.737344,38.,7.105427357601E-15));
#26 = LINE('',#27,#28);
#27 = CARTESIAN_POINT('',(-41.737344,500.,-4.973799150321E-14));
#28 = VECTOR('',#29,1.);
#29 = DIRECTION('',(0.,-1.,1.224646799147E-16));
#30 = ORIENTED_EDGE('',*,*,#31,.F.);
#31 = EDGE_CURVE('',#32,#22,#34,.T.);
#32 = VERTEX_POINT('',#33);
#33 = CARTESIAN_POINT('',(-41.737344,42.721026913195,6.6));
#34 = LINE('',#35,#36);
#35 = CARTESIAN_POINT('',(-41.737344,42.721026913195,-227.7570123472));
#36 = VECTOR('',#37,1.);
#37 = DIRECTION('',(2.22044604925E-16,-1.224646799147E-16,-1.));
#38 = ORIENTED_EDGE('',*,*,#39,.F.);
#39 = EDGE_CURVE('',#40,#32,#42,.T.);
#40 = VERTEX_POINT('',#41);
#41 = CARTESIAN_POINT('',(-41.737344,39.843967485237,6.6));
#42 = LINE('',#43,#44);
#43 = CARTESIAN_POINT('',(-41.737344,400.,6.6));
#44 = VECTOR('',#45,1.);
#45 = DIRECTION('',(0.,1.,-1.224646799147E-16));
#46 = ORIENTED_EDGE('',*,*,#47,.F.);
#47 = EDGE_CURVE('',#48,#40,#50,.T.);
#48 = VERTEX_POINT('',#49);
#49 = CARTESIAN_POINT('',(-41.737344,38.,6.6));
#50 = LINE('',#51,#52);
#51 = CARTESIAN_POINT('',(-41.737344,500.,6.6));
#52 = VECTOR('',#53,1.);
#53 = DIRECTION('',(0.,1.,-1.224646799147E-16));
#54 = ORIENTED_EDGE('',*,*,#55,.T.);
#55 = EDGE_CURVE('',#48,#24,#56,.T.);
#56 = LINE('',#57,#58);
#57 = CARTESIAN_POINT('',(-41.737344,38.,-6.176499));
#58 = VECTOR('',#59,1.);
#59 = DIRECTION('',(2.22044604925E-16,-1.224646799147E-16,-1.));
#60 = PLANE('',#61);
#61 = AXIS2_PLACEMENT_3D('',#62,#63,#64);
#62 = CARTESIAN_POINT('',(-41.737344,500.,-475.176499));
#63 = DIRECTION('',(1.,2.719262146894E-32,2.22044604925E-16));
#64 = DIRECTION('',(-2.22044604925E-16,1.224646799147E-16,1.));
#65 = ADVANCED_FACE('',(#66),#107,.T.);
#66 = FACE_BOUND('',#67,.T.);
#67 = EDGE_LOOP('',(#68,#69,#77,#85,#93,#101));
#68 = ORIENTED_EDGE('',*,*,#21,.F.);
#69 = ORIENTED_EDGE('',*,*,#70,.T.);
#70 = EDGE_CURVE('',#22,#71,#73,.T.);
#71 = VERTEX_POINT('',#72);
#72 = CARTESIAN_POINT('',(-41.737344,54.,-7.105427357601E-15));
#73 = LINE('',#74,#75);
#74 = CARTESIAN_POINT('',(-41.737344,177.,-2.13162820728E-14));
#75 = VECTOR('',#76,1.);
#76 = DIRECTION('',(0.,1.,-1.224646799147E-16));
#77 = ORIENTED_EDGE('',*,*,#78,.T.);
#78 = EDGE_CURVE('',#71,#79,#81,.T.);
#79 = VERTEX_POINT('',#80);
#80 = CARTESIAN_POINT('',(-37.737344,54.,-7.105427357601E-15));
#81 = LINE('',#82,#83);
#82 = CARTESIAN_POINT('',(-170.868672,54.,-7.105427357601E-15));
#83 = VECTOR('',#84,1.);
#84 = DIRECTION('',(1.,0.,0.));
#85 = ORIENTED_EDGE('',*,*,#86,.F.);
#86 = EDGE_CURVE('',#87,#79,#89,.T.);
#87 = VERTEX_POINT('',#88);
#88 = CARTESIAN_POINT('',(-37.737344,42.096896854144,-7.105427357601E-15
    ));
#89 = LINE('',#90,#91);
#90 = CARTESIAN_POINT('',(-37.737344,177.,-2.13162820728E-14));
#91 = VECTOR('',#92,1.);
#92 = DIRECTION('',(0.,1.,-1.224646799147E-16));
#93 = ORIENTED_EDGE('',*,*,#94,.T.);
#94 = EDGE_CURVE('',#87,#95,#97,.T.);
#95 = VERTEX_POINT('',#96);
#96 = CARTESIAN_POINT('',(-37.737344,38.,-7.105427357601E-15));
#97 = LINE('',#98,#99);
#98 = CARTESIAN_POINT('',(-37.737344,277.,-3.907985046681E-14));
#99 = VECTOR('',#100,1.);
#100 = DIRECTION('',(0.,-1.,1.224646799147E-16));
#101 = ORIENTED_EDGE('',*,*,#102,.T.);
#102 = EDGE_CURVE('',#95,#24,#103,.T.);
#103 = LINE('',#104,#105);
#104 = CARTESIAN_POINT('',(-271.368672,38.,-7.105427357601E-15));
#105 = VECTOR('',#106,1.);
#106 = DIRECTION('',(-1.,0.,0.));
#107 = PLANE('',#108);
#108 = AXIS2_PLACEMENT_3D('',#109,#110,#111);
#109 = CARTESIAN_POINT('',(-300.,300.,-3.685940441756E-14));
#110 = DIRECTION('',(0.,-1.224646799147E-16,-1.));
#111 = DIRECTION('',(1.,0.,0.));
#112 = ADVANCED_FACE('',(#113),#138,.F.);
#113 = FACE_BOUND('',#114,.F.);
#114 = EDGE_LOOP('',(#115,#123,#124,#132));
#115 = ORIENTED_EDGE('',*,*,#116,.F.);
#116 = EDGE_CURVE('',#24,#117,#119,.T.);
#117 = VERTEX_POINT('',#118);
#118 = CARTESIAN_POINT('',(-41.737344,-38.,1.42108547152E-14));
#119 = LINE('',#120,#121);
#120 = CARTESIAN_POINT('',(-41.737344,500.,-4.973799150321E-14));
#121 = VECTOR('',#122,1.);
#122 = DIRECTION('',(0.,-1.,1.224646799147E-16));
#123 = ORIENTED_EDGE('',*,*,#55,.F.);
#124 = ORIENTED_EDGE('',*,*,#125,.F.);
#125 = EDGE_CURVE('',#126,#48,#128,.T.);
#126 = VERTEX_POINT('',#127);
#127 = CARTESIAN_POINT('',(-41.737344,-38.,6.6));
#128 = LINE('',#129,#130);
#129 = CARTESIAN_POINT('',(-41.737344,500.,6.6));
#130 = VECTOR('',#131,1.);
#131 = DIRECTION('',(0.,1.,-1.224646799147E-16));
#132 = ORIENTED_EDGE('',*,*,#133,.T.);
#133 = EDGE_CURVE('',#126,#117,#134,.T.);
#134 = LINE('',#135,#136);
#135 = CARTESIAN_POINT('',(-41.737344,-38.,-6.176499));
#136 = VECTOR('',#137,1.);
#137 = DIRECTION('',(2.22044604925E-16,-1.224646799147E-16,-1.));
#138 = PLANE('',#139);
#139 = AXIS2_PLACEMENT_3D('',#140,#141,#142);
#140 = CARTESIAN_POINT('',(-41.737344,500.,-475.176499));
#141 = DIRECTION('',(1.,2.719262146894E-32,2.22044604925E-16));
#142 = DIRECTION('',(-2.22044604925E-16,1.224646799147E-16,1.));
#143 = ADVANCED_FACE('',(#144),#210,.F.);
#144 = FACE_BOUND('',#145,.F.);
#145 = EDGE_LOOP('',(#146,#154,#155,#156,#164,#172,#180,#188,#196,#204)
  );
#146 = ORIENTED_EDGE('',*,*,#147,.T.);
#147 = EDGE_CURVE('',#148,#48,#150,.T.);
#148 = VERTEX_POINT('',#149);
#149 = CARTESIAN_POINT('',(-37.737344,38.,6.6));
#150 = LINE('',#151,#152);
#151 = CARTESIAN_POINT('',(-271.368672,38.,6.6));
#152 = VECTOR('',#153,1.);
#153 = DIRECTION('',(-1.,0.,0.));
#154 = ORIENTED_EDGE('',*,*,#47,.T.);
#155 = ORIENTED_EDGE('',*,*,#39,.T.);
#156 = ORIENTED_EDGE('',*,*,#157,.T.);
#157 = EDGE_CURVE('',#32,#158,#160,.T.);
#158 = VERTEX_POINT('',#159);
#159 = CARTESIAN_POINT('',(-41.737344,54.,6.6));
#160 = LINE('',#161,#162);
#161 = CARTESIAN_POINT('',(-41.737344,177.,6.6));
#162 = VECTOR('',#163,1.);
#163 = DIRECTION('',(0.,1.,-1.224646799147E-16));
#164 = ORIENTED_EDGE('',*,*,#165,.T.);
#165 = EDGE_CURVE('',#158,#166,#168,.T.);
#166 = VERTEX_POINT('',#167);
#167 = CARTESIAN_POINT('',(-37.737344,54.,6.6));
#168 = LINE('',#169,#170);
#169 = CARTESIAN_POINT('',(-170.868672,54.,6.6));
#170 = VECTOR('',#171,1.);
#171 = DIRECTION('',(1.,0.,0.));
#172 = ORIENTED_EDGE('',*,*,#173,.F.);
#173 = EDGE_CURVE('',#174,#166,#176,.T.);
#174 = VERTEX_POINT('',#175);
#175 = CARTESIAN_POINT('',(-37.737344,42.096896854144,6.6));
#176 = LINE('',#177,#178);
#177 = CARTESIAN_POINT('',(-37.737344,177.,6.6));
#178 = VECTOR('',#179,1.);
#179 = DIRECTION('',(0.,1.,-1.224646799147E-16));
#180 = ORIENTED_EDGE('',*,*,#181,.F.);
#181 = EDGE_CURVE('',#182,#174,#184,.T.);
#182 = VERTEX_POINT('',#183);
#183 = CARTESIAN_POINT('',(-34.39474046784,41.575342019167,6.6));
#184 = LINE('',#185,#186);
#185 = CARTESIAN_POINT('',(-173.5166357043,63.282881191481,6.6));
#186 = VECTOR('',#187,1.);
#187 = DIRECTION('',(-0.988044787103,0.15416711283,-1.88800261261E-17));
#188 = ORIENTED_EDGE('',*,*,#189,.T.);
#189 = EDGE_CURVE('',#182,#190,#192,.T.);
#190 = VERTEX_POINT('',#191);
#191 = CARTESIAN_POINT('',(-34.83298570317,38.76666309736,6.6));
#192 = LINE('',#193,#194);
#193 = CARTESIAN_POINT('',(-18.08810903873,146.08324829689,6.6));
#194 = VECTOR('',#195,1.);
#195 = DIRECTION('',(-0.15416711283,-0.988044787103,1.21000588594E-16));
#196 = ORIENTED_EDGE('',*,*,#197,.T.);
#197 = EDGE_CURVE('',#190,#198,#200,.T.);
#198 = VERTEX_POINT('',#199);
#199 = CARTESIAN_POINT('',(-37.737344,39.219837426186,6.6));
#200 = LINE('',#201,#202);
#201 = CARTESIAN_POINT('',(-286.9487864198,78.104925494626,6.6));
#202 = VECTOR('',#203,1.);
#203 = DIRECTION('',(-0.988044787103,0.15416711283,-1.88800261261E-17));
#204 = ORIENTED_EDGE('',*,*,#205,.T.);
#205 = EDGE_CURVE('',#198,#148,#206,.T.);
#206 = LINE('',#207,#208);
#207 = CARTESIAN_POINT('',(-37.737344,277.,6.6));
#208 = VECTOR('',#209,1.);
#209 = DIRECTION('',(0.,-1.,1.224646799147E-16));
#210 = PLANE('',#211);
#211 = AXIS2_PLACEMENT_3D('',#212,#213,#214);
#212 = CARTESIAN_POINT('',(-300.,300.,6.6));
#213 = DIRECTION('',(0.,-1.224646799147E-16,-1.));
#214 = DIRECTION('',(1.,0.,0.));
#215 = ADVANCED_FACE('',(#216),#227,.F.);
#216 = FACE_BOUND('',#217,.F.);
#217 = EDGE_LOOP('',(#218,#219,#225,#226));
#218 = ORIENTED_EDGE('',*,*,#70,.T.);
#219 = ORIENTED_EDGE('',*,*,#220,.T.);
#220 = EDGE_CURVE('',#71,#158,#221,.T.);
#221 = LINE('',#222,#223);
#222 = CARTESIAN_POINT('',(-41.737344,54.,-10.176499));
#223 = VECTOR('',#224,1.);
#224 = DIRECTION('',(-2.22044604925E-16,1.224646799147E-16,1.));
#225 = ORIENTED_EDGE('',*,*,#157,.F.);
#226 = ORIENTED_EDGE('',*,*,#31,.T.);
#227 = PLANE('',#228);
#228 = AXIS2_PLACEMENT_3D('',#229,#230,#231);
#229 = CARTESIAN_POINT('',(-41.737344,54.,-10.176499));
#230 = DIRECTION('',(1.,2.719262146894E-32,2.22044604925E-16));
#231 = DIRECTION('',(-2.22044604925E-16,1.224646799147E-16,1.));
#232 = ADVANCED_FACE('',(#233),#608,.T.);
#233 = FACE_BOUND('',#234,.T.);
#234 = EDGE_LOOP('',(#235,#236,#237,#238,#246,#255,#263,#271,#279,#287,
    #295,#303,#311,#319,#327,#335,#343,#351,#359,#367,#375,#383,#391,
    #399,#407,#416,#424,#432,#440,#448,#457,#465,#473,#481,#489,#497,
    #505,#513,#521,#529,#537,#545,#553,#561,#569,#577,#586,#594,#602));
#235 = ORIENTED_EDGE('',*,*,#116,.F.);
#236 = ORIENTED_EDGE('',*,*,#102,.F.);
#237 = ORIENTED_EDGE('',*,*,#94,.F.);
#238 = ORIENTED_EDGE('',*,*,#239,.F.);
#239 = EDGE_CURVE('',#240,#87,#242,.T.);
#240 = VERTEX_POINT('',#241);
#241 = CARTESIAN_POINT('',(25.322761782075,32.257469967758,
    -7.105427357601E-15));
#242 = LINE('',#243,#244);
#243 = CARTESIAN_POINT('',(-286.3722870539,80.892032276756,
    -1.06581410364E-14));
#244 = VECTOR('',#245,1.);
#245 = DIRECTION('',(-0.988044787103,0.15416711283,-1.88800261261E-17));
#246 = ORIENTED_EDGE('',*,*,#247,.F.);
#247 = EDGE_CURVE('',#248,#240,#250,.T.);
#248 = VERTEX_POINT('',#249);
#249 = CARTESIAN_POINT('',(27.437344,29.787358,-7.105427357601E-15));
#250 = CIRCLE('',#251,2.5);
#251 = AXIS2_PLACEMENT_3D('',#252,#253,#254);
#252 = CARTESIAN_POINT('',(24.937344,29.787358,-7.105427357601E-15));
#253 = DIRECTION('',(1.420776406409E-15,7.318136946956E-16,1.));
#254 = DIRECTION('',(1.110223024625E-16,-1.,7.318136946956E-16));
#255 = ORIENTED_EDGE('',*,*,#256,.F.);
#256 = EDGE_CURVE('',#257,#248,#259,.T.);
#257 = VERTEX_POINT('',#258);
#258 = CARTESIAN_POINT('',(27.437344,25.487358,-7.105427357601E-15));
#259 = LINE('',#260,#261);
#260 = CARTESIAN_POINT('',(27.437344,249.875,-3.552713678801E-14));
#261 = VECTOR('',#262,1.);
#262 = DIRECTION('',(0.,1.,-1.224646799147E-16));
#263 = ORIENTED_EDGE('',*,*,#264,.F.);
#264 = EDGE_CURVE('',#265,#257,#267,.T.);
#265 = VERTEX_POINT('',#266);
#266 = CARTESIAN_POINT('',(24.637344,25.487358,-7.105427357601E-15));
#267 = LINE('',#268,#269);
#268 = CARTESIAN_POINT('',(22.537344,25.487358,-3.10862446895E-15));
#269 = VECTOR('',#270,1.);
#270 = DIRECTION('',(1.,0.,0.));
#271 = ORIENTED_EDGE('',*,*,#272,.F.);
#272 = EDGE_CURVE('',#273,#265,#275,.T.);
#273 = VERTEX_POINT('',#274);
#274 = CARTESIAN_POINT('',(24.637344,29.487358,-7.105427357601E-15));
#275 = LINE('',#276,#277);
#276 = CARTESIAN_POINT('',(24.637344,264.743679,-3.552713678801E-14));
#277 = VECTOR('',#278,1.);
#278 = DIRECTION('',(0.,-1.,1.224646799147E-16));
#279 = ORIENTED_EDGE('',*,*,#280,.T.);
#280 = EDGE_CURVE('',#273,#281,#283,.T.);
#281 = VERTEX_POINT('',#282);
#282 = CARTESIAN_POINT('',(19.237344,29.487358,-7.105427357601E-15));
#283 = LINE('',#284,#285);
#284 = CARTESIAN_POINT('',(-262.318672,29.487358,-7.105427357601E-15));
#285 = VECTOR('',#286,1.);
#286 = DIRECTION('',(-1.,0.,0.));
#287 = ORIENTED_EDGE('',*,*,#288,.F.);
#288 = EDGE_CURVE('',#289,#281,#291,.T.);
#289 = VERTEX_POINT('',#290);
#290 = CARTESIAN_POINT('',(19.237344,32.387358,-3.552713678801E-15));
#291 = LINE('',#292,#293);
#292 = CARTESIAN_POINT('',(19.237344,32.387358,-3.996802888651E-15));
#293 = VECTOR('',#294,1.);
#294 = DIRECTION('',(0.,-1.,1.224646799147E-16));
#295 = ORIENTED_EDGE('',*,*,#296,.F.);
#296 = EDGE_CURVE('',#297,#289,#299,.T.);
#297 = VERTEX_POINT('',#298);
#298 = CARTESIAN_POINT('',(13.802,32.387358,-7.105427357601E-15));
#299 = LINE('',#300,#301);
#300 = CARTESIAN_POINT('',(13.802,32.387358,-3.996802888651E-15));
#301 = VECTOR('',#302,1.);
#302 = DIRECTION('',(1.,0.,0.));
#303 = ORIENTED_EDGE('',*,*,#304,.T.);
#304 = EDGE_CURVE('',#297,#305,#307,.T.);
#305 = VERTEX_POINT('',#306);
#306 = CARTESIAN_POINT('',(13.802,29.487358,-7.105427357601E-15));
#307 = LINE('',#308,#309);
#308 = CARTESIAN_POINT('',(13.802,32.387358,-3.996802888651E-15));
#309 = VECTOR('',#310,1.);
#310 = DIRECTION('',(0.,-1.,1.224646799147E-16));
#311 = ORIENTED_EDGE('',*,*,#312,.T.);
#312 = EDGE_CURVE('',#305,#313,#315,.T.);
#313 = VERTEX_POINT('',#314);
#314 = CARTESIAN_POINT('',(11.802,29.487358,-7.105427357601E-15));
#315 = LINE('',#316,#317);
#316 = CARTESIAN_POINT('',(-262.318672,29.487358,-7.105427357601E-15));
#317 = VECTOR('',#318,1.);
#318 = DIRECTION('',(-1.,0.,0.));
#319 = ORIENTED_EDGE('',*,*,#320,.F.);
#320 = EDGE_CURVE('',#321,#313,#323,.T.);
#321 = VERTEX_POINT('',#322);
#322 = CARTESIAN_POINT('',(11.802,32.387358,-7.105427357601E-15));
#323 = LINE('',#324,#325);
#324 = CARTESIAN_POINT('',(11.802,32.387358,-3.996802888651E-15));
#325 = VECTOR('',#326,1.);
#326 = DIRECTION('',(0.,-1.,1.224646799147E-16));
#327 = ORIENTED_EDGE('',*,*,#328,.F.);
#328 = EDGE_CURVE('',#329,#321,#331,.T.);
#329 = VERTEX_POINT('',#330);
#330 = CARTESIAN_POINT('',(6.775,32.387358,-3.552713678801E-15));
#331 = LINE('',#332,#333);
#332 = CARTESIAN_POINT('',(6.775,32.387358,-3.996802888651E-15));
#333 = VECTOR('',#334,1.);
#334 = DIRECTION('',(1.,0.,0.));
#335 = ORIENTED_EDGE('',*,*,#336,.T.);
#336 = EDGE_CURVE('',#329,#337,#339,.T.);
#337 = VERTEX_POINT('',#338);
#338 = CARTESIAN_POINT('',(6.775,29.487358,-3.552713678801E-15));
#339 = LINE('',#340,#341);
#340 = CARTESIAN_POINT('',(6.775,32.387358,-3.996802888651E-15));
#341 = VECTOR('',#342,1.);
#342 = DIRECTION('',(0.,-1.,1.224646799147E-16));
#343 = ORIENTED_EDGE('',*,*,#344,.T.);
#344 = EDGE_CURVE('',#337,#345,#347,.T.);
#345 = VERTEX_POINT('',#346);
#346 = CARTESIAN_POINT('',(-6.825,29.487358,-7.105427357601E-15));
#347 = LINE('',#348,#349);
#348 = CARTESIAN_POINT('',(-262.318672,29.487358,-7.105427357601E-15));
#349 = VECTOR('',#350,1.);
#350 = DIRECTION('',(-1.,0.,0.));
#351 = ORIENTED_EDGE('',*,*,#352,.F.);
#352 = EDGE_CURVE('',#353,#345,#355,.T.);
#353 = VERTEX_POINT('',#354);
#354 = CARTESIAN_POINT('',(-6.825,32.387358,-7.105427357601E-15));
#355 = LINE('',#356,#357);
#356 = CARTESIAN_POINT('',(-6.825,32.387358,-3.996802888651E-15));
#357 = VECTOR('',#358,1.);
#358 = DIRECTION('',(0.,-1.,1.224646799147E-16));
#359 = ORIENTED_EDGE('',*,*,#360,.F.);
#360 = EDGE_CURVE('',#361,#353,#363,.T.);
#361 = VERTEX_POINT('',#362);
#362 = CARTESIAN_POINT('',(-19.237344,32.387358,-7.105427357601E-15));
#363 = LINE('',#364,#365);
#364 = CARTESIAN_POINT('',(-19.237344,32.387358,-3.996802888651E-15));
#365 = VECTOR('',#366,1.);
#366 = DIRECTION('',(1.,0.,0.));
#367 = ORIENTED_EDGE('',*,*,#368,.T.);
#368 = EDGE_CURVE('',#361,#369,#371,.T.);
#369 = VERTEX_POINT('',#370);
#370 = CARTESIAN_POINT('',(-19.237344,29.487358,-7.105427357601E-15));
#371 = LINE('',#372,#373);
#372 = CARTESIAN_POINT('',(-19.237344,32.387358,-3.996802888651E-15));
#373 = VECTOR('',#374,1.);
#374 = DIRECTION('',(0.,-1.,1.224646799147E-16));
#375 = ORIENTED_EDGE('',*,*,#376,.T.);
#376 = EDGE_CURVE('',#369,#377,#379,.T.);
#377 = VERTEX_POINT('',#378);
#378 = CARTESIAN_POINT('',(-24.637344,29.487358,-7.105427357601E-15));
#379 = LINE('',#380,#381);
#380 = CARTESIAN_POINT('',(-262.318672,29.487358,-7.105427357601E-15));
#381 = VECTOR('',#382,1.);
#382 = DIRECTION('',(-1.,0.,0.));
#383 = ORIENTED_EDGE('',*,*,#384,.T.);
#384 = EDGE_CURVE('',#377,#385,#387,.T.);
#385 = VERTEX_POINT('',#386);
#386 = CARTESIAN_POINT('',(-24.637344,25.487358,-3.552713678801E-15));
#387 = LINE('',#388,#389);
#388 = CARTESIAN_POINT('',(-24.637344,264.743679,-3.552713678801E-14));
#389 = VECTOR('',#390,1.);
#390 = DIRECTION('',(0.,-1.,1.224646799147E-16));
#391 = ORIENTED_EDGE('',*,*,#392,.F.);
#392 = EDGE_CURVE('',#393,#385,#395,.T.);
#393 = VERTEX_POINT('',#394);
#394 = CARTESIAN_POINT('',(-27.537344,25.487358,-3.552713678801E-15));
#395 = LINE('',#396,#397);
#396 = CARTESIAN_POINT('',(-27.537344,25.487358,-3.10862446895E-15));
#397 = VECTOR('',#398,1.);
#398 = DIRECTION('',(1.,0.,0.));
#399 = ORIENTED_EDGE('',*,*,#400,.T.);
#400 = EDGE_CURVE('',#393,#401,#403,.T.);
#401 = VERTEX_POINT('',#402);
#402 = CARTESIAN_POINT('',(-27.537344,23.502930106817,
    -3.552713678801E-15));
#403 = LINE('',#404,#405);
#404 = CARTESIAN_POINT('',(-27.537344,25.487358,-3.10862446895E-15));
#405 = VECTOR('',#406,1.);
#406 = DIRECTION('',(0.,-1.,1.224646799147E-16));
#407 = ORIENTED_EDGE('',*,*,#408,.F.);
#408 = EDGE_CURVE('',#409,#401,#411,.T.);
#409 = VERTEX_POINT('',#410);
#410 = CARTESIAN_POINT('',(-27.537344,16.621069893183,
    -3.552713678801E-15));
#411 = CIRCLE('',#412,4.5);
#412 = AXIS2_PLACEMENT_3D('',#413,#414,#415);
#413 = CARTESIAN_POINT('',(-30.437344,20.062,-2.6645352591E-15));
#414 = DIRECTION('',(0.,-1.224646799147E-16,-1.));
#415 = DIRECTION('',(1.,0.,0.));
#416 = ORIENTED_EDGE('',*,*,#417,.T.);
#417 = EDGE_CURVE('',#409,#418,#420,.T.);
#418 = VERTEX_POINT('',#419);
#419 = CARTESIAN_POINT('',(-27.537344,0.8,0.));
#420 = LINE('',#421,#422);
#421 = CARTESIAN_POINT('',(-27.537344,25.487358,-3.10862446895E-15));
#422 = VECTOR('',#423,1.);
#423 = DIRECTION('',(0.,-1.,1.224646799147E-16));
#424 = ORIENTED_EDGE('',*,*,#425,.T.);
#425 = EDGE_CURVE('',#418,#426,#428,.T.);
#426 = VERTEX_POINT('',#427);
#427 = CARTESIAN_POINT('',(-24.637344,0.8,0.));
#428 = LINE('',#429,#430);
#429 = CARTESIAN_POINT('',(-27.537344,0.8,0.));
#430 = VECTOR('',#431,1.);
#431 = DIRECTION('',(1.,0.,0.));
#432 = ORIENTED_EDGE('',*,*,#433,.T.);
#433 = EDGE_CURVE('',#426,#434,#436,.T.);
#434 = VERTEX_POINT('',#435);
#435 = CARTESIAN_POINT('',(-24.637344,-21.8,3.552713678801E-15));
#436 = LINE('',#437,#438);
#437 = CARTESIAN_POINT('',(-24.637344,264.743679,-3.552713678801E-14));
#438 = VECTOR('',#439,1.);
#439 = DIRECTION('',(0.,-1.,1.224646799147E-16));
#440 = ORIENTED_EDGE('',*,*,#441,.F.);
#441 = EDGE_CURVE('',#442,#434,#444,.T.);
#442 = VERTEX_POINT('',#443);
#443 = CARTESIAN_POINT('',(-25.93946049772,-21.8,3.552713678801E-15));
#444 = LINE('',#445,#446);
#445 = CARTESIAN_POINT('',(-27.537344,-21.8,2.6645352591E-15));
#446 = VECTOR('',#447,1.);
#447 = DIRECTION('',(1.,0.,0.));
#448 = ORIENTED_EDGE('',*,*,#449,.F.);
#449 = EDGE_CURVE('',#450,#442,#452,.T.);
#450 = VERTEX_POINT('',#451);
#451 = CARTESIAN_POINT('',(-27.537344,-25.37893010681,3.552713678801E-15
    ));
#452 = CIRCLE('',#453,4.5);
#453 = AXIS2_PLACEMENT_3D('',#454,#455,#456);
#454 = CARTESIAN_POINT('',(-30.437344,-21.938,2.6645352591E-15));
#455 = DIRECTION('',(0.,-1.224646799147E-16,-1.));
#456 = DIRECTION('',(1.,0.,0.));
#457 = ORIENTED_EDGE('',*,*,#458,.T.);
#458 = EDGE_CURVE('',#450,#459,#461,.T.);
#459 = VERTEX_POINT('',#460);
#460 = CARTESIAN_POINT('',(-27.537344,-25.487358,3.552713678801E-15));
#461 = LINE('',#462,#463);
#462 = CARTESIAN_POINT('',(-27.537344,-21.8,2.6645352591E-15));
#463 = VECTOR('',#464,1.);
#464 = DIRECTION('',(0.,-1.,1.224646799147E-16));
#465 = ORIENTED_EDGE('',*,*,#466,.T.);
#466 = EDGE_CURVE('',#459,#467,#469,.T.);
#467 = VERTEX_POINT('',#468);
#468 = CARTESIAN_POINT('',(-24.637344,-25.487358,3.552713678801E-15));
#469 = LINE('',#470,#471);
#470 = CARTESIAN_POINT('',(-27.537344,-25.487358,3.10862446895E-15));
#471 = VECTOR('',#472,1.);
#472 = DIRECTION('',(1.,0.,0.));
#473 = ORIENTED_EDGE('',*,*,#474,.T.);
#474 = EDGE_CURVE('',#467,#475,#477,.T.);
#475 = VERTEX_POINT('',#476);
#476 = CARTESIAN_POINT('',(-24.637344,-29.987358,0.));
#477 = LINE('',#478,#479);
#478 = CARTESIAN_POINT('',(-24.637344,264.743679,-3.552713678801E-14));
#479 = VECTOR('',#480,1.);
#480 = DIRECTION('',(0.,-1.,1.224646799147E-16));
#481 = ORIENTED_EDGE('',*,*,#482,.F.);
#482 = EDGE_CURVE('',#483,#475,#485,.T.);
#483 = VERTEX_POINT('',#484);
#484 = CARTESIAN_POINT('',(-19.237344,-29.987358,0.));
#485 = LINE('',#486,#487);
#486 = CARTESIAN_POINT('',(-262.318672,-29.987358,0.));
#487 = VECTOR('',#488,1.);
#488 = DIRECTION('',(-1.,0.,0.));
#489 = ORIENTED_EDGE('',*,*,#490,.T.);
#490 = EDGE_CURVE('',#483,#491,#493,.T.);
#491 = VERTEX_POINT('',#492);
#492 = CARTESIAN_POINT('',(-19.237344,-32.887358,0.));
#493 = LINE('',#494,#495);
#494 = CARTESIAN_POINT('',(-19.237344,-28.787358,3.552713678801E-15));
#495 = VECTOR('',#496,1.);
#496 = DIRECTION('',(0.,-1.,1.224646799147E-16));
#497 = ORIENTED_EDGE('',*,*,#498,.T.);
#498 = EDGE_CURVE('',#491,#499,#501,.T.);
#499 = VERTEX_POINT('',#500);
#500 = CARTESIAN_POINT('',(-14.833,-32.887358,3.552713678801E-15));
#501 = LINE('',#502,#503);
#502 = CARTESIAN_POINT('',(-19.237344,-32.887358,3.996802888651E-15));
#503 = VECTOR('',#504,1.);
#504 = DIRECTION('',(1.,0.,0.));
#505 = ORIENTED_EDGE('',*,*,#506,.F.);
#506 = EDGE_CURVE('',#507,#499,#509,.T.);
#507 = VERTEX_POINT('',#508);
#508 = CARTESIAN_POINT('',(-14.833,-29.987358,3.552713678801E-15));
#509 = LINE('',#510,#511);
#510 = CARTESIAN_POINT('',(-14.833,-28.787358,3.552713678801E-15));
#511 = VECTOR('',#512,1.);
#512 = DIRECTION('',(0.,-1.,1.224646799147E-16));
#513 = ORIENTED_EDGE('',*,*,#514,.F.);
#514 = EDGE_CURVE('',#515,#507,#517,.T.);
#515 = VERTEX_POINT('',#516);
#516 = CARTESIAN_POINT('',(-3.975,-29.987358,0.));
#517 = LINE('',#518,#519);
#518 = CARTESIAN_POINT('',(-262.318672,-29.987358,0.));
#519 = VECTOR('',#520,1.);
#520 = DIRECTION('',(-1.,0.,0.));
#521 = ORIENTED_EDGE('',*,*,#522,.T.);
#522 = EDGE_CURVE('',#515,#523,#525,.T.);
#523 = VERTEX_POINT('',#524);
#524 = CARTESIAN_POINT('',(-3.975,-32.887358,0.));
#525 = LINE('',#526,#527);
#526 = CARTESIAN_POINT('',(-3.975,-28.787358,3.552713678801E-15));
#527 = VECTOR('',#528,1.);
#528 = DIRECTION('',(0.,-1.,1.224646799147E-16));
#529 = ORIENTED_EDGE('',*,*,#530,.T.);
#530 = EDGE_CURVE('',#523,#531,#533,.T.);
#531 = VERTEX_POINT('',#532);
#532 = CARTESIAN_POINT('',(19.237344,-32.887358,3.552713678801E-15));
#533 = LINE('',#534,#535);
#534 = CARTESIAN_POINT('',(-3.975,-32.887358,3.996802888651E-15));
#535 = VECTOR('',#536,1.);
#536 = DIRECTION('',(1.,0.,0.));
#537 = ORIENTED_EDGE('',*,*,#538,.F.);
#538 = EDGE_CURVE('',#539,#531,#541,.T.);
#539 = VERTEX_POINT('',#540);
#540 = CARTESIAN_POINT('',(19.237344,-29.987358,0.));
#541 = LINE('',#542,#543);
#542 = CARTESIAN_POINT('',(19.237344,-28.787358,3.552713678801E-15));
#543 = VECTOR('',#544,1.);
#544 = DIRECTION('',(0.,-1.,1.224646799147E-16));
#545 = ORIENTED_EDGE('',*,*,#546,.F.);
#546 = EDGE_CURVE('',#547,#539,#549,.T.);
#547 = VERTEX_POINT('',#548);
#548 = CARTESIAN_POINT('',(24.637344,-29.987358,0.));
#549 = LINE('',#550,#551);
#550 = CARTESIAN_POINT('',(-262.318672,-29.987358,0.));
#551 = VECTOR('',#552,1.);
#552 = DIRECTION('',(-1.,0.,0.));
#553 = ORIENTED_EDGE('',*,*,#554,.F.);
#554 = EDGE_CURVE('',#555,#547,#557,.T.);
#555 = VERTEX_POINT('',#556);
#556 = CARTESIAN_POINT('',(24.637344,-25.487358,0.));
#557 = LINE('',#558,#559);
#558 = CARTESIAN_POINT('',(24.637344,264.743679,-3.552713678801E-14));
#559 = VECTOR('',#560,1.);
#560 = DIRECTION('',(0.,-1.,1.224646799147E-16));
#561 = ORIENTED_EDGE('',*,*,#562,.T.);
#562 = EDGE_CURVE('',#555,#563,#565,.T.);
#563 = VERTEX_POINT('',#564);
#564 = CARTESIAN_POINT('',(27.437344,-25.487358,0.));
#565 = LINE('',#566,#567);
#566 = CARTESIAN_POINT('',(22.537344,-25.487358,3.10862446895E-15));
#567 = VECTOR('',#568,1.);
#568 = DIRECTION('',(1.,0.,0.));
#569 = ORIENTED_EDGE('',*,*,#570,.F.);
#570 = EDGE_CURVE('',#571,#563,#573,.T.);
#571 = VERTEX_POINT('',#572);
#572 = CARTESIAN_POINT('',(27.437344,-30.287358,0.));
#573 = LINE('',#574,#575);
#574 = CARTESIAN_POINT('',(27.437344,249.875,-3.552713678801E-14));
#575 = VECTOR('',#576,1.);
#576 = DIRECTION('',(0.,1.,-1.224646799147E-16));
#577 = ORIENTED_EDGE('',*,*,#578,.T.);
#578 = EDGE_CURVE('',#571,#579,#581,.T.);
#579 = VERTEX_POINT('',#580);
#580 = CARTESIAN_POINT('',(25.304836392416,-32.76020036083,0.));
#581 = CIRCLE('',#582,2.5);
#582 = AXIS2_PLACEMENT_3D('',#583,#584,#585);
#583 = CARTESIAN_POINT('',(24.937344,-30.287358,0.));
#584 = DIRECTION('',(-1.860241134887E-16,-4.099915794935E-16,-1.));
#585 = DIRECTION('',(1.110223024625E-16,1.,-4.099915794935E-16));
#586 = ORIENTED_EDGE('',*,*,#587,.F.);
#587 = EDGE_CURVE('',#588,#579,#590,.T.);
#588 = VERTEX_POINT('',#589);
#589 = CARTESIAN_POINT('',(-37.737344,-42.12898264251,
    -3.552713678801E-15));
#590 = LINE('',#591,#592);
#591 = CARTESIAN_POINT('',(-212.5944608533,-68.11473135877,0.));
#592 = VECTOR('',#593,1.);
#593 = DIRECTION('',(0.989136944332,0.146996956967,-1.800193528335E-17)
  );
#594 = ORIENTED_EDGE('',*,*,#595,.F.);
#595 = EDGE_CURVE('',#596,#588,#598,.T.);
#596 = VERTEX_POINT('',#597);
#597 = CARTESIAN_POINT('',(-37.737344,-38.,0.));
#598 = LINE('',#599,#600);
#599 = CARTESIAN_POINT('',(-37.737344,277.,-3.907985046681E-14));
#600 = VECTOR('',#601,1.);
#601 = DIRECTION('',(0.,-1.,1.224646799147E-16));
#602 = ORIENTED_EDGE('',*,*,#603,.T.);
#603 = EDGE_CURVE('',#596,#117,#604,.T.);
#604 = LINE('',#605,#606);
#605 = CARTESIAN_POINT('',(-271.368672,-38.,0.));
#606 = VECTOR('',#607,1.);
#607 = DIRECTION('',(-1.,0.,0.));
#608 = PLANE('',#609);
#609 = AXIS2_PLACEMENT_3D('',#610,#611,#612);
#610 = CARTESIAN_POINT('',(-500.,500.,-6.128431095931E-14));
#611 = DIRECTION('',(0.,-1.224646799147E-16,-1.));
#612 = DIRECTION('',(1.,0.,0.));
#613 = ADVANCED_FACE('',(#614),#630,.T.);
#614 = FACE_BOUND('',#615,.T.);
#615 = EDGE_LOOP('',(#616,#617,#623,#624));
#616 = ORIENTED_EDGE('',*,*,#86,.T.);
#617 = ORIENTED_EDGE('',*,*,#618,.T.);
#618 = EDGE_CURVE('',#79,#166,#619,.T.);
#619 = LINE('',#620,#621);
#620 = CARTESIAN_POINT('',(-37.737344,54.,-10.176499));
#621 = VECTOR('',#622,1.);
#622 = DIRECTION('',(-2.22044604925E-16,1.224646799147E-16,1.));
#623 = ORIENTED_EDGE('',*,*,#173,.F.);
#624 = ORIENTED_EDGE('',*,*,#625,.T.);
#625 = EDGE_CURVE('',#174,#87,#626,.T.);
#626 = LINE('',#627,#628);
#627 = CARTESIAN_POINT('',(-37.737344,42.096896854144,4.742987652732));
#628 = VECTOR('',#629,1.);
#629 = DIRECTION('',(2.22044604925E-16,-1.224646799147E-16,-1.));
#630 = PLANE('',#631);
#631 = AXIS2_PLACEMENT_3D('',#632,#633,#634);
#632 = CARTESIAN_POINT('',(-37.737344,54.,-10.176499));
#633 = DIRECTION('',(1.,2.719262146894E-32,2.22044604925E-16));
#634 = DIRECTION('',(-2.22044604925E-16,1.224646799147E-16,1.));
#635 = ADVANCED_FACE('',(#636),#642,.F.);
#636 = FACE_BOUND('',#637,.F.);
#637 = EDGE_LOOP('',(#638,#639,#640,#641));
#638 = ORIENTED_EDGE('',*,*,#220,.F.);
#639 = ORIENTED_EDGE('',*,*,#78,.T.);
#640 = ORIENTED_EDGE('',*,*,#618,.T.);
#641 = ORIENTED_EDGE('',*,*,#165,.F.);
#642 = PLANE('',#643);
#643 = AXIS2_PLACEMENT_3D('',#644,#645,#646);
#644 = CARTESIAN_POINT('',(-41.737344,54.,-10.176499));
#645 = DIRECTION('',(0.,-1.,1.224646799147E-16));
#646 = DIRECTION('',(1.,2.719262146894E-32,2.22044604925E-16));
#647 = ADVANCED_FACE('',(#648),#681,.F.);
#648 = FACE_BOUND('',#649,.F.);
#649 = EDGE_LOOP('',(#650,#658,#666,#674,#680));
#650 = ORIENTED_EDGE('',*,*,#651,.F.);
#651 = EDGE_CURVE('',#652,#126,#654,.T.);
#652 = VERTEX_POINT('',#653);
#653 = CARTESIAN_POINT('',(-41.737344,-39.85138866988,6.6));
#654 = LINE('',#655,#656);
#655 = CARTESIAN_POINT('',(-41.737344,500.,6.6));
#656 = VECTOR('',#657,1.);
#657 = DIRECTION('',(0.,1.,-1.224646799147E-16));
#658 = ORIENTED_EDGE('',*,*,#659,.F.);
#659 = EDGE_CURVE('',#660,#652,#662,.T.);
#660 = VERTEX_POINT('',#661);
#661 = CARTESIAN_POINT('',(-41.737344,-42.72342796299,6.6));
#662 = LINE('',#663,#664);
#663 = CARTESIAN_POINT('',(-41.737344,400.,6.6));
#664 = VECTOR('',#665,1.);
#665 = DIRECTION('',(0.,1.,-1.224646799147E-16));
#666 = ORIENTED_EDGE('',*,*,#667,.F.);
#667 = EDGE_CURVE('',#668,#660,#670,.T.);
#668 = VERTEX_POINT('',#669);
#669 = CARTESIAN_POINT('',(-41.737344,-42.72342796299,
    -3.552713678801E-15));
#670 = LINE('',#671,#672);
#671 = CARTESIAN_POINT('',(-41.737344,-42.72342796299,-227.7560821189));
#672 = VECTOR('',#673,1.);
#673 = DIRECTION('',(-2.22044604925E-16,1.224646799147E-16,1.));
#674 = ORIENTED_EDGE('',*,*,#675,.F.);
#675 = EDGE_CURVE('',#117,#668,#676,.T.);
#676 = LINE('',#677,#678);
#677 = CARTESIAN_POINT('',(-41.737344,500.,-4.973799150321E-14));
#678 = VECTOR('',#679,1.);
#679 = DIRECTION('',(0.,-1.,1.224646799147E-16));
#680 = ORIENTED_EDGE('',*,*,#133,.F.);
#681 = PLANE('',#682);
#682 = AXIS2_PLACEMENT_3D('',#683,#684,#685);
#683 = CARTESIAN_POINT('',(-41.737344,500.,-475.176499));
#684 = DIRECTION('',(1.,2.719262146894E-32,2.22044604925E-16));
#685 = DIRECTION('',(-2.22044604925E-16,1.224646799147E-16,1.));
#686 = ADVANCED_FACE('',(#687,#787,#915),#1043,.F.);
#687 = FACE_BOUND('',#688,.F.);
#688 = EDGE_LOOP('',(#689,#697,#698,#699,#700,#701,#709,#717,#725,#733,
    #741,#749,#757,#765,#773,#781));
#689 = ORIENTED_EDGE('',*,*,#690,.T.);
#690 = EDGE_CURVE('',#691,#126,#693,.T.);
#691 = VERTEX_POINT('',#692);
#692 = CARTESIAN_POINT('',(-37.737344,-38.,6.6));
#693 = LINE('',#694,#695);
#694 = CARTESIAN_POINT('',(-271.368672,-38.,6.6));
#695 = VECTOR('',#696,1.);
#696 = DIRECTION('',(-1.,0.,0.));
#697 = ORIENTED_EDGE('',*,*,#125,.T.);
#698 = ORIENTED_EDGE('',*,*,#147,.F.);
#699 = ORIENTED_EDGE('',*,*,#205,.F.);
#700 = ORIENTED_EDGE('',*,*,#197,.F.);
#701 = ORIENTED_EDGE('',*,*,#702,.F.);
#702 = EDGE_CURVE('',#703,#190,#705,.T.);
#703 = VERTEX_POINT('',#704);
#704 = CARTESIAN_POINT('',(6.6923662865,32.287358,6.6));
#705 = LINE('',#706,#707);
#706 = CARTESIAN_POINT('',(-286.9487864198,78.104925494626,6.6));
#707 = VECTOR('',#708,1.);
#708 = DIRECTION('',(-0.988044787103,0.15416711283,-1.88800261261E-17));
#709 = ORIENTED_EDGE('',*,*,#710,.F.);
#710 = EDGE_CURVE('',#711,#703,#713,.T.);
#711 = VERTEX_POINT('',#712);
#712 = CARTESIAN_POINT('',(16.732985703175,30.72069490264,6.6));
#713 = LINE('',#714,#715);
#714 = CARTESIAN_POINT('',(-286.9487864198,78.104925494626,6.6));
#715 = VECTOR('',#716,1.);
#716 = DIRECTION('',(-0.988044787103,0.15416711283,-1.88800261261E-17));
#717 = ORIENTED_EDGE('',*,*,#718,.F.);
#718 = EDGE_CURVE('',#719,#711,#721,.T.);
#719 = VERTEX_POINT('',#720);
#720 = CARTESIAN_POINT('',(24.637344,29.487358,6.6));
#721 = LINE('',#722,#723);
#722 = CARTESIAN_POINT('',(-286.9487864198,78.104925494626,6.6));
#723 = VECTOR('',#724,1.);
#724 = DIRECTION('',(-0.988044787103,0.15416711283,-1.88800261261E-17));
#725 = ORIENTED_EDGE('',*,*,#726,.T.);
#726 = EDGE_CURVE('',#719,#727,#729,.T.);
#727 = VERTEX_POINT('',#728);
#728 = CARTESIAN_POINT('',(-24.637344,29.487358,6.6));
#729 = LINE('',#730,#731);
#730 = CARTESIAN_POINT('',(-262.318672,29.487358,6.6));
#731 = VECTOR('',#732,1.);
#732 = DIRECTION('',(-1.,0.,0.));
#733 = ORIENTED_EDGE('',*,*,#734,.T.);
#734 = EDGE_CURVE('',#727,#735,#737,.T.);
#735 = VERTEX_POINT('',#736);
#736 = CARTESIAN_POINT('',(-24.637344,-29.987358,6.6));
#737 = LINE('',#738,#739);
#738 = CARTESIAN_POINT('',(-24.637344,264.743679,6.6));
#739 = VECTOR('',#740,1.);
#740 = DIRECTION('',(0.,-1.,1.224646799147E-16));
#741 = ORIENTED_EDGE('',*,*,#742,.F.);
#742 = EDGE_CURVE('',#743,#735,#745,.T.);
#743 = VERTEX_POINT('',#744);
#744 = CARTESIAN_POINT('',(24.637344,-29.987358,6.6));
#745 = LINE('',#746,#747);
#746 = CARTESIAN_POINT('',(-262.318672,-29.987358,6.6));
#747 = VECTOR('',#748,1.);
#748 = DIRECTION('',(-1.,0.,0.));
#749 = ORIENTED_EDGE('',*,*,#750,.F.);
#750 = EDGE_CURVE('',#751,#743,#753,.T.);
#751 = VERTEX_POINT('',#752);
#752 = CARTESIAN_POINT('',(16.724248445343,-31.16333365573,6.6));
#753 = LINE('',#754,#755);
#754 = CARTESIAN_POINT('',(-213.1516905264,-65.32550270856,6.6));
#755 = VECTOR('',#756,1.);
#756 = DIRECTION('',(0.989136944332,0.146996956967,-1.800193528335E-17)
  );
#757 = ORIENTED_EDGE('',*,*,#758,.F.);
#758 = EDGE_CURVE('',#759,#751,#761,.T.);
#759 = VERTEX_POINT('',#760);
#760 = CARTESIAN_POINT('',(5.796250270693,-32.787358,6.6));
#761 = LINE('',#762,#763);
#762 = CARTESIAN_POINT('',(-213.1516905264,-65.32550270856,6.6));
#763 = VECTOR('',#764,1.);
#764 = DIRECTION('',(0.989136944332,0.146996956967,-1.800193528335E-17)
  );
#765 = ORIENTED_EDGE('',*,*,#766,.F.);
#766 = EDGE_CURVE('',#767,#759,#769,.T.);
#767 = VERTEX_POINT('',#768);
#768 = CARTESIAN_POINT('',(-34.82424844534,-38.82402434426,6.6));
#769 = LINE('',#770,#771);
#770 = CARTESIAN_POINT('',(-213.1516905264,-65.32550270856,6.6));
#771 = VECTOR('',#772,1.);
#772 = DIRECTION('',(0.989136944332,0.146996956967,-1.800193528335E-17)
  );
#773 = ORIENTED_EDGE('',*,*,#774,.F.);
#774 = EDGE_CURVE('',#775,#767,#777,.T.);
#775 = VERTEX_POINT('',#776);
#776 = CARTESIAN_POINT('',(-37.737344,-39.2569433494,6.6));
#777 = LINE('',#778,#779);
#778 = CARTESIAN_POINT('',(-213.1516905264,-65.32550270856,6.6));
#779 = VECTOR('',#780,1.);
#780 = DIRECTION('',(0.989136944332,0.146996956967,-1.800193528335E-17)
  );
#781 = ORIENTED_EDGE('',*,*,#782,.F.);
#782 = EDGE_CURVE('',#691,#775,#783,.T.);
#783 = LINE('',#784,#785);
#784 = CARTESIAN_POINT('',(-37.737344,277.,6.6));
#785 = VECTOR('',#786,1.);
#786 = DIRECTION('',(0.,-1.,1.224646799147E-16));
#787 = FACE_BOUND('',#788,.F.);
#788 = EDGE_LOOP('',(#789,#799,#854,#909));
#789 = ORIENTED_EDGE('',*,*,#790,.F.);
#790 = EDGE_CURVE('',#791,#793,#795,.T.);
#791 = VERTEX_POINT('',#792);
#792 = CARTESIAN_POINT('',(-33.83071602492,20.039492756155,6.6));
#793 = VERTEX_POINT('',#794);
#794 = CARTESIAN_POINT('',(-33.84371058821,20.062,6.6));
#795 = LINE('',#796,#797);
#796 = CARTESIAN_POINT('',(-32.1405272941,17.112,6.6));
#797 = VECTOR('',#798,1.);
#798 = DIRECTION('',(-0.5,0.866025403784,-1.060575238725E-16));
#799 = ORIENTED_EDGE('',*,*,#800,.T.);
#800 = EDGE_CURVE('',#791,#801,#803,.T.);
#801 = VERTEX_POINT('',#802);
#802 = CARTESIAN_POINT('',(-26.65045875409,20.062,6.6));
#803 = B_SPLINE_CURVE_WITH_KNOTS('',7,(#804,#805,#806,#807,#808,#809,
    #810,#811,#812,#813,#814,#815,#816,#817,#818,#819,#820,#821,#822,
    #823,#824,#825,#826,#827,#828,#829,#830,#831,#832,#833,#834,#835,
    #836,#837,#838,#839,#840,#841,#842,#843,#844,#845,#846,#847,#848,
    #849,#850,#851,#852,#853),.UNSPECIFIED.,.T.,.F.,(8,6,6,6,6,6,6,6,8),
  (0.,0.125999058113,0.251998118402,0.375999043132,0.500999051144,
    0.62499997159,0.749999983787,0.874999993066,1.),.UNSPECIFIED.);
#804 = CARTESIAN_POINT('',(-26.65045875409,20.062,6.6));
#805 = CARTESIAN_POINT('',(-26.65045829415,20.467938810526,6.6));
#806 = CARTESIAN_POINT('',(-26.70401092713,20.87418460291,6.6));
#807 = CARTESIAN_POINT('',(-26.8112443845,21.271693589177,6.6));
#808 = CARTESIAN_POINT('',(-26.97022996903,21.65213385592,6.6));
#809 = CARTESIAN_POINT('',(-27.17772390648,22.007744129233,6.6));
#810 = CARTESIAN_POINT('',(-27.42915379734,22.33129718496,6.6));
#811 = CARTESIAN_POINT('',(-28.00683370745,22.90176293106,6.6));
#812 = CARTESIAN_POINT('',(-28.33352071403,23.149107132495,6.6));
#813 = CARTESIAN_POINT('',(-28.69171026901,23.352116127517,6.6));
#814 = CARTESIAN_POINT('',(-29.07411830811,23.506308563873,6.6));
#815 = CARTESIAN_POINT('',(-29.47294333125,23.608538731745,6.6));
#816 = CARTESIAN_POINT('',(-29.8798300567,23.656981970094,6.6));
#817 = CARTESIAN_POINT('',(-30.68520654027,23.646860725736,6.6));
#818 = CARTESIAN_POINT('',(-31.08430804118,23.589974031782,6.6));
#819 = CARTESIAN_POINT('',(-31.47443771685,23.48121129566,6.6));
#820 = CARTESIAN_POINT('',(-31.84767157509,23.32247532694,6.6));
#821 = CARTESIAN_POINT('',(-32.19662910398,23.116905044516,6.6));
#822 = CARTESIAN_POINT('',(-32.5144431869,22.868888280528,6.6));
#823 = CARTESIAN_POINT('',(-33.07812403203,22.298079179214,6.6));
#824 = CARTESIAN_POINT('',(-33.32380020141,21.97428534864,6.6));
#825 = CARTESIAN_POINT('',(-33.52589520359,21.619437613014,6.6));
#826 = CARTESIAN_POINT('',(-33.68001819862,21.240637231571,6.6));
#827 = CARTESIAN_POINT('',(-33.7830733862,20.845493040382,6.6));
#828 = CARTESIAN_POINT('',(-33.83324649236,20.44215462194,6.6));
#829 = CARTESIAN_POINT('',(-33.82820599585,19.639949102321,6.6));
#830 = CARTESIAN_POINT('',(-33.77382805668,19.24049806057,6.6));
#831 = CARTESIAN_POINT('',(-33.66751874044,18.849692718147,6.6));
#832 = CARTESIAN_POINT('',(-33.51113101115,18.475468871995,6.6));
#833 = CARTESIAN_POINT('',(-33.30775734309,18.125226613919,6.6));
#834 = CARTESIAN_POINT('',(-33.06174234256,17.805860493498,6.6));
#835 = CARTESIAN_POINT('',(-32.49448618381,17.238604312086,6.6));
#836 = CARTESIAN_POINT('',(-32.1722423498,16.990898552701,6.6));
#837 = CARTESIAN_POINT('',(-31.81867140105,16.786577973201,6.6));
#838 = CARTESIAN_POINT('',(-31.44084686888,16.630077937556,6.6));
#839 = CARTESIAN_POINT('',(-31.04635798414,16.524542003515,6.6));
#840 = CARTESIAN_POINT('',(-30.64334276358,16.471835635471,6.6));
#841 = CARTESIAN_POINT('',(-29.8379025683,16.471835635732,6.6));
#842 = CARTESIAN_POINT('',(-29.43488735458,16.524542002016,6.6));
#843 = CARTESIAN_POINT('',(-29.04039848264,16.630077941519,6.6));
#844 = CARTESIAN_POINT('',(-28.66257397347,16.786577999496,6.6));
#845 = CARTESIAN_POINT('',(-28.30900304028,16.990898588069,6.6));
#846 = CARTESIAN_POINT('',(-27.98675920675,17.238604330942,6.6));
#847 = CARTESIAN_POINT('',(-27.41722696129,17.808136520753,6.6));
#848 = CARTESIAN_POINT('',(-27.16952116399,18.130380334412,6.6));
#849 = CARTESIAN_POINT('',(-26.96520062781,18.483951284672,6.6));
#850 = CARTESIAN_POINT('',(-26.80870060591,18.861775803251,6.6));
#851 = CARTESIAN_POINT('',(-26.70316494756,19.256264752444,6.6));
#852 = CARTESIAN_POINT('',(-26.65045832088,19.659279899375,6.6));
#853 = CARTESIAN_POINT('',(-26.65045875409,20.062,6.6));
#854 = ORIENTED_EDGE('',*,*,#855,.T.);
#855 = EDGE_CURVE('',#801,#856,#858,.T.);
#856 = VERTEX_POINT('',#857);
#857 = CARTESIAN_POINT('',(-33.83071602492,20.084507243845,6.6));
#858 = B_SPLINE_CURVE_WITH_KNOTS('',7,(#859,#860,#861,#862,#863,#864,
    #865,#866,#867,#868,#869,#870,#871,#872,#873,#874,#875,#876,#877,
    #878,#879,#880,#881,#882,#883,#884,#885,#886,#887,#888,#889,#890,
    #891,#892,#893,#894,#895,#896,#897,#898,#899,#900,#901,#902,#903,
    #904,#905,#906,#907,#908),.UNSPECIFIED.,.T.,.F.,(8,6,6,6,6,6,6,6,8),
  (0.,0.125999058113,0.251998118402,0.375999043132,0.500999051144,
    0.62499997159,0.749999983787,0.874999993066,1.),.UNSPECIFIED.);
#859 = CARTESIAN_POINT('',(-26.65045875409,20.062,6.6));
#860 = CARTESIAN_POINT('',(-26.65045829415,20.467938810526,6.6));
#861 = CARTESIAN_POINT('',(-26.70401092713,20.87418460291,6.6));
#862 = CARTESIAN_POINT('',(-26.8112443845,21.271693589177,6.6));
#863 = CARTESIAN_POINT('',(-26.97022996903,21.65213385592,6.6));
#864 = CARTESIAN_POINT('',(-27.17772390648,22.007744129233,6.6));
#865 = CARTESIAN_POINT('',(-27.42915379734,22.33129718496,6.6));
#866 = CARTESIAN_POINT('',(-28.00683370745,22.90176293106,6.6));
#867 = CARTESIAN_POINT('',(-28.33352071403,23.149107132495,6.6));
#868 = CARTESIAN_POINT('',(-28.69171026901,23.352116127517,6.6));
#869 = CARTESIAN_POINT('',(-29.07411830811,23.506308563873,6.6));
#870 = CARTESIAN_POINT('',(-29.47294333125,23.608538731745,6.6));
#871 = CARTESIAN_POINT('',(-29.8798300567,23.656981970094,6.6));
#872 = CARTESIAN_POINT('',(-30.68520654027,23.646860725736,6.6));
#873 = CARTESIAN_POINT('',(-31.08430804118,23.589974031782,6.6));
#874 = CARTESIAN_POINT('',(-31.47443771685,23.48121129566,6.6));
#875 = CARTESIAN_POINT('',(-31.84767157509,23.32247532694,6.6));
#876 = CARTESIAN_POINT('',(-32.19662910398,23.116905044516,6.6));
#877 = CARTESIAN_POINT('',(-32.5144431869,22.868888280528,6.6));
#878 = CARTESIAN_POINT('',(-33.07812403203,22.298079179214,6.6));
#879 = CARTESIAN_POINT('',(-33.32380020141,21.97428534864,6.6));
#880 = CARTESIAN_POINT('',(-33.52589520359,21.619437613014,6.6));
#881 = CARTESIAN_POINT('',(-33.68001819862,21.240637231571,6.6));
#882 = CARTESIAN_POINT('',(-33.7830733862,20.845493040382,6.6));
#883 = CARTESIAN_POINT('',(-33.83324649236,20.44215462194,6.6));
#884 = CARTESIAN_POINT('',(-33.82820599585,19.639949102321,6.6));
#885 = CARTESIAN_POINT('',(-33.77382805668,19.24049806057,6.6));
#886 = CARTESIAN_POINT('',(-33.66751874044,18.849692718147,6.6));
#887 = CARTESIAN_POINT('',(-33.51113101115,18.475468871995,6.6));
#888 = CARTESIAN_POINT('',(-33.30775734309,18.125226613919,6.6));
#889 = CARTESIAN_POINT('',(-33.06174234256,17.805860493498,6.6));
#890 = CARTESIAN_POINT('',(-32.49448618381,17.238604312086,6.6));
#891 = CARTESIAN_POINT('',(-32.1722423498,16.990898552701,6.6));
#892 = CARTESIAN_POINT('',(-31.81867140105,16.786577973201,6.6));
#893 = CARTESIAN_POINT('',(-31.44084686888,16.630077937556,6.6));
#894 = CARTESIAN_POINT('',(-31.04635798414,16.524542003515,6.6));
#895 = CARTESIAN_POINT('',(-30.64334276358,16.471835635471,6.6));
#896 = CARTESIAN_POINT('',(-29.8379025683,16.471835635732,6.6));
#897 = CARTESIAN_POINT('',(-29.43488735458,16.524542002016,6.6));
#898 = CARTESIAN_POINT('',(-29.04039848264,16.630077941519,6.6));
#899 = CARTESIAN_POINT('',(-28.66257397347,16.786577999496,6.6));
#900 = CARTESIAN_POINT('',(-28.30900304028,16.990898588069,6.6));
#901 = CARTESIAN_POINT('',(-27.98675920675,17.238604330942,6.6));
#902 = CARTESIAN_POINT('',(-27.41722696129,17.808136520753,6.6));
#903 = CARTESIAN_POINT('',(-27.16952116399,18.130380334412,6.6));
#904 = CARTESIAN_POINT('',(-26.96520062781,18.483951284672,6.6));
#905 = CARTESIAN_POINT('',(-26.80870060591,18.861775803251,6.6));
#906 = CARTESIAN_POINT('',(-26.70316494756,19.256264752444,6.6));
#907 = CARTESIAN_POINT('',(-26.65045832088,19.659279899375,6.6));
#908 = CARTESIAN_POINT('',(-26.65045875409,20.062,6.6));
#909 = ORIENTED_EDGE('',*,*,#910,.F.);
#910 = EDGE_CURVE('',#793,#856,#911,.T.);
#911 = LINE('',#912,#913);
#912 = CARTESIAN_POINT('',(-33.84371058821,20.062,6.6));
#913 = VECTOR('',#914,1.);
#914 = DIRECTION('',(0.5,0.866025403784,-1.060575238725E-16));
#915 = FACE_BOUND('',#916,.F.);
#916 = EDGE_LOOP('',(#917,#927,#982,#1037));
#917 = ORIENTED_EDGE('',*,*,#918,.F.);
#918 = EDGE_CURVE('',#919,#921,#923,.T.);
#919 = VERTEX_POINT('',#920);
#920 = CARTESIAN_POINT('',(-33.83071602492,-21.96050724384,6.6));
#921 = VERTEX_POINT('',#922);
#922 = CARTESIAN_POINT('',(-33.84371058821,-21.938,6.6));
#923 = LINE('',#924,#925);
#924 = CARTESIAN_POINT('',(-32.1405272941,-24.888,6.6));
#925 = VECTOR('',#926,1.);
#926 = DIRECTION('',(-0.5,0.866025403784,-1.060575238725E-16));
#927 = ORIENTED_EDGE('',*,*,#928,.T.);
#928 = EDGE_CURVE('',#919,#929,#931,.T.);
#929 = VERTEX_POINT('',#930);
#930 = CARTESIAN_POINT('',(-26.65045875409,-21.938,6.6));
#931 = B_SPLINE_CURVE_WITH_KNOTS('',7,(#932,#933,#934,#935,#936,#937,
    #938,#939,#940,#941,#942,#943,#944,#945,#946,#947,#948,#949,#950,
    #951,#952,#953,#954,#955,#956,#957,#958,#959,#960,#961,#962,#963,
    #964,#965,#966,#967,#968,#969,#970,#971,#972,#973,#974,#975,#976,
    #977,#978,#979,#980,#981),.UNSPECIFIED.,.T.,.F.,(8,6,6,6,6,6,6,6,8),
  (0.,0.125999058112,0.251998118401,0.37599904313,0.500999051144,
    0.62499997159,0.749999983787,0.874999993066,1.),.UNSPECIFIED.);
#932 = CARTESIAN_POINT('',(-26.65045875409,-21.938,6.6));
#933 = CARTESIAN_POINT('',(-26.65045829415,-21.53206118947,6.6));
#934 = CARTESIAN_POINT('',(-26.70401092712,-21.12581539709,6.6));
#935 = CARTESIAN_POINT('',(-26.81124438451,-20.72830641082,6.6));
#936 = CARTESIAN_POINT('',(-26.97022996902,-20.34786614408,6.6));
#937 = CARTESIAN_POINT('',(-27.17772390648,-19.99225587076,6.6));
#938 = CARTESIAN_POINT('',(-27.42915379734,-19.66870281504,6.6));
#939 = CARTESIAN_POINT('',(-28.00683370745,-19.09823706894,6.6));
#940 = CARTESIAN_POINT('',(-28.33352071403,-18.8508928675,6.6));
#941 = CARTESIAN_POINT('',(-28.69171026901,-18.64788387248,6.6));
#942 = CARTESIAN_POINT('',(-29.07411830811,-18.49369143612,6.6));
#943 = CARTESIAN_POINT('',(-29.47294333126,-18.39146126825,6.6));
#944 = CARTESIAN_POINT('',(-29.8798300567,-18.3430180299,6.6));
#945 = CARTESIAN_POINT('',(-30.68520654027,-18.35313927426,6.6));
#946 = CARTESIAN_POINT('',(-31.08430804118,-18.41002596821,6.6));
#947 = CARTESIAN_POINT('',(-31.47443771685,-18.51878870434,6.6));
#948 = CARTESIAN_POINT('',(-31.84767157509,-18.67752467305,6.6));
#949 = CARTESIAN_POINT('',(-32.19662910398,-18.88309495548,6.6));
#950 = CARTESIAN_POINT('',(-32.5144431869,-19.13111171947,6.6));
#951 = CARTESIAN_POINT('',(-33.07812403203,-19.70192082078,6.6));
#952 = CARTESIAN_POINT('',(-33.3238002014,-20.02571465135,6.6));
#953 = CARTESIAN_POINT('',(-33.52589520359,-20.38056238698,6.6));
#954 = CARTESIAN_POINT('',(-33.68001819862,-20.75936276842,6.6));
#955 = CARTESIAN_POINT('',(-33.7830733862,-21.15450695961,6.6));
#956 = CARTESIAN_POINT('',(-33.83324649236,-21.55784537806,6.6));
#957 = CARTESIAN_POINT('',(-33.82820599585,-22.36005089768,6.6));
#958 = CARTESIAN_POINT('',(-33.77382805668,-22.75950193942,6.6));
#959 = CARTESIAN_POINT('',(-33.66751874044,-23.15030728185,6.6));
#960 = CARTESIAN_POINT('',(-33.51113101115,-23.524531128,6.6));
#961 = CARTESIAN_POINT('',(-33.30775734309,-23.87477338608,6.6));
#962 = CARTESIAN_POINT('',(-33.06174234256,-24.1941395065,6.6));
#963 = CARTESIAN_POINT('',(-32.49448618381,-24.76139568791,6.6));
#964 = CARTESIAN_POINT('',(-32.1722423498,-25.00910144729,6.6));
#965 = CARTESIAN_POINT('',(-31.81867140105,-25.21342202679,6.6));
#966 = CARTESIAN_POINT('',(-31.44084686888,-25.36992206244,6.6));
#967 = CARTESIAN_POINT('',(-31.04635798414,-25.47545799648,6.6));
#968 = CARTESIAN_POINT('',(-30.64334276358,-25.52816436452,6.6));
#969 = CARTESIAN_POINT('',(-29.8379025683,-25.52816436426,6.6));
#970 = CARTESIAN_POINT('',(-29.43488735458,-25.47545799798,6.6));
#971 = CARTESIAN_POINT('',(-29.04039848264,-25.36992205848,6.6));
#972 = CARTESIAN_POINT('',(-28.66257397347,-25.2134220005,6.6));
#973 = CARTESIAN_POINT('',(-28.30900304028,-25.00910141193,6.6));
#974 = CARTESIAN_POINT('',(-27.98675920675,-24.76139566905,6.6));
#975 = CARTESIAN_POINT('',(-27.41722696129,-24.19186347924,6.6));
#976 = CARTESIAN_POINT('',(-27.169521164,-23.86961966558,6.6));
#977 = CARTESIAN_POINT('',(-26.9652006278,-23.51604871533,6.6));
#978 = CARTESIAN_POINT('',(-26.80870060592,-23.13822419674,6.6));
#979 = CARTESIAN_POINT('',(-26.70316494756,-22.74373524755,6.6));
#980 = CARTESIAN_POINT('',(-26.65045832088,-22.34072010062,6.6));
#981 = CARTESIAN_POINT('',(-26.65045875409,-21.938,6.6));
#982 = ORIENTED_EDGE('',*,*,#983,.T.);
#983 = EDGE_CURVE('',#929,#984,#986,.T.);
#984 = VERTEX_POINT('',#985);
#985 = CARTESIAN_POINT('',(-33.83071602492,-21.91549275615,6.6));
#986 = B_SPLINE_CURVE_WITH_KNOTS('',7,(#987,#988,#989,#990,#991,#992,
    #993,#994,#995,#996,#997,#998,#999,#1000,#1001,#1002,#1003,#1004,
    #1005,#1006,#1007,#1008,#1009,#1010,#1011,#1012,#1013,#1014,#1015,
    #1016,#1017,#1018,#1019,#1020,#1021,#1022,#1023,#1024,#1025,#1026,
    #1027,#1028,#1029,#1030,#1031,#1032,#1033,#1034,#1035,#1036),
  .UNSPECIFIED.,.T.,.F.,(8,6,6,6,6,6,6,6,8),(0.,0.125999058112,
    0.251998118401,0.37599904313,0.500999051144,0.62499997159,
    0.749999983787,0.874999993066,1.),.UNSPECIFIED.);
#987 = CARTESIAN_POINT('',(-26.65045875409,-21.938,6.6));
#988 = CARTESIAN_POINT('',(-26.65045829415,-21.53206118947,6.6));
#989 = CARTESIAN_POINT('',(-26.70401092712,-21.12581539709,6.6));
#990 = CARTESIAN_POINT('',(-26.81124438451,-20.72830641082,6.6));
#991 = CARTESIAN_POINT('',(-26.97022996902,-20.34786614408,6.6));
#992 = CARTESIAN_POINT('',(-27.17772390648,-19.99225587076,6.6));
#993 = CARTESIAN_POINT('',(-27.42915379734,-19.66870281504,6.6));
#994 = CARTESIAN_POINT('',(-28.00683370745,-19.09823706894,6.6));
#995 = CARTESIAN_POINT('',(-28.33352071403,-18.8508928675,6.6));
#996 = CARTESIAN_POINT('',(-28.69171026901,-18.64788387248,6.6));
#997 = CARTESIAN_POINT('',(-29.07411830811,-18.49369143612,6.6));
#998 = CARTESIAN_POINT('',(-29.47294333126,-18.39146126825,6.6));
#999 = CARTESIAN_POINT('',(-29.8798300567,-18.3430180299,6.6));
#1000 = CARTESIAN_POINT('',(-30.68520654027,-18.35313927426,6.6));
#1001 = CARTESIAN_POINT('',(-31.08430804118,-18.41002596821,6.6));
#1002 = CARTESIAN_POINT('',(-31.47443771685,-18.51878870434,6.6));
#1003 = CARTESIAN_POINT('',(-31.84767157509,-18.67752467305,6.6));
#1004 = CARTESIAN_POINT('',(-32.19662910398,-18.88309495548,6.6));
#1005 = CARTESIAN_POINT('',(-32.5144431869,-19.13111171947,6.6));
#1006 = CARTESIAN_POINT('',(-33.07812403203,-19.70192082078,6.6));
#1007 = CARTESIAN_POINT('',(-33.3238002014,-20.02571465135,6.6));
#1008 = CARTESIAN_POINT('',(-33.52589520359,-20.38056238698,6.6));
#1009 = CARTESIAN_POINT('',(-33.68001819862,-20.75936276842,6.6));
#1010 = CARTESIAN_POINT('',(-33.7830733862,-21.15450695961,6.6));
#1011 = CARTESIAN_POINT('',(-33.83324649236,-21.55784537806,6.6));
#1012 = CARTESIAN_POINT('',(-33.82820599585,-22.36005089768,6.6));
#1013 = CARTESIAN_POINT('',(-33.77382805668,-22.75950193942,6.6));
#1014 = CARTESIAN_POINT('',(-33.66751874044,-23.15030728185,6.6));
#1015 = CARTESIAN_POINT('',(-33.51113101115,-23.524531128,6.6));
#1016 = CARTESIAN_POINT('',(-33.30775734309,-23.87477338608,6.6));
#1017 = CARTESIAN_POINT('',(-33.06174234256,-24.1941395065,6.6));
#1018 = CARTESIAN_POINT('',(-32.49448618381,-24.76139568791,6.6));
#1019 = CARTESIAN_POINT('',(-32.1722423498,-25.00910144729,6.6));
#1020 = CARTESIAN_POINT('',(-31.81867140105,-25.21342202679,6.6));
#1021 = CARTESIAN_POINT('',(-31.44084686888,-25.36992206244,6.6));
#1022 = CARTESIAN_POINT('',(-31.04635798414,-25.47545799648,6.6));
#1023 = CARTESIAN_POINT('',(-30.64334276358,-25.52816436452,6.6));
#1024 = CARTESIAN_POINT('',(-29.8379025683,-25.52816436426,6.6));
#1025 = CARTESIAN_POINT('',(-29.43488735458,-25.47545799798,6.6));
#1026 = CARTESIAN_POINT('',(-29.04039848264,-25.36992205848,6.6));
#1027 = CARTESIAN_POINT('',(-28.66257397347,-25.2134220005,6.6));
#1028 = CARTESIAN_POINT('',(-28.30900304028,-25.00910141193,6.6));
#1029 = CARTESIAN_POINT('',(-27.98675920675,-24.76139566905,6.6));
#1030 = CARTESIAN_POINT('',(-27.41722696129,-24.19186347924,6.6));
#1031 = CARTESIAN_POINT('',(-27.169521164,-23.86961966558,6.6));
#1032 = CARTESIAN_POINT('',(-26.9652006278,-23.51604871533,6.6));
#1033 = CARTESIAN_POINT('',(-26.80870060592,-23.13822419674,6.6));
#1034 = CARTESIAN_POINT('',(-26.70316494756,-22.74373524755,6.6));
#1035 = CARTESIAN_POINT('',(-26.65045832088,-22.34072010062,6.6));
#1036 = CARTESIAN_POINT('',(-26.65045875409,-21.938,6.6));
#1037 = ORIENTED_EDGE('',*,*,#1038,.F.);
#1038 = EDGE_CURVE('',#921,#984,#1039,.T.);
#1039 = LINE('',#1040,#1041);
#1040 = CARTESIAN_POINT('',(-33.84371058821,-21.938,6.6));
#1041 = VECTOR('',#1042,1.);
#1042 = DIRECTION('',(0.5,0.866025403784,-1.060575238725E-16));
#1043 = PLANE('',#1044);
#1044 = AXIS2_PLACEMENT_3D('',#1045,#1046,#1047);
#1045 = CARTESIAN_POINT('',(-500.,500.,6.6));
#1046 = DIRECTION('',(0.,-1.224646799147E-16,-1.));
#1047 = DIRECTION('',(1.,0.,0.));
#1048 = ADVANCED_FACE('',(#1049),#1074,.F.);
#1049 = FACE_BOUND('',#1050,.F.);
#1050 = EDGE_LOOP('',(#1051,#1059,#1060,#1068));
#1051 = ORIENTED_EDGE('',*,*,#1052,.F.);
#1052 = EDGE_CURVE('',#190,#1053,#1055,.T.);
#1053 = VERTEX_POINT('',#1054);
#1054 = CARTESIAN_POINT('',(-34.83298570317,38.76666309736,
    2.453822785218));
#1055 = LINE('',#1056,#1057);
#1056 = CARTESIAN_POINT('',(-34.83298570317,38.76666309736,55.823501));
#1057 = VECTOR('',#1058,1.);
#1058 = DIRECTION('',(2.007379573769E-16,-2.590172925576E-16,-1.));
#1059 = ORIENTED_EDGE('',*,*,#189,.F.);
#1060 = ORIENTED_EDGE('',*,*,#1061,.F.);
#1061 = EDGE_CURVE('',#1062,#182,#1064,.T.);
#1062 = VERTEX_POINT('',#1063);
#1063 = CARTESIAN_POINT('',(-34.39474046784,41.575342019167,
    2.453822785218));
#1064 = LINE('',#1065,#1066);
#1065 = CARTESIAN_POINT('',(-34.39474046784,41.575342019167,
    31.334990345427));
#1066 = VECTOR('',#1067,1.);
#1067 = DIRECTION('',(-2.22044604925E-16,1.224646799147E-16,1.));
#1068 = ORIENTED_EDGE('',*,*,#1069,.F.);
#1069 = EDGE_CURVE('',#1053,#1062,#1070,.T.);
#1070 = LINE('',#1071,#1072);
#1071 = CARTESIAN_POINT('',(-34.83298570317,38.76666309736,
    2.453822785218));
#1072 = VECTOR('',#1073,1.);
#1073 = DIRECTION('',(0.15416711283,0.988044787103,-2.804846455882E-16)
  );
#1074 = PLANE('',#1075);
#1075 = AXIS2_PLACEMENT_3D('',#1076,#1077,#1078);
#1076 = CARTESIAN_POINT('',(-34.83298570317,38.76666309736,
    43.00750638539));
#1077 = DIRECTION('',(-0.988044787103,0.15416711283,-2.382700405267E-16)
  );
#1078 = DIRECTION('',(2.007379573769E-16,-2.590172925576E-16,-1.));
#1079 = ADVANCED_FACE('',(#1080),#1116,.T.);
#1080 = FACE_BOUND('',#1081,.T.);
#1081 = EDGE_LOOP('',(#1082,#1090,#1091,#1092,#1093,#1094,#1102,#1110));
#1082 = ORIENTED_EDGE('',*,*,#1083,.F.);
#1083 = EDGE_CURVE('',#240,#1084,#1086,.T.);
#1084 = VERTEX_POINT('',#1085);
#1085 = CARTESIAN_POINT('',(25.322761782075,32.257469967758,6.6));
#1086 = LINE('',#1087,#1088);
#1087 = CARTESIAN_POINT('',(25.322761782075,32.257469967758,-1.3));
#1088 = VECTOR('',#1089,1.);
#1089 = DIRECTION('',(3.539334659868E-16,3.259337306212E-17,1.));
#1090 = ORIENTED_EDGE('',*,*,#239,.T.);
#1091 = ORIENTED_EDGE('',*,*,#625,.F.);
#1092 = ORIENTED_EDGE('',*,*,#181,.F.);
#1093 = ORIENTED_EDGE('',*,*,#1061,.F.);
#1094 = ORIENTED_EDGE('',*,*,#1095,.T.);
#1095 = EDGE_CURVE('',#1062,#1096,#1098,.T.);
#1096 = VERTEX_POINT('',#1097);
#1097 = CARTESIAN_POINT('',(17.171230938506,33.529373824447,
    6.415714221643));
#1098 = LINE('',#1099,#1100);
#1099 = CARTESIAN_POINT('',(2.177926301049,35.868816851634,
    5.263755989755));
#1100 = VECTOR('',#1101,1.);
#1101 = DIRECTION('',(0.985210090946,-0.15372480806,7.569517873796E-02)
  );
#1102 = ORIENTED_EDGE('',*,*,#1103,.T.);
#1103 = EDGE_CURVE('',#1096,#1104,#1106,.T.);
#1104 = VERTEX_POINT('',#1105);
#1105 = CARTESIAN_POINT('',(17.171230938506,33.529373824447,6.6));
#1106 = LINE('',#1107,#1108);
#1107 = CARTESIAN_POINT('',(17.171230938506,33.529373824447,
    18.577435702149));
#1108 = VECTOR('',#1109,1.);
#1109 = DIRECTION('',(3.686479568483E-16,3.029743404955E-17,1.));
#1110 = ORIENTED_EDGE('',*,*,#1111,.F.);
#1111 = EDGE_CURVE('',#1084,#1104,#1112,.T.);
#1112 = LINE('',#1113,#1114);
#1113 = CARTESIAN_POINT('',(-173.5166357043,63.282881191481,6.6));
#1114 = VECTOR('',#1115,1.);
#1115 = DIRECTION('',(-0.988044787103,0.15416711283,-1.88800261261E-17)
  );
#1116 = PLANE('',#1117);
#1117 = AXIS2_PLACEMENT_3D('',#1118,#1119,#1120);
#1118 = CARTESIAN_POINT('',(-13.98176331507,38.390253860224,
    19.662474305463));
#1119 = DIRECTION('',(0.15416711283,0.988044787103,-8.676861293324E-17)
  );
#1120 = DIRECTION('',(-0.988044787103,0.15416711283,-2.382700405267E-16)
  );
#1121 = ADVANCED_FACE('',(#1122),#1149,.T.);
#1122 = FACE_BOUND('',#1123,.T.);
#1123 = EDGE_LOOP('',(#1124,#1125,#1126,#1127,#1135,#1143));
#1124 = ORIENTED_EDGE('',*,*,#675,.F.);
#1125 = ORIENTED_EDGE('',*,*,#603,.F.);
#1126 = ORIENTED_EDGE('',*,*,#595,.T.);
#1127 = ORIENTED_EDGE('',*,*,#1128,.F.);
#1128 = EDGE_CURVE('',#1129,#588,#1131,.T.);
#1129 = VERTEX_POINT('',#1130);
#1130 = CARTESIAN_POINT('',(-37.737344,-54.,7.105427357601E-15));
#1131 = LINE('',#1132,#1133);
#1132 = CARTESIAN_POINT('',(-37.737344,177.,-2.13162820728E-14));
#1133 = VECTOR('',#1134,1.);
#1134 = DIRECTION('',(0.,1.,-1.224646799147E-16));
#1135 = ORIENTED_EDGE('',*,*,#1136,.F.);
#1136 = EDGE_CURVE('',#1137,#1129,#1139,.T.);
#1137 = VERTEX_POINT('',#1138);
#1138 = CARTESIAN_POINT('',(-41.737344,-54.,7.105427357601E-15));
#1139 = LINE('',#1140,#1141);
#1140 = CARTESIAN_POINT('',(-170.868672,-54.,7.105427357601E-15));
#1141 = VECTOR('',#1142,1.);
#1142 = DIRECTION('',(1.,0.,0.));
#1143 = ORIENTED_EDGE('',*,*,#1144,.T.);
#1144 = EDGE_CURVE('',#1137,#668,#1145,.T.);
#1145 = LINE('',#1146,#1147);
#1146 = CARTESIAN_POINT('',(-41.737344,177.,-2.13162820728E-14));
#1147 = VECTOR('',#1148,1.);
#1148 = DIRECTION('',(0.,1.,-1.224646799147E-16));
#1149 = PLANE('',#1150);
#1150 = AXIS2_PLACEMENT_3D('',#1151,#1152,#1153);
#1151 = CARTESIAN_POINT('',(-300.,300.,-3.685940441756E-14));
#1152 = DIRECTION('',(0.,-1.224646799147E-16,-1.));
#1153 = DIRECTION('',(1.,0.,0.));
#1154 = ADVANCED_FACE('',(#1155),#1212,.T.);
#1155 = FACE_BOUND('',#1156,.T.);
#1156 = EDGE_LOOP('',(#1157,#1165,#1173,#1181,#1189,#1197,#1205,#1211));
#1157 = ORIENTED_EDGE('',*,*,#1158,.F.);
#1158 = EDGE_CURVE('',#1159,#579,#1161,.T.);
#1159 = VERTEX_POINT('',#1160);
#1160 = CARTESIAN_POINT('',(25.304836392416,-32.76020036083,6.6));
#1161 = LINE('',#1162,#1163);
#1162 = CARTESIAN_POINT('',(25.304836392416,-32.76020036083,22.786157));
#1163 = VECTOR('',#1164,1.);
#1164 = DIRECTION('',(-3.552075100262E-16,-2.082508845314E-16,-1.));
#1165 = ORIENTED_EDGE('',*,*,#1166,.F.);
#1166 = EDGE_CURVE('',#1167,#1159,#1169,.T.);
#1167 = VERTEX_POINT('',#1168);
#1168 = CARTESIAN_POINT('',(17.141843305619,-33.9733136212,6.6));
#1169 = LINE('',#1170,#1171);
#1170 = CARTESIAN_POINT('',(-129.295283473,-55.73552981051,6.6));
#1171 = VECTOR('',#1172,1.);
#1172 = DIRECTION('',(0.989136944332,0.146996956967,-1.800193528335E-17)
  );
#1173 = ORIENTED_EDGE('',*,*,#1174,.T.);
#1174 = EDGE_CURVE('',#1167,#1175,#1177,.T.);
#1175 = VERTEX_POINT('',#1176);
#1176 = CARTESIAN_POINT('',(17.141843305619,-33.9733136212,6.41509376678
    ));
#1177 = LINE('',#1178,#1179);
#1178 = CARTESIAN_POINT('',(17.141843305619,-33.9733136212,
    13.039714264402));
#1179 = VECTOR('',#1180,1.);
#1180 = DIRECTION('',(-3.699545488444E-16,-2.104424615855E-16,-1.));
#1181 = ORIENTED_EDGE('',*,*,#1182,.F.);
#1182 = EDGE_CURVE('',#1183,#1175,#1185,.T.);
#1183 = VERTEX_POINT('',#1184);
#1184 = CARTESIAN_POINT('',(-34.40665358506,-41.63400430974,
    2.454544923776));
#1185 = LINE('',#1186,#1187);
#1186 = CARTESIAN_POINT('',(2.153885774902,-36.2006939256,5.263546361176
    ));
#1187 = VECTOR('',#1188,1.);
#1188 = DIRECTION('',(0.986292864645,0.146574294501,7.5778369876E-02));
#1189 = ORIENTED_EDGE('',*,*,#1190,.F.);
#1190 = EDGE_CURVE('',#1191,#1183,#1193,.T.);
#1191 = VERTEX_POINT('',#1192);
#1192 = CARTESIAN_POINT('',(-34.40665358506,-41.63400430974,6.6));
#1193 = LINE('',#1194,#1195);
#1194 = CARTESIAN_POINT('',(-34.40665358506,-41.63400430974,
    11.059439842901));
#1195 = VECTOR('',#1196,1.);
#1196 = DIRECTION('',(2.22044604925E-16,-1.224646799147E-16,-1.));
#1197 = ORIENTED_EDGE('',*,*,#1198,.F.);
#1198 = EDGE_CURVE('',#1199,#1191,#1201,.T.);
#1199 = VERTEX_POINT('',#1200);
#1200 = CARTESIAN_POINT('',(-37.737344,-42.12898264251,6.6));
#1201 = LINE('',#1202,#1203);
#1202 = CARTESIAN_POINT('',(-129.295283473,-55.73552981051,6.6));
#1203 = VECTOR('',#1204,1.);
#1204 = DIRECTION('',(0.989136944332,0.146996956967,-1.800193528335E-17)
  );
#1205 = ORIENTED_EDGE('',*,*,#1206,.F.);
#1206 = EDGE_CURVE('',#588,#1199,#1207,.T.);
#1207 = LINE('',#1208,#1209);
#1208 = CARTESIAN_POINT('',(-37.737344,-42.12898264251,4.743917881012));
#1209 = VECTOR('',#1210,1.);
#1210 = DIRECTION('',(-2.22044604925E-16,1.224646799147E-16,1.));
#1211 = ORIENTED_EDGE('',*,*,#587,.T.);
#1212 = PLANE('',#1213);
#1213 = AXIS2_PLACEMENT_3D('',#1214,#1215,#1216);
#1214 = CARTESIAN_POINT('',(-14.00316146734,-38.60181420706,
    19.664334762025));
#1215 = DIRECTION('',(0.146996956967,-0.989136944332,1.537742205143E-16)
  );
#1216 = DIRECTION('',(0.989136944332,0.146996956967,2.016305867376E-16)
  );
#1217 = ADVANCED_FACE('',(#1218),#1237,.T.);
#1218 = FACE_BOUND('',#1219,.T.);
#1219 = EDGE_LOOP('',(#1220,#1229,#1230,#1231));
#1220 = ORIENTED_EDGE('',*,*,#1221,.T.);
#1221 = EDGE_CURVE('',#1222,#1159,#1224,.T.);
#1222 = VERTEX_POINT('',#1223);
#1223 = CARTESIAN_POINT('',(27.437344,-30.287358,6.6));
#1224 = CIRCLE('',#1225,2.5);
#1225 = AXIS2_PLACEMENT_3D('',#1226,#1227,#1228);
#1226 = CARTESIAN_POINT('',(24.937344,-30.287358,6.6));
#1227 = DIRECTION('',(-1.860241134887E-16,-4.099915794935E-16,-1.));
#1228 = DIRECTION('',(1.110223024625E-16,1.,-4.099915794935E-16));
#1229 = ORIENTED_EDGE('',*,*,#1158,.T.);
#1230 = ORIENTED_EDGE('',*,*,#578,.F.);
#1231 = ORIENTED_EDGE('',*,*,#1232,.F.);
#1232 = EDGE_CURVE('',#1222,#571,#1233,.T.);
#1233 = LINE('',#1234,#1235);
#1234 = CARTESIAN_POINT('',(27.437344,-30.287358,22.786157));
#1235 = VECTOR('',#1236,1.);
#1236 = DIRECTION('',(-3.679563120001E-16,-1.224646799147E-16,-1.));
#1237 = CYLINDRICAL_SURFACE('',#1238,2.5);
#1238 = AXIS2_PLACEMENT_3D('',#1239,#1240,#1241);
#1239 = CARTESIAN_POINT('',(24.937344,-30.287358,22.786157));
#1240 = DIRECTION('',(-1.860241134887E-16,-4.099915794935E-16,-1.));
#1241 = DIRECTION('',(1.110223024625E-16,1.,-4.099915794935E-16));
#1242 = ADVANCED_FACE('',(#1243),#1299,.T.);
#1243 = FACE_BOUND('',#1244,.T.);
#1244 = EDGE_LOOP('',(#1245,#1253,#1254,#1255,#1263,#1271,#1279,#1288));
#1245 = ORIENTED_EDGE('',*,*,#1246,.F.);
#1246 = EDGE_CURVE('',#1222,#1247,#1249,.T.);
#1247 = VERTEX_POINT('',#1248);
#1248 = CARTESIAN_POINT('',(27.437344,-27.77483762117,6.6));
#1249 = LINE('',#1250,#1251);
#1250 = CARTESIAN_POINT('',(27.437344,149.875,6.6));
#1251 = VECTOR('',#1252,1.);
#1252 = DIRECTION('',(0.,1.,-1.224646799147E-16));
#1253 = ORIENTED_EDGE('',*,*,#1232,.T.);
#1254 = ORIENTED_EDGE('',*,*,#570,.T.);
#1255 = ORIENTED_EDGE('',*,*,#1256,.F.);
#1256 = EDGE_CURVE('',#1257,#563,#1259,.T.);
#1257 = VERTEX_POINT('',#1258);
#1258 = CARTESIAN_POINT('',(27.437344,-25.487358,2.586157));
#1259 = LINE('',#1260,#1261);
#1260 = CARTESIAN_POINT('',(27.437344,-25.487358,7.66461775));
#1261 = VECTOR('',#1262,1.);
#1262 = DIRECTION('',(-3.679563120001E-16,-1.224646799147E-16,-1.));
#1263 = ORIENTED_EDGE('',*,*,#1264,.F.);
#1264 = EDGE_CURVE('',#1265,#1257,#1267,.T.);
#1265 = VERTEX_POINT('',#1266);
#1266 = CARTESIAN_POINT('',(27.437344,-25.487358,4.586157));
#1267 = LINE('',#1268,#1269);
#1268 = CARTESIAN_POINT('',(27.437344,-25.487358,7.66461775));
#1269 = VECTOR('',#1270,1.);
#1270 = DIRECTION('',(-3.679563120001E-16,-1.224646799147E-16,-1.));
#1271 = ORIENTED_EDGE('',*,*,#1272,.T.);
#1272 = EDGE_CURVE('',#1265,#1273,#1275,.T.);
#1273 = VERTEX_POINT('',#1274);
#1274 = CARTESIAN_POINT('',(27.437344,-25.40683784986,4.586157));
#1275 = LINE('',#1276,#1277);
#1276 = CARTESIAN_POINT('',(27.437344,12.618679,4.586157));
#1277 = VECTOR('',#1278,1.);
#1278 = DIRECTION('',(0.,1.,-1.224646799147E-16));
#1279 = ORIENTED_EDGE('',*,*,#1280,.T.);
#1280 = EDGE_CURVE('',#1273,#1281,#1283,.T.);
#1281 = VERTEX_POINT('',#1282);
#1282 = CARTESIAN_POINT('',(27.437344,-27.47785559378,6.3));
#1283 = HYPERBOLA('',#1284,3.,3.);
#1284 = AXIS2_PLACEMENT_3D('',#1285,#1286,#1287);
#1285 = CARTESIAN_POINT('',(27.437344,-21.938,0.));
#1286 = DIRECTION('',(1.,-4.50616519717E-32,-3.679563120001E-16));
#1287 = DIRECTION('',(3.679563120001E-16,1.224646799147E-16,1.));
#1288 = ORIENTED_EDGE('',*,*,#1289,.F.);
#1289 = EDGE_CURVE('',#1247,#1281,#1290,.T.);
#1290 = B_SPLINE_CURVE_WITH_KNOTS('',7,(#1291,#1292,#1293,#1294,#1295,
    #1296,#1297,#1298),.UNSPECIFIED.,.F.,.F.,(8,8),(0.,1.),
  .PIECEWISE_BEZIER_KNOTS.);
#1291 = CARTESIAN_POINT('',(27.437344,-30.287358,11.397393689388));
#1292 = CARTESIAN_POINT('',(27.437344,-30.09887675691,10.57404556643));
#1293 = CARTESIAN_POINT('',(27.437344,-29.83811895699,9.767765791525));
#1294 = CARTESIAN_POINT('',(27.437344,-29.50528367171,8.986145438373));
#1295 = CARTESIAN_POINT('',(27.437344,-29.10076201973,8.238177675528));
#1296 = CARTESIAN_POINT('',(27.437344,-28.62592628792,7.533864028308));
#1297 = CARTESIAN_POINT('',(27.437344,-28.08342035049,6.884052621574));
#1298 = CARTESIAN_POINT('',(27.437344,-27.47785560124,6.3));
#1299 = PLANE('',#1300);
#1300 = AXIS2_PLACEMENT_3D('',#1301,#1302,#1303);
#1301 = CARTESIAN_POINT('',(27.437344,-0.25,10.7430785));
#1302 = DIRECTION('',(1.,-4.50616519717E-32,-3.679563120001E-16));
#1303 = DIRECTION('',(3.679563120001E-16,1.224646799147E-16,1.));
#1304 = ADVANCED_FACE('',(#1305),#1371,.T.);
#1305 = FACE_BOUND('',#1306,.T.);
#1306 = EDGE_LOOP('',(#1307,#1308,#1316,#1325,#1333,#1342,#1348,#1349,
    #1357,#1365));
#1307 = ORIENTED_EDGE('',*,*,#264,.T.);
#1308 = ORIENTED_EDGE('',*,*,#1309,.F.);
#1309 = EDGE_CURVE('',#1310,#257,#1312,.T.);
#1310 = VERTEX_POINT('',#1311);
#1311 = CARTESIAN_POINT('',(27.437344,23.41610196625,-7.105427357601E-15
    ));
#1312 = LINE('',#1313,#1314);
#1313 = CARTESIAN_POINT('',(27.437344,249.875,-3.552713678801E-14));
#1314 = VECTOR('',#1315,1.);
#1315 = DIRECTION('',(0.,1.,-1.224646799147E-16));
#1316 = ORIENTED_EDGE('',*,*,#1317,.F.);
#1317 = EDGE_CURVE('',#1318,#1310,#1320,.T.);
#1318 = VERTEX_POINT('',#1319);
#1319 = CARTESIAN_POINT('',(27.437344,16.70789803375,-7.105427357601E-15
    ));
#1320 = CIRCLE('',#1321,4.5);
#1321 = AXIS2_PLACEMENT_3D('',#1322,#1323,#1324);
#1322 = CARTESIAN_POINT('',(30.437344,20.062,-2.6645352591E-15));
#1323 = DIRECTION('',(0.,-1.224646799147E-16,-1.));
#1324 = DIRECTION('',(1.,0.,0.));
#1325 = ORIENTED_EDGE('',*,*,#1326,.F.);
#1326 = EDGE_CURVE('',#1327,#1318,#1329,.T.);
#1327 = VERTEX_POINT('',#1328);
#1328 = CARTESIAN_POINT('',(27.437344,-18.58389803375,0.));
#1329 = LINE('',#1330,#1331);
#1330 = CARTESIAN_POINT('',(27.437344,249.875,-3.552713678801E-14));
#1331 = VECTOR('',#1332,1.);
#1332 = DIRECTION('',(0.,1.,-1.224646799147E-16));
#1333 = ORIENTED_EDGE('',*,*,#1334,.F.);
#1334 = EDGE_CURVE('',#1335,#1327,#1337,.T.);
#1335 = VERTEX_POINT('',#1336);
#1336 = CARTESIAN_POINT('',(27.437344,-25.29210196625,0.));
#1337 = CIRCLE('',#1338,4.5);
#1338 = AXIS2_PLACEMENT_3D('',#1339,#1340,#1341);
#1339 = CARTESIAN_POINT('',(30.437344,-21.938,2.6645352591E-15));
#1340 = DIRECTION('',(0.,-1.224646799147E-16,-1.));
#1341 = DIRECTION('',(1.,0.,0.));
#1342 = ORIENTED_EDGE('',*,*,#1343,.F.);
#1343 = EDGE_CURVE('',#563,#1335,#1344,.T.);
#1344 = LINE('',#1345,#1346);
#1345 = CARTESIAN_POINT('',(27.437344,249.875,-3.552713678801E-14));
#1346 = VECTOR('',#1347,1.);
#1347 = DIRECTION('',(0.,1.,-1.224646799147E-16));
#1348 = ORIENTED_EDGE('',*,*,#562,.F.);
#1349 = ORIENTED_EDGE('',*,*,#1350,.F.);
#1350 = EDGE_CURVE('',#1351,#555,#1353,.T.);
#1351 = VERTEX_POINT('',#1352);
#1352 = CARTESIAN_POINT('',(24.637344,-0.438984,-3.552713678801E-15));
#1353 = LINE('',#1354,#1355);
#1354 = CARTESIAN_POINT('',(24.637344,264.743679,-3.552713678801E-14));
#1355 = VECTOR('',#1356,1.);
#1356 = DIRECTION('',(0.,-1.,1.224646799147E-16));
#1357 = ORIENTED_EDGE('',*,*,#1358,.F.);
#1358 = EDGE_CURVE('',#1359,#1351,#1361,.T.);
#1359 = VERTEX_POINT('',#1360);
#1360 = CARTESIAN_POINT('',(24.637344,14.161016,-3.552713678801E-15));
#1361 = LINE('',#1362,#1363);
#1362 = CARTESIAN_POINT('',(24.637344,264.743679,-3.552713678801E-14));
#1363 = VECTOR('',#1364,1.);
#1364 = DIRECTION('',(0.,-1.,1.224646799147E-16));
#1365 = ORIENTED_EDGE('',*,*,#1366,.F.);
#1366 = EDGE_CURVE('',#265,#1359,#1367,.T.);
#1367 = LINE('',#1368,#1369);
#1368 = CARTESIAN_POINT('',(24.637344,264.743679,-3.552713678801E-14));
#1369 = VECTOR('',#1370,1.);
#1370 = DIRECTION('',(0.,-1.,1.224646799147E-16));
#1371 = PLANE('',#1372);
#1372 = AXIS2_PLACEMENT_3D('',#1373,#1374,#1375);
#1373 = CARTESIAN_POINT('',(-500.,500.,-6.128431095931E-14));
#1374 = DIRECTION('',(0.,-1.224646799147E-16,-1.));
#1375 = DIRECTION('',(1.,0.,0.));
#1376 = ADVANCED_FACE('',(#1377),#1424,.F.);
#1377 = FACE_BOUND('',#1378,.F.);
#1378 = EDGE_LOOP('',(#1379,#1389,#1395,#1401,#1402,#1410,#1418));
#1379 = ORIENTED_EDGE('',*,*,#1380,.F.);
#1380 = EDGE_CURVE('',#1381,#1383,#1385,.T.);
#1381 = VERTEX_POINT('',#1382);
#1382 = CARTESIAN_POINT('',(24.637344,-0.438984,6.6));
#1383 = VERTEX_POINT('',#1384);
#1384 = CARTESIAN_POINT('',(24.637344,-0.438984,4.586157));
#1385 = LINE('',#1386,#1387);
#1386 = CARTESIAN_POINT('',(24.637344,-0.438984,6.61));
#1387 = VECTOR('',#1388,1.);
#1388 = DIRECTION('',(0.,-1.224646799147E-16,-1.));
#1389 = ORIENTED_EDGE('',*,*,#1390,.F.);
#1390 = EDGE_CURVE('',#743,#1381,#1391,.T.);
#1391 = LINE('',#1392,#1393);
#1392 = CARTESIAN_POINT('',(24.637344,249.875,6.6));
#1393 = VECTOR('',#1394,1.);
#1394 = DIRECTION('',(0.,1.,-1.224646799147E-16));
#1395 = ORIENTED_EDGE('',*,*,#1396,.T.);
#1396 = EDGE_CURVE('',#743,#547,#1397,.T.);
#1397 = LINE('',#1398,#1399);
#1398 = CARTESIAN_POINT('',(24.637344,-29.987358,6.7));
#1399 = VECTOR('',#1400,1.);
#1400 = DIRECTION('',(0.,-1.224646799147E-16,-1.));
#1401 = ORIENTED_EDGE('',*,*,#554,.F.);
#1402 = ORIENTED_EDGE('',*,*,#1403,.F.);
#1403 = EDGE_CURVE('',#1404,#555,#1406,.T.);
#1404 = VERTEX_POINT('',#1405);
#1405 = CARTESIAN_POINT('',(24.637344,-25.487358,2.586157));
#1406 = LINE('',#1407,#1408);
#1407 = CARTESIAN_POINT('',(24.637344,-25.487358,5.6430785));
#1408 = VECTOR('',#1409,1.);
#1409 = DIRECTION('',(0.,-1.224646799147E-16,-1.));
#1410 = ORIENTED_EDGE('',*,*,#1411,.F.);
#1411 = EDGE_CURVE('',#1412,#1404,#1414,.T.);
#1412 = VERTEX_POINT('',#1413);
#1413 = CARTESIAN_POINT('',(24.637344,-25.487358,4.586157));
#1414 = LINE('',#1415,#1416);
#1415 = CARTESIAN_POINT('',(24.637344,-25.487358,5.6430785));
#1416 = VECTOR('',#1417,1.);
#1417 = DIRECTION('',(0.,-1.224646799147E-16,-1.));
#1418 = ORIENTED_EDGE('',*,*,#1419,.T.);
#1419 = EDGE_CURVE('',#1412,#1383,#1420,.T.);
#1420 = LINE('',#1421,#1422);
#1421 = CARTESIAN_POINT('',(24.637344,27.487358,4.586157));
#1422 = VECTOR('',#1423,1.);
#1423 = DIRECTION('',(0.,1.,-1.224646799147E-16));
#1424 = PLANE('',#1425);
#1425 = AXIS2_PLACEMENT_3D('',#1426,#1427,#1428);
#1426 = CARTESIAN_POINT('',(24.637344,29.487358,6.7));
#1427 = DIRECTION('',(1.,0.,0.));
#1428 = DIRECTION('',(0.,-1.224646799147E-16,-1.));
#1429 = ADVANCED_FACE('',(#1430),#1519,.F.);
#1430 = FACE_BOUND('',#1431,.F.);
#1431 = EDGE_LOOP('',(#1432,#1433,#1434,#1440,#1441,#1449,#1457,#1465,
    #1473,#1479,#1480,#1488,#1496,#1504,#1512,#1518));
#1432 = ORIENTED_EDGE('',*,*,#1396,.F.);
#1433 = ORIENTED_EDGE('',*,*,#742,.T.);
#1434 = ORIENTED_EDGE('',*,*,#1435,.T.);
#1435 = EDGE_CURVE('',#735,#475,#1436,.T.);
#1436 = LINE('',#1437,#1438);
#1437 = CARTESIAN_POINT('',(-24.637344,-29.987358,6.7));
#1438 = VECTOR('',#1439,1.);
#1439 = DIRECTION('',(0.,-1.224646799147E-16,-1.));
#1440 = ORIENTED_EDGE('',*,*,#482,.F.);
#1441 = ORIENTED_EDGE('',*,*,#1442,.T.);
#1442 = EDGE_CURVE('',#483,#1443,#1445,.T.);
#1443 = VERTEX_POINT('',#1444);
#1444 = CARTESIAN_POINT('',(-19.237344,-29.987358,2.586157));
#1445 = LINE('',#1446,#1447);
#1446 = CARTESIAN_POINT('',(-19.237344,-29.987358,5.6430785));
#1447 = VECTOR('',#1448,1.);
#1448 = DIRECTION('',(0.,1.224646799147E-16,1.));
#1449 = ORIENTED_EDGE('',*,*,#1450,.T.);
#1450 = EDGE_CURVE('',#1443,#1451,#1453,.T.);
#1451 = VERTEX_POINT('',#1452);
#1452 = CARTESIAN_POINT('',(-19.237344,-29.987358,4.586157));
#1453 = LINE('',#1454,#1455);
#1454 = CARTESIAN_POINT('',(-19.237344,-29.987358,5.6430785));
#1455 = VECTOR('',#1456,1.);
#1456 = DIRECTION('',(0.,1.224646799147E-16,1.));
#1457 = ORIENTED_EDGE('',*,*,#1458,.T.);
#1458 = EDGE_CURVE('',#1451,#1459,#1461,.T.);
#1459 = VERTEX_POINT('',#1460);
#1460 = CARTESIAN_POINT('',(-14.833,-29.987358,4.586157));
#1461 = LINE('',#1462,#1463);
#1462 = CARTESIAN_POINT('',(-21.937344,-29.987358,4.586157));
#1463 = VECTOR('',#1464,1.);
#1464 = DIRECTION('',(1.,0.,0.));
#1465 = ORIENTED_EDGE('',*,*,#1466,.F.);
#1466 = EDGE_CURVE('',#1467,#1459,#1469,.T.);
#1467 = VERTEX_POINT('',#1468);
#1468 = CARTESIAN_POINT('',(-14.833,-29.987358,2.586157));
#1469 = LINE('',#1470,#1471);
#1470 = CARTESIAN_POINT('',(-14.833,-29.987358,5.6430785));
#1471 = VECTOR('',#1472,1.);
#1472 = DIRECTION('',(0.,1.224646799147E-16,1.));
#1473 = ORIENTED_EDGE('',*,*,#1474,.F.);
#1474 = EDGE_CURVE('',#507,#1467,#1475,.T.);
#1475 = LINE('',#1476,#1477);
#1476 = CARTESIAN_POINT('',(-14.833,-29.987358,5.6430785));
#1477 = VECTOR('',#1478,1.);
#1478 = DIRECTION('',(0.,1.224646799147E-16,1.));
#1479 = ORIENTED_EDGE('',*,*,#514,.F.);
#1480 = ORIENTED_EDGE('',*,*,#1481,.T.);
#1481 = EDGE_CURVE('',#515,#1482,#1484,.T.);
#1482 = VERTEX_POINT('',#1483);
#1483 = CARTESIAN_POINT('',(-3.975,-29.987358,2.586157));
#1484 = LINE('',#1485,#1486);
#1485 = CARTESIAN_POINT('',(-3.975,-29.987358,5.6430785));
#1486 = VECTOR('',#1487,1.);
#1487 = DIRECTION('',(0.,1.224646799147E-16,1.));
#1488 = ORIENTED_EDGE('',*,*,#1489,.T.);
#1489 = EDGE_CURVE('',#1482,#1490,#1492,.T.);
#1490 = VERTEX_POINT('',#1491);
#1491 = CARTESIAN_POINT('',(-3.975,-29.987358,4.586157));
#1492 = LINE('',#1493,#1494);
#1493 = CARTESIAN_POINT('',(-3.975,-29.987358,5.6430785));
#1494 = VECTOR('',#1495,1.);
#1495 = DIRECTION('',(0.,1.224646799147E-16,1.));
#1496 = ORIENTED_EDGE('',*,*,#1497,.T.);
#1497 = EDGE_CURVE('',#1490,#1498,#1500,.T.);
#1498 = VERTEX_POINT('',#1499);
#1499 = CARTESIAN_POINT('',(19.237344,-29.987358,4.586157));
#1500 = LINE('',#1501,#1502);
#1501 = CARTESIAN_POINT('',(-14.306172,-29.987358,4.586157));
#1502 = VECTOR('',#1503,1.);
#1503 = DIRECTION('',(1.,0.,0.));
#1504 = ORIENTED_EDGE('',*,*,#1505,.F.);
#1505 = EDGE_CURVE('',#1506,#1498,#1508,.T.);
#1506 = VERTEX_POINT('',#1507);
#1507 = CARTESIAN_POINT('',(19.237344,-29.987358,2.586157));
#1508 = LINE('',#1509,#1510);
#1509 = CARTESIAN_POINT('',(19.237344,-29.987358,5.6430785));
#1510 = VECTOR('',#1511,1.);
#1511 = DIRECTION('',(0.,1.224646799147E-16,1.));
#1512 = ORIENTED_EDGE('',*,*,#1513,.F.);
#1513 = EDGE_CURVE('',#539,#1506,#1514,.T.);
#1514 = LINE('',#1515,#1516);
#1515 = CARTESIAN_POINT('',(19.237344,-29.987358,5.6430785));
#1516 = VECTOR('',#1517,1.);
#1517 = DIRECTION('',(0.,1.224646799147E-16,1.));
#1518 = ORIENTED_EDGE('',*,*,#546,.F.);
#1519 = PLANE('',#1520);
#1520 = AXIS2_PLACEMENT_3D('',#1521,#1522,#1523);
#1521 = CARTESIAN_POINT('',(-24.637344,-29.987358,6.7));
#1522 = DIRECTION('',(0.,-1.,1.224646799147E-16));
#1523 = DIRECTION('',(0.,-1.224646799147E-16,-1.));
#1524 = ADVANCED_FACE('',(#1525),#1536,.T.);
#1525 = FACE_BOUND('',#1526,.T.);
#1526 = EDGE_LOOP('',(#1527,#1533,#1534,#1535));
#1527 = ORIENTED_EDGE('',*,*,#1528,.F.);
#1528 = EDGE_CURVE('',#539,#515,#1529,.T.);
#1529 = LINE('',#1530,#1531);
#1530 = CARTESIAN_POINT('',(-262.318672,-29.987358,0.));
#1531 = VECTOR('',#1532,1.);
#1532 = DIRECTION('',(-1.,0.,0.));
#1533 = ORIENTED_EDGE('',*,*,#538,.T.);
#1534 = ORIENTED_EDGE('',*,*,#530,.F.);
#1535 = ORIENTED_EDGE('',*,*,#522,.F.);
#1536 = PLANE('',#1537);
#1537 = AXIS2_PLACEMENT_3D('',#1538,#1539,#1540);
#1538 = CARTESIAN_POINT('',(-500.,500.,-6.128431095931E-14));
#1539 = DIRECTION('',(0.,-1.224646799147E-16,-1.));
#1540 = DIRECTION('',(1.,0.,0.));
#1541 = ADVANCED_FACE('',(#1542),#1553,.T.);
#1542 = FACE_BOUND('',#1543,.T.);
#1543 = EDGE_LOOP('',(#1544,#1550,#1551,#1552));
#1544 = ORIENTED_EDGE('',*,*,#1545,.F.);
#1545 = EDGE_CURVE('',#507,#483,#1546,.T.);
#1546 = LINE('',#1547,#1548);
#1547 = CARTESIAN_POINT('',(-262.318672,-29.987358,0.));
#1548 = VECTOR('',#1549,1.);
#1549 = DIRECTION('',(-1.,0.,0.));
#1550 = ORIENTED_EDGE('',*,*,#506,.T.);
#1551 = ORIENTED_EDGE('',*,*,#498,.F.);
#1552 = ORIENTED_EDGE('',*,*,#490,.F.);
#1553 = PLANE('',#1554);
#1554 = AXIS2_PLACEMENT_3D('',#1555,#1556,#1557);
#1555 = CARTESIAN_POINT('',(-500.,500.,-6.128431095931E-14));
#1556 = DIRECTION('',(0.,-1.224646799147E-16,-1.));
#1557 = DIRECTION('',(1.,0.,0.));
#1558 = ADVANCED_FACE('',(#1559),#1648,.T.);
#1559 = FACE_BOUND('',#1560,.T.);
#1560 = EDGE_LOOP('',(#1561,#1567,#1568,#1569,#1570,#1578,#1586,#1594,
    #1602,#1608,#1609,#1617,#1625,#1633,#1641,#1647));
#1561 = ORIENTED_EDGE('',*,*,#1562,.F.);
#1562 = EDGE_CURVE('',#727,#377,#1563,.T.);
#1563 = LINE('',#1564,#1565);
#1564 = CARTESIAN_POINT('',(-24.637344,29.487358,6.7));
#1565 = VECTOR('',#1566,1.);
#1566 = DIRECTION('',(0.,-1.224646799147E-16,-1.));
#1567 = ORIENTED_EDGE('',*,*,#734,.T.);
#1568 = ORIENTED_EDGE('',*,*,#1435,.T.);
#1569 = ORIENTED_EDGE('',*,*,#474,.F.);
#1570 = ORIENTED_EDGE('',*,*,#1571,.F.);
#1571 = EDGE_CURVE('',#1572,#467,#1574,.T.);
#1572 = VERTEX_POINT('',#1573);
#1573 = CARTESIAN_POINT('',(-24.637344,-25.487358,2.586157));
#1574 = LINE('',#1575,#1576);
#1575 = CARTESIAN_POINT('',(-24.637344,-25.487358,5.6430785));
#1576 = VECTOR('',#1577,1.);
#1577 = DIRECTION('',(0.,-1.224646799147E-16,-1.));
#1578 = ORIENTED_EDGE('',*,*,#1579,.F.);
#1579 = EDGE_CURVE('',#1580,#1572,#1582,.T.);
#1580 = VERTEX_POINT('',#1581);
#1581 = CARTESIAN_POINT('',(-24.637344,-25.487358,4.586157));
#1582 = LINE('',#1583,#1584);
#1583 = CARTESIAN_POINT('',(-24.637344,-25.487358,5.6430785));
#1584 = VECTOR('',#1585,1.);
#1585 = DIRECTION('',(0.,-1.224646799147E-16,-1.));
#1586 = ORIENTED_EDGE('',*,*,#1587,.T.);
#1587 = EDGE_CURVE('',#1580,#1588,#1590,.T.);
#1588 = VERTEX_POINT('',#1589);
#1589 = CARTESIAN_POINT('',(-24.637344,-21.8,4.586157));
#1590 = LINE('',#1591,#1592);
#1591 = CARTESIAN_POINT('',(-24.637344,3.843679,4.586157));
#1592 = VECTOR('',#1593,1.);
#1593 = DIRECTION('',(0.,1.,-1.224646799147E-16));
#1594 = ORIENTED_EDGE('',*,*,#1595,.T.);
#1595 = EDGE_CURVE('',#1588,#1596,#1598,.T.);
#1596 = VERTEX_POINT('',#1597);
#1597 = CARTESIAN_POINT('',(-24.637344,-21.8,2.586157));
#1598 = LINE('',#1599,#1600);
#1599 = CARTESIAN_POINT('',(-24.637344,-21.8,5.6430785));
#1600 = VECTOR('',#1601,1.);
#1601 = DIRECTION('',(0.,-1.224646799147E-16,-1.));
#1602 = ORIENTED_EDGE('',*,*,#1603,.T.);
#1603 = EDGE_CURVE('',#1596,#434,#1604,.T.);
#1604 = LINE('',#1605,#1606);
#1605 = CARTESIAN_POINT('',(-24.637344,-21.8,5.6430785));
#1606 = VECTOR('',#1607,1.);
#1607 = DIRECTION('',(0.,-1.224646799147E-16,-1.));
#1608 = ORIENTED_EDGE('',*,*,#433,.F.);
#1609 = ORIENTED_EDGE('',*,*,#1610,.F.);
#1610 = EDGE_CURVE('',#1611,#426,#1613,.T.);
#1611 = VERTEX_POINT('',#1612);
#1612 = CARTESIAN_POINT('',(-24.637344,0.8,2.586157));
#1613 = LINE('',#1614,#1615);
#1614 = CARTESIAN_POINT('',(-24.637344,0.8,5.6430785));
#1615 = VECTOR('',#1616,1.);
#1616 = DIRECTION('',(0.,-1.224646799147E-16,-1.));
#1617 = ORIENTED_EDGE('',*,*,#1618,.F.);
#1618 = EDGE_CURVE('',#1619,#1611,#1621,.T.);
#1619 = VERTEX_POINT('',#1620);
#1620 = CARTESIAN_POINT('',(-24.637344,0.8,4.586157));
#1621 = LINE('',#1622,#1623);
#1622 = CARTESIAN_POINT('',(-24.637344,0.8,5.6430785));
#1623 = VECTOR('',#1624,1.);
#1624 = DIRECTION('',(0.,-1.224646799147E-16,-1.));
#1625 = ORIENTED_EDGE('',*,*,#1626,.T.);
#1626 = EDGE_CURVE('',#1619,#1627,#1629,.T.);
#1627 = VERTEX_POINT('',#1628);
#1628 = CARTESIAN_POINT('',(-24.637344,25.487358,4.586157));
#1629 = LINE('',#1630,#1631);
#1630 = CARTESIAN_POINT('',(-24.637344,27.487358,4.586157));
#1631 = VECTOR('',#1632,1.);
#1632 = DIRECTION('',(0.,1.,-1.224646799147E-16));
#1633 = ORIENTED_EDGE('',*,*,#1634,.T.);
#1634 = EDGE_CURVE('',#1627,#1635,#1637,.T.);
#1635 = VERTEX_POINT('',#1636);
#1636 = CARTESIAN_POINT('',(-24.637344,25.487358,2.586157));
#1637 = LINE('',#1638,#1639);
#1638 = CARTESIAN_POINT('',(-24.637344,25.487358,5.6430785));
#1639 = VECTOR('',#1640,1.);
#1640 = DIRECTION('',(0.,-1.224646799147E-16,-1.));
#1641 = ORIENTED_EDGE('',*,*,#1642,.T.);
#1642 = EDGE_CURVE('',#1635,#385,#1643,.T.);
#1643 = LINE('',#1644,#1645);
#1644 = CARTESIAN_POINT('',(-24.637344,25.487358,5.6430785));
#1645 = VECTOR('',#1646,1.);
#1646 = DIRECTION('',(0.,-1.224646799147E-16,-1.));
#1647 = ORIENTED_EDGE('',*,*,#384,.F.);
#1648 = PLANE('',#1649);
#1649 = AXIS2_PLACEMENT_3D('',#1650,#1651,#1652);
#1650 = CARTESIAN_POINT('',(-24.637344,29.487358,6.7));
#1651 = DIRECTION('',(1.,0.,0.));
#1652 = DIRECTION('',(0.,-1.224646799147E-16,-1.));
#1653 = ADVANCED_FACE('',(#1654),#1681,.T.);
#1654 = FACE_BOUND('',#1655,.T.);
#1655 = EDGE_LOOP('',(#1656,#1662,#1663,#1664,#1673,#1680));
#1656 = ORIENTED_EDGE('',*,*,#1657,.T.);
#1657 = EDGE_CURVE('',#434,#467,#1658,.T.);
#1658 = LINE('',#1659,#1660);
#1659 = CARTESIAN_POINT('',(-24.637344,264.743679,-3.552713678801E-14));
#1660 = VECTOR('',#1661,1.);
#1661 = DIRECTION('',(0.,-1.,1.224646799147E-16));
#1662 = ORIENTED_EDGE('',*,*,#466,.F.);
#1663 = ORIENTED_EDGE('',*,*,#458,.F.);
#1664 = ORIENTED_EDGE('',*,*,#1665,.F.);
#1665 = EDGE_CURVE('',#1666,#450,#1668,.T.);
#1666 = VERTEX_POINT('',#1667);
#1667 = CARTESIAN_POINT('',(-25.937344,-21.938,3.552713678801E-15));
#1668 = CIRCLE('',#1669,4.5);
#1669 = AXIS2_PLACEMENT_3D('',#1670,#1671,#1672);
#1670 = CARTESIAN_POINT('',(-30.437344,-21.938,2.6645352591E-15));
#1671 = DIRECTION('',(0.,-1.224646799147E-16,-1.));
#1672 = DIRECTION('',(1.,0.,0.));
#1673 = ORIENTED_EDGE('',*,*,#1674,.F.);
#1674 = EDGE_CURVE('',#442,#1666,#1675,.T.);
#1675 = CIRCLE('',#1676,4.5);
#1676 = AXIS2_PLACEMENT_3D('',#1677,#1678,#1679);
#1677 = CARTESIAN_POINT('',(-30.437344,-21.938,2.6645352591E-15));
#1678 = DIRECTION('',(0.,-1.224646799147E-16,-1.));
#1679 = DIRECTION('',(1.,0.,0.));
#1680 = ORIENTED_EDGE('',*,*,#441,.T.);
#1681 = PLANE('',#1682);
#1682 = AXIS2_PLACEMENT_3D('',#1683,#1684,#1685);
#1683 = CARTESIAN_POINT('',(-500.,500.,-6.128431095931E-14));
#1684 = DIRECTION('',(0.,-1.224646799147E-16,-1.));
#1685 = DIRECTION('',(1.,0.,0.));
#1686 = ADVANCED_FACE('',(#1687,#1704),#1715,.T.);
#1687 = FACE_BOUND('',#1688,.T.);
#1688 = EDGE_LOOP('',(#1689,#1690,#1698));
#1689 = ORIENTED_EDGE('',*,*,#449,.T.);
#1690 = ORIENTED_EDGE('',*,*,#1691,.F.);
#1691 = EDGE_CURVE('',#1692,#442,#1694,.T.);
#1692 = VERTEX_POINT('',#1693);
#1693 = CARTESIAN_POINT('',(-27.537344,-21.8,3.552713678801E-15));
#1694 = LINE('',#1695,#1696);
#1695 = CARTESIAN_POINT('',(-27.537344,-21.8,2.6645352591E-15));
#1696 = VECTOR('',#1697,1.);
#1697 = DIRECTION('',(1.,0.,0.));
#1698 = ORIENTED_EDGE('',*,*,#1699,.T.);
#1699 = EDGE_CURVE('',#1692,#450,#1700,.T.);
#1700 = LINE('',#1701,#1702);
#1701 = CARTESIAN_POINT('',(-27.537344,-21.8,2.6645352591E-15));
#1702 = VECTOR('',#1703,1.);
#1703 = DIRECTION('',(0.,-1.,1.224646799147E-16));
#1704 = FACE_BOUND('',#1705,.T.);
#1705 = EDGE_LOOP('',(#1706));
#1706 = ORIENTED_EDGE('',*,*,#1707,.F.);
#1707 = EDGE_CURVE('',#1708,#1708,#1710,.T.);
#1708 = VERTEX_POINT('',#1709);
#1709 = CARTESIAN_POINT('',(-28.737344,-21.938,0.));
#1710 = CIRCLE('',#1711,1.7);
#1711 = AXIS2_PLACEMENT_3D('',#1712,#1713,#1714);
#1712 = CARTESIAN_POINT('',(-30.437344,-21.938,0.));
#1713 = DIRECTION('',(0.,-1.224646799147E-16,-1.));
#1714 = DIRECTION('',(1.,0.,0.));
#1715 = PLANE('',#1716);
#1716 = AXIS2_PLACEMENT_3D('',#1717,#1718,#1719);
#1717 = CARTESIAN_POINT('',(-500.,500.,-6.128431095931E-14));
#1718 = DIRECTION('',(0.,-1.224646799147E-16,-1.));
#1719 = DIRECTION('',(1.,0.,0.));
#1720 = ADVANCED_FACE('',(#1721),#1749,.T.);
#1721 = FACE_BOUND('',#1722,.T.);
#1722 = EDGE_LOOP('',(#1723,#1724,#1730,#1731,#1732,#1741,#1748));
#1723 = ORIENTED_EDGE('',*,*,#392,.T.);
#1724 = ORIENTED_EDGE('',*,*,#1725,.T.);
#1725 = EDGE_CURVE('',#385,#426,#1726,.T.);
#1726 = LINE('',#1727,#1728);
#1727 = CARTESIAN_POINT('',(-24.637344,264.743679,-3.552713678801E-14));
#1728 = VECTOR('',#1729,1.);
#1729 = DIRECTION('',(0.,-1.,1.224646799147E-16));
#1730 = ORIENTED_EDGE('',*,*,#425,.F.);
#1731 = ORIENTED_EDGE('',*,*,#417,.F.);
#1732 = ORIENTED_EDGE('',*,*,#1733,.F.);
#1733 = EDGE_CURVE('',#1734,#409,#1736,.T.);
#1734 = VERTEX_POINT('',#1735);
#1735 = CARTESIAN_POINT('',(-25.937344,20.062,-3.552713678801E-15));
#1736 = CIRCLE('',#1737,4.5);
#1737 = AXIS2_PLACEMENT_3D('',#1738,#1739,#1740);
#1738 = CARTESIAN_POINT('',(-30.437344,20.062,-2.6645352591E-15));
#1739 = DIRECTION('',(0.,-1.224646799147E-16,-1.));
#1740 = DIRECTION('',(1.,0.,0.));
#1741 = ORIENTED_EDGE('',*,*,#1742,.F.);
#1742 = EDGE_CURVE('',#401,#1734,#1743,.T.);
#1743 = CIRCLE('',#1744,4.5);
#1744 = AXIS2_PLACEMENT_3D('',#1745,#1746,#1747);
#1745 = CARTESIAN_POINT('',(-30.437344,20.062,-2.6645352591E-15));
#1746 = DIRECTION('',(0.,-1.224646799147E-16,-1.));
#1747 = DIRECTION('',(1.,0.,0.));
#1748 = ORIENTED_EDGE('',*,*,#400,.F.);
#1749 = PLANE('',#1750);
#1750 = AXIS2_PLACEMENT_3D('',#1751,#1752,#1753);
#1751 = CARTESIAN_POINT('',(-500.,500.,-6.128431095931E-14));
#1752 = DIRECTION('',(0.,-1.224646799147E-16,-1.));
#1753 = DIRECTION('',(1.,0.,0.));
#1754 = ADVANCED_FACE('',(#1755,#1764),#1775,.T.);
#1755 = FACE_BOUND('',#1756,.T.);
#1756 = EDGE_LOOP('',(#1757,#1758));
#1757 = ORIENTED_EDGE('',*,*,#408,.T.);
#1758 = ORIENTED_EDGE('',*,*,#1759,.T.);
#1759 = EDGE_CURVE('',#401,#409,#1760,.T.);
#1760 = LINE('',#1761,#1762);
#1761 = CARTESIAN_POINT('',(-27.537344,25.487358,-3.10862446895E-15));
#1762 = VECTOR('',#1763,1.);
#1763 = DIRECTION('',(0.,-1.,1.224646799147E-16));
#1764 = FACE_BOUND('',#1765,.T.);
#1765 = EDGE_LOOP('',(#1766));
#1766 = ORIENTED_EDGE('',*,*,#1767,.F.);
#1767 = EDGE_CURVE('',#1768,#1768,#1770,.T.);
#1768 = VERTEX_POINT('',#1769);
#1769 = CARTESIAN_POINT('',(-28.737344,20.062,-7.105427357601E-15));
#1770 = CIRCLE('',#1771,1.7);
#1771 = AXIS2_PLACEMENT_3D('',#1772,#1773,#1774);
#1772 = CARTESIAN_POINT('',(-30.437344,20.062,-7.105427357601E-15));
#1773 = DIRECTION('',(0.,-1.224646799147E-16,-1.));
#1774 = DIRECTION('',(1.,0.,0.));
#1775 = PLANE('',#1776);
#1776 = AXIS2_PLACEMENT_3D('',#1777,#1778,#1779);
#1777 = CARTESIAN_POINT('',(-500.,500.,-6.128431095931E-14));
#1778 = DIRECTION('',(0.,-1.224646799147E-16,-1.));
#1779 = DIRECTION('',(1.,0.,0.));
#1780 = ADVANCED_FACE('',(#1781),#1909,.T.);
#1781 = FACE_BOUND('',#1782,.T.);
#1782 = EDGE_LOOP('',(#1783,#1789,#1790,#1791,#1792,#1800,#1808,#1816,
    #1824,#1830,#1831,#1839,#1847,#1855,#1863,#1869,#1870,#1878,#1886,
    #1894,#1902,#1908));
#1783 = ORIENTED_EDGE('',*,*,#1784,.F.);
#1784 = EDGE_CURVE('',#719,#273,#1785,.T.);
#1785 = LINE('',#1786,#1787);
#1786 = CARTESIAN_POINT('',(24.637344,29.487358,6.7));
#1787 = VECTOR('',#1788,1.);
#1788 = DIRECTION('',(0.,-1.224646799147E-16,-1.));
#1789 = ORIENTED_EDGE('',*,*,#726,.T.);
#1790 = ORIENTED_EDGE('',*,*,#1562,.T.);
#1791 = ORIENTED_EDGE('',*,*,#376,.F.);
#1792 = ORIENTED_EDGE('',*,*,#1793,.T.);
#1793 = EDGE_CURVE('',#369,#1794,#1796,.T.);
#1794 = VERTEX_POINT('',#1795);
#1795 = CARTESIAN_POINT('',(-19.237344,29.487358,2.586157));
#1796 = LINE('',#1797,#1798);
#1797 = CARTESIAN_POINT('',(-19.237344,29.487358,5.6430785));
#1798 = VECTOR('',#1799,1.);
#1799 = DIRECTION('',(0.,1.224646799147E-16,1.));
#1800 = ORIENTED_EDGE('',*,*,#1801,.T.);
#1801 = EDGE_CURVE('',#1794,#1802,#1804,.T.);
#1802 = VERTEX_POINT('',#1803);
#1803 = CARTESIAN_POINT('',(-19.237344,29.487358,4.586157));
#1804 = LINE('',#1805,#1806);
#1805 = CARTESIAN_POINT('',(-19.237344,29.487358,5.6430785));
#1806 = VECTOR('',#1807,1.);
#1807 = DIRECTION('',(0.,1.224646799147E-16,1.));
#1808 = ORIENTED_EDGE('',*,*,#1809,.T.);
#1809 = EDGE_CURVE('',#1802,#1810,#1812,.T.);
#1810 = VERTEX_POINT('',#1811);
#1811 = CARTESIAN_POINT('',(-6.825,29.487358,4.586157));
#1812 = LINE('',#1813,#1814);
#1813 = CARTESIAN_POINT('',(-21.937344,29.487358,4.586157));
#1814 = VECTOR('',#1815,1.);
#1815 = DIRECTION('',(1.,0.,0.));
#1816 = ORIENTED_EDGE('',*,*,#1817,.F.);
#1817 = EDGE_CURVE('',#1818,#1810,#1820,.T.);
#1818 = VERTEX_POINT('',#1819);
#1819 = CARTESIAN_POINT('',(-6.825,29.487358,2.586157));
#1820 = LINE('',#1821,#1822);
#1821 = CARTESIAN_POINT('',(-6.825,29.487358,5.6430785));
#1822 = VECTOR('',#1823,1.);
#1823 = DIRECTION('',(0.,1.224646799147E-16,1.));
#1824 = ORIENTED_EDGE('',*,*,#1825,.F.);
#1825 = EDGE_CURVE('',#345,#1818,#1826,.T.);
#1826 = LINE('',#1827,#1828);
#1827 = CARTESIAN_POINT('',(-6.825,29.487358,5.6430785));
#1828 = VECTOR('',#1829,1.);
#1829 = DIRECTION('',(0.,1.224646799147E-16,1.));
#1830 = ORIENTED_EDGE('',*,*,#344,.F.);
#1831 = ORIENTED_EDGE('',*,*,#1832,.T.);
#1832 = EDGE_CURVE('',#337,#1833,#1835,.T.);
#1833 = VERTEX_POINT('',#1834);
#1834 = CARTESIAN_POINT('',(6.775,29.487358,2.586157));
#1835 = LINE('',#1836,#1837);
#1836 = CARTESIAN_POINT('',(6.775,29.487358,5.6430785));
#1837 = VECTOR('',#1838,1.);
#1838 = DIRECTION('',(0.,1.224646799147E-16,1.));
#1839 = ORIENTED_EDGE('',*,*,#1840,.T.);
#1840 = EDGE_CURVE('',#1833,#1841,#1843,.T.);
#1841 = VERTEX_POINT('',#1842);
#1842 = CARTESIAN_POINT('',(6.775,29.487358,4.586157));
#1843 = LINE('',#1844,#1845);
#1844 = CARTESIAN_POINT('',(6.775,29.487358,5.6430785));
#1845 = VECTOR('',#1846,1.);
#1846 = DIRECTION('',(0.,1.224646799147E-16,1.));
#1847 = ORIENTED_EDGE('',*,*,#1848,.T.);
#1848 = EDGE_CURVE('',#1841,#1849,#1851,.T.);
#1849 = VERTEX_POINT('',#1850);
#1850 = CARTESIAN_POINT('',(11.802,29.487358,4.586157));
#1851 = LINE('',#1852,#1853);
#1852 = CARTESIAN_POINT('',(-8.931172,29.487358,4.586157));
#1853 = VECTOR('',#1854,1.);
#1854 = DIRECTION('',(1.,0.,0.));
#1855 = ORIENTED_EDGE('',*,*,#1856,.F.);
#1856 = EDGE_CURVE('',#1857,#1849,#1859,.T.);
#1857 = VERTEX_POINT('',#1858);
#1858 = CARTESIAN_POINT('',(11.802,29.487358,2.586157));
#1859 = LINE('',#1860,#1861);
#1860 = CARTESIAN_POINT('',(11.802,29.487358,5.6430785));
#1861 = VECTOR('',#1862,1.);
#1862 = DIRECTION('',(0.,1.224646799147E-16,1.));
#1863 = ORIENTED_EDGE('',*,*,#1864,.F.);
#1864 = EDGE_CURVE('',#313,#1857,#1865,.T.);
#1865 = LINE('',#1866,#1867);
#1866 = CARTESIAN_POINT('',(11.802,29.487358,5.6430785));
#1867 = VECTOR('',#1868,1.);
#1868 = DIRECTION('',(0.,1.224646799147E-16,1.));
#1869 = ORIENTED_EDGE('',*,*,#312,.F.);
#1870 = ORIENTED_EDGE('',*,*,#1871,.T.);
#1871 = EDGE_CURVE('',#305,#1872,#1874,.T.);
#1872 = VERTEX_POINT('',#1873);
#1873 = CARTESIAN_POINT('',(13.802,29.487358,2.586157));
#1874 = LINE('',#1875,#1876);
#1875 = CARTESIAN_POINT('',(13.802,29.487358,5.6430785));
#1876 = VECTOR('',#1877,1.);
#1877 = DIRECTION('',(0.,1.224646799147E-16,1.));
#1878 = ORIENTED_EDGE('',*,*,#1879,.T.);
#1879 = EDGE_CURVE('',#1872,#1880,#1882,.T.);
#1880 = VERTEX_POINT('',#1881);
#1881 = CARTESIAN_POINT('',(13.802,29.487358,4.586157));
#1882 = LINE('',#1883,#1884);
#1883 = CARTESIAN_POINT('',(13.802,29.487358,5.6430785));
#1884 = VECTOR('',#1885,1.);
#1885 = DIRECTION('',(0.,1.224646799147E-16,1.));
#1886 = ORIENTED_EDGE('',*,*,#1887,.T.);
#1887 = EDGE_CURVE('',#1880,#1888,#1890,.T.);
#1888 = VERTEX_POINT('',#1889);
#1889 = CARTESIAN_POINT('',(19.237344,29.487358,4.586157));
#1890 = LINE('',#1891,#1892);
#1891 = CARTESIAN_POINT('',(-5.417672,29.487358,4.586157));
#1892 = VECTOR('',#1893,1.);
#1893 = DIRECTION('',(1.,0.,0.));
#1894 = ORIENTED_EDGE('',*,*,#1895,.F.);
#1895 = EDGE_CURVE('',#1896,#1888,#1898,.T.);
#1896 = VERTEX_POINT('',#1897);
#1897 = CARTESIAN_POINT('',(19.237344,29.487358,2.586157));
#1898 = LINE('',#1899,#1900);
#1899 = CARTESIAN_POINT('',(19.237344,29.487358,5.6430785));
#1900 = VECTOR('',#1901,1.);
#1901 = DIRECTION('',(0.,1.224646799147E-16,1.));
#1902 = ORIENTED_EDGE('',*,*,#1903,.F.);
#1903 = EDGE_CURVE('',#281,#1896,#1904,.T.);
#1904 = LINE('',#1905,#1906);
#1905 = CARTESIAN_POINT('',(19.237344,29.487358,5.6430785));
#1906 = VECTOR('',#1907,1.);
#1907 = DIRECTION('',(0.,1.224646799147E-16,1.));
#1908 = ORIENTED_EDGE('',*,*,#280,.F.);
#1909 = PLANE('',#1910);
#1910 = AXIS2_PLACEMENT_3D('',#1911,#1912,#1913);
#1911 = CARTESIAN_POINT('',(-24.637344,29.487358,6.7));
#1912 = DIRECTION('',(0.,-1.,1.224646799147E-16));
#1913 = DIRECTION('',(0.,-1.224646799147E-16,-1.));
#1914 = ADVANCED_FACE('',(#1915),#1926,.T.);
#1915 = FACE_BOUND('',#1916,.T.);
#1916 = EDGE_LOOP('',(#1917,#1918,#1924,#1925));
#1917 = ORIENTED_EDGE('',*,*,#352,.T.);
#1918 = ORIENTED_EDGE('',*,*,#1919,.T.);
#1919 = EDGE_CURVE('',#345,#369,#1920,.T.);
#1920 = LINE('',#1921,#1922);
#1921 = CARTESIAN_POINT('',(-262.318672,29.487358,-7.105427357601E-15));
#1922 = VECTOR('',#1923,1.);
#1923 = DIRECTION('',(-1.,0.,0.));
#1924 = ORIENTED_EDGE('',*,*,#368,.F.);
#1925 = ORIENTED_EDGE('',*,*,#360,.T.);
#1926 = PLANE('',#1927);
#1927 = AXIS2_PLACEMENT_3D('',#1928,#1929,#1930);
#1928 = CARTESIAN_POINT('',(-500.,500.,-6.128431095931E-14));
#1929 = DIRECTION('',(0.,-1.224646799147E-16,-1.));
#1930 = DIRECTION('',(1.,0.,0.));
#1931 = ADVANCED_FACE('',(#1932),#1943,.T.);
#1932 = FACE_BOUND('',#1933,.T.);
#1933 = EDGE_LOOP('',(#1934,#1935,#1941,#1942));
#1934 = ORIENTED_EDGE('',*,*,#320,.T.);
#1935 = ORIENTED_EDGE('',*,*,#1936,.T.);
#1936 = EDGE_CURVE('',#313,#337,#1937,.T.);
#1937 = LINE('',#1938,#1939);
#1938 = CARTESIAN_POINT('',(-262.318672,29.487358,-7.105427357601E-15));
#1939 = VECTOR('',#1940,1.);
#1940 = DIRECTION('',(-1.,0.,0.));
#1941 = ORIENTED_EDGE('',*,*,#336,.F.);
#1942 = ORIENTED_EDGE('',*,*,#328,.T.);
#1943 = PLANE('',#1944);
#1944 = AXIS2_PLACEMENT_3D('',#1945,#1946,#1947);
#1945 = CARTESIAN_POINT('',(-500.,500.,-6.128431095931E-14));
#1946 = DIRECTION('',(0.,-1.224646799147E-16,-1.));
#1947 = DIRECTION('',(1.,0.,0.));
#1948 = ADVANCED_FACE('',(#1949),#1960,.T.);
#1949 = FACE_BOUND('',#1950,.T.);
#1950 = EDGE_LOOP('',(#1951,#1952,#1958,#1959));
#1951 = ORIENTED_EDGE('',*,*,#288,.T.);
#1952 = ORIENTED_EDGE('',*,*,#1953,.T.);
#1953 = EDGE_CURVE('',#281,#305,#1954,.T.);
#1954 = LINE('',#1955,#1956);
#1955 = CARTESIAN_POINT('',(-262.318672,29.487358,-7.105427357601E-15));
#1956 = VECTOR('',#1957,1.);
#1957 = DIRECTION('',(-1.,0.,0.));
#1958 = ORIENTED_EDGE('',*,*,#304,.F.);
#1959 = ORIENTED_EDGE('',*,*,#296,.T.);
#1960 = PLANE('',#1961);
#1961 = AXIS2_PLACEMENT_3D('',#1962,#1963,#1964);
#1962 = CARTESIAN_POINT('',(-500.,500.,-6.128431095931E-14));
#1963 = DIRECTION('',(0.,-1.224646799147E-16,-1.));
#1964 = DIRECTION('',(1.,0.,0.));
#1965 = ADVANCED_FACE('',(#1966),#2008,.F.);
#1966 = FACE_BOUND('',#1967,.F.);
#1967 = EDGE_LOOP('',(#1968,#1969,#1977,#1985,#1993,#2001,#2007));
#1968 = ORIENTED_EDGE('',*,*,#1784,.F.);
#1969 = ORIENTED_EDGE('',*,*,#1970,.F.);
#1970 = EDGE_CURVE('',#1971,#719,#1973,.T.);
#1971 = VERTEX_POINT('',#1972);
#1972 = CARTESIAN_POINT('',(24.637344,14.161016,6.6));
#1973 = LINE('',#1974,#1975);
#1974 = CARTESIAN_POINT('',(24.637344,249.875,6.6));
#1975 = VECTOR('',#1976,1.);
#1976 = DIRECTION('',(0.,1.,-1.224646799147E-16));
#1977 = ORIENTED_EDGE('',*,*,#1978,.T.);
#1978 = EDGE_CURVE('',#1971,#1979,#1981,.T.);
#1979 = VERTEX_POINT('',#1980);
#1980 = CARTESIAN_POINT('',(24.637344,14.161016,4.586157));
#1981 = LINE('',#1982,#1983);
#1982 = CARTESIAN_POINT('',(24.637344,14.161016,6.61));
#1983 = VECTOR('',#1984,1.);
#1984 = DIRECTION('',(0.,-1.224646799147E-16,-1.));
#1985 = ORIENTED_EDGE('',*,*,#1986,.T.);
#1986 = EDGE_CURVE('',#1979,#1987,#1989,.T.);
#1987 = VERTEX_POINT('',#1988);
#1988 = CARTESIAN_POINT('',(24.637344,25.487358,4.586157));
#1989 = LINE('',#1990,#1991);
#1990 = CARTESIAN_POINT('',(24.637344,27.487358,4.586157));
#1991 = VECTOR('',#1992,1.);
#1992 = DIRECTION('',(0.,1.,-1.224646799147E-16));
#1993 = ORIENTED_EDGE('',*,*,#1994,.T.);
#1994 = EDGE_CURVE('',#1987,#1995,#1997,.T.);
#1995 = VERTEX_POINT('',#1996);
#1996 = CARTESIAN_POINT('',(24.637344,25.487358,2.586157));
#1997 = LINE('',#1998,#1999);
#1998 = CARTESIAN_POINT('',(24.637344,25.487358,5.6430785));
#1999 = VECTOR('',#2000,1.);
#2000 = DIRECTION('',(0.,-1.224646799147E-16,-1.));
#2001 = ORIENTED_EDGE('',*,*,#2002,.T.);
#2002 = EDGE_CURVE('',#1995,#265,#2003,.T.);
#2003 = LINE('',#2004,#2005);
#2004 = CARTESIAN_POINT('',(24.637344,25.487358,5.6430785));
#2005 = VECTOR('',#2006,1.);
#2006 = DIRECTION('',(0.,-1.224646799147E-16,-1.));
#2007 = ORIENTED_EDGE('',*,*,#272,.F.);
#2008 = PLANE('',#2009);
#2009 = AXIS2_PLACEMENT_3D('',#2010,#2011,#2012);
#2010 = CARTESIAN_POINT('',(24.637344,29.487358,6.7));
#2011 = DIRECTION('',(1.,0.,0.));
#2012 = DIRECTION('',(0.,-1.224646799147E-16,-1.));
#2013 = ADVANCED_FACE('',(#2014),#2101,.T.);
#2014 = FACE_BOUND('',#2015,.T.);
#2015 = EDGE_LOOP('',(#2016,#2026,#2034,#2040,#2041,#2049,#2057,#2094));
#2016 = ORIENTED_EDGE('',*,*,#2017,.T.);
#2017 = EDGE_CURVE('',#2018,#2020,#2022,.T.);
#2018 = VERTEX_POINT('',#2019);
#2019 = CARTESIAN_POINT('',(27.437344,23.530837849864,4.586157));
#2020 = VERTEX_POINT('',#2021);
#2021 = CARTESIAN_POINT('',(27.437344,25.487358,4.586157));
#2022 = LINE('',#2023,#2024);
#2023 = CARTESIAN_POINT('',(27.437344,12.618679,4.586157));
#2024 = VECTOR('',#2025,1.);
#2025 = DIRECTION('',(0.,1.,-1.224646799147E-16));
#2026 = ORIENTED_EDGE('',*,*,#2027,.T.);
#2027 = EDGE_CURVE('',#2020,#2028,#2030,.T.);
#2028 = VERTEX_POINT('',#2029);
#2029 = CARTESIAN_POINT('',(27.437344,25.487358,2.586157));
#2030 = LINE('',#2031,#2032);
#2031 = CARTESIAN_POINT('',(27.437344,25.487358,7.66461775));
#2032 = VECTOR('',#2033,1.);
#2033 = DIRECTION('',(-3.679563120001E-16,-1.224646799147E-16,-1.));
#2034 = ORIENTED_EDGE('',*,*,#2035,.T.);
#2035 = EDGE_CURVE('',#2028,#257,#2036,.T.);
#2036 = LINE('',#2037,#2038);
#2037 = CARTESIAN_POINT('',(27.437344,25.487358,7.66461775));
#2038 = VECTOR('',#2039,1.);
#2039 = DIRECTION('',(-3.679563120001E-16,-1.224646799147E-16,-1.));
#2040 = ORIENTED_EDGE('',*,*,#256,.T.);
#2041 = ORIENTED_EDGE('',*,*,#2042,.T.);
#2042 = EDGE_CURVE('',#248,#2043,#2045,.T.);
#2043 = VERTEX_POINT('',#2044);
#2044 = CARTESIAN_POINT('',(27.437344,29.787358,6.6));
#2045 = LINE('',#2046,#2047);
#2046 = CARTESIAN_POINT('',(27.437344,29.787358,-1.3));
#2047 = VECTOR('',#2048,1.);
#2048 = DIRECTION('',(3.679563120001E-16,1.224646799147E-16,1.));
#2049 = ORIENTED_EDGE('',*,*,#2050,.F.);
#2050 = EDGE_CURVE('',#2051,#2043,#2053,.T.);
#2051 = VERTEX_POINT('',#2052);
#2052 = CARTESIAN_POINT('',(27.437344,25.898837578248,6.6));
#2053 = LINE('',#2054,#2055);
#2054 = CARTESIAN_POINT('',(27.437344,149.875,6.6));
#2055 = VECTOR('',#2056,1.);
#2056 = DIRECTION('',(0.,1.,-1.224646799147E-16));
#2057 = ORIENTED_EDGE('',*,*,#2058,.T.);
#2058 = EDGE_CURVE('',#2051,#2059,#2061,.T.);
#2059 = VERTEX_POINT('',#2060);
#2060 = CARTESIAN_POINT('',(27.437344,25.601855593786,6.3));
#2061 = B_SPLINE_CURVE_WITH_KNOTS('',6,(#2062,#2063,#2064,#2065,#2066,
    #2067,#2068,#2069,#2070,#2071,#2072,#2073,#2074,#2075,#2076,#2077,
    #2078,#2079,#2080,#2081,#2082,#2083,#2084,#2085,#2086,#2087,#2088,
    #2089,#2090,#2091,#2092,#2093),.UNSPECIFIED.,.F.,.F.,(7,5,5,5,5,5,7)
  ,(0.,0.10694497306,0.365137784837,0.585340350838,0.676101167224,
    0.806259419712,1.),.UNSPECIFIED.);
#2062 = CARTESIAN_POINT('',(27.437344,27.693513600108,18.6));
#2063 = CARTESIAN_POINT('',(27.437344,27.79247855787,18.384463931863));
#2064 = CARTESIAN_POINT('',(27.437344,27.885624889595,18.16628404419));
#2065 = CARTESIAN_POINT('',(27.437344,27.972935799783,17.945687756524));
#2066 = CARTESIAN_POINT('',(27.437344,28.054398798088,17.722894878942));
#2067 = CARTESIAN_POINT('',(27.437344,28.130005699324,17.498117612058));
#2068 = CARTESIAN_POINT('',(27.437344,28.368139728895,16.724593223782));
#2069 = CARTESIAN_POINT('',(27.437344,28.502358075882,16.167289898966));
#2070 = CARTESIAN_POINT('',(27.437344,28.602372394236,15.602464217765));
#2071 = CARTESIAN_POINT('',(27.437344,28.668176109527,15.032818166863));
#2072 = CARTESIAN_POINT('',(27.437344,28.699816979651,14.460948287777));
#2073 = CARTESIAN_POINT('',(27.437344,28.695189667243,13.401832895233));
#2074 = CARTESIAN_POINT('',(27.437344,28.668229255246,12.914554003399));
#2075 = CARTESIAN_POINT('',(27.437344,28.616457944508,12.42905487223));
#2076 = CARTESIAN_POINT('',(27.437344,28.539896002954,11.946939564993));
#2077 = CARTESIAN_POINT('',(27.437344,28.438577919492,11.46986199249));
#2078 = CARTESIAN_POINT('',(27.437344,28.260627633608,10.805667480897));
#2079 = CARTESIAN_POINT('',(27.437344,28.204494966425,10.612957193178));
#2080 = CARTESIAN_POINT('',(27.437344,28.144172600041,10.421516201979));
#2081 = CARTESIAN_POINT('',(27.437344,28.07966703868,10.23146906829));
#2082 = CARTESIAN_POINT('',(27.437344,28.010986634959,10.042943640905));
#2083 = CARTESIAN_POINT('',(27.437344,27.833675982971,9.58808085976));
#2084 = CARTESIAN_POINT('',(27.437344,27.720646129844,9.323491141081));
#2085 = CARTESIAN_POINT('',(27.437344,27.599082585123,9.062687468211));
#2086 = CARTESIAN_POINT('',(27.437344,27.469027755912,8.806075061739));
#2087 = CARTESIAN_POINT('',(27.437344,27.33053996372,8.554076758302));
#2088 = CARTESIAN_POINT('',(27.437344,26.965122484407,7.939552133));
#2089 = CARTESIAN_POINT('',(27.437344,26.728038819671,7.583172013125));
#2090 = CARTESIAN_POINT('',(27.437344,26.472705964231,7.239435162612));
#2091 = CARTESIAN_POINT('',(27.437344,26.199500798152,6.909900378575));
#2092 = CARTESIAN_POINT('',(27.437344,25.908965530654,6.596200133188));
#2093 = CARTESIAN_POINT('',(27.437344,25.601855601249,6.3));
#2094 = ORIENTED_EDGE('',*,*,#2095,.T.);
#2095 = EDGE_CURVE('',#2059,#2018,#2096,.T.);
#2096 = HYPERBOLA('',#2097,3.,3.);
#2097 = AXIS2_PLACEMENT_3D('',#2098,#2099,#2100);
#2098 = CARTESIAN_POINT('',(27.437344,20.062,-7.105427357601E-15));
#2099 = DIRECTION('',(1.,-4.50616519717E-32,-3.679563120001E-16));
#2100 = DIRECTION('',(3.679563120001E-16,1.224646799147E-16,1.));
#2101 = PLANE('',#2102);
#2102 = AXIS2_PLACEMENT_3D('',#2103,#2104,#2105);
#2103 = CARTESIAN_POINT('',(27.437344,-0.25,10.7430785));
#2104 = DIRECTION('',(1.,-4.50616519717E-32,-3.679563120001E-16));
#2105 = DIRECTION('',(3.679563120001E-16,1.224646799147E-16,1.));
#2106 = ADVANCED_FACE('',(#2107),#2119,.T.);
#2107 = FACE_BOUND('',#2108,.T.);
#2108 = EDGE_LOOP('',(#2109,#2110,#2111,#2112));
#2109 = ORIENTED_EDGE('',*,*,#2042,.F.);
#2110 = ORIENTED_EDGE('',*,*,#247,.T.);
#2111 = ORIENTED_EDGE('',*,*,#1083,.T.);
#2112 = ORIENTED_EDGE('',*,*,#2113,.F.);
#2113 = EDGE_CURVE('',#2043,#1084,#2114,.T.);
#2114 = CIRCLE('',#2115,2.5);
#2115 = AXIS2_PLACEMENT_3D('',#2116,#2117,#2118);
#2116 = CARTESIAN_POINT('',(24.937344,29.787358,6.6));
#2117 = DIRECTION('',(1.420776406409E-15,7.318136946956E-16,1.));
#2118 = DIRECTION('',(1.110223024625E-16,-1.,7.318136946956E-16));
#2119 = CYLINDRICAL_SURFACE('',#2120,2.5);
#2120 = AXIS2_PLACEMENT_3D('',#2121,#2122,#2123);
#2121 = CARTESIAN_POINT('',(24.937344,29.787358,-1.3));
#2122 = DIRECTION('',(1.420776406409E-15,7.318136946956E-16,1.));
#2123 = DIRECTION('',(1.110223024625E-16,-1.,7.318136946956E-16));
#2124 = ADVANCED_FACE('',(#2125),#2161,.F.);
#2125 = FACE_BOUND('',#2126,.F.);
#2126 = EDGE_LOOP('',(#2127,#2128,#2129,#2130,#2131,#2137,#2138,#2146,
    #2154,#2160));
#2127 = ORIENTED_EDGE('',*,*,#651,.T.);
#2128 = ORIENTED_EDGE('',*,*,#690,.F.);
#2129 = ORIENTED_EDGE('',*,*,#782,.T.);
#2130 = ORIENTED_EDGE('',*,*,#774,.T.);
#2131 = ORIENTED_EDGE('',*,*,#2132,.T.);
#2132 = EDGE_CURVE('',#767,#1191,#2133,.T.);
#2133 = LINE('',#2134,#2135);
#2134 = CARTESIAN_POINT('',(-62.32174827583,146.20560837998,6.6));
#2135 = VECTOR('',#2136,1.);
#2136 = DIRECTION('',(0.146996956967,-0.989136944332,1.211343392795E-16)
  );
#2137 = ORIENTED_EDGE('',*,*,#1198,.F.);
#2138 = ORIENTED_EDGE('',*,*,#2139,.F.);
#2139 = EDGE_CURVE('',#2140,#1199,#2142,.T.);
#2140 = VERTEX_POINT('',#2141);
#2141 = CARTESIAN_POINT('',(-37.737344,-54.,6.6));
#2142 = LINE('',#2143,#2144);
#2143 = CARTESIAN_POINT('',(-37.737344,177.,6.6));
#2144 = VECTOR('',#2145,1.);
#2145 = DIRECTION('',(0.,1.,-1.224646799147E-16));
#2146 = ORIENTED_EDGE('',*,*,#2147,.F.);
#2147 = EDGE_CURVE('',#2148,#2140,#2150,.T.);
#2148 = VERTEX_POINT('',#2149);
#2149 = CARTESIAN_POINT('',(-41.737344,-54.,6.6));
#2150 = LINE('',#2151,#2152);
#2151 = CARTESIAN_POINT('',(-170.868672,-54.,6.6));
#2152 = VECTOR('',#2153,1.);
#2153 = DIRECTION('',(1.,0.,0.));
#2154 = ORIENTED_EDGE('',*,*,#2155,.T.);
#2155 = EDGE_CURVE('',#2148,#660,#2156,.T.);
#2156 = LINE('',#2157,#2158);
#2157 = CARTESIAN_POINT('',(-41.737344,177.,6.6));
#2158 = VECTOR('',#2159,1.);
#2159 = DIRECTION('',(0.,1.,-1.224646799147E-16));
#2160 = ORIENTED_EDGE('',*,*,#659,.T.);
#2161 = PLANE('',#2162);
#2162 = AXIS2_PLACEMENT_3D('',#2163,#2164,#2165);
#2163 = CARTESIAN_POINT('',(-300.,300.,6.6));
#2164 = DIRECTION('',(0.,-1.224646799147E-16,-1.));
#2165 = DIRECTION('',(1.,0.,0.));
#2166 = ADVANCED_FACE('',(#2167),#2178,.F.);
#2167 = FACE_BOUND('',#2168,.F.);
#2168 = EDGE_LOOP('',(#2169,#2175,#2176,#2177));
#2169 = ORIENTED_EDGE('',*,*,#2170,.F.);
#2170 = EDGE_CURVE('',#1137,#2148,#2171,.T.);
#2171 = LINE('',#2172,#2173);
#2172 = CARTESIAN_POINT('',(-41.737344,-54.,-10.176499));
#2173 = VECTOR('',#2174,1.);
#2174 = DIRECTION('',(-2.22044604925E-16,1.224646799147E-16,1.));
#2175 = ORIENTED_EDGE('',*,*,#1144,.T.);
#2176 = ORIENTED_EDGE('',*,*,#667,.T.);
#2177 = ORIENTED_EDGE('',*,*,#2155,.F.);
#2178 = PLANE('',#2179);
#2179 = AXIS2_PLACEMENT_3D('',#2180,#2181,#2182);
#2180 = CARTESIAN_POINT('',(-41.737344,54.,-10.176499));
#2181 = DIRECTION('',(1.,2.719262146894E-32,2.22044604925E-16));
#2182 = DIRECTION('',(-2.22044604925E-16,1.224646799147E-16,1.));
#2183 = ADVANCED_FACE('',(#2184),#2209,.T.);
#2184 = FACE_BOUND('',#2185,.T.);
#2185 = EDGE_LOOP('',(#2186,#2194,#2202,#2208));
#2186 = ORIENTED_EDGE('',*,*,#2187,.F.);
#2187 = EDGE_CURVE('',#2188,#767,#2190,.T.);
#2188 = VERTEX_POINT('',#2189);
#2189 = CARTESIAN_POINT('',(-34.82424844534,-38.82402434426,
    2.454544923776));
#2190 = LINE('',#2191,#2192);
#2191 = CARTESIAN_POINT('',(-34.82424844534,-38.82402434426,-6.176499));
#2192 = VECTOR('',#2193,1.);
#2193 = DIRECTION('',(-2.268425681423E-16,1.547499923027E-16,1.));
#2194 = ORIENTED_EDGE('',*,*,#2195,.F.);
#2195 = EDGE_CURVE('',#2196,#2188,#2198,.T.);
#2196 = VERTEX_POINT('',#2197);
#2197 = CARTESIAN_POINT('',(5.796250270693,-32.787358,5.575479168148));
#2198 = LINE('',#2199,#2200);
#2199 = CARTESIAN_POINT('',(24.037702518195,-30.0764715182,
    6.976997484904));
#2200 = VECTOR('',#2201,1.);
#2201 = DIRECTION('',(-0.986292864645,-0.146574294501,-7.5778369876E-02)
  );
#2202 = ORIENTED_EDGE('',*,*,#2203,.T.);
#2203 = EDGE_CURVE('',#2196,#759,#2204,.T.);
#2204 = LINE('',#2205,#2206);
#2205 = CARTESIAN_POINT('',(5.796250270693,-32.787358,13.132167381012));
#2206 = VECTOR('',#2207,1.);
#2207 = DIRECTION('',(-4.440892098501E-16,1.224646799147E-16,1.));
#2208 = ORIENTED_EDGE('',*,*,#766,.F.);
#2209 = PLANE('',#2210);
#2210 = AXIS2_PLACEMENT_3D('',#2211,#2212,#2213);
#2211 = CARTESIAN_POINT('',(-14.70002595328,-35.83333687212,
    19.664334762025));
#2212 = DIRECTION('',(0.146996956967,-0.989136944332,1.864141017491E-16)
  );
#2213 = DIRECTION('',(0.989136944332,0.146996956967,4.236751916626E-16)
  );
#2214 = ADVANCED_FACE('',(#2215),#2232,.F.);
#2215 = FACE_BOUND('',#2216,.F.);
#2216 = EDGE_LOOP('',(#2217,#2225,#2226));
#2217 = ORIENTED_EDGE('',*,*,#2218,.T.);
#2218 = EDGE_CURVE('',#2219,#759,#2221,.T.);
#2219 = VERTEX_POINT('',#2220);
#2220 = CARTESIAN_POINT('',(16.96559686329,-32.787358,6.6));
#2221 = LINE('',#2222,#2223);
#2222 = CARTESIAN_POINT('',(24.937344,-32.787358,6.6));
#2223 = VECTOR('',#2224,1.);
#2224 = DIRECTION('',(-1.,-0.,0.));
#2225 = ORIENTED_EDGE('',*,*,#758,.T.);
#2226 = ORIENTED_EDGE('',*,*,#2227,.T.);
#2227 = EDGE_CURVE('',#751,#2219,#2228,.T.);
#2228 = LINE('',#2229,#2230);
#2229 = CARTESIAN_POINT('',(14.296157559573,-14.8248022407,6.6));
#2230 = VECTOR('',#2231,1.);
#2231 = DIRECTION('',(0.146996956967,-0.989136944332,1.211343392795E-16)
  );
#2232 = PLANE('',#2233);
#2233 = AXIS2_PLACEMENT_3D('',#2234,#2235,#2236);
#2234 = CARTESIAN_POINT('',(-1.509044983038E-15,-0.25,6.6));
#2235 = DIRECTION('',(0.,-1.224646799147E-16,-1.));
#2236 = DIRECTION('',(1.,0.,0.));
#2237 = ADVANCED_FACE('',(#2238,#2480,#2553),#2634,.F.);
#2238 = FACE_BOUND('',#2239,.F.);
#2239 = EDGE_LOOP('',(#2240,#2241,#2249,#2255,#2256,#2257,#2258,#2300,
    #2356,#2364,#2416,#2461,#2462,#2463,#2464,#2470,#2471,#2472,#2473,
    #2479));
#2240 = ORIENTED_EDGE('',*,*,#718,.T.);
#2241 = ORIENTED_EDGE('',*,*,#2242,.F.);
#2242 = EDGE_CURVE('',#2243,#711,#2245,.T.);
#2243 = VERTEX_POINT('',#2244);
#2244 = CARTESIAN_POINT('',(16.977436086042,32.287358,6.6));
#2245 = LINE('',#2246,#2247);
#2246 = CARTESIAN_POINT('',(14.175344841683,14.32897766742,6.6));
#2247 = VECTOR('',#2248,1.);
#2248 = DIRECTION('',(-0.15416711283,-0.988044787103,1.21000588594E-16)
  );
#2249 = ORIENTED_EDGE('',*,*,#2250,.F.);
#2250 = EDGE_CURVE('',#1104,#2243,#2251,.T.);
#2251 = LINE('',#2252,#2253);
#2252 = CARTESIAN_POINT('',(33.477862367616,138.03728010217,6.6));
#2253 = VECTOR('',#2254,1.);
#2254 = DIRECTION('',(-0.15416711283,-0.988044787103,1.21000588594E-16)
  );
#2255 = ORIENTED_EDGE('',*,*,#1111,.F.);
#2256 = ORIENTED_EDGE('',*,*,#2113,.F.);
#2257 = ORIENTED_EDGE('',*,*,#2050,.F.);
#2258 = ORIENTED_EDGE('',*,*,#2259,.F.);
#2259 = EDGE_CURVE('',#2260,#2051,#2262,.T.);
#2260 = VERTEX_POINT('',#2261);
#2261 = CARTESIAN_POINT('',(36.578807414634,20.062,6.6));
#2262 = B_SPLINE_CURVE_WITH_KNOTS('',6,(#2263,#2264,#2265,#2266,#2267,
    #2268,#2269,#2270,#2271,#2272,#2273,#2274,#2275,#2276,#2277,#2278,
    #2279,#2280,#2281,#2282,#2283,#2284,#2285,#2286,#2287,#2288,#2289,
    #2290,#2291,#2292,#2293,#2294,#2295,#2296,#2297,#2298,#2299),
  .UNSPECIFIED.,.F.,.F.,(7,5,5,5,5,5,5,7),(0.,0.211001602428,
    0.34100524271,0.401007116769,0.43000802692,0.555011587649,
    0.709015367265,1.),.UNSPECIFIED.);
#2263 = CARTESIAN_POINT('',(36.578807414634,20.062,6.6));
#2264 = CARTESIAN_POINT('',(36.578807414633,20.529709612291,6.6));
#2265 = CARTESIAN_POINT('',(36.538008987177,20.997459772064,6.6));
#2266 = CARTESIAN_POINT('',(36.456399357846,21.46071186536,6.6));
#2267 = CARTESIAN_POINT('',(36.334661789665,21.915071413797,6.6));
#2268 = CARTESIAN_POINT('',(36.174033492761,22.35626669125,6.6));
#2269 = CARTESIAN_POINT('',(35.854703005877,23.0413793159,6.6));
#2270 = CARTESIAN_POINT('',(35.718923284083,23.296029406636,6.6));
#2271 = CARTESIAN_POINT('',(35.569547415062,23.543189902172,6.6));
#2272 = CARTESIAN_POINT('',(35.407097549163,23.781960716728,6.6));
#2273 = CARTESIAN_POINT('',(35.232174377312,24.011492164601,6.6));
#2274 = CARTESIAN_POINT('',(34.95927897824,24.332290720428,6.6));
#2275 = CARTESIAN_POINT('',(34.870588332292,24.431458140345,6.6));
#2276 = CARTESIAN_POINT('',(34.77945112122,24.528409905339,6.6));
#2277 = CARTESIAN_POINT('',(34.685936787003,24.623070907203,6.6));
#2278 = CARTESIAN_POINT('',(34.590117817796,24.71536897323,6.6));
#2279 = CARTESIAN_POINT('',(34.444679840371,24.848670054344,6.6));
#2280 = CARTESIAN_POINT('',(34.396769175382,24.891537073776,6.6));
#2281 = CARTESIAN_POINT('',(34.348346271229,24.933828117167,6.6));
#2282 = CARTESIAN_POINT('',(34.299419796973,24.975535551929,6.6));
#2283 = CARTESIAN_POINT('',(34.249998572463,25.016651920232,6.6));
#2284 = CARTESIAN_POINT('',(33.984975794776,25.231816065392,6.6));
#2285 = CARTESIAN_POINT('',(33.760832349965,25.39534717753,6.6));
#2286 = CARTESIAN_POINT('',(33.528384405057,25.54717658102,6.6));
#2287 = CARTESIAN_POINT('',(33.28839758677,25.686785111917,6.6));
#2288 = CARTESIAN_POINT('',(33.041679400028,25.813721492847,6.6));
#2289 = CARTESIAN_POINT('',(32.477875754322,26.067903769743,6.6));
#2290 = CARTESIAN_POINT('',(32.157732635535,26.188395067615,6.6));
#2291 = CARTESIAN_POINT('',(31.830242228818,26.288356260653,6.6));
#2292 = CARTESIAN_POINT('',(31.497049399766,26.367253315442,6.6));
#2293 = CARTESIAN_POINT('',(31.159843780319,26.424717561057,6.6));
#2294 = CARTESIAN_POINT('',(30.178929499712,26.528304305034,6.6));
#2295 = CARTESIAN_POINT('',(29.529147378919,26.518899601957,6.6));
#2296 = CARTESIAN_POINT('',(28.883063000385,26.430996819293,6.6));
#2297 = CARTESIAN_POINT('',(28.252256164569,26.265967552036,6.6));
#2298 = CARTESIAN_POINT('',(27.647955128059,26.026958115583,6.6));
#2299 = CARTESIAN_POINT('',(27.080778468261,25.719814296435,6.6));
#2300 = ORIENTED_EDGE('',*,*,#2301,.F.);
#2301 = EDGE_CURVE('',#2302,#2260,#2304,.T.);
#2302 = VERTEX_POINT('',#2303);
#2303 = CARTESIAN_POINT('',(27.437344,14.225162421752,6.6));
#2304 = B_SPLINE_CURVE_WITH_KNOTS('',8,(#2305,#2306,#2307,#2308,#2309,
    #2310,#2311,#2312,#2313,#2314,#2315,#2316,#2317,#2318,#2319,#2320,
    #2321,#2322,#2323,#2324,#2325,#2326,#2327,#2328,#2329,#2330,#2331,
    #2332,#2333,#2334,#2335,#2336,#2337,#2338,#2339,#2340,#2341,#2342,
    #2343,#2344,#2345,#2346,#2347,#2348,#2349,#2350,#2351,#2352,#2353,
    #2354,#2355),.UNSPECIFIED.,.F.,.F.,(9,7,7,7,7,7,7,9),(0.,
    0.160030146412,0.200038000346,0.229043695126,0.672936833782,
    0.730948215722,0.864974017947,1.),.UNSPECIFIED.);
#2305 = CARTESIAN_POINT('',(27.080778468261,14.404185703565,6.6));
#2306 = CARTESIAN_POINT('',(27.314683580867,14.277518802939,6.6));
#2307 = CARTESIAN_POINT('',(27.554578269482,14.16190083081,6.6));
#2308 = CARTESIAN_POINT('',(27.799846699454,14.057666290012,6.6));
#2309 = CARTESIAN_POINT('',(28.049856915338,13.965103964777,6.6));
#2310 = CARTESIAN_POINT('',(28.303961990185,13.884459665335,6.6));
#2311 = CARTESIAN_POINT('',(28.561500531645,13.815937100528,6.6));
#2312 = CARTESIAN_POINT('',(28.821796544888,13.759696878442,6.6));
#2313 = CARTESIAN_POINT('',(29.149749699437,13.704892737277,6.6));
#2314 = CARTESIAN_POINT('',(29.21547022301,13.694706605463,6.6));
#2315 = CARTESIAN_POINT('',(29.281309538254,13.685297025004,6.6));
#2316 = CARTESIAN_POINT('',(29.347256938189,13.67666560363,6.6));
#2317 = CARTESIAN_POINT('',(29.413301693651,13.668813771415,6.6));
#2318 = CARTESIAN_POINT('',(29.47943305329,13.661742780779,6.6));
#2319 = CARTESIAN_POINT('',(29.545640243569,13.655453706488,6.6));
#2320 = CARTESIAN_POINT('',(29.659959833161,13.645955406452,6.6));
#2321 = CARTESIAN_POINT('',(29.708041385517,13.642374833218,6.6));
#2322 = CARTESIAN_POINT('',(29.756153013256,13.639206067625,6.6));
#2323 = CARTESIAN_POINT('',(29.804290601185,13.636449401955,6.6));
#2324 = CARTESIAN_POINT('',(29.852450031492,13.634105079098,6.6));
#2325 = CARTESIAN_POINT('',(29.900627183752,13.632173292554,6.6));
#2326 = CARTESIAN_POINT('',(29.94881793492,13.630654186431,6.6));
#2327 = CARTESIAN_POINT('',(30.734657752616,13.612616947983,6.6));
#2328 = CARTESIAN_POINT('',(31.475389767051,13.692339097613,6.6));
#2329 = CARTESIAN_POINT('',(32.203044880502,13.869482220125,6.6));
#2330 = CARTESIAN_POINT('',(32.902885849308,14.141067973933,6.6));
#2331 = CARTESIAN_POINT('',(33.561057542982,14.502102904706,6.6));
#2332 = CARTESIAN_POINT('',(34.164823194641,14.945192832351,6.6));
#2333 = CARTESIAN_POINT('',(34.702421195583,15.460971785304,6.6));
#2334 = CARTESIAN_POINT('',(35.224363991777,16.111790477948,6.6));
#2335 = CARTESIAN_POINT('',(35.283403081609,16.188047020618,6.6));
#2336 = CARTESIAN_POINT('',(35.341133127497,16.265311065377,6.6));
#2337 = CARTESIAN_POINT('',(35.397534097751,16.343556369343,6.6));
#2338 = CARTESIAN_POINT('',(35.452586606733,16.422756232301,6.6));
#2339 = CARTESIAN_POINT('',(35.506271914855,16.502883496706,6.6));
#2340 = CARTESIAN_POINT('',(35.558571928583,16.583910547682,6.6));
#2341 = CARTESIAN_POINT('',(35.72705901578,16.855023004519,6.6));
#2342 = CARTESIAN_POINT('',(35.837162606517,17.048891690795,6.6));
#2343 = CARTESIAN_POINT('',(35.939563654404,17.247066957152,6.6));
#2344 = CARTESIAN_POINT('',(36.034066386573,17.449191028512,6.6));
#2345 = CARTESIAN_POINT('',(36.12049562108,17.654896871956,6.6));
#2346 = CARTESIAN_POINT('',(36.198696812461,17.863808299257,6.6));
#2347 = CARTESIAN_POINT('',(36.268536097282,18.075540069411,6.6));
#2348 = CARTESIAN_POINT('',(36.391722518389,18.505454086053,6.6));
#2349 = CARTESIAN_POINT('',(36.444943917495,18.723676974301,6.6));
#2350 = CARTESIAN_POINT('',(36.489449190152,18.943963428066,6.6));
#2351 = CARTESIAN_POINT('',(36.525145989361,19.165906752049,6.6));
#2352 = CARTESIAN_POINT('',(36.551964984194,19.389096899872,6.6));
#2353 = CARTESIAN_POINT('',(36.569859876003,19.613120590436,6.6));
#2354 = CARTESIAN_POINT('',(36.578807414634,19.837561424292,6.6));
#2355 = CARTESIAN_POINT('',(36.578807414634,20.062,6.6));
#2356 = ORIENTED_EDGE('',*,*,#2357,.F.);
#2357 = EDGE_CURVE('',#2358,#2302,#2360,.T.);
#2358 = VERTEX_POINT('',#2359);
#2359 = CARTESIAN_POINT('',(27.437344,-16.10116242175,6.6));
#2360 = LINE('',#2361,#2362);
#2361 = CARTESIAN_POINT('',(27.437344,149.875,6.6));
#2362 = VECTOR('',#2363,1.);
#2363 = DIRECTION('',(0.,1.,-1.224646799147E-16));
#2364 = ORIENTED_EDGE('',*,*,#2365,.F.);
#2365 = EDGE_CURVE('',#2366,#2358,#2368,.T.);
#2366 = VERTEX_POINT('',#2367);
#2367 = CARTESIAN_POINT('',(36.578807414634,-21.938,6.6));
#2368 = B_SPLINE_CURVE_WITH_KNOTS('',6,(#2369,#2370,#2371,#2372,#2373,
    #2374,#2375,#2376,#2377,#2378,#2379,#2380,#2381,#2382,#2383,#2384,
    #2385,#2386,#2387,#2388,#2389,#2390,#2391,#2392,#2393,#2394,#2395,
    #2396,#2397,#2398,#2399,#2400,#2401,#2402,#2403,#2404,#2405,#2406,
    #2407,#2408,#2409,#2410,#2411,#2412,#2413,#2414,#2415),
  .UNSPECIFIED.,.F.,.F.,(7,5,5,5,5,5,5,5,5,7),(0.,2.800051954944E-02,
    4.900090946852E-02,0.18500288221,0.386002662689,0.618998790387,
    0.634999087132,0.653999439505,0.786001413607,1.),.UNSPECIFIED.);
#2369 = CARTESIAN_POINT('',(36.578807414634,-21.938,6.6));
#2370 = CARTESIAN_POINT('',(36.578807414634,-21.87593279236,6.6));
#2371 = CARTESIAN_POINT('',(36.578088934609,-21.81386558297,6.6));
#2372 = CARTESIAN_POINT('',(36.576651974602,-21.75180877188,6.6));
#2373 = CARTESIAN_POINT('',(36.574496735158,-21.68977275331,6.6));
#2374 = CARTESIAN_POINT('',(36.571623617324,-21.62776791568,6.6));
#2375 = CARTESIAN_POINT('',(36.565340426608,-21.51933218548,6.6));
#2376 = CARTESIAN_POINT('',(36.562244162264,-21.47288310747,6.6));
#2377 = CARTESIAN_POINT('',(36.558744683384,-21.42646178706,6.6));
#2378 = CARTESIAN_POINT('',(36.554842306999,-21.38007259867,6.6));
#2379 = CARTESIAN_POINT('',(36.550537413406,-21.33371991168,6.6));
#2380 = CARTESIAN_POINT('',(36.515347353579,-20.98748513297,6.6));
#2381 = CARTESIAN_POINT('',(36.468000262448,-20.68927177928,6.6));
#2382 = CARTESIAN_POINT('',(36.403911125662,-20.39396256552,6.6));
#2383 = CARTESIAN_POINT('',(36.323310711243,-20.10272636867,6.6));
#2384 = CARTESIAN_POINT('',(36.226538326433,-19.81670529114,6.6));
#2385 = CARTESIAN_POINT('',(35.947780504794,-19.12365204527,6.6));
#2386 = CARTESIAN_POINT('',(35.747158711261,-18.72407669528,6.6));
#2387 = CARTESIAN_POINT('',(35.513628647097,-18.34192438719,6.6));
#2388 = CARTESIAN_POINT('',(35.249129244117,-17.98051500267,6.6));
#2389 = CARTESIAN_POINT('',(34.955992481616,-17.64290516424,6.6));
#2390 = CARTESIAN_POINT('',(34.267290234275,-16.97121945961,6.6));
#2391 = CARTESIAN_POINT('',(33.862769473784,-16.64618507643,6.6));
#2392 = CARTESIAN_POINT('',(33.427844644091,-16.36102125627,6.6));
#2393 = CARTESIAN_POINT('',(32.967456043201,-16.11911146302,6.6));
#2394 = CARTESIAN_POINT('',(32.486959381221,-15.92313352128,6.6));
#2395 = CARTESIAN_POINT('',(31.958267578309,-15.76464366068,6.6));
#2396 = CARTESIAN_POINT('',(31.924226928686,-15.7546839634,6.6));
#2397 = CARTESIAN_POINT('',(31.890120769744,-15.74494954848,6.6));
#2398 = CARTESIAN_POINT('',(31.855950965637,-15.73544095243,6.6));
#2399 = CARTESIAN_POINT('',(31.82171938632,-15.72615869116,6.6));
#2400 = CARTESIAN_POINT('',(31.746706776534,-15.70634993553,6.6));
#2401 = CARTESIAN_POINT('',(31.705901177545,-15.69591647687,6.6));
#2402 = CARTESIAN_POINT('',(31.665014251806,-15.68580371353,6.6));
#2403 = CARTESIAN_POINT('',(31.624049150587,-15.67601243368,6.6));
#2404 = CARTESIAN_POINT('',(31.583009035208,-15.6665433842,6.6));
#2405 = CARTESIAN_POINT('',(31.256278182653,-15.59385607798,6.6));
#2406 = CARTESIAN_POINT('',(30.967188002191,-15.54590100165,6.6));
#2407 = CARTESIAN_POINT('',(30.675697851975,-15.51376990792,6.6));
#2408 = CARTESIAN_POINT('',(30.382888170373,-15.49760187731,6.6));
#2409 = CARTESIAN_POINT('',(30.089847568007,-15.49743712609,6.6));
#2410 = CARTESIAN_POINT('',(29.324003320562,-15.53879878183,6.6));
#2411 = CARTESIAN_POINT('',(28.852554570987,-15.60628862275,6.6));
#2412 = CARTESIAN_POINT('',(28.388057144221,-15.71544480993,6.6));
#2413 = CARTESIAN_POINT('',(27.935048112654,-15.86529723746,6.6));
#2414 = CARTESIAN_POINT('',(27.497902082082,-16.0543002804,6.6));
#2415 = CARTESIAN_POINT('',(27.080778468261,-16.28018570356,6.6));
#2416 = ORIENTED_EDGE('',*,*,#2417,.F.);
#2417 = EDGE_CURVE('',#1247,#2366,#2418,.T.);
#2418 = B_SPLINE_CURVE_WITH_KNOTS('',6,(#2419,#2420,#2421,#2422,#2423,
    #2424,#2425,#2426,#2427,#2428,#2429,#2430,#2431,#2432,#2433,#2434,
    #2435,#2436,#2437,#2438,#2439,#2440,#2441,#2442,#2443,#2444,#2445,
    #2446,#2447,#2448,#2449,#2450,#2451,#2452,#2453,#2454,#2455,#2456,
    #2457,#2458,#2459,#2460),.UNSPECIFIED.,.F.,.F.,(7,5,5,5,5,5,5,5,7),(
    0.,9.100317465162E-02,0.390985437978,0.613986809686,0.651988167083,
    0.730990952677,0.791993121882,0.864995703981,1.),.UNSPECIFIED.);
#2419 = CARTESIAN_POINT('',(27.080778468261,-27.59581429643,6.6));
#2420 = CARTESIAN_POINT('',(27.258157773537,-27.69187071257,6.6));
#2421 = CARTESIAN_POINT('',(27.439151425891,-27.78125413421,6.6));
#2422 = CARTESIAN_POINT('',(27.623444375203,-27.86379401526,6.6));
#2423 = CARTESIAN_POINT('',(27.810712804418,-27.93934041523,6.6));
#2424 = CARTESIAN_POINT('',(28.000624129545,-28.00776399918,6.6));
#2425 = CARTESIAN_POINT('',(28.826446234042,-28.2706690691,6.6));
#2426 = CARTESIAN_POINT('',(29.485292908111,-28.39387475279,6.6));
#2427 = CARTESIAN_POINT('',(30.156722255063,-28.4344391753,6.6));
#2428 = CARTESIAN_POINT('',(30.827996351608,-28.39138191035,6.6));
#2429 = CARTESIAN_POINT('',(31.486381002207,-28.26573067751,6.6));
#2430 = CARTESIAN_POINT('',(32.589690452133,-27.90996862976,6.6));
#2431 = CARTESIAN_POINT('',(33.046209697557,-27.7148830696,6.6));
#2432 = CARTESIAN_POINT('',(33.483678015551,-27.47804092974,6.6));
#2433 = CARTESIAN_POINT('',(33.897429239866,-27.20184778575,6.6));
#2434 = CARTESIAN_POINT('',(34.283156860584,-26.88930594869,6.6));
#2435 = CARTESIAN_POINT('',(34.697331448067,-26.48536483959,6.6));
#2436 = CARTESIAN_POINT('',(34.756710304403,-26.42560463769,6.6));
#2437 = CARTESIAN_POINT('',(34.815146596576,-26.36491522549,6.6));
#2438 = CARTESIAN_POINT('',(34.872622202401,-26.30331522767,6.6));
#2439 = CARTESIAN_POINT('',(34.929119493589,-26.24082373705,6.6));
#2440 = CARTESIAN_POINT('',(35.100006691343,-26.04573115491,6.6));
#2441 = CARTESIAN_POINT('',(35.21108991523,-25.91023322364,6.6));
#2442 = CARTESIAN_POINT('',(35.317716729582,-25.77114268775,6.6));
#2443 = CARTESIAN_POINT('',(35.419743074123,-25.62864328519,6.6));
#2444 = CARTESIAN_POINT('',(35.517035106129,-25.48292632493,6.6));
#2445 = CARTESIAN_POINT('',(35.680842383268,-25.21934414726,6.6));
#2446 = CARTESIAN_POINT('',(35.749319317992,-25.1026975889,6.6));
#2447 = CARTESIAN_POINT('',(35.814843170777,-24.98434247273,6.6));
#2448 = CARTESIAN_POINT('',(35.877361089167,-24.86437239861,6.6));
#2449 = CARTESIAN_POINT('',(35.936824202071,-24.74288310541,6.6));
#2450 = CARTESIAN_POINT('',(36.060638910126,-24.47288272329,6.6));
#2451 = CARTESIAN_POINT('',(36.123651132467,-24.32375711272,6.6));
#2452 = CARTESIAN_POINT('',(36.182147315746,-24.17276352392,6.6));
#2453 = CARTESIAN_POINT('',(36.236059183513,-24.02007305981,6.6));
#2454 = CARTESIAN_POINT('',(36.285327153915,-23.8658600416,6.6));
#2455 = CARTESIAN_POINT('',(36.412329911287,-23.42262721565,6.6));
#2456 = CARTESIAN_POINT('',(36.478704694314,-23.13034774152,6.6));
#2457 = CARTESIAN_POINT('',(36.528701717568,-22.83459262443,6.6));
#2458 = CARTESIAN_POINT('',(36.562105342523,-22.53650708376,6.6));
#2459 = CARTESIAN_POINT('',(36.578807414634,-22.23725143427,6.6));
#2460 = CARTESIAN_POINT('',(36.578807414634,-21.938,6.6));
#2461 = ORIENTED_EDGE('',*,*,#1246,.F.);
#2462 = ORIENTED_EDGE('',*,*,#1221,.T.);
#2463 = ORIENTED_EDGE('',*,*,#1166,.F.);
#2464 = ORIENTED_EDGE('',*,*,#2465,.F.);
#2465 = EDGE_CURVE('',#2219,#1167,#2466,.T.);
#2466 = LINE('',#2467,#2468);
#2467 = CARTESIAN_POINT('',(-10.77325138514,153.86629906851,6.6));
#2468 = VECTOR('',#2469,1.);
#2469 = DIRECTION('',(0.146996956967,-0.989136944332,1.211343392795E-16)
  );
#2470 = ORIENTED_EDGE('',*,*,#2227,.F.);
#2471 = ORIENTED_EDGE('',*,*,#750,.T.);
#2472 = ORIENTED_EDGE('',*,*,#1390,.T.);
#2473 = ORIENTED_EDGE('',*,*,#2474,.T.);
#2474 = EDGE_CURVE('',#1381,#1971,#2475,.T.);
#2475 = LINE('',#2476,#2477);
#2476 = CARTESIAN_POINT('',(24.637344,249.875,6.6));
#2477 = VECTOR('',#2478,1.);
#2478 = DIRECTION('',(0.,1.,-1.224646799147E-16));
#2479 = ORIENTED_EDGE('',*,*,#1970,.T.);
#2480 = FACE_BOUND('',#2481,.F.);
#2481 = EDGE_LOOP('',(#2482,#2539,#2547));
#2482 = ORIENTED_EDGE('',*,*,#2483,.T.);
#2483 = EDGE_CURVE('',#2484,#2486,#2488,.T.);
#2484 = VERTEX_POINT('',#2485);
#2485 = CARTESIAN_POINT('',(33.830716071869,20.084507162538,6.6));
#2486 = VERTEX_POINT('',#2487);
#2487 = CARTESIAN_POINT('',(33.830716071869,20.039492837462,6.6));
#2488 = B_SPLINE_CURVE_WITH_KNOTS('',7,(#2489,#2490,#2491,#2492,#2493,
    #2494,#2495,#2496,#2497,#2498,#2499,#2500,#2501,#2502,#2503,#2504,
    #2505,#2506,#2507,#2508,#2509,#2510,#2511,#2512,#2513,#2514,#2515,
    #2516,#2517,#2518,#2519,#2520,#2521,#2522,#2523,#2524,#2525,#2526,
    #2527,#2528,#2529,#2530,#2531,#2532,#2533,#2534,#2535,#2536,#2537,
    #2538),.UNSPECIFIED.,.T.,.F.,(8,6,6,6,6,6,6,6,8),(0.,0.125999058113,
    0.251998118402,0.375999043132,0.500999051144,0.624999971591,
    0.749999983787,0.874999993066,1.),.UNSPECIFIED.);
#2489 = CARTESIAN_POINT('',(33.830786622951,20.062,6.6));
#2490 = CARTESIAN_POINT('',(33.830787082897,20.467938810527,6.6));
#2491 = CARTESIAN_POINT('',(33.777234449919,20.874184602907,6.6));
#2492 = CARTESIAN_POINT('',(33.670000992541,21.271693589183,6.6));
#2493 = CARTESIAN_POINT('',(33.511015408025,21.652133855914,6.6));
#2494 = CARTESIAN_POINT('',(33.303521470564,22.007744129236,6.6));
#2495 = CARTESIAN_POINT('',(33.052091579707,22.331297184959,6.6));
#2496 = CARTESIAN_POINT('',(32.474411669598,22.90176293106,6.6));
#2497 = CARTESIAN_POINT('',(32.147724663019,23.149107132497,6.6));
#2498 = CARTESIAN_POINT('',(31.789535108032,23.352116127515,6.6));
#2499 = CARTESIAN_POINT('',(31.407127068941,23.506308563874,6.6));
#2500 = CARTESIAN_POINT('',(31.008302045788,23.608538731745,6.6));
#2501 = CARTESIAN_POINT('',(30.601415320341,23.656981970094,6.6));
#2502 = CARTESIAN_POINT('',(29.796038836774,23.646860725736,6.6));
#2503 = CARTESIAN_POINT('',(29.396937335867,23.589974031783,6.6));
#2504 = CARTESIAN_POINT('',(29.006807660197,23.481211295659,6.6));
#2505 = CARTESIAN_POINT('',(28.633573801956,23.322475326942,6.6));
#2506 = CARTESIAN_POINT('',(28.284616273068,23.116905044516,6.6));
#2507 = CARTESIAN_POINT('',(27.966802190147,22.868888280528,6.6));
#2508 = CARTESIAN_POINT('',(27.403121345011,22.298079179214,6.6));
#2509 = CARTESIAN_POINT('',(27.157445175639,21.97428534864,6.6));
#2510 = CARTESIAN_POINT('',(26.955350173455,21.619437613013,6.6));
#2511 = CARTESIAN_POINT('',(26.801227178427,21.240637231572,6.6));
#2512 = CARTESIAN_POINT('',(26.698171990847,20.845493040382,6.6));
#2513 = CARTESIAN_POINT('',(26.647998884688,20.44215462194,6.6));
#2514 = CARTESIAN_POINT('',(26.653039381196,19.63994910232,6.6));
#2515 = CARTESIAN_POINT('',(26.707417320365,19.240498060574,6.6));
#2516 = CARTESIAN_POINT('',(26.813726636605,18.849692718139,6.6));
#2517 = CARTESIAN_POINT('',(26.970114365891,18.475468872003,6.6));
#2518 = CARTESIAN_POINT('',(27.173488033955,18.125226613914,6.6));
#2519 = CARTESIAN_POINT('',(27.419503034489,17.805860493499,6.6));
#2520 = CARTESIAN_POINT('',(27.986759193235,17.238604312086,6.6));
#2521 = CARTESIAN_POINT('',(28.309003027248,16.990898552701,6.6));
#2522 = CARTESIAN_POINT('',(28.662573975998,16.786577973201,6.6));
#2523 = CARTESIAN_POINT('',(29.040398508167,16.630077937556,6.6));
#2524 = CARTESIAN_POINT('',(29.434887392909,16.524542003515,6.6));
#2525 = CARTESIAN_POINT('',(29.837902613469,16.471835635471,6.6));
#2526 = CARTESIAN_POINT('',(30.643342808747,16.471835635733,6.6));
#2527 = CARTESIAN_POINT('',(31.046358022462,16.524542002012,6.6));
#2528 = CARTESIAN_POINT('',(31.440846894398,16.630077941525,6.6));
#2529 = CARTESIAN_POINT('',(31.81867140358,16.786577999491,6.6));
#2530 = CARTESIAN_POINT('',(32.172242336764,16.990898588072,6.6));
#2531 = CARTESIAN_POINT('',(32.494486170299,17.238604330941,6.6));
#2532 = CARTESIAN_POINT('',(33.064018415751,17.808136520752,6.6));
#2533 = CARTESIAN_POINT('',(33.311724213052,18.130380334419,6.6));
#2534 = CARTESIAN_POINT('',(33.516044749239,18.483951284661,6.6));
#2535 = CARTESIAN_POINT('',(33.672544771127,18.861775803261,6.6));
#2536 = CARTESIAN_POINT('',(33.778080429485,19.256264752439,6.6));
#2537 = CARTESIAN_POINT('',(33.830787056165,19.659279899376,6.6));
#2538 = CARTESIAN_POINT('',(33.830786622951,20.062,6.6));
#2539 = ORIENTED_EDGE('',*,*,#2540,.F.);
#2540 = EDGE_CURVE('',#2541,#2486,#2543,.T.);
#2541 = VERTEX_POINT('',#2542);
#2542 = CARTESIAN_POINT('',(33.843710588219,20.062,6.6));
#2543 = LINE('',#2544,#2545);
#2544 = CARTESIAN_POINT('',(33.843710588219,20.062,6.6));
#2545 = VECTOR('',#2546,1.);
#2546 = DIRECTION('',(-0.5,-0.866025403784,1.060575238725E-16));
#2547 = ORIENTED_EDGE('',*,*,#2548,.F.);
#2548 = EDGE_CURVE('',#2484,#2541,#2549,.T.);
#2549 = LINE('',#2550,#2551);
#2550 = CARTESIAN_POINT('',(32.140527294109,23.012,6.6));
#2551 = VECTOR('',#2552,1.);
#2552 = DIRECTION('',(0.5,-0.866025403784,1.060575238725E-16));
#2553 = FACE_BOUND('',#2554,.F.);
#2554 = EDGE_LOOP('',(#2555,#2620,#2628));
#2555 = ORIENTED_EDGE('',*,*,#2556,.T.);
#2556 = EDGE_CURVE('',#2557,#2559,#2561,.T.);
#2557 = VERTEX_POINT('',#2558);
#2558 = CARTESIAN_POINT('',(33.830716071869,-21.91549283746,6.6));
#2559 = VERTEX_POINT('',#2560);
#2560 = CARTESIAN_POINT('',(33.830716071869,-21.96050716253,6.6));
#2561 = B_SPLINE_CURVE_WITH_KNOTS('',8,(#2562,#2563,#2564,#2565,#2566,
    #2567,#2568,#2569,#2570,#2571,#2572,#2573,#2574,#2575,#2576,#2577,
    #2578,#2579,#2580,#2581,#2582,#2583,#2584,#2585,#2586,#2587,#2588,
    #2589,#2590,#2591,#2592,#2593,#2594,#2595,#2596,#2597,#2598,#2599,
    #2600,#2601,#2602,#2603,#2604,#2605,#2606,#2607,#2608,#2609,#2610,
    #2611,#2612,#2613,#2614,#2615,#2616,#2617,#2618,#2619),
  .UNSPECIFIED.,.T.,.F.,(9,7,7,7,7,7,7,7,9),(0.,0.125000025092,
    0.250999042869,0.37499991896,0.499999931516,0.624999944072,
    0.749999960372,0.874999974972,1.),.UNSPECIFIED.);
#2562 = CARTESIAN_POINT('',(33.830786622951,-21.938,6.6));
#2563 = CARTESIAN_POINT('',(33.830786622951,-21.58561617917,6.6));
#2564 = CARTESIAN_POINT('',(33.791256930437,-21.23302043238,6.6));
#2565 = CARTESIAN_POINT('',(33.712121376089,-20.88571138332,6.6));
#2566 = CARTESIAN_POINT('',(33.594295353716,-20.54886326107,6.6));
#2567 = CARTESIAN_POINT('',(33.43942346213,-20.22736005539,6.6));
#2568 = CARTESIAN_POINT('',(33.249796316357,-19.92581817925,6.6));
#2569 = CARTESIAN_POINT('',(33.028425044801,-19.64854376699,6.6));
#2570 = CARTESIAN_POINT('',(32.528087556999,-19.14820632991,6.6));
#2571 = CARTESIAN_POINT('',(32.248366593232,-18.92528423388,6.6));
#2572 = CARTESIAN_POINT('',(31.944018093723,-18.73465707515,6.6));
#2573 = CARTESIAN_POINT('',(31.619463486519,-18.57937865597,6.6));
#2574 = CARTESIAN_POINT('',(31.279424939966,-18.46181648572,6.6));
#2575 = CARTESIAN_POINT('',(30.928925966473,-18.38360404781,6.6));
#2576 = CARTESIAN_POINT('',(30.573258319636,-18.34567516421,6.6));
#2577 = CARTESIAN_POINT('',(29.868504872196,-18.35010331877,6.6));
#2578 = CARTESIAN_POINT('',(29.518985329362,-18.39120026929,6.6));
#2579 = CARTESIAN_POINT('',(29.17486957936,-18.47123723738,6.6));
#2580 = CARTESIAN_POINT('',(28.841203243042,-18.58929725701,6.6));
#2581 = CARTESIAN_POINT('',(28.522748679284,-18.74375787742,6.6));
#2582 = CARTESIAN_POINT('',(28.224006592487,-18.93237052834,6.6));
#2583 = CARTESIAN_POINT('',(27.949174743023,-19.152189377,6.6));
#2584 = CARTESIAN_POINT('',(27.452820356001,-19.6485437523,6.6));
#2585 = CARTESIAN_POINT('',(27.23144909206,-19.92581817432,6.6));
#2586 = CARTESIAN_POINT('',(27.041821913668,-20.22736007403,6.6));
#2587 = CARTESIAN_POINT('',(26.886950012825,-20.54886329904,6.6));
#2588 = CARTESIAN_POINT('',(26.769123917332,-20.88571139715,6.6));
#2589 = CARTESIAN_POINT('',(26.689988290503,-21.2330203911,6.6));
#2590 = CARTESIAN_POINT('',(26.650458800905,-21.58561613669,6.6));
#2591 = CARTESIAN_POINT('',(26.650458800905,-22.2903838633,6.6));
#2592 = CARTESIAN_POINT('',(26.689988290503,-22.64297960889,6.6));
#2593 = CARTESIAN_POINT('',(26.769123917331,-22.99028860284,6.6));
#2594 = CARTESIAN_POINT('',(26.886950012824,-23.32713670095,6.6));
#2595 = CARTESIAN_POINT('',(27.041821913668,-23.64863992596,6.6));
#2596 = CARTESIAN_POINT('',(27.231449092059,-23.95018182567,6.6));
#2597 = CARTESIAN_POINT('',(27.452820356,-24.22745624769,6.6));
#2598 = CARTESIAN_POINT('',(27.951166413126,-24.72580229305,6.6));
#2599 = CARTESIAN_POINT('',(28.228440847908,-24.94717355467,6.6));
#2600 = CARTESIAN_POINT('',(28.529982758081,-25.13680073664,6.6));
#2601 = CARTESIAN_POINT('',(28.851485989983,-25.29167265259,6.6));
#2602 = CARTESIAN_POINT('',(29.188334091764,-25.40949877262,6.6));
#2603 = CARTESIAN_POINT('',(29.535643088771,-25.4886344246,6.6));
#2604 = CARTESIAN_POINT('',(29.888238840763,-25.52816392922,6.6));
#2605 = CARTESIAN_POINT('',(30.593006586013,-25.52816392894,6.6));
#2606 = CARTESIAN_POINT('',(30.945602329591,-25.48863442499,6.6));
#2607 = CARTESIAN_POINT('',(31.292911313911,-25.40949877051,6.6));
#2608 = CARTESIAN_POINT('',(31.629759397953,-25.29167263862,6.6));
#2609 = CARTESIAN_POINT('',(31.951262613977,-25.13680070857,6.6));
#2610 = CARTESIAN_POINT('',(32.252804517528,-24.94717352326,6.6));
#2611 = CARTESIAN_POINT('',(32.530078953868,-24.72580227341,6.6));
#2612 = CARTESIAN_POINT('',(33.028425044801,-24.227456233,6.6));
#2613 = CARTESIAN_POINT('',(33.249796316357,-23.95018182074,6.6));
#2614 = CARTESIAN_POINT('',(33.43942346213,-23.6486399446,6.6));
#2615 = CARTESIAN_POINT('',(33.594295353716,-23.32713673892,6.6));
#2616 = CARTESIAN_POINT('',(33.712121376088,-22.99028861667,6.6));
#2617 = CARTESIAN_POINT('',(33.791256930436,-22.64297956761,6.6));
#2618 = CARTESIAN_POINT('',(33.83078662295,-22.29038382082,6.6));
#2619 = CARTESIAN_POINT('',(33.830786622951,-21.938,6.6));
#2620 = ORIENTED_EDGE('',*,*,#2621,.F.);
#2621 = EDGE_CURVE('',#2622,#2559,#2624,.T.);
#2622 = VERTEX_POINT('',#2623);
#2623 = CARTESIAN_POINT('',(33.843710588219,-21.938,6.6));
#2624 = LINE('',#2625,#2626);
#2625 = CARTESIAN_POINT('',(33.843710588219,-21.938,6.6));
#2626 = VECTOR('',#2627,1.);
#2627 = DIRECTION('',(-0.5,-0.866025403784,1.060575238725E-16));
#2628 = ORIENTED_EDGE('',*,*,#2629,.F.);
#2629 = EDGE_CURVE('',#2557,#2622,#2630,.T.);
#2630 = LINE('',#2631,#2632);
#2631 = CARTESIAN_POINT('',(32.140527294109,-18.988,6.6));
#2632 = VECTOR('',#2633,1.);
#2633 = DIRECTION('',(0.5,-0.866025403784,1.060575238725E-16));
#2634 = PLANE('',#2635);
#2635 = AXIS2_PLACEMENT_3D('',#2636,#2637,#2638);
#2636 = CARTESIAN_POINT('',(-300.,300.,6.6));
#2637 = DIRECTION('',(0.,-1.224646799147E-16,-1.));
#2638 = DIRECTION('',(1.,0.,0.));
#2639 = ADVANCED_FACE('',(#2640),#2658,.T.);
#2640 = FACE_BOUND('',#2641,.T.);
#2641 = EDGE_LOOP('',(#2642,#2643,#2644,#2652));
#2642 = ORIENTED_EDGE('',*,*,#1052,.F.);
#2643 = ORIENTED_EDGE('',*,*,#702,.F.);
#2644 = ORIENTED_EDGE('',*,*,#2645,.T.);
#2645 = EDGE_CURVE('',#703,#2646,#2648,.T.);
#2646 = VERTEX_POINT('',#2647);
#2647 = CARTESIAN_POINT('',(6.6923662865,32.287358,5.644278272733));
#2648 = LINE('',#2649,#2650);
#2649 = CARTESIAN_POINT('',(6.6923662865,32.287358,13.131237152732));
#2650 = VECTOR('',#2651,1.);
#2651 = DIRECTION('',(-1.034488186661E-15,-1.224646799147E-16,-1.));
#2652 = ORIENTED_EDGE('',*,*,#2653,.T.);
#2653 = EDGE_CURVE('',#2646,#1053,#2654,.T.);
#2654 = LINE('',#2655,#2656);
#2655 = CARTESIAN_POINT('',(24.039022185913,29.580715657289,
    6.97704803512));
#2656 = VECTOR('',#2657,1.);
#2657 = DIRECTION('',(-0.985210090946,0.15372480806,-7.569517873796E-02)
  );
#2658 = PLANE('',#2659);
#2659 = AXIS2_PLACEMENT_3D('',#2660,#2661,#2662);
#2660 = CARTESIAN_POINT('',(-14.69651681163,35.62471921777,
    19.662474305463));
#2661 = DIRECTION('',(0.15416711283,0.988044787103,-2.804846455882E-16)
  );
#2662 = DIRECTION('',(-0.988044787103,0.15416711283,-4.603146454517E-16)
  );
#2663 = ADVANCED_FACE('',(#2664),#2674,.F.);
#2664 = FACE_BOUND('',#2665,.F.);
#2665 = EDGE_LOOP('',(#2666,#2667,#2673));
#2666 = ORIENTED_EDGE('',*,*,#710,.T.);
#2667 = ORIENTED_EDGE('',*,*,#2668,.T.);
#2668 = EDGE_CURVE('',#703,#2243,#2669,.T.);
#2669 = LINE('',#2670,#2671);
#2670 = CARTESIAN_POINT('',(-24.937344,32.287358,6.6));
#2671 = VECTOR('',#2672,1.);
#2672 = DIRECTION('',(1.,0.,0.));
#2673 = ORIENTED_EDGE('',*,*,#2242,.T.);
#2674 = PLANE('',#2675);
#2675 = AXIS2_PLACEMENT_3D('',#2676,#2677,#2678);
#2676 = CARTESIAN_POINT('',(-1.509044983038E-15,-0.25,6.6));
#2677 = DIRECTION('',(0.,-1.224646799147E-16,-1.));
#2678 = DIRECTION('',(1.,0.,0.));
#2679 = ADVANCED_FACE('',(#2680),#2696,.T.);
#2680 = FACE_BOUND('',#2681,.T.);
#2681 = EDGE_LOOP('',(#2682,#2683,#2690));
#2682 = ORIENTED_EDGE('',*,*,#790,.F.);
#2683 = ORIENTED_EDGE('',*,*,#2684,.F.);
#2684 = EDGE_CURVE('',#2685,#791,#2687,.T.);
#2685 = VERTEX_POINT('',#2686);
#2686 = CARTESIAN_POINT('',(-33.84371058821,20.062,6.575742623318));
#2687 = B_SPLINE_CURVE_WITH_KNOTS('',1,(#2688,#2689),.UNSPECIFIED.,.F.,
  .F.,(2,2),(0.,1.),.PIECEWISE_BEZIER_KNOTS.);
#2688 = CARTESIAN_POINT('',(-33.84371058821,20.062,6.575742623318));
#2689 = CARTESIAN_POINT('',(-33.83071602492,20.039492756155,6.6));
#2690 = ORIENTED_EDGE('',*,*,#2691,.F.);
#2691 = EDGE_CURVE('',#793,#2685,#2692,.T.);
#2692 = LINE('',#2693,#2694);
#2693 = CARTESIAN_POINT('',(-33.84371058821,20.062,6.6));
#2694 = VECTOR('',#2695,1.);
#2695 = DIRECTION('',(0.,-1.224646799147E-16,-1.));
#2696 = PLANE('',#2697);
#2697 = AXIS2_PLACEMENT_3D('',#2698,#2699,#2700);
#2698 = CARTESIAN_POINT('',(-32.1405272941,17.112,6.6));
#2699 = DIRECTION('',(0.866025403784,0.5,-6.123233995737E-17));
#2700 = DIRECTION('',(-0.5,0.866025403784,-1.060575238725E-16));
#2701 = ADVANCED_FACE('',(#2702),#2711,.T.);
#2702 = FACE_BOUND('',#2703,.T.);
#2703 = EDGE_LOOP('',(#2704,#2705,#2706));
#2704 = ORIENTED_EDGE('',*,*,#910,.F.);
#2705 = ORIENTED_EDGE('',*,*,#2691,.T.);
#2706 = ORIENTED_EDGE('',*,*,#2707,.F.);
#2707 = EDGE_CURVE('',#856,#2685,#2708,.T.);
#2708 = B_SPLINE_CURVE_WITH_KNOTS('',1,(#2709,#2710),.UNSPECIFIED.,.F.,
  .F.,(2,2),(0.,1.),.PIECEWISE_BEZIER_KNOTS.);
#2709 = CARTESIAN_POINT('',(-33.83071602492,20.084507243845,6.6));
#2710 = CARTESIAN_POINT('',(-33.84371058821,20.062,6.575742623318));
#2711 = PLANE('',#2712);
#2712 = AXIS2_PLACEMENT_3D('',#2713,#2714,#2715);
#2713 = CARTESIAN_POINT('',(-33.84371058821,20.062,6.6));
#2714 = DIRECTION('',(0.866025403784,-0.5,6.123233995737E-17));
#2715 = DIRECTION('',(0.5,0.866025403784,-1.060575238725E-16));
#2716 = ADVANCED_FACE('',(#2717),#2738,.F.);
#2717 = FACE_BOUND('',#2718,.F.);
#2718 = EDGE_LOOP('',(#2719,#2726,#2727,#2728,#2729,#2730,#2731));
#2719 = ORIENTED_EDGE('',*,*,#2720,.F.);
#2720 = EDGE_CURVE('',#801,#2721,#2723,.T.);
#2721 = VERTEX_POINT('',#2722);
#2722 = CARTESIAN_POINT('',(-26.937344,20.062,6.4));
#2723 = B_SPLINE_CURVE_WITH_KNOTS('',1,(#2724,#2725),.UNSPECIFIED.,.F.,
  .F.,(2,2),(0.,1.),.PIECEWISE_BEZIER_KNOTS.);
#2724 = CARTESIAN_POINT('',(-9.437344,20.062,18.6));
#2725 = CARTESIAN_POINT('',(-26.937344,20.062,6.4));
#2726 = ORIENTED_EDGE('',*,*,#800,.F.);
#2727 = ORIENTED_EDGE('',*,*,#2684,.F.);
#2728 = ORIENTED_EDGE('',*,*,#2707,.F.);
#2729 = ORIENTED_EDGE('',*,*,#855,.F.);
#2730 = ORIENTED_EDGE('',*,*,#2720,.T.);
#2731 = ORIENTED_EDGE('',*,*,#2732,.F.);
#2732 = EDGE_CURVE('',#2721,#2721,#2733,.T.);
#2733 = CIRCLE('',#2734,3.5);
#2734 = AXIS2_PLACEMENT_3D('',#2735,#2736,#2737);
#2735 = CARTESIAN_POINT('',(-30.437344,20.062,6.4));
#2736 = DIRECTION('',(0.,-1.224646799147E-16,-1.));
#2737 = DIRECTION('',(1.,0.,0.));
#2738 = B_SPLINE_SURFACE_WITH_KNOTS('',14,1,(
    (#2739,#2740)
    ,(#2741,#2742)
    ,(#2743,#2744)
    ,(#2745,#2746)
    ,(#2747,#2748)
    ,(#2749,#2750)
    ,(#2751,#2752)
    ,(#2753,#2754)
    ,(#2755,#2756)
    ,(#2757,#2758)
    ,(#2759,#2760)
    ,(#2761,#2762)
    ,(#2763,#2764)
    ,(#2765,#2766)
    ,(#2767,#2768
    )),.UNSPECIFIED.,.T.,.F.,.F.,(15,15),(2,2),(0.,6.28318530718),(0.,1.
    ),.PIECEWISE_BEZIER_KNOTS.);
#2739 = CARTESIAN_POINT('',(-9.437344,20.062,18.6));
#2740 = CARTESIAN_POINT('',(-26.937344,20.062,6.4));
#2741 = CARTESIAN_POINT('',(-9.437343999998,16.022809445378,
    18.600000000001));
#2742 = CARTESIAN_POINT('',(-26.93734399999,18.491203673205,6.4));
#2743 = CARTESIAN_POINT('',(-11.3895732508,11.98361739983,
    18.599999999998));
#2744 = CARTESIAN_POINT('',(-27.6965485045,16.920406766589,
    6.400000000001));
#2745 = CARTESIAN_POINT('',(-15.29403424809,8.966625880783,18.6));
#2746 = CARTESIAN_POINT('',(-29.21491608105,15.747132287007,
    6.399999999998));
#2747 = CARTESIAN_POINT('',(-20.5668395327,7.993921637701,18.60000000001
    ));
#2748 = CARTESIAN_POINT('',(-31.26558638812,15.368858414583,
    6.400000000003));
#2749 = CARTESIAN_POINT('',(-26.04032494352,9.721208250661,
    18.599999999968));
#2750 = CARTESIAN_POINT('',(-33.39381827075,16.040580986506,
    6.399999999997));
#2751 = CARTESIAN_POINT('',(-30.21871931509,14.069032792981,
    18.600000000062));
#2752 = CARTESIAN_POINT('',(-35.01937582309,17.731401641521,
    6.400000000001));
#2753 = CARTESIAN_POINT('',(-31.79180141822,20.061999999458,
    18.599999999916));
#2754 = CARTESIAN_POINT('',(-35.63029392867,20.062000000006,
    6.400000000001));
#2755 = CARTESIAN_POINT('',(-30.21871931513,26.054967208,18.600000000087
    ));
#2756 = CARTESIAN_POINT('',(-35.01937582308,22.392598358474,
    6.399999999998));
#2757 = CARTESIAN_POINT('',(-26.04032494346,30.402791748613,
    18.59999999993));
#2758 = CARTESIAN_POINT('',(-33.39381827076,24.083419013486,
    6.400000000001));
#2759 = CARTESIAN_POINT('',(-20.56683953275,32.130078362733,
    18.600000000044));
#2760 = CARTESIAN_POINT('',(-31.26558638811,24.755141585432,6.4));
#2761 = CARTESIAN_POINT('',(-15.29403424806,31.157374119013,
    18.599999999978));
#2762 = CARTESIAN_POINT('',(-29.21491608105,24.376867712981,6.4));
#2763 = CARTESIAN_POINT('',(-11.38957325081,28.14038260024,
    18.600000000008));
#2764 = CARTESIAN_POINT('',(-27.6965485045,23.203593233417,6.4));
#2765 = CARTESIAN_POINT('',(-9.437343999994,24.101190554607,
    18.599999999998));
#2766 = CARTESIAN_POINT('',(-26.93734399999,21.632796326793,6.4));
#2767 = CARTESIAN_POINT('',(-9.437344,20.062,18.6));
#2768 = CARTESIAN_POINT('',(-26.937344,20.062,6.4));
#2769 = ADVANCED_FACE('',(#2770),#2786,.T.);
#2770 = FACE_BOUND('',#2771,.T.);
#2771 = EDGE_LOOP('',(#2772,#2773,#2780));
#2772 = ORIENTED_EDGE('',*,*,#918,.F.);
#2773 = ORIENTED_EDGE('',*,*,#2774,.F.);
#2774 = EDGE_CURVE('',#2775,#919,#2777,.T.);
#2775 = VERTEX_POINT('',#2776);
#2776 = CARTESIAN_POINT('',(-33.84371058821,-21.938,6.575742623318));
#2777 = B_SPLINE_CURVE_WITH_KNOTS('',1,(#2778,#2779),.UNSPECIFIED.,.F.,
  .F.,(2,2),(0.,1.),.PIECEWISE_BEZIER_KNOTS.);
#2778 = CARTESIAN_POINT('',(-33.84371058821,-21.938,6.575742623318));
#2779 = CARTESIAN_POINT('',(-33.83071602492,-21.96050724384,6.6));
#2780 = ORIENTED_EDGE('',*,*,#2781,.F.);
#2781 = EDGE_CURVE('',#921,#2775,#2782,.T.);
#2782 = LINE('',#2783,#2784);
#2783 = CARTESIAN_POINT('',(-33.84371058821,-21.938,6.6));
#2784 = VECTOR('',#2785,1.);
#2785 = DIRECTION('',(0.,-1.224646799147E-16,-1.));
#2786 = PLANE('',#2787);
#2787 = AXIS2_PLACEMENT_3D('',#2788,#2789,#2790);
#2788 = CARTESIAN_POINT('',(-32.1405272941,-24.888,6.6));
#2789 = DIRECTION('',(0.866025403784,0.5,-6.123233995737E-17));
#2790 = DIRECTION('',(-0.5,0.866025403784,-1.060575238725E-16));
#2791 = ADVANCED_FACE('',(#2792),#2801,.T.);
#2792 = FACE_BOUND('',#2793,.T.);
#2793 = EDGE_LOOP('',(#2794,#2795,#2796));
#2794 = ORIENTED_EDGE('',*,*,#1038,.F.);
#2795 = ORIENTED_EDGE('',*,*,#2781,.T.);
#2796 = ORIENTED_EDGE('',*,*,#2797,.F.);
#2797 = EDGE_CURVE('',#984,#2775,#2798,.T.);
#2798 = B_SPLINE_CURVE_WITH_KNOTS('',1,(#2799,#2800),.UNSPECIFIED.,.F.,
  .F.,(2,2),(0.,1.),.PIECEWISE_BEZIER_KNOTS.);
#2799 = CARTESIAN_POINT('',(-33.83071602492,-21.91549275615,6.6));
#2800 = CARTESIAN_POINT('',(-33.84371058821,-21.938,6.575742623318));
#2801 = PLANE('',#2802);
#2802 = AXIS2_PLACEMENT_3D('',#2803,#2804,#2805);
#2803 = CARTESIAN_POINT('',(-33.84371058821,-21.938,6.6));
#2804 = DIRECTION('',(0.866025403784,-0.5,6.123233995737E-17));
#2805 = DIRECTION('',(0.5,0.866025403784,-1.060575238725E-16));
#2806 = ADVANCED_FACE('',(#2807),#2828,.F.);
#2807 = FACE_BOUND('',#2808,.F.);
#2808 = EDGE_LOOP('',(#2809,#2816,#2817,#2818,#2819,#2820,#2821));
#2809 = ORIENTED_EDGE('',*,*,#2810,.F.);
#2810 = EDGE_CURVE('',#929,#2811,#2813,.T.);
#2811 = VERTEX_POINT('',#2812);
#2812 = CARTESIAN_POINT('',(-26.937344,-21.938,6.4));
#2813 = B_SPLINE_CURVE_WITH_KNOTS('',1,(#2814,#2815),.UNSPECIFIED.,.F.,
  .F.,(2,2),(0.,1.),.PIECEWISE_BEZIER_KNOTS.);
#2814 = CARTESIAN_POINT('',(-9.437344,-21.938,18.6));
#2815 = CARTESIAN_POINT('',(-26.937344,-21.938,6.4));
#2816 = ORIENTED_EDGE('',*,*,#928,.F.);
#2817 = ORIENTED_EDGE('',*,*,#2774,.F.);
#2818 = ORIENTED_EDGE('',*,*,#2797,.F.);
#2819 = ORIENTED_EDGE('',*,*,#983,.F.);
#2820 = ORIENTED_EDGE('',*,*,#2810,.T.);
#2821 = ORIENTED_EDGE('',*,*,#2822,.F.);
#2822 = EDGE_CURVE('',#2811,#2811,#2823,.T.);
#2823 = CIRCLE('',#2824,3.5);
#2824 = AXIS2_PLACEMENT_3D('',#2825,#2826,#2827);
#2825 = CARTESIAN_POINT('',(-30.437344,-21.938,6.4));
#2826 = DIRECTION('',(0.,-1.224646799147E-16,-1.));
#2827 = DIRECTION('',(1.,0.,0.));
#2828 = B_SPLINE_SURFACE_WITH_KNOTS('',14,1,(
    (#2829,#2830)
    ,(#2831,#2832)
    ,(#2833,#2834)
    ,(#2835,#2836)
    ,(#2837,#2838)
    ,(#2839,#2840)
    ,(#2841,#2842)
    ,(#2843,#2844)
    ,(#2845,#2846)
    ,(#2847,#2848)
    ,(#2849,#2850)
    ,(#2851,#2852)
    ,(#2853,#2854)
    ,(#2855,#2856)
    ,(#2857,#2858
    )),.UNSPECIFIED.,.T.,.F.,.F.,(15,15),(2,2),(0.,6.28318530718),(0.,1.
    ),.PIECEWISE_BEZIER_KNOTS.);
#2829 = CARTESIAN_POINT('',(-9.437344,-21.938,18.6));
#2830 = CARTESIAN_POINT('',(-26.937344,-21.938,6.4));
#2831 = CARTESIAN_POINT('',(-9.437343999998,-25.97719055461,
    18.600000000001));
#2832 = CARTESIAN_POINT('',(-26.93734399999,-23.50879632679,6.4));
#2833 = CARTESIAN_POINT('',(-11.3895732508,-30.01638260018,
    18.599999999998));
#2834 = CARTESIAN_POINT('',(-27.6965485045,-25.07959323343,
    6.400000000001));
#2835 = CARTESIAN_POINT('',(-15.29403424809,-33.03337411915,18.6));
#2836 = CARTESIAN_POINT('',(-29.21491608105,-26.25286771294,
    6.399999999998));
#2837 = CARTESIAN_POINT('',(-20.5668395327,-34.00607836246,
    18.60000000001));
#2838 = CARTESIAN_POINT('',(-31.26558638812,-26.63114158548,
    6.400000000003));
#2839 = CARTESIAN_POINT('',(-26.04032494352,-32.27879174901,
    18.599999999968));
#2840 = CARTESIAN_POINT('',(-33.39381827075,-25.95941901342,
    6.399999999997));
#2841 = CARTESIAN_POINT('',(-30.21871931509,-27.93096720751,
    18.600000000062));
#2842 = CARTESIAN_POINT('',(-35.01937582309,-24.26859835851,
    6.400000000001));
#2843 = CARTESIAN_POINT('',(-31.79180141822,-21.93799999993,
    18.599999999916));
#2844 = CARTESIAN_POINT('',(-35.63029392867,-21.938,6.400000000001));
#2845 = CARTESIAN_POINT('',(-30.21871931513,-15.9450327926,
    18.600000000087));
#2846 = CARTESIAN_POINT('',(-35.01937582308,-19.60740164147,
    6.399999999998));
#2847 = CARTESIAN_POINT('',(-26.04032494346,-11.59720825091,
    18.59999999993));
#2848 = CARTESIAN_POINT('',(-33.39381827076,-17.91658098656,
    6.400000000001));
#2849 = CARTESIAN_POINT('',(-20.56683953275,-9.869921637566,
    18.600000000044));
#2850 = CARTESIAN_POINT('',(-31.26558638811,-17.24485841453,6.4));
#2851 = CARTESIAN_POINT('',(-15.29403424806,-10.84262588084,
    18.599999999978));
#2852 = CARTESIAN_POINT('',(-29.21491608105,-17.62313228703,6.4));
#2853 = CARTESIAN_POINT('',(-11.38957325081,-13.85961739981,
    18.600000000008));
#2854 = CARTESIAN_POINT('',(-27.6965485045,-18.79640676657,6.4));
#2855 = CARTESIAN_POINT('',(-9.437343999994,-17.89880944538,
    18.599999999998));
#2856 = CARTESIAN_POINT('',(-26.93734399999,-20.3672036732,6.4));
#2857 = CARTESIAN_POINT('',(-9.437344,-21.938,18.6));
#2858 = CARTESIAN_POINT('',(-26.937344,-21.938,6.4));
#2859 = ADVANCED_FACE('',(#2860),#2879,.T.);
#2860 = FACE_BOUND('',#2861,.T.);
#2861 = EDGE_LOOP('',(#2862,#2863,#2871,#2877,#2878));
#2862 = ORIENTED_EDGE('',*,*,#2653,.F.);
#2863 = ORIENTED_EDGE('',*,*,#2864,.T.);
#2864 = EDGE_CURVE('',#2646,#2865,#2867,.T.);
#2865 = VERTEX_POINT('',#2866);
#2866 = CARTESIAN_POINT('',(16.977436086042,32.287358,6.415714221643));
#2867 = LINE('',#2868,#2869);
#2868 = CARTESIAN_POINT('',(-3.977380064377,32.287358,4.84398949869));
#2869 = VECTOR('',#2870,1.);
#2870 = DIRECTION('',(0.997198907005,9.15978490147E-18,
    7.479531982484E-02));
#2871 = ORIENTED_EDGE('',*,*,#2872,.T.);
#2872 = EDGE_CURVE('',#2865,#1096,#2873,.T.);
#2873 = LINE('',#2874,#2875);
#2874 = CARTESIAN_POINT('',(16.732985703175,30.72069490264,
    6.415714221643));
#2875 = VECTOR('',#2876,1.);
#2876 = DIRECTION('',(0.15416711283,0.988044787103,-2.804846455882E-16)
  );
#2877 = ORIENTED_EDGE('',*,*,#1095,.F.);
#2878 = ORIENTED_EDGE('',*,*,#1069,.F.);
#2879 = PLANE('',#2880);
#2880 = AXIS2_PLACEMENT_3D('',#2881,#2882,#2883);
#2881 = CARTESIAN_POINT('',(16.732985703175,30.72069490264,
    6.415714221643));
#2882 = DIRECTION('',(-7.479022676088E-02,1.166970716118E-02,
    0.99713100439));
#2883 = DIRECTION('',(-0.985210090946,0.15372480806,-7.569517873796E-02)
  );
#2884 = ADVANCED_FACE('',(#2885),#2896,.T.);
#2885 = FACE_BOUND('',#2886,.T.);
#2886 = EDGE_LOOP('',(#2887,#2893,#2894,#2895));
#2887 = ORIENTED_EDGE('',*,*,#2888,.T.);
#2888 = EDGE_CURVE('',#2865,#2243,#2889,.T.);
#2889 = LINE('',#2890,#2891);
#2890 = CARTESIAN_POINT('',(16.977436086042,32.287358,12.046198549417));
#2891 = VECTOR('',#2892,1.);
#2892 = DIRECTION('',(3.830290439994E-16,1.224646799147E-16,1.));
#2893 = ORIENTED_EDGE('',*,*,#2250,.F.);
#2894 = ORIENTED_EDGE('',*,*,#1103,.F.);
#2895 = ORIENTED_EDGE('',*,*,#2872,.F.);
#2896 = PLANE('',#2897);
#2897 = AXIS2_PLACEMENT_3D('',#2898,#2899,#2900);
#2898 = CARTESIAN_POINT('',(16.732985703175,30.72069490264,
    17.492397098834));
#2899 = DIRECTION('',(-0.988044787103,0.15416711283,3.595698241066E-16)
  );
#2900 = DIRECTION('',(-3.899546043964E-16,-1.668500466925E-16,-1.));
#2901 = ADVANCED_FACE('',(#2902),#2913,.T.);
#2902 = FACE_BOUND('',#2903,.T.);
#2903 = EDGE_LOOP('',(#2904,#2905,#2906,#2912));
#2904 = ORIENTED_EDGE('',*,*,#2170,.F.);
#2905 = ORIENTED_EDGE('',*,*,#1136,.T.);
#2906 = ORIENTED_EDGE('',*,*,#2907,.T.);
#2907 = EDGE_CURVE('',#1129,#2140,#2908,.T.);
#2908 = LINE('',#2909,#2910);
#2909 = CARTESIAN_POINT('',(-37.737344,-54.,-10.176499));
#2910 = VECTOR('',#2911,1.);
#2911 = DIRECTION('',(-2.22044604925E-16,1.224646799147E-16,1.));
#2912 = ORIENTED_EDGE('',*,*,#2147,.F.);
#2913 = PLANE('',#2914);
#2914 = AXIS2_PLACEMENT_3D('',#2915,#2916,#2917);
#2915 = CARTESIAN_POINT('',(-41.737344,-54.,-10.176499));
#2916 = DIRECTION('',(0.,-1.,1.224646799147E-16));
#2917 = DIRECTION('',(1.,2.719262146894E-32,2.22044604925E-16));
#2918 = ADVANCED_FACE('',(#2919),#2925,.T.);
#2919 = FACE_BOUND('',#2920,.T.);
#2920 = EDGE_LOOP('',(#2921,#2922,#2923,#2924));
#2921 = ORIENTED_EDGE('',*,*,#2907,.F.);
#2922 = ORIENTED_EDGE('',*,*,#1128,.T.);
#2923 = ORIENTED_EDGE('',*,*,#1206,.T.);
#2924 = ORIENTED_EDGE('',*,*,#2139,.F.);
#2925 = PLANE('',#2926);
#2926 = AXIS2_PLACEMENT_3D('',#2927,#2928,#2929);
#2927 = CARTESIAN_POINT('',(-37.737344,54.,-10.176499));
#2928 = DIRECTION('',(1.,2.719262146894E-32,2.22044604925E-16));
#2929 = DIRECTION('',(-2.22044604925E-16,1.224646799147E-16,1.));
#2930 = ADVANCED_FACE('',(#2931),#2942,.F.);
#2931 = FACE_BOUND('',#2932,.F.);
#2932 = EDGE_LOOP('',(#2933,#2934,#2940,#2941));
#2933 = ORIENTED_EDGE('',*,*,#2187,.F.);
#2934 = ORIENTED_EDGE('',*,*,#2935,.T.);
#2935 = EDGE_CURVE('',#2188,#1183,#2936,.T.);
#2936 = LINE('',#2937,#2938);
#2937 = CARTESIAN_POINT('',(-34.82424844534,-38.82402434426,
    2.454544923776));
#2938 = VECTOR('',#2939,1.);
#2939 = DIRECTION('',(0.146996956967,-0.989136944332,1.864141017491E-16)
  );
#2940 = ORIENTED_EDGE('',*,*,#1190,.F.);
#2941 = ORIENTED_EDGE('',*,*,#2132,.F.);
#2942 = PLANE('',#2943);
#2943 = AXIS2_PLACEMENT_3D('',#2944,#2945,#2946);
#2944 = CARTESIAN_POINT('',(-34.82424844534,-38.82402434426,
    2.454544923776));
#2945 = DIRECTION('',(-0.989136944332,-0.146996956967,
    -2.016305867376E-16));
#2946 = DIRECTION('',(-2.268425681423E-16,1.547499923027E-16,1.));
#2947 = ADVANCED_FACE('',(#2948),#2967,.F.);
#2948 = FACE_BOUND('',#2949,.F.);
#2949 = EDGE_LOOP('',(#2950,#2951,#2959,#2965,#2966));
#2950 = ORIENTED_EDGE('',*,*,#2195,.F.);
#2951 = ORIENTED_EDGE('',*,*,#2952,.T.);
#2952 = EDGE_CURVE('',#2196,#2953,#2955,.T.);
#2953 = VERTEX_POINT('',#2954);
#2954 = CARTESIAN_POINT('',(16.96559686329,-32.787358,6.41509376678));
#2955 = LINE('',#2956,#2957);
#2956 = CARTESIAN_POINT('',(20.815988528867,-32.787358,6.704532815526));
#2957 = VECTOR('',#2958,1.);
#2958 = DIRECTION('',(0.997186553758,9.179932314382E-18,
    7.495983593615E-02));
#2959 = ORIENTED_EDGE('',*,*,#2960,.T.);
#2960 = EDGE_CURVE('',#2953,#1175,#2961,.T.);
#2961 = LINE('',#2962,#2963);
#2962 = CARTESIAN_POINT('',(16.724248445343,-31.16333365573,
    6.41509376678));
#2963 = VECTOR('',#2964,1.);
#2964 = DIRECTION('',(0.146996956967,-0.989136944332,1.864141017491E-16)
  );
#2965 = ORIENTED_EDGE('',*,*,#1182,.F.);
#2966 = ORIENTED_EDGE('',*,*,#2935,.F.);
#2967 = PLANE('',#2968);
#2968 = AXIS2_PLACEMENT_3D('',#2969,#2970,#2971);
#2969 = CARTESIAN_POINT('',(16.724248445343,-31.16333365573,
    6.41509376678));
#2970 = DIRECTION('',(7.495518522561E-02,1.113918977566E-02,
    -0.997124685613));
#2971 = DIRECTION('',(-0.986292864645,-0.146574294501,-7.5778369876E-02)
  );
#2972 = ADVANCED_FACE('',(#2973),#2984,.T.);
#2973 = FACE_BOUND('',#2974,.T.);
#2974 = EDGE_LOOP('',(#2975,#2976,#2982,#2983));
#2975 = ORIENTED_EDGE('',*,*,#2465,.F.);
#2976 = ORIENTED_EDGE('',*,*,#2977,.T.);
#2977 = EDGE_CURVE('',#2219,#2953,#2978,.T.);
#2978 = LINE('',#2979,#2980);
#2979 = CARTESIAN_POINT('',(16.96559686329,-32.787358,6.50754688339));
#2980 = VECTOR('',#2981,1.);
#2981 = DIRECTION('',(-3.830290439994E-16,-1.224646799147E-16,-1.));
#2982 = ORIENTED_EDGE('',*,*,#2960,.T.);
#2983 = ORIENTED_EDGE('',*,*,#1174,.F.);
#2984 = PLANE('',#2985);
#2985 = AXIS2_PLACEMENT_3D('',#2986,#2987,#2988);
#2986 = CARTESIAN_POINT('',(16.724248445343,-31.16333365573,
    6.41509376678));
#2987 = DIRECTION('',(-0.989136944332,-0.146996956967,3.968701134553E-16
    ));
#2988 = DIRECTION('',(3.651565856272E-16,2.427277739734E-16,1.));
#2989 = ADVANCED_FACE('',(#2990),#3008,.T.);
#2990 = FACE_BOUND('',#2991,.T.);
#2991 = EDGE_LOOP('',(#2992,#2999,#3000,#3001));
#2992 = ORIENTED_EDGE('',*,*,#2993,.F.);
#2993 = EDGE_CURVE('',#2366,#2994,#2996,.T.);
#2994 = VERTEX_POINT('',#2995);
#2995 = CARTESIAN_POINT('',(36.737344,-21.938,6.3));
#2996 = B_SPLINE_CURVE_WITH_KNOTS('',1,(#2997,#2998),.UNSPECIFIED.,.F.,
  .F.,(2,2),(0.,1.),.PIECEWISE_BEZIER_KNOTS.);
#2997 = CARTESIAN_POINT('',(30.237344,-21.938,18.6));
#2998 = CARTESIAN_POINT('',(36.737344,-21.938,6.3));
#2999 = ORIENTED_EDGE('',*,*,#2417,.F.);
#3000 = ORIENTED_EDGE('',*,*,#1289,.T.);
#3001 = ORIENTED_EDGE('',*,*,#3002,.F.);
#3002 = EDGE_CURVE('',#2994,#1281,#3003,.T.);
#3003 = CIRCLE('',#3004,6.3);
#3004 = AXIS2_PLACEMENT_3D('',#3005,#3006,#3007);
#3005 = CARTESIAN_POINT('',(30.437344,-21.938,6.3));
#3006 = DIRECTION('',(0.,-1.224646799147E-16,-1.));
#3007 = DIRECTION('',(1.,0.,0.));
#3008 = B_SPLINE_SURFACE_WITH_KNOTS('',14,1,(
    (#3009,#3010)
    ,(#3011,#3012)
    ,(#3013,#3014)
    ,(#3015,#3016)
    ,(#3017,#3018)
    ,(#3019,#3020)
    ,(#3021,#3022)
    ,(#3023,#3024)
    ,(#3025,#3026)
    ,(#3027,#3028)
    ,(#3029,#3030)
    ,(#3031,#3032)
    ,(#3033,#3034)
    ,(#3035,#3036)
    ,(#3037,#3038
    )),.UNSPECIFIED.,.T.,.F.,.F.,(15,15),(2,2),(0.,6.28318530718),(0.,1.
    ),.PIECEWISE_BEZIER_KNOTS.);
#3009 = CARTESIAN_POINT('',(30.237344,-21.938,18.6));
#3010 = CARTESIAN_POINT('',(36.737344,-21.938,6.3));
#3011 = CARTESIAN_POINT('',(30.237344000003,-27.23382761605,
    18.600000000001));
#3012 = CARTESIAN_POINT('',(36.737344000002,-24.76543338823,6.3));
#3013 = CARTESIAN_POINT('',(27.677754537836,-32.52965718691,
    18.599999999998));
#3014 = CARTESIAN_POINT('',(35.37078352444,-27.59286782012,6.3));
#3015 = CARTESIAN_POINT('',(22.558572341365,-36.48526828956,18.6));
#3016 = CARTESIAN_POINT('',(32.63766082631,-29.70476188341,
    6.299999999998));
#3017 = CARTESIAN_POINT('',(15.64533874608,-37.76059163077,
    18.60000000001));
#3018 = CARTESIAN_POINT('',(28.946697127187,-30.38565485371,
    6.300000000007));
#3019 = CARTESIAN_POINT('',(8.468991207224,-35.49592695983,
    18.599999999968));
#3020 = CARTESIAN_POINT('',(25.115257339351,-29.17655422432,
    6.299999999985));
#3021 = CARTESIAN_POINT('',(2.990651920479,-29.79544589427,
    18.600000000062));
#3022 = CARTESIAN_POINT('',(22.190381279747,-26.13307704525,
    6.300000000025));
#3023 = CARTESIAN_POINT('',(0.928166495749,-21.93799999993,
    18.599999999916));
#3024 = CARTESIAN_POINT('',(21.089223806832,-21.93799999994,
    6.299999999969));
#3025 = CARTESIAN_POINT('',(2.990651920513,-14.08055410583,
    18.600000000087));
#3026 = CARTESIAN_POINT('',(22.19038127982,-17.74292295483,
    6.300000000031));
#3027 = CARTESIAN_POINT('',(8.468991207172,-8.380073040101,
    18.59999999993));
#3028 = CARTESIAN_POINT('',(25.115257339241,-14.69944577562,
    6.299999999976));
#3029 = CARTESIAN_POINT('',(15.645338746127,-6.115408369245,
    18.600000000044));
#3030 = CARTESIAN_POINT('',(28.946697127285,-13.4903451463,
    6.300000000015));
#3031 = CARTESIAN_POINT('',(22.558572341336,-7.39073171044,
    18.599999999978));
#3032 = CARTESIAN_POINT('',(32.637660826249,-14.17123811658,
    6.299999999993));
#3033 = CARTESIAN_POINT('',(27.677754537848,-11.34634281308,
    18.600000000008));
#3034 = CARTESIAN_POINT('',(35.370783524465,-16.28313217987,
    6.300000000003));
#3035 = CARTESIAN_POINT('',(30.237344,-16.64217238394,18.599999999998));
#3036 = CARTESIAN_POINT('',(36.737343999996,-19.11056661176,
    6.299999999999));
#3037 = CARTESIAN_POINT('',(30.237344,-21.938,18.6));
#3038 = CARTESIAN_POINT('',(36.737344,-21.938,6.3));
#3039 = ADVANCED_FACE('',(#3040),#3085,.T.);
#3040 = FACE_BOUND('',#3041,.T.);
#3041 = EDGE_LOOP('',(#3042,#3049,#3050,#3051,#3060,#3069,#3078));
#3042 = ORIENTED_EDGE('',*,*,#3043,.F.);
#3043 = EDGE_CURVE('',#2994,#3044,#3046,.T.);
#3044 = VERTEX_POINT('',#3045);
#3045 = CARTESIAN_POINT('',(34.937344,-21.938,4.5));
#3046 = B_SPLINE_CURVE_WITH_KNOTS('',1,(#3047,#3048),.UNSPECIFIED.,.F.,
  .F.,(2,2),(0.,1.),.PIECEWISE_BEZIER_KNOTS.);
#3047 = CARTESIAN_POINT('',(36.737344,-21.938,6.3));
#3048 = CARTESIAN_POINT('',(34.937344,-21.938,4.5));
#3049 = ORIENTED_EDGE('',*,*,#3002,.T.);
#3050 = ORIENTED_EDGE('',*,*,#1280,.F.);
#3051 = ORIENTED_EDGE('',*,*,#3052,.F.);
#3052 = EDGE_CURVE('',#3053,#1273,#3055,.T.);
#3053 = VERTEX_POINT('',#3054);
#3054 = CARTESIAN_POINT('',(27.533055134118,-25.487358,4.586157));
#3055 = CIRCLE('',#3056,4.586157);
#3056 = AXIS2_PLACEMENT_3D('',#3057,#3058,#3059);
#3057 = CARTESIAN_POINT('',(30.437344,-21.938,4.586157));
#3058 = DIRECTION('',(0.,-1.224646799147E-16,-1.));
#3059 = DIRECTION('',(1.,0.,0.));
#3060 = ORIENTED_EDGE('',*,*,#3061,.F.);
#3061 = EDGE_CURVE('',#3062,#3053,#3064,.T.);
#3062 = VERTEX_POINT('',#3063);
#3063 = CARTESIAN_POINT('',(27.537344,-25.487358,4.583442179428));
#3064 = HYPERBOLA('',#3065,3.549358,3.549358);
#3065 = AXIS2_PLACEMENT_3D('',#3066,#3067,#3068);
#3066 = CARTESIAN_POINT('',(30.437344,-25.487358,3.552713678801E-15));
#3067 = DIRECTION('',(0.,-1.,1.224646799147E-16));
#3068 = DIRECTION('',(0.,1.224646799147E-16,1.));
#3069 = ORIENTED_EDGE('',*,*,#3070,.F.);
#3070 = EDGE_CURVE('',#3071,#3062,#3073,.T.);
#3071 = VERTEX_POINT('',#3072);
#3072 = CARTESIAN_POINT('',(27.537344,-25.37893010681,4.5));
#3073 = HYPERBOLA('',#3074,2.9,2.9);
#3074 = AXIS2_PLACEMENT_3D('',#3075,#3076,#3077);
#3075 = CARTESIAN_POINT('',(27.537344,-21.938,0.));
#3076 = DIRECTION('',(1.,0.,-0.));
#3077 = DIRECTION('',(0.,1.224646799147E-16,1.));
#3078 = ORIENTED_EDGE('',*,*,#3079,.F.);
#3079 = EDGE_CURVE('',#3044,#3071,#3080,.T.);
#3080 = CIRCLE('',#3081,4.5);
#3081 = AXIS2_PLACEMENT_3D('',#3082,#3083,#3084);
#3082 = CARTESIAN_POINT('',(30.437344,-21.938,4.5));
#3083 = DIRECTION('',(0.,-1.224646799147E-16,-1.));
#3084 = DIRECTION('',(1.,0.,0.));
#3085 = CONICAL_SURFACE('',#3086,6.3,0.785398163397);
#3086 = AXIS2_PLACEMENT_3D('',#3087,#3088,#3089);
#3087 = CARTESIAN_POINT('',(30.437344,-21.938,6.3));
#3088 = DIRECTION('',(-0.,1.224646799147E-16,1.));
#3089 = DIRECTION('',(1.,0.,0.));
#3090 = ADVANCED_FACE('',(#3091),#3101,.F.);
#3091 = FACE_BOUND('',#3092,.F.);
#3092 = EDGE_LOOP('',(#3093,#3099,#3100));
#3093 = ORIENTED_EDGE('',*,*,#3094,.F.);
#3094 = EDGE_CURVE('',#1265,#3053,#3095,.T.);
#3095 = LINE('',#3096,#3097);
#3096 = CARTESIAN_POINT('',(21.437344,-25.487358,4.586157));
#3097 = VECTOR('',#3098,1.);
#3098 = DIRECTION('',(1.,0.,0.));
#3099 = ORIENTED_EDGE('',*,*,#1272,.T.);
#3100 = ORIENTED_EDGE('',*,*,#3052,.F.);
#3101 = PLANE('',#3102);
#3102 = AXIS2_PLACEMENT_3D('',#3103,#3104,#3105);
#3103 = CARTESIAN_POINT('',(21.437344,25.487358,4.586157));
#3104 = DIRECTION('',(0.,-1.224646799147E-16,-1.));
#3105 = DIRECTION('',(1.,0.,0.));
#3106 = ADVANCED_FACE('',(#3107),#3126,.T.);
#3107 = FACE_BOUND('',#3108,.T.);
#3108 = EDGE_LOOP('',(#3109,#3110,#3111,#3119,#3125));
#3109 = ORIENTED_EDGE('',*,*,#3094,.F.);
#3110 = ORIENTED_EDGE('',*,*,#1264,.T.);
#3111 = ORIENTED_EDGE('',*,*,#3112,.T.);
#3112 = EDGE_CURVE('',#1257,#3113,#3115,.T.);
#3113 = VERTEX_POINT('',#3114);
#3114 = CARTESIAN_POINT('',(27.537344,-25.487358,2.586157));
#3115 = LINE('',#3116,#3117);
#3116 = CARTESIAN_POINT('',(21.437344,-25.487358,2.586157));
#3117 = VECTOR('',#3118,1.);
#3118 = DIRECTION('',(1.,0.,0.));
#3119 = ORIENTED_EDGE('',*,*,#3120,.F.);
#3120 = EDGE_CURVE('',#3062,#3113,#3121,.T.);
#3121 = LINE('',#3122,#3123);
#3122 = CARTESIAN_POINT('',(27.537344,-25.487358,4.586157));
#3123 = VECTOR('',#3124,1.);
#3124 = DIRECTION('',(0.,-1.224646799147E-16,-1.));
#3125 = ORIENTED_EDGE('',*,*,#3061,.T.);
#3126 = PLANE('',#3127);
#3127 = AXIS2_PLACEMENT_3D('',#3128,#3129,#3130);
#3128 = CARTESIAN_POINT('',(21.437344,-25.487358,4.586157));
#3129 = DIRECTION('',(0.,-1.,1.224646799147E-16));
#3130 = DIRECTION('',(0.,-1.224646799147E-16,-1.));
#3131 = ADVANCED_FACE('',(#3132),#3150,.T.);
#3132 = FACE_BOUND('',#3133,.T.);
#3133 = EDGE_LOOP('',(#3134,#3135,#3136,#3144));
#3134 = ORIENTED_EDGE('',*,*,#3112,.F.);
#3135 = ORIENTED_EDGE('',*,*,#1256,.T.);
#3136 = ORIENTED_EDGE('',*,*,#3137,.T.);
#3137 = EDGE_CURVE('',#563,#3138,#3140,.T.);
#3138 = VERTEX_POINT('',#3139);
#3139 = CARTESIAN_POINT('',(27.537344,-25.487358,0.));
#3140 = LINE('',#3141,#3142);
#3141 = CARTESIAN_POINT('',(22.537344,-25.487358,3.10862446895E-15));
#3142 = VECTOR('',#3143,1.);
#3143 = DIRECTION('',(1.,0.,0.));
#3144 = ORIENTED_EDGE('',*,*,#3145,.F.);
#3145 = EDGE_CURVE('',#3113,#3138,#3146,.T.);
#3146 = LINE('',#3147,#3148);
#3147 = CARTESIAN_POINT('',(27.537344,-25.487358,4.586157));
#3148 = VECTOR('',#3149,1.);
#3149 = DIRECTION('',(0.,-1.224646799147E-16,-1.));
#3150 = PLANE('',#3151);
#3151 = AXIS2_PLACEMENT_3D('',#3152,#3153,#3154);
#3152 = CARTESIAN_POINT('',(22.537344,-25.487358,4.586157));
#3153 = DIRECTION('',(0.,-1.,1.224646799147E-16));
#3154 = DIRECTION('',(0.,-1.224646799147E-16,-1.));
#3155 = ADVANCED_FACE('',(#3156),#3181,.T.);
#3156 = FACE_BOUND('',#3157,.T.);
#3157 = EDGE_LOOP('',(#3158,#3168,#3174,#3175));
#3158 = ORIENTED_EDGE('',*,*,#3159,.F.);
#3159 = EDGE_CURVE('',#3160,#3162,#3164,.T.);
#3160 = VERTEX_POINT('',#3161);
#3161 = CARTESIAN_POINT('',(22.537344,25.487358,-3.552713678801E-15));
#3162 = VERTEX_POINT('',#3163);
#3163 = CARTESIAN_POINT('',(22.537344,14.161016,0.));
#3164 = LINE('',#3165,#3166);
#3165 = CARTESIAN_POINT('',(22.537344,25.487358,-3.10862446895E-15));
#3166 = VECTOR('',#3167,1.);
#3167 = DIRECTION('',(0.,-1.,1.224646799147E-16));
#3168 = ORIENTED_EDGE('',*,*,#3169,.T.);
#3169 = EDGE_CURVE('',#3160,#265,#3170,.T.);
#3170 = LINE('',#3171,#3172);
#3171 = CARTESIAN_POINT('',(22.537344,25.487358,-3.10862446895E-15));
#3172 = VECTOR('',#3173,1.);
#3173 = DIRECTION('',(1.,0.,0.));
#3174 = ORIENTED_EDGE('',*,*,#1366,.T.);
#3175 = ORIENTED_EDGE('',*,*,#3176,.T.);
#3176 = EDGE_CURVE('',#1359,#3162,#3177,.T.);
#3177 = LINE('',#3178,#3179);
#3178 = CARTESIAN_POINT('',(15.511938,14.161016,-1.7763568394E-15));
#3179 = VECTOR('',#3180,1.);
#3180 = DIRECTION('',(-1.,0.,-0.));
#3181 = PLANE('',#3182);
#3182 = AXIS2_PLACEMENT_3D('',#3183,#3184,#3185);
#3183 = CARTESIAN_POINT('',(22.537344,25.487358,-3.10862446895E-15));
#3184 = DIRECTION('',(0.,-1.224646799147E-16,-1.));
#3185 = DIRECTION('',(1.,0.,0.));
#3186 = ADVANCED_FACE('',(#3187),#3212,.F.);
#3187 = FACE_BOUND('',#3188,.F.);
#3188 = EDGE_LOOP('',(#3189,#3190,#3198,#3206));
#3189 = ORIENTED_EDGE('',*,*,#1358,.F.);
#3190 = ORIENTED_EDGE('',*,*,#3191,.F.);
#3191 = EDGE_CURVE('',#3192,#1359,#3194,.T.);
#3192 = VERTEX_POINT('',#3193);
#3193 = CARTESIAN_POINT('',(24.637344,14.161016,2.586157));
#3194 = LINE('',#3195,#3196);
#3195 = CARTESIAN_POINT('',(24.637344,14.161016,6.61));
#3196 = VECTOR('',#3197,1.);
#3197 = DIRECTION('',(0.,-1.224646799147E-16,-1.));
#3198 = ORIENTED_EDGE('',*,*,#3199,.T.);
#3199 = EDGE_CURVE('',#3192,#3200,#3202,.T.);
#3200 = VERTEX_POINT('',#3201);
#3201 = CARTESIAN_POINT('',(24.637344,-0.438984,2.586157));
#3202 = LINE('',#3203,#3204);
#3203 = CARTESIAN_POINT('',(24.637344,19.824187,2.586157));
#3204 = VECTOR('',#3205,1.);
#3205 = DIRECTION('',(0.,-1.,1.224646799147E-16));
#3206 = ORIENTED_EDGE('',*,*,#3207,.T.);
#3207 = EDGE_CURVE('',#3200,#1351,#3208,.T.);
#3208 = LINE('',#3209,#3210);
#3209 = CARTESIAN_POINT('',(24.637344,-0.438984,6.61));
#3210 = VECTOR('',#3211,1.);
#3211 = DIRECTION('',(0.,-1.224646799147E-16,-1.));
#3212 = PLANE('',#3213);
#3213 = AXIS2_PLACEMENT_3D('',#3214,#3215,#3216);
#3214 = CARTESIAN_POINT('',(24.637344,29.487358,6.7));
#3215 = DIRECTION('',(1.,0.,0.));
#3216 = DIRECTION('',(0.,-1.224646799147E-16,-1.));
#3217 = ADVANCED_FACE('',(#3218),#3243,.T.);
#3218 = FACE_BOUND('',#3219,.T.);
#3219 = EDGE_LOOP('',(#3220,#3228,#3229,#3237));
#3220 = ORIENTED_EDGE('',*,*,#3221,.F.);
#3221 = EDGE_CURVE('',#1351,#3222,#3224,.T.);
#3222 = VERTEX_POINT('',#3223);
#3223 = CARTESIAN_POINT('',(22.537344,-0.438984,0.));
#3224 = LINE('',#3225,#3226);
#3225 = CARTESIAN_POINT('',(15.511938,-0.438984,0.));
#3226 = VECTOR('',#3227,1.);
#3227 = DIRECTION('',(-1.,0.,-0.));
#3228 = ORIENTED_EDGE('',*,*,#1350,.T.);
#3229 = ORIENTED_EDGE('',*,*,#3230,.F.);
#3230 = EDGE_CURVE('',#3231,#555,#3233,.T.);
#3231 = VERTEX_POINT('',#3232);
#3232 = CARTESIAN_POINT('',(22.537344,-25.487358,3.552713678801E-15));
#3233 = LINE('',#3234,#3235);
#3234 = CARTESIAN_POINT('',(22.537344,-25.487358,3.10862446895E-15));
#3235 = VECTOR('',#3236,1.);
#3236 = DIRECTION('',(1.,0.,0.));
#3237 = ORIENTED_EDGE('',*,*,#3238,.F.);
#3238 = EDGE_CURVE('',#3222,#3231,#3239,.T.);
#3239 = LINE('',#3240,#3241);
#3240 = CARTESIAN_POINT('',(22.537344,25.487358,-3.10862446895E-15));
#3241 = VECTOR('',#3242,1.);
#3242 = DIRECTION('',(0.,-1.,1.224646799147E-16));
#3243 = PLANE('',#3244);
#3244 = AXIS2_PLACEMENT_3D('',#3245,#3246,#3247);
#3245 = CARTESIAN_POINT('',(22.537344,25.487358,-3.10862446895E-15));
#3246 = DIRECTION('',(0.,-1.224646799147E-16,-1.));
#3247 = DIRECTION('',(1.,0.,0.));
#3248 = ADVANCED_FACE('',(#3249),#3268,.T.);
#3249 = FACE_BOUND('',#3250,.T.);
#3250 = EDGE_LOOP('',(#3251,#3252,#3253,#3262));
#3251 = ORIENTED_EDGE('',*,*,#3137,.F.);
#3252 = ORIENTED_EDGE('',*,*,#1343,.T.);
#3253 = ORIENTED_EDGE('',*,*,#3254,.F.);
#3254 = EDGE_CURVE('',#3255,#1335,#3257,.T.);
#3255 = VERTEX_POINT('',#3256);
#3256 = CARTESIAN_POINT('',(27.537344,-25.37893010681,0.));
#3257 = CIRCLE('',#3258,4.5);
#3258 = AXIS2_PLACEMENT_3D('',#3259,#3260,#3261);
#3259 = CARTESIAN_POINT('',(30.437344,-21.938,2.6645352591E-15));
#3260 = DIRECTION('',(0.,-1.224646799147E-16,-1.));
#3261 = DIRECTION('',(1.,0.,0.));
#3262 = ORIENTED_EDGE('',*,*,#3263,.T.);
#3263 = EDGE_CURVE('',#3255,#3138,#3264,.T.);
#3264 = LINE('',#3265,#3266);
#3265 = CARTESIAN_POINT('',(27.537344,25.487358,-3.10862446895E-15));
#3266 = VECTOR('',#3267,1.);
#3267 = DIRECTION('',(0.,-1.,1.224646799147E-16));
#3268 = PLANE('',#3269);
#3269 = AXIS2_PLACEMENT_3D('',#3270,#3271,#3272);
#3270 = CARTESIAN_POINT('',(22.537344,25.487358,-3.10862446895E-15));
#3271 = DIRECTION('',(0.,-1.224646799147E-16,-1.));
#3272 = DIRECTION('',(1.,0.,0.));
#3273 = ADVANCED_FACE('',(#3274),#3283,.T.);
#3274 = FACE_BOUND('',#3275,.T.);
#3275 = EDGE_LOOP('',(#3276,#3282));
#3276 = ORIENTED_EDGE('',*,*,#3277,.F.);
#3277 = EDGE_CURVE('',#1335,#1327,#3278,.T.);
#3278 = LINE('',#3279,#3280);
#3279 = CARTESIAN_POINT('',(27.437344,249.875,-3.552713678801E-14));
#3280 = VECTOR('',#3281,1.);
#3281 = DIRECTION('',(0.,1.,-1.224646799147E-16));
#3282 = ORIENTED_EDGE('',*,*,#1334,.T.);
#3283 = PLANE('',#3284);
#3284 = AXIS2_PLACEMENT_3D('',#3285,#3286,#3287);
#3285 = CARTESIAN_POINT('',(-500.,500.,-6.128431095931E-14));
#3286 = DIRECTION('',(0.,-1.224646799147E-16,-1.));
#3287 = DIRECTION('',(1.,0.,0.));
#3288 = ADVANCED_FACE('',(#3289),#3316,.T.);
#3289 = FACE_BOUND('',#3290,.T.);
#3290 = EDGE_LOOP('',(#3291,#3292,#3301,#3309));
#3291 = ORIENTED_EDGE('',*,*,#1326,.T.);
#3292 = ORIENTED_EDGE('',*,*,#3293,.F.);
#3293 = EDGE_CURVE('',#3294,#1318,#3296,.T.);
#3294 = VERTEX_POINT('',#3295);
#3295 = CARTESIAN_POINT('',(27.537344,16.621069893183,
    -7.105427357601E-15));
#3296 = CIRCLE('',#3297,4.5);
#3297 = AXIS2_PLACEMENT_3D('',#3298,#3299,#3300);
#3298 = CARTESIAN_POINT('',(30.437344,20.062,-2.6645352591E-15));
#3299 = DIRECTION('',(0.,-1.224646799147E-16,-1.));
#3300 = DIRECTION('',(1.,0.,0.));
#3301 = ORIENTED_EDGE('',*,*,#3302,.T.);
#3302 = EDGE_CURVE('',#3294,#3303,#3305,.T.);
#3303 = VERTEX_POINT('',#3304);
#3304 = CARTESIAN_POINT('',(27.537344,-18.49706989318,0.));
#3305 = LINE('',#3306,#3307);
#3306 = CARTESIAN_POINT('',(27.537344,25.487358,-3.10862446895E-15));
#3307 = VECTOR('',#3308,1.);
#3308 = DIRECTION('',(0.,-1.,1.224646799147E-16));
#3309 = ORIENTED_EDGE('',*,*,#3310,.F.);
#3310 = EDGE_CURVE('',#1327,#3303,#3311,.T.);
#3311 = CIRCLE('',#3312,4.5);
#3312 = AXIS2_PLACEMENT_3D('',#3313,#3314,#3315);
#3313 = CARTESIAN_POINT('',(30.437344,-21.938,2.6645352591E-15));
#3314 = DIRECTION('',(0.,-1.224646799147E-16,-1.));
#3315 = DIRECTION('',(1.,0.,0.));
#3316 = PLANE('',#3317);
#3317 = AXIS2_PLACEMENT_3D('',#3318,#3319,#3320);
#3318 = CARTESIAN_POINT('',(22.537344,25.487358,-3.10862446895E-15));
#3319 = DIRECTION('',(0.,-1.224646799147E-16,-1.));
#3320 = DIRECTION('',(1.,0.,0.));
#3321 = ADVANCED_FACE('',(#3322),#3331,.T.);
#3322 = FACE_BOUND('',#3323,.T.);
#3323 = EDGE_LOOP('',(#3324,#3325));
#3324 = ORIENTED_EDGE('',*,*,#1317,.T.);
#3325 = ORIENTED_EDGE('',*,*,#3326,.F.);
#3326 = EDGE_CURVE('',#1318,#1310,#3327,.T.);
#3327 = LINE('',#3328,#3329);
#3328 = CARTESIAN_POINT('',(27.437344,249.875,-3.552713678801E-14));
#3329 = VECTOR('',#3330,1.);
#3330 = DIRECTION('',(0.,1.,-1.224646799147E-16));
#3331 = PLANE('',#3332);
#3332 = AXIS2_PLACEMENT_3D('',#3333,#3334,#3335);
#3333 = CARTESIAN_POINT('',(-500.,500.,-6.128431095931E-14));
#3334 = DIRECTION('',(0.,-1.224646799147E-16,-1.));
#3335 = DIRECTION('',(1.,0.,0.));
#3336 = ADVANCED_FACE('',(#3337),#3363,.T.);
#3337 = FACE_BOUND('',#3338,.T.);
#3338 = EDGE_LOOP('',(#3339,#3340,#3348,#3356));
#3339 = ORIENTED_EDGE('',*,*,#1309,.T.);
#3340 = ORIENTED_EDGE('',*,*,#3341,.T.);
#3341 = EDGE_CURVE('',#257,#3342,#3344,.T.);
#3342 = VERTEX_POINT('',#3343);
#3343 = CARTESIAN_POINT('',(27.537344,25.487358,-7.105427357601E-15));
#3344 = LINE('',#3345,#3346);
#3345 = CARTESIAN_POINT('',(22.537344,25.487358,-3.10862446895E-15));
#3346 = VECTOR('',#3347,1.);
#3347 = DIRECTION('',(1.,0.,0.));
#3348 = ORIENTED_EDGE('',*,*,#3349,.T.);
#3349 = EDGE_CURVE('',#3342,#3350,#3352,.T.);
#3350 = VERTEX_POINT('',#3351);
#3351 = CARTESIAN_POINT('',(27.537344,23.502930106817,
    -7.105427357601E-15));
#3352 = LINE('',#3353,#3354);
#3353 = CARTESIAN_POINT('',(27.537344,25.487358,-3.10862446895E-15));
#3354 = VECTOR('',#3355,1.);
#3355 = DIRECTION('',(0.,-1.,1.224646799147E-16));
#3356 = ORIENTED_EDGE('',*,*,#3357,.F.);
#3357 = EDGE_CURVE('',#1310,#3350,#3358,.T.);
#3358 = CIRCLE('',#3359,4.5);
#3359 = AXIS2_PLACEMENT_3D('',#3360,#3361,#3362);
#3360 = CARTESIAN_POINT('',(30.437344,20.062,-2.6645352591E-15));
#3361 = DIRECTION('',(0.,-1.224646799147E-16,-1.));
#3362 = DIRECTION('',(1.,0.,0.));
#3363 = PLANE('',#3364);
#3364 = AXIS2_PLACEMENT_3D('',#3365,#3366,#3367);
#3365 = CARTESIAN_POINT('',(22.537344,25.487358,-3.10862446895E-15));
#3366 = DIRECTION('',(0.,-1.224646799147E-16,-1.));
#3367 = DIRECTION('',(1.,0.,0.));
#3368 = ADVANCED_FACE('',(#3369),#3380,.F.);
#3369 = FACE_BOUND('',#3370,.F.);
#3370 = EDGE_LOOP('',(#3371,#3372,#3373,#3374));
#3371 = ORIENTED_EDGE('',*,*,#1978,.F.);
#3372 = ORIENTED_EDGE('',*,*,#2474,.F.);
#3373 = ORIENTED_EDGE('',*,*,#1380,.T.);
#3374 = ORIENTED_EDGE('',*,*,#3375,.F.);
#3375 = EDGE_CURVE('',#1979,#1383,#3376,.T.);
#3376 = LINE('',#3377,#3378);
#3377 = CARTESIAN_POINT('',(24.637344,19.824187,4.586157));
#3378 = VECTOR('',#3379,1.);
#3379 = DIRECTION('',(0.,-1.,1.224646799147E-16));
#3380 = PLANE('',#3381);
#3381 = AXIS2_PLACEMENT_3D('',#3382,#3383,#3384);
#3382 = CARTESIAN_POINT('',(24.637344,29.487358,6.7));
#3383 = DIRECTION('',(1.,0.,0.));
#3384 = DIRECTION('',(0.,-1.224646799147E-16,-1.));
#3385 = ADVANCED_FACE('',(#3386),#3411,.F.);
#3386 = FACE_BOUND('',#3387,.F.);
#3387 = EDGE_LOOP('',(#3388,#3396,#3397,#3405));
#3388 = ORIENTED_EDGE('',*,*,#3389,.F.);
#3389 = EDGE_CURVE('',#1383,#3390,#3392,.T.);
#3390 = VERTEX_POINT('',#3391);
#3391 = CARTESIAN_POINT('',(22.537344,-0.438984,4.586157));
#3392 = LINE('',#3393,#3394);
#3393 = CARTESIAN_POINT('',(14.961938,-0.438984,4.586157));
#3394 = VECTOR('',#3395,1.);
#3395 = DIRECTION('',(-1.,0.,-0.));
#3396 = ORIENTED_EDGE('',*,*,#1419,.F.);
#3397 = ORIENTED_EDGE('',*,*,#3398,.F.);
#3398 = EDGE_CURVE('',#3399,#1412,#3401,.T.);
#3399 = VERTEX_POINT('',#3400);
#3400 = CARTESIAN_POINT('',(22.537344,-25.487358,4.586157));
#3401 = LINE('',#3402,#3403);
#3402 = CARTESIAN_POINT('',(21.437344,-25.487358,4.586157));
#3403 = VECTOR('',#3404,1.);
#3404 = DIRECTION('',(1.,0.,0.));
#3405 = ORIENTED_EDGE('',*,*,#3406,.F.);
#3406 = EDGE_CURVE('',#3390,#3399,#3407,.T.);
#3407 = LINE('',#3408,#3409);
#3408 = CARTESIAN_POINT('',(22.537344,25.487358,4.586157));
#3409 = VECTOR('',#3410,1.);
#3410 = DIRECTION('',(0.,-1.,1.224646799147E-16));
#3411 = PLANE('',#3412);
#3412 = AXIS2_PLACEMENT_3D('',#3413,#3414,#3415);
#3413 = CARTESIAN_POINT('',(21.437344,25.487358,4.586157));
#3414 = DIRECTION('',(0.,-1.224646799147E-16,-1.));
#3415 = DIRECTION('',(1.,0.,0.));
#3416 = ADVANCED_FACE('',(#3417),#3435,.T.);
#3417 = FACE_BOUND('',#3418,.T.);
#3418 = EDGE_LOOP('',(#3419,#3420,#3428,#3434));
#3419 = ORIENTED_EDGE('',*,*,#3398,.F.);
#3420 = ORIENTED_EDGE('',*,*,#3421,.T.);
#3421 = EDGE_CURVE('',#3399,#3422,#3424,.T.);
#3422 = VERTEX_POINT('',#3423);
#3423 = CARTESIAN_POINT('',(22.537344,-25.487358,2.586157));
#3424 = LINE('',#3425,#3426);
#3425 = CARTESIAN_POINT('',(22.537344,-25.487358,4.586157));
#3426 = VECTOR('',#3427,1.);
#3427 = DIRECTION('',(0.,-1.224646799147E-16,-1.));
#3428 = ORIENTED_EDGE('',*,*,#3429,.T.);
#3429 = EDGE_CURVE('',#3422,#1404,#3430,.T.);
#3430 = LINE('',#3431,#3432);
#3431 = CARTESIAN_POINT('',(21.437344,-25.487358,2.586157));
#3432 = VECTOR('',#3433,1.);
#3433 = DIRECTION('',(1.,0.,0.));
#3434 = ORIENTED_EDGE('',*,*,#1411,.F.);
#3435 = PLANE('',#3436);
#3436 = AXIS2_PLACEMENT_3D('',#3437,#3438,#3439);
#3437 = CARTESIAN_POINT('',(21.437344,-25.487358,4.586157));
#3438 = DIRECTION('',(0.,-1.,1.224646799147E-16));
#3439 = DIRECTION('',(0.,-1.224646799147E-16,-1.));
#3440 = ADVANCED_FACE('',(#3441),#3452,.T.);
#3441 = FACE_BOUND('',#3442,.T.);
#3442 = EDGE_LOOP('',(#3443,#3444,#3450,#3451));
#3443 = ORIENTED_EDGE('',*,*,#3429,.F.);
#3444 = ORIENTED_EDGE('',*,*,#3445,.T.);
#3445 = EDGE_CURVE('',#3422,#3231,#3446,.T.);
#3446 = LINE('',#3447,#3448);
#3447 = CARTESIAN_POINT('',(22.537344,-25.487358,4.586157));
#3448 = VECTOR('',#3449,1.);
#3449 = DIRECTION('',(0.,-1.224646799147E-16,-1.));
#3450 = ORIENTED_EDGE('',*,*,#3230,.T.);
#3451 = ORIENTED_EDGE('',*,*,#1403,.F.);
#3452 = PLANE('',#3453);
#3453 = AXIS2_PLACEMENT_3D('',#3454,#3455,#3456);
#3454 = CARTESIAN_POINT('',(22.537344,-25.487358,4.586157));
#3455 = DIRECTION('',(0.,-1.,1.224646799147E-16));
#3456 = DIRECTION('',(0.,-1.224646799147E-16,-1.));
#3457 = ADVANCED_FACE('',(#3458),#3483,.T.);
#3458 = FACE_BOUND('',#3459,.T.);
#3459 = EDGE_LOOP('',(#3460,#3470,#3476,#3477));
#3460 = ORIENTED_EDGE('',*,*,#3461,.F.);
#3461 = EDGE_CURVE('',#3462,#3464,#3466,.T.);
#3462 = VERTEX_POINT('',#3463);
#3463 = CARTESIAN_POINT('',(19.237344,-28.787358,2.586157));
#3464 = VERTEX_POINT('',#3465);
#3465 = CARTESIAN_POINT('',(19.237344,-28.787358,3.552713678801E-15));
#3466 = LINE('',#3467,#3468);
#3467 = CARTESIAN_POINT('',(19.237344,-28.787358,4.586157));
#3468 = VECTOR('',#3469,1.);
#3469 = DIRECTION('',(0.,-1.224646799147E-16,-1.));
#3470 = ORIENTED_EDGE('',*,*,#3471,.T.);
#3471 = EDGE_CURVE('',#3462,#1506,#3472,.T.);
#3472 = LINE('',#3473,#3474);
#3473 = CARTESIAN_POINT('',(19.237344,-27.687358,2.586157));
#3474 = VECTOR('',#3475,1.);
#3475 = DIRECTION('',(0.,-1.,1.224646799147E-16));
#3476 = ORIENTED_EDGE('',*,*,#1513,.F.);
#3477 = ORIENTED_EDGE('',*,*,#3478,.F.);
#3478 = EDGE_CURVE('',#3464,#539,#3479,.T.);
#3479 = LINE('',#3480,#3481);
#3480 = CARTESIAN_POINT('',(19.237344,-28.787358,3.552713678801E-15));
#3481 = VECTOR('',#3482,1.);
#3482 = DIRECTION('',(0.,-1.,1.224646799147E-16));
#3483 = PLANE('',#3484);
#3484 = AXIS2_PLACEMENT_3D('',#3485,#3486,#3487);
#3485 = CARTESIAN_POINT('',(19.237344,-28.787358,4.586157));
#3486 = DIRECTION('',(1.,0.,0.));
#3487 = DIRECTION('',(0.,-1.224646799147E-16,-1.));
#3488 = ADVANCED_FACE('',(#3489),#3507,.T.);
#3489 = FACE_BOUND('',#3490,.T.);
#3490 = EDGE_LOOP('',(#3491,#3492,#3500,#3506));
#3491 = ORIENTED_EDGE('',*,*,#3471,.F.);
#3492 = ORIENTED_EDGE('',*,*,#3493,.F.);
#3493 = EDGE_CURVE('',#3494,#3462,#3496,.T.);
#3494 = VERTEX_POINT('',#3495);
#3495 = CARTESIAN_POINT('',(19.237344,-28.787358,4.586157));
#3496 = LINE('',#3497,#3498);
#3497 = CARTESIAN_POINT('',(19.237344,-28.787358,4.586157));
#3498 = VECTOR('',#3499,1.);
#3499 = DIRECTION('',(0.,-1.224646799147E-16,-1.));
#3500 = ORIENTED_EDGE('',*,*,#3501,.T.);
#3501 = EDGE_CURVE('',#3494,#1498,#3502,.T.);
#3502 = LINE('',#3503,#3504);
#3503 = CARTESIAN_POINT('',(19.237344,-27.687358,4.586157));
#3504 = VECTOR('',#3505,1.);
#3505 = DIRECTION('',(0.,-1.,1.224646799147E-16));
#3506 = ORIENTED_EDGE('',*,*,#1505,.F.);
#3507 = PLANE('',#3508);
#3508 = AXIS2_PLACEMENT_3D('',#3509,#3510,#3511);
#3509 = CARTESIAN_POINT('',(19.237344,-27.687358,4.586157));
#3510 = DIRECTION('',(1.,0.,0.));
#3511 = DIRECTION('',(0.,-1.224646799147E-16,-1.));
#3512 = ADVANCED_FACE('',(#3513),#3531,.F.);
#3513 = FACE_BOUND('',#3514,.F.);
#3514 = EDGE_LOOP('',(#3515,#3523,#3529,#3530));
#3515 = ORIENTED_EDGE('',*,*,#3516,.F.);
#3516 = EDGE_CURVE('',#3517,#1490,#3519,.T.);
#3517 = VERTEX_POINT('',#3518);
#3518 = CARTESIAN_POINT('',(-3.975,-28.787358,4.586157));
#3519 = LINE('',#3520,#3521);
#3520 = CARTESIAN_POINT('',(-3.975,-27.687358,4.586157));
#3521 = VECTOR('',#3522,1.);
#3522 = DIRECTION('',(0.,-1.,1.224646799147E-16));
#3523 = ORIENTED_EDGE('',*,*,#3524,.T.);
#3524 = EDGE_CURVE('',#3517,#3494,#3525,.T.);
#3525 = LINE('',#3526,#3527);
#3526 = CARTESIAN_POINT('',(-3.975,-28.787358,4.586157));
#3527 = VECTOR('',#3528,1.);
#3528 = DIRECTION('',(1.,0.,0.));
#3529 = ORIENTED_EDGE('',*,*,#3501,.T.);
#3530 = ORIENTED_EDGE('',*,*,#1497,.F.);
#3531 = PLANE('',#3532);
#3532 = AXIS2_PLACEMENT_3D('',#3533,#3534,#3535);
#3533 = CARTESIAN_POINT('',(-3.975,-27.687358,4.586157));
#3534 = DIRECTION('',(0.,-1.224646799147E-16,-1.));
#3535 = DIRECTION('',(1.,0.,0.));
#3536 = ADVANCED_FACE('',(#3537),#3555,.F.);
#3537 = FACE_BOUND('',#3538,.F.);
#3538 = EDGE_LOOP('',(#3539,#3547,#3553,#3554));
#3539 = ORIENTED_EDGE('',*,*,#3540,.F.);
#3540 = EDGE_CURVE('',#3541,#1482,#3543,.T.);
#3541 = VERTEX_POINT('',#3542);
#3542 = CARTESIAN_POINT('',(-3.975,-28.787358,2.586157));
#3543 = LINE('',#3544,#3545);
#3544 = CARTESIAN_POINT('',(-3.975,-27.687358,2.586157));
#3545 = VECTOR('',#3546,1.);
#3546 = DIRECTION('',(0.,-1.,1.224646799147E-16));
#3547 = ORIENTED_EDGE('',*,*,#3548,.F.);
#3548 = EDGE_CURVE('',#3517,#3541,#3549,.T.);
#3549 = LINE('',#3550,#3551);
#3550 = CARTESIAN_POINT('',(-3.975,-28.787358,4.586157));
#3551 = VECTOR('',#3552,1.);
#3552 = DIRECTION('',(0.,-1.224646799147E-16,-1.));
#3553 = ORIENTED_EDGE('',*,*,#3516,.T.);
#3554 = ORIENTED_EDGE('',*,*,#1489,.F.);
#3555 = PLANE('',#3556);
#3556 = AXIS2_PLACEMENT_3D('',#3557,#3558,#3559);
#3557 = CARTESIAN_POINT('',(-3.975,-27.687358,4.586157));
#3558 = DIRECTION('',(1.,0.,0.));
#3559 = DIRECTION('',(0.,-1.224646799147E-16,-1.));
#3560 = ADVANCED_FACE('',(#3561),#3579,.F.);
#3561 = FACE_BOUND('',#3562,.F.);
#3562 = EDGE_LOOP('',(#3563,#3571,#3572,#3573));
#3563 = ORIENTED_EDGE('',*,*,#3564,.F.);
#3564 = EDGE_CURVE('',#3541,#3565,#3567,.T.);
#3565 = VERTEX_POINT('',#3566);
#3566 = CARTESIAN_POINT('',(-3.975,-28.787358,0.));
#3567 = LINE('',#3568,#3569);
#3568 = CARTESIAN_POINT('',(-3.975,-28.787358,4.586157));
#3569 = VECTOR('',#3570,1.);
#3570 = DIRECTION('',(0.,-1.224646799147E-16,-1.));
#3571 = ORIENTED_EDGE('',*,*,#3540,.T.);
#3572 = ORIENTED_EDGE('',*,*,#1481,.F.);
#3573 = ORIENTED_EDGE('',*,*,#3574,.F.);
#3574 = EDGE_CURVE('',#3565,#515,#3575,.T.);
#3575 = LINE('',#3576,#3577);
#3576 = CARTESIAN_POINT('',(-3.975,-28.787358,3.552713678801E-15));
#3577 = VECTOR('',#3578,1.);
#3578 = DIRECTION('',(0.,-1.,1.224646799147E-16));
#3579 = PLANE('',#3580);
#3580 = AXIS2_PLACEMENT_3D('',#3581,#3582,#3583);
#3581 = CARTESIAN_POINT('',(-3.975,-28.787358,4.586157));
#3582 = DIRECTION('',(1.,0.,0.));
#3583 = DIRECTION('',(0.,-1.224646799147E-16,-1.));
#3584 = ADVANCED_FACE('',(#3585),#3610,.T.);
#3585 = FACE_BOUND('',#3586,.T.);
#3586 = EDGE_LOOP('',(#3587,#3597,#3603,#3604));
#3587 = ORIENTED_EDGE('',*,*,#3588,.F.);
#3588 = EDGE_CURVE('',#3589,#3591,#3593,.T.);
#3589 = VERTEX_POINT('',#3590);
#3590 = CARTESIAN_POINT('',(-14.833,-28.787358,2.586157));
#3591 = VERTEX_POINT('',#3592);
#3592 = CARTESIAN_POINT('',(-14.833,-28.787358,3.552713678801E-15));
#3593 = LINE('',#3594,#3595);
#3594 = CARTESIAN_POINT('',(-14.833,-28.787358,4.586157));
#3595 = VECTOR('',#3596,1.);
#3596 = DIRECTION('',(0.,-1.224646799147E-16,-1.));
#3597 = ORIENTED_EDGE('',*,*,#3598,.T.);
#3598 = EDGE_CURVE('',#3589,#1467,#3599,.T.);
#3599 = LINE('',#3600,#3601);
#3600 = CARTESIAN_POINT('',(-14.833,-27.687358,2.586157));
#3601 = VECTOR('',#3602,1.);
#3602 = DIRECTION('',(0.,-1.,1.224646799147E-16));
#3603 = ORIENTED_EDGE('',*,*,#1474,.F.);
#3604 = ORIENTED_EDGE('',*,*,#3605,.F.);
#3605 = EDGE_CURVE('',#3591,#507,#3606,.T.);
#3606 = LINE('',#3607,#3608);
#3607 = CARTESIAN_POINT('',(-14.833,-28.787358,3.552713678801E-15));
#3608 = VECTOR('',#3609,1.);
#3609 = DIRECTION('',(0.,-1.,1.224646799147E-16));
#3610 = PLANE('',#3611);
#3611 = AXIS2_PLACEMENT_3D('',#3612,#3613,#3614);
#3612 = CARTESIAN_POINT('',(-14.833,-28.787358,4.586157));
#3613 = DIRECTION('',(1.,0.,0.));
#3614 = DIRECTION('',(0.,-1.224646799147E-16,-1.));
#3615 = ADVANCED_FACE('',(#3616),#3634,.T.);
#3616 = FACE_BOUND('',#3617,.T.);
#3617 = EDGE_LOOP('',(#3618,#3619,#3627,#3633));
#3618 = ORIENTED_EDGE('',*,*,#3598,.F.);
#3619 = ORIENTED_EDGE('',*,*,#3620,.F.);
#3620 = EDGE_CURVE('',#3621,#3589,#3623,.T.);
#3621 = VERTEX_POINT('',#3622);
#3622 = CARTESIAN_POINT('',(-14.833,-28.787358,4.586157));
#3623 = LINE('',#3624,#3625);
#3624 = CARTESIAN_POINT('',(-14.833,-28.787358,4.586157));
#3625 = VECTOR('',#3626,1.);
#3626 = DIRECTION('',(0.,-1.224646799147E-16,-1.));
#3627 = ORIENTED_EDGE('',*,*,#3628,.T.);
#3628 = EDGE_CURVE('',#3621,#1459,#3629,.T.);
#3629 = LINE('',#3630,#3631);
#3630 = CARTESIAN_POINT('',(-14.833,-27.687358,4.586157));
#3631 = VECTOR('',#3632,1.);
#3632 = DIRECTION('',(0.,-1.,1.224646799147E-16));
#3633 = ORIENTED_EDGE('',*,*,#1466,.F.);
#3634 = PLANE('',#3635);
#3635 = AXIS2_PLACEMENT_3D('',#3636,#3637,#3638);
#3636 = CARTESIAN_POINT('',(-14.833,-27.687358,4.586157));
#3637 = DIRECTION('',(1.,0.,0.));
#3638 = DIRECTION('',(0.,-1.224646799147E-16,-1.));
#3639 = ADVANCED_FACE('',(#3640),#3658,.F.);
#3640 = FACE_BOUND('',#3641,.F.);
#3641 = EDGE_LOOP('',(#3642,#3650,#3656,#3657));
#3642 = ORIENTED_EDGE('',*,*,#3643,.F.);
#3643 = EDGE_CURVE('',#3644,#1451,#3646,.T.);
#3644 = VERTEX_POINT('',#3645);
#3645 = CARTESIAN_POINT('',(-19.237344,-28.787358,4.586157));
#3646 = LINE('',#3647,#3648);
#3647 = CARTESIAN_POINT('',(-19.237344,-27.687358,4.586157));
#3648 = VECTOR('',#3649,1.);
#3649 = DIRECTION('',(0.,-1.,1.224646799147E-16));
#3650 = ORIENTED_EDGE('',*,*,#3651,.T.);
#3651 = EDGE_CURVE('',#3644,#3621,#3652,.T.);
#3652 = LINE('',#3653,#3654);
#3653 = CARTESIAN_POINT('',(-19.237344,-28.787358,4.586157));
#3654 = VECTOR('',#3655,1.);
#3655 = DIRECTION('',(1.,0.,0.));
#3656 = ORIENTED_EDGE('',*,*,#3628,.T.);
#3657 = ORIENTED_EDGE('',*,*,#1458,.F.);
#3658 = PLANE('',#3659);
#3659 = AXIS2_PLACEMENT_3D('',#3660,#3661,#3662);
#3660 = CARTESIAN_POINT('',(-19.237344,-27.687358,4.586157));
#3661 = DIRECTION('',(0.,-1.224646799147E-16,-1.));
#3662 = DIRECTION('',(1.,0.,0.));
#3663 = ADVANCED_FACE('',(#3664),#3682,.F.);
#3664 = FACE_BOUND('',#3665,.F.);
#3665 = EDGE_LOOP('',(#3666,#3674,#3680,#3681));
#3666 = ORIENTED_EDGE('',*,*,#3667,.F.);
#3667 = EDGE_CURVE('',#3668,#1443,#3670,.T.);
#3668 = VERTEX_POINT('',#3669);
#3669 = CARTESIAN_POINT('',(-19.237344,-28.787358,2.586157));
#3670 = LINE('',#3671,#3672);
#3671 = CARTESIAN_POINT('',(-19.237344,-27.687358,2.586157));
#3672 = VECTOR('',#3673,1.);
#3673 = DIRECTION('',(0.,-1.,1.224646799147E-16));
#3674 = ORIENTED_EDGE('',*,*,#3675,.F.);
#3675 = EDGE_CURVE('',#3644,#3668,#3676,.T.);
#3676 = LINE('',#3677,#3678);
#3677 = CARTESIAN_POINT('',(-19.237344,-28.787358,4.586157));
#3678 = VECTOR('',#3679,1.);
#3679 = DIRECTION('',(0.,-1.224646799147E-16,-1.));
#3680 = ORIENTED_EDGE('',*,*,#3643,.T.);
#3681 = ORIENTED_EDGE('',*,*,#1450,.F.);
#3682 = PLANE('',#3683);
#3683 = AXIS2_PLACEMENT_3D('',#3684,#3685,#3686);
#3684 = CARTESIAN_POINT('',(-19.237344,-27.687358,4.586157));
#3685 = DIRECTION('',(1.,0.,0.));
#3686 = DIRECTION('',(0.,-1.224646799147E-16,-1.));
#3687 = ADVANCED_FACE('',(#3688),#3706,.F.);
#3688 = FACE_BOUND('',#3689,.F.);
#3689 = EDGE_LOOP('',(#3690,#3698,#3699,#3700));
#3690 = ORIENTED_EDGE('',*,*,#3691,.F.);
#3691 = EDGE_CURVE('',#3668,#3692,#3694,.T.);
#3692 = VERTEX_POINT('',#3693);
#3693 = CARTESIAN_POINT('',(-19.237344,-28.787358,0.));
#3694 = LINE('',#3695,#3696);
#3695 = CARTESIAN_POINT('',(-19.237344,-28.787358,4.586157));
#3696 = VECTOR('',#3697,1.);
#3697 = DIRECTION('',(0.,-1.224646799147E-16,-1.));
#3698 = ORIENTED_EDGE('',*,*,#3667,.T.);
#3699 = ORIENTED_EDGE('',*,*,#1442,.F.);
#3700 = ORIENTED_EDGE('',*,*,#3701,.F.);
#3701 = EDGE_CURVE('',#3692,#483,#3702,.T.);
#3702 = LINE('',#3703,#3704);
#3703 = CARTESIAN_POINT('',(-19.237344,-28.787358,3.552713678801E-15));
#3704 = VECTOR('',#3705,1.);
#3705 = DIRECTION('',(0.,-1.,1.224646799147E-16));
#3706 = PLANE('',#3707);
#3707 = AXIS2_PLACEMENT_3D('',#3708,#3709,#3710);
#3708 = CARTESIAN_POINT('',(-19.237344,-28.787358,4.586157));
#3709 = DIRECTION('',(1.,0.,0.));
#3710 = DIRECTION('',(0.,-1.224646799147E-16,-1.));
#3711 = ADVANCED_FACE('',(#3712),#3723,.T.);
#3712 = FACE_BOUND('',#3713,.T.);
#3713 = EDGE_LOOP('',(#3714,#3715,#3721,#3722));
#3714 = ORIENTED_EDGE('',*,*,#3574,.F.);
#3715 = ORIENTED_EDGE('',*,*,#3716,.T.);
#3716 = EDGE_CURVE('',#3565,#3464,#3717,.T.);
#3717 = LINE('',#3718,#3719);
#3718 = CARTESIAN_POINT('',(-3.975,-28.787358,3.552713678801E-15));
#3719 = VECTOR('',#3720,1.);
#3720 = DIRECTION('',(1.,0.,0.));
#3721 = ORIENTED_EDGE('',*,*,#3478,.T.);
#3722 = ORIENTED_EDGE('',*,*,#1528,.T.);
#3723 = PLANE('',#3724);
#3724 = AXIS2_PLACEMENT_3D('',#3725,#3726,#3727);
#3725 = CARTESIAN_POINT('',(-3.975,-28.787358,3.552713678801E-15));
#3726 = DIRECTION('',(0.,-1.224646799147E-16,-1.));
#3727 = DIRECTION('',(1.,0.,0.));
#3728 = ADVANCED_FACE('',(#3729),#3740,.T.);
#3729 = FACE_BOUND('',#3730,.T.);
#3730 = EDGE_LOOP('',(#3731,#3732,#3738,#3739));
#3731 = ORIENTED_EDGE('',*,*,#3701,.F.);
#3732 = ORIENTED_EDGE('',*,*,#3733,.T.);
#3733 = EDGE_CURVE('',#3692,#3591,#3734,.T.);
#3734 = LINE('',#3735,#3736);
#3735 = CARTESIAN_POINT('',(-19.237344,-28.787358,3.552713678801E-15));
#3736 = VECTOR('',#3737,1.);
#3737 = DIRECTION('',(1.,0.,0.));
#3738 = ORIENTED_EDGE('',*,*,#3605,.T.);
#3739 = ORIENTED_EDGE('',*,*,#1545,.T.);
#3740 = PLANE('',#3741);
#3741 = AXIS2_PLACEMENT_3D('',#3742,#3743,#3744);
#3742 = CARTESIAN_POINT('',(-19.237344,-28.787358,3.552713678801E-15));
#3743 = DIRECTION('',(0.,-1.224646799147E-16,-1.));
#3744 = DIRECTION('',(1.,0.,0.));
#3745 = ADVANCED_FACE('',(#3746),#3771,.F.);
#3746 = FACE_BOUND('',#3747,.F.);
#3747 = EDGE_LOOP('',(#3748,#3756,#3757,#3765));
#3748 = ORIENTED_EDGE('',*,*,#3749,.F.);
#3749 = EDGE_CURVE('',#1635,#3750,#3752,.T.);
#3750 = VERTEX_POINT('',#3751);
#3751 = CARTESIAN_POINT('',(-22.537344,25.487358,2.586157));
#3752 = LINE('',#3753,#3754);
#3753 = CARTESIAN_POINT('',(-27.537344,25.487358,2.586157));
#3754 = VECTOR('',#3755,1.);
#3755 = DIRECTION('',(1.,0.,0.));
#3756 = ORIENTED_EDGE('',*,*,#1642,.T.);
#3757 = ORIENTED_EDGE('',*,*,#3758,.T.);
#3758 = EDGE_CURVE('',#385,#3759,#3761,.T.);
#3759 = VERTEX_POINT('',#3760);
#3760 = CARTESIAN_POINT('',(-22.537344,25.487358,-7.105427357601E-15));
#3761 = LINE('',#3762,#3763);
#3762 = CARTESIAN_POINT('',(-27.537344,25.487358,-3.10862446895E-15));
#3763 = VECTOR('',#3764,1.);
#3764 = DIRECTION('',(1.,0.,0.));
#3765 = ORIENTED_EDGE('',*,*,#3766,.F.);
#3766 = EDGE_CURVE('',#3750,#3759,#3767,.T.);
#3767 = LINE('',#3768,#3769);
#3768 = CARTESIAN_POINT('',(-22.537344,25.487358,4.586157));
#3769 = VECTOR('',#3770,1.);
#3770 = DIRECTION('',(0.,-1.224646799147E-16,-1.));
#3771 = PLANE('',#3772);
#3772 = AXIS2_PLACEMENT_3D('',#3773,#3774,#3775);
#3773 = CARTESIAN_POINT('',(-27.537344,25.487358,4.586157));
#3774 = DIRECTION('',(0.,-1.,1.224646799147E-16));
#3775 = DIRECTION('',(0.,-1.224646799147E-16,-1.));
#3776 = ADVANCED_FACE('',(#3777),#3795,.F.);
#3777 = FACE_BOUND('',#3778,.F.);
#3778 = EDGE_LOOP('',(#3779,#3787,#3793,#3794));
#3779 = ORIENTED_EDGE('',*,*,#3780,.F.);
#3780 = EDGE_CURVE('',#3781,#3750,#3783,.T.);
#3781 = VERTEX_POINT('',#3782);
#3782 = CARTESIAN_POINT('',(-22.537344,25.487358,4.586157));
#3783 = LINE('',#3784,#3785);
#3784 = CARTESIAN_POINT('',(-22.537344,25.487358,4.586157));
#3785 = VECTOR('',#3786,1.);
#3786 = DIRECTION('',(0.,-1.224646799147E-16,-1.));
#3787 = ORIENTED_EDGE('',*,*,#3788,.F.);
#3788 = EDGE_CURVE('',#1627,#3781,#3789,.T.);
#3789 = LINE('',#3790,#3791);
#3790 = CARTESIAN_POINT('',(-27.537344,25.487358,4.586157));
#3791 = VECTOR('',#3792,1.);
#3792 = DIRECTION('',(1.,0.,0.));
#3793 = ORIENTED_EDGE('',*,*,#1634,.T.);
#3794 = ORIENTED_EDGE('',*,*,#3749,.T.);
#3795 = PLANE('',#3796);
#3796 = AXIS2_PLACEMENT_3D('',#3797,#3798,#3799);
#3797 = CARTESIAN_POINT('',(-27.537344,25.487358,4.586157));
#3798 = DIRECTION('',(0.,-1.,1.224646799147E-16));
#3799 = DIRECTION('',(0.,-1.224646799147E-16,-1.));
#3800 = ADVANCED_FACE('',(#3801),#3819,.F.);
#3801 = FACE_BOUND('',#3802,.F.);
#3802 = EDGE_LOOP('',(#3803,#3804,#3805,#3813));
#3803 = ORIENTED_EDGE('',*,*,#1626,.T.);
#3804 = ORIENTED_EDGE('',*,*,#3788,.T.);
#3805 = ORIENTED_EDGE('',*,*,#3806,.T.);
#3806 = EDGE_CURVE('',#3781,#3807,#3809,.T.);
#3807 = VERTEX_POINT('',#3808);
#3808 = CARTESIAN_POINT('',(-22.537344,0.8,4.586157));
#3809 = LINE('',#3810,#3811);
#3810 = CARTESIAN_POINT('',(-22.537344,25.487358,4.586157));
#3811 = VECTOR('',#3812,1.);
#3812 = DIRECTION('',(0.,-1.,1.224646799147E-16));
#3813 = ORIENTED_EDGE('',*,*,#3814,.F.);
#3814 = EDGE_CURVE('',#1619,#3807,#3815,.T.);
#3815 = LINE('',#3816,#3817);
#3816 = CARTESIAN_POINT('',(-27.537344,0.8,4.586157));
#3817 = VECTOR('',#3818,1.);
#3818 = DIRECTION('',(1.,0.,0.));
#3819 = PLANE('',#3820);
#3820 = AXIS2_PLACEMENT_3D('',#3821,#3822,#3823);
#3821 = CARTESIAN_POINT('',(-27.537344,25.487358,4.586157));
#3822 = DIRECTION('',(0.,-1.224646799147E-16,-1.));
#3823 = DIRECTION('',(1.,0.,0.));
#3824 = ADVANCED_FACE('',(#3825),#3843,.T.);
#3825 = FACE_BOUND('',#3826,.T.);
#3826 = EDGE_LOOP('',(#3827,#3835,#3836,#3837));
#3827 = ORIENTED_EDGE('',*,*,#3828,.F.);
#3828 = EDGE_CURVE('',#3807,#3829,#3831,.T.);
#3829 = VERTEX_POINT('',#3830);
#3830 = CARTESIAN_POINT('',(-22.537344,0.8,2.586157));
#3831 = LINE('',#3832,#3833);
#3832 = CARTESIAN_POINT('',(-22.537344,0.8,4.586157));
#3833 = VECTOR('',#3834,1.);
#3834 = DIRECTION('',(0.,-1.224646799147E-16,-1.));
#3835 = ORIENTED_EDGE('',*,*,#3814,.F.);
#3836 = ORIENTED_EDGE('',*,*,#1618,.T.);
#3837 = ORIENTED_EDGE('',*,*,#3838,.T.);
#3838 = EDGE_CURVE('',#1611,#3829,#3839,.T.);
#3839 = LINE('',#3840,#3841);
#3840 = CARTESIAN_POINT('',(-27.537344,0.8,2.586157));
#3841 = VECTOR('',#3842,1.);
#3842 = DIRECTION('',(1.,0.,0.));
#3843 = PLANE('',#3844);
#3844 = AXIS2_PLACEMENT_3D('',#3845,#3846,#3847);
#3845 = CARTESIAN_POINT('',(-27.537344,0.8,4.586157));
#3846 = DIRECTION('',(0.,-1.,1.224646799147E-16));
#3847 = DIRECTION('',(0.,-1.224646799147E-16,-1.));
#3848 = ADVANCED_FACE('',(#3849),#3867,.T.);
#3849 = FACE_BOUND('',#3850,.T.);
#3850 = EDGE_LOOP('',(#3851,#3852,#3853,#3861));
#3851 = ORIENTED_EDGE('',*,*,#3838,.F.);
#3852 = ORIENTED_EDGE('',*,*,#1610,.T.);
#3853 = ORIENTED_EDGE('',*,*,#3854,.T.);
#3854 = EDGE_CURVE('',#426,#3855,#3857,.T.);
#3855 = VERTEX_POINT('',#3856);
#3856 = CARTESIAN_POINT('',(-22.537344,0.8,-3.552713678801E-15));
#3857 = LINE('',#3858,#3859);
#3858 = CARTESIAN_POINT('',(-27.537344,0.8,0.));
#3859 = VECTOR('',#3860,1.);
#3860 = DIRECTION('',(1.,0.,0.));
#3861 = ORIENTED_EDGE('',*,*,#3862,.F.);
#3862 = EDGE_CURVE('',#3829,#3855,#3863,.T.);
#3863 = LINE('',#3864,#3865);
#3864 = CARTESIAN_POINT('',(-22.537344,0.8,4.586157));
#3865 = VECTOR('',#3866,1.);
#3866 = DIRECTION('',(0.,-1.224646799147E-16,-1.));
#3867 = PLANE('',#3868);
#3868 = AXIS2_PLACEMENT_3D('',#3869,#3870,#3871);
#3869 = CARTESIAN_POINT('',(-27.537344,0.8,4.586157));
#3870 = DIRECTION('',(0.,-1.,1.224646799147E-16));
#3871 = DIRECTION('',(0.,-1.224646799147E-16,-1.));
#3872 = ADVANCED_FACE('',(#3873),#3898,.F.);
#3873 = FACE_BOUND('',#3874,.F.);
#3874 = EDGE_LOOP('',(#3875,#3883,#3884,#3892));
#3875 = ORIENTED_EDGE('',*,*,#3876,.F.);
#3876 = EDGE_CURVE('',#1596,#3877,#3879,.T.);
#3877 = VERTEX_POINT('',#3878);
#3878 = CARTESIAN_POINT('',(-22.537344,-21.8,2.586157));
#3879 = LINE('',#3880,#3881);
#3880 = CARTESIAN_POINT('',(-27.537344,-21.8,2.586157));
#3881 = VECTOR('',#3882,1.);
#3882 = DIRECTION('',(1.,0.,0.));
#3883 = ORIENTED_EDGE('',*,*,#1603,.T.);
#3884 = ORIENTED_EDGE('',*,*,#3885,.T.);
#3885 = EDGE_CURVE('',#434,#3886,#3888,.T.);
#3886 = VERTEX_POINT('',#3887);
#3887 = CARTESIAN_POINT('',(-22.537344,-21.8,0.));
#3888 = LINE('',#3889,#3890);
#3889 = CARTESIAN_POINT('',(-27.537344,-21.8,2.6645352591E-15));
#3890 = VECTOR('',#3891,1.);
#3891 = DIRECTION('',(1.,0.,0.));
#3892 = ORIENTED_EDGE('',*,*,#3893,.F.);
#3893 = EDGE_CURVE('',#3877,#3886,#3894,.T.);
#3894 = LINE('',#3895,#3896);
#3895 = CARTESIAN_POINT('',(-22.537344,-21.8,4.586157));
#3896 = VECTOR('',#3897,1.);
#3897 = DIRECTION('',(0.,-1.224646799147E-16,-1.));
#3898 = PLANE('',#3899);
#3899 = AXIS2_PLACEMENT_3D('',#3900,#3901,#3902);
#3900 = CARTESIAN_POINT('',(-27.537344,-21.8,4.586157));
#3901 = DIRECTION('',(0.,-1.,1.224646799147E-16));
#3902 = DIRECTION('',(0.,-1.224646799147E-16,-1.));
#3903 = ADVANCED_FACE('',(#3904),#3922,.F.);
#3904 = FACE_BOUND('',#3905,.F.);
#3905 = EDGE_LOOP('',(#3906,#3914,#3920,#3921));
#3906 = ORIENTED_EDGE('',*,*,#3907,.F.);
#3907 = EDGE_CURVE('',#3908,#3877,#3910,.T.);
#3908 = VERTEX_POINT('',#3909);
#3909 = CARTESIAN_POINT('',(-22.537344,-21.8,4.586157));
#3910 = LINE('',#3911,#3912);
#3911 = CARTESIAN_POINT('',(-22.537344,-21.8,4.586157));
#3912 = VECTOR('',#3913,1.);
#3913 = DIRECTION('',(0.,-1.224646799147E-16,-1.));
#3914 = ORIENTED_EDGE('',*,*,#3915,.F.);
#3915 = EDGE_CURVE('',#1588,#3908,#3916,.T.);
#3916 = LINE('',#3917,#3918);
#3917 = CARTESIAN_POINT('',(-27.537344,-21.8,4.586157));
#3918 = VECTOR('',#3919,1.);
#3919 = DIRECTION('',(1.,0.,0.));
#3920 = ORIENTED_EDGE('',*,*,#1595,.T.);
#3921 = ORIENTED_EDGE('',*,*,#3876,.T.);
#3922 = PLANE('',#3923);
#3923 = AXIS2_PLACEMENT_3D('',#3924,#3925,#3926);
#3924 = CARTESIAN_POINT('',(-27.537344,-21.8,4.586157));
#3925 = DIRECTION('',(0.,-1.,1.224646799147E-16));
#3926 = DIRECTION('',(0.,-1.224646799147E-16,-1.));
#3927 = ADVANCED_FACE('',(#3928),#3946,.F.);
#3928 = FACE_BOUND('',#3929,.F.);
#3929 = EDGE_LOOP('',(#3930,#3931,#3932,#3940));
#3930 = ORIENTED_EDGE('',*,*,#1587,.T.);
#3931 = ORIENTED_EDGE('',*,*,#3915,.T.);
#3932 = ORIENTED_EDGE('',*,*,#3933,.T.);
#3933 = EDGE_CURVE('',#3908,#3934,#3936,.T.);
#3934 = VERTEX_POINT('',#3935);
#3935 = CARTESIAN_POINT('',(-22.537344,-25.487358,4.586157));
#3936 = LINE('',#3937,#3938);
#3937 = CARTESIAN_POINT('',(-22.537344,-21.8,4.586157));
#3938 = VECTOR('',#3939,1.);
#3939 = DIRECTION('',(0.,-1.,1.224646799147E-16));
#3940 = ORIENTED_EDGE('',*,*,#3941,.F.);
#3941 = EDGE_CURVE('',#1580,#3934,#3942,.T.);
#3942 = LINE('',#3943,#3944);
#3943 = CARTESIAN_POINT('',(-27.537344,-25.487358,4.586157));
#3944 = VECTOR('',#3945,1.);
#3945 = DIRECTION('',(1.,0.,0.));
#3946 = PLANE('',#3947);
#3947 = AXIS2_PLACEMENT_3D('',#3948,#3949,#3950);
#3948 = CARTESIAN_POINT('',(-27.537344,-21.8,4.586157));
#3949 = DIRECTION('',(0.,-1.224646799147E-16,-1.));
#3950 = DIRECTION('',(1.,0.,0.));
#3951 = ADVANCED_FACE('',(#3952),#3970,.T.);
#3952 = FACE_BOUND('',#3953,.T.);
#3953 = EDGE_LOOP('',(#3954,#3962,#3963,#3964));
#3954 = ORIENTED_EDGE('',*,*,#3955,.F.);
#3955 = EDGE_CURVE('',#3934,#3956,#3958,.T.);
#3956 = VERTEX_POINT('',#3957);
#3957 = CARTESIAN_POINT('',(-22.537344,-25.487358,2.586157));
#3958 = LINE('',#3959,#3960);
#3959 = CARTESIAN_POINT('',(-22.537344,-25.487358,4.586157));
#3960 = VECTOR('',#3961,1.);
#3961 = DIRECTION('',(0.,-1.224646799147E-16,-1.));
#3962 = ORIENTED_EDGE('',*,*,#3941,.F.);
#3963 = ORIENTED_EDGE('',*,*,#1579,.T.);
#3964 = ORIENTED_EDGE('',*,*,#3965,.T.);
#3965 = EDGE_CURVE('',#1572,#3956,#3966,.T.);
#3966 = LINE('',#3967,#3968);
#3967 = CARTESIAN_POINT('',(-27.537344,-25.487358,2.586157));
#3968 = VECTOR('',#3969,1.);
#3969 = DIRECTION('',(1.,0.,0.));
#3970 = PLANE('',#3971);
#3971 = AXIS2_PLACEMENT_3D('',#3972,#3973,#3974);
#3972 = CARTESIAN_POINT('',(-27.537344,-25.487358,4.586157));
#3973 = DIRECTION('',(0.,-1.,1.224646799147E-16));
#3974 = DIRECTION('',(0.,-1.224646799147E-16,-1.));
#3975 = ADVANCED_FACE('',(#3976),#3994,.T.);
#3976 = FACE_BOUND('',#3977,.T.);
#3977 = EDGE_LOOP('',(#3978,#3979,#3980,#3988));
#3978 = ORIENTED_EDGE('',*,*,#3965,.F.);
#3979 = ORIENTED_EDGE('',*,*,#1571,.T.);
#3980 = ORIENTED_EDGE('',*,*,#3981,.T.);
#3981 = EDGE_CURVE('',#467,#3982,#3984,.T.);
#3982 = VERTEX_POINT('',#3983);
#3983 = CARTESIAN_POINT('',(-22.537344,-25.487358,0.));
#3984 = LINE('',#3985,#3986);
#3985 = CARTESIAN_POINT('',(-27.537344,-25.487358,3.10862446895E-15));
#3986 = VECTOR('',#3987,1.);
#3987 = DIRECTION('',(1.,0.,0.));
#3988 = ORIENTED_EDGE('',*,*,#3989,.F.);
#3989 = EDGE_CURVE('',#3956,#3982,#3990,.T.);
#3990 = LINE('',#3991,#3992);
#3991 = CARTESIAN_POINT('',(-22.537344,-25.487358,4.586157));
#3992 = VECTOR('',#3993,1.);
#3993 = DIRECTION('',(0.,-1.224646799147E-16,-1.));
#3994 = PLANE('',#3995);
#3995 = AXIS2_PLACEMENT_3D('',#3996,#3997,#3998);
#3996 = CARTESIAN_POINT('',(-27.537344,-25.487358,4.586157));
#3997 = DIRECTION('',(0.,-1.,1.224646799147E-16));
#3998 = DIRECTION('',(0.,-1.224646799147E-16,-1.));
#3999 = ADVANCED_FACE('',(#4000),#4011,.T.);
#4000 = FACE_BOUND('',#4001,.T.);
#4001 = EDGE_LOOP('',(#4002,#4003,#4004,#4010));
#4002 = ORIENTED_EDGE('',*,*,#1657,.F.);
#4003 = ORIENTED_EDGE('',*,*,#3885,.T.);
#4004 = ORIENTED_EDGE('',*,*,#4005,.T.);
#4005 = EDGE_CURVE('',#3886,#3982,#4006,.T.);
#4006 = LINE('',#4007,#4008);
#4007 = CARTESIAN_POINT('',(-22.537344,-21.8,2.6645352591E-15));
#4008 = VECTOR('',#4009,1.);
#4009 = DIRECTION('',(0.,-1.,1.224646799147E-16));
#4010 = ORIENTED_EDGE('',*,*,#3981,.F.);
#4011 = PLANE('',#4012);
#4012 = AXIS2_PLACEMENT_3D('',#4013,#4014,#4015);
#4013 = CARTESIAN_POINT('',(-27.537344,-21.8,2.6645352591E-15));
#4014 = DIRECTION('',(0.,-1.224646799147E-16,-1.));
#4015 = DIRECTION('',(1.,0.,0.));
#4016 = ADVANCED_FACE('',(#4017),#4023,.T.);
#4017 = FACE_BOUND('',#4018,.T.);
#4018 = EDGE_LOOP('',(#4019,#4020,#4021,#4022));
#4019 = ORIENTED_EDGE('',*,*,#1691,.T.);
#4020 = ORIENTED_EDGE('',*,*,#1674,.T.);
#4021 = ORIENTED_EDGE('',*,*,#1665,.T.);
#4022 = ORIENTED_EDGE('',*,*,#1699,.F.);
#4023 = PLANE('',#4024);
#4024 = AXIS2_PLACEMENT_3D('',#4025,#4026,#4027);
#4025 = CARTESIAN_POINT('',(-500.,500.,-6.128431095931E-14));
#4026 = DIRECTION('',(0.,-1.224646799147E-16,-1.));
#4027 = DIRECTION('',(1.,0.,0.));
#4028 = ADVANCED_FACE('',(#4029),#4048,.F.);
#4029 = FACE_BOUND('',#4030,.F.);
#4030 = EDGE_LOOP('',(#4031,#4039,#4046,#4047));
#4031 = ORIENTED_EDGE('',*,*,#4032,.F.);
#4032 = EDGE_CURVE('',#4033,#1708,#4035,.T.);
#4033 = VERTEX_POINT('',#4034);
#4034 = CARTESIAN_POINT('',(-28.737344,-21.938,3.7));
#4035 = LINE('',#4036,#4037);
#4036 = CARTESIAN_POINT('',(-28.737344,-21.938,7.));
#4037 = VECTOR('',#4038,1.);
#4038 = DIRECTION('',(0.,-1.224646799147E-16,-1.));
#4039 = ORIENTED_EDGE('',*,*,#4040,.T.);
#4040 = EDGE_CURVE('',#4033,#4033,#4041,.T.);
#4041 = CIRCLE('',#4042,1.7);
#4042 = AXIS2_PLACEMENT_3D('',#4043,#4044,#4045);
#4043 = CARTESIAN_POINT('',(-30.437344,-21.938,3.7));
#4044 = DIRECTION('',(0.,-1.224646799147E-16,-1.));
#4045 = DIRECTION('',(1.,0.,0.));
#4046 = ORIENTED_EDGE('',*,*,#4032,.T.);
#4047 = ORIENTED_EDGE('',*,*,#1707,.F.);
#4048 = CYLINDRICAL_SURFACE('',#4049,1.7);
#4049 = AXIS2_PLACEMENT_3D('',#4050,#4051,#4052);
#4050 = CARTESIAN_POINT('',(-30.437344,-21.938,7.));
#4051 = DIRECTION('',(0.,-1.224646799147E-16,-1.));
#4052 = DIRECTION('',(1.,0.,0.));
#4053 = ADVANCED_FACE('',(#4054),#4059,.T.);
#4054 = FACE_BOUND('',#4055,.T.);
#4055 = EDGE_LOOP('',(#4056,#4057,#4058));
#4056 = ORIENTED_EDGE('',*,*,#1759,.F.);
#4057 = ORIENTED_EDGE('',*,*,#1742,.T.);
#4058 = ORIENTED_EDGE('',*,*,#1733,.T.);
#4059 = PLANE('',#4060);
#4060 = AXIS2_PLACEMENT_3D('',#4061,#4062,#4063);
#4061 = CARTESIAN_POINT('',(-500.,500.,-6.128431095931E-14));
#4062 = DIRECTION('',(0.,-1.224646799147E-16,-1.));
#4063 = DIRECTION('',(1.,0.,0.));
#4064 = ADVANCED_FACE('',(#4065),#4076,.T.);
#4065 = FACE_BOUND('',#4066,.T.);
#4066 = EDGE_LOOP('',(#4067,#4068,#4069,#4075));
#4067 = ORIENTED_EDGE('',*,*,#1725,.F.);
#4068 = ORIENTED_EDGE('',*,*,#3758,.T.);
#4069 = ORIENTED_EDGE('',*,*,#4070,.T.);
#4070 = EDGE_CURVE('',#3759,#3855,#4071,.T.);
#4071 = LINE('',#4072,#4073);
#4072 = CARTESIAN_POINT('',(-22.537344,25.487358,-3.10862446895E-15));
#4073 = VECTOR('',#4074,1.);
#4074 = DIRECTION('',(0.,-1.,1.224646799147E-16));
#4075 = ORIENTED_EDGE('',*,*,#3854,.F.);
#4076 = PLANE('',#4077);
#4077 = AXIS2_PLACEMENT_3D('',#4078,#4079,#4080);
#4078 = CARTESIAN_POINT('',(-27.537344,25.487358,-3.10862446895E-15));
#4079 = DIRECTION('',(0.,-1.224646799147E-16,-1.));
#4080 = DIRECTION('',(1.,0.,0.));
#4081 = ADVANCED_FACE('',(#4082),#4101,.F.);
#4082 = FACE_BOUND('',#4083,.F.);
#4083 = EDGE_LOOP('',(#4084,#4092,#4099,#4100));
#4084 = ORIENTED_EDGE('',*,*,#4085,.F.);
#4085 = EDGE_CURVE('',#4086,#1768,#4088,.T.);
#4086 = VERTEX_POINT('',#4087);
#4087 = CARTESIAN_POINT('',(-28.737344,20.062,3.7));
#4088 = LINE('',#4089,#4090);
#4089 = CARTESIAN_POINT('',(-28.737344,20.062,7.));
#4090 = VECTOR('',#4091,1.);
#4091 = DIRECTION('',(0.,-1.224646799147E-16,-1.));
#4092 = ORIENTED_EDGE('',*,*,#4093,.T.);
#4093 = EDGE_CURVE('',#4086,#4086,#4094,.T.);
#4094 = CIRCLE('',#4095,1.7);
#4095 = AXIS2_PLACEMENT_3D('',#4096,#4097,#4098);
#4096 = CARTESIAN_POINT('',(-30.437344,20.062,3.7));
#4097 = DIRECTION('',(0.,-1.224646799147E-16,-1.));
#4098 = DIRECTION('',(1.,0.,0.));
#4099 = ORIENTED_EDGE('',*,*,#4085,.T.);
#4100 = ORIENTED_EDGE('',*,*,#1767,.F.);
#4101 = CYLINDRICAL_SURFACE('',#4102,1.7);
#4102 = AXIS2_PLACEMENT_3D('',#4103,#4104,#4105);
#4103 = CARTESIAN_POINT('',(-30.437344,20.062,7.));
#4104 = DIRECTION('',(0.,-1.224646799147E-16,-1.));
#4105 = DIRECTION('',(1.,0.,0.));
#4106 = ADVANCED_FACE('',(#4107),#4132,.T.);
#4107 = FACE_BOUND('',#4108,.T.);
#4108 = EDGE_LOOP('',(#4109,#4110,#4118,#4126));
#4109 = ORIENTED_EDGE('',*,*,#1903,.T.);
#4110 = ORIENTED_EDGE('',*,*,#4111,.T.);
#4111 = EDGE_CURVE('',#1896,#4112,#4114,.T.);
#4112 = VERTEX_POINT('',#4113);
#4113 = CARTESIAN_POINT('',(19.237344,28.787358,2.586157));
#4114 = LINE('',#4115,#4116);
#4115 = CARTESIAN_POINT('',(19.237344,32.387358,2.586157));
#4116 = VECTOR('',#4117,1.);
#4117 = DIRECTION('',(0.,-1.,1.224646799147E-16));
#4118 = ORIENTED_EDGE('',*,*,#4119,.T.);
#4119 = EDGE_CURVE('',#4112,#4120,#4122,.T.);
#4120 = VERTEX_POINT('',#4121);
#4121 = CARTESIAN_POINT('',(19.237344,28.787358,-3.552713678801E-15));
#4122 = LINE('',#4123,#4124);
#4123 = CARTESIAN_POINT('',(19.237344,28.787358,4.586157));
#4124 = VECTOR('',#4125,1.);
#4125 = DIRECTION('',(0.,-1.224646799147E-16,-1.));
#4126 = ORIENTED_EDGE('',*,*,#4127,.F.);
#4127 = EDGE_CURVE('',#281,#4120,#4128,.T.);
#4128 = LINE('',#4129,#4130);
#4129 = CARTESIAN_POINT('',(19.237344,32.387358,-3.996802888651E-15));
#4130 = VECTOR('',#4131,1.);
#4131 = DIRECTION('',(0.,-1.,1.224646799147E-16));
#4132 = PLANE('',#4133);
#4133 = AXIS2_PLACEMENT_3D('',#4134,#4135,#4136);
#4134 = CARTESIAN_POINT('',(19.237344,32.387358,4.586157));
#4135 = DIRECTION('',(1.,0.,0.));
#4136 = DIRECTION('',(0.,-1.224646799147E-16,-1.));
#4137 = ADVANCED_FACE('',(#4138),#4156,.T.);
#4138 = FACE_BOUND('',#4139,.T.);
#4139 = EDGE_LOOP('',(#4140,#4141,#4149,#4155));
#4140 = ORIENTED_EDGE('',*,*,#1895,.T.);
#4141 = ORIENTED_EDGE('',*,*,#4142,.T.);
#4142 = EDGE_CURVE('',#1888,#4143,#4145,.T.);
#4143 = VERTEX_POINT('',#4144);
#4144 = CARTESIAN_POINT('',(19.237344,28.787358,4.586157));
#4145 = LINE('',#4146,#4147);
#4146 = CARTESIAN_POINT('',(19.237344,32.387358,4.586157));
#4147 = VECTOR('',#4148,1.);
#4148 = DIRECTION('',(0.,-1.,1.224646799147E-16));
#4149 = ORIENTED_EDGE('',*,*,#4150,.T.);
#4150 = EDGE_CURVE('',#4143,#4112,#4151,.T.);
#4151 = LINE('',#4152,#4153);
#4152 = CARTESIAN_POINT('',(19.237344,28.787358,4.586157));
#4153 = VECTOR('',#4154,1.);
#4154 = DIRECTION('',(0.,-1.224646799147E-16,-1.));
#4155 = ORIENTED_EDGE('',*,*,#4111,.F.);
#4156 = PLANE('',#4157);
#4157 = AXIS2_PLACEMENT_3D('',#4158,#4159,#4160);
#4158 = CARTESIAN_POINT('',(19.237344,32.387358,4.586157));
#4159 = DIRECTION('',(1.,0.,0.));
#4160 = DIRECTION('',(0.,-1.224646799147E-16,-1.));
#4161 = ADVANCED_FACE('',(#4162),#4180,.F.);
#4162 = FACE_BOUND('',#4163,.F.);
#4163 = EDGE_LOOP('',(#4164,#4172,#4178,#4179));
#4164 = ORIENTED_EDGE('',*,*,#4165,.F.);
#4165 = EDGE_CURVE('',#4166,#4143,#4168,.T.);
#4166 = VERTEX_POINT('',#4167);
#4167 = CARTESIAN_POINT('',(13.802,28.787358,4.586157));
#4168 = LINE('',#4169,#4170);
#4169 = CARTESIAN_POINT('',(13.802,28.787358,4.586157));
#4170 = VECTOR('',#4171,1.);
#4171 = DIRECTION('',(1.,0.,0.));
#4172 = ORIENTED_EDGE('',*,*,#4173,.F.);
#4173 = EDGE_CURVE('',#1880,#4166,#4174,.T.);
#4174 = LINE('',#4175,#4176);
#4175 = CARTESIAN_POINT('',(13.802,32.387358,4.586157));
#4176 = VECTOR('',#4177,1.);
#4177 = DIRECTION('',(0.,-1.,1.224646799147E-16));
#4178 = ORIENTED_EDGE('',*,*,#1887,.T.);
#4179 = ORIENTED_EDGE('',*,*,#4142,.T.);
#4180 = PLANE('',#4181);
#4181 = AXIS2_PLACEMENT_3D('',#4182,#4183,#4184);
#4182 = CARTESIAN_POINT('',(13.802,32.387358,4.586157));
#4183 = DIRECTION('',(0.,-1.224646799147E-16,-1.));
#4184 = DIRECTION('',(1.,0.,0.));
#4185 = ADVANCED_FACE('',(#4186),#4204,.F.);
#4186 = FACE_BOUND('',#4187,.F.);
#4187 = EDGE_LOOP('',(#4188,#4189,#4190,#4198));
#4188 = ORIENTED_EDGE('',*,*,#1879,.T.);
#4189 = ORIENTED_EDGE('',*,*,#4173,.T.);
#4190 = ORIENTED_EDGE('',*,*,#4191,.T.);
#4191 = EDGE_CURVE('',#4166,#4192,#4194,.T.);
#4192 = VERTEX_POINT('',#4193);
#4193 = CARTESIAN_POINT('',(13.802,28.787358,2.586157));
#4194 = LINE('',#4195,#4196);
#4195 = CARTESIAN_POINT('',(13.802,28.787358,4.586157));
#4196 = VECTOR('',#4197,1.);
#4197 = DIRECTION('',(0.,-1.224646799147E-16,-1.));
#4198 = ORIENTED_EDGE('',*,*,#4199,.F.);
#4199 = EDGE_CURVE('',#1872,#4192,#4200,.T.);
#4200 = LINE('',#4201,#4202);
#4201 = CARTESIAN_POINT('',(13.802,32.387358,2.586157));
#4202 = VECTOR('',#4203,1.);
#4203 = DIRECTION('',(0.,-1.,1.224646799147E-16));
#4204 = PLANE('',#4205);
#4205 = AXIS2_PLACEMENT_3D('',#4206,#4207,#4208);
#4206 = CARTESIAN_POINT('',(13.802,32.387358,4.586157));
#4207 = DIRECTION('',(1.,0.,0.));
#4208 = DIRECTION('',(0.,-1.224646799147E-16,-1.));
#4209 = ADVANCED_FACE('',(#4210),#4228,.F.);
#4210 = FACE_BOUND('',#4211,.F.);
#4211 = EDGE_LOOP('',(#4212,#4213,#4214,#4222));
#4212 = ORIENTED_EDGE('',*,*,#1871,.T.);
#4213 = ORIENTED_EDGE('',*,*,#4199,.T.);
#4214 = ORIENTED_EDGE('',*,*,#4215,.T.);
#4215 = EDGE_CURVE('',#4192,#4216,#4218,.T.);
#4216 = VERTEX_POINT('',#4217);
#4217 = CARTESIAN_POINT('',(13.802,28.787358,-7.105427357601E-15));
#4218 = LINE('',#4219,#4220);
#4219 = CARTESIAN_POINT('',(13.802,28.787358,4.586157));
#4220 = VECTOR('',#4221,1.);
#4221 = DIRECTION('',(0.,-1.224646799147E-16,-1.));
#4222 = ORIENTED_EDGE('',*,*,#4223,.F.);
#4223 = EDGE_CURVE('',#305,#4216,#4224,.T.);
#4224 = LINE('',#4225,#4226);
#4225 = CARTESIAN_POINT('',(13.802,32.387358,-3.996802888651E-15));
#4226 = VECTOR('',#4227,1.);
#4227 = DIRECTION('',(0.,-1.,1.224646799147E-16));
#4228 = PLANE('',#4229);
#4229 = AXIS2_PLACEMENT_3D('',#4230,#4231,#4232);
#4230 = CARTESIAN_POINT('',(13.802,32.387358,4.586157));
#4231 = DIRECTION('',(1.,0.,0.));
#4232 = DIRECTION('',(0.,-1.224646799147E-16,-1.));
#4233 = ADVANCED_FACE('',(#4234),#4259,.T.);
#4234 = FACE_BOUND('',#4235,.T.);
#4235 = EDGE_LOOP('',(#4236,#4237,#4245,#4253));
#4236 = ORIENTED_EDGE('',*,*,#1864,.T.);
#4237 = ORIENTED_EDGE('',*,*,#4238,.T.);
#4238 = EDGE_CURVE('',#1857,#4239,#4241,.T.);
#4239 = VERTEX_POINT('',#4240);
#4240 = CARTESIAN_POINT('',(11.802,28.787358,2.586157));
#4241 = LINE('',#4242,#4243);
#4242 = CARTESIAN_POINT('',(11.802,32.387358,2.586157));
#4243 = VECTOR('',#4244,1.);
#4244 = DIRECTION('',(0.,-1.,1.224646799147E-16));
#4245 = ORIENTED_EDGE('',*,*,#4246,.T.);
#4246 = EDGE_CURVE('',#4239,#4247,#4249,.T.);
#4247 = VERTEX_POINT('',#4248);
#4248 = CARTESIAN_POINT('',(11.802,28.787358,-7.105427357601E-15));
#4249 = LINE('',#4250,#4251);
#4250 = CARTESIAN_POINT('',(11.802,28.787358,4.586157));
#4251 = VECTOR('',#4252,1.);
#4252 = DIRECTION('',(0.,-1.224646799147E-16,-1.));
#4253 = ORIENTED_EDGE('',*,*,#4254,.F.);
#4254 = EDGE_CURVE('',#313,#4247,#4255,.T.);
#4255 = LINE('',#4256,#4257);
#4256 = CARTESIAN_POINT('',(11.802,32.387358,-3.996802888651E-15));
#4257 = VECTOR('',#4258,1.);
#4258 = DIRECTION('',(0.,-1.,1.224646799147E-16));
#4259 = PLANE('',#4260);
#4260 = AXIS2_PLACEMENT_3D('',#4261,#4262,#4263);
#4261 = CARTESIAN_POINT('',(11.802,32.387358,4.586157));
#4262 = DIRECTION('',(1.,0.,0.));
#4263 = DIRECTION('',(0.,-1.224646799147E-16,-1.));
#4264 = ADVANCED_FACE('',(#4265),#4283,.T.);
#4265 = FACE_BOUND('',#4266,.T.);
#4266 = EDGE_LOOP('',(#4267,#4268,#4276,#4282));
#4267 = ORIENTED_EDGE('',*,*,#1856,.T.);
#4268 = ORIENTED_EDGE('',*,*,#4269,.T.);
#4269 = EDGE_CURVE('',#1849,#4270,#4272,.T.);
#4270 = VERTEX_POINT('',#4271);
#4271 = CARTESIAN_POINT('',(11.802,28.787358,4.586157));
#4272 = LINE('',#4273,#4274);
#4273 = CARTESIAN_POINT('',(11.802,32.387358,4.586157));
#4274 = VECTOR('',#4275,1.);
#4275 = DIRECTION('',(0.,-1.,1.224646799147E-16));
#4276 = ORIENTED_EDGE('',*,*,#4277,.T.);
#4277 = EDGE_CURVE('',#4270,#4239,#4278,.T.);
#4278 = LINE('',#4279,#4280);
#4279 = CARTESIAN_POINT('',(11.802,28.787358,4.586157));
#4280 = VECTOR('',#4281,1.);
#4281 = DIRECTION('',(0.,-1.224646799147E-16,-1.));
#4282 = ORIENTED_EDGE('',*,*,#4238,.F.);
#4283 = PLANE('',#4284);
#4284 = AXIS2_PLACEMENT_3D('',#4285,#4286,#4287);
#4285 = CARTESIAN_POINT('',(11.802,32.387358,4.586157));
#4286 = DIRECTION('',(1.,0.,0.));
#4287 = DIRECTION('',(0.,-1.224646799147E-16,-1.));
#4288 = ADVANCED_FACE('',(#4289),#4307,.F.);
#4289 = FACE_BOUND('',#4290,.F.);
#4290 = EDGE_LOOP('',(#4291,#4299,#4305,#4306));
#4291 = ORIENTED_EDGE('',*,*,#4292,.F.);
#4292 = EDGE_CURVE('',#4293,#4270,#4295,.T.);
#4293 = VERTEX_POINT('',#4294);
#4294 = CARTESIAN_POINT('',(6.775,28.787358,4.586157));
#4295 = LINE('',#4296,#4297);
#4296 = CARTESIAN_POINT('',(6.775,28.787358,4.586157));
#4297 = VECTOR('',#4298,1.);
#4298 = DIRECTION('',(1.,0.,0.));
#4299 = ORIENTED_EDGE('',*,*,#4300,.F.);
#4300 = EDGE_CURVE('',#1841,#4293,#4301,.T.);
#4301 = LINE('',#4302,#4303);
#4302 = CARTESIAN_POINT('',(6.775,32.387358,4.586157));
#4303 = VECTOR('',#4304,1.);
#4304 = DIRECTION('',(0.,-1.,1.224646799147E-16));
#4305 = ORIENTED_EDGE('',*,*,#1848,.T.);
#4306 = ORIENTED_EDGE('',*,*,#4269,.T.);
#4307 = PLANE('',#4308);
#4308 = AXIS2_PLACEMENT_3D('',#4309,#4310,#4311);
#4309 = CARTESIAN_POINT('',(6.775,32.387358,4.586157));
#4310 = DIRECTION('',(0.,-1.224646799147E-16,-1.));
#4311 = DIRECTION('',(1.,0.,0.));
#4312 = ADVANCED_FACE('',(#4313),#4331,.F.);
#4313 = FACE_BOUND('',#4314,.F.);
#4314 = EDGE_LOOP('',(#4315,#4316,#4317,#4325));
#4315 = ORIENTED_EDGE('',*,*,#1840,.T.);
#4316 = ORIENTED_EDGE('',*,*,#4300,.T.);
#4317 = ORIENTED_EDGE('',*,*,#4318,.T.);
#4318 = EDGE_CURVE('',#4293,#4319,#4321,.T.);
#4319 = VERTEX_POINT('',#4320);
#4320 = CARTESIAN_POINT('',(6.775,28.787358,2.586157));
#4321 = LINE('',#4322,#4323);
#4322 = CARTESIAN_POINT('',(6.775,28.787358,4.586157));
#4323 = VECTOR('',#4324,1.);
#4324 = DIRECTION('',(0.,-1.224646799147E-16,-1.));
#4325 = ORIENTED_EDGE('',*,*,#4326,.F.);
#4326 = EDGE_CURVE('',#1833,#4319,#4327,.T.);
#4327 = LINE('',#4328,#4329);
#4328 = CARTESIAN_POINT('',(6.775,32.387358,2.586157));
#4329 = VECTOR('',#4330,1.);
#4330 = DIRECTION('',(0.,-1.,1.224646799147E-16));
#4331 = PLANE('',#4332);
#4332 = AXIS2_PLACEMENT_3D('',#4333,#4334,#4335);
#4333 = CARTESIAN_POINT('',(6.775,32.387358,4.586157));
#4334 = DIRECTION('',(1.,0.,0.));
#4335 = DIRECTION('',(0.,-1.224646799147E-16,-1.));
#4336 = ADVANCED_FACE('',(#4337),#4355,.F.);
#4337 = FACE_BOUND('',#4338,.F.);
#4338 = EDGE_LOOP('',(#4339,#4340,#4341,#4349));
#4339 = ORIENTED_EDGE('',*,*,#1832,.T.);
#4340 = ORIENTED_EDGE('',*,*,#4326,.T.);
#4341 = ORIENTED_EDGE('',*,*,#4342,.T.);
#4342 = EDGE_CURVE('',#4319,#4343,#4345,.T.);
#4343 = VERTEX_POINT('',#4344);
#4344 = CARTESIAN_POINT('',(6.775,28.787358,-3.552713678801E-15));
#4345 = LINE('',#4346,#4347);
#4346 = CARTESIAN_POINT('',(6.775,28.787358,4.586157));
#4347 = VECTOR('',#4348,1.);
#4348 = DIRECTION('',(0.,-1.224646799147E-16,-1.));
#4349 = ORIENTED_EDGE('',*,*,#4350,.F.);
#4350 = EDGE_CURVE('',#337,#4343,#4351,.T.);
#4351 = LINE('',#4352,#4353);
#4352 = CARTESIAN_POINT('',(6.775,32.387358,-3.996802888651E-15));
#4353 = VECTOR('',#4354,1.);
#4354 = DIRECTION('',(0.,-1.,1.224646799147E-16));
#4355 = PLANE('',#4356);
#4356 = AXIS2_PLACEMENT_3D('',#4357,#4358,#4359);
#4357 = CARTESIAN_POINT('',(6.775,32.387358,4.586157));
#4358 = DIRECTION('',(1.,0.,0.));
#4359 = DIRECTION('',(0.,-1.224646799147E-16,-1.));
#4360 = ADVANCED_FACE('',(#4361),#4386,.T.);
#4361 = FACE_BOUND('',#4362,.T.);
#4362 = EDGE_LOOP('',(#4363,#4364,#4372,#4380));
#4363 = ORIENTED_EDGE('',*,*,#1825,.T.);
#4364 = ORIENTED_EDGE('',*,*,#4365,.T.);
#4365 = EDGE_CURVE('',#1818,#4366,#4368,.T.);
#4366 = VERTEX_POINT('',#4367);
#4367 = CARTESIAN_POINT('',(-6.825,28.787358,2.586157));
#4368 = LINE('',#4369,#4370);
#4369 = CARTESIAN_POINT('',(-6.825,32.387358,2.586157));
#4370 = VECTOR('',#4371,1.);
#4371 = DIRECTION('',(0.,-1.,1.224646799147E-16));
#4372 = ORIENTED_EDGE('',*,*,#4373,.T.);
#4373 = EDGE_CURVE('',#4366,#4374,#4376,.T.);
#4374 = VERTEX_POINT('',#4375);
#4375 = CARTESIAN_POINT('',(-6.825,28.787358,-7.105427357601E-15));
#4376 = LINE('',#4377,#4378);
#4377 = CARTESIAN_POINT('',(-6.825,28.787358,4.586157));
#4378 = VECTOR('',#4379,1.);
#4379 = DIRECTION('',(0.,-1.224646799147E-16,-1.));
#4380 = ORIENTED_EDGE('',*,*,#4381,.F.);
#4381 = EDGE_CURVE('',#345,#4374,#4382,.T.);
#4382 = LINE('',#4383,#4384);
#4383 = CARTESIAN_POINT('',(-6.825,32.387358,-3.996802888651E-15));
#4384 = VECTOR('',#4385,1.);
#4385 = DIRECTION('',(0.,-1.,1.224646799147E-16));
#4386 = PLANE('',#4387);
#4387 = AXIS2_PLACEMENT_3D('',#4388,#4389,#4390);
#4388 = CARTESIAN_POINT('',(-6.825,32.387358,4.586157));
#4389 = DIRECTION('',(1.,0.,0.));
#4390 = DIRECTION('',(0.,-1.224646799147E-16,-1.));
#4391 = ADVANCED_FACE('',(#4392),#4410,.T.);
#4392 = FACE_BOUND('',#4393,.T.);
#4393 = EDGE_LOOP('',(#4394,#4395,#4403,#4409));
#4394 = ORIENTED_EDGE('',*,*,#1817,.T.);
#4395 = ORIENTED_EDGE('',*,*,#4396,.T.);
#4396 = EDGE_CURVE('',#1810,#4397,#4399,.T.);
#4397 = VERTEX_POINT('',#4398);
#4398 = CARTESIAN_POINT('',(-6.825,28.787358,4.586157));
#4399 = LINE('',#4400,#4401);
#4400 = CARTESIAN_POINT('',(-6.825,32.387358,4.586157));
#4401 = VECTOR('',#4402,1.);
#4402 = DIRECTION('',(0.,-1.,1.224646799147E-16));
#4403 = ORIENTED_EDGE('',*,*,#4404,.T.);
#4404 = EDGE_CURVE('',#4397,#4366,#4405,.T.);
#4405 = LINE('',#4406,#4407);
#4406 = CARTESIAN_POINT('',(-6.825,28.787358,4.586157));
#4407 = VECTOR('',#4408,1.);
#4408 = DIRECTION('',(0.,-1.224646799147E-16,-1.));
#4409 = ORIENTED_EDGE('',*,*,#4365,.F.);
#4410 = PLANE('',#4411);
#4411 = AXIS2_PLACEMENT_3D('',#4412,#4413,#4414);
#4412 = CARTESIAN_POINT('',(-6.825,32.387358,4.586157));
#4413 = DIRECTION('',(1.,0.,0.));
#4414 = DIRECTION('',(0.,-1.224646799147E-16,-1.));
#4415 = ADVANCED_FACE('',(#4416),#4434,.F.);
#4416 = FACE_BOUND('',#4417,.F.);
#4417 = EDGE_LOOP('',(#4418,#4426,#4432,#4433));
#4418 = ORIENTED_EDGE('',*,*,#4419,.F.);
#4419 = EDGE_CURVE('',#4420,#4397,#4422,.T.);
#4420 = VERTEX_POINT('',#4421);
#4421 = CARTESIAN_POINT('',(-19.237344,28.787358,4.586157));
#4422 = LINE('',#4423,#4424);
#4423 = CARTESIAN_POINT('',(-19.237344,28.787358,4.586157));
#4424 = VECTOR('',#4425,1.);
#4425 = DIRECTION('',(1.,0.,0.));
#4426 = ORIENTED_EDGE('',*,*,#4427,.F.);
#4427 = EDGE_CURVE('',#1802,#4420,#4428,.T.);
#4428 = LINE('',#4429,#4430);
#4429 = CARTESIAN_POINT('',(-19.237344,32.387358,4.586157));
#4430 = VECTOR('',#4431,1.);
#4431 = DIRECTION('',(0.,-1.,1.224646799147E-16));
#4432 = ORIENTED_EDGE('',*,*,#1809,.T.);
#4433 = ORIENTED_EDGE('',*,*,#4396,.T.);
#4434 = PLANE('',#4435);
#4435 = AXIS2_PLACEMENT_3D('',#4436,#4437,#4438);
#4436 = CARTESIAN_POINT('',(-19.237344,32.387358,4.586157));
#4437 = DIRECTION('',(0.,-1.224646799147E-16,-1.));
#4438 = DIRECTION('',(1.,0.,0.));
#4439 = ADVANCED_FACE('',(#4440),#4458,.F.);
#4440 = FACE_BOUND('',#4441,.F.);
#4441 = EDGE_LOOP('',(#4442,#4443,#4444,#4452));
#4442 = ORIENTED_EDGE('',*,*,#1801,.T.);
#4443 = ORIENTED_EDGE('',*,*,#4427,.T.);
#4444 = ORIENTED_EDGE('',*,*,#4445,.T.);
#4445 = EDGE_CURVE('',#4420,#4446,#4448,.T.);
#4446 = VERTEX_POINT('',#4447);
#4447 = CARTESIAN_POINT('',(-19.237344,28.787358,2.586157));
#4448 = LINE('',#4449,#4450);
#4449 = CARTESIAN_POINT('',(-19.237344,28.787358,4.586157));
#4450 = VECTOR('',#4451,1.);
#4451 = DIRECTION('',(0.,-1.224646799147E-16,-1.));
#4452 = ORIENTED_EDGE('',*,*,#4453,.F.);
#4453 = EDGE_CURVE('',#1794,#4446,#4454,.T.);
#4454 = LINE('',#4455,#4456);
#4455 = CARTESIAN_POINT('',(-19.237344,32.387358,2.586157));
#4456 = VECTOR('',#4457,1.);
#4457 = DIRECTION('',(0.,-1.,1.224646799147E-16));
#4458 = PLANE('',#4459);
#4459 = AXIS2_PLACEMENT_3D('',#4460,#4461,#4462);
#4460 = CARTESIAN_POINT('',(-19.237344,32.387358,4.586157));
#4461 = DIRECTION('',(1.,0.,0.));
#4462 = DIRECTION('',(0.,-1.224646799147E-16,-1.));
#4463 = ADVANCED_FACE('',(#4464),#4482,.F.);
#4464 = FACE_BOUND('',#4465,.F.);
#4465 = EDGE_LOOP('',(#4466,#4467,#4468,#4476));
#4466 = ORIENTED_EDGE('',*,*,#1793,.T.);
#4467 = ORIENTED_EDGE('',*,*,#4453,.T.);
#4468 = ORIENTED_EDGE('',*,*,#4469,.T.);
#4469 = EDGE_CURVE('',#4446,#4470,#4472,.T.);
#4470 = VERTEX_POINT('',#4471);
#4471 = CARTESIAN_POINT('',(-19.237344,28.787358,-7.105427357601E-15));
#4472 = LINE('',#4473,#4474);
#4473 = CARTESIAN_POINT('',(-19.237344,28.787358,4.586157));
#4474 = VECTOR('',#4475,1.);
#4475 = DIRECTION('',(0.,-1.224646799147E-16,-1.));
#4476 = ORIENTED_EDGE('',*,*,#4477,.F.);
#4477 = EDGE_CURVE('',#369,#4470,#4478,.T.);
#4478 = LINE('',#4479,#4480);
#4479 = CARTESIAN_POINT('',(-19.237344,32.387358,-3.996802888651E-15));
#4480 = VECTOR('',#4481,1.);
#4481 = DIRECTION('',(0.,-1.,1.224646799147E-16));
#4482 = PLANE('',#4483);
#4483 = AXIS2_PLACEMENT_3D('',#4484,#4485,#4486);
#4484 = CARTESIAN_POINT('',(-19.237344,32.387358,4.586157));
#4485 = DIRECTION('',(1.,0.,0.));
#4486 = DIRECTION('',(0.,-1.224646799147E-16,-1.));
#4487 = ADVANCED_FACE('',(#4488),#4499,.T.);
#4488 = FACE_BOUND('',#4489,.T.);
#4489 = EDGE_LOOP('',(#4490,#4491,#4492,#4493));
#4490 = ORIENTED_EDGE('',*,*,#4477,.F.);
#4491 = ORIENTED_EDGE('',*,*,#1919,.F.);
#4492 = ORIENTED_EDGE('',*,*,#4381,.T.);
#4493 = ORIENTED_EDGE('',*,*,#4494,.F.);
#4494 = EDGE_CURVE('',#4470,#4374,#4495,.T.);
#4495 = LINE('',#4496,#4497);
#4496 = CARTESIAN_POINT('',(-19.237344,28.787358,-3.552713678801E-15));
#4497 = VECTOR('',#4498,1.);
#4498 = DIRECTION('',(1.,0.,0.));
#4499 = PLANE('',#4500);
#4500 = AXIS2_PLACEMENT_3D('',#4501,#4502,#4503);
#4501 = CARTESIAN_POINT('',(-19.237344,32.387358,-3.996802888651E-15));
#4502 = DIRECTION('',(0.,-1.224646799147E-16,-1.));
#4503 = DIRECTION('',(1.,0.,0.));
#4504 = ADVANCED_FACE('',(#4505),#4516,.T.);
#4505 = FACE_BOUND('',#4506,.T.);
#4506 = EDGE_LOOP('',(#4507,#4508,#4509,#4510));
#4507 = ORIENTED_EDGE('',*,*,#4350,.F.);
#4508 = ORIENTED_EDGE('',*,*,#1936,.F.);
#4509 = ORIENTED_EDGE('',*,*,#4254,.T.);
#4510 = ORIENTED_EDGE('',*,*,#4511,.F.);
#4511 = EDGE_CURVE('',#4343,#4247,#4512,.T.);
#4512 = LINE('',#4513,#4514);
#4513 = CARTESIAN_POINT('',(6.775,28.787358,-3.552713678801E-15));
#4514 = VECTOR('',#4515,1.);
#4515 = DIRECTION('',(1.,0.,0.));
#4516 = PLANE('',#4517);
#4517 = AXIS2_PLACEMENT_3D('',#4518,#4519,#4520);
#4518 = CARTESIAN_POINT('',(6.775,32.387358,-3.996802888651E-15));
#4519 = DIRECTION('',(0.,-1.224646799147E-16,-1.));
#4520 = DIRECTION('',(1.,0.,0.));
#4521 = ADVANCED_FACE('',(#4522),#4533,.T.);
#4522 = FACE_BOUND('',#4523,.T.);
#4523 = EDGE_LOOP('',(#4524,#4525,#4526,#4527));
#4524 = ORIENTED_EDGE('',*,*,#4223,.F.);
#4525 = ORIENTED_EDGE('',*,*,#1953,.F.);
#4526 = ORIENTED_EDGE('',*,*,#4127,.T.);
#4527 = ORIENTED_EDGE('',*,*,#4528,.F.);
#4528 = EDGE_CURVE('',#4216,#4120,#4529,.T.);
#4529 = LINE('',#4530,#4531);
#4530 = CARTESIAN_POINT('',(13.802,28.787358,-3.552713678801E-15));
#4531 = VECTOR('',#4532,1.);
#4532 = DIRECTION('',(1.,0.,0.));
#4533 = PLANE('',#4534);
#4534 = AXIS2_PLACEMENT_3D('',#4535,#4536,#4537);
#4535 = CARTESIAN_POINT('',(13.802,32.387358,-3.996802888651E-15));
#4536 = DIRECTION('',(0.,-1.224646799147E-16,-1.));
#4537 = DIRECTION('',(1.,0.,0.));
#4538 = ADVANCED_FACE('',(#4539),#4557,.F.);
#4539 = FACE_BOUND('',#4540,.F.);
#4540 = EDGE_LOOP('',(#4541,#4549,#4555,#4556));
#4541 = ORIENTED_EDGE('',*,*,#4542,.F.);
#4542 = EDGE_CURVE('',#4543,#1995,#4545,.T.);
#4543 = VERTEX_POINT('',#4544);
#4544 = CARTESIAN_POINT('',(22.537344,25.487358,2.586157));
#4545 = LINE('',#4546,#4547);
#4546 = CARTESIAN_POINT('',(21.437344,25.487358,2.586157));
#4547 = VECTOR('',#4548,1.);
#4548 = DIRECTION('',(1.,0.,0.));
#4549 = ORIENTED_EDGE('',*,*,#4550,.T.);
#4550 = EDGE_CURVE('',#4543,#3160,#4551,.T.);
#4551 = LINE('',#4552,#4553);
#4552 = CARTESIAN_POINT('',(22.537344,25.487358,4.586157));
#4553 = VECTOR('',#4554,1.);
#4554 = DIRECTION('',(0.,-1.224646799147E-16,-1.));
#4555 = ORIENTED_EDGE('',*,*,#3169,.T.);
#4556 = ORIENTED_EDGE('',*,*,#2002,.F.);
#4557 = PLANE('',#4558);
#4558 = AXIS2_PLACEMENT_3D('',#4559,#4560,#4561);
#4559 = CARTESIAN_POINT('',(22.537344,25.487358,4.586157));
#4560 = DIRECTION('',(0.,-1.,1.224646799147E-16));
#4561 = DIRECTION('',(0.,-1.224646799147E-16,-1.));
#4562 = ADVANCED_FACE('',(#4563),#4581,.F.);
#4563 = FACE_BOUND('',#4564,.F.);
#4564 = EDGE_LOOP('',(#4565,#4573,#4579,#4580));
#4565 = ORIENTED_EDGE('',*,*,#4566,.F.);
#4566 = EDGE_CURVE('',#4567,#1987,#4569,.T.);
#4567 = VERTEX_POINT('',#4568);
#4568 = CARTESIAN_POINT('',(22.537344,25.487358,4.586157));
#4569 = LINE('',#4570,#4571);
#4570 = CARTESIAN_POINT('',(21.437344,25.487358,4.586157));
#4571 = VECTOR('',#4572,1.);
#4572 = DIRECTION('',(1.,0.,0.));
#4573 = ORIENTED_EDGE('',*,*,#4574,.T.);
#4574 = EDGE_CURVE('',#4567,#4543,#4575,.T.);
#4575 = LINE('',#4576,#4577);
#4576 = CARTESIAN_POINT('',(22.537344,25.487358,4.586157));
#4577 = VECTOR('',#4578,1.);
#4578 = DIRECTION('',(0.,-1.224646799147E-16,-1.));
#4579 = ORIENTED_EDGE('',*,*,#4542,.T.);
#4580 = ORIENTED_EDGE('',*,*,#1994,.F.);
#4581 = PLANE('',#4582);
#4582 = AXIS2_PLACEMENT_3D('',#4583,#4584,#4585);
#4583 = CARTESIAN_POINT('',(21.437344,25.487358,4.586157));
#4584 = DIRECTION('',(0.,-1.,1.224646799147E-16));
#4585 = DIRECTION('',(0.,-1.224646799147E-16,-1.));
#4586 = ADVANCED_FACE('',(#4587),#4605,.F.);
#4587 = FACE_BOUND('',#4588,.F.);
#4588 = EDGE_LOOP('',(#4589,#4597,#4598,#4599));
#4589 = ORIENTED_EDGE('',*,*,#4590,.F.);
#4590 = EDGE_CURVE('',#4567,#4591,#4593,.T.);
#4591 = VERTEX_POINT('',#4592);
#4592 = CARTESIAN_POINT('',(22.537344,14.161016,4.586157));
#4593 = LINE('',#4594,#4595);
#4594 = CARTESIAN_POINT('',(22.537344,25.487358,4.586157));
#4595 = VECTOR('',#4596,1.);
#4596 = DIRECTION('',(0.,-1.,1.224646799147E-16));
#4597 = ORIENTED_EDGE('',*,*,#4566,.T.);
#4598 = ORIENTED_EDGE('',*,*,#1986,.F.);
#4599 = ORIENTED_EDGE('',*,*,#4600,.T.);
#4600 = EDGE_CURVE('',#1979,#4591,#4601,.T.);
#4601 = LINE('',#4602,#4603);
#4602 = CARTESIAN_POINT('',(14.961938,14.161016,4.586157));
#4603 = VECTOR('',#4604,1.);
#4604 = DIRECTION('',(-1.,0.,-0.));
#4605 = PLANE('',#4606);
#4606 = AXIS2_PLACEMENT_3D('',#4607,#4608,#4609);
#4607 = CARTESIAN_POINT('',(21.437344,25.487358,4.586157));
#4608 = DIRECTION('',(0.,-1.224646799147E-16,-1.));
#4609 = DIRECTION('',(1.,0.,0.));
#4610 = ADVANCED_FACE('',(#4611),#4637,.F.);
#4611 = FACE_BOUND('',#4612,.F.);
#4612 = EDGE_LOOP('',(#4613,#4614,#4622,#4630));
#4613 = ORIENTED_EDGE('',*,*,#2017,.T.);
#4614 = ORIENTED_EDGE('',*,*,#4615,.T.);
#4615 = EDGE_CURVE('',#2020,#4616,#4618,.T.);
#4616 = VERTEX_POINT('',#4617);
#4617 = CARTESIAN_POINT('',(27.537344,25.487358,4.586157));
#4618 = LINE('',#4619,#4620);
#4619 = CARTESIAN_POINT('',(21.437344,25.487358,4.586157));
#4620 = VECTOR('',#4621,1.);
#4621 = DIRECTION('',(1.,0.,0.));
#4622 = ORIENTED_EDGE('',*,*,#4623,.T.);
#4623 = EDGE_CURVE('',#4616,#4624,#4626,.T.);
#4624 = VERTEX_POINT('',#4625);
#4625 = CARTESIAN_POINT('',(27.537344,23.614863074852,4.586157));
#4626 = LINE('',#4627,#4628);
#4627 = CARTESIAN_POINT('',(27.537344,25.487358,4.586157));
#4628 = VECTOR('',#4629,1.);
#4629 = DIRECTION('',(0.,-1.,1.224646799147E-16));
#4630 = ORIENTED_EDGE('',*,*,#4631,.F.);
#4631 = EDGE_CURVE('',#2018,#4624,#4632,.T.);
#4632 = CIRCLE('',#4633,4.586157);
#4633 = AXIS2_PLACEMENT_3D('',#4634,#4635,#4636);
#4634 = CARTESIAN_POINT('',(30.437344,20.062,4.586157));
#4635 = DIRECTION('',(0.,-1.224646799147E-16,-1.));
#4636 = DIRECTION('',(1.,0.,0.));
#4637 = PLANE('',#4638);
#4638 = AXIS2_PLACEMENT_3D('',#4639,#4640,#4641);
#4639 = CARTESIAN_POINT('',(21.437344,25.487358,4.586157));
#4640 = DIRECTION('',(0.,-1.224646799147E-16,-1.));
#4641 = DIRECTION('',(1.,0.,0.));
#4642 = ADVANCED_FACE('',(#4643),#4679,.T.);
#4643 = FACE_BOUND('',#4644,.T.);
#4644 = EDGE_LOOP('',(#4645,#4646,#4655,#4662,#4671,#4678));
#4645 = ORIENTED_EDGE('',*,*,#2095,.F.);
#4646 = ORIENTED_EDGE('',*,*,#4647,.T.);
#4647 = EDGE_CURVE('',#2059,#4648,#4650,.T.);
#4648 = VERTEX_POINT('',#4649);
#4649 = CARTESIAN_POINT('',(36.737344,20.062,6.3));
#4650 = CIRCLE('',#4651,6.3);
#4651 = AXIS2_PLACEMENT_3D('',#4652,#4653,#4654);
#4652 = CARTESIAN_POINT('',(30.437344,20.062,6.3));
#4653 = DIRECTION('',(0.,-1.224646799147E-16,-1.));
#4654 = DIRECTION('',(1.,0.,0.));
#4655 = ORIENTED_EDGE('',*,*,#4656,.T.);
#4656 = EDGE_CURVE('',#4648,#4657,#4659,.T.);
#4657 = VERTEX_POINT('',#4658);
#4658 = CARTESIAN_POINT('',(34.937344,20.062,4.5));
#4659 = B_SPLINE_CURVE_WITH_KNOTS('',1,(#4660,#4661),.UNSPECIFIED.,.F.,
  .F.,(2,2),(0.,1.),.PIECEWISE_BEZIER_KNOTS.);
#4660 = CARTESIAN_POINT('',(36.737344,20.062,6.3));
#4661 = CARTESIAN_POINT('',(34.937344,20.062,4.5));
#4662 = ORIENTED_EDGE('',*,*,#4663,.F.);
#4663 = EDGE_CURVE('',#4664,#4657,#4666,.T.);
#4664 = VERTEX_POINT('',#4665);
#4665 = CARTESIAN_POINT('',(27.537344,23.502930106817,4.5));
#4666 = CIRCLE('',#4667,4.5);
#4667 = AXIS2_PLACEMENT_3D('',#4668,#4669,#4670);
#4668 = CARTESIAN_POINT('',(30.437344,20.062,4.5));
#4669 = DIRECTION('',(0.,-1.224646799147E-16,-1.));
#4670 = DIRECTION('',(1.,0.,0.));
#4671 = ORIENTED_EDGE('',*,*,#4672,.F.);
#4672 = EDGE_CURVE('',#4624,#4664,#4673,.T.);
#4673 = HYPERBOLA('',#4674,2.9,2.9);
#4674 = AXIS2_PLACEMENT_3D('',#4675,#4676,#4677);
#4675 = CARTESIAN_POINT('',(27.537344,20.062,-7.105427357601E-15));
#4676 = DIRECTION('',(1.,0.,-0.));
#4677 = DIRECTION('',(0.,1.224646799147E-16,1.));
#4678 = ORIENTED_EDGE('',*,*,#4631,.F.);
#4679 = CONICAL_SURFACE('',#4680,6.3,0.785398163397);
#4680 = AXIS2_PLACEMENT_3D('',#4681,#4682,#4683);
#4681 = CARTESIAN_POINT('',(30.437344,20.062,6.3));
#4682 = DIRECTION('',(-0.,1.224646799147E-16,1.));
#4683 = DIRECTION('',(1.,0.,0.));
#4684 = ADVANCED_FACE('',(#4685),#4695,.T.);
#4685 = FACE_BOUND('',#4686,.T.);
#4686 = EDGE_LOOP('',(#4687,#4688,#4689,#4694));
#4687 = ORIENTED_EDGE('',*,*,#2058,.F.);
#4688 = ORIENTED_EDGE('',*,*,#2259,.F.);
#4689 = ORIENTED_EDGE('',*,*,#4690,.T.);
#4690 = EDGE_CURVE('',#2260,#4648,#4691,.T.);
#4691 = B_SPLINE_CURVE_WITH_KNOTS('',1,(#4692,#4693),.UNSPECIFIED.,.F.,
  .F.,(2,2),(0.,1.),.PIECEWISE_BEZIER_KNOTS.);
#4692 = CARTESIAN_POINT('',(30.237344,20.062,18.6));
#4693 = CARTESIAN_POINT('',(36.737344,20.062,6.3));
#4694 = ORIENTED_EDGE('',*,*,#4647,.F.);
#4695 = B_SPLINE_SURFACE_WITH_KNOTS('',14,1,(
    (#4696,#4697)
    ,(#4698,#4699)
    ,(#4700,#4701)
    ,(#4702,#4703)
    ,(#4704,#4705)
    ,(#4706,#4707)
    ,(#4708,#4709)
    ,(#4710,#4711)
    ,(#4712,#4713)
    ,(#4714,#4715)
    ,(#4716,#4717)
    ,(#4718,#4719)
    ,(#4720,#4721)
    ,(#4722,#4723)
    ,(#4724,#4725
    )),.UNSPECIFIED.,.T.,.F.,.F.,(15,15),(2,2),(0.,6.28318530718),(0.,1.
    ),.PIECEWISE_BEZIER_KNOTS.);
#4696 = CARTESIAN_POINT('',(30.237344,20.062,18.6));
#4697 = CARTESIAN_POINT('',(36.737344,20.062,6.3));
#4698 = CARTESIAN_POINT('',(30.237344000003,14.766172383943,
    18.600000000001));
#4699 = CARTESIAN_POINT('',(36.737344000002,17.234566611767,6.3));
#4700 = CARTESIAN_POINT('',(27.677754537836,9.4703428131,18.599999999998
    ));
#4701 = CARTESIAN_POINT('',(35.37078352444,14.407132179872,6.3));
#4702 = CARTESIAN_POINT('',(22.558572341365,5.514731710392,18.6));
#4703 = CARTESIAN_POINT('',(32.63766082631,12.29523811657,6.299999999998
    ));
#4704 = CARTESIAN_POINT('',(15.64533874608,4.239408369359,18.60000000001
    ));
#4705 = CARTESIAN_POINT('',(28.946697127187,11.614345146355,
    6.300000000007));
#4706 = CARTESIAN_POINT('',(8.468991207224,6.504073039883,
    18.599999999968));
#4707 = CARTESIAN_POINT('',(25.115257339351,12.823445775509,
    6.299999999985));
#4708 = CARTESIAN_POINT('',(2.990651920479,12.204554106171,
    18.600000000062));
#4709 = CARTESIAN_POINT('',(22.190381279747,15.866922955043,
    6.300000000025));
#4710 = CARTESIAN_POINT('',(0.928166495749,20.061999999501,
    18.599999999916));
#4711 = CARTESIAN_POINT('',(21.089223806832,20.061999999652,
    6.299999999969));
#4712 = CARTESIAN_POINT('',(2.990651920513,27.919445894733,
    18.600000000087));
#4713 = CARTESIAN_POINT('',(22.19038127982,24.257077045585,
    6.300000000031));
#4714 = CARTESIAN_POINT('',(8.468991207172,33.619926959448,
    18.59999999993));
#4715 = CARTESIAN_POINT('',(25.115257339241,27.300554224033,
    6.299999999976));
#4716 = CARTESIAN_POINT('',(15.645338746127,35.884591631042,
    18.600000000044));
#4717 = CARTESIAN_POINT('',(28.946697127285,28.509654853913,
    6.300000000015));
#4718 = CARTESIAN_POINT('',(22.558572341336,34.609268289419,
    18.599999999978));
#4719 = CARTESIAN_POINT('',(32.637660826249,27.828761883307,
    6.299999999993));
#4720 = CARTESIAN_POINT('',(27.677754537848,30.653657186966,
    18.600000000008));
#4721 = CARTESIAN_POINT('',(35.370783524465,25.716867820169,
    6.300000000003));
#4722 = CARTESIAN_POINT('',(30.237344,25.357827616043,18.599999999998));
#4723 = CARTESIAN_POINT('',(36.737343999996,22.889433388224,
    6.299999999999));
#4724 = CARTESIAN_POINT('',(30.237344,20.062,18.6));
#4725 = CARTESIAN_POINT('',(36.737344,20.062,6.3));
#4726 = ADVANCED_FACE('',(#4727),#4745,.F.);
#4727 = FACE_BOUND('',#4728,.F.);
#4728 = EDGE_LOOP('',(#4729,#4737,#4738,#4739));
#4729 = ORIENTED_EDGE('',*,*,#4730,.F.);
#4730 = EDGE_CURVE('',#2028,#4731,#4733,.T.);
#4731 = VERTEX_POINT('',#4732);
#4732 = CARTESIAN_POINT('',(27.537344,25.487358,2.586157));
#4733 = LINE('',#4734,#4735);
#4734 = CARTESIAN_POINT('',(21.437344,25.487358,2.586157));
#4735 = VECTOR('',#4736,1.);
#4736 = DIRECTION('',(1.,0.,0.));
#4737 = ORIENTED_EDGE('',*,*,#2035,.T.);
#4738 = ORIENTED_EDGE('',*,*,#3341,.T.);
#4739 = ORIENTED_EDGE('',*,*,#4740,.F.);
#4740 = EDGE_CURVE('',#4731,#3342,#4741,.T.);
#4741 = LINE('',#4742,#4743);
#4742 = CARTESIAN_POINT('',(27.537344,25.487358,4.586157));
#4743 = VECTOR('',#4744,1.);
#4744 = DIRECTION('',(0.,-1.224646799147E-16,-1.));
#4745 = PLANE('',#4746);
#4746 = AXIS2_PLACEMENT_3D('',#4747,#4748,#4749);
#4747 = CARTESIAN_POINT('',(22.537344,25.487358,4.586157));
#4748 = DIRECTION('',(0.,-1.,1.224646799147E-16));
#4749 = DIRECTION('',(0.,-1.224646799147E-16,-1.));
#4750 = ADVANCED_FACE('',(#4751),#4762,.F.);
#4751 = FACE_BOUND('',#4752,.F.);
#4752 = EDGE_LOOP('',(#4753,#4754,#4755,#4756));
#4753 = ORIENTED_EDGE('',*,*,#4615,.F.);
#4754 = ORIENTED_EDGE('',*,*,#2027,.T.);
#4755 = ORIENTED_EDGE('',*,*,#4730,.T.);
#4756 = ORIENTED_EDGE('',*,*,#4757,.F.);
#4757 = EDGE_CURVE('',#4616,#4731,#4758,.T.);
#4758 = LINE('',#4759,#4760);
#4759 = CARTESIAN_POINT('',(27.537344,25.487358,4.586157));
#4760 = VECTOR('',#4761,1.);
#4761 = DIRECTION('',(0.,-1.224646799147E-16,-1.));
#4762 = PLANE('',#4763);
#4763 = AXIS2_PLACEMENT_3D('',#4764,#4765,#4766);
#4764 = CARTESIAN_POINT('',(21.437344,25.487358,4.586157));
#4765 = DIRECTION('',(0.,-1.,1.224646799147E-16));
#4766 = DIRECTION('',(0.,-1.224646799147E-16,-1.));
#4767 = ADVANCED_FACE('',(#4768),#4774,.F.);
#4768 = FACE_BOUND('',#4769,.F.);
#4769 = EDGE_LOOP('',(#4770,#4771,#4772,#4773));
#4770 = ORIENTED_EDGE('',*,*,#2218,.F.);
#4771 = ORIENTED_EDGE('',*,*,#2977,.T.);
#4772 = ORIENTED_EDGE('',*,*,#2952,.F.);
#4773 = ORIENTED_EDGE('',*,*,#2203,.T.);
#4774 = PLANE('',#4775);
#4775 = AXIS2_PLACEMENT_3D('',#4776,#4777,#4778);
#4776 = CARTESIAN_POINT('',(24.937344,-32.787358,6.6));
#4777 = DIRECTION('',(0.,1.,-1.224646799147E-16));
#4778 = DIRECTION('',(-1.,-0.,0.));
#4779 = ADVANCED_FACE('',(#4780),#4828,.T.);
#4780 = FACE_BOUND('',#4781,.T.);
#4781 = EDGE_LOOP('',(#4782,#4783,#4784,#4793));
#4782 = ORIENTED_EDGE('',*,*,#2365,.F.);
#4783 = ORIENTED_EDGE('',*,*,#2993,.T.);
#4784 = ORIENTED_EDGE('',*,*,#4785,.F.);
#4785 = EDGE_CURVE('',#4786,#2994,#4788,.T.);
#4786 = VERTEX_POINT('',#4787);
#4787 = CARTESIAN_POINT('',(27.437344,-16.39814440621,6.3));
#4788 = CIRCLE('',#4789,6.3);
#4789 = AXIS2_PLACEMENT_3D('',#4790,#4791,#4792);
#4790 = CARTESIAN_POINT('',(30.437344,-21.938,6.3));
#4791 = DIRECTION('',(0.,-1.224646799147E-16,-1.));
#4792 = DIRECTION('',(1.,0.,0.));
#4793 = ORIENTED_EDGE('',*,*,#4794,.F.);
#4794 = EDGE_CURVE('',#2358,#4786,#4795,.T.);
#4795 = B_SPLINE_CURVE_WITH_KNOTS('',6,(#4796,#4797,#4798,#4799,#4800,
    #4801,#4802,#4803,#4804,#4805,#4806,#4807,#4808,#4809,#4810,#4811,
    #4812,#4813,#4814,#4815,#4816,#4817,#4818,#4819,#4820,#4821,#4822,
    #4823,#4824,#4825,#4826,#4827),.UNSPECIFIED.,.F.,.F.,(7,5,5,5,5,5,7)
  ,(0.,0.10694497306,0.365137784837,0.585340350838,0.676101167224,
    0.806259419712,1.),.UNSPECIFIED.);
#4796 = CARTESIAN_POINT('',(27.437344,-14.30648639989,18.6));
#4797 = CARTESIAN_POINT('',(27.437344,-14.20752144213,18.384463931863));
#4798 = CARTESIAN_POINT('',(27.437344,-14.1143751104,18.16628404419));
#4799 = CARTESIAN_POINT('',(27.437344,-14.02706420021,17.945687756524));
#4800 = CARTESIAN_POINT('',(27.437344,-13.94560120191,17.722894878942));
#4801 = CARTESIAN_POINT('',(27.437344,-13.86999430067,17.498117612058));
#4802 = CARTESIAN_POINT('',(27.437344,-13.6318602711,16.724593223781));
#4803 = CARTESIAN_POINT('',(27.437344,-13.49764192411,16.167289898966));
#4804 = CARTESIAN_POINT('',(27.437344,-13.39762760576,15.602464217765));
#4805 = CARTESIAN_POINT('',(27.437344,-13.33182389047,15.032818166863));
#4806 = CARTESIAN_POINT('',(27.437344,-13.30018302034,14.460948287776));
#4807 = CARTESIAN_POINT('',(27.437344,-13.30481033275,13.401832895233));
#4808 = CARTESIAN_POINT('',(27.437344,-13.33177074475,12.914554003399));
#4809 = CARTESIAN_POINT('',(27.437344,-13.38354205549,12.42905487223));
#4810 = CARTESIAN_POINT('',(27.437344,-13.46010399704,11.946939564993));
#4811 = CARTESIAN_POINT('',(27.437344,-13.5614220805,11.46986199249));
#4812 = CARTESIAN_POINT('',(27.437344,-13.73937236639,10.805667480897));
#4813 = CARTESIAN_POINT('',(27.437344,-13.79550503357,10.612957193178));
#4814 = CARTESIAN_POINT('',(27.437344,-13.85582739995,10.421516201979));
#4815 = CARTESIAN_POINT('',(27.437344,-13.92033296132,10.23146906829));
#4816 = CARTESIAN_POINT('',(27.437344,-13.98901336504,10.042943640905));
#4817 = CARTESIAN_POINT('',(27.437344,-14.16632401702,9.58808085976));
#4818 = CARTESIAN_POINT('',(27.437344,-14.27935387015,9.323491141081));
#4819 = CARTESIAN_POINT('',(27.437344,-14.40091741487,9.062687468211));
#4820 = CARTESIAN_POINT('',(27.437344,-14.53097224408,8.806075061739));
#4821 = CARTESIAN_POINT('',(27.437344,-14.66946003628,8.554076758302));
#4822 = CARTESIAN_POINT('',(27.437344,-15.03487751559,7.939552133));
#4823 = CARTESIAN_POINT('',(27.437344,-15.27196118032,7.583172013125));
#4824 = CARTESIAN_POINT('',(27.437344,-15.52729403576,7.239435162612));
#4825 = CARTESIAN_POINT('',(27.437344,-15.80049920184,6.909900378575));
#4826 = CARTESIAN_POINT('',(27.437344,-16.09103446934,6.596200133188));
#4827 = CARTESIAN_POINT('',(27.437344,-16.39814439875,6.3));
#4828 = B_SPLINE_SURFACE_WITH_KNOTS('',14,1,(
    (#4829,#4830)
    ,(#4831,#4832)
    ,(#4833,#4834)
    ,(#4835,#4836)
    ,(#4837,#4838)
    ,(#4839,#4840)
    ,(#4841,#4842)
    ,(#4843,#4844)
    ,(#4845,#4846)
    ,(#4847,#4848)
    ,(#4849,#4850)
    ,(#4851,#4852)
    ,(#4853,#4854)
    ,(#4855,#4856)
    ,(#4857,#4858
    )),.UNSPECIFIED.,.T.,.F.,.F.,(15,15),(2,2),(0.,6.28318530718),(0.,1.
    ),.PIECEWISE_BEZIER_KNOTS.);
#4829 = CARTESIAN_POINT('',(30.237344,-21.938,18.6));
#4830 = CARTESIAN_POINT('',(36.737344,-21.938,6.3));
#4831 = CARTESIAN_POINT('',(30.237344000003,-27.23382761605,
    18.600000000001));
#4832 = CARTESIAN_POINT('',(36.737344000002,-24.76543338823,6.3));
#4833 = CARTESIAN_POINT('',(27.677754537836,-32.52965718691,
    18.599999999998));
#4834 = CARTESIAN_POINT('',(35.37078352444,-27.59286782012,6.3));
#4835 = CARTESIAN_POINT('',(22.558572341365,-36.48526828956,18.6));
#4836 = CARTESIAN_POINT('',(32.63766082631,-29.70476188341,
    6.299999999998));
#4837 = CARTESIAN_POINT('',(15.64533874608,-37.76059163077,
    18.60000000001));
#4838 = CARTESIAN_POINT('',(28.946697127187,-30.38565485371,
    6.300000000007));
#4839 = CARTESIAN_POINT('',(8.468991207224,-35.49592695983,
    18.599999999968));
#4840 = CARTESIAN_POINT('',(25.115257339351,-29.17655422432,
    6.299999999985));
#4841 = CARTESIAN_POINT('',(2.990651920479,-29.79544589427,
    18.600000000062));
#4842 = CARTESIAN_POINT('',(22.190381279747,-26.13307704525,
    6.300000000025));
#4843 = CARTESIAN_POINT('',(0.928166495749,-21.93799999993,
    18.599999999916));
#4844 = CARTESIAN_POINT('',(21.089223806832,-21.93799999994,
    6.299999999969));
#4845 = CARTESIAN_POINT('',(2.990651920513,-14.08055410583,
    18.600000000087));
#4846 = CARTESIAN_POINT('',(22.19038127982,-17.74292295483,
    6.300000000031));
#4847 = CARTESIAN_POINT('',(8.468991207172,-8.380073040101,
    18.59999999993));
#4848 = CARTESIAN_POINT('',(25.115257339241,-14.69944577562,
    6.299999999976));
#4849 = CARTESIAN_POINT('',(15.645338746127,-6.115408369245,
    18.600000000044));
#4850 = CARTESIAN_POINT('',(28.946697127285,-13.4903451463,
    6.300000000015));
#4851 = CARTESIAN_POINT('',(22.558572341336,-7.39073171044,
    18.599999999978));
#4852 = CARTESIAN_POINT('',(32.637660826249,-14.17123811658,
    6.299999999993));
#4853 = CARTESIAN_POINT('',(27.677754537848,-11.34634281308,
    18.600000000008));
#4854 = CARTESIAN_POINT('',(35.370783524465,-16.28313217987,
    6.300000000003));
#4855 = CARTESIAN_POINT('',(30.237344,-16.64217238394,18.599999999998));
#4856 = CARTESIAN_POINT('',(36.737343999996,-19.11056661176,
    6.299999999999));
#4857 = CARTESIAN_POINT('',(30.237344,-21.938,18.6));
#4858 = CARTESIAN_POINT('',(36.737344,-21.938,6.3));
#4859 = ADVANCED_FACE('',(#4860),#4925,.T.);
#4860 = FACE_BOUND('',#4861,.T.);
#4861 = EDGE_LOOP('',(#4862,#4899,#4900,#4901,#4910,#4918));
#4862 = ORIENTED_EDGE('',*,*,#4863,.F.);
#4863 = EDGE_CURVE('',#2302,#4864,#4866,.T.);
#4864 = VERTEX_POINT('',#4865);
#4865 = CARTESIAN_POINT('',(27.437344,14.522144406214,6.3));
#4866 = B_SPLINE_CURVE_WITH_KNOTS('',6,(#4867,#4868,#4869,#4870,#4871,
    #4872,#4873,#4874,#4875,#4876,#4877,#4878,#4879,#4880,#4881,#4882,
    #4883,#4884,#4885,#4886,#4887,#4888,#4889,#4890,#4891,#4892,#4893,
    #4894,#4895,#4896,#4897,#4898),.UNSPECIFIED.,.F.,.F.,(7,5,5,5,5,5,7)
  ,(0.,0.10694497306,0.365137784837,0.585340350838,0.676101167224,
    0.806259419712,1.),.UNSPECIFIED.);
#4867 = CARTESIAN_POINT('',(27.437344,12.430486399892,18.6));
#4868 = CARTESIAN_POINT('',(27.437344,12.33152144213,18.384463931863));
#4869 = CARTESIAN_POINT('',(27.437344,12.238375110405,18.16628404419));
#4870 = CARTESIAN_POINT('',(27.437344,12.151064200217,17.945687756524));
#4871 = CARTESIAN_POINT('',(27.437344,12.069601201912,17.722894878942));
#4872 = CARTESIAN_POINT('',(27.437344,11.993994300676,17.498117612058));
#4873 = CARTESIAN_POINT('',(27.437344,11.755860271104,16.724593223781));
#4874 = CARTESIAN_POINT('',(27.437344,11.621641924118,16.167289898968));
#4875 = CARTESIAN_POINT('',(27.437344,11.521627605764,15.602464217763));
#4876 = CARTESIAN_POINT('',(27.437344,11.455823890473,15.032818166865));
#4877 = CARTESIAN_POINT('',(27.437344,11.424183020349,14.460948287776));
#4878 = CARTESIAN_POINT('',(27.437344,11.428810332757,13.401832895233));
#4879 = CARTESIAN_POINT('',(27.437344,11.455770744754,12.914554003399));
#4880 = CARTESIAN_POINT('',(27.437344,11.507542055492,12.42905487223));
#4881 = CARTESIAN_POINT('',(27.437344,11.584103997046,11.946939564993));
#4882 = CARTESIAN_POINT('',(27.437344,11.685422080508,11.46986199249));
#4883 = CARTESIAN_POINT('',(27.437344,11.863372366392,10.805667480898));
#4884 = CARTESIAN_POINT('',(27.437344,11.919505033575,10.612957193178));
#4885 = CARTESIAN_POINT('',(27.437344,11.979827399959,10.421516201979));
#4886 = CARTESIAN_POINT('',(27.437344,12.04433296132,10.23146906829));
#4887 = CARTESIAN_POINT('',(27.437344,12.113013365041,10.042943640906));
#4888 = CARTESIAN_POINT('',(27.437344,12.290324017029,9.58808085976));
#4889 = CARTESIAN_POINT('',(27.437344,12.403353870156,9.323491141081));
#4890 = CARTESIAN_POINT('',(27.437344,12.524917414877,9.062687468211));
#4891 = CARTESIAN_POINT('',(27.437344,12.654972244088,8.806075061739));
#4892 = CARTESIAN_POINT('',(27.437344,12.79346003628,8.554076758302));
#4893 = CARTESIAN_POINT('',(27.437344,13.158877515593,7.939552133));
#4894 = CARTESIAN_POINT('',(27.437344,13.395961180329,7.583172013125));
#4895 = CARTESIAN_POINT('',(27.437344,13.651294035769,7.239435162612));
#4896 = CARTESIAN_POINT('',(27.437344,13.924499201848,6.909900378575));
#4897 = CARTESIAN_POINT('',(27.437344,14.215034469346,6.596200133188));
#4898 = CARTESIAN_POINT('',(27.437344,14.522144398751,6.3));
#4899 = ORIENTED_EDGE('',*,*,#2357,.F.);
#4900 = ORIENTED_EDGE('',*,*,#4794,.T.);
#4901 = ORIENTED_EDGE('',*,*,#4902,.T.);
#4902 = EDGE_CURVE('',#4786,#4903,#4905,.T.);
#4903 = VERTEX_POINT('',#4904);
#4904 = CARTESIAN_POINT('',(27.437344,-18.46916215013,4.586157));
#4905 = HYPERBOLA('',#4906,3.,3.);
#4906 = AXIS2_PLACEMENT_3D('',#4907,#4908,#4909);
#4907 = CARTESIAN_POINT('',(27.437344,-21.938,0.));
#4908 = DIRECTION('',(1.,-4.50616519717E-32,-3.679563120001E-16));
#4909 = DIRECTION('',(3.679563120001E-16,1.224646799147E-16,1.));
#4910 = ORIENTED_EDGE('',*,*,#4911,.T.);
#4911 = EDGE_CURVE('',#4903,#4912,#4914,.T.);
#4912 = VERTEX_POINT('',#4913);
#4913 = CARTESIAN_POINT('',(27.437344,16.593162150136,4.586157));
#4914 = LINE('',#4915,#4916);
#4915 = CARTESIAN_POINT('',(27.437344,12.618679,4.586157));
#4916 = VECTOR('',#4917,1.);
#4917 = DIRECTION('',(0.,1.,-1.224646799147E-16));
#4918 = ORIENTED_EDGE('',*,*,#4919,.T.);
#4919 = EDGE_CURVE('',#4912,#4864,#4920,.T.);
#4920 = HYPERBOLA('',#4921,3.,3.);
#4921 = AXIS2_PLACEMENT_3D('',#4922,#4923,#4924);
#4922 = CARTESIAN_POINT('',(27.437344,20.062,-7.105427357601E-15));
#4923 = DIRECTION('',(1.,-4.50616519717E-32,-3.679563120001E-16));
#4924 = DIRECTION('',(3.679563120001E-16,1.224646799147E-16,1.));
#4925 = PLANE('',#4926);
#4926 = AXIS2_PLACEMENT_3D('',#4927,#4928,#4929);
#4927 = CARTESIAN_POINT('',(27.437344,-0.25,10.7430785));
#4928 = DIRECTION('',(1.,-4.50616519717E-32,-3.679563120001E-16));
#4929 = DIRECTION('',(3.679563120001E-16,1.224646799147E-16,1.));
#4930 = ADVANCED_FACE('',(#4931),#4943,.T.);
#4931 = FACE_BOUND('',#4932,.T.);
#4932 = EDGE_LOOP('',(#4933,#4934,#4935,#4936));
#4933 = ORIENTED_EDGE('',*,*,#4690,.F.);
#4934 = ORIENTED_EDGE('',*,*,#2301,.F.);
#4935 = ORIENTED_EDGE('',*,*,#4863,.T.);
#4936 = ORIENTED_EDGE('',*,*,#4937,.F.);
#4937 = EDGE_CURVE('',#4648,#4864,#4938,.T.);
#4938 = CIRCLE('',#4939,6.3);
#4939 = AXIS2_PLACEMENT_3D('',#4940,#4941,#4942);
#4940 = CARTESIAN_POINT('',(30.437344,20.062,6.3));
#4941 = DIRECTION('',(0.,-1.224646799147E-16,-1.));
#4942 = DIRECTION('',(1.,0.,0.));
#4943 = B_SPLINE_SURFACE_WITH_KNOTS('',14,1,(
    (#4944,#4945)
    ,(#4946,#4947)
    ,(#4948,#4949)
    ,(#4950,#4951)
    ,(#4952,#4953)
    ,(#4954,#4955)
    ,(#4956,#4957)
    ,(#4958,#4959)
    ,(#4960,#4961)
    ,(#4962,#4963)
    ,(#4964,#4965)
    ,(#4966,#4967)
    ,(#4968,#4969)
    ,(#4970,#4971)
    ,(#4972,#4973
    )),.UNSPECIFIED.,.T.,.F.,.F.,(15,15),(2,2),(0.,6.28318530718),(0.,1.
    ),.PIECEWISE_BEZIER_KNOTS.);
#4944 = CARTESIAN_POINT('',(30.237344,20.062,18.6));
#4945 = CARTESIAN_POINT('',(36.737344,20.062,6.3));
#4946 = CARTESIAN_POINT('',(30.237344000003,14.766172383943,
    18.600000000001));
#4947 = CARTESIAN_POINT('',(36.737344000002,17.234566611767,6.3));
#4948 = CARTESIAN_POINT('',(27.677754537836,9.4703428131,18.599999999998
    ));
#4949 = CARTESIAN_POINT('',(35.37078352444,14.407132179872,6.3));
#4950 = CARTESIAN_POINT('',(22.558572341365,5.514731710392,18.6));
#4951 = CARTESIAN_POINT('',(32.63766082631,12.29523811657,6.299999999998
    ));
#4952 = CARTESIAN_POINT('',(15.64533874608,4.239408369359,18.60000000001
    ));
#4953 = CARTESIAN_POINT('',(28.946697127187,11.614345146355,
    6.300000000007));
#4954 = CARTESIAN_POINT('',(8.468991207224,6.504073039883,
    18.599999999968));
#4955 = CARTESIAN_POINT('',(25.115257339351,12.823445775509,
    6.299999999985));
#4956 = CARTESIAN_POINT('',(2.990651920479,12.204554106171,
    18.600000000062));
#4957 = CARTESIAN_POINT('',(22.190381279747,15.866922955043,
    6.300000000025));
#4958 = CARTESIAN_POINT('',(0.928166495749,20.061999999501,
    18.599999999916));
#4959 = CARTESIAN_POINT('',(21.089223806832,20.061999999652,
    6.299999999969));
#4960 = CARTESIAN_POINT('',(2.990651920513,27.919445894733,
    18.600000000087));
#4961 = CARTESIAN_POINT('',(22.19038127982,24.257077045585,
    6.300000000031));
#4962 = CARTESIAN_POINT('',(8.468991207172,33.619926959448,
    18.59999999993));
#4963 = CARTESIAN_POINT('',(25.115257339241,27.300554224033,
    6.299999999976));
#4964 = CARTESIAN_POINT('',(15.645338746127,35.884591631042,
    18.600000000044));
#4965 = CARTESIAN_POINT('',(28.946697127285,28.509654853913,
    6.300000000015));
#4966 = CARTESIAN_POINT('',(22.558572341336,34.609268289419,
    18.599999999978));
#4967 = CARTESIAN_POINT('',(32.637660826249,27.828761883307,
    6.299999999993));
#4968 = CARTESIAN_POINT('',(27.677754537848,30.653657186966,
    18.600000000008));
#4969 = CARTESIAN_POINT('',(35.370783524465,25.716867820169,
    6.300000000003));
#4970 = CARTESIAN_POINT('',(30.237344,25.357827616043,18.599999999998));
#4971 = CARTESIAN_POINT('',(36.737343999996,22.889433388224,
    6.299999999999));
#4972 = CARTESIAN_POINT('',(30.237344,20.062,18.6));
#4973 = CARTESIAN_POINT('',(36.737344,20.062,6.3));
#4974 = ADVANCED_FACE('',(#4975),#5005,.F.);
#4975 = FACE_BOUND('',#4976,.F.);
#4976 = EDGE_LOOP('',(#4977,#4984,#4985,#4990,#4997,#5004));
#4977 = ORIENTED_EDGE('',*,*,#4978,.F.);
#4978 = EDGE_CURVE('',#2486,#4979,#4981,.T.);
#4979 = VERTEX_POINT('',#4980);
#4980 = CARTESIAN_POINT('',(33.843710588219,20.062,6.575742711343));
#4981 = B_SPLINE_CURVE_WITH_KNOTS('',1,(#4982,#4983),.UNSPECIFIED.,.F.,
  .F.,(2,2),(0.,1.),.PIECEWISE_BEZIER_KNOTS.);
#4982 = CARTESIAN_POINT('',(33.830716071869,20.039492837462,6.6));
#4983 = CARTESIAN_POINT('',(33.843710588219,20.062,6.575742711343));
#4984 = ORIENTED_EDGE('',*,*,#2483,.F.);
#4985 = ORIENTED_EDGE('',*,*,#4986,.F.);
#4986 = EDGE_CURVE('',#4979,#2484,#4987,.T.);
#4987 = B_SPLINE_CURVE_WITH_KNOTS('',1,(#4988,#4989),.UNSPECIFIED.,.F.,
  .F.,(2,2),(0.,1.),.PIECEWISE_BEZIER_KNOTS.);
#4988 = CARTESIAN_POINT('',(33.843710588219,20.062,6.575742711343));
#4989 = CARTESIAN_POINT('',(33.830716071869,20.084507162538,6.6));
#4990 = ORIENTED_EDGE('',*,*,#4991,.T.);
#4991 = EDGE_CURVE('',#4979,#4992,#4994,.T.);
#4992 = VERTEX_POINT('',#4993);
#4993 = CARTESIAN_POINT('',(33.937344,20.062,6.4));
#4994 = B_SPLINE_CURVE_WITH_KNOTS('',1,(#4995,#4996),.UNSPECIFIED.,.F.,
  .F.,(2,2),(0.,1.),.PIECEWISE_BEZIER_KNOTS.);
#4995 = CARTESIAN_POINT('',(27.437344,20.062,18.6));
#4996 = CARTESIAN_POINT('',(33.937344,20.062,6.4));
#4997 = ORIENTED_EDGE('',*,*,#4998,.F.);
#4998 = EDGE_CURVE('',#4992,#4992,#4999,.T.);
#4999 = CIRCLE('',#5000,3.5);
#5000 = AXIS2_PLACEMENT_3D('',#5001,#5002,#5003);
#5001 = CARTESIAN_POINT('',(30.437344,20.062,6.4));
#5002 = DIRECTION('',(0.,-1.224646799147E-16,-1.));
#5003 = DIRECTION('',(1.,0.,0.));
#5004 = ORIENTED_EDGE('',*,*,#4991,.F.);
#5005 = B_SPLINE_SURFACE_WITH_KNOTS('',14,1,(
    (#5006,#5007)
    ,(#5008,#5009)
    ,(#5010,#5011)
    ,(#5012,#5013)
    ,(#5014,#5015)
    ,(#5016,#5017)
    ,(#5018,#5019)
    ,(#5020,#5021)
    ,(#5022,#5023)
    ,(#5024,#5025)
    ,(#5026,#5027)
    ,(#5028,#5029)
    ,(#5030,#5031)
    ,(#5032,#5033)
    ,(#5034,#5035
    )),.UNSPECIFIED.,.T.,.F.,.F.,(15,15),(2,2),(0.,6.28318530718),(0.,1.
    ),.PIECEWISE_BEZIER_KNOTS.);
#5006 = CARTESIAN_POINT('',(27.437344,20.062,18.6));
#5007 = CARTESIAN_POINT('',(33.937344,20.062,6.4));
#5008 = CARTESIAN_POINT('',(27.437344000002,16.022809445378,
    18.600000000001));
#5009 = CARTESIAN_POINT('',(33.937343999998,18.491203673205,6.4));
#5010 = CARTESIAN_POINT('',(25.485114749198,11.98361739983,
    18.599999999998));
#5011 = CARTESIAN_POINT('',(33.17813949551,16.920406766589,
    6.400000000001));
#5012 = CARTESIAN_POINT('',(21.580653751884,8.966625880783,18.6));
#5013 = CARTESIAN_POINT('',(31.65977191892,15.747132287007,
    6.399999999998));
#5014 = CARTESIAN_POINT('',(16.307848467362,7.993921637701,
    18.60000000001));
#5015 = CARTESIAN_POINT('',(29.609101611916,15.368858414583,
    6.400000000003));
#5016 = CARTESIAN_POINT('',(10.83436305633,9.721208250661,
    18.599999999968));
#5017 = CARTESIAN_POINT('',(27.480869729202,16.040580986506,
    6.399999999997));
#5018 = CARTESIAN_POINT('',(6.655968685157,14.069032792981,
    18.600000000062));
#5019 = CARTESIAN_POINT('',(25.855312176922,17.731401641521,
    6.400000000001));
#5020 = CARTESIAN_POINT('',(5.082886581443,20.061999999458,
    18.599999999916));
#5021 = CARTESIAN_POINT('',(25.244394071342,20.062000000006,
    6.400000000001));
#5022 = CARTESIAN_POINT('',(6.6559686852,26.054967208,18.600000000087));
#5023 = CARTESIAN_POINT('',(25.855312176884,22.392598358474,
    6.399999999998));
#5024 = CARTESIAN_POINT('',(10.834363056264,30.402791748613,
    18.59999999993));
#5025 = CARTESIAN_POINT('',(27.480869729258,24.083419013486,
    6.400000000001));
#5026 = CARTESIAN_POINT('',(16.307848467421,32.130078362733,
    18.600000000044));
#5027 = CARTESIAN_POINT('',(29.609101611867,24.755141585432,6.4));
#5028 = CARTESIAN_POINT('',(21.580653751847,31.157374119013,
    18.599999999978));
#5029 = CARTESIAN_POINT('',(31.659771918949,24.376867712981,6.4));
#5030 = CARTESIAN_POINT('',(25.485114749213,28.14038260024,
    18.600000000008));
#5031 = CARTESIAN_POINT('',(33.178139495498,23.203593233417,6.4));
#5032 = CARTESIAN_POINT('',(27.437343999998,24.101190554607,
    18.599999999998));
#5033 = CARTESIAN_POINT('',(33.937344000001,21.632796326793,6.4));
#5034 = CARTESIAN_POINT('',(27.437344,20.062,18.6));
#5035 = CARTESIAN_POINT('',(33.937344,20.062,6.4));
#5036 = ADVANCED_FACE('',(#5037),#5047,.T.);
#5037 = FACE_BOUND('',#5038,.T.);
#5038 = EDGE_LOOP('',(#5039,#5040,#5041));
#5039 = ORIENTED_EDGE('',*,*,#2548,.F.);
#5040 = ORIENTED_EDGE('',*,*,#4986,.F.);
#5041 = ORIENTED_EDGE('',*,*,#5042,.F.);
#5042 = EDGE_CURVE('',#2541,#4979,#5043,.T.);
#5043 = LINE('',#5044,#5045);
#5044 = CARTESIAN_POINT('',(33.843710588219,20.062,6.6));
#5045 = VECTOR('',#5046,1.);
#5046 = DIRECTION('',(0.,-1.224646799147E-16,-1.));
#5047 = PLANE('',#5048);
#5048 = AXIS2_PLACEMENT_3D('',#5049,#5050,#5051);
#5049 = CARTESIAN_POINT('',(32.140527294109,23.012,6.6));
#5050 = DIRECTION('',(-0.866025403784,-0.5,6.123233995737E-17));
#5051 = DIRECTION('',(0.5,-0.866025403784,1.060575238725E-16));
#5052 = ADVANCED_FACE('',(#5053),#5058,.T.);
#5053 = FACE_BOUND('',#5054,.T.);
#5054 = EDGE_LOOP('',(#5055,#5056,#5057));
#5055 = ORIENTED_EDGE('',*,*,#2540,.F.);
#5056 = ORIENTED_EDGE('',*,*,#5042,.T.);
#5057 = ORIENTED_EDGE('',*,*,#4978,.F.);
#5058 = PLANE('',#5059);
#5059 = AXIS2_PLACEMENT_3D('',#5060,#5061,#5062);
#5060 = CARTESIAN_POINT('',(33.843710588219,20.062,6.6));
#5061 = DIRECTION('',(-0.866025403784,0.5,-6.123233995737E-17));
#5062 = DIRECTION('',(-0.5,-0.866025403784,1.060575238725E-16));
#5063 = ADVANCED_FACE('',(#5064),#5094,.F.);
#5064 = FACE_BOUND('',#5065,.F.);
#5065 = EDGE_LOOP('',(#5066,#5073,#5074,#5079,#5086,#5093));
#5066 = ORIENTED_EDGE('',*,*,#5067,.F.);
#5067 = EDGE_CURVE('',#2559,#5068,#5070,.T.);
#5068 = VERTEX_POINT('',#5069);
#5069 = CARTESIAN_POINT('',(33.843710588219,-21.938,6.575742711343));
#5070 = B_SPLINE_CURVE_WITH_KNOTS('',1,(#5071,#5072),.UNSPECIFIED.,.F.,
  .F.,(2,2),(0.,1.),.PIECEWISE_BEZIER_KNOTS.);
#5071 = CARTESIAN_POINT('',(33.830716071869,-21.96050716253,6.6));
#5072 = CARTESIAN_POINT('',(33.843710588219,-21.938,6.575742711343));
#5073 = ORIENTED_EDGE('',*,*,#2556,.F.);
#5074 = ORIENTED_EDGE('',*,*,#5075,.F.);
#5075 = EDGE_CURVE('',#5068,#2557,#5076,.T.);
#5076 = B_SPLINE_CURVE_WITH_KNOTS('',1,(#5077,#5078),.UNSPECIFIED.,.F.,
  .F.,(2,2),(0.,1.),.PIECEWISE_BEZIER_KNOTS.);
#5077 = CARTESIAN_POINT('',(33.843710588219,-21.938,6.575742711343));
#5078 = CARTESIAN_POINT('',(33.830716071869,-21.91549283746,6.6));
#5079 = ORIENTED_EDGE('',*,*,#5080,.T.);
#5080 = EDGE_CURVE('',#5068,#5081,#5083,.T.);
#5081 = VERTEX_POINT('',#5082);
#5082 = CARTESIAN_POINT('',(33.937344,-21.938,6.4));
#5083 = B_SPLINE_CURVE_WITH_KNOTS('',1,(#5084,#5085),.UNSPECIFIED.,.F.,
  .F.,(2,2),(0.,1.),.PIECEWISE_BEZIER_KNOTS.);
#5084 = CARTESIAN_POINT('',(27.437344,-21.938,18.6));
#5085 = CARTESIAN_POINT('',(33.937344,-21.938,6.4));
#5086 = ORIENTED_EDGE('',*,*,#5087,.F.);
#5087 = EDGE_CURVE('',#5081,#5081,#5088,.T.);
#5088 = CIRCLE('',#5089,3.5);
#5089 = AXIS2_PLACEMENT_3D('',#5090,#5091,#5092);
#5090 = CARTESIAN_POINT('',(30.437344,-21.938,6.4));
#5091 = DIRECTION('',(0.,-1.224646799147E-16,-1.));
#5092 = DIRECTION('',(1.,0.,0.));
#5093 = ORIENTED_EDGE('',*,*,#5080,.F.);
#5094 = B_SPLINE_SURFACE_WITH_KNOTS('',14,1,(
    (#5095,#5096)
    ,(#5097,#5098)
    ,(#5099,#5100)
    ,(#5101,#5102)
    ,(#5103,#5104)
    ,(#5105,#5106)
    ,(#5107,#5108)
    ,(#5109,#5110)
    ,(#5111,#5112)
    ,(#5113,#5114)
    ,(#5115,#5116)
    ,(#5117,#5118)
    ,(#5119,#5120)
    ,(#5121,#5122)
    ,(#5123,#5124
    )),.UNSPECIFIED.,.T.,.F.,.F.,(15,15),(2,2),(0.,6.28318530718),(0.,1.
    ),.PIECEWISE_BEZIER_KNOTS.);
#5095 = CARTESIAN_POINT('',(27.437344,-21.938,18.6));
#5096 = CARTESIAN_POINT('',(33.937344,-21.938,6.4));
#5097 = CARTESIAN_POINT('',(27.437344000002,-25.97719055461,
    18.600000000001));
#5098 = CARTESIAN_POINT('',(33.937343999998,-23.50879632679,6.4));
#5099 = CARTESIAN_POINT('',(25.485114749198,-30.01638260018,
    18.599999999998));
#5100 = CARTESIAN_POINT('',(33.17813949551,-25.07959323343,
    6.400000000001));
#5101 = CARTESIAN_POINT('',(21.580653751884,-33.03337411915,18.6));
#5102 = CARTESIAN_POINT('',(31.65977191892,-26.25286771294,
    6.399999999998));
#5103 = CARTESIAN_POINT('',(16.307848467362,-34.00607836246,
    18.60000000001));
#5104 = CARTESIAN_POINT('',(29.609101611916,-26.63114158548,
    6.400000000003));
#5105 = CARTESIAN_POINT('',(10.83436305633,-32.27879174901,
    18.599999999968));
#5106 = CARTESIAN_POINT('',(27.480869729202,-25.95941901342,
    6.399999999997));
#5107 = CARTESIAN_POINT('',(6.655968685157,-27.93096720751,
    18.600000000062));
#5108 = CARTESIAN_POINT('',(25.855312176922,-24.26859835851,
    6.400000000001));
#5109 = CARTESIAN_POINT('',(5.082886581443,-21.93799999993,
    18.599999999916));
#5110 = CARTESIAN_POINT('',(25.244394071342,-21.938,6.400000000001));
#5111 = CARTESIAN_POINT('',(6.6559686852,-15.9450327926,18.600000000087)
  );
#5112 = CARTESIAN_POINT('',(25.855312176884,-19.60740164147,
    6.399999999998));
#5113 = CARTESIAN_POINT('',(10.834363056264,-11.59720825091,
    18.59999999993));
#5114 = CARTESIAN_POINT('',(27.480869729258,-17.91658098656,
    6.400000000001));
#5115 = CARTESIAN_POINT('',(16.307848467421,-9.869921637566,
    18.600000000044));
#5116 = CARTESIAN_POINT('',(29.609101611867,-17.24485841453,6.4));
#5117 = CARTESIAN_POINT('',(21.580653751847,-10.84262588084,
    18.599999999978));
#5118 = CARTESIAN_POINT('',(31.659771918949,-17.62313228703,6.4));
#5119 = CARTESIAN_POINT('',(25.485114749213,-13.85961739981,
    18.600000000008));
#5120 = CARTESIAN_POINT('',(33.178139495498,-18.79640676657,6.4));
#5121 = CARTESIAN_POINT('',(27.437343999998,-17.89880944538,
    18.599999999998));
#5122 = CARTESIAN_POINT('',(33.937344000001,-20.3672036732,6.4));
#5123 = CARTESIAN_POINT('',(27.437344,-21.938,18.6));
#5124 = CARTESIAN_POINT('',(33.937344,-21.938,6.4));
#5125 = ADVANCED_FACE('',(#5126),#5136,.T.);
#5126 = FACE_BOUND('',#5127,.T.);
#5127 = EDGE_LOOP('',(#5128,#5129,#5130));
#5128 = ORIENTED_EDGE('',*,*,#2629,.F.);
#5129 = ORIENTED_EDGE('',*,*,#5075,.F.);
#5130 = ORIENTED_EDGE('',*,*,#5131,.F.);
#5131 = EDGE_CURVE('',#2622,#5068,#5132,.T.);
#5132 = LINE('',#5133,#5134);
#5133 = CARTESIAN_POINT('',(33.843710588219,-21.938,6.6));
#5134 = VECTOR('',#5135,1.);
#5135 = DIRECTION('',(0.,-1.224646799147E-16,-1.));
#5136 = PLANE('',#5137);
#5137 = AXIS2_PLACEMENT_3D('',#5138,#5139,#5140);
#5138 = CARTESIAN_POINT('',(32.140527294109,-18.988,6.6));
#5139 = DIRECTION('',(-0.866025403784,-0.5,6.123233995737E-17));
#5140 = DIRECTION('',(0.5,-0.866025403784,1.060575238725E-16));
#5141 = ADVANCED_FACE('',(#5142),#5147,.T.);
#5142 = FACE_BOUND('',#5143,.T.);
#5143 = EDGE_LOOP('',(#5144,#5145,#5146));
#5144 = ORIENTED_EDGE('',*,*,#2621,.F.);
#5145 = ORIENTED_EDGE('',*,*,#5131,.T.);
#5146 = ORIENTED_EDGE('',*,*,#5067,.F.);
#5147 = PLANE('',#5148);
#5148 = AXIS2_PLACEMENT_3D('',#5149,#5150,#5151);
#5149 = CARTESIAN_POINT('',(33.843710588219,-21.938,6.6));
#5150 = DIRECTION('',(-0.866025403784,0.5,-6.123233995737E-17));
#5151 = DIRECTION('',(-0.5,-0.866025403784,1.060575238725E-16));
#5152 = ADVANCED_FACE('',(#5153),#5159,.F.);
#5153 = FACE_BOUND('',#5154,.F.);
#5154 = EDGE_LOOP('',(#5155,#5156,#5157,#5158));
#5155 = ORIENTED_EDGE('',*,*,#2668,.F.);
#5156 = ORIENTED_EDGE('',*,*,#2645,.T.);
#5157 = ORIENTED_EDGE('',*,*,#2864,.T.);
#5158 = ORIENTED_EDGE('',*,*,#2888,.T.);
#5159 = PLANE('',#5160);
#5160 = AXIS2_PLACEMENT_3D('',#5161,#5162,#5163);
#5161 = CARTESIAN_POINT('',(-24.937344,32.287358,6.6));
#5162 = DIRECTION('',(0.,-1.,1.224646799147E-16));
#5163 = DIRECTION('',(1.,0.,0.));
#5164 = ADVANCED_FACE('',(#5165,#5168),#5218,.F.);
#5165 = FACE_BOUND('',#5166,.F.);
#5166 = EDGE_LOOP('',(#5167));
#5167 = ORIENTED_EDGE('',*,*,#2732,.T.);
#5168 = FACE_BOUND('',#5169,.F.);
#5169 = EDGE_LOOP('',(#5170,#5180,#5188,#5196,#5204,#5212));
#5170 = ORIENTED_EDGE('',*,*,#5171,.F.);
#5171 = EDGE_CURVE('',#5172,#5174,#5176,.T.);
#5172 = VERTEX_POINT('',#5173);
#5173 = CARTESIAN_POINT('',(-27.03097741178,20.062,6.4));
#5174 = VERTEX_POINT('',#5175);
#5175 = CARTESIAN_POINT('',(-28.73416070589,17.112,6.4));
#5176 = LINE('',#5177,#5178);
#5177 = CARTESIAN_POINT('',(-27.4567732353,19.3245,6.4));
#5178 = VECTOR('',#5179,1.);
#5179 = DIRECTION('',(-0.5,-0.866025403784,1.060575238725E-16));
#5180 = ORIENTED_EDGE('',*,*,#5181,.F.);
#5181 = EDGE_CURVE('',#5182,#5172,#5184,.T.);
#5182 = VERTEX_POINT('',#5183);
#5183 = CARTESIAN_POINT('',(-28.73416070589,23.012,6.4));
#5184 = LINE('',#5185,#5186);
#5185 = CARTESIAN_POINT('',(-28.30836488236,22.2745,6.4));
#5186 = VECTOR('',#5187,1.);
#5187 = DIRECTION('',(0.5,-0.866025403784,1.060575238725E-16));
#5188 = ORIENTED_EDGE('',*,*,#5189,.F.);
#5189 = EDGE_CURVE('',#5190,#5182,#5192,.T.);
#5190 = VERTEX_POINT('',#5191);
#5191 = CARTESIAN_POINT('',(-32.1405272941,23.012,6.4));
#5192 = LINE('',#5193,#5194);
#5193 = CARTESIAN_POINT('',(-31.28893564705,23.012,6.4));
#5194 = VECTOR('',#5195,1.);
#5195 = DIRECTION('',(1.,0.,0.));
#5196 = ORIENTED_EDGE('',*,*,#5197,.F.);
#5197 = EDGE_CURVE('',#5198,#5190,#5200,.T.);
#5198 = VERTEX_POINT('',#5199);
#5199 = CARTESIAN_POINT('',(-33.84371058821,20.062,6.4));
#5200 = LINE('',#5201,#5202);
#5201 = CARTESIAN_POINT('',(-33.41791476469,20.7995,6.4));
#5202 = VECTOR('',#5203,1.);
#5203 = DIRECTION('',(0.5,0.866025403784,-1.060575238725E-16));
#5204 = ORIENTED_EDGE('',*,*,#5205,.F.);
#5205 = EDGE_CURVE('',#5206,#5198,#5208,.T.);
#5206 = VERTEX_POINT('',#5207);
#5207 = CARTESIAN_POINT('',(-32.1405272941,17.112,6.4));
#5208 = LINE('',#5209,#5210);
#5209 = CARTESIAN_POINT('',(-32.56632311763,17.8495,6.4));
#5210 = VECTOR('',#5211,1.);
#5211 = DIRECTION('',(-0.5,0.866025403784,-1.060575238725E-16));
#5212 = ORIENTED_EDGE('',*,*,#5213,.F.);
#5213 = EDGE_CURVE('',#5174,#5206,#5214,.T.);
#5214 = LINE('',#5215,#5216);
#5215 = CARTESIAN_POINT('',(-29.58575235294,17.112,6.4));
#5216 = VECTOR('',#5217,1.);
#5217 = DIRECTION('',(-1.,0.,0.));
#5218 = PLANE('',#5219);
#5219 = AXIS2_PLACEMENT_3D('',#5220,#5221,#5222);
#5220 = CARTESIAN_POINT('',(-30.437344,20.062,6.4));
#5221 = DIRECTION('',(0.,-1.224646799147E-16,-1.));
#5222 = DIRECTION('',(1.,0.,0.));
#5223 = ADVANCED_FACE('',(#5224,#5227),#5277,.F.);
#5224 = FACE_BOUND('',#5225,.F.);
#5225 = EDGE_LOOP('',(#5226));
#5226 = ORIENTED_EDGE('',*,*,#2822,.T.);
#5227 = FACE_BOUND('',#5228,.F.);
#5228 = EDGE_LOOP('',(#5229,#5239,#5247,#5255,#5263,#5271));
#5229 = ORIENTED_EDGE('',*,*,#5230,.F.);
#5230 = EDGE_CURVE('',#5231,#5233,#5235,.T.);
#5231 = VERTEX_POINT('',#5232);
#5232 = CARTESIAN_POINT('',(-27.03097741178,-21.938,6.4));
#5233 = VERTEX_POINT('',#5234);
#5234 = CARTESIAN_POINT('',(-28.73416070589,-24.888,6.4));
#5235 = LINE('',#5236,#5237);
#5236 = CARTESIAN_POINT('',(-27.4567732353,-22.6755,6.4));
#5237 = VECTOR('',#5238,1.);
#5238 = DIRECTION('',(-0.5,-0.866025403784,1.060575238725E-16));
#5239 = ORIENTED_EDGE('',*,*,#5240,.F.);
#5240 = EDGE_CURVE('',#5241,#5231,#5243,.T.);
#5241 = VERTEX_POINT('',#5242);
#5242 = CARTESIAN_POINT('',(-28.73416070589,-18.988,6.4));
#5243 = LINE('',#5244,#5245);
#5244 = CARTESIAN_POINT('',(-28.30836488236,-19.7255,6.4));
#5245 = VECTOR('',#5246,1.);
#5246 = DIRECTION('',(0.5,-0.866025403784,1.060575238725E-16));
#5247 = ORIENTED_EDGE('',*,*,#5248,.F.);
#5248 = EDGE_CURVE('',#5249,#5241,#5251,.T.);
#5249 = VERTEX_POINT('',#5250);
#5250 = CARTESIAN_POINT('',(-32.1405272941,-18.988,6.4));
#5251 = LINE('',#5252,#5253);
#5252 = CARTESIAN_POINT('',(-31.28893564705,-18.988,6.4));
#5253 = VECTOR('',#5254,1.);
#5254 = DIRECTION('',(1.,0.,0.));
#5255 = ORIENTED_EDGE('',*,*,#5256,.F.);
#5256 = EDGE_CURVE('',#5257,#5249,#5259,.T.);
#5257 = VERTEX_POINT('',#5258);
#5258 = CARTESIAN_POINT('',(-33.84371058821,-21.938,6.4));
#5259 = LINE('',#5260,#5261);
#5260 = CARTESIAN_POINT('',(-33.41791476469,-21.2005,6.4));
#5261 = VECTOR('',#5262,1.);
#5262 = DIRECTION('',(0.5,0.866025403784,-1.060575238725E-16));
#5263 = ORIENTED_EDGE('',*,*,#5264,.F.);
#5264 = EDGE_CURVE('',#5265,#5257,#5267,.T.);
#5265 = VERTEX_POINT('',#5266);
#5266 = CARTESIAN_POINT('',(-32.1405272941,-24.888,6.4));
#5267 = LINE('',#5268,#5269);
#5268 = CARTESIAN_POINT('',(-32.56632311763,-24.1505,6.4));
#5269 = VECTOR('',#5270,1.);
#5270 = DIRECTION('',(-0.5,0.866025403784,-1.060575238725E-16));
#5271 = ORIENTED_EDGE('',*,*,#5272,.F.);
#5272 = EDGE_CURVE('',#5233,#5265,#5273,.T.);
#5273 = LINE('',#5274,#5275);
#5274 = CARTESIAN_POINT('',(-29.58575235294,-24.888,6.4));
#5275 = VECTOR('',#5276,1.);
#5276 = DIRECTION('',(-1.,0.,0.));
#5277 = PLANE('',#5278);
#5278 = AXIS2_PLACEMENT_3D('',#5279,#5280,#5281);
#5279 = CARTESIAN_POINT('',(-30.437344,-21.938,6.4));
#5280 = DIRECTION('',(0.,-1.224646799147E-16,-1.));
#5281 = DIRECTION('',(1.,0.,0.));
#5282 = ADVANCED_FACE('',(#5283),#5313,.T.);
#5283 = FACE_BOUND('',#5284,.T.);
#5284 = EDGE_LOOP('',(#5285,#5286,#5287,#5288,#5297,#5306));
#5285 = ORIENTED_EDGE('',*,*,#4902,.F.);
#5286 = ORIENTED_EDGE('',*,*,#4785,.T.);
#5287 = ORIENTED_EDGE('',*,*,#3043,.T.);
#5288 = ORIENTED_EDGE('',*,*,#5289,.F.);
#5289 = EDGE_CURVE('',#5290,#3044,#5292,.T.);
#5290 = VERTEX_POINT('',#5291);
#5291 = CARTESIAN_POINT('',(27.537344,-18.49706989318,4.5));
#5292 = CIRCLE('',#5293,4.5);
#5293 = AXIS2_PLACEMENT_3D('',#5294,#5295,#5296);
#5294 = CARTESIAN_POINT('',(30.437344,-21.938,4.5));
#5295 = DIRECTION('',(0.,-1.224646799147E-16,-1.));
#5296 = DIRECTION('',(1.,0.,0.));
#5297 = ORIENTED_EDGE('',*,*,#5298,.F.);
#5298 = EDGE_CURVE('',#5299,#5290,#5301,.T.);
#5299 = VERTEX_POINT('',#5300);
#5300 = CARTESIAN_POINT('',(27.537344,-18.38513692514,4.586157));
#5301 = HYPERBOLA('',#5302,2.9,2.9);
#5302 = AXIS2_PLACEMENT_3D('',#5303,#5304,#5305);
#5303 = CARTESIAN_POINT('',(27.537344,-21.938,0.));
#5304 = DIRECTION('',(1.,0.,-0.));
#5305 = DIRECTION('',(0.,1.224646799147E-16,1.));
#5306 = ORIENTED_EDGE('',*,*,#5307,.F.);
#5307 = EDGE_CURVE('',#4903,#5299,#5308,.T.);
#5308 = CIRCLE('',#5309,4.586157);
#5309 = AXIS2_PLACEMENT_3D('',#5310,#5311,#5312);
#5310 = CARTESIAN_POINT('',(30.437344,-21.938,4.586157));
#5311 = DIRECTION('',(0.,-1.224646799147E-16,-1.));
#5312 = DIRECTION('',(1.,0.,0.));
#5313 = CONICAL_SURFACE('',#5314,6.3,0.785398163397);
#5314 = AXIS2_PLACEMENT_3D('',#5315,#5316,#5317);
#5315 = CARTESIAN_POINT('',(30.437344,-21.938,6.3));
#5316 = DIRECTION('',(-0.,1.224646799147E-16,1.));
#5317 = DIRECTION('',(1.,0.,0.));
#5318 = ADVANCED_FACE('',(#5319),#5351,.T.);
#5319 = FACE_BOUND('',#5320,.T.);
#5320 = EDGE_LOOP('',(#5321,#5330,#5336,#5337,#5345));
#5321 = ORIENTED_EDGE('',*,*,#5322,.F.);
#5322 = EDGE_CURVE('',#5323,#3255,#5325,.T.);
#5323 = VERTEX_POINT('',#5324);
#5324 = CARTESIAN_POINT('',(34.937344,-21.938,3.552713678801E-15));
#5325 = CIRCLE('',#5326,4.5);
#5326 = AXIS2_PLACEMENT_3D('',#5327,#5328,#5329);
#5327 = CARTESIAN_POINT('',(30.437344,-21.938,2.6645352591E-15));
#5328 = DIRECTION('',(0.,-1.224646799147E-16,-1.));
#5329 = DIRECTION('',(1.,0.,0.));
#5330 = ORIENTED_EDGE('',*,*,#5331,.F.);
#5331 = EDGE_CURVE('',#3044,#5323,#5332,.T.);
#5332 = LINE('',#5333,#5334);
#5333 = CARTESIAN_POINT('',(34.937344,-21.938,6.5));
#5334 = VECTOR('',#5335,1.);
#5335 = DIRECTION('',(0.,-1.224646799147E-16,-1.));
#5336 = ORIENTED_EDGE('',*,*,#3079,.T.);
#5337 = ORIENTED_EDGE('',*,*,#5338,.T.);
#5338 = EDGE_CURVE('',#3071,#5339,#5341,.T.);
#5339 = VERTEX_POINT('',#5340);
#5340 = CARTESIAN_POINT('',(27.537344,-25.37893010681,2.586157));
#5341 = LINE('',#5342,#5343);
#5342 = CARTESIAN_POINT('',(27.537344,-25.37893010681,6.5));
#5343 = VECTOR('',#5344,1.);
#5344 = DIRECTION('',(0.,-1.224646799147E-16,-1.));
#5345 = ORIENTED_EDGE('',*,*,#5346,.T.);
#5346 = EDGE_CURVE('',#5339,#3255,#5347,.T.);
#5347 = LINE('',#5348,#5349);
#5348 = CARTESIAN_POINT('',(27.537344,-25.37893010681,6.5));
#5349 = VECTOR('',#5350,1.);
#5350 = DIRECTION('',(0.,-1.224646799147E-16,-1.));
#5351 = CYLINDRICAL_SURFACE('',#5352,4.5);
#5352 = AXIS2_PLACEMENT_3D('',#5353,#5354,#5355);
#5353 = CARTESIAN_POINT('',(30.437344,-21.938,6.5));
#5354 = DIRECTION('',(0.,-1.224646799147E-16,-1.));
#5355 = DIRECTION('',(1.,0.,0.));
#5356 = ADVANCED_FACE('',(#5357),#5368,.T.);
#5357 = FACE_BOUND('',#5358,.T.);
#5358 = EDGE_LOOP('',(#5359,#5365,#5366,#5367));
#5359 = ORIENTED_EDGE('',*,*,#5360,.F.);
#5360 = EDGE_CURVE('',#5339,#3113,#5361,.T.);
#5361 = LINE('',#5362,#5363);
#5362 = CARTESIAN_POINT('',(27.537344,25.487358,2.586157));
#5363 = VECTOR('',#5364,1.);
#5364 = DIRECTION('',(0.,-1.,1.224646799147E-16));
#5365 = ORIENTED_EDGE('',*,*,#5338,.F.);
#5366 = ORIENTED_EDGE('',*,*,#3070,.T.);
#5367 = ORIENTED_EDGE('',*,*,#3120,.T.);
#5368 = PLANE('',#5369);
#5369 = AXIS2_PLACEMENT_3D('',#5370,#5371,#5372);
#5370 = CARTESIAN_POINT('',(27.537344,25.487358,4.586157));
#5371 = DIRECTION('',(1.,0.,0.));
#5372 = DIRECTION('',(0.,-1.224646799147E-16,-1.));
#5373 = ADVANCED_FACE('',(#5374),#5380,.T.);
#5374 = FACE_BOUND('',#5375,.T.);
#5375 = EDGE_LOOP('',(#5376,#5377,#5378,#5379));
#5376 = ORIENTED_EDGE('',*,*,#5346,.F.);
#5377 = ORIENTED_EDGE('',*,*,#5360,.T.);
#5378 = ORIENTED_EDGE('',*,*,#3145,.T.);
#5379 = ORIENTED_EDGE('',*,*,#3263,.F.);
#5380 = PLANE('',#5381);
#5381 = AXIS2_PLACEMENT_3D('',#5382,#5383,#5384);
#5382 = CARTESIAN_POINT('',(27.537344,25.487358,4.586157));
#5383 = DIRECTION('',(1.,0.,0.));
#5384 = DIRECTION('',(0.,-1.224646799147E-16,-1.));
#5385 = ADVANCED_FACE('',(#5386),#5404,.F.);
#5386 = FACE_BOUND('',#5387,.F.);
#5387 = EDGE_LOOP('',(#5388,#5389,#5390,#5398));
#5388 = ORIENTED_EDGE('',*,*,#3159,.F.);
#5389 = ORIENTED_EDGE('',*,*,#4550,.F.);
#5390 = ORIENTED_EDGE('',*,*,#5391,.T.);
#5391 = EDGE_CURVE('',#4543,#5392,#5394,.T.);
#5392 = VERTEX_POINT('',#5393);
#5393 = CARTESIAN_POINT('',(22.537344,14.161016,2.586157));
#5394 = LINE('',#5395,#5396);
#5395 = CARTESIAN_POINT('',(22.537344,25.487358,2.586157));
#5396 = VECTOR('',#5397,1.);
#5397 = DIRECTION('',(0.,-1.,1.224646799147E-16));
#5398 = ORIENTED_EDGE('',*,*,#5399,.T.);
#5399 = EDGE_CURVE('',#5392,#3162,#5400,.T.);
#5400 = LINE('',#5401,#5402);
#5401 = CARTESIAN_POINT('',(22.537344,14.161016,5.5980785));
#5402 = VECTOR('',#5403,1.);
#5403 = DIRECTION('',(0.,-1.224646799147E-16,-1.));
#5404 = PLANE('',#5405);
#5405 = AXIS2_PLACEMENT_3D('',#5406,#5407,#5408);
#5406 = CARTESIAN_POINT('',(22.537344,25.487358,4.586157));
#5407 = DIRECTION('',(1.,0.,0.));
#5408 = DIRECTION('',(0.,-1.224646799147E-16,-1.));
#5409 = ADVANCED_FACE('',(#5410),#5421,.T.);
#5410 = FACE_BOUND('',#5411,.T.);
#5411 = EDGE_LOOP('',(#5412,#5413,#5419,#5420));
#5412 = ORIENTED_EDGE('',*,*,#3191,.F.);
#5413 = ORIENTED_EDGE('',*,*,#5414,.T.);
#5414 = EDGE_CURVE('',#3192,#5392,#5415,.T.);
#5415 = LINE('',#5416,#5417);
#5416 = CARTESIAN_POINT('',(14.961938,14.161016,2.586157));
#5417 = VECTOR('',#5418,1.);
#5418 = DIRECTION('',(-1.,0.,-0.));
#5419 = ORIENTED_EDGE('',*,*,#5399,.T.);
#5420 = ORIENTED_EDGE('',*,*,#3176,.F.);
#5421 = PLANE('',#5422);
#5422 = AXIS2_PLACEMENT_3D('',#5423,#5424,#5425);
#5423 = CARTESIAN_POINT('',(8.486532,14.161016,6.61));
#5424 = DIRECTION('',(0.,-1.,1.224646799147E-16));
#5425 = DIRECTION('',(0.,-1.224646799147E-16,-1.));
#5426 = ADVANCED_FACE('',(#5427),#5445,.F.);
#5427 = FACE_BOUND('',#5428,.F.);
#5428 = EDGE_LOOP('',(#5429,#5430,#5438,#5444));
#5429 = ORIENTED_EDGE('',*,*,#3207,.F.);
#5430 = ORIENTED_EDGE('',*,*,#5431,.T.);
#5431 = EDGE_CURVE('',#3200,#5432,#5434,.T.);
#5432 = VERTEX_POINT('',#5433);
#5433 = CARTESIAN_POINT('',(22.537344,-0.438984,2.586157));
#5434 = LINE('',#5435,#5436);
#5435 = CARTESIAN_POINT('',(14.961938,-0.438984,2.586157));
#5436 = VECTOR('',#5437,1.);
#5437 = DIRECTION('',(-1.,0.,-0.));
#5438 = ORIENTED_EDGE('',*,*,#5439,.T.);
#5439 = EDGE_CURVE('',#5432,#3222,#5440,.T.);
#5440 = LINE('',#5441,#5442);
#5441 = CARTESIAN_POINT('',(22.537344,-0.438984,5.5980785));
#5442 = VECTOR('',#5443,1.);
#5443 = DIRECTION('',(0.,-1.224646799147E-16,-1.));
#5444 = ORIENTED_EDGE('',*,*,#3221,.F.);
#5445 = PLANE('',#5446);
#5446 = AXIS2_PLACEMENT_3D('',#5447,#5448,#5449);
#5447 = CARTESIAN_POINT('',(8.486532,-0.438984,6.61));
#5448 = DIRECTION('',(0.,-1.,1.224646799147E-16));
#5449 = DIRECTION('',(0.,-1.224646799147E-16,-1.));
#5450 = ADVANCED_FACE('',(#5451),#5467,.F.);
#5451 = FACE_BOUND('',#5452,.F.);
#5452 = EDGE_LOOP('',(#5453,#5454,#5460,#5461));
#5453 = ORIENTED_EDGE('',*,*,#3199,.F.);
#5454 = ORIENTED_EDGE('',*,*,#5455,.F.);
#5455 = EDGE_CURVE('',#1979,#3192,#5456,.T.);
#5456 = LINE('',#5457,#5458);
#5457 = CARTESIAN_POINT('',(24.637344,14.161016,6.61));
#5458 = VECTOR('',#5459,1.);
#5459 = DIRECTION('',(0.,-1.224646799147E-16,-1.));
#5460 = ORIENTED_EDGE('',*,*,#3375,.T.);
#5461 = ORIENTED_EDGE('',*,*,#5462,.T.);
#5462 = EDGE_CURVE('',#1383,#3200,#5463,.T.);
#5463 = LINE('',#5464,#5465);
#5464 = CARTESIAN_POINT('',(24.637344,-0.438984,6.61));
#5465 = VECTOR('',#5466,1.);
#5466 = DIRECTION('',(0.,-1.224646799147E-16,-1.));
#5467 = PLANE('',#5468);
#5468 = AXIS2_PLACEMENT_3D('',#5469,#5470,#5471);
#5469 = CARTESIAN_POINT('',(24.637344,29.487358,6.7));
#5470 = DIRECTION('',(1.,0.,0.));
#5471 = DIRECTION('',(0.,-1.224646799147E-16,-1.));
#5472 = ADVANCED_FACE('',(#5473),#5484,.F.);
#5473 = FACE_BOUND('',#5474,.F.);
#5474 = EDGE_LOOP('',(#5475,#5476,#5477,#5483));
#5475 = ORIENTED_EDGE('',*,*,#3238,.F.);
#5476 = ORIENTED_EDGE('',*,*,#5439,.F.);
#5477 = ORIENTED_EDGE('',*,*,#5478,.T.);
#5478 = EDGE_CURVE('',#5432,#3422,#5479,.T.);
#5479 = LINE('',#5480,#5481);
#5480 = CARTESIAN_POINT('',(22.537344,25.487358,2.586157));
#5481 = VECTOR('',#5482,1.);
#5482 = DIRECTION('',(0.,-1.,1.224646799147E-16));
#5483 = ORIENTED_EDGE('',*,*,#3445,.T.);
#5484 = PLANE('',#5485);
#5485 = AXIS2_PLACEMENT_3D('',#5486,#5487,#5488);
#5486 = CARTESIAN_POINT('',(22.537344,25.487358,4.586157));
#5487 = DIRECTION('',(1.,0.,0.));
#5488 = DIRECTION('',(0.,-1.224646799147E-16,-1.));
#5489 = ADVANCED_FACE('',(#5490),#5501,.T.);
#5490 = FACE_BOUND('',#5491,.T.);
#5491 = EDGE_LOOP('',(#5492,#5493,#5494,#5500));
#5492 = ORIENTED_EDGE('',*,*,#3277,.T.);
#5493 = ORIENTED_EDGE('',*,*,#3310,.T.);
#5494 = ORIENTED_EDGE('',*,*,#5495,.T.);
#5495 = EDGE_CURVE('',#3303,#3255,#5496,.T.);
#5496 = LINE('',#5497,#5498);
#5497 = CARTESIAN_POINT('',(27.537344,25.487358,-3.10862446895E-15));
#5498 = VECTOR('',#5499,1.);
#5499 = DIRECTION('',(0.,-1.,1.224646799147E-16));
#5500 = ORIENTED_EDGE('',*,*,#3254,.T.);
#5501 = PLANE('',#5502);
#5502 = AXIS2_PLACEMENT_3D('',#5503,#5504,#5505);
#5503 = CARTESIAN_POINT('',(22.537344,25.487358,-3.10862446895E-15));
#5504 = DIRECTION('',(0.,-1.224646799147E-16,-1.));
#5505 = DIRECTION('',(1.,0.,0.));
#5506 = ADVANCED_FACE('',(#5507),#5532,.T.);
#5507 = FACE_BOUND('',#5508,.T.);
#5508 = EDGE_LOOP('',(#5509,#5517,#5525,#5531));
#5509 = ORIENTED_EDGE('',*,*,#5510,.F.);
#5510 = EDGE_CURVE('',#5511,#3294,#5513,.T.);
#5511 = VERTEX_POINT('',#5512);
#5512 = CARTESIAN_POINT('',(27.537344,16.621069893183,2.586157));
#5513 = LINE('',#5514,#5515);
#5514 = CARTESIAN_POINT('',(27.537344,16.621069893183,6.5));
#5515 = VECTOR('',#5516,1.);
#5516 = DIRECTION('',(0.,-1.224646799147E-16,-1.));
#5517 = ORIENTED_EDGE('',*,*,#5518,.T.);
#5518 = EDGE_CURVE('',#5511,#5519,#5521,.T.);
#5519 = VERTEX_POINT('',#5520);
#5520 = CARTESIAN_POINT('',(27.537344,-18.49706989318,2.586157));
#5521 = LINE('',#5522,#5523);
#5522 = CARTESIAN_POINT('',(27.537344,25.487358,2.586157));
#5523 = VECTOR('',#5524,1.);
#5524 = DIRECTION('',(0.,-1.,1.224646799147E-16));
#5525 = ORIENTED_EDGE('',*,*,#5526,.T.);
#5526 = EDGE_CURVE('',#5519,#3303,#5527,.T.);
#5527 = LINE('',#5528,#5529);
#5528 = CARTESIAN_POINT('',(27.537344,-18.49706989318,6.5));
#5529 = VECTOR('',#5530,1.);
#5530 = DIRECTION('',(0.,-1.224646799147E-16,-1.));
#5531 = ORIENTED_EDGE('',*,*,#3302,.F.);
#5532 = PLANE('',#5533);
#5533 = AXIS2_PLACEMENT_3D('',#5534,#5535,#5536);
#5534 = CARTESIAN_POINT('',(27.537344,25.487358,4.586157));
#5535 = DIRECTION('',(1.,0.,0.));
#5536 = DIRECTION('',(0.,-1.224646799147E-16,-1.));
#5537 = ADVANCED_FACE('',(#5538),#5549,.T.);
#5538 = FACE_BOUND('',#5539,.T.);
#5539 = EDGE_LOOP('',(#5540,#5541,#5542,#5548));
#5540 = ORIENTED_EDGE('',*,*,#3326,.T.);
#5541 = ORIENTED_EDGE('',*,*,#3357,.T.);
#5542 = ORIENTED_EDGE('',*,*,#5543,.T.);
#5543 = EDGE_CURVE('',#3350,#3294,#5544,.T.);
#5544 = LINE('',#5545,#5546);
#5545 = CARTESIAN_POINT('',(27.537344,25.487358,-3.10862446895E-15));
#5546 = VECTOR('',#5547,1.);
#5547 = DIRECTION('',(0.,-1.,1.224646799147E-16));
#5548 = ORIENTED_EDGE('',*,*,#3293,.T.);
#5549 = PLANE('',#5550);
#5550 = AXIS2_PLACEMENT_3D('',#5551,#5552,#5553);
#5551 = CARTESIAN_POINT('',(22.537344,25.487358,-3.10862446895E-15));
#5552 = DIRECTION('',(0.,-1.224646799147E-16,-1.));
#5553 = DIRECTION('',(1.,0.,0.));
#5554 = ADVANCED_FACE('',(#5555),#5573,.T.);
#5555 = FACE_BOUND('',#5556,.T.);
#5556 = EDGE_LOOP('',(#5557,#5558,#5566,#5572));
#5557 = ORIENTED_EDGE('',*,*,#4740,.F.);
#5558 = ORIENTED_EDGE('',*,*,#5559,.T.);
#5559 = EDGE_CURVE('',#4731,#5560,#5562,.T.);
#5560 = VERTEX_POINT('',#5561);
#5561 = CARTESIAN_POINT('',(27.537344,23.502930106817,2.586157));
#5562 = LINE('',#5563,#5564);
#5563 = CARTESIAN_POINT('',(27.537344,25.487358,2.586157));
#5564 = VECTOR('',#5565,1.);
#5565 = DIRECTION('',(0.,-1.,1.224646799147E-16));
#5566 = ORIENTED_EDGE('',*,*,#5567,.T.);
#5567 = EDGE_CURVE('',#5560,#3350,#5568,.T.);
#5568 = LINE('',#5569,#5570);
#5569 = CARTESIAN_POINT('',(27.537344,23.502930106817,6.5));
#5570 = VECTOR('',#5571,1.);
#5571 = DIRECTION('',(0.,-1.224646799147E-16,-1.));
#5572 = ORIENTED_EDGE('',*,*,#3349,.F.);
#5573 = PLANE('',#5574);
#5574 = AXIS2_PLACEMENT_3D('',#5575,#5576,#5577);
#5575 = CARTESIAN_POINT('',(27.537344,25.487358,4.586157));
#5576 = DIRECTION('',(1.,0.,0.));
#5577 = DIRECTION('',(0.,-1.224646799147E-16,-1.));
#5578 = ADVANCED_FACE('',(#5579),#5590,.F.);
#5579 = FACE_BOUND('',#5580,.F.);
#5580 = EDGE_LOOP('',(#5581,#5582,#5583,#5589));
#5581 = ORIENTED_EDGE('',*,*,#5462,.F.);
#5582 = ORIENTED_EDGE('',*,*,#3389,.T.);
#5583 = ORIENTED_EDGE('',*,*,#5584,.T.);
#5584 = EDGE_CURVE('',#3390,#5432,#5585,.T.);
#5585 = LINE('',#5586,#5587);
#5586 = CARTESIAN_POINT('',(22.537344,-0.438984,5.5980785));
#5587 = VECTOR('',#5588,1.);
#5588 = DIRECTION('',(0.,-1.224646799147E-16,-1.));
#5589 = ORIENTED_EDGE('',*,*,#5431,.F.);
#5590 = PLANE('',#5591);
#5591 = AXIS2_PLACEMENT_3D('',#5592,#5593,#5594);
#5592 = CARTESIAN_POINT('',(8.486532,-0.438984,6.61));
#5593 = DIRECTION('',(0.,-1.,1.224646799147E-16));
#5594 = DIRECTION('',(0.,-1.224646799147E-16,-1.));
#5595 = ADVANCED_FACE('',(#5596),#5621,.F.);
#5596 = FACE_BOUND('',#5597,.F.);
#5597 = EDGE_LOOP('',(#5598,#5606,#5607,#5615));
#5598 = ORIENTED_EDGE('',*,*,#5599,.F.);
#5599 = EDGE_CURVE('',#3390,#5600,#5602,.T.);
#5600 = VERTEX_POINT('',#5601);
#5601 = CARTESIAN_POINT('',(21.437344,-0.438984,4.586157));
#5602 = LINE('',#5603,#5604);
#5603 = CARTESIAN_POINT('',(14.961938,-0.438984,4.586157));
#5604 = VECTOR('',#5605,1.);
#5605 = DIRECTION('',(-1.,0.,-0.));
#5606 = ORIENTED_EDGE('',*,*,#3406,.T.);
#5607 = ORIENTED_EDGE('',*,*,#5608,.F.);
#5608 = EDGE_CURVE('',#5609,#3399,#5611,.T.);
#5609 = VERTEX_POINT('',#5610);
#5610 = CARTESIAN_POINT('',(21.437344,-25.487358,4.586157));
#5611 = LINE('',#5612,#5613);
#5612 = CARTESIAN_POINT('',(21.437344,-25.487358,4.586157));
#5613 = VECTOR('',#5614,1.);
#5614 = DIRECTION('',(1.,0.,0.));
#5615 = ORIENTED_EDGE('',*,*,#5616,.F.);
#5616 = EDGE_CURVE('',#5600,#5609,#5617,.T.);
#5617 = LINE('',#5618,#5619);
#5618 = CARTESIAN_POINT('',(21.437344,25.487358,4.586157));
#5619 = VECTOR('',#5620,1.);
#5620 = DIRECTION('',(0.,-1.,1.224646799147E-16));
#5621 = PLANE('',#5622);
#5622 = AXIS2_PLACEMENT_3D('',#5623,#5624,#5625);
#5623 = CARTESIAN_POINT('',(21.437344,25.487358,4.586157));
#5624 = DIRECTION('',(0.,-1.224646799147E-16,-1.));
#5625 = DIRECTION('',(1.,0.,0.));
#5626 = ADVANCED_FACE('',(#5627),#5645,.T.);
#5627 = FACE_BOUND('',#5628,.T.);
#5628 = EDGE_LOOP('',(#5629,#5630,#5638,#5644));
#5629 = ORIENTED_EDGE('',*,*,#5608,.F.);
#5630 = ORIENTED_EDGE('',*,*,#5631,.T.);
#5631 = EDGE_CURVE('',#5609,#5632,#5634,.T.);
#5632 = VERTEX_POINT('',#5633);
#5633 = CARTESIAN_POINT('',(21.437344,-25.487358,2.586157));
#5634 = LINE('',#5635,#5636);
#5635 = CARTESIAN_POINT('',(21.437344,-25.487358,4.586157));
#5636 = VECTOR('',#5637,1.);
#5637 = DIRECTION('',(0.,-1.224646799147E-16,-1.));
#5638 = ORIENTED_EDGE('',*,*,#5639,.T.);
#5639 = EDGE_CURVE('',#5632,#3422,#5640,.T.);
#5640 = LINE('',#5641,#5642);
#5641 = CARTESIAN_POINT('',(21.437344,-25.487358,2.586157));
#5642 = VECTOR('',#5643,1.);
#5643 = DIRECTION('',(1.,0.,0.));
#5644 = ORIENTED_EDGE('',*,*,#3421,.F.);
#5645 = PLANE('',#5646);
#5646 = AXIS2_PLACEMENT_3D('',#5647,#5648,#5649);
#5647 = CARTESIAN_POINT('',(21.437344,-25.487358,4.586157));
#5648 = DIRECTION('',(0.,-1.,1.224646799147E-16));
#5649 = DIRECTION('',(0.,-1.224646799147E-16,-1.));
#5650 = ADVANCED_FACE('',(#5651),#5662,.F.);
#5651 = FACE_BOUND('',#5652,.F.);
#5652 = EDGE_LOOP('',(#5653,#5659,#5660,#5661));
#5653 = ORIENTED_EDGE('',*,*,#5654,.T.);
#5654 = EDGE_CURVE('',#3462,#3541,#5655,.T.);
#5655 = LINE('',#5656,#5657);
#5656 = CARTESIAN_POINT('',(-3.975,-28.787358,2.586157));
#5657 = VECTOR('',#5658,1.);
#5658 = DIRECTION('',(-1.,0.,0.));
#5659 = ORIENTED_EDGE('',*,*,#3564,.T.);
#5660 = ORIENTED_EDGE('',*,*,#3716,.T.);
#5661 = ORIENTED_EDGE('',*,*,#3461,.F.);
#5662 = PLANE('',#5663);
#5663 = AXIS2_PLACEMENT_3D('',#5664,#5665,#5666);
#5664 = CARTESIAN_POINT('',(-3.975,-28.787358,4.586157));
#5665 = DIRECTION('',(0.,-1.,1.224646799147E-16));
#5666 = DIRECTION('',(0.,-1.224646799147E-16,-1.));
#5667 = ADVANCED_FACE('',(#5668),#5693,.T.);
#5668 = FACE_BOUND('',#5669,.T.);
#5669 = EDGE_LOOP('',(#5670,#5678,#5686,#5692));
#5670 = ORIENTED_EDGE('',*,*,#5671,.F.);
#5671 = EDGE_CURVE('',#5672,#3462,#5674,.T.);
#5672 = VERTEX_POINT('',#5673);
#5673 = CARTESIAN_POINT('',(19.237344,-27.687358,2.586157));
#5674 = LINE('',#5675,#5676);
#5675 = CARTESIAN_POINT('',(19.237344,-27.687358,2.586157));
#5676 = VECTOR('',#5677,1.);
#5677 = DIRECTION('',(0.,-1.,1.224646799147E-16));
#5678 = ORIENTED_EDGE('',*,*,#5679,.F.);
#5679 = EDGE_CURVE('',#5680,#5672,#5682,.T.);
#5680 = VERTEX_POINT('',#5681);
#5681 = CARTESIAN_POINT('',(19.237344,-27.687358,4.586157));
#5682 = LINE('',#5683,#5684);
#5683 = CARTESIAN_POINT('',(19.237344,-27.687358,4.586157));
#5684 = VECTOR('',#5685,1.);
#5685 = DIRECTION('',(0.,-1.224646799147E-16,-1.));
#5686 = ORIENTED_EDGE('',*,*,#5687,.T.);
#5687 = EDGE_CURVE('',#5680,#3494,#5688,.T.);
#5688 = LINE('',#5689,#5690);
#5689 = CARTESIAN_POINT('',(19.237344,-27.687358,4.586157));
#5690 = VECTOR('',#5691,1.);
#5691 = DIRECTION('',(0.,-1.,1.224646799147E-16));
#5692 = ORIENTED_EDGE('',*,*,#3493,.T.);
#5693 = PLANE('',#5694);
#5694 = AXIS2_PLACEMENT_3D('',#5695,#5696,#5697);
#5695 = CARTESIAN_POINT('',(19.237344,-27.687358,4.586157));
#5696 = DIRECTION('',(1.,0.,0.));
#5697 = DIRECTION('',(0.,-1.224646799147E-16,-1.));
#5698 = ADVANCED_FACE('',(#5699),#5717,.F.);
#5699 = FACE_BOUND('',#5700,.F.);
#5700 = EDGE_LOOP('',(#5701,#5709,#5715,#5716));
#5701 = ORIENTED_EDGE('',*,*,#5702,.F.);
#5702 = EDGE_CURVE('',#5703,#3517,#5705,.T.);
#5703 = VERTEX_POINT('',#5704);
#5704 = CARTESIAN_POINT('',(-3.975,-27.687358,4.586157));
#5705 = LINE('',#5706,#5707);
#5706 = CARTESIAN_POINT('',(-3.975,-27.687358,4.586157));
#5707 = VECTOR('',#5708,1.);
#5708 = DIRECTION('',(0.,-1.,1.224646799147E-16));
#5709 = ORIENTED_EDGE('',*,*,#5710,.T.);
#5710 = EDGE_CURVE('',#5703,#5680,#5711,.T.);
#5711 = LINE('',#5712,#5713);
#5712 = CARTESIAN_POINT('',(-3.975,-27.687358,4.586157));
#5713 = VECTOR('',#5714,1.);
#5714 = DIRECTION('',(1.,0.,0.));
#5715 = ORIENTED_EDGE('',*,*,#5687,.T.);
#5716 = ORIENTED_EDGE('',*,*,#3524,.F.);
#5717 = PLANE('',#5718);
#5718 = AXIS2_PLACEMENT_3D('',#5719,#5720,#5721);
#5719 = CARTESIAN_POINT('',(-3.975,-27.687358,4.586157));
#5720 = DIRECTION('',(0.,-1.224646799147E-16,-1.));
#5721 = DIRECTION('',(1.,0.,0.));
#5722 = ADVANCED_FACE('',(#5723),#5741,.F.);
#5723 = FACE_BOUND('',#5724,.F.);
#5724 = EDGE_LOOP('',(#5725,#5733,#5739,#5740));
#5725 = ORIENTED_EDGE('',*,*,#5726,.F.);
#5726 = EDGE_CURVE('',#5727,#3541,#5729,.T.);
#5727 = VERTEX_POINT('',#5728);
#5728 = CARTESIAN_POINT('',(-3.975,-27.687358,2.586157));
#5729 = LINE('',#5730,#5731);
#5730 = CARTESIAN_POINT('',(-3.975,-27.687358,2.586157));
#5731 = VECTOR('',#5732,1.);
#5732 = DIRECTION('',(0.,-1.,1.224646799147E-16));
#5733 = ORIENTED_EDGE('',*,*,#5734,.F.);
#5734 = EDGE_CURVE('',#5703,#5727,#5735,.T.);
#5735 = LINE('',#5736,#5737);
#5736 = CARTESIAN_POINT('',(-3.975,-27.687358,4.586157));
#5737 = VECTOR('',#5738,1.);
#5738 = DIRECTION('',(0.,-1.224646799147E-16,-1.));
#5739 = ORIENTED_EDGE('',*,*,#5702,.T.);
#5740 = ORIENTED_EDGE('',*,*,#3548,.T.);
#5741 = PLANE('',#5742);
#5742 = AXIS2_PLACEMENT_3D('',#5743,#5744,#5745);
#5743 = CARTESIAN_POINT('',(-3.975,-27.687358,4.586157));
#5744 = DIRECTION('',(1.,0.,0.));
#5745 = DIRECTION('',(0.,-1.224646799147E-16,-1.));
#5746 = ADVANCED_FACE('',(#5747),#5758,.F.);
#5747 = FACE_BOUND('',#5748,.F.);
#5748 = EDGE_LOOP('',(#5749,#5755,#5756,#5757));
#5749 = ORIENTED_EDGE('',*,*,#5750,.T.);
#5750 = EDGE_CURVE('',#3589,#3668,#5751,.T.);
#5751 = LINE('',#5752,#5753);
#5752 = CARTESIAN_POINT('',(-19.237344,-28.787358,2.586157));
#5753 = VECTOR('',#5754,1.);
#5754 = DIRECTION('',(-1.,0.,0.));
#5755 = ORIENTED_EDGE('',*,*,#3691,.T.);
#5756 = ORIENTED_EDGE('',*,*,#3733,.T.);
#5757 = ORIENTED_EDGE('',*,*,#3588,.F.);
#5758 = PLANE('',#5759);
#5759 = AXIS2_PLACEMENT_3D('',#5760,#5761,#5762);
#5760 = CARTESIAN_POINT('',(-19.237344,-28.787358,4.586157));
#5761 = DIRECTION('',(0.,-1.,1.224646799147E-16));
#5762 = DIRECTION('',(0.,-1.224646799147E-16,-1.));
#5763 = ADVANCED_FACE('',(#5764),#5789,.T.);
#5764 = FACE_BOUND('',#5765,.T.);
#5765 = EDGE_LOOP('',(#5766,#5774,#5782,#5788));
#5766 = ORIENTED_EDGE('',*,*,#5767,.F.);
#5767 = EDGE_CURVE('',#5768,#3589,#5770,.T.);
#5768 = VERTEX_POINT('',#5769);
#5769 = CARTESIAN_POINT('',(-14.833,-27.687358,2.586157));
#5770 = LINE('',#5771,#5772);
#5771 = CARTESIAN_POINT('',(-14.833,-27.687358,2.586157));
#5772 = VECTOR('',#5773,1.);
#5773 = DIRECTION('',(0.,-1.,1.224646799147E-16));
#5774 = ORIENTED_EDGE('',*,*,#5775,.F.);
#5775 = EDGE_CURVE('',#5776,#5768,#5778,.T.);
#5776 = VERTEX_POINT('',#5777);
#5777 = CARTESIAN_POINT('',(-14.833,-27.687358,4.586157));
#5778 = LINE('',#5779,#5780);
#5779 = CARTESIAN_POINT('',(-14.833,-27.687358,4.586157));
#5780 = VECTOR('',#5781,1.);
#5781 = DIRECTION('',(0.,-1.224646799147E-16,-1.));
#5782 = ORIENTED_EDGE('',*,*,#5783,.T.);
#5783 = EDGE_CURVE('',#5776,#3621,#5784,.T.);
#5784 = LINE('',#5785,#5786);
#5785 = CARTESIAN_POINT('',(-14.833,-27.687358,4.586157));
#5786 = VECTOR('',#5787,1.);
#5787 = DIRECTION('',(0.,-1.,1.224646799147E-16));
#5788 = ORIENTED_EDGE('',*,*,#3620,.T.);
#5789 = PLANE('',#5790);
#5790 = AXIS2_PLACEMENT_3D('',#5791,#5792,#5793);
#5791 = CARTESIAN_POINT('',(-14.833,-27.687358,4.586157));
#5792 = DIRECTION('',(1.,0.,0.));
#5793 = DIRECTION('',(0.,-1.224646799147E-16,-1.));
#5794 = ADVANCED_FACE('',(#5795),#5813,.F.);
#5795 = FACE_BOUND('',#5796,.F.);
#5796 = EDGE_LOOP('',(#5797,#5805,#5811,#5812));
#5797 = ORIENTED_EDGE('',*,*,#5798,.F.);
#5798 = EDGE_CURVE('',#5799,#3644,#5801,.T.);
#5799 = VERTEX_POINT('',#5800);
#5800 = CARTESIAN_POINT('',(-19.237344,-27.687358,4.586157));
#5801 = LINE('',#5802,#5803);
#5802 = CARTESIAN_POINT('',(-19.237344,-27.687358,4.586157));
#5803 = VECTOR('',#5804,1.);
#5804 = DIRECTION('',(0.,-1.,1.224646799147E-16));
#5805 = ORIENTED_EDGE('',*,*,#5806,.T.);
#5806 = EDGE_CURVE('',#5799,#5776,#5807,.T.);
#5807 = LINE('',#5808,#5809);
#5808 = CARTESIAN_POINT('',(-19.237344,-27.687358,4.586157));
#5809 = VECTOR('',#5810,1.);
#5810 = DIRECTION('',(1.,0.,0.));
#5811 = ORIENTED_EDGE('',*,*,#5783,.T.);
#5812 = ORIENTED_EDGE('',*,*,#3651,.F.);
#5813 = PLANE('',#5814);
#5814 = AXIS2_PLACEMENT_3D('',#5815,#5816,#5817);
#5815 = CARTESIAN_POINT('',(-19.237344,-27.687358,4.586157));
#5816 = DIRECTION('',(0.,-1.224646799147E-16,-1.));
#5817 = DIRECTION('',(1.,0.,0.));
#5818 = ADVANCED_FACE('',(#5819),#5837,.F.);
#5819 = FACE_BOUND('',#5820,.F.);
#5820 = EDGE_LOOP('',(#5821,#5829,#5835,#5836));
#5821 = ORIENTED_EDGE('',*,*,#5822,.F.);
#5822 = EDGE_CURVE('',#5823,#3668,#5825,.T.);
#5823 = VERTEX_POINT('',#5824);
#5824 = CARTESIAN_POINT('',(-19.237344,-27.687358,2.586157));
#5825 = LINE('',#5826,#5827);
#5826 = CARTESIAN_POINT('',(-19.237344,-27.687358,2.586157));
#5827 = VECTOR('',#5828,1.);
#5828 = DIRECTION('',(0.,-1.,1.224646799147E-16));
#5829 = ORIENTED_EDGE('',*,*,#5830,.F.);
#5830 = EDGE_CURVE('',#5799,#5823,#5831,.T.);
#5831 = LINE('',#5832,#5833);
#5832 = CARTESIAN_POINT('',(-19.237344,-27.687358,4.586157));
#5833 = VECTOR('',#5834,1.);
#5834 = DIRECTION('',(0.,-1.224646799147E-16,-1.));
#5835 = ORIENTED_EDGE('',*,*,#5798,.T.);
#5836 = ORIENTED_EDGE('',*,*,#3675,.T.);
#5837 = PLANE('',#5838);
#5838 = AXIS2_PLACEMENT_3D('',#5839,#5840,#5841);
#5839 = CARTESIAN_POINT('',(-19.237344,-27.687358,4.586157));
#5840 = DIRECTION('',(1.,0.,0.));
#5841 = DIRECTION('',(0.,-1.224646799147E-16,-1.));
#5842 = ADVANCED_FACE('',(#5843),#5854,.T.);
#5843 = FACE_BOUND('',#5844,.T.);
#5844 = EDGE_LOOP('',(#5845,#5846,#5852,#5853));
#5845 = ORIENTED_EDGE('',*,*,#3766,.F.);
#5846 = ORIENTED_EDGE('',*,*,#5847,.T.);
#5847 = EDGE_CURVE('',#3750,#3829,#5848,.T.);
#5848 = LINE('',#5849,#5850);
#5849 = CARTESIAN_POINT('',(-22.537344,25.487358,2.586157));
#5850 = VECTOR('',#5851,1.);
#5851 = DIRECTION('',(0.,-1.,1.224646799147E-16));
#5852 = ORIENTED_EDGE('',*,*,#3862,.T.);
#5853 = ORIENTED_EDGE('',*,*,#4070,.F.);
#5854 = PLANE('',#5855);
#5855 = AXIS2_PLACEMENT_3D('',#5856,#5857,#5858);
#5856 = CARTESIAN_POINT('',(-22.537344,25.487358,4.586157));
#5857 = DIRECTION('',(1.,0.,0.));
#5858 = DIRECTION('',(0.,-1.224646799147E-16,-1.));
#5859 = ADVANCED_FACE('',(#5860),#5885,.F.);
#5860 = FACE_BOUND('',#5861,.F.);
#5861 = EDGE_LOOP('',(#5862,#5870,#5871,#5879));
#5862 = ORIENTED_EDGE('',*,*,#5863,.F.);
#5863 = EDGE_CURVE('',#3781,#5864,#5866,.T.);
#5864 = VERTEX_POINT('',#5865);
#5865 = CARTESIAN_POINT('',(-21.437344,25.487358,4.586157));
#5866 = LINE('',#5867,#5868);
#5867 = CARTESIAN_POINT('',(-27.537344,25.487358,4.586157));
#5868 = VECTOR('',#5869,1.);
#5869 = DIRECTION('',(1.,0.,0.));
#5870 = ORIENTED_EDGE('',*,*,#3780,.T.);
#5871 = ORIENTED_EDGE('',*,*,#5872,.T.);
#5872 = EDGE_CURVE('',#3750,#5873,#5875,.T.);
#5873 = VERTEX_POINT('',#5874);
#5874 = CARTESIAN_POINT('',(-21.437344,25.487358,2.586157));
#5875 = LINE('',#5876,#5877);
#5876 = CARTESIAN_POINT('',(-27.537344,25.487358,2.586157));
#5877 = VECTOR('',#5878,1.);
#5878 = DIRECTION('',(1.,0.,0.));
#5879 = ORIENTED_EDGE('',*,*,#5880,.F.);
#5880 = EDGE_CURVE('',#5864,#5873,#5881,.T.);
#5881 = LINE('',#5882,#5883);
#5882 = CARTESIAN_POINT('',(-21.437344,25.487358,4.586157));
#5883 = VECTOR('',#5884,1.);
#5884 = DIRECTION('',(0.,-1.224646799147E-16,-1.));
#5885 = PLANE('',#5886);
#5886 = AXIS2_PLACEMENT_3D('',#5887,#5888,#5889);
#5887 = CARTESIAN_POINT('',(-27.537344,25.487358,4.586157));
#5888 = DIRECTION('',(0.,-1.,1.224646799147E-16));
#5889 = DIRECTION('',(0.,-1.224646799147E-16,-1.));
#5890 = ADVANCED_FACE('',(#5891),#5909,.F.);
#5891 = FACE_BOUND('',#5892,.F.);
#5892 = EDGE_LOOP('',(#5893,#5894,#5895,#5903));
#5893 = ORIENTED_EDGE('',*,*,#3806,.F.);
#5894 = ORIENTED_EDGE('',*,*,#5863,.T.);
#5895 = ORIENTED_EDGE('',*,*,#5896,.T.);
#5896 = EDGE_CURVE('',#5864,#5897,#5899,.T.);
#5897 = VERTEX_POINT('',#5898);
#5898 = CARTESIAN_POINT('',(-21.437344,0.8,4.586157));
#5899 = LINE('',#5900,#5901);
#5900 = CARTESIAN_POINT('',(-21.437344,25.487358,4.586157));
#5901 = VECTOR('',#5902,1.);
#5902 = DIRECTION('',(0.,-1.,1.224646799147E-16));
#5903 = ORIENTED_EDGE('',*,*,#5904,.F.);
#5904 = EDGE_CURVE('',#3807,#5897,#5905,.T.);
#5905 = LINE('',#5906,#5907);
#5906 = CARTESIAN_POINT('',(-27.537344,0.8,4.586157));
#5907 = VECTOR('',#5908,1.);
#5908 = DIRECTION('',(1.,0.,0.));
#5909 = PLANE('',#5910);
#5910 = AXIS2_PLACEMENT_3D('',#5911,#5912,#5913);
#5911 = CARTESIAN_POINT('',(-27.537344,25.487358,4.586157));
#5912 = DIRECTION('',(0.,-1.224646799147E-16,-1.));
#5913 = DIRECTION('',(1.,0.,0.));
#5914 = ADVANCED_FACE('',(#5915),#5933,.T.);
#5915 = FACE_BOUND('',#5916,.T.);
#5916 = EDGE_LOOP('',(#5917,#5918,#5919,#5927));
#5917 = ORIENTED_EDGE('',*,*,#5904,.F.);
#5918 = ORIENTED_EDGE('',*,*,#3828,.T.);
#5919 = ORIENTED_EDGE('',*,*,#5920,.T.);
#5920 = EDGE_CURVE('',#3829,#5921,#5923,.T.);
#5921 = VERTEX_POINT('',#5922);
#5922 = CARTESIAN_POINT('',(-21.437344,0.8,2.586157));
#5923 = LINE('',#5924,#5925);
#5924 = CARTESIAN_POINT('',(-27.537344,0.8,2.586157));
#5925 = VECTOR('',#5926,1.);
#5926 = DIRECTION('',(1.,0.,0.));
#5927 = ORIENTED_EDGE('',*,*,#5928,.F.);
#5928 = EDGE_CURVE('',#5897,#5921,#5929,.T.);
#5929 = LINE('',#5930,#5931);
#5930 = CARTESIAN_POINT('',(-21.437344,0.8,4.586157));
#5931 = VECTOR('',#5932,1.);
#5932 = DIRECTION('',(0.,-1.224646799147E-16,-1.));
#5933 = PLANE('',#5934);
#5934 = AXIS2_PLACEMENT_3D('',#5935,#5936,#5937);
#5935 = CARTESIAN_POINT('',(-27.537344,0.8,4.586157));
#5936 = DIRECTION('',(0.,-1.,1.224646799147E-16));
#5937 = DIRECTION('',(0.,-1.224646799147E-16,-1.));
#5938 = ADVANCED_FACE('',(#5939),#5950,.T.);
#5939 = FACE_BOUND('',#5940,.T.);
#5940 = EDGE_LOOP('',(#5941,#5942,#5948,#5949));
#5941 = ORIENTED_EDGE('',*,*,#3893,.F.);
#5942 = ORIENTED_EDGE('',*,*,#5943,.T.);
#5943 = EDGE_CURVE('',#3877,#3956,#5944,.T.);
#5944 = LINE('',#5945,#5946);
#5945 = CARTESIAN_POINT('',(-22.537344,-21.8,2.586157));
#5946 = VECTOR('',#5947,1.);
#5947 = DIRECTION('',(0.,-1.,1.224646799147E-16));
#5948 = ORIENTED_EDGE('',*,*,#3989,.T.);
#5949 = ORIENTED_EDGE('',*,*,#4005,.F.);
#5950 = PLANE('',#5951);
#5951 = AXIS2_PLACEMENT_3D('',#5952,#5953,#5954);
#5952 = CARTESIAN_POINT('',(-22.537344,-21.8,4.586157));
#5953 = DIRECTION('',(1.,0.,0.));
#5954 = DIRECTION('',(0.,-1.224646799147E-16,-1.));
#5955 = ADVANCED_FACE('',(#5956),#5981,.F.);
#5956 = FACE_BOUND('',#5957,.F.);
#5957 = EDGE_LOOP('',(#5958,#5966,#5967,#5975));
#5958 = ORIENTED_EDGE('',*,*,#5959,.F.);
#5959 = EDGE_CURVE('',#3908,#5960,#5962,.T.);
#5960 = VERTEX_POINT('',#5961);
#5961 = CARTESIAN_POINT('',(-21.437344,-21.8,4.586157));
#5962 = LINE('',#5963,#5964);
#5963 = CARTESIAN_POINT('',(-27.537344,-21.8,4.586157));
#5964 = VECTOR('',#5965,1.);
#5965 = DIRECTION('',(1.,0.,0.));
#5966 = ORIENTED_EDGE('',*,*,#3907,.T.);
#5967 = ORIENTED_EDGE('',*,*,#5968,.T.);
#5968 = EDGE_CURVE('',#3877,#5969,#5971,.T.);
#5969 = VERTEX_POINT('',#5970);
#5970 = CARTESIAN_POINT('',(-21.437344,-21.8,2.586157));
#5971 = LINE('',#5972,#5973);
#5972 = CARTESIAN_POINT('',(-27.537344,-21.8,2.586157));
#5973 = VECTOR('',#5974,1.);
#5974 = DIRECTION('',(1.,0.,0.));
#5975 = ORIENTED_EDGE('',*,*,#5976,.F.);
#5976 = EDGE_CURVE('',#5960,#5969,#5977,.T.);
#5977 = LINE('',#5978,#5979);
#5978 = CARTESIAN_POINT('',(-21.437344,-21.8,4.586157));
#5979 = VECTOR('',#5980,1.);
#5980 = DIRECTION('',(0.,-1.224646799147E-16,-1.));
#5981 = PLANE('',#5982);
#5982 = AXIS2_PLACEMENT_3D('',#5983,#5984,#5985);
#5983 = CARTESIAN_POINT('',(-27.537344,-21.8,4.586157));
#5984 = DIRECTION('',(0.,-1.,1.224646799147E-16));
#5985 = DIRECTION('',(0.,-1.224646799147E-16,-1.));
#5986 = ADVANCED_FACE('',(#5987),#6005,.F.);
#5987 = FACE_BOUND('',#5988,.F.);
#5988 = EDGE_LOOP('',(#5989,#5990,#5991,#5999));
#5989 = ORIENTED_EDGE('',*,*,#3933,.F.);
#5990 = ORIENTED_EDGE('',*,*,#5959,.T.);
#5991 = ORIENTED_EDGE('',*,*,#5992,.T.);
#5992 = EDGE_CURVE('',#5960,#5993,#5995,.T.);
#5993 = VERTEX_POINT('',#5994);
#5994 = CARTESIAN_POINT('',(-21.437344,-25.487358,4.586157));
#5995 = LINE('',#5996,#5997);
#5996 = CARTESIAN_POINT('',(-21.437344,-21.8,4.586157));
#5997 = VECTOR('',#5998,1.);
#5998 = DIRECTION('',(0.,-1.,1.224646799147E-16));
#5999 = ORIENTED_EDGE('',*,*,#6000,.F.);
#6000 = EDGE_CURVE('',#3934,#5993,#6001,.T.);
#6001 = LINE('',#6002,#6003);
#6002 = CARTESIAN_POINT('',(-27.537344,-25.487358,4.586157));
#6003 = VECTOR('',#6004,1.);
#6004 = DIRECTION('',(1.,0.,0.));
#6005 = PLANE('',#6006);
#6006 = AXIS2_PLACEMENT_3D('',#6007,#6008,#6009);
#6007 = CARTESIAN_POINT('',(-27.537344,-21.8,4.586157));
#6008 = DIRECTION('',(0.,-1.224646799147E-16,-1.));
#6009 = DIRECTION('',(1.,0.,0.));
#6010 = ADVANCED_FACE('',(#6011),#6029,.T.);
#6011 = FACE_BOUND('',#6012,.T.);
#6012 = EDGE_LOOP('',(#6013,#6014,#6015,#6023));
#6013 = ORIENTED_EDGE('',*,*,#6000,.F.);
#6014 = ORIENTED_EDGE('',*,*,#3955,.T.);
#6015 = ORIENTED_EDGE('',*,*,#6016,.T.);
#6016 = EDGE_CURVE('',#3956,#6017,#6019,.T.);
#6017 = VERTEX_POINT('',#6018);
#6018 = CARTESIAN_POINT('',(-21.437344,-25.487358,2.586157));
#6019 = LINE('',#6020,#6021);
#6020 = CARTESIAN_POINT('',(-27.537344,-25.487358,2.586157));
#6021 = VECTOR('',#6022,1.);
#6022 = DIRECTION('',(1.,0.,0.));
#6023 = ORIENTED_EDGE('',*,*,#6024,.F.);
#6024 = EDGE_CURVE('',#5993,#6017,#6025,.T.);
#6025 = LINE('',#6026,#6027);
#6026 = CARTESIAN_POINT('',(-21.437344,-25.487358,4.586157));
#6027 = VECTOR('',#6028,1.);
#6028 = DIRECTION('',(0.,-1.224646799147E-16,-1.));
#6029 = PLANE('',#6030);
#6030 = AXIS2_PLACEMENT_3D('',#6031,#6032,#6033);
#6031 = CARTESIAN_POINT('',(-27.537344,-25.487358,4.586157));
#6032 = DIRECTION('',(0.,-1.,1.224646799147E-16));
#6033 = DIRECTION('',(0.,-1.224646799147E-16,-1.));
#6034 = ADVANCED_FACE('',(#6035,#6085),#6088,.F.);
#6035 = FACE_BOUND('',#6036,.F.);
#6036 = EDGE_LOOP('',(#6037,#6047,#6055,#6063,#6071,#6079));
#6037 = ORIENTED_EDGE('',*,*,#6038,.T.);
#6038 = EDGE_CURVE('',#6039,#6041,#6043,.T.);
#6039 = VERTEX_POINT('',#6040);
#6040 = CARTESIAN_POINT('',(-27.03097741178,-21.938,3.7));
#6041 = VERTEX_POINT('',#6042);
#6042 = CARTESIAN_POINT('',(-28.73416070589,-24.888,3.7));
#6043 = LINE('',#6044,#6045);
#6044 = CARTESIAN_POINT('',(-27.03097741178,-21.938,3.7));
#6045 = VECTOR('',#6046,1.);
#6046 = DIRECTION('',(-0.5,-0.866025403784,1.060575238725E-16));
#6047 = ORIENTED_EDGE('',*,*,#6048,.T.);
#6048 = EDGE_CURVE('',#6041,#6049,#6051,.T.);
#6049 = VERTEX_POINT('',#6050);
#6050 = CARTESIAN_POINT('',(-32.1405272941,-24.888,3.7));
#6051 = LINE('',#6052,#6053);
#6052 = CARTESIAN_POINT('',(-28.73416070589,-24.888,3.7));
#6053 = VECTOR('',#6054,1.);
#6054 = DIRECTION('',(-1.,-0.,0.));
#6055 = ORIENTED_EDGE('',*,*,#6056,.T.);
#6056 = EDGE_CURVE('',#6049,#6057,#6059,.T.);
#6057 = VERTEX_POINT('',#6058);
#6058 = CARTESIAN_POINT('',(-33.84371058821,-21.938,3.7));
#6059 = LINE('',#6060,#6061);
#6060 = CARTESIAN_POINT('',(-32.1405272941,-24.888,3.7));
#6061 = VECTOR('',#6062,1.);
#6062 = DIRECTION('',(-0.5,0.866025403784,-1.060575238725E-16));
#6063 = ORIENTED_EDGE('',*,*,#6064,.T.);
#6064 = EDGE_CURVE('',#6057,#6065,#6067,.T.);
#6065 = VERTEX_POINT('',#6066);
#6066 = CARTESIAN_POINT('',(-32.1405272941,-18.988,3.7));
#6067 = LINE('',#6068,#6069);
#6068 = CARTESIAN_POINT('',(-33.84371058821,-21.938,3.7));
#6069 = VECTOR('',#6070,1.);
#6070 = DIRECTION('',(0.5,0.866025403784,-1.060575238725E-16));
#6071 = ORIENTED_EDGE('',*,*,#6072,.T.);
#6072 = EDGE_CURVE('',#6065,#6073,#6075,.T.);
#6073 = VERTEX_POINT('',#6074);
#6074 = CARTESIAN_POINT('',(-28.73416070589,-18.988,3.7));
#6075 = LINE('',#6076,#6077);
#6076 = CARTESIAN_POINT('',(-32.1405272941,-18.988,3.7));
#6077 = VECTOR('',#6078,1.);
#6078 = DIRECTION('',(1.,0.,0.));
#6079 = ORIENTED_EDGE('',*,*,#6080,.T.);
#6080 = EDGE_CURVE('',#6073,#6039,#6081,.T.);
#6081 = LINE('',#6082,#6083);
#6082 = CARTESIAN_POINT('',(-28.73416070589,-18.988,3.7));
#6083 = VECTOR('',#6084,1.);
#6084 = DIRECTION('',(0.5,-0.866025403784,1.060575238725E-16));
#6085 = FACE_BOUND('',#6086,.F.);
#6086 = EDGE_LOOP('',(#6087));
#6087 = ORIENTED_EDGE('',*,*,#4040,.F.);
#6088 = PLANE('',#6089);
#6089 = AXIS2_PLACEMENT_3D('',#6090,#6091,#6092);
#6090 = CARTESIAN_POINT('',(-30.437344,-21.938,3.7));
#6091 = DIRECTION('',(0.,-1.224646799147E-16,-1.));
#6092 = DIRECTION('',(1.,0.,0.));
#6093 = ADVANCED_FACE('',(#6094,#6144),#6147,.F.);
#6094 = FACE_BOUND('',#6095,.F.);
#6095 = EDGE_LOOP('',(#6096,#6106,#6114,#6122,#6130,#6138));
#6096 = ORIENTED_EDGE('',*,*,#6097,.T.);
#6097 = EDGE_CURVE('',#6098,#6100,#6102,.T.);
#6098 = VERTEX_POINT('',#6099);
#6099 = CARTESIAN_POINT('',(-27.03097741178,20.062,3.7));
#6100 = VERTEX_POINT('',#6101);
#6101 = CARTESIAN_POINT('',(-28.73416070589,17.112,3.7));
#6102 = LINE('',#6103,#6104);
#6103 = CARTESIAN_POINT('',(-27.03097741178,20.062,3.7));
#6104 = VECTOR('',#6105,1.);
#6105 = DIRECTION('',(-0.5,-0.866025403784,1.060575238725E-16));
#6106 = ORIENTED_EDGE('',*,*,#6107,.T.);
#6107 = EDGE_CURVE('',#6100,#6108,#6110,.T.);
#6108 = VERTEX_POINT('',#6109);
#6109 = CARTESIAN_POINT('',(-32.1405272941,17.112,3.7));
#6110 = LINE('',#6111,#6112);
#6111 = CARTESIAN_POINT('',(-28.73416070589,17.112,3.7));
#6112 = VECTOR('',#6113,1.);
#6113 = DIRECTION('',(-1.,-0.,0.));
#6114 = ORIENTED_EDGE('',*,*,#6115,.T.);
#6115 = EDGE_CURVE('',#6108,#6116,#6118,.T.);
#6116 = VERTEX_POINT('',#6117);
#6117 = CARTESIAN_POINT('',(-33.84371058821,20.062,3.7));
#6118 = LINE('',#6119,#6120);
#6119 = CARTESIAN_POINT('',(-32.1405272941,17.112,3.7));
#6120 = VECTOR('',#6121,1.);
#6121 = DIRECTION('',(-0.5,0.866025403784,-1.060575238725E-16));
#6122 = ORIENTED_EDGE('',*,*,#6123,.T.);
#6123 = EDGE_CURVE('',#6116,#6124,#6126,.T.);
#6124 = VERTEX_POINT('',#6125);
#6125 = CARTESIAN_POINT('',(-32.1405272941,23.012,3.7));
#6126 = LINE('',#6127,#6128);
#6127 = CARTESIAN_POINT('',(-33.84371058821,20.062,3.7));
#6128 = VECTOR('',#6129,1.);
#6129 = DIRECTION('',(0.5,0.866025403784,-1.060575238725E-16));
#6130 = ORIENTED_EDGE('',*,*,#6131,.T.);
#6131 = EDGE_CURVE('',#6124,#6132,#6134,.T.);
#6132 = VERTEX_POINT('',#6133);
#6133 = CARTESIAN_POINT('',(-28.73416070589,23.012,3.7));
#6134 = LINE('',#6135,#6136);
#6135 = CARTESIAN_POINT('',(-32.1405272941,23.012,3.7));
#6136 = VECTOR('',#6137,1.);
#6137 = DIRECTION('',(1.,0.,0.));
#6138 = ORIENTED_EDGE('',*,*,#6139,.T.);
#6139 = EDGE_CURVE('',#6132,#6098,#6140,.T.);
#6140 = LINE('',#6141,#6142);
#6141 = CARTESIAN_POINT('',(-28.73416070589,23.012,3.7));
#6142 = VECTOR('',#6143,1.);
#6143 = DIRECTION('',(0.5,-0.866025403784,1.060575238725E-16));
#6144 = FACE_BOUND('',#6145,.F.);
#6145 = EDGE_LOOP('',(#6146));
#6146 = ORIENTED_EDGE('',*,*,#4093,.F.);
#6147 = PLANE('',#6148);
#6148 = AXIS2_PLACEMENT_3D('',#6149,#6150,#6151);
#6149 = CARTESIAN_POINT('',(-30.437344,20.062,3.7));
#6150 = DIRECTION('',(0.,-1.224646799147E-16,-1.));
#6151 = DIRECTION('',(1.,0.,0.));
#6152 = ADVANCED_FACE('',(#6153),#6164,.T.);
#6153 = FACE_BOUND('',#6154,.T.);
#6154 = EDGE_LOOP('',(#6155,#6161,#6162,#6163));
#6155 = ORIENTED_EDGE('',*,*,#6156,.T.);
#6156 = EDGE_CURVE('',#4112,#4192,#6157,.T.);
#6157 = LINE('',#6158,#6159);
#6158 = CARTESIAN_POINT('',(13.802,28.787358,2.586157));
#6159 = VECTOR('',#6160,1.);
#6160 = DIRECTION('',(-1.,0.,0.));
#6161 = ORIENTED_EDGE('',*,*,#4215,.T.);
#6162 = ORIENTED_EDGE('',*,*,#4528,.T.);
#6163 = ORIENTED_EDGE('',*,*,#4119,.F.);
#6164 = PLANE('',#6165);
#6165 = AXIS2_PLACEMENT_3D('',#6166,#6167,#6168);
#6166 = CARTESIAN_POINT('',(13.802,28.787358,4.586157));
#6167 = DIRECTION('',(0.,-1.,1.224646799147E-16));
#6168 = DIRECTION('',(0.,-1.224646799147E-16,-1.));
#6169 = ADVANCED_FACE('',(#6170),#6195,.T.);
#6170 = FACE_BOUND('',#6171,.T.);
#6171 = EDGE_LOOP('',(#6172,#6173,#6181,#6189));
#6172 = ORIENTED_EDGE('',*,*,#4150,.F.);
#6173 = ORIENTED_EDGE('',*,*,#6174,.T.);
#6174 = EDGE_CURVE('',#4143,#6175,#6177,.T.);
#6175 = VERTEX_POINT('',#6176);
#6176 = CARTESIAN_POINT('',(19.237344,27.687358,4.586157));
#6177 = LINE('',#6178,#6179);
#6178 = CARTESIAN_POINT('',(19.237344,32.387358,4.586157));
#6179 = VECTOR('',#6180,1.);
#6180 = DIRECTION('',(0.,-1.,1.224646799147E-16));
#6181 = ORIENTED_EDGE('',*,*,#6182,.T.);
#6182 = EDGE_CURVE('',#6175,#6183,#6185,.T.);
#6183 = VERTEX_POINT('',#6184);
#6184 = CARTESIAN_POINT('',(19.237344,27.687358,2.586157));
#6185 = LINE('',#6186,#6187);
#6186 = CARTESIAN_POINT('',(19.237344,27.687358,4.586157));
#6187 = VECTOR('',#6188,1.);
#6188 = DIRECTION('',(0.,-1.224646799147E-16,-1.));
#6189 = ORIENTED_EDGE('',*,*,#6190,.F.);
#6190 = EDGE_CURVE('',#4112,#6183,#6191,.T.);
#6191 = LINE('',#6192,#6193);
#6192 = CARTESIAN_POINT('',(19.237344,32.387358,2.586157));
#6193 = VECTOR('',#6194,1.);
#6194 = DIRECTION('',(0.,-1.,1.224646799147E-16));
#6195 = PLANE('',#6196);
#6196 = AXIS2_PLACEMENT_3D('',#6197,#6198,#6199);
#6197 = CARTESIAN_POINT('',(19.237344,32.387358,4.586157));
#6198 = DIRECTION('',(1.,0.,0.));
#6199 = DIRECTION('',(0.,-1.224646799147E-16,-1.));
#6200 = ADVANCED_FACE('',(#6201),#6219,.F.);
#6201 = FACE_BOUND('',#6202,.F.);
#6202 = EDGE_LOOP('',(#6203,#6211,#6212,#6213));
#6203 = ORIENTED_EDGE('',*,*,#6204,.F.);
#6204 = EDGE_CURVE('',#4166,#6205,#6207,.T.);
#6205 = VERTEX_POINT('',#6206);
#6206 = CARTESIAN_POINT('',(13.802,27.687358,4.586157));
#6207 = LINE('',#6208,#6209);
#6208 = CARTESIAN_POINT('',(13.802,32.387358,4.586157));
#6209 = VECTOR('',#6210,1.);
#6210 = DIRECTION('',(0.,-1.,1.224646799147E-16));
#6211 = ORIENTED_EDGE('',*,*,#4165,.T.);
#6212 = ORIENTED_EDGE('',*,*,#6174,.T.);
#6213 = ORIENTED_EDGE('',*,*,#6214,.F.);
#6214 = EDGE_CURVE('',#6205,#6175,#6215,.T.);
#6215 = LINE('',#6216,#6217);
#6216 = CARTESIAN_POINT('',(13.802,27.687358,4.586157));
#6217 = VECTOR('',#6218,1.);
#6218 = DIRECTION('',(1.,0.,0.));
#6219 = PLANE('',#6220);
#6220 = AXIS2_PLACEMENT_3D('',#6221,#6222,#6223);
#6221 = CARTESIAN_POINT('',(13.802,32.387358,4.586157));
#6222 = DIRECTION('',(0.,-1.224646799147E-16,-1.));
#6223 = DIRECTION('',(1.,0.,0.));
#6224 = ADVANCED_FACE('',(#6225),#6243,.F.);
#6225 = FACE_BOUND('',#6226,.F.);
#6226 = EDGE_LOOP('',(#6227,#6228,#6229,#6237));
#6227 = ORIENTED_EDGE('',*,*,#4191,.F.);
#6228 = ORIENTED_EDGE('',*,*,#6204,.T.);
#6229 = ORIENTED_EDGE('',*,*,#6230,.T.);
#6230 = EDGE_CURVE('',#6205,#6231,#6233,.T.);
#6231 = VERTEX_POINT('',#6232);
#6232 = CARTESIAN_POINT('',(13.802,27.687358,2.586157));
#6233 = LINE('',#6234,#6235);
#6234 = CARTESIAN_POINT('',(13.802,27.687358,4.586157));
#6235 = VECTOR('',#6236,1.);
#6236 = DIRECTION('',(0.,-1.224646799147E-16,-1.));
#6237 = ORIENTED_EDGE('',*,*,#6238,.F.);
#6238 = EDGE_CURVE('',#4192,#6231,#6239,.T.);
#6239 = LINE('',#6240,#6241);
#6240 = CARTESIAN_POINT('',(13.802,32.387358,2.586157));
#6241 = VECTOR('',#6242,1.);
#6242 = DIRECTION('',(0.,-1.,1.224646799147E-16));
#6243 = PLANE('',#6244);
#6244 = AXIS2_PLACEMENT_3D('',#6245,#6246,#6247);
#6245 = CARTESIAN_POINT('',(13.802,32.387358,4.586157));
#6246 = DIRECTION('',(1.,0.,0.));
#6247 = DIRECTION('',(0.,-1.224646799147E-16,-1.));
#6248 = ADVANCED_FACE('',(#6249),#6260,.T.);
#6249 = FACE_BOUND('',#6250,.T.);
#6250 = EDGE_LOOP('',(#6251,#6257,#6258,#6259));
#6251 = ORIENTED_EDGE('',*,*,#6252,.T.);
#6252 = EDGE_CURVE('',#4239,#4319,#6253,.T.);
#6253 = LINE('',#6254,#6255);
#6254 = CARTESIAN_POINT('',(6.775,28.787358,2.586157));
#6255 = VECTOR('',#6256,1.);
#6256 = DIRECTION('',(-1.,0.,0.));
#6257 = ORIENTED_EDGE('',*,*,#4342,.T.);
#6258 = ORIENTED_EDGE('',*,*,#4511,.T.);
#6259 = ORIENTED_EDGE('',*,*,#4246,.F.);
#6260 = PLANE('',#6261);
#6261 = AXIS2_PLACEMENT_3D('',#6262,#6263,#6264);
#6262 = CARTESIAN_POINT('',(6.775,28.787358,4.586157));
#6263 = DIRECTION('',(0.,-1.,1.224646799147E-16));
#6264 = DIRECTION('',(0.,-1.224646799147E-16,-1.));
#6265 = ADVANCED_FACE('',(#6266),#6291,.T.);
#6266 = FACE_BOUND('',#6267,.T.);
#6267 = EDGE_LOOP('',(#6268,#6269,#6277,#6285));
#6268 = ORIENTED_EDGE('',*,*,#4277,.F.);
#6269 = ORIENTED_EDGE('',*,*,#6270,.T.);
#6270 = EDGE_CURVE('',#4270,#6271,#6273,.T.);
#6271 = VERTEX_POINT('',#6272);
#6272 = CARTESIAN_POINT('',(11.802,27.687358,4.586157));
#6273 = LINE('',#6274,#6275);
#6274 = CARTESIAN_POINT('',(11.802,32.387358,4.586157));
#6275 = VECTOR('',#6276,1.);
#6276 = DIRECTION('',(0.,-1.,1.224646799147E-16));
#6277 = ORIENTED_EDGE('',*,*,#6278,.T.);
#6278 = EDGE_CURVE('',#6271,#6279,#6281,.T.);
#6279 = VERTEX_POINT('',#6280);
#6280 = CARTESIAN_POINT('',(11.802,27.687358,2.586157));
#6281 = LINE('',#6282,#6283);
#6282 = CARTESIAN_POINT('',(11.802,27.687358,4.586157));
#6283 = VECTOR('',#6284,1.);
#6284 = DIRECTION('',(0.,-1.224646799147E-16,-1.));
#6285 = ORIENTED_EDGE('',*,*,#6286,.F.);
#6286 = EDGE_CURVE('',#4239,#6279,#6287,.T.);
#6287 = LINE('',#6288,#6289);
#6288 = CARTESIAN_POINT('',(11.802,32.387358,2.586157));
#6289 = VECTOR('',#6290,1.);
#6290 = DIRECTION('',(0.,-1.,1.224646799147E-16));
#6291 = PLANE('',#6292);
#6292 = AXIS2_PLACEMENT_3D('',#6293,#6294,#6295);
#6293 = CARTESIAN_POINT('',(11.802,32.387358,4.586157));
#6294 = DIRECTION('',(1.,0.,0.));
#6295 = DIRECTION('',(0.,-1.224646799147E-16,-1.));
#6296 = ADVANCED_FACE('',(#6297),#6315,.F.);
#6297 = FACE_BOUND('',#6298,.F.);
#6298 = EDGE_LOOP('',(#6299,#6307,#6308,#6309));
#6299 = ORIENTED_EDGE('',*,*,#6300,.F.);
#6300 = EDGE_CURVE('',#4293,#6301,#6303,.T.);
#6301 = VERTEX_POINT('',#6302);
#6302 = CARTESIAN_POINT('',(6.775,27.687358,4.586157));
#6303 = LINE('',#6304,#6305);
#6304 = CARTESIAN_POINT('',(6.775,32.387358,4.586157));
#6305 = VECTOR('',#6306,1.);
#6306 = DIRECTION('',(0.,-1.,1.224646799147E-16));
#6307 = ORIENTED_EDGE('',*,*,#4292,.T.);
#6308 = ORIENTED_EDGE('',*,*,#6270,.T.);
#6309 = ORIENTED_EDGE('',*,*,#6310,.F.);
#6310 = EDGE_CURVE('',#6301,#6271,#6311,.T.);
#6311 = LINE('',#6312,#6313);
#6312 = CARTESIAN_POINT('',(6.775,27.687358,4.586157));
#6313 = VECTOR('',#6314,1.);
#6314 = DIRECTION('',(1.,0.,0.));
#6315 = PLANE('',#6316);
#6316 = AXIS2_PLACEMENT_3D('',#6317,#6318,#6319);
#6317 = CARTESIAN_POINT('',(6.775,32.387358,4.586157));
#6318 = DIRECTION('',(0.,-1.224646799147E-16,-1.));
#6319 = DIRECTION('',(1.,0.,0.));
#6320 = ADVANCED_FACE('',(#6321),#6339,.F.);
#6321 = FACE_BOUND('',#6322,.F.);
#6322 = EDGE_LOOP('',(#6323,#6324,#6325,#6333));
#6323 = ORIENTED_EDGE('',*,*,#4318,.F.);
#6324 = ORIENTED_EDGE('',*,*,#6300,.T.);
#6325 = ORIENTED_EDGE('',*,*,#6326,.T.);
#6326 = EDGE_CURVE('',#6301,#6327,#6329,.T.);
#6327 = VERTEX_POINT('',#6328);
#6328 = CARTESIAN_POINT('',(6.775,27.687358,2.586157));
#6329 = LINE('',#6330,#6331);
#6330 = CARTESIAN_POINT('',(6.775,27.687358,4.586157));
#6331 = VECTOR('',#6332,1.);
#6332 = DIRECTION('',(0.,-1.224646799147E-16,-1.));
#6333 = ORIENTED_EDGE('',*,*,#6334,.F.);
#6334 = EDGE_CURVE('',#4319,#6327,#6335,.T.);
#6335 = LINE('',#6336,#6337);
#6336 = CARTESIAN_POINT('',(6.775,32.387358,2.586157));
#6337 = VECTOR('',#6338,1.);
#6338 = DIRECTION('',(0.,-1.,1.224646799147E-16));
#6339 = PLANE('',#6340);
#6340 = AXIS2_PLACEMENT_3D('',#6341,#6342,#6343);
#6341 = CARTESIAN_POINT('',(6.775,32.387358,4.586157));
#6342 = DIRECTION('',(1.,0.,0.));
#6343 = DIRECTION('',(0.,-1.224646799147E-16,-1.));
#6344 = ADVANCED_FACE('',(#6345),#6356,.T.);
#6345 = FACE_BOUND('',#6346,.T.);
#6346 = EDGE_LOOP('',(#6347,#6353,#6354,#6355));
#6347 = ORIENTED_EDGE('',*,*,#6348,.T.);
#6348 = EDGE_CURVE('',#4366,#4446,#6349,.T.);
#6349 = LINE('',#6350,#6351);
#6350 = CARTESIAN_POINT('',(-19.237344,28.787358,2.586157));
#6351 = VECTOR('',#6352,1.);
#6352 = DIRECTION('',(-1.,0.,0.));
#6353 = ORIENTED_EDGE('',*,*,#4469,.T.);
#6354 = ORIENTED_EDGE('',*,*,#4494,.T.);
#6355 = ORIENTED_EDGE('',*,*,#4373,.F.);
#6356 = PLANE('',#6357);
#6357 = AXIS2_PLACEMENT_3D('',#6358,#6359,#6360);
#6358 = CARTESIAN_POINT('',(-19.237344,28.787358,4.586157));
#6359 = DIRECTION('',(0.,-1.,1.224646799147E-16));
#6360 = DIRECTION('',(0.,-1.224646799147E-16,-1.));
#6361 = ADVANCED_FACE('',(#6362),#6387,.T.);
#6362 = FACE_BOUND('',#6363,.T.);
#6363 = EDGE_LOOP('',(#6364,#6365,#6373,#6381));
#6364 = ORIENTED_EDGE('',*,*,#4404,.F.);
#6365 = ORIENTED_EDGE('',*,*,#6366,.T.);
#6366 = EDGE_CURVE('',#4397,#6367,#6369,.T.);
#6367 = VERTEX_POINT('',#6368);
#6368 = CARTESIAN_POINT('',(-6.825,27.687358,4.586157));
#6369 = LINE('',#6370,#6371);
#6370 = CARTESIAN_POINT('',(-6.825,32.387358,4.586157));
#6371 = VECTOR('',#6372,1.);
#6372 = DIRECTION('',(0.,-1.,1.224646799147E-16));
#6373 = ORIENTED_EDGE('',*,*,#6374,.T.);
#6374 = EDGE_CURVE('',#6367,#6375,#6377,.T.);
#6375 = VERTEX_POINT('',#6376);
#6376 = CARTESIAN_POINT('',(-6.825,27.687358,2.586157));
#6377 = LINE('',#6378,#6379);
#6378 = CARTESIAN_POINT('',(-6.825,27.687358,4.586157));
#6379 = VECTOR('',#6380,1.);
#6380 = DIRECTION('',(0.,-1.224646799147E-16,-1.));
#6381 = ORIENTED_EDGE('',*,*,#6382,.F.);
#6382 = EDGE_CURVE('',#4366,#6375,#6383,.T.);
#6383 = LINE('',#6384,#6385);
#6384 = CARTESIAN_POINT('',(-6.825,32.387358,2.586157));
#6385 = VECTOR('',#6386,1.);
#6386 = DIRECTION('',(0.,-1.,1.224646799147E-16));
#6387 = PLANE('',#6388);
#6388 = AXIS2_PLACEMENT_3D('',#6389,#6390,#6391);
#6389 = CARTESIAN_POINT('',(-6.825,32.387358,4.586157));
#6390 = DIRECTION('',(1.,0.,0.));
#6391 = DIRECTION('',(0.,-1.224646799147E-16,-1.));
#6392 = ADVANCED_FACE('',(#6393),#6411,.F.);
#6393 = FACE_BOUND('',#6394,.F.);
#6394 = EDGE_LOOP('',(#6395,#6403,#6404,#6405));
#6395 = ORIENTED_EDGE('',*,*,#6396,.F.);
#6396 = EDGE_CURVE('',#4420,#6397,#6399,.T.);
#6397 = VERTEX_POINT('',#6398);
#6398 = CARTESIAN_POINT('',(-19.237344,27.687358,4.586157));
#6399 = LINE('',#6400,#6401);
#6400 = CARTESIAN_POINT('',(-19.237344,32.387358,4.586157));
#6401 = VECTOR('',#6402,1.);
#6402 = DIRECTION('',(0.,-1.,1.224646799147E-16));
#6403 = ORIENTED_EDGE('',*,*,#4419,.T.);
#6404 = ORIENTED_EDGE('',*,*,#6366,.T.);
#6405 = ORIENTED_EDGE('',*,*,#6406,.F.);
#6406 = EDGE_CURVE('',#6397,#6367,#6407,.T.);
#6407 = LINE('',#6408,#6409);
#6408 = CARTESIAN_POINT('',(-19.237344,27.687358,4.586157));
#6409 = VECTOR('',#6410,1.);
#6410 = DIRECTION('',(1.,0.,0.));
#6411 = PLANE('',#6412);
#6412 = AXIS2_PLACEMENT_3D('',#6413,#6414,#6415);
#6413 = CARTESIAN_POINT('',(-19.237344,32.387358,4.586157));
#6414 = DIRECTION('',(0.,-1.224646799147E-16,-1.));
#6415 = DIRECTION('',(1.,0.,0.));
#6416 = ADVANCED_FACE('',(#6417),#6435,.F.);
#6417 = FACE_BOUND('',#6418,.F.);
#6418 = EDGE_LOOP('',(#6419,#6420,#6421,#6429));
#6419 = ORIENTED_EDGE('',*,*,#4445,.F.);
#6420 = ORIENTED_EDGE('',*,*,#6396,.T.);
#6421 = ORIENTED_EDGE('',*,*,#6422,.T.);
#6422 = EDGE_CURVE('',#6397,#6423,#6425,.T.);
#6423 = VERTEX_POINT('',#6424);
#6424 = CARTESIAN_POINT('',(-19.237344,27.687358,2.586157));
#6425 = LINE('',#6426,#6427);
#6426 = CARTESIAN_POINT('',(-19.237344,27.687358,4.586157));
#6427 = VECTOR('',#6428,1.);
#6428 = DIRECTION('',(0.,-1.224646799147E-16,-1.));
#6429 = ORIENTED_EDGE('',*,*,#6430,.F.);
#6430 = EDGE_CURVE('',#4446,#6423,#6431,.T.);
#6431 = LINE('',#6432,#6433);
#6432 = CARTESIAN_POINT('',(-19.237344,32.387358,2.586157));
#6433 = VECTOR('',#6434,1.);
#6434 = DIRECTION('',(0.,-1.,1.224646799147E-16));
#6435 = PLANE('',#6436);
#6436 = AXIS2_PLACEMENT_3D('',#6437,#6438,#6439);
#6437 = CARTESIAN_POINT('',(-19.237344,32.387358,4.586157));
#6438 = DIRECTION('',(1.,0.,0.));
#6439 = DIRECTION('',(0.,-1.224646799147E-16,-1.));
#6440 = ADVANCED_FACE('',(#6441),#6466,.F.);
#6441 = FACE_BOUND('',#6442,.F.);
#6442 = EDGE_LOOP('',(#6443,#6451,#6459,#6465));
#6443 = ORIENTED_EDGE('',*,*,#6444,.F.);
#6444 = EDGE_CURVE('',#6445,#4567,#6447,.T.);
#6445 = VERTEX_POINT('',#6446);
#6446 = CARTESIAN_POINT('',(21.437344,25.487358,4.586157));
#6447 = LINE('',#6448,#6449);
#6448 = CARTESIAN_POINT('',(21.437344,25.487358,4.586157));
#6449 = VECTOR('',#6450,1.);
#6450 = DIRECTION('',(1.,0.,0.));
#6451 = ORIENTED_EDGE('',*,*,#6452,.T.);
#6452 = EDGE_CURVE('',#6445,#6453,#6455,.T.);
#6453 = VERTEX_POINT('',#6454);
#6454 = CARTESIAN_POINT('',(21.437344,25.487358,2.586157));
#6455 = LINE('',#6456,#6457);
#6456 = CARTESIAN_POINT('',(21.437344,25.487358,4.586157));
#6457 = VECTOR('',#6458,1.);
#6458 = DIRECTION('',(0.,-1.224646799147E-16,-1.));
#6459 = ORIENTED_EDGE('',*,*,#6460,.T.);
#6460 = EDGE_CURVE('',#6453,#4543,#6461,.T.);
#6461 = LINE('',#6462,#6463);
#6462 = CARTESIAN_POINT('',(21.437344,25.487358,2.586157));
#6463 = VECTOR('',#6464,1.);
#6464 = DIRECTION('',(1.,0.,0.));
#6465 = ORIENTED_EDGE('',*,*,#4574,.F.);
#6466 = PLANE('',#6467);
#6467 = AXIS2_PLACEMENT_3D('',#6468,#6469,#6470);
#6468 = CARTESIAN_POINT('',(21.437344,25.487358,4.586157));
#6469 = DIRECTION('',(0.,-1.,1.224646799147E-16));
#6470 = DIRECTION('',(0.,-1.224646799147E-16,-1.));
#6471 = ADVANCED_FACE('',(#6472),#6490,.F.);
#6472 = FACE_BOUND('',#6473,.F.);
#6473 = EDGE_LOOP('',(#6474,#6482,#6483,#6484));
#6474 = ORIENTED_EDGE('',*,*,#6475,.F.);
#6475 = EDGE_CURVE('',#6445,#6476,#6478,.T.);
#6476 = VERTEX_POINT('',#6477);
#6477 = CARTESIAN_POINT('',(21.437344,14.161016,4.586157));
#6478 = LINE('',#6479,#6480);
#6479 = CARTESIAN_POINT('',(21.437344,25.487358,4.586157));
#6480 = VECTOR('',#6481,1.);
#6481 = DIRECTION('',(0.,-1.,1.224646799147E-16));
#6482 = ORIENTED_EDGE('',*,*,#6444,.T.);
#6483 = ORIENTED_EDGE('',*,*,#4590,.T.);
#6484 = ORIENTED_EDGE('',*,*,#6485,.T.);
#6485 = EDGE_CURVE('',#4591,#6476,#6486,.T.);
#6486 = LINE('',#6487,#6488);
#6487 = CARTESIAN_POINT('',(14.961938,14.161016,4.586157));
#6488 = VECTOR('',#6489,1.);
#6489 = DIRECTION('',(-1.,0.,-0.));
#6490 = PLANE('',#6491);
#6491 = AXIS2_PLACEMENT_3D('',#6492,#6493,#6494);
#6492 = CARTESIAN_POINT('',(21.437344,25.487358,4.586157));
#6493 = DIRECTION('',(0.,-1.224646799147E-16,-1.));
#6494 = DIRECTION('',(1.,0.,0.));
#6495 = ADVANCED_FACE('',(#6496),#6507,.T.);
#6496 = FACE_BOUND('',#6497,.T.);
#6497 = EDGE_LOOP('',(#6498,#6499,#6500,#6506));
#6498 = ORIENTED_EDGE('',*,*,#5455,.F.);
#6499 = ORIENTED_EDGE('',*,*,#4600,.T.);
#6500 = ORIENTED_EDGE('',*,*,#6501,.T.);
#6501 = EDGE_CURVE('',#4591,#5392,#6502,.T.);
#6502 = LINE('',#6503,#6504);
#6503 = CARTESIAN_POINT('',(22.537344,14.161016,5.5980785));
#6504 = VECTOR('',#6505,1.);
#6505 = DIRECTION('',(0.,-1.224646799147E-16,-1.));
#6506 = ORIENTED_EDGE('',*,*,#5414,.F.);
#6507 = PLANE('',#6508);
#6508 = AXIS2_PLACEMENT_3D('',#6509,#6510,#6511);
#6509 = CARTESIAN_POINT('',(8.486532,14.161016,6.61));
#6510 = DIRECTION('',(0.,-1.,1.224646799147E-16));
#6511 = DIRECTION('',(0.,-1.224646799147E-16,-1.));
#6512 = ADVANCED_FACE('',(#6513),#6525,.T.);
#6513 = FACE_BOUND('',#6514,.T.);
#6514 = EDGE_LOOP('',(#6515,#6516,#6517,#6518,#6524));
#6515 = ORIENTED_EDGE('',*,*,#4757,.F.);
#6516 = ORIENTED_EDGE('',*,*,#4623,.T.);
#6517 = ORIENTED_EDGE('',*,*,#4672,.T.);
#6518 = ORIENTED_EDGE('',*,*,#6519,.T.);
#6519 = EDGE_CURVE('',#4664,#5560,#6520,.T.);
#6520 = LINE('',#6521,#6522);
#6521 = CARTESIAN_POINT('',(27.537344,23.502930106817,6.5));
#6522 = VECTOR('',#6523,1.);
#6523 = DIRECTION('',(0.,-1.224646799147E-16,-1.));
#6524 = ORIENTED_EDGE('',*,*,#5559,.F.);
#6525 = PLANE('',#6526);
#6526 = AXIS2_PLACEMENT_3D('',#6527,#6528,#6529);
#6527 = CARTESIAN_POINT('',(27.537344,25.487358,4.586157));
#6528 = DIRECTION('',(1.,0.,0.));
#6529 = DIRECTION('',(0.,-1.224646799147E-16,-1.));
#6530 = ADVANCED_FACE('',(#6531),#6551,.T.);
#6531 = FACE_BOUND('',#6532,.T.);
#6532 = EDGE_LOOP('',(#6533,#6541,#6548,#6549,#6550));
#6533 = ORIENTED_EDGE('',*,*,#6534,.T.);
#6534 = EDGE_CURVE('',#4657,#6535,#6537,.T.);
#6535 = VERTEX_POINT('',#6536);
#6536 = CARTESIAN_POINT('',(34.937344,20.062,-3.552713678801E-15));
#6537 = LINE('',#6538,#6539);
#6538 = CARTESIAN_POINT('',(34.937344,20.062,6.5));
#6539 = VECTOR('',#6540,1.);
#6540 = DIRECTION('',(0.,-1.224646799147E-16,-1.));
#6541 = ORIENTED_EDGE('',*,*,#6542,.F.);
#6542 = EDGE_CURVE('',#3350,#6535,#6543,.T.);
#6543 = CIRCLE('',#6544,4.5);
#6544 = AXIS2_PLACEMENT_3D('',#6545,#6546,#6547);
#6545 = CARTESIAN_POINT('',(30.437344,20.062,-2.6645352591E-15));
#6546 = DIRECTION('',(0.,-1.224646799147E-16,-1.));
#6547 = DIRECTION('',(1.,0.,0.));
#6548 = ORIENTED_EDGE('',*,*,#5567,.F.);
#6549 = ORIENTED_EDGE('',*,*,#6519,.F.);
#6550 = ORIENTED_EDGE('',*,*,#4663,.T.);
#6551 = CYLINDRICAL_SURFACE('',#6552,4.5);
#6552 = AXIS2_PLACEMENT_3D('',#6553,#6554,#6555);
#6553 = CARTESIAN_POINT('',(30.437344,20.062,6.5));
#6554 = DIRECTION('',(0.,-1.224646799147E-16,-1.));
#6555 = DIRECTION('',(1.,0.,0.));
#6556 = ADVANCED_FACE('',(#6557),#6587,.T.);
#6557 = FACE_BOUND('',#6558,.T.);
#6558 = EDGE_LOOP('',(#6559,#6560,#6561,#6562,#6571,#6580));
#6559 = ORIENTED_EDGE('',*,*,#4656,.F.);
#6560 = ORIENTED_EDGE('',*,*,#4937,.T.);
#6561 = ORIENTED_EDGE('',*,*,#4919,.F.);
#6562 = ORIENTED_EDGE('',*,*,#6563,.F.);
#6563 = EDGE_CURVE('',#6564,#4912,#6566,.T.);
#6564 = VERTEX_POINT('',#6565);
#6565 = CARTESIAN_POINT('',(27.537344,16.509136925148,4.586157));
#6566 = CIRCLE('',#6567,4.586157);
#6567 = AXIS2_PLACEMENT_3D('',#6568,#6569,#6570);
#6568 = CARTESIAN_POINT('',(30.437344,20.062,4.586157));
#6569 = DIRECTION('',(0.,-1.224646799147E-16,-1.));
#6570 = DIRECTION('',(1.,0.,0.));
#6571 = ORIENTED_EDGE('',*,*,#6572,.F.);
#6572 = EDGE_CURVE('',#6573,#6564,#6575,.T.);
#6573 = VERTEX_POINT('',#6574);
#6574 = CARTESIAN_POINT('',(27.537344,16.621069893183,4.5));
#6575 = HYPERBOLA('',#6576,2.9,2.9);
#6576 = AXIS2_PLACEMENT_3D('',#6577,#6578,#6579);
#6577 = CARTESIAN_POINT('',(27.537344,20.062,-7.105427357601E-15));
#6578 = DIRECTION('',(1.,0.,-0.));
#6579 = DIRECTION('',(0.,1.224646799147E-16,1.));
#6580 = ORIENTED_EDGE('',*,*,#6581,.F.);
#6581 = EDGE_CURVE('',#4657,#6573,#6582,.T.);
#6582 = CIRCLE('',#6583,4.5);
#6583 = AXIS2_PLACEMENT_3D('',#6584,#6585,#6586);
#6584 = CARTESIAN_POINT('',(30.437344,20.062,4.5));
#6585 = DIRECTION('',(0.,-1.224646799147E-16,-1.));
#6586 = DIRECTION('',(1.,0.,0.));
#6587 = CONICAL_SURFACE('',#6588,6.3,0.785398163397);
#6588 = AXIS2_PLACEMENT_3D('',#6589,#6590,#6591);
#6589 = CARTESIAN_POINT('',(30.437344,20.062,6.3));
#6590 = DIRECTION('',(-0.,1.224646799147E-16,1.));
#6591 = DIRECTION('',(1.,0.,0.));
#6592 = ADVANCED_FACE('',(#6593),#6604,.F.);
#6593 = FACE_BOUND('',#6594,.F.);
#6594 = EDGE_LOOP('',(#6595,#6596,#6602,#6603));
#6595 = ORIENTED_EDGE('',*,*,#6563,.F.);
#6596 = ORIENTED_EDGE('',*,*,#6597,.T.);
#6597 = EDGE_CURVE('',#6564,#5299,#6598,.T.);
#6598 = LINE('',#6599,#6600);
#6599 = CARTESIAN_POINT('',(27.537344,25.487358,4.586157));
#6600 = VECTOR('',#6601,1.);
#6601 = DIRECTION('',(0.,-1.,1.224646799147E-16));
#6602 = ORIENTED_EDGE('',*,*,#5307,.F.);
#6603 = ORIENTED_EDGE('',*,*,#4911,.T.);
#6604 = PLANE('',#6605);
#6605 = AXIS2_PLACEMENT_3D('',#6606,#6607,#6608);
#6606 = CARTESIAN_POINT('',(21.437344,25.487358,4.586157));
#6607 = DIRECTION('',(0.,-1.224646799147E-16,-1.));
#6608 = DIRECTION('',(1.,0.,0.));
#6609 = ADVANCED_FACE('',(#6610,#6613),#6663,.F.);
#6610 = FACE_BOUND('',#6611,.F.);
#6611 = EDGE_LOOP('',(#6612));
#6612 = ORIENTED_EDGE('',*,*,#4998,.T.);
#6613 = FACE_BOUND('',#6614,.F.);
#6614 = EDGE_LOOP('',(#6615,#6625,#6633,#6641,#6649,#6657));
#6615 = ORIENTED_EDGE('',*,*,#6616,.F.);
#6616 = EDGE_CURVE('',#6617,#6619,#6621,.T.);
#6617 = VERTEX_POINT('',#6618);
#6618 = CARTESIAN_POINT('',(33.843710588219,20.062,6.4));
#6619 = VERTEX_POINT('',#6620);
#6620 = CARTESIAN_POINT('',(32.140527294109,17.112,6.4));
#6621 = LINE('',#6622,#6623);
#6622 = CARTESIAN_POINT('',(33.417914764691,19.3245,6.4));
#6623 = VECTOR('',#6624,1.);
#6624 = DIRECTION('',(-0.5,-0.866025403784,1.060575238725E-16));
#6625 = ORIENTED_EDGE('',*,*,#6626,.F.);
#6626 = EDGE_CURVE('',#6627,#6617,#6629,.T.);
#6627 = VERTEX_POINT('',#6628);
#6628 = CARTESIAN_POINT('',(32.140527294109,23.012,6.4));
#6629 = LINE('',#6630,#6631);
#6630 = CARTESIAN_POINT('',(32.566323117637,22.2745,6.4));
#6631 = VECTOR('',#6632,1.);
#6632 = DIRECTION('',(0.5,-0.866025403784,1.060575238725E-16));
#6633 = ORIENTED_EDGE('',*,*,#6634,.F.);
#6634 = EDGE_CURVE('',#6635,#6627,#6637,.T.);
#6635 = VERTEX_POINT('',#6636);
#6636 = CARTESIAN_POINT('',(28.734160705891,23.012,6.4));
#6637 = LINE('',#6638,#6639);
#6638 = CARTESIAN_POINT('',(29.585752352945,23.012,6.4));
#6639 = VECTOR('',#6640,1.);
#6640 = DIRECTION('',(1.,0.,0.));
#6641 = ORIENTED_EDGE('',*,*,#6642,.F.);
#6642 = EDGE_CURVE('',#6643,#6635,#6645,.T.);
#6643 = VERTEX_POINT('',#6644);
#6644 = CARTESIAN_POINT('',(27.030977411781,20.062,6.4));
#6645 = LINE('',#6646,#6647);
#6646 = CARTESIAN_POINT('',(27.456773235309,20.7995,6.4));
#6647 = VECTOR('',#6648,1.);
#6648 = DIRECTION('',(0.5,0.866025403784,-1.060575238725E-16));
#6649 = ORIENTED_EDGE('',*,*,#6650,.F.);
#6650 = EDGE_CURVE('',#6651,#6643,#6653,.T.);
#6651 = VERTEX_POINT('',#6652);
#6652 = CARTESIAN_POINT('',(28.734160705891,17.112,6.4));
#6653 = LINE('',#6654,#6655);
#6654 = CARTESIAN_POINT('',(28.308364882363,17.8495,6.4));
#6655 = VECTOR('',#6656,1.);
#6656 = DIRECTION('',(-0.5,0.866025403784,-1.060575238725E-16));
#6657 = ORIENTED_EDGE('',*,*,#6658,.F.);
#6658 = EDGE_CURVE('',#6619,#6651,#6659,.T.);
#6659 = LINE('',#6660,#6661);
#6660 = CARTESIAN_POINT('',(31.288935647055,17.112,6.4));
#6661 = VECTOR('',#6662,1.);
#6662 = DIRECTION('',(-1.,0.,0.));
#6663 = PLANE('',#6664);
#6664 = AXIS2_PLACEMENT_3D('',#6665,#6666,#6667);
#6665 = CARTESIAN_POINT('',(30.437344,20.062,6.4));
#6666 = DIRECTION('',(0.,-1.224646799147E-16,-1.));
#6667 = DIRECTION('',(1.,0.,0.));
#6668 = ADVANCED_FACE('',(#6669,#6672),#6722,.F.);
#6669 = FACE_BOUND('',#6670,.F.);
#6670 = EDGE_LOOP('',(#6671));
#6671 = ORIENTED_EDGE('',*,*,#5087,.T.);
#6672 = FACE_BOUND('',#6673,.F.);
#6673 = EDGE_LOOP('',(#6674,#6684,#6692,#6700,#6708,#6716));
#6674 = ORIENTED_EDGE('',*,*,#6675,.F.);
#6675 = EDGE_CURVE('',#6676,#6678,#6680,.T.);
#6676 = VERTEX_POINT('',#6677);
#6677 = CARTESIAN_POINT('',(33.843710588219,-21.938,6.4));
#6678 = VERTEX_POINT('',#6679);
#6679 = CARTESIAN_POINT('',(32.140527294109,-24.888,6.4));
#6680 = LINE('',#6681,#6682);
#6681 = CARTESIAN_POINT('',(33.417914764691,-22.6755,6.4));
#6682 = VECTOR('',#6683,1.);
#6683 = DIRECTION('',(-0.5,-0.866025403784,1.060575238725E-16));
#6684 = ORIENTED_EDGE('',*,*,#6685,.F.);
#6685 = EDGE_CURVE('',#6686,#6676,#6688,.T.);
#6686 = VERTEX_POINT('',#6687);
#6687 = CARTESIAN_POINT('',(32.140527294109,-18.988,6.4));
#6688 = LINE('',#6689,#6690);
#6689 = CARTESIAN_POINT('',(32.566323117637,-19.7255,6.4));
#6690 = VECTOR('',#6691,1.);
#6691 = DIRECTION('',(0.5,-0.866025403784,1.060575238725E-16));
#6692 = ORIENTED_EDGE('',*,*,#6693,.F.);
#6693 = EDGE_CURVE('',#6694,#6686,#6696,.T.);
#6694 = VERTEX_POINT('',#6695);
#6695 = CARTESIAN_POINT('',(28.734160705891,-18.988,6.4));
#6696 = LINE('',#6697,#6698);
#6697 = CARTESIAN_POINT('',(29.585752352945,-18.988,6.4));
#6698 = VECTOR('',#6699,1.);
#6699 = DIRECTION('',(1.,0.,0.));
#6700 = ORIENTED_EDGE('',*,*,#6701,.F.);
#6701 = EDGE_CURVE('',#6702,#6694,#6704,.T.);
#6702 = VERTEX_POINT('',#6703);
#6703 = CARTESIAN_POINT('',(27.030977411781,-21.938,6.4));
#6704 = LINE('',#6705,#6706);
#6705 = CARTESIAN_POINT('',(27.456773235309,-21.2005,6.4));
#6706 = VECTOR('',#6707,1.);
#6707 = DIRECTION('',(0.5,0.866025403784,-1.060575238725E-16));
#6708 = ORIENTED_EDGE('',*,*,#6709,.F.);
#6709 = EDGE_CURVE('',#6710,#6702,#6712,.T.);
#6710 = VERTEX_POINT('',#6711);
#6711 = CARTESIAN_POINT('',(28.734160705891,-24.888,6.4));
#6712 = LINE('',#6713,#6714);
#6713 = CARTESIAN_POINT('',(28.308364882363,-24.1505,6.4));
#6714 = VECTOR('',#6715,1.);
#6715 = DIRECTION('',(-0.5,0.866025403784,-1.060575238725E-16));
#6716 = ORIENTED_EDGE('',*,*,#6717,.F.);
#6717 = EDGE_CURVE('',#6678,#6710,#6718,.T.);
#6718 = LINE('',#6719,#6720);
#6719 = CARTESIAN_POINT('',(31.288935647055,-24.888,6.4));
#6720 = VECTOR('',#6721,1.);
#6721 = DIRECTION('',(-1.,0.,0.));
#6722 = PLANE('',#6723);
#6723 = AXIS2_PLACEMENT_3D('',#6724,#6725,#6726);
#6724 = CARTESIAN_POINT('',(30.437344,-21.938,6.4));
#6725 = DIRECTION('',(0.,-1.224646799147E-16,-1.));
#6726 = DIRECTION('',(1.,0.,0.));
#6727 = ADVANCED_FACE('',(#6728),#6744,.T.);
#6728 = FACE_BOUND('',#6729,.T.);
#6729 = EDGE_LOOP('',(#6730,#6731,#6737,#6738));
#6730 = ORIENTED_EDGE('',*,*,#5171,.F.);
#6731 = ORIENTED_EDGE('',*,*,#6732,.T.);
#6732 = EDGE_CURVE('',#5172,#6098,#6733,.T.);
#6733 = LINE('',#6734,#6735);
#6734 = CARTESIAN_POINT('',(-27.03097741178,20.062,6.6));
#6735 = VECTOR('',#6736,1.);
#6736 = DIRECTION('',(0.,-1.224646799147E-16,-1.));
#6737 = ORIENTED_EDGE('',*,*,#6097,.T.);
#6738 = ORIENTED_EDGE('',*,*,#6739,.F.);
#6739 = EDGE_CURVE('',#5174,#6100,#6740,.T.);
#6740 = LINE('',#6741,#6742);
#6741 = CARTESIAN_POINT('',(-28.73416070589,17.112,6.6));
#6742 = VECTOR('',#6743,1.);
#6743 = DIRECTION('',(0.,-1.224646799147E-16,-1.));
#6744 = PLANE('',#6745);
#6745 = AXIS2_PLACEMENT_3D('',#6746,#6747,#6748);
#6746 = CARTESIAN_POINT('',(-27.03097741178,20.062,6.6));
#6747 = DIRECTION('',(-0.866025403784,0.5,-6.123233995737E-17));
#6748 = DIRECTION('',(-0.5,-0.866025403784,1.060575238725E-16));
#6749 = ADVANCED_FACE('',(#6750),#6761,.T.);
#6750 = FACE_BOUND('',#6751,.T.);
#6751 = EDGE_LOOP('',(#6752,#6753,#6754,#6755));
#6752 = ORIENTED_EDGE('',*,*,#5213,.F.);
#6753 = ORIENTED_EDGE('',*,*,#6739,.T.);
#6754 = ORIENTED_EDGE('',*,*,#6107,.T.);
#6755 = ORIENTED_EDGE('',*,*,#6756,.F.);
#6756 = EDGE_CURVE('',#5206,#6108,#6757,.T.);
#6757 = LINE('',#6758,#6759);
#6758 = CARTESIAN_POINT('',(-32.1405272941,17.112,6.6));
#6759 = VECTOR('',#6760,1.);
#6760 = DIRECTION('',(0.,-1.224646799147E-16,-1.));
#6761 = PLANE('',#6762);
#6762 = AXIS2_PLACEMENT_3D('',#6763,#6764,#6765);
#6763 = CARTESIAN_POINT('',(-28.73416070589,17.112,6.6));
#6764 = DIRECTION('',(0.,1.,-1.224646799147E-16));
#6765 = DIRECTION('',(-1.,-0.,0.));
#6766 = ADVANCED_FACE('',(#6767),#6778,.T.);
#6767 = FACE_BOUND('',#6768,.T.);
#6768 = EDGE_LOOP('',(#6769,#6770,#6771,#6772));
#6769 = ORIENTED_EDGE('',*,*,#5205,.F.);
#6770 = ORIENTED_EDGE('',*,*,#6756,.T.);
#6771 = ORIENTED_EDGE('',*,*,#6115,.T.);
#6772 = ORIENTED_EDGE('',*,*,#6773,.F.);
#6773 = EDGE_CURVE('',#5198,#6116,#6774,.T.);
#6774 = LINE('',#6775,#6776);
#6775 = CARTESIAN_POINT('',(-33.84371058821,20.062,6.6));
#6776 = VECTOR('',#6777,1.);
#6777 = DIRECTION('',(0.,-1.224646799147E-16,-1.));
#6778 = PLANE('',#6779);
#6779 = AXIS2_PLACEMENT_3D('',#6780,#6781,#6782);
#6780 = CARTESIAN_POINT('',(-32.1405272941,17.112,6.6));
#6781 = DIRECTION('',(0.866025403784,0.5,-6.123233995737E-17));
#6782 = DIRECTION('',(-0.5,0.866025403784,-1.060575238725E-16));
#6783 = ADVANCED_FACE('',(#6784),#6795,.T.);
#6784 = FACE_BOUND('',#6785,.T.);
#6785 = EDGE_LOOP('',(#6786,#6787,#6788,#6789));
#6786 = ORIENTED_EDGE('',*,*,#5197,.F.);
#6787 = ORIENTED_EDGE('',*,*,#6773,.T.);
#6788 = ORIENTED_EDGE('',*,*,#6123,.T.);
#6789 = ORIENTED_EDGE('',*,*,#6790,.F.);
#6790 = EDGE_CURVE('',#5190,#6124,#6791,.T.);
#6791 = LINE('',#6792,#6793);
#6792 = CARTESIAN_POINT('',(-32.1405272941,23.012,6.6));
#6793 = VECTOR('',#6794,1.);
#6794 = DIRECTION('',(0.,-1.224646799147E-16,-1.));
#6795 = PLANE('',#6796);
#6796 = AXIS2_PLACEMENT_3D('',#6797,#6798,#6799);
#6797 = CARTESIAN_POINT('',(-33.84371058821,20.062,6.6));
#6798 = DIRECTION('',(0.866025403784,-0.5,6.123233995737E-17));
#6799 = DIRECTION('',(0.5,0.866025403784,-1.060575238725E-16));
#6800 = ADVANCED_FACE('',(#6801),#6812,.T.);
#6801 = FACE_BOUND('',#6802,.T.);
#6802 = EDGE_LOOP('',(#6803,#6804,#6805,#6806));
#6803 = ORIENTED_EDGE('',*,*,#5189,.F.);
#6804 = ORIENTED_EDGE('',*,*,#6790,.T.);
#6805 = ORIENTED_EDGE('',*,*,#6131,.T.);
#6806 = ORIENTED_EDGE('',*,*,#6807,.F.);
#6807 = EDGE_CURVE('',#5182,#6132,#6808,.T.);
#6808 = LINE('',#6809,#6810);
#6809 = CARTESIAN_POINT('',(-28.73416070589,23.012,6.6));
#6810 = VECTOR('',#6811,1.);
#6811 = DIRECTION('',(0.,-1.224646799147E-16,-1.));
#6812 = PLANE('',#6813);
#6813 = AXIS2_PLACEMENT_3D('',#6814,#6815,#6816);
#6814 = CARTESIAN_POINT('',(-32.1405272941,23.012,6.6));
#6815 = DIRECTION('',(0.,-1.,1.224646799147E-16));
#6816 = DIRECTION('',(1.,0.,0.));
#6817 = ADVANCED_FACE('',(#6818),#6824,.T.);
#6818 = FACE_BOUND('',#6819,.T.);
#6819 = EDGE_LOOP('',(#6820,#6821,#6822,#6823));
#6820 = ORIENTED_EDGE('',*,*,#5181,.F.);
#6821 = ORIENTED_EDGE('',*,*,#6807,.T.);
#6822 = ORIENTED_EDGE('',*,*,#6139,.T.);
#6823 = ORIENTED_EDGE('',*,*,#6732,.F.);
#6824 = PLANE('',#6825);
#6825 = AXIS2_PLACEMENT_3D('',#6826,#6827,#6828);
#6826 = CARTESIAN_POINT('',(-28.73416070589,23.012,6.6));
#6827 = DIRECTION('',(-0.866025403784,-0.5,6.123233995737E-17));
#6828 = DIRECTION('',(0.5,-0.866025403784,1.060575238725E-16));
#6829 = ADVANCED_FACE('',(#6830),#6846,.T.);
#6830 = FACE_BOUND('',#6831,.T.);
#6831 = EDGE_LOOP('',(#6832,#6833,#6839,#6840));
#6832 = ORIENTED_EDGE('',*,*,#5230,.F.);
#6833 = ORIENTED_EDGE('',*,*,#6834,.T.);
#6834 = EDGE_CURVE('',#5231,#6039,#6835,.T.);
#6835 = LINE('',#6836,#6837);
#6836 = CARTESIAN_POINT('',(-27.03097741178,-21.938,6.6));
#6837 = VECTOR('',#6838,1.);
#6838 = DIRECTION('',(0.,-1.224646799147E-16,-1.));
#6839 = ORIENTED_EDGE('',*,*,#6038,.T.);
#6840 = ORIENTED_EDGE('',*,*,#6841,.F.);
#6841 = EDGE_CURVE('',#5233,#6041,#6842,.T.);
#6842 = LINE('',#6843,#6844);
#6843 = CARTESIAN_POINT('',(-28.73416070589,-24.888,6.6));
#6844 = VECTOR('',#6845,1.);
#6845 = DIRECTION('',(0.,-1.224646799147E-16,-1.));
#6846 = PLANE('',#6847);
#6847 = AXIS2_PLACEMENT_3D('',#6848,#6849,#6850);
#6848 = CARTESIAN_POINT('',(-27.03097741178,-21.938,6.6));
#6849 = DIRECTION('',(-0.866025403784,0.5,-6.123233995737E-17));
#6850 = DIRECTION('',(-0.5,-0.866025403784,1.060575238725E-16));
#6851 = ADVANCED_FACE('',(#6852),#6863,.T.);
#6852 = FACE_BOUND('',#6853,.T.);
#6853 = EDGE_LOOP('',(#6854,#6855,#6856,#6857));
#6854 = ORIENTED_EDGE('',*,*,#5272,.F.);
#6855 = ORIENTED_EDGE('',*,*,#6841,.T.);
#6856 = ORIENTED_EDGE('',*,*,#6048,.T.);
#6857 = ORIENTED_EDGE('',*,*,#6858,.F.);
#6858 = EDGE_CURVE('',#5265,#6049,#6859,.T.);
#6859 = LINE('',#6860,#6861);
#6860 = CARTESIAN_POINT('',(-32.1405272941,-24.888,6.6));
#6861 = VECTOR('',#6862,1.);
#6862 = DIRECTION('',(0.,-1.224646799147E-16,-1.));
#6863 = PLANE('',#6864);
#6864 = AXIS2_PLACEMENT_3D('',#6865,#6866,#6867);
#6865 = CARTESIAN_POINT('',(-28.73416070589,-24.888,6.6));
#6866 = DIRECTION('',(0.,1.,-1.224646799147E-16));
#6867 = DIRECTION('',(-1.,-0.,0.));
#6868 = ADVANCED_FACE('',(#6869),#6880,.T.);
#6869 = FACE_BOUND('',#6870,.T.);
#6870 = EDGE_LOOP('',(#6871,#6872,#6873,#6874));
#6871 = ORIENTED_EDGE('',*,*,#5264,.F.);
#6872 = ORIENTED_EDGE('',*,*,#6858,.T.);
#6873 = ORIENTED_EDGE('',*,*,#6056,.T.);
#6874 = ORIENTED_EDGE('',*,*,#6875,.F.);
#6875 = EDGE_CURVE('',#5257,#6057,#6876,.T.);
#6876 = LINE('',#6877,#6878);
#6877 = CARTESIAN_POINT('',(-33.84371058821,-21.938,6.6));
#6878 = VECTOR('',#6879,1.);
#6879 = DIRECTION('',(0.,-1.224646799147E-16,-1.));
#6880 = PLANE('',#6881);
#6881 = AXIS2_PLACEMENT_3D('',#6882,#6883,#6884);
#6882 = CARTESIAN_POINT('',(-32.1405272941,-24.888,6.6));
#6883 = DIRECTION('',(0.866025403784,0.5,-6.123233995737E-17));
#6884 = DIRECTION('',(-0.5,0.866025403784,-1.060575238725E-16));
#6885 = ADVANCED_FACE('',(#6886),#6897,.T.);
#6886 = FACE_BOUND('',#6887,.T.);
#6887 = EDGE_LOOP('',(#6888,#6889,#6890,#6891));
#6888 = ORIENTED_EDGE('',*,*,#5256,.F.);
#6889 = ORIENTED_EDGE('',*,*,#6875,.T.);
#6890 = ORIENTED_EDGE('',*,*,#6064,.T.);
#6891 = ORIENTED_EDGE('',*,*,#6892,.F.);
#6892 = EDGE_CURVE('',#5249,#6065,#6893,.T.);
#6893 = LINE('',#6894,#6895);
#6894 = CARTESIAN_POINT('',(-32.1405272941,-18.988,6.6));
#6895 = VECTOR('',#6896,1.);
#6896 = DIRECTION('',(0.,-1.224646799147E-16,-1.));
#6897 = PLANE('',#6898);
#6898 = AXIS2_PLACEMENT_3D('',#6899,#6900,#6901);
#6899 = CARTESIAN_POINT('',(-33.84371058821,-21.938,6.6));
#6900 = DIRECTION('',(0.866025403784,-0.5,6.123233995737E-17));
#6901 = DIRECTION('',(0.5,0.866025403784,-1.060575238725E-16));
#6902 = ADVANCED_FACE('',(#6903),#6914,.T.);
#6903 = FACE_BOUND('',#6904,.T.);
#6904 = EDGE_LOOP('',(#6905,#6906,#6907,#6908));
#6905 = ORIENTED_EDGE('',*,*,#5248,.F.);
#6906 = ORIENTED_EDGE('',*,*,#6892,.T.);
#6907 = ORIENTED_EDGE('',*,*,#6072,.T.);
#6908 = ORIENTED_EDGE('',*,*,#6909,.F.);
#6909 = EDGE_CURVE('',#5241,#6073,#6910,.T.);
#6910 = LINE('',#6911,#6912);
#6911 = CARTESIAN_POINT('',(-28.73416070589,-18.988,6.6));
#6912 = VECTOR('',#6913,1.);
#6913 = DIRECTION('',(0.,-1.224646799147E-16,-1.));
#6914 = PLANE('',#6915);
#6915 = AXIS2_PLACEMENT_3D('',#6916,#6917,#6918);
#6916 = CARTESIAN_POINT('',(-32.1405272941,-18.988,6.6));
#6917 = DIRECTION('',(0.,-1.,1.224646799147E-16));
#6918 = DIRECTION('',(1.,0.,0.));
#6919 = ADVANCED_FACE('',(#6920),#6926,.T.);
#6920 = FACE_BOUND('',#6921,.T.);
#6921 = EDGE_LOOP('',(#6922,#6923,#6924,#6925));
#6922 = ORIENTED_EDGE('',*,*,#5240,.F.);
#6923 = ORIENTED_EDGE('',*,*,#6909,.T.);
#6924 = ORIENTED_EDGE('',*,*,#6080,.T.);
#6925 = ORIENTED_EDGE('',*,*,#6834,.F.);
#6926 = PLANE('',#6927);
#6927 = AXIS2_PLACEMENT_3D('',#6928,#6929,#6930);
#6928 = CARTESIAN_POINT('',(-28.73416070589,-18.988,6.6));
#6929 = DIRECTION('',(-0.866025403784,-0.5,6.123233995737E-17));
#6930 = DIRECTION('',(0.5,-0.866025403784,1.060575238725E-16));
#6931 = ADVANCED_FACE('',(#6932),#6950,.T.);
#6932 = FACE_BOUND('',#6933,.T.);
#6933 = EDGE_LOOP('',(#6934,#6935,#6941,#6942,#6943,#6944));
#6934 = ORIENTED_EDGE('',*,*,#5518,.F.);
#6935 = ORIENTED_EDGE('',*,*,#6936,.F.);
#6936 = EDGE_CURVE('',#6573,#5511,#6937,.T.);
#6937 = LINE('',#6938,#6939);
#6938 = CARTESIAN_POINT('',(27.537344,16.621069893183,6.5));
#6939 = VECTOR('',#6940,1.);
#6940 = DIRECTION('',(0.,-1.224646799147E-16,-1.));
#6941 = ORIENTED_EDGE('',*,*,#6572,.T.);
#6942 = ORIENTED_EDGE('',*,*,#6597,.T.);
#6943 = ORIENTED_EDGE('',*,*,#5298,.T.);
#6944 = ORIENTED_EDGE('',*,*,#6945,.T.);
#6945 = EDGE_CURVE('',#5290,#5519,#6946,.T.);
#6946 = LINE('',#6947,#6948);
#6947 = CARTESIAN_POINT('',(27.537344,-18.49706989318,6.5));
#6948 = VECTOR('',#6949,1.);
#6949 = DIRECTION('',(0.,-1.224646799147E-16,-1.));
#6950 = PLANE('',#6951);
#6951 = AXIS2_PLACEMENT_3D('',#6952,#6953,#6954);
#6952 = CARTESIAN_POINT('',(27.537344,25.487358,4.586157));
#6953 = DIRECTION('',(1.,0.,0.));
#6954 = DIRECTION('',(0.,-1.224646799147E-16,-1.));
#6955 = ADVANCED_FACE('',(#6956),#6969,.T.);
#6956 = FACE_BOUND('',#6957,.T.);
#6957 = EDGE_LOOP('',(#6958,#6959,#6966,#6967,#6968));
#6958 = ORIENTED_EDGE('',*,*,#5331,.T.);
#6959 = ORIENTED_EDGE('',*,*,#6960,.F.);
#6960 = EDGE_CURVE('',#3303,#5323,#6961,.T.);
#6961 = CIRCLE('',#6962,4.5);
#6962 = AXIS2_PLACEMENT_3D('',#6963,#6964,#6965);
#6963 = CARTESIAN_POINT('',(30.437344,-21.938,2.6645352591E-15));
#6964 = DIRECTION('',(0.,-1.224646799147E-16,-1.));
#6965 = DIRECTION('',(1.,0.,0.));
#6966 = ORIENTED_EDGE('',*,*,#5526,.F.);
#6967 = ORIENTED_EDGE('',*,*,#6945,.F.);
#6968 = ORIENTED_EDGE('',*,*,#5289,.T.);
#6969 = CYLINDRICAL_SURFACE('',#6970,4.5);
#6970 = AXIS2_PLACEMENT_3D('',#6971,#6972,#6973);
#6971 = CARTESIAN_POINT('',(30.437344,-21.938,6.5));
#6972 = DIRECTION('',(0.,-1.224646799147E-16,-1.));
#6973 = DIRECTION('',(1.,0.,0.));
#6974 = ADVANCED_FACE('',(#6975,#6980),#6991,.T.);
#6975 = FACE_BOUND('',#6976,.T.);
#6976 = EDGE_LOOP('',(#6977,#6978,#6979));
#6977 = ORIENTED_EDGE('',*,*,#6960,.T.);
#6978 = ORIENTED_EDGE('',*,*,#5322,.T.);
#6979 = ORIENTED_EDGE('',*,*,#5495,.F.);
#6980 = FACE_BOUND('',#6981,.T.);
#6981 = EDGE_LOOP('',(#6982));
#6982 = ORIENTED_EDGE('',*,*,#6983,.F.);
#6983 = EDGE_CURVE('',#6984,#6984,#6986,.T.);
#6984 = VERTEX_POINT('',#6985);
#6985 = CARTESIAN_POINT('',(32.137344,-21.938,3.552713678801E-15));
#6986 = CIRCLE('',#6987,1.7);
#6987 = AXIS2_PLACEMENT_3D('',#6988,#6989,#6990);
#6988 = CARTESIAN_POINT('',(30.437344,-21.938,3.552713678801E-15));
#6989 = DIRECTION('',(0.,-1.224646799147E-16,-1.));
#6990 = DIRECTION('',(1.,0.,0.));
#6991 = PLANE('',#6992);
#6992 = AXIS2_PLACEMENT_3D('',#6993,#6994,#6995);
#6993 = CARTESIAN_POINT('',(30.437344,-21.938,2.6645352591E-15));
#6994 = DIRECTION('',(0.,-1.224646799147E-16,-1.));
#6995 = DIRECTION('',(1.,0.,0.));
#6996 = ADVANCED_FACE('',(#6997),#7015,.T.);
#6997 = FACE_BOUND('',#6998,.T.);
#6998 = EDGE_LOOP('',(#6999,#7007,#7008,#7009));
#6999 = ORIENTED_EDGE('',*,*,#7000,.F.);
#7000 = EDGE_CURVE('',#6453,#7001,#7003,.T.);
#7001 = VERTEX_POINT('',#7002);
#7002 = CARTESIAN_POINT('',(21.437344,14.161016,2.586157));
#7003 = LINE('',#7004,#7005);
#7004 = CARTESIAN_POINT('',(21.437344,25.487358,2.586157));
#7005 = VECTOR('',#7006,1.);
#7006 = DIRECTION('',(0.,-1.,1.224646799147E-16));
#7007 = ORIENTED_EDGE('',*,*,#6460,.T.);
#7008 = ORIENTED_EDGE('',*,*,#5391,.T.);
#7009 = ORIENTED_EDGE('',*,*,#7010,.T.);
#7010 = EDGE_CURVE('',#5392,#7001,#7011,.T.);
#7011 = LINE('',#7012,#7013);
#7012 = CARTESIAN_POINT('',(14.961938,14.161016,2.586157));
#7013 = VECTOR('',#7014,1.);
#7014 = DIRECTION('',(-1.,0.,-0.));
#7015 = PLANE('',#7016);
#7016 = AXIS2_PLACEMENT_3D('',#7017,#7018,#7019);
#7017 = CARTESIAN_POINT('',(21.437344,25.487358,2.586157));
#7018 = DIRECTION('',(0.,-1.224646799147E-16,-1.));
#7019 = DIRECTION('',(1.,0.,0.));
#7020 = ADVANCED_FACE('',(#7021),#7039,.T.);
#7021 = FACE_BOUND('',#7022,.T.);
#7022 = EDGE_LOOP('',(#7023,#7031,#7032,#7033));
#7023 = ORIENTED_EDGE('',*,*,#7024,.F.);
#7024 = EDGE_CURVE('',#5432,#7025,#7027,.T.);
#7025 = VERTEX_POINT('',#7026);
#7026 = CARTESIAN_POINT('',(21.437344,-0.438984,2.586157));
#7027 = LINE('',#7028,#7029);
#7028 = CARTESIAN_POINT('',(14.961938,-0.438984,2.586157));
#7029 = VECTOR('',#7030,1.);
#7030 = DIRECTION('',(-1.,0.,-0.));
#7031 = ORIENTED_EDGE('',*,*,#5478,.T.);
#7032 = ORIENTED_EDGE('',*,*,#5639,.F.);
#7033 = ORIENTED_EDGE('',*,*,#7034,.F.);
#7034 = EDGE_CURVE('',#7025,#5632,#7035,.T.);
#7035 = LINE('',#7036,#7037);
#7036 = CARTESIAN_POINT('',(21.437344,25.487358,2.586157));
#7037 = VECTOR('',#7038,1.);
#7038 = DIRECTION('',(0.,-1.,1.224646799147E-16));
#7039 = PLANE('',#7040);
#7040 = AXIS2_PLACEMENT_3D('',#7041,#7042,#7043);
#7041 = CARTESIAN_POINT('',(21.437344,25.487358,2.586157));
#7042 = DIRECTION('',(0.,-1.224646799147E-16,-1.));
#7043 = DIRECTION('',(1.,0.,0.));
#7044 = ADVANCED_FACE('',(#7045),#7058,.T.);
#7045 = FACE_BOUND('',#7046,.T.);
#7046 = EDGE_LOOP('',(#7047,#7054,#7055,#7056,#7057));
#7047 = ORIENTED_EDGE('',*,*,#7048,.F.);
#7048 = EDGE_CURVE('',#6535,#3294,#7049,.T.);
#7049 = CIRCLE('',#7050,4.5);
#7050 = AXIS2_PLACEMENT_3D('',#7051,#7052,#7053);
#7051 = CARTESIAN_POINT('',(30.437344,20.062,-2.6645352591E-15));
#7052 = DIRECTION('',(0.,-1.224646799147E-16,-1.));
#7053 = DIRECTION('',(1.,0.,0.));
#7054 = ORIENTED_EDGE('',*,*,#6534,.F.);
#7055 = ORIENTED_EDGE('',*,*,#6581,.T.);
#7056 = ORIENTED_EDGE('',*,*,#6936,.T.);
#7057 = ORIENTED_EDGE('',*,*,#5510,.T.);
#7058 = CYLINDRICAL_SURFACE('',#7059,4.5);
#7059 = AXIS2_PLACEMENT_3D('',#7060,#7061,#7062);
#7060 = CARTESIAN_POINT('',(30.437344,20.062,6.5));
#7061 = DIRECTION('',(0.,-1.224646799147E-16,-1.));
#7062 = DIRECTION('',(1.,0.,0.));
#7063 = ADVANCED_FACE('',(#7064,#7069),#7080,.T.);
#7064 = FACE_BOUND('',#7065,.T.);
#7065 = EDGE_LOOP('',(#7066,#7067,#7068));
#7066 = ORIENTED_EDGE('',*,*,#6542,.T.);
#7067 = ORIENTED_EDGE('',*,*,#7048,.T.);
#7068 = ORIENTED_EDGE('',*,*,#5543,.F.);
#7069 = FACE_BOUND('',#7070,.T.);
#7070 = EDGE_LOOP('',(#7071));
#7071 = ORIENTED_EDGE('',*,*,#7072,.F.);
#7072 = EDGE_CURVE('',#7073,#7073,#7075,.T.);
#7073 = VERTEX_POINT('',#7074);
#7074 = CARTESIAN_POINT('',(32.137344,20.062,-3.552713678801E-15));
#7075 = CIRCLE('',#7076,1.7);
#7076 = AXIS2_PLACEMENT_3D('',#7077,#7078,#7079);
#7077 = CARTESIAN_POINT('',(30.437344,20.062,-3.552713678801E-15));
#7078 = DIRECTION('',(0.,-1.224646799147E-16,-1.));
#7079 = DIRECTION('',(1.,0.,0.));
#7080 = PLANE('',#7081);
#7081 = AXIS2_PLACEMENT_3D('',#7082,#7083,#7084);
#7082 = CARTESIAN_POINT('',(30.437344,20.062,-2.6645352591E-15));
#7083 = DIRECTION('',(0.,-1.224646799147E-16,-1.));
#7084 = DIRECTION('',(1.,0.,0.));
#7085 = ADVANCED_FACE('',(#7086),#7097,.F.);
#7086 = FACE_BOUND('',#7087,.F.);
#7087 = EDGE_LOOP('',(#7088,#7089,#7090,#7096));
#7088 = ORIENTED_EDGE('',*,*,#5584,.F.);
#7089 = ORIENTED_EDGE('',*,*,#5599,.T.);
#7090 = ORIENTED_EDGE('',*,*,#7091,.T.);
#7091 = EDGE_CURVE('',#5600,#7025,#7092,.T.);
#7092 = LINE('',#7093,#7094);
#7093 = CARTESIAN_POINT('',(21.437344,-0.438984,5.5980785));
#7094 = VECTOR('',#7095,1.);
#7095 = DIRECTION('',(0.,-1.224646799147E-16,-1.));
#7096 = ORIENTED_EDGE('',*,*,#7024,.F.);
#7097 = PLANE('',#7098);
#7098 = AXIS2_PLACEMENT_3D('',#7099,#7100,#7101);
#7099 = CARTESIAN_POINT('',(8.486532,-0.438984,6.61));
#7100 = DIRECTION('',(0.,-1.,1.224646799147E-16));
#7101 = DIRECTION('',(0.,-1.224646799147E-16,-1.));
#7102 = ADVANCED_FACE('',(#7103),#7109,.F.);
#7103 = FACE_BOUND('',#7104,.F.);
#7104 = EDGE_LOOP('',(#7105,#7106,#7107,#7108));
#7105 = ORIENTED_EDGE('',*,*,#7034,.F.);
#7106 = ORIENTED_EDGE('',*,*,#7091,.F.);
#7107 = ORIENTED_EDGE('',*,*,#5616,.T.);
#7108 = ORIENTED_EDGE('',*,*,#5631,.T.);
#7109 = PLANE('',#7110);
#7110 = AXIS2_PLACEMENT_3D('',#7111,#7112,#7113);
#7111 = CARTESIAN_POINT('',(21.437344,25.487358,4.586157));
#7112 = DIRECTION('',(1.,0.,0.));
#7113 = DIRECTION('',(0.,-1.224646799147E-16,-1.));
#7114 = ADVANCED_FACE('',(#7115),#7126,.T.);
#7115 = FACE_BOUND('',#7116,.T.);
#7116 = EDGE_LOOP('',(#7117,#7118,#7124,#7125));
#7117 = ORIENTED_EDGE('',*,*,#5726,.F.);
#7118 = ORIENTED_EDGE('',*,*,#7119,.T.);
#7119 = EDGE_CURVE('',#5727,#5672,#7120,.T.);
#7120 = LINE('',#7121,#7122);
#7121 = CARTESIAN_POINT('',(-3.975,-27.687358,2.586157));
#7122 = VECTOR('',#7123,1.);
#7123 = DIRECTION('',(1.,0.,0.));
#7124 = ORIENTED_EDGE('',*,*,#5671,.T.);
#7125 = ORIENTED_EDGE('',*,*,#5654,.T.);
#7126 = PLANE('',#7127);
#7127 = AXIS2_PLACEMENT_3D('',#7128,#7129,#7130);
#7128 = CARTESIAN_POINT('',(-3.975,-27.687358,2.586157));
#7129 = DIRECTION('',(0.,-1.224646799147E-16,-1.));
#7130 = DIRECTION('',(1.,0.,0.));
#7131 = ADVANCED_FACE('',(#7132),#7138,.F.);
#7132 = FACE_BOUND('',#7133,.F.);
#7133 = EDGE_LOOP('',(#7134,#7135,#7136,#7137));
#7134 = ORIENTED_EDGE('',*,*,#5710,.F.);
#7135 = ORIENTED_EDGE('',*,*,#5734,.T.);
#7136 = ORIENTED_EDGE('',*,*,#7119,.T.);
#7137 = ORIENTED_EDGE('',*,*,#5679,.F.);
#7138 = PLANE('',#7139);
#7139 = AXIS2_PLACEMENT_3D('',#7140,#7141,#7142);
#7140 = CARTESIAN_POINT('',(-3.975,-27.687358,4.586157));
#7141 = DIRECTION('',(0.,-1.,1.224646799147E-16));
#7142 = DIRECTION('',(0.,-1.224646799147E-16,-1.));
#7143 = ADVANCED_FACE('',(#7144),#7155,.T.);
#7144 = FACE_BOUND('',#7145,.T.);
#7145 = EDGE_LOOP('',(#7146,#7147,#7153,#7154));
#7146 = ORIENTED_EDGE('',*,*,#5822,.F.);
#7147 = ORIENTED_EDGE('',*,*,#7148,.T.);
#7148 = EDGE_CURVE('',#5823,#5768,#7149,.T.);
#7149 = LINE('',#7150,#7151);
#7150 = CARTESIAN_POINT('',(-19.237344,-27.687358,2.586157));
#7151 = VECTOR('',#7152,1.);
#7152 = DIRECTION('',(1.,0.,0.));
#7153 = ORIENTED_EDGE('',*,*,#5767,.T.);
#7154 = ORIENTED_EDGE('',*,*,#5750,.T.);
#7155 = PLANE('',#7156);
#7156 = AXIS2_PLACEMENT_3D('',#7157,#7158,#7159);
#7157 = CARTESIAN_POINT('',(-19.237344,-27.687358,2.586157));
#7158 = DIRECTION('',(0.,-1.224646799147E-16,-1.));
#7159 = DIRECTION('',(1.,0.,0.));
#7160 = ADVANCED_FACE('',(#7161),#7167,.F.);
#7161 = FACE_BOUND('',#7162,.F.);
#7162 = EDGE_LOOP('',(#7163,#7164,#7165,#7166));
#7163 = ORIENTED_EDGE('',*,*,#5806,.F.);
#7164 = ORIENTED_EDGE('',*,*,#5830,.T.);
#7165 = ORIENTED_EDGE('',*,*,#7148,.T.);
#7166 = ORIENTED_EDGE('',*,*,#5775,.F.);
#7167 = PLANE('',#7168);
#7168 = AXIS2_PLACEMENT_3D('',#7169,#7170,#7171);
#7169 = CARTESIAN_POINT('',(-19.237344,-27.687358,4.586157));
#7170 = DIRECTION('',(0.,-1.,1.224646799147E-16));
#7171 = DIRECTION('',(0.,-1.224646799147E-16,-1.));
#7172 = ADVANCED_FACE('',(#7173),#7184,.T.);
#7173 = FACE_BOUND('',#7174,.T.);
#7174 = EDGE_LOOP('',(#7175,#7176,#7177,#7183));
#7175 = ORIENTED_EDGE('',*,*,#5847,.F.);
#7176 = ORIENTED_EDGE('',*,*,#5872,.T.);
#7177 = ORIENTED_EDGE('',*,*,#7178,.T.);
#7178 = EDGE_CURVE('',#5873,#5921,#7179,.T.);
#7179 = LINE('',#7180,#7181);
#7180 = CARTESIAN_POINT('',(-21.437344,25.487358,2.586157));
#7181 = VECTOR('',#7182,1.);
#7182 = DIRECTION('',(0.,-1.,1.224646799147E-16));
#7183 = ORIENTED_EDGE('',*,*,#5920,.F.);
#7184 = PLANE('',#7185);
#7185 = AXIS2_PLACEMENT_3D('',#7186,#7187,#7188);
#7186 = CARTESIAN_POINT('',(-27.537344,25.487358,2.586157));
#7187 = DIRECTION('',(0.,-1.224646799147E-16,-1.));
#7188 = DIRECTION('',(1.,0.,0.));
#7189 = ADVANCED_FACE('',(#7190),#7196,.T.);
#7190 = FACE_BOUND('',#7191,.T.);
#7191 = EDGE_LOOP('',(#7192,#7193,#7194,#7195));
#7192 = ORIENTED_EDGE('',*,*,#5880,.F.);
#7193 = ORIENTED_EDGE('',*,*,#5896,.T.);
#7194 = ORIENTED_EDGE('',*,*,#5928,.T.);
#7195 = ORIENTED_EDGE('',*,*,#7178,.F.);
#7196 = PLANE('',#7197);
#7197 = AXIS2_PLACEMENT_3D('',#7198,#7199,#7200);
#7198 = CARTESIAN_POINT('',(-21.437344,25.487358,4.586157));
#7199 = DIRECTION('',(1.,0.,0.));
#7200 = DIRECTION('',(0.,-1.224646799147E-16,-1.));
#7201 = ADVANCED_FACE('',(#7202),#7213,.T.);
#7202 = FACE_BOUND('',#7203,.T.);
#7203 = EDGE_LOOP('',(#7204,#7205,#7206,#7212));
#7204 = ORIENTED_EDGE('',*,*,#5943,.F.);
#7205 = ORIENTED_EDGE('',*,*,#5968,.T.);
#7206 = ORIENTED_EDGE('',*,*,#7207,.T.);
#7207 = EDGE_CURVE('',#5969,#6017,#7208,.T.);
#7208 = LINE('',#7209,#7210);
#7209 = CARTESIAN_POINT('',(-21.437344,-21.8,2.586157));
#7210 = VECTOR('',#7211,1.);
#7211 = DIRECTION('',(0.,-1.,1.224646799147E-16));
#7212 = ORIENTED_EDGE('',*,*,#6016,.F.);
#7213 = PLANE('',#7214);
#7214 = AXIS2_PLACEMENT_3D('',#7215,#7216,#7217);
#7215 = CARTESIAN_POINT('',(-27.537344,-21.8,2.586157));
#7216 = DIRECTION('',(0.,-1.224646799147E-16,-1.));
#7217 = DIRECTION('',(1.,0.,0.));
#7218 = ADVANCED_FACE('',(#7219),#7225,.T.);
#7219 = FACE_BOUND('',#7220,.T.);
#7220 = EDGE_LOOP('',(#7221,#7222,#7223,#7224));
#7221 = ORIENTED_EDGE('',*,*,#5976,.F.);
#7222 = ORIENTED_EDGE('',*,*,#5992,.T.);
#7223 = ORIENTED_EDGE('',*,*,#6024,.T.);
#7224 = ORIENTED_EDGE('',*,*,#7207,.F.);
#7225 = PLANE('',#7226);
#7226 = AXIS2_PLACEMENT_3D('',#7227,#7228,#7229);
#7227 = CARTESIAN_POINT('',(-21.437344,-21.8,4.586157));
#7228 = DIRECTION('',(1.,0.,0.));
#7229 = DIRECTION('',(0.,-1.224646799147E-16,-1.));
#7230 = ADVANCED_FACE('',(#7231),#7242,.T.);
#7231 = FACE_BOUND('',#7232,.T.);
#7232 = EDGE_LOOP('',(#7233,#7234,#7235,#7236));
#7233 = ORIENTED_EDGE('',*,*,#6238,.F.);
#7234 = ORIENTED_EDGE('',*,*,#6156,.F.);
#7235 = ORIENTED_EDGE('',*,*,#6190,.T.);
#7236 = ORIENTED_EDGE('',*,*,#7237,.F.);
#7237 = EDGE_CURVE('',#6231,#6183,#7238,.T.);
#7238 = LINE('',#7239,#7240);
#7239 = CARTESIAN_POINT('',(13.802,27.687358,2.586157));
#7240 = VECTOR('',#7241,1.);
#7241 = DIRECTION('',(1.,0.,0.));
#7242 = PLANE('',#7243);
#7243 = AXIS2_PLACEMENT_3D('',#7244,#7245,#7246);
#7244 = CARTESIAN_POINT('',(13.802,32.387358,2.586157));
#7245 = DIRECTION('',(0.,-1.224646799147E-16,-1.));
#7246 = DIRECTION('',(1.,0.,0.));
#7247 = ADVANCED_FACE('',(#7248),#7254,.T.);
#7248 = FACE_BOUND('',#7249,.T.);
#7249 = EDGE_LOOP('',(#7250,#7251,#7252,#7253));
#7250 = ORIENTED_EDGE('',*,*,#6214,.F.);
#7251 = ORIENTED_EDGE('',*,*,#6230,.T.);
#7252 = ORIENTED_EDGE('',*,*,#7237,.T.);
#7253 = ORIENTED_EDGE('',*,*,#6182,.F.);
#7254 = PLANE('',#7255);
#7255 = AXIS2_PLACEMENT_3D('',#7256,#7257,#7258);
#7256 = CARTESIAN_POINT('',(13.802,27.687358,4.586157));
#7257 = DIRECTION('',(0.,-1.,1.224646799147E-16));
#7258 = DIRECTION('',(0.,-1.224646799147E-16,-1.));
#7259 = ADVANCED_FACE('',(#7260),#7271,.T.);
#7260 = FACE_BOUND('',#7261,.T.);
#7261 = EDGE_LOOP('',(#7262,#7263,#7264,#7265));
#7262 = ORIENTED_EDGE('',*,*,#6334,.F.);
#7263 = ORIENTED_EDGE('',*,*,#6252,.F.);
#7264 = ORIENTED_EDGE('',*,*,#6286,.T.);
#7265 = ORIENTED_EDGE('',*,*,#7266,.F.);
#7266 = EDGE_CURVE('',#6327,#6279,#7267,.T.);
#7267 = LINE('',#7268,#7269);
#7268 = CARTESIAN_POINT('',(6.775,27.687358,2.586157));
#7269 = VECTOR('',#7270,1.);
#7270 = DIRECTION('',(1.,0.,0.));
#7271 = PLANE('',#7272);
#7272 = AXIS2_PLACEMENT_3D('',#7273,#7274,#7275);
#7273 = CARTESIAN_POINT('',(6.775,32.387358,2.586157));
#7274 = DIRECTION('',(0.,-1.224646799147E-16,-1.));
#7275 = DIRECTION('',(1.,0.,0.));
#7276 = ADVANCED_FACE('',(#7277),#7283,.T.);
#7277 = FACE_BOUND('',#7278,.T.);
#7278 = EDGE_LOOP('',(#7279,#7280,#7281,#7282));
#7279 = ORIENTED_EDGE('',*,*,#6310,.F.);
#7280 = ORIENTED_EDGE('',*,*,#6326,.T.);
#7281 = ORIENTED_EDGE('',*,*,#7266,.T.);
#7282 = ORIENTED_EDGE('',*,*,#6278,.F.);
#7283 = PLANE('',#7284);
#7284 = AXIS2_PLACEMENT_3D('',#7285,#7286,#7287);
#7285 = CARTESIAN_POINT('',(6.775,27.687358,4.586157));
#7286 = DIRECTION('',(0.,-1.,1.224646799147E-16));
#7287 = DIRECTION('',(0.,-1.224646799147E-16,-1.));
#7288 = ADVANCED_FACE('',(#7289),#7300,.T.);
#7289 = FACE_BOUND('',#7290,.T.);
#7290 = EDGE_LOOP('',(#7291,#7292,#7293,#7294));
#7291 = ORIENTED_EDGE('',*,*,#6430,.F.);
#7292 = ORIENTED_EDGE('',*,*,#6348,.F.);
#7293 = ORIENTED_EDGE('',*,*,#6382,.T.);
#7294 = ORIENTED_EDGE('',*,*,#7295,.F.);
#7295 = EDGE_CURVE('',#6423,#6375,#7296,.T.);
#7296 = LINE('',#7297,#7298);
#7297 = CARTESIAN_POINT('',(-19.237344,27.687358,2.586157));
#7298 = VECTOR('',#7299,1.);
#7299 = DIRECTION('',(1.,0.,0.));
#7300 = PLANE('',#7301);
#7301 = AXIS2_PLACEMENT_3D('',#7302,#7303,#7304);
#7302 = CARTESIAN_POINT('',(-19.237344,32.387358,2.586157));
#7303 = DIRECTION('',(0.,-1.224646799147E-16,-1.));
#7304 = DIRECTION('',(1.,0.,0.));
#7305 = ADVANCED_FACE('',(#7306),#7312,.T.);
#7306 = FACE_BOUND('',#7307,.T.);
#7307 = EDGE_LOOP('',(#7308,#7309,#7310,#7311));
#7308 = ORIENTED_EDGE('',*,*,#6406,.F.);
#7309 = ORIENTED_EDGE('',*,*,#6422,.T.);
#7310 = ORIENTED_EDGE('',*,*,#7295,.T.);
#7311 = ORIENTED_EDGE('',*,*,#6374,.F.);
#7312 = PLANE('',#7313);
#7313 = AXIS2_PLACEMENT_3D('',#7314,#7315,#7316);
#7314 = CARTESIAN_POINT('',(-19.237344,27.687358,4.586157));
#7315 = DIRECTION('',(0.,-1.,1.224646799147E-16));
#7316 = DIRECTION('',(0.,-1.224646799147E-16,-1.));
#7317 = ADVANCED_FACE('',(#7318),#7329,.F.);
#7318 = FACE_BOUND('',#7319,.F.);
#7319 = EDGE_LOOP('',(#7320,#7321,#7322,#7323));
#7320 = ORIENTED_EDGE('',*,*,#7000,.F.);
#7321 = ORIENTED_EDGE('',*,*,#6452,.F.);
#7322 = ORIENTED_EDGE('',*,*,#6475,.T.);
#7323 = ORIENTED_EDGE('',*,*,#7324,.T.);
#7324 = EDGE_CURVE('',#6476,#7001,#7325,.T.);
#7325 = LINE('',#7326,#7327);
#7326 = CARTESIAN_POINT('',(21.437344,14.161016,5.5980785));
#7327 = VECTOR('',#7328,1.);
#7328 = DIRECTION('',(0.,-1.224646799147E-16,-1.));
#7329 = PLANE('',#7330);
#7330 = AXIS2_PLACEMENT_3D('',#7331,#7332,#7333);
#7331 = CARTESIAN_POINT('',(21.437344,25.487358,4.586157));
#7332 = DIRECTION('',(1.,0.,0.));
#7333 = DIRECTION('',(0.,-1.224646799147E-16,-1.));
#7334 = ADVANCED_FACE('',(#7335),#7341,.T.);
#7335 = FACE_BOUND('',#7336,.T.);
#7336 = EDGE_LOOP('',(#7337,#7338,#7339,#7340));
#7337 = ORIENTED_EDGE('',*,*,#6501,.F.);
#7338 = ORIENTED_EDGE('',*,*,#6485,.T.);
#7339 = ORIENTED_EDGE('',*,*,#7324,.T.);
#7340 = ORIENTED_EDGE('',*,*,#7010,.F.);
#7341 = PLANE('',#7342);
#7342 = AXIS2_PLACEMENT_3D('',#7343,#7344,#7345);
#7343 = CARTESIAN_POINT('',(8.486532,14.161016,6.61));
#7344 = DIRECTION('',(0.,-1.,1.224646799147E-16));
#7345 = DIRECTION('',(0.,-1.224646799147E-16,-1.));
#7346 = ADVANCED_FACE('',(#7347),#7372,.T.);
#7347 = FACE_BOUND('',#7348,.T.);
#7348 = EDGE_LOOP('',(#7349,#7350,#7358,#7366));
#7349 = ORIENTED_EDGE('',*,*,#6616,.F.);
#7350 = ORIENTED_EDGE('',*,*,#7351,.T.);
#7351 = EDGE_CURVE('',#6617,#7352,#7354,.T.);
#7352 = VERTEX_POINT('',#7353);
#7353 = CARTESIAN_POINT('',(33.843710588219,20.062,3.7));
#7354 = LINE('',#7355,#7356);
#7355 = CARTESIAN_POINT('',(33.843710588219,20.062,6.6));
#7356 = VECTOR('',#7357,1.);
#7357 = DIRECTION('',(0.,-1.224646799147E-16,-1.));
#7358 = ORIENTED_EDGE('',*,*,#7359,.T.);
#7359 = EDGE_CURVE('',#7352,#7360,#7362,.T.);
#7360 = VERTEX_POINT('',#7361);
#7361 = CARTESIAN_POINT('',(32.140527294109,17.112,3.7));
#7362 = LINE('',#7363,#7364);
#7363 = CARTESIAN_POINT('',(33.843710588219,20.062,3.7));
#7364 = VECTOR('',#7365,1.);
#7365 = DIRECTION('',(-0.5,-0.866025403784,1.060575238725E-16));
#7366 = ORIENTED_EDGE('',*,*,#7367,.F.);
#7367 = EDGE_CURVE('',#6619,#7360,#7368,.T.);
#7368 = LINE('',#7369,#7370);
#7369 = CARTESIAN_POINT('',(32.140527294109,17.112,6.6));
#7370 = VECTOR('',#7371,1.);
#7371 = DIRECTION('',(0.,-1.224646799147E-16,-1.));
#7372 = PLANE('',#7373);
#7373 = AXIS2_PLACEMENT_3D('',#7374,#7375,#7376);
#7374 = CARTESIAN_POINT('',(33.843710588219,20.062,6.6));
#7375 = DIRECTION('',(-0.866025403784,0.5,-6.123233995737E-17));
#7376 = DIRECTION('',(-0.5,-0.866025403784,1.060575238725E-16));
#7377 = ADVANCED_FACE('',(#7378),#7396,.T.);
#7378 = FACE_BOUND('',#7379,.T.);
#7379 = EDGE_LOOP('',(#7380,#7381,#7382,#7390));
#7380 = ORIENTED_EDGE('',*,*,#6658,.F.);
#7381 = ORIENTED_EDGE('',*,*,#7367,.T.);
#7382 = ORIENTED_EDGE('',*,*,#7383,.T.);
#7383 = EDGE_CURVE('',#7360,#7384,#7386,.T.);
#7384 = VERTEX_POINT('',#7385);
#7385 = CARTESIAN_POINT('',(28.734160705891,17.112,3.7));
#7386 = LINE('',#7387,#7388);
#7387 = CARTESIAN_POINT('',(32.140527294109,17.112,3.7));
#7388 = VECTOR('',#7389,1.);
#7389 = DIRECTION('',(-1.,-0.,0.));
#7390 = ORIENTED_EDGE('',*,*,#7391,.F.);
#7391 = EDGE_CURVE('',#6651,#7384,#7392,.T.);
#7392 = LINE('',#7393,#7394);
#7393 = CARTESIAN_POINT('',(28.734160705891,17.112,6.6));
#7394 = VECTOR('',#7395,1.);
#7395 = DIRECTION('',(0.,-1.224646799147E-16,-1.));
#7396 = PLANE('',#7397);
#7397 = AXIS2_PLACEMENT_3D('',#7398,#7399,#7400);
#7398 = CARTESIAN_POINT('',(32.140527294109,17.112,6.6));
#7399 = DIRECTION('',(0.,1.,-1.224646799147E-16));
#7400 = DIRECTION('',(-1.,-0.,0.));
#7401 = ADVANCED_FACE('',(#7402),#7420,.T.);
#7402 = FACE_BOUND('',#7403,.T.);
#7403 = EDGE_LOOP('',(#7404,#7405,#7406,#7414));
#7404 = ORIENTED_EDGE('',*,*,#6650,.F.);
#7405 = ORIENTED_EDGE('',*,*,#7391,.T.);
#7406 = ORIENTED_EDGE('',*,*,#7407,.T.);
#7407 = EDGE_CURVE('',#7384,#7408,#7410,.T.);
#7408 = VERTEX_POINT('',#7409);
#7409 = CARTESIAN_POINT('',(27.030977411781,20.062,3.7));
#7410 = LINE('',#7411,#7412);
#7411 = CARTESIAN_POINT('',(28.734160705891,17.112,3.7));
#7412 = VECTOR('',#7413,1.);
#7413 = DIRECTION('',(-0.5,0.866025403784,-1.060575238725E-16));
#7414 = ORIENTED_EDGE('',*,*,#7415,.F.);
#7415 = EDGE_CURVE('',#6643,#7408,#7416,.T.);
#7416 = LINE('',#7417,#7418);
#7417 = CARTESIAN_POINT('',(27.030977411781,20.062,6.6));
#7418 = VECTOR('',#7419,1.);
#7419 = DIRECTION('',(0.,-1.224646799147E-16,-1.));
#7420 = PLANE('',#7421);
#7421 = AXIS2_PLACEMENT_3D('',#7422,#7423,#7424);
#7422 = CARTESIAN_POINT('',(28.734160705891,17.112,6.6));
#7423 = DIRECTION('',(0.866025403784,0.5,-6.123233995737E-17));
#7424 = DIRECTION('',(-0.5,0.866025403784,-1.060575238725E-16));
#7425 = ADVANCED_FACE('',(#7426),#7444,.T.);
#7426 = FACE_BOUND('',#7427,.T.);
#7427 = EDGE_LOOP('',(#7428,#7429,#7430,#7438));
#7428 = ORIENTED_EDGE('',*,*,#6642,.F.);
#7429 = ORIENTED_EDGE('',*,*,#7415,.T.);
#7430 = ORIENTED_EDGE('',*,*,#7431,.T.);
#7431 = EDGE_CURVE('',#7408,#7432,#7434,.T.);
#7432 = VERTEX_POINT('',#7433);
#7433 = CARTESIAN_POINT('',(28.734160705891,23.012,3.7));
#7434 = LINE('',#7435,#7436);
#7435 = CARTESIAN_POINT('',(27.030977411781,20.062,3.7));
#7436 = VECTOR('',#7437,1.);
#7437 = DIRECTION('',(0.5,0.866025403784,-1.060575238725E-16));
#7438 = ORIENTED_EDGE('',*,*,#7439,.F.);
#7439 = EDGE_CURVE('',#6635,#7432,#7440,.T.);
#7440 = LINE('',#7441,#7442);
#7441 = CARTESIAN_POINT('',(28.734160705891,23.012,6.6));
#7442 = VECTOR('',#7443,1.);
#7443 = DIRECTION('',(0.,-1.224646799147E-16,-1.));
#7444 = PLANE('',#7445);
#7445 = AXIS2_PLACEMENT_3D('',#7446,#7447,#7448);
#7446 = CARTESIAN_POINT('',(27.030977411781,20.062,6.6));
#7447 = DIRECTION('',(0.866025403784,-0.5,6.123233995737E-17));
#7448 = DIRECTION('',(0.5,0.866025403784,-1.060575238725E-16));
#7449 = ADVANCED_FACE('',(#7450),#7468,.T.);
#7450 = FACE_BOUND('',#7451,.T.);
#7451 = EDGE_LOOP('',(#7452,#7453,#7454,#7462));
#7452 = ORIENTED_EDGE('',*,*,#6634,.F.);
#7453 = ORIENTED_EDGE('',*,*,#7439,.T.);
#7454 = ORIENTED_EDGE('',*,*,#7455,.T.);
#7455 = EDGE_CURVE('',#7432,#7456,#7458,.T.);
#7456 = VERTEX_POINT('',#7457);
#7457 = CARTESIAN_POINT('',(32.140527294109,23.012,3.7));
#7458 = LINE('',#7459,#7460);
#7459 = CARTESIAN_POINT('',(28.734160705891,23.012,3.7));
#7460 = VECTOR('',#7461,1.);
#7461 = DIRECTION('',(1.,0.,0.));
#7462 = ORIENTED_EDGE('',*,*,#7463,.F.);
#7463 = EDGE_CURVE('',#6627,#7456,#7464,.T.);
#7464 = LINE('',#7465,#7466);
#7465 = CARTESIAN_POINT('',(32.140527294109,23.012,6.6));
#7466 = VECTOR('',#7467,1.);
#7467 = DIRECTION('',(0.,-1.224646799147E-16,-1.));
#7468 = PLANE('',#7469);
#7469 = AXIS2_PLACEMENT_3D('',#7470,#7471,#7472);
#7470 = CARTESIAN_POINT('',(28.734160705891,23.012,6.6));
#7471 = DIRECTION('',(0.,-1.,1.224646799147E-16));
#7472 = DIRECTION('',(1.,0.,0.));
#7473 = ADVANCED_FACE('',(#7474),#7485,.T.);
#7474 = FACE_BOUND('',#7475,.T.);
#7475 = EDGE_LOOP('',(#7476,#7477,#7478,#7484));
#7476 = ORIENTED_EDGE('',*,*,#6626,.F.);
#7477 = ORIENTED_EDGE('',*,*,#7463,.T.);
#7478 = ORIENTED_EDGE('',*,*,#7479,.T.);
#7479 = EDGE_CURVE('',#7456,#7352,#7480,.T.);
#7480 = LINE('',#7481,#7482);
#7481 = CARTESIAN_POINT('',(32.140527294109,23.012,3.7));
#7482 = VECTOR('',#7483,1.);
#7483 = DIRECTION('',(0.5,-0.866025403784,1.060575238725E-16));
#7484 = ORIENTED_EDGE('',*,*,#7351,.F.);
#7485 = PLANE('',#7486);
#7486 = AXIS2_PLACEMENT_3D('',#7487,#7488,#7489);
#7487 = CARTESIAN_POINT('',(32.140527294109,23.012,6.6));
#7488 = DIRECTION('',(-0.866025403784,-0.5,6.123233995737E-17));
#7489 = DIRECTION('',(0.5,-0.866025403784,1.060575238725E-16));
#7490 = ADVANCED_FACE('',(#7491),#7516,.T.);
#7491 = FACE_BOUND('',#7492,.T.);
#7492 = EDGE_LOOP('',(#7493,#7494,#7502,#7510));
#7493 = ORIENTED_EDGE('',*,*,#6675,.F.);
#7494 = ORIENTED_EDGE('',*,*,#7495,.T.);
#7495 = EDGE_CURVE('',#6676,#7496,#7498,.T.);
#7496 = VERTEX_POINT('',#7497);
#7497 = CARTESIAN_POINT('',(33.843710588219,-21.938,3.7));
#7498 = LINE('',#7499,#7500);
#7499 = CARTESIAN_POINT('',(33.843710588219,-21.938,6.6));
#7500 = VECTOR('',#7501,1.);
#7501 = DIRECTION('',(0.,-1.224646799147E-16,-1.));
#7502 = ORIENTED_EDGE('',*,*,#7503,.T.);
#7503 = EDGE_CURVE('',#7496,#7504,#7506,.T.);
#7504 = VERTEX_POINT('',#7505);
#7505 = CARTESIAN_POINT('',(32.140527294109,-24.888,3.7));
#7506 = LINE('',#7507,#7508);
#7507 = CARTESIAN_POINT('',(33.843710588219,-21.938,3.7));
#7508 = VECTOR('',#7509,1.);
#7509 = DIRECTION('',(-0.5,-0.866025403784,1.060575238725E-16));
#7510 = ORIENTED_EDGE('',*,*,#7511,.F.);
#7511 = EDGE_CURVE('',#6678,#7504,#7512,.T.);
#7512 = LINE('',#7513,#7514);
#7513 = CARTESIAN_POINT('',(32.140527294109,-24.888,6.6));
#7514 = VECTOR('',#7515,1.);
#7515 = DIRECTION('',(0.,-1.224646799147E-16,-1.));
#7516 = PLANE('',#7517);
#7517 = AXIS2_PLACEMENT_3D('',#7518,#7519,#7520);
#7518 = CARTESIAN_POINT('',(33.843710588219,-21.938,6.6));
#7519 = DIRECTION('',(-0.866025403784,0.5,-6.123233995737E-17));
#7520 = DIRECTION('',(-0.5,-0.866025403784,1.060575238725E-16));
#7521 = ADVANCED_FACE('',(#7522),#7540,.T.);
#7522 = FACE_BOUND('',#7523,.T.);
#7523 = EDGE_LOOP('',(#7524,#7525,#7526,#7534));
#7524 = ORIENTED_EDGE('',*,*,#6717,.F.);
#7525 = ORIENTED_EDGE('',*,*,#7511,.T.);
#7526 = ORIENTED_EDGE('',*,*,#7527,.T.);
#7527 = EDGE_CURVE('',#7504,#7528,#7530,.T.);
#7528 = VERTEX_POINT('',#7529);
#7529 = CARTESIAN_POINT('',(28.734160705891,-24.888,3.7));
#7530 = LINE('',#7531,#7532);
#7531 = CARTESIAN_POINT('',(32.140527294109,-24.888,3.7));
#7532 = VECTOR('',#7533,1.);
#7533 = DIRECTION('',(-1.,-0.,0.));
#7534 = ORIENTED_EDGE('',*,*,#7535,.F.);
#7535 = EDGE_CURVE('',#6710,#7528,#7536,.T.);
#7536 = LINE('',#7537,#7538);
#7537 = CARTESIAN_POINT('',(28.734160705891,-24.888,6.6));
#7538 = VECTOR('',#7539,1.);
#7539 = DIRECTION('',(0.,-1.224646799147E-16,-1.));
#7540 = PLANE('',#7541);
#7541 = AXIS2_PLACEMENT_3D('',#7542,#7543,#7544);
#7542 = CARTESIAN_POINT('',(32.140527294109,-24.888,6.6));
#7543 = DIRECTION('',(0.,1.,-1.224646799147E-16));
#7544 = DIRECTION('',(-1.,-0.,0.));
#7545 = ADVANCED_FACE('',(#7546),#7564,.T.);
#7546 = FACE_BOUND('',#7547,.T.);
#7547 = EDGE_LOOP('',(#7548,#7549,#7550,#7558));
#7548 = ORIENTED_EDGE('',*,*,#6709,.F.);
#7549 = ORIENTED_EDGE('',*,*,#7535,.T.);
#7550 = ORIENTED_EDGE('',*,*,#7551,.T.);
#7551 = EDGE_CURVE('',#7528,#7552,#7554,.T.);
#7552 = VERTEX_POINT('',#7553);
#7553 = CARTESIAN_POINT('',(27.030977411781,-21.938,3.7));
#7554 = LINE('',#7555,#7556);
#7555 = CARTESIAN_POINT('',(28.734160705891,-24.888,3.7));
#7556 = VECTOR('',#7557,1.);
#7557 = DIRECTION('',(-0.5,0.866025403784,-1.060575238725E-16));
#7558 = ORIENTED_EDGE('',*,*,#7559,.F.);
#7559 = EDGE_CURVE('',#6702,#7552,#7560,.T.);
#7560 = LINE('',#7561,#7562);
#7561 = CARTESIAN_POINT('',(27.030977411781,-21.938,6.6));
#7562 = VECTOR('',#7563,1.);
#7563 = DIRECTION('',(0.,-1.224646799147E-16,-1.));
#7564 = PLANE('',#7565);
#7565 = AXIS2_PLACEMENT_3D('',#7566,#7567,#7568);
#7566 = CARTESIAN_POINT('',(28.734160705891,-24.888,6.6));
#7567 = DIRECTION('',(0.866025403784,0.5,-6.123233995737E-17));
#7568 = DIRECTION('',(-0.5,0.866025403784,-1.060575238725E-16));
#7569 = ADVANCED_FACE('',(#7570),#7588,.T.);
#7570 = FACE_BOUND('',#7571,.T.);
#7571 = EDGE_LOOP('',(#7572,#7573,#7574,#7582));
#7572 = ORIENTED_EDGE('',*,*,#6701,.F.);
#7573 = ORIENTED_EDGE('',*,*,#7559,.T.);
#7574 = ORIENTED_EDGE('',*,*,#7575,.T.);
#7575 = EDGE_CURVE('',#7552,#7576,#7578,.T.);
#7576 = VERTEX_POINT('',#7577);
#7577 = CARTESIAN_POINT('',(28.734160705891,-18.988,3.7));
#7578 = LINE('',#7579,#7580);
#7579 = CARTESIAN_POINT('',(27.030977411781,-21.938,3.7));
#7580 = VECTOR('',#7581,1.);
#7581 = DIRECTION('',(0.5,0.866025403784,-1.060575238725E-16));
#7582 = ORIENTED_EDGE('',*,*,#7583,.F.);
#7583 = EDGE_CURVE('',#6694,#7576,#7584,.T.);
#7584 = LINE('',#7585,#7586);
#7585 = CARTESIAN_POINT('',(28.734160705891,-18.988,6.6));
#7586 = VECTOR('',#7587,1.);
#7587 = DIRECTION('',(0.,-1.224646799147E-16,-1.));
#7588 = PLANE('',#7589);
#7589 = AXIS2_PLACEMENT_3D('',#7590,#7591,#7592);
#7590 = CARTESIAN_POINT('',(27.030977411781,-21.938,6.6));
#7591 = DIRECTION('',(0.866025403784,-0.5,6.123233995737E-17));
#7592 = DIRECTION('',(0.5,0.866025403784,-1.060575238725E-16));
#7593 = ADVANCED_FACE('',(#7594),#7612,.T.);
#7594 = FACE_BOUND('',#7595,.T.);
#7595 = EDGE_LOOP('',(#7596,#7597,#7598,#7606));
#7596 = ORIENTED_EDGE('',*,*,#6693,.F.);
#7597 = ORIENTED_EDGE('',*,*,#7583,.T.);
#7598 = ORIENTED_EDGE('',*,*,#7599,.T.);
#7599 = EDGE_CURVE('',#7576,#7600,#7602,.T.);
#7600 = VERTEX_POINT('',#7601);
#7601 = CARTESIAN_POINT('',(32.140527294109,-18.988,3.7));
#7602 = LINE('',#7603,#7604);
#7603 = CARTESIAN_POINT('',(28.734160705891,-18.988,3.7));
#7604 = VECTOR('',#7605,1.);
#7605 = DIRECTION('',(1.,0.,0.));
#7606 = ORIENTED_EDGE('',*,*,#7607,.F.);
#7607 = EDGE_CURVE('',#6686,#7600,#7608,.T.);
#7608 = LINE('',#7609,#7610);
#7609 = CARTESIAN_POINT('',(32.140527294109,-18.988,6.6));
#7610 = VECTOR('',#7611,1.);
#7611 = DIRECTION('',(0.,-1.224646799147E-16,-1.));
#7612 = PLANE('',#7613);
#7613 = AXIS2_PLACEMENT_3D('',#7614,#7615,#7616);
#7614 = CARTESIAN_POINT('',(28.734160705891,-18.988,6.6));
#7615 = DIRECTION('',(0.,-1.,1.224646799147E-16));
#7616 = DIRECTION('',(1.,0.,0.));
#7617 = ADVANCED_FACE('',(#7618),#7629,.T.);
#7618 = FACE_BOUND('',#7619,.T.);
#7619 = EDGE_LOOP('',(#7620,#7621,#7622,#7628));
#7620 = ORIENTED_EDGE('',*,*,#6685,.F.);
#7621 = ORIENTED_EDGE('',*,*,#7607,.T.);
#7622 = ORIENTED_EDGE('',*,*,#7623,.T.);
#7623 = EDGE_CURVE('',#7600,#7496,#7624,.T.);
#7624 = LINE('',#7625,#7626);
#7625 = CARTESIAN_POINT('',(32.140527294109,-18.988,3.7));
#7626 = VECTOR('',#7627,1.);
#7627 = DIRECTION('',(0.5,-0.866025403784,1.060575238725E-16));
#7628 = ORIENTED_EDGE('',*,*,#7495,.F.);
#7629 = PLANE('',#7630);
#7630 = AXIS2_PLACEMENT_3D('',#7631,#7632,#7633);
#7631 = CARTESIAN_POINT('',(32.140527294109,-18.988,6.6));
#7632 = DIRECTION('',(-0.866025403784,-0.5,6.123233995737E-17));
#7633 = DIRECTION('',(0.5,-0.866025403784,1.060575238725E-16));
#7634 = ADVANCED_FACE('',(#7635),#7654,.F.);
#7635 = FACE_BOUND('',#7636,.F.);
#7636 = EDGE_LOOP('',(#7637,#7645,#7652,#7653));
#7637 = ORIENTED_EDGE('',*,*,#7638,.F.);
#7638 = EDGE_CURVE('',#7639,#6984,#7641,.T.);
#7639 = VERTEX_POINT('',#7640);
#7640 = CARTESIAN_POINT('',(32.137344,-21.938,3.7));
#7641 = LINE('',#7642,#7643);
#7642 = CARTESIAN_POINT('',(32.137344,-21.938,7.));
#7643 = VECTOR('',#7644,1.);
#7644 = DIRECTION('',(0.,-1.224646799147E-16,-1.));
#7645 = ORIENTED_EDGE('',*,*,#7646,.T.);
#7646 = EDGE_CURVE('',#7639,#7639,#7647,.T.);
#7647 = CIRCLE('',#7648,1.7);
#7648 = AXIS2_PLACEMENT_3D('',#7649,#7650,#7651);
#7649 = CARTESIAN_POINT('',(30.437344,-21.938,3.7));
#7650 = DIRECTION('',(0.,-1.224646799147E-16,-1.));
#7651 = DIRECTION('',(1.,0.,0.));
#7652 = ORIENTED_EDGE('',*,*,#7638,.T.);
#7653 = ORIENTED_EDGE('',*,*,#6983,.F.);
#7654 = CYLINDRICAL_SURFACE('',#7655,1.7);
#7655 = AXIS2_PLACEMENT_3D('',#7656,#7657,#7658);
#7656 = CARTESIAN_POINT('',(30.437344,-21.938,7.));
#7657 = DIRECTION('',(0.,-1.224646799147E-16,-1.));
#7658 = DIRECTION('',(1.,0.,0.));
#7659 = ADVANCED_FACE('',(#7660),#7679,.F.);
#7660 = FACE_BOUND('',#7661,.F.);
#7661 = EDGE_LOOP('',(#7662,#7670,#7677,#7678));
#7662 = ORIENTED_EDGE('',*,*,#7663,.F.);
#7663 = EDGE_CURVE('',#7664,#7073,#7666,.T.);
#7664 = VERTEX_POINT('',#7665);
#7665 = CARTESIAN_POINT('',(32.137344,20.062,3.7));
#7666 = LINE('',#7667,#7668);
#7667 = CARTESIAN_POINT('',(32.137344,20.062,7.));
#7668 = VECTOR('',#7669,1.);
#7669 = DIRECTION('',(0.,-1.224646799147E-16,-1.));
#7670 = ORIENTED_EDGE('',*,*,#7671,.T.);
#7671 = EDGE_CURVE('',#7664,#7664,#7672,.T.);
#7672 = CIRCLE('',#7673,1.7);
#7673 = AXIS2_PLACEMENT_3D('',#7674,#7675,#7676);
#7674 = CARTESIAN_POINT('',(30.437344,20.062,3.7));
#7675 = DIRECTION('',(0.,-1.224646799147E-16,-1.));
#7676 = DIRECTION('',(1.,0.,0.));
#7677 = ORIENTED_EDGE('',*,*,#7663,.T.);
#7678 = ORIENTED_EDGE('',*,*,#7072,.F.);
#7679 = CYLINDRICAL_SURFACE('',#7680,1.7);
#7680 = AXIS2_PLACEMENT_3D('',#7681,#7682,#7683);
#7681 = CARTESIAN_POINT('',(30.437344,20.062,7.));
#7682 = DIRECTION('',(0.,-1.224646799147E-16,-1.));
#7683 = DIRECTION('',(1.,0.,0.));
#7684 = ADVANCED_FACE('',(#7685,#7693),#7696,.F.);
#7685 = FACE_BOUND('',#7686,.F.);
#7686 = EDGE_LOOP('',(#7687,#7688,#7689,#7690,#7691,#7692));
#7687 = ORIENTED_EDGE('',*,*,#7359,.T.);
#7688 = ORIENTED_EDGE('',*,*,#7383,.T.);
#7689 = ORIENTED_EDGE('',*,*,#7407,.T.);
#7690 = ORIENTED_EDGE('',*,*,#7431,.T.);
#7691 = ORIENTED_EDGE('',*,*,#7455,.T.);
#7692 = ORIENTED_EDGE('',*,*,#7479,.T.);
#7693 = FACE_BOUND('',#7694,.F.);
#7694 = EDGE_LOOP('',(#7695));
#7695 = ORIENTED_EDGE('',*,*,#7671,.F.);
#7696 = PLANE('',#7697);
#7697 = AXIS2_PLACEMENT_3D('',#7698,#7699,#7700);
#7698 = CARTESIAN_POINT('',(30.437344,20.062,3.7));
#7699 = DIRECTION('',(0.,-1.224646799147E-16,-1.));
#7700 = DIRECTION('',(1.,0.,0.));
#7701 = ADVANCED_FACE('',(#7702,#7710),#7713,.F.);
#7702 = FACE_BOUND('',#7703,.F.);
#7703 = EDGE_LOOP('',(#7704,#7705,#7706,#7707,#7708,#7709));
#7704 = ORIENTED_EDGE('',*,*,#7503,.T.);
#7705 = ORIENTED_EDGE('',*,*,#7527,.T.);
#7706 = ORIENTED_EDGE('',*,*,#7551,.T.);
#7707 = ORIENTED_EDGE('',*,*,#7575,.T.);
#7708 = ORIENTED_EDGE('',*,*,#7599,.T.);
#7709 = ORIENTED_EDGE('',*,*,#7623,.T.);
#7710 = FACE_BOUND('',#7711,.F.);
#7711 = EDGE_LOOP('',(#7712));
#7712 = ORIENTED_EDGE('',*,*,#7646,.F.);
#7713 = PLANE('',#7714);
#7714 = AXIS2_PLACEMENT_3D('',#7715,#7716,#7717);
#7715 = CARTESIAN_POINT('',(30.437344,-21.938,3.7));
#7716 = DIRECTION('',(0.,-1.224646799147E-16,-1.));
#7717 = DIRECTION('',(1.,0.,0.));
#7718 = ( GEOMETRIC_REPRESENTATION_CONTEXT(3) 
GLOBAL_UNCERTAINTY_ASSIGNED_CONTEXT((#7722)) 
GLOBAL_UNIT_ASSIGNED_CONTEXT((#7719,#7720,#7721)) REPRESENTATION_CONTEXT
('Context #1','3D Context with UNIT and UNCERTAINTY') );
#7719 = ( LENGTH_UNIT() NAMED_UNIT(*) SI_UNIT(.MILLI.,.METRE.) );
#7720 = ( NAMED_UNIT(*) PLANE_ANGLE_UNIT() SI_UNIT($,.RADIAN.) );
#7721 = ( NAMED_UNIT(*) SI_UNIT($,.STERADIAN.) SOLID_ANGLE_UNIT() );
#7722 = UNCERTAINTY_MEASURE_WITH_UNIT(LENGTH_MEASURE(1.E-06),#7719,
  'distance_accuracy_value','confusion accuracy');
#7723 = PRODUCT_RELATED_PRODUCT_CATEGORY('part',$,(#7));
ENDSEC;
END-ISO-10303-21;
