ISO-10303-21;
HEADER;
FILE_DESCRIPTION(('FreeCAD Model'),'2;1');
FILE_NAME('Open CASCADE Shape Model','2026-09-16T19:17:28',('FreeCAD'),(
    'FreeCAD'),'Open CASCADE STEP processor 7.9','FreeCAD','Unknown');
FILE_SCHEMA(('AUTOMOTIVE_DESIGN { 1 0 10303 214 1 1 1 1 }'));
ENDSEC;
DATA;
#1 = APPLICATION_PROTOCOL_DEFINITION('international standard',
  'automotive_design',2000,#2);
#2 = APPLICATION_CONTEXT(
  'core data for automotive mechanical design processes');
#3 = SHAPE_DEFINITION_REPRESENTATION(#4,#10);
#4 = PRODUCT_DEFINITION_SHAPE('','',#5);
#5 = PRODUCT_DEFINITION('design','',#6,#9);
#6 = PRODUCT_DEFINITION_FORMATION('','',#7);
#7 = PRODUCT('Open CASCADE STEP translator 7.9 15',
  'Open CASCADE STEP translator 7.9 15','',(#8));
#8 = PRODUCT_CONTEXT('',#2,'mechanical');
#9 = PRODUCT_DEFINITION_CONTEXT('part definition',#2,'design');
#10 = SHAPE_REPRESENTATION('',(#11,#15,#11222),#20333);
#11 = AXIS2_PLACEMENT_3D('',#12,#13,#14);
#12 = CARTESIAN_POINT('',(0.,0.,0.));
#13 = DIRECTION('',(0.,0.,1.));
#14 = DIRECTION('',(1.,0.,-0.));
#15 = MANIFOLD_SOLID_BREP('',#16);
#16 = CLOSED_SHELL('',(#17,#157,#274,#296,#331,#362,#386,#410,#427,#452,
    #477,#508,#532,#556,#581,#606,#981,#1230,#1254,#1278,#1295,#1398,
    #1415,#1432,#1449,#1466,#1618,#1643,#2168,#2223,#2335,#2469,#2486,
    #2503,#2520,#2561,#2610,#2637,#2664,#2710,#2800,#2817,#2834,#2881,
    #2942,#2991,#3136,#3171,#3331,#3491,#3508,#3530,#3586,#3597,#3619,
    #3675,#3686,#3711,#3736,#3973,#3995,#4012,#4024,#4046,#4063,#4080,
    #4092,#4114,#4131,#4148,#4160,#4182,#4199,#4216,#4228,#4245,#4436,
    #4502,#4537,#4561,#4585,#4622,#4667,#4700,#4719,#4750,#4774,#4799,
    #4851,#5062,#5104,#5162,#5228,#5252,#5276,#5300,#5318,#5349,#5373,
    #5397,#5414,#5445,#5469,#5493,#5510,#5535,#5551,#5576,#5607,#5631,
    #5655,#5679,#5703,#5720,#5751,#5775,#5799,#5823,#5847,#5864,#5895,
    #5919,#5943,#5967,#5991,#6022,#6046,#6070,#6094,#6118,#6149,#6173,
    #6197,#6221,#6245,#6262,#6279,#6296,#6327,#6351,#6375,#6385,#6395,
    #6419,#6450,#6481,#6506,#6531,#6562,#6586,#6603,#6634,#6658,#6682,
    #6706,#6730,#6761,#6785,#6809,#6833,#6857,#6874,#6891,#6908,#6932,
    #6962,#6986,#7009,#7020,#7031,#7053,#7070,#7082,#7104,#7121,#7138,
    #7150,#7172,#7189,#7206,#7218,#7240,#7257,#7274,#7286,#7523,#7855,
    #7877,#7936,#7995,#8017,#8034,#8051,#8068,#8080,#8102,#8119,#8136,
    #8148,#8170,#8187,#8204,#8216,#8238,#8255,#8272,#8284,#8306,#8323,
    #8340,#8352,#8374,#8391,#8408,#8425,#8437,#8510,#8548,#8565,#8605,
    #8617,#8628,#8652,#8670,#8702,#8720,#8793,#8831,#8843,#8860,#8877,
    #8908,#8932,#8956,#8973,#9004,#9028,#9052,#9069,#9100,#9124,#9148,
    #9165,#9196,#9220,#9244,#9261,#9292,#9316,#9340,#9364,#9395,#9419,
    #9441,#9453,#9477,#9494,#9553,#9612,#9629,#9660,#9684,#9701,#9732,
    #9756,#9780,#9797,#9828,#9852,#9876,#9888,#9904,#9993,#10009,#10098,
    #10120,#10137,#10154,#10171,#10188,#10200,#10222,#10239,#10256,
    #10273,#10290,#10302,#10327,#10348,#10365,#10377,#10394,#10406,
    #10423,#10435,#10452,#10464,#10481,#10493,#10517,#10534,#10546,
    #10570,#10587,#10599,#10616,#10628,#10645,#10657,#10716,#10739,
    #10755,#10766,#10825,#10848,#10864,#10875,#10934,#10959,#10990,
    #11014,#11038,#11062,#11086,#11103,#11125,#11142,#11159,#11176,
    #11193,#11205));
#17 = ADVANCED_FACE('',(#18),#152,.F.);
#18 = FACE_BOUND('',#19,.F.);
#19 = EDGE_LOOP('',(#20,#30,#38,#47,#56,#64,#73,#82,#90,#98,#106,#114,
    #122,#130,#138,#146));
#20 = ORIENTED_EDGE('',*,*,#21,.F.);
#21 = EDGE_CURVE('',#22,#24,#26,.T.);
#22 = VERTEX_POINT('',#23);
#23 = CARTESIAN_POINT('',(24.823501,42.723427962993,0.));
#24 = VERTEX_POINT('',#25);
#25 = CARTESIAN_POINT('',(24.823501,38.,0.));
#26 = LINE('',#27,#28);
#27 = CARTESIAN_POINT('',(24.823501,-500.,0.));
#28 = VECTOR('',#29,1.);
#29 = DIRECTION('',(0.,-1.,0.));
#30 = ORIENTED_EDGE('',*,*,#31,.F.);
#31 = EDGE_CURVE('',#32,#22,#34,.T.);
#32 = VERTEX_POINT('',#33);
#33 = CARTESIAN_POINT('',(-31.13547351645,42.723427962993,0.));
#34 = LINE('',#35,#36);
#35 = CARTESIAN_POINT('',(-247.420416881,42.723427962993,
    -3.552713678801E-15));
#36 = VECTOR('',#37,1.);
#37 = DIRECTION('',(1.,0.,0.));
#38 = ORIENTED_EDGE('',*,*,#39,.T.);
#39 = EDGE_CURVE('',#32,#40,#42,.T.);
#40 = VERTEX_POINT('',#41);
#41 = CARTESIAN_POINT('',(-32.02781942736,42.586980297498,
    -1.95399252334E-14));
#42 = ELLIPSE('',#43,2.813935727366,2.5);
#43 = AXIS2_PLACEMENT_3D('',#44,#45,#46);
#44 = CARTESIAN_POINT('',(-30.95363638047,40.195972068918,0.));
#45 = DIRECTION('',(0.,0.,1.));
#46 = DIRECTION('',(-0.957735791652,0.287649358401,0.));
#47 = ORIENTED_EDGE('',*,*,#48,.T.);
#48 = EDGE_CURVE('',#40,#49,#51,.T.);
#49 = VERTEX_POINT('',#50);
#50 = CARTESIAN_POINT('',(-33.7,40.3,2.22044604925E-16));
#51 = CIRCLE('',#52,2.4);
#52 = AXIS2_PLACEMENT_3D('',#53,#54,#55);
#53 = CARTESIAN_POINT('',(-31.3,40.3,0.));
#54 = DIRECTION('',(-0.,0.,1.));
#55 = DIRECTION('',(0.,-1.,0.));
#56 = ORIENTED_EDGE('',*,*,#57,.F.);
#57 = EDGE_CURVE('',#58,#49,#60,.T.);
#58 = VERTEX_POINT('',#59);
#59 = CARTESIAN_POINT('',(-33.7,-40.3,2.22044604925E-16));
#60 = LINE('',#61,#62);
#61 = CARTESIAN_POINT('',(-33.7,-40.3,0.));
#62 = VECTOR('',#63,1.);
#63 = DIRECTION('',(0.,1.,0.));
#64 = ORIENTED_EDGE('',*,*,#65,.T.);
#65 = EDGE_CURVE('',#58,#66,#68,.T.);
#66 = VERTEX_POINT('',#67);
#67 = CARTESIAN_POINT('',(-31.98981387499,-42.59872939204,
    5.428990590417E-14));
#68 = CIRCLE('',#69,2.4);
#69 = AXIS2_PLACEMENT_3D('',#70,#71,#72);
#70 = CARTESIAN_POINT('',(-31.3,-40.3,0.));
#71 = DIRECTION('',(-0.,0.,1.));
#72 = DIRECTION('',(0.,-1.,0.));
#73 = ORIENTED_EDGE('',*,*,#74,.T.);
#74 = EDGE_CURVE('',#66,#75,#77,.T.);
#75 = VERTEX_POINT('',#76);
#76 = CARTESIAN_POINT('',(-31.14434309194,-42.72102691319,0.));
#77 = ELLIPSE('',#78,2.816445346824,2.5);
#78 = AXIS2_PLACEMENT_3D('',#79,#80,#81);
#79 = CARTESIAN_POINT('',(-30.95363638047,-40.19077723966,0.));
#80 = DIRECTION('',(0.,0.,1.));
#81 = DIRECTION('',(-0.953705317797,-0.300742692024,0.));
#82 = ORIENTED_EDGE('',*,*,#83,.F.);
#83 = EDGE_CURVE('',#84,#75,#86,.T.);
#84 = VERTEX_POINT('',#85);
#85 = CARTESIAN_POINT('',(24.823501,-42.72102691319,0.));
#86 = LINE('',#87,#88);
#87 = CARTESIAN_POINT('',(-247.4194866527,-42.72102691319,
    -1.7763568394E-15));
#88 = VECTOR('',#89,1.);
#89 = DIRECTION('',(-1.,0.,0.));
#90 = ORIENTED_EDGE('',*,*,#91,.F.);
#91 = EDGE_CURVE('',#92,#84,#94,.T.);
#92 = VERTEX_POINT('',#93);
#93 = CARTESIAN_POINT('',(24.823501,-38.,0.));
#94 = LINE('',#95,#96);
#95 = CARTESIAN_POINT('',(24.823501,-500.,0.));
#96 = VECTOR('',#97,1.);
#97 = DIRECTION('',(0.,-1.,0.));
#98 = ORIENTED_EDGE('',*,*,#99,.T.);
#99 = EDGE_CURVE('',#92,#100,#102,.T.);
#100 = VERTEX_POINT('',#101);
#101 = CARTESIAN_POINT('',(18.223501,-38.,0.));
#102 = LINE('',#103,#104);
#103 = CARTESIAN_POINT('',(-31.,-38.,0.));
#104 = VECTOR('',#105,1.);
#105 = DIRECTION('',(-1.,0.,0.));
#106 = ORIENTED_EDGE('',*,*,#107,.F.);
#107 = EDGE_CURVE('',#108,#100,#110,.T.);
#108 = VERTEX_POINT('',#109);
#109 = CARTESIAN_POINT('',(18.223501,-39.84396748523,0.));
#110 = LINE('',#111,#112);
#111 = CARTESIAN_POINT('',(18.223501,-500.,0.));
#112 = VECTOR('',#113,1.);
#113 = DIRECTION('',(0.,1.,0.));
#114 = ORIENTED_EDGE('',*,*,#115,.F.);
#115 = EDGE_CURVE('',#116,#108,#118,.T.);
#116 = VERTEX_POINT('',#117);
#117 = CARTESIAN_POINT('',(-30.50519482925,-39.84396748523,0.));
#118 = LINE('',#119,#120);
#119 = CARTESIAN_POINT('',(-247.4194866527,-39.84396748523,
    -1.7763568394E-15));
#120 = VECTOR('',#121,1.);
#121 = DIRECTION('',(1.,0.,0.));
#122 = ORIENTED_EDGE('',*,*,#123,.F.);
#123 = EDGE_CURVE('',#124,#116,#126,.T.);
#124 = VERTEX_POINT('',#125);
#125 = CARTESIAN_POINT('',(-30.50519482925,39.851388669881,0.));
#126 = LINE('',#127,#128);
#127 = CARTESIAN_POINT('',(-30.50519482925,-249.9459542413,0.));
#128 = VECTOR('',#129,1.);
#129 = DIRECTION('',(0.,-1.,0.));
#130 = ORIENTED_EDGE('',*,*,#131,.F.);
#131 = EDGE_CURVE('',#132,#124,#134,.T.);
#132 = VERTEX_POINT('',#133);
#133 = CARTESIAN_POINT('',(18.223501,39.851388669882,0.));
#134 = LINE('',#135,#136);
#135 = CARTESIAN_POINT('',(-247.420416881,39.851388669881,0.));
#136 = VECTOR('',#137,1.);
#137 = DIRECTION('',(-1.,0.,0.));
#138 = ORIENTED_EDGE('',*,*,#139,.F.);
#139 = EDGE_CURVE('',#140,#132,#142,.T.);
#140 = VERTEX_POINT('',#141);
#141 = CARTESIAN_POINT('',(18.223501,38.,0.));
#142 = LINE('',#143,#144);
#143 = CARTESIAN_POINT('',(18.223501,-500.,0.));
#144 = VECTOR('',#145,1.);
#145 = DIRECTION('',(0.,1.,0.));
#146 = ORIENTED_EDGE('',*,*,#147,.F.);
#147 = EDGE_CURVE('',#24,#140,#148,.T.);
#148 = LINE('',#149,#150);
#149 = CARTESIAN_POINT('',(-31.,38.,0.));
#150 = VECTOR('',#151,1.);
#151 = DIRECTION('',(-1.,0.,0.));
#152 = PLANE('',#153);
#153 = AXIS2_PLACEMENT_3D('',#154,#155,#156);
#154 = CARTESIAN_POINT('',(-500.,-500.,0.));
#155 = DIRECTION('',(0.,0.,1.));
#156 = DIRECTION('',(1.,0.,0.));
#157 = ADVANCED_FACE('',(#158,#192,#203,#214,#247,#258),#269,.F.);
#158 = FACE_BOUND('',#159,.F.);
#159 = EDGE_LOOP('',(#160,#170,#178,#186));
#160 = ORIENTED_EDGE('',*,*,#161,.F.);
#161 = EDGE_CURVE('',#162,#164,#166,.T.);
#162 = VERTEX_POINT('',#163);
#163 = CARTESIAN_POINT('',(-35.,-54.,0.));
#164 = VERTEX_POINT('',#165);
#165 = CARTESIAN_POINT('',(-35.,54.,0.));
#166 = LINE('',#167,#168);
#167 = CARTESIAN_POINT('',(-35.,-54.,0.));
#168 = VECTOR('',#169,1.);
#169 = DIRECTION('',(0.,1.,0.));
#170 = ORIENTED_EDGE('',*,*,#171,.T.);
#171 = EDGE_CURVE('',#162,#172,#174,.T.);
#172 = VERTEX_POINT('',#173);
#173 = CARTESIAN_POINT('',(35.,-54.,0.));
#174 = LINE('',#175,#176);
#175 = CARTESIAN_POINT('',(-35.,-54.,0.));
#176 = VECTOR('',#177,1.);
#177 = DIRECTION('',(1.,0.,0.));
#178 = ORIENTED_EDGE('',*,*,#179,.T.);
#179 = EDGE_CURVE('',#172,#180,#182,.T.);
#180 = VERTEX_POINT('',#181);
#181 = CARTESIAN_POINT('',(35.,54.,0.));
#182 = LINE('',#183,#184);
#183 = CARTESIAN_POINT('',(35.,-54.,0.));
#184 = VECTOR('',#185,1.);
#185 = DIRECTION('',(0.,1.,0.));
#186 = ORIENTED_EDGE('',*,*,#187,.F.);
#187 = EDGE_CURVE('',#164,#180,#188,.T.);
#188 = LINE('',#189,#190);
#189 = CARTESIAN_POINT('',(-35.,54.,0.));
#190 = VECTOR('',#191,1.);
#191 = DIRECTION('',(1.,0.,0.));
#192 = FACE_BOUND('',#193,.F.);
#193 = EDGE_LOOP('',(#194));
#194 = ORIENTED_EDGE('',*,*,#195,.F.);
#195 = EDGE_CURVE('',#196,#196,#198,.T.);
#196 = VERTEX_POINT('',#197);
#197 = CARTESIAN_POINT('',(-27.7,-49.,0.));
#198 = CIRCLE('',#199,2.3);
#199 = AXIS2_PLACEMENT_3D('',#200,#201,#202);
#200 = CARTESIAN_POINT('',(-30.,-49.,0.));
#201 = DIRECTION('',(0.,0.,1.));
#202 = DIRECTION('',(1.,0.,0.));
#203 = FACE_BOUND('',#204,.F.);
#204 = EDGE_LOOP('',(#205));
#205 = ORIENTED_EDGE('',*,*,#206,.F.);
#206 = EDGE_CURVE('',#207,#207,#209,.T.);
#207 = VERTEX_POINT('',#208);
#208 = CARTESIAN_POINT('',(32.3,-49.,0.));
#209 = CIRCLE('',#210,2.3);
#210 = AXIS2_PLACEMENT_3D('',#211,#212,#213);
#211 = CARTESIAN_POINT('',(30.,-49.,0.));
#212 = DIRECTION('',(0.,0.,1.));
#213 = DIRECTION('',(1.,0.,0.));
#214 = FACE_BOUND('',#215,.F.);
#215 = EDGE_LOOP('',(#216,#226,#232,#233,#234,#235,#236,#237,#238,#239,
    #240,#241));
#216 = ORIENTED_EDGE('',*,*,#217,.F.);
#217 = EDGE_CURVE('',#218,#220,#222,.T.);
#218 = VERTEX_POINT('',#219);
#219 = CARTESIAN_POINT('',(27.,-38.,0.));
#220 = VERTEX_POINT('',#221);
#221 = CARTESIAN_POINT('',(27.,38.,0.));
#222 = LINE('',#223,#224);
#223 = CARTESIAN_POINT('',(27.,-46.,0.));
#224 = VECTOR('',#225,1.);
#225 = DIRECTION('',(0.,1.,0.));
#226 = ORIENTED_EDGE('',*,*,#227,.T.);
#227 = EDGE_CURVE('',#218,#92,#228,.T.);
#228 = LINE('',#229,#230);
#229 = CARTESIAN_POINT('',(-31.,-38.,0.));
#230 = VECTOR('',#231,1.);
#231 = DIRECTION('',(-1.,0.,0.));
#232 = ORIENTED_EDGE('',*,*,#91,.T.);
#233 = ORIENTED_EDGE('',*,*,#83,.T.);
#234 = ORIENTED_EDGE('',*,*,#74,.F.);
#235 = ORIENTED_EDGE('',*,*,#65,.F.);
#236 = ORIENTED_EDGE('',*,*,#57,.T.);
#237 = ORIENTED_EDGE('',*,*,#48,.F.);
#238 = ORIENTED_EDGE('',*,*,#39,.F.);
#239 = ORIENTED_EDGE('',*,*,#31,.T.);
#240 = ORIENTED_EDGE('',*,*,#21,.T.);
#241 = ORIENTED_EDGE('',*,*,#242,.F.);
#242 = EDGE_CURVE('',#220,#24,#243,.T.);
#243 = LINE('',#244,#245);
#244 = CARTESIAN_POINT('',(-31.,38.,0.));
#245 = VECTOR('',#246,1.);
#246 = DIRECTION('',(-1.,0.,0.));
#247 = FACE_BOUND('',#248,.F.);
#248 = EDGE_LOOP('',(#249));
#249 = ORIENTED_EDGE('',*,*,#250,.F.);
#250 = EDGE_CURVE('',#251,#251,#253,.T.);
#251 = VERTEX_POINT('',#252);
#252 = CARTESIAN_POINT('',(-27.7,49.,0.));
#253 = CIRCLE('',#254,2.3);
#254 = AXIS2_PLACEMENT_3D('',#255,#256,#257);
#255 = CARTESIAN_POINT('',(-30.,49.,0.));
#256 = DIRECTION('',(0.,0.,1.));
#257 = DIRECTION('',(1.,0.,0.));
#258 = FACE_BOUND('',#259,.F.);
#259 = EDGE_LOOP('',(#260));
#260 = ORIENTED_EDGE('',*,*,#261,.F.);
#261 = EDGE_CURVE('',#262,#262,#264,.T.);
#262 = VERTEX_POINT('',#263);
#263 = CARTESIAN_POINT('',(32.3,49.,0.));
#264 = CIRCLE('',#265,2.3);
#265 = AXIS2_PLACEMENT_3D('',#266,#267,#268);
#266 = CARTESIAN_POINT('',(30.,49.,0.));
#267 = DIRECTION('',(0.,0.,1.));
#268 = DIRECTION('',(1.,0.,0.));
#269 = PLANE('',#270);
#270 = AXIS2_PLACEMENT_3D('',#271,#272,#273);
#271 = CARTESIAN_POINT('',(-35.,-54.,0.));
#272 = DIRECTION('',(0.,0.,1.));
#273 = DIRECTION('',(1.,0.,0.));
#274 = ADVANCED_FACE('',(#275),#291,.F.);
#275 = FACE_BOUND('',#276,.F.);
#276 = EDGE_LOOP('',(#277,#283,#284,#290));
#277 = ORIENTED_EDGE('',*,*,#278,.F.);
#278 = EDGE_CURVE('',#24,#92,#279,.T.);
#279 = LINE('',#280,#281);
#280 = CARTESIAN_POINT('',(24.823501,-500.,0.));
#281 = VECTOR('',#282,1.);
#282 = DIRECTION('',(0.,-1.,0.));
#283 = ORIENTED_EDGE('',*,*,#147,.T.);
#284 = ORIENTED_EDGE('',*,*,#285,.F.);
#285 = EDGE_CURVE('',#100,#140,#286,.T.);
#286 = LINE('',#287,#288);
#287 = CARTESIAN_POINT('',(18.223501,-500.,0.));
#288 = VECTOR('',#289,1.);
#289 = DIRECTION('',(0.,1.,0.));
#290 = ORIENTED_EDGE('',*,*,#99,.F.);
#291 = PLANE('',#292);
#292 = AXIS2_PLACEMENT_3D('',#293,#294,#295);
#293 = CARTESIAN_POINT('',(-500.,-500.,0.));
#294 = DIRECTION('',(0.,0.,1.));
#295 = DIRECTION('',(1.,0.,0.));
#296 = ADVANCED_FACE('',(#297),#326,.F.);
#297 = FACE_BOUND('',#298,.F.);
#298 = EDGE_LOOP('',(#299,#300,#308,#316,#322,#323,#324,#325));
#299 = ORIENTED_EDGE('',*,*,#107,.T.);
#300 = ORIENTED_EDGE('',*,*,#301,.T.);
#301 = EDGE_CURVE('',#100,#302,#304,.T.);
#302 = VERTEX_POINT('',#303);
#303 = CARTESIAN_POINT('',(-27.,-38.,0.));
#304 = LINE('',#305,#306);
#305 = CARTESIAN_POINT('',(-31.,-38.,0.));
#306 = VECTOR('',#307,1.);
#307 = DIRECTION('',(-1.,0.,0.));
#308 = ORIENTED_EDGE('',*,*,#309,.T.);
#309 = EDGE_CURVE('',#302,#310,#312,.T.);
#310 = VERTEX_POINT('',#311);
#311 = CARTESIAN_POINT('',(-27.,38.,0.));
#312 = LINE('',#313,#314);
#313 = CARTESIAN_POINT('',(-27.,-46.,0.));
#314 = VECTOR('',#315,1.);
#315 = DIRECTION('',(0.,1.,0.));
#316 = ORIENTED_EDGE('',*,*,#317,.F.);
#317 = EDGE_CURVE('',#140,#310,#318,.T.);
#318 = LINE('',#319,#320);
#319 = CARTESIAN_POINT('',(-31.,38.,0.));
#320 = VECTOR('',#321,1.);
#321 = DIRECTION('',(-1.,0.,0.));
#322 = ORIENTED_EDGE('',*,*,#139,.T.);
#323 = ORIENTED_EDGE('',*,*,#131,.T.);
#324 = ORIENTED_EDGE('',*,*,#123,.T.);
#325 = ORIENTED_EDGE('',*,*,#115,.T.);
#326 = PLANE('',#327);
#327 = AXIS2_PLACEMENT_3D('',#328,#329,#330);
#328 = CARTESIAN_POINT('',(-35.,-54.,0.));
#329 = DIRECTION('',(0.,0.,1.));
#330 = DIRECTION('',(1.,0.,0.));
#331 = ADVANCED_FACE('',(#332),#357,.F.);
#332 = FACE_BOUND('',#333,.F.);
#333 = EDGE_LOOP('',(#334,#342,#343,#351));
#334 = ORIENTED_EDGE('',*,*,#335,.F.);
#335 = EDGE_CURVE('',#162,#336,#338,.T.);
#336 = VERTEX_POINT('',#337);
#337 = CARTESIAN_POINT('',(-35.,-54.,4.));
#338 = LINE('',#339,#340);
#339 = CARTESIAN_POINT('',(-35.,-54.,0.));
#340 = VECTOR('',#341,1.);
#341 = DIRECTION('',(0.,0.,1.));
#342 = ORIENTED_EDGE('',*,*,#161,.T.);
#343 = ORIENTED_EDGE('',*,*,#344,.T.);
#344 = EDGE_CURVE('',#164,#345,#347,.T.);
#345 = VERTEX_POINT('',#346);
#346 = CARTESIAN_POINT('',(-35.,54.,4.));
#347 = LINE('',#348,#349);
#348 = CARTESIAN_POINT('',(-35.,54.,0.));
#349 = VECTOR('',#350,1.);
#350 = DIRECTION('',(0.,0.,1.));
#351 = ORIENTED_EDGE('',*,*,#352,.F.);
#352 = EDGE_CURVE('',#336,#345,#353,.T.);
#353 = LINE('',#354,#355);
#354 = CARTESIAN_POINT('',(-35.,-54.,4.));
#355 = VECTOR('',#356,1.);
#356 = DIRECTION('',(0.,1.,0.));
#357 = PLANE('',#358);
#358 = AXIS2_PLACEMENT_3D('',#359,#360,#361);
#359 = CARTESIAN_POINT('',(-35.,-54.,0.));
#360 = DIRECTION('',(1.,0.,0.));
#361 = DIRECTION('',(0.,0.,1.));
#362 = ADVANCED_FACE('',(#363),#381,.T.);
#363 = FACE_BOUND('',#364,.T.);
#364 = EDGE_LOOP('',(#365,#366,#367,#375));
#365 = ORIENTED_EDGE('',*,*,#187,.F.);
#366 = ORIENTED_EDGE('',*,*,#344,.T.);
#367 = ORIENTED_EDGE('',*,*,#368,.T.);
#368 = EDGE_CURVE('',#345,#369,#371,.T.);
#369 = VERTEX_POINT('',#370);
#370 = CARTESIAN_POINT('',(35.,54.,4.));
#371 = LINE('',#372,#373);
#372 = CARTESIAN_POINT('',(-35.,54.,4.));
#373 = VECTOR('',#374,1.);
#374 = DIRECTION('',(1.,0.,0.));
#375 = ORIENTED_EDGE('',*,*,#376,.F.);
#376 = EDGE_CURVE('',#180,#369,#377,.T.);
#377 = LINE('',#378,#379);
#378 = CARTESIAN_POINT('',(35.,54.,0.));
#379 = VECTOR('',#380,1.);
#380 = DIRECTION('',(0.,0.,1.));
#381 = PLANE('',#382);
#382 = AXIS2_PLACEMENT_3D('',#383,#384,#385);
#383 = CARTESIAN_POINT('',(-35.,54.,0.));
#384 = DIRECTION('',(0.,1.,0.));
#385 = DIRECTION('',(0.,0.,1.));
#386 = ADVANCED_FACE('',(#387),#405,.F.);
#387 = FACE_BOUND('',#388,.F.);
#388 = EDGE_LOOP('',(#389,#390,#391,#399));
#389 = ORIENTED_EDGE('',*,*,#171,.F.);
#390 = ORIENTED_EDGE('',*,*,#335,.T.);
#391 = ORIENTED_EDGE('',*,*,#392,.T.);
#392 = EDGE_CURVE('',#336,#393,#395,.T.);
#393 = VERTEX_POINT('',#394);
#394 = CARTESIAN_POINT('',(35.,-54.,4.));
#395 = LINE('',#396,#397);
#396 = CARTESIAN_POINT('',(-35.,-54.,4.));
#397 = VECTOR('',#398,1.);
#398 = DIRECTION('',(1.,0.,0.));
#399 = ORIENTED_EDGE('',*,*,#400,.F.);
#400 = EDGE_CURVE('',#172,#393,#401,.T.);
#401 = LINE('',#402,#403);
#402 = CARTESIAN_POINT('',(35.,-54.,0.));
#403 = VECTOR('',#404,1.);
#404 = DIRECTION('',(0.,0.,1.));
#405 = PLANE('',#406);
#406 = AXIS2_PLACEMENT_3D('',#407,#408,#409);
#407 = CARTESIAN_POINT('',(-35.,-54.,0.));
#408 = DIRECTION('',(0.,1.,0.));
#409 = DIRECTION('',(0.,0.,1.));
#410 = ADVANCED_FACE('',(#411),#422,.T.);
#411 = FACE_BOUND('',#412,.T.);
#412 = EDGE_LOOP('',(#413,#414,#415,#416));
#413 = ORIENTED_EDGE('',*,*,#400,.F.);
#414 = ORIENTED_EDGE('',*,*,#179,.T.);
#415 = ORIENTED_EDGE('',*,*,#376,.T.);
#416 = ORIENTED_EDGE('',*,*,#417,.F.);
#417 = EDGE_CURVE('',#393,#369,#418,.T.);
#418 = LINE('',#419,#420);
#419 = CARTESIAN_POINT('',(35.,-54.,4.));
#420 = VECTOR('',#421,1.);
#421 = DIRECTION('',(0.,1.,0.));
#422 = PLANE('',#423);
#423 = AXIS2_PLACEMENT_3D('',#424,#425,#426);
#424 = CARTESIAN_POINT('',(35.,-54.,0.));
#425 = DIRECTION('',(1.,0.,0.));
#426 = DIRECTION('',(0.,0.,1.));
#427 = ADVANCED_FACE('',(#428),#447,.F.);
#428 = FACE_BOUND('',#429,.F.);
#429 = EDGE_LOOP('',(#430,#438,#445,#446));
#430 = ORIENTED_EDGE('',*,*,#431,.T.);
#431 = EDGE_CURVE('',#196,#432,#434,.T.);
#432 = VERTEX_POINT('',#433);
#433 = CARTESIAN_POINT('',(-27.7,-49.,1.9));
#434 = LINE('',#435,#436);
#435 = CARTESIAN_POINT('',(-27.7,-49.,-1.));
#436 = VECTOR('',#437,1.);
#437 = DIRECTION('',(0.,0.,1.));
#438 = ORIENTED_EDGE('',*,*,#439,.F.);
#439 = EDGE_CURVE('',#432,#432,#440,.T.);
#440 = CIRCLE('',#441,2.3);
#441 = AXIS2_PLACEMENT_3D('',#442,#443,#444);
#442 = CARTESIAN_POINT('',(-30.,-49.,1.9));
#443 = DIRECTION('',(0.,0.,1.));
#444 = DIRECTION('',(1.,0.,0.));
#445 = ORIENTED_EDGE('',*,*,#431,.F.);
#446 = ORIENTED_EDGE('',*,*,#195,.T.);
#447 = CYLINDRICAL_SURFACE('',#448,2.3);
#448 = AXIS2_PLACEMENT_3D('',#449,#450,#451);
#449 = CARTESIAN_POINT('',(-30.,-49.,-1.));
#450 = DIRECTION('',(0.,0.,1.));
#451 = DIRECTION('',(1.,0.,0.));
#452 = ADVANCED_FACE('',(#453),#472,.F.);
#453 = FACE_BOUND('',#454,.F.);
#454 = EDGE_LOOP('',(#455,#463,#470,#471));
#455 = ORIENTED_EDGE('',*,*,#456,.T.);
#456 = EDGE_CURVE('',#207,#457,#459,.T.);
#457 = VERTEX_POINT('',#458);
#458 = CARTESIAN_POINT('',(32.3,-49.,1.9));
#459 = LINE('',#460,#461);
#460 = CARTESIAN_POINT('',(32.3,-49.,-1.));
#461 = VECTOR('',#462,1.);
#462 = DIRECTION('',(0.,0.,1.));
#463 = ORIENTED_EDGE('',*,*,#464,.F.);
#464 = EDGE_CURVE('',#457,#457,#465,.T.);
#465 = CIRCLE('',#466,2.3);
#466 = AXIS2_PLACEMENT_3D('',#467,#468,#469);
#467 = CARTESIAN_POINT('',(30.,-49.,1.9));
#468 = DIRECTION('',(0.,0.,1.));
#469 = DIRECTION('',(1.,0.,0.));
#470 = ORIENTED_EDGE('',*,*,#456,.F.);
#471 = ORIENTED_EDGE('',*,*,#206,.T.);
#472 = CYLINDRICAL_SURFACE('',#473,2.3);
#473 = AXIS2_PLACEMENT_3D('',#474,#475,#476);
#474 = CARTESIAN_POINT('',(30.,-49.,-1.));
#475 = DIRECTION('',(0.,0.,1.));
#476 = DIRECTION('',(1.,0.,0.));
#477 = ADVANCED_FACE('',(#478),#503,.F.);
#478 = FACE_BOUND('',#479,.F.);
#479 = EDGE_LOOP('',(#480,#488,#489,#497));
#480 = ORIENTED_EDGE('',*,*,#481,.F.);
#481 = EDGE_CURVE('',#218,#482,#484,.T.);
#482 = VERTEX_POINT('',#483);
#483 = CARTESIAN_POINT('',(27.,-38.,4.));
#484 = LINE('',#485,#486);
#485 = CARTESIAN_POINT('',(27.,-38.,-1.));
#486 = VECTOR('',#487,1.);
#487 = DIRECTION('',(0.,0.,1.));
#488 = ORIENTED_EDGE('',*,*,#217,.T.);
#489 = ORIENTED_EDGE('',*,*,#490,.T.);
#490 = EDGE_CURVE('',#220,#491,#493,.T.);
#491 = VERTEX_POINT('',#492);
#492 = CARTESIAN_POINT('',(27.,38.,4.));
#493 = LINE('',#494,#495);
#494 = CARTESIAN_POINT('',(27.,38.,-1.));
#495 = VECTOR('',#496,1.);
#496 = DIRECTION('',(0.,0.,1.));
#497 = ORIENTED_EDGE('',*,*,#498,.F.);
#498 = EDGE_CURVE('',#482,#491,#499,.T.);
#499 = LINE('',#500,#501);
#500 = CARTESIAN_POINT('',(27.,-46.,4.));
#501 = VECTOR('',#502,1.);
#502 = DIRECTION('',(0.,1.,0.));
#503 = PLANE('',#504);
#504 = AXIS2_PLACEMENT_3D('',#505,#506,#507);
#505 = CARTESIAN_POINT('',(27.,-38.,-1.));
#506 = DIRECTION('',(1.,0.,0.));
#507 = DIRECTION('',(0.,0.,1.));
#508 = ADVANCED_FACE('',(#509),#527,.T.);
#509 = FACE_BOUND('',#510,.T.);
#510 = EDGE_LOOP('',(#511,#512,#513,#521));
#511 = ORIENTED_EDGE('',*,*,#481,.F.);
#512 = ORIENTED_EDGE('',*,*,#227,.T.);
#513 = ORIENTED_EDGE('',*,*,#514,.T.);
#514 = EDGE_CURVE('',#92,#515,#517,.T.);
#515 = VERTEX_POINT('',#516);
#516 = CARTESIAN_POINT('',(24.823501,-38.,4.));
#517 = LINE('',#518,#519);
#518 = CARTESIAN_POINT('',(24.823501,-38.,270.368672));
#519 = VECTOR('',#520,1.);
#520 = DIRECTION('',(-2.22044604925E-16,0.,1.));
#521 = ORIENTED_EDGE('',*,*,#522,.F.);
#522 = EDGE_CURVE('',#482,#515,#523,.T.);
#523 = LINE('',#524,#525);
#524 = CARTESIAN_POINT('',(-31.,-38.,4.));
#525 = VECTOR('',#526,1.);
#526 = DIRECTION('',(-1.,0.,0.));
#527 = PLANE('',#528);
#528 = AXIS2_PLACEMENT_3D('',#529,#530,#531);
#529 = CARTESIAN_POINT('',(-27.,-38.,-1.));
#530 = DIRECTION('',(0.,1.,0.));
#531 = DIRECTION('',(0.,0.,1.));
#532 = ADVANCED_FACE('',(#533),#551,.F.);
#533 = FACE_BOUND('',#534,.F.);
#534 = EDGE_LOOP('',(#535,#536,#537,#545));
#535 = ORIENTED_EDGE('',*,*,#490,.F.);
#536 = ORIENTED_EDGE('',*,*,#242,.T.);
#537 = ORIENTED_EDGE('',*,*,#538,.T.);
#538 = EDGE_CURVE('',#24,#539,#541,.T.);
#539 = VERTEX_POINT('',#540);
#540 = CARTESIAN_POINT('',(24.823501,38.,4.));
#541 = LINE('',#542,#543);
#542 = CARTESIAN_POINT('',(24.823501,38.,270.368672));
#543 = VECTOR('',#544,1.);
#544 = DIRECTION('',(-2.22044604925E-16,0.,1.));
#545 = ORIENTED_EDGE('',*,*,#546,.F.);
#546 = EDGE_CURVE('',#491,#539,#547,.T.);
#547 = LINE('',#548,#549);
#548 = CARTESIAN_POINT('',(-31.,38.,4.));
#549 = VECTOR('',#550,1.);
#550 = DIRECTION('',(-1.,0.,0.));
#551 = PLANE('',#552);
#552 = AXIS2_PLACEMENT_3D('',#553,#554,#555);
#553 = CARTESIAN_POINT('',(-27.,38.,-1.));
#554 = DIRECTION('',(0.,1.,0.));
#555 = DIRECTION('',(0.,0.,1.));
#556 = ADVANCED_FACE('',(#557),#576,.F.);
#557 = FACE_BOUND('',#558,.F.);
#558 = EDGE_LOOP('',(#559,#567,#574,#575));
#559 = ORIENTED_EDGE('',*,*,#560,.T.);
#560 = EDGE_CURVE('',#251,#561,#563,.T.);
#561 = VERTEX_POINT('',#562);
#562 = CARTESIAN_POINT('',(-27.7,49.,1.9));
#563 = LINE('',#564,#565);
#564 = CARTESIAN_POINT('',(-27.7,49.,-1.));
#565 = VECTOR('',#566,1.);
#566 = DIRECTION('',(0.,0.,1.));
#567 = ORIENTED_EDGE('',*,*,#568,.F.);
#568 = EDGE_CURVE('',#561,#561,#569,.T.);
#569 = CIRCLE('',#570,2.3);
#570 = AXIS2_PLACEMENT_3D('',#571,#572,#573);
#571 = CARTESIAN_POINT('',(-30.,49.,1.9));
#572 = DIRECTION('',(0.,0.,1.));
#573 = DIRECTION('',(1.,0.,0.));
#574 = ORIENTED_EDGE('',*,*,#560,.F.);
#575 = ORIENTED_EDGE('',*,*,#250,.T.);
#576 = CYLINDRICAL_SURFACE('',#577,2.3);
#577 = AXIS2_PLACEMENT_3D('',#578,#579,#580);
#578 = CARTESIAN_POINT('',(-30.,49.,-1.));
#579 = DIRECTION('',(0.,0.,1.));
#580 = DIRECTION('',(1.,0.,0.));
#581 = ADVANCED_FACE('',(#582),#601,.F.);
#582 = FACE_BOUND('',#583,.F.);
#583 = EDGE_LOOP('',(#584,#592,#599,#600));
#584 = ORIENTED_EDGE('',*,*,#585,.T.);
#585 = EDGE_CURVE('',#262,#586,#588,.T.);
#586 = VERTEX_POINT('',#587);
#587 = CARTESIAN_POINT('',(32.3,49.,1.9));
#588 = LINE('',#589,#590);
#589 = CARTESIAN_POINT('',(32.3,49.,-1.));
#590 = VECTOR('',#591,1.);
#591 = DIRECTION('',(0.,0.,1.));
#592 = ORIENTED_EDGE('',*,*,#593,.F.);
#593 = EDGE_CURVE('',#586,#586,#594,.T.);
#594 = CIRCLE('',#595,2.3);
#595 = AXIS2_PLACEMENT_3D('',#596,#597,#598);
#596 = CARTESIAN_POINT('',(30.,49.,1.9));
#597 = DIRECTION('',(0.,0.,1.));
#598 = DIRECTION('',(1.,0.,0.));
#599 = ORIENTED_EDGE('',*,*,#585,.F.);
#600 = ORIENTED_EDGE('',*,*,#261,.T.);
#601 = CYLINDRICAL_SURFACE('',#602,2.3);
#602 = AXIS2_PLACEMENT_3D('',#603,#604,#605);
#603 = CARTESIAN_POINT('',(30.,49.,-1.));
#604 = DIRECTION('',(0.,0.,1.));
#605 = DIRECTION('',(1.,0.,0.));
#606 = ADVANCED_FACE('',(#607),#976,.T.);
#607 = FACE_BOUND('',#608,.T.);
#608 = EDGE_LOOP('',(#609,#610,#611,#619,#627,#636,#644,#652,#660,#668,
    #676,#684,#692,#700,#708,#716,#724,#732,#740,#748,#756,#765,#774,
    #782,#791,#800,#808,#816,#824,#832,#840,#848,#856,#864,#872,#880,
    #888,#896,#904,#912,#920,#928,#936,#944,#952,#961,#969,#975));
#609 = ORIENTED_EDGE('',*,*,#278,.F.);
#610 = ORIENTED_EDGE('',*,*,#538,.T.);
#611 = ORIENTED_EDGE('',*,*,#612,.F.);
#612 = EDGE_CURVE('',#613,#539,#615,.T.);
#613 = VERTEX_POINT('',#614);
#614 = CARTESIAN_POINT('',(24.823501,42.128982642519,4.));
#615 = LINE('',#616,#617);
#616 = CARTESIAN_POINT('',(24.823501,-277.,4.));
#617 = VECTOR('',#618,1.);
#618 = DIRECTION('',(0.,-1.,0.));
#619 = ORIENTED_EDGE('',*,*,#620,.F.);
#620 = EDGE_CURVE('',#621,#613,#623,.T.);
#621 = VERTEX_POINT('',#622);
#622 = CARTESIAN_POINT('',(24.823501,32.76020036083,67.042180392416));
#623 = LINE('',#624,#625);
#624 = CARTESIAN_POINT('',(24.823501,-4.585329061227,318.33883046798));
#625 = VECTOR('',#626,1.);
#626 = DIRECTION('',(2.19632522021E-16,0.146996956967,-0.989136944332));
#627 = ORIENTED_EDGE('',*,*,#628,.F.);
#628 = EDGE_CURVE('',#629,#621,#631,.T.);
#629 = VERTEX_POINT('',#630);
#630 = CARTESIAN_POINT('',(24.823501,30.287358,69.174688));
#631 = CIRCLE('',#632,2.5);
#632 = AXIS2_PLACEMENT_3D('',#633,#634,#635);
#633 = CARTESIAN_POINT('',(24.823501,30.287358,66.674688));
#634 = DIRECTION('',(-1.,1.436692340392E-15,-1.436692340392E-15));
#635 = DIRECTION('',(-1.436692340392E-15,-1.,1.110223024625E-16));
#636 = ORIENTED_EDGE('',*,*,#637,.F.);
#637 = EDGE_CURVE('',#638,#629,#640,.T.);
#638 = VERTEX_POINT('',#639);
#639 = CARTESIAN_POINT('',(24.823501,25.487358,69.174688));
#640 = LINE('',#641,#642);
#641 = CARTESIAN_POINT('',(24.823501,-249.875,69.174688));
#642 = VECTOR('',#643,1.);
#643 = DIRECTION('',(0.,1.,0.));
#644 = ORIENTED_EDGE('',*,*,#645,.T.);
#645 = EDGE_CURVE('',#638,#646,#648,.T.);
#646 = VERTEX_POINT('',#647);
#647 = CARTESIAN_POINT('',(24.823501,25.487358,66.374688));
#648 = LINE('',#649,#650);
#649 = CARTESIAN_POINT('',(24.823501,25.487358,69.274688));
#650 = VECTOR('',#651,1.);
#651 = DIRECTION('',(2.22044604925E-16,0.,-1.));
#652 = ORIENTED_EDGE('',*,*,#653,.T.);
#653 = EDGE_CURVE('',#646,#654,#656,.T.);
#654 = VERTEX_POINT('',#655);
#655 = CARTESIAN_POINT('',(24.823501,29.987358,66.374688));
#656 = LINE('',#657,#658);
#657 = CARTESIAN_POINT('',(24.823501,-264.743679,66.374688));
#658 = VECTOR('',#659,1.);
#659 = DIRECTION('',(0.,1.,0.));
#660 = ORIENTED_EDGE('',*,*,#661,.F.);
#661 = EDGE_CURVE('',#662,#654,#664,.T.);
#662 = VERTEX_POINT('',#663);
#663 = CARTESIAN_POINT('',(24.823501,29.987358,60.974688));
#664 = LINE('',#665,#666);
#665 = CARTESIAN_POINT('',(24.823501,29.987358,304.056016));
#666 = VECTOR('',#667,1.);
#667 = DIRECTION('',(-2.22044604925E-16,0.,1.));
#668 = ORIENTED_EDGE('',*,*,#669,.T.);
#669 = EDGE_CURVE('',#662,#670,#672,.T.);
#670 = VERTEX_POINT('',#671);
#671 = CARTESIAN_POINT('',(24.823501,32.887358,60.974688));
#672 = LINE('',#673,#674);
#673 = CARTESIAN_POINT('',(24.823501,28.787358,60.974688));
#674 = VECTOR('',#675,1.);
#675 = DIRECTION('',(0.,1.,0.));
#676 = ORIENTED_EDGE('',*,*,#677,.T.);
#677 = EDGE_CURVE('',#670,#678,#680,.T.);
#678 = VERTEX_POINT('',#679);
#679 = CARTESIAN_POINT('',(24.823501,32.887358,56.570344));
#680 = LINE('',#681,#682);
#681 = CARTESIAN_POINT('',(24.823501,32.887358,60.974688));
#682 = VECTOR('',#683,1.);
#683 = DIRECTION('',(2.22044604925E-16,0.,-1.));
#684 = ORIENTED_EDGE('',*,*,#685,.F.);
#685 = EDGE_CURVE('',#686,#678,#688,.T.);
#686 = VERTEX_POINT('',#687);
#687 = CARTESIAN_POINT('',(24.823501,29.987358,56.570344));
#688 = LINE('',#689,#690);
#689 = CARTESIAN_POINT('',(24.823501,28.787358,56.570344));
#690 = VECTOR('',#691,1.);
#691 = DIRECTION('',(0.,1.,0.));
#692 = ORIENTED_EDGE('',*,*,#693,.F.);
#693 = EDGE_CURVE('',#694,#686,#696,.T.);
#694 = VERTEX_POINT('',#695);
#695 = CARTESIAN_POINT('',(24.823501,29.987358,45.712344));
#696 = LINE('',#697,#698);
#697 = CARTESIAN_POINT('',(24.823501,29.987358,304.056016));
#698 = VECTOR('',#699,1.);
#699 = DIRECTION('',(-2.22044604925E-16,0.,1.));
#700 = ORIENTED_EDGE('',*,*,#701,.T.);
#701 = EDGE_CURVE('',#694,#702,#704,.T.);
#702 = VERTEX_POINT('',#703);
#703 = CARTESIAN_POINT('',(24.823501,32.887358,45.712344));
#704 = LINE('',#705,#706);
#705 = CARTESIAN_POINT('',(24.823501,28.787358,45.712344));
#706 = VECTOR('',#707,1.);
#707 = DIRECTION('',(0.,1.,0.));
#708 = ORIENTED_EDGE('',*,*,#709,.T.);
#709 = EDGE_CURVE('',#702,#710,#712,.T.);
#710 = VERTEX_POINT('',#711);
#711 = CARTESIAN_POINT('',(24.823501,32.887358,22.5));
#712 = LINE('',#713,#714);
#713 = CARTESIAN_POINT('',(24.823501,32.887358,45.712344));
#714 = VECTOR('',#715,1.);
#715 = DIRECTION('',(2.22044604925E-16,0.,-1.));
#716 = ORIENTED_EDGE('',*,*,#717,.F.);
#717 = EDGE_CURVE('',#718,#710,#720,.T.);
#718 = VERTEX_POINT('',#719);
#719 = CARTESIAN_POINT('',(24.823501,29.987358,22.5));
#720 = LINE('',#721,#722);
#721 = CARTESIAN_POINT('',(24.823501,28.787358,22.5));
#722 = VECTOR('',#723,1.);
#723 = DIRECTION('',(0.,1.,0.));
#724 = ORIENTED_EDGE('',*,*,#725,.F.);
#725 = EDGE_CURVE('',#726,#718,#728,.T.);
#726 = VERTEX_POINT('',#727);
#727 = CARTESIAN_POINT('',(24.823501,29.987358,17.1));
#728 = LINE('',#729,#730);
#729 = CARTESIAN_POINT('',(24.823501,29.987358,304.056016));
#730 = VECTOR('',#731,1.);
#731 = DIRECTION('',(-2.22044604925E-16,0.,1.));
#732 = ORIENTED_EDGE('',*,*,#733,.F.);
#733 = EDGE_CURVE('',#734,#726,#736,.T.);
#734 = VERTEX_POINT('',#735);
#735 = CARTESIAN_POINT('',(24.823501,25.487358,17.1));
#736 = LINE('',#737,#738);
#737 = CARTESIAN_POINT('',(24.823501,-264.743679,17.1));
#738 = VECTOR('',#739,1.);
#739 = DIRECTION('',(0.,1.,0.));
#740 = ORIENTED_EDGE('',*,*,#741,.T.);
#741 = EDGE_CURVE('',#734,#742,#744,.T.);
#742 = VERTEX_POINT('',#743);
#743 = CARTESIAN_POINT('',(24.823501,25.487358,14.2));
#744 = LINE('',#745,#746);
#745 = CARTESIAN_POINT('',(24.823501,25.487358,19.2));
#746 = VECTOR('',#747,1.);
#747 = DIRECTION('',(2.22044604925E-16,0.,-1.));
#748 = ORIENTED_EDGE('',*,*,#749,.F.);
#749 = EDGE_CURVE('',#750,#742,#752,.T.);
#750 = VERTEX_POINT('',#751);
#751 = CARTESIAN_POINT('',(24.823501,25.378930106817,14.2));
#752 = LINE('',#753,#754);
#753 = CARTESIAN_POINT('',(24.823501,-25.487358,14.2));
#754 = VECTOR('',#755,1.);
#755 = DIRECTION('',(0.,1.,0.));
#756 = ORIENTED_EDGE('',*,*,#757,.F.);
#757 = EDGE_CURVE('',#758,#750,#760,.T.);
#758 = VERTEX_POINT('',#759);
#759 = CARTESIAN_POINT('',(24.823501,21.938,6.8));
#760 = CIRCLE('',#761,4.5);
#761 = AXIS2_PLACEMENT_3D('',#762,#763,#764);
#762 = CARTESIAN_POINT('',(24.823501,21.938,11.3));
#763 = DIRECTION('',(1.,-0.,2.22044604925E-16));
#764 = DIRECTION('',(2.22044604925E-16,0.,-1.));
#765 = ORIENTED_EDGE('',*,*,#766,.F.);
#766 = EDGE_CURVE('',#767,#758,#769,.T.);
#767 = VERTEX_POINT('',#768);
#768 = CARTESIAN_POINT('',(24.823501,18.497069893183,14.2));
#769 = CIRCLE('',#770,4.5);
#770 = AXIS2_PLACEMENT_3D('',#771,#772,#773);
#771 = CARTESIAN_POINT('',(24.823501,21.938,11.3));
#772 = DIRECTION('',(1.,-0.,2.22044604925E-16));
#773 = DIRECTION('',(2.22044604925E-16,0.,-1.));
#774 = ORIENTED_EDGE('',*,*,#775,.F.);
#775 = EDGE_CURVE('',#776,#767,#778,.T.);
#776 = VERTEX_POINT('',#777);
#777 = CARTESIAN_POINT('',(24.823501,-16.62106989318,14.2));
#778 = LINE('',#779,#780);
#779 = CARTESIAN_POINT('',(24.823501,-25.487358,14.2));
#780 = VECTOR('',#781,1.);
#781 = DIRECTION('',(0.,1.,0.));
#782 = ORIENTED_EDGE('',*,*,#783,.F.);
#783 = EDGE_CURVE('',#784,#776,#786,.T.);
#784 = VERTEX_POINT('',#785);
#785 = CARTESIAN_POINT('',(24.823501,-20.062,6.8));
#786 = CIRCLE('',#787,4.5);
#787 = AXIS2_PLACEMENT_3D('',#788,#789,#790);
#788 = CARTESIAN_POINT('',(24.823501,-20.062,11.3));
#789 = DIRECTION('',(1.,-0.,2.22044604925E-16));
#790 = DIRECTION('',(2.22044604925E-16,0.,-1.));
#791 = ORIENTED_EDGE('',*,*,#792,.F.);
#792 = EDGE_CURVE('',#793,#784,#795,.T.);
#793 = VERTEX_POINT('',#794);
#794 = CARTESIAN_POINT('',(24.823501,-23.50293010681,14.2));
#795 = CIRCLE('',#796,4.5);
#796 = AXIS2_PLACEMENT_3D('',#797,#798,#799);
#797 = CARTESIAN_POINT('',(24.823501,-20.062,11.3));
#798 = DIRECTION('',(1.,-0.,2.22044604925E-16));
#799 = DIRECTION('',(2.22044604925E-16,0.,-1.));
#800 = ORIENTED_EDGE('',*,*,#801,.F.);
#801 = EDGE_CURVE('',#802,#793,#804,.T.);
#802 = VERTEX_POINT('',#803);
#803 = CARTESIAN_POINT('',(24.823501,-25.487358,14.2));
#804 = LINE('',#805,#806);
#805 = CARTESIAN_POINT('',(24.823501,-25.487358,14.2));
#806 = VECTOR('',#807,1.);
#807 = DIRECTION('',(0.,1.,0.));
#808 = ORIENTED_EDGE('',*,*,#809,.F.);
#809 = EDGE_CURVE('',#810,#802,#812,.T.);
#810 = VERTEX_POINT('',#811);
#811 = CARTESIAN_POINT('',(24.823501,-25.487358,17.1));
#812 = LINE('',#813,#814);
#813 = CARTESIAN_POINT('',(24.823501,-25.487358,19.2));
#814 = VECTOR('',#815,1.);
#815 = DIRECTION('',(2.22044604925E-16,0.,-1.));
#816 = ORIENTED_EDGE('',*,*,#817,.F.);
#817 = EDGE_CURVE('',#818,#810,#820,.T.);
#818 = VERTEX_POINT('',#819);
#819 = CARTESIAN_POINT('',(24.823501,-29.487358,17.1));
#820 = LINE('',#821,#822);
#821 = CARTESIAN_POINT('',(24.823501,-264.743679,17.1));
#822 = VECTOR('',#823,1.);
#823 = DIRECTION('',(0.,1.,0.));
#824 = ORIENTED_EDGE('',*,*,#825,.T.);
#825 = EDGE_CURVE('',#818,#826,#828,.T.);
#826 = VERTEX_POINT('',#827);
#827 = CARTESIAN_POINT('',(24.823501,-29.487358,22.5));
#828 = LINE('',#829,#830);
#829 = CARTESIAN_POINT('',(24.823501,-29.487358,304.056016));
#830 = VECTOR('',#831,1.);
#831 = DIRECTION('',(-2.22044604925E-16,0.,1.));
#832 = ORIENTED_EDGE('',*,*,#833,.F.);
#833 = EDGE_CURVE('',#834,#826,#836,.T.);
#834 = VERTEX_POINT('',#835);
#835 = CARTESIAN_POINT('',(24.823501,-32.387358,22.5));
#836 = LINE('',#837,#838);
#837 = CARTESIAN_POINT('',(24.823501,-32.387358,22.5));
#838 = VECTOR('',#839,1.);
#839 = DIRECTION('',(0.,1.,0.));
#840 = ORIENTED_EDGE('',*,*,#841,.F.);
#841 = EDGE_CURVE('',#842,#834,#844,.T.);
#842 = VERTEX_POINT('',#843);
#843 = CARTESIAN_POINT('',(24.823501,-32.387358,27.935344));
#844 = LINE('',#845,#846);
#845 = CARTESIAN_POINT('',(24.823501,-32.387358,27.935344));
#846 = VECTOR('',#847,1.);
#847 = DIRECTION('',(2.22044604925E-16,0.,-1.));
#848 = ORIENTED_EDGE('',*,*,#849,.T.);
#849 = EDGE_CURVE('',#842,#850,#852,.T.);
#850 = VERTEX_POINT('',#851);
#851 = CARTESIAN_POINT('',(24.823501,-29.487358,27.935344));
#852 = LINE('',#853,#854);
#853 = CARTESIAN_POINT('',(24.823501,-32.387358,27.935344));
#854 = VECTOR('',#855,1.);
#855 = DIRECTION('',(0.,1.,0.));
#856 = ORIENTED_EDGE('',*,*,#857,.T.);
#857 = EDGE_CURVE('',#850,#858,#860,.T.);
#858 = VERTEX_POINT('',#859);
#859 = CARTESIAN_POINT('',(24.823501,-29.487358,29.935344));
#860 = LINE('',#861,#862);
#861 = CARTESIAN_POINT('',(24.823501,-29.487358,304.056016));
#862 = VECTOR('',#863,1.);
#863 = DIRECTION('',(-2.22044604925E-16,0.,1.));
#864 = ORIENTED_EDGE('',*,*,#865,.F.);
#865 = EDGE_CURVE('',#866,#858,#868,.T.);
#866 = VERTEX_POINT('',#867);
#867 = CARTESIAN_POINT('',(24.823501,-32.387358,29.935344));
#868 = LINE('',#869,#870);
#869 = CARTESIAN_POINT('',(24.823501,-32.387358,29.935344));
#870 = VECTOR('',#871,1.);
#871 = DIRECTION('',(0.,1.,0.));
#872 = ORIENTED_EDGE('',*,*,#873,.F.);
#873 = EDGE_CURVE('',#874,#866,#876,.T.);
#874 = VERTEX_POINT('',#875);
#875 = CARTESIAN_POINT('',(24.823501,-32.387358,34.962344));
#876 = LINE('',#877,#878);
#877 = CARTESIAN_POINT('',(24.823501,-32.387358,34.962344));
#878 = VECTOR('',#879,1.);
#879 = DIRECTION('',(2.22044604925E-16,0.,-1.));
#880 = ORIENTED_EDGE('',*,*,#881,.T.);
#881 = EDGE_CURVE('',#874,#882,#884,.T.);
#882 = VERTEX_POINT('',#883);
#883 = CARTESIAN_POINT('',(24.823501,-29.487358,34.962344));
#884 = LINE('',#885,#886);
#885 = CARTESIAN_POINT('',(24.823501,-32.387358,34.962344));
#886 = VECTOR('',#887,1.);
#887 = DIRECTION('',(0.,1.,0.));
#888 = ORIENTED_EDGE('',*,*,#889,.T.);
#889 = EDGE_CURVE('',#882,#890,#892,.T.);
#890 = VERTEX_POINT('',#891);
#891 = CARTESIAN_POINT('',(24.823501,-29.487358,48.562344));
#892 = LINE('',#893,#894);
#893 = CARTESIAN_POINT('',(24.823501,-29.487358,304.056016));
#894 = VECTOR('',#895,1.);
#895 = DIRECTION('',(-2.22044604925E-16,0.,1.));
#896 = ORIENTED_EDGE('',*,*,#897,.F.);
#897 = EDGE_CURVE('',#898,#890,#900,.T.);
#898 = VERTEX_POINT('',#899);
#899 = CARTESIAN_POINT('',(24.823501,-32.387358,48.562344));
#900 = LINE('',#901,#902);
#901 = CARTESIAN_POINT('',(24.823501,-32.387358,48.562344));
#902 = VECTOR('',#903,1.);
#903 = DIRECTION('',(0.,1.,0.));
#904 = ORIENTED_EDGE('',*,*,#905,.F.);
#905 = EDGE_CURVE('',#906,#898,#908,.T.);
#906 = VERTEX_POINT('',#907);
#907 = CARTESIAN_POINT('',(24.823501,-32.387358,60.974688));
#908 = LINE('',#909,#910);
#909 = CARTESIAN_POINT('',(24.823501,-32.387358,60.974688));
#910 = VECTOR('',#911,1.);
#911 = DIRECTION('',(2.22044604925E-16,0.,-1.));
#912 = ORIENTED_EDGE('',*,*,#913,.T.);
#913 = EDGE_CURVE('',#906,#914,#916,.T.);
#914 = VERTEX_POINT('',#915);
#915 = CARTESIAN_POINT('',(24.823501,-29.487358,60.974688));
#916 = LINE('',#917,#918);
#917 = CARTESIAN_POINT('',(24.823501,-32.387358,60.974688));
#918 = VECTOR('',#919,1.);
#919 = DIRECTION('',(0.,1.,0.));
#920 = ORIENTED_EDGE('',*,*,#921,.T.);
#921 = EDGE_CURVE('',#914,#922,#924,.T.);
#922 = VERTEX_POINT('',#923);
#923 = CARTESIAN_POINT('',(24.823501,-29.487358,66.374688));
#924 = LINE('',#925,#926);
#925 = CARTESIAN_POINT('',(24.823501,-29.487358,304.056016));
#926 = VECTOR('',#927,1.);
#927 = DIRECTION('',(-2.22044604925E-16,0.,1.));
#928 = ORIENTED_EDGE('',*,*,#929,.T.);
#929 = EDGE_CURVE('',#922,#930,#932,.T.);
#930 = VERTEX_POINT('',#931);
#931 = CARTESIAN_POINT('',(24.823501,-25.487358,66.374688));
#932 = LINE('',#933,#934);
#933 = CARTESIAN_POINT('',(24.823501,-264.743679,66.374688));
#934 = VECTOR('',#935,1.);
#935 = DIRECTION('',(0.,1.,0.));
#936 = ORIENTED_EDGE('',*,*,#937,.F.);
#937 = EDGE_CURVE('',#938,#930,#940,.T.);
#938 = VERTEX_POINT('',#939);
#939 = CARTESIAN_POINT('',(24.823501,-25.487358,69.174688));
#940 = LINE('',#941,#942);
#941 = CARTESIAN_POINT('',(24.823501,-25.487358,69.274688));
#942 = VECTOR('',#943,1.);
#943 = DIRECTION('',(2.22044604925E-16,0.,-1.));
#944 = ORIENTED_EDGE('',*,*,#945,.F.);
#945 = EDGE_CURVE('',#946,#938,#948,.T.);
#946 = VERTEX_POINT('',#947);
#947 = CARTESIAN_POINT('',(24.823501,-29.787358,69.174688));
#948 = LINE('',#949,#950);
#949 = CARTESIAN_POINT('',(24.823501,-249.875,69.174688));
#950 = VECTOR('',#951,1.);
#951 = DIRECTION('',(0.,1.,0.));
#952 = ORIENTED_EDGE('',*,*,#953,.T.);
#953 = EDGE_CURVE('',#946,#954,#956,.T.);
#954 = VERTEX_POINT('',#955);
#955 = CARTESIAN_POINT('',(24.823501,-32.25746996775,67.060105782075));
#956 = CIRCLE('',#957,2.5);
#957 = AXIS2_PLACEMENT_3D('',#958,#959,#960);
#958 = CARTESIAN_POINT('',(24.823501,-29.787358,66.674688));
#959 = DIRECTION('',(1.,-2.998374829265E-16,4.107052528336E-16));
#960 = DIRECTION('',(2.998374829265E-16,1.,1.110223024625E-16));
#961 = ORIENTED_EDGE('',*,*,#962,.F.);
#962 = EDGE_CURVE('',#963,#954,#965,.T.);
#963 = VERTEX_POINT('',#964);
#964 = CARTESIAN_POINT('',(24.823501,-42.09689685414,4.));
#965 = LINE('',#966,#967);
#966 = CARTESIAN_POINT('',(24.823501,-4.73002618955,243.48130760691));
#967 = VECTOR('',#968,1.);
#968 = DIRECTION('',(-2.193900144006E-16,0.15416711283,0.988044787103));
#969 = ORIENTED_EDGE('',*,*,#970,.F.);
#970 = EDGE_CURVE('',#515,#963,#971,.T.);
#971 = LINE('',#972,#973);
#972 = CARTESIAN_POINT('',(24.823501,-277.,4.));
#973 = VECTOR('',#974,1.);
#974 = DIRECTION('',(0.,-1.,0.));
#975 = ORIENTED_EDGE('',*,*,#514,.F.);
#976 = PLANE('',#977);
#977 = AXIS2_PLACEMENT_3D('',#978,#979,#980);
#978 = CARTESIAN_POINT('',(24.823501,-500.,541.737344));
#979 = DIRECTION('',(1.,0.,2.22044604925E-16));
#980 = DIRECTION('',(2.22044604925E-16,0.,-1.));
#981 = ADVANCED_FACE('',(#982,#1071,#1152),#1225,.F.);
#982 = FACE_BOUND('',#983,.F.);
#983 = EDGE_LOOP('',(#984,#992,#993,#1001,#1009,#1017,#1025,#1033,#1041,
    #1049,#1057,#1065));
#984 = ORIENTED_EDGE('',*,*,#985,.F.);
#985 = EDGE_CURVE('',#100,#986,#988,.T.);
#986 = VERTEX_POINT('',#987);
#987 = CARTESIAN_POINT('',(18.223501,-38.,4.));
#988 = LINE('',#989,#990);
#989 = CARTESIAN_POINT('',(18.223501,-38.,270.368672));
#990 = VECTOR('',#991,1.);
#991 = DIRECTION('',(-2.22044604925E-16,0.,1.));
#992 = ORIENTED_EDGE('',*,*,#285,.T.);
#993 = ORIENTED_EDGE('',*,*,#994,.T.);
#994 = EDGE_CURVE('',#140,#995,#997,.T.);
#995 = VERTEX_POINT('',#996);
#996 = CARTESIAN_POINT('',(18.223501,38.,4.));
#997 = LINE('',#998,#999);
#998 = CARTESIAN_POINT('',(18.223501,38.,270.368672));
#999 = VECTOR('',#1000,1.);
#1000 = DIRECTION('',(-2.22044604925E-16,0.,1.));
#1001 = ORIENTED_EDGE('',*,*,#1002,.F.);
#1002 = EDGE_CURVE('',#1003,#995,#1005,.T.);
#1003 = VERTEX_POINT('',#1004);
#1004 = CARTESIAN_POINT('',(18.223501,39.256943349407,4.));
#1005 = LINE('',#1006,#1007);
#1006 = CARTESIAN_POINT('',(18.223501,-277.,4.));
#1007 = VECTOR('',#1008,1.);
#1008 = DIRECTION('',(0.,-1.,0.));
#1009 = ORIENTED_EDGE('',*,*,#1010,.F.);
#1010 = EDGE_CURVE('',#1011,#1003,#1013,.T.);
#1011 = VERTEX_POINT('',#1012);
#1012 = CARTESIAN_POINT('',(18.223501,29.987358,66.374688));
#1013 = LINE('',#1014,#1015);
#1014 = CARTESIAN_POINT('',(18.223501,-7.374557711436,317.78160079487));
#1015 = VECTOR('',#1016,1.);
#1016 = DIRECTION('',(2.19632522021E-16,0.146996956967,-0.989136944332)
  );
#1017 = ORIENTED_EDGE('',*,*,#1018,.F.);
#1018 = EDGE_CURVE('',#1019,#1011,#1021,.T.);
#1019 = VERTEX_POINT('',#1020);
#1020 = CARTESIAN_POINT('',(18.223501,29.987358,17.1));
#1021 = LINE('',#1022,#1023);
#1022 = CARTESIAN_POINT('',(18.223501,29.987358,304.056016));
#1023 = VECTOR('',#1024,1.);
#1024 = DIRECTION('',(-2.22044604925E-16,0.,1.));
#1025 = ORIENTED_EDGE('',*,*,#1026,.F.);
#1026 = EDGE_CURVE('',#1027,#1019,#1029,.T.);
#1027 = VERTEX_POINT('',#1028);
#1028 = CARTESIAN_POINT('',(18.223501,0.438984,17.1));
#1029 = LINE('',#1030,#1031);
#1030 = CARTESIAN_POINT('',(18.223501,-264.743679,17.1));
#1031 = VECTOR('',#1032,1.);
#1032 = DIRECTION('',(0.,1.,0.));
#1033 = ORIENTED_EDGE('',*,*,#1034,.F.);
#1034 = EDGE_CURVE('',#1035,#1027,#1037,.T.);
#1035 = VERTEX_POINT('',#1036);
#1036 = CARTESIAN_POINT('',(18.223501,-14.161016,17.1));
#1037 = LINE('',#1038,#1039);
#1038 = CARTESIAN_POINT('',(18.223501,-264.743679,17.1));
#1039 = VECTOR('',#1040,1.);
#1040 = DIRECTION('',(0.,1.,0.));
#1041 = ORIENTED_EDGE('',*,*,#1042,.F.);
#1042 = EDGE_CURVE('',#1043,#1035,#1045,.T.);
#1043 = VERTEX_POINT('',#1044);
#1044 = CARTESIAN_POINT('',(18.223501,-29.487358,17.1));
#1045 = LINE('',#1046,#1047);
#1046 = CARTESIAN_POINT('',(18.223501,-264.743679,17.1));
#1047 = VECTOR('',#1048,1.);
#1048 = DIRECTION('',(0.,1.,0.));
#1049 = ORIENTED_EDGE('',*,*,#1050,.T.);
#1050 = EDGE_CURVE('',#1043,#1051,#1053,.T.);
#1051 = VERTEX_POINT('',#1052);
#1052 = CARTESIAN_POINT('',(18.223501,-29.487358,66.374688));
#1053 = LINE('',#1054,#1055);
#1054 = CARTESIAN_POINT('',(18.223501,-29.487358,304.056016));
#1055 = VECTOR('',#1056,1.);
#1056 = DIRECTION('',(-2.22044604925E-16,0.,1.));
#1057 = ORIENTED_EDGE('',*,*,#1058,.F.);
#1058 = EDGE_CURVE('',#1059,#1051,#1061,.T.);
#1059 = VERTEX_POINT('',#1060);
#1060 = CARTESIAN_POINT('',(18.223501,-39.21983742618,4.));
#1061 = LINE('',#1062,#1063);
#1062 = CARTESIAN_POINT('',(18.223501,-1.94291940742,242.90480824096));
#1063 = VECTOR('',#1064,1.);
#1064 = DIRECTION('',(-2.193900144006E-16,0.15416711283,0.988044787103)
  );
#1065 = ORIENTED_EDGE('',*,*,#1066,.F.);
#1066 = EDGE_CURVE('',#986,#1059,#1067,.T.);
#1067 = LINE('',#1068,#1069);
#1068 = CARTESIAN_POINT('',(18.223501,-277.,4.));
#1069 = VECTOR('',#1070,1.);
#1070 = DIRECTION('',(0.,-1.,0.));
#1071 = FACE_BOUND('',#1072,.F.);
#1072 = EDGE_LOOP('',(#1073,#1083,#1091));
#1073 = ORIENTED_EDGE('',*,*,#1074,.F.);
#1074 = EDGE_CURVE('',#1075,#1077,#1079,.T.);
#1075 = VERTEX_POINT('',#1076);
#1076 = CARTESIAN_POINT('',(18.223501,-20.062,7.893633411781));
#1077 = VERTEX_POINT('',#1078);
#1078 = CARTESIAN_POINT('',(18.223501,-20.03949283746,7.906627928131));
#1079 = LINE('',#1080,#1081);
#1080 = CARTESIAN_POINT('',(18.223501,-20.062,7.893633411781));
#1081 = VECTOR('',#1082,1.);
#1082 = DIRECTION('',(-1.110223024625E-16,0.866025403784,0.5));
#1083 = ORIENTED_EDGE('',*,*,#1084,.F.);
#1084 = EDGE_CURVE('',#1085,#1075,#1087,.T.);
#1085 = VERTEX_POINT('',#1086);
#1086 = CARTESIAN_POINT('',(18.223501,-20.08450716253,7.906627928131));
#1087 = LINE('',#1088,#1089);
#1088 = CARTESIAN_POINT('',(18.223501,-23.012,9.596816705891));
#1089 = VECTOR('',#1090,1.);
#1090 = DIRECTION('',(1.110223024625E-16,0.866025403784,-0.5));
#1091 = ORIENTED_EDGE('',*,*,#1092,.T.);
#1092 = EDGE_CURVE('',#1085,#1077,#1093,.T.);
#1093 = B_SPLINE_CURVE_WITH_KNOTS('',8,(#1094,#1095,#1096,#1097,#1098,
    #1099,#1100,#1101,#1102,#1103,#1104,#1105,#1106,#1107,#1108,#1109,
    #1110,#1111,#1112,#1113,#1114,#1115,#1116,#1117,#1118,#1119,#1120,
    #1121,#1122,#1123,#1124,#1125,#1126,#1127,#1128,#1129,#1130,#1131,
    #1132,#1133,#1134,#1135,#1136,#1137,#1138,#1139,#1140,#1141,#1142,
    #1143,#1144,#1145,#1146,#1147,#1148,#1149,#1150,#1151),
  .UNSPECIFIED.,.T.,.F.,(9,7,7,7,7,7,7,7,9),(0.,0.125000025093,
    0.25099904287,0.374999918961,0.499999931517,0.624999944073,
    0.749999960372,0.874999974972,1.),.UNSPECIFIED.);
#1094 = CARTESIAN_POINT('',(18.223501,-20.062,7.906557377049));
#1095 = CARTESIAN_POINT('',(18.223501,-20.41438382083,7.906557377049));
#1096 = CARTESIAN_POINT('',(18.223501,-20.76697956761,7.946087069563));
#1097 = CARTESIAN_POINT('',(18.223501,-21.11428861667,8.025222623912));
#1098 = CARTESIAN_POINT('',(18.223501,-21.45113673892,8.143048646283));
#1099 = CARTESIAN_POINT('',(18.223501,-21.7726399446,8.297920537869));
#1100 = CARTESIAN_POINT('',(18.223501,-22.07418182074,8.487547683644));
#1101 = CARTESIAN_POINT('',(18.223501,-22.351456233,8.708918955198));
#1102 = CARTESIAN_POINT('',(18.223501,-22.85179367008,9.209256443));
#1103 = CARTESIAN_POINT('',(18.223501,-23.07471576612,9.488977406769));
#1104 = CARTESIAN_POINT('',(18.223501,-23.26534292484,9.793325906273));
#1105 = CARTESIAN_POINT('',(18.223501,-23.42062134402,10.117880513484));
#1106 = CARTESIAN_POINT('',(18.223501,-23.53818351427,10.457919060032));
#1107 = CARTESIAN_POINT('',(18.223501,-23.61639595218,10.808418033527));
#1108 = CARTESIAN_POINT('',(18.223501,-23.65432483578,11.164085680364));
#1109 = CARTESIAN_POINT('',(18.223501,-23.64989668122,11.868839127803));
#1110 = CARTESIAN_POINT('',(18.223501,-23.6087997307,12.218358670639));
#1111 = CARTESIAN_POINT('',(18.223501,-23.52876276261,12.562474420639));
#1112 = CARTESIAN_POINT('',(18.223501,-23.41070274298,12.896140756958));
#1113 = CARTESIAN_POINT('',(18.223501,-23.25624212257,13.214595320718));
#1114 = CARTESIAN_POINT('',(18.223501,-23.06762947165,13.513337407512));
#1115 = CARTESIAN_POINT('',(18.223501,-22.847810623,13.788169256978));
#1116 = CARTESIAN_POINT('',(18.223501,-22.35145624769,14.284523643999));
#1117 = CARTESIAN_POINT('',(18.223501,-22.07418182567,14.505894907941));
#1118 = CARTESIAN_POINT('',(18.223501,-21.77263992597,14.695522086332));
#1119 = CARTESIAN_POINT('',(18.223501,-21.45113670095,14.850393987175));
#1120 = CARTESIAN_POINT('',(18.223501,-21.11428860284,14.968220082669));
#1121 = CARTESIAN_POINT('',(18.223501,-20.76697960889,15.047355709497));
#1122 = CARTESIAN_POINT('',(18.223501,-20.4143838633,15.086885199095));
#1123 = CARTESIAN_POINT('',(18.223501,-19.70961613669,15.086885199095));
#1124 = CARTESIAN_POINT('',(18.223501,-19.3570203911,15.047355709498));
#1125 = CARTESIAN_POINT('',(18.223501,-19.00971139716,14.968220082669));
#1126 = CARTESIAN_POINT('',(18.223501,-18.67286329904,14.850393987176));
#1127 = CARTESIAN_POINT('',(18.223501,-18.35136007403,14.695522086333));
#1128 = CARTESIAN_POINT('',(18.223501,-18.04981817432,14.505894907941));
#1129 = CARTESIAN_POINT('',(18.223501,-17.7725437523,14.284523644));
#1130 = CARTESIAN_POINT('',(18.223501,-17.27419770694,13.786177586874));
#1131 = CARTESIAN_POINT('',(18.223501,-17.05282644532,13.508903152091));
#1132 = CARTESIAN_POINT('',(18.223501,-16.86319926335,13.20736124192));
#1133 = CARTESIAN_POINT('',(18.223501,-16.7083273474,12.885858010018));
#1134 = CARTESIAN_POINT('',(18.223501,-16.59050122737,12.549009908235));
#1135 = CARTESIAN_POINT('',(18.223501,-16.51136557539,12.20170091123));
#1136 = CARTESIAN_POINT('',(18.223501,-16.47183607077,11.849105159237));
#1137 = CARTESIAN_POINT('',(18.223501,-16.47183607105,11.144337413987));
#1138 = CARTESIAN_POINT('',(18.223501,-16.511365575,10.791741670409));
#1139 = CARTESIAN_POINT('',(18.223501,-16.59050122948,10.444432686088));
#1140 = CARTESIAN_POINT('',(18.223501,-16.70832736137,10.107584602047));
#1141 = CARTESIAN_POINT('',(18.223501,-16.86319929142,9.786081386024));
#1142 = CARTESIAN_POINT('',(18.223501,-17.05282647673,9.484539482472));
#1143 = CARTESIAN_POINT('',(18.223501,-17.27419772658,9.207265046132));
#1144 = CARTESIAN_POINT('',(18.223501,-17.77254376699,8.708918955199));
#1145 = CARTESIAN_POINT('',(18.223501,-18.04981817925,8.487547683644));
#1146 = CARTESIAN_POINT('',(18.223501,-18.35136005539,8.29792053787));
#1147 = CARTESIAN_POINT('',(18.223501,-18.67286326107,8.143048646284));
#1148 = CARTESIAN_POINT('',(18.223501,-19.00971138332,8.025222623911));
#1149 = CARTESIAN_POINT('',(18.223501,-19.35702043238,7.946087069564));
#1150 = CARTESIAN_POINT('',(18.223501,-19.70961617917,7.90655737705));
#1151 = CARTESIAN_POINT('',(18.223501,-20.062,7.906557377049));
#1152 = FACE_BOUND('',#1153,.F.);
#1153 = EDGE_LOOP('',(#1154,#1164,#1172));
#1154 = ORIENTED_EDGE('',*,*,#1155,.F.);
#1155 = EDGE_CURVE('',#1156,#1158,#1160,.T.);
#1156 = VERTEX_POINT('',#1157);
#1157 = CARTESIAN_POINT('',(18.223501,21.938,7.893633411781));
#1158 = VERTEX_POINT('',#1159);
#1159 = CARTESIAN_POINT('',(18.223501,21.960507162538,7.906627928131));
#1160 = LINE('',#1161,#1162);
#1161 = CARTESIAN_POINT('',(18.223501,21.938,7.893633411781));
#1162 = VECTOR('',#1163,1.);
#1163 = DIRECTION('',(-1.110223024625E-16,0.866025403784,0.5));
#1164 = ORIENTED_EDGE('',*,*,#1165,.F.);
#1165 = EDGE_CURVE('',#1166,#1156,#1168,.T.);
#1166 = VERTEX_POINT('',#1167);
#1167 = CARTESIAN_POINT('',(18.223501,21.915492837462,7.906627928131));
#1168 = LINE('',#1169,#1170);
#1169 = CARTESIAN_POINT('',(18.223501,18.988,9.596816705891));
#1170 = VECTOR('',#1171,1.);
#1171 = DIRECTION('',(1.110223024625E-16,0.866025403784,-0.5));
#1172 = ORIENTED_EDGE('',*,*,#1173,.T.);
#1173 = EDGE_CURVE('',#1166,#1158,#1174,.T.);
#1174 = B_SPLINE_CURVE_WITH_KNOTS('',7,(#1175,#1176,#1177,#1178,#1179,
    #1180,#1181,#1182,#1183,#1184,#1185,#1186,#1187,#1188,#1189,#1190,
    #1191,#1192,#1193,#1194,#1195,#1196,#1197,#1198,#1199,#1200,#1201,
    #1202,#1203,#1204,#1205,#1206,#1207,#1208,#1209,#1210,#1211,#1212,
    #1213,#1214,#1215,#1216,#1217,#1218,#1219,#1220,#1221,#1222,#1223,
    #1224),.UNSPECIFIED.,.T.,.F.,(8,6,6,6,6,6,6,6,8),(0.,0.125000002363,
    0.250999058207,0.374999978344,0.499999981802,0.62499998526,
    0.7499999929,0.874999997623,1.),.UNSPECIFIED.);
#1175 = CARTESIAN_POINT('',(18.223501,21.938,7.906557377049));
#1176 = CARTESIAN_POINT('',(18.223501,21.535279899375,7.906556943833));
#1177 = CARTESIAN_POINT('',(18.223501,21.132264752446,7.95926357052));
#1178 = CARTESIAN_POINT('',(18.223501,20.737775803248,8.064799228864));
#1179 = CARTESIAN_POINT('',(18.223501,20.359951284675,8.221299250769));
#1180 = CARTESIAN_POINT('',(18.223501,20.006380334412,8.425619786945));
#1181 = CARTESIAN_POINT('',(18.223501,19.684136520754,8.67332558425));
#1182 = CARTESIAN_POINT('',(18.223501,19.112328340628,9.245133782279));
#1183 = CARTESIAN_POINT('',(18.223501,18.862936400441,9.570260241813));
#1184 = CARTESIAN_POINT('',(18.223501,18.657680856928,9.927167192718));
#1185 = CARTESIAN_POINT('',(18.223501,18.501088739366,10.308598870669));
#1186 = CARTESIAN_POINT('',(18.223501,18.396354714035,10.706773694738));
#1187 = CARTESIAN_POINT('',(18.223501,18.345355903676,11.113348012932));
#1188 = CARTESIAN_POINT('',(18.223501,18.350416651802,11.918772192463));
#1189 = CARTESIAN_POINT('',(18.223501,18.404794610781,12.318223242477));
#1190 = CARTESIAN_POINT('',(18.223501,18.511103959549,12.709028588837));
#1191 = CARTESIAN_POINT('',(18.223501,18.667491713392,13.083252440193));
#1192 = CARTESIAN_POINT('',(18.223501,18.870865387736,13.433494708285));
#1193 = CARTESIAN_POINT('',(18.223501,19.116880384099,13.752860842762));
#1194 = CARTESIAN_POINT('',(18.223501,19.684136529507,14.320117037644));
#1195 = CARTESIAN_POINT('',(18.223501,20.006380349627,14.567822801474));
#1196 = CARTESIAN_POINT('',(18.223501,20.359951288654,14.772143374554));
#1197 = CARTESIAN_POINT('',(18.223501,20.737775815925,14.928643384948));
#1198 = CARTESIAN_POINT('',(18.223501,21.132264696945,15.034179285889));
#1199 = CARTESIAN_POINT('',(18.223501,21.535279909243,15.086885634391));
#1200 = CARTESIAN_POINT('',(18.223501,22.340720090754,15.086885634391));
#1201 = CARTESIAN_POINT('',(18.223501,22.74373530306,15.034179285888));
#1202 = CARTESIAN_POINT('',(18.223501,23.138224184063,14.928643384951));
#1203 = CARTESIAN_POINT('',(18.223501,23.516048711356,14.772143374552));
#1204 = CARTESIAN_POINT('',(18.223501,23.869619650366,14.567822801476));
#1205 = CARTESIAN_POINT('',(18.223501,24.191863470493,14.320117037644));
#1206 = CARTESIAN_POINT('',(18.223501,24.761395687916,13.750584806764));
#1207 = CARTESIAN_POINT('',(18.223501,25.009101447291,13.428340972754));
#1208 = CARTESIAN_POINT('',(18.223501,25.213422026812,13.074770023999));
#1209 = CARTESIAN_POINT('',(18.223501,25.369922062432,12.696945491835));
#1210 = CARTESIAN_POINT('',(18.223501,25.475457996491,12.30245660709));
#1211 = CARTESIAN_POINT('',(18.223501,25.528164364527,11.899441386532));
#1212 = CARTESIAN_POINT('',(18.223501,25.528164364266,11.094001191253));
#1213 = CARTESIAN_POINT('',(18.223501,25.47545799799,10.690985977536));
#1214 = CARTESIAN_POINT('',(18.223501,25.369922058471,10.296497105608));
#1215 = CARTESIAN_POINT('',(18.223501,25.213422000513,9.918672596414));
#1216 = CARTESIAN_POINT('',(18.223501,25.009101411925,9.565101663239));
#1217 = CARTESIAN_POINT('',(18.223501,24.76139566906,9.2428578297));
#1218 = CARTESIAN_POINT('',(18.223501,24.191863479247,8.67332558425));
#1219 = CARTESIAN_POINT('',(18.223501,23.869619665588,8.425619786945));
#1220 = CARTESIAN_POINT('',(18.223501,23.516048715328,8.221299250768));
#1221 = CARTESIAN_POINT('',(18.223501,23.138224196748,8.064799228865));
#1222 = CARTESIAN_POINT('',(18.223501,22.743735247557,7.95926357052));
#1223 = CARTESIAN_POINT('',(18.223501,22.340720100624,7.906556943833));
#1224 = CARTESIAN_POINT('',(18.223501,21.938,7.906557377049));
#1225 = PLANE('',#1226);
#1226 = AXIS2_PLACEMENT_3D('',#1227,#1228,#1229);
#1227 = CARTESIAN_POINT('',(18.223501,-500.,541.737344));
#1228 = DIRECTION('',(1.,0.,2.22044604925E-16));
#1229 = DIRECTION('',(2.22044604925E-16,0.,-1.));
#1230 = ADVANCED_FACE('',(#1231),#1249,.F.);
#1231 = FACE_BOUND('',#1232,.F.);
#1232 = EDGE_LOOP('',(#1233,#1234,#1235,#1243));
#1233 = ORIENTED_EDGE('',*,*,#994,.F.);
#1234 = ORIENTED_EDGE('',*,*,#317,.T.);
#1235 = ORIENTED_EDGE('',*,*,#1236,.T.);
#1236 = EDGE_CURVE('',#310,#1237,#1239,.T.);
#1237 = VERTEX_POINT('',#1238);
#1238 = CARTESIAN_POINT('',(-27.,38.,4.));
#1239 = LINE('',#1240,#1241);
#1240 = CARTESIAN_POINT('',(-27.,38.,-1.));
#1241 = VECTOR('',#1242,1.);
#1242 = DIRECTION('',(0.,0.,1.));
#1243 = ORIENTED_EDGE('',*,*,#1244,.F.);
#1244 = EDGE_CURVE('',#995,#1237,#1245,.T.);
#1245 = LINE('',#1246,#1247);
#1246 = CARTESIAN_POINT('',(-31.,38.,4.));
#1247 = VECTOR('',#1248,1.);
#1248 = DIRECTION('',(-1.,0.,0.));
#1249 = PLANE('',#1250);
#1250 = AXIS2_PLACEMENT_3D('',#1251,#1252,#1253);
#1251 = CARTESIAN_POINT('',(-27.,38.,-1.));
#1252 = DIRECTION('',(0.,1.,0.));
#1253 = DIRECTION('',(0.,0.,1.));
#1254 = ADVANCED_FACE('',(#1255),#1273,.T.);
#1255 = FACE_BOUND('',#1256,.T.);
#1256 = EDGE_LOOP('',(#1257,#1265,#1266,#1267));
#1257 = ORIENTED_EDGE('',*,*,#1258,.F.);
#1258 = EDGE_CURVE('',#302,#1259,#1261,.T.);
#1259 = VERTEX_POINT('',#1260);
#1260 = CARTESIAN_POINT('',(-27.,-38.,4.));
#1261 = LINE('',#1262,#1263);
#1262 = CARTESIAN_POINT('',(-27.,-38.,-1.));
#1263 = VECTOR('',#1264,1.);
#1264 = DIRECTION('',(0.,0.,1.));
#1265 = ORIENTED_EDGE('',*,*,#309,.T.);
#1266 = ORIENTED_EDGE('',*,*,#1236,.T.);
#1267 = ORIENTED_EDGE('',*,*,#1268,.F.);
#1268 = EDGE_CURVE('',#1259,#1237,#1269,.T.);
#1269 = LINE('',#1270,#1271);
#1270 = CARTESIAN_POINT('',(-27.,-46.,4.));
#1271 = VECTOR('',#1272,1.);
#1272 = DIRECTION('',(0.,1.,0.));
#1273 = PLANE('',#1274);
#1274 = AXIS2_PLACEMENT_3D('',#1275,#1276,#1277);
#1275 = CARTESIAN_POINT('',(-27.,-38.,-1.));
#1276 = DIRECTION('',(1.,0.,0.));
#1277 = DIRECTION('',(0.,0.,1.));
#1278 = ADVANCED_FACE('',(#1279),#1290,.T.);
#1279 = FACE_BOUND('',#1280,.T.);
#1280 = EDGE_LOOP('',(#1281,#1282,#1283,#1284));
#1281 = ORIENTED_EDGE('',*,*,#985,.F.);
#1282 = ORIENTED_EDGE('',*,*,#301,.T.);
#1283 = ORIENTED_EDGE('',*,*,#1258,.T.);
#1284 = ORIENTED_EDGE('',*,*,#1285,.F.);
#1285 = EDGE_CURVE('',#986,#1259,#1286,.T.);
#1286 = LINE('',#1287,#1288);
#1287 = CARTESIAN_POINT('',(-31.,-38.,4.));
#1288 = VECTOR('',#1289,1.);
#1289 = DIRECTION('',(-1.,0.,0.));
#1290 = PLANE('',#1291);
#1291 = AXIS2_PLACEMENT_3D('',#1292,#1293,#1294);
#1292 = CARTESIAN_POINT('',(-27.,-38.,-1.));
#1293 = DIRECTION('',(0.,1.,0.));
#1294 = DIRECTION('',(0.,0.,1.));
#1295 = ADVANCED_FACE('',(#1296,#1302,#1313,#1324,#1371,#1382),#1393,.T.
  );
#1296 = FACE_BOUND('',#1297,.T.);
#1297 = EDGE_LOOP('',(#1298,#1299,#1300,#1301));
#1298 = ORIENTED_EDGE('',*,*,#352,.F.);
#1299 = ORIENTED_EDGE('',*,*,#392,.T.);
#1300 = ORIENTED_EDGE('',*,*,#417,.T.);
#1301 = ORIENTED_EDGE('',*,*,#368,.F.);
#1302 = FACE_BOUND('',#1303,.T.);
#1303 = EDGE_LOOP('',(#1304));
#1304 = ORIENTED_EDGE('',*,*,#1305,.F.);
#1305 = EDGE_CURVE('',#1306,#1306,#1308,.T.);
#1306 = VERTEX_POINT('',#1307);
#1307 = CARTESIAN_POINT('',(-25.6,-49.,4.));
#1308 = CIRCLE('',#1309,4.4);
#1309 = AXIS2_PLACEMENT_3D('',#1310,#1311,#1312);
#1310 = CARTESIAN_POINT('',(-30.,-49.,4.));
#1311 = DIRECTION('',(0.,0.,1.));
#1312 = DIRECTION('',(1.,0.,0.));
#1313 = FACE_BOUND('',#1314,.T.);
#1314 = EDGE_LOOP('',(#1315));
#1315 = ORIENTED_EDGE('',*,*,#1316,.F.);
#1316 = EDGE_CURVE('',#1317,#1317,#1319,.T.);
#1317 = VERTEX_POINT('',#1318);
#1318 = CARTESIAN_POINT('',(34.4,-49.,4.));
#1319 = CIRCLE('',#1320,4.4);
#1320 = AXIS2_PLACEMENT_3D('',#1321,#1322,#1323);
#1321 = CARTESIAN_POINT('',(30.,-49.,4.));
#1322 = DIRECTION('',(0.,0.,1.));
#1323 = DIRECTION('',(1.,0.,0.));
#1324 = FACE_BOUND('',#1325,.T.);
#1325 = EDGE_LOOP('',(#1326,#1327,#1328,#1329,#1337,#1346,#1354,#1363,
    #1369,#1370));
#1326 = ORIENTED_EDGE('',*,*,#498,.F.);
#1327 = ORIENTED_EDGE('',*,*,#522,.T.);
#1328 = ORIENTED_EDGE('',*,*,#970,.T.);
#1329 = ORIENTED_EDGE('',*,*,#1330,.T.);
#1330 = EDGE_CURVE('',#963,#1331,#1333,.T.);
#1331 = VERTEX_POINT('',#1332);
#1332 = CARTESIAN_POINT('',(-29.16512240894,-42.09689685414,4.));
#1333 = LINE('',#1334,#1335);
#1334 = CARTESIAN_POINT('',(-14.91948665273,-42.09689685414,4.));
#1335 = VECTOR('',#1336,1.);
#1336 = DIRECTION('',(-1.,0.,0.));
#1337 = ORIENTED_EDGE('',*,*,#1338,.F.);
#1338 = EDGE_CURVE('',#1339,#1331,#1341,.T.);
#1339 = VERTEX_POINT('',#1340);
#1340 = CARTESIAN_POINT('',(-31.76371686107,-39.73964233823,4.));
#1341 = ELLIPSE('',#1342,2.816445346824,2.5);
#1342 = AXIS2_PLACEMENT_3D('',#1343,#1344,#1345);
#1343 = CARTESIAN_POINT('',(-28.97441569748,-39.56664718061,4.));
#1344 = DIRECTION('',(0.,0.,1.));
#1345 = DIRECTION('',(-0.953705317797,-0.300742692024,0.));
#1346 = ORIENTED_EDGE('',*,*,#1347,.T.);
#1347 = EDGE_CURVE('',#1339,#1348,#1350,.T.);
#1348 = VERTEX_POINT('',#1349);
#1349 = CARTESIAN_POINT('',(-31.76371686107,39.766293947872,4.));
#1350 = LINE('',#1351,#1352);
#1351 = CARTESIAN_POINT('',(-31.76371686107,-26.94595424139,4.));
#1352 = VECTOR('',#1353,1.);
#1353 = DIRECTION('',(0.,1.,0.));
#1354 = ORIENTED_EDGE('',*,*,#1355,.F.);
#1355 = EDGE_CURVE('',#1356,#1348,#1358,.T.);
#1356 = VERTEX_POINT('',#1357);
#1357 = CARTESIAN_POINT('',(-29.15625283345,42.128982642519,4.));
#1358 = ELLIPSE('',#1359,2.813935727366,2.5);
#1359 = AXIS2_PLACEMENT_3D('',#1360,#1361,#1362);
#1360 = CARTESIAN_POINT('',(-28.97441569748,39.601526748443,4.));
#1361 = DIRECTION('',(0.,0.,1.));
#1362 = DIRECTION('',(-0.957735791652,0.287649358401,0.));
#1363 = ORIENTED_EDGE('',*,*,#1364,.T.);
#1364 = EDGE_CURVE('',#1356,#613,#1365,.T.);
#1365 = LINE('',#1366,#1367);
#1366 = CARTESIAN_POINT('',(-14.92041688101,42.128982642519,4.));
#1367 = VECTOR('',#1368,1.);
#1368 = DIRECTION('',(1.,0.,0.));
#1369 = ORIENTED_EDGE('',*,*,#612,.T.);
#1370 = ORIENTED_EDGE('',*,*,#546,.F.);
#1371 = FACE_BOUND('',#1372,.T.);
#1372 = EDGE_LOOP('',(#1373));
#1373 = ORIENTED_EDGE('',*,*,#1374,.F.);
#1374 = EDGE_CURVE('',#1375,#1375,#1377,.T.);
#1375 = VERTEX_POINT('',#1376);
#1376 = CARTESIAN_POINT('',(-25.6,49.,4.));
#1377 = CIRCLE('',#1378,4.4);
#1378 = AXIS2_PLACEMENT_3D('',#1379,#1380,#1381);
#1379 = CARTESIAN_POINT('',(-30.,49.,4.));
#1380 = DIRECTION('',(0.,0.,1.));
#1381 = DIRECTION('',(1.,0.,0.));
#1382 = FACE_BOUND('',#1383,.T.);
#1383 = EDGE_LOOP('',(#1384));
#1384 = ORIENTED_EDGE('',*,*,#1385,.F.);
#1385 = EDGE_CURVE('',#1386,#1386,#1388,.T.);
#1386 = VERTEX_POINT('',#1387);
#1387 = CARTESIAN_POINT('',(34.4,49.,4.));
#1388 = CIRCLE('',#1389,4.4);
#1389 = AXIS2_PLACEMENT_3D('',#1390,#1391,#1392);
#1390 = CARTESIAN_POINT('',(30.,49.,4.));
#1391 = DIRECTION('',(0.,0.,1.));
#1392 = DIRECTION('',(1.,0.,0.));
#1393 = PLANE('',#1394);
#1394 = AXIS2_PLACEMENT_3D('',#1395,#1396,#1397);
#1395 = CARTESIAN_POINT('',(-35.,-54.,4.));
#1396 = DIRECTION('',(0.,0.,1.));
#1397 = DIRECTION('',(1.,0.,0.));
#1398 = ADVANCED_FACE('',(#1399),#1410,.F.);
#1399 = FACE_BOUND('',#1400,.F.);
#1400 = EDGE_LOOP('',(#1401,#1402,#1408,#1409));
#1401 = ORIENTED_EDGE('',*,*,#1305,.F.);
#1402 = ORIENTED_EDGE('',*,*,#1403,.F.);
#1403 = EDGE_CURVE('',#432,#1306,#1404,.T.);
#1404 = LINE('',#1405,#1406);
#1405 = CARTESIAN_POINT('',(-27.7,-49.,1.9));
#1406 = VECTOR('',#1407,1.);
#1407 = DIRECTION('',(0.707106781187,-1.731912112471E-16,0.707106781187)
  );
#1408 = ORIENTED_EDGE('',*,*,#439,.T.);
#1409 = ORIENTED_EDGE('',*,*,#1403,.T.);
#1410 = CONICAL_SURFACE('',#1411,2.3,0.785398163397);
#1411 = AXIS2_PLACEMENT_3D('',#1412,#1413,#1414);
#1412 = CARTESIAN_POINT('',(-30.,-49.,1.9));
#1413 = DIRECTION('',(0.,0.,1.));
#1414 = DIRECTION('',(1.,0.,0.));
#1415 = ADVANCED_FACE('',(#1416),#1427,.F.);
#1416 = FACE_BOUND('',#1417,.F.);
#1417 = EDGE_LOOP('',(#1418,#1419,#1425,#1426));
#1418 = ORIENTED_EDGE('',*,*,#1316,.F.);
#1419 = ORIENTED_EDGE('',*,*,#1420,.F.);
#1420 = EDGE_CURVE('',#457,#1317,#1421,.T.);
#1421 = LINE('',#1422,#1423);
#1422 = CARTESIAN_POINT('',(32.3,-49.,1.9));
#1423 = VECTOR('',#1424,1.);
#1424 = DIRECTION('',(0.707106781187,-1.731912112471E-16,0.707106781187)
  );
#1425 = ORIENTED_EDGE('',*,*,#464,.T.);
#1426 = ORIENTED_EDGE('',*,*,#1420,.T.);
#1427 = CONICAL_SURFACE('',#1428,2.3,0.785398163397);
#1428 = AXIS2_PLACEMENT_3D('',#1429,#1430,#1431);
#1429 = CARTESIAN_POINT('',(30.,-49.,1.9));
#1430 = DIRECTION('',(0.,0.,1.));
#1431 = DIRECTION('',(1.,0.,0.));
#1432 = ADVANCED_FACE('',(#1433),#1444,.F.);
#1433 = FACE_BOUND('',#1434,.F.);
#1434 = EDGE_LOOP('',(#1435,#1436,#1442,#1443));
#1435 = ORIENTED_EDGE('',*,*,#1374,.F.);
#1436 = ORIENTED_EDGE('',*,*,#1437,.F.);
#1437 = EDGE_CURVE('',#561,#1375,#1438,.T.);
#1438 = LINE('',#1439,#1440);
#1439 = CARTESIAN_POINT('',(-27.7,49.,1.9));
#1440 = VECTOR('',#1441,1.);
#1441 = DIRECTION('',(0.707106781187,-1.731912112471E-16,0.707106781187)
  );
#1442 = ORIENTED_EDGE('',*,*,#568,.T.);
#1443 = ORIENTED_EDGE('',*,*,#1437,.T.);
#1444 = CONICAL_SURFACE('',#1445,2.3,0.785398163397);
#1445 = AXIS2_PLACEMENT_3D('',#1446,#1447,#1448);
#1446 = CARTESIAN_POINT('',(-30.,49.,1.9));
#1447 = DIRECTION('',(0.,0.,1.));
#1448 = DIRECTION('',(1.,0.,0.));
#1449 = ADVANCED_FACE('',(#1450),#1461,.F.);
#1450 = FACE_BOUND('',#1451,.F.);
#1451 = EDGE_LOOP('',(#1452,#1453,#1459,#1460));
#1452 = ORIENTED_EDGE('',*,*,#1385,.F.);
#1453 = ORIENTED_EDGE('',*,*,#1454,.F.);
#1454 = EDGE_CURVE('',#586,#1386,#1455,.T.);
#1455 = LINE('',#1456,#1457);
#1456 = CARTESIAN_POINT('',(32.3,49.,1.9));
#1457 = VECTOR('',#1458,1.);
#1458 = DIRECTION('',(0.707106781187,-1.731912112471E-16,0.707106781187)
  );
#1459 = ORIENTED_EDGE('',*,*,#593,.T.);
#1460 = ORIENTED_EDGE('',*,*,#1454,.T.);
#1461 = CONICAL_SURFACE('',#1462,2.3,0.785398163397);
#1462 = AXIS2_PLACEMENT_3D('',#1463,#1464,#1465);
#1463 = CARTESIAN_POINT('',(30.,49.,1.9));
#1464 = DIRECTION('',(0.,0.,1.));
#1465 = DIRECTION('',(1.,0.,0.));
#1466 = ADVANCED_FACE('',(#1467,#1485,#1511,#1545,#1579),#1613,.T.);
#1467 = FACE_BOUND('',#1468,.T.);
#1468 = EDGE_LOOP('',(#1469,#1477,#1483,#1484));
#1469 = ORIENTED_EDGE('',*,*,#1470,.F.);
#1470 = EDGE_CURVE('',#1471,#954,#1473,.T.);
#1471 = VERTEX_POINT('',#1472);
#1472 = CARTESIAN_POINT('',(2.037344,-32.25746996775,67.060105782075));
#1473 = LINE('',#1474,#1475);
#1474 = CARTESIAN_POINT('',(2.037344,-32.25746996775,67.060105782075));
#1475 = VECTOR('',#1476,1.);
#1476 = DIRECTION('',(1.,0.,0.));
#1477 = ORIENTED_EDGE('',*,*,#1478,.T.);
#1478 = EDGE_CURVE('',#1471,#1331,#1479,.T.);
#1479 = LINE('',#1480,#1481);
#1480 = CARTESIAN_POINT('',(2.037344,-32.25746996775,67.060105782075));
#1481 = VECTOR('',#1482,1.);
#1482 = DIRECTION('',(-0.439210698076,-0.138501280469,-0.887643711183));
#1483 = ORIENTED_EDGE('',*,*,#1330,.F.);
#1484 = ORIENTED_EDGE('',*,*,#962,.T.);
#1485 = FACE_BOUND('',#1486,.T.);
#1486 = EDGE_LOOP('',(#1487,#1497,#1505));
#1487 = ORIENTED_EDGE('',*,*,#1488,.F.);
#1488 = EDGE_CURVE('',#1489,#1491,#1493,.T.);
#1489 = VERTEX_POINT('',#1490);
#1490 = CARTESIAN_POINT('',(-18.18400538539,-41.57534201916,
    7.342603532156));
#1491 = VERTEX_POINT('',#1492);
#1492 = CARTESIAN_POINT('',(-12.18400538539,-41.57534201916,
    7.342603532156));
#1493 = LINE('',#1494,#1495);
#1494 = CARTESIAN_POINT('',(13.765352454659,-41.57534201916,
    7.342603532156));
#1495 = VECTOR('',#1496,1.);
#1496 = DIRECTION('',(1.,7.601025511399E-33,4.871436907207E-32));
#1497 = ORIENTED_EDGE('',*,*,#1498,.T.);
#1498 = EDGE_CURVE('',#1489,#1499,#1501,.T.);
#1499 = VERTEX_POINT('',#1500);
#1500 = CARTESIAN_POINT('',(-12.18400538539,-39.68329411037,
    19.46858837366));
#1501 = LINE('',#1502,#1503);
#1502 = CARTESIAN_POINT('',(0.901252826617,-35.55697153769,
    45.913862161321));
#1503 = VECTOR('',#1504,1.);
#1504 = DIRECTION('',(0.439210698076,0.138501280469,0.887643711183));
#1505 = ORIENTED_EDGE('',*,*,#1506,.F.);
#1506 = EDGE_CURVE('',#1491,#1499,#1507,.T.);
#1507 = LINE('',#1508,#1509);
#1508 = CARTESIAN_POINT('',(-12.18400538539,-35.88273028592,
    43.826100205269));
#1509 = VECTOR('',#1510,1.);
#1510 = DIRECTION('',(2.22044604925E-16,0.15416711283,0.988044787103));
#1511 = FACE_BOUND('',#1512,.T.);
#1512 = EDGE_LOOP('',(#1513,#1523,#1531,#1539));
#1513 = ORIENTED_EDGE('',*,*,#1514,.F.);
#1514 = EDGE_CURVE('',#1515,#1517,#1519,.T.);
#1515 = VERTEX_POINT('',#1516);
#1516 = CARTESIAN_POINT('',(-9.18400538539,-41.57534201916,
    7.342603532156));
#1517 = VERTEX_POINT('',#1518);
#1518 = CARTESIAN_POINT('',(-3.18400538539,-41.57534201916,
    7.342603532156));
#1519 = LINE('',#1520,#1521);
#1520 = CARTESIAN_POINT('',(13.765352454659,-41.57534201916,
    7.342603532156));
#1521 = VECTOR('',#1522,1.);
#1522 = DIRECTION('',(1.,7.601025511399E-33,4.871436907207E-32));
#1523 = ORIENTED_EDGE('',*,*,#1524,.T.);
#1524 = EDGE_CURVE('',#1515,#1525,#1527,.T.);
#1525 = VERTEX_POINT('',#1526);
#1526 = CARTESIAN_POINT('',(-9.18400538539,-38.73727015597,
    25.531580794412));
#1527 = LINE('',#1528,#1529);
#1528 = CARTESIAN_POINT('',(-9.18400538539,-35.88273028592,
    43.826100205269));
#1529 = VECTOR('',#1530,1.);
#1530 = DIRECTION('',(2.22044604925E-16,0.15416711283,0.988044787103));
#1531 = ORIENTED_EDGE('',*,*,#1532,.T.);
#1532 = EDGE_CURVE('',#1525,#1533,#1535,.T.);
#1533 = VERTEX_POINT('',#1534);
#1534 = CARTESIAN_POINT('',(-3.18400538539,-36.84522224717,
    37.657565635916));
#1535 = LINE('',#1536,#1537);
#1536 = CARTESIAN_POINT('',(0.901252826617,-35.55697153769,
    45.913862161321));
#1537 = VECTOR('',#1538,1.);
#1538 = DIRECTION('',(0.439210698076,0.138501280469,0.887643711183));
#1539 = ORIENTED_EDGE('',*,*,#1540,.F.);
#1540 = EDGE_CURVE('',#1517,#1533,#1541,.T.);
#1541 = LINE('',#1542,#1543);
#1542 = CARTESIAN_POINT('',(-3.18400538539,-35.88273028592,
    43.826100205269));
#1543 = VECTOR('',#1544,1.);
#1544 = DIRECTION('',(2.22044604925E-16,0.15416711283,0.988044787103));
#1545 = FACE_BOUND('',#1546,.T.);
#1546 = EDGE_LOOP('',(#1547,#1557,#1565,#1573));
#1547 = ORIENTED_EDGE('',*,*,#1548,.F.);
#1548 = EDGE_CURVE('',#1549,#1551,#1553,.T.);
#1549 = VERTEX_POINT('',#1550);
#1550 = CARTESIAN_POINT('',(-0.18400538539,-41.57534201916,
    7.342603532156));
#1551 = VERTEX_POINT('',#1552);
#1552 = CARTESIAN_POINT('',(5.81599461461,-41.57534201916,7.342603532156
    ));
#1553 = LINE('',#1554,#1555);
#1554 = CARTESIAN_POINT('',(13.765352454659,-41.57534201916,
    7.342603532156));
#1555 = VECTOR('',#1556,1.);
#1556 = DIRECTION('',(1.,7.601025511399E-33,4.871436907207E-32));
#1557 = ORIENTED_EDGE('',*,*,#1558,.T.);
#1558 = EDGE_CURVE('',#1549,#1559,#1561,.T.);
#1559 = VERTEX_POINT('',#1560);
#1560 = CARTESIAN_POINT('',(-0.18400538539,-35.89919829278,
    43.720558056667));
#1561 = LINE('',#1562,#1563);
#1562 = CARTESIAN_POINT('',(-0.18400538539,-35.88273028592,
    43.826100205269));
#1563 = VECTOR('',#1564,1.);
#1564 = DIRECTION('',(2.22044604925E-16,0.15416711283,0.988044787103));
#1565 = ORIENTED_EDGE('',*,*,#1566,.T.);
#1566 = EDGE_CURVE('',#1559,#1567,#1569,.T.);
#1567 = VERTEX_POINT('',#1568);
#1568 = CARTESIAN_POINT('',(5.81599461461,-34.00715038398,
    55.846542898171));
#1569 = LINE('',#1570,#1571);
#1570 = CARTESIAN_POINT('',(0.901252826617,-35.55697153769,
    45.913862161321));
#1571 = VECTOR('',#1572,1.);
#1572 = DIRECTION('',(0.439210698076,0.138501280469,0.887643711183));
#1573 = ORIENTED_EDGE('',*,*,#1574,.F.);
#1574 = EDGE_CURVE('',#1551,#1567,#1575,.T.);
#1575 = LINE('',#1576,#1577);
#1576 = CARTESIAN_POINT('',(5.81599461461,-35.88273028592,
    43.826100205269));
#1577 = VECTOR('',#1578,1.);
#1578 = DIRECTION('',(2.22044604925E-16,0.15416711283,0.988044787103));
#1579 = FACE_BOUND('',#1580,.T.);
#1580 = EDGE_LOOP('',(#1581,#1591,#1599,#1607));
#1581 = ORIENTED_EDGE('',*,*,#1582,.F.);
#1582 = EDGE_CURVE('',#1583,#1585,#1587,.T.);
#1583 = VERTEX_POINT('',#1584);
#1584 = CARTESIAN_POINT('',(8.81599461461,-41.57534201916,7.342603532156
    ));
#1585 = VERTEX_POINT('',#1586);
#1586 = CARTESIAN_POINT('',(14.81599461461,-41.57534201916,
    7.342603532156));
#1587 = LINE('',#1588,#1589);
#1588 = CARTESIAN_POINT('',(13.765352454659,-41.57534201916,
    7.342603532156));
#1589 = VECTOR('',#1590,1.);
#1590 = DIRECTION('',(1.,7.601025511399E-33,4.871436907207E-32));
#1591 = ORIENTED_EDGE('',*,*,#1592,.T.);
#1592 = EDGE_CURVE('',#1583,#1593,#1595,.T.);
#1593 = VERTEX_POINT('',#1594);
#1594 = CARTESIAN_POINT('',(8.81599461461,-33.52937382444,
    58.908574938506));
#1595 = LINE('',#1596,#1597);
#1596 = CARTESIAN_POINT('',(8.81599461461,-35.88273028592,
    43.826100205269));
#1597 = VECTOR('',#1598,1.);
#1598 = DIRECTION('',(2.22044604925E-16,0.15416711283,0.988044787103));
#1599 = ORIENTED_EDGE('',*,*,#1600,.T.);
#1600 = EDGE_CURVE('',#1593,#1601,#1603,.T.);
#1601 = VERTEX_POINT('',#1602);
#1602 = CARTESIAN_POINT('',(14.81599461461,-33.52937382444,
    58.908574938506));
#1603 = LINE('',#1604,#1605);
#1604 = CARTESIAN_POINT('',(11.784406736447,-33.52937382444,
    58.908574938506));
#1605 = VECTOR('',#1606,1.);
#1606 = DIRECTION('',(1.,7.601025511399E-33,4.871436907207E-32));
#1607 = ORIENTED_EDGE('',*,*,#1608,.F.);
#1608 = EDGE_CURVE('',#1585,#1601,#1609,.T.);
#1609 = LINE('',#1610,#1611);
#1610 = CARTESIAN_POINT('',(14.81599461461,-35.88273028592,
    43.826100205269));
#1611 = VECTOR('',#1612,1.);
#1612 = DIRECTION('',(2.22044604925E-16,0.15416711283,0.988044787103));
#1613 = PLANE('',#1614);
#1614 = AXIS2_PLACEMENT_3D('',#1615,#1616,#1617);
#1615 = CARTESIAN_POINT('',(5.161026694537,-38.39025386022,
    27.755580684929));
#1616 = DIRECTION('',(0.,-0.988044787103,0.15416711283));
#1617 = DIRECTION('',(0.,-0.15416711283,-0.988044787103));
#1618 = ADVANCED_FACE('',(#1619),#1638,.T.);
#1619 = FACE_BOUND('',#1620,.T.);
#1620 = EDGE_LOOP('',(#1621,#1629,#1636,#1637));
#1621 = ORIENTED_EDGE('',*,*,#1622,.F.);
#1622 = EDGE_CURVE('',#1623,#946,#1625,.T.);
#1623 = VERTEX_POINT('',#1624);
#1624 = CARTESIAN_POINT('',(2.037344,-29.787358,69.174688));
#1625 = LINE('',#1626,#1627);
#1626 = CARTESIAN_POINT('',(2.037344,-29.787358,69.174688));
#1627 = VECTOR('',#1628,1.);
#1628 = DIRECTION('',(1.,0.,0.));
#1629 = ORIENTED_EDGE('',*,*,#1630,.T.);
#1630 = EDGE_CURVE('',#1623,#1471,#1631,.T.);
#1631 = CIRCLE('',#1632,2.5);
#1632 = AXIS2_PLACEMENT_3D('',#1633,#1634,#1635);
#1633 = CARTESIAN_POINT('',(2.037344,-29.787358,66.674688));
#1634 = DIRECTION('',(1.,-2.998374829265E-16,4.107052528336E-16));
#1635 = DIRECTION('',(2.998374829265E-16,1.,1.110223024625E-16));
#1636 = ORIENTED_EDGE('',*,*,#1470,.T.);
#1637 = ORIENTED_EDGE('',*,*,#953,.F.);
#1638 = CYLINDRICAL_SURFACE('',#1639,2.5);
#1639 = AXIS2_PLACEMENT_3D('',#1640,#1641,#1642);
#1640 = CARTESIAN_POINT('',(2.037344,-29.787358,66.674688));
#1641 = DIRECTION('',(1.,-2.998374829265E-16,4.107052528336E-16));
#1642 = DIRECTION('',(2.998374829265E-16,1.,1.110223024625E-16));
#1643 = ADVANCED_FACE('',(#1644,#2095,#2129),#2163,.T.);
#1644 = FACE_BOUND('',#1645,.T.);
#1645 = EDGE_LOOP('',(#1646,#1659,#1667,#1673,#1674,#1675,#1683,#1691,
    #1699,#1708,#1745,#1794,#1831,#1839,#1847,#1884,#1893,#1901,#1909,
    #1917,#1925,#1933,#1942,#1979,#1987,#1995,#2003,#2011,#2048));
#1646 = ORIENTED_EDGE('',*,*,#1647,.T.);
#1647 = EDGE_CURVE('',#1648,#1650,#1652,.T.);
#1648 = VERTEX_POINT('',#1649);
#1649 = CARTESIAN_POINT('',(6.223501,29.569513611336,69.174688));
#1650 = VERTEX_POINT('',#1651);
#1651 = CARTESIAN_POINT('',(8.341861643244,30.287358,69.174688));
#1652 = B_SPLINE_CURVE_WITH_KNOTS('',5,(#1653,#1654,#1655,#1656,#1657,
    #1658),.UNSPECIFIED.,.F.,.F.,(6,6),(0.,1.),
  .PIECEWISE_BEZIER_KNOTS.);
#1653 = CARTESIAN_POINT('',(6.223501,29.569513616982,69.174688));
#1654 = CARTESIAN_POINT('',(6.630911177476,29.756578968688,69.174688));
#1655 = CARTESIAN_POINT('',(7.048155703817,29.921987156957,69.174688));
#1656 = CARTESIAN_POINT('',(7.47346954719,30.065607401722,69.174688));
#1657 = CARTESIAN_POINT('',(7.905207790027,30.187398991707,69.174688));
#1658 = CARTESIAN_POINT('',(8.341861643244,30.287358,69.174688));
#1659 = ORIENTED_EDGE('',*,*,#1660,.T.);
#1660 = EDGE_CURVE('',#1650,#1661,#1663,.T.);
#1661 = VERTEX_POINT('',#1662);
#1662 = CARTESIAN_POINT('',(2.037344,30.287358,69.174688));
#1663 = LINE('',#1664,#1665);
#1664 = CARTESIAN_POINT('',(26.123501,30.287358,69.174688));
#1665 = VECTOR('',#1666,1.);
#1666 = DIRECTION('',(-1.,0.,0.));
#1667 = ORIENTED_EDGE('',*,*,#1668,.T.);
#1668 = EDGE_CURVE('',#1661,#1623,#1669,.T.);
#1669 = LINE('',#1670,#1671);
#1670 = CARTESIAN_POINT('',(2.037344,30.287358,69.174688));
#1671 = VECTOR('',#1672,1.);
#1672 = DIRECTION('',(0.,-1.,0.));
#1673 = ORIENTED_EDGE('',*,*,#1622,.T.);
#1674 = ORIENTED_EDGE('',*,*,#945,.T.);
#1675 = ORIENTED_EDGE('',*,*,#1676,.T.);
#1676 = EDGE_CURVE('',#938,#1677,#1679,.T.);
#1677 = VERTEX_POINT('',#1678);
#1678 = CARTESIAN_POINT('',(22.237344,-25.487358,69.174688));
#1679 = LINE('',#1680,#1681);
#1680 = CARTESIAN_POINT('',(17.15888325,-25.487358,69.174688));
#1681 = VECTOR('',#1682,1.);
#1682 = DIRECTION('',(-1.,0.,0.));
#1683 = ORIENTED_EDGE('',*,*,#1684,.T.);
#1684 = EDGE_CURVE('',#1677,#1685,#1687,.T.);
#1685 = VERTEX_POINT('',#1686);
#1686 = CARTESIAN_POINT('',(20.237344,-25.487358,69.174688));
#1687 = LINE('',#1688,#1689);
#1688 = CARTESIAN_POINT('',(17.15888325,-25.487358,69.174688));
#1689 = VECTOR('',#1690,1.);
#1690 = DIRECTION('',(-1.,0.,0.));
#1691 = ORIENTED_EDGE('',*,*,#1692,.T.);
#1692 = EDGE_CURVE('',#1685,#1693,#1695,.T.);
#1693 = VERTEX_POINT('',#1694);
#1694 = CARTESIAN_POINT('',(20.237344,-23.53083784986,69.174688));
#1695 = LINE('',#1696,#1697);
#1696 = CARTESIAN_POINT('',(20.237344,-12.618679,69.174688));
#1697 = VECTOR('',#1698,1.);
#1698 = DIRECTION('',(0.,1.,0.));
#1699 = ORIENTED_EDGE('',*,*,#1700,.T.);
#1700 = EDGE_CURVE('',#1693,#1701,#1703,.T.);
#1701 = VERTEX_POINT('',#1702);
#1702 = CARTESIAN_POINT('',(18.523501,-25.60185559378,69.174688));
#1703 = HYPERBOLA('',#1704,3.,3.);
#1704 = AXIS2_PLACEMENT_3D('',#1705,#1706,#1707);
#1705 = CARTESIAN_POINT('',(24.823501,-20.062,69.174688));
#1706 = DIRECTION('',(0.,0.,1.));
#1707 = DIRECTION('',(-1.,0.,0.));
#1708 = ORIENTED_EDGE('',*,*,#1709,.F.);
#1709 = EDGE_CURVE('',#1710,#1701,#1712,.T.);
#1710 = VERTEX_POINT('',#1711);
#1711 = CARTESIAN_POINT('',(6.223501,-27.69351361133,69.174688));
#1712 = B_SPLINE_CURVE_WITH_KNOTS('',6,(#1713,#1714,#1715,#1716,#1717,
    #1718,#1719,#1720,#1721,#1722,#1723,#1724,#1725,#1726,#1727,#1728,
    #1729,#1730,#1731,#1732,#1733,#1734,#1735,#1736,#1737,#1738,#1739,
    #1740,#1741,#1742,#1743,#1744),.UNSPECIFIED.,.F.,.F.,(7,5,5,5,5,5,7)
  ,(0.,0.106944972858,0.365137784625,0.585340350712,0.676101167153,
    0.806259419745,1.),.UNSPECIFIED.);
#1713 = CARTESIAN_POINT('',(6.223501,-27.69351361698,69.174688));
#1714 = CARTESIAN_POINT('',(6.439037068173,-27.79247857325,69.174688));
#1715 = CARTESIAN_POINT('',(6.657216955903,-27.88562490334,69.174688));
#1716 = CARTESIAN_POINT('',(6.877813243615,-27.97293581182,69.174688));
#1717 = CARTESIAN_POINT('',(7.100606121207,-28.05439880837,69.174688));
#1718 = CARTESIAN_POINT('',(7.325383388046,-28.13000570788,69.174688));
#1719 = CARTESIAN_POINT('',(8.098907776974,-28.36813973211,69.174688));
#1720 = CARTESIAN_POINT('',(8.65621110216,-28.50235807566,69.174688));
#1721 = CARTESIAN_POINT('',(9.221036783345,-28.60237239153,69.174688));
#1722 = CARTESIAN_POINT('',(9.790682833927,-28.66817610562,69.174688));
#1723 = CARTESIAN_POINT('',(10.36255271256,-28.6998169756,69.174688));
#1724 = CARTESIAN_POINT('',(11.421668104667,-28.69518966413,69.174688));
#1725 = CARTESIAN_POINT('',(11.908946996457,-28.66822925301,69.174688));
#1726 = CARTESIAN_POINT('',(12.39444612765,-28.61645794334,69.174688));
#1727 = CARTESIAN_POINT('',(12.876561434956,-28.53989600272,69.174688));
#1728 = CARTESIAN_POINT('',(13.353639007518,-28.43857791983,69.174688));
#1729 = CARTESIAN_POINT('',(14.017833519127,-28.26062763429,69.174688));
#1730 = CARTESIAN_POINT('',(14.21054380687,-28.20449496714,69.174688));
#1731 = CARTESIAN_POINT('',(14.401984798077,-28.14417260074,69.174688));
#1732 = CARTESIAN_POINT('',(14.592031931758,-28.07966703931,69.174688));
#1733 = CARTESIAN_POINT('',(14.780557359119,-28.01098663549,69.174688));
#1734 = CARTESIAN_POINT('',(15.235420140231,-27.83367598318,69.174688));
#1735 = CARTESIAN_POINT('',(15.500009858884,-27.72064612981,69.174688));
#1736 = CARTESIAN_POINT('',(15.760813531717,-27.59908258484,69.174688));
#1737 = CARTESIAN_POINT('',(16.017425938166,-27.46902775543,69.174688));
#1738 = CARTESIAN_POINT('',(16.269424241619,-27.33053996313,69.174688));
#1739 = CARTESIAN_POINT('',(16.883948866746,-26.96512248398,69.174688));
#1740 = CARTESIAN_POINT('',(17.240328986498,-26.72803881967,69.174688));
#1741 = CARTESIAN_POINT('',(17.584065837146,-26.47270596494,69.174688));
#1742 = CARTESIAN_POINT('',(17.913600621447,-26.19950079967,69.174688));
#1743 = CARTESIAN_POINT('',(18.227300866984,-25.9089655328,69.174688));
#1744 = CARTESIAN_POINT('',(18.523501,-25.60185560363,69.174688));
#1745 = ORIENTED_EDGE('',*,*,#1746,.T.);
#1746 = EDGE_CURVE('',#1710,#1747,#1749,.T.);
#1747 = VERTEX_POINT('',#1748);
#1748 = CARTESIAN_POINT('',(6.223501,-12.43048638866,69.174688));
#1749 = B_SPLINE_CURVE_WITH_KNOTS('',8,(#1750,#1751,#1752,#1753,#1754,
    #1755,#1756,#1757,#1758,#1759,#1760,#1761,#1762,#1763,#1764,#1765,
    #1766,#1767,#1768,#1769,#1770,#1771,#1772,#1773,#1774,#1775,#1776,
    #1777,#1778,#1779,#1780,#1781,#1782,#1783,#1784,#1785,#1786,#1787,
    #1788,#1789,#1790,#1791,#1792,#1793),.UNSPECIFIED.,.F.,.F.,(9,7,7,7,
    7,7,9),(0.,0.113946116497,0.294614329162,0.502141986824,
    0.705214921193,0.893279664408,1.),.UNSPECIFIED.);
#1750 = CARTESIAN_POINT('',(6.223501,-27.69351361698,69.174688));
#1751 = CARTESIAN_POINT('',(6.096935959423,-27.51255576794,69.174688));
#1752 = CARTESIAN_POINT('',(5.985314644805,-27.32145482806,69.174688));
#1753 = CARTESIAN_POINT('',(5.886994822854,-27.12267743917,69.174688));
#1754 = CARTESIAN_POINT('',(5.80007174458,-26.91838865061,69.174688));
#1755 = CARTESIAN_POINT('',(5.722753616225,-26.71027743897,69.174688));
#1756 = CARTESIAN_POINT('',(5.65347411083,-26.4995015339,69.174688));
#1757 = CARTESIAN_POINT('',(5.590878599185,-26.28668797563,69.174688));
#1758 = CARTESIAN_POINT('',(5.443352277445,-25.73140792374,69.174688));
#1759 = CARTESIAN_POINT('',(5.367050219255,-25.38691701943,69.174688));
#1760 = CARTESIAN_POINT('',(5.300477824765,-25.03986615505,69.174688));
#1761 = CARTESIAN_POINT('',(5.241072208531,-24.69115277428,69.174688));
#1762 = CARTESIAN_POINT('',(5.187179200487,-24.34135031108,69.174688));
#1763 = CARTESIAN_POINT('',(5.137947149457,-23.99072406605,69.174688));
#1764 = CARTESIAN_POINT('',(5.092994613676,-23.63929575108,69.174688));
#1765 = CARTESIAN_POINT('',(5.005516520354,-22.88203278167,69.174688));
#1766 = CARTESIAN_POINT('',(4.964382336519,-22.47620145808,69.174688));
#1767 = CARTESIAN_POINT('',(4.928852003364,-22.06951827366,69.174688));
#1768 = CARTESIAN_POINT('',(4.899476741621,-21.66210591101,69.174688));
#1769 = CARTESIAN_POINT('',(4.876990267741,-21.25409035187,69.174688));
#1770 = CARTESIAN_POINT('',(4.861995976187,-20.84562538719,69.174688));
#1771 = CARTESIAN_POINT('',(4.854787120907,-20.43690818059,69.174688));
#1772 = CARTESIAN_POINT('',(4.855900305013,-19.62823206226,69.174688));
#1773 = CARTESIAN_POINT('',(4.863892210702,-19.22831571527,69.174688));
#1774 = CARTESIAN_POINT('',(4.879308758864,-18.82866049836,69.174688));
#1775 = CARTESIAN_POINT('',(4.901851773844,-18.42944881828,69.174688));
#1776 = CARTESIAN_POINT('',(4.93094893765,-18.03082356664,69.174688));
#1777 = CARTESIAN_POINT('',(4.965920137074,-17.63290218274,69.174688));
#1778 = CARTESIAN_POINT('',(5.006259758032,-17.23579841031,69.174688));
#1779 = CARTESIAN_POINT('',(5.094344093746,-16.47277844013,69.174688));
#1780 = CARTESIAN_POINT('',(5.141282946735,-16.1070623408,69.174688));
#1781 = CARTESIAN_POINT('',(5.192854141556,-15.74221398561,69.174688));
#1782 = CARTESIAN_POINT('',(5.249509301988,-15.37823543428,69.174688));
#1783 = CARTESIAN_POINT('',(5.312246114088,-15.01543655904,69.174688));
#1784 = CARTESIAN_POINT('',(5.383044006512,-14.65452280708,69.174688));
#1785 = CARTESIAN_POINT('',(5.464950377374,-14.2966046807,69.174688));
#1786 = CARTESIAN_POINT('',(5.619226265706,-13.74306557908,69.174688));
#1787 = CARTESIAN_POINT('',(5.680312176402,-13.54451385726,69.174688));
#1788 = CARTESIAN_POINT('',(5.747636832148,-13.34796127275,69.174688));
#1789 = CARTESIAN_POINT('',(5.822367771603,-13.15399956067,69.174688));
#1790 = CARTESIAN_POINT('',(5.9058330523,-12.96365048193,69.174688));
#1791 = CARTESIAN_POINT('',(5.999519509505,-12.77836087651,69.174688));
#1792 = CARTESIAN_POINT('',(6.104972837307,-12.59995341178,69.174688));
#1793 = CARTESIAN_POINT('',(6.223501,-12.43048638301,69.174688));
#1794 = ORIENTED_EDGE('',*,*,#1795,.T.);
#1795 = EDGE_CURVE('',#1747,#1796,#1798,.T.);
#1796 = VERTEX_POINT('',#1797);
#1797 = CARTESIAN_POINT('',(12.063562907054,-11.48735801083,
    69.174688004171));
#1798 = B_SPLINE_CURVE_WITH_KNOTS('',6,(#1799,#1800,#1801,#1802,#1803,
    #1804,#1805,#1806,#1807,#1808,#1809,#1810,#1811,#1812,#1813,#1814,
    #1815,#1816,#1817,#1818,#1819,#1820,#1821,#1822,#1823,#1824,#1825,
    #1826,#1827,#1828,#1829,#1830),.UNSPECIFIED.,.F.,.F.,(7,5,5,5,5,5,7)
  ,(0.,0.106944972858,0.365137784625,0.585340350712,0.676101167153,
    0.806259419745,1.),.UNSPECIFIED.);
#1799 = CARTESIAN_POINT('',(6.223501,-12.43048638301,69.174688));
#1800 = CARTESIAN_POINT('',(6.439037068173,-12.33152142674,69.174688));
#1801 = CARTESIAN_POINT('',(6.657216955903,-12.23837509665,69.174688));
#1802 = CARTESIAN_POINT('',(6.877813243615,-12.15106418818,69.174688));
#1803 = CARTESIAN_POINT('',(7.100606121207,-12.06960119162,69.174688));
#1804 = CARTESIAN_POINT('',(7.325383388046,-11.99399429211,69.174688));
#1805 = CARTESIAN_POINT('',(8.098907776974,-11.75586026788,69.174688));
#1806 = CARTESIAN_POINT('',(8.656211102161,-11.62164192433,69.174688));
#1807 = CARTESIAN_POINT('',(9.221036783343,-11.52162760846,69.174688));
#1808 = CARTESIAN_POINT('',(9.790682833928,-11.45582389437,69.174688));
#1809 = CARTESIAN_POINT('',(10.36255271256,-11.42418302439,69.174688));
#1810 = CARTESIAN_POINT('',(11.421668104666,-11.42881033586,69.174688));
#1811 = CARTESIAN_POINT('',(11.908946996457,-11.45577074698,69.174688));
#1812 = CARTESIAN_POINT('',(12.39444612765,-11.50754205665,69.174688));
#1813 = CARTESIAN_POINT('',(12.876561434956,-11.58410399727,69.174688));
#1814 = CARTESIAN_POINT('',(13.353639007518,-11.68542208017,69.174688));
#1815 = CARTESIAN_POINT('',(14.017833519127,-11.8633723657,69.174688));
#1816 = CARTESIAN_POINT('',(14.21054380687,-11.91950503285,69.174688));
#1817 = CARTESIAN_POINT('',(14.401984798077,-11.97982739925,69.174688));
#1818 = CARTESIAN_POINT('',(14.592031931758,-12.04433296068,69.174688));
#1819 = CARTESIAN_POINT('',(14.780557359119,-12.1130133645,69.174688));
#1820 = CARTESIAN_POINT('',(15.235420140231,-12.29032401681,69.174688));
#1821 = CARTESIAN_POINT('',(15.500009858884,-12.40335387018,69.174688));
#1822 = CARTESIAN_POINT('',(15.760813531717,-12.52491741515,69.174688));
#1823 = CARTESIAN_POINT('',(16.017425938166,-12.65497224456,69.174688));
#1824 = CARTESIAN_POINT('',(16.269424241619,-12.79346003686,69.174688));
#1825 = CARTESIAN_POINT('',(16.883948866747,-13.15887751601,69.174688));
#1826 = CARTESIAN_POINT('',(17.240328986497,-13.39596118032,69.174688));
#1827 = CARTESIAN_POINT('',(17.584065837146,-13.65129403505,69.174688));
#1828 = CARTESIAN_POINT('',(17.913600621447,-13.92449920032,69.174688));
#1829 = CARTESIAN_POINT('',(18.227300866984,-14.21503446719,69.174688));
#1830 = CARTESIAN_POINT('',(18.523501,-14.52214439636,69.174688));
#1831 = ORIENTED_EDGE('',*,*,#1832,.F.);
#1832 = EDGE_CURVE('',#1833,#1796,#1835,.T.);
#1833 = VERTEX_POINT('',#1834);
#1834 = CARTESIAN_POINT('',(17.823501,-11.487358,69.174688));
#1835 = LINE('',#1836,#1837);
#1836 = CARTESIAN_POINT('',(11.70888325,-11.487358,69.174688));
#1837 = VECTOR('',#1838,1.);
#1838 = DIRECTION('',(-1.,0.,0.));
#1839 = ORIENTED_EDGE('',*,*,#1840,.F.);
#1840 = EDGE_CURVE('',#1841,#1833,#1843,.T.);
#1841 = VERTEX_POINT('',#1842);
#1842 = CARTESIAN_POINT('',(17.823501009637,-13.86820889171,
    69.174687999998));
#1843 = LINE('',#1844,#1845);
#1844 = CARTESIAN_POINT('',(17.823501,11.118679,69.174688));
#1845 = VECTOR('',#1846,1.);
#1846 = DIRECTION('',(0.,1.,0.));
#1847 = ORIENTED_EDGE('',*,*,#1848,.T.);
#1848 = EDGE_CURVE('',#1841,#1849,#1851,.T.);
#1849 = VERTEX_POINT('',#1850);
#1850 = CARTESIAN_POINT('',(18.523501,-14.52214440621,69.174688));
#1851 = B_SPLINE_CURVE_WITH_KNOTS('',6,(#1852,#1853,#1854,#1855,#1856,
    #1857,#1858,#1859,#1860,#1861,#1862,#1863,#1864,#1865,#1866,#1867,
    #1868,#1869,#1870,#1871,#1872,#1873,#1874,#1875,#1876,#1877,#1878,
    #1879,#1880,#1881,#1882,#1883),.UNSPECIFIED.,.F.,.F.,(7,5,5,5,5,5,7)
  ,(0.,0.106944972858,0.365137784625,0.585340350712,0.676101167153,
    0.806259419745,1.),.UNSPECIFIED.);
#1852 = CARTESIAN_POINT('',(6.223501,-12.43048638301,69.174688));
#1853 = CARTESIAN_POINT('',(6.439037068173,-12.33152142674,69.174688));
#1854 = CARTESIAN_POINT('',(6.657216955903,-12.23837509665,69.174688));
#1855 = CARTESIAN_POINT('',(6.877813243615,-12.15106418818,69.174688));
#1856 = CARTESIAN_POINT('',(7.100606121207,-12.06960119162,69.174688));
#1857 = CARTESIAN_POINT('',(7.325383388046,-11.99399429211,69.174688));
#1858 = CARTESIAN_POINT('',(8.098907776974,-11.75586026788,69.174688));
#1859 = CARTESIAN_POINT('',(8.656211102161,-11.62164192433,69.174688));
#1860 = CARTESIAN_POINT('',(9.221036783343,-11.52162760846,69.174688));
#1861 = CARTESIAN_POINT('',(9.790682833928,-11.45582389437,69.174688));
#1862 = CARTESIAN_POINT('',(10.36255271256,-11.42418302439,69.174688));
#1863 = CARTESIAN_POINT('',(11.421668104666,-11.42881033586,69.174688));
#1864 = CARTESIAN_POINT('',(11.908946996457,-11.45577074698,69.174688));
#1865 = CARTESIAN_POINT('',(12.39444612765,-11.50754205665,69.174688));
#1866 = CARTESIAN_POINT('',(12.876561434956,-11.58410399727,69.174688));
#1867 = CARTESIAN_POINT('',(13.353639007518,-11.68542208017,69.174688));
#1868 = CARTESIAN_POINT('',(14.017833519127,-11.8633723657,69.174688));
#1869 = CARTESIAN_POINT('',(14.21054380687,-11.91950503285,69.174688));
#1870 = CARTESIAN_POINT('',(14.401984798077,-11.97982739925,69.174688));
#1871 = CARTESIAN_POINT('',(14.592031931758,-12.04433296068,69.174688));
#1872 = CARTESIAN_POINT('',(14.780557359119,-12.1130133645,69.174688));
#1873 = CARTESIAN_POINT('',(15.235420140231,-12.29032401681,69.174688));
#1874 = CARTESIAN_POINT('',(15.500009858884,-12.40335387018,69.174688));
#1875 = CARTESIAN_POINT('',(15.760813531717,-12.52491741515,69.174688));
#1876 = CARTESIAN_POINT('',(16.017425938166,-12.65497224456,69.174688));
#1877 = CARTESIAN_POINT('',(16.269424241619,-12.79346003686,69.174688));
#1878 = CARTESIAN_POINT('',(16.883948866747,-13.15887751601,69.174688));
#1879 = CARTESIAN_POINT('',(17.240328986497,-13.39596118032,69.174688));
#1880 = CARTESIAN_POINT('',(17.584065837146,-13.65129403505,69.174688));
#1881 = CARTESIAN_POINT('',(17.913600621447,-13.92449920032,69.174688));
#1882 = CARTESIAN_POINT('',(18.227300866984,-14.21503446719,69.174688));
#1883 = CARTESIAN_POINT('',(18.523501,-14.52214439636,69.174688));
#1884 = ORIENTED_EDGE('',*,*,#1885,.T.);
#1885 = EDGE_CURVE('',#1849,#1886,#1888,.T.);
#1886 = VERTEX_POINT('',#1887);
#1887 = CARTESIAN_POINT('',(20.237344,-16.59316215013,69.174688));
#1888 = HYPERBOLA('',#1889,3.,3.);
#1889 = AXIS2_PLACEMENT_3D('',#1890,#1891,#1892);
#1890 = CARTESIAN_POINT('',(24.823501,-20.062,69.174688));
#1891 = DIRECTION('',(0.,0.,1.));
#1892 = DIRECTION('',(-1.,0.,0.));
#1893 = ORIENTED_EDGE('',*,*,#1894,.T.);
#1894 = EDGE_CURVE('',#1886,#1895,#1897,.T.);
#1895 = VERTEX_POINT('',#1896);
#1896 = CARTESIAN_POINT('',(20.237344,-0.8,69.174688));
#1897 = LINE('',#1898,#1899);
#1898 = CARTESIAN_POINT('',(20.237344,-12.618679,69.174688));
#1899 = VECTOR('',#1900,1.);
#1900 = DIRECTION('',(0.,1.,0.));
#1901 = ORIENTED_EDGE('',*,*,#1902,.F.);
#1902 = EDGE_CURVE('',#1903,#1895,#1905,.T.);
#1903 = VERTEX_POINT('',#1904);
#1904 = CARTESIAN_POINT('',(22.237344,-0.8,69.174688));
#1905 = LINE('',#1906,#1907);
#1906 = CARTESIAN_POINT('',(17.15888325,-0.8,69.174688));
#1907 = VECTOR('',#1908,1.);
#1908 = DIRECTION('',(-1.,0.,0.));
#1909 = ORIENTED_EDGE('',*,*,#1910,.F.);
#1910 = EDGE_CURVE('',#1911,#1903,#1913,.T.);
#1911 = VERTEX_POINT('',#1912);
#1912 = CARTESIAN_POINT('',(24.823501,-0.8,69.174688));
#1913 = LINE('',#1914,#1915);
#1914 = CARTESIAN_POINT('',(17.15888325,-0.8,69.174688));
#1915 = VECTOR('',#1916,1.);
#1916 = DIRECTION('',(-1.,0.,0.));
#1917 = ORIENTED_EDGE('',*,*,#1918,.T.);
#1918 = EDGE_CURVE('',#1911,#1919,#1921,.T.);
#1919 = VERTEX_POINT('',#1920);
#1920 = CARTESIAN_POINT('',(24.823501,18.58389803375,69.174688));
#1921 = LINE('',#1922,#1923);
#1922 = CARTESIAN_POINT('',(24.823501,-249.875,69.174688));
#1923 = VECTOR('',#1924,1.);
#1924 = DIRECTION('',(0.,1.,0.));
#1925 = ORIENTED_EDGE('',*,*,#1926,.F.);
#1926 = EDGE_CURVE('',#1927,#1919,#1929,.T.);
#1927 = VERTEX_POINT('',#1928);
#1928 = CARTESIAN_POINT('',(20.323501,18.58389803375,69.174688));
#1929 = LINE('',#1930,#1931);
#1930 = CARTESIAN_POINT('',(18.323501,18.58389803375,69.174688));
#1931 = VECTOR('',#1932,1.);
#1932 = DIRECTION('',(1.,0.,2.22044604925E-16));
#1933 = ORIENTED_EDGE('',*,*,#1934,.T.);
#1934 = EDGE_CURVE('',#1927,#1935,#1937,.T.);
#1935 = VERTEX_POINT('',#1936);
#1936 = CARTESIAN_POINT('',(18.523501,16.398144406214,69.174688));
#1937 = HYPERBOLA('',#1938,3.,3.);
#1938 = AXIS2_PLACEMENT_3D('',#1939,#1940,#1941);
#1939 = CARTESIAN_POINT('',(24.823501,21.938,69.174688));
#1940 = DIRECTION('',(0.,0.,1.));
#1941 = DIRECTION('',(-1.,0.,0.));
#1942 = ORIENTED_EDGE('',*,*,#1943,.F.);
#1943 = EDGE_CURVE('',#1944,#1935,#1946,.T.);
#1944 = VERTEX_POINT('',#1945);
#1945 = CARTESIAN_POINT('',(17.537579743891,15.512641988086,
    69.174688003779));
#1946 = B_SPLINE_CURVE_WITH_KNOTS('',6,(#1947,#1948,#1949,#1950,#1951,
    #1952,#1953,#1954,#1955,#1956,#1957,#1958,#1959,#1960,#1961,#1962,
    #1963,#1964,#1965,#1966,#1967,#1968,#1969,#1970,#1971,#1972,#1973,
    #1974,#1975,#1976,#1977,#1978),.UNSPECIFIED.,.F.,.F.,(7,5,5,5,5,5,7)
  ,(0.,0.106944972858,0.365137784625,0.585340350712,0.676101167153,
    0.806259419745,1.),.UNSPECIFIED.);
#1947 = CARTESIAN_POINT('',(6.223501,14.306486383018,69.174688));
#1948 = CARTESIAN_POINT('',(6.439037068173,14.207521426747,69.174688));
#1949 = CARTESIAN_POINT('',(6.657216955903,14.114375096652,69.174688));
#1950 = CARTESIAN_POINT('',(6.877813243615,14.02706418818,69.174688));
#1951 = CARTESIAN_POINT('',(7.100606121207,13.945601191621,69.174688));
#1952 = CARTESIAN_POINT('',(7.325383388046,13.869994292113,69.174688));
#1953 = CARTESIAN_POINT('',(8.098907776974,13.631860267888,69.174688));
#1954 = CARTESIAN_POINT('',(8.65621110216,13.497641924339,69.174688));
#1955 = CARTESIAN_POINT('',(9.221036783344,13.397627608465,69.174688));
#1956 = CARTESIAN_POINT('',(9.790682833927,13.331823894377,69.174688));
#1957 = CARTESIAN_POINT('',(10.36255271256,13.300183024391,69.174688));
#1958 = CARTESIAN_POINT('',(11.421668104667,13.304810335863,69.174688));
#1959 = CARTESIAN_POINT('',(11.908946996456,13.331770746981,69.174688));
#1960 = CARTESIAN_POINT('',(12.39444612765,13.383542056653,69.174688));
#1961 = CARTESIAN_POINT('',(12.876561434956,13.460103997278,69.174688));
#1962 = CARTESIAN_POINT('',(13.353639007518,13.56142208017,69.174688));
#1963 = CARTESIAN_POINT('',(14.017833519127,13.739372365706,69.174688));
#1964 = CARTESIAN_POINT('',(14.21054380687,13.795505032853,69.174688));
#1965 = CARTESIAN_POINT('',(14.401984798077,13.855827399255,69.174688));
#1966 = CARTESIAN_POINT('',(14.592031931758,13.920332960683,69.174688));
#1967 = CARTESIAN_POINT('',(14.780557359119,13.989013364506,69.174688));
#1968 = CARTESIAN_POINT('',(15.235420140231,14.166324016814,69.174688));
#1969 = CARTESIAN_POINT('',(15.500009858884,14.279353870183,69.174688));
#1970 = CARTESIAN_POINT('',(15.760813531717,14.400917415153,69.174688));
#1971 = CARTESIAN_POINT('',(16.017425938166,14.530972244565,69.174688));
#1972 = CARTESIAN_POINT('',(16.269424241619,14.669460036869,69.174688));
#1973 = CARTESIAN_POINT('',(16.883948866747,15.034877516018,69.174688));
#1974 = CARTESIAN_POINT('',(17.240328986497,15.271961180326,69.174688));
#1975 = CARTESIAN_POINT('',(17.584065837146,15.527294035054,69.174688));
#1976 = CARTESIAN_POINT('',(17.913600621447,15.800499200326,69.174688));
#1977 = CARTESIAN_POINT('',(18.227300866984,16.0910344672,69.174688));
#1978 = CARTESIAN_POINT('',(18.523501,16.398144396366,69.174688));
#1979 = ORIENTED_EDGE('',*,*,#1980,.F.);
#1980 = EDGE_CURVE('',#1981,#1944,#1983,.T.);
#1981 = VERTEX_POINT('',#1982);
#1982 = CARTESIAN_POINT('',(17.823501,15.512642,69.174688));
#1983 = LINE('',#1984,#1985);
#1984 = CARTESIAN_POINT('',(11.70888325,15.512642,69.174688));
#1985 = VECTOR('',#1986,1.);
#1986 = DIRECTION('',(-1.,0.,0.));
#1987 = ORIENTED_EDGE('',*,*,#1988,.F.);
#1988 = EDGE_CURVE('',#1989,#1981,#1991,.T.);
#1989 = VERTEX_POINT('',#1990);
#1990 = CARTESIAN_POINT('',(17.823501,9.512642,69.174688));
#1991 = LINE('',#1992,#1993);
#1992 = CARTESIAN_POINT('',(17.823501,11.118679,69.174688));
#1993 = VECTOR('',#1994,1.);
#1994 = DIRECTION('',(0.,1.,0.));
#1995 = ORIENTED_EDGE('',*,*,#1996,.T.);
#1996 = EDGE_CURVE('',#1989,#1997,#1999,.T.);
#1997 = VERTEX_POINT('',#1998);
#1998 = CARTESIAN_POINT('',(10.337344,9.512642,69.174688));
#1999 = LINE('',#2000,#2001);
#2000 = CARTESIAN_POINT('',(11.70888325,9.512642,69.174688));
#2001 = VECTOR('',#2002,1.);
#2002 = DIRECTION('',(-1.,0.,0.));
#2003 = ORIENTED_EDGE('',*,*,#2004,.F.);
#2004 = EDGE_CURVE('',#2005,#1997,#2007,.T.);
#2005 = VERTEX_POINT('',#2006);
#2006 = CARTESIAN_POINT('',(10.337343999789,13.315589220771,
    69.17468799741));
#2007 = LINE('',#2008,#2009);
#2008 = CARTESIAN_POINT('',(10.337344,-10.618679,69.174688));
#2009 = VECTOR('',#2010,1.);
#2010 = DIRECTION('',(0.,-1.,0.));
#2011 = ORIENTED_EDGE('',*,*,#2012,.F.);
#2012 = EDGE_CURVE('',#2013,#2005,#2015,.T.);
#2013 = VERTEX_POINT('',#2014);
#2014 = CARTESIAN_POINT('',(6.223501,14.306486388664,69.174688));
#2015 = B_SPLINE_CURVE_WITH_KNOTS('',6,(#2016,#2017,#2018,#2019,#2020,
    #2021,#2022,#2023,#2024,#2025,#2026,#2027,#2028,#2029,#2030,#2031,
    #2032,#2033,#2034,#2035,#2036,#2037,#2038,#2039,#2040,#2041,#2042,
    #2043,#2044,#2045,#2046,#2047),.UNSPECIFIED.,.F.,.F.,(7,5,5,5,5,5,7)
  ,(0.,0.106944972858,0.365137784625,0.585340350712,0.676101167153,
    0.806259419745,1.),.UNSPECIFIED.);
#2016 = CARTESIAN_POINT('',(6.223501,14.306486383018,69.174688));
#2017 = CARTESIAN_POINT('',(6.439037068173,14.207521426747,69.174688));
#2018 = CARTESIAN_POINT('',(6.657216955903,14.114375096652,69.174688));
#2019 = CARTESIAN_POINT('',(6.877813243615,14.02706418818,69.174688));
#2020 = CARTESIAN_POINT('',(7.100606121207,13.945601191621,69.174688));
#2021 = CARTESIAN_POINT('',(7.325383388046,13.869994292113,69.174688));
#2022 = CARTESIAN_POINT('',(8.098907776974,13.631860267888,69.174688));
#2023 = CARTESIAN_POINT('',(8.65621110216,13.497641924339,69.174688));
#2024 = CARTESIAN_POINT('',(9.221036783344,13.397627608465,69.174688));
#2025 = CARTESIAN_POINT('',(9.790682833927,13.331823894377,69.174688));
#2026 = CARTESIAN_POINT('',(10.36255271256,13.300183024391,69.174688));
#2027 = CARTESIAN_POINT('',(11.421668104667,13.304810335863,69.174688));
#2028 = CARTESIAN_POINT('',(11.908946996456,13.331770746981,69.174688));
#2029 = CARTESIAN_POINT('',(12.39444612765,13.383542056653,69.174688));
#2030 = CARTESIAN_POINT('',(12.876561434956,13.460103997278,69.174688));
#2031 = CARTESIAN_POINT('',(13.353639007518,13.56142208017,69.174688));
#2032 = CARTESIAN_POINT('',(14.017833519127,13.739372365706,69.174688));
#2033 = CARTESIAN_POINT('',(14.21054380687,13.795505032853,69.174688));
#2034 = CARTESIAN_POINT('',(14.401984798077,13.855827399255,69.174688));
#2035 = CARTESIAN_POINT('',(14.592031931758,13.920332960683,69.174688));
#2036 = CARTESIAN_POINT('',(14.780557359119,13.989013364506,69.174688));
#2037 = CARTESIAN_POINT('',(15.235420140231,14.166324016814,69.174688));
#2038 = CARTESIAN_POINT('',(15.500009858884,14.279353870183,69.174688));
#2039 = CARTESIAN_POINT('',(15.760813531717,14.400917415153,69.174688));
#2040 = CARTESIAN_POINT('',(16.017425938166,14.530972244565,69.174688));
#2041 = CARTESIAN_POINT('',(16.269424241619,14.669460036869,69.174688));
#2042 = CARTESIAN_POINT('',(16.883948866747,15.034877516018,69.174688));
#2043 = CARTESIAN_POINT('',(17.240328986497,15.271961180326,69.174688));
#2044 = CARTESIAN_POINT('',(17.584065837146,15.527294035054,69.174688));
#2045 = CARTESIAN_POINT('',(17.913600621447,15.800499200326,69.174688));
#2046 = CARTESIAN_POINT('',(18.227300866984,16.0910344672,69.174688));
#2047 = CARTESIAN_POINT('',(18.523501,16.398144396366,69.174688));
#2048 = ORIENTED_EDGE('',*,*,#2049,.T.);
#2049 = EDGE_CURVE('',#2013,#1648,#2050,.T.);
#2050 = B_SPLINE_CURVE_WITH_KNOTS('',8,(#2051,#2052,#2053,#2054,#2055,
    #2056,#2057,#2058,#2059,#2060,#2061,#2062,#2063,#2064,#2065,#2066,
    #2067,#2068,#2069,#2070,#2071,#2072,#2073,#2074,#2075,#2076,#2077,
    #2078,#2079,#2080,#2081,#2082,#2083,#2084,#2085,#2086,#2087,#2088,
    #2089,#2090,#2091,#2092,#2093,#2094),.UNSPECIFIED.,.F.,.F.,(9,7,7,7,
    7,7,9),(0.,0.113946116496,0.294614329158,0.502141986818,
    0.705214921183,0.893279664404,1.),.UNSPECIFIED.);
#2051 = CARTESIAN_POINT('',(6.223501,14.306486383018,69.174688));
#2052 = CARTESIAN_POINT('',(6.096935959423,14.48744423206,69.174688));
#2053 = CARTESIAN_POINT('',(5.985314644805,14.678545171939,69.174688));
#2054 = CARTESIAN_POINT('',(5.886994822854,14.877322560828,69.174688));
#2055 = CARTESIAN_POINT('',(5.80007174458,15.081611349389,69.174688));
#2056 = CARTESIAN_POINT('',(5.722753616225,15.289722561027,69.174688));
#2057 = CARTESIAN_POINT('',(5.65347411083,15.500498466094,69.174688));
#2058 = CARTESIAN_POINT('',(5.590878599185,15.713312024363,69.174688));
#2059 = CARTESIAN_POINT('',(5.443352277444,16.268592076254,69.174688));
#2060 = CARTESIAN_POINT('',(5.367050219256,16.613082980559,69.174688));
#2061 = CARTESIAN_POINT('',(5.300477824762,16.960133844958,69.174688));
#2062 = CARTESIAN_POINT('',(5.241072208534,17.308847225704,69.174688));
#2063 = CARTESIAN_POINT('',(5.187179200486,17.658649688915,69.174688));
#2064 = CARTESIAN_POINT('',(5.137947149457,18.00927593395,69.174688));
#2065 = CARTESIAN_POINT('',(5.092994613676,18.360704248918,69.174688));
#2066 = CARTESIAN_POINT('',(5.005516520354,19.117967218326,69.174688));
#2067 = CARTESIAN_POINT('',(4.964382336519,19.523798541912,69.174688));
#2068 = CARTESIAN_POINT('',(4.928852003364,19.930481726333,69.174688));
#2069 = CARTESIAN_POINT('',(4.899476741621,20.337894088986,69.174688));
#2070 = CARTESIAN_POINT('',(4.876990267741,20.745909648127,69.174688));
#2071 = CARTESIAN_POINT('',(4.861995976187,21.154374612802,69.174688));
#2072 = CARTESIAN_POINT('',(4.854787120907,21.563091819403,69.174688));
#2073 = CARTESIAN_POINT('',(4.855900305013,22.371767937732,69.174688));
#2074 = CARTESIAN_POINT('',(4.863892210702,22.771684284726,69.174688));
#2075 = CARTESIAN_POINT('',(4.879308758863,23.17133950163,69.174688));
#2076 = CARTESIAN_POINT('',(4.901851773844,23.570551181709,69.174688));
#2077 = CARTESIAN_POINT('',(4.930948937649,23.969176433347,69.174688));
#2078 = CARTESIAN_POINT('',(4.965920137072,24.367097817239,69.174688));
#2079 = CARTESIAN_POINT('',(5.006259758031,24.764201589675,69.174688));
#2080 = CARTESIAN_POINT('',(5.094344093746,25.52722155987,69.174688));
#2081 = CARTESIAN_POINT('',(5.141282946725,25.892937659116,69.174688));
#2082 = CARTESIAN_POINT('',(5.192854141571,26.257786014487,69.174688));
#2083 = CARTESIAN_POINT('',(5.249509301965,26.621764565576,69.174688));
#2084 = CARTESIAN_POINT('',(5.312246114102,26.98456344103,69.174688));
#2085 = CARTESIAN_POINT('',(5.383044006502,27.345477192869,69.174688));
#2086 = CARTESIAN_POINT('',(5.464950377374,27.703395319295,69.174688));
#2087 = CARTESIAN_POINT('',(5.619226265703,28.256934420906,69.174688));
#2088 = CARTESIAN_POINT('',(5.680312176404,28.455486142737,69.174688));
#2089 = CARTESIAN_POINT('',(5.747636832141,28.652038727231,69.174688));
#2090 = CARTESIAN_POINT('',(5.822367771603,28.84600043932,69.174688));
#2091 = CARTESIAN_POINT('',(5.905833052304,29.036349518071,69.174688));
#2092 = CARTESIAN_POINT('',(5.999519509497,29.221639123476,69.174688));
#2093 = CARTESIAN_POINT('',(6.104972837309,29.400046588222,69.174688));
#2094 = CARTESIAN_POINT('',(6.223501,29.569513616982,69.174688));
#2095 = FACE_BOUND('',#2096,.T.);
#2096 = EDGE_LOOP('',(#2097,#2107,#2115,#2123));
#2097 = ORIENTED_EDGE('',*,*,#2098,.F.);
#2098 = EDGE_CURVE('',#2099,#2101,#2103,.T.);
#2099 = VERTEX_POINT('',#2100);
#2100 = CARTESIAN_POINT('',(10.337344,-2.487358,69.174688));
#2101 = VERTEX_POINT('',#2102);
#2102 = CARTESIAN_POINT('',(10.337344,-8.487358,69.174688));
#2103 = LINE('',#2104,#2105);
#2104 = CARTESIAN_POINT('',(10.337344,-10.618679,69.174688));
#2105 = VECTOR('',#2106,1.);
#2106 = DIRECTION('',(0.,-1.,0.));
#2107 = ORIENTED_EDGE('',*,*,#2108,.F.);
#2108 = EDGE_CURVE('',#2109,#2099,#2111,.T.);
#2109 = VERTEX_POINT('',#2110);
#2110 = CARTESIAN_POINT('',(17.823501,-2.487358,69.174688));
#2111 = LINE('',#2112,#2113);
#2112 = CARTESIAN_POINT('',(11.70888325,-2.487358,69.174688));
#2113 = VECTOR('',#2114,1.);
#2114 = DIRECTION('',(-1.,0.,0.));
#2115 = ORIENTED_EDGE('',*,*,#2116,.F.);
#2116 = EDGE_CURVE('',#2117,#2109,#2119,.T.);
#2117 = VERTEX_POINT('',#2118);
#2118 = CARTESIAN_POINT('',(17.823501,-8.487358,69.174688));
#2119 = LINE('',#2120,#2121);
#2120 = CARTESIAN_POINT('',(17.823501,11.118679,69.174688));
#2121 = VECTOR('',#2122,1.);
#2122 = DIRECTION('',(0.,1.,0.));
#2123 = ORIENTED_EDGE('',*,*,#2124,.T.);
#2124 = EDGE_CURVE('',#2117,#2101,#2125,.T.);
#2125 = LINE('',#2126,#2127);
#2126 = CARTESIAN_POINT('',(11.70888325,-8.487358,69.174688));
#2127 = VECTOR('',#2128,1.);
#2128 = DIRECTION('',(-1.,0.,0.));
#2129 = FACE_BOUND('',#2130,.T.);
#2130 = EDGE_LOOP('',(#2131,#2141,#2149,#2157));
#2131 = ORIENTED_EDGE('',*,*,#2132,.F.);
#2132 = EDGE_CURVE('',#2133,#2135,#2137,.T.);
#2133 = VERTEX_POINT('',#2134);
#2134 = CARTESIAN_POINT('',(10.337344,6.512642,69.174688));
#2135 = VERTEX_POINT('',#2136);
#2136 = CARTESIAN_POINT('',(10.337344,0.512642,69.174688));
#2137 = LINE('',#2138,#2139);
#2138 = CARTESIAN_POINT('',(10.337344,-10.618679,69.174688));
#2139 = VECTOR('',#2140,1.);
#2140 = DIRECTION('',(0.,-1.,0.));
#2141 = ORIENTED_EDGE('',*,*,#2142,.F.);
#2142 = EDGE_CURVE('',#2143,#2133,#2145,.T.);
#2143 = VERTEX_POINT('',#2144);
#2144 = CARTESIAN_POINT('',(17.823501,6.512642,69.174688));
#2145 = LINE('',#2146,#2147);
#2146 = CARTESIAN_POINT('',(11.70888325,6.512642,69.174688));
#2147 = VECTOR('',#2148,1.);
#2148 = DIRECTION('',(-1.,0.,0.));
#2149 = ORIENTED_EDGE('',*,*,#2150,.F.);
#2150 = EDGE_CURVE('',#2151,#2143,#2153,.T.);
#2151 = VERTEX_POINT('',#2152);
#2152 = CARTESIAN_POINT('',(17.823501,0.512642,69.174688));
#2153 = LINE('',#2154,#2155);
#2154 = CARTESIAN_POINT('',(17.823501,11.118679,69.174688));
#2155 = VECTOR('',#2156,1.);
#2156 = DIRECTION('',(0.,1.,0.));
#2157 = ORIENTED_EDGE('',*,*,#2158,.T.);
#2158 = EDGE_CURVE('',#2151,#2135,#2159,.T.);
#2159 = LINE('',#2160,#2161);
#2160 = CARTESIAN_POINT('',(11.70888325,0.512642,69.174688));
#2161 = VECTOR('',#2162,1.);
#2162 = DIRECTION('',(-1.,0.,0.));
#2163 = PLANE('',#2164);
#2164 = AXIS2_PLACEMENT_3D('',#2165,#2166,#2167);
#2165 = CARTESIAN_POINT('',(14.0804225,0.25,69.174688));
#2166 = DIRECTION('',(0.,0.,1.));
#2167 = DIRECTION('',(1.,0.,0.));
#2168 = ADVANCED_FACE('',(#2169),#2218,.T.);
#2169 = FACE_BOUND('',#2170,.T.);
#2170 = EDGE_LOOP('',(#2171,#2179,#2180,#2188,#2194,#2202,#2211));
#2171 = ORIENTED_EDGE('',*,*,#2172,.F.);
#2172 = EDGE_CURVE('',#938,#2173,#2175,.T.);
#2173 = VERTEX_POINT('',#2174);
#2174 = CARTESIAN_POINT('',(24.823501,-23.41610196625,69.174688));
#2175 = LINE('',#2176,#2177);
#2176 = CARTESIAN_POINT('',(24.823501,-249.875,69.174688));
#2177 = VECTOR('',#2178,1.);
#2178 = DIRECTION('',(0.,1.,0.));
#2179 = ORIENTED_EDGE('',*,*,#937,.T.);
#2180 = ORIENTED_EDGE('',*,*,#2181,.T.);
#2181 = EDGE_CURVE('',#930,#2182,#2184,.T.);
#2182 = VERTEX_POINT('',#2183);
#2183 = CARTESIAN_POINT('',(24.823501,-0.8,66.374688));
#2184 = LINE('',#2185,#2186);
#2185 = CARTESIAN_POINT('',(24.823501,-264.743679,66.374688));
#2186 = VECTOR('',#2187,1.);
#2187 = DIRECTION('',(0.,1.,0.));
#2188 = ORIENTED_EDGE('',*,*,#2189,.F.);
#2189 = EDGE_CURVE('',#1911,#2182,#2190,.T.);
#2190 = LINE('',#2191,#2192);
#2191 = CARTESIAN_POINT('',(24.823501,-0.8,69.274688));
#2192 = VECTOR('',#2193,1.);
#2193 = DIRECTION('',(2.22044604925E-16,0.,-1.));
#2194 = ORIENTED_EDGE('',*,*,#2195,.F.);
#2195 = EDGE_CURVE('',#2196,#1911,#2198,.T.);
#2196 = VERTEX_POINT('',#2197);
#2197 = CARTESIAN_POINT('',(24.823501,-16.70789803375,69.174688));
#2198 = LINE('',#2199,#2200);
#2199 = CARTESIAN_POINT('',(24.823501,-249.875,69.174688));
#2200 = VECTOR('',#2201,1.);
#2201 = DIRECTION('',(0.,1.,0.));
#2202 = ORIENTED_EDGE('',*,*,#2203,.F.);
#2203 = EDGE_CURVE('',#2204,#2196,#2206,.T.);
#2204 = VERTEX_POINT('',#2205);
#2205 = CARTESIAN_POINT('',(24.823501,-20.062,67.674688));
#2206 = CIRCLE('',#2207,4.5);
#2207 = AXIS2_PLACEMENT_3D('',#2208,#2209,#2210);
#2208 = CARTESIAN_POINT('',(24.823501,-20.062,72.174688));
#2209 = DIRECTION('',(1.,-0.,2.22044604925E-16));
#2210 = DIRECTION('',(2.22044604925E-16,0.,-1.));
#2211 = ORIENTED_EDGE('',*,*,#2212,.F.);
#2212 = EDGE_CURVE('',#2173,#2204,#2213,.T.);
#2213 = CIRCLE('',#2214,4.5);
#2214 = AXIS2_PLACEMENT_3D('',#2215,#2216,#2217);
#2215 = CARTESIAN_POINT('',(24.823501,-20.062,72.174688));
#2216 = DIRECTION('',(1.,-0.,2.22044604925E-16));
#2217 = DIRECTION('',(2.22044604925E-16,0.,-1.));
#2218 = PLANE('',#2219);
#2219 = AXIS2_PLACEMENT_3D('',#2220,#2221,#2222);
#2220 = CARTESIAN_POINT('',(24.823501,-500.,541.737344));
#2221 = DIRECTION('',(1.,0.,2.22044604925E-16));
#2222 = DIRECTION('',(2.22044604925E-16,0.,-1.));
#2223 = ADVANCED_FACE('',(#2224),#2330,.T.);
#2224 = FACE_BOUND('',#2225,.T.);
#2225 = EDGE_LOOP('',(#2226,#2232,#2238,#2244,#2245,#2253,#2261,#2269,
    #2277,#2285,#2291,#2299,#2307,#2315,#2323,#2329));
#2226 = ORIENTED_EDGE('',*,*,#2227,.F.);
#2227 = EDGE_CURVE('',#1051,#922,#2228,.T.);
#2228 = LINE('',#2229,#2230);
#2229 = CARTESIAN_POINT('',(18.123501,-29.487358,66.374688));
#2230 = VECTOR('',#2231,1.);
#2231 = DIRECTION('',(1.,0.,2.22044604925E-16));
#2232 = ORIENTED_EDGE('',*,*,#2233,.T.);
#2233 = EDGE_CURVE('',#1051,#1011,#2234,.T.);
#2234 = LINE('',#2235,#2236);
#2235 = CARTESIAN_POINT('',(18.223501,-249.875,66.374688));
#2236 = VECTOR('',#2237,1.);
#2237 = DIRECTION('',(0.,1.,0.));
#2238 = ORIENTED_EDGE('',*,*,#2239,.T.);
#2239 = EDGE_CURVE('',#1011,#654,#2240,.T.);
#2240 = LINE('',#2241,#2242);
#2241 = CARTESIAN_POINT('',(18.123501,29.987358,66.374688));
#2242 = VECTOR('',#2243,1.);
#2243 = DIRECTION('',(1.,0.,2.22044604925E-16));
#2244 = ORIENTED_EDGE('',*,*,#653,.F.);
#2245 = ORIENTED_EDGE('',*,*,#2246,.F.);
#2246 = EDGE_CURVE('',#2247,#646,#2249,.T.);
#2247 = VERTEX_POINT('',#2248);
#2248 = CARTESIAN_POINT('',(22.237344,25.487358,66.374688));
#2249 = LINE('',#2250,#2251);
#2250 = CARTESIAN_POINT('',(19.1804225,25.487358,66.374688));
#2251 = VECTOR('',#2252,1.);
#2252 = DIRECTION('',(1.,0.,2.22044604925E-16));
#2253 = ORIENTED_EDGE('',*,*,#2254,.F.);
#2254 = EDGE_CURVE('',#2255,#2247,#2257,.T.);
#2255 = VERTEX_POINT('',#2256);
#2256 = CARTESIAN_POINT('',(20.237344,25.487358,66.374688));
#2257 = LINE('',#2258,#2259);
#2258 = CARTESIAN_POINT('',(19.1804225,25.487358,66.374688));
#2259 = VECTOR('',#2260,1.);
#2260 = DIRECTION('',(1.,0.,2.22044604925E-16));
#2261 = ORIENTED_EDGE('',*,*,#2262,.T.);
#2262 = EDGE_CURVE('',#2255,#2263,#2265,.T.);
#2263 = VERTEX_POINT('',#2264);
#2264 = CARTESIAN_POINT('',(20.237344,21.8,66.374688));
#2265 = LINE('',#2266,#2267);
#2266 = CARTESIAN_POINT('',(20.237344,-3.843679,66.374688));
#2267 = VECTOR('',#2268,1.);
#2268 = DIRECTION('',(0.,-1.,0.));
#2269 = ORIENTED_EDGE('',*,*,#2270,.T.);
#2270 = EDGE_CURVE('',#2263,#2271,#2273,.T.);
#2271 = VERTEX_POINT('',#2272);
#2272 = CARTESIAN_POINT('',(22.237344,21.8,66.374688));
#2273 = LINE('',#2274,#2275);
#2274 = CARTESIAN_POINT('',(19.1804225,21.8,66.374688));
#2275 = VECTOR('',#2276,1.);
#2276 = DIRECTION('',(1.,0.,2.22044604925E-16));
#2277 = ORIENTED_EDGE('',*,*,#2278,.T.);
#2278 = EDGE_CURVE('',#2271,#2279,#2281,.T.);
#2279 = VERTEX_POINT('',#2280);
#2280 = CARTESIAN_POINT('',(24.823501,21.8,66.374688));
#2281 = LINE('',#2282,#2283);
#2282 = CARTESIAN_POINT('',(19.1804225,21.8,66.374688));
#2283 = VECTOR('',#2284,1.);
#2284 = DIRECTION('',(1.,0.,2.22044604925E-16));
#2285 = ORIENTED_EDGE('',*,*,#2286,.F.);
#2286 = EDGE_CURVE('',#2182,#2279,#2287,.T.);
#2287 = LINE('',#2288,#2289);
#2288 = CARTESIAN_POINT('',(24.823501,-264.743679,66.374688));
#2289 = VECTOR('',#2290,1.);
#2290 = DIRECTION('',(0.,1.,0.));
#2291 = ORIENTED_EDGE('',*,*,#2292,.F.);
#2292 = EDGE_CURVE('',#2293,#2182,#2295,.T.);
#2293 = VERTEX_POINT('',#2294);
#2294 = CARTESIAN_POINT('',(22.237344,-0.8,66.374688));
#2295 = LINE('',#2296,#2297);
#2296 = CARTESIAN_POINT('',(19.1804225,-0.8,66.374688));
#2297 = VECTOR('',#2298,1.);
#2298 = DIRECTION('',(1.,0.,2.22044604925E-16));
#2299 = ORIENTED_EDGE('',*,*,#2300,.F.);
#2300 = EDGE_CURVE('',#2301,#2293,#2303,.T.);
#2301 = VERTEX_POINT('',#2302);
#2302 = CARTESIAN_POINT('',(20.237344,-0.8,66.374688));
#2303 = LINE('',#2304,#2305);
#2304 = CARTESIAN_POINT('',(19.1804225,-0.8,66.374688));
#2305 = VECTOR('',#2306,1.);
#2306 = DIRECTION('',(1.,0.,2.22044604925E-16));
#2307 = ORIENTED_EDGE('',*,*,#2308,.T.);
#2308 = EDGE_CURVE('',#2301,#2309,#2311,.T.);
#2309 = VERTEX_POINT('',#2310);
#2310 = CARTESIAN_POINT('',(20.237344,-25.487358,66.374688));
#2311 = LINE('',#2312,#2313);
#2312 = CARTESIAN_POINT('',(20.237344,-27.487358,66.374688));
#2313 = VECTOR('',#2314,1.);
#2314 = DIRECTION('',(0.,-1.,0.));
#2315 = ORIENTED_EDGE('',*,*,#2316,.T.);
#2316 = EDGE_CURVE('',#2309,#2317,#2319,.T.);
#2317 = VERTEX_POINT('',#2318);
#2318 = CARTESIAN_POINT('',(22.237344,-25.487358,66.374688));
#2319 = LINE('',#2320,#2321);
#2320 = CARTESIAN_POINT('',(19.1804225,-25.487358,66.374688));
#2321 = VECTOR('',#2322,1.);
#2322 = DIRECTION('',(1.,0.,2.22044604925E-16));
#2323 = ORIENTED_EDGE('',*,*,#2324,.T.);
#2324 = EDGE_CURVE('',#2317,#930,#2325,.T.);
#2325 = LINE('',#2326,#2327);
#2326 = CARTESIAN_POINT('',(19.1804225,-25.487358,66.374688));
#2327 = VECTOR('',#2328,1.);
#2328 = DIRECTION('',(1.,0.,2.22044604925E-16));
#2329 = ORIENTED_EDGE('',*,*,#929,.F.);
#2330 = PLANE('',#2331);
#2331 = AXIS2_PLACEMENT_3D('',#2332,#2333,#2334);
#2332 = CARTESIAN_POINT('',(18.123501,-29.487358,66.374688));
#2333 = DIRECTION('',(2.22044604925E-16,0.,-1.));
#2334 = DIRECTION('',(1.,0.,2.22044604925E-16));
#2335 = ADVANCED_FACE('',(#2336),#2464,.T.);
#2336 = FACE_BOUND('',#2337,.T.);
#2337 = EDGE_LOOP('',(#2338,#2344,#2345,#2346,#2347,#2355,#2363,#2371,
    #2379,#2385,#2386,#2394,#2402,#2410,#2418,#2424,#2425,#2433,#2441,
    #2449,#2457,#2463));
#2338 = ORIENTED_EDGE('',*,*,#2339,.F.);
#2339 = EDGE_CURVE('',#1043,#818,#2340,.T.);
#2340 = LINE('',#2341,#2342);
#2341 = CARTESIAN_POINT('',(18.123501,-29.487358,17.1));
#2342 = VECTOR('',#2343,1.);
#2343 = DIRECTION('',(1.,0.,2.22044604925E-16));
#2344 = ORIENTED_EDGE('',*,*,#1050,.T.);
#2345 = ORIENTED_EDGE('',*,*,#2227,.T.);
#2346 = ORIENTED_EDGE('',*,*,#921,.F.);
#2347 = ORIENTED_EDGE('',*,*,#2348,.T.);
#2348 = EDGE_CURVE('',#914,#2349,#2351,.T.);
#2349 = VERTEX_POINT('',#2350);
#2350 = CARTESIAN_POINT('',(22.237344,-29.487358,60.974688));
#2351 = LINE('',#2352,#2353);
#2352 = CARTESIAN_POINT('',(19.1804225,-29.487358,60.974688));
#2353 = VECTOR('',#2354,1.);
#2354 = DIRECTION('',(-1.,0.,-2.22044604925E-16));
#2355 = ORIENTED_EDGE('',*,*,#2356,.T.);
#2356 = EDGE_CURVE('',#2349,#2357,#2359,.T.);
#2357 = VERTEX_POINT('',#2358);
#2358 = CARTESIAN_POINT('',(20.237344,-29.487358,60.974688));
#2359 = LINE('',#2360,#2361);
#2360 = CARTESIAN_POINT('',(19.1804225,-29.487358,60.974688));
#2361 = VECTOR('',#2362,1.);
#2362 = DIRECTION('',(-1.,0.,-2.22044604925E-16));
#2363 = ORIENTED_EDGE('',*,*,#2364,.T.);
#2364 = EDGE_CURVE('',#2357,#2365,#2367,.T.);
#2365 = VERTEX_POINT('',#2366);
#2366 = CARTESIAN_POINT('',(20.237344,-29.487358,48.562344));
#2367 = LINE('',#2368,#2369);
#2368 = CARTESIAN_POINT('',(20.237344,-29.487358,63.674688));
#2369 = VECTOR('',#2370,1.);
#2370 = DIRECTION('',(2.22044604925E-16,0.,-1.));
#2371 = ORIENTED_EDGE('',*,*,#2372,.F.);
#2372 = EDGE_CURVE('',#2373,#2365,#2375,.T.);
#2373 = VERTEX_POINT('',#2374);
#2374 = CARTESIAN_POINT('',(22.237344,-29.487358,48.562344));
#2375 = LINE('',#2376,#2377);
#2376 = CARTESIAN_POINT('',(19.1804225,-29.487358,48.562344));
#2377 = VECTOR('',#2378,1.);
#2378 = DIRECTION('',(-1.,0.,-2.22044604925E-16));
#2379 = ORIENTED_EDGE('',*,*,#2380,.F.);
#2380 = EDGE_CURVE('',#890,#2373,#2381,.T.);
#2381 = LINE('',#2382,#2383);
#2382 = CARTESIAN_POINT('',(19.1804225,-29.487358,48.562344));
#2383 = VECTOR('',#2384,1.);
#2384 = DIRECTION('',(-1.,0.,-2.22044604925E-16));
#2385 = ORIENTED_EDGE('',*,*,#889,.F.);
#2386 = ORIENTED_EDGE('',*,*,#2387,.T.);
#2387 = EDGE_CURVE('',#882,#2388,#2390,.T.);
#2388 = VERTEX_POINT('',#2389);
#2389 = CARTESIAN_POINT('',(22.237344,-29.487358,34.962344));
#2390 = LINE('',#2391,#2392);
#2391 = CARTESIAN_POINT('',(19.1804225,-29.487358,34.962344));
#2392 = VECTOR('',#2393,1.);
#2393 = DIRECTION('',(-1.,0.,-2.22044604925E-16));
#2394 = ORIENTED_EDGE('',*,*,#2395,.T.);
#2395 = EDGE_CURVE('',#2388,#2396,#2398,.T.);
#2396 = VERTEX_POINT('',#2397);
#2397 = CARTESIAN_POINT('',(20.237344,-29.487358,34.962344));
#2398 = LINE('',#2399,#2400);
#2399 = CARTESIAN_POINT('',(19.1804225,-29.487358,34.962344));
#2400 = VECTOR('',#2401,1.);
#2401 = DIRECTION('',(-1.,0.,-2.22044604925E-16));
#2402 = ORIENTED_EDGE('',*,*,#2403,.T.);
#2403 = EDGE_CURVE('',#2396,#2404,#2406,.T.);
#2404 = VERTEX_POINT('',#2405);
#2405 = CARTESIAN_POINT('',(20.237344,-29.487358,29.935344));
#2406 = LINE('',#2407,#2408);
#2407 = CARTESIAN_POINT('',(20.237344,-29.487358,50.668516));
#2408 = VECTOR('',#2409,1.);
#2409 = DIRECTION('',(2.22044604925E-16,0.,-1.));
#2410 = ORIENTED_EDGE('',*,*,#2411,.F.);
#2411 = EDGE_CURVE('',#2412,#2404,#2414,.T.);
#2412 = VERTEX_POINT('',#2413);
#2413 = CARTESIAN_POINT('',(22.237344,-29.487358,29.935344));
#2414 = LINE('',#2415,#2416);
#2415 = CARTESIAN_POINT('',(19.1804225,-29.487358,29.935344));
#2416 = VECTOR('',#2417,1.);
#2417 = DIRECTION('',(-1.,0.,-2.22044604925E-16));
#2418 = ORIENTED_EDGE('',*,*,#2419,.F.);
#2419 = EDGE_CURVE('',#858,#2412,#2420,.T.);
#2420 = LINE('',#2421,#2422);
#2421 = CARTESIAN_POINT('',(19.1804225,-29.487358,29.935344));
#2422 = VECTOR('',#2423,1.);
#2423 = DIRECTION('',(-1.,0.,-2.22044604925E-16));
#2424 = ORIENTED_EDGE('',*,*,#857,.F.);
#2425 = ORIENTED_EDGE('',*,*,#2426,.T.);
#2426 = EDGE_CURVE('',#850,#2427,#2429,.T.);
#2427 = VERTEX_POINT('',#2428);
#2428 = CARTESIAN_POINT('',(22.237344,-29.487358,27.935344));
#2429 = LINE('',#2430,#2431);
#2430 = CARTESIAN_POINT('',(19.1804225,-29.487358,27.935344));
#2431 = VECTOR('',#2432,1.);
#2432 = DIRECTION('',(-1.,0.,-2.22044604925E-16));
#2433 = ORIENTED_EDGE('',*,*,#2434,.T.);
#2434 = EDGE_CURVE('',#2427,#2435,#2437,.T.);
#2435 = VERTEX_POINT('',#2436);
#2436 = CARTESIAN_POINT('',(20.237344,-29.487358,27.935344));
#2437 = LINE('',#2438,#2439);
#2438 = CARTESIAN_POINT('',(19.1804225,-29.487358,27.935344));
#2439 = VECTOR('',#2440,1.);
#2440 = DIRECTION('',(-1.,0.,-2.22044604925E-16));
#2441 = ORIENTED_EDGE('',*,*,#2442,.T.);
#2442 = EDGE_CURVE('',#2435,#2443,#2445,.T.);
#2443 = VERTEX_POINT('',#2444);
#2444 = CARTESIAN_POINT('',(20.237344,-29.487358,22.5));
#2445 = LINE('',#2446,#2447);
#2446 = CARTESIAN_POINT('',(20.237344,-29.487358,47.155016));
#2447 = VECTOR('',#2448,1.);
#2448 = DIRECTION('',(2.22044604925E-16,0.,-1.));
#2449 = ORIENTED_EDGE('',*,*,#2450,.F.);
#2450 = EDGE_CURVE('',#2451,#2443,#2453,.T.);
#2451 = VERTEX_POINT('',#2452);
#2452 = CARTESIAN_POINT('',(22.237344,-29.487358,22.5));
#2453 = LINE('',#2454,#2455);
#2454 = CARTESIAN_POINT('',(19.1804225,-29.487358,22.5));
#2455 = VECTOR('',#2456,1.);
#2456 = DIRECTION('',(-1.,0.,-2.22044604925E-16));
#2457 = ORIENTED_EDGE('',*,*,#2458,.F.);
#2458 = EDGE_CURVE('',#826,#2451,#2459,.T.);
#2459 = LINE('',#2460,#2461);
#2460 = CARTESIAN_POINT('',(19.1804225,-29.487358,22.5));
#2461 = VECTOR('',#2462,1.);
#2462 = DIRECTION('',(-1.,0.,-2.22044604925E-16));
#2463 = ORIENTED_EDGE('',*,*,#825,.F.);
#2464 = PLANE('',#2465);
#2465 = AXIS2_PLACEMENT_3D('',#2466,#2467,#2468);
#2466 = CARTESIAN_POINT('',(18.123501,-29.487358,66.374688));
#2467 = DIRECTION('',(0.,1.,0.));
#2468 = DIRECTION('',(1.,0.,2.22044604925E-16));
#2469 = ADVANCED_FACE('',(#2470),#2481,.T.);
#2470 = FACE_BOUND('',#2471,.T.);
#2471 = EDGE_LOOP('',(#2472,#2478,#2479,#2480));
#2472 = ORIENTED_EDGE('',*,*,#2473,.T.);
#2473 = EDGE_CURVE('',#890,#914,#2474,.T.);
#2474 = LINE('',#2475,#2476);
#2475 = CARTESIAN_POINT('',(24.823501,-29.487358,304.056016));
#2476 = VECTOR('',#2477,1.);
#2477 = DIRECTION('',(-2.22044604925E-16,0.,1.));
#2478 = ORIENTED_EDGE('',*,*,#913,.F.);
#2479 = ORIENTED_EDGE('',*,*,#905,.T.);
#2480 = ORIENTED_EDGE('',*,*,#897,.T.);
#2481 = PLANE('',#2482);
#2482 = AXIS2_PLACEMENT_3D('',#2483,#2484,#2485);
#2483 = CARTESIAN_POINT('',(24.823501,-500.,541.737344));
#2484 = DIRECTION('',(1.,0.,2.22044604925E-16));
#2485 = DIRECTION('',(2.22044604925E-16,0.,-1.));
#2486 = ADVANCED_FACE('',(#2487),#2498,.T.);
#2487 = FACE_BOUND('',#2488,.T.);
#2488 = EDGE_LOOP('',(#2489,#2495,#2496,#2497));
#2489 = ORIENTED_EDGE('',*,*,#2490,.T.);
#2490 = EDGE_CURVE('',#858,#882,#2491,.T.);
#2491 = LINE('',#2492,#2493);
#2492 = CARTESIAN_POINT('',(24.823501,-29.487358,304.056016));
#2493 = VECTOR('',#2494,1.);
#2494 = DIRECTION('',(-2.22044604925E-16,0.,1.));
#2495 = ORIENTED_EDGE('',*,*,#881,.F.);
#2496 = ORIENTED_EDGE('',*,*,#873,.T.);
#2497 = ORIENTED_EDGE('',*,*,#865,.T.);
#2498 = PLANE('',#2499);
#2499 = AXIS2_PLACEMENT_3D('',#2500,#2501,#2502);
#2500 = CARTESIAN_POINT('',(24.823501,-500.,541.737344));
#2501 = DIRECTION('',(1.,0.,2.22044604925E-16));
#2502 = DIRECTION('',(2.22044604925E-16,0.,-1.));
#2503 = ADVANCED_FACE('',(#2504),#2515,.T.);
#2504 = FACE_BOUND('',#2505,.T.);
#2505 = EDGE_LOOP('',(#2506,#2512,#2513,#2514));
#2506 = ORIENTED_EDGE('',*,*,#2507,.T.);
#2507 = EDGE_CURVE('',#826,#850,#2508,.T.);
#2508 = LINE('',#2509,#2510);
#2509 = CARTESIAN_POINT('',(24.823501,-29.487358,304.056016));
#2510 = VECTOR('',#2511,1.);
#2511 = DIRECTION('',(-2.22044604925E-16,0.,1.));
#2512 = ORIENTED_EDGE('',*,*,#849,.F.);
#2513 = ORIENTED_EDGE('',*,*,#841,.T.);
#2514 = ORIENTED_EDGE('',*,*,#833,.T.);
#2515 = PLANE('',#2516);
#2516 = AXIS2_PLACEMENT_3D('',#2517,#2518,#2519);
#2517 = CARTESIAN_POINT('',(24.823501,-500.,541.737344));
#2518 = DIRECTION('',(1.,0.,2.22044604925E-16));
#2519 = DIRECTION('',(2.22044604925E-16,0.,-1.));
#2520 = ADVANCED_FACE('',(#2521),#2556,.F.);
#2521 = FACE_BOUND('',#2522,.F.);
#2522 = EDGE_LOOP('',(#2523,#2524,#2525,#2533,#2541,#2549,#2555));
#2523 = ORIENTED_EDGE('',*,*,#2339,.F.);
#2524 = ORIENTED_EDGE('',*,*,#1042,.T.);
#2525 = ORIENTED_EDGE('',*,*,#2526,.T.);
#2526 = EDGE_CURVE('',#1035,#2527,#2529,.T.);
#2527 = VERTEX_POINT('',#2528);
#2528 = CARTESIAN_POINT('',(20.237344,-14.161016,17.1));
#2529 = LINE('',#2530,#2531);
#2530 = CARTESIAN_POINT('',(18.213501,-14.161016,17.1));
#2531 = VECTOR('',#2532,1.);
#2532 = DIRECTION('',(1.,0.,2.22044604925E-16));
#2533 = ORIENTED_EDGE('',*,*,#2534,.T.);
#2534 = EDGE_CURVE('',#2527,#2535,#2537,.T.);
#2535 = VERTEX_POINT('',#2536);
#2536 = CARTESIAN_POINT('',(20.237344,-25.487358,17.1));
#2537 = LINE('',#2538,#2539);
#2538 = CARTESIAN_POINT('',(20.237344,-27.487358,17.1));
#2539 = VECTOR('',#2540,1.);
#2540 = DIRECTION('',(0.,-1.,0.));
#2541 = ORIENTED_EDGE('',*,*,#2542,.T.);
#2542 = EDGE_CURVE('',#2535,#2543,#2545,.T.);
#2543 = VERTEX_POINT('',#2544);
#2544 = CARTESIAN_POINT('',(22.237344,-25.487358,17.1));
#2545 = LINE('',#2546,#2547);
#2546 = CARTESIAN_POINT('',(19.1804225,-25.487358,17.1));
#2547 = VECTOR('',#2548,1.);
#2548 = DIRECTION('',(1.,0.,2.22044604925E-16));
#2549 = ORIENTED_EDGE('',*,*,#2550,.T.);
#2550 = EDGE_CURVE('',#2543,#810,#2551,.T.);
#2551 = LINE('',#2552,#2553);
#2552 = CARTESIAN_POINT('',(19.1804225,-25.487358,17.1));
#2553 = VECTOR('',#2554,1.);
#2554 = DIRECTION('',(1.,0.,2.22044604925E-16));
#2555 = ORIENTED_EDGE('',*,*,#817,.F.);
#2556 = PLANE('',#2557);
#2557 = AXIS2_PLACEMENT_3D('',#2558,#2559,#2560);
#2558 = CARTESIAN_POINT('',(18.123501,-29.487358,17.1));
#2559 = DIRECTION('',(2.22044604925E-16,0.,-1.));
#2560 = DIRECTION('',(1.,0.,2.22044604925E-16));
#2561 = ADVANCED_FACE('',(#2562),#2605,.T.);
#2562 = FACE_BOUND('',#2563,.T.);
#2563 = EDGE_LOOP('',(#2564,#2565,#2573,#2581,#2587,#2588,#2589,#2596,
    #2597,#2604));
#2564 = ORIENTED_EDGE('',*,*,#741,.F.);
#2565 = ORIENTED_EDGE('',*,*,#2566,.F.);
#2566 = EDGE_CURVE('',#2567,#734,#2569,.T.);
#2567 = VERTEX_POINT('',#2568);
#2568 = CARTESIAN_POINT('',(24.823501,0.438984,17.1));
#2569 = LINE('',#2570,#2571);
#2570 = CARTESIAN_POINT('',(24.823501,-264.743679,17.1));
#2571 = VECTOR('',#2572,1.);
#2572 = DIRECTION('',(0.,1.,0.));
#2573 = ORIENTED_EDGE('',*,*,#2574,.F.);
#2574 = EDGE_CURVE('',#2575,#2567,#2577,.T.);
#2575 = VERTEX_POINT('',#2576);
#2576 = CARTESIAN_POINT('',(24.823501,-14.161016,17.1));
#2577 = LINE('',#2578,#2579);
#2578 = CARTESIAN_POINT('',(24.823501,-264.743679,17.1));
#2579 = VECTOR('',#2580,1.);
#2580 = DIRECTION('',(0.,1.,0.));
#2581 = ORIENTED_EDGE('',*,*,#2582,.F.);
#2582 = EDGE_CURVE('',#810,#2575,#2583,.T.);
#2583 = LINE('',#2584,#2585);
#2584 = CARTESIAN_POINT('',(24.823501,-264.743679,17.1));
#2585 = VECTOR('',#2586,1.);
#2586 = DIRECTION('',(0.,1.,0.));
#2587 = ORIENTED_EDGE('',*,*,#809,.T.);
#2588 = ORIENTED_EDGE('',*,*,#801,.T.);
#2589 = ORIENTED_EDGE('',*,*,#2590,.F.);
#2590 = EDGE_CURVE('',#776,#793,#2591,.T.);
#2591 = CIRCLE('',#2592,4.5);
#2592 = AXIS2_PLACEMENT_3D('',#2593,#2594,#2595);
#2593 = CARTESIAN_POINT('',(24.823501,-20.062,11.3));
#2594 = DIRECTION('',(1.,-0.,2.22044604925E-16));
#2595 = DIRECTION('',(2.22044604925E-16,0.,-1.));
#2596 = ORIENTED_EDGE('',*,*,#775,.T.);
#2597 = ORIENTED_EDGE('',*,*,#2598,.F.);
#2598 = EDGE_CURVE('',#750,#767,#2599,.T.);
#2599 = CIRCLE('',#2600,4.5);
#2600 = AXIS2_PLACEMENT_3D('',#2601,#2602,#2603);
#2601 = CARTESIAN_POINT('',(24.823501,21.938,11.3));
#2602 = DIRECTION('',(1.,-0.,2.22044604925E-16));
#2603 = DIRECTION('',(2.22044604925E-16,0.,-1.));
#2604 = ORIENTED_EDGE('',*,*,#749,.T.);
#2605 = PLANE('',#2606);
#2606 = AXIS2_PLACEMENT_3D('',#2607,#2608,#2609);
#2607 = CARTESIAN_POINT('',(24.823501,-500.,541.737344));
#2608 = DIRECTION('',(1.,0.,2.22044604925E-16));
#2609 = DIRECTION('',(2.22044604925E-16,0.,-1.));
#2610 = ADVANCED_FACE('',(#2611,#2621),#2632,.T.);
#2611 = FACE_BOUND('',#2612,.T.);
#2612 = EDGE_LOOP('',(#2613,#2614,#2620));
#2613 = ORIENTED_EDGE('',*,*,#783,.T.);
#2614 = ORIENTED_EDGE('',*,*,#2615,.F.);
#2615 = EDGE_CURVE('',#793,#776,#2616,.T.);
#2616 = LINE('',#2617,#2618);
#2617 = CARTESIAN_POINT('',(24.823501,-25.487358,14.2));
#2618 = VECTOR('',#2619,1.);
#2619 = DIRECTION('',(0.,1.,0.));
#2620 = ORIENTED_EDGE('',*,*,#792,.T.);
#2621 = FACE_BOUND('',#2622,.T.);
#2622 = EDGE_LOOP('',(#2623));
#2623 = ORIENTED_EDGE('',*,*,#2624,.F.);
#2624 = EDGE_CURVE('',#2625,#2625,#2627,.T.);
#2625 = VERTEX_POINT('',#2626);
#2626 = CARTESIAN_POINT('',(24.823501,-20.062,9.6));
#2627 = CIRCLE('',#2628,1.7);
#2628 = AXIS2_PLACEMENT_3D('',#2629,#2630,#2631);
#2629 = CARTESIAN_POINT('',(24.823501,-20.062,11.3));
#2630 = DIRECTION('',(1.,-0.,2.22044604925E-16));
#2631 = DIRECTION('',(2.22044604925E-16,0.,-1.));
#2632 = PLANE('',#2633);
#2633 = AXIS2_PLACEMENT_3D('',#2634,#2635,#2636);
#2634 = CARTESIAN_POINT('',(24.823501,-500.,541.737344));
#2635 = DIRECTION('',(1.,0.,2.22044604925E-16));
#2636 = DIRECTION('',(2.22044604925E-16,0.,-1.));
#2637 = ADVANCED_FACE('',(#2638,#2648),#2659,.T.);
#2638 = FACE_BOUND('',#2639,.T.);
#2639 = EDGE_LOOP('',(#2640,#2641,#2647));
#2640 = ORIENTED_EDGE('',*,*,#757,.T.);
#2641 = ORIENTED_EDGE('',*,*,#2642,.F.);
#2642 = EDGE_CURVE('',#767,#750,#2643,.T.);
#2643 = LINE('',#2644,#2645);
#2644 = CARTESIAN_POINT('',(24.823501,-25.487358,14.2));
#2645 = VECTOR('',#2646,1.);
#2646 = DIRECTION('',(0.,1.,0.));
#2647 = ORIENTED_EDGE('',*,*,#766,.T.);
#2648 = FACE_BOUND('',#2649,.T.);
#2649 = EDGE_LOOP('',(#2650));
#2650 = ORIENTED_EDGE('',*,*,#2651,.F.);
#2651 = EDGE_CURVE('',#2652,#2652,#2654,.T.);
#2652 = VERTEX_POINT('',#2653);
#2653 = CARTESIAN_POINT('',(24.823501,21.938,9.6));
#2654 = CIRCLE('',#2655,1.7);
#2655 = AXIS2_PLACEMENT_3D('',#2656,#2657,#2658);
#2656 = CARTESIAN_POINT('',(24.823501,21.938,11.3));
#2657 = DIRECTION('',(1.,-0.,2.22044604925E-16));
#2658 = DIRECTION('',(2.22044604925E-16,0.,-1.));
#2659 = PLANE('',#2660);
#2660 = AXIS2_PLACEMENT_3D('',#2661,#2662,#2663);
#2661 = CARTESIAN_POINT('',(24.823501,-500.,541.737344));
#2662 = DIRECTION('',(1.,0.,2.22044604925E-16));
#2663 = DIRECTION('',(2.22044604925E-16,0.,-1.));
#2664 = ADVANCED_FACE('',(#2665),#2705,.F.);
#2665 = FACE_BOUND('',#2666,.F.);
#2666 = EDGE_LOOP('',(#2667,#2675,#2676,#2682,#2683,#2691,#2699));
#2667 = ORIENTED_EDGE('',*,*,#2668,.F.);
#2668 = EDGE_CURVE('',#1027,#2669,#2671,.T.);
#2669 = VERTEX_POINT('',#2670);
#2670 = CARTESIAN_POINT('',(20.237344,0.438984,17.1));
#2671 = LINE('',#2672,#2673);
#2672 = CARTESIAN_POINT('',(18.213501,0.438984,17.1));
#2673 = VECTOR('',#2674,1.);
#2674 = DIRECTION('',(1.,0.,2.22044604925E-16));
#2675 = ORIENTED_EDGE('',*,*,#1026,.T.);
#2676 = ORIENTED_EDGE('',*,*,#2677,.T.);
#2677 = EDGE_CURVE('',#1019,#726,#2678,.T.);
#2678 = LINE('',#2679,#2680);
#2679 = CARTESIAN_POINT('',(18.123501,29.987358,17.1));
#2680 = VECTOR('',#2681,1.);
#2681 = DIRECTION('',(1.,0.,2.22044604925E-16));
#2682 = ORIENTED_EDGE('',*,*,#733,.F.);
#2683 = ORIENTED_EDGE('',*,*,#2684,.F.);
#2684 = EDGE_CURVE('',#2685,#734,#2687,.T.);
#2685 = VERTEX_POINT('',#2686);
#2686 = CARTESIAN_POINT('',(22.237344,25.487358,17.1));
#2687 = LINE('',#2688,#2689);
#2688 = CARTESIAN_POINT('',(19.1804225,25.487358,17.1));
#2689 = VECTOR('',#2690,1.);
#2690 = DIRECTION('',(1.,0.,2.22044604925E-16));
#2691 = ORIENTED_EDGE('',*,*,#2692,.F.);
#2692 = EDGE_CURVE('',#2693,#2685,#2695,.T.);
#2693 = VERTEX_POINT('',#2694);
#2694 = CARTESIAN_POINT('',(20.237344,25.487358,17.1));
#2695 = LINE('',#2696,#2697);
#2696 = CARTESIAN_POINT('',(19.1804225,25.487358,17.1));
#2697 = VECTOR('',#2698,1.);
#2698 = DIRECTION('',(1.,0.,2.22044604925E-16));
#2699 = ORIENTED_EDGE('',*,*,#2700,.T.);
#2700 = EDGE_CURVE('',#2693,#2669,#2701,.T.);
#2701 = LINE('',#2702,#2703);
#2702 = CARTESIAN_POINT('',(20.237344,-27.487358,17.1));
#2703 = VECTOR('',#2704,1.);
#2704 = DIRECTION('',(0.,-1.,0.));
#2705 = PLANE('',#2706);
#2706 = AXIS2_PLACEMENT_3D('',#2707,#2708,#2709);
#2707 = CARTESIAN_POINT('',(18.123501,-29.487358,17.1));
#2708 = DIRECTION('',(2.22044604925E-16,0.,-1.));
#2709 = DIRECTION('',(1.,0.,2.22044604925E-16));
#2710 = ADVANCED_FACE('',(#2711),#2795,.F.);
#2711 = FACE_BOUND('',#2712,.F.);
#2712 = EDGE_LOOP('',(#2713,#2714,#2715,#2716,#2717,#2725,#2733,#2741,
    #2749,#2755,#2756,#2764,#2772,#2780,#2788,#2794));
#2713 = ORIENTED_EDGE('',*,*,#2677,.F.);
#2714 = ORIENTED_EDGE('',*,*,#1018,.T.);
#2715 = ORIENTED_EDGE('',*,*,#2239,.T.);
#2716 = ORIENTED_EDGE('',*,*,#661,.F.);
#2717 = ORIENTED_EDGE('',*,*,#2718,.T.);
#2718 = EDGE_CURVE('',#662,#2719,#2721,.T.);
#2719 = VERTEX_POINT('',#2720);
#2720 = CARTESIAN_POINT('',(22.237344,29.987358,60.974688));
#2721 = LINE('',#2722,#2723);
#2722 = CARTESIAN_POINT('',(19.1804225,29.987358,60.974688));
#2723 = VECTOR('',#2724,1.);
#2724 = DIRECTION('',(-1.,0.,-2.22044604925E-16));
#2725 = ORIENTED_EDGE('',*,*,#2726,.T.);
#2726 = EDGE_CURVE('',#2719,#2727,#2729,.T.);
#2727 = VERTEX_POINT('',#2728);
#2728 = CARTESIAN_POINT('',(20.237344,29.987358,60.974688));
#2729 = LINE('',#2730,#2731);
#2730 = CARTESIAN_POINT('',(19.1804225,29.987358,60.974688));
#2731 = VECTOR('',#2732,1.);
#2732 = DIRECTION('',(-1.,0.,-2.22044604925E-16));
#2733 = ORIENTED_EDGE('',*,*,#2734,.T.);
#2734 = EDGE_CURVE('',#2727,#2735,#2737,.T.);
#2735 = VERTEX_POINT('',#2736);
#2736 = CARTESIAN_POINT('',(20.237344,29.987358,56.570344));
#2737 = LINE('',#2738,#2739);
#2738 = CARTESIAN_POINT('',(20.237344,29.987358,63.674688));
#2739 = VECTOR('',#2740,1.);
#2740 = DIRECTION('',(2.22044604925E-16,0.,-1.));
#2741 = ORIENTED_EDGE('',*,*,#2742,.F.);
#2742 = EDGE_CURVE('',#2743,#2735,#2745,.T.);
#2743 = VERTEX_POINT('',#2744);
#2744 = CARTESIAN_POINT('',(22.237344,29.987358,56.570344));
#2745 = LINE('',#2746,#2747);
#2746 = CARTESIAN_POINT('',(19.1804225,29.987358,56.570344));
#2747 = VECTOR('',#2748,1.);
#2748 = DIRECTION('',(-1.,0.,-2.22044604925E-16));
#2749 = ORIENTED_EDGE('',*,*,#2750,.F.);
#2750 = EDGE_CURVE('',#686,#2743,#2751,.T.);
#2751 = LINE('',#2752,#2753);
#2752 = CARTESIAN_POINT('',(19.1804225,29.987358,56.570344));
#2753 = VECTOR('',#2754,1.);
#2754 = DIRECTION('',(-1.,0.,-2.22044604925E-16));
#2755 = ORIENTED_EDGE('',*,*,#693,.F.);
#2756 = ORIENTED_EDGE('',*,*,#2757,.T.);
#2757 = EDGE_CURVE('',#694,#2758,#2760,.T.);
#2758 = VERTEX_POINT('',#2759);
#2759 = CARTESIAN_POINT('',(22.237344,29.987358,45.712344));
#2760 = LINE('',#2761,#2762);
#2761 = CARTESIAN_POINT('',(19.1804225,29.987358,45.712344));
#2762 = VECTOR('',#2763,1.);
#2763 = DIRECTION('',(-1.,0.,-2.22044604925E-16));
#2764 = ORIENTED_EDGE('',*,*,#2765,.T.);
#2765 = EDGE_CURVE('',#2758,#2766,#2768,.T.);
#2766 = VERTEX_POINT('',#2767);
#2767 = CARTESIAN_POINT('',(20.237344,29.987358,45.712344));
#2768 = LINE('',#2769,#2770);
#2769 = CARTESIAN_POINT('',(19.1804225,29.987358,45.712344));
#2770 = VECTOR('',#2771,1.);
#2771 = DIRECTION('',(-1.,0.,-2.22044604925E-16));
#2772 = ORIENTED_EDGE('',*,*,#2773,.T.);
#2773 = EDGE_CURVE('',#2766,#2774,#2776,.T.);
#2774 = VERTEX_POINT('',#2775);
#2775 = CARTESIAN_POINT('',(20.237344,29.987358,22.5));
#2776 = LINE('',#2777,#2778);
#2777 = CARTESIAN_POINT('',(20.237344,29.987358,56.043516));
#2778 = VECTOR('',#2779,1.);
#2779 = DIRECTION('',(2.22044604925E-16,0.,-1.));
#2780 = ORIENTED_EDGE('',*,*,#2781,.F.);
#2781 = EDGE_CURVE('',#2782,#2774,#2784,.T.);
#2782 = VERTEX_POINT('',#2783);
#2783 = CARTESIAN_POINT('',(22.237344,29.987358,22.5));
#2784 = LINE('',#2785,#2786);
#2785 = CARTESIAN_POINT('',(19.1804225,29.987358,22.5));
#2786 = VECTOR('',#2787,1.);
#2787 = DIRECTION('',(-1.,0.,-2.22044604925E-16));
#2788 = ORIENTED_EDGE('',*,*,#2789,.F.);
#2789 = EDGE_CURVE('',#718,#2782,#2790,.T.);
#2790 = LINE('',#2791,#2792);
#2791 = CARTESIAN_POINT('',(19.1804225,29.987358,22.5));
#2792 = VECTOR('',#2793,1.);
#2793 = DIRECTION('',(-1.,0.,-2.22044604925E-16));
#2794 = ORIENTED_EDGE('',*,*,#725,.F.);
#2795 = PLANE('',#2796);
#2796 = AXIS2_PLACEMENT_3D('',#2797,#2798,#2799);
#2797 = CARTESIAN_POINT('',(18.123501,29.987358,66.374688));
#2798 = DIRECTION('',(0.,1.,0.));
#2799 = DIRECTION('',(1.,0.,2.22044604925E-16));
#2800 = ADVANCED_FACE('',(#2801),#2812,.T.);
#2801 = FACE_BOUND('',#2802,.T.);
#2802 = EDGE_LOOP('',(#2803,#2804,#2810,#2811));
#2803 = ORIENTED_EDGE('',*,*,#701,.F.);
#2804 = ORIENTED_EDGE('',*,*,#2805,.F.);
#2805 = EDGE_CURVE('',#718,#694,#2806,.T.);
#2806 = LINE('',#2807,#2808);
#2807 = CARTESIAN_POINT('',(24.823501,29.987358,304.056016));
#2808 = VECTOR('',#2809,1.);
#2809 = DIRECTION('',(-2.22044604925E-16,0.,1.));
#2810 = ORIENTED_EDGE('',*,*,#717,.T.);
#2811 = ORIENTED_EDGE('',*,*,#709,.F.);
#2812 = PLANE('',#2813);
#2813 = AXIS2_PLACEMENT_3D('',#2814,#2815,#2816);
#2814 = CARTESIAN_POINT('',(24.823501,-500.,541.737344));
#2815 = DIRECTION('',(1.,0.,2.22044604925E-16));
#2816 = DIRECTION('',(2.22044604925E-16,0.,-1.));
#2817 = ADVANCED_FACE('',(#2818),#2829,.T.);
#2818 = FACE_BOUND('',#2819,.T.);
#2819 = EDGE_LOOP('',(#2820,#2821,#2827,#2828));
#2820 = ORIENTED_EDGE('',*,*,#669,.F.);
#2821 = ORIENTED_EDGE('',*,*,#2822,.F.);
#2822 = EDGE_CURVE('',#686,#662,#2823,.T.);
#2823 = LINE('',#2824,#2825);
#2824 = CARTESIAN_POINT('',(24.823501,29.987358,304.056016));
#2825 = VECTOR('',#2826,1.);
#2826 = DIRECTION('',(-2.22044604925E-16,0.,1.));
#2827 = ORIENTED_EDGE('',*,*,#685,.T.);
#2828 = ORIENTED_EDGE('',*,*,#677,.F.);
#2829 = PLANE('',#2830);
#2830 = AXIS2_PLACEMENT_3D('',#2831,#2832,#2833);
#2831 = CARTESIAN_POINT('',(24.823501,-500.,541.737344));
#2832 = DIRECTION('',(1.,0.,2.22044604925E-16));
#2833 = DIRECTION('',(2.22044604925E-16,0.,-1.));
#2834 = ADVANCED_FACE('',(#2835),#2876,.T.);
#2835 = FACE_BOUND('',#2836,.T.);
#2836 = EDGE_LOOP('',(#2837,#2838,#2846,#2855,#2864,#2870));
#2837 = ORIENTED_EDGE('',*,*,#645,.F.);
#2838 = ORIENTED_EDGE('',*,*,#2839,.F.);
#2839 = EDGE_CURVE('',#2840,#638,#2842,.T.);
#2840 = VERTEX_POINT('',#2841);
#2841 = CARTESIAN_POINT('',(24.823501,25.29210196625,69.174688));
#2842 = LINE('',#2843,#2844);
#2843 = CARTESIAN_POINT('',(24.823501,-249.875,69.174688));
#2844 = VECTOR('',#2845,1.);
#2845 = DIRECTION('',(0.,1.,0.));
#2846 = ORIENTED_EDGE('',*,*,#2847,.F.);
#2847 = EDGE_CURVE('',#2848,#2840,#2850,.T.);
#2848 = VERTEX_POINT('',#2849);
#2849 = CARTESIAN_POINT('',(24.823501,21.938,67.674688));
#2850 = CIRCLE('',#2851,4.5);
#2851 = AXIS2_PLACEMENT_3D('',#2852,#2853,#2854);
#2852 = CARTESIAN_POINT('',(24.823501,21.938,72.174688));
#2853 = DIRECTION('',(1.,-0.,2.22044604925E-16));
#2854 = DIRECTION('',(2.22044604925E-16,0.,-1.));
#2855 = ORIENTED_EDGE('',*,*,#2856,.F.);
#2856 = EDGE_CURVE('',#2857,#2848,#2859,.T.);
#2857 = VERTEX_POINT('',#2858);
#2858 = CARTESIAN_POINT('',(24.823501,21.8,67.676804497729));
#2859 = CIRCLE('',#2860,4.5);
#2860 = AXIS2_PLACEMENT_3D('',#2861,#2862,#2863);
#2861 = CARTESIAN_POINT('',(24.823501,21.938,72.174688));
#2862 = DIRECTION('',(1.,-0.,2.22044604925E-16));
#2863 = DIRECTION('',(2.22044604925E-16,0.,-1.));
#2864 = ORIENTED_EDGE('',*,*,#2865,.T.);
#2865 = EDGE_CURVE('',#2857,#2279,#2866,.T.);
#2866 = LINE('',#2867,#2868);
#2867 = CARTESIAN_POINT('',(24.823501,21.8,69.274688));
#2868 = VECTOR('',#2869,1.);
#2869 = DIRECTION('',(2.22044604925E-16,0.,-1.));
#2870 = ORIENTED_EDGE('',*,*,#2871,.T.);
#2871 = EDGE_CURVE('',#2279,#646,#2872,.T.);
#2872 = LINE('',#2873,#2874);
#2873 = CARTESIAN_POINT('',(24.823501,-264.743679,66.374688));
#2874 = VECTOR('',#2875,1.);
#2875 = DIRECTION('',(0.,1.,0.));
#2876 = PLANE('',#2877);
#2877 = AXIS2_PLACEMENT_3D('',#2878,#2879,#2880);
#2878 = CARTESIAN_POINT('',(24.823501,-500.,541.737344));
#2879 = DIRECTION('',(1.,0.,2.22044604925E-16));
#2880 = DIRECTION('',(2.22044604925E-16,0.,-1.));
#2881 = ADVANCED_FACE('',(#2882),#2937,.T.);
#2882 = FACE_BOUND('',#2883,.T.);
#2883 = EDGE_LOOP('',(#2884,#2895,#2903,#2911,#2917,#2918,#2926));
#2884 = ORIENTED_EDGE('',*,*,#2885,.T.);
#2885 = EDGE_CURVE('',#2886,#2888,#2890,.T.);
#2886 = VERTEX_POINT('',#2887);
#2887 = CARTESIAN_POINT('',(18.523501,27.477855593786,69.174688));
#2888 = VERTEX_POINT('',#2889);
#2889 = CARTESIAN_POINT('',(20.237344,25.406837849864,69.174688));
#2890 = HYPERBOLA('',#2891,3.,3.);
#2891 = AXIS2_PLACEMENT_3D('',#2892,#2893,#2894);
#2892 = CARTESIAN_POINT('',(24.823501,21.938,69.174688));
#2893 = DIRECTION('',(0.,0.,1.));
#2894 = DIRECTION('',(-1.,0.,0.));
#2895 = ORIENTED_EDGE('',*,*,#2896,.T.);
#2896 = EDGE_CURVE('',#2888,#2897,#2899,.T.);
#2897 = VERTEX_POINT('',#2898);
#2898 = CARTESIAN_POINT('',(20.237344,25.487358,69.174688));
#2899 = LINE('',#2900,#2901);
#2900 = CARTESIAN_POINT('',(20.237344,11.025,69.174688));
#2901 = VECTOR('',#2902,1.);
#2902 = DIRECTION('',(0.,1.,0.));
#2903 = ORIENTED_EDGE('',*,*,#2904,.F.);
#2904 = EDGE_CURVE('',#2905,#2897,#2907,.T.);
#2905 = VERTEX_POINT('',#2906);
#2906 = CARTESIAN_POINT('',(22.237344,25.487358,69.174688));
#2907 = LINE('',#2908,#2909);
#2908 = CARTESIAN_POINT('',(17.15888325,25.487358,69.174688));
#2909 = VECTOR('',#2910,1.);
#2910 = DIRECTION('',(-1.,0.,0.));
#2911 = ORIENTED_EDGE('',*,*,#2912,.F.);
#2912 = EDGE_CURVE('',#638,#2905,#2913,.T.);
#2913 = LINE('',#2914,#2915);
#2914 = CARTESIAN_POINT('',(17.15888325,25.487358,69.174688));
#2915 = VECTOR('',#2916,1.);
#2916 = DIRECTION('',(-1.,0.,0.));
#2917 = ORIENTED_EDGE('',*,*,#637,.T.);
#2918 = ORIENTED_EDGE('',*,*,#2919,.T.);
#2919 = EDGE_CURVE('',#629,#2920,#2922,.T.);
#2920 = VERTEX_POINT('',#2921);
#2921 = CARTESIAN_POINT('',(13.426107311839,30.287358,69.174688));
#2922 = LINE('',#2923,#2924);
#2923 = CARTESIAN_POINT('',(26.123501,30.287358,69.174688));
#2924 = VECTOR('',#2925,1.);
#2925 = DIRECTION('',(-1.,0.,0.));
#2926 = ORIENTED_EDGE('',*,*,#2927,.T.);
#2927 = EDGE_CURVE('',#2920,#2886,#2928,.T.);
#2928 = B_SPLINE_CURVE_WITH_KNOTS('',7,(#2929,#2930,#2931,#2932,#2933,
    #2934,#2935,#2936),.UNSPECIFIED.,.F.,.F.,(8,8),(0.,1.),
  .PIECEWISE_BEZIER_KNOTS.);
#2929 = CARTESIAN_POINT('',(13.426107311839,30.287358,69.174688));
#2930 = CARTESIAN_POINT('',(14.249455435019,30.098876757603,69.174688));
#2931 = CARTESIAN_POINT('',(15.05573520909,29.838118957612,69.174688));
#2932 = CARTESIAN_POINT('',(15.83735556107,29.505283671493,69.174688));
#2933 = CARTESIAN_POINT('',(16.585323322719,29.100762017981,69.174688));
#2934 = CARTESIAN_POINT('',(17.289636971075,28.625926287981,69.174688));
#2935 = CARTESIAN_POINT('',(17.939448378643,28.083420352535,69.174688));
#2936 = CARTESIAN_POINT('',(18.523501,27.477855603634,69.174688));
#2937 = PLANE('',#2938);
#2938 = AXIS2_PLACEMENT_3D('',#2939,#2940,#2941);
#2939 = CARTESIAN_POINT('',(14.0804225,0.25,69.174688));
#2940 = DIRECTION('',(0.,0.,1.));
#2941 = DIRECTION('',(1.,0.,0.));
#2942 = ADVANCED_FACE('',(#2943),#2986,.T.);
#2943 = FACE_BOUND('',#2944,.T.);
#2944 = EDGE_LOOP('',(#2945,#2946,#2947,#2955,#2962,#2963));
#2945 = ORIENTED_EDGE('',*,*,#2919,.F.);
#2946 = ORIENTED_EDGE('',*,*,#628,.T.);
#2947 = ORIENTED_EDGE('',*,*,#2948,.T.);
#2948 = EDGE_CURVE('',#621,#2949,#2951,.T.);
#2949 = VERTEX_POINT('',#2950);
#2950 = CARTESIAN_POINT('',(2.037344,32.76020036083,67.042180392416));
#2951 = LINE('',#2952,#2953);
#2952 = CARTESIAN_POINT('',(26.123501,32.76020036083,67.042180392416));
#2953 = VECTOR('',#2954,1.);
#2954 = DIRECTION('',(-1.,0.,0.));
#2955 = ORIENTED_EDGE('',*,*,#2956,.F.);
#2956 = EDGE_CURVE('',#1661,#2949,#2957,.T.);
#2957 = CIRCLE('',#2958,2.5);
#2958 = AXIS2_PLACEMENT_3D('',#2959,#2960,#2961);
#2959 = CARTESIAN_POINT('',(2.037344,30.287358,66.674688));
#2960 = DIRECTION('',(-1.,1.436692340392E-15,-1.436692340392E-15));
#2961 = DIRECTION('',(-1.436692340392E-15,-1.,1.110223024625E-16));
#2962 = ORIENTED_EDGE('',*,*,#1660,.F.);
#2963 = ORIENTED_EDGE('',*,*,#2964,.F.);
#2964 = EDGE_CURVE('',#2920,#1650,#2965,.T.);
#2965 = B_SPLINE_CURVE_WITH_KNOTS('',7,(#2966,#2967,#2968,#2969,#2970,
    #2971,#2972,#2973,#2974,#2975,#2976,#2977,#2978,#2979,#2980,#2981,
    #2982,#2983,#2984,#2985),.UNSPECIFIED.,.F.,.F.,(8,6,6,8),(0.,
    0.15533908213,0.618449209817,1.),.UNSPECIFIED.);
#2966 = CARTESIAN_POINT('',(13.426107311839,30.287358,69.174688));
#2967 = CARTESIAN_POINT('',(13.314450627012,30.312918501185,69.174688));
#2968 = CARTESIAN_POINT('',(13.202616430704,30.337190607458,
    69.174383138003));
#2969 = CARTESIAN_POINT('',(13.090617453051,30.360184070547,
    69.173828624122));
#2970 = CARTESIAN_POINT('',(12.978465562512,30.381904510078,
    69.173074817036));
#2971 = CARTESIAN_POINT('',(12.866171834729,30.402353922245,
    69.172167696643));
#2972 = CARTESIAN_POINT('',(12.753746621388,30.421531188481,
    69.171149336703));
#2973 = CARTESIAN_POINT('',(12.305664891464,30.492801752438,
    69.166805916795));
#2974 = CARTESIAN_POINT('',(11.969040097046,30.534832283642,
    69.162907757346));
#2975 = CARTESIAN_POINT('',(11.631588116795,30.565421238644,
    69.159385914866));
#2976 = CARTESIAN_POINT('',(11.293582326486,30.584255049665,
    69.156970705176));
#2977 = CARTESIAN_POINT('',(10.955311528733,30.590909589072,
    69.156149858407));
#2978 = CARTESIAN_POINT('',(10.617082856508,30.58504077947,
    69.156970867699));
#2979 = CARTESIAN_POINT('',(10.000878755264,30.551459995892,
    69.160745751958));
#2980 = CARTESIAN_POINT('',(9.722771451726,30.52777594477,
    69.163298208417));
#2981 = CARTESIAN_POINT('',(9.445120366621,30.495566276795,
    69.166480899369));
#2982 = CARTESIAN_POINT('',(9.168097457879,30.454962681929,
    69.169867810342));
#2983 = CARTESIAN_POINT('',(8.891829867261,30.406317179117,69.1728453598
    ));
#2984 = CARTESIAN_POINT('',(8.616401511657,30.350205797589,69.174688));
#2985 = CARTESIAN_POINT('',(8.341861643244,30.287358,69.174688));
#2986 = CYLINDRICAL_SURFACE('',#2987,2.5);
#2987 = AXIS2_PLACEMENT_3D('',#2988,#2989,#2990);
#2988 = CARTESIAN_POINT('',(26.123501,30.287358,66.674688));
#2989 = DIRECTION('',(-1.,1.436692340392E-15,-1.436692340392E-15));
#2990 = DIRECTION('',(-1.436692340392E-15,-1.,1.110223024625E-16));
#2991 = ADVANCED_FACE('',(#2992,#3003,#3029,#3063,#3097),#3131,.T.);
#2992 = FACE_BOUND('',#2993,.T.);
#2993 = EDGE_LOOP('',(#2994,#2995,#2996,#2997));
#2994 = ORIENTED_EDGE('',*,*,#2948,.F.);
#2995 = ORIENTED_EDGE('',*,*,#620,.T.);
#2996 = ORIENTED_EDGE('',*,*,#1364,.F.);
#2997 = ORIENTED_EDGE('',*,*,#2998,.F.);
#2998 = EDGE_CURVE('',#2949,#1356,#2999,.T.);
#2999 = LINE('',#3000,#3001);
#3000 = CARTESIAN_POINT('',(2.037344,32.76020036083,67.042180392416));
#3001 = VECTOR('',#3002,1.);
#3002 = DIRECTION('',(-0.439602409836,0.132031560523,-0.888435359659));
#3003 = FACE_BOUND('',#3004,.T.);
#3004 = EDGE_LOOP('',(#3005,#3015,#3023));
#3005 = ORIENTED_EDGE('',*,*,#3006,.F.);
#3006 = EDGE_CURVE('',#3007,#3009,#3011,.T.);
#3007 = VERTEX_POINT('',#3008);
#3008 = CARTESIAN_POINT('',(-12.1777824848,41.634004309743,
    7.330690414932));
#3009 = VERTEX_POINT('',#3010);
#3010 = CARTESIAN_POINT('',(-18.1777824848,41.634004309743,
    7.330690414932));
#3011 = LINE('',#3012,#3013);
#3012 = CARTESIAN_POINT('',(-6.509308123413,41.634004309743,
    7.330690414932));
#3013 = VECTOR('',#3014,1.);
#3014 = DIRECTION('',(-1.,0.,0.));
#3015 = ORIENTED_EDGE('',*,*,#3016,.F.);
#3016 = EDGE_CURVE('',#3017,#3007,#3019,.T.);
#3017 = VERTEX_POINT('',#3018);
#3018 = CARTESIAN_POINT('',(-12.1777824848,39.83194557345,
    19.456675256436));
#3019 = LINE('',#3020,#3021);
#3020 = CARTESIAN_POINT('',(-12.1777824848,40.191407736887,
    17.037868001627));
#3021 = VECTOR('',#3022,1.);
#3022 = DIRECTION('',(-2.22044604925E-16,0.146996956967,-0.989136944332)
  );
#3023 = ORIENTED_EDGE('',*,*,#3024,.F.);
#3024 = EDGE_CURVE('',#3009,#3017,#3025,.T.);
#3025 = LINE('',#3026,#3027);
#3026 = CARTESIAN_POINT('',(0.902757962046,35.903295208838,
    45.892414452627));
#3027 = VECTOR('',#3028,1.);
#3028 = DIRECTION('',(0.439602409836,-0.132031560523,0.888435359659));
#3029 = FACE_BOUND('',#3030,.T.);
#3030 = EDGE_LOOP('',(#3031,#3041,#3049,#3057));
#3031 = ORIENTED_EDGE('',*,*,#3032,.F.);
#3032 = EDGE_CURVE('',#3033,#3035,#3037,.T.);
#3033 = VERTEX_POINT('',#3034);
#3034 = CARTESIAN_POINT('',(-3.177782484801,41.634004309743,
    7.330690414932));
#3035 = VERTEX_POINT('',#3036);
#3036 = CARTESIAN_POINT('',(-9.177782484801,41.634004309743,
    7.330690414932));
#3037 = LINE('',#3038,#3039);
#3038 = CARTESIAN_POINT('',(-6.509308123413,41.634004309743,
    7.330690414932));
#3039 = VECTOR('',#3040,1.);
#3040 = DIRECTION('',(-1.,0.,0.));
#3041 = ORIENTED_EDGE('',*,*,#3042,.F.);
#3042 = EDGE_CURVE('',#3043,#3033,#3045,.T.);
#3043 = VERTEX_POINT('',#3044);
#3044 = CARTESIAN_POINT('',(-3.177782484801,37.12885746901,
    37.645652518692));
#3045 = LINE('',#3046,#3047);
#3046 = CARTESIAN_POINT('',(-3.177782484801,40.191407736887,
    17.037868001627));
#3047 = VECTOR('',#3048,1.);
#3048 = DIRECTION('',(-2.22044604925E-16,0.146996956967,-0.989136944332)
  );
#3049 = ORIENTED_EDGE('',*,*,#3050,.F.);
#3050 = EDGE_CURVE('',#3051,#3043,#3053,.T.);
#3051 = VERTEX_POINT('',#3052);
#3052 = CARTESIAN_POINT('',(-9.177782484801,38.930916205303,
    25.519667677188));
#3053 = LINE('',#3054,#3055);
#3054 = CARTESIAN_POINT('',(0.902757962046,35.903295208838,
    45.892414452627));
#3055 = VECTOR('',#3056,1.);
#3056 = DIRECTION('',(0.439602409836,-0.132031560523,0.888435359659));
#3057 = ORIENTED_EDGE('',*,*,#3058,.T.);
#3058 = EDGE_CURVE('',#3051,#3035,#3059,.T.);
#3059 = LINE('',#3060,#3061);
#3060 = CARTESIAN_POINT('',(-9.177782484801,40.191407736887,
    17.037868001627));
#3061 = VECTOR('',#3062,1.);
#3062 = DIRECTION('',(-2.22044604925E-16,0.146996956967,-0.989136944332)
  );
#3063 = FACE_BOUND('',#3064,.T.);
#3064 = EDGE_LOOP('',(#3065,#3075,#3083,#3091));
#3065 = ORIENTED_EDGE('',*,*,#3066,.F.);
#3066 = EDGE_CURVE('',#3067,#3069,#3071,.T.);
#3067 = VERTEX_POINT('',#3068);
#3068 = CARTESIAN_POINT('',(5.822217515199,41.634004309743,
    7.330690414932));
#3069 = VERTEX_POINT('',#3070);
#3070 = CARTESIAN_POINT('',(-0.177782484801,41.634004309743,
    7.330690414932));
#3071 = LINE('',#3072,#3073);
#3072 = CARTESIAN_POINT('',(-6.509308123413,41.634004309743,
    7.330690414932));
#3073 = VECTOR('',#3074,1.);
#3074 = DIRECTION('',(-1.,0.,0.));
#3075 = ORIENTED_EDGE('',*,*,#3076,.F.);
#3076 = EDGE_CURVE('',#3077,#3067,#3079,.T.);
#3077 = VERTEX_POINT('',#3078);
#3078 = CARTESIAN_POINT('',(5.822217515199,34.425769364571,
    55.834629780948));
#3079 = LINE('',#3080,#3081);
#3080 = CARTESIAN_POINT('',(5.822217515199,40.191407736887,
    17.037868001627));
#3081 = VECTOR('',#3082,1.);
#3082 = DIRECTION('',(-2.22044604925E-16,0.146996956967,-0.989136944332)
  );
#3083 = ORIENTED_EDGE('',*,*,#3084,.F.);
#3084 = EDGE_CURVE('',#3085,#3077,#3087,.T.);
#3085 = VERTEX_POINT('',#3086);
#3086 = CARTESIAN_POINT('',(-0.177782484801,36.227828100864,
    43.708644939444));
#3087 = LINE('',#3088,#3089);
#3088 = CARTESIAN_POINT('',(0.902757962046,35.903295208838,
    45.892414452627));
#3089 = VECTOR('',#3090,1.);
#3090 = DIRECTION('',(0.439602409836,-0.132031560523,0.888435359659));
#3091 = ORIENTED_EDGE('',*,*,#3092,.T.);
#3092 = EDGE_CURVE('',#3085,#3069,#3093,.T.);
#3093 = LINE('',#3094,#3095);
#3094 = CARTESIAN_POINT('',(-0.177782484801,40.191407736887,
    17.037868001627));
#3095 = VECTOR('',#3096,1.);
#3096 = DIRECTION('',(-2.22044604925E-16,0.146996956967,-0.989136944332)
  );
#3097 = FACE_BOUND('',#3098,.T.);
#3098 = EDGE_LOOP('',(#3099,#3109,#3117,#3125));
#3099 = ORIENTED_EDGE('',*,*,#3100,.F.);
#3100 = EDGE_CURVE('',#3101,#3103,#3105,.T.);
#3101 = VERTEX_POINT('',#3102);
#3102 = CARTESIAN_POINT('',(14.822217515199,41.634004309743,
    7.330690414932));
#3103 = VERTEX_POINT('',#3104);
#3104 = CARTESIAN_POINT('',(8.822217515199,41.634004309743,
    7.330690414932));
#3105 = LINE('',#3106,#3107);
#3106 = CARTESIAN_POINT('',(-6.509308123413,41.634004309743,
    7.330690414932));
#3107 = VECTOR('',#3108,1.);
#3108 = DIRECTION('',(-1.,0.,0.));
#3109 = ORIENTED_EDGE('',*,*,#3110,.F.);
#3110 = EDGE_CURVE('',#3111,#3101,#3113,.T.);
#3111 = VERTEX_POINT('',#3112);
#3112 = CARTESIAN_POINT('',(14.822217515199,33.973313621207,
    58.879187305619));
#3113 = LINE('',#3114,#3115);
#3114 = CARTESIAN_POINT('',(14.822217515199,40.191407736887,
    17.037868001627));
#3115 = VECTOR('',#3116,1.);
#3116 = DIRECTION('',(-2.22044604925E-16,0.146996956967,-0.989136944332)
  );
#3117 = ORIENTED_EDGE('',*,*,#3118,.T.);
#3118 = EDGE_CURVE('',#3111,#3119,#3121,.T.);
#3119 = VERTEX_POINT('',#3120);
#3120 = CARTESIAN_POINT('',(8.822217515199,33.973313621207,
    58.879187305619));
#3121 = LINE('',#3122,#3123);
#3122 = CARTESIAN_POINT('',(6.243923279512,33.973313621207,
    58.879187305619));
#3123 = VECTOR('',#3124,1.);
#3124 = DIRECTION('',(-1.,0.,0.));
#3125 = ORIENTED_EDGE('',*,*,#3126,.T.);
#3126 = EDGE_CURVE('',#3119,#3103,#3127,.T.);
#3127 = LINE('',#3128,#3129);
#3128 = CARTESIAN_POINT('',(8.822217515199,40.191407736887,
    17.037868001627));
#3129 = VECTOR('',#3130,1.);
#3130 = DIRECTION('',(-2.22044604925E-16,0.146996956967,-0.989136944332)
  );
#3131 = PLANE('',#3132);
#3132 = AXIS2_PLACEMENT_3D('',#3133,#3134,#3135);
#3133 = CARTESIAN_POINT('',(5.159166237975,38.601814207065,
    27.734182532654));
#3134 = DIRECTION('',(0.,0.989136944332,0.146996956967));
#3135 = DIRECTION('',(0.,-0.146996956967,0.989136944332));
#3136 = ADVANCED_FACE('',(#3137),#3166,.T.);
#3137 = FACE_BOUND('',#3138,.T.);
#3138 = EDGE_LOOP('',(#3139,#3140,#3141,#3142,#3143,#3144,#3152,#3160));
#3139 = ORIENTED_EDGE('',*,*,#1066,.F.);
#3140 = ORIENTED_EDGE('',*,*,#1285,.T.);
#3141 = ORIENTED_EDGE('',*,*,#1268,.T.);
#3142 = ORIENTED_EDGE('',*,*,#1244,.F.);
#3143 = ORIENTED_EDGE('',*,*,#1002,.F.);
#3144 = ORIENTED_EDGE('',*,*,#3145,.F.);
#3145 = EDGE_CURVE('',#3146,#1003,#3148,.T.);
#3146 = VERTEX_POINT('',#3147);
#3147 = CARTESIAN_POINT('',(-28.52597414625,39.256943349407,4.));
#3148 = LINE('',#3149,#3150);
#3149 = CARTESIAN_POINT('',(-14.92041688101,39.256943349407,4.));
#3150 = VECTOR('',#3151,1.);
#3151 = DIRECTION('',(1.,0.,0.));
#3152 = ORIENTED_EDGE('',*,*,#3153,.F.);
#3153 = EDGE_CURVE('',#3154,#3146,#3156,.T.);
#3154 = VERTEX_POINT('',#3155);
#3155 = CARTESIAN_POINT('',(-28.52597414625,-39.21983742618,4.));
#3156 = LINE('',#3157,#3158);
#3157 = CARTESIAN_POINT('',(-28.52597414625,-26.94595424139,4.));
#3158 = VECTOR('',#3159,1.);
#3159 = DIRECTION('',(0.,1.,0.));
#3160 = ORIENTED_EDGE('',*,*,#3161,.F.);
#3161 = EDGE_CURVE('',#1059,#3154,#3162,.T.);
#3162 = LINE('',#3163,#3164);
#3163 = CARTESIAN_POINT('',(-14.91948665273,-39.21983742618,4.));
#3164 = VECTOR('',#3165,1.);
#3165 = DIRECTION('',(-1.,0.,0.));
#3166 = PLANE('',#3167);
#3167 = AXIS2_PLACEMENT_3D('',#3168,#3169,#3170);
#3168 = CARTESIAN_POINT('',(-35.,-54.,4.));
#3169 = DIRECTION('',(0.,0.,1.));
#3170 = DIRECTION('',(1.,0.,0.));
#3171 = ADVANCED_FACE('',(#3172,#3198,#3224,#3258,#3292),#3326,.F.);
#3172 = FACE_BOUND('',#3173,.F.);
#3173 = EDGE_LOOP('',(#3174,#3182,#3183,#3184,#3192));
#3174 = ORIENTED_EDGE('',*,*,#3175,.T.);
#3175 = EDGE_CURVE('',#3176,#3154,#3178,.T.);
#3176 = VERTEX_POINT('',#3177);
#3177 = CARTESIAN_POINT('',(2.337344,-29.487358,66.374688));
#3178 = LINE('',#3179,#3180);
#3179 = CARTESIAN_POINT('',(2.337344,-29.487358,66.374688));
#3180 = VECTOR('',#3181,1.);
#3181 = DIRECTION('',(-0.439210698076,-0.138501280469,-0.887643711183));
#3182 = ORIENTED_EDGE('',*,*,#3161,.F.);
#3183 = ORIENTED_EDGE('',*,*,#1058,.T.);
#3184 = ORIENTED_EDGE('',*,*,#3185,.T.);
#3185 = EDGE_CURVE('',#1051,#3186,#3188,.T.);
#3186 = VERTEX_POINT('',#3187);
#3187 = CARTESIAN_POINT('',(18.123501,-29.487358,66.374688));
#3188 = LINE('',#3189,#3190);
#3189 = CARTESIAN_POINT('',(25.823501,-29.487358,66.374688));
#3190 = VECTOR('',#3191,1.);
#3191 = DIRECTION('',(-1.,0.,0.));
#3192 = ORIENTED_EDGE('',*,*,#3193,.T.);
#3193 = EDGE_CURVE('',#3186,#3176,#3194,.T.);
#3194 = LINE('',#3195,#3196);
#3195 = CARTESIAN_POINT('',(25.823501,-29.487358,66.374688));
#3196 = VECTOR('',#3197,1.);
#3197 = DIRECTION('',(-1.,0.,0.));
#3198 = FACE_BOUND('',#3199,.F.);
#3199 = EDGE_LOOP('',(#3200,#3210,#3218));
#3200 = ORIENTED_EDGE('',*,*,#3201,.F.);
#3201 = EDGE_CURVE('',#3202,#3204,#3206,.T.);
#3202 = VERTEX_POINT('',#3203);
#3203 = CARTESIAN_POINT('',(-12.18400538539,-38.76666309736,
    6.904358296825));
#3204 = VERTEX_POINT('',#3205);
#3205 = CARTESIAN_POINT('',(-12.18400538539,-36.87461518856,
    19.030343138329));
#3206 = LINE('',#3207,#3208);
#3207 = CARTESIAN_POINT('',(-12.18400538539,-33.09562350379,
    43.249600839322));
#3208 = VECTOR('',#3209,1.);
#3209 = DIRECTION('',(2.22044604925E-16,0.15416711283,0.988044787103));
#3210 = ORIENTED_EDGE('',*,*,#3211,.T.);
#3211 = EDGE_CURVE('',#3202,#3212,#3214,.T.);
#3212 = VERTEX_POINT('',#3213);
#3213 = CARTESIAN_POINT('',(-18.18400538539,-38.76666309736,
    6.904358296825));
#3214 = LINE('',#3215,#3216);
#3215 = CARTESIAN_POINT('',(31.,-38.76666309736,6.904358296825));
#3216 = VECTOR('',#3217,1.);
#3217 = DIRECTION('',(-1.,1.365526126429E-16,-2.130664754811E-17));
#3218 = ORIENTED_EDGE('',*,*,#3219,.F.);
#3219 = EDGE_CURVE('',#3204,#3212,#3220,.T.);
#3220 = LINE('',#3221,#3222);
#3221 = CARTESIAN_POINT('',(9.524416673383,-30.02905276197,
    62.903009274605));
#3222 = VECTOR('',#3223,1.);
#3223 = DIRECTION('',(-0.439210698076,-0.138501280469,-0.887643711183));
#3224 = FACE_BOUND('',#3225,.F.);
#3225 = EDGE_LOOP('',(#3226,#3236,#3244,#3252));
#3226 = ORIENTED_EDGE('',*,*,#3227,.F.);
#3227 = EDGE_CURVE('',#3228,#3230,#3232,.T.);
#3228 = VERTEX_POINT('',#3229);
#3229 = CARTESIAN_POINT('',(-3.18400538539,-38.76666309736,
    6.904358296825));
#3230 = VERTEX_POINT('',#3231);
#3231 = CARTESIAN_POINT('',(-3.18400538539,-34.03654332537,
    37.219320400585));
#3232 = LINE('',#3233,#3234);
#3233 = CARTESIAN_POINT('',(-3.18400538539,-33.09562350379,
    43.249600839322));
#3234 = VECTOR('',#3235,1.);
#3235 = DIRECTION('',(2.22044604925E-16,0.15416711283,0.988044787103));
#3236 = ORIENTED_EDGE('',*,*,#3237,.T.);
#3237 = EDGE_CURVE('',#3228,#3238,#3240,.T.);
#3238 = VERTEX_POINT('',#3239);
#3239 = CARTESIAN_POINT('',(-9.18400538539,-38.76666309736,
    6.904358296825));
#3240 = LINE('',#3241,#3242);
#3241 = CARTESIAN_POINT('',(31.,-38.76666309736,6.904358296825));
#3242 = VECTOR('',#3243,1.);
#3243 = DIRECTION('',(-1.,1.365526126429E-16,-2.130664754811E-17));
#3244 = ORIENTED_EDGE('',*,*,#3245,.T.);
#3245 = EDGE_CURVE('',#3238,#3246,#3248,.T.);
#3246 = VERTEX_POINT('',#3247);
#3247 = CARTESIAN_POINT('',(-9.18400538539,-35.92859123416,
    25.093335559081));
#3248 = LINE('',#3249,#3250);
#3249 = CARTESIAN_POINT('',(-9.18400538539,-33.09562350379,
    43.249600839322));
#3250 = VECTOR('',#3251,1.);
#3251 = DIRECTION('',(2.22044604925E-16,0.15416711283,0.988044787103));
#3252 = ORIENTED_EDGE('',*,*,#3253,.F.);
#3253 = EDGE_CURVE('',#3230,#3246,#3254,.T.);
#3254 = LINE('',#3255,#3256);
#3255 = CARTESIAN_POINT('',(9.524416673383,-30.02905276197,
    62.903009274605));
#3256 = VECTOR('',#3257,1.);
#3257 = DIRECTION('',(-0.439210698076,-0.138501280469,-0.887643711183));
#3258 = FACE_BOUND('',#3259,.F.);
#3259 = EDGE_LOOP('',(#3260,#3270,#3278,#3286));
#3260 = ORIENTED_EDGE('',*,*,#3261,.F.);
#3261 = EDGE_CURVE('',#3262,#3264,#3266,.T.);
#3262 = VERTEX_POINT('',#3263);
#3263 = CARTESIAN_POINT('',(5.81599461461,-38.76666309736,6.904358296825
    ));
#3264 = VERTEX_POINT('',#3265);
#3265 = CARTESIAN_POINT('',(5.81599461461,-31.19847146217,
    55.408297662841));
#3266 = LINE('',#3267,#3268);
#3267 = CARTESIAN_POINT('',(5.81599461461,-33.09562350379,
    43.249600839322));
#3268 = VECTOR('',#3269,1.);
#3269 = DIRECTION('',(2.22044604925E-16,0.15416711283,0.988044787103));
#3270 = ORIENTED_EDGE('',*,*,#3271,.T.);
#3271 = EDGE_CURVE('',#3262,#3272,#3274,.T.);
#3272 = VERTEX_POINT('',#3273);
#3273 = CARTESIAN_POINT('',(-0.18400538539,-38.76666309736,
    6.904358296825));
#3274 = LINE('',#3275,#3276);
#3275 = CARTESIAN_POINT('',(31.,-38.76666309736,6.904358296825));
#3276 = VECTOR('',#3277,1.);
#3277 = DIRECTION('',(-1.,1.365526126429E-16,-2.130664754811E-17));
#3278 = ORIENTED_EDGE('',*,*,#3279,.T.);
#3279 = EDGE_CURVE('',#3272,#3280,#3282,.T.);
#3280 = VERTEX_POINT('',#3281);
#3281 = CARTESIAN_POINT('',(-0.18400538539,-33.09051937097,
    43.282312821337));
#3282 = LINE('',#3283,#3284);
#3283 = CARTESIAN_POINT('',(-0.18400538539,-33.09562350379,
    43.249600839322));
#3284 = VECTOR('',#3285,1.);
#3285 = DIRECTION('',(2.22044604925E-16,0.15416711283,0.988044787103));
#3286 = ORIENTED_EDGE('',*,*,#3287,.F.);
#3287 = EDGE_CURVE('',#3264,#3280,#3288,.T.);
#3288 = LINE('',#3289,#3290);
#3289 = CARTESIAN_POINT('',(9.524416673383,-30.02905276197,
    62.903009274605));
#3290 = VECTOR('',#3291,1.);
#3291 = DIRECTION('',(-0.439210698076,-0.138501280469,-0.887643711183));
#3292 = FACE_BOUND('',#3293,.F.);
#3293 = EDGE_LOOP('',(#3294,#3304,#3312,#3320));
#3294 = ORIENTED_EDGE('',*,*,#3295,.F.);
#3295 = EDGE_CURVE('',#3296,#3298,#3300,.T.);
#3296 = VERTEX_POINT('',#3297);
#3297 = CARTESIAN_POINT('',(14.81599461461,-38.76666309736,
    6.904358296825));
#3298 = VERTEX_POINT('',#3299);
#3299 = CARTESIAN_POINT('',(14.81599461461,-30.72069490264,
    58.470329703175));
#3300 = LINE('',#3301,#3302);
#3301 = CARTESIAN_POINT('',(14.81599461461,-33.09562350379,
    43.249600839322));
#3302 = VECTOR('',#3303,1.);
#3303 = DIRECTION('',(2.22044604925E-16,0.15416711283,0.988044787103));
#3304 = ORIENTED_EDGE('',*,*,#3305,.T.);
#3305 = EDGE_CURVE('',#3296,#3306,#3308,.T.);
#3306 = VERTEX_POINT('',#3307);
#3307 = CARTESIAN_POINT('',(8.81599461461,-38.76666309736,6.904358296825
    ));
#3308 = LINE('',#3309,#3310);
#3309 = CARTESIAN_POINT('',(31.,-38.76666309736,6.904358296825));
#3310 = VECTOR('',#3311,1.);
#3311 = DIRECTION('',(-1.,1.365526126429E-16,-2.130664754811E-17));
#3312 = ORIENTED_EDGE('',*,*,#3313,.T.);
#3313 = EDGE_CURVE('',#3306,#3314,#3316,.T.);
#3314 = VERTEX_POINT('',#3315);
#3315 = CARTESIAN_POINT('',(8.81599461461,-30.72069490264,
    58.470329703175));
#3316 = LINE('',#3317,#3318);
#3317 = CARTESIAN_POINT('',(8.81599461461,-33.09562350379,
    43.249600839322));
#3318 = VECTOR('',#3319,1.);
#3319 = DIRECTION('',(2.22044604925E-16,0.15416711283,0.988044787103));
#3320 = ORIENTED_EDGE('',*,*,#3321,.F.);
#3321 = EDGE_CURVE('',#3298,#3314,#3322,.T.);
#3322 = LINE('',#3323,#3324);
#3323 = CARTESIAN_POINT('',(25.823501,-30.72069490264,58.470329703175));
#3324 = VECTOR('',#3325,1.);
#3325 = DIRECTION('',(-1.,1.365526126429E-16,-2.130664754811E-17));
#3326 = PLANE('',#3327);
#3327 = AXIS2_PLACEMENT_3D('',#3328,#3329,#3330);
#3328 = CARTESIAN_POINT('',(5.161026694537,-35.62471921777,
    27.040827188365));
#3329 = DIRECTION('',(0.,-0.988044787103,0.15416711283));
#3330 = DIRECTION('',(0.,-0.15416711283,-0.988044787103));
#3331 = ADVANCED_FACE('',(#3332,#3358,#3384,#3418,#3452),#3486,.F.);
#3332 = FACE_BOUND('',#3333,.F.);
#3333 = EDGE_LOOP('',(#3334,#3335,#3336,#3344,#3352));
#3334 = ORIENTED_EDGE('',*,*,#1010,.T.);
#3335 = ORIENTED_EDGE('',*,*,#3145,.F.);
#3336 = ORIENTED_EDGE('',*,*,#3337,.F.);
#3337 = EDGE_CURVE('',#3338,#3146,#3340,.T.);
#3338 = VERTEX_POINT('',#3339);
#3339 = CARTESIAN_POINT('',(2.337344,29.987358,66.374688));
#3340 = LINE('',#3341,#3342);
#3341 = CARTESIAN_POINT('',(2.337344,29.987358,66.374688));
#3342 = VECTOR('',#3343,1.);
#3343 = DIRECTION('',(-0.439602409836,0.132031560523,-0.888435359659));
#3344 = ORIENTED_EDGE('',*,*,#3345,.T.);
#3345 = EDGE_CURVE('',#3338,#3346,#3348,.T.);
#3346 = VERTEX_POINT('',#3347);
#3347 = CARTESIAN_POINT('',(18.123501,29.987358,66.374688));
#3348 = LINE('',#3349,#3350);
#3349 = CARTESIAN_POINT('',(2.337344,29.987358,66.374688));
#3350 = VECTOR('',#3351,1.);
#3351 = DIRECTION('',(1.,0.,0.));
#3352 = ORIENTED_EDGE('',*,*,#3353,.T.);
#3353 = EDGE_CURVE('',#3346,#1011,#3354,.T.);
#3354 = LINE('',#3355,#3356);
#3355 = CARTESIAN_POINT('',(2.337344,29.987358,66.374688));
#3356 = VECTOR('',#3357,1.);
#3357 = DIRECTION('',(1.,0.,0.));
#3358 = FACE_BOUND('',#3359,.F.);
#3359 = EDGE_LOOP('',(#3360,#3370,#3378));
#3360 = ORIENTED_EDGE('',*,*,#3361,.T.);
#3361 = EDGE_CURVE('',#3362,#3364,#3366,.T.);
#3362 = VERTEX_POINT('',#3363);
#3363 = CARTESIAN_POINT('',(-12.1777824848,37.021965607975,
    19.03908039616));
#3364 = VERTEX_POINT('',#3365);
#3365 = CARTESIAN_POINT('',(-18.1777824848,38.824024344268,
    6.913095554657));
#3366 = LINE('',#3367,#3368);
#3367 = CARTESIAN_POINT('',(9.522883796082,30.504319732168,
    62.896072124914));
#3368 = VECTOR('',#3369,1.);
#3369 = DIRECTION('',(-0.439602409836,0.132031560523,-0.888435359659));
#3370 = ORIENTED_EDGE('',*,*,#3371,.T.);
#3371 = EDGE_CURVE('',#3364,#3372,#3374,.T.);
#3372 = VERTEX_POINT('',#3373);
#3373 = CARTESIAN_POINT('',(-12.1777824848,38.824024344268,
    6.913095554657));
#3374 = LINE('',#3375,#3376);
#3375 = CARTESIAN_POINT('',(-31.,38.824024344268,6.913095554657));
#3376 = VECTOR('',#3377,1.);
#3377 = DIRECTION('',(1.,-3.228531238797E-17,-4.797963217268E-18));
#3378 = ORIENTED_EDGE('',*,*,#3379,.F.);
#3379 = EDGE_CURVE('',#3362,#3372,#3380,.T.);
#3380 = LINE('',#3381,#3382);
#3381 = CARTESIAN_POINT('',(-12.1777824848,37.402179086678,
    16.480638328518));
#3382 = VECTOR('',#3383,1.);
#3383 = DIRECTION('',(-2.22044604925E-16,0.146996956967,-0.989136944332)
  );
#3384 = FACE_BOUND('',#3385,.F.);
#3385 = EDGE_LOOP('',(#3386,#3396,#3404,#3412));
#3386 = ORIENTED_EDGE('',*,*,#3387,.T.);
#3387 = EDGE_CURVE('',#3388,#3390,#3392,.T.);
#3388 = VERTEX_POINT('',#3389);
#3389 = CARTESIAN_POINT('',(-9.177782484801,36.120936239828,
    25.102072816912));
#3390 = VERTEX_POINT('',#3391);
#3391 = CARTESIAN_POINT('',(-9.177782484801,38.824024344268,
    6.913095554657));
#3392 = LINE('',#3393,#3394);
#3393 = CARTESIAN_POINT('',(-9.177782484801,37.402179086678,
    16.480638328518));
#3394 = VECTOR('',#3395,1.);
#3395 = DIRECTION('',(-2.22044604925E-16,0.146996956967,-0.989136944332)
  );
#3396 = ORIENTED_EDGE('',*,*,#3397,.T.);
#3397 = EDGE_CURVE('',#3390,#3398,#3400,.T.);
#3398 = VERTEX_POINT('',#3399);
#3399 = CARTESIAN_POINT('',(-3.177782484801,38.824024344268,
    6.913095554657));
#3400 = LINE('',#3401,#3402);
#3401 = CARTESIAN_POINT('',(-31.,38.824024344268,6.913095554657));
#3402 = VECTOR('',#3403,1.);
#3403 = DIRECTION('',(1.,-3.228531238797E-17,-4.797963217268E-18));
#3404 = ORIENTED_EDGE('',*,*,#3405,.F.);
#3405 = EDGE_CURVE('',#3406,#3398,#3408,.T.);
#3406 = VERTEX_POINT('',#3407);
#3407 = CARTESIAN_POINT('',(-3.177782484801,34.318877503535,
    37.228057658416));
#3408 = LINE('',#3409,#3410);
#3409 = CARTESIAN_POINT('',(-3.177782484801,37.402179086678,
    16.480638328518));
#3410 = VECTOR('',#3411,1.);
#3411 = DIRECTION('',(-2.22044604925E-16,0.146996956967,-0.989136944332)
  );
#3412 = ORIENTED_EDGE('',*,*,#3413,.T.);
#3413 = EDGE_CURVE('',#3406,#3388,#3414,.T.);
#3414 = LINE('',#3415,#3416);
#3415 = CARTESIAN_POINT('',(9.522883796082,30.504319732168,
    62.896072124914));
#3416 = VECTOR('',#3417,1.);
#3417 = DIRECTION('',(-0.439602409836,0.132031560523,-0.888435359659));
#3418 = FACE_BOUND('',#3419,.F.);
#3419 = EDGE_LOOP('',(#3420,#3430,#3438,#3446));
#3420 = ORIENTED_EDGE('',*,*,#3421,.T.);
#3421 = EDGE_CURVE('',#3422,#3424,#3426,.T.);
#3422 = VERTEX_POINT('',#3423);
#3423 = CARTESIAN_POINT('',(-0.177782484801,33.417848135389,
    43.291050079168));
#3424 = VERTEX_POINT('',#3425);
#3425 = CARTESIAN_POINT('',(-0.177782484801,38.824024344268,
    6.913095554657));
#3426 = LINE('',#3427,#3428);
#3427 = CARTESIAN_POINT('',(-0.177782484801,37.402179086678,
    16.480638328518));
#3428 = VECTOR('',#3429,1.);
#3429 = DIRECTION('',(-2.22044604925E-16,0.146996956967,-0.989136944332)
  );
#3430 = ORIENTED_EDGE('',*,*,#3431,.T.);
#3431 = EDGE_CURVE('',#3424,#3432,#3434,.T.);
#3432 = VERTEX_POINT('',#3433);
#3433 = CARTESIAN_POINT('',(5.822217515199,38.824024344268,
    6.913095554657));
#3434 = LINE('',#3435,#3436);
#3435 = CARTESIAN_POINT('',(-31.,38.824024344268,6.913095554657));
#3436 = VECTOR('',#3437,1.);
#3437 = DIRECTION('',(1.,-3.228531238797E-17,-4.797963217268E-18));
#3438 = ORIENTED_EDGE('',*,*,#3439,.F.);
#3439 = EDGE_CURVE('',#3440,#3432,#3442,.T.);
#3440 = VERTEX_POINT('',#3441);
#3441 = CARTESIAN_POINT('',(5.822217515199,31.615789399096,
    55.417034920672));
#3442 = LINE('',#3443,#3444);
#3443 = CARTESIAN_POINT('',(5.822217515199,37.402179086678,
    16.480638328518));
#3444 = VECTOR('',#3445,1.);
#3445 = DIRECTION('',(-2.22044604925E-16,0.146996956967,-0.989136944332)
  );
#3446 = ORIENTED_EDGE('',*,*,#3447,.T.);
#3447 = EDGE_CURVE('',#3440,#3422,#3448,.T.);
#3448 = LINE('',#3449,#3450);
#3449 = CARTESIAN_POINT('',(9.522883796082,30.504319732168,
    62.896072124914));
#3450 = VECTOR('',#3451,1.);
#3451 = DIRECTION('',(-0.439602409836,0.132031560523,-0.888435359659));
#3452 = FACE_BOUND('',#3453,.F.);
#3453 = EDGE_LOOP('',(#3454,#3464,#3472,#3480));
#3454 = ORIENTED_EDGE('',*,*,#3455,.T.);
#3455 = EDGE_CURVE('',#3456,#3458,#3460,.T.);
#3456 = VERTEX_POINT('',#3457);
#3457 = CARTESIAN_POINT('',(8.822217515199,31.163333655732,
    58.461592445343));
#3458 = VERTEX_POINT('',#3459);
#3459 = CARTESIAN_POINT('',(8.822217515199,38.824024344268,
    6.913095554657));
#3460 = LINE('',#3461,#3462);
#3461 = CARTESIAN_POINT('',(8.822217515199,37.402179086678,
    16.480638328518));
#3462 = VECTOR('',#3463,1.);
#3463 = DIRECTION('',(-2.22044604925E-16,0.146996956967,-0.989136944332)
  );
#3464 = ORIENTED_EDGE('',*,*,#3465,.T.);
#3465 = EDGE_CURVE('',#3458,#3466,#3468,.T.);
#3466 = VERTEX_POINT('',#3467);
#3467 = CARTESIAN_POINT('',(14.822217515199,38.824024344268,
    6.913095554657));
#3468 = LINE('',#3469,#3470);
#3469 = CARTESIAN_POINT('',(-31.,38.824024344268,6.913095554657));
#3470 = VECTOR('',#3471,1.);
#3471 = DIRECTION('',(1.,-3.228531238797E-17,-4.797963217268E-18));
#3472 = ORIENTED_EDGE('',*,*,#3473,.F.);
#3473 = EDGE_CURVE('',#3474,#3466,#3476,.T.);
#3474 = VERTEX_POINT('',#3475);
#3475 = CARTESIAN_POINT('',(14.822217515199,31.163333655732,
    58.461592445343));
#3476 = LINE('',#3477,#3478);
#3477 = CARTESIAN_POINT('',(14.822217515199,37.402179086678,
    16.480638328518));
#3478 = VECTOR('',#3479,1.);
#3479 = DIRECTION('',(-2.22044604925E-16,0.146996956967,-0.989136944332)
  );
#3480 = ORIENTED_EDGE('',*,*,#3481,.F.);
#3481 = EDGE_CURVE('',#3456,#3474,#3482,.T.);
#3482 = LINE('',#3483,#3484);
#3483 = CARTESIAN_POINT('',(2.337344,31.163333655732,58.461592445343));
#3484 = VECTOR('',#3485,1.);
#3485 = DIRECTION('',(1.,-3.228531238797E-17,-4.797963217268E-18));
#3486 = PLANE('',#3487);
#3487 = AXIS2_PLACEMENT_3D('',#3488,#3489,#3490);
#3488 = CARTESIAN_POINT('',(5.159166237975,35.833336872122,
    27.037318046712));
#3489 = DIRECTION('',(0.,0.989136944332,0.146996956967));
#3490 = DIRECTION('',(0.,-0.146996956967,0.989136944332));
#3491 = ADVANCED_FACE('',(#3492),#3503,.F.);
#3492 = FACE_BOUND('',#3493,.F.);
#3493 = EDGE_LOOP('',(#3494,#3495,#3496,#3497));
#3494 = ORIENTED_EDGE('',*,*,#2526,.F.);
#3495 = ORIENTED_EDGE('',*,*,#1034,.T.);
#3496 = ORIENTED_EDGE('',*,*,#2668,.T.);
#3497 = ORIENTED_EDGE('',*,*,#3498,.F.);
#3498 = EDGE_CURVE('',#2527,#2669,#3499,.T.);
#3499 = LINE('',#3500,#3501);
#3500 = CARTESIAN_POINT('',(20.237344,-19.824187,17.1));
#3501 = VECTOR('',#3502,1.);
#3502 = DIRECTION('',(0.,1.,0.));
#3503 = PLANE('',#3504);
#3504 = AXIS2_PLACEMENT_3D('',#3505,#3506,#3507);
#3505 = CARTESIAN_POINT('',(18.123501,-29.487358,17.1));
#3506 = DIRECTION('',(2.22044604925E-16,0.,-1.));
#3507 = DIRECTION('',(1.,0.,2.22044604925E-16));
#3508 = ADVANCED_FACE('',(#3509),#3525,.T.);
#3509 = FACE_BOUND('',#3510,.T.);
#3510 = EDGE_LOOP('',(#3511,#3512,#3520));
#3511 = ORIENTED_EDGE('',*,*,#1074,.F.);
#3512 = ORIENTED_EDGE('',*,*,#3513,.T.);
#3513 = EDGE_CURVE('',#1075,#3514,#3516,.T.);
#3514 = VERTEX_POINT('',#3515);
#3515 = CARTESIAN_POINT('',(18.247758288657,-20.062,7.893633411781));
#3516 = LINE('',#3517,#3518);
#3517 = CARTESIAN_POINT('',(18.223501,-20.062,7.893633411781));
#3518 = VECTOR('',#3519,1.);
#3519 = DIRECTION('',(1.,0.,2.22044604925E-16));
#3520 = ORIENTED_EDGE('',*,*,#3521,.F.);
#3521 = EDGE_CURVE('',#1077,#3514,#3522,.T.);
#3522 = B_SPLINE_CURVE_WITH_KNOTS('',1,(#3523,#3524),.UNSPECIFIED.,.F.,
  .F.,(2,2),(0.,1.),.PIECEWISE_BEZIER_KNOTS.);
#3523 = CARTESIAN_POINT('',(18.223501,-20.03949283746,7.906627928131));
#3524 = CARTESIAN_POINT('',(18.247758288657,-20.062,7.893633411781));
#3525 = PLANE('',#3526);
#3526 = AXIS2_PLACEMENT_3D('',#3527,#3528,#3529);
#3527 = CARTESIAN_POINT('',(18.223501,-20.062,7.893633411781));
#3528 = DIRECTION('',(-1.922962686384E-16,-0.5,0.866025403784));
#3529 = DIRECTION('',(-1.110223024625E-16,0.866025403784,0.5));
#3530 = ADVANCED_FACE('',(#3531),#3555,.F.);
#3531 = FACE_BOUND('',#3532,.F.);
#3532 = EDGE_LOOP('',(#3533,#3538,#3545,#3552,#3553,#3554));
#3533 = ORIENTED_EDGE('',*,*,#3534,.F.);
#3534 = EDGE_CURVE('',#3514,#1085,#3535,.T.);
#3535 = B_SPLINE_CURVE_WITH_KNOTS('',1,(#3536,#3537),.UNSPECIFIED.,.F.,
  .F.,(2,2),(0.,1.),.PIECEWISE_BEZIER_KNOTS.);
#3536 = CARTESIAN_POINT('',(18.247758288657,-20.062,7.893633411781));
#3537 = CARTESIAN_POINT('',(18.223501,-20.08450716253,7.906627928131));
#3538 = ORIENTED_EDGE('',*,*,#3539,.T.);
#3539 = EDGE_CURVE('',#3514,#3540,#3542,.T.);
#3540 = VERTEX_POINT('',#3541);
#3541 = CARTESIAN_POINT('',(18.423501,-20.062,7.8));
#3542 = B_SPLINE_CURVE_WITH_KNOTS('',1,(#3543,#3544),.UNSPECIFIED.,.F.,
  .F.,(2,2),(0.,1.),.PIECEWISE_BEZIER_KNOTS.);
#3543 = CARTESIAN_POINT('',(6.223501,-20.062,14.3));
#3544 = CARTESIAN_POINT('',(18.423501,-20.062,7.8));
#3545 = ORIENTED_EDGE('',*,*,#3546,.F.);
#3546 = EDGE_CURVE('',#3540,#3540,#3547,.T.);
#3547 = CIRCLE('',#3548,3.5);
#3548 = AXIS2_PLACEMENT_3D('',#3549,#3550,#3551);
#3549 = CARTESIAN_POINT('',(18.423501,-20.062,11.3));
#3550 = DIRECTION('',(1.,-0.,2.22044604925E-16));
#3551 = DIRECTION('',(2.22044604925E-16,0.,-1.));
#3552 = ORIENTED_EDGE('',*,*,#3539,.F.);
#3553 = ORIENTED_EDGE('',*,*,#3521,.F.);
#3554 = ORIENTED_EDGE('',*,*,#1092,.F.);
#3555 = B_SPLINE_SURFACE_WITH_KNOTS('',14,1,(
    (#3556,#3557)
    ,(#3558,#3559)
    ,(#3560,#3561)
    ,(#3562,#3563)
    ,(#3564,#3565)
    ,(#3566,#3567)
    ,(#3568,#3569)
    ,(#3570,#3571)
    ,(#3572,#3573)
    ,(#3574,#3575)
    ,(#3576,#3577)
    ,(#3578,#3579)
    ,(#3580,#3581)
    ,(#3582,#3583)
    ,(#3584,#3585
    )),.UNSPECIFIED.,.T.,.F.,.F.,(15,15),(2,2),(0.,6.28318530718),(0.,1.
    ),.PIECEWISE_BEZIER_KNOTS.);
#3556 = CARTESIAN_POINT('',(6.223501,-20.062,14.3));
#3557 = CARTESIAN_POINT('',(18.423501,-20.062,7.8));
#3558 = CARTESIAN_POINT('',(6.223500999999,-16.02280944537,
    14.299999999998));
#3559 = CARTESIAN_POINT('',(18.423501,-18.4912036732,7.800000000002));
#3560 = CARTESIAN_POINT('',(6.223501000002,-11.98361739983,
    16.252229250802));
#3561 = CARTESIAN_POINT('',(18.423500999999,-16.92040676658,
    8.55920450449));
#3562 = CARTESIAN_POINT('',(6.223501,-8.966625880783,20.156690248116));
#3563 = CARTESIAN_POINT('',(18.423501000002,-15.747132287,10.07757208108
    ));
#3564 = CARTESIAN_POINT('',(6.22350099999,-7.993921637701,
    25.429495532638));
#3565 = CARTESIAN_POINT('',(18.423500999997,-15.36885841458,
    12.128242388084));
#3566 = CARTESIAN_POINT('',(6.223501000032,-9.721208250661,
    30.90298094367));
#3567 = CARTESIAN_POINT('',(18.423501000003,-16.0405809865,
    14.256474270798));
#3568 = CARTESIAN_POINT('',(6.223500999938,-14.06903279298,
    35.081375314843));
#3569 = CARTESIAN_POINT('',(18.423500999999,-17.73140164152,
    15.882031823078));
#3570 = CARTESIAN_POINT('',(6.223501000084,-20.06199999945,
    36.654457418557));
#3571 = CARTESIAN_POINT('',(18.423500999999,-20.062,16.492949928658));
#3572 = CARTESIAN_POINT('',(6.223500999913,-26.054967208,35.0813753148)
  );
#3573 = CARTESIAN_POINT('',(18.423501000002,-22.39259835847,
    15.882031823116));
#3574 = CARTESIAN_POINT('',(6.22350100007,-30.40279174861,
    30.902980943736));
#3575 = CARTESIAN_POINT('',(18.423500999999,-24.08341901348,
    14.256474270742));
#3576 = CARTESIAN_POINT('',(6.223500999956,-32.13007836273,
    25.429495532579));
#3577 = CARTESIAN_POINT('',(18.423501,-24.75514158543,12.128242388133));
#3578 = CARTESIAN_POINT('',(6.223501000022,-31.15737411901,
    20.156690248153));
#3579 = CARTESIAN_POINT('',(18.423501,-24.37686771298,10.077572081051));
#3580 = CARTESIAN_POINT('',(6.223500999992,-28.14038260024,
    16.252229250787));
#3581 = CARTESIAN_POINT('',(18.423501,-23.20359323341,8.559204504502));
#3582 = CARTESIAN_POINT('',(6.223501000002,-24.1011905546,
    14.300000000002));
#3583 = CARTESIAN_POINT('',(18.423501,-21.63279632679,7.799999999999));
#3584 = CARTESIAN_POINT('',(6.223501,-20.062,14.3));
#3585 = CARTESIAN_POINT('',(18.423501,-20.062,7.8));
#3586 = ADVANCED_FACE('',(#3587),#3592,.T.);
#3587 = FACE_BOUND('',#3588,.T.);
#3588 = EDGE_LOOP('',(#3589,#3590,#3591));
#3589 = ORIENTED_EDGE('',*,*,#1084,.F.);
#3590 = ORIENTED_EDGE('',*,*,#3534,.F.);
#3591 = ORIENTED_EDGE('',*,*,#3513,.F.);
#3592 = PLANE('',#3593);
#3593 = AXIS2_PLACEMENT_3D('',#3594,#3595,#3596);
#3594 = CARTESIAN_POINT('',(18.223501,-23.012,9.596816705891));
#3595 = DIRECTION('',(-1.922962686384E-16,0.5,0.866025403784));
#3596 = DIRECTION('',(1.110223024625E-16,0.866025403784,-0.5));
#3597 = ADVANCED_FACE('',(#3598),#3614,.T.);
#3598 = FACE_BOUND('',#3599,.T.);
#3599 = EDGE_LOOP('',(#3600,#3601,#3609));
#3600 = ORIENTED_EDGE('',*,*,#1155,.F.);
#3601 = ORIENTED_EDGE('',*,*,#3602,.T.);
#3602 = EDGE_CURVE('',#1156,#3603,#3605,.T.);
#3603 = VERTEX_POINT('',#3604);
#3604 = CARTESIAN_POINT('',(18.247758288657,21.938,7.893633411781));
#3605 = LINE('',#3606,#3607);
#3606 = CARTESIAN_POINT('',(18.223501,21.938,7.893633411781));
#3607 = VECTOR('',#3608,1.);
#3608 = DIRECTION('',(1.,0.,2.22044604925E-16));
#3609 = ORIENTED_EDGE('',*,*,#3610,.F.);
#3610 = EDGE_CURVE('',#1158,#3603,#3611,.T.);
#3611 = B_SPLINE_CURVE_WITH_KNOTS('',1,(#3612,#3613),.UNSPECIFIED.,.F.,
  .F.,(2,2),(0.,1.),.PIECEWISE_BEZIER_KNOTS.);
#3612 = CARTESIAN_POINT('',(18.223501,21.960507162538,7.906627928131));
#3613 = CARTESIAN_POINT('',(18.247758288657,21.938,7.893633411781));
#3614 = PLANE('',#3615);
#3615 = AXIS2_PLACEMENT_3D('',#3616,#3617,#3618);
#3616 = CARTESIAN_POINT('',(18.223501,21.938,7.893633411781));
#3617 = DIRECTION('',(-1.922962686384E-16,-0.5,0.866025403784));
#3618 = DIRECTION('',(-1.110223024625E-16,0.866025403784,0.5));
#3619 = ADVANCED_FACE('',(#3620),#3644,.F.);
#3620 = FACE_BOUND('',#3621,.F.);
#3621 = EDGE_LOOP('',(#3622,#3627,#3634,#3641,#3642,#3643));
#3622 = ORIENTED_EDGE('',*,*,#3623,.F.);
#3623 = EDGE_CURVE('',#3603,#1166,#3624,.T.);
#3624 = B_SPLINE_CURVE_WITH_KNOTS('',1,(#3625,#3626),.UNSPECIFIED.,.F.,
  .F.,(2,2),(0.,1.),.PIECEWISE_BEZIER_KNOTS.);
#3625 = CARTESIAN_POINT('',(18.247758288657,21.938,7.893633411781));
#3626 = CARTESIAN_POINT('',(18.223501,21.915492837462,7.906627928131));
#3627 = ORIENTED_EDGE('',*,*,#3628,.T.);
#3628 = EDGE_CURVE('',#3603,#3629,#3631,.T.);
#3629 = VERTEX_POINT('',#3630);
#3630 = CARTESIAN_POINT('',(18.423501,21.938,7.8));
#3631 = B_SPLINE_CURVE_WITH_KNOTS('',1,(#3632,#3633),.UNSPECIFIED.,.F.,
  .F.,(2,2),(0.,1.),.PIECEWISE_BEZIER_KNOTS.);
#3632 = CARTESIAN_POINT('',(6.223501,21.938,14.3));
#3633 = CARTESIAN_POINT('',(18.423501,21.938,7.8));
#3634 = ORIENTED_EDGE('',*,*,#3635,.F.);
#3635 = EDGE_CURVE('',#3629,#3629,#3636,.T.);
#3636 = CIRCLE('',#3637,3.5);
#3637 = AXIS2_PLACEMENT_3D('',#3638,#3639,#3640);
#3638 = CARTESIAN_POINT('',(18.423501,21.938,11.3));
#3639 = DIRECTION('',(1.,-0.,2.22044604925E-16));
#3640 = DIRECTION('',(2.22044604925E-16,0.,-1.));
#3641 = ORIENTED_EDGE('',*,*,#3628,.F.);
#3642 = ORIENTED_EDGE('',*,*,#3610,.F.);
#3643 = ORIENTED_EDGE('',*,*,#1173,.F.);
#3644 = B_SPLINE_SURFACE_WITH_KNOTS('',14,1,(
    (#3645,#3646)
    ,(#3647,#3648)
    ,(#3649,#3650)
    ,(#3651,#3652)
    ,(#3653,#3654)
    ,(#3655,#3656)
    ,(#3657,#3658)
    ,(#3659,#3660)
    ,(#3661,#3662)
    ,(#3663,#3664)
    ,(#3665,#3666)
    ,(#3667,#3668)
    ,(#3669,#3670)
    ,(#3671,#3672)
    ,(#3673,#3674
    )),.UNSPECIFIED.,.T.,.F.,.F.,(15,15),(2,2),(0.,6.28318530718),(0.,1.
    ),.PIECEWISE_BEZIER_KNOTS.);
#3645 = CARTESIAN_POINT('',(6.223501,21.938,14.3));
#3646 = CARTESIAN_POINT('',(18.423501,21.938,7.8));
#3647 = CARTESIAN_POINT('',(6.223500999999,25.977190554619,
    14.299999999998));
#3648 = CARTESIAN_POINT('',(18.423501,23.50879632679,7.800000000002));
#3649 = CARTESIAN_POINT('',(6.223501000002,30.016382600187,
    16.252229250802));
#3650 = CARTESIAN_POINT('',(18.423500999999,25.07959323343,8.55920450449
    ));
#3651 = CARTESIAN_POINT('',(6.223501,33.033374119154,20.156690248116));
#3652 = CARTESIAN_POINT('',(18.423501000002,26.252867712949,
    10.07757208108));
#3653 = CARTESIAN_POINT('',(6.22350099999,34.006078362461,
    25.429495532638));
#3654 = CARTESIAN_POINT('',(18.423500999997,26.631141585485,
    12.128242388084));
#3655 = CARTESIAN_POINT('',(6.223501000032,32.278791749017,
    30.90298094367));
#3656 = CARTESIAN_POINT('',(18.423501000003,25.959419013424,
    14.256474270798));
#3657 = CARTESIAN_POINT('',(6.223500999938,27.930967207518,
    35.081375314843));
#3658 = CARTESIAN_POINT('',(18.423500999999,24.268598358516,
    15.882031823078));
#3659 = CARTESIAN_POINT('',(6.223501000084,21.93799999993,
    36.654457418557));
#3660 = CARTESIAN_POINT('',(18.423500999999,21.938000000007,
    16.492949928658));
#3661 = CARTESIAN_POINT('',(6.223500999913,15.945032792601,35.0813753148
    ));
#3662 = CARTESIAN_POINT('',(18.423501000002,19.607401641479,
    15.882031823116));
#3663 = CARTESIAN_POINT('',(6.22350100007,11.597208250913,
    30.902980943736));
#3664 = CARTESIAN_POINT('',(18.423500999999,17.916580986567,
    14.256474270742));
#3665 = CARTESIAN_POINT('',(6.223500999956,9.869921637566,
    25.429495532579));
#3666 = CARTESIAN_POINT('',(18.423501,17.244858414531,12.128242388133));
#3667 = CARTESIAN_POINT('',(6.223501000022,10.842625880841,
    20.156690248153));
#3668 = CARTESIAN_POINT('',(18.423501,17.623132287038,10.077572081051));
#3669 = CARTESIAN_POINT('',(6.223500999992,13.859617399812,
    16.252229250787));
#3670 = CARTESIAN_POINT('',(18.423501,18.796406766576,8.559204504502));
#3671 = CARTESIAN_POINT('',(6.223501000002,17.898809445382,
    14.300000000002));
#3672 = CARTESIAN_POINT('',(18.423501,20.367203673208,7.799999999999));
#3673 = CARTESIAN_POINT('',(6.223501,21.938,14.3));
#3674 = CARTESIAN_POINT('',(18.423501,21.938,7.8));
#3675 = ADVANCED_FACE('',(#3676),#3681,.T.);
#3676 = FACE_BOUND('',#3677,.T.);
#3677 = EDGE_LOOP('',(#3678,#3679,#3680));
#3678 = ORIENTED_EDGE('',*,*,#1165,.F.);
#3679 = ORIENTED_EDGE('',*,*,#3623,.F.);
#3680 = ORIENTED_EDGE('',*,*,#3602,.F.);
#3681 = PLANE('',#3682);
#3682 = AXIS2_PLACEMENT_3D('',#3683,#3684,#3685);
#3683 = CARTESIAN_POINT('',(18.223501,18.988,9.596816705891));
#3684 = DIRECTION('',(-1.922962686384E-16,0.5,0.866025403784));
#3685 = DIRECTION('',(1.110223024625E-16,0.866025403784,-0.5));
#3686 = ADVANCED_FACE('',(#3687),#3706,.T.);
#3687 = FACE_BOUND('',#3688,.T.);
#3688 = EDGE_LOOP('',(#3689,#3690,#3699,#3705));
#3689 = ORIENTED_EDGE('',*,*,#1478,.F.);
#3690 = ORIENTED_EDGE('',*,*,#3691,.T.);
#3691 = EDGE_CURVE('',#1471,#3692,#3694,.T.);
#3692 = VERTEX_POINT('',#3693);
#3693 = CARTESIAN_POINT('',(-0.203360618621,-29.787358,67.783400231415)
  );
#3694 = CIRCLE('',#3695,2.5);
#3695 = AXIS2_PLACEMENT_3D('',#3696,#3697,#3698);
#3696 = CARTESIAN_POINT('',(2.037344,-29.787358,66.674688));
#3697 = DIRECTION('',(-0.439210698076,-0.138501280469,-0.887643711183));
#3698 = DIRECTION('',(0.898384084173,-6.771184524649E-02,-0.433959840674
    ));
#3699 = ORIENTED_EDGE('',*,*,#3700,.T.);
#3700 = EDGE_CURVE('',#3692,#1339,#3701,.T.);
#3701 = LINE('',#3702,#3703);
#3702 = CARTESIAN_POINT('',(-0.203360618621,-29.787358,67.783400231415)
  );
#3703 = VECTOR('',#3704,1.);
#3704 = DIRECTION('',(-0.439210698076,-0.138501280469,-0.887643711183));
#3705 = ORIENTED_EDGE('',*,*,#1338,.T.);
#3706 = CYLINDRICAL_SURFACE('',#3707,2.5);
#3707 = AXIS2_PLACEMENT_3D('',#3708,#3709,#3710);
#3708 = CARTESIAN_POINT('',(2.037344,-29.787358,66.674688));
#3709 = DIRECTION('',(-0.439210698076,-0.138501280469,-0.887643711183));
#3710 = DIRECTION('',(0.898384084173,-6.771184524649E-02,-0.433959840674
    ));
#3711 = ADVANCED_FACE('',(#3712),#3731,.T.);
#3712 = FACE_BOUND('',#3713,.T.);
#3713 = EDGE_LOOP('',(#3714,#3722,#3729,#3730));
#3714 = ORIENTED_EDGE('',*,*,#3715,.F.);
#3715 = EDGE_CURVE('',#3716,#1348,#3718,.T.);
#3716 = VERTEX_POINT('',#3717);
#3717 = CARTESIAN_POINT('',(-0.203360618621,30.287358,67.783400231415));
#3718 = LINE('',#3719,#3720);
#3719 = CARTESIAN_POINT('',(-0.203360618621,30.287358,67.783400231415));
#3720 = VECTOR('',#3721,1.);
#3721 = DIRECTION('',(-0.439602409836,0.132031560523,-0.888435359659));
#3722 = ORIENTED_EDGE('',*,*,#3723,.T.);
#3723 = EDGE_CURVE('',#3716,#2949,#3724,.T.);
#3724 = CIRCLE('',#3725,2.5);
#3725 = AXIS2_PLACEMENT_3D('',#3726,#3727,#3728);
#3726 = CARTESIAN_POINT('',(2.037344,30.287358,66.674688));
#3727 = DIRECTION('',(-0.439602409836,0.132031560523,-0.888435359659));
#3728 = DIRECTION('',(-5.855400243398E-02,-0.991245512992,
    -0.118337490987));
#3729 = ORIENTED_EDGE('',*,*,#2998,.T.);
#3730 = ORIENTED_EDGE('',*,*,#1355,.T.);
#3731 = CYLINDRICAL_SURFACE('',#3732,2.5);
#3732 = AXIS2_PLACEMENT_3D('',#3733,#3734,#3735);
#3733 = CARTESIAN_POINT('',(2.037344,30.287358,66.674688));
#3734 = DIRECTION('',(-0.439602409836,0.132031560523,-0.888435359659));
#3735 = DIRECTION('',(-5.855400243398E-02,-0.991245512992,
    -0.118337490987));
#3736 = ADVANCED_FACE('',(#3737,#3748,#3790,#3824,#3858,#3892,#3926),
  #3968,.T.);
#3737 = FACE_BOUND('',#3738,.T.);
#3738 = EDGE_LOOP('',(#3739,#3745,#3746,#3747));
#3739 = ORIENTED_EDGE('',*,*,#3740,.F.);
#3740 = EDGE_CURVE('',#3716,#3692,#3741,.T.);
#3741 = LINE('',#3742,#3743);
#3742 = CARTESIAN_POINT('',(-0.203360618621,30.287358,67.783400231415));
#3743 = VECTOR('',#3744,1.);
#3744 = DIRECTION('',(0.,-1.,0.));
#3745 = ORIENTED_EDGE('',*,*,#3715,.T.);
#3746 = ORIENTED_EDGE('',*,*,#1347,.F.);
#3747 = ORIENTED_EDGE('',*,*,#3700,.F.);
#3748 = FACE_BOUND('',#3749,.T.);
#3749 = EDGE_LOOP('',(#3750,#3760,#3768,#3776,#3784));
#3750 = ORIENTED_EDGE('',*,*,#3751,.F.);
#3751 = EDGE_CURVE('',#3752,#3754,#3756,.T.);
#3752 = VERTEX_POINT('',#3753);
#3753 = CARTESIAN_POINT('',(-30.05306806076,24.196645168554,
    7.457216903631));
#3754 = VERTEX_POINT('',#3755);
#3755 = CARTESIAN_POINT('',(-30.05306806076,18.196645168554,
    7.457216903631));
#3756 = LINE('',#3757,#3758);
#3757 = CARTESIAN_POINT('',(-30.05306806076,-15.34763165712,
    7.457216903631));
#3758 = VECTOR('',#3759,1.);
#3759 = DIRECTION('',(0.,-1.,0.));
#3760 = ORIENTED_EDGE('',*,*,#3761,.F.);
#3761 = EDGE_CURVE('',#3762,#3752,#3764,.T.);
#3762 = VERTEX_POINT('',#3763);
#3763 = CARTESIAN_POINT('',(-7.854726272063,24.196645168554,
    52.320009576343));
#3764 = LINE('',#3765,#3766);
#3765 = CARTESIAN_POINT('',(-24.26930350757,24.196645168554,
    19.146190453419));
#3766 = VECTOR('',#3767,1.);
#3767 = DIRECTION('',(-0.443484892566,0.,-0.896281847449));
#3768 = ORIENTED_EDGE('',*,*,#3769,.T.);
#3769 = EDGE_CURVE('',#3762,#3770,#3772,.T.);
#3770 = VERTEX_POINT('',#3771);
#3771 = CARTESIAN_POINT('',(-3.811482341816,22.982284660643,
    60.491395344454));
#3772 = LINE('',#3773,#3774);
#3773 = CARTESIAN_POINT('',(-10.13890716198,24.882683189878,
    47.703685768611));
#3774 = VECTOR('',#3775,1.);
#3775 = DIRECTION('',(0.439602409836,-0.132031560523,0.888435359659));
#3776 = ORIENTED_EDGE('',*,*,#3777,.T.);
#3777 = EDGE_CURVE('',#3770,#3778,#3780,.T.);
#3778 = VERTEX_POINT('',#3779);
#3779 = CARTESIAN_POINT('',(-3.811482341816,18.196645168554,
    60.491395344454));
#3780 = LINE('',#3781,#3782);
#3781 = CARTESIAN_POINT('',(-3.811482341816,-11.21010354187,
    60.491395344454));
#3782 = VECTOR('',#3783,1.);
#3783 = DIRECTION('',(0.,-1.,0.));
#3784 = ORIENTED_EDGE('',*,*,#3785,.T.);
#3785 = EDGE_CURVE('',#3778,#3754,#3786,.T.);
#3786 = LINE('',#3787,#3788);
#3787 = CARTESIAN_POINT('',(-24.26930350757,18.196645168554,
    19.146190453419));
#3788 = VECTOR('',#3789,1.);
#3789 = DIRECTION('',(-0.443484892566,0.,-0.896281847449));
#3790 = FACE_BOUND('',#3791,.T.);
#3791 = EDGE_LOOP('',(#3792,#3802,#3810,#3818));
#3792 = ORIENTED_EDGE('',*,*,#3793,.F.);
#3793 = EDGE_CURVE('',#3794,#3796,#3798,.T.);
#3794 = VERTEX_POINT('',#3795);
#3795 = CARTESIAN_POINT('',(-30.05306806076,15.196645168554,
    7.457216903631));
#3796 = VERTEX_POINT('',#3797);
#3797 = CARTESIAN_POINT('',(-30.05306806076,9.196645168554,
    7.457216903631));
#3798 = LINE('',#3799,#3800);
#3799 = CARTESIAN_POINT('',(-30.05306806076,-15.34763165712,
    7.457216903631));
#3800 = VECTOR('',#3801,1.);
#3801 = DIRECTION('',(0.,-1.,0.));
#3802 = ORIENTED_EDGE('',*,*,#3803,.F.);
#3803 = EDGE_CURVE('',#3804,#3794,#3806,.T.);
#3804 = VERTEX_POINT('',#3805);
#3805 = CARTESIAN_POINT('',(-3.811482341816,15.196645168554,
    60.491395344454));
#3806 = LINE('',#3807,#3808);
#3807 = CARTESIAN_POINT('',(-24.26930350757,15.196645168554,
    19.146190453419));
#3808 = VECTOR('',#3809,1.);
#3809 = DIRECTION('',(-0.443484892566,0.,-0.896281847449));
#3810 = ORIENTED_EDGE('',*,*,#3811,.T.);
#3811 = EDGE_CURVE('',#3804,#3812,#3814,.T.);
#3812 = VERTEX_POINT('',#3813);
#3813 = CARTESIAN_POINT('',(-3.811482341816,9.196645168554,
    60.491395344454));
#3814 = LINE('',#3815,#3816);
#3815 = CARTESIAN_POINT('',(-3.811482341816,-11.21010354187,
    60.491395344454));
#3816 = VECTOR('',#3817,1.);
#3817 = DIRECTION('',(0.,-1.,0.));
#3818 = ORIENTED_EDGE('',*,*,#3819,.T.);
#3819 = EDGE_CURVE('',#3812,#3796,#3820,.T.);
#3820 = LINE('',#3821,#3822);
#3821 = CARTESIAN_POINT('',(-24.26930350757,9.196645168554,
    19.146190453419));
#3822 = VECTOR('',#3823,1.);
#3823 = DIRECTION('',(-0.443484892566,0.,-0.896281847449));
#3824 = FACE_BOUND('',#3825,.T.);
#3825 = EDGE_LOOP('',(#3826,#3836,#3844,#3852));
#3826 = ORIENTED_EDGE('',*,*,#3827,.F.);
#3827 = EDGE_CURVE('',#3828,#3830,#3832,.T.);
#3828 = VERTEX_POINT('',#3829);
#3829 = CARTESIAN_POINT('',(-30.05306806076,6.196645168554,
    7.457216903631));
#3830 = VERTEX_POINT('',#3831);
#3831 = CARTESIAN_POINT('',(-30.05306806076,0.196645168554,
    7.457216903631));
#3832 = LINE('',#3833,#3834);
#3833 = CARTESIAN_POINT('',(-30.05306806076,-15.34763165712,
    7.457216903631));
#3834 = VECTOR('',#3835,1.);
#3835 = DIRECTION('',(0.,-1.,0.));
#3836 = ORIENTED_EDGE('',*,*,#3837,.F.);
#3837 = EDGE_CURVE('',#3838,#3828,#3840,.T.);
#3838 = VERTEX_POINT('',#3839);
#3839 = CARTESIAN_POINT('',(-3.811482341816,6.196645168554,
    60.491395344454));
#3840 = LINE('',#3841,#3842);
#3841 = CARTESIAN_POINT('',(-24.26930350757,6.196645168554,
    19.146190453419));
#3842 = VECTOR('',#3843,1.);
#3843 = DIRECTION('',(-0.443484892566,0.,-0.896281847449));
#3844 = ORIENTED_EDGE('',*,*,#3845,.T.);
#3845 = EDGE_CURVE('',#3838,#3846,#3848,.T.);
#3846 = VERTEX_POINT('',#3847);
#3847 = CARTESIAN_POINT('',(-3.811482341816,0.196645168554,
    60.491395344454));
#3848 = LINE('',#3849,#3850);
#3849 = CARTESIAN_POINT('',(-3.811482341816,-11.21010354187,
    60.491395344454));
#3850 = VECTOR('',#3851,1.);
#3851 = DIRECTION('',(0.,-1.,0.));
#3852 = ORIENTED_EDGE('',*,*,#3853,.T.);
#3853 = EDGE_CURVE('',#3846,#3830,#3854,.T.);
#3854 = LINE('',#3855,#3856);
#3855 = CARTESIAN_POINT('',(-24.26930350757,0.196645168554,
    19.146190453419));
#3856 = VECTOR('',#3857,1.);
#3857 = DIRECTION('',(-0.443484892566,0.,-0.896281847449));
#3858 = FACE_BOUND('',#3859,.T.);
#3859 = EDGE_LOOP('',(#3860,#3870,#3878,#3886));
#3860 = ORIENTED_EDGE('',*,*,#3861,.F.);
#3861 = EDGE_CURVE('',#3862,#3864,#3866,.T.);
#3862 = VERTEX_POINT('',#3863);
#3863 = CARTESIAN_POINT('',(-30.05306806076,-2.803354831446,
    7.457216903631));
#3864 = VERTEX_POINT('',#3865);
#3865 = CARTESIAN_POINT('',(-30.05306806076,-8.803354831446,
    7.457216903631));
#3866 = LINE('',#3867,#3868);
#3867 = CARTESIAN_POINT('',(-30.05306806076,-15.34763165712,
    7.457216903631));
#3868 = VECTOR('',#3869,1.);
#3869 = DIRECTION('',(0.,-1.,0.));
#3870 = ORIENTED_EDGE('',*,*,#3871,.F.);
#3871 = EDGE_CURVE('',#3872,#3862,#3874,.T.);
#3872 = VERTEX_POINT('',#3873);
#3873 = CARTESIAN_POINT('',(-3.811482341816,-2.803354831446,
    60.491395344454));
#3874 = LINE('',#3875,#3876);
#3875 = CARTESIAN_POINT('',(-24.26930350757,-2.803354831446,
    19.146190453419));
#3876 = VECTOR('',#3877,1.);
#3877 = DIRECTION('',(-0.443484892566,0.,-0.896281847449));
#3878 = ORIENTED_EDGE('',*,*,#3879,.T.);
#3879 = EDGE_CURVE('',#3872,#3880,#3882,.T.);
#3880 = VERTEX_POINT('',#3881);
#3881 = CARTESIAN_POINT('',(-3.811482341816,-8.803354831446,
    60.491395344454));
#3882 = LINE('',#3883,#3884);
#3883 = CARTESIAN_POINT('',(-3.811482341816,-11.21010354187,
    60.491395344454));
#3884 = VECTOR('',#3885,1.);
#3885 = DIRECTION('',(0.,-1.,0.));
#3886 = ORIENTED_EDGE('',*,*,#3887,.T.);
#3887 = EDGE_CURVE('',#3880,#3864,#3888,.T.);
#3888 = LINE('',#3889,#3890);
#3889 = CARTESIAN_POINT('',(-24.26930350757,-8.803354831446,
    19.146190453419));
#3890 = VECTOR('',#3891,1.);
#3891 = DIRECTION('',(-0.443484892566,0.,-0.896281847449));
#3892 = FACE_BOUND('',#3893,.T.);
#3893 = EDGE_LOOP('',(#3894,#3904,#3912,#3920));
#3894 = ORIENTED_EDGE('',*,*,#3895,.F.);
#3895 = EDGE_CURVE('',#3896,#3898,#3900,.T.);
#3896 = VERTEX_POINT('',#3897);
#3897 = CARTESIAN_POINT('',(-30.05306806076,-11.80335483144,
    7.457216903631));
#3898 = VERTEX_POINT('',#3899);
#3899 = CARTESIAN_POINT('',(-30.05306806076,-17.80335483144,
    7.457216903631));
#3900 = LINE('',#3901,#3902);
#3901 = CARTESIAN_POINT('',(-30.05306806076,-15.34763165712,
    7.457216903631));
#3902 = VECTOR('',#3903,1.);
#3903 = DIRECTION('',(0.,-1.,0.));
#3904 = ORIENTED_EDGE('',*,*,#3905,.F.);
#3905 = EDGE_CURVE('',#3906,#3896,#3908,.T.);
#3906 = VERTEX_POINT('',#3907);
#3907 = CARTESIAN_POINT('',(-3.811482341816,-11.80335483144,
    60.491395344454));
#3908 = LINE('',#3909,#3910);
#3909 = CARTESIAN_POINT('',(-24.26930350757,-11.80335483144,
    19.146190453419));
#3910 = VECTOR('',#3911,1.);
#3911 = DIRECTION('',(-0.443484892566,0.,-0.896281847449));
#3912 = ORIENTED_EDGE('',*,*,#3913,.T.);
#3913 = EDGE_CURVE('',#3906,#3914,#3916,.T.);
#3914 = VERTEX_POINT('',#3915);
#3915 = CARTESIAN_POINT('',(-3.811482341816,-17.80335483144,
    60.491395344454));
#3916 = LINE('',#3917,#3918);
#3917 = CARTESIAN_POINT('',(-3.811482341816,-11.21010354187,
    60.491395344454));
#3918 = VECTOR('',#3919,1.);
#3919 = DIRECTION('',(0.,-1.,0.));
#3920 = ORIENTED_EDGE('',*,*,#3921,.T.);
#3921 = EDGE_CURVE('',#3914,#3898,#3922,.T.);
#3922 = LINE('',#3923,#3924);
#3923 = CARTESIAN_POINT('',(-24.26930350757,-17.80335483144,
    19.146190453419));
#3924 = VECTOR('',#3925,1.);
#3925 = DIRECTION('',(-0.443484892566,0.,-0.896281847449));
#3926 = FACE_BOUND('',#3927,.T.);
#3927 = EDGE_LOOP('',(#3928,#3938,#3946,#3954,#3962));
#3928 = ORIENTED_EDGE('',*,*,#3929,.F.);
#3929 = EDGE_CURVE('',#3930,#3932,#3934,.T.);
#3930 = VERTEX_POINT('',#3931);
#3931 = CARTESIAN_POINT('',(-30.05306806076,-20.80335483144,
    7.457216903631));
#3932 = VERTEX_POINT('',#3933);
#3933 = CARTESIAN_POINT('',(-30.05306806076,-26.80335483144,
    7.457216903631));
#3934 = LINE('',#3935,#3936);
#3935 = CARTESIAN_POINT('',(-30.05306806076,-15.34763165712,
    7.457216903631));
#3936 = VECTOR('',#3937,1.);
#3937 = DIRECTION('',(0.,-1.,0.));
#3938 = ORIENTED_EDGE('',*,*,#3939,.F.);
#3939 = EDGE_CURVE('',#3940,#3930,#3942,.T.);
#3940 = VERTEX_POINT('',#3941);
#3941 = CARTESIAN_POINT('',(-3.811482341816,-20.80335483144,
    60.491395344454));
#3942 = LINE('',#3943,#3944);
#3943 = CARTESIAN_POINT('',(-24.26930350757,-20.80335483144,
    19.146190453419));
#3944 = VECTOR('',#3945,1.);
#3945 = DIRECTION('',(-0.443484892566,0.,-0.896281847449));
#3946 = ORIENTED_EDGE('',*,*,#3947,.T.);
#3947 = EDGE_CURVE('',#3940,#3948,#3950,.T.);
#3948 = VERTEX_POINT('',#3949);
#3949 = CARTESIAN_POINT('',(-3.811482341816,-22.52829860094,
    60.491395344454));
#3950 = LINE('',#3951,#3952);
#3951 = CARTESIAN_POINT('',(-3.811482341816,-11.21010354187,
    60.491395344454));
#3952 = VECTOR('',#3953,1.);
#3953 = DIRECTION('',(0.,-1.,0.));
#3954 = ORIENTED_EDGE('',*,*,#3955,.F.);
#3955 = EDGE_CURVE('',#3956,#3948,#3958,.T.);
#3956 = VERTEX_POINT('',#3957);
#3957 = CARTESIAN_POINT('',(-17.36839982988,-26.80335483144,
    33.092899351487));
#3958 = LINE('',#3959,#3960);
#3959 = CARTESIAN_POINT('',(-10.10177859972,-24.51188891435,
    47.778722499127));
#3960 = VECTOR('',#3961,1.);
#3961 = DIRECTION('',(0.439210698076,0.138501280469,0.887643711183));
#3962 = ORIENTED_EDGE('',*,*,#3963,.T.);
#3963 = EDGE_CURVE('',#3956,#3932,#3964,.T.);
#3964 = LINE('',#3965,#3966);
#3965 = CARTESIAN_POINT('',(-24.26930350757,-26.80335483144,
    19.146190453419));
#3966 = VECTOR('',#3967,1.);
#3967 = DIRECTION('',(-0.443484892566,0.,-0.896281847449));
#3968 = PLANE('',#3969);
#3969 = AXIS2_PLACEMENT_3D('',#3970,#3971,#3972);
#3970 = CARTESIAN_POINT('',(-18.04205406182,0.108091517204,
    31.731445850655));
#3971 = DIRECTION('',(-0.896281847449,0.,0.443484892566));
#3972 = DIRECTION('',(-0.443484892566,0.,-0.896281847449));
#3973 = ADVANCED_FACE('',(#3974),#3990,.F.);
#3974 = FACE_BOUND('',#3975,.F.);
#3975 = EDGE_LOOP('',(#3976,#3977,#3983,#3984));
#3976 = ORIENTED_EDGE('',*,*,#3211,.F.);
#3977 = ORIENTED_EDGE('',*,*,#3978,.T.);
#3978 = EDGE_CURVE('',#3202,#1491,#3979,.T.);
#3979 = LINE('',#3980,#3981);
#3980 = CARTESIAN_POINT('',(-12.18400538539,-38.2726407038,6.82727474041
    ));
#3981 = VECTOR('',#3982,1.);
#3982 = DIRECTION('',(-1.93716032655E-16,-0.988044787103,0.15416711283)
  );
#3983 = ORIENTED_EDGE('',*,*,#1488,.F.);
#3984 = ORIENTED_EDGE('',*,*,#3985,.F.);
#3985 = EDGE_CURVE('',#3212,#1489,#3986,.T.);
#3986 = LINE('',#3987,#3988);
#3987 = CARTESIAN_POINT('',(-18.18400538539,-38.76666309736,
    6.904358296825));
#3988 = VECTOR('',#3989,1.);
#3989 = DIRECTION('',(-1.93716032655E-16,-0.988044787103,0.15416711283)
  );
#3990 = PLANE('',#3991);
#3991 = AXIS2_PLACEMENT_3D('',#3992,#3993,#3994);
#3992 = CARTESIAN_POINT('',(22.369678214782,-38.76666309736,
    6.904358296825));
#3993 = DIRECTION('',(4.930380657631E-32,-0.15416711283,-0.988044787103)
  );
#3994 = DIRECTION('',(-1.,1.365526126429E-16,-2.130664754811E-17));
#3995 = ADVANCED_FACE('',(#3996),#4007,.F.);
#3996 = FACE_BOUND('',#3997,.F.);
#3997 = EDGE_LOOP('',(#3998,#3999,#4000,#4006));
#3998 = ORIENTED_EDGE('',*,*,#3978,.F.);
#3999 = ORIENTED_EDGE('',*,*,#3201,.T.);
#4000 = ORIENTED_EDGE('',*,*,#4001,.T.);
#4001 = EDGE_CURVE('',#3204,#1499,#4002,.T.);
#4002 = LINE('',#4003,#4004);
#4003 = CARTESIAN_POINT('',(-12.18400538539,-36.38059279501,
    18.953259581914));
#4004 = VECTOR('',#4005,1.);
#4005 = DIRECTION('',(-1.93716032655E-16,-0.988044787103,0.15416711283)
  );
#4006 = ORIENTED_EDGE('',*,*,#1506,.F.);
#4007 = PLANE('',#4008);
#4008 = AXIS2_PLACEMENT_3D('',#4009,#4010,#4011);
#4009 = CARTESIAN_POINT('',(-12.18400538539,-29.5784830027,
    59.304207377448));
#4010 = DIRECTION('',(1.,-2.256320919038E-16,-1.895253729373E-16));
#4011 = DIRECTION('',(-1.93716032655E-16,-0.988044787103,0.15416711283)
  );
#4012 = ADVANCED_FACE('',(#4013),#4019,.T.);
#4013 = FACE_BOUND('',#4014,.T.);
#4014 = EDGE_LOOP('',(#4015,#4016,#4017,#4018));
#4015 = ORIENTED_EDGE('',*,*,#3219,.F.);
#4016 = ORIENTED_EDGE('',*,*,#4001,.T.);
#4017 = ORIENTED_EDGE('',*,*,#1498,.F.);
#4018 = ORIENTED_EDGE('',*,*,#3985,.F.);
#4019 = PLANE('',#4020);
#4020 = AXIS2_PLACEMENT_3D('',#4021,#4022,#4023);
#4021 = CARTESIAN_POINT('',(7.331103901166,-30.72069490264,
    58.470329703175));
#4022 = DIRECTION('',(0.898384084173,-6.771184524648E-02,-0.433959840674
    ));
#4023 = DIRECTION('',(-0.439210698076,-0.138501280469,-0.887643711183));
#4024 = ADVANCED_FACE('',(#4025),#4041,.F.);
#4025 = FACE_BOUND('',#4026,.F.);
#4026 = EDGE_LOOP('',(#4027,#4028,#4034,#4035));
#4027 = ORIENTED_EDGE('',*,*,#3237,.F.);
#4028 = ORIENTED_EDGE('',*,*,#4029,.T.);
#4029 = EDGE_CURVE('',#3228,#1517,#4030,.T.);
#4030 = LINE('',#4031,#4032);
#4031 = CARTESIAN_POINT('',(-3.18400538539,-38.2726407038,6.82727474041)
  );
#4032 = VECTOR('',#4033,1.);
#4033 = DIRECTION('',(-1.93716032655E-16,-0.988044787103,0.15416711283)
  );
#4034 = ORIENTED_EDGE('',*,*,#1514,.F.);
#4035 = ORIENTED_EDGE('',*,*,#4036,.F.);
#4036 = EDGE_CURVE('',#3238,#1515,#4037,.T.);
#4037 = LINE('',#4038,#4039);
#4038 = CARTESIAN_POINT('',(-9.18400538539,-38.2726407038,6.82727474041)
  );
#4039 = VECTOR('',#4040,1.);
#4040 = DIRECTION('',(-1.93716032655E-16,-0.988044787103,0.15416711283)
  );
#4041 = PLANE('',#4042);
#4042 = AXIS2_PLACEMENT_3D('',#4043,#4044,#4045);
#4043 = CARTESIAN_POINT('',(22.369678214782,-38.76666309736,
    6.904358296825));
#4044 = DIRECTION('',(4.930380657631E-32,-0.15416711283,-0.988044787103)
  );
#4045 = DIRECTION('',(-1.,1.365526126429E-16,-2.130664754811E-17));
#4046 = ADVANCED_FACE('',(#4047),#4058,.F.);
#4047 = FACE_BOUND('',#4048,.F.);
#4048 = EDGE_LOOP('',(#4049,#4050,#4051,#4057));
#4049 = ORIENTED_EDGE('',*,*,#4029,.F.);
#4050 = ORIENTED_EDGE('',*,*,#3227,.T.);
#4051 = ORIENTED_EDGE('',*,*,#4052,.T.);
#4052 = EDGE_CURVE('',#3230,#1533,#4053,.T.);
#4053 = LINE('',#4054,#4055);
#4054 = CARTESIAN_POINT('',(-3.18400538539,-33.54252093181,
    37.14223684417));
#4055 = VECTOR('',#4056,1.);
#4056 = DIRECTION('',(-1.93716032655E-16,-0.988044787103,0.15416711283)
  );
#4057 = ORIENTED_EDGE('',*,*,#1540,.F.);
#4058 = PLANE('',#4059);
#4059 = AXIS2_PLACEMENT_3D('',#4060,#4061,#4062);
#4060 = CARTESIAN_POINT('',(-3.18400538539,-29.5784830027,
    59.304207377448));
#4061 = DIRECTION('',(1.,-2.256320919038E-16,-1.895253729373E-16));
#4062 = DIRECTION('',(-1.93716032655E-16,-0.988044787103,0.15416711283)
  );
#4063 = ADVANCED_FACE('',(#4064),#4075,.T.);
#4064 = FACE_BOUND('',#4065,.T.);
#4065 = EDGE_LOOP('',(#4066,#4067,#4068,#4069));
#4066 = ORIENTED_EDGE('',*,*,#3253,.F.);
#4067 = ORIENTED_EDGE('',*,*,#4052,.T.);
#4068 = ORIENTED_EDGE('',*,*,#1532,.F.);
#4069 = ORIENTED_EDGE('',*,*,#4070,.F.);
#4070 = EDGE_CURVE('',#3246,#1525,#4071,.T.);
#4071 = LINE('',#4072,#4073);
#4072 = CARTESIAN_POINT('',(-9.18400538539,-35.43456884061,
    25.016252002666));
#4073 = VECTOR('',#4074,1.);
#4074 = DIRECTION('',(-1.93716032655E-16,-0.988044787103,0.15416711283)
  );
#4075 = PLANE('',#4076);
#4076 = AXIS2_PLACEMENT_3D('',#4077,#4078,#4079);
#4077 = CARTESIAN_POINT('',(7.331103901166,-30.72069490264,
    58.470329703175));
#4078 = DIRECTION('',(0.898384084173,-6.771184524648E-02,-0.433959840674
    ));
#4079 = DIRECTION('',(-0.439210698076,-0.138501280469,-0.887643711183));
#4080 = ADVANCED_FACE('',(#4081),#4087,.T.);
#4081 = FACE_BOUND('',#4082,.T.);
#4082 = EDGE_LOOP('',(#4083,#4084,#4085,#4086));
#4083 = ORIENTED_EDGE('',*,*,#4036,.F.);
#4084 = ORIENTED_EDGE('',*,*,#3245,.T.);
#4085 = ORIENTED_EDGE('',*,*,#4070,.T.);
#4086 = ORIENTED_EDGE('',*,*,#1524,.F.);
#4087 = PLANE('',#4088);
#4088 = AXIS2_PLACEMENT_3D('',#4089,#4090,#4091);
#4089 = CARTESIAN_POINT('',(-9.18400538539,-29.5784830027,
    59.304207377448));
#4090 = DIRECTION('',(1.,-2.256320919038E-16,-1.895253729373E-16));
#4091 = DIRECTION('',(-1.93716032655E-16,-0.988044787103,0.15416711283)
  );
#4092 = ADVANCED_FACE('',(#4093),#4109,.F.);
#4093 = FACE_BOUND('',#4094,.F.);
#4094 = EDGE_LOOP('',(#4095,#4096,#4102,#4103));
#4095 = ORIENTED_EDGE('',*,*,#3271,.F.);
#4096 = ORIENTED_EDGE('',*,*,#4097,.T.);
#4097 = EDGE_CURVE('',#3262,#1551,#4098,.T.);
#4098 = LINE('',#4099,#4100);
#4099 = CARTESIAN_POINT('',(5.81599461461,-38.2726407038,6.82727474041)
  );
#4100 = VECTOR('',#4101,1.);
#4101 = DIRECTION('',(-1.93716032655E-16,-0.988044787103,0.15416711283)
  );
#4102 = ORIENTED_EDGE('',*,*,#1548,.F.);
#4103 = ORIENTED_EDGE('',*,*,#4104,.F.);
#4104 = EDGE_CURVE('',#3272,#1549,#4105,.T.);
#4105 = LINE('',#4106,#4107);
#4106 = CARTESIAN_POINT('',(-0.18400538539,-38.2726407038,6.82727474041)
  );
#4107 = VECTOR('',#4108,1.);
#4108 = DIRECTION('',(-1.93716032655E-16,-0.988044787103,0.15416711283)
  );
#4109 = PLANE('',#4110);
#4110 = AXIS2_PLACEMENT_3D('',#4111,#4112,#4113);
#4111 = CARTESIAN_POINT('',(22.369678214782,-38.76666309736,
    6.904358296825));
#4112 = DIRECTION('',(4.930380657631E-32,-0.15416711283,-0.988044787103)
  );
#4113 = DIRECTION('',(-1.,1.365526126429E-16,-2.130664754811E-17));
#4114 = ADVANCED_FACE('',(#4115),#4126,.F.);
#4115 = FACE_BOUND('',#4116,.F.);
#4116 = EDGE_LOOP('',(#4117,#4118,#4119,#4125));
#4117 = ORIENTED_EDGE('',*,*,#4097,.F.);
#4118 = ORIENTED_EDGE('',*,*,#3261,.T.);
#4119 = ORIENTED_EDGE('',*,*,#4120,.T.);
#4120 = EDGE_CURVE('',#3264,#1567,#4121,.T.);
#4121 = LINE('',#4122,#4123);
#4122 = CARTESIAN_POINT('',(5.81599461461,-30.70444906862,
    55.331214106426));
#4123 = VECTOR('',#4124,1.);
#4124 = DIRECTION('',(-1.93716032655E-16,-0.988044787103,0.15416711283)
  );
#4125 = ORIENTED_EDGE('',*,*,#1574,.F.);
#4126 = PLANE('',#4127);
#4127 = AXIS2_PLACEMENT_3D('',#4128,#4129,#4130);
#4128 = CARTESIAN_POINT('',(5.81599461461,-29.5784830027,59.304207377448
    ));
#4129 = DIRECTION('',(1.,-2.256320919038E-16,-1.895253729373E-16));
#4130 = DIRECTION('',(-1.93716032655E-16,-0.988044787103,0.15416711283)
  );
#4131 = ADVANCED_FACE('',(#4132),#4143,.T.);
#4132 = FACE_BOUND('',#4133,.T.);
#4133 = EDGE_LOOP('',(#4134,#4135,#4136,#4137));
#4134 = ORIENTED_EDGE('',*,*,#3287,.F.);
#4135 = ORIENTED_EDGE('',*,*,#4120,.T.);
#4136 = ORIENTED_EDGE('',*,*,#1566,.F.);
#4137 = ORIENTED_EDGE('',*,*,#4138,.F.);
#4138 = EDGE_CURVE('',#3280,#1559,#4139,.T.);
#4139 = LINE('',#4140,#4141);
#4140 = CARTESIAN_POINT('',(-0.18400538539,-32.59649697742,
    43.205229264922));
#4141 = VECTOR('',#4142,1.);
#4142 = DIRECTION('',(-1.93716032655E-16,-0.988044787103,0.15416711283)
  );
#4143 = PLANE('',#4144);
#4144 = AXIS2_PLACEMENT_3D('',#4145,#4146,#4147);
#4145 = CARTESIAN_POINT('',(7.331103901166,-30.72069490264,
    58.470329703175));
#4146 = DIRECTION('',(0.898384084173,-6.771184524648E-02,-0.433959840674
    ));
#4147 = DIRECTION('',(-0.439210698076,-0.138501280469,-0.887643711183));
#4148 = ADVANCED_FACE('',(#4149),#4155,.T.);
#4149 = FACE_BOUND('',#4150,.T.);
#4150 = EDGE_LOOP('',(#4151,#4152,#4153,#4154));
#4151 = ORIENTED_EDGE('',*,*,#4104,.F.);
#4152 = ORIENTED_EDGE('',*,*,#3279,.T.);
#4153 = ORIENTED_EDGE('',*,*,#4138,.T.);
#4154 = ORIENTED_EDGE('',*,*,#1558,.F.);
#4155 = PLANE('',#4156);
#4156 = AXIS2_PLACEMENT_3D('',#4157,#4158,#4159);
#4157 = CARTESIAN_POINT('',(-0.18400538539,-29.5784830027,
    59.304207377448));
#4158 = DIRECTION('',(1.,-2.256320919038E-16,-1.895253729373E-16));
#4159 = DIRECTION('',(-1.93716032655E-16,-0.988044787103,0.15416711283)
  );
#4160 = ADVANCED_FACE('',(#4161),#4177,.F.);
#4161 = FACE_BOUND('',#4162,.F.);
#4162 = EDGE_LOOP('',(#4163,#4164,#4170,#4171));
#4163 = ORIENTED_EDGE('',*,*,#3305,.F.);
#4164 = ORIENTED_EDGE('',*,*,#4165,.T.);
#4165 = EDGE_CURVE('',#3296,#1585,#4166,.T.);
#4166 = LINE('',#4167,#4168);
#4167 = CARTESIAN_POINT('',(14.81599461461,-38.2726407038,6.82727474041)
  );
#4168 = VECTOR('',#4169,1.);
#4169 = DIRECTION('',(-1.93716032655E-16,-0.988044787103,0.15416711283)
  );
#4170 = ORIENTED_EDGE('',*,*,#1582,.F.);
#4171 = ORIENTED_EDGE('',*,*,#4172,.F.);
#4172 = EDGE_CURVE('',#3306,#1583,#4173,.T.);
#4173 = LINE('',#4174,#4175);
#4174 = CARTESIAN_POINT('',(8.81599461461,-38.2726407038,6.82727474041)
  );
#4175 = VECTOR('',#4176,1.);
#4176 = DIRECTION('',(-1.93716032655E-16,-0.988044787103,0.15416711283)
  );
#4177 = PLANE('',#4178);
#4178 = AXIS2_PLACEMENT_3D('',#4179,#4180,#4181);
#4179 = CARTESIAN_POINT('',(22.369678214782,-38.76666309736,
    6.904358296825));
#4180 = DIRECTION('',(4.930380657631E-32,-0.15416711283,-0.988044787103)
  );
#4181 = DIRECTION('',(-1.,1.365526126429E-16,-2.130664754811E-17));
#4182 = ADVANCED_FACE('',(#4183),#4194,.F.);
#4183 = FACE_BOUND('',#4184,.F.);
#4184 = EDGE_LOOP('',(#4185,#4186,#4187,#4193));
#4185 = ORIENTED_EDGE('',*,*,#4165,.F.);
#4186 = ORIENTED_EDGE('',*,*,#3295,.T.);
#4187 = ORIENTED_EDGE('',*,*,#4188,.T.);
#4188 = EDGE_CURVE('',#3298,#1601,#4189,.T.);
#4189 = LINE('',#4190,#4191);
#4190 = CARTESIAN_POINT('',(14.81599461461,-30.22667250908,
    58.39324614676));
#4191 = VECTOR('',#4192,1.);
#4192 = DIRECTION('',(-1.93716032655E-16,-0.988044787103,0.15416711283)
  );
#4193 = ORIENTED_EDGE('',*,*,#1608,.F.);
#4194 = PLANE('',#4195);
#4195 = AXIS2_PLACEMENT_3D('',#4196,#4197,#4198);
#4196 = CARTESIAN_POINT('',(14.81599461461,-29.5784830027,
    59.304207377448));
#4197 = DIRECTION('',(1.,-2.256320919038E-16,-1.895253729373E-16));
#4198 = DIRECTION('',(-1.93716032655E-16,-0.988044787103,0.15416711283)
  );
#4199 = ADVANCED_FACE('',(#4200),#4211,.T.);
#4200 = FACE_BOUND('',#4201,.T.);
#4201 = EDGE_LOOP('',(#4202,#4203,#4204,#4205));
#4202 = ORIENTED_EDGE('',*,*,#3321,.F.);
#4203 = ORIENTED_EDGE('',*,*,#4188,.T.);
#4204 = ORIENTED_EDGE('',*,*,#1600,.F.);
#4205 = ORIENTED_EDGE('',*,*,#4206,.F.);
#4206 = EDGE_CURVE('',#3314,#1593,#4207,.T.);
#4207 = LINE('',#4208,#4209);
#4208 = CARTESIAN_POINT('',(8.81599461461,-30.22667250908,58.39324614676
    ));
#4209 = VECTOR('',#4210,1.);
#4210 = DIRECTION('',(-1.93716032655E-16,-0.988044787103,0.15416711283)
  );
#4211 = PLANE('',#4212);
#4212 = AXIS2_PLACEMENT_3D('',#4213,#4214,#4215);
#4213 = CARTESIAN_POINT('',(18.407786778357,-30.72069490264,
    58.470329703175));
#4214 = DIRECTION('',(4.930380657631E-32,-0.15416711283,-0.988044787103)
  );
#4215 = DIRECTION('',(-1.,1.365526126429E-16,-2.130664754811E-17));
#4216 = ADVANCED_FACE('',(#4217),#4223,.T.);
#4217 = FACE_BOUND('',#4218,.T.);
#4218 = EDGE_LOOP('',(#4219,#4220,#4221,#4222));
#4219 = ORIENTED_EDGE('',*,*,#4172,.F.);
#4220 = ORIENTED_EDGE('',*,*,#3313,.T.);
#4221 = ORIENTED_EDGE('',*,*,#4206,.T.);
#4222 = ORIENTED_EDGE('',*,*,#1592,.F.);
#4223 = PLANE('',#4224);
#4224 = AXIS2_PLACEMENT_3D('',#4225,#4226,#4227);
#4225 = CARTESIAN_POINT('',(8.81599461461,-29.5784830027,59.304207377448
    ));
#4226 = DIRECTION('',(1.,-2.256320919038E-16,-1.895253729373E-16));
#4227 = DIRECTION('',(-1.93716032655E-16,-0.988044787103,0.15416711283)
  );
#4228 = ADVANCED_FACE('',(#4229),#4240,.T.);
#4229 = FACE_BOUND('',#4230,.T.);
#4230 = EDGE_LOOP('',(#4231,#4238,#4239));
#4231 = ORIENTED_EDGE('',*,*,#4232,.T.);
#4232 = EDGE_CURVE('',#1623,#3692,#4233,.T.);
#4233 = CIRCLE('',#4234,2.5);
#4234 = AXIS2_PLACEMENT_3D('',#4235,#4236,#4237);
#4235 = CARTESIAN_POINT('',(2.037344,-29.787358,66.674688));
#4236 = DIRECTION('',(0.,-1.,0.));
#4237 = DIRECTION('',(1.,0.,4.662936703426E-16));
#4238 = ORIENTED_EDGE('',*,*,#3691,.F.);
#4239 = ORIENTED_EDGE('',*,*,#1630,.F.);
#4240 = SPHERICAL_SURFACE('',#4241,2.5);
#4241 = AXIS2_PLACEMENT_3D('',#4242,#4243,#4244);
#4242 = CARTESIAN_POINT('',(2.037344,-29.787358,66.674688));
#4243 = DIRECTION('',(-0.331545866727,-0.664157988965,-0.670053359032));
#4244 = DIRECTION('',(0.419486985628,0.532377841616,-0.735258119741));
#4245 = ADVANCED_FACE('',(#4246),#4405,.T.);
#4246 = FACE_BOUND('',#4247,.T.);
#4247 = EDGE_LOOP('',(#4248,#4249,#4256,#4257,#4269,#4366,#4376,#4395,
    #4396,#4403,#4404));
#4248 = ORIENTED_EDGE('',*,*,#1647,.F.);
#4249 = ORIENTED_EDGE('',*,*,#4250,.T.);
#4250 = EDGE_CURVE('',#1648,#2013,#4251,.T.);
#4251 = CIRCLE('',#4252,11.8);
#4252 = AXIS2_PLACEMENT_3D('',#4253,#4254,#4255);
#4253 = CARTESIAN_POINT('',(6.223501,21.938,60.174688));
#4254 = DIRECTION('',(1.,-0.,2.22044604925E-16));
#4255 = DIRECTION('',(2.22044604925E-16,0.,-1.));
#4256 = ORIENTED_EDGE('',*,*,#2012,.T.);
#4257 = ORIENTED_EDGE('',*,*,#4258,.T.);
#4258 = EDGE_CURVE('',#2005,#4259,#4261,.T.);
#4259 = VERTEX_POINT('',#4260);
#4260 = CARTESIAN_POINT('',(10.337344000001,14.83870503783,71.174688));
#4261 = B_SPLINE_CURVE_WITH_KNOTS('',6,(#4262,#4263,#4264,#4265,#4266,
    #4267,#4268),.UNSPECIFIED.,.F.,.F.,(7,7),(0.,1.),
  .PIECEWISE_BEZIER_KNOTS.);
#4262 = CARTESIAN_POINT('',(10.337344,12.220472673138,66.374688));
#4263 = CARTESIAN_POINT('',(10.337344,12.423100928044,67.275237051002));
#4264 = CARTESIAN_POINT('',(10.337344,12.725923907122,68.153459558225));
#4265 = CARTESIAN_POINT('',(10.337344,13.125785415152,68.994948670887));
#4266 = CARTESIAN_POINT('',(10.337344,13.616806765342,69.786713275513));
#4267 = CARTESIAN_POINT('',(10.337344,14.191248027633,70.516777498321));
#4268 = CARTESIAN_POINT('',(10.337344,14.838705027898,71.174688));
#4269 = ORIENTED_EDGE('',*,*,#4270,.F.);
#4270 = EDGE_CURVE('',#4271,#4259,#4273,.T.);
#4271 = VERTEX_POINT('',#4272);
#4272 = CARTESIAN_POINT('',(17.823501000001,15.332597589994,71.174688));
#4273 = B_SPLINE_CURVE_WITH_KNOTS('',6,(#4274,#4275,#4276,#4277,#4278,
    #4279,#4280,#4281,#4282,#4283,#4284,#4285,#4286,#4287,#4288,#4289,
    #4290,#4291,#4292,#4293,#4294,#4295,#4296,#4297,#4298,#4299,#4300,
    #4301,#4302,#4303,#4304,#4305,#4306,#4307,#4308,#4309,#4310,#4311,
    #4312,#4313,#4314,#4315,#4316,#4317,#4318,#4319,#4320,#4321,#4322,
    #4323,#4324,#4325,#4326,#4327,#4328,#4329,#4330,#4331,#4332,#4333,
    #4334,#4335,#4336,#4337,#4338,#4339,#4340,#4341,#4342,#4343,#4344,
    #4345,#4346,#4347,#4348,#4349,#4350,#4351,#4352,#4353,#4354,#4355,
    #4356,#4357,#4358,#4359,#4360,#4361,#4362,#4363,#4364,#4365),
  .UNSPECIFIED.,.F.,.F.,(7,5,5,5,5,5,5,5,5,5,5,5,5,5,5,5,5,5,7),(0.,
    4.287583354838E-02,0.144375650121,0.217186912289,0.247373722472,
    0.289799294828,0.351005892683,0.405316291007,0.435612775585,
    0.499089335833,0.545354628261,0.595175178248,0.648860258185,
    0.710167672138,0.752611735812,0.782799241194,0.855581417127,
    0.956953296907,1.),.UNSPECIFIED.);
#4274 = CARTESIAN_POINT('',(18.523501,15.717871390394,71.174688));
#4275 = CARTESIAN_POINT('',(18.303003699612,15.583424598589,71.174688));
#4276 = CARTESIAN_POINT('',(18.077729823591,15.456604844927,71.174688));
#4277 = CARTESIAN_POINT('',(17.84809297307,15.337495374999,71.174688));
#4278 = CARTESIAN_POINT('',(17.614492651053,15.226159048039,71.174688));
#4279 = CARTESIAN_POINT('',(17.37731212027,15.122642425099,71.174688));
#4280 = CARTESIAN_POINT('',(16.567827951864,14.800518181991,71.174688));
#4281 = CARTESIAN_POINT('',(15.980809294107,14.618106717943,71.174688));
#4282 = CARTESIAN_POINT('',(15.380563162763,14.480116833689,71.174688));
#4283 = CARTESIAN_POINT('',(14.771547914784,14.386763325879,71.174688));
#4284 = CARTESIAN_POINT('',(14.157985324903,14.338081246352,71.174688));
#4285 = CARTESIAN_POINT('',(13.103257939718,14.331335947595,71.174688));
#4286 = CARTESIAN_POINT('',(12.662431675184,14.351549185956,71.174688));
#4287 = CARTESIAN_POINT('',(12.222833428319,14.394814830921,71.174688));
#4288 = CARTESIAN_POINT('',(11.785998240162,14.461160020514,71.174688));
#4289 = CARTESIAN_POINT('',(11.353508354004,14.550587860877,71.174688));
#4290 = CARTESIAN_POINT('',(10.750167689114,14.7097291494,71.174688));
#4291 = CARTESIAN_POINT('',(10.574370053939,14.760335387898,71.174688));
#4292 = CARTESIAN_POINT('',(10.399720966602,14.814905254155,71.174688));
#4293 = CARTESIAN_POINT('',(10.226342194802,14.873435764385,71.174688));
#4294 = CARTESIAN_POINT('',(10.054358964605,14.935922224117,71.174688));
#4295 = CARTESIAN_POINT('',(9.6443310636,15.095729653682,71.174688));
#4296 = CARTESIAN_POINT('',(9.407774231025,15.196901692562,71.174688));
#4297 = CARTESIAN_POINT('',(9.174585499519,15.305856194989,71.174688));
#4298 = CARTESIAN_POINT('',(8.945140391637,15.422564483134,71.174688));
#4299 = CARTESIAN_POINT('',(8.719832147156,15.546983605991,71.174688));
#4300 = CARTESIAN_POINT('',(8.180580373968,15.869586109717,71.174688));
#4301 = CARTESIAN_POINT('',(7.8715574999,16.076038838272,71.174688));
#4302 = CARTESIAN_POINT('',(7.573227610838,16.298227164779,71.174688));
#4303 = CARTESIAN_POINT('',(7.286922295233,16.535871011163,71.174688));
#4304 = CARTESIAN_POINT('',(7.014045695385,16.788552634479,71.174688));
#4305 = CARTESIAN_POINT('',(6.527107331516,17.292701263197,71.174688));
#4306 = CARTESIAN_POINT('',(6.309884798746,17.541095731012,71.174688));
#4307 = CARTESIAN_POINT('',(6.105392714884,17.800427196718,71.174688));
#4308 = CARTESIAN_POINT('',(5.91467755843,18.07014442911,71.174688));
#4309 = CARTESIAN_POINT('',(5.738771343314,18.349546095498,71.174688));
#4310 = CARTESIAN_POINT('',(5.489326804874,18.798521921895,71.174688));
#4311 = CARTESIAN_POINT('',(5.404915787623,18.962033155108,71.174688));
#4312 = CARTESIAN_POINT('',(5.325585402639,19.128129984775,71.174688));
#4313 = CARTESIAN_POINT('',(5.251497253424,19.296643463438,71.174688));
#4314 = CARTESIAN_POINT('',(5.182802271511,19.467388307081,71.174688));
#4315 = CARTESIAN_POINT('',(4.987296481252,20.002152374362,71.174688));
#4316 = CARTESIAN_POINT('',(4.879212915534,20.373100046292,71.174688));
#4317 = CARTESIAN_POINT('',(4.796694577295,20.751052043772,71.174688));
#4318 = CARTESIAN_POINT('',(4.74066845339,21.133882775743,71.174688));
#4319 = CARTESIAN_POINT('',(4.71167976836,21.51929499159,71.174688));
#4320 = CARTESIAN_POINT('',(4.708323511055,22.185772002507,71.174688));
#4321 = CARTESIAN_POINT('',(4.721277094906,22.466830338226,71.174688));
#4322 = CARTESIAN_POINT('',(4.748607750767,22.74702685836,71.174688));
#4323 = CARTESIAN_POINT('',(4.790183409067,23.025453045099,71.174688));
#4324 = CARTESIAN_POINT('',(4.845742896602,23.301236276772,71.174688));
#4325 = CARTESIAN_POINT('',(4.989386954861,23.86676771628,71.174688));
#4326 = CARTESIAN_POINT('',(5.079648149685,24.155980975253,71.174688));
#4327 = CARTESIAN_POINT('',(5.185220565006,24.44014488516,71.174688));
#4328 = CARTESIAN_POINT('',(5.305501218708,24.718352264336,71.174688));
#4329 = CARTESIAN_POINT('',(5.439790435085,24.989809791379,71.174688));
#4330 = CARTESIAN_POINT('',(5.746309207511,25.538319041753,71.174688));
#4331 = CARTESIAN_POINT('',(5.920679371464,25.814181432107,71.174688));
#4332 = CARTESIAN_POINT('',(6.109494608505,26.080564604524,71.174688));
#4333 = CARTESIAN_POINT('',(6.311757983799,26.336793315618,71.174688));
#4334 = CARTESIAN_POINT('',(6.526459124693,26.58233554317,71.174688));
#4335 = CARTESIAN_POINT('',(7.010879241627,27.084497840027,71.174688));
#4336 = CARTESIAN_POINT('',(7.284079034499,27.337738491427,71.174688));
#4337 = CARTESIAN_POINT('',(7.570762156608,27.575894766211,71.174688));
#4338 = CARTESIAN_POINT('',(7.86951710702,27.79854611288,71.174688));
#4339 = CARTESIAN_POINT('',(8.179005351112,28.005410702361,71.174688));
#4340 = CARTESIAN_POINT('',(8.718835407023,28.328462122616,71.174688));
#4341 = CARTESIAN_POINT('',(8.944227814647,28.452963978073,71.174688));
#4342 = CARTESIAN_POINT('',(9.173761843903,28.56974832785,71.174688));
#4343 = CARTESIAN_POINT('',(9.407043697218,28.67877213322,71.174688));
#4344 = CARTESIAN_POINT('',(9.643697327381,28.78000666035,71.174688));
#4345 = CARTESIAN_POINT('',(10.053825990026,28.93988188804,71.174688));
#4346 = CARTESIAN_POINT('',(10.225810349521,29.002380300043,71.174688));
#4347 = CARTESIAN_POINT('',(10.399190588034,29.060922552307,71.174688));
#4348 = CARTESIAN_POINT('',(10.573841463398,29.115503946994,71.174688));
#4349 = CARTESIAN_POINT('',(10.749641192741,29.166121497767,71.174688));
#4350 = CARTESIAN_POINT('',(11.352809797185,29.325253098646,71.174688));
#4351 = CARTESIAN_POINT('',(11.785121900151,29.41467838497,71.174688));
#4352 = CARTESIAN_POINT('',(12.221777815266,29.481039229052,71.174688));
#4353 = CARTESIAN_POINT('',(12.661197104912,29.524338722075,71.174688));
#4354 = CARTESIAN_POINT('',(13.101846498876,29.544603952612,71.174688));
#4355 = CARTESIAN_POINT('',(14.155630815333,29.538029794468,71.174688));
#4356 = CARTESIAN_POINT('',(14.76843214933,29.489560937174,71.174688));
#4357 = CARTESIAN_POINT('',(15.376709412733,29.396532477935,71.174688));
#4358 = CARTESIAN_POINT('',(15.976257264571,29.258979432588,71.174688));
#4359 = CARTESIAN_POINT('',(16.562635378176,29.077115193667,71.174688));
#4360 = CARTESIAN_POINT('',(17.372579879207,28.755421451305,71.174688));
#4361 = CARTESIAN_POINT('',(17.610764081542,28.651617104394,71.174688));
#4362 = CARTESIAN_POINT('',(17.845344069698,28.539929967248,71.174688));
#4363 = CARTESIAN_POINT('',(18.075932099183,28.42040703398,71.174688));
#4364 = CARTESIAN_POINT('',(18.30212392842,28.293111836162,71.174688));
#4365 = CARTESIAN_POINT('',(18.523501,28.158128609606,71.174688));
#4366 = ORIENTED_EDGE('',*,*,#4367,.F.);
#4367 = EDGE_CURVE('',#4368,#4271,#4370,.T.);
#4368 = VERTEX_POINT('',#4369);
#4369 = CARTESIAN_POINT('',(17.823501,15.512642,69.927583730902));
#4370 = B_SPLINE_CURVE_WITH_KNOTS('',4,(#4371,#4372,#4373,#4374,#4375),
  .UNSPECIFIED.,.F.,.F.,(5,5),(0.,1.),.PIECEWISE_BEZIER_KNOTS.);
#4371 = CARTESIAN_POINT('',(17.823501,15.512642,69.927583730902));
#4372 = CARTESIAN_POINT('',(17.823501,15.438019826702,70.234118132393));
#4373 = CARTESIAN_POINT('',(17.823501,15.382895762216,70.545400897577));
#4374 = CARTESIAN_POINT('',(17.823501,15.347724189553,70.859564257253));
#4375 = CARTESIAN_POINT('',(17.823501,15.332597589449,71.174688));
#4376 = ORIENTED_EDGE('',*,*,#4377,.T.);
#4377 = EDGE_CURVE('',#4368,#1944,#4378,.T.);
#4378 = B_SPLINE_CURVE_WITH_KNOTS('',8,(#4379,#4380,#4381,#4382,#4383,
    #4384,#4385,#4386,#4387,#4388,#4389,#4390,#4391,#4392,#4393,#4394),
  .UNSPECIFIED.,.F.,.F.,(9,7,9),(0.,0.745048551139,1.),.UNSPECIFIED.);
#4379 = CARTESIAN_POINT('',(17.823501,15.512642,69.927583730902));
#4380 = CARTESIAN_POINT('',(17.70384047644,15.512642,69.58462668849));
#4381 = CARTESIAN_POINT('',(17.57316276237,15.512642,69.245388996491));
#4382 = CARTESIAN_POINT('',(17.434356558349,15.512642,68.909123475555));
#4383 = CARTESIAN_POINT('',(17.289005495902,15.512642,68.575500366337));
#4384 = CARTESIAN_POINT('',(17.138332927652,15.512642,68.244224528007));
#4385 = CARTESIAN_POINT('',(16.983162656099,15.512642,67.915047455419));
#4386 = CARTESIAN_POINT('',(16.824124575083,15.512642,67.58768812148));
#4387 = CARTESIAN_POINT('',(16.60605543232,15.512642,67.15032424916));
#4388 = CARTESIAN_POINT('',(16.550063085251,15.512642,67.039007101221));
#4389 = CARTESIAN_POINT('',(16.493695600968,15.512642,66.927871667464));
#4390 = CARTESIAN_POINT('',(16.436971401192,15.512642,66.81691085527));
#4391 = CARTESIAN_POINT('',(16.379907339295,15.512642,66.706118082595));
#4392 = CARTESIAN_POINT('',(16.322518876179,15.512642,66.595487190358));
#4393 = CARTESIAN_POINT('',(16.264820256163,15.512642,66.485012354826));
#4394 = CARTESIAN_POINT('',(16.206824682861,15.512642,66.374688));
#4395 = ORIENTED_EDGE('',*,*,#1943,.T.);
#4396 = ORIENTED_EDGE('',*,*,#4397,.F.);
#4397 = EDGE_CURVE('',#2886,#1935,#4398,.T.);
#4398 = CIRCLE('',#4399,6.3);
#4399 = AXIS2_PLACEMENT_3D('',#4400,#4401,#4402);
#4400 = CARTESIAN_POINT('',(18.523501,21.938,72.174688));
#4401 = DIRECTION('',(1.,-0.,2.22044604925E-16));
#4402 = DIRECTION('',(2.22044604925E-16,0.,-1.));
#4403 = ORIENTED_EDGE('',*,*,#2927,.F.);
#4404 = ORIENTED_EDGE('',*,*,#2964,.T.);
#4405 = B_SPLINE_SURFACE_WITH_KNOTS('',14,1,(
    (#4406,#4407)
    ,(#4408,#4409)
    ,(#4410,#4411)
    ,(#4412,#4413)
    ,(#4414,#4415)
    ,(#4416,#4417)
    ,(#4418,#4419)
    ,(#4420,#4421)
    ,(#4422,#4423)
    ,(#4424,#4425)
    ,(#4426,#4427)
    ,(#4428,#4429)
    ,(#4430,#4431)
    ,(#4432,#4433)
    ,(#4434,#4435
    )),.UNSPECIFIED.,.T.,.F.,.F.,(15,15),(2,2),(0.,6.28318530718),(0.,1.
    ),.PIECEWISE_BEZIER_KNOTS.);
#4406 = CARTESIAN_POINT('',(6.223501,21.938,48.374688));
#4407 = CARTESIAN_POINT('',(18.523501,21.938,65.874688));
#4408 = CARTESIAN_POINT('',(6.223500999999,27.233827616056,
    48.374687999997));
#4409 = CARTESIAN_POINT('',(18.523501,24.765433388234,65.874687999999));
#4410 = CARTESIAN_POINT('',(6.223501000002,32.52965718691,
    50.934277462168));
#4411 = CARTESIAN_POINT('',(18.523501,27.592867820128,67.241248475561));
#4412 = CARTESIAN_POINT('',(6.223501,36.485268289562,56.053459658612));
#4413 = CARTESIAN_POINT('',(18.523501000002,29.704761883415,
    69.974371173672));
#4414 = CARTESIAN_POINT('',(6.22350099999,37.760591630772,
    62.966693253991));
#4415 = CARTESIAN_POINT('',(18.523500999993,30.385654853713,
    73.665334872894));
#4416 = CARTESIAN_POINT('',(6.223501000032,35.495926959839,
    70.143040792623));
#4417 = CARTESIAN_POINT('',(18.523501000015,29.176554224321,
    77.496774660446));
#4418 = CARTESIAN_POINT('',(6.223500999938,29.795445894278,
    75.621380079767));
#4419 = CARTESIAN_POINT('',(18.523500999975,26.133077045259,
    80.421650720611));
#4420 = CARTESIAN_POINT('',(6.223501000084,21.937999999934,
    77.683865503946));
#4421 = CARTESIAN_POINT('',(18.523501000031,21.937999999947,
    81.522808192693));
#4422 = CARTESIAN_POINT('',(6.223500999913,14.080554105832,
    75.621380079786));
#4423 = CARTESIAN_POINT('',(18.523500999969,17.742922954832,
    80.421650720673));
#4424 = CARTESIAN_POINT('',(6.22350100007,8.380073040101,70.143040792593
    ));
#4425 = CARTESIAN_POINT('',(18.523501000024,14.699445775626,
    77.496774660351));
#4426 = CARTESIAN_POINT('',(6.223500999956,6.115408369245,62.96669325402
    ));
#4427 = CARTESIAN_POINT('',(18.523500999985,13.490345146307,
    73.665334872982));
#4428 = CARTESIAN_POINT('',(6.223501000022,7.39073171044,56.053459658592
    ));
#4429 = CARTESIAN_POINT('',(18.523501000007,14.171238116583,
    69.974371173615));
#4430 = CARTESIAN_POINT('',(6.223500999992,11.346342813085,
    50.934277462177));
#4431 = CARTESIAN_POINT('',(18.523500999997,16.283132179871,
    67.241248475585));
#4432 = CARTESIAN_POINT('',(6.223501000002,16.642172383945,
    48.374687999994));
#4433 = CARTESIAN_POINT('',(18.523501000001,19.110566611767,
    65.874687999993));
#4434 = CARTESIAN_POINT('',(6.223501,21.938,48.374688));
#4435 = CARTESIAN_POINT('',(18.523501,21.938,65.874688));
#4436 = ADVANCED_FACE('',(#4437),#4441,.T.);
#4437 = FACE_BOUND('',#4438,.T.);
#4438 = EDGE_LOOP('',(#4439,#4440));
#4439 = ORIENTED_EDGE('',*,*,#2049,.F.);
#4440 = ORIENTED_EDGE('',*,*,#4250,.F.);
#4441 = B_SPLINE_SURFACE_WITH_KNOTS('',14,3,(
    (#4442,#4443,#4444,#4445)
    ,(#4446,#4447,#4448,#4449)
    ,(#4450,#4451,#4452,#4453)
    ,(#4454,#4455,#4456,#4457)
    ,(#4458,#4459,#4460,#4461)
    ,(#4462,#4463,#4464,#4465)
    ,(#4466,#4467,#4468,#4469)
    ,(#4470,#4471,#4472,#4473)
    ,(#4474,#4475,#4476,#4477)
    ,(#4478,#4479,#4480,#4481)
    ,(#4482,#4483,#4484,#4485)
    ,(#4486,#4487,#4488,#4489)
    ,(#4490,#4491,#4492,#4493)
    ,(#4494,#4495,#4496,#4497)
    ,(#4498,#4499,#4500,#4501
  )),.UNSPECIFIED.,.T.,.F.,.F.,(15,15),(4,4),(0.,1.),(0.,1.),
  .PIECEWISE_BEZIER_KNOTS.);
#4442 = CARTESIAN_POINT('',(4.223501,21.938,48.423468487805));
#4443 = CARTESIAN_POINT('',(5.171853635256,21.938,48.971565535886));
#4444 = CARTESIAN_POINT('',(5.170743185813,21.938,47.53770654612));
#4445 = CARTESIAN_POINT('',(6.223501,21.938,48.374688));
#4446 = CARTESIAN_POINT('',(4.223500999998,26.336229715027,
    48.423468487803));
#4447 = CARTESIAN_POINT('',(5.171853635257,26.505483034999,
    48.971565535873));
#4448 = CARTESIAN_POINT('',(5.170743185813,27.148511231561,
    47.537706546123));
#4449 = CARTESIAN_POINT('',(6.223500999999,27.233827616056,
    48.374687999997));
#4450 = CARTESIAN_POINT('',(4.22350100001,30.73446105355,50.549229227569
    ));
#4451 = CARTESIAN_POINT('',(5.17185363525,31.072967755905,51.17913011178
    ));
#4452 = CARTESIAN_POINT('',(5.170743185812,32.359024386481,
    50.056060731263));
#4453 = CARTESIAN_POINT('',(6.223501000002,32.52965718691,
    50.934277462168));
#4454 = CARTESIAN_POINT('',(4.223500999978,34.019629596378,
    54.800753424627));
#4455 = CARTESIAN_POINT('',(5.171853635277,34.484556635853,
    55.59426208539));
#4456 = CARTESIAN_POINT('',(5.170743185822,36.250910144781,
    55.092772321096));
#4457 = CARTESIAN_POINT('',(6.223501,36.485268289562,56.053459658612));
#4458 = CARTESIAN_POINT('',(4.223501000031,35.078796439194,
    60.542252512289));
#4459 = CARTESIAN_POINT('',(5.171853635204,35.58448249179,61.55670638213
    ));
#4460 = CARTESIAN_POINT('',(5.170743185778,37.505687882412,
    61.894632937718));
#4461 = CARTESIAN_POINT('',(6.22350099999,37.760591630772,
    62.966693253991));
#4462 = CARTESIAN_POINT('',(4.223500999976,33.197973237709,
    66.502269959668));
#4463 = CARTESIAN_POINT('',(5.171853635354,33.63128117723,
    67.746078092982));
#4464 = CARTESIAN_POINT('',(5.170743185895,35.277507216023,
    68.955368702628));
#4465 = CARTESIAN_POINT('',(6.223501000032,35.495926959839,
    70.143040792623));
#4466 = CARTESIAN_POINT('',(4.223500999996,28.463675403879,
    71.052077164197));
#4467 = CARTESIAN_POINT('',(5.171853635111,28.714797399706,
    72.470971645613));
#4468 = CARTESIAN_POINT('',(5.170743185668,29.668861548781,
    74.345451321096));
#4469 = CARTESIAN_POINT('',(6.223500999938,29.795445894278,
    75.621380079767));
#4470 = CARTESIAN_POINT('',(4.22350100004,21.937999999782,72.76498878771
    ));
#4471 = CARTESIAN_POINT('',(5.171853635425,21.938000000514,
    74.249799783924));
#4472 = CARTESIAN_POINT('',(5.170743186007,21.937999999472,
    76.374709871249));
#4473 = CARTESIAN_POINT('',(6.223501000084,21.937999999934,
    77.683865503946));
#4474 = CARTESIAN_POINT('',(4.223500999935,15.412324596509,
    71.052077164229));
#4475 = CARTESIAN_POINT('',(5.171853635097,15.161202599359,
    72.470971645588));
#4476 = CARTESIAN_POINT('',(5.170743185605,14.207138452166,
    74.345451321181));
#4477 = CARTESIAN_POINT('',(6.223500999913,14.080554105832,
    75.621380079786));
#4478 = CARTESIAN_POINT('',(4.223501000067,10.678026762019,
    66.50226995962));
#4479 = CARTESIAN_POINT('',(5.171853635375,10.24471882347,
    67.746078093016));
#4480 = CARTESIAN_POINT('',(5.170743185991,8.598492783296,
    68.955368702503));
#4481 = CARTESIAN_POINT('',(6.22350100007,8.380073040101,70.143040792593
    ));
#4482 = CARTESIAN_POINT('',(4.22350099995,8.797203560955,60.542252512333
    ));
#4483 = CARTESIAN_POINT('',(5.171853635184,8.291517507784,
    61.556706382104));
#4484 = CARTESIAN_POINT('',(5.170743185692,6.370312117977,
    61.894632937827));
#4485 = CARTESIAN_POINT('',(6.223500999956,6.115408369245,62.96669325402
    ));
#4486 = CARTESIAN_POINT('',(4.223501000028,9.85637040356,54.8007534246)
  );
#4487 = CARTESIAN_POINT('',(5.171853635291,9.391443364351,
    55.594262085404));
#4488 = CARTESIAN_POINT('',(5.170743185875,7.625089855046,55.09277232103
    ));
#4489 = CARTESIAN_POINT('',(6.223501000022,7.39073171044,56.053459658592
    ));
#4490 = CARTESIAN_POINT('',(4.223500999989,13.141538946469,
    50.54922922758));
#4491 = CARTESIAN_POINT('',(5.171853635243,12.803032244022,
    51.179130111774));
#4492 = CARTESIAN_POINT('',(5.170743185789,11.516975613575,
    50.056060731291));
#4493 = CARTESIAN_POINT('',(6.223500999992,11.346342813085,
    50.934277462177));
#4494 = CARTESIAN_POINT('',(4.223501000002,17.53977028497,48.4234684878)
  );
#4495 = CARTESIAN_POINT('',(5.171853635258,17.370516965017,
    48.971565535875));
#4496 = CARTESIAN_POINT('',(5.170743185818,16.727488768427,
    47.537706546116));
#4497 = CARTESIAN_POINT('',(6.223501000002,16.642172383945,
    48.374687999994));
#4498 = CARTESIAN_POINT('',(4.223501,21.938,48.423468487805));
#4499 = CARTESIAN_POINT('',(5.171853635256,21.938,48.971565535886));
#4500 = CARTESIAN_POINT('',(5.170743185813,21.938,47.53770654612));
#4501 = CARTESIAN_POINT('',(6.223501,21.938,48.374688));
#4502 = ADVANCED_FACE('',(#4503),#4532,.F.);
#4503 = FACE_BOUND('',#4504,.F.);
#4504 = EDGE_LOOP('',(#4505,#4515,#4521,#4522));
#4505 = ORIENTED_EDGE('',*,*,#4506,.F.);
#4506 = EDGE_CURVE('',#4507,#4509,#4511,.T.);
#4507 = VERTEX_POINT('',#4508);
#4508 = CARTESIAN_POINT('',(10.337344,9.512642,66.374688));
#4509 = VERTEX_POINT('',#4510);
#4510 = CARTESIAN_POINT('',(10.337344,12.220472672042,66.374688));
#4511 = LINE('',#4512,#4513);
#4512 = CARTESIAN_POINT('',(10.337344,-29.487358,66.374688));
#4513 = VECTOR('',#4514,1.);
#4514 = DIRECTION('',(0.,1.,0.));
#4515 = ORIENTED_EDGE('',*,*,#4516,.F.);
#4516 = EDGE_CURVE('',#1997,#4507,#4517,.T.);
#4517 = LINE('',#4518,#4519);
#4518 = CARTESIAN_POINT('',(10.337344,9.512642,65.874688));
#4519 = VECTOR('',#4520,1.);
#4520 = DIRECTION('',(0.,0.,-1.));
#4521 = ORIENTED_EDGE('',*,*,#2004,.F.);
#4522 = ORIENTED_EDGE('',*,*,#4523,.F.);
#4523 = EDGE_CURVE('',#4509,#2005,#4524,.T.);
#4524 = B_SPLINE_CURVE_WITH_KNOTS('',6,(#4525,#4526,#4527,#4528,#4529,
    #4530,#4531),.UNSPECIFIED.,.F.,.F.,(7,7),(0.,1.),
  .PIECEWISE_BEZIER_KNOTS.);
#4525 = CARTESIAN_POINT('',(10.337344,12.220472673138,66.374688));
#4526 = CARTESIAN_POINT('',(10.337344,12.423100928044,67.275237051002));
#4527 = CARTESIAN_POINT('',(10.337344,12.725923907122,68.153459558225));
#4528 = CARTESIAN_POINT('',(10.337344,13.125785415152,68.994948670887));
#4529 = CARTESIAN_POINT('',(10.337344,13.616806765342,69.786713275513));
#4530 = CARTESIAN_POINT('',(10.337344,14.191248027633,70.516777498321));
#4531 = CARTESIAN_POINT('',(10.337344,14.838705027898,71.174688));
#4532 = PLANE('',#4533);
#4533 = AXIS2_PLACEMENT_3D('',#4534,#4535,#4536);
#4534 = CARTESIAN_POINT('',(10.337344,-21.487358,66.374688));
#4535 = DIRECTION('',(-1.,0.,0.));
#4536 = DIRECTION('',(0.,1.,0.));
#4537 = ADVANCED_FACE('',(#4538),#4556,.T.);
#4538 = FACE_BOUND('',#4539,.T.);
#4539 = EDGE_LOOP('',(#4540,#4541,#4542,#4550));
#4540 = ORIENTED_EDGE('',*,*,#4516,.F.);
#4541 = ORIENTED_EDGE('',*,*,#1996,.F.);
#4542 = ORIENTED_EDGE('',*,*,#4543,.F.);
#4543 = EDGE_CURVE('',#4544,#1989,#4546,.T.);
#4544 = VERTEX_POINT('',#4545);
#4545 = CARTESIAN_POINT('',(17.823501,9.512642,66.374688));
#4546 = LINE('',#4547,#4548);
#4547 = CARTESIAN_POINT('',(17.823501,9.512642,65.874688));
#4548 = VECTOR('',#4549,1.);
#4549 = DIRECTION('',(0.,0.,1.));
#4550 = ORIENTED_EDGE('',*,*,#4551,.T.);
#4551 = EDGE_CURVE('',#4544,#4507,#4552,.T.);
#4552 = LINE('',#4553,#4554);
#4553 = CARTESIAN_POINT('',(11.70888325,9.512642,66.374688));
#4554 = VECTOR('',#4555,1.);
#4555 = DIRECTION('',(-1.,0.,0.));
#4556 = PLANE('',#4557);
#4557 = AXIS2_PLACEMENT_3D('',#4558,#4559,#4560);
#4558 = CARTESIAN_POINT('',(9.337344,9.512642,65.374688));
#4559 = DIRECTION('',(0.,1.,0.));
#4560 = DIRECTION('',(0.,0.,1.));
#4561 = ADVANCED_FACE('',(#4562),#4580,.F.);
#4562 = FACE_BOUND('',#4563,.F.);
#4563 = EDGE_LOOP('',(#4564,#4572,#4578,#4579));
#4564 = ORIENTED_EDGE('',*,*,#4565,.F.);
#4565 = EDGE_CURVE('',#4566,#4544,#4568,.T.);
#4566 = VERTEX_POINT('',#4567);
#4567 = CARTESIAN_POINT('',(17.823501,15.512642,66.374688));
#4568 = LINE('',#4569,#4570);
#4569 = CARTESIAN_POINT('',(17.823501,29.987358,66.374688));
#4570 = VECTOR('',#4571,1.);
#4571 = DIRECTION('',(0.,-1.,0.));
#4572 = ORIENTED_EDGE('',*,*,#4573,.T.);
#4573 = EDGE_CURVE('',#4566,#1981,#4574,.T.);
#4574 = LINE('',#4575,#4576);
#4575 = CARTESIAN_POINT('',(17.823501,15.512642,65.874688));
#4576 = VECTOR('',#4577,1.);
#4577 = DIRECTION('',(0.,0.,1.));
#4578 = ORIENTED_EDGE('',*,*,#1988,.F.);
#4579 = ORIENTED_EDGE('',*,*,#4543,.F.);
#4580 = PLANE('',#4581);
#4581 = AXIS2_PLACEMENT_3D('',#4582,#4583,#4584);
#4582 = CARTESIAN_POINT('',(17.823501,21.987358,66.374688));
#4583 = DIRECTION('',(1.,0.,0.));
#4584 = DIRECTION('',(0.,-1.,0.));
#4585 = ADVANCED_FACE('',(#4586),#4617,.F.);
#4586 = FACE_BOUND('',#4587,.F.);
#4587 = EDGE_LOOP('',(#4588,#4589,#4597,#4616));
#4588 = ORIENTED_EDGE('',*,*,#4573,.F.);
#4589 = ORIENTED_EDGE('',*,*,#4590,.T.);
#4590 = EDGE_CURVE('',#4566,#4591,#4593,.T.);
#4591 = VERTEX_POINT('',#4592);
#4592 = CARTESIAN_POINT('',(16.206824653668,15.512642,66.374688));
#4593 = LINE('',#4594,#4595);
#4594 = CARTESIAN_POINT('',(11.70888325,15.512642,66.374688));
#4595 = VECTOR('',#4596,1.);
#4596 = DIRECTION('',(-1.,0.,0.));
#4597 = ORIENTED_EDGE('',*,*,#4598,.F.);
#4598 = EDGE_CURVE('',#1944,#4591,#4599,.T.);
#4599 = B_SPLINE_CURVE_WITH_KNOTS('',8,(#4600,#4601,#4602,#4603,#4604,
    #4605,#4606,#4607,#4608,#4609,#4610,#4611,#4612,#4613,#4614,#4615),
  .UNSPECIFIED.,.F.,.F.,(9,7,9),(0.,0.745048551139,1.),.UNSPECIFIED.);
#4600 = CARTESIAN_POINT('',(17.823501,15.512642,69.927583730902));
#4601 = CARTESIAN_POINT('',(17.70384047644,15.512642,69.58462668849));
#4602 = CARTESIAN_POINT('',(17.57316276237,15.512642,69.245388996491));
#4603 = CARTESIAN_POINT('',(17.434356558349,15.512642,68.909123475555));
#4604 = CARTESIAN_POINT('',(17.289005495902,15.512642,68.575500366337));
#4605 = CARTESIAN_POINT('',(17.138332927652,15.512642,68.244224528007));
#4606 = CARTESIAN_POINT('',(16.983162656099,15.512642,67.915047455419));
#4607 = CARTESIAN_POINT('',(16.824124575083,15.512642,67.58768812148));
#4608 = CARTESIAN_POINT('',(16.60605543232,15.512642,67.15032424916));
#4609 = CARTESIAN_POINT('',(16.550063085251,15.512642,67.039007101221));
#4610 = CARTESIAN_POINT('',(16.493695600968,15.512642,66.927871667464));
#4611 = CARTESIAN_POINT('',(16.436971401192,15.512642,66.81691085527));
#4612 = CARTESIAN_POINT('',(16.379907339295,15.512642,66.706118082595));
#4613 = CARTESIAN_POINT('',(16.322518876179,15.512642,66.595487190358));
#4614 = CARTESIAN_POINT('',(16.264820256163,15.512642,66.485012354826));
#4615 = CARTESIAN_POINT('',(16.206824682861,15.512642,66.374688));
#4616 = ORIENTED_EDGE('',*,*,#1980,.F.);
#4617 = PLANE('',#4618);
#4618 = AXIS2_PLACEMENT_3D('',#4619,#4620,#4621);
#4619 = CARTESIAN_POINT('',(9.337344,15.512642,65.374688));
#4620 = DIRECTION('',(0.,1.,0.));
#4621 = DIRECTION('',(0.,0.,1.));
#4622 = ADVANCED_FACE('',(#4623),#4662,.T.);
#4623 = FACE_BOUND('',#4624,.T.);
#4624 = EDGE_LOOP('',(#4625,#4626,#4627,#4628,#4637,#4646,#4655));
#4625 = ORIENTED_EDGE('',*,*,#2885,.F.);
#4626 = ORIENTED_EDGE('',*,*,#4397,.T.);
#4627 = ORIENTED_EDGE('',*,*,#1934,.F.);
#4628 = ORIENTED_EDGE('',*,*,#4629,.F.);
#4629 = EDGE_CURVE('',#4630,#1927,#4632,.T.);
#4630 = VERTEX_POINT('',#4631);
#4631 = CARTESIAN_POINT('',(20.323501,25.378930106817,69.274688));
#4632 = CIRCLE('',#4633,4.5);
#4633 = AXIS2_PLACEMENT_3D('',#4634,#4635,#4636);
#4634 = CARTESIAN_POINT('',(20.323501,21.938,72.174688));
#4635 = DIRECTION('',(1.,-0.,2.22044604925E-16));
#4636 = DIRECTION('',(2.22044604925E-16,0.,-1.));
#4637 = ORIENTED_EDGE('',*,*,#4638,.T.);
#4638 = EDGE_CURVE('',#4630,#4639,#4641,.T.);
#4639 = VERTEX_POINT('',#4640);
#4640 = CARTESIAN_POINT('',(20.240058820572,25.487358,69.274688));
#4641 = HYPERBOLA('',#4642,2.9,2.9);
#4642 = AXIS2_PLACEMENT_3D('',#4643,#4644,#4645);
#4643 = CARTESIAN_POINT('',(24.823501,21.938,69.274688));
#4644 = DIRECTION('',(2.22044604925E-16,0.,-1.));
#4645 = DIRECTION('',(-1.,-0.,-2.22044604925E-16));
#4646 = ORIENTED_EDGE('',*,*,#4647,.F.);
#4647 = EDGE_CURVE('',#4648,#4639,#4650,.T.);
#4648 = VERTEX_POINT('',#4649);
#4649 = CARTESIAN_POINT('',(20.237344,25.487358,69.270399134118));
#4650 = HYPERBOLA('',#4651,3.549358,3.549358);
#4651 = AXIS2_PLACEMENT_3D('',#4652,#4653,#4654);
#4652 = CARTESIAN_POINT('',(24.823501,25.487358,72.174688));
#4653 = DIRECTION('',(0.,1.,0.));
#4654 = DIRECTION('',(-1.,0.,-2.22044604925E-16));
#4655 = ORIENTED_EDGE('',*,*,#4656,.F.);
#4656 = EDGE_CURVE('',#2888,#4648,#4657,.T.);
#4657 = CIRCLE('',#4658,4.586157);
#4658 = AXIS2_PLACEMENT_3D('',#4659,#4660,#4661);
#4659 = CARTESIAN_POINT('',(20.237344,21.938,72.174688));
#4660 = DIRECTION('',(1.,-0.,2.22044604925E-16));
#4661 = DIRECTION('',(2.22044604925E-16,0.,-1.));
#4662 = CONICAL_SURFACE('',#4663,6.3,0.785398163397);
#4663 = AXIS2_PLACEMENT_3D('',#4664,#4665,#4666);
#4664 = CARTESIAN_POINT('',(18.523501,21.938,72.174688));
#4665 = DIRECTION('',(-1.,-0.,-2.22044604925E-16));
#4666 = DIRECTION('',(2.22044604925E-16,0.,-1.));
#4667 = ADVANCED_FACE('',(#4668),#4695,.T.);
#4668 = FACE_BOUND('',#4669,.T.);
#4669 = EDGE_LOOP('',(#4670,#4679,#4687,#4693,#4694));
#4670 = ORIENTED_EDGE('',*,*,#4671,.F.);
#4671 = EDGE_CURVE('',#4672,#1919,#4674,.T.);
#4672 = VERTEX_POINT('',#4673);
#4673 = CARTESIAN_POINT('',(24.823501,25.378930106817,69.274688));
#4674 = CIRCLE('',#4675,4.5);
#4675 = AXIS2_PLACEMENT_3D('',#4676,#4677,#4678);
#4676 = CARTESIAN_POINT('',(24.823501,21.938,72.174688));
#4677 = DIRECTION('',(1.,-0.,2.22044604925E-16));
#4678 = DIRECTION('',(2.22044604925E-16,0.,-1.));
#4679 = ORIENTED_EDGE('',*,*,#4680,.F.);
#4680 = EDGE_CURVE('',#4681,#4672,#4683,.T.);
#4681 = VERTEX_POINT('',#4682);
#4682 = CARTESIAN_POINT('',(22.237344,25.378930106817,69.274688));
#4683 = LINE('',#4684,#4685);
#4684 = CARTESIAN_POINT('',(18.323501,25.378930106817,69.274688));
#4685 = VECTOR('',#4686,1.);
#4686 = DIRECTION('',(1.,0.,2.22044604925E-16));
#4687 = ORIENTED_EDGE('',*,*,#4688,.F.);
#4688 = EDGE_CURVE('',#4630,#4681,#4689,.T.);
#4689 = LINE('',#4690,#4691);
#4690 = CARTESIAN_POINT('',(18.323501,25.378930106817,69.274688));
#4691 = VECTOR('',#4692,1.);
#4692 = DIRECTION('',(1.,0.,2.22044604925E-16));
#4693 = ORIENTED_EDGE('',*,*,#4629,.T.);
#4694 = ORIENTED_EDGE('',*,*,#1926,.T.);
#4695 = CYLINDRICAL_SURFACE('',#4696,4.5);
#4696 = AXIS2_PLACEMENT_3D('',#4697,#4698,#4699);
#4697 = CARTESIAN_POINT('',(18.323501,21.938,72.174688));
#4698 = DIRECTION('',(1.,0.,2.22044604925E-16));
#4699 = DIRECTION('',(2.22044604925E-16,0.,-1.));
#4700 = ADVANCED_FACE('',(#4701),#4714,.T.);
#4701 = FACE_BOUND('',#4702,.T.);
#4702 = EDGE_LOOP('',(#4703,#4704,#4705,#4712,#4713));
#4703 = ORIENTED_EDGE('',*,*,#2286,.T.);
#4704 = ORIENTED_EDGE('',*,*,#2865,.F.);
#4705 = ORIENTED_EDGE('',*,*,#4706,.F.);
#4706 = EDGE_CURVE('',#1919,#2857,#4707,.T.);
#4707 = CIRCLE('',#4708,4.5);
#4708 = AXIS2_PLACEMENT_3D('',#4709,#4710,#4711);
#4709 = CARTESIAN_POINT('',(24.823501,21.938,72.174688));
#4710 = DIRECTION('',(1.,-0.,2.22044604925E-16));
#4711 = DIRECTION('',(2.22044604925E-16,0.,-1.));
#4712 = ORIENTED_EDGE('',*,*,#1918,.F.);
#4713 = ORIENTED_EDGE('',*,*,#2189,.T.);
#4714 = PLANE('',#4715);
#4715 = AXIS2_PLACEMENT_3D('',#4716,#4717,#4718);
#4716 = CARTESIAN_POINT('',(24.823501,-500.,541.737344));
#4717 = DIRECTION('',(1.,0.,2.22044604925E-16));
#4718 = DIRECTION('',(2.22044604925E-16,0.,-1.));
#4719 = ADVANCED_FACE('',(#4720),#4745,.T.);
#4720 = FACE_BOUND('',#4721,.T.);
#4721 = EDGE_LOOP('',(#4722,#4730,#4738,#4744));
#4722 = ORIENTED_EDGE('',*,*,#4723,.F.);
#4723 = EDGE_CURVE('',#4724,#1903,#4726,.T.);
#4724 = VERTEX_POINT('',#4725);
#4725 = CARTESIAN_POINT('',(22.237344,-0.8,69.274688));
#4726 = LINE('',#4727,#4728);
#4727 = CARTESIAN_POINT('',(22.237344,-0.8,69.274688));
#4728 = VECTOR('',#4729,1.);
#4729 = DIRECTION('',(2.22044604925E-16,0.,-1.));
#4730 = ORIENTED_EDGE('',*,*,#4731,.T.);
#4731 = EDGE_CURVE('',#4724,#4732,#4734,.T.);
#4732 = VERTEX_POINT('',#4733);
#4733 = CARTESIAN_POINT('',(24.823501,-0.8,69.274688));
#4734 = LINE('',#4735,#4736);
#4735 = CARTESIAN_POINT('',(20.237344,-0.8,69.274688));
#4736 = VECTOR('',#4737,1.);
#4737 = DIRECTION('',(1.,0.,2.22044604925E-16));
#4738 = ORIENTED_EDGE('',*,*,#4739,.T.);
#4739 = EDGE_CURVE('',#4732,#1911,#4740,.T.);
#4740 = LINE('',#4741,#4742);
#4741 = CARTESIAN_POINT('',(24.823501,-0.8,69.274688));
#4742 = VECTOR('',#4743,1.);
#4743 = DIRECTION('',(2.22044604925E-16,0.,-1.));
#4744 = ORIENTED_EDGE('',*,*,#1910,.T.);
#4745 = PLANE('',#4746);
#4746 = AXIS2_PLACEMENT_3D('',#4747,#4748,#4749);
#4747 = CARTESIAN_POINT('',(20.237344,-0.8,69.274688));
#4748 = DIRECTION('',(0.,1.,0.));
#4749 = DIRECTION('',(1.,0.,2.22044604925E-16));
#4750 = ADVANCED_FACE('',(#4751),#4769,.T.);
#4751 = FACE_BOUND('',#4752,.T.);
#4752 = EDGE_LOOP('',(#4753,#4754,#4762,#4768));
#4753 = ORIENTED_EDGE('',*,*,#1902,.T.);
#4754 = ORIENTED_EDGE('',*,*,#4755,.F.);
#4755 = EDGE_CURVE('',#4756,#1895,#4758,.T.);
#4756 = VERTEX_POINT('',#4757);
#4757 = CARTESIAN_POINT('',(20.237344,-0.8,69.274688));
#4758 = LINE('',#4759,#4760);
#4759 = CARTESIAN_POINT('',(20.237344,-0.8,69.274688));
#4760 = VECTOR('',#4761,1.);
#4761 = DIRECTION('',(2.22044604925E-16,0.,-1.));
#4762 = ORIENTED_EDGE('',*,*,#4763,.T.);
#4763 = EDGE_CURVE('',#4756,#4724,#4764,.T.);
#4764 = LINE('',#4765,#4766);
#4765 = CARTESIAN_POINT('',(20.237344,-0.8,69.274688));
#4766 = VECTOR('',#4767,1.);
#4767 = DIRECTION('',(1.,0.,2.22044604925E-16));
#4768 = ORIENTED_EDGE('',*,*,#4723,.T.);
#4769 = PLANE('',#4770);
#4770 = AXIS2_PLACEMENT_3D('',#4771,#4772,#4773);
#4771 = CARTESIAN_POINT('',(20.237344,-0.8,69.274688));
#4772 = DIRECTION('',(0.,1.,0.));
#4773 = DIRECTION('',(1.,0.,2.22044604925E-16));
#4774 = ADVANCED_FACE('',(#4775),#4794,.F.);
#4775 = FACE_BOUND('',#4776,.F.);
#4776 = EDGE_LOOP('',(#4777,#4785,#4792,#4793));
#4777 = ORIENTED_EDGE('',*,*,#4778,.F.);
#4778 = EDGE_CURVE('',#4779,#4756,#4781,.T.);
#4779 = VERTEX_POINT('',#4780);
#4780 = CARTESIAN_POINT('',(20.237344,-16.50913692514,69.274688));
#4781 = LINE('',#4782,#4783);
#4782 = CARTESIAN_POINT('',(20.237344,-25.487358,69.274688));
#4783 = VECTOR('',#4784,1.);
#4784 = DIRECTION('',(0.,1.,0.));
#4785 = ORIENTED_EDGE('',*,*,#4786,.F.);
#4786 = EDGE_CURVE('',#1886,#4779,#4787,.T.);
#4787 = CIRCLE('',#4788,4.586157);
#4788 = AXIS2_PLACEMENT_3D('',#4789,#4790,#4791);
#4789 = CARTESIAN_POINT('',(20.237344,-20.062,72.174688));
#4790 = DIRECTION('',(1.,-0.,2.22044604925E-16));
#4791 = DIRECTION('',(2.22044604925E-16,0.,-1.));
#4792 = ORIENTED_EDGE('',*,*,#1894,.T.);
#4793 = ORIENTED_EDGE('',*,*,#4755,.F.);
#4794 = PLANE('',#4795);
#4795 = AXIS2_PLACEMENT_3D('',#4796,#4797,#4798);
#4796 = CARTESIAN_POINT('',(20.237344,-25.487358,69.274688));
#4797 = DIRECTION('',(1.,0.,2.22044604925E-16));
#4798 = DIRECTION('',(2.22044604925E-16,0.,-1.));
#4799 = ADVANCED_FACE('',(#4800),#4846,.T.);
#4800 = FACE_BOUND('',#4801,.T.);
#4801 = EDGE_LOOP('',(#4802,#4803,#4810,#4811,#4820,#4829,#4838,#4845));
#4802 = ORIENTED_EDGE('',*,*,#1885,.F.);
#4803 = ORIENTED_EDGE('',*,*,#4804,.T.);
#4804 = EDGE_CURVE('',#1849,#1701,#4805,.T.);
#4805 = CIRCLE('',#4806,6.3);
#4806 = AXIS2_PLACEMENT_3D('',#4807,#4808,#4809);
#4807 = CARTESIAN_POINT('',(18.523501,-20.062,72.174688));
#4808 = DIRECTION('',(1.,-0.,2.22044604925E-16));
#4809 = DIRECTION('',(2.22044604925E-16,0.,-1.));
#4810 = ORIENTED_EDGE('',*,*,#1700,.F.);
#4811 = ORIENTED_EDGE('',*,*,#4812,.F.);
#4812 = EDGE_CURVE('',#4813,#1693,#4815,.T.);
#4813 = VERTEX_POINT('',#4814);
#4814 = CARTESIAN_POINT('',(20.237344,-23.61486307485,69.274688));
#4815 = CIRCLE('',#4816,4.586157);
#4816 = AXIS2_PLACEMENT_3D('',#4817,#4818,#4819);
#4817 = CARTESIAN_POINT('',(20.237344,-20.062,72.174688));
#4818 = DIRECTION('',(1.,-0.,2.22044604925E-16));
#4819 = DIRECTION('',(2.22044604925E-16,0.,-1.));
#4820 = ORIENTED_EDGE('',*,*,#4821,.T.);
#4821 = EDGE_CURVE('',#4813,#4822,#4824,.T.);
#4822 = VERTEX_POINT('',#4823);
#4823 = CARTESIAN_POINT('',(20.323501,-23.50293010681,69.274688));
#4824 = HYPERBOLA('',#4825,2.9,2.9);
#4825 = AXIS2_PLACEMENT_3D('',#4826,#4827,#4828);
#4826 = CARTESIAN_POINT('',(24.823501,-20.062,69.274688));
#4827 = DIRECTION('',(2.22044604925E-16,0.,-1.));
#4828 = DIRECTION('',(-1.,-0.,-2.22044604925E-16));
#4829 = ORIENTED_EDGE('',*,*,#4830,.F.);
#4830 = EDGE_CURVE('',#4831,#4822,#4833,.T.);
#4831 = VERTEX_POINT('',#4832);
#4832 = CARTESIAN_POINT('',(20.323501,-16.62106989318,69.274688));
#4833 = CIRCLE('',#4834,4.5);
#4834 = AXIS2_PLACEMENT_3D('',#4835,#4836,#4837);
#4835 = CARTESIAN_POINT('',(20.323501,-20.062,72.174688));
#4836 = DIRECTION('',(1.,-0.,2.22044604925E-16));
#4837 = DIRECTION('',(2.22044604925E-16,0.,-1.));
#4838 = ORIENTED_EDGE('',*,*,#4839,.T.);
#4839 = EDGE_CURVE('',#4831,#4779,#4840,.T.);
#4840 = HYPERBOLA('',#4841,2.9,2.9);
#4841 = AXIS2_PLACEMENT_3D('',#4842,#4843,#4844);
#4842 = CARTESIAN_POINT('',(24.823501,-20.062,69.274688));
#4843 = DIRECTION('',(2.22044604925E-16,0.,-1.));
#4844 = DIRECTION('',(-1.,-0.,-2.22044604925E-16));
#4845 = ORIENTED_EDGE('',*,*,#4786,.F.);
#4846 = CONICAL_SURFACE('',#4847,6.3,0.785398163397);
#4847 = AXIS2_PLACEMENT_3D('',#4848,#4849,#4850);
#4848 = CARTESIAN_POINT('',(18.523501,-20.062,72.174688));
#4849 = DIRECTION('',(-1.,-0.,-2.22044604925E-16));
#4850 = DIRECTION('',(2.22044604925E-16,0.,-1.));
#4851 = ADVANCED_FACE('',(#4852),#5031,.T.);
#4852 = FACE_BOUND('',#4853,.T.);
#4853 = EDGE_LOOP('',(#4854,#4855,#4862,#4863,#4864,#4865,#4884,#4981,
    #4991));
#4854 = ORIENTED_EDGE('',*,*,#1795,.F.);
#4855 = ORIENTED_EDGE('',*,*,#4856,.T.);
#4856 = EDGE_CURVE('',#1747,#1710,#4857,.T.);
#4857 = CIRCLE('',#4858,11.8);
#4858 = AXIS2_PLACEMENT_3D('',#4859,#4860,#4861);
#4859 = CARTESIAN_POINT('',(6.223501,-20.062,60.174688));
#4860 = DIRECTION('',(1.,-0.,2.22044604925E-16));
#4861 = DIRECTION('',(2.22044604925E-16,0.,-1.));
#4862 = ORIENTED_EDGE('',*,*,#1709,.T.);
#4863 = ORIENTED_EDGE('',*,*,#4804,.F.);
#4864 = ORIENTED_EDGE('',*,*,#1848,.F.);
#4865 = ORIENTED_EDGE('',*,*,#4866,.F.);
#4866 = EDGE_CURVE('',#4867,#1841,#4869,.T.);
#4867 = VERTEX_POINT('',#4868);
#4868 = CARTESIAN_POINT('',(17.823501000001,-13.45659759001,71.174688));
#4869 = B_SPLINE_CURVE_WITH_KNOTS('',7,(#4870,#4871,#4872,#4873,#4874,
    #4875,#4876,#4877,#4878,#4879,#4880,#4881,#4882,#4883),
  .UNSPECIFIED.,.F.,.F.,(8,6,8),(0.,0.80990869281,1.),.UNSPECIFIED.);
#4870 = CARTESIAN_POINT('',(17.823501,-13.45659758944,71.174688));
#4871 = CARTESIAN_POINT('',(17.823501,-13.48729421177,70.53520295701));
#4872 = CARTESIAN_POINT('',(17.823501,-13.59023292187,69.898921315361));
#4873 = CARTESIAN_POINT('',(17.823501,-13.76502070508,69.276117992359));
#4874 = CARTESIAN_POINT('',(17.823501,-14.00934299995,68.676380867212));
#4875 = CARTESIAN_POINT('',(17.823501,-14.31952350189,68.108734155688));
#4876 = CARTESIAN_POINT('',(17.823501,-14.69051793963,67.581653682872));
#4877 = CARTESIAN_POINT('',(17.823501,-15.21515670519,66.990365158501));
#4878 = CARTESIAN_POINT('',(17.823501,-15.3178657655,66.880609995797));
#4879 = CARTESIAN_POINT('',(17.823501,-15.42347027575,66.773593517311));
#4880 = CARTESIAN_POINT('',(17.823501,-15.53188240059,66.669407126771));
#4881 = CARTESIAN_POINT('',(17.823501,-15.643010811,66.568138593229));
#4882 = CARTESIAN_POINT('',(17.823501,-15.75676068425,66.469872051069));
#4883 = CARTESIAN_POINT('',(17.823501,-15.87303370394,66.374688));
#4884 = ORIENTED_EDGE('',*,*,#4885,.F.);
#4885 = EDGE_CURVE('',#4886,#4867,#4888,.T.);
#4886 = VERTEX_POINT('',#4887);
#4887 = CARTESIAN_POINT('',(10.337344000001,-12.96270503776,71.174688));
#4888 = B_SPLINE_CURVE_WITH_KNOTS('',6,(#4889,#4890,#4891,#4892,#4893,
    #4894,#4895,#4896,#4897,#4898,#4899,#4900,#4901,#4902,#4903,#4904,
    #4905,#4906,#4907,#4908,#4909,#4910,#4911,#4912,#4913,#4914,#4915,
    #4916,#4917,#4918,#4919,#4920,#4921,#4922,#4923,#4924,#4925,#4926,
    #4927,#4928,#4929,#4930,#4931,#4932,#4933,#4934,#4935,#4936,#4937,
    #4938,#4939,#4940,#4941,#4942,#4943,#4944,#4945,#4946,#4947,#4948,
    #4949,#4950,#4951,#4952,#4953,#4954,#4955,#4956,#4957,#4958,#4959,
    #4960,#4961,#4962,#4963,#4964,#4965,#4966,#4967,#4968,#4969,#4970,
    #4971,#4972,#4973,#4974,#4975,#4976,#4977,#4978,#4979,#4980),
  .UNSPECIFIED.,.F.,.F.,(7,5,5,5,5,5,5,5,5,5,5,5,5,5,5,5,5,5,7),(0.,
    4.287583354833E-02,0.144375650121,0.217186912289,0.247373722472,
    0.289799294828,0.351005892683,0.405316291006,0.435612775584,
    0.499089335832,0.545354628261,0.595175178248,0.648860258184,
    0.710167672138,0.752611735812,0.782799241194,0.855581417126,
    0.956953296907,1.),.UNSPECIFIED.);
#4889 = CARTESIAN_POINT('',(18.523501,-26.2821286096,71.174688));
#4890 = CARTESIAN_POINT('',(18.303003699612,-26.41657540141,71.174688));
#4891 = CARTESIAN_POINT('',(18.077729823591,-26.54339515507,71.174688));
#4892 = CARTESIAN_POINT('',(17.84809297307,-26.662504625,71.174688));
#4893 = CARTESIAN_POINT('',(17.614492651053,-26.77384095196,71.174688));
#4894 = CARTESIAN_POINT('',(17.37731212027,-26.8773575749,71.174688));
#4895 = CARTESIAN_POINT('',(16.567827951864,-27.199481818,71.174688));
#4896 = CARTESIAN_POINT('',(15.980809294106,-27.38189328205,71.174688));
#4897 = CARTESIAN_POINT('',(15.380563162765,-27.51988316631,71.174688));
#4898 = CARTESIAN_POINT('',(14.771547914782,-27.61323667412,71.174688));
#4899 = CARTESIAN_POINT('',(14.157985324903,-27.66191875364,71.174688));
#4900 = CARTESIAN_POINT('',(13.103257939718,-27.6686640524,71.174688));
#4901 = CARTESIAN_POINT('',(12.662431675185,-27.64845081404,71.174688));
#4902 = CARTESIAN_POINT('',(12.222833428318,-27.60518516907,71.174688));
#4903 = CARTESIAN_POINT('',(11.785998240163,-27.53883997948,71.174688));
#4904 = CARTESIAN_POINT('',(11.353508354004,-27.44941213912,71.174688));
#4905 = CARTESIAN_POINT('',(10.750167689114,-27.2902708506,71.174688));
#4906 = CARTESIAN_POINT('',(10.574370053939,-27.2396646121,71.174688));
#4907 = CARTESIAN_POINT('',(10.399720966602,-27.18509474584,71.174688));
#4908 = CARTESIAN_POINT('',(10.226342194802,-27.12656423561,71.174688));
#4909 = CARTESIAN_POINT('',(10.054358964605,-27.06407777588,71.174688));
#4910 = CARTESIAN_POINT('',(9.6443310636,-26.90427034631,71.174688));
#4911 = CARTESIAN_POINT('',(9.407774231025,-26.80309830743,71.174688));
#4912 = CARTESIAN_POINT('',(9.174585499519,-26.69414380501,71.174688));
#4913 = CARTESIAN_POINT('',(8.945140391637,-26.57743551686,71.174688));
#4914 = CARTESIAN_POINT('',(8.719832147156,-26.453016394,71.174688));
#4915 = CARTESIAN_POINT('',(8.180580373968,-26.13041389028,71.174688));
#4916 = CARTESIAN_POINT('',(7.8715574999,-25.92396116172,71.174688));
#4917 = CARTESIAN_POINT('',(7.573227610838,-25.70177283522,71.174688));
#4918 = CARTESIAN_POINT('',(7.286922295233,-25.46412898883,71.174688));
#4919 = CARTESIAN_POINT('',(7.014045695385,-25.21144736552,71.174688));
#4920 = CARTESIAN_POINT('',(6.527107331516,-24.7072987368,71.174688));
#4921 = CARTESIAN_POINT('',(6.309884798746,-24.45890426898,71.174688));
#4922 = CARTESIAN_POINT('',(6.105392714884,-24.19957280328,71.174688));
#4923 = CARTESIAN_POINT('',(5.91467755843,-23.92985557089,71.174688));
#4924 = CARTESIAN_POINT('',(5.738771343314,-23.6504539045,71.174688));
#4925 = CARTESIAN_POINT('',(5.489326804874,-23.2014780781,71.174688));
#4926 = CARTESIAN_POINT('',(5.404915787623,-23.03796684489,71.174688));
#4927 = CARTESIAN_POINT('',(5.325585402639,-22.87187001522,71.174688));
#4928 = CARTESIAN_POINT('',(5.251497253424,-22.70335653656,71.174688));
#4929 = CARTESIAN_POINT('',(5.182802271511,-22.53261169291,71.174688));
#4930 = CARTESIAN_POINT('',(4.987296481251,-21.99784762563,71.174688));
#4931 = CARTESIAN_POINT('',(4.879212915534,-21.6268999537,71.174688));
#4932 = CARTESIAN_POINT('',(4.796694577295,-21.24894795622,71.174688));
#4933 = CARTESIAN_POINT('',(4.74066845339,-20.86611722425,71.174688));
#4934 = CARTESIAN_POINT('',(4.71167976836,-20.48070500841,71.174688));
#4935 = CARTESIAN_POINT('',(4.708323511055,-19.81422799749,71.174688));
#4936 = CARTESIAN_POINT('',(4.721277094906,-19.53316966177,71.174688));
#4937 = CARTESIAN_POINT('',(4.748607750767,-19.25297314164,71.174688));
#4938 = CARTESIAN_POINT('',(4.790183409067,-18.9745469549,71.174688));
#4939 = CARTESIAN_POINT('',(4.845742896602,-18.69876372322,71.174688));
#4940 = CARTESIAN_POINT('',(4.989386954861,-18.13323228372,71.174688));
#4941 = CARTESIAN_POINT('',(5.079648149685,-17.84401902474,71.174688));
#4942 = CARTESIAN_POINT('',(5.185220565006,-17.55985511484,71.174688));
#4943 = CARTESIAN_POINT('',(5.305501218708,-17.28164773566,71.174688));
#4944 = CARTESIAN_POINT('',(5.439790435085,-17.01019020862,71.174688));
#4945 = CARTESIAN_POINT('',(5.746309207511,-16.46168095824,71.174688));
#4946 = CARTESIAN_POINT('',(5.920679371463,-16.18581856789,71.174688));
#4947 = CARTESIAN_POINT('',(6.109494608505,-15.91943539547,71.174688));
#4948 = CARTESIAN_POINT('',(6.311757983799,-15.66320668438,71.174688));
#4949 = CARTESIAN_POINT('',(6.526459124692,-15.41766445683,71.174688));
#4950 = CARTESIAN_POINT('',(7.010879241627,-14.91550215997,71.174688));
#4951 = CARTESIAN_POINT('',(7.284079034499,-14.66226150857,71.174688));
#4952 = CARTESIAN_POINT('',(7.570762156608,-14.42410523378,71.174688));
#4953 = CARTESIAN_POINT('',(7.86951710702,-14.20145388712,71.174688));
#4954 = CARTESIAN_POINT('',(8.179005351111,-13.99458929764,71.174688));
#4955 = CARTESIAN_POINT('',(8.718835407023,-13.67153787738,71.174688));
#4956 = CARTESIAN_POINT('',(8.944227814647,-13.54703602192,71.174688));
#4957 = CARTESIAN_POINT('',(9.173761843903,-13.43025167215,71.174688));
#4958 = CARTESIAN_POINT('',(9.407043697218,-13.32122786678,71.174688));
#4959 = CARTESIAN_POINT('',(9.643697327381,-13.21999333965,71.174688));
#4960 = CARTESIAN_POINT('',(10.053825990026,-13.06011811196,71.174688));
#4961 = CARTESIAN_POINT('',(10.225810349521,-12.99761969995,71.174688));
#4962 = CARTESIAN_POINT('',(10.399190588034,-12.93907744769,71.174688));
#4963 = CARTESIAN_POINT('',(10.573841463398,-12.884496053,71.174688));
#4964 = CARTESIAN_POINT('',(10.749641192741,-12.83387850223,71.174688));
#4965 = CARTESIAN_POINT('',(11.352809797185,-12.67474690135,71.174688));
#4966 = CARTESIAN_POINT('',(11.78512190015,-12.58532161503,71.174688));
#4967 = CARTESIAN_POINT('',(12.221777815266,-12.51896077094,71.174688));
#4968 = CARTESIAN_POINT('',(12.661197104912,-12.47566127792,71.174688));
#4969 = CARTESIAN_POINT('',(13.101846498876,-12.45539604738,71.174688));
#4970 = CARTESIAN_POINT('',(14.155630815333,-12.46197020553,71.174688));
#4971 = CARTESIAN_POINT('',(14.76843214933,-12.51043906282,71.174688));
#4972 = CARTESIAN_POINT('',(15.376709412732,-12.60346752206,71.174688));
#4973 = CARTESIAN_POINT('',(15.976257264572,-12.74102056741,71.174688));
#4974 = CARTESIAN_POINT('',(16.562635378175,-12.92288480633,71.174688));
#4975 = CARTESIAN_POINT('',(17.372579879207,-13.24457854869,71.174688));
#4976 = CARTESIAN_POINT('',(17.610764081543,-13.3483828956,71.174688));
#4977 = CARTESIAN_POINT('',(17.845344069698,-13.46007003275,71.174688));
#4978 = CARTESIAN_POINT('',(18.075932099183,-13.57959296602,71.174688));
#4979 = CARTESIAN_POINT('',(18.30212392842,-13.70688816383,71.174688));
#4980 = CARTESIAN_POINT('',(18.523501,-13.84187139039,71.174688));
#4981 = ORIENTED_EDGE('',*,*,#4982,.T.);
#4982 = EDGE_CURVE('',#4886,#4983,#4985,.T.);
#4983 = VERTEX_POINT('',#4984);
#4984 = CARTESIAN_POINT('',(10.337344,-11.487358,69.256389399023));
#4985 = B_SPLINE_CURVE_WITH_KNOTS('',4,(#4986,#4987,#4988,#4989,#4990),
  .UNSPECIFIED.,.F.,.F.,(5,5),(0.,1.),.PIECEWISE_BEZIER_KNOTS.);
#4986 = CARTESIAN_POINT('',(10.337344,-12.96270502789,71.174688));
#4987 = CARTESIAN_POINT('',(10.337344,-12.53729088645,70.742405344773));
#4988 = CARTESIAN_POINT('',(10.337344,-12.14696699139,70.27557745161));
#4989 = CARTESIAN_POINT('',(10.337344,-11.79596516236,69.77850731382));
#4990 = CARTESIAN_POINT('',(10.337344,-11.487358,69.256389399023));
#4991 = ORIENTED_EDGE('',*,*,#4992,.F.);
#4992 = EDGE_CURVE('',#1796,#4983,#4993,.T.);
#4993 = B_SPLINE_CURVE_WITH_KNOTS('',8,(#4994,#4995,#4996,#4997,#4998,
    #4999,#5000,#5001,#5002,#5003,#5004,#5005,#5006,#5007,#5008,#5009,
    #5010,#5011,#5012,#5013,#5014,#5015,#5016,#5017,#5018,#5019,#5020,
    #5021,#5022,#5023,#5024,#5025,#5026,#5027,#5028,#5029,#5030),
  .UNSPECIFIED.,.F.,.F.,(9,7,7,7,7,9),(0.,0.266070026716,0.456559032265,
    0.535910222509,0.656591748987,1.),.UNSPECIFIED.);
#4994 = CARTESIAN_POINT('',(13.360768623036,-11.487358,66.374688));
#4995 = CARTESIAN_POINT('',(13.389169321889,-11.487358,66.545642682085)
  );
#4996 = CARTESIAN_POINT('',(13.412586123952,-11.487358,66.717082275342)
  );
#4997 = CARTESIAN_POINT('',(13.430370704469,-11.487358,66.889274758573)
  );
#4998 = CARTESIAN_POINT('',(13.441617577831,-11.487358,67.06219887457));
#4999 = CARTESIAN_POINT('',(13.445134833172,-11.487358,67.235543649698)
  );
#5000 = CARTESIAN_POINT('',(13.439427911141,-11.487358,67.40871009095));
#5001 = CARTESIAN_POINT('',(13.422650083722,-11.487358,67.580812507415)
  );
#5002 = CARTESIAN_POINT('',(13.370868664394,-11.487358,67.872288871992)
  );
#5003 = CARTESIAN_POINT('',(13.342386409669,-11.487358,67.992810827294)
  );
#5004 = CARTESIAN_POINT('',(13.306215978524,-11.487358,68.11148292496));
#5005 = CARTESIAN_POINT('',(13.261556428332,-11.487358,68.227312799207)
  );
#5006 = CARTESIAN_POINT('',(13.207702472753,-11.487358,68.339121668837)
  );
#5007 = CARTESIAN_POINT('',(13.144216321312,-11.487358,68.445630425084)
  );
#5008 = CARTESIAN_POINT('',(13.071185315949,-11.487358,68.54558570099));
#5009 = CARTESIAN_POINT('',(12.955565290513,-11.487358,68.67639169334));
#5010 = CARTESIAN_POINT('',(12.920070430736,-11.487358,68.713540983748)
  );
#5011 = CARTESIAN_POINT('',(12.883143866569,-11.487358,68.749302401457)
  );
#5012 = CARTESIAN_POINT('',(12.844859592289,-11.487358,68.783624834946)
  );
#5013 = CARTESIAN_POINT('',(12.805300634834,-11.487358,68.816475269573)
  );
#5014 = CARTESIAN_POINT('',(12.764557173555,-11.487358,68.847836603897)
  );
#5015 = CARTESIAN_POINT('',(12.722724659949,-11.487358,68.877705465987)
  );
#5016 = CARTESIAN_POINT('',(12.61477485477,-11.487358,68.949258789687));
#5017 = CARTESIAN_POINT('',(12.547357352995,-11.487358,68.988994306621)
  );
#5018 = CARTESIAN_POINT('',(12.477969782309,-11.487358,69.025344257582)
  );
#5019 = CARTESIAN_POINT('',(12.406919997917,-11.487358,69.058425420705)
  );
#5020 = CARTESIAN_POINT('',(12.334489879899,-11.487358,69.088395409301)
  );
#5021 = CARTESIAN_POINT('',(12.260925320586,-11.487358,69.115431579709)
  );
#5022 = CARTESIAN_POINT('',(12.186429679383,-11.487358,69.139717112922)
  );
#5023 = CARTESIAN_POINT('',(11.896977245698,-11.487358,69.223232054159)
  );
#5024 = CARTESIAN_POINT('',(11.677260470403,-11.487358,69.264022556345)
  );
#5025 = CARTESIAN_POINT('',(11.454526540828,-11.487358,69.288579287186)
  );
#5026 = CARTESIAN_POINT('',(11.230578879518,-11.487358,69.300050518122)
  );
#5027 = CARTESIAN_POINT('',(11.006613461022,-11.487358,69.3009590507));
#5028 = CARTESIAN_POINT('',(10.783200090493,-11.487358,69.293141037928)
  );
#5029 = CARTESIAN_POINT('',(10.560317572498,-11.487358,69.277978009884)
  );
#5030 = CARTESIAN_POINT('',(10.337344,-11.487358,69.256389399023));
#5031 = B_SPLINE_SURFACE_WITH_KNOTS('',14,1,(
    (#5032,#5033)
    ,(#5034,#5035)
    ,(#5036,#5037)
    ,(#5038,#5039)
    ,(#5040,#5041)
    ,(#5042,#5043)
    ,(#5044,#5045)
    ,(#5046,#5047)
    ,(#5048,#5049)
    ,(#5050,#5051)
    ,(#5052,#5053)
    ,(#5054,#5055)
    ,(#5056,#5057)
    ,(#5058,#5059)
    ,(#5060,#5061
    )),.UNSPECIFIED.,.T.,.F.,.F.,(15,15),(2,2),(0.,6.28318530718),(0.,1.
    ),.PIECEWISE_BEZIER_KNOTS.);
#5032 = CARTESIAN_POINT('',(6.223501,-20.062,48.374688));
#5033 = CARTESIAN_POINT('',(18.523501,-20.062,65.874688));
#5034 = CARTESIAN_POINT('',(6.223500999999,-14.76617238394,
    48.374687999997));
#5035 = CARTESIAN_POINT('',(18.523501,-17.23456661176,65.874687999999));
#5036 = CARTESIAN_POINT('',(6.223501000002,-9.4703428131,50.934277462168
    ));
#5037 = CARTESIAN_POINT('',(18.523501,-14.40713217987,67.241248475561));
#5038 = CARTESIAN_POINT('',(6.223501,-5.514731710392,56.053459658612));
#5039 = CARTESIAN_POINT('',(18.523501000002,-12.29523811657,
    69.974371173672));
#5040 = CARTESIAN_POINT('',(6.22350099999,-4.239408369359,
    62.966693253991));
#5041 = CARTESIAN_POINT('',(18.523500999993,-11.61434514635,
    73.665334872894));
#5042 = CARTESIAN_POINT('',(6.223501000032,-6.504073039883,
    70.143040792623));
#5043 = CARTESIAN_POINT('',(18.523501000015,-12.8234457755,
    77.496774660446));
#5044 = CARTESIAN_POINT('',(6.223500999938,-12.20455410617,
    75.621380079767));
#5045 = CARTESIAN_POINT('',(18.523500999975,-15.86692295504,
    80.421650720611));
#5046 = CARTESIAN_POINT('',(6.223501000084,-20.0619999995,
    77.683865503946));
#5047 = CARTESIAN_POINT('',(18.523501000031,-20.06199999965,
    81.522808192693));
#5048 = CARTESIAN_POINT('',(6.223500999913,-27.91944589473,
    75.621380079786));
#5049 = CARTESIAN_POINT('',(18.523500999969,-24.25707704558,
    80.421650720673));
#5050 = CARTESIAN_POINT('',(6.22350100007,-33.61992695944,
    70.143040792593));
#5051 = CARTESIAN_POINT('',(18.523501000024,-27.30055422403,
    77.496774660351));
#5052 = CARTESIAN_POINT('',(6.223500999956,-35.88459163104,
    62.96669325402));
#5053 = CARTESIAN_POINT('',(18.523500999985,-28.50965485391,
    73.665334872982));
#5054 = CARTESIAN_POINT('',(6.223501000022,-34.60926828941,
    56.053459658592));
#5055 = CARTESIAN_POINT('',(18.523501000007,-27.8287618833,
    69.974371173615));
#5056 = CARTESIAN_POINT('',(6.223500999992,-30.65365718696,
    50.934277462177));
#5057 = CARTESIAN_POINT('',(18.523500999997,-25.71686782016,
    67.241248475585));
#5058 = CARTESIAN_POINT('',(6.223501000002,-25.35782761604,
    48.374687999994));
#5059 = CARTESIAN_POINT('',(18.523501000001,-22.88943338822,
    65.874687999993));
#5060 = CARTESIAN_POINT('',(6.223501,-20.062,48.374688));
#5061 = CARTESIAN_POINT('',(18.523501,-20.062,65.874688));
#5062 = ADVANCED_FACE('',(#5063),#5099,.F.);
#5063 = FACE_BOUND('',#5064,.F.);
#5064 = EDGE_LOOP('',(#5065,#5066,#5085,#5093));
#5065 = ORIENTED_EDGE('',*,*,#1840,.F.);
#5066 = ORIENTED_EDGE('',*,*,#5067,.T.);
#5067 = EDGE_CURVE('',#1841,#5068,#5070,.T.);
#5068 = VERTEX_POINT('',#5069);
#5069 = CARTESIAN_POINT('',(17.823501,-15.87303367524,66.374688));
#5070 = B_SPLINE_CURVE_WITH_KNOTS('',7,(#5071,#5072,#5073,#5074,#5075,
    #5076,#5077,#5078,#5079,#5080,#5081,#5082,#5083,#5084),
  .UNSPECIFIED.,.F.,.F.,(8,6,8),(0.,0.80990869281,1.),.UNSPECIFIED.);
#5071 = CARTESIAN_POINT('',(17.823501,-13.45659758944,71.174688));
#5072 = CARTESIAN_POINT('',(17.823501,-13.48729421177,70.53520295701));
#5073 = CARTESIAN_POINT('',(17.823501,-13.59023292187,69.898921315361));
#5074 = CARTESIAN_POINT('',(17.823501,-13.76502070508,69.276117992359));
#5075 = CARTESIAN_POINT('',(17.823501,-14.00934299995,68.676380867212));
#5076 = CARTESIAN_POINT('',(17.823501,-14.31952350189,68.108734155688));
#5077 = CARTESIAN_POINT('',(17.823501,-14.69051793963,67.581653682872));
#5078 = CARTESIAN_POINT('',(17.823501,-15.21515670519,66.990365158501));
#5079 = CARTESIAN_POINT('',(17.823501,-15.3178657655,66.880609995797));
#5080 = CARTESIAN_POINT('',(17.823501,-15.42347027575,66.773593517311));
#5081 = CARTESIAN_POINT('',(17.823501,-15.53188240059,66.669407126771));
#5082 = CARTESIAN_POINT('',(17.823501,-15.643010811,66.568138593229));
#5083 = CARTESIAN_POINT('',(17.823501,-15.75676068425,66.469872051069));
#5084 = CARTESIAN_POINT('',(17.823501,-15.87303370394,66.374688));
#5085 = ORIENTED_EDGE('',*,*,#5086,.F.);
#5086 = EDGE_CURVE('',#5087,#5068,#5089,.T.);
#5087 = VERTEX_POINT('',#5088);
#5088 = CARTESIAN_POINT('',(17.823501,-11.487358,66.374688));
#5089 = LINE('',#5090,#5091);
#5090 = CARTESIAN_POINT('',(17.823501,29.987358,66.374688));
#5091 = VECTOR('',#5092,1.);
#5092 = DIRECTION('',(0.,-1.,0.));
#5093 = ORIENTED_EDGE('',*,*,#5094,.T.);
#5094 = EDGE_CURVE('',#5087,#1833,#5095,.T.);
#5095 = LINE('',#5096,#5097);
#5096 = CARTESIAN_POINT('',(17.823501,-11.487358,65.874688));
#5097 = VECTOR('',#5098,1.);
#5098 = DIRECTION('',(0.,0.,1.));
#5099 = PLANE('',#5100);
#5100 = AXIS2_PLACEMENT_3D('',#5101,#5102,#5103);
#5101 = CARTESIAN_POINT('',(17.823501,21.987358,66.374688));
#5102 = DIRECTION('',(1.,0.,0.));
#5103 = DIRECTION('',(0.,-1.,0.));
#5104 = ADVANCED_FACE('',(#5105),#5157,.F.);
#5105 = FACE_BOUND('',#5106,.F.);
#5106 = EDGE_LOOP('',(#5107,#5149,#5150,#5151));
#5107 = ORIENTED_EDGE('',*,*,#5108,.T.);
#5108 = EDGE_CURVE('',#5109,#1796,#5111,.T.);
#5109 = VERTEX_POINT('',#5110);
#5110 = CARTESIAN_POINT('',(13.360768624294,-11.487358,66.374688));
#5111 = B_SPLINE_CURVE_WITH_KNOTS('',8,(#5112,#5113,#5114,#5115,#5116,
    #5117,#5118,#5119,#5120,#5121,#5122,#5123,#5124,#5125,#5126,#5127,
    #5128,#5129,#5130,#5131,#5132,#5133,#5134,#5135,#5136,#5137,#5138,
    #5139,#5140,#5141,#5142,#5143,#5144,#5145,#5146,#5147,#5148),
  .UNSPECIFIED.,.F.,.F.,(9,7,7,7,7,9),(0.,0.266070026716,0.456559032265,
    0.535910222509,0.656591748987,1.),.UNSPECIFIED.);
#5112 = CARTESIAN_POINT('',(13.360768623036,-11.487358,66.374688));
#5113 = CARTESIAN_POINT('',(13.389169321889,-11.487358,66.545642682085)
  );
#5114 = CARTESIAN_POINT('',(13.412586123952,-11.487358,66.717082275342)
  );
#5115 = CARTESIAN_POINT('',(13.430370704469,-11.487358,66.889274758573)
  );
#5116 = CARTESIAN_POINT('',(13.441617577831,-11.487358,67.06219887457));
#5117 = CARTESIAN_POINT('',(13.445134833172,-11.487358,67.235543649698)
  );
#5118 = CARTESIAN_POINT('',(13.439427911141,-11.487358,67.40871009095));
#5119 = CARTESIAN_POINT('',(13.422650083722,-11.487358,67.580812507415)
  );
#5120 = CARTESIAN_POINT('',(13.370868664394,-11.487358,67.872288871992)
  );
#5121 = CARTESIAN_POINT('',(13.342386409669,-11.487358,67.992810827294)
  );
#5122 = CARTESIAN_POINT('',(13.306215978524,-11.487358,68.11148292496));
#5123 = CARTESIAN_POINT('',(13.261556428332,-11.487358,68.227312799207)
  );
#5124 = CARTESIAN_POINT('',(13.207702472753,-11.487358,68.339121668837)
  );
#5125 = CARTESIAN_POINT('',(13.144216321312,-11.487358,68.445630425084)
  );
#5126 = CARTESIAN_POINT('',(13.071185315949,-11.487358,68.54558570099));
#5127 = CARTESIAN_POINT('',(12.955565290513,-11.487358,68.67639169334));
#5128 = CARTESIAN_POINT('',(12.920070430736,-11.487358,68.713540983748)
  );
#5129 = CARTESIAN_POINT('',(12.883143866569,-11.487358,68.749302401457)
  );
#5130 = CARTESIAN_POINT('',(12.844859592289,-11.487358,68.783624834946)
  );
#5131 = CARTESIAN_POINT('',(12.805300634834,-11.487358,68.816475269573)
  );
#5132 = CARTESIAN_POINT('',(12.764557173555,-11.487358,68.847836603897)
  );
#5133 = CARTESIAN_POINT('',(12.722724659949,-11.487358,68.877705465987)
  );
#5134 = CARTESIAN_POINT('',(12.61477485477,-11.487358,68.949258789687));
#5135 = CARTESIAN_POINT('',(12.547357352995,-11.487358,68.988994306621)
  );
#5136 = CARTESIAN_POINT('',(12.477969782309,-11.487358,69.025344257582)
  );
#5137 = CARTESIAN_POINT('',(12.406919997917,-11.487358,69.058425420705)
  );
#5138 = CARTESIAN_POINT('',(12.334489879899,-11.487358,69.088395409301)
  );
#5139 = CARTESIAN_POINT('',(12.260925320586,-11.487358,69.115431579709)
  );
#5140 = CARTESIAN_POINT('',(12.186429679383,-11.487358,69.139717112922)
  );
#5141 = CARTESIAN_POINT('',(11.896977245698,-11.487358,69.223232054159)
  );
#5142 = CARTESIAN_POINT('',(11.677260470403,-11.487358,69.264022556345)
  );
#5143 = CARTESIAN_POINT('',(11.454526540828,-11.487358,69.288579287186)
  );
#5144 = CARTESIAN_POINT('',(11.230578879518,-11.487358,69.300050518122)
  );
#5145 = CARTESIAN_POINT('',(11.006613461022,-11.487358,69.3009590507));
#5146 = CARTESIAN_POINT('',(10.783200090493,-11.487358,69.293141037928)
  );
#5147 = CARTESIAN_POINT('',(10.560317572498,-11.487358,69.277978009884)
  );
#5148 = CARTESIAN_POINT('',(10.337344,-11.487358,69.256389399023));
#5149 = ORIENTED_EDGE('',*,*,#1832,.F.);
#5150 = ORIENTED_EDGE('',*,*,#5094,.F.);
#5151 = ORIENTED_EDGE('',*,*,#5152,.T.);
#5152 = EDGE_CURVE('',#5087,#5109,#5153,.T.);
#5153 = LINE('',#5154,#5155);
#5154 = CARTESIAN_POINT('',(11.70888325,-11.487358,66.374688));
#5155 = VECTOR('',#5156,1.);
#5156 = DIRECTION('',(-1.,0.,0.));
#5157 = PLANE('',#5158);
#5158 = AXIS2_PLACEMENT_3D('',#5159,#5160,#5161);
#5159 = CARTESIAN_POINT('',(9.337344,-11.487358,65.374688));
#5160 = DIRECTION('',(0.,1.,0.));
#5161 = DIRECTION('',(0.,0.,1.));
#5162 = ADVANCED_FACE('',(#5163),#5167,.T.);
#5163 = FACE_BOUND('',#5164,.T.);
#5164 = EDGE_LOOP('',(#5165,#5166));
#5165 = ORIENTED_EDGE('',*,*,#4856,.F.);
#5166 = ORIENTED_EDGE('',*,*,#1746,.F.);
#5167 = ( BOUNDED_SURFACE() B_SPLINE_SURFACE(14,3,(
    (#5168,#5169,#5170,#5171)
    ,(#5172,#5173,#5174,#5175)
    ,(#5176,#5177,#5178,#5179)
    ,(#5180,#5181,#5182,#5183)
    ,(#5184,#5185,#5186,#5187)
    ,(#5188,#5189,#5190,#5191)
    ,(#5192,#5193,#5194,#5195)
    ,(#5196,#5197,#5198,#5199)
    ,(#5200,#5201,#5202,#5203)
    ,(#5204,#5205,#5206,#5207)
    ,(#5208,#5209,#5210,#5211)
    ,(#5212,#5213,#5214,#5215)
    ,(#5216,#5217,#5218,#5219)
    ,(#5220,#5221,#5222,#5223)
    ,(#5224,#5225,#5226,#5227
)),.UNSPECIFIED.,.T.,.F.,.F.) B_SPLINE_SURFACE_WITH_KNOTS((15,15),(4,4),
  (0.,1.),(0.,1.),.PIECEWISE_BEZIER_KNOTS.) 
GEOMETRIC_REPRESENTATION_ITEM() RATIONAL_B_SPLINE_SURFACE((
    (1.,1.,1.,1.)
    ,(1.,1.,1.,1.)
    ,(1.,1.,1.,1.)
    ,(1.,1.,1.,1.)
    ,(1.,1.,1.,1.)
    ,(1.,1.,1.,1.)
    ,(1.,1.,1.,1.)
    ,(1.,1.,1.,1.)
    ,(1.,1.,1.,1.)
    ,(1.,1.,1.,1.)
    ,(1.,1.,1.,1.)
    ,(1.,1.,1.,1.)
    ,(1.,1.,1.,1.)
    ,(1.,1.,1.,1.)
,(1.,1.,1.,1.))) REPRESENTATION_ITEM('') SURFACE() );
#5168 = CARTESIAN_POINT('',(4.223501,-20.062,48.423468487805));
#5169 = CARTESIAN_POINT('',(5.171853635256,-20.062,48.971565535886));
#5170 = CARTESIAN_POINT('',(5.170743185813,-20.062,47.53770654612));
#5171 = CARTESIAN_POINT('',(6.223501,-20.062,48.374688));
#5172 = CARTESIAN_POINT('',(4.223500999998,-15.66377028497,
    48.423468487803));
#5173 = CARTESIAN_POINT('',(5.171853635257,-15.494516965,48.971565535873
    ));
#5174 = CARTESIAN_POINT('',(5.170743185813,-14.85148876844,
    47.537706546123));
#5175 = CARTESIAN_POINT('',(6.223500999999,-14.76617238394,
    48.374687999997));
#5176 = CARTESIAN_POINT('',(4.22350100001,-11.26553894646,
    50.549229227569));
#5177 = CARTESIAN_POINT('',(5.17185363525,-10.92703224407,51.17913011178
    ));
#5178 = CARTESIAN_POINT('',(5.170743185812,-9.640975613517,
    50.056060731263));
#5179 = CARTESIAN_POINT('',(6.223501000002,-9.4703428131,50.934277462168
    ));
#5180 = CARTESIAN_POINT('',(4.223500999978,-7.980370403576,
    54.800753424627));
#5181 = CARTESIAN_POINT('',(5.171853635277,-7.515443364203,
    55.59426208539));
#5182 = CARTESIAN_POINT('',(5.170743185822,-5.749089855211,
    55.092772321096));
#5183 = CARTESIAN_POINT('',(6.223501,-5.514731710392,56.053459658612));
#5184 = CARTESIAN_POINT('',(4.223501000031,-6.921203560933,
    60.542252512289));
#5185 = CARTESIAN_POINT('',(5.171853635204,-6.415517508121,
    61.55670638213));
#5186 = CARTESIAN_POINT('',(5.170743185778,-4.494312117632,
    61.894632937718));
#5187 = CARTESIAN_POINT('',(6.22350099999,-4.239408369359,
    62.966693253991));
#5188 = CARTESIAN_POINT('',(4.223500999976,-8.802026762032,
    66.502269959668));
#5189 = CARTESIAN_POINT('',(5.171853635354,-8.368718822871,
    67.746078092982));
#5190 = CARTESIAN_POINT('',(5.170743185895,-6.722492783858,
    68.955368702628));
#5191 = CARTESIAN_POINT('',(6.223501000032,-6.504073039883,
    70.143040792623));
#5192 = CARTESIAN_POINT('',(4.223500999996,-13.53632459652,
    71.052077164197));
#5193 = CARTESIAN_POINT('',(5.171853635111,-13.28520260021,
    72.470971645613));
#5194 = CARTESIAN_POINT('',(5.170743185668,-12.33113845143,
    74.345451321096));
#5195 = CARTESIAN_POINT('',(6.223500999938,-12.20455410617,
    75.621380079767));
#5196 = CARTESIAN_POINT('',(4.22350100004,-20.06199999971,72.76498878771
    ));
#5197 = CARTESIAN_POINT('',(5.171853635425,-20.06199999951,
    74.249799783924));
#5198 = CARTESIAN_POINT('',(5.170743186007,-20.06200000024,
    76.37470987125));
#5199 = CARTESIAN_POINT('',(6.223501000084,-20.0619999995,
    77.683865503946));
#5200 = CARTESIAN_POINT('',(4.223500999935,-26.58767540398,
    71.052077164229));
#5201 = CARTESIAN_POINT('',(5.171853635097,-26.83879740065,
    72.470971645588));
#5202 = CARTESIAN_POINT('',(5.170743185605,-27.79286154812,
    74.345451321181));
#5203 = CARTESIAN_POINT('',(6.223500999913,-27.91944589473,
    75.621380079786));
#5204 = CARTESIAN_POINT('',(4.223501000067,-31.32197323759,
    66.50226995962));
#5205 = CARTESIAN_POINT('',(5.171853635375,-31.75528117649,
    67.746078093016));
#5206 = CARTESIAN_POINT('',(5.170743185991,-33.40150721646,
    68.955368702503));
#5207 = CARTESIAN_POINT('',(6.22350100007,-33.61992695944,
    70.143040792593));
#5208 = CARTESIAN_POINT('',(4.22350099995,-33.20279643928,
    60.542252512333));
#5209 = CARTESIAN_POINT('',(5.171853635184,-33.70848249224,
    61.556706382104));
#5210 = CARTESIAN_POINT('',(5.170743185692,-35.62968788218,
    61.894632937827));
#5211 = CARTESIAN_POINT('',(6.223500999956,-35.88459163104,
    62.96669325402));
#5212 = CARTESIAN_POINT('',(4.223501000028,-32.14362959632,54.8007534246
    ));
#5213 = CARTESIAN_POINT('',(5.171853635291,-32.60855663563,
    55.594262085404));
#5214 = CARTESIAN_POINT('',(5.170743185875,-34.37491014487,
    55.09277232103));
#5215 = CARTESIAN_POINT('',(6.223501000022,-34.60926828941,
    56.053459658592));
#5216 = CARTESIAN_POINT('',(4.223500999989,-28.85846105357,
    50.54922922758));
#5217 = CARTESIAN_POINT('',(5.171853635243,-29.19696775598,
    51.179130111774));
#5218 = CARTESIAN_POINT('',(5.170743185789,-30.48302438645,
    50.056060731291));
#5219 = CARTESIAN_POINT('',(6.223500999992,-30.65365718696,
    50.934277462177));
#5220 = CARTESIAN_POINT('',(4.223501000002,-24.46022971502,48.4234684878
    ));
#5221 = CARTESIAN_POINT('',(5.171853635258,-24.62948303498,
    48.971565535875));
#5222 = CARTESIAN_POINT('',(5.170743185818,-25.27251123156,
    47.537706546116));
#5223 = CARTESIAN_POINT('',(6.223501000002,-25.35782761604,
    48.374687999994));
#5224 = CARTESIAN_POINT('',(4.223501,-20.062,48.423468487805));
#5225 = CARTESIAN_POINT('',(5.171853635256,-20.062,48.971565535886));
#5226 = CARTESIAN_POINT('',(5.170743185813,-20.062,47.53770654612));
#5227 = CARTESIAN_POINT('',(6.223501,-20.062,48.374688));
#5228 = ADVANCED_FACE('',(#5229),#5247,.F.);
#5229 = FACE_BOUND('',#5230,.F.);
#5230 = EDGE_LOOP('',(#5231,#5239,#5245,#5246));
#5231 = ORIENTED_EDGE('',*,*,#5232,.F.);
#5232 = EDGE_CURVE('',#5233,#4813,#5235,.T.);
#5233 = VERTEX_POINT('',#5234);
#5234 = CARTESIAN_POINT('',(20.237344,-25.487358,69.274688));
#5235 = LINE('',#5236,#5237);
#5236 = CARTESIAN_POINT('',(20.237344,-25.487358,69.274688));
#5237 = VECTOR('',#5238,1.);
#5238 = DIRECTION('',(0.,1.,0.));
#5239 = ORIENTED_EDGE('',*,*,#5240,.T.);
#5240 = EDGE_CURVE('',#5233,#1685,#5241,.T.);
#5241 = LINE('',#5242,#5243);
#5242 = CARTESIAN_POINT('',(20.237344,-25.487358,69.274688));
#5243 = VECTOR('',#5244,1.);
#5244 = DIRECTION('',(2.22044604925E-16,0.,-1.));
#5245 = ORIENTED_EDGE('',*,*,#1692,.T.);
#5246 = ORIENTED_EDGE('',*,*,#4812,.F.);
#5247 = PLANE('',#5248);
#5248 = AXIS2_PLACEMENT_3D('',#5249,#5250,#5251);
#5249 = CARTESIAN_POINT('',(20.237344,-25.487358,69.274688));
#5250 = DIRECTION('',(1.,0.,2.22044604925E-16));
#5251 = DIRECTION('',(2.22044604925E-16,0.,-1.));
#5252 = ADVANCED_FACE('',(#5253),#5271,.F.);
#5253 = FACE_BOUND('',#5254,.F.);
#5254 = EDGE_LOOP('',(#5255,#5256,#5257,#5265));
#5255 = ORIENTED_EDGE('',*,*,#1684,.T.);
#5256 = ORIENTED_EDGE('',*,*,#5240,.F.);
#5257 = ORIENTED_EDGE('',*,*,#5258,.T.);
#5258 = EDGE_CURVE('',#5233,#5259,#5261,.T.);
#5259 = VERTEX_POINT('',#5260);
#5260 = CARTESIAN_POINT('',(22.237344,-25.487358,69.274688));
#5261 = LINE('',#5262,#5263);
#5262 = CARTESIAN_POINT('',(20.237344,-25.487358,69.274688));
#5263 = VECTOR('',#5264,1.);
#5264 = DIRECTION('',(1.,0.,2.22044604925E-16));
#5265 = ORIENTED_EDGE('',*,*,#5266,.T.);
#5266 = EDGE_CURVE('',#5259,#1677,#5267,.T.);
#5267 = LINE('',#5268,#5269);
#5268 = CARTESIAN_POINT('',(22.237344,-25.487358,69.274688));
#5269 = VECTOR('',#5270,1.);
#5270 = DIRECTION('',(2.22044604925E-16,0.,-1.));
#5271 = PLANE('',#5272);
#5272 = AXIS2_PLACEMENT_3D('',#5273,#5274,#5275);
#5273 = CARTESIAN_POINT('',(20.237344,-25.487358,69.274688));
#5274 = DIRECTION('',(0.,1.,0.));
#5275 = DIRECTION('',(1.,0.,2.22044604925E-16));
#5276 = ADVANCED_FACE('',(#5277),#5295,.F.);
#5277 = FACE_BOUND('',#5278,.F.);
#5278 = EDGE_LOOP('',(#5279,#5280,#5288,#5294));
#5279 = ORIENTED_EDGE('',*,*,#5266,.F.);
#5280 = ORIENTED_EDGE('',*,*,#5281,.T.);
#5281 = EDGE_CURVE('',#5259,#5282,#5284,.T.);
#5282 = VERTEX_POINT('',#5283);
#5283 = CARTESIAN_POINT('',(24.823501,-25.487358,69.274688));
#5284 = LINE('',#5285,#5286);
#5285 = CARTESIAN_POINT('',(20.237344,-25.487358,69.274688));
#5286 = VECTOR('',#5287,1.);
#5287 = DIRECTION('',(1.,0.,2.22044604925E-16));
#5288 = ORIENTED_EDGE('',*,*,#5289,.T.);
#5289 = EDGE_CURVE('',#5282,#938,#5290,.T.);
#5290 = LINE('',#5291,#5292);
#5291 = CARTESIAN_POINT('',(24.823501,-25.487358,69.274688));
#5292 = VECTOR('',#5293,1.);
#5293 = DIRECTION('',(2.22044604925E-16,0.,-1.));
#5294 = ORIENTED_EDGE('',*,*,#1676,.T.);
#5295 = PLANE('',#5296);
#5296 = AXIS2_PLACEMENT_3D('',#5297,#5298,#5299);
#5297 = CARTESIAN_POINT('',(20.237344,-25.487358,69.274688));
#5298 = DIRECTION('',(0.,1.,0.));
#5299 = DIRECTION('',(1.,0.,2.22044604925E-16));
#5300 = ADVANCED_FACE('',(#5301),#5313,.T.);
#5301 = FACE_BOUND('',#5302,.T.);
#5302 = EDGE_LOOP('',(#5303,#5304,#5311,#5312));
#5303 = ORIENTED_EDGE('',*,*,#1668,.F.);
#5304 = ORIENTED_EDGE('',*,*,#5305,.T.);
#5305 = EDGE_CURVE('',#1661,#3716,#5306,.T.);
#5306 = CIRCLE('',#5307,2.5);
#5307 = AXIS2_PLACEMENT_3D('',#5308,#5309,#5310);
#5308 = CARTESIAN_POINT('',(2.037344,30.287358,66.674688));
#5309 = DIRECTION('',(0.,-1.,0.));
#5310 = DIRECTION('',(1.,0.,4.662936703426E-16));
#5311 = ORIENTED_EDGE('',*,*,#3740,.T.);
#5312 = ORIENTED_EDGE('',*,*,#4232,.F.);
#5313 = CYLINDRICAL_SURFACE('',#5314,2.5);
#5314 = AXIS2_PLACEMENT_3D('',#5315,#5316,#5317);
#5315 = CARTESIAN_POINT('',(2.037344,30.287358,66.674688));
#5316 = DIRECTION('',(0.,-1.,0.));
#5317 = DIRECTION('',(1.,0.,4.662936703426E-16));
#5318 = ADVANCED_FACE('',(#5319),#5344,.F.);
#5319 = FACE_BOUND('',#5320,.F.);
#5320 = EDGE_LOOP('',(#5321,#5331,#5337,#5338));
#5321 = ORIENTED_EDGE('',*,*,#5322,.F.);
#5322 = EDGE_CURVE('',#5323,#5325,#5327,.T.);
#5323 = VERTEX_POINT('',#5324);
#5324 = CARTESIAN_POINT('',(10.337344,-8.487358,66.374688));
#5325 = VERTEX_POINT('',#5326);
#5326 = CARTESIAN_POINT('',(10.337344,-2.487358,66.374688));
#5327 = LINE('',#5328,#5329);
#5328 = CARTESIAN_POINT('',(10.337344,-29.487358,66.374688));
#5329 = VECTOR('',#5330,1.);
#5330 = DIRECTION('',(0.,1.,0.));
#5331 = ORIENTED_EDGE('',*,*,#5332,.F.);
#5332 = EDGE_CURVE('',#2101,#5323,#5333,.T.);
#5333 = LINE('',#5334,#5335);
#5334 = CARTESIAN_POINT('',(10.337344,-8.487358,65.874688));
#5335 = VECTOR('',#5336,1.);
#5336 = DIRECTION('',(0.,0.,-1.));
#5337 = ORIENTED_EDGE('',*,*,#2098,.F.);
#5338 = ORIENTED_EDGE('',*,*,#5339,.T.);
#5339 = EDGE_CURVE('',#2099,#5325,#5340,.T.);
#5340 = LINE('',#5341,#5342);
#5341 = CARTESIAN_POINT('',(10.337344,-2.487358,65.874688));
#5342 = VECTOR('',#5343,1.);
#5343 = DIRECTION('',(0.,0.,-1.));
#5344 = PLANE('',#5345);
#5345 = AXIS2_PLACEMENT_3D('',#5346,#5347,#5348);
#5346 = CARTESIAN_POINT('',(10.337344,-21.487358,66.374688));
#5347 = DIRECTION('',(-1.,0.,0.));
#5348 = DIRECTION('',(0.,1.,0.));
#5349 = ADVANCED_FACE('',(#5350),#5368,.T.);
#5350 = FACE_BOUND('',#5351,.T.);
#5351 = EDGE_LOOP('',(#5352,#5353,#5354,#5362));
#5352 = ORIENTED_EDGE('',*,*,#5332,.F.);
#5353 = ORIENTED_EDGE('',*,*,#2124,.F.);
#5354 = ORIENTED_EDGE('',*,*,#5355,.F.);
#5355 = EDGE_CURVE('',#5356,#2117,#5358,.T.);
#5356 = VERTEX_POINT('',#5357);
#5357 = CARTESIAN_POINT('',(17.823501,-8.487358,66.374688));
#5358 = LINE('',#5359,#5360);
#5359 = CARTESIAN_POINT('',(17.823501,-8.487358,65.874688));
#5360 = VECTOR('',#5361,1.);
#5361 = DIRECTION('',(0.,0.,1.));
#5362 = ORIENTED_EDGE('',*,*,#5363,.T.);
#5363 = EDGE_CURVE('',#5356,#5323,#5364,.T.);
#5364 = LINE('',#5365,#5366);
#5365 = CARTESIAN_POINT('',(11.70888325,-8.487358,66.374688));
#5366 = VECTOR('',#5367,1.);
#5367 = DIRECTION('',(-1.,0.,0.));
#5368 = PLANE('',#5369);
#5369 = AXIS2_PLACEMENT_3D('',#5370,#5371,#5372);
#5370 = CARTESIAN_POINT('',(9.337344,-8.487358,65.374688));
#5371 = DIRECTION('',(0.,1.,0.));
#5372 = DIRECTION('',(0.,0.,1.));
#5373 = ADVANCED_FACE('',(#5374),#5392,.F.);
#5374 = FACE_BOUND('',#5375,.F.);
#5375 = EDGE_LOOP('',(#5376,#5384,#5390,#5391));
#5376 = ORIENTED_EDGE('',*,*,#5377,.F.);
#5377 = EDGE_CURVE('',#5378,#5356,#5380,.T.);
#5378 = VERTEX_POINT('',#5379);
#5379 = CARTESIAN_POINT('',(17.823501,-2.487358,66.374688));
#5380 = LINE('',#5381,#5382);
#5381 = CARTESIAN_POINT('',(17.823501,29.987358,66.374688));
#5382 = VECTOR('',#5383,1.);
#5383 = DIRECTION('',(0.,-1.,0.));
#5384 = ORIENTED_EDGE('',*,*,#5385,.T.);
#5385 = EDGE_CURVE('',#5378,#2109,#5386,.T.);
#5386 = LINE('',#5387,#5388);
#5387 = CARTESIAN_POINT('',(17.823501,-2.487358,65.874688));
#5388 = VECTOR('',#5389,1.);
#5389 = DIRECTION('',(0.,0.,1.));
#5390 = ORIENTED_EDGE('',*,*,#2116,.F.);
#5391 = ORIENTED_EDGE('',*,*,#5355,.F.);
#5392 = PLANE('',#5393);
#5393 = AXIS2_PLACEMENT_3D('',#5394,#5395,#5396);
#5394 = CARTESIAN_POINT('',(17.823501,21.987358,66.374688));
#5395 = DIRECTION('',(1.,0.,0.));
#5396 = DIRECTION('',(0.,-1.,0.));
#5397 = ADVANCED_FACE('',(#5398),#5409,.F.);
#5398 = FACE_BOUND('',#5399,.F.);
#5399 = EDGE_LOOP('',(#5400,#5401,#5402,#5403));
#5400 = ORIENTED_EDGE('',*,*,#5339,.F.);
#5401 = ORIENTED_EDGE('',*,*,#2108,.F.);
#5402 = ORIENTED_EDGE('',*,*,#5385,.F.);
#5403 = ORIENTED_EDGE('',*,*,#5404,.T.);
#5404 = EDGE_CURVE('',#5378,#5325,#5405,.T.);
#5405 = LINE('',#5406,#5407);
#5406 = CARTESIAN_POINT('',(11.70888325,-2.487358,66.374688));
#5407 = VECTOR('',#5408,1.);
#5408 = DIRECTION('',(-1.,0.,0.));
#5409 = PLANE('',#5410);
#5410 = AXIS2_PLACEMENT_3D('',#5411,#5412,#5413);
#5411 = CARTESIAN_POINT('',(9.337344,-2.487358,65.374688));
#5412 = DIRECTION('',(0.,1.,0.));
#5413 = DIRECTION('',(0.,0.,1.));
#5414 = ADVANCED_FACE('',(#5415),#5440,.F.);
#5415 = FACE_BOUND('',#5416,.F.);
#5416 = EDGE_LOOP('',(#5417,#5427,#5433,#5434));
#5417 = ORIENTED_EDGE('',*,*,#5418,.F.);
#5418 = EDGE_CURVE('',#5419,#5421,#5423,.T.);
#5419 = VERTEX_POINT('',#5420);
#5420 = CARTESIAN_POINT('',(10.337344,0.512642,66.374688));
#5421 = VERTEX_POINT('',#5422);
#5422 = CARTESIAN_POINT('',(10.337344,6.512642,66.374688));
#5423 = LINE('',#5424,#5425);
#5424 = CARTESIAN_POINT('',(10.337344,-29.487358,66.374688));
#5425 = VECTOR('',#5426,1.);
#5426 = DIRECTION('',(0.,1.,0.));
#5427 = ORIENTED_EDGE('',*,*,#5428,.F.);
#5428 = EDGE_CURVE('',#2135,#5419,#5429,.T.);
#5429 = LINE('',#5430,#5431);
#5430 = CARTESIAN_POINT('',(10.337344,0.512642,65.874688));
#5431 = VECTOR('',#5432,1.);
#5432 = DIRECTION('',(0.,0.,-1.));
#5433 = ORIENTED_EDGE('',*,*,#2132,.F.);
#5434 = ORIENTED_EDGE('',*,*,#5435,.T.);
#5435 = EDGE_CURVE('',#2133,#5421,#5436,.T.);
#5436 = LINE('',#5437,#5438);
#5437 = CARTESIAN_POINT('',(10.337344,6.512642,65.874688));
#5438 = VECTOR('',#5439,1.);
#5439 = DIRECTION('',(0.,0.,-1.));
#5440 = PLANE('',#5441);
#5441 = AXIS2_PLACEMENT_3D('',#5442,#5443,#5444);
#5442 = CARTESIAN_POINT('',(10.337344,-21.487358,66.374688));
#5443 = DIRECTION('',(-1.,0.,0.));
#5444 = DIRECTION('',(0.,1.,0.));
#5445 = ADVANCED_FACE('',(#5446),#5464,.T.);
#5446 = FACE_BOUND('',#5447,.T.);
#5447 = EDGE_LOOP('',(#5448,#5449,#5450,#5458));
#5448 = ORIENTED_EDGE('',*,*,#5428,.F.);
#5449 = ORIENTED_EDGE('',*,*,#2158,.F.);
#5450 = ORIENTED_EDGE('',*,*,#5451,.F.);
#5451 = EDGE_CURVE('',#5452,#2151,#5454,.T.);
#5452 = VERTEX_POINT('',#5453);
#5453 = CARTESIAN_POINT('',(17.823501,0.512642,66.374688));
#5454 = LINE('',#5455,#5456);
#5455 = CARTESIAN_POINT('',(17.823501,0.512642,65.874688));
#5456 = VECTOR('',#5457,1.);
#5457 = DIRECTION('',(0.,0.,1.));
#5458 = ORIENTED_EDGE('',*,*,#5459,.T.);
#5459 = EDGE_CURVE('',#5452,#5419,#5460,.T.);
#5460 = LINE('',#5461,#5462);
#5461 = CARTESIAN_POINT('',(11.70888325,0.512642,66.374688));
#5462 = VECTOR('',#5463,1.);
#5463 = DIRECTION('',(-1.,0.,0.));
#5464 = PLANE('',#5465);
#5465 = AXIS2_PLACEMENT_3D('',#5466,#5467,#5468);
#5466 = CARTESIAN_POINT('',(9.337344,0.512642,65.374688));
#5467 = DIRECTION('',(0.,1.,0.));
#5468 = DIRECTION('',(0.,0.,1.));
#5469 = ADVANCED_FACE('',(#5470),#5488,.F.);
#5470 = FACE_BOUND('',#5471,.F.);
#5471 = EDGE_LOOP('',(#5472,#5480,#5486,#5487));
#5472 = ORIENTED_EDGE('',*,*,#5473,.F.);
#5473 = EDGE_CURVE('',#5474,#5452,#5476,.T.);
#5474 = VERTEX_POINT('',#5475);
#5475 = CARTESIAN_POINT('',(17.823501,6.512642,66.374688));
#5476 = LINE('',#5477,#5478);
#5477 = CARTESIAN_POINT('',(17.823501,29.987358,66.374688));
#5478 = VECTOR('',#5479,1.);
#5479 = DIRECTION('',(0.,-1.,0.));
#5480 = ORIENTED_EDGE('',*,*,#5481,.T.);
#5481 = EDGE_CURVE('',#5474,#2143,#5482,.T.);
#5482 = LINE('',#5483,#5484);
#5483 = CARTESIAN_POINT('',(17.823501,6.512642,65.874688));
#5484 = VECTOR('',#5485,1.);
#5485 = DIRECTION('',(0.,0.,1.));
#5486 = ORIENTED_EDGE('',*,*,#2150,.F.);
#5487 = ORIENTED_EDGE('',*,*,#5451,.F.);
#5488 = PLANE('',#5489);
#5489 = AXIS2_PLACEMENT_3D('',#5490,#5491,#5492);
#5490 = CARTESIAN_POINT('',(17.823501,21.987358,66.374688));
#5491 = DIRECTION('',(1.,0.,0.));
#5492 = DIRECTION('',(0.,-1.,0.));
#5493 = ADVANCED_FACE('',(#5494),#5505,.F.);
#5494 = FACE_BOUND('',#5495,.F.);
#5495 = EDGE_LOOP('',(#5496,#5497,#5498,#5499));
#5496 = ORIENTED_EDGE('',*,*,#5435,.F.);
#5497 = ORIENTED_EDGE('',*,*,#2142,.F.);
#5498 = ORIENTED_EDGE('',*,*,#5481,.F.);
#5499 = ORIENTED_EDGE('',*,*,#5500,.T.);
#5500 = EDGE_CURVE('',#5474,#5421,#5501,.T.);
#5501 = LINE('',#5502,#5503);
#5502 = CARTESIAN_POINT('',(11.70888325,6.512642,66.374688));
#5503 = VECTOR('',#5504,1.);
#5504 = DIRECTION('',(-1.,0.,0.));
#5505 = PLANE('',#5506);
#5506 = AXIS2_PLACEMENT_3D('',#5507,#5508,#5509);
#5507 = CARTESIAN_POINT('',(9.337344,6.512642,65.374688));
#5508 = DIRECTION('',(0.,1.,0.));
#5509 = DIRECTION('',(0.,0.,1.));
#5510 = ADVANCED_FACE('',(#5511),#5530,.T.);
#5511 = FACE_BOUND('',#5512,.T.);
#5512 = EDGE_LOOP('',(#5513,#5521,#5522,#5523));
#5513 = ORIENTED_EDGE('',*,*,#5514,.F.);
#5514 = EDGE_CURVE('',#5282,#5515,#5517,.T.);
#5515 = VERTEX_POINT('',#5516);
#5516 = CARTESIAN_POINT('',(24.823501,-23.50293010681,69.274688));
#5517 = LINE('',#5518,#5519);
#5518 = CARTESIAN_POINT('',(24.823501,-25.487358,69.274688));
#5519 = VECTOR('',#5520,1.);
#5520 = DIRECTION('',(0.,1.,0.));
#5521 = ORIENTED_EDGE('',*,*,#5289,.T.);
#5522 = ORIENTED_EDGE('',*,*,#2172,.T.);
#5523 = ORIENTED_EDGE('',*,*,#5524,.F.);
#5524 = EDGE_CURVE('',#5515,#2173,#5525,.T.);
#5525 = CIRCLE('',#5526,4.5);
#5526 = AXIS2_PLACEMENT_3D('',#5527,#5528,#5529);
#5527 = CARTESIAN_POINT('',(24.823501,-20.062,72.174688));
#5528 = DIRECTION('',(1.,-0.,2.22044604925E-16));
#5529 = DIRECTION('',(2.22044604925E-16,0.,-1.));
#5530 = PLANE('',#5531);
#5531 = AXIS2_PLACEMENT_3D('',#5532,#5533,#5534);
#5532 = CARTESIAN_POINT('',(24.823501,-25.487358,69.274688));
#5533 = DIRECTION('',(1.,0.,2.22044604925E-16));
#5534 = DIRECTION('',(2.22044604925E-16,0.,-1.));
#5535 = ADVANCED_FACE('',(#5536),#5546,.T.);
#5536 = FACE_BOUND('',#5537,.T.);
#5537 = EDGE_LOOP('',(#5538,#5544,#5545));
#5538 = ORIENTED_EDGE('',*,*,#5539,.F.);
#5539 = EDGE_CURVE('',#2173,#2196,#5540,.T.);
#5540 = LINE('',#5541,#5542);
#5541 = CARTESIAN_POINT('',(24.823501,-249.875,69.174688));
#5542 = VECTOR('',#5543,1.);
#5543 = DIRECTION('',(0.,1.,0.));
#5544 = ORIENTED_EDGE('',*,*,#2212,.T.);
#5545 = ORIENTED_EDGE('',*,*,#2203,.T.);
#5546 = PLANE('',#5547);
#5547 = AXIS2_PLACEMENT_3D('',#5548,#5549,#5550);
#5548 = CARTESIAN_POINT('',(24.823501,-500.,541.737344));
#5549 = DIRECTION('',(1.,0.,2.22044604925E-16));
#5550 = DIRECTION('',(2.22044604925E-16,0.,-1.));
#5551 = ADVANCED_FACE('',(#5552),#5571,.T.);
#5552 = FACE_BOUND('',#5553,.T.);
#5553 = EDGE_LOOP('',(#5554,#5562,#5569,#5570));
#5554 = ORIENTED_EDGE('',*,*,#5555,.F.);
#5555 = EDGE_CURVE('',#5556,#4732,#5558,.T.);
#5556 = VERTEX_POINT('',#5557);
#5557 = CARTESIAN_POINT('',(24.823501,-16.62106989318,69.274688));
#5558 = LINE('',#5559,#5560);
#5559 = CARTESIAN_POINT('',(24.823501,-25.487358,69.274688));
#5560 = VECTOR('',#5561,1.);
#5561 = DIRECTION('',(0.,1.,0.));
#5562 = ORIENTED_EDGE('',*,*,#5563,.F.);
#5563 = EDGE_CURVE('',#2196,#5556,#5564,.T.);
#5564 = CIRCLE('',#5565,4.5);
#5565 = AXIS2_PLACEMENT_3D('',#5566,#5567,#5568);
#5566 = CARTESIAN_POINT('',(24.823501,-20.062,72.174688));
#5567 = DIRECTION('',(1.,-0.,2.22044604925E-16));
#5568 = DIRECTION('',(2.22044604925E-16,0.,-1.));
#5569 = ORIENTED_EDGE('',*,*,#2195,.T.);
#5570 = ORIENTED_EDGE('',*,*,#4739,.F.);
#5571 = PLANE('',#5572);
#5572 = AXIS2_PLACEMENT_3D('',#5573,#5574,#5575);
#5573 = CARTESIAN_POINT('',(24.823501,-25.487358,69.274688));
#5574 = DIRECTION('',(1.,0.,2.22044604925E-16));
#5575 = DIRECTION('',(2.22044604925E-16,0.,-1.));
#5576 = ADVANCED_FACE('',(#5577),#5602,.T.);
#5577 = FACE_BOUND('',#5578,.T.);
#5578 = EDGE_LOOP('',(#5579,#5580,#5588,#5596));
#5579 = ORIENTED_EDGE('',*,*,#2181,.F.);
#5580 = ORIENTED_EDGE('',*,*,#5581,.T.);
#5581 = EDGE_CURVE('',#930,#5582,#5584,.T.);
#5582 = VERTEX_POINT('',#5583);
#5583 = CARTESIAN_POINT('',(24.823501,-25.487358,64.274688));
#5584 = LINE('',#5585,#5586);
#5585 = CARTESIAN_POINT('',(24.823501,-25.487358,69.274688));
#5586 = VECTOR('',#5587,1.);
#5587 = DIRECTION('',(2.22044604925E-16,0.,-1.));
#5588 = ORIENTED_EDGE('',*,*,#5589,.T.);
#5589 = EDGE_CURVE('',#5582,#5590,#5592,.T.);
#5590 = VERTEX_POINT('',#5591);
#5591 = CARTESIAN_POINT('',(24.823501,-0.8,64.274688));
#5592 = LINE('',#5593,#5594);
#5593 = CARTESIAN_POINT('',(24.823501,-25.487358,64.274688));
#5594 = VECTOR('',#5595,1.);
#5595 = DIRECTION('',(0.,1.,0.));
#5596 = ORIENTED_EDGE('',*,*,#5597,.F.);
#5597 = EDGE_CURVE('',#2182,#5590,#5598,.T.);
#5598 = LINE('',#5599,#5600);
#5599 = CARTESIAN_POINT('',(24.823501,-0.8,69.274688));
#5600 = VECTOR('',#5601,1.);
#5601 = DIRECTION('',(2.22044604925E-16,0.,-1.));
#5602 = PLANE('',#5603);
#5603 = AXIS2_PLACEMENT_3D('',#5604,#5605,#5606);
#5604 = CARTESIAN_POINT('',(24.823501,-25.487358,69.274688));
#5605 = DIRECTION('',(1.,0.,2.22044604925E-16));
#5606 = DIRECTION('',(2.22044604925E-16,0.,-1.));
#5607 = ADVANCED_FACE('',(#5608),#5626,.F.);
#5608 = FACE_BOUND('',#5609,.F.);
#5609 = EDGE_LOOP('',(#5610,#5618,#5619,#5620));
#5610 = ORIENTED_EDGE('',*,*,#5611,.F.);
#5611 = EDGE_CURVE('',#2317,#5612,#5614,.T.);
#5612 = VERTEX_POINT('',#5613);
#5613 = CARTESIAN_POINT('',(22.237344,-25.487358,64.274688));
#5614 = LINE('',#5615,#5616);
#5615 = CARTESIAN_POINT('',(22.237344,-25.487358,69.274688));
#5616 = VECTOR('',#5617,1.);
#5617 = DIRECTION('',(2.22044604925E-16,0.,-1.));
#5618 = ORIENTED_EDGE('',*,*,#2324,.T.);
#5619 = ORIENTED_EDGE('',*,*,#5581,.T.);
#5620 = ORIENTED_EDGE('',*,*,#5621,.F.);
#5621 = EDGE_CURVE('',#5612,#5582,#5622,.T.);
#5622 = LINE('',#5623,#5624);
#5623 = CARTESIAN_POINT('',(20.237344,-25.487358,64.274688));
#5624 = VECTOR('',#5625,1.);
#5625 = DIRECTION('',(1.,0.,2.22044604925E-16));
#5626 = PLANE('',#5627);
#5627 = AXIS2_PLACEMENT_3D('',#5628,#5629,#5630);
#5628 = CARTESIAN_POINT('',(20.237344,-25.487358,69.274688));
#5629 = DIRECTION('',(0.,1.,0.));
#5630 = DIRECTION('',(1.,0.,2.22044604925E-16));
#5631 = ADVANCED_FACE('',(#5632),#5650,.F.);
#5632 = FACE_BOUND('',#5633,.F.);
#5633 = EDGE_LOOP('',(#5634,#5642,#5648,#5649));
#5634 = ORIENTED_EDGE('',*,*,#5635,.F.);
#5635 = EDGE_CURVE('',#5636,#5612,#5638,.T.);
#5636 = VERTEX_POINT('',#5637);
#5637 = CARTESIAN_POINT('',(20.237344,-25.487358,64.274688));
#5638 = LINE('',#5639,#5640);
#5639 = CARTESIAN_POINT('',(20.237344,-25.487358,64.274688));
#5640 = VECTOR('',#5641,1.);
#5641 = DIRECTION('',(1.,0.,2.22044604925E-16));
#5642 = ORIENTED_EDGE('',*,*,#5643,.F.);
#5643 = EDGE_CURVE('',#2309,#5636,#5644,.T.);
#5644 = LINE('',#5645,#5646);
#5645 = CARTESIAN_POINT('',(20.237344,-25.487358,69.274688));
#5646 = VECTOR('',#5647,1.);
#5647 = DIRECTION('',(2.22044604925E-16,0.,-1.));
#5648 = ORIENTED_EDGE('',*,*,#2316,.T.);
#5649 = ORIENTED_EDGE('',*,*,#5611,.T.);
#5650 = PLANE('',#5651);
#5651 = AXIS2_PLACEMENT_3D('',#5652,#5653,#5654);
#5652 = CARTESIAN_POINT('',(20.237344,-25.487358,69.274688));
#5653 = DIRECTION('',(0.,1.,0.));
#5654 = DIRECTION('',(1.,0.,2.22044604925E-16));
#5655 = ADVANCED_FACE('',(#5656),#5674,.F.);
#5656 = FACE_BOUND('',#5657,.F.);
#5657 = EDGE_LOOP('',(#5658,#5659,#5660,#5668));
#5658 = ORIENTED_EDGE('',*,*,#2308,.T.);
#5659 = ORIENTED_EDGE('',*,*,#5643,.T.);
#5660 = ORIENTED_EDGE('',*,*,#5661,.T.);
#5661 = EDGE_CURVE('',#5636,#5662,#5664,.T.);
#5662 = VERTEX_POINT('',#5663);
#5663 = CARTESIAN_POINT('',(20.237344,-0.8,64.274688));
#5664 = LINE('',#5665,#5666);
#5665 = CARTESIAN_POINT('',(20.237344,-25.487358,64.274688));
#5666 = VECTOR('',#5667,1.);
#5667 = DIRECTION('',(0.,1.,0.));
#5668 = ORIENTED_EDGE('',*,*,#5669,.F.);
#5669 = EDGE_CURVE('',#2301,#5662,#5670,.T.);
#5670 = LINE('',#5671,#5672);
#5671 = CARTESIAN_POINT('',(20.237344,-0.8,69.274688));
#5672 = VECTOR('',#5673,1.);
#5673 = DIRECTION('',(2.22044604925E-16,0.,-1.));
#5674 = PLANE('',#5675);
#5675 = AXIS2_PLACEMENT_3D('',#5676,#5677,#5678);
#5676 = CARTESIAN_POINT('',(20.237344,-25.487358,69.274688));
#5677 = DIRECTION('',(1.,0.,2.22044604925E-16));
#5678 = DIRECTION('',(2.22044604925E-16,0.,-1.));
#5679 = ADVANCED_FACE('',(#5680),#5698,.T.);
#5680 = FACE_BOUND('',#5681,.T.);
#5681 = EDGE_LOOP('',(#5682,#5690,#5691,#5692));
#5682 = ORIENTED_EDGE('',*,*,#5683,.F.);
#5683 = EDGE_CURVE('',#5662,#5684,#5686,.T.);
#5684 = VERTEX_POINT('',#5685);
#5685 = CARTESIAN_POINT('',(22.237344,-0.8,64.274688));
#5686 = LINE('',#5687,#5688);
#5687 = CARTESIAN_POINT('',(20.237344,-0.8,64.274688));
#5688 = VECTOR('',#5689,1.);
#5689 = DIRECTION('',(1.,0.,2.22044604925E-16));
#5690 = ORIENTED_EDGE('',*,*,#5669,.F.);
#5691 = ORIENTED_EDGE('',*,*,#2300,.T.);
#5692 = ORIENTED_EDGE('',*,*,#5693,.T.);
#5693 = EDGE_CURVE('',#2293,#5684,#5694,.T.);
#5694 = LINE('',#5695,#5696);
#5695 = CARTESIAN_POINT('',(22.237344,-0.8,69.274688));
#5696 = VECTOR('',#5697,1.);
#5697 = DIRECTION('',(2.22044604925E-16,0.,-1.));
#5698 = PLANE('',#5699);
#5699 = AXIS2_PLACEMENT_3D('',#5700,#5701,#5702);
#5700 = CARTESIAN_POINT('',(20.237344,-0.8,69.274688));
#5701 = DIRECTION('',(0.,1.,0.));
#5702 = DIRECTION('',(1.,0.,2.22044604925E-16));
#5703 = ADVANCED_FACE('',(#5704),#5715,.T.);
#5704 = FACE_BOUND('',#5705,.T.);
#5705 = EDGE_LOOP('',(#5706,#5707,#5708,#5709));
#5706 = ORIENTED_EDGE('',*,*,#5693,.F.);
#5707 = ORIENTED_EDGE('',*,*,#2292,.T.);
#5708 = ORIENTED_EDGE('',*,*,#5597,.T.);
#5709 = ORIENTED_EDGE('',*,*,#5710,.F.);
#5710 = EDGE_CURVE('',#5684,#5590,#5711,.T.);
#5711 = LINE('',#5712,#5713);
#5712 = CARTESIAN_POINT('',(20.237344,-0.8,64.274688));
#5713 = VECTOR('',#5714,1.);
#5714 = DIRECTION('',(1.,0.,2.22044604925E-16));
#5715 = PLANE('',#5716);
#5716 = AXIS2_PLACEMENT_3D('',#5717,#5718,#5719);
#5717 = CARTESIAN_POINT('',(20.237344,-0.8,69.274688));
#5718 = DIRECTION('',(0.,1.,0.));
#5719 = DIRECTION('',(1.,0.,2.22044604925E-16));
#5720 = ADVANCED_FACE('',(#5721),#5746,.F.);
#5721 = FACE_BOUND('',#5722,.F.);
#5722 = EDGE_LOOP('',(#5723,#5731,#5732,#5740));
#5723 = ORIENTED_EDGE('',*,*,#5724,.F.);
#5724 = EDGE_CURVE('',#2271,#5725,#5727,.T.);
#5725 = VERTEX_POINT('',#5726);
#5726 = CARTESIAN_POINT('',(22.237344,21.8,64.274688));
#5727 = LINE('',#5728,#5729);
#5728 = CARTESIAN_POINT('',(22.237344,21.8,69.274688));
#5729 = VECTOR('',#5730,1.);
#5730 = DIRECTION('',(2.22044604925E-16,0.,-1.));
#5731 = ORIENTED_EDGE('',*,*,#2278,.T.);
#5732 = ORIENTED_EDGE('',*,*,#5733,.T.);
#5733 = EDGE_CURVE('',#2279,#5734,#5736,.T.);
#5734 = VERTEX_POINT('',#5735);
#5735 = CARTESIAN_POINT('',(24.823501,21.8,64.274688));
#5736 = LINE('',#5737,#5738);
#5737 = CARTESIAN_POINT('',(24.823501,21.8,69.274688));
#5738 = VECTOR('',#5739,1.);
#5739 = DIRECTION('',(2.22044604925E-16,0.,-1.));
#5740 = ORIENTED_EDGE('',*,*,#5741,.F.);
#5741 = EDGE_CURVE('',#5725,#5734,#5742,.T.);
#5742 = LINE('',#5743,#5744);
#5743 = CARTESIAN_POINT('',(20.237344,21.8,64.274688));
#5744 = VECTOR('',#5745,1.);
#5745 = DIRECTION('',(1.,0.,2.22044604925E-16));
#5746 = PLANE('',#5747);
#5747 = AXIS2_PLACEMENT_3D('',#5748,#5749,#5750);
#5748 = CARTESIAN_POINT('',(20.237344,21.8,69.274688));
#5749 = DIRECTION('',(0.,1.,0.));
#5750 = DIRECTION('',(1.,0.,2.22044604925E-16));
#5751 = ADVANCED_FACE('',(#5752),#5770,.F.);
#5752 = FACE_BOUND('',#5753,.F.);
#5753 = EDGE_LOOP('',(#5754,#5762,#5768,#5769));
#5754 = ORIENTED_EDGE('',*,*,#5755,.F.);
#5755 = EDGE_CURVE('',#5756,#5725,#5758,.T.);
#5756 = VERTEX_POINT('',#5757);
#5757 = CARTESIAN_POINT('',(20.237344,21.8,64.274688));
#5758 = LINE('',#5759,#5760);
#5759 = CARTESIAN_POINT('',(20.237344,21.8,64.274688));
#5760 = VECTOR('',#5761,1.);
#5761 = DIRECTION('',(1.,0.,2.22044604925E-16));
#5762 = ORIENTED_EDGE('',*,*,#5763,.F.);
#5763 = EDGE_CURVE('',#2263,#5756,#5764,.T.);
#5764 = LINE('',#5765,#5766);
#5765 = CARTESIAN_POINT('',(20.237344,21.8,69.274688));
#5766 = VECTOR('',#5767,1.);
#5767 = DIRECTION('',(2.22044604925E-16,0.,-1.));
#5768 = ORIENTED_EDGE('',*,*,#2270,.T.);
#5769 = ORIENTED_EDGE('',*,*,#5724,.T.);
#5770 = PLANE('',#5771);
#5771 = AXIS2_PLACEMENT_3D('',#5772,#5773,#5774);
#5772 = CARTESIAN_POINT('',(20.237344,21.8,69.274688));
#5773 = DIRECTION('',(0.,1.,0.));
#5774 = DIRECTION('',(1.,0.,2.22044604925E-16));
#5775 = ADVANCED_FACE('',(#5776),#5794,.F.);
#5776 = FACE_BOUND('',#5777,.F.);
#5777 = EDGE_LOOP('',(#5778,#5779,#5780,#5788));
#5778 = ORIENTED_EDGE('',*,*,#2262,.T.);
#5779 = ORIENTED_EDGE('',*,*,#5763,.T.);
#5780 = ORIENTED_EDGE('',*,*,#5781,.T.);
#5781 = EDGE_CURVE('',#5756,#5782,#5784,.T.);
#5782 = VERTEX_POINT('',#5783);
#5783 = CARTESIAN_POINT('',(20.237344,25.487358,64.274688));
#5784 = LINE('',#5785,#5786);
#5785 = CARTESIAN_POINT('',(20.237344,21.8,64.274688));
#5786 = VECTOR('',#5787,1.);
#5787 = DIRECTION('',(0.,1.,0.));
#5788 = ORIENTED_EDGE('',*,*,#5789,.F.);
#5789 = EDGE_CURVE('',#2255,#5782,#5790,.T.);
#5790 = LINE('',#5791,#5792);
#5791 = CARTESIAN_POINT('',(20.237344,25.487358,69.274688));
#5792 = VECTOR('',#5793,1.);
#5793 = DIRECTION('',(2.22044604925E-16,0.,-1.));
#5794 = PLANE('',#5795);
#5795 = AXIS2_PLACEMENT_3D('',#5796,#5797,#5798);
#5796 = CARTESIAN_POINT('',(20.237344,21.8,69.274688));
#5797 = DIRECTION('',(1.,0.,2.22044604925E-16));
#5798 = DIRECTION('',(2.22044604925E-16,0.,-1.));
#5799 = ADVANCED_FACE('',(#5800),#5818,.T.);
#5800 = FACE_BOUND('',#5801,.T.);
#5801 = EDGE_LOOP('',(#5802,#5810,#5811,#5812));
#5802 = ORIENTED_EDGE('',*,*,#5803,.F.);
#5803 = EDGE_CURVE('',#5782,#5804,#5806,.T.);
#5804 = VERTEX_POINT('',#5805);
#5805 = CARTESIAN_POINT('',(22.237344,25.487358,64.274688));
#5806 = LINE('',#5807,#5808);
#5807 = CARTESIAN_POINT('',(20.237344,25.487358,64.274688));
#5808 = VECTOR('',#5809,1.);
#5809 = DIRECTION('',(1.,0.,2.22044604925E-16));
#5810 = ORIENTED_EDGE('',*,*,#5789,.F.);
#5811 = ORIENTED_EDGE('',*,*,#2254,.T.);
#5812 = ORIENTED_EDGE('',*,*,#5813,.T.);
#5813 = EDGE_CURVE('',#2247,#5804,#5814,.T.);
#5814 = LINE('',#5815,#5816);
#5815 = CARTESIAN_POINT('',(22.237344,25.487358,69.274688));
#5816 = VECTOR('',#5817,1.);
#5817 = DIRECTION('',(2.22044604925E-16,0.,-1.));
#5818 = PLANE('',#5819);
#5819 = AXIS2_PLACEMENT_3D('',#5820,#5821,#5822);
#5820 = CARTESIAN_POINT('',(20.237344,25.487358,69.274688));
#5821 = DIRECTION('',(0.,1.,0.));
#5822 = DIRECTION('',(1.,0.,2.22044604925E-16));
#5823 = ADVANCED_FACE('',(#5824),#5842,.T.);
#5824 = FACE_BOUND('',#5825,.T.);
#5825 = EDGE_LOOP('',(#5826,#5827,#5828,#5836));
#5826 = ORIENTED_EDGE('',*,*,#5813,.F.);
#5827 = ORIENTED_EDGE('',*,*,#2246,.T.);
#5828 = ORIENTED_EDGE('',*,*,#5829,.T.);
#5829 = EDGE_CURVE('',#646,#5830,#5832,.T.);
#5830 = VERTEX_POINT('',#5831);
#5831 = CARTESIAN_POINT('',(24.823501,25.487358,64.274688));
#5832 = LINE('',#5833,#5834);
#5833 = CARTESIAN_POINT('',(24.823501,25.487358,69.274688));
#5834 = VECTOR('',#5835,1.);
#5835 = DIRECTION('',(2.22044604925E-16,0.,-1.));
#5836 = ORIENTED_EDGE('',*,*,#5837,.F.);
#5837 = EDGE_CURVE('',#5804,#5830,#5838,.T.);
#5838 = LINE('',#5839,#5840);
#5839 = CARTESIAN_POINT('',(20.237344,25.487358,64.274688));
#5840 = VECTOR('',#5841,1.);
#5841 = DIRECTION('',(1.,0.,2.22044604925E-16));
#5842 = PLANE('',#5843);
#5843 = AXIS2_PLACEMENT_3D('',#5844,#5845,#5846);
#5844 = CARTESIAN_POINT('',(20.237344,25.487358,69.274688));
#5845 = DIRECTION('',(0.,1.,0.));
#5846 = DIRECTION('',(1.,0.,2.22044604925E-16));
#5847 = ADVANCED_FACE('',(#5848),#5859,.F.);
#5848 = FACE_BOUND('',#5849,.F.);
#5849 = EDGE_LOOP('',(#5850,#5856,#5857,#5858));
#5850 = ORIENTED_EDGE('',*,*,#5851,.F.);
#5851 = EDGE_CURVE('',#3186,#3346,#5852,.T.);
#5852 = LINE('',#5853,#5854);
#5853 = CARTESIAN_POINT('',(18.123501,-29.487358,66.374688));
#5854 = VECTOR('',#5855,1.);
#5855 = DIRECTION('',(0.,1.,0.));
#5856 = ORIENTED_EDGE('',*,*,#3185,.F.);
#5857 = ORIENTED_EDGE('',*,*,#2233,.T.);
#5858 = ORIENTED_EDGE('',*,*,#3353,.F.);
#5859 = PLANE('',#5860);
#5860 = AXIS2_PLACEMENT_3D('',#5861,#5862,#5863);
#5861 = CARTESIAN_POINT('',(14.0804225,0.25,66.374688));
#5862 = DIRECTION('',(0.,0.,1.));
#5863 = DIRECTION('',(1.,0.,0.));
#5864 = ADVANCED_FACE('',(#5865),#5890,.T.);
#5865 = FACE_BOUND('',#5866,.T.);
#5866 = EDGE_LOOP('',(#5867,#5868,#5876,#5884));
#5867 = ORIENTED_EDGE('',*,*,#2458,.T.);
#5868 = ORIENTED_EDGE('',*,*,#5869,.T.);
#5869 = EDGE_CURVE('',#2451,#5870,#5872,.T.);
#5870 = VERTEX_POINT('',#5871);
#5871 = CARTESIAN_POINT('',(22.237344,-28.787358,22.5));
#5872 = LINE('',#5873,#5874);
#5873 = CARTESIAN_POINT('',(22.237344,-32.387358,22.5));
#5874 = VECTOR('',#5875,1.);
#5875 = DIRECTION('',(0.,1.,0.));
#5876 = ORIENTED_EDGE('',*,*,#5877,.T.);
#5877 = EDGE_CURVE('',#5870,#5878,#5880,.T.);
#5878 = VERTEX_POINT('',#5879);
#5879 = CARTESIAN_POINT('',(24.823501,-28.787358,22.5));
#5880 = LINE('',#5881,#5882);
#5881 = CARTESIAN_POINT('',(20.237344,-28.787358,22.5));
#5882 = VECTOR('',#5883,1.);
#5883 = DIRECTION('',(1.,0.,2.22044604925E-16));
#5884 = ORIENTED_EDGE('',*,*,#5885,.F.);
#5885 = EDGE_CURVE('',#826,#5878,#5886,.T.);
#5886 = LINE('',#5887,#5888);
#5887 = CARTESIAN_POINT('',(24.823501,-32.387358,22.5));
#5888 = VECTOR('',#5889,1.);
#5889 = DIRECTION('',(0.,1.,0.));
#5890 = PLANE('',#5891);
#5891 = AXIS2_PLACEMENT_3D('',#5892,#5893,#5894);
#5892 = CARTESIAN_POINT('',(20.237344,-32.387358,22.5));
#5893 = DIRECTION('',(2.22044604925E-16,0.,-1.));
#5894 = DIRECTION('',(1.,0.,2.22044604925E-16));
#5895 = ADVANCED_FACE('',(#5896),#5914,.T.);
#5896 = FACE_BOUND('',#5897,.T.);
#5897 = EDGE_LOOP('',(#5898,#5899,#5907,#5913));
#5898 = ORIENTED_EDGE('',*,*,#2450,.T.);
#5899 = ORIENTED_EDGE('',*,*,#5900,.T.);
#5900 = EDGE_CURVE('',#2443,#5901,#5903,.T.);
#5901 = VERTEX_POINT('',#5902);
#5902 = CARTESIAN_POINT('',(20.237344,-28.787358,22.5));
#5903 = LINE('',#5904,#5905);
#5904 = CARTESIAN_POINT('',(20.237344,-32.387358,22.5));
#5905 = VECTOR('',#5906,1.);
#5906 = DIRECTION('',(0.,1.,0.));
#5907 = ORIENTED_EDGE('',*,*,#5908,.T.);
#5908 = EDGE_CURVE('',#5901,#5870,#5909,.T.);
#5909 = LINE('',#5910,#5911);
#5910 = CARTESIAN_POINT('',(20.237344,-28.787358,22.5));
#5911 = VECTOR('',#5912,1.);
#5912 = DIRECTION('',(1.,0.,2.22044604925E-16));
#5913 = ORIENTED_EDGE('',*,*,#5869,.F.);
#5914 = PLANE('',#5915);
#5915 = AXIS2_PLACEMENT_3D('',#5916,#5917,#5918);
#5916 = CARTESIAN_POINT('',(20.237344,-32.387358,22.5));
#5917 = DIRECTION('',(2.22044604925E-16,0.,-1.));
#5918 = DIRECTION('',(1.,0.,2.22044604925E-16));
#5919 = ADVANCED_FACE('',(#5920),#5938,.F.);
#5920 = FACE_BOUND('',#5921,.F.);
#5921 = EDGE_LOOP('',(#5922,#5930,#5936,#5937));
#5922 = ORIENTED_EDGE('',*,*,#5923,.F.);
#5923 = EDGE_CURVE('',#5924,#5901,#5926,.T.);
#5924 = VERTEX_POINT('',#5925);
#5925 = CARTESIAN_POINT('',(20.237344,-28.787358,27.935344));
#5926 = LINE('',#5927,#5928);
#5927 = CARTESIAN_POINT('',(20.237344,-28.787358,27.935344));
#5928 = VECTOR('',#5929,1.);
#5929 = DIRECTION('',(2.22044604925E-16,0.,-1.));
#5930 = ORIENTED_EDGE('',*,*,#5931,.F.);
#5931 = EDGE_CURVE('',#2435,#5924,#5932,.T.);
#5932 = LINE('',#5933,#5934);
#5933 = CARTESIAN_POINT('',(20.237344,-32.387358,27.935344));
#5934 = VECTOR('',#5935,1.);
#5935 = DIRECTION('',(0.,1.,0.));
#5936 = ORIENTED_EDGE('',*,*,#2442,.T.);
#5937 = ORIENTED_EDGE('',*,*,#5900,.T.);
#5938 = PLANE('',#5939);
#5939 = AXIS2_PLACEMENT_3D('',#5940,#5941,#5942);
#5940 = CARTESIAN_POINT('',(20.237344,-32.387358,27.935344));
#5941 = DIRECTION('',(1.,0.,2.22044604925E-16));
#5942 = DIRECTION('',(2.22044604925E-16,0.,-1.));
#5943 = ADVANCED_FACE('',(#5944),#5962,.F.);
#5944 = FACE_BOUND('',#5945,.F.);
#5945 = EDGE_LOOP('',(#5946,#5947,#5948,#5956));
#5946 = ORIENTED_EDGE('',*,*,#2434,.T.);
#5947 = ORIENTED_EDGE('',*,*,#5931,.T.);
#5948 = ORIENTED_EDGE('',*,*,#5949,.T.);
#5949 = EDGE_CURVE('',#5924,#5950,#5952,.T.);
#5950 = VERTEX_POINT('',#5951);
#5951 = CARTESIAN_POINT('',(22.237344,-28.787358,27.935344));
#5952 = LINE('',#5953,#5954);
#5953 = CARTESIAN_POINT('',(20.237344,-28.787358,27.935344));
#5954 = VECTOR('',#5955,1.);
#5955 = DIRECTION('',(1.,0.,2.22044604925E-16));
#5956 = ORIENTED_EDGE('',*,*,#5957,.F.);
#5957 = EDGE_CURVE('',#2427,#5950,#5958,.T.);
#5958 = LINE('',#5959,#5960);
#5959 = CARTESIAN_POINT('',(22.237344,-32.387358,27.935344));
#5960 = VECTOR('',#5961,1.);
#5961 = DIRECTION('',(0.,1.,0.));
#5962 = PLANE('',#5963);
#5963 = AXIS2_PLACEMENT_3D('',#5964,#5965,#5966);
#5964 = CARTESIAN_POINT('',(20.237344,-32.387358,27.935344));
#5965 = DIRECTION('',(2.22044604925E-16,0.,-1.));
#5966 = DIRECTION('',(1.,0.,2.22044604925E-16));
#5967 = ADVANCED_FACE('',(#5968),#5986,.F.);
#5968 = FACE_BOUND('',#5969,.F.);
#5969 = EDGE_LOOP('',(#5970,#5971,#5972,#5980));
#5970 = ORIENTED_EDGE('',*,*,#2426,.T.);
#5971 = ORIENTED_EDGE('',*,*,#5957,.T.);
#5972 = ORIENTED_EDGE('',*,*,#5973,.T.);
#5973 = EDGE_CURVE('',#5950,#5974,#5976,.T.);
#5974 = VERTEX_POINT('',#5975);
#5975 = CARTESIAN_POINT('',(24.823501,-28.787358,27.935344));
#5976 = LINE('',#5977,#5978);
#5977 = CARTESIAN_POINT('',(20.237344,-28.787358,27.935344));
#5978 = VECTOR('',#5979,1.);
#5979 = DIRECTION('',(1.,0.,2.22044604925E-16));
#5980 = ORIENTED_EDGE('',*,*,#5981,.F.);
#5981 = EDGE_CURVE('',#850,#5974,#5982,.T.);
#5982 = LINE('',#5983,#5984);
#5983 = CARTESIAN_POINT('',(24.823501,-32.387358,27.935344));
#5984 = VECTOR('',#5985,1.);
#5985 = DIRECTION('',(0.,1.,0.));
#5986 = PLANE('',#5987);
#5987 = AXIS2_PLACEMENT_3D('',#5988,#5989,#5990);
#5988 = CARTESIAN_POINT('',(20.237344,-32.387358,27.935344));
#5989 = DIRECTION('',(2.22044604925E-16,0.,-1.));
#5990 = DIRECTION('',(1.,0.,2.22044604925E-16));
#5991 = ADVANCED_FACE('',(#5992),#6017,.T.);
#5992 = FACE_BOUND('',#5993,.T.);
#5993 = EDGE_LOOP('',(#5994,#5995,#6003,#6011));
#5994 = ORIENTED_EDGE('',*,*,#2419,.T.);
#5995 = ORIENTED_EDGE('',*,*,#5996,.T.);
#5996 = EDGE_CURVE('',#2412,#5997,#5999,.T.);
#5997 = VERTEX_POINT('',#5998);
#5998 = CARTESIAN_POINT('',(22.237344,-28.787358,29.935344));
#5999 = LINE('',#6000,#6001);
#6000 = CARTESIAN_POINT('',(22.237344,-32.387358,29.935344));
#6001 = VECTOR('',#6002,1.);
#6002 = DIRECTION('',(0.,1.,0.));
#6003 = ORIENTED_EDGE('',*,*,#6004,.T.);
#6004 = EDGE_CURVE('',#5997,#6005,#6007,.T.);
#6005 = VERTEX_POINT('',#6006);
#6006 = CARTESIAN_POINT('',(24.823501,-28.787358,29.935344));
#6007 = LINE('',#6008,#6009);
#6008 = CARTESIAN_POINT('',(20.237344,-28.787358,29.935344));
#6009 = VECTOR('',#6010,1.);
#6010 = DIRECTION('',(1.,0.,2.22044604925E-16));
#6011 = ORIENTED_EDGE('',*,*,#6012,.F.);
#6012 = EDGE_CURVE('',#858,#6005,#6013,.T.);
#6013 = LINE('',#6014,#6015);
#6014 = CARTESIAN_POINT('',(24.823501,-32.387358,29.935344));
#6015 = VECTOR('',#6016,1.);
#6016 = DIRECTION('',(0.,1.,0.));
#6017 = PLANE('',#6018);
#6018 = AXIS2_PLACEMENT_3D('',#6019,#6020,#6021);
#6019 = CARTESIAN_POINT('',(20.237344,-32.387358,29.935344));
#6020 = DIRECTION('',(2.22044604925E-16,0.,-1.));
#6021 = DIRECTION('',(1.,0.,2.22044604925E-16));
#6022 = ADVANCED_FACE('',(#6023),#6041,.T.);
#6023 = FACE_BOUND('',#6024,.T.);
#6024 = EDGE_LOOP('',(#6025,#6026,#6034,#6040));
#6025 = ORIENTED_EDGE('',*,*,#2411,.T.);
#6026 = ORIENTED_EDGE('',*,*,#6027,.T.);
#6027 = EDGE_CURVE('',#2404,#6028,#6030,.T.);
#6028 = VERTEX_POINT('',#6029);
#6029 = CARTESIAN_POINT('',(20.237344,-28.787358,29.935344));
#6030 = LINE('',#6031,#6032);
#6031 = CARTESIAN_POINT('',(20.237344,-32.387358,29.935344));
#6032 = VECTOR('',#6033,1.);
#6033 = DIRECTION('',(0.,1.,0.));
#6034 = ORIENTED_EDGE('',*,*,#6035,.T.);
#6035 = EDGE_CURVE('',#6028,#5997,#6036,.T.);
#6036 = LINE('',#6037,#6038);
#6037 = CARTESIAN_POINT('',(20.237344,-28.787358,29.935344));
#6038 = VECTOR('',#6039,1.);
#6039 = DIRECTION('',(1.,0.,2.22044604925E-16));
#6040 = ORIENTED_EDGE('',*,*,#5996,.F.);
#6041 = PLANE('',#6042);
#6042 = AXIS2_PLACEMENT_3D('',#6043,#6044,#6045);
#6043 = CARTESIAN_POINT('',(20.237344,-32.387358,29.935344));
#6044 = DIRECTION('',(2.22044604925E-16,0.,-1.));
#6045 = DIRECTION('',(1.,0.,2.22044604925E-16));
#6046 = ADVANCED_FACE('',(#6047),#6065,.F.);
#6047 = FACE_BOUND('',#6048,.F.);
#6048 = EDGE_LOOP('',(#6049,#6057,#6063,#6064));
#6049 = ORIENTED_EDGE('',*,*,#6050,.F.);
#6050 = EDGE_CURVE('',#6051,#6028,#6053,.T.);
#6051 = VERTEX_POINT('',#6052);
#6052 = CARTESIAN_POINT('',(20.237344,-28.787358,34.962344));
#6053 = LINE('',#6054,#6055);
#6054 = CARTESIAN_POINT('',(20.237344,-28.787358,34.962344));
#6055 = VECTOR('',#6056,1.);
#6056 = DIRECTION('',(2.22044604925E-16,0.,-1.));
#6057 = ORIENTED_EDGE('',*,*,#6058,.F.);
#6058 = EDGE_CURVE('',#2396,#6051,#6059,.T.);
#6059 = LINE('',#6060,#6061);
#6060 = CARTESIAN_POINT('',(20.237344,-32.387358,34.962344));
#6061 = VECTOR('',#6062,1.);
#6062 = DIRECTION('',(0.,1.,0.));
#6063 = ORIENTED_EDGE('',*,*,#2403,.T.);
#6064 = ORIENTED_EDGE('',*,*,#6027,.T.);
#6065 = PLANE('',#6066);
#6066 = AXIS2_PLACEMENT_3D('',#6067,#6068,#6069);
#6067 = CARTESIAN_POINT('',(20.237344,-32.387358,34.962344));
#6068 = DIRECTION('',(1.,0.,2.22044604925E-16));
#6069 = DIRECTION('',(2.22044604925E-16,0.,-1.));
#6070 = ADVANCED_FACE('',(#6071),#6089,.F.);
#6071 = FACE_BOUND('',#6072,.F.);
#6072 = EDGE_LOOP('',(#6073,#6074,#6075,#6083));
#6073 = ORIENTED_EDGE('',*,*,#2395,.T.);
#6074 = ORIENTED_EDGE('',*,*,#6058,.T.);
#6075 = ORIENTED_EDGE('',*,*,#6076,.T.);
#6076 = EDGE_CURVE('',#6051,#6077,#6079,.T.);
#6077 = VERTEX_POINT('',#6078);
#6078 = CARTESIAN_POINT('',(22.237344,-28.787358,34.962344));
#6079 = LINE('',#6080,#6081);
#6080 = CARTESIAN_POINT('',(20.237344,-28.787358,34.962344));
#6081 = VECTOR('',#6082,1.);
#6082 = DIRECTION('',(1.,0.,2.22044604925E-16));
#6083 = ORIENTED_EDGE('',*,*,#6084,.F.);
#6084 = EDGE_CURVE('',#2388,#6077,#6085,.T.);
#6085 = LINE('',#6086,#6087);
#6086 = CARTESIAN_POINT('',(22.237344,-32.387358,34.962344));
#6087 = VECTOR('',#6088,1.);
#6088 = DIRECTION('',(0.,1.,0.));
#6089 = PLANE('',#6090);
#6090 = AXIS2_PLACEMENT_3D('',#6091,#6092,#6093);
#6091 = CARTESIAN_POINT('',(20.237344,-32.387358,34.962344));
#6092 = DIRECTION('',(2.22044604925E-16,0.,-1.));
#6093 = DIRECTION('',(1.,0.,2.22044604925E-16));
#6094 = ADVANCED_FACE('',(#6095),#6113,.F.);
#6095 = FACE_BOUND('',#6096,.F.);
#6096 = EDGE_LOOP('',(#6097,#6098,#6099,#6107));
#6097 = ORIENTED_EDGE('',*,*,#2387,.T.);
#6098 = ORIENTED_EDGE('',*,*,#6084,.T.);
#6099 = ORIENTED_EDGE('',*,*,#6100,.T.);
#6100 = EDGE_CURVE('',#6077,#6101,#6103,.T.);
#6101 = VERTEX_POINT('',#6102);
#6102 = CARTESIAN_POINT('',(24.823501,-28.787358,34.962344));
#6103 = LINE('',#6104,#6105);
#6104 = CARTESIAN_POINT('',(20.237344,-28.787358,34.962344));
#6105 = VECTOR('',#6106,1.);
#6106 = DIRECTION('',(1.,0.,2.22044604925E-16));
#6107 = ORIENTED_EDGE('',*,*,#6108,.F.);
#6108 = EDGE_CURVE('',#882,#6101,#6109,.T.);
#6109 = LINE('',#6110,#6111);
#6110 = CARTESIAN_POINT('',(24.823501,-32.387358,34.962344));
#6111 = VECTOR('',#6112,1.);
#6112 = DIRECTION('',(0.,1.,0.));
#6113 = PLANE('',#6114);
#6114 = AXIS2_PLACEMENT_3D('',#6115,#6116,#6117);
#6115 = CARTESIAN_POINT('',(20.237344,-32.387358,34.962344));
#6116 = DIRECTION('',(2.22044604925E-16,0.,-1.));
#6117 = DIRECTION('',(1.,0.,2.22044604925E-16));
#6118 = ADVANCED_FACE('',(#6119),#6144,.T.);
#6119 = FACE_BOUND('',#6120,.T.);
#6120 = EDGE_LOOP('',(#6121,#6122,#6130,#6138));
#6121 = ORIENTED_EDGE('',*,*,#2380,.T.);
#6122 = ORIENTED_EDGE('',*,*,#6123,.T.);
#6123 = EDGE_CURVE('',#2373,#6124,#6126,.T.);
#6124 = VERTEX_POINT('',#6125);
#6125 = CARTESIAN_POINT('',(22.237344,-28.787358,48.562344));
#6126 = LINE('',#6127,#6128);
#6127 = CARTESIAN_POINT('',(22.237344,-32.387358,48.562344));
#6128 = VECTOR('',#6129,1.);
#6129 = DIRECTION('',(0.,1.,0.));
#6130 = ORIENTED_EDGE('',*,*,#6131,.T.);
#6131 = EDGE_CURVE('',#6124,#6132,#6134,.T.);
#6132 = VERTEX_POINT('',#6133);
#6133 = CARTESIAN_POINT('',(24.823501,-28.787358,48.562344));
#6134 = LINE('',#6135,#6136);
#6135 = CARTESIAN_POINT('',(20.237344,-28.787358,48.562344));
#6136 = VECTOR('',#6137,1.);
#6137 = DIRECTION('',(1.,0.,2.22044604925E-16));
#6138 = ORIENTED_EDGE('',*,*,#6139,.F.);
#6139 = EDGE_CURVE('',#890,#6132,#6140,.T.);
#6140 = LINE('',#6141,#6142);
#6141 = CARTESIAN_POINT('',(24.823501,-32.387358,48.562344));
#6142 = VECTOR('',#6143,1.);
#6143 = DIRECTION('',(0.,1.,0.));
#6144 = PLANE('',#6145);
#6145 = AXIS2_PLACEMENT_3D('',#6146,#6147,#6148);
#6146 = CARTESIAN_POINT('',(20.237344,-32.387358,48.562344));
#6147 = DIRECTION('',(2.22044604925E-16,0.,-1.));
#6148 = DIRECTION('',(1.,0.,2.22044604925E-16));
#6149 = ADVANCED_FACE('',(#6150),#6168,.T.);
#6150 = FACE_BOUND('',#6151,.T.);
#6151 = EDGE_LOOP('',(#6152,#6153,#6161,#6167));
#6152 = ORIENTED_EDGE('',*,*,#2372,.T.);
#6153 = ORIENTED_EDGE('',*,*,#6154,.T.);
#6154 = EDGE_CURVE('',#2365,#6155,#6157,.T.);
#6155 = VERTEX_POINT('',#6156);
#6156 = CARTESIAN_POINT('',(20.237344,-28.787358,48.562344));
#6157 = LINE('',#6158,#6159);
#6158 = CARTESIAN_POINT('',(20.237344,-32.387358,48.562344));
#6159 = VECTOR('',#6160,1.);
#6160 = DIRECTION('',(0.,1.,0.));
#6161 = ORIENTED_EDGE('',*,*,#6162,.T.);
#6162 = EDGE_CURVE('',#6155,#6124,#6163,.T.);
#6163 = LINE('',#6164,#6165);
#6164 = CARTESIAN_POINT('',(20.237344,-28.787358,48.562344));
#6165 = VECTOR('',#6166,1.);
#6166 = DIRECTION('',(1.,0.,2.22044604925E-16));
#6167 = ORIENTED_EDGE('',*,*,#6123,.F.);
#6168 = PLANE('',#6169);
#6169 = AXIS2_PLACEMENT_3D('',#6170,#6171,#6172);
#6170 = CARTESIAN_POINT('',(20.237344,-32.387358,48.562344));
#6171 = DIRECTION('',(2.22044604925E-16,0.,-1.));
#6172 = DIRECTION('',(1.,0.,2.22044604925E-16));
#6173 = ADVANCED_FACE('',(#6174),#6192,.F.);
#6174 = FACE_BOUND('',#6175,.F.);
#6175 = EDGE_LOOP('',(#6176,#6184,#6190,#6191));
#6176 = ORIENTED_EDGE('',*,*,#6177,.F.);
#6177 = EDGE_CURVE('',#6178,#6155,#6180,.T.);
#6178 = VERTEX_POINT('',#6179);
#6179 = CARTESIAN_POINT('',(20.237344,-28.787358,60.974688));
#6180 = LINE('',#6181,#6182);
#6181 = CARTESIAN_POINT('',(20.237344,-28.787358,60.974688));
#6182 = VECTOR('',#6183,1.);
#6183 = DIRECTION('',(2.22044604925E-16,0.,-1.));
#6184 = ORIENTED_EDGE('',*,*,#6185,.F.);
#6185 = EDGE_CURVE('',#2357,#6178,#6186,.T.);
#6186 = LINE('',#6187,#6188);
#6187 = CARTESIAN_POINT('',(20.237344,-32.387358,60.974688));
#6188 = VECTOR('',#6189,1.);
#6189 = DIRECTION('',(0.,1.,0.));
#6190 = ORIENTED_EDGE('',*,*,#2364,.T.);
#6191 = ORIENTED_EDGE('',*,*,#6154,.T.);
#6192 = PLANE('',#6193);
#6193 = AXIS2_PLACEMENT_3D('',#6194,#6195,#6196);
#6194 = CARTESIAN_POINT('',(20.237344,-32.387358,60.974688));
#6195 = DIRECTION('',(1.,0.,2.22044604925E-16));
#6196 = DIRECTION('',(2.22044604925E-16,0.,-1.));
#6197 = ADVANCED_FACE('',(#6198),#6216,.F.);
#6198 = FACE_BOUND('',#6199,.F.);
#6199 = EDGE_LOOP('',(#6200,#6201,#6202,#6210));
#6200 = ORIENTED_EDGE('',*,*,#2356,.T.);
#6201 = ORIENTED_EDGE('',*,*,#6185,.T.);
#6202 = ORIENTED_EDGE('',*,*,#6203,.T.);
#6203 = EDGE_CURVE('',#6178,#6204,#6206,.T.);
#6204 = VERTEX_POINT('',#6205);
#6205 = CARTESIAN_POINT('',(22.237344,-28.787358,60.974688));
#6206 = LINE('',#6207,#6208);
#6207 = CARTESIAN_POINT('',(20.237344,-28.787358,60.974688));
#6208 = VECTOR('',#6209,1.);
#6209 = DIRECTION('',(1.,0.,2.22044604925E-16));
#6210 = ORIENTED_EDGE('',*,*,#6211,.F.);
#6211 = EDGE_CURVE('',#2349,#6204,#6212,.T.);
#6212 = LINE('',#6213,#6214);
#6213 = CARTESIAN_POINT('',(22.237344,-32.387358,60.974688));
#6214 = VECTOR('',#6215,1.);
#6215 = DIRECTION('',(0.,1.,0.));
#6216 = PLANE('',#6217);
#6217 = AXIS2_PLACEMENT_3D('',#6218,#6219,#6220);
#6218 = CARTESIAN_POINT('',(20.237344,-32.387358,60.974688));
#6219 = DIRECTION('',(2.22044604925E-16,0.,-1.));
#6220 = DIRECTION('',(1.,0.,2.22044604925E-16));
#6221 = ADVANCED_FACE('',(#6222),#6240,.F.);
#6222 = FACE_BOUND('',#6223,.F.);
#6223 = EDGE_LOOP('',(#6224,#6225,#6226,#6234));
#6224 = ORIENTED_EDGE('',*,*,#2348,.T.);
#6225 = ORIENTED_EDGE('',*,*,#6211,.T.);
#6226 = ORIENTED_EDGE('',*,*,#6227,.T.);
#6227 = EDGE_CURVE('',#6204,#6228,#6230,.T.);
#6228 = VERTEX_POINT('',#6229);
#6229 = CARTESIAN_POINT('',(24.823501,-28.787358,60.974688));
#6230 = LINE('',#6231,#6232);
#6231 = CARTESIAN_POINT('',(20.237344,-28.787358,60.974688));
#6232 = VECTOR('',#6233,1.);
#6233 = DIRECTION('',(1.,0.,2.22044604925E-16));
#6234 = ORIENTED_EDGE('',*,*,#6235,.F.);
#6235 = EDGE_CURVE('',#914,#6228,#6236,.T.);
#6236 = LINE('',#6237,#6238);
#6237 = CARTESIAN_POINT('',(24.823501,-32.387358,60.974688));
#6238 = VECTOR('',#6239,1.);
#6239 = DIRECTION('',(0.,1.,0.));
#6240 = PLANE('',#6241);
#6241 = AXIS2_PLACEMENT_3D('',#6242,#6243,#6244);
#6242 = CARTESIAN_POINT('',(20.237344,-32.387358,60.974688));
#6243 = DIRECTION('',(2.22044604925E-16,0.,-1.));
#6244 = DIRECTION('',(1.,0.,2.22044604925E-16));
#6245 = ADVANCED_FACE('',(#6246),#6257,.T.);
#6246 = FACE_BOUND('',#6247,.T.);
#6247 = EDGE_LOOP('',(#6248,#6249,#6250,#6251));
#6248 = ORIENTED_EDGE('',*,*,#6235,.F.);
#6249 = ORIENTED_EDGE('',*,*,#2473,.F.);
#6250 = ORIENTED_EDGE('',*,*,#6139,.T.);
#6251 = ORIENTED_EDGE('',*,*,#6252,.F.);
#6252 = EDGE_CURVE('',#6228,#6132,#6253,.T.);
#6253 = LINE('',#6254,#6255);
#6254 = CARTESIAN_POINT('',(24.823501,-28.787358,60.974688));
#6255 = VECTOR('',#6256,1.);
#6256 = DIRECTION('',(2.22044604925E-16,0.,-1.));
#6257 = PLANE('',#6258);
#6258 = AXIS2_PLACEMENT_3D('',#6259,#6260,#6261);
#6259 = CARTESIAN_POINT('',(24.823501,-32.387358,60.974688));
#6260 = DIRECTION('',(1.,0.,2.22044604925E-16));
#6261 = DIRECTION('',(2.22044604925E-16,0.,-1.));
#6262 = ADVANCED_FACE('',(#6263),#6274,.T.);
#6263 = FACE_BOUND('',#6264,.T.);
#6264 = EDGE_LOOP('',(#6265,#6266,#6267,#6268));
#6265 = ORIENTED_EDGE('',*,*,#6108,.F.);
#6266 = ORIENTED_EDGE('',*,*,#2490,.F.);
#6267 = ORIENTED_EDGE('',*,*,#6012,.T.);
#6268 = ORIENTED_EDGE('',*,*,#6269,.F.);
#6269 = EDGE_CURVE('',#6101,#6005,#6270,.T.);
#6270 = LINE('',#6271,#6272);
#6271 = CARTESIAN_POINT('',(24.823501,-28.787358,34.962344));
#6272 = VECTOR('',#6273,1.);
#6273 = DIRECTION('',(2.22044604925E-16,0.,-1.));
#6274 = PLANE('',#6275);
#6275 = AXIS2_PLACEMENT_3D('',#6276,#6277,#6278);
#6276 = CARTESIAN_POINT('',(24.823501,-32.387358,34.962344));
#6277 = DIRECTION('',(1.,0.,2.22044604925E-16));
#6278 = DIRECTION('',(2.22044604925E-16,0.,-1.));
#6279 = ADVANCED_FACE('',(#6280),#6291,.T.);
#6280 = FACE_BOUND('',#6281,.T.);
#6281 = EDGE_LOOP('',(#6282,#6283,#6284,#6285));
#6282 = ORIENTED_EDGE('',*,*,#5981,.F.);
#6283 = ORIENTED_EDGE('',*,*,#2507,.F.);
#6284 = ORIENTED_EDGE('',*,*,#5885,.T.);
#6285 = ORIENTED_EDGE('',*,*,#6286,.F.);
#6286 = EDGE_CURVE('',#5974,#5878,#6287,.T.);
#6287 = LINE('',#6288,#6289);
#6288 = CARTESIAN_POINT('',(24.823501,-28.787358,27.935344));
#6289 = VECTOR('',#6290,1.);
#6290 = DIRECTION('',(2.22044604925E-16,0.,-1.));
#6291 = PLANE('',#6292);
#6292 = AXIS2_PLACEMENT_3D('',#6293,#6294,#6295);
#6293 = CARTESIAN_POINT('',(24.823501,-32.387358,27.935344));
#6294 = DIRECTION('',(1.,0.,2.22044604925E-16));
#6295 = DIRECTION('',(2.22044604925E-16,0.,-1.));
#6296 = ADVANCED_FACE('',(#6297),#6322,.F.);
#6297 = FACE_BOUND('',#6298,.F.);
#6298 = EDGE_LOOP('',(#6299,#6307,#6315,#6321));
#6299 = ORIENTED_EDGE('',*,*,#6300,.F.);
#6300 = EDGE_CURVE('',#6301,#2543,#6303,.T.);
#6301 = VERTEX_POINT('',#6302);
#6302 = CARTESIAN_POINT('',(22.237344,-25.487358,19.2));
#6303 = LINE('',#6304,#6305);
#6304 = CARTESIAN_POINT('',(22.237344,-25.487358,20.3));
#6305 = VECTOR('',#6306,1.);
#6306 = DIRECTION('',(2.22044604925E-16,0.,-1.));
#6307 = ORIENTED_EDGE('',*,*,#6308,.T.);
#6308 = EDGE_CURVE('',#6301,#6309,#6311,.T.);
#6309 = VERTEX_POINT('',#6310);
#6310 = CARTESIAN_POINT('',(24.823501,-25.487358,19.2));
#6311 = LINE('',#6312,#6313);
#6312 = CARTESIAN_POINT('',(20.237344,-25.487358,19.2));
#6313 = VECTOR('',#6314,1.);
#6314 = DIRECTION('',(1.,0.,2.22044604925E-16));
#6315 = ORIENTED_EDGE('',*,*,#6316,.T.);
#6316 = EDGE_CURVE('',#6309,#810,#6317,.T.);
#6317 = LINE('',#6318,#6319);
#6318 = CARTESIAN_POINT('',(24.823501,-25.487358,19.2));
#6319 = VECTOR('',#6320,1.);
#6320 = DIRECTION('',(2.22044604925E-16,0.,-1.));
#6321 = ORIENTED_EDGE('',*,*,#2550,.F.);
#6322 = PLANE('',#6323);
#6323 = AXIS2_PLACEMENT_3D('',#6324,#6325,#6326);
#6324 = CARTESIAN_POINT('',(20.237344,-25.487358,19.2));
#6325 = DIRECTION('',(0.,1.,0.));
#6326 = DIRECTION('',(1.,0.,2.22044604925E-16));
#6327 = ADVANCED_FACE('',(#6328),#6346,.F.);
#6328 = FACE_BOUND('',#6329,.F.);
#6329 = EDGE_LOOP('',(#6330,#6338,#6344,#6345));
#6330 = ORIENTED_EDGE('',*,*,#6331,.F.);
#6331 = EDGE_CURVE('',#6332,#2535,#6334,.T.);
#6332 = VERTEX_POINT('',#6333);
#6333 = CARTESIAN_POINT('',(20.237344,-25.487358,19.2));
#6334 = LINE('',#6335,#6336);
#6335 = CARTESIAN_POINT('',(20.237344,-25.487358,20.3));
#6336 = VECTOR('',#6337,1.);
#6337 = DIRECTION('',(2.22044604925E-16,0.,-1.));
#6338 = ORIENTED_EDGE('',*,*,#6339,.T.);
#6339 = EDGE_CURVE('',#6332,#6301,#6340,.T.);
#6340 = LINE('',#6341,#6342);
#6341 = CARTESIAN_POINT('',(20.237344,-25.487358,19.2));
#6342 = VECTOR('',#6343,1.);
#6343 = DIRECTION('',(1.,0.,2.22044604925E-16));
#6344 = ORIENTED_EDGE('',*,*,#6300,.T.);
#6345 = ORIENTED_EDGE('',*,*,#2542,.F.);
#6346 = PLANE('',#6347);
#6347 = AXIS2_PLACEMENT_3D('',#6348,#6349,#6350);
#6348 = CARTESIAN_POINT('',(20.237344,-25.487358,20.3));
#6349 = DIRECTION('',(0.,1.,0.));
#6350 = DIRECTION('',(1.,0.,2.22044604925E-16));
#6351 = ADVANCED_FACE('',(#6352),#6370,.F.);
#6352 = FACE_BOUND('',#6353,.F.);
#6353 = EDGE_LOOP('',(#6354,#6362,#6363,#6364));
#6354 = ORIENTED_EDGE('',*,*,#6355,.F.);
#6355 = EDGE_CURVE('',#6332,#6356,#6358,.T.);
#6356 = VERTEX_POINT('',#6357);
#6357 = CARTESIAN_POINT('',(20.237344,-14.161016,19.2));
#6358 = LINE('',#6359,#6360);
#6359 = CARTESIAN_POINT('',(20.237344,-25.487358,19.2));
#6360 = VECTOR('',#6361,1.);
#6361 = DIRECTION('',(0.,1.,0.));
#6362 = ORIENTED_EDGE('',*,*,#6331,.T.);
#6363 = ORIENTED_EDGE('',*,*,#2534,.F.);
#6364 = ORIENTED_EDGE('',*,*,#6365,.T.);
#6365 = EDGE_CURVE('',#2527,#6356,#6366,.T.);
#6366 = LINE('',#6367,#6368);
#6367 = CARTESIAN_POINT('',(20.237344,-14.161016,26.775406));
#6368 = VECTOR('',#6369,1.);
#6369 = DIRECTION('',(-2.22044604925E-16,0.,1.));
#6370 = PLANE('',#6371);
#6371 = AXIS2_PLACEMENT_3D('',#6372,#6373,#6374);
#6372 = CARTESIAN_POINT('',(20.237344,-25.487358,20.3));
#6373 = DIRECTION('',(1.,0.,2.22044604925E-16));
#6374 = DIRECTION('',(2.22044604925E-16,0.,-1.));
#6375 = ADVANCED_FACE('',(#6376),#6380,.T.);
#6376 = FACE_BOUND('',#6377,.T.);
#6377 = EDGE_LOOP('',(#6378,#6379));
#6378 = ORIENTED_EDGE('',*,*,#2642,.T.);
#6379 = ORIENTED_EDGE('',*,*,#2598,.T.);
#6380 = PLANE('',#6381);
#6381 = AXIS2_PLACEMENT_3D('',#6382,#6383,#6384);
#6382 = CARTESIAN_POINT('',(24.823501,-500.,541.737344));
#6383 = DIRECTION('',(1.,0.,2.22044604925E-16));
#6384 = DIRECTION('',(2.22044604925E-16,0.,-1.));
#6385 = ADVANCED_FACE('',(#6386),#6390,.T.);
#6386 = FACE_BOUND('',#6387,.T.);
#6387 = EDGE_LOOP('',(#6388,#6389));
#6388 = ORIENTED_EDGE('',*,*,#2615,.T.);
#6389 = ORIENTED_EDGE('',*,*,#2590,.T.);
#6390 = PLANE('',#6391);
#6391 = AXIS2_PLACEMENT_3D('',#6392,#6393,#6394);
#6392 = CARTESIAN_POINT('',(24.823501,-500.,541.737344));
#6393 = DIRECTION('',(1.,0.,2.22044604925E-16));
#6394 = DIRECTION('',(2.22044604925E-16,0.,-1.));
#6395 = ADVANCED_FACE('',(#6396),#6414,.T.);
#6396 = FACE_BOUND('',#6397,.T.);
#6397 = EDGE_LOOP('',(#6398,#6406,#6407,#6408));
#6398 = ORIENTED_EDGE('',*,*,#6399,.F.);
#6399 = EDGE_CURVE('',#6309,#6400,#6402,.T.);
#6400 = VERTEX_POINT('',#6401);
#6401 = CARTESIAN_POINT('',(24.823501,-14.161016,19.2));
#6402 = LINE('',#6403,#6404);
#6403 = CARTESIAN_POINT('',(24.823501,-25.487358,19.2));
#6404 = VECTOR('',#6405,1.);
#6405 = DIRECTION('',(0.,1.,0.));
#6406 = ORIENTED_EDGE('',*,*,#6316,.T.);
#6407 = ORIENTED_EDGE('',*,*,#2582,.T.);
#6408 = ORIENTED_EDGE('',*,*,#6409,.T.);
#6409 = EDGE_CURVE('',#2575,#6400,#6410,.T.);
#6410 = LINE('',#6411,#6412);
#6411 = CARTESIAN_POINT('',(24.823501,-14.161016,26.225406));
#6412 = VECTOR('',#6413,1.);
#6413 = DIRECTION('',(-2.22044604925E-16,0.,1.));
#6414 = PLANE('',#6415);
#6415 = AXIS2_PLACEMENT_3D('',#6416,#6417,#6418);
#6416 = CARTESIAN_POINT('',(24.823501,-25.487358,19.2));
#6417 = DIRECTION('',(1.,0.,2.22044604925E-16));
#6418 = DIRECTION('',(2.22044604925E-16,0.,-1.));
#6419 = ADVANCED_FACE('',(#6420),#6445,.F.);
#6420 = FACE_BOUND('',#6421,.F.);
#6421 = EDGE_LOOP('',(#6422,#6423,#6431,#6439));
#6422 = ORIENTED_EDGE('',*,*,#2574,.F.);
#6423 = ORIENTED_EDGE('',*,*,#6424,.F.);
#6424 = EDGE_CURVE('',#6425,#2575,#6427,.T.);
#6425 = VERTEX_POINT('',#6426);
#6426 = CARTESIAN_POINT('',(22.237344,-14.161016,17.1));
#6427 = LINE('',#6428,#6429);
#6428 = CARTESIAN_POINT('',(18.213501,-14.161016,17.1));
#6429 = VECTOR('',#6430,1.);
#6430 = DIRECTION('',(1.,0.,2.22044604925E-16));
#6431 = ORIENTED_EDGE('',*,*,#6432,.T.);
#6432 = EDGE_CURVE('',#6425,#6433,#6435,.T.);
#6433 = VERTEX_POINT('',#6434);
#6434 = CARTESIAN_POINT('',(22.237344,0.438984,17.1));
#6435 = LINE('',#6436,#6437);
#6436 = CARTESIAN_POINT('',(22.237344,-19.824187,17.1));
#6437 = VECTOR('',#6438,1.);
#6438 = DIRECTION('',(0.,1.,0.));
#6439 = ORIENTED_EDGE('',*,*,#6440,.T.);
#6440 = EDGE_CURVE('',#6433,#2567,#6441,.T.);
#6441 = LINE('',#6442,#6443);
#6442 = CARTESIAN_POINT('',(18.213501,0.438984,17.1));
#6443 = VECTOR('',#6444,1.);
#6444 = DIRECTION('',(1.,0.,2.22044604925E-16));
#6445 = PLANE('',#6446);
#6446 = AXIS2_PLACEMENT_3D('',#6447,#6448,#6449);
#6447 = CARTESIAN_POINT('',(18.123501,-29.487358,17.1));
#6448 = DIRECTION('',(2.22044604925E-16,0.,-1.));
#6449 = DIRECTION('',(1.,0.,2.22044604925E-16));
#6450 = ADVANCED_FACE('',(#6451),#6476,.T.);
#6451 = FACE_BOUND('',#6452,.T.);
#6452 = EDGE_LOOP('',(#6453,#6461,#6462,#6470));
#6453 = ORIENTED_EDGE('',*,*,#6454,.F.);
#6454 = EDGE_CURVE('',#2567,#6455,#6457,.T.);
#6455 = VERTEX_POINT('',#6456);
#6456 = CARTESIAN_POINT('',(24.823501,0.438984,19.2));
#6457 = LINE('',#6458,#6459);
#6458 = CARTESIAN_POINT('',(24.823501,0.438984,26.225406));
#6459 = VECTOR('',#6460,1.);
#6460 = DIRECTION('',(-2.22044604925E-16,0.,1.));
#6461 = ORIENTED_EDGE('',*,*,#2566,.T.);
#6462 = ORIENTED_EDGE('',*,*,#6463,.F.);
#6463 = EDGE_CURVE('',#6464,#734,#6466,.T.);
#6464 = VERTEX_POINT('',#6465);
#6465 = CARTESIAN_POINT('',(24.823501,25.487358,19.2));
#6466 = LINE('',#6467,#6468);
#6467 = CARTESIAN_POINT('',(24.823501,25.487358,19.2));
#6468 = VECTOR('',#6469,1.);
#6469 = DIRECTION('',(2.22044604925E-16,0.,-1.));
#6470 = ORIENTED_EDGE('',*,*,#6471,.F.);
#6471 = EDGE_CURVE('',#6455,#6464,#6472,.T.);
#6472 = LINE('',#6473,#6474);
#6473 = CARTESIAN_POINT('',(24.823501,-25.487358,19.2));
#6474 = VECTOR('',#6475,1.);
#6475 = DIRECTION('',(0.,1.,0.));
#6476 = PLANE('',#6477);
#6477 = AXIS2_PLACEMENT_3D('',#6478,#6479,#6480);
#6478 = CARTESIAN_POINT('',(24.823501,-25.487358,19.2));
#6479 = DIRECTION('',(1.,0.,2.22044604925E-16));
#6480 = DIRECTION('',(2.22044604925E-16,0.,-1.));
#6481 = ADVANCED_FACE('',(#6482),#6501,.F.);
#6482 = FACE_BOUND('',#6483,.F.);
#6483 = EDGE_LOOP('',(#6484,#6493,#6499,#6500));
#6484 = ORIENTED_EDGE('',*,*,#6485,.T.);
#6485 = EDGE_CURVE('',#6486,#6486,#6488,.T.);
#6486 = VERTEX_POINT('',#6487);
#6487 = CARTESIAN_POINT('',(21.123501,-20.062,9.6));
#6488 = CIRCLE('',#6489,1.7);
#6489 = AXIS2_PLACEMENT_3D('',#6490,#6491,#6492);
#6490 = CARTESIAN_POINT('',(21.123501,-20.062,11.3));
#6491 = DIRECTION('',(1.,-0.,2.22044604925E-16));
#6492 = DIRECTION('',(2.22044604925E-16,0.,-1.));
#6493 = ORIENTED_EDGE('',*,*,#6494,.T.);
#6494 = EDGE_CURVE('',#6486,#2625,#6495,.T.);
#6495 = LINE('',#6496,#6497);
#6496 = CARTESIAN_POINT('',(17.823501,-20.062,9.6));
#6497 = VECTOR('',#6498,1.);
#6498 = DIRECTION('',(1.,0.,2.22044604925E-16));
#6499 = ORIENTED_EDGE('',*,*,#2624,.F.);
#6500 = ORIENTED_EDGE('',*,*,#6494,.F.);
#6501 = CYLINDRICAL_SURFACE('',#6502,1.7);
#6502 = AXIS2_PLACEMENT_3D('',#6503,#6504,#6505);
#6503 = CARTESIAN_POINT('',(17.823501,-20.062,11.3));
#6504 = DIRECTION('',(1.,0.,2.22044604925E-16));
#6505 = DIRECTION('',(2.22044604925E-16,0.,-1.));
#6506 = ADVANCED_FACE('',(#6507),#6526,.F.);
#6507 = FACE_BOUND('',#6508,.F.);
#6508 = EDGE_LOOP('',(#6509,#6518,#6524,#6525));
#6509 = ORIENTED_EDGE('',*,*,#6510,.T.);
#6510 = EDGE_CURVE('',#6511,#6511,#6513,.T.);
#6511 = VERTEX_POINT('',#6512);
#6512 = CARTESIAN_POINT('',(21.123501,21.938,9.6));
#6513 = CIRCLE('',#6514,1.7);
#6514 = AXIS2_PLACEMENT_3D('',#6515,#6516,#6517);
#6515 = CARTESIAN_POINT('',(21.123501,21.938,11.3));
#6516 = DIRECTION('',(1.,-0.,2.22044604925E-16));
#6517 = DIRECTION('',(2.22044604925E-16,0.,-1.));
#6518 = ORIENTED_EDGE('',*,*,#6519,.T.);
#6519 = EDGE_CURVE('',#6511,#2652,#6520,.T.);
#6520 = LINE('',#6521,#6522);
#6521 = CARTESIAN_POINT('',(17.823501,21.938,9.6));
#6522 = VECTOR('',#6523,1.);
#6523 = DIRECTION('',(1.,0.,2.22044604925E-16));
#6524 = ORIENTED_EDGE('',*,*,#2651,.F.);
#6525 = ORIENTED_EDGE('',*,*,#6519,.F.);
#6526 = CYLINDRICAL_SURFACE('',#6527,1.7);
#6527 = AXIS2_PLACEMENT_3D('',#6528,#6529,#6530);
#6528 = CARTESIAN_POINT('',(17.823501,21.938,11.3));
#6529 = DIRECTION('',(1.,0.,2.22044604925E-16));
#6530 = DIRECTION('',(2.22044604925E-16,0.,-1.));
#6531 = ADVANCED_FACE('',(#6532),#6557,.F.);
#6532 = FACE_BOUND('',#6533,.F.);
#6533 = EDGE_LOOP('',(#6534,#6542,#6543,#6551));
#6534 = ORIENTED_EDGE('',*,*,#6535,.F.);
#6535 = EDGE_CURVE('',#2669,#6536,#6538,.T.);
#6536 = VERTEX_POINT('',#6537);
#6537 = CARTESIAN_POINT('',(20.237344,0.438984,19.2));
#6538 = LINE('',#6539,#6540);
#6539 = CARTESIAN_POINT('',(20.237344,0.438984,26.775406));
#6540 = VECTOR('',#6541,1.);
#6541 = DIRECTION('',(-2.22044604925E-16,0.,1.));
#6542 = ORIENTED_EDGE('',*,*,#2700,.F.);
#6543 = ORIENTED_EDGE('',*,*,#6544,.F.);
#6544 = EDGE_CURVE('',#6545,#2693,#6547,.T.);
#6545 = VERTEX_POINT('',#6546);
#6546 = CARTESIAN_POINT('',(20.237344,25.487358,19.2));
#6547 = LINE('',#6548,#6549);
#6548 = CARTESIAN_POINT('',(20.237344,25.487358,20.3));
#6549 = VECTOR('',#6550,1.);
#6550 = DIRECTION('',(2.22044604925E-16,0.,-1.));
#6551 = ORIENTED_EDGE('',*,*,#6552,.F.);
#6552 = EDGE_CURVE('',#6536,#6545,#6553,.T.);
#6553 = LINE('',#6554,#6555);
#6554 = CARTESIAN_POINT('',(20.237344,-25.487358,19.2));
#6555 = VECTOR('',#6556,1.);
#6556 = DIRECTION('',(0.,1.,0.));
#6557 = PLANE('',#6558);
#6558 = AXIS2_PLACEMENT_3D('',#6559,#6560,#6561);
#6559 = CARTESIAN_POINT('',(20.237344,-25.487358,20.3));
#6560 = DIRECTION('',(1.,0.,2.22044604925E-16));
#6561 = DIRECTION('',(2.22044604925E-16,0.,-1.));
#6562 = ADVANCED_FACE('',(#6563),#6581,.T.);
#6563 = FACE_BOUND('',#6564,.T.);
#6564 = EDGE_LOOP('',(#6565,#6566,#6574,#6580));
#6565 = ORIENTED_EDGE('',*,*,#6544,.F.);
#6566 = ORIENTED_EDGE('',*,*,#6567,.T.);
#6567 = EDGE_CURVE('',#6545,#6568,#6570,.T.);
#6568 = VERTEX_POINT('',#6569);
#6569 = CARTESIAN_POINT('',(22.237344,25.487358,19.2));
#6570 = LINE('',#6571,#6572);
#6571 = CARTESIAN_POINT('',(20.237344,25.487358,19.2));
#6572 = VECTOR('',#6573,1.);
#6573 = DIRECTION('',(1.,0.,2.22044604925E-16));
#6574 = ORIENTED_EDGE('',*,*,#6575,.T.);
#6575 = EDGE_CURVE('',#6568,#2685,#6576,.T.);
#6576 = LINE('',#6577,#6578);
#6577 = CARTESIAN_POINT('',(22.237344,25.487358,20.3));
#6578 = VECTOR('',#6579,1.);
#6579 = DIRECTION('',(2.22044604925E-16,0.,-1.));
#6580 = ORIENTED_EDGE('',*,*,#2692,.F.);
#6581 = PLANE('',#6582);
#6582 = AXIS2_PLACEMENT_3D('',#6583,#6584,#6585);
#6583 = CARTESIAN_POINT('',(20.237344,25.487358,20.3));
#6584 = DIRECTION('',(0.,1.,0.));
#6585 = DIRECTION('',(1.,0.,2.22044604925E-16));
#6586 = ADVANCED_FACE('',(#6587),#6598,.T.);
#6587 = FACE_BOUND('',#6588,.T.);
#6588 = EDGE_LOOP('',(#6589,#6590,#6596,#6597));
#6589 = ORIENTED_EDGE('',*,*,#6575,.F.);
#6590 = ORIENTED_EDGE('',*,*,#6591,.T.);
#6591 = EDGE_CURVE('',#6568,#6464,#6592,.T.);
#6592 = LINE('',#6593,#6594);
#6593 = CARTESIAN_POINT('',(20.237344,25.487358,19.2));
#6594 = VECTOR('',#6595,1.);
#6595 = DIRECTION('',(1.,0.,2.22044604925E-16));
#6596 = ORIENTED_EDGE('',*,*,#6463,.T.);
#6597 = ORIENTED_EDGE('',*,*,#2684,.F.);
#6598 = PLANE('',#6599);
#6599 = AXIS2_PLACEMENT_3D('',#6600,#6601,#6602);
#6600 = CARTESIAN_POINT('',(20.237344,25.487358,19.2));
#6601 = DIRECTION('',(0.,1.,0.));
#6602 = DIRECTION('',(1.,0.,2.22044604925E-16));
#6603 = ADVANCED_FACE('',(#6604),#6629,.T.);
#6604 = FACE_BOUND('',#6605,.T.);
#6605 = EDGE_LOOP('',(#6606,#6616,#6622,#6623));
#6606 = ORIENTED_EDGE('',*,*,#6607,.F.);
#6607 = EDGE_CURVE('',#6608,#6610,#6612,.T.);
#6608 = VERTEX_POINT('',#6609);
#6609 = CARTESIAN_POINT('',(22.237344,28.787358,22.5));
#6610 = VERTEX_POINT('',#6611);
#6611 = CARTESIAN_POINT('',(24.823501,28.787358,22.5));
#6612 = LINE('',#6613,#6614);
#6613 = CARTESIAN_POINT('',(20.237344,28.787358,22.5));
#6614 = VECTOR('',#6615,1.);
#6615 = DIRECTION('',(1.,0.,2.22044604925E-16));
#6616 = ORIENTED_EDGE('',*,*,#6617,.T.);
#6617 = EDGE_CURVE('',#6608,#2782,#6618,.T.);
#6618 = LINE('',#6619,#6620);
#6619 = CARTESIAN_POINT('',(22.237344,27.687358,22.5));
#6620 = VECTOR('',#6621,1.);
#6621 = DIRECTION('',(0.,1.,0.));
#6622 = ORIENTED_EDGE('',*,*,#2789,.F.);
#6623 = ORIENTED_EDGE('',*,*,#6624,.F.);
#6624 = EDGE_CURVE('',#6610,#718,#6625,.T.);
#6625 = LINE('',#6626,#6627);
#6626 = CARTESIAN_POINT('',(24.823501,28.787358,22.5));
#6627 = VECTOR('',#6628,1.);
#6628 = DIRECTION('',(0.,1.,0.));
#6629 = PLANE('',#6630);
#6630 = AXIS2_PLACEMENT_3D('',#6631,#6632,#6633);
#6631 = CARTESIAN_POINT('',(20.237344,28.787358,22.5));
#6632 = DIRECTION('',(2.22044604925E-16,0.,-1.));
#6633 = DIRECTION('',(1.,0.,2.22044604925E-16));
#6634 = ADVANCED_FACE('',(#6635),#6653,.T.);
#6635 = FACE_BOUND('',#6636,.T.);
#6636 = EDGE_LOOP('',(#6637,#6638,#6646,#6652));
#6637 = ORIENTED_EDGE('',*,*,#6617,.F.);
#6638 = ORIENTED_EDGE('',*,*,#6639,.F.);
#6639 = EDGE_CURVE('',#6640,#6608,#6642,.T.);
#6640 = VERTEX_POINT('',#6641);
#6641 = CARTESIAN_POINT('',(20.237344,28.787358,22.5));
#6642 = LINE('',#6643,#6644);
#6643 = CARTESIAN_POINT('',(20.237344,28.787358,22.5));
#6644 = VECTOR('',#6645,1.);
#6645 = DIRECTION('',(1.,0.,2.22044604925E-16));
#6646 = ORIENTED_EDGE('',*,*,#6647,.T.);
#6647 = EDGE_CURVE('',#6640,#2774,#6648,.T.);
#6648 = LINE('',#6649,#6650);
#6649 = CARTESIAN_POINT('',(20.237344,27.687358,22.5));
#6650 = VECTOR('',#6651,1.);
#6651 = DIRECTION('',(0.,1.,0.));
#6652 = ORIENTED_EDGE('',*,*,#2781,.F.);
#6653 = PLANE('',#6654);
#6654 = AXIS2_PLACEMENT_3D('',#6655,#6656,#6657);
#6655 = CARTESIAN_POINT('',(20.237344,27.687358,22.5));
#6656 = DIRECTION('',(2.22044604925E-16,0.,-1.));
#6657 = DIRECTION('',(1.,0.,2.22044604925E-16));
#6658 = ADVANCED_FACE('',(#6659),#6677,.F.);
#6659 = FACE_BOUND('',#6660,.F.);
#6660 = EDGE_LOOP('',(#6661,#6669,#6675,#6676));
#6661 = ORIENTED_EDGE('',*,*,#6662,.F.);
#6662 = EDGE_CURVE('',#6663,#2766,#6665,.T.);
#6663 = VERTEX_POINT('',#6664);
#6664 = CARTESIAN_POINT('',(20.237344,28.787358,45.712344));
#6665 = LINE('',#6666,#6667);
#6666 = CARTESIAN_POINT('',(20.237344,27.687358,45.712344));
#6667 = VECTOR('',#6668,1.);
#6668 = DIRECTION('',(0.,1.,0.));
#6669 = ORIENTED_EDGE('',*,*,#6670,.T.);
#6670 = EDGE_CURVE('',#6663,#6640,#6671,.T.);
#6671 = LINE('',#6672,#6673);
#6672 = CARTESIAN_POINT('',(20.237344,28.787358,45.712344));
#6673 = VECTOR('',#6674,1.);
#6674 = DIRECTION('',(2.22044604925E-16,0.,-1.));
#6675 = ORIENTED_EDGE('',*,*,#6647,.T.);
#6676 = ORIENTED_EDGE('',*,*,#2773,.F.);
#6677 = PLANE('',#6678);
#6678 = AXIS2_PLACEMENT_3D('',#6679,#6680,#6681);
#6679 = CARTESIAN_POINT('',(20.237344,27.687358,45.712344));
#6680 = DIRECTION('',(1.,0.,2.22044604925E-16));
#6681 = DIRECTION('',(2.22044604925E-16,0.,-1.));
#6682 = ADVANCED_FACE('',(#6683),#6701,.F.);
#6683 = FACE_BOUND('',#6684,.F.);
#6684 = EDGE_LOOP('',(#6685,#6693,#6699,#6700));
#6685 = ORIENTED_EDGE('',*,*,#6686,.F.);
#6686 = EDGE_CURVE('',#6687,#2758,#6689,.T.);
#6687 = VERTEX_POINT('',#6688);
#6688 = CARTESIAN_POINT('',(22.237344,28.787358,45.712344));
#6689 = LINE('',#6690,#6691);
#6690 = CARTESIAN_POINT('',(22.237344,27.687358,45.712344));
#6691 = VECTOR('',#6692,1.);
#6692 = DIRECTION('',(0.,1.,0.));
#6693 = ORIENTED_EDGE('',*,*,#6694,.F.);
#6694 = EDGE_CURVE('',#6663,#6687,#6695,.T.);
#6695 = LINE('',#6696,#6697);
#6696 = CARTESIAN_POINT('',(20.237344,28.787358,45.712344));
#6697 = VECTOR('',#6698,1.);
#6698 = DIRECTION('',(1.,0.,2.22044604925E-16));
#6699 = ORIENTED_EDGE('',*,*,#6662,.T.);
#6700 = ORIENTED_EDGE('',*,*,#2765,.F.);
#6701 = PLANE('',#6702);
#6702 = AXIS2_PLACEMENT_3D('',#6703,#6704,#6705);
#6703 = CARTESIAN_POINT('',(20.237344,27.687358,45.712344));
#6704 = DIRECTION('',(2.22044604925E-16,0.,-1.));
#6705 = DIRECTION('',(1.,0.,2.22044604925E-16));
#6706 = ADVANCED_FACE('',(#6707),#6725,.F.);
#6707 = FACE_BOUND('',#6708,.F.);
#6708 = EDGE_LOOP('',(#6709,#6717,#6718,#6719));
#6709 = ORIENTED_EDGE('',*,*,#6710,.F.);
#6710 = EDGE_CURVE('',#6687,#6711,#6713,.T.);
#6711 = VERTEX_POINT('',#6712);
#6712 = CARTESIAN_POINT('',(24.823501,28.787358,45.712344));
#6713 = LINE('',#6714,#6715);
#6714 = CARTESIAN_POINT('',(20.237344,28.787358,45.712344));
#6715 = VECTOR('',#6716,1.);
#6716 = DIRECTION('',(1.,0.,2.22044604925E-16));
#6717 = ORIENTED_EDGE('',*,*,#6686,.T.);
#6718 = ORIENTED_EDGE('',*,*,#2757,.F.);
#6719 = ORIENTED_EDGE('',*,*,#6720,.F.);
#6720 = EDGE_CURVE('',#6711,#694,#6721,.T.);
#6721 = LINE('',#6722,#6723);
#6722 = CARTESIAN_POINT('',(24.823501,28.787358,45.712344));
#6723 = VECTOR('',#6724,1.);
#6724 = DIRECTION('',(0.,1.,0.));
#6725 = PLANE('',#6726);
#6726 = AXIS2_PLACEMENT_3D('',#6727,#6728,#6729);
#6727 = CARTESIAN_POINT('',(20.237344,28.787358,45.712344));
#6728 = DIRECTION('',(2.22044604925E-16,0.,-1.));
#6729 = DIRECTION('',(1.,0.,2.22044604925E-16));
#6730 = ADVANCED_FACE('',(#6731),#6756,.T.);
#6731 = FACE_BOUND('',#6732,.T.);
#6732 = EDGE_LOOP('',(#6733,#6743,#6749,#6750));
#6733 = ORIENTED_EDGE('',*,*,#6734,.F.);
#6734 = EDGE_CURVE('',#6735,#6737,#6739,.T.);
#6735 = VERTEX_POINT('',#6736);
#6736 = CARTESIAN_POINT('',(22.237344,28.787358,56.570344));
#6737 = VERTEX_POINT('',#6738);
#6738 = CARTESIAN_POINT('',(24.823501,28.787358,56.570344));
#6739 = LINE('',#6740,#6741);
#6740 = CARTESIAN_POINT('',(20.237344,28.787358,56.570344));
#6741 = VECTOR('',#6742,1.);
#6742 = DIRECTION('',(1.,0.,2.22044604925E-16));
#6743 = ORIENTED_EDGE('',*,*,#6744,.T.);
#6744 = EDGE_CURVE('',#6735,#2743,#6745,.T.);
#6745 = LINE('',#6746,#6747);
#6746 = CARTESIAN_POINT('',(22.237344,27.687358,56.570344));
#6747 = VECTOR('',#6748,1.);
#6748 = DIRECTION('',(0.,1.,0.));
#6749 = ORIENTED_EDGE('',*,*,#2750,.F.);
#6750 = ORIENTED_EDGE('',*,*,#6751,.F.);
#6751 = EDGE_CURVE('',#6737,#686,#6752,.T.);
#6752 = LINE('',#6753,#6754);
#6753 = CARTESIAN_POINT('',(24.823501,28.787358,56.570344));
#6754 = VECTOR('',#6755,1.);
#6755 = DIRECTION('',(0.,1.,0.));
#6756 = PLANE('',#6757);
#6757 = AXIS2_PLACEMENT_3D('',#6758,#6759,#6760);
#6758 = CARTESIAN_POINT('',(20.237344,28.787358,56.570344));
#6759 = DIRECTION('',(2.22044604925E-16,0.,-1.));
#6760 = DIRECTION('',(1.,0.,2.22044604925E-16));
#6761 = ADVANCED_FACE('',(#6762),#6780,.T.);
#6762 = FACE_BOUND('',#6763,.T.);
#6763 = EDGE_LOOP('',(#6764,#6765,#6773,#6779));
#6764 = ORIENTED_EDGE('',*,*,#6744,.F.);
#6765 = ORIENTED_EDGE('',*,*,#6766,.F.);
#6766 = EDGE_CURVE('',#6767,#6735,#6769,.T.);
#6767 = VERTEX_POINT('',#6768);
#6768 = CARTESIAN_POINT('',(20.237344,28.787358,56.570344));
#6769 = LINE('',#6770,#6771);
#6770 = CARTESIAN_POINT('',(20.237344,28.787358,56.570344));
#6771 = VECTOR('',#6772,1.);
#6772 = DIRECTION('',(1.,0.,2.22044604925E-16));
#6773 = ORIENTED_EDGE('',*,*,#6774,.T.);
#6774 = EDGE_CURVE('',#6767,#2735,#6775,.T.);
#6775 = LINE('',#6776,#6777);
#6776 = CARTESIAN_POINT('',(20.237344,27.687358,56.570344));
#6777 = VECTOR('',#6778,1.);
#6778 = DIRECTION('',(0.,1.,0.));
#6779 = ORIENTED_EDGE('',*,*,#2742,.F.);
#6780 = PLANE('',#6781);
#6781 = AXIS2_PLACEMENT_3D('',#6782,#6783,#6784);
#6782 = CARTESIAN_POINT('',(20.237344,27.687358,56.570344));
#6783 = DIRECTION('',(2.22044604925E-16,0.,-1.));
#6784 = DIRECTION('',(1.,0.,2.22044604925E-16));
#6785 = ADVANCED_FACE('',(#6786),#6804,.F.);
#6786 = FACE_BOUND('',#6787,.F.);
#6787 = EDGE_LOOP('',(#6788,#6796,#6802,#6803));
#6788 = ORIENTED_EDGE('',*,*,#6789,.F.);
#6789 = EDGE_CURVE('',#6790,#2727,#6792,.T.);
#6790 = VERTEX_POINT('',#6791);
#6791 = CARTESIAN_POINT('',(20.237344,28.787358,60.974688));
#6792 = LINE('',#6793,#6794);
#6793 = CARTESIAN_POINT('',(20.237344,27.687358,60.974688));
#6794 = VECTOR('',#6795,1.);
#6795 = DIRECTION('',(0.,1.,0.));
#6796 = ORIENTED_EDGE('',*,*,#6797,.T.);
#6797 = EDGE_CURVE('',#6790,#6767,#6798,.T.);
#6798 = LINE('',#6799,#6800);
#6799 = CARTESIAN_POINT('',(20.237344,28.787358,60.974688));
#6800 = VECTOR('',#6801,1.);
#6801 = DIRECTION('',(2.22044604925E-16,0.,-1.));
#6802 = ORIENTED_EDGE('',*,*,#6774,.T.);
#6803 = ORIENTED_EDGE('',*,*,#2734,.F.);
#6804 = PLANE('',#6805);
#6805 = AXIS2_PLACEMENT_3D('',#6806,#6807,#6808);
#6806 = CARTESIAN_POINT('',(20.237344,27.687358,60.974688));
#6807 = DIRECTION('',(1.,0.,2.22044604925E-16));
#6808 = DIRECTION('',(2.22044604925E-16,0.,-1.));
#6809 = ADVANCED_FACE('',(#6810),#6828,.F.);
#6810 = FACE_BOUND('',#6811,.F.);
#6811 = EDGE_LOOP('',(#6812,#6820,#6826,#6827));
#6812 = ORIENTED_EDGE('',*,*,#6813,.F.);
#6813 = EDGE_CURVE('',#6814,#2719,#6816,.T.);
#6814 = VERTEX_POINT('',#6815);
#6815 = CARTESIAN_POINT('',(22.237344,28.787358,60.974688));
#6816 = LINE('',#6817,#6818);
#6817 = CARTESIAN_POINT('',(22.237344,27.687358,60.974688));
#6818 = VECTOR('',#6819,1.);
#6819 = DIRECTION('',(0.,1.,0.));
#6820 = ORIENTED_EDGE('',*,*,#6821,.F.);
#6821 = EDGE_CURVE('',#6790,#6814,#6822,.T.);
#6822 = LINE('',#6823,#6824);
#6823 = CARTESIAN_POINT('',(20.237344,28.787358,60.974688));
#6824 = VECTOR('',#6825,1.);
#6825 = DIRECTION('',(1.,0.,2.22044604925E-16));
#6826 = ORIENTED_EDGE('',*,*,#6789,.T.);
#6827 = ORIENTED_EDGE('',*,*,#2726,.F.);
#6828 = PLANE('',#6829);
#6829 = AXIS2_PLACEMENT_3D('',#6830,#6831,#6832);
#6830 = CARTESIAN_POINT('',(20.237344,27.687358,60.974688));
#6831 = DIRECTION('',(2.22044604925E-16,0.,-1.));
#6832 = DIRECTION('',(1.,0.,2.22044604925E-16));
#6833 = ADVANCED_FACE('',(#6834),#6852,.F.);
#6834 = FACE_BOUND('',#6835,.F.);
#6835 = EDGE_LOOP('',(#6836,#6844,#6845,#6846));
#6836 = ORIENTED_EDGE('',*,*,#6837,.F.);
#6837 = EDGE_CURVE('',#6814,#6838,#6840,.T.);
#6838 = VERTEX_POINT('',#6839);
#6839 = CARTESIAN_POINT('',(24.823501,28.787358,60.974688));
#6840 = LINE('',#6841,#6842);
#6841 = CARTESIAN_POINT('',(20.237344,28.787358,60.974688));
#6842 = VECTOR('',#6843,1.);
#6843 = DIRECTION('',(1.,0.,2.22044604925E-16));
#6844 = ORIENTED_EDGE('',*,*,#6813,.T.);
#6845 = ORIENTED_EDGE('',*,*,#2718,.F.);
#6846 = ORIENTED_EDGE('',*,*,#6847,.F.);
#6847 = EDGE_CURVE('',#6838,#662,#6848,.T.);
#6848 = LINE('',#6849,#6850);
#6849 = CARTESIAN_POINT('',(24.823501,28.787358,60.974688));
#6850 = VECTOR('',#6851,1.);
#6851 = DIRECTION('',(0.,1.,0.));
#6852 = PLANE('',#6853);
#6853 = AXIS2_PLACEMENT_3D('',#6854,#6855,#6856);
#6854 = CARTESIAN_POINT('',(20.237344,28.787358,60.974688));
#6855 = DIRECTION('',(2.22044604925E-16,0.,-1.));
#6856 = DIRECTION('',(1.,0.,2.22044604925E-16));
#6857 = ADVANCED_FACE('',(#6858),#6869,.T.);
#6858 = FACE_BOUND('',#6859,.T.);
#6859 = EDGE_LOOP('',(#6860,#6861,#6867,#6868));
#6860 = ORIENTED_EDGE('',*,*,#6720,.F.);
#6861 = ORIENTED_EDGE('',*,*,#6862,.T.);
#6862 = EDGE_CURVE('',#6711,#6610,#6863,.T.);
#6863 = LINE('',#6864,#6865);
#6864 = CARTESIAN_POINT('',(24.823501,28.787358,45.712344));
#6865 = VECTOR('',#6866,1.);
#6866 = DIRECTION('',(2.22044604925E-16,0.,-1.));
#6867 = ORIENTED_EDGE('',*,*,#6624,.T.);
#6868 = ORIENTED_EDGE('',*,*,#2805,.T.);
#6869 = PLANE('',#6870);
#6870 = AXIS2_PLACEMENT_3D('',#6871,#6872,#6873);
#6871 = CARTESIAN_POINT('',(24.823501,28.787358,45.712344));
#6872 = DIRECTION('',(1.,0.,2.22044604925E-16));
#6873 = DIRECTION('',(2.22044604925E-16,0.,-1.));
#6874 = ADVANCED_FACE('',(#6875),#6886,.T.);
#6875 = FACE_BOUND('',#6876,.T.);
#6876 = EDGE_LOOP('',(#6877,#6878,#6884,#6885));
#6877 = ORIENTED_EDGE('',*,*,#6847,.F.);
#6878 = ORIENTED_EDGE('',*,*,#6879,.T.);
#6879 = EDGE_CURVE('',#6838,#6737,#6880,.T.);
#6880 = LINE('',#6881,#6882);
#6881 = CARTESIAN_POINT('',(24.823501,28.787358,60.974688));
#6882 = VECTOR('',#6883,1.);
#6883 = DIRECTION('',(2.22044604925E-16,0.,-1.));
#6884 = ORIENTED_EDGE('',*,*,#6751,.T.);
#6885 = ORIENTED_EDGE('',*,*,#2822,.T.);
#6886 = PLANE('',#6887);
#6887 = AXIS2_PLACEMENT_3D('',#6888,#6889,#6890);
#6888 = CARTESIAN_POINT('',(24.823501,28.787358,60.974688));
#6889 = DIRECTION('',(1.,0.,2.22044604925E-16));
#6890 = DIRECTION('',(2.22044604925E-16,0.,-1.));
#6891 = ADVANCED_FACE('',(#6892),#6903,.T.);
#6892 = FACE_BOUND('',#6893,.T.);
#6893 = EDGE_LOOP('',(#6894,#6895,#6896,#6902));
#6894 = ORIENTED_EDGE('',*,*,#2871,.F.);
#6895 = ORIENTED_EDGE('',*,*,#5733,.T.);
#6896 = ORIENTED_EDGE('',*,*,#6897,.T.);
#6897 = EDGE_CURVE('',#5734,#5830,#6898,.T.);
#6898 = LINE('',#6899,#6900);
#6899 = CARTESIAN_POINT('',(24.823501,21.8,64.274688));
#6900 = VECTOR('',#6901,1.);
#6901 = DIRECTION('',(0.,1.,0.));
#6902 = ORIENTED_EDGE('',*,*,#5829,.F.);
#6903 = PLANE('',#6904);
#6904 = AXIS2_PLACEMENT_3D('',#6905,#6906,#6907);
#6905 = CARTESIAN_POINT('',(24.823501,21.8,69.274688));
#6906 = DIRECTION('',(1.,0.,2.22044604925E-16));
#6907 = DIRECTION('',(2.22044604925E-16,0.,-1.));
#6908 = ADVANCED_FACE('',(#6909),#6927,.T.);
#6909 = FACE_BOUND('',#6910,.T.);
#6910 = EDGE_LOOP('',(#6911,#6912,#6920,#6926));
#6911 = ORIENTED_EDGE('',*,*,#2847,.T.);
#6912 = ORIENTED_EDGE('',*,*,#6913,.F.);
#6913 = EDGE_CURVE('',#6914,#2840,#6916,.T.);
#6914 = VERTEX_POINT('',#6915);
#6915 = CARTESIAN_POINT('',(24.823501,21.8,69.174688));
#6916 = LINE('',#6917,#6918);
#6917 = CARTESIAN_POINT('',(24.823501,-249.875,69.174688));
#6918 = VECTOR('',#6919,1.);
#6919 = DIRECTION('',(0.,1.,0.));
#6920 = ORIENTED_EDGE('',*,*,#6921,.T.);
#6921 = EDGE_CURVE('',#6914,#2857,#6922,.T.);
#6922 = LINE('',#6923,#6924);
#6923 = CARTESIAN_POINT('',(24.823501,21.8,69.274688));
#6924 = VECTOR('',#6925,1.);
#6925 = DIRECTION('',(2.22044604925E-16,0.,-1.));
#6926 = ORIENTED_EDGE('',*,*,#2856,.T.);
#6927 = PLANE('',#6928);
#6928 = AXIS2_PLACEMENT_3D('',#6929,#6930,#6931);
#6929 = CARTESIAN_POINT('',(24.823501,-500.,541.737344));
#6930 = DIRECTION('',(1.,0.,2.22044604925E-16));
#6931 = DIRECTION('',(2.22044604925E-16,0.,-1.));
#6932 = ADVANCED_FACE('',(#6933),#6957,.T.);
#6933 = FACE_BOUND('',#6934,.T.);
#6934 = EDGE_LOOP('',(#6935,#6943,#6950,#6951));
#6935 = ORIENTED_EDGE('',*,*,#6936,.F.);
#6936 = EDGE_CURVE('',#4672,#6937,#6939,.T.);
#6937 = VERTEX_POINT('',#6938);
#6938 = CARTESIAN_POINT('',(24.823501,25.487358,69.274688));
#6939 = LINE('',#6940,#6941);
#6940 = CARTESIAN_POINT('',(24.823501,21.8,69.274688));
#6941 = VECTOR('',#6942,1.);
#6942 = DIRECTION('',(0.,1.,0.));
#6943 = ORIENTED_EDGE('',*,*,#6944,.F.);
#6944 = EDGE_CURVE('',#2840,#4672,#6945,.T.);
#6945 = CIRCLE('',#6946,4.5);
#6946 = AXIS2_PLACEMENT_3D('',#6947,#6948,#6949);
#6947 = CARTESIAN_POINT('',(24.823501,21.938,72.174688));
#6948 = DIRECTION('',(1.,-0.,2.22044604925E-16));
#6949 = DIRECTION('',(2.22044604925E-16,0.,-1.));
#6950 = ORIENTED_EDGE('',*,*,#2839,.T.);
#6951 = ORIENTED_EDGE('',*,*,#6952,.F.);
#6952 = EDGE_CURVE('',#6937,#638,#6953,.T.);
#6953 = LINE('',#6954,#6955);
#6954 = CARTESIAN_POINT('',(24.823501,25.487358,69.274688));
#6955 = VECTOR('',#6956,1.);
#6956 = DIRECTION('',(2.22044604925E-16,0.,-1.));
#6957 = PLANE('',#6958);
#6958 = AXIS2_PLACEMENT_3D('',#6959,#6960,#6961);
#6959 = CARTESIAN_POINT('',(24.823501,21.8,69.274688));
#6960 = DIRECTION('',(1.,0.,2.22044604925E-16));
#6961 = DIRECTION('',(2.22044604925E-16,0.,-1.));
#6962 = ADVANCED_FACE('',(#6963),#6981,.T.);
#6963 = FACE_BOUND('',#6964,.T.);
#6964 = EDGE_LOOP('',(#6965,#6973,#6979,#6980));
#6965 = ORIENTED_EDGE('',*,*,#6966,.F.);
#6966 = EDGE_CURVE('',#6967,#2905,#6969,.T.);
#6967 = VERTEX_POINT('',#6968);
#6968 = CARTESIAN_POINT('',(22.237344,25.487358,69.274688));
#6969 = LINE('',#6970,#6971);
#6970 = CARTESIAN_POINT('',(22.237344,25.487358,69.274688));
#6971 = VECTOR('',#6972,1.);
#6972 = DIRECTION('',(2.22044604925E-16,0.,-1.));
#6973 = ORIENTED_EDGE('',*,*,#6974,.T.);
#6974 = EDGE_CURVE('',#6967,#6937,#6975,.T.);
#6975 = LINE('',#6976,#6977);
#6976 = CARTESIAN_POINT('',(20.237344,25.487358,69.274688));
#6977 = VECTOR('',#6978,1.);
#6978 = DIRECTION('',(1.,0.,2.22044604925E-16));
#6979 = ORIENTED_EDGE('',*,*,#6952,.T.);
#6980 = ORIENTED_EDGE('',*,*,#2912,.T.);
#6981 = PLANE('',#6982);
#6982 = AXIS2_PLACEMENT_3D('',#6983,#6984,#6985);
#6983 = CARTESIAN_POINT('',(20.237344,25.487358,69.274688));
#6984 = DIRECTION('',(0.,1.,0.));
#6985 = DIRECTION('',(1.,0.,2.22044604925E-16));
#6986 = ADVANCED_FACE('',(#6987),#7004,.T.);
#6987 = FACE_BOUND('',#6988,.T.);
#6988 = EDGE_LOOP('',(#6989,#6990,#6996,#6997,#7003));
#6989 = ORIENTED_EDGE('',*,*,#2904,.T.);
#6990 = ORIENTED_EDGE('',*,*,#6991,.F.);
#6991 = EDGE_CURVE('',#4648,#2897,#6992,.T.);
#6992 = LINE('',#6993,#6994);
#6993 = CARTESIAN_POINT('',(20.237344,25.487358,69.274688));
#6994 = VECTOR('',#6995,1.);
#6995 = DIRECTION('',(2.22044604925E-16,0.,-1.));
#6996 = ORIENTED_EDGE('',*,*,#4647,.T.);
#6997 = ORIENTED_EDGE('',*,*,#6998,.T.);
#6998 = EDGE_CURVE('',#4639,#6967,#6999,.T.);
#6999 = LINE('',#7000,#7001);
#7000 = CARTESIAN_POINT('',(20.237344,25.487358,69.274688));
#7001 = VECTOR('',#7002,1.);
#7002 = DIRECTION('',(1.,0.,2.22044604925E-16));
#7003 = ORIENTED_EDGE('',*,*,#6966,.T.);
#7004 = PLANE('',#7005);
#7005 = AXIS2_PLACEMENT_3D('',#7006,#7007,#7008);
#7006 = CARTESIAN_POINT('',(20.237344,25.487358,69.274688));
#7007 = DIRECTION('',(0.,1.,0.));
#7008 = DIRECTION('',(1.,0.,2.22044604925E-16));
#7009 = ADVANCED_FACE('',(#7010),#7015,.F.);
#7010 = FACE_BOUND('',#7011,.F.);
#7011 = EDGE_LOOP('',(#7012,#7013,#7014));
#7012 = ORIENTED_EDGE('',*,*,#6991,.F.);
#7013 = ORIENTED_EDGE('',*,*,#4656,.F.);
#7014 = ORIENTED_EDGE('',*,*,#2896,.T.);
#7015 = PLANE('',#7016);
#7016 = AXIS2_PLACEMENT_3D('',#7017,#7018,#7019);
#7017 = CARTESIAN_POINT('',(20.237344,21.8,69.274688));
#7018 = DIRECTION('',(1.,0.,2.22044604925E-16));
#7019 = DIRECTION('',(2.22044604925E-16,0.,-1.));
#7020 = ADVANCED_FACE('',(#7021),#7026,.T.);
#7021 = FACE_BOUND('',#7022,.T.);
#7022 = EDGE_LOOP('',(#7023,#7024,#7025));
#7023 = ORIENTED_EDGE('',*,*,#2956,.T.);
#7024 = ORIENTED_EDGE('',*,*,#3723,.F.);
#7025 = ORIENTED_EDGE('',*,*,#5305,.F.);
#7026 = SPHERICAL_SURFACE('',#7027,2.5);
#7027 = AXIS2_PLACEMENT_3D('',#7028,#7029,#7030);
#7028 = CARTESIAN_POINT('',(2.037344,30.287358,66.674688));
#7029 = DIRECTION('',(-0.83874054023,8.004443995557E-02,-0.538615998469)
  );
#7030 = DIRECTION('',(0.419755637694,-0.535047891199,-0.733163664367));
#7031 = ADVANCED_FACE('',(#7032),#7048,.F.);
#7032 = FACE_BOUND('',#7033,.F.);
#7033 = EDGE_LOOP('',(#7034,#7035,#7041,#7042));
#7034 = ORIENTED_EDGE('',*,*,#3371,.F.);
#7035 = ORIENTED_EDGE('',*,*,#7036,.T.);
#7036 = EDGE_CURVE('',#3364,#3009,#7037,.T.);
#7037 = LINE('',#7038,#7039);
#7038 = CARTESIAN_POINT('',(-18.1777824848,38.824024344268,
    6.913095554657));
#7039 = VECTOR('',#7040,1.);
#7040 = DIRECTION('',(3.263988123482E-17,0.989136944332,0.146996956967)
  );
#7041 = ORIENTED_EDGE('',*,*,#3006,.F.);
#7042 = ORIENTED_EDGE('',*,*,#7043,.T.);
#7043 = EDGE_CURVE('',#3007,#3372,#7044,.T.);
#7044 = LINE('',#7045,#7046);
#7045 = CARTESIAN_POINT('',(-12.1777824848,38.329455872102,
    6.839597076173));
#7046 = VECTOR('',#7047,1.);
#7047 = DIRECTION('',(-3.263988123482E-17,-0.989136944332,
    -0.146996956967));
#7048 = PLANE('',#7049);
#7049 = AXIS2_PLACEMENT_3D('',#7050,#7051,#7052);
#7050 = CARTESIAN_POINT('',(-18.1777824848,38.824024344268,
    6.913095554657));
#7051 = DIRECTION('',(0.,0.146996956967,-0.989136944332));
#7052 = DIRECTION('',(1.,-3.228531238797E-17,-4.797963217268E-18));
#7053 = ADVANCED_FACE('',(#7054),#7065,.F.);
#7054 = FACE_BOUND('',#7055,.F.);
#7055 = EDGE_LOOP('',(#7056,#7057,#7063,#7064));
#7056 = ORIENTED_EDGE('',*,*,#3361,.F.);
#7057 = ORIENTED_EDGE('',*,*,#7058,.T.);
#7058 = EDGE_CURVE('',#3362,#3017,#7059,.T.);
#7059 = LINE('',#7060,#7061);
#7060 = CARTESIAN_POINT('',(-12.1777824848,36.527397135809,
    18.965581917677));
#7061 = VECTOR('',#7062,1.);
#7062 = DIRECTION('',(3.263988123482E-17,0.989136944332,0.146996956967)
  );
#7063 = ORIENTED_EDGE('',*,*,#3024,.F.);
#7064 = ORIENTED_EDGE('',*,*,#7036,.F.);
#7065 = PLANE('',#7066);
#7066 = AXIS2_PLACEMENT_3D('',#7067,#7068,#7069);
#7067 = CARTESIAN_POINT('',(7.328680321049,31.163333655732,
    58.461592445343));
#7068 = DIRECTION('',(-0.89819247451,-6.462021652099E-02,0.434826984386)
  );
#7069 = DIRECTION('',(-0.439602409836,0.132031560523,-0.888435359659));
#7070 = ADVANCED_FACE('',(#7071),#7077,.F.);
#7071 = FACE_BOUND('',#7072,.F.);
#7072 = EDGE_LOOP('',(#7073,#7074,#7075,#7076));
#7073 = ORIENTED_EDGE('',*,*,#7043,.F.);
#7074 = ORIENTED_EDGE('',*,*,#3016,.F.);
#7075 = ORIENTED_EDGE('',*,*,#7058,.F.);
#7076 = ORIENTED_EDGE('',*,*,#3379,.T.);
#7077 = PLANE('',#7078);
#7078 = AXIS2_PLACEMENT_3D('',#7079,#7080,#7081);
#7079 = CARTESIAN_POINT('',(-12.1777824848,37.981884356902,
    5.776961653358));
#7080 = DIRECTION('',(1.,3.545688468487E-19,-2.244304852382E-16));
#7081 = DIRECTION('',(3.263988123482E-17,0.989136944332,0.146996956967)
  );
#7082 = ADVANCED_FACE('',(#7083),#7099,.F.);
#7083 = FACE_BOUND('',#7084,.F.);
#7084 = EDGE_LOOP('',(#7085,#7086,#7092,#7093));
#7085 = ORIENTED_EDGE('',*,*,#3397,.F.);
#7086 = ORIENTED_EDGE('',*,*,#7087,.F.);
#7087 = EDGE_CURVE('',#3035,#3390,#7088,.T.);
#7088 = LINE('',#7089,#7090);
#7089 = CARTESIAN_POINT('',(-9.177782484801,38.329455872102,
    6.839597076173));
#7090 = VECTOR('',#7091,1.);
#7091 = DIRECTION('',(-3.263988123482E-17,-0.989136944332,
    -0.146996956967));
#7092 = ORIENTED_EDGE('',*,*,#3032,.F.);
#7093 = ORIENTED_EDGE('',*,*,#7094,.T.);
#7094 = EDGE_CURVE('',#3033,#3398,#7095,.T.);
#7095 = LINE('',#7096,#7097);
#7096 = CARTESIAN_POINT('',(-3.177782484801,38.329455872102,
    6.839597076173));
#7097 = VECTOR('',#7098,1.);
#7098 = DIRECTION('',(-3.263988123482E-17,-0.989136944332,
    -0.146996956967));
#7099 = PLANE('',#7100);
#7100 = AXIS2_PLACEMENT_3D('',#7101,#7102,#7103);
#7101 = CARTESIAN_POINT('',(-18.1777824848,38.824024344268,
    6.913095554657));
#7102 = DIRECTION('',(0.,0.146996956967,-0.989136944332));
#7103 = DIRECTION('',(1.,-3.228531238797E-17,-4.797963217268E-18));
#7104 = ADVANCED_FACE('',(#7105),#7116,.T.);
#7105 = FACE_BOUND('',#7106,.T.);
#7106 = EDGE_LOOP('',(#7107,#7108,#7109,#7115));
#7107 = ORIENTED_EDGE('',*,*,#7087,.F.);
#7108 = ORIENTED_EDGE('',*,*,#3058,.F.);
#7109 = ORIENTED_EDGE('',*,*,#7110,.F.);
#7110 = EDGE_CURVE('',#3388,#3051,#7111,.T.);
#7111 = LINE('',#7112,#7113);
#7112 = CARTESIAN_POINT('',(-9.177782484801,35.626367767662,
    25.028574338429));
#7113 = VECTOR('',#7114,1.);
#7114 = DIRECTION('',(3.263988123482E-17,0.989136944332,0.146996956967)
  );
#7115 = ORIENTED_EDGE('',*,*,#3387,.T.);
#7116 = PLANE('',#7117);
#7117 = AXIS2_PLACEMENT_3D('',#7118,#7119,#7120);
#7118 = CARTESIAN_POINT('',(-9.177782484801,37.981884356902,
    5.776961653358));
#7119 = DIRECTION('',(1.,3.545688468487E-19,-2.244304852382E-16));
#7120 = DIRECTION('',(3.263988123482E-17,0.989136944332,0.146996956967)
  );
#7121 = ADVANCED_FACE('',(#7122),#7133,.F.);
#7122 = FACE_BOUND('',#7123,.F.);
#7123 = EDGE_LOOP('',(#7124,#7125,#7131,#7132));
#7124 = ORIENTED_EDGE('',*,*,#3413,.F.);
#7125 = ORIENTED_EDGE('',*,*,#7126,.T.);
#7126 = EDGE_CURVE('',#3406,#3043,#7127,.T.);
#7127 = LINE('',#7128,#7129);
#7128 = CARTESIAN_POINT('',(-3.177782484801,33.824309031369,
    37.154559179933));
#7129 = VECTOR('',#7130,1.);
#7130 = DIRECTION('',(3.263988123482E-17,0.989136944332,0.146996956967)
  );
#7131 = ORIENTED_EDGE('',*,*,#3050,.F.);
#7132 = ORIENTED_EDGE('',*,*,#7110,.F.);
#7133 = PLANE('',#7134);
#7134 = AXIS2_PLACEMENT_3D('',#7135,#7136,#7137);
#7135 = CARTESIAN_POINT('',(7.328680321049,31.163333655732,
    58.461592445343));
#7136 = DIRECTION('',(-0.89819247451,-6.462021652099E-02,0.434826984386)
  );
#7137 = DIRECTION('',(-0.439602409836,0.132031560523,-0.888435359659));
#7138 = ADVANCED_FACE('',(#7139),#7145,.F.);
#7139 = FACE_BOUND('',#7140,.F.);
#7140 = EDGE_LOOP('',(#7141,#7142,#7143,#7144));
#7141 = ORIENTED_EDGE('',*,*,#7094,.F.);
#7142 = ORIENTED_EDGE('',*,*,#3042,.F.);
#7143 = ORIENTED_EDGE('',*,*,#7126,.F.);
#7144 = ORIENTED_EDGE('',*,*,#3405,.T.);
#7145 = PLANE('',#7146);
#7146 = AXIS2_PLACEMENT_3D('',#7147,#7148,#7149);
#7147 = CARTESIAN_POINT('',(-3.177782484801,37.981884356902,
    5.776961653358));
#7148 = DIRECTION('',(1.,3.545688468487E-19,-2.244304852382E-16));
#7149 = DIRECTION('',(3.263988123482E-17,0.989136944332,0.146996956967)
  );
#7150 = ADVANCED_FACE('',(#7151),#7167,.F.);
#7151 = FACE_BOUND('',#7152,.F.);
#7152 = EDGE_LOOP('',(#7153,#7154,#7160,#7161));
#7153 = ORIENTED_EDGE('',*,*,#3431,.F.);
#7154 = ORIENTED_EDGE('',*,*,#7155,.F.);
#7155 = EDGE_CURVE('',#3069,#3424,#7156,.T.);
#7156 = LINE('',#7157,#7158);
#7157 = CARTESIAN_POINT('',(-0.177782484801,38.329455872102,
    6.839597076173));
#7158 = VECTOR('',#7159,1.);
#7159 = DIRECTION('',(-3.263988123482E-17,-0.989136944332,
    -0.146996956967));
#7160 = ORIENTED_EDGE('',*,*,#3066,.F.);
#7161 = ORIENTED_EDGE('',*,*,#7162,.T.);
#7162 = EDGE_CURVE('',#3067,#3432,#7163,.T.);
#7163 = LINE('',#7164,#7165);
#7164 = CARTESIAN_POINT('',(5.822217515199,38.329455872102,
    6.839597076173));
#7165 = VECTOR('',#7166,1.);
#7166 = DIRECTION('',(-3.263988123482E-17,-0.989136944332,
    -0.146996956967));
#7167 = PLANE('',#7168);
#7168 = AXIS2_PLACEMENT_3D('',#7169,#7170,#7171);
#7169 = CARTESIAN_POINT('',(-18.1777824848,38.824024344268,
    6.913095554657));
#7170 = DIRECTION('',(0.,0.146996956967,-0.989136944332));
#7171 = DIRECTION('',(1.,-3.228531238797E-17,-4.797963217268E-18));
#7172 = ADVANCED_FACE('',(#7173),#7184,.T.);
#7173 = FACE_BOUND('',#7174,.T.);
#7174 = EDGE_LOOP('',(#7175,#7176,#7177,#7183));
#7175 = ORIENTED_EDGE('',*,*,#7155,.F.);
#7176 = ORIENTED_EDGE('',*,*,#3092,.F.);
#7177 = ORIENTED_EDGE('',*,*,#7178,.F.);
#7178 = EDGE_CURVE('',#3422,#3085,#7179,.T.);
#7179 = LINE('',#7180,#7181);
#7180 = CARTESIAN_POINT('',(-0.177782484801,32.923279663223,
    43.217551600685));
#7181 = VECTOR('',#7182,1.);
#7182 = DIRECTION('',(3.263988123482E-17,0.989136944332,0.146996956967)
  );
#7183 = ORIENTED_EDGE('',*,*,#3421,.T.);
#7184 = PLANE('',#7185);
#7185 = AXIS2_PLACEMENT_3D('',#7186,#7187,#7188);
#7186 = CARTESIAN_POINT('',(-0.177782484801,37.981884356902,
    5.776961653358));
#7187 = DIRECTION('',(1.,3.545688468487E-19,-2.244304852382E-16));
#7188 = DIRECTION('',(3.263988123482E-17,0.989136944332,0.146996956967)
  );
#7189 = ADVANCED_FACE('',(#7190),#7201,.F.);
#7190 = FACE_BOUND('',#7191,.F.);
#7191 = EDGE_LOOP('',(#7192,#7193,#7199,#7200));
#7192 = ORIENTED_EDGE('',*,*,#3447,.F.);
#7193 = ORIENTED_EDGE('',*,*,#7194,.T.);
#7194 = EDGE_CURVE('',#3440,#3077,#7195,.T.);
#7195 = LINE('',#7196,#7197);
#7196 = CARTESIAN_POINT('',(5.822217515199,31.12122092693,
    55.343536442189));
#7197 = VECTOR('',#7198,1.);
#7198 = DIRECTION('',(3.263988123482E-17,0.989136944332,0.146996956967)
  );
#7199 = ORIENTED_EDGE('',*,*,#3084,.F.);
#7200 = ORIENTED_EDGE('',*,*,#7178,.F.);
#7201 = PLANE('',#7202);
#7202 = AXIS2_PLACEMENT_3D('',#7203,#7204,#7205);
#7203 = CARTESIAN_POINT('',(7.328680321049,31.163333655732,
    58.461592445343));
#7204 = DIRECTION('',(-0.89819247451,-6.462021652099E-02,0.434826984386)
  );
#7205 = DIRECTION('',(-0.439602409836,0.132031560523,-0.888435359659));
#7206 = ADVANCED_FACE('',(#7207),#7213,.F.);
#7207 = FACE_BOUND('',#7208,.F.);
#7208 = EDGE_LOOP('',(#7209,#7210,#7211,#7212));
#7209 = ORIENTED_EDGE('',*,*,#7162,.F.);
#7210 = ORIENTED_EDGE('',*,*,#3076,.F.);
#7211 = ORIENTED_EDGE('',*,*,#7194,.F.);
#7212 = ORIENTED_EDGE('',*,*,#3439,.T.);
#7213 = PLANE('',#7214);
#7214 = AXIS2_PLACEMENT_3D('',#7215,#7216,#7217);
#7215 = CARTESIAN_POINT('',(5.822217515199,37.981884356902,
    5.776961653358));
#7216 = DIRECTION('',(1.,3.545688468487E-19,-2.244304852382E-16));
#7217 = DIRECTION('',(3.263988123482E-17,0.989136944332,0.146996956967)
  );
#7218 = ADVANCED_FACE('',(#7219),#7235,.F.);
#7219 = FACE_BOUND('',#7220,.F.);
#7220 = EDGE_LOOP('',(#7221,#7222,#7228,#7229));
#7221 = ORIENTED_EDGE('',*,*,#3465,.F.);
#7222 = ORIENTED_EDGE('',*,*,#7223,.F.);
#7223 = EDGE_CURVE('',#3103,#3458,#7224,.T.);
#7224 = LINE('',#7225,#7226);
#7225 = CARTESIAN_POINT('',(8.822217515199,38.329455872102,
    6.839597076173));
#7226 = VECTOR('',#7227,1.);
#7227 = DIRECTION('',(-3.263988123482E-17,-0.989136944332,
    -0.146996956967));
#7228 = ORIENTED_EDGE('',*,*,#3100,.F.);
#7229 = ORIENTED_EDGE('',*,*,#7230,.T.);
#7230 = EDGE_CURVE('',#3101,#3466,#7231,.T.);
#7231 = LINE('',#7232,#7233);
#7232 = CARTESIAN_POINT('',(14.822217515199,38.329455872102,
    6.839597076173));
#7233 = VECTOR('',#7234,1.);
#7234 = DIRECTION('',(-3.263988123482E-17,-0.989136944332,
    -0.146996956967));
#7235 = PLANE('',#7236);
#7236 = AXIS2_PLACEMENT_3D('',#7237,#7238,#7239);
#7237 = CARTESIAN_POINT('',(-18.1777824848,38.824024344268,
    6.913095554657));
#7238 = DIRECTION('',(0.,0.146996956967,-0.989136944332));
#7239 = DIRECTION('',(1.,-3.228531238797E-17,-4.797963217268E-18));
#7240 = ADVANCED_FACE('',(#7241),#7252,.T.);
#7241 = FACE_BOUND('',#7242,.T.);
#7242 = EDGE_LOOP('',(#7243,#7244,#7245,#7251));
#7243 = ORIENTED_EDGE('',*,*,#7223,.F.);
#7244 = ORIENTED_EDGE('',*,*,#3126,.F.);
#7245 = ORIENTED_EDGE('',*,*,#7246,.T.);
#7246 = EDGE_CURVE('',#3119,#3456,#7247,.T.);
#7247 = LINE('',#7248,#7249);
#7248 = CARTESIAN_POINT('',(8.822217515199,30.668765183566,
    58.38809396686));
#7249 = VECTOR('',#7250,1.);
#7250 = DIRECTION('',(-3.263988123482E-17,-0.989136944332,
    -0.146996956967));
#7251 = ORIENTED_EDGE('',*,*,#3455,.T.);
#7252 = PLANE('',#7253);
#7253 = AXIS2_PLACEMENT_3D('',#7254,#7255,#7256);
#7254 = CARTESIAN_POINT('',(8.822217515199,37.981884356902,
    5.776961653358));
#7255 = DIRECTION('',(1.,3.545688468487E-19,-2.244304852382E-16));
#7256 = DIRECTION('',(3.263988123482E-17,0.989136944332,0.146996956967)
  );
#7257 = ADVANCED_FACE('',(#7258),#7269,.T.);
#7258 = FACE_BOUND('',#7259,.T.);
#7259 = EDGE_LOOP('',(#7260,#7261,#7262,#7263));
#7260 = ORIENTED_EDGE('',*,*,#3481,.F.);
#7261 = ORIENTED_EDGE('',*,*,#7246,.F.);
#7262 = ORIENTED_EDGE('',*,*,#3118,.F.);
#7263 = ORIENTED_EDGE('',*,*,#7264,.T.);
#7264 = EDGE_CURVE('',#3111,#3474,#7265,.T.);
#7265 = LINE('',#7266,#7267);
#7266 = CARTESIAN_POINT('',(14.822217515199,30.668765183566,
    58.38809396686));
#7267 = VECTOR('',#7268,1.);
#7268 = DIRECTION('',(-3.263988123482E-17,-0.989136944332,
    -0.146996956967));
#7269 = PLANE('',#7270);
#7270 = AXIS2_PLACEMENT_3D('',#7271,#7272,#7273);
#7271 = CARTESIAN_POINT('',(7.328680321049,31.163333655732,
    58.461592445343));
#7272 = DIRECTION('',(0.,0.146996956967,-0.989136944332));
#7273 = DIRECTION('',(1.,-3.228531238797E-17,-4.797963217268E-18));
#7274 = ADVANCED_FACE('',(#7275),#7281,.F.);
#7275 = FACE_BOUND('',#7276,.F.);
#7276 = EDGE_LOOP('',(#7277,#7278,#7279,#7280));
#7277 = ORIENTED_EDGE('',*,*,#7230,.F.);
#7278 = ORIENTED_EDGE('',*,*,#3110,.F.);
#7279 = ORIENTED_EDGE('',*,*,#7264,.T.);
#7280 = ORIENTED_EDGE('',*,*,#3473,.T.);
#7281 = PLANE('',#7282);
#7282 = AXIS2_PLACEMENT_3D('',#7283,#7284,#7285);
#7283 = CARTESIAN_POINT('',(14.822217515199,37.981884356902,
    5.776961653358));
#7284 = DIRECTION('',(1.,3.545688468487E-19,-2.244304852382E-16));
#7285 = DIRECTION('',(3.263988123482E-17,0.989136944332,0.146996956967)
  );
#7286 = ADVANCED_FACE('',(#7287,#7298,#7340,#7374,#7408,#7442,#7476),
  #7518,.F.);
#7287 = FACE_BOUND('',#7288,.F.);
#7288 = EDGE_LOOP('',(#7289,#7290,#7291,#7292));
#7289 = ORIENTED_EDGE('',*,*,#3337,.T.);
#7290 = ORIENTED_EDGE('',*,*,#3153,.F.);
#7291 = ORIENTED_EDGE('',*,*,#3175,.F.);
#7292 = ORIENTED_EDGE('',*,*,#7293,.T.);
#7293 = EDGE_CURVE('',#3176,#3338,#7294,.T.);
#7294 = LINE('',#7295,#7296);
#7295 = CARTESIAN_POINT('',(2.337344,-29.487358,66.374688));
#7296 = VECTOR('',#7297,1.);
#7297 = DIRECTION('',(0.,1.,0.));
#7298 = FACE_BOUND('',#7299,.F.);
#7299 = EDGE_LOOP('',(#7300,#7310,#7318,#7326,#7334));
#7300 = ORIENTED_EDGE('',*,*,#7301,.T.);
#7301 = EDGE_CURVE('',#7302,#7304,#7306,.T.);
#7302 = VERTEX_POINT('',#7303);
#7303 = CARTESIAN_POINT('',(-1.210535140528,18.196645168554,
    59.204433220412));
#7304 = VERTEX_POINT('',#7305);
#7305 = CARTESIAN_POINT('',(-27.45212085947,18.196645168554,
    6.170254779588));
#7306 = LINE('',#7307,#7308);
#7307 = CARTESIAN_POINT('',(-21.70088825026,18.196645168554,
    17.793481352787));
#7308 = VECTOR('',#7309,1.);
#7309 = DIRECTION('',(-0.443484892566,0.,-0.896281847449));
#7310 = ORIENTED_EDGE('',*,*,#7311,.T.);
#7311 = EDGE_CURVE('',#7304,#7312,#7314,.T.);
#7312 = VERTEX_POINT('',#7313);
#7313 = CARTESIAN_POINT('',(-27.45212085947,24.196645168554,
    6.170254779588));
#7314 = LINE('',#7315,#7316);
#7315 = CARTESIAN_POINT('',(-27.45212085947,-40.,6.170254779588));
#7316 = VECTOR('',#7317,1.);
#7317 = DIRECTION('',(0.,1.,0.));
#7318 = ORIENTED_EDGE('',*,*,#7319,.F.);
#7319 = EDGE_CURVE('',#7320,#7312,#7322,.T.);
#7320 = VERTEX_POINT('',#7321);
#7321 = CARTESIAN_POINT('',(-5.253779070774,24.196645168554,
    51.0330474523));
#7322 = LINE('',#7323,#7324);
#7323 = CARTESIAN_POINT('',(-21.70088825026,24.196645168554,
    17.793481352787));
#7324 = VECTOR('',#7325,1.);
#7325 = DIRECTION('',(-0.443484892566,0.,-0.896281847449));
#7326 = ORIENTED_EDGE('',*,*,#7327,.F.);
#7327 = EDGE_CURVE('',#7328,#7320,#7330,.T.);
#7328 = VERTEX_POINT('',#7329);
#7329 = CARTESIAN_POINT('',(-1.210535140528,22.982284660643,
    59.204433220412));
#7330 = LINE('',#7331,#7332);
#7331 = CARTESIAN_POINT('',(1.868911980528,22.057393896068,
    65.427988072102));
#7332 = VECTOR('',#7333,1.);
#7333 = DIRECTION('',(-0.439602409836,0.132031560523,-0.888435359659));
#7334 = ORIENTED_EDGE('',*,*,#7335,.F.);
#7335 = EDGE_CURVE('',#7302,#7328,#7336,.T.);
#7336 = LINE('',#7337,#7338);
#7337 = CARTESIAN_POINT('',(-1.210535140528,-29.487358,59.204433220412)
  );
#7338 = VECTOR('',#7339,1.);
#7339 = DIRECTION('',(0.,1.,0.));
#7340 = FACE_BOUND('',#7341,.F.);
#7341 = EDGE_LOOP('',(#7342,#7352,#7360,#7368));
#7342 = ORIENTED_EDGE('',*,*,#7343,.T.);
#7343 = EDGE_CURVE('',#7344,#7346,#7348,.T.);
#7344 = VERTEX_POINT('',#7345);
#7345 = CARTESIAN_POINT('',(-1.210535140528,9.196645168554,
    59.204433220412));
#7346 = VERTEX_POINT('',#7347);
#7347 = CARTESIAN_POINT('',(-27.45212085947,9.196645168554,
    6.170254779588));
#7348 = LINE('',#7349,#7350);
#7349 = CARTESIAN_POINT('',(-21.70088825026,9.196645168554,
    17.793481352787));
#7350 = VECTOR('',#7351,1.);
#7351 = DIRECTION('',(-0.443484892566,0.,-0.896281847449));
#7352 = ORIENTED_EDGE('',*,*,#7353,.T.);
#7353 = EDGE_CURVE('',#7346,#7354,#7356,.T.);
#7354 = VERTEX_POINT('',#7355);
#7355 = CARTESIAN_POINT('',(-27.45212085947,15.196645168554,
    6.170254779588));
#7356 = LINE('',#7357,#7358);
#7357 = CARTESIAN_POINT('',(-27.45212085947,-40.,6.170254779588));
#7358 = VECTOR('',#7359,1.);
#7359 = DIRECTION('',(0.,1.,0.));
#7360 = ORIENTED_EDGE('',*,*,#7361,.F.);
#7361 = EDGE_CURVE('',#7362,#7354,#7364,.T.);
#7362 = VERTEX_POINT('',#7363);
#7363 = CARTESIAN_POINT('',(-1.210535140528,15.196645168554,
    59.204433220412));
#7364 = LINE('',#7365,#7366);
#7365 = CARTESIAN_POINT('',(-21.70088825026,15.196645168554,
    17.793481352787));
#7366 = VECTOR('',#7367,1.);
#7367 = DIRECTION('',(-0.443484892566,0.,-0.896281847449));
#7368 = ORIENTED_EDGE('',*,*,#7369,.F.);
#7369 = EDGE_CURVE('',#7344,#7362,#7370,.T.);
#7370 = LINE('',#7371,#7372);
#7371 = CARTESIAN_POINT('',(-1.210535140528,-29.487358,59.204433220412)
  );
#7372 = VECTOR('',#7373,1.);
#7373 = DIRECTION('',(0.,1.,0.));
#7374 = FACE_BOUND('',#7375,.F.);
#7375 = EDGE_LOOP('',(#7376,#7386,#7394,#7402));
#7376 = ORIENTED_EDGE('',*,*,#7377,.T.);
#7377 = EDGE_CURVE('',#7378,#7380,#7382,.T.);
#7378 = VERTEX_POINT('',#7379);
#7379 = CARTESIAN_POINT('',(-1.210535140528,0.196645168554,
    59.204433220412));
#7380 = VERTEX_POINT('',#7381);
#7381 = CARTESIAN_POINT('',(-27.45212085947,0.196645168554,
    6.170254779588));
#7382 = LINE('',#7383,#7384);
#7383 = CARTESIAN_POINT('',(-21.70088825026,0.196645168554,
    17.793481352787));
#7384 = VECTOR('',#7385,1.);
#7385 = DIRECTION('',(-0.443484892566,0.,-0.896281847449));
#7386 = ORIENTED_EDGE('',*,*,#7387,.T.);
#7387 = EDGE_CURVE('',#7380,#7388,#7390,.T.);
#7388 = VERTEX_POINT('',#7389);
#7389 = CARTESIAN_POINT('',(-27.45212085947,6.196645168554,
    6.170254779588));
#7390 = LINE('',#7391,#7392);
#7391 = CARTESIAN_POINT('',(-27.45212085947,-40.,6.170254779588));
#7392 = VECTOR('',#7393,1.);
#7393 = DIRECTION('',(0.,1.,0.));
#7394 = ORIENTED_EDGE('',*,*,#7395,.F.);
#7395 = EDGE_CURVE('',#7396,#7388,#7398,.T.);
#7396 = VERTEX_POINT('',#7397);
#7397 = CARTESIAN_POINT('',(-1.210535140528,6.196645168554,
    59.204433220412));
#7398 = LINE('',#7399,#7400);
#7399 = CARTESIAN_POINT('',(-21.70088825026,6.196645168554,
    17.793481352787));
#7400 = VECTOR('',#7401,1.);
#7401 = DIRECTION('',(-0.443484892566,0.,-0.896281847449));
#7402 = ORIENTED_EDGE('',*,*,#7403,.F.);
#7403 = EDGE_CURVE('',#7378,#7396,#7404,.T.);
#7404 = LINE('',#7405,#7406);
#7405 = CARTESIAN_POINT('',(-1.210535140528,-29.487358,59.204433220412)
  );
#7406 = VECTOR('',#7407,1.);
#7407 = DIRECTION('',(0.,1.,0.));
#7408 = FACE_BOUND('',#7409,.F.);
#7409 = EDGE_LOOP('',(#7410,#7420,#7428,#7436));
#7410 = ORIENTED_EDGE('',*,*,#7411,.T.);
#7411 = EDGE_CURVE('',#7412,#7414,#7416,.T.);
#7412 = VERTEX_POINT('',#7413);
#7413 = CARTESIAN_POINT('',(-1.210535140528,-8.803354831446,
    59.204433220412));
#7414 = VERTEX_POINT('',#7415);
#7415 = CARTESIAN_POINT('',(-27.45212085947,-8.803354831446,
    6.170254779588));
#7416 = LINE('',#7417,#7418);
#7417 = CARTESIAN_POINT('',(-21.70088825026,-8.803354831446,
    17.793481352787));
#7418 = VECTOR('',#7419,1.);
#7419 = DIRECTION('',(-0.443484892566,0.,-0.896281847449));
#7420 = ORIENTED_EDGE('',*,*,#7421,.T.);
#7421 = EDGE_CURVE('',#7414,#7422,#7424,.T.);
#7422 = VERTEX_POINT('',#7423);
#7423 = CARTESIAN_POINT('',(-27.45212085947,-2.803354831446,
    6.170254779588));
#7424 = LINE('',#7425,#7426);
#7425 = CARTESIAN_POINT('',(-27.45212085947,-40.,6.170254779588));
#7426 = VECTOR('',#7427,1.);
#7427 = DIRECTION('',(0.,1.,0.));
#7428 = ORIENTED_EDGE('',*,*,#7429,.F.);
#7429 = EDGE_CURVE('',#7430,#7422,#7432,.T.);
#7430 = VERTEX_POINT('',#7431);
#7431 = CARTESIAN_POINT('',(-1.210535140528,-2.803354831446,
    59.204433220412));
#7432 = LINE('',#7433,#7434);
#7433 = CARTESIAN_POINT('',(-21.70088825026,-2.803354831446,
    17.793481352787));
#7434 = VECTOR('',#7435,1.);
#7435 = DIRECTION('',(-0.443484892566,0.,-0.896281847449));
#7436 = ORIENTED_EDGE('',*,*,#7437,.F.);
#7437 = EDGE_CURVE('',#7412,#7430,#7438,.T.);
#7438 = LINE('',#7439,#7440);
#7439 = CARTESIAN_POINT('',(-1.210535140528,-29.487358,59.204433220412)
  );
#7440 = VECTOR('',#7441,1.);
#7441 = DIRECTION('',(0.,1.,0.));
#7442 = FACE_BOUND('',#7443,.F.);
#7443 = EDGE_LOOP('',(#7444,#7454,#7462,#7470));
#7444 = ORIENTED_EDGE('',*,*,#7445,.T.);
#7445 = EDGE_CURVE('',#7446,#7448,#7450,.T.);
#7446 = VERTEX_POINT('',#7447);
#7447 = CARTESIAN_POINT('',(-1.210535140528,-17.80335483144,
    59.204433220412));
#7448 = VERTEX_POINT('',#7449);
#7449 = CARTESIAN_POINT('',(-27.45212085947,-17.80335483144,
    6.170254779588));
#7450 = LINE('',#7451,#7452);
#7451 = CARTESIAN_POINT('',(-21.70088825026,-17.80335483144,
    17.793481352787));
#7452 = VECTOR('',#7453,1.);
#7453 = DIRECTION('',(-0.443484892566,0.,-0.896281847449));
#7454 = ORIENTED_EDGE('',*,*,#7455,.T.);
#7455 = EDGE_CURVE('',#7448,#7456,#7458,.T.);
#7456 = VERTEX_POINT('',#7457);
#7457 = CARTESIAN_POINT('',(-27.45212085947,-11.80335483144,
    6.170254779588));
#7458 = LINE('',#7459,#7460);
#7459 = CARTESIAN_POINT('',(-27.45212085947,-40.,6.170254779588));
#7460 = VECTOR('',#7461,1.);
#7461 = DIRECTION('',(0.,1.,0.));
#7462 = ORIENTED_EDGE('',*,*,#7463,.F.);
#7463 = EDGE_CURVE('',#7464,#7456,#7466,.T.);
#7464 = VERTEX_POINT('',#7465);
#7465 = CARTESIAN_POINT('',(-1.210535140528,-11.80335483144,
    59.204433220412));
#7466 = LINE('',#7467,#7468);
#7467 = CARTESIAN_POINT('',(-21.70088825026,-11.80335483144,
    17.793481352787));
#7468 = VECTOR('',#7469,1.);
#7469 = DIRECTION('',(-0.443484892566,0.,-0.896281847449));
#7470 = ORIENTED_EDGE('',*,*,#7471,.F.);
#7471 = EDGE_CURVE('',#7446,#7464,#7472,.T.);
#7472 = LINE('',#7473,#7474);
#7473 = CARTESIAN_POINT('',(-1.210535140528,-29.487358,59.204433220412)
  );
#7474 = VECTOR('',#7475,1.);
#7475 = DIRECTION('',(0.,1.,0.));
#7476 = FACE_BOUND('',#7477,.F.);
#7477 = EDGE_LOOP('',(#7478,#7488,#7496,#7504,#7512));
#7478 = ORIENTED_EDGE('',*,*,#7479,.T.);
#7479 = EDGE_CURVE('',#7480,#7482,#7484,.T.);
#7480 = VERTEX_POINT('',#7481);
#7481 = CARTESIAN_POINT('',(-14.76745262859,-26.80335483144,
    31.805937227445));
#7482 = VERTEX_POINT('',#7483);
#7483 = CARTESIAN_POINT('',(-27.45212085947,-26.80335483144,
    6.170254779588));
#7484 = LINE('',#7485,#7486);
#7485 = CARTESIAN_POINT('',(-21.70088825026,-26.80335483144,
    17.793481352787));
#7486 = VECTOR('',#7487,1.);
#7487 = DIRECTION('',(-0.443484892566,0.,-0.896281847449));
#7488 = ORIENTED_EDGE('',*,*,#7489,.T.);
#7489 = EDGE_CURVE('',#7482,#7490,#7492,.T.);
#7490 = VERTEX_POINT('',#7491);
#7491 = CARTESIAN_POINT('',(-27.45212085947,-20.80335483144,
    6.170254779588));
#7492 = LINE('',#7493,#7494);
#7493 = CARTESIAN_POINT('',(-27.45212085947,-40.,6.170254779588));
#7494 = VECTOR('',#7495,1.);
#7495 = DIRECTION('',(0.,1.,0.));
#7496 = ORIENTED_EDGE('',*,*,#7497,.F.);
#7497 = EDGE_CURVE('',#7498,#7490,#7500,.T.);
#7498 = VERTEX_POINT('',#7499);
#7499 = CARTESIAN_POINT('',(-1.210535140528,-20.80335483144,
    59.204433220412));
#7500 = LINE('',#7501,#7502);
#7501 = CARTESIAN_POINT('',(-21.70088825026,-20.80335483144,
    17.793481352787));
#7502 = VECTOR('',#7503,1.);
#7503 = DIRECTION('',(-0.443484892566,0.,-0.896281847449));
#7504 = ORIENTED_EDGE('',*,*,#7505,.F.);
#7505 = EDGE_CURVE('',#7506,#7498,#7508,.T.);
#7506 = VERTEX_POINT('',#7507);
#7507 = CARTESIAN_POINT('',(-1.210535140528,-22.52829860094,
    59.204433220412));
#7508 = LINE('',#7509,#7510);
#7509 = CARTESIAN_POINT('',(-1.210535140528,-29.487358,59.204433220412)
  );
#7510 = VECTOR('',#7511,1.);
#7511 = DIRECTION('',(0.,1.,0.));
#7512 = ORIENTED_EDGE('',*,*,#7513,.T.);
#7513 = EDGE_CURVE('',#7506,#7480,#7514,.T.);
#7514 = LINE('',#7515,#7516);
#7515 = CARTESIAN_POINT('',(1.845958196086,-21.56445996331,
    65.381598531736));
#7516 = VECTOR('',#7517,1.);
#7517 = DIRECTION('',(-0.439210698076,-0.138501280469,-0.887643711183));
#7518 = PLANE('',#7519);
#7519 = AXIS2_PLACEMENT_3D('',#7520,#7521,#7522);
#7520 = CARTESIAN_POINT('',(-15.50617074849,0.108091517204,
    30.312989773434));
#7521 = DIRECTION('',(-0.896281847449,0.,0.443484892566));
#7522 = DIRECTION('',(-0.443484892566,0.,-0.896281847449));
#7523 = ADVANCED_FACE('',(#7524,#7530,#7638,#7683,#7689,#7797,#7803),
  #7850,.F.);
#7524 = FACE_BOUND('',#7525,.F.);
#7525 = EDGE_LOOP('',(#7526,#7527,#7528,#7529));
#7526 = ORIENTED_EDGE('',*,*,#7293,.F.);
#7527 = ORIENTED_EDGE('',*,*,#3193,.F.);
#7528 = ORIENTED_EDGE('',*,*,#5851,.T.);
#7529 = ORIENTED_EDGE('',*,*,#3345,.F.);
#7530 = FACE_BOUND('',#7531,.F.);
#7531 = EDGE_LOOP('',(#7532,#7542,#7591));
#7532 = ORIENTED_EDGE('',*,*,#7533,.T.);
#7533 = EDGE_CURVE('',#7534,#7536,#7538,.T.);
#7534 = VERTEX_POINT('',#7535);
#7535 = CARTESIAN_POINT('',(6.223501,-26.58580257212,66.374688));
#7536 = VERTEX_POINT('',#7537);
#7537 = CARTESIAN_POINT('',(6.223501,-13.53819742788,66.374688));
#7538 = LINE('',#7539,#7540);
#7539 = CARTESIAN_POINT('',(6.223501,-9.906,66.374688));
#7540 = VECTOR('',#7541,1.);
#7541 = DIRECTION('',(0.,1.,0.));
#7542 = ORIENTED_EDGE('',*,*,#7543,.T.);
#7543 = EDGE_CURVE('',#7536,#7544,#7546,.T.);
#7544 = VERTEX_POINT('',#7545);
#7545 = CARTESIAN_POINT('',(16.820072428571,-20.062,66.374688));
#7546 = B_SPLINE_CURVE_WITH_KNOTS('',7,(#7547,#7548,#7549,#7550,#7551,
    #7552,#7553,#7554,#7555,#7556,#7557,#7558,#7559,#7560,#7561,#7562,
    #7563,#7564,#7565,#7566,#7567,#7568,#7569,#7570,#7571,#7572,#7573,
    #7574,#7575,#7576,#7577,#7578,#7579,#7580,#7581,#7582,#7583,#7584,
    #7585,#7586,#7587,#7588,#7589,#7590),.UNSPECIFIED.,.F.,.F.,(8,6,6,6,
    6,6,6,8),(0.,0.192154158452,0.346436866335,0.410265831411,
    0.502931888233,0.640476661381,0.766251011776,1.),.UNSPECIFIED.);
#7547 = CARTESIAN_POINT('',(6.223501,-13.53819741846,66.374688));
#7548 = CARTESIAN_POINT('',(6.603617157239,-13.41927737852,66.374688));
#7549 = CARTESIAN_POINT('',(6.989957846881,-13.32068643761,66.374688));
#7550 = CARTESIAN_POINT('',(7.381145776113,-13.24246328414,66.374688));
#7551 = CARTESIAN_POINT('',(7.775842414152,-13.1846275992,66.374688));
#7552 = CARTESIAN_POINT('',(8.172746605322,-13.14717502697,66.374688));
#7553 = CARTESIAN_POINT('',(8.570594750545,-13.13008360807,66.374688));
#7554 = CARTESIAN_POINT('',(9.287374164617,-13.1359395854,66.374688));
#7555 = CARTESIAN_POINT('',(9.606387189585,-13.15165932122,66.374688));
#7556 = CARTESIAN_POINT('',(9.924561087127,-13.18047784726,66.374688));
#7557 = CARTESIAN_POINT('',(10.241242285304,-13.22237857469,66.374688));
#7558 = CARTESIAN_POINT('',(10.555764276896,-13.27733864867,66.374688));
#7559 = CARTESIAN_POINT('',(10.867447711054,-13.34532623518,66.374688));
#7560 = CARTESIAN_POINT('',(11.303087699241,-13.45979690671,66.374688));
#7561 = CARTESIAN_POINT('',(11.429969422186,-13.49551802068,66.374688));
#7562 = CARTESIAN_POINT('',(11.556195959082,-13.53345797089,66.374688));
#7563 = CARTESIAN_POINT('',(11.681716777434,-13.57361295689,66.374688));
#7564 = CARTESIAN_POINT('',(11.806480506947,-13.61597855669,66.374688));
#7565 = CARTESIAN_POINT('',(11.930434939527,-13.66054972677,66.374688));
#7566 = CARTESIAN_POINT('',(12.232230515542,-13.77522243744,66.374688));
#7567 = CARTESIAN_POINT('',(12.409115932594,-13.84776048772,66.374688));
#7568 = CARTESIAN_POINT('',(12.584021365391,-13.92491740888,66.374688));
#7569 = CARTESIAN_POINT('',(12.756779732096,-14.00667180573,66.374688));
#7570 = CARTESIAN_POINT('',(12.927219173075,-14.09299765954,66.374688));
#7571 = CARTESIAN_POINT('',(13.095163439898,-14.18386355579,66.374688));
#7572 = CARTESIAN_POINT('',(13.50574180214,-14.42078772357,66.374688));
#7573 = CARTESIAN_POINT('',(13.745155472151,-14.57226246248,66.374688));
#7574 = CARTESIAN_POINT('',(13.978083817704,-14.73353258713,66.374688));
#7575 = CARTESIAN_POINT('',(14.203909173032,-14.90444013589,66.374688));
#7576 = CARTESIAN_POINT('',(14.421992734531,-15.08478440804,66.374688));
#7577 = CARTESIAN_POINT('',(14.631681612011,-15.27431364485,66.374688));
#7578 = CARTESIAN_POINT('',(15.015780828443,-15.65414139268,66.374688));
#7579 = CARTESIAN_POINT('',(15.191674759965,-15.84298643666,66.374688));
#7580 = CARTESIAN_POINT('',(15.35948859403,-16.03900794273,66.374688));
#7581 = CARTESIAN_POINT('',(15.518709652105,-16.24191991522,66.374688));
#7582 = CARTESIAN_POINT('',(15.668830523142,-16.45138826993,66.374688));
#7583 = CARTESIAN_POINT('',(15.809357929093,-16.66702484121,66.374688));
#7584 = CARTESIAN_POINT('',(16.182285564523,-17.29976788359,66.374688));
#7585 = CARTESIAN_POINT('',(16.3901234176,-17.73113600457,66.374688));
#7586 = CARTESIAN_POINT('',(16.560064662934,-18.1793213394,66.374688));
#7587 = CARTESIAN_POINT('',(16.689517854475,-18.64072737326,66.374688));
#7588 = CARTESIAN_POINT('',(16.776573486576,-19.11135253896,66.374688));
#7589 = CARTESIAN_POINT('',(16.820072428572,-19.5867673904,66.374688));
#7590 = CARTESIAN_POINT('',(16.820072428571,-20.062,66.374688));
#7591 = ORIENTED_EDGE('',*,*,#7592,.F.);
#7592 = EDGE_CURVE('',#7534,#7544,#7593,.T.);
#7593 = B_SPLINE_CURVE_WITH_KNOTS('',7,(#7594,#7595,#7596,#7597,#7598,
    #7599,#7600,#7601,#7602,#7603,#7604,#7605,#7606,#7607,#7608,#7609,
    #7610,#7611,#7612,#7613,#7614,#7615,#7616,#7617,#7618,#7619,#7620,
    #7621,#7622,#7623,#7624,#7625,#7626,#7627,#7628,#7629,#7630,#7631,
    #7632,#7633,#7634,#7635,#7636,#7637),.UNSPECIFIED.,.F.,.F.,(8,6,6,6,
    6,6,6,8),(0.,0.192154158452,0.346436866335,0.410265831411,
    0.502931888233,0.640476661381,0.766251011776,1.),.UNSPECIFIED.);
#7594 = CARTESIAN_POINT('',(6.223501,-26.58580258153,66.374688));
#7595 = CARTESIAN_POINT('',(6.603617157239,-26.70472262147,66.374688));
#7596 = CARTESIAN_POINT('',(6.989957846881,-26.80331356238,66.374688));
#7597 = CARTESIAN_POINT('',(7.381145776113,-26.88153671585,66.374688));
#7598 = CARTESIAN_POINT('',(7.775842414152,-26.93937240079,66.374688));
#7599 = CARTESIAN_POINT('',(8.172746605322,-26.97682497302,66.374688));
#7600 = CARTESIAN_POINT('',(8.570594750545,-26.99391639192,66.374688));
#7601 = CARTESIAN_POINT('',(9.287374164617,-26.98806041459,66.374688));
#7602 = CARTESIAN_POINT('',(9.606387189585,-26.97234067877,66.374688));
#7603 = CARTESIAN_POINT('',(9.924561087127,-26.94352215273,66.374688));
#7604 = CARTESIAN_POINT('',(10.241242285304,-26.9016214253,66.374688));
#7605 = CARTESIAN_POINT('',(10.555764276896,-26.84666135132,66.374688));
#7606 = CARTESIAN_POINT('',(10.867447711054,-26.77867376481,66.374688));
#7607 = CARTESIAN_POINT('',(11.303087699241,-26.66420309329,66.374688));
#7608 = CARTESIAN_POINT('',(11.429969422186,-26.62848197931,66.374688));
#7609 = CARTESIAN_POINT('',(11.556195959082,-26.59054202911,66.374688));
#7610 = CARTESIAN_POINT('',(11.681716777434,-26.55038704311,66.374688));
#7611 = CARTESIAN_POINT('',(11.806480506947,-26.5080214433,66.374688));
#7612 = CARTESIAN_POINT('',(11.930434939527,-26.46345027323,66.374688));
#7613 = CARTESIAN_POINT('',(12.232230515541,-26.34877756255,66.374688));
#7614 = CARTESIAN_POINT('',(12.409115932594,-26.27623951227,66.374688));
#7615 = CARTESIAN_POINT('',(12.584021365391,-26.19908259111,66.374688));
#7616 = CARTESIAN_POINT('',(12.756779732096,-26.11732819427,66.374688));
#7617 = CARTESIAN_POINT('',(12.927219173075,-26.03100234045,66.374688));
#7618 = CARTESIAN_POINT('',(13.095163439898,-25.9401364442,66.374688));
#7619 = CARTESIAN_POINT('',(13.505741802141,-25.70321227642,66.374688));
#7620 = CARTESIAN_POINT('',(13.745155472151,-25.55173753751,66.374688));
#7621 = CARTESIAN_POINT('',(13.978083817704,-25.39046741286,66.374688));
#7622 = CARTESIAN_POINT('',(14.203909173032,-25.2195598641,66.374688));
#7623 = CARTESIAN_POINT('',(14.421992734531,-25.03921559195,66.374688));
#7624 = CARTESIAN_POINT('',(14.631681612011,-24.84968635514,66.374688));
#7625 = CARTESIAN_POINT('',(15.015780828443,-24.46985860731,66.374688));
#7626 = CARTESIAN_POINT('',(15.191674759965,-24.28101356333,66.374688));
#7627 = CARTESIAN_POINT('',(15.35948859403,-24.08499205727,66.374688));
#7628 = CARTESIAN_POINT('',(15.518709652105,-23.88208008477,66.374688));
#7629 = CARTESIAN_POINT('',(15.668830523142,-23.67261173006,66.374688));
#7630 = CARTESIAN_POINT('',(15.809357929093,-23.45697515878,66.374688));
#7631 = CARTESIAN_POINT('',(16.182285564523,-22.8242321164,66.374688));
#7632 = CARTESIAN_POINT('',(16.390123417599,-22.39286399542,66.374688));
#7633 = CARTESIAN_POINT('',(16.560064662936,-21.94467866059,66.374688));
#7634 = CARTESIAN_POINT('',(16.689517854472,-21.48327262673,66.374688));
#7635 = CARTESIAN_POINT('',(16.776573486577,-21.01264746103,66.374688));
#7636 = CARTESIAN_POINT('',(16.820072428572,-20.53723260959,66.374688));
#7637 = CARTESIAN_POINT('',(16.820072428571,-20.062,66.374688));
#7638 = FACE_BOUND('',#7639,.F.);
#7639 = EDGE_LOOP('',(#7640,#7641,#7642));
#7640 = ORIENTED_EDGE('',*,*,#5152,.F.);
#7641 = ORIENTED_EDGE('',*,*,#5086,.T.);
#7642 = ORIENTED_EDGE('',*,*,#7643,.F.);
#7643 = EDGE_CURVE('',#5109,#5068,#7644,.T.);
#7644 = B_SPLINE_CURVE_WITH_KNOTS('',7,(#7645,#7646,#7647,#7648,#7649,
    #7650,#7651,#7652,#7653,#7654,#7655,#7656,#7657,#7658,#7659,#7660,
    #7661,#7662,#7663,#7664,#7665,#7666,#7667,#7668,#7669,#7670,#7671,
    #7672,#7673,#7674,#7675,#7676,#7677,#7678,#7679,#7680,#7681,#7682),
  .UNSPECIFIED.,.F.,.F.,(8,6,6,6,6,6,8),(0.,7.580748188728E-02,
    0.257973201791,0.492590064417,0.589475303637,0.732063296832,1.),
  .UNSPECIFIED.);
#7645 = CARTESIAN_POINT('',(2.337344,-10.92733354384,66.374688));
#7646 = CARTESIAN_POINT('',(2.534828871345,-10.84746692322,66.374688));
#7647 = CARTESIAN_POINT('',(2.733889173104,-10.77152303802,66.374688));
#7648 = CARTESIAN_POINT('',(2.934419232299,-10.69950790135,66.374688));
#7649 = CARTESIAN_POINT('',(3.136315609635,-10.63142640189,66.374688));
#7650 = CARTESIAN_POINT('',(3.339477099503,-10.56728230385,66.374688));
#7651 = CARTESIAN_POINT('',(3.543804729982,-10.50707824701,66.374688));
#7652 = CARTESIAN_POINT('',(4.242771756512,-10.31561670545,66.374688));
#7653 = CARTESIAN_POINT('',(4.742499138751,-10.20318335537,66.374688));
#7654 = CARTESIAN_POINT('',(5.247065860777,-10.11353028833,66.374688));
#7655 = CARTESIAN_POINT('',(5.755185683802,-10.04666392201,66.374688));
#7656 = CARTESIAN_POINT('',(6.265603237865,-10.00257817672,66.374688));
#7657 = CARTESIAN_POINT('',(6.777094201665,-9.981258975742,66.374688));
#7658 = CARTESIAN_POINT('',(7.947078929493,-9.984550378067,66.374688));
#7659 = CARTESIAN_POINT('',(8.605418467542,-10.02415276104,66.374688));
#7660 = CARTESIAN_POINT('',(9.260974157318,-10.10147101633,66.374688));
#7661 = CARTESIAN_POINT('',(9.911118740225,-10.21649616929,66.374688));
#7662 = CARTESIAN_POINT('',(10.553117527444,-10.36918190705,66.374688));
#7663 = CARTESIAN_POINT('',(11.18413112613,-10.55941923147,66.374688));
#7664 = CARTESIAN_POINT('',(12.056036262813,-10.88104726025,66.374688));
#7665 = CARTESIAN_POINT('',(12.308473556276,-10.98141892163,66.374688));
#7666 = CARTESIAN_POINT('',(12.558310757021,-11.08814833897,66.374688));
#7667 = CARTESIAN_POINT('',(12.805327095328,-11.2012168209,66.374688));
#7668 = CARTESIAN_POINT('',(13.04929471372,-11.3206005262,66.374688));
#7669 = CARTESIAN_POINT('',(13.289979101954,-11.44626952958,66.374688));
#7670 = CARTESIAN_POINT('',(13.876173399886,-11.77233236799,66.374688));
#7671 = CARTESIAN_POINT('',(14.217571087919,-11.98000974344,66.374688));
#7672 = CARTESIAN_POINT('',(14.550566784501,-12.20110126156,66.374688));
#7673 = CARTESIAN_POINT('',(14.874350977311,-12.43544923683,66.374688));
#7674 = CARTESIAN_POINT('',(15.188078579878,-12.68284541092,66.374688));
#7675 = CARTESIAN_POINT('',(15.490877058159,-12.94302031325,66.374688));
#7676 = CARTESIAN_POINT('',(16.328629569632,-13.72789765478,66.374688));
#7677 = CARTESIAN_POINT('',(16.833876782902,-14.28427798124,66.374688));
#7678 = CARTESIAN_POINT('',(17.291322007106,-14.8822813195,66.374688));
#7679 = CARTESIAN_POINT('',(17.694647750995,-15.51843601786,66.374688));
#7680 = CARTESIAN_POINT('',(18.037842118937,-16.18810279021,66.374688));
#7681 = CARTESIAN_POINT('',(18.31542762327,-16.88534072225,66.374688));
#7682 = CARTESIAN_POINT('',(18.523501,-17.60232522913,66.374688));
#7683 = FACE_BOUND('',#7684,.F.);
#7684 = EDGE_LOOP('',(#7685,#7686,#7687,#7688));
#7685 = ORIENTED_EDGE('',*,*,#5363,.T.);
#7686 = ORIENTED_EDGE('',*,*,#5322,.T.);
#7687 = ORIENTED_EDGE('',*,*,#5404,.F.);
#7688 = ORIENTED_EDGE('',*,*,#5377,.T.);
#7689 = FACE_BOUND('',#7690,.F.);
#7690 = EDGE_LOOP('',(#7691,#7701,#7750));
#7691 = ORIENTED_EDGE('',*,*,#7692,.T.);
#7692 = EDGE_CURVE('',#7693,#7695,#7697,.T.);
#7693 = VERTEX_POINT('',#7694);
#7694 = CARTESIAN_POINT('',(6.223501,15.41419742788,66.374688));
#7695 = VERTEX_POINT('',#7696);
#7696 = CARTESIAN_POINT('',(6.223501,28.46180257212,66.374688));
#7697 = LINE('',#7698,#7699);
#7698 = CARTESIAN_POINT('',(6.223501,11.094,66.374688));
#7699 = VECTOR('',#7700,1.);
#7700 = DIRECTION('',(0.,1.,0.));
#7701 = ORIENTED_EDGE('',*,*,#7702,.T.);
#7702 = EDGE_CURVE('',#7695,#7703,#7705,.T.);
#7703 = VERTEX_POINT('',#7704);
#7704 = CARTESIAN_POINT('',(16.820072428571,21.938,66.374688));
#7705 = B_SPLINE_CURVE_WITH_KNOTS('',7,(#7706,#7707,#7708,#7709,#7710,
    #7711,#7712,#7713,#7714,#7715,#7716,#7717,#7718,#7719,#7720,#7721,
    #7722,#7723,#7724,#7725,#7726,#7727,#7728,#7729,#7730,#7731,#7732,
    #7733,#7734,#7735,#7736,#7737,#7738,#7739,#7740,#7741,#7742,#7743,
    #7744,#7745,#7746,#7747,#7748,#7749),.UNSPECIFIED.,.F.,.F.,(8,6,6,6,
    6,6,6,8),(0.,0.192154158452,0.346436866335,0.410265831411,
    0.502931888233,0.640476661381,0.766251011776,1.),.UNSPECIFIED.);
#7706 = CARTESIAN_POINT('',(6.223501,28.461802581535,66.374688));
#7707 = CARTESIAN_POINT('',(6.603617157239,28.580722621472,66.374688));
#7708 = CARTESIAN_POINT('',(6.98995784688,28.679313562386,66.374688));
#7709 = CARTESIAN_POINT('',(7.381145776113,28.757536715854,66.374688));
#7710 = CARTESIAN_POINT('',(7.775842414152,28.815372400795,66.374688));
#7711 = CARTESIAN_POINT('',(8.172746605322,28.852824973024,66.374688));
#7712 = CARTESIAN_POINT('',(8.570594750545,28.869916391921,66.374688));
#7713 = CARTESIAN_POINT('',(9.287374164617,28.864060414591,66.374688));
#7714 = CARTESIAN_POINT('',(9.606387189585,28.848340678775,66.374688));
#7715 = CARTESIAN_POINT('',(9.924561087127,28.819522152737,66.374688));
#7716 = CARTESIAN_POINT('',(10.241242285304,28.777621425303,66.374688));
#7717 = CARTESIAN_POINT('',(10.555764276896,28.722661351321,66.374688));
#7718 = CARTESIAN_POINT('',(10.867447711054,28.654673764817,66.374688));
#7719 = CARTESIAN_POINT('',(11.303087699241,28.54020309329,66.374688));
#7720 = CARTESIAN_POINT('',(11.429969422186,28.504481979316,66.374688));
#7721 = CARTESIAN_POINT('',(11.556195959082,28.466542029111,66.374688));
#7722 = CARTESIAN_POINT('',(11.681716777434,28.42638704311,66.374688));
#7723 = CARTESIAN_POINT('',(11.806480506947,28.384021443303,66.374688));
#7724 = CARTESIAN_POINT('',(11.930434939527,28.33945027323,66.374688));
#7725 = CARTESIAN_POINT('',(12.232230515542,28.224777562559,66.374688));
#7726 = CARTESIAN_POINT('',(12.409115932594,28.152239512272,66.374688));
#7727 = CARTESIAN_POINT('',(12.584021365391,28.075082591111,66.374688));
#7728 = CARTESIAN_POINT('',(12.756779732096,27.99332819427,66.374688));
#7729 = CARTESIAN_POINT('',(12.927219173075,27.907002340459,66.374688));
#7730 = CARTESIAN_POINT('',(13.095163439898,27.816136444209,66.374688));
#7731 = CARTESIAN_POINT('',(13.505741802141,27.579212276427,66.374688));
#7732 = CARTESIAN_POINT('',(13.745155472151,27.427737537517,66.374688));
#7733 = CARTESIAN_POINT('',(13.978083817703,27.266467412867,66.374688));
#7734 = CARTESIAN_POINT('',(14.203909173032,27.095559864104,66.374688));
#7735 = CARTESIAN_POINT('',(14.421992734531,26.915215591956,66.374688));
#7736 = CARTESIAN_POINT('',(14.631681612011,26.725686355147,66.374688));
#7737 = CARTESIAN_POINT('',(15.015780828443,26.345858607318,66.374688));
#7738 = CARTESIAN_POINT('',(15.191674759965,26.157013563332,66.374688));
#7739 = CARTESIAN_POINT('',(15.35948859403,25.96099205727,66.374688));
#7740 = CARTESIAN_POINT('',(15.518709652105,25.758080084776,66.374688));
#7741 = CARTESIAN_POINT('',(15.668830523142,25.548611730062,66.374688));
#7742 = CARTESIAN_POINT('',(15.809357929093,25.332975158782,66.374688));
#7743 = CARTESIAN_POINT('',(16.182285564523,24.700232116408,66.374688));
#7744 = CARTESIAN_POINT('',(16.390123417599,24.268863995425,66.374688));
#7745 = CARTESIAN_POINT('',(16.560064662936,23.820678660598,66.374688));
#7746 = CARTESIAN_POINT('',(16.689517854472,23.359272626733,66.374688));
#7747 = CARTESIAN_POINT('',(16.776573486577,22.888647461038,66.374688));
#7748 = CARTESIAN_POINT('',(16.820072428572,22.413232609593,66.374688));
#7749 = CARTESIAN_POINT('',(16.820072428571,21.938,66.374688));
#7750 = ORIENTED_EDGE('',*,*,#7751,.F.);
#7751 = EDGE_CURVE('',#7693,#7703,#7752,.T.);
#7752 = B_SPLINE_CURVE_WITH_KNOTS('',7,(#7753,#7754,#7755,#7756,#7757,
    #7758,#7759,#7760,#7761,#7762,#7763,#7764,#7765,#7766,#7767,#7768,
    #7769,#7770,#7771,#7772,#7773,#7774,#7775,#7776,#7777,#7778,#7779,
    #7780,#7781,#7782,#7783,#7784,#7785,#7786,#7787,#7788,#7789,#7790,
    #7791,#7792,#7793,#7794,#7795,#7796),.UNSPECIFIED.,.F.,.F.,(8,6,6,6,
    6,6,6,8),(0.,0.192154158452,0.346436866335,0.410265831411,
    0.502931888233,0.640476661381,0.766251011776,1.),.UNSPECIFIED.);
#7753 = CARTESIAN_POINT('',(6.223501,15.414197418465,66.374688));
#7754 = CARTESIAN_POINT('',(6.603617157239,15.295277378528,66.374688));
#7755 = CARTESIAN_POINT('',(6.989957846881,15.196686437614,66.374688));
#7756 = CARTESIAN_POINT('',(7.381145776113,15.118463284146,66.374688));
#7757 = CARTESIAN_POINT('',(7.775842414152,15.060627599205,66.374688));
#7758 = CARTESIAN_POINT('',(8.172746605322,15.023175026976,66.374688));
#7759 = CARTESIAN_POINT('',(8.570594750545,15.006083608079,66.374688));
#7760 = CARTESIAN_POINT('',(9.287374164617,15.011939585409,66.374688));
#7761 = CARTESIAN_POINT('',(9.606387189585,15.027659321225,66.374688));
#7762 = CARTESIAN_POINT('',(9.924561087127,15.056477847263,66.374688));
#7763 = CARTESIAN_POINT('',(10.241242285304,15.098378574697,66.374688));
#7764 = CARTESIAN_POINT('',(10.555764276896,15.153338648679,66.374688));
#7765 = CARTESIAN_POINT('',(10.867447711054,15.221326235183,66.374688));
#7766 = CARTESIAN_POINT('',(11.303087699241,15.33579690671,66.374688));
#7767 = CARTESIAN_POINT('',(11.429969422186,15.371518020684,66.374688));
#7768 = CARTESIAN_POINT('',(11.556195959082,15.40945797089,66.374688));
#7769 = CARTESIAN_POINT('',(11.681716777434,15.44961295689,66.374688));
#7770 = CARTESIAN_POINT('',(11.806480506947,15.491978556697,66.374688));
#7771 = CARTESIAN_POINT('',(11.930434939527,15.53654972677,66.374688));
#7772 = CARTESIAN_POINT('',(12.232230515541,15.651222437441,66.374688));
#7773 = CARTESIAN_POINT('',(12.409115932594,15.723760487728,66.374688));
#7774 = CARTESIAN_POINT('',(12.584021365391,15.800917408889,66.374688));
#7775 = CARTESIAN_POINT('',(12.756779732096,15.88267180573,66.374688));
#7776 = CARTESIAN_POINT('',(12.927219173075,15.968997659541,66.374688));
#7777 = CARTESIAN_POINT('',(13.095163439898,16.059863555791,66.374688));
#7778 = CARTESIAN_POINT('',(13.505741802141,16.296787723573,66.374688));
#7779 = CARTESIAN_POINT('',(13.745155472151,16.448262462483,66.374688));
#7780 = CARTESIAN_POINT('',(13.978083817704,16.609532587133,66.374688));
#7781 = CARTESIAN_POINT('',(14.203909173032,16.780440135896,66.374688));
#7782 = CARTESIAN_POINT('',(14.421992734531,16.960784408044,66.374688));
#7783 = CARTESIAN_POINT('',(14.631681612011,17.150313644853,66.374688));
#7784 = CARTESIAN_POINT('',(15.015780828443,17.530141392682,66.374688));
#7785 = CARTESIAN_POINT('',(15.191674759965,17.718986436668,66.374688));
#7786 = CARTESIAN_POINT('',(15.35948859403,17.91500794273,66.374688));
#7787 = CARTESIAN_POINT('',(15.518709652105,18.117919915224,66.374688));
#7788 = CARTESIAN_POINT('',(15.668830523142,18.327388269938,66.374688));
#7789 = CARTESIAN_POINT('',(15.809357929093,18.543024841218,66.374688));
#7790 = CARTESIAN_POINT('',(16.182285564523,19.175767883592,66.374688));
#7791 = CARTESIAN_POINT('',(16.390123417599,19.607136004574,66.374688));
#7792 = CARTESIAN_POINT('',(16.560064662936,20.055321339405,66.374688));
#7793 = CARTESIAN_POINT('',(16.689517854472,20.516727373263,66.374688));
#7794 = CARTESIAN_POINT('',(16.776573486577,20.987352538964,66.374688));
#7795 = CARTESIAN_POINT('',(16.820072428572,21.462767390406,66.374688));
#7796 = CARTESIAN_POINT('',(16.820072428571,21.938,66.374688));
#7797 = FACE_BOUND('',#7798,.F.);
#7798 = EDGE_LOOP('',(#7799,#7800,#7801,#7802));
#7799 = ORIENTED_EDGE('',*,*,#5459,.T.);
#7800 = ORIENTED_EDGE('',*,*,#5418,.T.);
#7801 = ORIENTED_EDGE('',*,*,#5500,.F.);
#7802 = ORIENTED_EDGE('',*,*,#5473,.T.);
#7803 = FACE_BOUND('',#7804,.F.);
#7804 = EDGE_LOOP('',(#7805,#7806,#7807,#7848,#7849));
#7805 = ORIENTED_EDGE('',*,*,#4551,.T.);
#7806 = ORIENTED_EDGE('',*,*,#4506,.T.);
#7807 = ORIENTED_EDGE('',*,*,#7808,.T.);
#7808 = EDGE_CURVE('',#4509,#4591,#7809,.T.);
#7809 = B_SPLINE_CURVE_WITH_KNOTS('',7,(#7810,#7811,#7812,#7813,#7814,
    #7815,#7816,#7817,#7818,#7819,#7820,#7821,#7822,#7823,#7824,#7825,
    #7826,#7827,#7828,#7829,#7830,#7831,#7832,#7833,#7834,#7835,#7836,
    #7837,#7838,#7839,#7840,#7841,#7842,#7843,#7844,#7845,#7846,#7847),
  .UNSPECIFIED.,.F.,.F.,(8,6,6,6,6,6,8),(0.,7.580748188732E-02,
    0.257973201791,0.492590064417,0.589475303637,0.732063296832,1.),
  .UNSPECIFIED.);
#7810 = CARTESIAN_POINT('',(2.337344,12.803333543845,66.374688));
#7811 = CARTESIAN_POINT('',(2.534828871345,12.723466923222,66.374688));
#7812 = CARTESIAN_POINT('',(2.733889173104,12.647523038023,66.374688));
#7813 = CARTESIAN_POINT('',(2.934419232299,12.575507901358,66.374688));
#7814 = CARTESIAN_POINT('',(3.136315609635,12.507426401894,66.374688));
#7815 = CARTESIAN_POINT('',(3.339477099503,12.443282303852,66.374688));
#7816 = CARTESIAN_POINT('',(3.543804729982,12.383078247012,66.374688));
#7817 = CARTESIAN_POINT('',(4.242771756512,12.191616705451,66.374688));
#7818 = CARTESIAN_POINT('',(4.742499138751,12.079183355379,66.374688));
#7819 = CARTESIAN_POINT('',(5.247065860777,11.989530288339,66.374688));
#7820 = CARTESIAN_POINT('',(5.755185683802,11.922663922016,66.374688));
#7821 = CARTESIAN_POINT('',(6.265603237865,11.878578176726,66.374688));
#7822 = CARTESIAN_POINT('',(6.777094201665,11.857258975742,66.374688));
#7823 = CARTESIAN_POINT('',(7.947078929493,11.860550378067,66.374688));
#7824 = CARTESIAN_POINT('',(8.605418467543,11.900152761047,66.374688));
#7825 = CARTESIAN_POINT('',(9.260974157318,11.977471016334,66.374688));
#7826 = CARTESIAN_POINT('',(9.911118740224,12.092496169296,66.374688));
#7827 = CARTESIAN_POINT('',(10.553117527445,12.245181907052,66.374688));
#7828 = CARTESIAN_POINT('',(11.18413112613,12.435419231477,66.374688));
#7829 = CARTESIAN_POINT('',(12.056036262813,12.757047260259,66.374688));
#7830 = CARTESIAN_POINT('',(12.308473556276,12.857418921636,66.374688));
#7831 = CARTESIAN_POINT('',(12.558310757021,12.964148338973,66.374688));
#7832 = CARTESIAN_POINT('',(12.805327095328,13.0772168209,66.374688));
#7833 = CARTESIAN_POINT('',(13.04929471372,13.196600526203,66.374688));
#7834 = CARTESIAN_POINT('',(13.289979101955,13.322269529587,66.374688));
#7835 = CARTESIAN_POINT('',(13.876173399886,13.64833236799,66.374688));
#7836 = CARTESIAN_POINT('',(14.217571087918,13.856009743445,66.374688));
#7837 = CARTESIAN_POINT('',(14.550566784501,14.077101261567,66.374688));
#7838 = CARTESIAN_POINT('',(14.874350977311,14.311449236832,66.374688));
#7839 = CARTESIAN_POINT('',(15.188078579878,14.558845410927,66.374688));
#7840 = CARTESIAN_POINT('',(15.490877058159,14.819020313253,66.374688));
#7841 = CARTESIAN_POINT('',(16.328629569632,15.603897654788,66.374688));
#7842 = CARTESIAN_POINT('',(16.8338767829,16.160277981244,66.374688));
#7843 = CARTESIAN_POINT('',(17.29132200711,16.75828131951,66.374688));
#7844 = CARTESIAN_POINT('',(17.694647750991,17.394436017863,66.374688));
#7845 = CARTESIAN_POINT('',(18.037842118938,18.064102790214,66.374688));
#7846 = CARTESIAN_POINT('',(18.315427623269,18.761340722254,66.374688));
#7847 = CARTESIAN_POINT('',(18.523501,19.478325229136,66.374688));
#7848 = ORIENTED_EDGE('',*,*,#4590,.F.);
#7849 = ORIENTED_EDGE('',*,*,#4565,.T.);
#7850 = PLANE('',#7851);
#7851 = AXIS2_PLACEMENT_3D('',#7852,#7853,#7854);
#7852 = CARTESIAN_POINT('',(14.0804225,0.25,66.374688));
#7853 = DIRECTION('',(0.,0.,1.));
#7854 = DIRECTION('',(1.,0.,0.));
#7855 = ADVANCED_FACE('',(#7856),#7872,.F.);
#7856 = FACE_BOUND('',#7857,.F.);
#7857 = EDGE_LOOP('',(#7858,#7859,#7865,#7866));
#7858 = ORIENTED_EDGE('',*,*,#6432,.F.);
#7859 = ORIENTED_EDGE('',*,*,#7860,.F.);
#7860 = EDGE_CURVE('',#2527,#6425,#7861,.T.);
#7861 = LINE('',#7862,#7863);
#7862 = CARTESIAN_POINT('',(18.213501,-14.161016,17.1));
#7863 = VECTOR('',#7864,1.);
#7864 = DIRECTION('',(1.,0.,2.22044604925E-16));
#7865 = ORIENTED_EDGE('',*,*,#3498,.T.);
#7866 = ORIENTED_EDGE('',*,*,#7867,.T.);
#7867 = EDGE_CURVE('',#2669,#6433,#7868,.T.);
#7868 = LINE('',#7869,#7870);
#7869 = CARTESIAN_POINT('',(18.213501,0.438984,17.1));
#7870 = VECTOR('',#7871,1.);
#7871 = DIRECTION('',(1.,0.,2.22044604925E-16));
#7872 = PLANE('',#7873);
#7873 = AXIS2_PLACEMENT_3D('',#7874,#7875,#7876);
#7874 = CARTESIAN_POINT('',(18.123501,-29.487358,17.1));
#7875 = DIRECTION('',(2.22044604925E-16,0.,-1.));
#7876 = DIRECTION('',(1.,0.,2.22044604925E-16));
#7877 = ADVANCED_FACE('',(#7878,#7881),#7931,.F.);
#7878 = FACE_BOUND('',#7879,.F.);
#7879 = EDGE_LOOP('',(#7880));
#7880 = ORIENTED_EDGE('',*,*,#3546,.T.);
#7881 = FACE_BOUND('',#7882,.F.);
#7882 = EDGE_LOOP('',(#7883,#7893,#7901,#7909,#7917,#7925));
#7883 = ORIENTED_EDGE('',*,*,#7884,.F.);
#7884 = EDGE_CURVE('',#7885,#7887,#7889,.T.);
#7885 = VERTEX_POINT('',#7886);
#7886 = CARTESIAN_POINT('',(18.423501,-20.062,7.893633411781));
#7887 = VERTEX_POINT('',#7888);
#7888 = CARTESIAN_POINT('',(18.423501,-17.112,9.596816705891));
#7889 = LINE('',#7890,#7891);
#7890 = CARTESIAN_POINT('',(18.423501,-19.3245,8.319429235309));
#7891 = VECTOR('',#7892,1.);
#7892 = DIRECTION('',(-1.110223024625E-16,0.866025403784,0.5));
#7893 = ORIENTED_EDGE('',*,*,#7894,.F.);
#7894 = EDGE_CURVE('',#7895,#7885,#7897,.T.);
#7895 = VERTEX_POINT('',#7896);
#7896 = CARTESIAN_POINT('',(18.423501,-23.012,9.596816705891));
#7897 = LINE('',#7898,#7899);
#7898 = CARTESIAN_POINT('',(18.423501,-22.2745,9.171020882363));
#7899 = VECTOR('',#7900,1.);
#7900 = DIRECTION('',(1.110223024625E-16,0.866025403784,-0.5));
#7901 = ORIENTED_EDGE('',*,*,#7902,.F.);
#7902 = EDGE_CURVE('',#7903,#7895,#7905,.T.);
#7903 = VERTEX_POINT('',#7904);
#7904 = CARTESIAN_POINT('',(18.423501,-23.012,13.003183294109));
#7905 = LINE('',#7906,#7907);
#7906 = CARTESIAN_POINT('',(18.423501,-23.012,12.151591647055));
#7907 = VECTOR('',#7908,1.);
#7908 = DIRECTION('',(2.22044604925E-16,0.,-1.));
#7909 = ORIENTED_EDGE('',*,*,#7910,.F.);
#7910 = EDGE_CURVE('',#7911,#7903,#7913,.T.);
#7911 = VERTEX_POINT('',#7912);
#7912 = CARTESIAN_POINT('',(18.423501,-20.062,14.706366588219));
#7913 = LINE('',#7914,#7915);
#7914 = CARTESIAN_POINT('',(18.423501,-20.7995,14.280570764691));
#7915 = VECTOR('',#7916,1.);
#7916 = DIRECTION('',(1.110223024625E-16,-0.866025403784,-0.5));
#7917 = ORIENTED_EDGE('',*,*,#7918,.F.);
#7918 = EDGE_CURVE('',#7919,#7911,#7921,.T.);
#7919 = VERTEX_POINT('',#7920);
#7920 = CARTESIAN_POINT('',(18.423501,-17.112,13.003183294109));
#7921 = LINE('',#7922,#7923);
#7922 = CARTESIAN_POINT('',(18.423501,-17.8495,13.428979117637));
#7923 = VECTOR('',#7924,1.);
#7924 = DIRECTION('',(-1.110223024625E-16,-0.866025403784,0.5));
#7925 = ORIENTED_EDGE('',*,*,#7926,.F.);
#7926 = EDGE_CURVE('',#7887,#7919,#7927,.T.);
#7927 = LINE('',#7928,#7929);
#7928 = CARTESIAN_POINT('',(18.423501,-17.112,10.448408352945));
#7929 = VECTOR('',#7930,1.);
#7930 = DIRECTION('',(-2.22044604925E-16,0.,1.));
#7931 = PLANE('',#7932);
#7932 = AXIS2_PLACEMENT_3D('',#7933,#7934,#7935);
#7933 = CARTESIAN_POINT('',(18.423501,-20.062,11.3));
#7934 = DIRECTION('',(1.,0.,2.22044604925E-16));
#7935 = DIRECTION('',(2.22044604925E-16,0.,-1.));
#7936 = ADVANCED_FACE('',(#7937,#7940),#7990,.F.);
#7937 = FACE_BOUND('',#7938,.F.);
#7938 = EDGE_LOOP('',(#7939));
#7939 = ORIENTED_EDGE('',*,*,#3635,.T.);
#7940 = FACE_BOUND('',#7941,.F.);
#7941 = EDGE_LOOP('',(#7942,#7952,#7960,#7968,#7976,#7984));
#7942 = ORIENTED_EDGE('',*,*,#7943,.F.);
#7943 = EDGE_CURVE('',#7944,#7946,#7948,.T.);
#7944 = VERTEX_POINT('',#7945);
#7945 = CARTESIAN_POINT('',(18.423501,21.938,7.893633411781));
#7946 = VERTEX_POINT('',#7947);
#7947 = CARTESIAN_POINT('',(18.423501,24.888,9.596816705891));
#7948 = LINE('',#7949,#7950);
#7949 = CARTESIAN_POINT('',(18.423501,22.6755,8.319429235309));
#7950 = VECTOR('',#7951,1.);
#7951 = DIRECTION('',(-1.110223024625E-16,0.866025403784,0.5));
#7952 = ORIENTED_EDGE('',*,*,#7953,.F.);
#7953 = EDGE_CURVE('',#7954,#7944,#7956,.T.);
#7954 = VERTEX_POINT('',#7955);
#7955 = CARTESIAN_POINT('',(18.423501,18.988,9.596816705891));
#7956 = LINE('',#7957,#7958);
#7957 = CARTESIAN_POINT('',(18.423501,19.7255,9.171020882363));
#7958 = VECTOR('',#7959,1.);
#7959 = DIRECTION('',(1.110223024625E-16,0.866025403784,-0.5));
#7960 = ORIENTED_EDGE('',*,*,#7961,.F.);
#7961 = EDGE_CURVE('',#7962,#7954,#7964,.T.);
#7962 = VERTEX_POINT('',#7963);
#7963 = CARTESIAN_POINT('',(18.423501,18.988,13.003183294109));
#7964 = LINE('',#7965,#7966);
#7965 = CARTESIAN_POINT('',(18.423501,18.988,12.151591647055));
#7966 = VECTOR('',#7967,1.);
#7967 = DIRECTION('',(2.22044604925E-16,0.,-1.));
#7968 = ORIENTED_EDGE('',*,*,#7969,.F.);
#7969 = EDGE_CURVE('',#7970,#7962,#7972,.T.);
#7970 = VERTEX_POINT('',#7971);
#7971 = CARTESIAN_POINT('',(18.423501,21.938,14.706366588219));
#7972 = LINE('',#7973,#7974);
#7973 = CARTESIAN_POINT('',(18.423501,21.2005,14.280570764691));
#7974 = VECTOR('',#7975,1.);
#7975 = DIRECTION('',(1.110223024625E-16,-0.866025403784,-0.5));
#7976 = ORIENTED_EDGE('',*,*,#7977,.F.);
#7977 = EDGE_CURVE('',#7978,#7970,#7980,.T.);
#7978 = VERTEX_POINT('',#7979);
#7979 = CARTESIAN_POINT('',(18.423501,24.888,13.003183294109));
#7980 = LINE('',#7981,#7982);
#7981 = CARTESIAN_POINT('',(18.423501,24.1505,13.428979117637));
#7982 = VECTOR('',#7983,1.);
#7983 = DIRECTION('',(-1.110223024625E-16,-0.866025403784,0.5));
#7984 = ORIENTED_EDGE('',*,*,#7985,.F.);
#7985 = EDGE_CURVE('',#7946,#7978,#7986,.T.);
#7986 = LINE('',#7987,#7988);
#7987 = CARTESIAN_POINT('',(18.423501,24.888,10.448408352945));
#7988 = VECTOR('',#7989,1.);
#7989 = DIRECTION('',(-2.22044604925E-16,0.,1.));
#7990 = PLANE('',#7991);
#7991 = AXIS2_PLACEMENT_3D('',#7992,#7993,#7994);
#7992 = CARTESIAN_POINT('',(18.423501,21.938,11.3));
#7993 = DIRECTION('',(1.,0.,2.22044604925E-16));
#7994 = DIRECTION('',(2.22044604925E-16,0.,-1.));
#7995 = ADVANCED_FACE('',(#7996),#8012,.F.);
#7996 = FACE_BOUND('',#7997,.F.);
#7997 = EDGE_LOOP('',(#7998,#7999,#8005,#8006));
#7998 = ORIENTED_EDGE('',*,*,#7311,.F.);
#7999 = ORIENTED_EDGE('',*,*,#8000,.F.);
#8000 = EDGE_CURVE('',#3754,#7304,#8001,.T.);
#8001 = LINE('',#8002,#8003);
#8002 = CARTESIAN_POINT('',(-27.00397993574,18.196645168554,
    5.948512333305));
#8003 = VECTOR('',#8004,1.);
#8004 = DIRECTION('',(0.896281847449,0.,-0.443484892566));
#8005 = ORIENTED_EDGE('',*,*,#3751,.F.);
#8006 = ORIENTED_EDGE('',*,*,#8007,.T.);
#8007 = EDGE_CURVE('',#3752,#7312,#8008,.T.);
#8008 = LINE('',#8009,#8010);
#8009 = CARTESIAN_POINT('',(-27.00397993574,24.196645168554,
    5.948512333305));
#8010 = VECTOR('',#8011,1.);
#8011 = DIRECTION('',(0.896281847449,0.,-0.443484892566));
#8012 = PLANE('',#8013);
#8013 = AXIS2_PLACEMENT_3D('',#8014,#8015,#8016);
#8014 = CARTESIAN_POINT('',(-27.45212085947,-30.80335483144,
    6.170254779588));
#8015 = DIRECTION('',(-0.443484892566,0.,-0.896281847449));
#8016 = DIRECTION('',(0.,1.,0.));
#8017 = ADVANCED_FACE('',(#8018),#8029,.T.);
#8018 = FACE_BOUND('',#8019,.T.);
#8019 = EDGE_LOOP('',(#8020,#8021,#8022,#8028));
#8020 = ORIENTED_EDGE('',*,*,#8000,.F.);
#8021 = ORIENTED_EDGE('',*,*,#3785,.F.);
#8022 = ORIENTED_EDGE('',*,*,#8023,.T.);
#8023 = EDGE_CURVE('',#3778,#7302,#8024,.T.);
#8024 = LINE('',#8025,#8026);
#8025 = CARTESIAN_POINT('',(-0.762394216804,18.196645168554,
    58.982690774129));
#8026 = VECTOR('',#8027,1.);
#8027 = DIRECTION('',(0.896281847449,0.,-0.443484892566));
#8028 = ORIENTED_EDGE('',*,*,#7301,.T.);
#8029 = PLANE('',#8030);
#8030 = AXIS2_PLACEMENT_3D('',#8031,#8032,#8033);
#8031 = CARTESIAN_POINT('',(-26.99932390459,18.196645168554,
    4.830488039574));
#8032 = DIRECTION('',(0.,1.,0.));
#8033 = DIRECTION('',(-0.896281847449,0.,0.443484892566));
#8034 = ADVANCED_FACE('',(#8035),#8046,.T.);
#8035 = FACE_BOUND('',#8036,.T.);
#8036 = EDGE_LOOP('',(#8037,#8038,#8039,#8040));
#8037 = ORIENTED_EDGE('',*,*,#7335,.F.);
#8038 = ORIENTED_EDGE('',*,*,#8023,.F.);
#8039 = ORIENTED_EDGE('',*,*,#3777,.F.);
#8040 = ORIENTED_EDGE('',*,*,#8041,.F.);
#8041 = EDGE_CURVE('',#7328,#3770,#8042,.T.);
#8042 = LINE('',#8043,#8044);
#8043 = CARTESIAN_POINT('',(-1.210535140528,22.982284660643,
    59.204433220412));
#8044 = VECTOR('',#8045,1.);
#8045 = DIRECTION('',(-0.896281847449,0.,0.443484892566));
#8046 = PLANE('',#8047);
#8047 = AXIS2_PLACEMENT_3D('',#8048,#8049,#8050);
#8048 = CARTESIAN_POINT('',(-1.210535140528,-22.52829860094,
    59.204433220412));
#8049 = DIRECTION('',(-0.443484892566,0.,-0.896281847449));
#8050 = DIRECTION('',(0.,1.,0.));
#8051 = ADVANCED_FACE('',(#8052),#8063,.T.);
#8052 = FACE_BOUND('',#8053,.T.);
#8053 = EDGE_LOOP('',(#8054,#8055,#8056,#8057));
#8054 = ORIENTED_EDGE('',*,*,#7327,.F.);
#8055 = ORIENTED_EDGE('',*,*,#8041,.T.);
#8056 = ORIENTED_EDGE('',*,*,#3769,.F.);
#8057 = ORIENTED_EDGE('',*,*,#8058,.T.);
#8058 = EDGE_CURVE('',#3762,#7320,#8059,.T.);
#8059 = LINE('',#8060,#8061);
#8060 = CARTESIAN_POINT('',(-4.80563814705,24.196645168554,
    50.811305006017));
#8061 = VECTOR('',#8062,1.);
#8062 = DIRECTION('',(0.896281847449,0.,-0.443484892566));
#8063 = PLANE('',#8064);
#8064 = AXIS2_PLACEMENT_3D('',#8065,#8066,#8067);
#8065 = CARTESIAN_POINT('',(-1.210535140528,22.982284660643,
    59.204433220412));
#8066 = DIRECTION('',(-5.855400243398E-02,-0.991245512992,
    -0.118337490987));
#8067 = DIRECTION('',(-0.439602409836,0.132031560523,-0.888435359659));
#8068 = ADVANCED_FACE('',(#8069),#8075,.F.);
#8069 = FACE_BOUND('',#8070,.F.);
#8070 = EDGE_LOOP('',(#8071,#8072,#8073,#8074));
#8071 = ORIENTED_EDGE('',*,*,#8007,.F.);
#8072 = ORIENTED_EDGE('',*,*,#3761,.F.);
#8073 = ORIENTED_EDGE('',*,*,#8058,.T.);
#8074 = ORIENTED_EDGE('',*,*,#7319,.T.);
#8075 = PLANE('',#8076);
#8076 = AXIS2_PLACEMENT_3D('',#8077,#8078,#8079);
#8077 = CARTESIAN_POINT('',(-26.99932390459,24.196645168554,
    4.830488039574));
#8078 = DIRECTION('',(0.,1.,0.));
#8079 = DIRECTION('',(-0.896281847449,0.,0.443484892566));
#8080 = ADVANCED_FACE('',(#8081),#8097,.F.);
#8081 = FACE_BOUND('',#8082,.F.);
#8082 = EDGE_LOOP('',(#8083,#8084,#8090,#8091));
#8083 = ORIENTED_EDGE('',*,*,#7353,.F.);
#8084 = ORIENTED_EDGE('',*,*,#8085,.F.);
#8085 = EDGE_CURVE('',#3796,#7346,#8086,.T.);
#8086 = LINE('',#8087,#8088);
#8087 = CARTESIAN_POINT('',(-27.00397993574,9.196645168554,
    5.948512333305));
#8088 = VECTOR('',#8089,1.);
#8089 = DIRECTION('',(0.896281847449,0.,-0.443484892566));
#8090 = ORIENTED_EDGE('',*,*,#3793,.F.);
#8091 = ORIENTED_EDGE('',*,*,#8092,.T.);
#8092 = EDGE_CURVE('',#3794,#7354,#8093,.T.);
#8093 = LINE('',#8094,#8095);
#8094 = CARTESIAN_POINT('',(-27.00397993574,15.196645168554,
    5.948512333305));
#8095 = VECTOR('',#8096,1.);
#8096 = DIRECTION('',(0.896281847449,0.,-0.443484892566));
#8097 = PLANE('',#8098);
#8098 = AXIS2_PLACEMENT_3D('',#8099,#8100,#8101);
#8099 = CARTESIAN_POINT('',(-27.45212085947,-30.80335483144,
    6.170254779588));
#8100 = DIRECTION('',(-0.443484892566,0.,-0.896281847449));
#8101 = DIRECTION('',(0.,1.,0.));
#8102 = ADVANCED_FACE('',(#8103),#8114,.T.);
#8103 = FACE_BOUND('',#8104,.T.);
#8104 = EDGE_LOOP('',(#8105,#8106,#8107,#8113));
#8105 = ORIENTED_EDGE('',*,*,#8085,.F.);
#8106 = ORIENTED_EDGE('',*,*,#3819,.F.);
#8107 = ORIENTED_EDGE('',*,*,#8108,.T.);
#8108 = EDGE_CURVE('',#3812,#7344,#8109,.T.);
#8109 = LINE('',#8110,#8111);
#8110 = CARTESIAN_POINT('',(-0.762394216804,9.196645168554,
    58.982690774129));
#8111 = VECTOR('',#8112,1.);
#8112 = DIRECTION('',(0.896281847449,0.,-0.443484892566));
#8113 = ORIENTED_EDGE('',*,*,#7343,.T.);
#8114 = PLANE('',#8115);
#8115 = AXIS2_PLACEMENT_3D('',#8116,#8117,#8118);
#8116 = CARTESIAN_POINT('',(-26.99932390459,9.196645168554,
    4.830488039574));
#8117 = DIRECTION('',(0.,1.,0.));
#8118 = DIRECTION('',(-0.896281847449,0.,0.443484892566));
#8119 = ADVANCED_FACE('',(#8120),#8131,.T.);
#8120 = FACE_BOUND('',#8121,.T.);
#8121 = EDGE_LOOP('',(#8122,#8123,#8124,#8125));
#8122 = ORIENTED_EDGE('',*,*,#7369,.F.);
#8123 = ORIENTED_EDGE('',*,*,#8108,.F.);
#8124 = ORIENTED_EDGE('',*,*,#3811,.F.);
#8125 = ORIENTED_EDGE('',*,*,#8126,.T.);
#8126 = EDGE_CURVE('',#3804,#7362,#8127,.T.);
#8127 = LINE('',#8128,#8129);
#8128 = CARTESIAN_POINT('',(-0.762394216804,15.196645168554,
    58.982690774129));
#8129 = VECTOR('',#8130,1.);
#8130 = DIRECTION('',(0.896281847449,0.,-0.443484892566));
#8131 = PLANE('',#8132);
#8132 = AXIS2_PLACEMENT_3D('',#8133,#8134,#8135);
#8133 = CARTESIAN_POINT('',(-1.210535140528,-22.52829860094,
    59.204433220412));
#8134 = DIRECTION('',(-0.443484892566,0.,-0.896281847449));
#8135 = DIRECTION('',(0.,1.,0.));
#8136 = ADVANCED_FACE('',(#8137),#8143,.F.);
#8137 = FACE_BOUND('',#8138,.F.);
#8138 = EDGE_LOOP('',(#8139,#8140,#8141,#8142));
#8139 = ORIENTED_EDGE('',*,*,#8092,.F.);
#8140 = ORIENTED_EDGE('',*,*,#3803,.F.);
#8141 = ORIENTED_EDGE('',*,*,#8126,.T.);
#8142 = ORIENTED_EDGE('',*,*,#7361,.T.);
#8143 = PLANE('',#8144);
#8144 = AXIS2_PLACEMENT_3D('',#8145,#8146,#8147);
#8145 = CARTESIAN_POINT('',(-26.99932390459,15.196645168554,
    4.830488039574));
#8146 = DIRECTION('',(0.,1.,0.));
#8147 = DIRECTION('',(-0.896281847449,0.,0.443484892566));
#8148 = ADVANCED_FACE('',(#8149),#8165,.F.);
#8149 = FACE_BOUND('',#8150,.F.);
#8150 = EDGE_LOOP('',(#8151,#8152,#8158,#8159));
#8151 = ORIENTED_EDGE('',*,*,#7387,.F.);
#8152 = ORIENTED_EDGE('',*,*,#8153,.F.);
#8153 = EDGE_CURVE('',#3830,#7380,#8154,.T.);
#8154 = LINE('',#8155,#8156);
#8155 = CARTESIAN_POINT('',(-27.00397993574,0.196645168554,
    5.948512333305));
#8156 = VECTOR('',#8157,1.);
#8157 = DIRECTION('',(0.896281847449,0.,-0.443484892566));
#8158 = ORIENTED_EDGE('',*,*,#3827,.F.);
#8159 = ORIENTED_EDGE('',*,*,#8160,.T.);
#8160 = EDGE_CURVE('',#3828,#7388,#8161,.T.);
#8161 = LINE('',#8162,#8163);
#8162 = CARTESIAN_POINT('',(-27.00397993574,6.196645168554,
    5.948512333305));
#8163 = VECTOR('',#8164,1.);
#8164 = DIRECTION('',(0.896281847449,0.,-0.443484892566));
#8165 = PLANE('',#8166);
#8166 = AXIS2_PLACEMENT_3D('',#8167,#8168,#8169);
#8167 = CARTESIAN_POINT('',(-27.45212085947,-30.80335483144,
    6.170254779588));
#8168 = DIRECTION('',(-0.443484892566,0.,-0.896281847449));
#8169 = DIRECTION('',(0.,1.,0.));
#8170 = ADVANCED_FACE('',(#8171),#8182,.T.);
#8171 = FACE_BOUND('',#8172,.T.);
#8172 = EDGE_LOOP('',(#8173,#8174,#8175,#8181));
#8173 = ORIENTED_EDGE('',*,*,#8153,.F.);
#8174 = ORIENTED_EDGE('',*,*,#3853,.F.);
#8175 = ORIENTED_EDGE('',*,*,#8176,.T.);
#8176 = EDGE_CURVE('',#3846,#7378,#8177,.T.);
#8177 = LINE('',#8178,#8179);
#8178 = CARTESIAN_POINT('',(-0.762394216804,0.196645168554,
    58.982690774129));
#8179 = VECTOR('',#8180,1.);
#8180 = DIRECTION('',(0.896281847449,0.,-0.443484892566));
#8181 = ORIENTED_EDGE('',*,*,#7377,.T.);
#8182 = PLANE('',#8183);
#8183 = AXIS2_PLACEMENT_3D('',#8184,#8185,#8186);
#8184 = CARTESIAN_POINT('',(-26.99932390459,0.196645168554,
    4.830488039574));
#8185 = DIRECTION('',(0.,1.,0.));
#8186 = DIRECTION('',(-0.896281847449,0.,0.443484892566));
#8187 = ADVANCED_FACE('',(#8188),#8199,.T.);
#8188 = FACE_BOUND('',#8189,.T.);
#8189 = EDGE_LOOP('',(#8190,#8191,#8192,#8193));
#8190 = ORIENTED_EDGE('',*,*,#7403,.F.);
#8191 = ORIENTED_EDGE('',*,*,#8176,.F.);
#8192 = ORIENTED_EDGE('',*,*,#3845,.F.);
#8193 = ORIENTED_EDGE('',*,*,#8194,.T.);
#8194 = EDGE_CURVE('',#3838,#7396,#8195,.T.);
#8195 = LINE('',#8196,#8197);
#8196 = CARTESIAN_POINT('',(-0.762394216804,6.196645168554,
    58.982690774129));
#8197 = VECTOR('',#8198,1.);
#8198 = DIRECTION('',(0.896281847449,0.,-0.443484892566));
#8199 = PLANE('',#8200);
#8200 = AXIS2_PLACEMENT_3D('',#8201,#8202,#8203);
#8201 = CARTESIAN_POINT('',(-1.210535140528,-22.52829860094,
    59.204433220412));
#8202 = DIRECTION('',(-0.443484892566,0.,-0.896281847449));
#8203 = DIRECTION('',(0.,1.,0.));
#8204 = ADVANCED_FACE('',(#8205),#8211,.F.);
#8205 = FACE_BOUND('',#8206,.F.);
#8206 = EDGE_LOOP('',(#8207,#8208,#8209,#8210));
#8207 = ORIENTED_EDGE('',*,*,#8160,.F.);
#8208 = ORIENTED_EDGE('',*,*,#3837,.F.);
#8209 = ORIENTED_EDGE('',*,*,#8194,.T.);
#8210 = ORIENTED_EDGE('',*,*,#7395,.T.);
#8211 = PLANE('',#8212);
#8212 = AXIS2_PLACEMENT_3D('',#8213,#8214,#8215);
#8213 = CARTESIAN_POINT('',(-26.99932390459,6.196645168554,
    4.830488039574));
#8214 = DIRECTION('',(0.,1.,0.));
#8215 = DIRECTION('',(-0.896281847449,0.,0.443484892566));
#8216 = ADVANCED_FACE('',(#8217),#8233,.F.);
#8217 = FACE_BOUND('',#8218,.F.);
#8218 = EDGE_LOOP('',(#8219,#8220,#8226,#8227));
#8219 = ORIENTED_EDGE('',*,*,#7421,.F.);
#8220 = ORIENTED_EDGE('',*,*,#8221,.F.);
#8221 = EDGE_CURVE('',#3864,#7414,#8222,.T.);
#8222 = LINE('',#8223,#8224);
#8223 = CARTESIAN_POINT('',(-27.00397993574,-8.803354831446,
    5.948512333305));
#8224 = VECTOR('',#8225,1.);
#8225 = DIRECTION('',(0.896281847449,0.,-0.443484892566));
#8226 = ORIENTED_EDGE('',*,*,#3861,.F.);
#8227 = ORIENTED_EDGE('',*,*,#8228,.T.);
#8228 = EDGE_CURVE('',#3862,#7422,#8229,.T.);
#8229 = LINE('',#8230,#8231);
#8230 = CARTESIAN_POINT('',(-27.00397993574,-2.803354831446,
    5.948512333305));
#8231 = VECTOR('',#8232,1.);
#8232 = DIRECTION('',(0.896281847449,0.,-0.443484892566));
#8233 = PLANE('',#8234);
#8234 = AXIS2_PLACEMENT_3D('',#8235,#8236,#8237);
#8235 = CARTESIAN_POINT('',(-27.45212085947,-30.80335483144,
    6.170254779588));
#8236 = DIRECTION('',(-0.443484892566,0.,-0.896281847449));
#8237 = DIRECTION('',(0.,1.,0.));
#8238 = ADVANCED_FACE('',(#8239),#8250,.T.);
#8239 = FACE_BOUND('',#8240,.T.);
#8240 = EDGE_LOOP('',(#8241,#8242,#8243,#8249));
#8241 = ORIENTED_EDGE('',*,*,#8221,.F.);
#8242 = ORIENTED_EDGE('',*,*,#3887,.F.);
#8243 = ORIENTED_EDGE('',*,*,#8244,.T.);
#8244 = EDGE_CURVE('',#3880,#7412,#8245,.T.);
#8245 = LINE('',#8246,#8247);
#8246 = CARTESIAN_POINT('',(-0.762394216804,-8.803354831446,
    58.982690774129));
#8247 = VECTOR('',#8248,1.);
#8248 = DIRECTION('',(0.896281847449,0.,-0.443484892566));
#8249 = ORIENTED_EDGE('',*,*,#7411,.T.);
#8250 = PLANE('',#8251);
#8251 = AXIS2_PLACEMENT_3D('',#8252,#8253,#8254);
#8252 = CARTESIAN_POINT('',(-26.99932390459,-8.803354831446,
    4.830488039574));
#8253 = DIRECTION('',(0.,1.,0.));
#8254 = DIRECTION('',(-0.896281847449,0.,0.443484892566));
#8255 = ADVANCED_FACE('',(#8256),#8267,.T.);
#8256 = FACE_BOUND('',#8257,.T.);
#8257 = EDGE_LOOP('',(#8258,#8259,#8260,#8261));
#8258 = ORIENTED_EDGE('',*,*,#7437,.F.);
#8259 = ORIENTED_EDGE('',*,*,#8244,.F.);
#8260 = ORIENTED_EDGE('',*,*,#3879,.F.);
#8261 = ORIENTED_EDGE('',*,*,#8262,.T.);
#8262 = EDGE_CURVE('',#3872,#7430,#8263,.T.);
#8263 = LINE('',#8264,#8265);
#8264 = CARTESIAN_POINT('',(-0.762394216804,-2.803354831446,
    58.982690774129));
#8265 = VECTOR('',#8266,1.);
#8266 = DIRECTION('',(0.896281847449,0.,-0.443484892566));
#8267 = PLANE('',#8268);
#8268 = AXIS2_PLACEMENT_3D('',#8269,#8270,#8271);
#8269 = CARTESIAN_POINT('',(-1.210535140528,-22.52829860094,
    59.204433220412));
#8270 = DIRECTION('',(-0.443484892566,0.,-0.896281847449));
#8271 = DIRECTION('',(0.,1.,0.));
#8272 = ADVANCED_FACE('',(#8273),#8279,.F.);
#8273 = FACE_BOUND('',#8274,.F.);
#8274 = EDGE_LOOP('',(#8275,#8276,#8277,#8278));
#8275 = ORIENTED_EDGE('',*,*,#8228,.F.);
#8276 = ORIENTED_EDGE('',*,*,#3871,.F.);
#8277 = ORIENTED_EDGE('',*,*,#8262,.T.);
#8278 = ORIENTED_EDGE('',*,*,#7429,.T.);
#8279 = PLANE('',#8280);
#8280 = AXIS2_PLACEMENT_3D('',#8281,#8282,#8283);
#8281 = CARTESIAN_POINT('',(-26.99932390459,-2.803354831446,
    4.830488039574));
#8282 = DIRECTION('',(0.,1.,0.));
#8283 = DIRECTION('',(-0.896281847449,0.,0.443484892566));
#8284 = ADVANCED_FACE('',(#8285),#8301,.F.);
#8285 = FACE_BOUND('',#8286,.F.);
#8286 = EDGE_LOOP('',(#8287,#8288,#8294,#8295));
#8287 = ORIENTED_EDGE('',*,*,#7455,.F.);
#8288 = ORIENTED_EDGE('',*,*,#8289,.F.);
#8289 = EDGE_CURVE('',#3898,#7448,#8290,.T.);
#8290 = LINE('',#8291,#8292);
#8291 = CARTESIAN_POINT('',(-27.00397993574,-17.80335483144,
    5.948512333305));
#8292 = VECTOR('',#8293,1.);
#8293 = DIRECTION('',(0.896281847449,0.,-0.443484892566));
#8294 = ORIENTED_EDGE('',*,*,#3895,.F.);
#8295 = ORIENTED_EDGE('',*,*,#8296,.T.);
#8296 = EDGE_CURVE('',#3896,#7456,#8297,.T.);
#8297 = LINE('',#8298,#8299);
#8298 = CARTESIAN_POINT('',(-27.00397993574,-11.80335483144,
    5.948512333305));
#8299 = VECTOR('',#8300,1.);
#8300 = DIRECTION('',(0.896281847449,0.,-0.443484892566));
#8301 = PLANE('',#8302);
#8302 = AXIS2_PLACEMENT_3D('',#8303,#8304,#8305);
#8303 = CARTESIAN_POINT('',(-27.45212085947,-30.80335483144,
    6.170254779588));
#8304 = DIRECTION('',(-0.443484892566,0.,-0.896281847449));
#8305 = DIRECTION('',(0.,1.,0.));
#8306 = ADVANCED_FACE('',(#8307),#8318,.T.);
#8307 = FACE_BOUND('',#8308,.T.);
#8308 = EDGE_LOOP('',(#8309,#8310,#8311,#8317));
#8309 = ORIENTED_EDGE('',*,*,#8289,.F.);
#8310 = ORIENTED_EDGE('',*,*,#3921,.F.);
#8311 = ORIENTED_EDGE('',*,*,#8312,.T.);
#8312 = EDGE_CURVE('',#3914,#7446,#8313,.T.);
#8313 = LINE('',#8314,#8315);
#8314 = CARTESIAN_POINT('',(-0.762394216804,-17.80335483144,
    58.982690774129));
#8315 = VECTOR('',#8316,1.);
#8316 = DIRECTION('',(0.896281847449,0.,-0.443484892566));
#8317 = ORIENTED_EDGE('',*,*,#7445,.T.);
#8318 = PLANE('',#8319);
#8319 = AXIS2_PLACEMENT_3D('',#8320,#8321,#8322);
#8320 = CARTESIAN_POINT('',(-26.99932390459,-17.80335483144,
    4.830488039574));
#8321 = DIRECTION('',(0.,1.,0.));
#8322 = DIRECTION('',(-0.896281847449,0.,0.443484892566));
#8323 = ADVANCED_FACE('',(#8324),#8335,.T.);
#8324 = FACE_BOUND('',#8325,.T.);
#8325 = EDGE_LOOP('',(#8326,#8327,#8328,#8329));
#8326 = ORIENTED_EDGE('',*,*,#7471,.F.);
#8327 = ORIENTED_EDGE('',*,*,#8312,.F.);
#8328 = ORIENTED_EDGE('',*,*,#3913,.F.);
#8329 = ORIENTED_EDGE('',*,*,#8330,.T.);
#8330 = EDGE_CURVE('',#3906,#7464,#8331,.T.);
#8331 = LINE('',#8332,#8333);
#8332 = CARTESIAN_POINT('',(-0.762394216804,-11.80335483144,
    58.982690774129));
#8333 = VECTOR('',#8334,1.);
#8334 = DIRECTION('',(0.896281847449,0.,-0.443484892566));
#8335 = PLANE('',#8336);
#8336 = AXIS2_PLACEMENT_3D('',#8337,#8338,#8339);
#8337 = CARTESIAN_POINT('',(-1.210535140528,-22.52829860094,
    59.204433220412));
#8338 = DIRECTION('',(-0.443484892566,0.,-0.896281847449));
#8339 = DIRECTION('',(0.,1.,0.));
#8340 = ADVANCED_FACE('',(#8341),#8347,.F.);
#8341 = FACE_BOUND('',#8342,.F.);
#8342 = EDGE_LOOP('',(#8343,#8344,#8345,#8346));
#8343 = ORIENTED_EDGE('',*,*,#8296,.F.);
#8344 = ORIENTED_EDGE('',*,*,#3905,.F.);
#8345 = ORIENTED_EDGE('',*,*,#8330,.T.);
#8346 = ORIENTED_EDGE('',*,*,#7463,.T.);
#8347 = PLANE('',#8348);
#8348 = AXIS2_PLACEMENT_3D('',#8349,#8350,#8351);
#8349 = CARTESIAN_POINT('',(-26.99932390459,-11.80335483144,
    4.830488039574));
#8350 = DIRECTION('',(0.,1.,0.));
#8351 = DIRECTION('',(-0.896281847449,0.,0.443484892566));
#8352 = ADVANCED_FACE('',(#8353),#8369,.F.);
#8353 = FACE_BOUND('',#8354,.F.);
#8354 = EDGE_LOOP('',(#8355,#8356,#8362,#8363));
#8355 = ORIENTED_EDGE('',*,*,#7489,.F.);
#8356 = ORIENTED_EDGE('',*,*,#8357,.F.);
#8357 = EDGE_CURVE('',#3932,#7482,#8358,.T.);
#8358 = LINE('',#8359,#8360);
#8359 = CARTESIAN_POINT('',(-27.00397993574,-26.80335483144,
    5.948512333305));
#8360 = VECTOR('',#8361,1.);
#8361 = DIRECTION('',(0.896281847449,0.,-0.443484892566));
#8362 = ORIENTED_EDGE('',*,*,#3929,.F.);
#8363 = ORIENTED_EDGE('',*,*,#8364,.T.);
#8364 = EDGE_CURVE('',#3930,#7490,#8365,.T.);
#8365 = LINE('',#8366,#8367);
#8366 = CARTESIAN_POINT('',(-27.00397993574,-20.80335483144,
    5.948512333305));
#8367 = VECTOR('',#8368,1.);
#8368 = DIRECTION('',(0.896281847449,0.,-0.443484892566));
#8369 = PLANE('',#8370);
#8370 = AXIS2_PLACEMENT_3D('',#8371,#8372,#8373);
#8371 = CARTESIAN_POINT('',(-27.45212085947,-30.80335483144,
    6.170254779588));
#8372 = DIRECTION('',(-0.443484892566,0.,-0.896281847449));
#8373 = DIRECTION('',(0.,1.,0.));
#8374 = ADVANCED_FACE('',(#8375),#8386,.T.);
#8375 = FACE_BOUND('',#8376,.T.);
#8376 = EDGE_LOOP('',(#8377,#8378,#8379,#8385));
#8377 = ORIENTED_EDGE('',*,*,#8357,.F.);
#8378 = ORIENTED_EDGE('',*,*,#3963,.F.);
#8379 = ORIENTED_EDGE('',*,*,#8380,.F.);
#8380 = EDGE_CURVE('',#7480,#3956,#8381,.T.);
#8381 = LINE('',#8382,#8383);
#8382 = CARTESIAN_POINT('',(-14.31931170486,-26.80335483144,
    31.584194781162));
#8383 = VECTOR('',#8384,1.);
#8384 = DIRECTION('',(-0.896281847449,0.,0.443484892566));
#8385 = ORIENTED_EDGE('',*,*,#7479,.T.);
#8386 = PLANE('',#8387);
#8387 = AXIS2_PLACEMENT_3D('',#8388,#8389,#8390);
#8388 = CARTESIAN_POINT('',(-26.99932390459,-26.80335483144,
    4.830488039574));
#8389 = DIRECTION('',(0.,1.,0.));
#8390 = DIRECTION('',(-0.896281847449,0.,0.443484892566));
#8391 = ADVANCED_FACE('',(#8392),#8403,.F.);
#8392 = FACE_BOUND('',#8393,.F.);
#8393 = EDGE_LOOP('',(#8394,#8395,#8401,#8402));
#8394 = ORIENTED_EDGE('',*,*,#7513,.F.);
#8395 = ORIENTED_EDGE('',*,*,#8396,.T.);
#8396 = EDGE_CURVE('',#7506,#3948,#8397,.T.);
#8397 = LINE('',#8398,#8399);
#8398 = CARTESIAN_POINT('',(-1.210535140528,-22.52829860094,
    59.204433220412));
#8399 = VECTOR('',#8400,1.);
#8400 = DIRECTION('',(-0.896281847449,0.,0.443484892566));
#8401 = ORIENTED_EDGE('',*,*,#3955,.F.);
#8402 = ORIENTED_EDGE('',*,*,#8380,.F.);
#8403 = PLANE('',#8404);
#8404 = AXIS2_PLACEMENT_3D('',#8405,#8406,#8407);
#8405 = CARTESIAN_POINT('',(-1.210535140528,-22.52829860094,
    59.204433220412));
#8406 = DIRECTION('',(6.14232254892E-02,-0.990362254586,0.124136183533)
  );
#8407 = DIRECTION('',(-0.439210698076,-0.138501280469,-0.887643711183));
#8408 = ADVANCED_FACE('',(#8409),#8420,.T.);
#8409 = FACE_BOUND('',#8410,.T.);
#8410 = EDGE_LOOP('',(#8411,#8412,#8413,#8414));
#8411 = ORIENTED_EDGE('',*,*,#7505,.F.);
#8412 = ORIENTED_EDGE('',*,*,#8396,.T.);
#8413 = ORIENTED_EDGE('',*,*,#3947,.F.);
#8414 = ORIENTED_EDGE('',*,*,#8415,.T.);
#8415 = EDGE_CURVE('',#3940,#7498,#8416,.T.);
#8416 = LINE('',#8417,#8418);
#8417 = CARTESIAN_POINT('',(-0.762394216804,-20.80335483144,
    58.982690774129));
#8418 = VECTOR('',#8419,1.);
#8419 = DIRECTION('',(0.896281847449,0.,-0.443484892566));
#8420 = PLANE('',#8421);
#8421 = AXIS2_PLACEMENT_3D('',#8422,#8423,#8424);
#8422 = CARTESIAN_POINT('',(-1.210535140528,-22.52829860094,
    59.204433220412));
#8423 = DIRECTION('',(-0.443484892566,0.,-0.896281847449));
#8424 = DIRECTION('',(0.,1.,0.));
#8425 = ADVANCED_FACE('',(#8426),#8432,.F.);
#8426 = FACE_BOUND('',#8427,.F.);
#8427 = EDGE_LOOP('',(#8428,#8429,#8430,#8431));
#8428 = ORIENTED_EDGE('',*,*,#8364,.F.);
#8429 = ORIENTED_EDGE('',*,*,#3939,.F.);
#8430 = ORIENTED_EDGE('',*,*,#8415,.T.);
#8431 = ORIENTED_EDGE('',*,*,#7497,.T.);
#8432 = PLANE('',#8433);
#8433 = AXIS2_PLACEMENT_3D('',#8434,#8435,#8436);
#8434 = CARTESIAN_POINT('',(-26.99932390459,-20.80335483144,
    4.830488039574));
#8435 = DIRECTION('',(0.,1.,0.));
#8436 = DIRECTION('',(-0.896281847449,0.,0.443484892566));
#8437 = ADVANCED_FACE('',(#8438),#8479,.T.);
#8438 = FACE_BOUND('',#8439,.T.);
#8439 = EDGE_LOOP('',(#8440,#8441,#8476,#8477,#8478));
#8440 = ORIENTED_EDGE('',*,*,#4258,.F.);
#8441 = ORIENTED_EDGE('',*,*,#8442,.T.);
#8442 = EDGE_CURVE('',#2005,#1944,#8443,.T.);
#8443 = B_SPLINE_CURVE_WITH_KNOTS('',6,(#8444,#8445,#8446,#8447,#8448,
    #8449,#8450,#8451,#8452,#8453,#8454,#8455,#8456,#8457,#8458,#8459,
    #8460,#8461,#8462,#8463,#8464,#8465,#8466,#8467,#8468,#8469,#8470,
    #8471,#8472,#8473,#8474,#8475),.UNSPECIFIED.,.F.,.F.,(7,5,5,5,5,5,7)
  ,(0.,0.106944972858,0.365137784625,0.585340350712,0.676101167153,
    0.806259419745,1.),.UNSPECIFIED.);
#8444 = CARTESIAN_POINT('',(6.223501,14.306486383018,69.174688));
#8445 = CARTESIAN_POINT('',(6.439037068173,14.207521426747,69.174688));
#8446 = CARTESIAN_POINT('',(6.657216955903,14.114375096652,69.174688));
#8447 = CARTESIAN_POINT('',(6.877813243615,14.02706418818,69.174688));
#8448 = CARTESIAN_POINT('',(7.100606121207,13.945601191621,69.174688));
#8449 = CARTESIAN_POINT('',(7.325383388046,13.869994292113,69.174688));
#8450 = CARTESIAN_POINT('',(8.098907776974,13.631860267888,69.174688));
#8451 = CARTESIAN_POINT('',(8.65621110216,13.497641924339,69.174688));
#8452 = CARTESIAN_POINT('',(9.221036783344,13.397627608465,69.174688));
#8453 = CARTESIAN_POINT('',(9.790682833927,13.331823894377,69.174688));
#8454 = CARTESIAN_POINT('',(10.36255271256,13.300183024391,69.174688));
#8455 = CARTESIAN_POINT('',(11.421668104667,13.304810335863,69.174688));
#8456 = CARTESIAN_POINT('',(11.908946996456,13.331770746981,69.174688));
#8457 = CARTESIAN_POINT('',(12.39444612765,13.383542056653,69.174688));
#8458 = CARTESIAN_POINT('',(12.876561434956,13.460103997278,69.174688));
#8459 = CARTESIAN_POINT('',(13.353639007518,13.56142208017,69.174688));
#8460 = CARTESIAN_POINT('',(14.017833519127,13.739372365706,69.174688));
#8461 = CARTESIAN_POINT('',(14.21054380687,13.795505032853,69.174688));
#8462 = CARTESIAN_POINT('',(14.401984798077,13.855827399255,69.174688));
#8463 = CARTESIAN_POINT('',(14.592031931758,13.920332960683,69.174688));
#8464 = CARTESIAN_POINT('',(14.780557359119,13.989013364506,69.174688));
#8465 = CARTESIAN_POINT('',(15.235420140231,14.166324016814,69.174688));
#8466 = CARTESIAN_POINT('',(15.500009858884,14.279353870183,69.174688));
#8467 = CARTESIAN_POINT('',(15.760813531717,14.400917415153,69.174688));
#8468 = CARTESIAN_POINT('',(16.017425938166,14.530972244565,69.174688));
#8469 = CARTESIAN_POINT('',(16.269424241619,14.669460036869,69.174688));
#8470 = CARTESIAN_POINT('',(16.883948866747,15.034877516018,69.174688));
#8471 = CARTESIAN_POINT('',(17.240328986497,15.271961180326,69.174688));
#8472 = CARTESIAN_POINT('',(17.584065837146,15.527294035054,69.174688));
#8473 = CARTESIAN_POINT('',(17.913600621447,15.800499200326,69.174688));
#8474 = CARTESIAN_POINT('',(18.227300866984,16.0910344672,69.174688));
#8475 = CARTESIAN_POINT('',(18.523501,16.398144396366,69.174688));
#8476 = ORIENTED_EDGE('',*,*,#4377,.F.);
#8477 = ORIENTED_EDGE('',*,*,#4367,.T.);
#8478 = ORIENTED_EDGE('',*,*,#4270,.T.);
#8479 = B_SPLINE_SURFACE_WITH_KNOTS('',14,1,(
    (#8480,#8481)
    ,(#8482,#8483)
    ,(#8484,#8485)
    ,(#8486,#8487)
    ,(#8488,#8489)
    ,(#8490,#8491)
    ,(#8492,#8493)
    ,(#8494,#8495)
    ,(#8496,#8497)
    ,(#8498,#8499)
    ,(#8500,#8501)
    ,(#8502,#8503)
    ,(#8504,#8505)
    ,(#8506,#8507)
    ,(#8508,#8509
    )),.UNSPECIFIED.,.T.,.F.,.F.,(15,15),(2,2),(0.,6.28318530718),(0.,1.
    ),.PIECEWISE_BEZIER_KNOTS.);
#8480 = CARTESIAN_POINT('',(6.223501,21.938,48.374688));
#8481 = CARTESIAN_POINT('',(18.523501,21.938,65.874688));
#8482 = CARTESIAN_POINT('',(6.223500999999,27.233827616056,
    48.374687999997));
#8483 = CARTESIAN_POINT('',(18.523501,24.765433388234,65.874687999999));
#8484 = CARTESIAN_POINT('',(6.223501000002,32.52965718691,
    50.934277462168));
#8485 = CARTESIAN_POINT('',(18.523501,27.592867820128,67.241248475561));
#8486 = CARTESIAN_POINT('',(6.223501,36.485268289562,56.053459658612));
#8487 = CARTESIAN_POINT('',(18.523501000002,29.704761883415,
    69.974371173672));
#8488 = CARTESIAN_POINT('',(6.22350099999,37.760591630772,
    62.966693253991));
#8489 = CARTESIAN_POINT('',(18.523500999993,30.385654853713,
    73.665334872894));
#8490 = CARTESIAN_POINT('',(6.223501000032,35.495926959839,
    70.143040792623));
#8491 = CARTESIAN_POINT('',(18.523501000015,29.176554224321,
    77.496774660446));
#8492 = CARTESIAN_POINT('',(6.223500999938,29.795445894278,
    75.621380079767));
#8493 = CARTESIAN_POINT('',(18.523500999975,26.133077045259,
    80.421650720611));
#8494 = CARTESIAN_POINT('',(6.223501000084,21.937999999934,
    77.683865503946));
#8495 = CARTESIAN_POINT('',(18.523501000031,21.937999999947,
    81.522808192693));
#8496 = CARTESIAN_POINT('',(6.223500999913,14.080554105832,
    75.621380079786));
#8497 = CARTESIAN_POINT('',(18.523500999969,17.742922954832,
    80.421650720673));
#8498 = CARTESIAN_POINT('',(6.22350100007,8.380073040101,70.143040792593
    ));
#8499 = CARTESIAN_POINT('',(18.523501000024,14.699445775626,
    77.496774660351));
#8500 = CARTESIAN_POINT('',(6.223500999956,6.115408369245,62.96669325402
    ));
#8501 = CARTESIAN_POINT('',(18.523500999985,13.490345146307,
    73.665334872982));
#8502 = CARTESIAN_POINT('',(6.223501000022,7.39073171044,56.053459658592
    ));
#8503 = CARTESIAN_POINT('',(18.523501000007,14.171238116583,
    69.974371173615));
#8504 = CARTESIAN_POINT('',(6.223500999992,11.346342813085,
    50.934277462177));
#8505 = CARTESIAN_POINT('',(18.523500999997,16.283132179871,
    67.241248475585));
#8506 = CARTESIAN_POINT('',(6.223501000002,16.642172383945,
    48.374687999994));
#8507 = CARTESIAN_POINT('',(18.523501000001,19.110566611767,
    65.874687999993));
#8508 = CARTESIAN_POINT('',(6.223501,21.938,48.374688));
#8509 = CARTESIAN_POINT('',(18.523501,21.938,65.874688));
#8510 = ADVANCED_FACE('',(#8511),#8517,.T.);
#8511 = FACE_BOUND('',#8512,.T.);
#8512 = EDGE_LOOP('',(#8513,#8514,#8515,#8516));
#8513 = ORIENTED_EDGE('',*,*,#8442,.F.);
#8514 = ORIENTED_EDGE('',*,*,#4523,.F.);
#8515 = ORIENTED_EDGE('',*,*,#7808,.T.);
#8516 = ORIENTED_EDGE('',*,*,#4598,.F.);
#8517 = B_SPLINE_SURFACE_WITH_KNOTS('',14,1,(
    (#8518,#8519)
    ,(#8520,#8521)
    ,(#8522,#8523)
    ,(#8524,#8525)
    ,(#8526,#8527)
    ,(#8528,#8529)
    ,(#8530,#8531)
    ,(#8532,#8533)
    ,(#8534,#8535)
    ,(#8536,#8537)
    ,(#8538,#8539)
    ,(#8540,#8541)
    ,(#8542,#8543)
    ,(#8544,#8545)
    ,(#8546,#8547
    )),.UNSPECIFIED.,.T.,.F.,.F.,(15,15),(2,2),(0.,6.28318530718),(0.,1.
    ),.PIECEWISE_BEZIER_KNOTS.);
#8518 = CARTESIAN_POINT('',(1.423501,21.938,41.545419707317));
#8519 = CARTESIAN_POINT('',(18.523501,21.938,65.874688));
#8520 = CARTESIAN_POINT('',(1.423500999999,28.197103412278,
    41.545419707313));
#8521 = CARTESIAN_POINT('',(18.523501,24.765433388234,65.874687999999));
#8522 = CARTESIAN_POINT('',(1.423501000002,34.456209134929,
    44.570581456941));
#8523 = CARTESIAN_POINT('',(18.523501,27.592867820128,67.241248475561));
#8524 = CARTESIAN_POINT('',(1.423501000002,39.131319569997,
    50.620908823469));
#8525 = CARTESIAN_POINT('',(18.523501000002,29.704761883415,
    69.974371173672));
#8526 = CARTESIAN_POINT('',(1.423500999982,40.638615738908,
    58.79161359783));
#8527 = CARTESIAN_POINT('',(18.523500999993,30.385654853713,
    73.665334872894));
#8528 = CARTESIAN_POINT('',(1.423501000054,37.962023637112,
    67.273290990547));
#8529 = CARTESIAN_POINT('',(18.523501000015,29.176554224321,
    77.496774660446));
#8530 = CARTESIAN_POINT('',(1.423500999899,31.224663006062,
    73.74810373213));
#8531 = CARTESIAN_POINT('',(18.523500999975,26.133077045259,
    80.421650720611));
#8532 = CARTESIAN_POINT('',(1.423501000139,21.937999999994,
    76.185741527823));
#8533 = CARTESIAN_POINT('',(18.523501000031,21.937999999947,
    81.522808192693));
#8534 = CARTESIAN_POINT('',(1.423500999853,12.651336993939,
    73.748103732166));
#8535 = CARTESIAN_POINT('',(18.523500999969,17.742922954832,
    80.421650720673));
#8536 = CARTESIAN_POINT('',(1.423501000123,5.913976362908,
    67.273290990492));
#8537 = CARTESIAN_POINT('',(18.523501000024,14.699445775626,
    77.496774660351));
#8538 = CARTESIAN_POINT('',(1.423500999919,3.237384261062,
    58.791613597879));
#8539 = CARTESIAN_POINT('',(18.523500999985,13.490345146307,
    73.665334872982));
#8540 = CARTESIAN_POINT('',(1.423501000042,4.744680430027,
    50.620908823439));
#8541 = CARTESIAN_POINT('',(18.523501000007,14.171238116583,
    69.974371173615));
#8542 = CARTESIAN_POINT('',(1.423500999985,9.419790865059,
    44.570581456954));
#8543 = CARTESIAN_POINT('',(18.523500999997,16.283132179871,
    67.241248475585));
#8544 = CARTESIAN_POINT('',(1.423501000003,15.678896587725,
    41.54541970731));
#8545 = CARTESIAN_POINT('',(18.523501000001,19.110566611767,
    65.874687999993));
#8546 = CARTESIAN_POINT('',(1.423501,21.938,41.545419707317));
#8547 = CARTESIAN_POINT('',(18.523501,21.938,65.874688));
#8548 = ADVANCED_FACE('',(#8549),#8560,.F.);
#8549 = FACE_BOUND('',#8550,.F.);
#8550 = EDGE_LOOP('',(#8551,#8552,#8553,#8554));
#8551 = ORIENTED_EDGE('',*,*,#4688,.F.);
#8552 = ORIENTED_EDGE('',*,*,#4638,.T.);
#8553 = ORIENTED_EDGE('',*,*,#6998,.T.);
#8554 = ORIENTED_EDGE('',*,*,#8555,.F.);
#8555 = EDGE_CURVE('',#4681,#6967,#8556,.T.);
#8556 = LINE('',#8557,#8558);
#8557 = CARTESIAN_POINT('',(22.237344,21.8,69.274688));
#8558 = VECTOR('',#8559,1.);
#8559 = DIRECTION('',(0.,1.,0.));
#8560 = PLANE('',#8561);
#8561 = AXIS2_PLACEMENT_3D('',#8562,#8563,#8564);
#8562 = CARTESIAN_POINT('',(20.237344,21.8,69.274688));
#8563 = DIRECTION('',(2.22044604925E-16,0.,-1.));
#8564 = DIRECTION('',(1.,0.,2.22044604925E-16));
#8565 = ADVANCED_FACE('',(#8566,#8589),#8600,.T.);
#8566 = FACE_BOUND('',#8567,.T.);
#8567 = EDGE_LOOP('',(#8568,#8576,#8577,#8583));
#8568 = ORIENTED_EDGE('',*,*,#8569,.T.);
#8569 = EDGE_CURVE('',#8570,#4672,#8572,.T.);
#8570 = VERTEX_POINT('',#8571);
#8571 = CARTESIAN_POINT('',(24.823501,21.8,69.274688));
#8572 = LINE('',#8573,#8574);
#8573 = CARTESIAN_POINT('',(24.823501,21.8,69.274688));
#8574 = VECTOR('',#8575,1.);
#8575 = DIRECTION('',(0.,1.,0.));
#8576 = ORIENTED_EDGE('',*,*,#4671,.T.);
#8577 = ORIENTED_EDGE('',*,*,#8578,.T.);
#8578 = EDGE_CURVE('',#1919,#6914,#8579,.T.);
#8579 = LINE('',#8580,#8581);
#8580 = CARTESIAN_POINT('',(24.823501,-249.875,69.174688));
#8581 = VECTOR('',#8582,1.);
#8582 = DIRECTION('',(0.,1.,0.));
#8583 = ORIENTED_EDGE('',*,*,#8584,.F.);
#8584 = EDGE_CURVE('',#8570,#6914,#8585,.T.);
#8585 = LINE('',#8586,#8587);
#8586 = CARTESIAN_POINT('',(24.823501,21.8,69.274688));
#8587 = VECTOR('',#8588,1.);
#8588 = DIRECTION('',(2.22044604925E-16,0.,-1.));
#8589 = FACE_BOUND('',#8590,.T.);
#8590 = EDGE_LOOP('',(#8591));
#8591 = ORIENTED_EDGE('',*,*,#8592,.F.);
#8592 = EDGE_CURVE('',#8593,#8593,#8595,.T.);
#8593 = VERTEX_POINT('',#8594);
#8594 = CARTESIAN_POINT('',(24.823501,21.938,70.474688));
#8595 = CIRCLE('',#8596,1.7);
#8596 = AXIS2_PLACEMENT_3D('',#8597,#8598,#8599);
#8597 = CARTESIAN_POINT('',(24.823501,21.938,72.174688));
#8598 = DIRECTION('',(1.,-0.,2.22044604925E-16));
#8599 = DIRECTION('',(2.22044604925E-16,0.,-1.));
#8600 = PLANE('',#8601);
#8601 = AXIS2_PLACEMENT_3D('',#8602,#8603,#8604);
#8602 = CARTESIAN_POINT('',(24.823501,21.938,72.174688));
#8603 = DIRECTION('',(1.,0.,2.22044604925E-16));
#8604 = DIRECTION('',(2.22044604925E-16,0.,-1.));
#8605 = ADVANCED_FACE('',(#8606),#8612,.F.);
#8606 = FACE_BOUND('',#8607,.F.);
#8607 = EDGE_LOOP('',(#8608,#8609,#8610,#8611));
#8608 = ORIENTED_EDGE('',*,*,#4680,.F.);
#8609 = ORIENTED_EDGE('',*,*,#8555,.T.);
#8610 = ORIENTED_EDGE('',*,*,#6974,.T.);
#8611 = ORIENTED_EDGE('',*,*,#6936,.F.);
#8612 = PLANE('',#8613);
#8613 = AXIS2_PLACEMENT_3D('',#8614,#8615,#8616);
#8614 = CARTESIAN_POINT('',(20.237344,21.8,69.274688));
#8615 = DIRECTION('',(2.22044604925E-16,0.,-1.));
#8616 = DIRECTION('',(1.,0.,2.22044604925E-16));
#8617 = ADVANCED_FACE('',(#8618),#8623,.T.);
#8618 = FACE_BOUND('',#8619,.T.);
#8619 = EDGE_LOOP('',(#8620,#8621,#8622));
#8620 = ORIENTED_EDGE('',*,*,#6921,.F.);
#8621 = ORIENTED_EDGE('',*,*,#8578,.F.);
#8622 = ORIENTED_EDGE('',*,*,#4706,.T.);
#8623 = PLANE('',#8624);
#8624 = AXIS2_PLACEMENT_3D('',#8625,#8626,#8627);
#8625 = CARTESIAN_POINT('',(24.823501,-500.,541.737344));
#8626 = DIRECTION('',(1.,0.,2.22044604925E-16));
#8627 = DIRECTION('',(2.22044604925E-16,0.,-1.));
#8628 = ADVANCED_FACE('',(#8629),#8647,.F.);
#8629 = FACE_BOUND('',#8630,.F.);
#8630 = EDGE_LOOP('',(#8631,#8639,#8645,#8646));
#8631 = ORIENTED_EDGE('',*,*,#8632,.F.);
#8632 = EDGE_CURVE('',#8633,#5556,#8635,.T.);
#8633 = VERTEX_POINT('',#8634);
#8634 = CARTESIAN_POINT('',(22.237344,-16.62106989318,69.274688));
#8635 = LINE('',#8636,#8637);
#8636 = CARTESIAN_POINT('',(18.323501,-16.62106989318,69.274688));
#8637 = VECTOR('',#8638,1.);
#8638 = DIRECTION('',(1.,0.,2.22044604925E-16));
#8639 = ORIENTED_EDGE('',*,*,#8640,.T.);
#8640 = EDGE_CURVE('',#8633,#4724,#8641,.T.);
#8641 = LINE('',#8642,#8643);
#8642 = CARTESIAN_POINT('',(22.237344,-25.487358,69.274688));
#8643 = VECTOR('',#8644,1.);
#8644 = DIRECTION('',(0.,1.,0.));
#8645 = ORIENTED_EDGE('',*,*,#4731,.T.);
#8646 = ORIENTED_EDGE('',*,*,#5555,.F.);
#8647 = PLANE('',#8648);
#8648 = AXIS2_PLACEMENT_3D('',#8649,#8650,#8651);
#8649 = CARTESIAN_POINT('',(20.237344,-25.487358,69.274688));
#8650 = DIRECTION('',(2.22044604925E-16,0.,-1.));
#8651 = DIRECTION('',(1.,0.,2.22044604925E-16));
#8652 = ADVANCED_FACE('',(#8653),#8665,.F.);
#8653 = FACE_BOUND('',#8654,.F.);
#8654 = EDGE_LOOP('',(#8655,#8656,#8662,#8663,#8664));
#8655 = ORIENTED_EDGE('',*,*,#8640,.F.);
#8656 = ORIENTED_EDGE('',*,*,#8657,.F.);
#8657 = EDGE_CURVE('',#4831,#8633,#8658,.T.);
#8658 = LINE('',#8659,#8660);
#8659 = CARTESIAN_POINT('',(18.323501,-16.62106989318,69.274688));
#8660 = VECTOR('',#8661,1.);
#8661 = DIRECTION('',(1.,0.,2.22044604925E-16));
#8662 = ORIENTED_EDGE('',*,*,#4839,.T.);
#8663 = ORIENTED_EDGE('',*,*,#4778,.T.);
#8664 = ORIENTED_EDGE('',*,*,#4763,.T.);
#8665 = PLANE('',#8666);
#8666 = AXIS2_PLACEMENT_3D('',#8667,#8668,#8669);
#8667 = CARTESIAN_POINT('',(20.237344,-25.487358,69.274688));
#8668 = DIRECTION('',(2.22044604925E-16,0.,-1.));
#8669 = DIRECTION('',(1.,0.,2.22044604925E-16));
#8670 = ADVANCED_FACE('',(#8671),#8697,.T.);
#8671 = FACE_BOUND('',#8672,.T.);
#8672 = EDGE_LOOP('',(#8673,#8680,#8681,#8682,#8683,#8691));
#8673 = ORIENTED_EDGE('',*,*,#8674,.F.);
#8674 = EDGE_CURVE('',#5556,#5515,#8675,.T.);
#8675 = CIRCLE('',#8676,4.5);
#8676 = AXIS2_PLACEMENT_3D('',#8677,#8678,#8679);
#8677 = CARTESIAN_POINT('',(24.823501,-20.062,72.174688));
#8678 = DIRECTION('',(1.,-0.,2.22044604925E-16));
#8679 = DIRECTION('',(2.22044604925E-16,0.,-1.));
#8680 = ORIENTED_EDGE('',*,*,#8632,.F.);
#8681 = ORIENTED_EDGE('',*,*,#8657,.F.);
#8682 = ORIENTED_EDGE('',*,*,#4830,.T.);
#8683 = ORIENTED_EDGE('',*,*,#8684,.T.);
#8684 = EDGE_CURVE('',#4822,#8685,#8687,.T.);
#8685 = VERTEX_POINT('',#8686);
#8686 = CARTESIAN_POINT('',(22.237344,-23.50293010681,69.274688));
#8687 = LINE('',#8688,#8689);
#8688 = CARTESIAN_POINT('',(18.323501,-23.50293010681,69.274688));
#8689 = VECTOR('',#8690,1.);
#8690 = DIRECTION('',(1.,0.,2.22044604925E-16));
#8691 = ORIENTED_EDGE('',*,*,#8692,.T.);
#8692 = EDGE_CURVE('',#8685,#5515,#8693,.T.);
#8693 = LINE('',#8694,#8695);
#8694 = CARTESIAN_POINT('',(18.323501,-23.50293010681,69.274688));
#8695 = VECTOR('',#8696,1.);
#8696 = DIRECTION('',(1.,0.,2.22044604925E-16));
#8697 = CYLINDRICAL_SURFACE('',#8698,4.5);
#8698 = AXIS2_PLACEMENT_3D('',#8699,#8700,#8701);
#8699 = CARTESIAN_POINT('',(18.323501,-20.062,72.174688));
#8700 = DIRECTION('',(1.,0.,2.22044604925E-16));
#8701 = DIRECTION('',(2.22044604925E-16,0.,-1.));
#8702 = ADVANCED_FACE('',(#8703),#8715,.F.);
#8703 = FACE_BOUND('',#8704,.F.);
#8704 = EDGE_LOOP('',(#8705,#8706,#8707,#8708,#8709));
#8705 = ORIENTED_EDGE('',*,*,#5258,.F.);
#8706 = ORIENTED_EDGE('',*,*,#5232,.T.);
#8707 = ORIENTED_EDGE('',*,*,#4821,.T.);
#8708 = ORIENTED_EDGE('',*,*,#8684,.T.);
#8709 = ORIENTED_EDGE('',*,*,#8710,.F.);
#8710 = EDGE_CURVE('',#5259,#8685,#8711,.T.);
#8711 = LINE('',#8712,#8713);
#8712 = CARTESIAN_POINT('',(22.237344,-25.487358,69.274688));
#8713 = VECTOR('',#8714,1.);
#8714 = DIRECTION('',(0.,1.,0.));
#8715 = PLANE('',#8716);
#8716 = AXIS2_PLACEMENT_3D('',#8717,#8718,#8719);
#8717 = CARTESIAN_POINT('',(20.237344,-25.487358,69.274688));
#8718 = DIRECTION('',(2.22044604925E-16,0.,-1.));
#8719 = DIRECTION('',(1.,0.,2.22044604925E-16));
#8720 = ADVANCED_FACE('',(#8721),#8762,.T.);
#8721 = FACE_BOUND('',#8722,.T.);
#8722 = EDGE_LOOP('',(#8723,#8758,#8759,#8760,#8761));
#8723 = ORIENTED_EDGE('',*,*,#8724,.F.);
#8724 = EDGE_CURVE('',#1796,#1841,#8725,.T.);
#8725 = B_SPLINE_CURVE_WITH_KNOTS('',6,(#8726,#8727,#8728,#8729,#8730,
    #8731,#8732,#8733,#8734,#8735,#8736,#8737,#8738,#8739,#8740,#8741,
    #8742,#8743,#8744,#8745,#8746,#8747,#8748,#8749,#8750,#8751,#8752,
    #8753,#8754,#8755,#8756,#8757),.UNSPECIFIED.,.F.,.F.,(7,5,5,5,5,5,7)
  ,(0.,0.106944972858,0.365137784625,0.585340350712,0.676101167153,
    0.806259419745,1.),.UNSPECIFIED.);
#8726 = CARTESIAN_POINT('',(6.223501,-12.43048638301,69.174688));
#8727 = CARTESIAN_POINT('',(6.439037068173,-12.33152142674,69.174688));
#8728 = CARTESIAN_POINT('',(6.657216955903,-12.23837509665,69.174688));
#8729 = CARTESIAN_POINT('',(6.877813243615,-12.15106418818,69.174688));
#8730 = CARTESIAN_POINT('',(7.100606121207,-12.06960119162,69.174688));
#8731 = CARTESIAN_POINT('',(7.325383388046,-11.99399429211,69.174688));
#8732 = CARTESIAN_POINT('',(8.098907776974,-11.75586026788,69.174688));
#8733 = CARTESIAN_POINT('',(8.656211102161,-11.62164192433,69.174688));
#8734 = CARTESIAN_POINT('',(9.221036783343,-11.52162760846,69.174688));
#8735 = CARTESIAN_POINT('',(9.790682833928,-11.45582389437,69.174688));
#8736 = CARTESIAN_POINT('',(10.36255271256,-11.42418302439,69.174688));
#8737 = CARTESIAN_POINT('',(11.421668104666,-11.42881033586,69.174688));
#8738 = CARTESIAN_POINT('',(11.908946996457,-11.45577074698,69.174688));
#8739 = CARTESIAN_POINT('',(12.39444612765,-11.50754205665,69.174688));
#8740 = CARTESIAN_POINT('',(12.876561434956,-11.58410399727,69.174688));
#8741 = CARTESIAN_POINT('',(13.353639007518,-11.68542208017,69.174688));
#8742 = CARTESIAN_POINT('',(14.017833519127,-11.8633723657,69.174688));
#8743 = CARTESIAN_POINT('',(14.21054380687,-11.91950503285,69.174688));
#8744 = CARTESIAN_POINT('',(14.401984798077,-11.97982739925,69.174688));
#8745 = CARTESIAN_POINT('',(14.592031931758,-12.04433296068,69.174688));
#8746 = CARTESIAN_POINT('',(14.780557359119,-12.1130133645,69.174688));
#8747 = CARTESIAN_POINT('',(15.235420140231,-12.29032401681,69.174688));
#8748 = CARTESIAN_POINT('',(15.500009858884,-12.40335387018,69.174688));
#8749 = CARTESIAN_POINT('',(15.760813531717,-12.52491741515,69.174688));
#8750 = CARTESIAN_POINT('',(16.017425938166,-12.65497224456,69.174688));
#8751 = CARTESIAN_POINT('',(16.269424241619,-12.79346003686,69.174688));
#8752 = CARTESIAN_POINT('',(16.883948866747,-13.15887751601,69.174688));
#8753 = CARTESIAN_POINT('',(17.240328986497,-13.39596118032,69.174688));
#8754 = CARTESIAN_POINT('',(17.584065837146,-13.65129403505,69.174688));
#8755 = CARTESIAN_POINT('',(17.913600621447,-13.92449920032,69.174688));
#8756 = CARTESIAN_POINT('',(18.227300866984,-14.21503446719,69.174688));
#8757 = CARTESIAN_POINT('',(18.523501,-14.52214439636,69.174688));
#8758 = ORIENTED_EDGE('',*,*,#4992,.T.);
#8759 = ORIENTED_EDGE('',*,*,#4982,.F.);
#8760 = ORIENTED_EDGE('',*,*,#4885,.T.);
#8761 = ORIENTED_EDGE('',*,*,#4866,.T.);
#8762 = B_SPLINE_SURFACE_WITH_KNOTS('',14,1,(
    (#8763,#8764)
    ,(#8765,#8766)
    ,(#8767,#8768)
    ,(#8769,#8770)
    ,(#8771,#8772)
    ,(#8773,#8774)
    ,(#8775,#8776)
    ,(#8777,#8778)
    ,(#8779,#8780)
    ,(#8781,#8782)
    ,(#8783,#8784)
    ,(#8785,#8786)
    ,(#8787,#8788)
    ,(#8789,#8790)
    ,(#8791,#8792
    )),.UNSPECIFIED.,.T.,.F.,.F.,(15,15),(2,2),(0.,6.28318530718),(0.,1.
    ),.PIECEWISE_BEZIER_KNOTS.);
#8763 = CARTESIAN_POINT('',(6.223501,-20.062,48.374688));
#8764 = CARTESIAN_POINT('',(18.523501,-20.062,65.874688));
#8765 = CARTESIAN_POINT('',(6.223500999999,-14.76617238394,
    48.374687999997));
#8766 = CARTESIAN_POINT('',(18.523501,-17.23456661176,65.874687999999));
#8767 = CARTESIAN_POINT('',(6.223501000002,-9.4703428131,50.934277462168
    ));
#8768 = CARTESIAN_POINT('',(18.523501,-14.40713217987,67.241248475561));
#8769 = CARTESIAN_POINT('',(6.223501,-5.514731710392,56.053459658612));
#8770 = CARTESIAN_POINT('',(18.523501000002,-12.29523811657,
    69.974371173672));
#8771 = CARTESIAN_POINT('',(6.22350099999,-4.239408369359,
    62.966693253991));
#8772 = CARTESIAN_POINT('',(18.523500999993,-11.61434514635,
    73.665334872894));
#8773 = CARTESIAN_POINT('',(6.223501000032,-6.504073039883,
    70.143040792623));
#8774 = CARTESIAN_POINT('',(18.523501000015,-12.8234457755,
    77.496774660446));
#8775 = CARTESIAN_POINT('',(6.223500999938,-12.20455410617,
    75.621380079767));
#8776 = CARTESIAN_POINT('',(18.523500999975,-15.86692295504,
    80.421650720611));
#8777 = CARTESIAN_POINT('',(6.223501000084,-20.0619999995,
    77.683865503946));
#8778 = CARTESIAN_POINT('',(18.523501000031,-20.06199999965,
    81.522808192693));
#8779 = CARTESIAN_POINT('',(6.223500999913,-27.91944589473,
    75.621380079786));
#8780 = CARTESIAN_POINT('',(18.523500999969,-24.25707704558,
    80.421650720673));
#8781 = CARTESIAN_POINT('',(6.22350100007,-33.61992695944,
    70.143040792593));
#8782 = CARTESIAN_POINT('',(18.523501000024,-27.30055422403,
    77.496774660351));
#8783 = CARTESIAN_POINT('',(6.223500999956,-35.88459163104,
    62.96669325402));
#8784 = CARTESIAN_POINT('',(18.523500999985,-28.50965485391,
    73.665334872982));
#8785 = CARTESIAN_POINT('',(6.223501000022,-34.60926828941,
    56.053459658592));
#8786 = CARTESIAN_POINT('',(18.523501000007,-27.8287618833,
    69.974371173615));
#8787 = CARTESIAN_POINT('',(6.223500999992,-30.65365718696,
    50.934277462177));
#8788 = CARTESIAN_POINT('',(18.523500999997,-25.71686782016,
    67.241248475585));
#8789 = CARTESIAN_POINT('',(6.223501000002,-25.35782761604,
    48.374687999994));
#8790 = CARTESIAN_POINT('',(18.523501000001,-22.88943338822,
    65.874687999993));
#8791 = CARTESIAN_POINT('',(6.223501,-20.062,48.374688));
#8792 = CARTESIAN_POINT('',(18.523501,-20.062,65.874688));
#8793 = ADVANCED_FACE('',(#8794),#8800,.T.);
#8794 = FACE_BOUND('',#8795,.T.);
#8795 = EDGE_LOOP('',(#8796,#8797,#8798,#8799));
#8796 = ORIENTED_EDGE('',*,*,#8724,.T.);
#8797 = ORIENTED_EDGE('',*,*,#5067,.T.);
#8798 = ORIENTED_EDGE('',*,*,#7643,.F.);
#8799 = ORIENTED_EDGE('',*,*,#5108,.T.);
#8800 = B_SPLINE_SURFACE_WITH_KNOTS('',14,1,(
    (#8801,#8802)
    ,(#8803,#8804)
    ,(#8805,#8806)
    ,(#8807,#8808)
    ,(#8809,#8810)
    ,(#8811,#8812)
    ,(#8813,#8814)
    ,(#8815,#8816)
    ,(#8817,#8818)
    ,(#8819,#8820)
    ,(#8821,#8822)
    ,(#8823,#8824)
    ,(#8825,#8826)
    ,(#8827,#8828)
    ,(#8829,#8830
    )),.UNSPECIFIED.,.T.,.F.,.F.,(15,15),(2,2),(0.,6.28318530718),(0.,1.
    ),.PIECEWISE_BEZIER_KNOTS.);
#8801 = CARTESIAN_POINT('',(1.423501,-20.062,41.545419707317));
#8802 = CARTESIAN_POINT('',(18.523501,-20.062,65.874688));
#8803 = CARTESIAN_POINT('',(1.423500999999,-13.80289658771,
    41.545419707313));
#8804 = CARTESIAN_POINT('',(18.523501,-17.23456661176,65.874687999999));
#8805 = CARTESIAN_POINT('',(1.423501000002,-7.54379086509,
    44.570581456941));
#8806 = CARTESIAN_POINT('',(18.523501,-14.40713217987,67.241248475561));
#8807 = CARTESIAN_POINT('',(1.423501000002,-2.868680429934,
    50.620908823469));
#8808 = CARTESIAN_POINT('',(18.523501000002,-12.29523811657,
    69.974371173672));
#8809 = CARTESIAN_POINT('',(1.423500999982,-1.361384261266,
    58.79161359783));
#8810 = CARTESIAN_POINT('',(18.523500999993,-11.61434514635,
    73.665334872894));
#8811 = CARTESIAN_POINT('',(1.423501000054,-4.037976362551,
    67.273290990547));
#8812 = CARTESIAN_POINT('',(18.523501000015,-12.8234457755,
    77.496774660446));
#8813 = CARTESIAN_POINT('',(1.423500999899,-10.77533699445,
    73.74810373213));
#8814 = CARTESIAN_POINT('',(18.523500999975,-15.86692295504,
    80.421650720611));
#8815 = CARTESIAN_POINT('',(1.423501000139,-20.06199999938,
    76.185741527823));
#8816 = CARTESIAN_POINT('',(18.523501000031,-20.06199999965,
    81.522808192693));
#8817 = CARTESIAN_POINT('',(1.423500999853,-29.34866300666,
    73.748103732166));
#8818 = CARTESIAN_POINT('',(18.523500999969,-24.25707704558,
    80.421650720673));
#8819 = CARTESIAN_POINT('',(1.423501000123,-36.08602363661,
    67.273290990492));
#8820 = CARTESIAN_POINT('',(18.523501000024,-27.30055422403,
    77.496774660351));
#8821 = CARTESIAN_POINT('',(1.423500999919,-38.76261573923,
    58.791613597879));
#8822 = CARTESIAN_POINT('',(18.523500999985,-28.50965485391,
    73.665334872982));
#8823 = CARTESIAN_POINT('',(1.423501000042,-37.25531956982,
    50.620908823439));
#8824 = CARTESIAN_POINT('',(18.523501000007,-27.8287618833,
    69.974371173615));
#8825 = CARTESIAN_POINT('',(1.423500999985,-32.58020913499,
    44.570581456954));
#8826 = CARTESIAN_POINT('',(18.523500999997,-25.71686782016,
    67.241248475585));
#8827 = CARTESIAN_POINT('',(1.423501000003,-26.32110341226,
    41.54541970731));
#8828 = CARTESIAN_POINT('',(18.523501000001,-22.88943338822,
    65.874687999993));
#8829 = CARTESIAN_POINT('',(1.423501,-20.062,41.545419707317));
#8830 = CARTESIAN_POINT('',(18.523501,-20.062,65.874688));
#8831 = ADVANCED_FACE('',(#8832),#8838,.F.);
#8832 = FACE_BOUND('',#8833,.F.);
#8833 = EDGE_LOOP('',(#8834,#8835,#8836,#8837));
#8834 = ORIENTED_EDGE('',*,*,#5281,.F.);
#8835 = ORIENTED_EDGE('',*,*,#8710,.T.);
#8836 = ORIENTED_EDGE('',*,*,#8692,.T.);
#8837 = ORIENTED_EDGE('',*,*,#5514,.F.);
#8838 = PLANE('',#8839);
#8839 = AXIS2_PLACEMENT_3D('',#8840,#8841,#8842);
#8840 = CARTESIAN_POINT('',(20.237344,-25.487358,69.274688));
#8841 = DIRECTION('',(2.22044604925E-16,0.,-1.));
#8842 = DIRECTION('',(1.,0.,2.22044604925E-16));
#8843 = ADVANCED_FACE('',(#8844),#8855,.T.);
#8844 = FACE_BOUND('',#8845,.T.);
#8845 = EDGE_LOOP('',(#8846,#8852,#8853,#8854));
#8846 = ORIENTED_EDGE('',*,*,#8847,.F.);
#8847 = EDGE_CURVE('',#5515,#5556,#8848,.T.);
#8848 = LINE('',#8849,#8850);
#8849 = CARTESIAN_POINT('',(24.823501,-25.487358,69.274688));
#8850 = VECTOR('',#8851,1.);
#8851 = DIRECTION('',(0.,1.,0.));
#8852 = ORIENTED_EDGE('',*,*,#5524,.T.);
#8853 = ORIENTED_EDGE('',*,*,#5539,.T.);
#8854 = ORIENTED_EDGE('',*,*,#5563,.T.);
#8855 = PLANE('',#8856);
#8856 = AXIS2_PLACEMENT_3D('',#8857,#8858,#8859);
#8857 = CARTESIAN_POINT('',(24.823501,-25.487358,69.274688));
#8858 = DIRECTION('',(1.,0.,2.22044604925E-16));
#8859 = DIRECTION('',(2.22044604925E-16,0.,-1.));
#8860 = ADVANCED_FACE('',(#8861),#8872,.T.);
#8861 = FACE_BOUND('',#8862,.T.);
#8862 = EDGE_LOOP('',(#8863,#8864,#8870,#8871));
#8863 = ORIENTED_EDGE('',*,*,#5621,.F.);
#8864 = ORIENTED_EDGE('',*,*,#8865,.T.);
#8865 = EDGE_CURVE('',#5612,#5684,#8866,.T.);
#8866 = LINE('',#8867,#8868);
#8867 = CARTESIAN_POINT('',(22.237344,-25.487358,64.274688));
#8868 = VECTOR('',#8869,1.);
#8869 = DIRECTION('',(0.,1.,0.));
#8870 = ORIENTED_EDGE('',*,*,#5710,.T.);
#8871 = ORIENTED_EDGE('',*,*,#5589,.F.);
#8872 = PLANE('',#8873);
#8873 = AXIS2_PLACEMENT_3D('',#8874,#8875,#8876);
#8874 = CARTESIAN_POINT('',(20.237344,-25.487358,64.274688));
#8875 = DIRECTION('',(2.22044604925E-16,0.,-1.));
#8876 = DIRECTION('',(1.,0.,2.22044604925E-16));
#8877 = ADVANCED_FACE('',(#8878),#8903,.F.);
#8878 = FACE_BOUND('',#8879,.F.);
#8879 = EDGE_LOOP('',(#8880,#8888,#8889,#8897));
#8880 = ORIENTED_EDGE('',*,*,#8881,.F.);
#8881 = EDGE_CURVE('',#5636,#8882,#8884,.T.);
#8882 = VERTEX_POINT('',#8883);
#8883 = CARTESIAN_POINT('',(20.237344,-25.487358,63.174688));
#8884 = LINE('',#8885,#8886);
#8885 = CARTESIAN_POINT('',(20.237344,-25.487358,69.274688));
#8886 = VECTOR('',#8887,1.);
#8887 = DIRECTION('',(2.22044604925E-16,0.,-1.));
#8888 = ORIENTED_EDGE('',*,*,#5635,.T.);
#8889 = ORIENTED_EDGE('',*,*,#8890,.T.);
#8890 = EDGE_CURVE('',#5612,#8891,#8893,.T.);
#8891 = VERTEX_POINT('',#8892);
#8892 = CARTESIAN_POINT('',(22.237344,-25.487358,63.174688));
#8893 = LINE('',#8894,#8895);
#8894 = CARTESIAN_POINT('',(22.237344,-25.487358,69.274688));
#8895 = VECTOR('',#8896,1.);
#8896 = DIRECTION('',(2.22044604925E-16,0.,-1.));
#8897 = ORIENTED_EDGE('',*,*,#8898,.F.);
#8898 = EDGE_CURVE('',#8882,#8891,#8899,.T.);
#8899 = LINE('',#8900,#8901);
#8900 = CARTESIAN_POINT('',(20.237344,-25.487358,63.174688));
#8901 = VECTOR('',#8902,1.);
#8902 = DIRECTION('',(1.,0.,2.22044604925E-16));
#8903 = PLANE('',#8904);
#8904 = AXIS2_PLACEMENT_3D('',#8905,#8906,#8907);
#8905 = CARTESIAN_POINT('',(20.237344,-25.487358,69.274688));
#8906 = DIRECTION('',(0.,1.,0.));
#8907 = DIRECTION('',(1.,0.,2.22044604925E-16));
#8908 = ADVANCED_FACE('',(#8909),#8927,.F.);
#8909 = FACE_BOUND('',#8910,.F.);
#8910 = EDGE_LOOP('',(#8911,#8912,#8913,#8921));
#8911 = ORIENTED_EDGE('',*,*,#5661,.F.);
#8912 = ORIENTED_EDGE('',*,*,#8881,.T.);
#8913 = ORIENTED_EDGE('',*,*,#8914,.T.);
#8914 = EDGE_CURVE('',#8882,#8915,#8917,.T.);
#8915 = VERTEX_POINT('',#8916);
#8916 = CARTESIAN_POINT('',(20.237344,-0.8,63.174688));
#8917 = LINE('',#8918,#8919);
#8918 = CARTESIAN_POINT('',(20.237344,-25.487358,63.174688));
#8919 = VECTOR('',#8920,1.);
#8920 = DIRECTION('',(0.,1.,0.));
#8921 = ORIENTED_EDGE('',*,*,#8922,.F.);
#8922 = EDGE_CURVE('',#5662,#8915,#8923,.T.);
#8923 = LINE('',#8924,#8925);
#8924 = CARTESIAN_POINT('',(20.237344,-0.8,69.274688));
#8925 = VECTOR('',#8926,1.);
#8926 = DIRECTION('',(2.22044604925E-16,0.,-1.));
#8927 = PLANE('',#8928);
#8928 = AXIS2_PLACEMENT_3D('',#8929,#8930,#8931);
#8929 = CARTESIAN_POINT('',(20.237344,-25.487358,69.274688));
#8930 = DIRECTION('',(1.,0.,2.22044604925E-16));
#8931 = DIRECTION('',(2.22044604925E-16,0.,-1.));
#8932 = ADVANCED_FACE('',(#8933),#8951,.T.);
#8933 = FACE_BOUND('',#8934,.T.);
#8934 = EDGE_LOOP('',(#8935,#8936,#8937,#8945));
#8935 = ORIENTED_EDGE('',*,*,#8922,.F.);
#8936 = ORIENTED_EDGE('',*,*,#5683,.T.);
#8937 = ORIENTED_EDGE('',*,*,#8938,.T.);
#8938 = EDGE_CURVE('',#5684,#8939,#8941,.T.);
#8939 = VERTEX_POINT('',#8940);
#8940 = CARTESIAN_POINT('',(22.237344,-0.8,63.174688));
#8941 = LINE('',#8942,#8943);
#8942 = CARTESIAN_POINT('',(22.237344,-0.8,69.274688));
#8943 = VECTOR('',#8944,1.);
#8944 = DIRECTION('',(2.22044604925E-16,0.,-1.));
#8945 = ORIENTED_EDGE('',*,*,#8946,.F.);
#8946 = EDGE_CURVE('',#8915,#8939,#8947,.T.);
#8947 = LINE('',#8948,#8949);
#8948 = CARTESIAN_POINT('',(20.237344,-0.8,63.174688));
#8949 = VECTOR('',#8950,1.);
#8950 = DIRECTION('',(1.,0.,2.22044604925E-16));
#8951 = PLANE('',#8952);
#8952 = AXIS2_PLACEMENT_3D('',#8953,#8954,#8955);
#8953 = CARTESIAN_POINT('',(20.237344,-0.8,69.274688));
#8954 = DIRECTION('',(0.,1.,0.));
#8955 = DIRECTION('',(1.,0.,2.22044604925E-16));
#8956 = ADVANCED_FACE('',(#8957),#8968,.T.);
#8957 = FACE_BOUND('',#8958,.T.);
#8958 = EDGE_LOOP('',(#8959,#8960,#8966,#8967));
#8959 = ORIENTED_EDGE('',*,*,#5741,.F.);
#8960 = ORIENTED_EDGE('',*,*,#8961,.T.);
#8961 = EDGE_CURVE('',#5725,#5804,#8962,.T.);
#8962 = LINE('',#8963,#8964);
#8963 = CARTESIAN_POINT('',(22.237344,21.8,64.274688));
#8964 = VECTOR('',#8965,1.);
#8965 = DIRECTION('',(0.,1.,0.));
#8966 = ORIENTED_EDGE('',*,*,#5837,.T.);
#8967 = ORIENTED_EDGE('',*,*,#6897,.F.);
#8968 = PLANE('',#8969);
#8969 = AXIS2_PLACEMENT_3D('',#8970,#8971,#8972);
#8970 = CARTESIAN_POINT('',(20.237344,21.8,64.274688));
#8971 = DIRECTION('',(2.22044604925E-16,0.,-1.));
#8972 = DIRECTION('',(1.,0.,2.22044604925E-16));
#8973 = ADVANCED_FACE('',(#8974),#8999,.F.);
#8974 = FACE_BOUND('',#8975,.F.);
#8975 = EDGE_LOOP('',(#8976,#8984,#8985,#8993));
#8976 = ORIENTED_EDGE('',*,*,#8977,.F.);
#8977 = EDGE_CURVE('',#5756,#8978,#8980,.T.);
#8978 = VERTEX_POINT('',#8979);
#8979 = CARTESIAN_POINT('',(20.237344,21.8,63.174688));
#8980 = LINE('',#8981,#8982);
#8981 = CARTESIAN_POINT('',(20.237344,21.8,69.274688));
#8982 = VECTOR('',#8983,1.);
#8983 = DIRECTION('',(2.22044604925E-16,0.,-1.));
#8984 = ORIENTED_EDGE('',*,*,#5755,.T.);
#8985 = ORIENTED_EDGE('',*,*,#8986,.T.);
#8986 = EDGE_CURVE('',#5725,#8987,#8989,.T.);
#8987 = VERTEX_POINT('',#8988);
#8988 = CARTESIAN_POINT('',(22.237344,21.8,63.174688));
#8989 = LINE('',#8990,#8991);
#8990 = CARTESIAN_POINT('',(22.237344,21.8,69.274688));
#8991 = VECTOR('',#8992,1.);
#8992 = DIRECTION('',(2.22044604925E-16,0.,-1.));
#8993 = ORIENTED_EDGE('',*,*,#8994,.F.);
#8994 = EDGE_CURVE('',#8978,#8987,#8995,.T.);
#8995 = LINE('',#8996,#8997);
#8996 = CARTESIAN_POINT('',(20.237344,21.8,63.174688));
#8997 = VECTOR('',#8998,1.);
#8998 = DIRECTION('',(1.,0.,2.22044604925E-16));
#8999 = PLANE('',#9000);
#9000 = AXIS2_PLACEMENT_3D('',#9001,#9002,#9003);
#9001 = CARTESIAN_POINT('',(20.237344,21.8,69.274688));
#9002 = DIRECTION('',(0.,1.,0.));
#9003 = DIRECTION('',(1.,0.,2.22044604925E-16));
#9004 = ADVANCED_FACE('',(#9005),#9023,.F.);
#9005 = FACE_BOUND('',#9006,.F.);
#9006 = EDGE_LOOP('',(#9007,#9008,#9009,#9017));
#9007 = ORIENTED_EDGE('',*,*,#5781,.F.);
#9008 = ORIENTED_EDGE('',*,*,#8977,.T.);
#9009 = ORIENTED_EDGE('',*,*,#9010,.T.);
#9010 = EDGE_CURVE('',#8978,#9011,#9013,.T.);
#9011 = VERTEX_POINT('',#9012);
#9012 = CARTESIAN_POINT('',(20.237344,25.487358,63.174688));
#9013 = LINE('',#9014,#9015);
#9014 = CARTESIAN_POINT('',(20.237344,21.8,63.174688));
#9015 = VECTOR('',#9016,1.);
#9016 = DIRECTION('',(0.,1.,0.));
#9017 = ORIENTED_EDGE('',*,*,#9018,.F.);
#9018 = EDGE_CURVE('',#5782,#9011,#9019,.T.);
#9019 = LINE('',#9020,#9021);
#9020 = CARTESIAN_POINT('',(20.237344,25.487358,69.274688));
#9021 = VECTOR('',#9022,1.);
#9022 = DIRECTION('',(2.22044604925E-16,0.,-1.));
#9023 = PLANE('',#9024);
#9024 = AXIS2_PLACEMENT_3D('',#9025,#9026,#9027);
#9025 = CARTESIAN_POINT('',(20.237344,21.8,69.274688));
#9026 = DIRECTION('',(1.,0.,2.22044604925E-16));
#9027 = DIRECTION('',(2.22044604925E-16,0.,-1.));
#9028 = ADVANCED_FACE('',(#9029),#9047,.T.);
#9029 = FACE_BOUND('',#9030,.T.);
#9030 = EDGE_LOOP('',(#9031,#9032,#9033,#9041));
#9031 = ORIENTED_EDGE('',*,*,#9018,.F.);
#9032 = ORIENTED_EDGE('',*,*,#5803,.T.);
#9033 = ORIENTED_EDGE('',*,*,#9034,.T.);
#9034 = EDGE_CURVE('',#5804,#9035,#9037,.T.);
#9035 = VERTEX_POINT('',#9036);
#9036 = CARTESIAN_POINT('',(22.237344,25.487358,63.174688));
#9037 = LINE('',#9038,#9039);
#9038 = CARTESIAN_POINT('',(22.237344,25.487358,69.274688));
#9039 = VECTOR('',#9040,1.);
#9040 = DIRECTION('',(2.22044604925E-16,0.,-1.));
#9041 = ORIENTED_EDGE('',*,*,#9042,.F.);
#9042 = EDGE_CURVE('',#9011,#9035,#9043,.T.);
#9043 = LINE('',#9044,#9045);
#9044 = CARTESIAN_POINT('',(20.237344,25.487358,63.174688));
#9045 = VECTOR('',#9046,1.);
#9046 = DIRECTION('',(1.,0.,2.22044604925E-16));
#9047 = PLANE('',#9048);
#9048 = AXIS2_PLACEMENT_3D('',#9049,#9050,#9051);
#9049 = CARTESIAN_POINT('',(20.237344,25.487358,69.274688));
#9050 = DIRECTION('',(0.,1.,0.));
#9051 = DIRECTION('',(1.,0.,2.22044604925E-16));
#9052 = ADVANCED_FACE('',(#9053),#9064,.T.);
#9053 = FACE_BOUND('',#9054,.T.);
#9054 = EDGE_LOOP('',(#9055,#9061,#9062,#9063));
#9055 = ORIENTED_EDGE('',*,*,#9056,.T.);
#9056 = EDGE_CURVE('',#5870,#5950,#9057,.T.);
#9057 = LINE('',#9058,#9059);
#9058 = CARTESIAN_POINT('',(22.237344,-28.787358,27.935344));
#9059 = VECTOR('',#9060,1.);
#9060 = DIRECTION('',(-2.22044604925E-16,0.,1.));
#9061 = ORIENTED_EDGE('',*,*,#5973,.T.);
#9062 = ORIENTED_EDGE('',*,*,#6286,.T.);
#9063 = ORIENTED_EDGE('',*,*,#5877,.F.);
#9064 = PLANE('',#9065);
#9065 = AXIS2_PLACEMENT_3D('',#9066,#9067,#9068);
#9066 = CARTESIAN_POINT('',(20.237344,-28.787358,27.935344));
#9067 = DIRECTION('',(0.,1.,0.));
#9068 = DIRECTION('',(1.,0.,2.22044604925E-16));
#9069 = ADVANCED_FACE('',(#9070),#9095,.T.);
#9070 = FACE_BOUND('',#9071,.T.);
#9071 = EDGE_LOOP('',(#9072,#9073,#9081,#9089));
#9072 = ORIENTED_EDGE('',*,*,#5908,.F.);
#9073 = ORIENTED_EDGE('',*,*,#9074,.T.);
#9074 = EDGE_CURVE('',#5901,#9075,#9077,.T.);
#9075 = VERTEX_POINT('',#9076);
#9076 = CARTESIAN_POINT('',(20.237344,-27.687358,22.5));
#9077 = LINE('',#9078,#9079);
#9078 = CARTESIAN_POINT('',(20.237344,-32.387358,22.5));
#9079 = VECTOR('',#9080,1.);
#9080 = DIRECTION('',(0.,1.,0.));
#9081 = ORIENTED_EDGE('',*,*,#9082,.T.);
#9082 = EDGE_CURVE('',#9075,#9083,#9085,.T.);
#9083 = VERTEX_POINT('',#9084);
#9084 = CARTESIAN_POINT('',(22.237344,-27.687358,22.5));
#9085 = LINE('',#9086,#9087);
#9086 = CARTESIAN_POINT('',(20.237344,-27.687358,22.5));
#9087 = VECTOR('',#9088,1.);
#9088 = DIRECTION('',(1.,0.,2.22044604925E-16));
#9089 = ORIENTED_EDGE('',*,*,#9090,.F.);
#9090 = EDGE_CURVE('',#5870,#9083,#9091,.T.);
#9091 = LINE('',#9092,#9093);
#9092 = CARTESIAN_POINT('',(22.237344,-32.387358,22.5));
#9093 = VECTOR('',#9094,1.);
#9094 = DIRECTION('',(0.,1.,0.));
#9095 = PLANE('',#9096);
#9096 = AXIS2_PLACEMENT_3D('',#9097,#9098,#9099);
#9097 = CARTESIAN_POINT('',(20.237344,-32.387358,22.5));
#9098 = DIRECTION('',(2.22044604925E-16,0.,-1.));
#9099 = DIRECTION('',(1.,0.,2.22044604925E-16));
#9100 = ADVANCED_FACE('',(#9101),#9119,.F.);
#9101 = FACE_BOUND('',#9102,.F.);
#9102 = EDGE_LOOP('',(#9103,#9111,#9112,#9113));
#9103 = ORIENTED_EDGE('',*,*,#9104,.F.);
#9104 = EDGE_CURVE('',#5924,#9105,#9107,.T.);
#9105 = VERTEX_POINT('',#9106);
#9106 = CARTESIAN_POINT('',(20.237344,-27.687358,27.935344));
#9107 = LINE('',#9108,#9109);
#9108 = CARTESIAN_POINT('',(20.237344,-32.387358,27.935344));
#9109 = VECTOR('',#9110,1.);
#9110 = DIRECTION('',(0.,1.,0.));
#9111 = ORIENTED_EDGE('',*,*,#5923,.T.);
#9112 = ORIENTED_EDGE('',*,*,#9074,.T.);
#9113 = ORIENTED_EDGE('',*,*,#9114,.F.);
#9114 = EDGE_CURVE('',#9105,#9075,#9115,.T.);
#9115 = LINE('',#9116,#9117);
#9116 = CARTESIAN_POINT('',(20.237344,-27.687358,27.935344));
#9117 = VECTOR('',#9118,1.);
#9118 = DIRECTION('',(2.22044604925E-16,0.,-1.));
#9119 = PLANE('',#9120);
#9120 = AXIS2_PLACEMENT_3D('',#9121,#9122,#9123);
#9121 = CARTESIAN_POINT('',(20.237344,-32.387358,27.935344));
#9122 = DIRECTION('',(1.,0.,2.22044604925E-16));
#9123 = DIRECTION('',(2.22044604925E-16,0.,-1.));
#9124 = ADVANCED_FACE('',(#9125),#9143,.F.);
#9125 = FACE_BOUND('',#9126,.F.);
#9126 = EDGE_LOOP('',(#9127,#9128,#9129,#9137));
#9127 = ORIENTED_EDGE('',*,*,#5949,.F.);
#9128 = ORIENTED_EDGE('',*,*,#9104,.T.);
#9129 = ORIENTED_EDGE('',*,*,#9130,.T.);
#9130 = EDGE_CURVE('',#9105,#9131,#9133,.T.);
#9131 = VERTEX_POINT('',#9132);
#9132 = CARTESIAN_POINT('',(22.237344,-27.687358,27.935344));
#9133 = LINE('',#9134,#9135);
#9134 = CARTESIAN_POINT('',(20.237344,-27.687358,27.935344));
#9135 = VECTOR('',#9136,1.);
#9136 = DIRECTION('',(1.,0.,2.22044604925E-16));
#9137 = ORIENTED_EDGE('',*,*,#9138,.F.);
#9138 = EDGE_CURVE('',#5950,#9131,#9139,.T.);
#9139 = LINE('',#9140,#9141);
#9140 = CARTESIAN_POINT('',(22.237344,-32.387358,27.935344));
#9141 = VECTOR('',#9142,1.);
#9142 = DIRECTION('',(0.,1.,0.));
#9143 = PLANE('',#9144);
#9144 = AXIS2_PLACEMENT_3D('',#9145,#9146,#9147);
#9145 = CARTESIAN_POINT('',(20.237344,-32.387358,27.935344));
#9146 = DIRECTION('',(2.22044604925E-16,0.,-1.));
#9147 = DIRECTION('',(1.,0.,2.22044604925E-16));
#9148 = ADVANCED_FACE('',(#9149),#9160,.T.);
#9149 = FACE_BOUND('',#9150,.T.);
#9150 = EDGE_LOOP('',(#9151,#9157,#9158,#9159));
#9151 = ORIENTED_EDGE('',*,*,#9152,.T.);
#9152 = EDGE_CURVE('',#5997,#6077,#9153,.T.);
#9153 = LINE('',#9154,#9155);
#9154 = CARTESIAN_POINT('',(22.237344,-28.787358,34.962344));
#9155 = VECTOR('',#9156,1.);
#9156 = DIRECTION('',(-2.22044604925E-16,0.,1.));
#9157 = ORIENTED_EDGE('',*,*,#6100,.T.);
#9158 = ORIENTED_EDGE('',*,*,#6269,.T.);
#9159 = ORIENTED_EDGE('',*,*,#6004,.F.);
#9160 = PLANE('',#9161);
#9161 = AXIS2_PLACEMENT_3D('',#9162,#9163,#9164);
#9162 = CARTESIAN_POINT('',(20.237344,-28.787358,34.962344));
#9163 = DIRECTION('',(0.,1.,0.));
#9164 = DIRECTION('',(1.,0.,2.22044604925E-16));
#9165 = ADVANCED_FACE('',(#9166),#9191,.T.);
#9166 = FACE_BOUND('',#9167,.T.);
#9167 = EDGE_LOOP('',(#9168,#9169,#9177,#9185));
#9168 = ORIENTED_EDGE('',*,*,#6035,.F.);
#9169 = ORIENTED_EDGE('',*,*,#9170,.T.);
#9170 = EDGE_CURVE('',#6028,#9171,#9173,.T.);
#9171 = VERTEX_POINT('',#9172);
#9172 = CARTESIAN_POINT('',(20.237344,-27.687358,29.935344));
#9173 = LINE('',#9174,#9175);
#9174 = CARTESIAN_POINT('',(20.237344,-32.387358,29.935344));
#9175 = VECTOR('',#9176,1.);
#9176 = DIRECTION('',(0.,1.,0.));
#9177 = ORIENTED_EDGE('',*,*,#9178,.T.);
#9178 = EDGE_CURVE('',#9171,#9179,#9181,.T.);
#9179 = VERTEX_POINT('',#9180);
#9180 = CARTESIAN_POINT('',(22.237344,-27.687358,29.935344));
#9181 = LINE('',#9182,#9183);
#9182 = CARTESIAN_POINT('',(20.237344,-27.687358,29.935344));
#9183 = VECTOR('',#9184,1.);
#9184 = DIRECTION('',(1.,0.,2.22044604925E-16));
#9185 = ORIENTED_EDGE('',*,*,#9186,.F.);
#9186 = EDGE_CURVE('',#5997,#9179,#9187,.T.);
#9187 = LINE('',#9188,#9189);
#9188 = CARTESIAN_POINT('',(22.237344,-32.387358,29.935344));
#9189 = VECTOR('',#9190,1.);
#9190 = DIRECTION('',(0.,1.,0.));
#9191 = PLANE('',#9192);
#9192 = AXIS2_PLACEMENT_3D('',#9193,#9194,#9195);
#9193 = CARTESIAN_POINT('',(20.237344,-32.387358,29.935344));
#9194 = DIRECTION('',(2.22044604925E-16,0.,-1.));
#9195 = DIRECTION('',(1.,0.,2.22044604925E-16));
#9196 = ADVANCED_FACE('',(#9197),#9215,.F.);
#9197 = FACE_BOUND('',#9198,.F.);
#9198 = EDGE_LOOP('',(#9199,#9207,#9208,#9209));
#9199 = ORIENTED_EDGE('',*,*,#9200,.F.);
#9200 = EDGE_CURVE('',#6051,#9201,#9203,.T.);
#9201 = VERTEX_POINT('',#9202);
#9202 = CARTESIAN_POINT('',(20.237344,-27.687358,34.962344));
#9203 = LINE('',#9204,#9205);
#9204 = CARTESIAN_POINT('',(20.237344,-32.387358,34.962344));
#9205 = VECTOR('',#9206,1.);
#9206 = DIRECTION('',(0.,1.,0.));
#9207 = ORIENTED_EDGE('',*,*,#6050,.T.);
#9208 = ORIENTED_EDGE('',*,*,#9170,.T.);
#9209 = ORIENTED_EDGE('',*,*,#9210,.F.);
#9210 = EDGE_CURVE('',#9201,#9171,#9211,.T.);
#9211 = LINE('',#9212,#9213);
#9212 = CARTESIAN_POINT('',(20.237344,-27.687358,34.962344));
#9213 = VECTOR('',#9214,1.);
#9214 = DIRECTION('',(2.22044604925E-16,0.,-1.));
#9215 = PLANE('',#9216);
#9216 = AXIS2_PLACEMENT_3D('',#9217,#9218,#9219);
#9217 = CARTESIAN_POINT('',(20.237344,-32.387358,34.962344));
#9218 = DIRECTION('',(1.,0.,2.22044604925E-16));
#9219 = DIRECTION('',(2.22044604925E-16,0.,-1.));
#9220 = ADVANCED_FACE('',(#9221),#9239,.F.);
#9221 = FACE_BOUND('',#9222,.F.);
#9222 = EDGE_LOOP('',(#9223,#9224,#9225,#9233));
#9223 = ORIENTED_EDGE('',*,*,#6076,.F.);
#9224 = ORIENTED_EDGE('',*,*,#9200,.T.);
#9225 = ORIENTED_EDGE('',*,*,#9226,.T.);
#9226 = EDGE_CURVE('',#9201,#9227,#9229,.T.);
#9227 = VERTEX_POINT('',#9228);
#9228 = CARTESIAN_POINT('',(22.237344,-27.687358,34.962344));
#9229 = LINE('',#9230,#9231);
#9230 = CARTESIAN_POINT('',(20.237344,-27.687358,34.962344));
#9231 = VECTOR('',#9232,1.);
#9232 = DIRECTION('',(1.,0.,2.22044604925E-16));
#9233 = ORIENTED_EDGE('',*,*,#9234,.F.);
#9234 = EDGE_CURVE('',#6077,#9227,#9235,.T.);
#9235 = LINE('',#9236,#9237);
#9236 = CARTESIAN_POINT('',(22.237344,-32.387358,34.962344));
#9237 = VECTOR('',#9238,1.);
#9238 = DIRECTION('',(0.,1.,0.));
#9239 = PLANE('',#9240);
#9240 = AXIS2_PLACEMENT_3D('',#9241,#9242,#9243);
#9241 = CARTESIAN_POINT('',(20.237344,-32.387358,34.962344));
#9242 = DIRECTION('',(2.22044604925E-16,0.,-1.));
#9243 = DIRECTION('',(1.,0.,2.22044604925E-16));
#9244 = ADVANCED_FACE('',(#9245),#9256,.T.);
#9245 = FACE_BOUND('',#9246,.T.);
#9246 = EDGE_LOOP('',(#9247,#9253,#9254,#9255));
#9247 = ORIENTED_EDGE('',*,*,#9248,.T.);
#9248 = EDGE_CURVE('',#6124,#6204,#9249,.T.);
#9249 = LINE('',#9250,#9251);
#9250 = CARTESIAN_POINT('',(22.237344,-28.787358,60.974688));
#9251 = VECTOR('',#9252,1.);
#9252 = DIRECTION('',(-2.22044604925E-16,0.,1.));
#9253 = ORIENTED_EDGE('',*,*,#6227,.T.);
#9254 = ORIENTED_EDGE('',*,*,#6252,.T.);
#9255 = ORIENTED_EDGE('',*,*,#6131,.F.);
#9256 = PLANE('',#9257);
#9257 = AXIS2_PLACEMENT_3D('',#9258,#9259,#9260);
#9258 = CARTESIAN_POINT('',(20.237344,-28.787358,60.974688));
#9259 = DIRECTION('',(0.,1.,0.));
#9260 = DIRECTION('',(1.,0.,2.22044604925E-16));
#9261 = ADVANCED_FACE('',(#9262),#9287,.T.);
#9262 = FACE_BOUND('',#9263,.T.);
#9263 = EDGE_LOOP('',(#9264,#9265,#9273,#9281));
#9264 = ORIENTED_EDGE('',*,*,#6162,.F.);
#9265 = ORIENTED_EDGE('',*,*,#9266,.T.);
#9266 = EDGE_CURVE('',#6155,#9267,#9269,.T.);
#9267 = VERTEX_POINT('',#9268);
#9268 = CARTESIAN_POINT('',(20.237344,-27.687358,48.562344));
#9269 = LINE('',#9270,#9271);
#9270 = CARTESIAN_POINT('',(20.237344,-32.387358,48.562344));
#9271 = VECTOR('',#9272,1.);
#9272 = DIRECTION('',(0.,1.,0.));
#9273 = ORIENTED_EDGE('',*,*,#9274,.T.);
#9274 = EDGE_CURVE('',#9267,#9275,#9277,.T.);
#9275 = VERTEX_POINT('',#9276);
#9276 = CARTESIAN_POINT('',(22.237344,-27.687358,48.562344));
#9277 = LINE('',#9278,#9279);
#9278 = CARTESIAN_POINT('',(20.237344,-27.687358,48.562344));
#9279 = VECTOR('',#9280,1.);
#9280 = DIRECTION('',(1.,0.,2.22044604925E-16));
#9281 = ORIENTED_EDGE('',*,*,#9282,.F.);
#9282 = EDGE_CURVE('',#6124,#9275,#9283,.T.);
#9283 = LINE('',#9284,#9285);
#9284 = CARTESIAN_POINT('',(22.237344,-32.387358,48.562344));
#9285 = VECTOR('',#9286,1.);
#9286 = DIRECTION('',(0.,1.,0.));
#9287 = PLANE('',#9288);
#9288 = AXIS2_PLACEMENT_3D('',#9289,#9290,#9291);
#9289 = CARTESIAN_POINT('',(20.237344,-32.387358,48.562344));
#9290 = DIRECTION('',(2.22044604925E-16,0.,-1.));
#9291 = DIRECTION('',(1.,0.,2.22044604925E-16));
#9292 = ADVANCED_FACE('',(#9293),#9311,.F.);
#9293 = FACE_BOUND('',#9294,.F.);
#9294 = EDGE_LOOP('',(#9295,#9303,#9304,#9305));
#9295 = ORIENTED_EDGE('',*,*,#9296,.F.);
#9296 = EDGE_CURVE('',#6178,#9297,#9299,.T.);
#9297 = VERTEX_POINT('',#9298);
#9298 = CARTESIAN_POINT('',(20.237344,-27.687358,60.974688));
#9299 = LINE('',#9300,#9301);
#9300 = CARTESIAN_POINT('',(20.237344,-32.387358,60.974688));
#9301 = VECTOR('',#9302,1.);
#9302 = DIRECTION('',(0.,1.,0.));
#9303 = ORIENTED_EDGE('',*,*,#6177,.T.);
#9304 = ORIENTED_EDGE('',*,*,#9266,.T.);
#9305 = ORIENTED_EDGE('',*,*,#9306,.F.);
#9306 = EDGE_CURVE('',#9297,#9267,#9307,.T.);
#9307 = LINE('',#9308,#9309);
#9308 = CARTESIAN_POINT('',(20.237344,-27.687358,60.974688));
#9309 = VECTOR('',#9310,1.);
#9310 = DIRECTION('',(2.22044604925E-16,0.,-1.));
#9311 = PLANE('',#9312);
#9312 = AXIS2_PLACEMENT_3D('',#9313,#9314,#9315);
#9313 = CARTESIAN_POINT('',(20.237344,-32.387358,60.974688));
#9314 = DIRECTION('',(1.,0.,2.22044604925E-16));
#9315 = DIRECTION('',(2.22044604925E-16,0.,-1.));
#9316 = ADVANCED_FACE('',(#9317),#9335,.F.);
#9317 = FACE_BOUND('',#9318,.F.);
#9318 = EDGE_LOOP('',(#9319,#9320,#9321,#9329));
#9319 = ORIENTED_EDGE('',*,*,#6203,.F.);
#9320 = ORIENTED_EDGE('',*,*,#9296,.T.);
#9321 = ORIENTED_EDGE('',*,*,#9322,.T.);
#9322 = EDGE_CURVE('',#9297,#9323,#9325,.T.);
#9323 = VERTEX_POINT('',#9324);
#9324 = CARTESIAN_POINT('',(22.237344,-27.687358,60.974688));
#9325 = LINE('',#9326,#9327);
#9326 = CARTESIAN_POINT('',(20.237344,-27.687358,60.974688));
#9327 = VECTOR('',#9328,1.);
#9328 = DIRECTION('',(1.,0.,2.22044604925E-16));
#9329 = ORIENTED_EDGE('',*,*,#9330,.F.);
#9330 = EDGE_CURVE('',#6204,#9323,#9331,.T.);
#9331 = LINE('',#9332,#9333);
#9332 = CARTESIAN_POINT('',(22.237344,-32.387358,60.974688));
#9333 = VECTOR('',#9334,1.);
#9334 = DIRECTION('',(0.,1.,0.));
#9335 = PLANE('',#9336);
#9336 = AXIS2_PLACEMENT_3D('',#9337,#9338,#9339);
#9337 = CARTESIAN_POINT('',(20.237344,-32.387358,60.974688));
#9338 = DIRECTION('',(2.22044604925E-16,0.,-1.));
#9339 = DIRECTION('',(1.,0.,2.22044604925E-16));
#9340 = ADVANCED_FACE('',(#9341),#9359,.F.);
#9341 = FACE_BOUND('',#9342,.F.);
#9342 = EDGE_LOOP('',(#9343,#9344,#9345,#9353));
#9343 = ORIENTED_EDGE('',*,*,#6399,.F.);
#9344 = ORIENTED_EDGE('',*,*,#6308,.F.);
#9345 = ORIENTED_EDGE('',*,*,#9346,.T.);
#9346 = EDGE_CURVE('',#6301,#9347,#9349,.T.);
#9347 = VERTEX_POINT('',#9348);
#9348 = CARTESIAN_POINT('',(22.237344,-14.161016,19.2));
#9349 = LINE('',#9350,#9351);
#9350 = CARTESIAN_POINT('',(22.237344,-25.487358,19.2));
#9351 = VECTOR('',#9352,1.);
#9352 = DIRECTION('',(0.,1.,0.));
#9353 = ORIENTED_EDGE('',*,*,#9354,.T.);
#9354 = EDGE_CURVE('',#9347,#6400,#9355,.T.);
#9355 = LINE('',#9356,#9357);
#9356 = CARTESIAN_POINT('',(19.2254225,-14.161016,19.2));
#9357 = VECTOR('',#9358,1.);
#9358 = DIRECTION('',(1.,0.,2.22044604925E-16));
#9359 = PLANE('',#9360);
#9360 = AXIS2_PLACEMENT_3D('',#9361,#9362,#9363);
#9361 = CARTESIAN_POINT('',(20.237344,-25.487358,19.2));
#9362 = DIRECTION('',(2.22044604925E-16,0.,-1.));
#9363 = DIRECTION('',(1.,0.,2.22044604925E-16));
#9364 = ADVANCED_FACE('',(#9365),#9390,.F.);
#9365 = FACE_BOUND('',#9366,.F.);
#9366 = EDGE_LOOP('',(#9367,#9375,#9383,#9389));
#9367 = ORIENTED_EDGE('',*,*,#9368,.F.);
#9368 = EDGE_CURVE('',#9369,#6332,#9371,.T.);
#9369 = VERTEX_POINT('',#9370);
#9370 = CARTESIAN_POINT('',(20.237344,-25.487358,20.3));
#9371 = LINE('',#9372,#9373);
#9372 = CARTESIAN_POINT('',(20.237344,-25.487358,20.3));
#9373 = VECTOR('',#9374,1.);
#9374 = DIRECTION('',(2.22044604925E-16,0.,-1.));
#9375 = ORIENTED_EDGE('',*,*,#9376,.T.);
#9376 = EDGE_CURVE('',#9369,#9377,#9379,.T.);
#9377 = VERTEX_POINT('',#9378);
#9378 = CARTESIAN_POINT('',(22.237344,-25.487358,20.3));
#9379 = LINE('',#9380,#9381);
#9380 = CARTESIAN_POINT('',(20.237344,-25.487358,20.3));
#9381 = VECTOR('',#9382,1.);
#9382 = DIRECTION('',(1.,0.,2.22044604925E-16));
#9383 = ORIENTED_EDGE('',*,*,#9384,.T.);
#9384 = EDGE_CURVE('',#9377,#6301,#9385,.T.);
#9385 = LINE('',#9386,#9387);
#9386 = CARTESIAN_POINT('',(22.237344,-25.487358,20.3));
#9387 = VECTOR('',#9388,1.);
#9388 = DIRECTION('',(2.22044604925E-16,0.,-1.));
#9389 = ORIENTED_EDGE('',*,*,#6339,.F.);
#9390 = PLANE('',#9391);
#9391 = AXIS2_PLACEMENT_3D('',#9392,#9393,#9394);
#9392 = CARTESIAN_POINT('',(20.237344,-25.487358,20.3));
#9393 = DIRECTION('',(0.,1.,0.));
#9394 = DIRECTION('',(1.,0.,2.22044604925E-16));
#9395 = ADVANCED_FACE('',(#9396),#9414,.F.);
#9396 = FACE_BOUND('',#9397,.F.);
#9397 = EDGE_LOOP('',(#9398,#9406,#9407,#9408));
#9398 = ORIENTED_EDGE('',*,*,#9399,.F.);
#9399 = EDGE_CURVE('',#9369,#9400,#9402,.T.);
#9400 = VERTEX_POINT('',#9401);
#9401 = CARTESIAN_POINT('',(20.237344,-14.161016,20.3));
#9402 = LINE('',#9403,#9404);
#9403 = CARTESIAN_POINT('',(20.237344,-25.487358,20.3));
#9404 = VECTOR('',#9405,1.);
#9405 = DIRECTION('',(0.,1.,0.));
#9406 = ORIENTED_EDGE('',*,*,#9368,.T.);
#9407 = ORIENTED_EDGE('',*,*,#6355,.T.);
#9408 = ORIENTED_EDGE('',*,*,#9409,.T.);
#9409 = EDGE_CURVE('',#6356,#9400,#9410,.T.);
#9410 = LINE('',#9411,#9412);
#9411 = CARTESIAN_POINT('',(20.237344,-14.161016,26.775406));
#9412 = VECTOR('',#9413,1.);
#9413 = DIRECTION('',(-2.22044604925E-16,0.,1.));
#9414 = PLANE('',#9415);
#9415 = AXIS2_PLACEMENT_3D('',#9416,#9417,#9418);
#9416 = CARTESIAN_POINT('',(20.237344,-25.487358,20.3));
#9417 = DIRECTION('',(1.,0.,2.22044604925E-16));
#9418 = DIRECTION('',(2.22044604925E-16,0.,-1.));
#9419 = ADVANCED_FACE('',(#9420),#9436,.T.);
#9420 = FACE_BOUND('',#9421,.T.);
#9421 = EDGE_LOOP('',(#9422,#9423,#9424,#9430));
#9422 = ORIENTED_EDGE('',*,*,#7860,.F.);
#9423 = ORIENTED_EDGE('',*,*,#6365,.T.);
#9424 = ORIENTED_EDGE('',*,*,#9425,.T.);
#9425 = EDGE_CURVE('',#6356,#9347,#9426,.T.);
#9426 = LINE('',#9427,#9428);
#9427 = CARTESIAN_POINT('',(19.2254225,-14.161016,19.2));
#9428 = VECTOR('',#9429,1.);
#9429 = DIRECTION('',(1.,0.,2.22044604925E-16));
#9430 = ORIENTED_EDGE('',*,*,#9431,.F.);
#9431 = EDGE_CURVE('',#6425,#9347,#9432,.T.);
#9432 = LINE('',#9433,#9434);
#9433 = CARTESIAN_POINT('',(22.237344,-14.161016,26.775406));
#9434 = VECTOR('',#9435,1.);
#9435 = DIRECTION('',(-2.22044604925E-16,0.,1.));
#9436 = PLANE('',#9437);
#9437 = AXIS2_PLACEMENT_3D('',#9438,#9439,#9440);
#9438 = CARTESIAN_POINT('',(18.213501,-14.161016,33.250812));
#9439 = DIRECTION('',(0.,1.,0.));
#9440 = DIRECTION('',(1.,0.,2.22044604925E-16));
#9441 = ADVANCED_FACE('',(#9442),#9448,.T.);
#9442 = FACE_BOUND('',#9443,.T.);
#9443 = EDGE_LOOP('',(#9444,#9445,#9446,#9447));
#9444 = ORIENTED_EDGE('',*,*,#6424,.F.);
#9445 = ORIENTED_EDGE('',*,*,#9431,.T.);
#9446 = ORIENTED_EDGE('',*,*,#9354,.T.);
#9447 = ORIENTED_EDGE('',*,*,#6409,.F.);
#9448 = PLANE('',#9449);
#9449 = AXIS2_PLACEMENT_3D('',#9450,#9451,#9452);
#9450 = CARTESIAN_POINT('',(18.213501,-14.161016,33.250812));
#9451 = DIRECTION('',(0.,1.,0.));
#9452 = DIRECTION('',(1.,0.,2.22044604925E-16));
#9453 = ADVANCED_FACE('',(#9454),#9472,.F.);
#9454 = FACE_BOUND('',#9455,.F.);
#9455 = EDGE_LOOP('',(#9456,#9457,#9465,#9471));
#9456 = ORIENTED_EDGE('',*,*,#6440,.F.);
#9457 = ORIENTED_EDGE('',*,*,#9458,.T.);
#9458 = EDGE_CURVE('',#6433,#9459,#9461,.T.);
#9459 = VERTEX_POINT('',#9460);
#9460 = CARTESIAN_POINT('',(22.237344,0.438984,19.2));
#9461 = LINE('',#9462,#9463);
#9462 = CARTESIAN_POINT('',(22.237344,0.438984,26.775406));
#9463 = VECTOR('',#9464,1.);
#9464 = DIRECTION('',(-2.22044604925E-16,0.,1.));
#9465 = ORIENTED_EDGE('',*,*,#9466,.T.);
#9466 = EDGE_CURVE('',#9459,#6455,#9467,.T.);
#9467 = LINE('',#9468,#9469);
#9468 = CARTESIAN_POINT('',(19.2254225,0.438984,19.2));
#9469 = VECTOR('',#9470,1.);
#9470 = DIRECTION('',(1.,0.,2.22044604925E-16));
#9471 = ORIENTED_EDGE('',*,*,#6454,.F.);
#9472 = PLANE('',#9473);
#9473 = AXIS2_PLACEMENT_3D('',#9474,#9475,#9476);
#9474 = CARTESIAN_POINT('',(18.213501,0.438984,33.250812));
#9475 = DIRECTION('',(0.,1.,0.));
#9476 = DIRECTION('',(1.,0.,2.22044604925E-16));
#9477 = ADVANCED_FACE('',(#9478),#9489,.F.);
#9478 = FACE_BOUND('',#9479,.F.);
#9479 = EDGE_LOOP('',(#9480,#9481,#9482,#9488));
#9480 = ORIENTED_EDGE('',*,*,#6471,.F.);
#9481 = ORIENTED_EDGE('',*,*,#9466,.F.);
#9482 = ORIENTED_EDGE('',*,*,#9483,.T.);
#9483 = EDGE_CURVE('',#9459,#6568,#9484,.T.);
#9484 = LINE('',#9485,#9486);
#9485 = CARTESIAN_POINT('',(22.237344,-25.487358,19.2));
#9486 = VECTOR('',#9487,1.);
#9487 = DIRECTION('',(0.,1.,0.));
#9488 = ORIENTED_EDGE('',*,*,#6591,.T.);
#9489 = PLANE('',#9490);
#9490 = AXIS2_PLACEMENT_3D('',#9491,#9492,#9493);
#9491 = CARTESIAN_POINT('',(20.237344,-25.487358,19.2));
#9492 = DIRECTION('',(2.22044604925E-16,0.,-1.));
#9493 = DIRECTION('',(1.,0.,2.22044604925E-16));
#9494 = ADVANCED_FACE('',(#9495,#9545),#9548,.F.);
#9495 = FACE_BOUND('',#9496,.F.);
#9496 = EDGE_LOOP('',(#9497,#9507,#9515,#9523,#9531,#9539));
#9497 = ORIENTED_EDGE('',*,*,#9498,.T.);
#9498 = EDGE_CURVE('',#9499,#9501,#9503,.T.);
#9499 = VERTEX_POINT('',#9500);
#9500 = CARTESIAN_POINT('',(21.123501,-20.062,7.893633411781));
#9501 = VERTEX_POINT('',#9502);
#9502 = CARTESIAN_POINT('',(21.123501,-17.112,9.596816705891));
#9503 = LINE('',#9504,#9505);
#9504 = CARTESIAN_POINT('',(21.123501,-20.062,7.893633411781));
#9505 = VECTOR('',#9506,1.);
#9506 = DIRECTION('',(-1.110223024625E-16,0.866025403784,0.5));
#9507 = ORIENTED_EDGE('',*,*,#9508,.T.);
#9508 = EDGE_CURVE('',#9501,#9509,#9511,.T.);
#9509 = VERTEX_POINT('',#9510);
#9510 = CARTESIAN_POINT('',(21.123501,-17.112,13.003183294109));
#9511 = LINE('',#9512,#9513);
#9512 = CARTESIAN_POINT('',(21.123501,-17.112,9.596816705891));
#9513 = VECTOR('',#9514,1.);
#9514 = DIRECTION('',(-2.22044604925E-16,0.,1.));
#9515 = ORIENTED_EDGE('',*,*,#9516,.T.);
#9516 = EDGE_CURVE('',#9509,#9517,#9519,.T.);
#9517 = VERTEX_POINT('',#9518);
#9518 = CARTESIAN_POINT('',(21.123501,-20.062,14.706366588219));
#9519 = LINE('',#9520,#9521);
#9520 = CARTESIAN_POINT('',(21.123501,-17.112,13.003183294109));
#9521 = VECTOR('',#9522,1.);
#9522 = DIRECTION('',(-1.110223024625E-16,-0.866025403784,0.5));
#9523 = ORIENTED_EDGE('',*,*,#9524,.T.);
#9524 = EDGE_CURVE('',#9517,#9525,#9527,.T.);
#9525 = VERTEX_POINT('',#9526);
#9526 = CARTESIAN_POINT('',(21.123501,-23.012,13.003183294109));
#9527 = LINE('',#9528,#9529);
#9528 = CARTESIAN_POINT('',(21.123501,-20.062,14.706366588219));
#9529 = VECTOR('',#9530,1.);
#9530 = DIRECTION('',(1.110223024625E-16,-0.866025403784,-0.5));
#9531 = ORIENTED_EDGE('',*,*,#9532,.T.);
#9532 = EDGE_CURVE('',#9525,#9533,#9535,.T.);
#9533 = VERTEX_POINT('',#9534);
#9534 = CARTESIAN_POINT('',(21.123501,-23.012,9.596816705891));
#9535 = LINE('',#9536,#9537);
#9536 = CARTESIAN_POINT('',(21.123501,-23.012,13.003183294109));
#9537 = VECTOR('',#9538,1.);
#9538 = DIRECTION('',(2.22044604925E-16,0.,-1.));
#9539 = ORIENTED_EDGE('',*,*,#9540,.T.);
#9540 = EDGE_CURVE('',#9533,#9499,#9541,.T.);
#9541 = LINE('',#9542,#9543);
#9542 = CARTESIAN_POINT('',(21.123501,-23.012,9.596816705891));
#9543 = VECTOR('',#9544,1.);
#9544 = DIRECTION('',(1.110223024625E-16,0.866025403784,-0.5));
#9545 = FACE_BOUND('',#9546,.F.);
#9546 = EDGE_LOOP('',(#9547));
#9547 = ORIENTED_EDGE('',*,*,#6485,.F.);
#9548 = PLANE('',#9549);
#9549 = AXIS2_PLACEMENT_3D('',#9550,#9551,#9552);
#9550 = CARTESIAN_POINT('',(21.123501,-20.062,11.3));
#9551 = DIRECTION('',(1.,0.,2.22044604925E-16));
#9552 = DIRECTION('',(2.22044604925E-16,0.,-1.));
#9553 = ADVANCED_FACE('',(#9554,#9604),#9607,.F.);
#9554 = FACE_BOUND('',#9555,.F.);
#9555 = EDGE_LOOP('',(#9556,#9566,#9574,#9582,#9590,#9598));
#9556 = ORIENTED_EDGE('',*,*,#9557,.T.);
#9557 = EDGE_CURVE('',#9558,#9560,#9562,.T.);
#9558 = VERTEX_POINT('',#9559);
#9559 = CARTESIAN_POINT('',(21.123501,21.938,7.893633411781));
#9560 = VERTEX_POINT('',#9561);
#9561 = CARTESIAN_POINT('',(21.123501,24.888,9.596816705891));
#9562 = LINE('',#9563,#9564);
#9563 = CARTESIAN_POINT('',(21.123501,21.938,7.893633411781));
#9564 = VECTOR('',#9565,1.);
#9565 = DIRECTION('',(-1.110223024625E-16,0.866025403784,0.5));
#9566 = ORIENTED_EDGE('',*,*,#9567,.T.);
#9567 = EDGE_CURVE('',#9560,#9568,#9570,.T.);
#9568 = VERTEX_POINT('',#9569);
#9569 = CARTESIAN_POINT('',(21.123501,24.888,13.003183294109));
#9570 = LINE('',#9571,#9572);
#9571 = CARTESIAN_POINT('',(21.123501,24.888,9.596816705891));
#9572 = VECTOR('',#9573,1.);
#9573 = DIRECTION('',(-2.22044604925E-16,0.,1.));
#9574 = ORIENTED_EDGE('',*,*,#9575,.T.);
#9575 = EDGE_CURVE('',#9568,#9576,#9578,.T.);
#9576 = VERTEX_POINT('',#9577);
#9577 = CARTESIAN_POINT('',(21.123501,21.938,14.706366588219));
#9578 = LINE('',#9579,#9580);
#9579 = CARTESIAN_POINT('',(21.123501,24.888,13.003183294109));
#9580 = VECTOR('',#9581,1.);
#9581 = DIRECTION('',(-1.110223024625E-16,-0.866025403784,0.5));
#9582 = ORIENTED_EDGE('',*,*,#9583,.T.);
#9583 = EDGE_CURVE('',#9576,#9584,#9586,.T.);
#9584 = VERTEX_POINT('',#9585);
#9585 = CARTESIAN_POINT('',(21.123501,18.988,13.003183294109));
#9586 = LINE('',#9587,#9588);
#9587 = CARTESIAN_POINT('',(21.123501,21.938,14.706366588219));
#9588 = VECTOR('',#9589,1.);
#9589 = DIRECTION('',(1.110223024625E-16,-0.866025403784,-0.5));
#9590 = ORIENTED_EDGE('',*,*,#9591,.T.);
#9591 = EDGE_CURVE('',#9584,#9592,#9594,.T.);
#9592 = VERTEX_POINT('',#9593);
#9593 = CARTESIAN_POINT('',(21.123501,18.988,9.596816705891));
#9594 = LINE('',#9595,#9596);
#9595 = CARTESIAN_POINT('',(21.123501,18.988,13.003183294109));
#9596 = VECTOR('',#9597,1.);
#9597 = DIRECTION('',(2.22044604925E-16,0.,-1.));
#9598 = ORIENTED_EDGE('',*,*,#9599,.T.);
#9599 = EDGE_CURVE('',#9592,#9558,#9600,.T.);
#9600 = LINE('',#9601,#9602);
#9601 = CARTESIAN_POINT('',(21.123501,18.988,9.596816705891));
#9602 = VECTOR('',#9603,1.);
#9603 = DIRECTION('',(1.110223024625E-16,0.866025403784,-0.5));
#9604 = FACE_BOUND('',#9605,.F.);
#9605 = EDGE_LOOP('',(#9606));
#9606 = ORIENTED_EDGE('',*,*,#6510,.F.);
#9607 = PLANE('',#9608);
#9608 = AXIS2_PLACEMENT_3D('',#9609,#9610,#9611);
#9609 = CARTESIAN_POINT('',(21.123501,21.938,11.3));
#9610 = DIRECTION('',(1.,0.,2.22044604925E-16));
#9611 = DIRECTION('',(2.22044604925E-16,0.,-1.));
#9612 = ADVANCED_FACE('',(#9613),#9624,.F.);
#9613 = FACE_BOUND('',#9614,.F.);
#9614 = EDGE_LOOP('',(#9615,#9616,#9617,#9623));
#9615 = ORIENTED_EDGE('',*,*,#7867,.F.);
#9616 = ORIENTED_EDGE('',*,*,#6535,.T.);
#9617 = ORIENTED_EDGE('',*,*,#9618,.T.);
#9618 = EDGE_CURVE('',#6536,#9459,#9619,.T.);
#9619 = LINE('',#9620,#9621);
#9620 = CARTESIAN_POINT('',(19.2254225,0.438984,19.2));
#9621 = VECTOR('',#9622,1.);
#9622 = DIRECTION('',(1.,0.,2.22044604925E-16));
#9623 = ORIENTED_EDGE('',*,*,#9458,.F.);
#9624 = PLANE('',#9625);
#9625 = AXIS2_PLACEMENT_3D('',#9626,#9627,#9628);
#9626 = CARTESIAN_POINT('',(18.213501,0.438984,33.250812));
#9627 = DIRECTION('',(0.,1.,0.));
#9628 = DIRECTION('',(1.,0.,2.22044604925E-16));
#9629 = ADVANCED_FACE('',(#9630),#9655,.F.);
#9630 = FACE_BOUND('',#9631,.F.);
#9631 = EDGE_LOOP('',(#9632,#9640,#9641,#9649));
#9632 = ORIENTED_EDGE('',*,*,#9633,.F.);
#9633 = EDGE_CURVE('',#6536,#9634,#9636,.T.);
#9634 = VERTEX_POINT('',#9635);
#9635 = CARTESIAN_POINT('',(20.237344,0.438984,20.3));
#9636 = LINE('',#9637,#9638);
#9637 = CARTESIAN_POINT('',(20.237344,0.438984,26.775406));
#9638 = VECTOR('',#9639,1.);
#9639 = DIRECTION('',(-2.22044604925E-16,0.,1.));
#9640 = ORIENTED_EDGE('',*,*,#6552,.T.);
#9641 = ORIENTED_EDGE('',*,*,#9642,.F.);
#9642 = EDGE_CURVE('',#9643,#6545,#9645,.T.);
#9643 = VERTEX_POINT('',#9644);
#9644 = CARTESIAN_POINT('',(20.237344,25.487358,20.3));
#9645 = LINE('',#9646,#9647);
#9646 = CARTESIAN_POINT('',(20.237344,25.487358,20.3));
#9647 = VECTOR('',#9648,1.);
#9648 = DIRECTION('',(2.22044604925E-16,0.,-1.));
#9649 = ORIENTED_EDGE('',*,*,#9650,.F.);
#9650 = EDGE_CURVE('',#9634,#9643,#9651,.T.);
#9651 = LINE('',#9652,#9653);
#9652 = CARTESIAN_POINT('',(20.237344,-25.487358,20.3));
#9653 = VECTOR('',#9654,1.);
#9654 = DIRECTION('',(0.,1.,0.));
#9655 = PLANE('',#9656);
#9656 = AXIS2_PLACEMENT_3D('',#9657,#9658,#9659);
#9657 = CARTESIAN_POINT('',(20.237344,-25.487358,20.3));
#9658 = DIRECTION('',(1.,0.,2.22044604925E-16));
#9659 = DIRECTION('',(2.22044604925E-16,0.,-1.));
#9660 = ADVANCED_FACE('',(#9661),#9679,.T.);
#9661 = FACE_BOUND('',#9662,.T.);
#9662 = EDGE_LOOP('',(#9663,#9664,#9672,#9678));
#9663 = ORIENTED_EDGE('',*,*,#9642,.F.);
#9664 = ORIENTED_EDGE('',*,*,#9665,.T.);
#9665 = EDGE_CURVE('',#9643,#9666,#9668,.T.);
#9666 = VERTEX_POINT('',#9667);
#9667 = CARTESIAN_POINT('',(22.237344,25.487358,20.3));
#9668 = LINE('',#9669,#9670);
#9669 = CARTESIAN_POINT('',(20.237344,25.487358,20.3));
#9670 = VECTOR('',#9671,1.);
#9671 = DIRECTION('',(1.,0.,2.22044604925E-16));
#9672 = ORIENTED_EDGE('',*,*,#9673,.T.);
#9673 = EDGE_CURVE('',#9666,#6568,#9674,.T.);
#9674 = LINE('',#9675,#9676);
#9675 = CARTESIAN_POINT('',(22.237344,25.487358,20.3));
#9676 = VECTOR('',#9677,1.);
#9677 = DIRECTION('',(2.22044604925E-16,0.,-1.));
#9678 = ORIENTED_EDGE('',*,*,#6567,.F.);
#9679 = PLANE('',#9680);
#9680 = AXIS2_PLACEMENT_3D('',#9681,#9682,#9683);
#9681 = CARTESIAN_POINT('',(20.237344,25.487358,20.3));
#9682 = DIRECTION('',(0.,1.,0.));
#9683 = DIRECTION('',(1.,0.,2.22044604925E-16));
#9684 = ADVANCED_FACE('',(#9685),#9696,.F.);
#9685 = FACE_BOUND('',#9686,.F.);
#9686 = EDGE_LOOP('',(#9687,#9693,#9694,#9695));
#9687 = ORIENTED_EDGE('',*,*,#9688,.T.);
#9688 = EDGE_CURVE('',#6608,#6687,#9689,.T.);
#9689 = LINE('',#9690,#9691);
#9690 = CARTESIAN_POINT('',(22.237344,28.787358,45.712344));
#9691 = VECTOR('',#9692,1.);
#9692 = DIRECTION('',(-2.22044604925E-16,0.,1.));
#9693 = ORIENTED_EDGE('',*,*,#6710,.T.);
#9694 = ORIENTED_EDGE('',*,*,#6862,.T.);
#9695 = ORIENTED_EDGE('',*,*,#6607,.F.);
#9696 = PLANE('',#9697);
#9697 = AXIS2_PLACEMENT_3D('',#9698,#9699,#9700);
#9698 = CARTESIAN_POINT('',(20.237344,28.787358,45.712344));
#9699 = DIRECTION('',(0.,1.,0.));
#9700 = DIRECTION('',(1.,0.,2.22044604925E-16));
#9701 = ADVANCED_FACE('',(#9702),#9727,.T.);
#9702 = FACE_BOUND('',#9703,.T.);
#9703 = EDGE_LOOP('',(#9704,#9712,#9720,#9726));
#9704 = ORIENTED_EDGE('',*,*,#9705,.F.);
#9705 = EDGE_CURVE('',#9706,#6608,#9708,.T.);
#9706 = VERTEX_POINT('',#9707);
#9707 = CARTESIAN_POINT('',(22.237344,27.687358,22.5));
#9708 = LINE('',#9709,#9710);
#9709 = CARTESIAN_POINT('',(22.237344,27.687358,22.5));
#9710 = VECTOR('',#9711,1.);
#9711 = DIRECTION('',(0.,1.,0.));
#9712 = ORIENTED_EDGE('',*,*,#9713,.F.);
#9713 = EDGE_CURVE('',#9714,#9706,#9716,.T.);
#9714 = VERTEX_POINT('',#9715);
#9715 = CARTESIAN_POINT('',(20.237344,27.687358,22.5));
#9716 = LINE('',#9717,#9718);
#9717 = CARTESIAN_POINT('',(20.237344,27.687358,22.5));
#9718 = VECTOR('',#9719,1.);
#9719 = DIRECTION('',(1.,0.,2.22044604925E-16));
#9720 = ORIENTED_EDGE('',*,*,#9721,.T.);
#9721 = EDGE_CURVE('',#9714,#6640,#9722,.T.);
#9722 = LINE('',#9723,#9724);
#9723 = CARTESIAN_POINT('',(20.237344,27.687358,22.5));
#9724 = VECTOR('',#9725,1.);
#9725 = DIRECTION('',(0.,1.,0.));
#9726 = ORIENTED_EDGE('',*,*,#6639,.T.);
#9727 = PLANE('',#9728);
#9728 = AXIS2_PLACEMENT_3D('',#9729,#9730,#9731);
#9729 = CARTESIAN_POINT('',(20.237344,27.687358,22.5));
#9730 = DIRECTION('',(2.22044604925E-16,0.,-1.));
#9731 = DIRECTION('',(1.,0.,2.22044604925E-16));
#9732 = ADVANCED_FACE('',(#9733),#9751,.F.);
#9733 = FACE_BOUND('',#9734,.F.);
#9734 = EDGE_LOOP('',(#9735,#9743,#9749,#9750));
#9735 = ORIENTED_EDGE('',*,*,#9736,.F.);
#9736 = EDGE_CURVE('',#9737,#6663,#9739,.T.);
#9737 = VERTEX_POINT('',#9738);
#9738 = CARTESIAN_POINT('',(20.237344,27.687358,45.712344));
#9739 = LINE('',#9740,#9741);
#9740 = CARTESIAN_POINT('',(20.237344,27.687358,45.712344));
#9741 = VECTOR('',#9742,1.);
#9742 = DIRECTION('',(0.,1.,0.));
#9743 = ORIENTED_EDGE('',*,*,#9744,.T.);
#9744 = EDGE_CURVE('',#9737,#9714,#9745,.T.);
#9745 = LINE('',#9746,#9747);
#9746 = CARTESIAN_POINT('',(20.237344,27.687358,45.712344));
#9747 = VECTOR('',#9748,1.);
#9748 = DIRECTION('',(2.22044604925E-16,0.,-1.));
#9749 = ORIENTED_EDGE('',*,*,#9721,.T.);
#9750 = ORIENTED_EDGE('',*,*,#6670,.F.);
#9751 = PLANE('',#9752);
#9752 = AXIS2_PLACEMENT_3D('',#9753,#9754,#9755);
#9753 = CARTESIAN_POINT('',(20.237344,27.687358,45.712344));
#9754 = DIRECTION('',(1.,0.,2.22044604925E-16));
#9755 = DIRECTION('',(2.22044604925E-16,0.,-1.));
#9756 = ADVANCED_FACE('',(#9757),#9775,.F.);
#9757 = FACE_BOUND('',#9758,.F.);
#9758 = EDGE_LOOP('',(#9759,#9767,#9773,#9774));
#9759 = ORIENTED_EDGE('',*,*,#9760,.F.);
#9760 = EDGE_CURVE('',#9761,#6687,#9763,.T.);
#9761 = VERTEX_POINT('',#9762);
#9762 = CARTESIAN_POINT('',(22.237344,27.687358,45.712344));
#9763 = LINE('',#9764,#9765);
#9764 = CARTESIAN_POINT('',(22.237344,27.687358,45.712344));
#9765 = VECTOR('',#9766,1.);
#9766 = DIRECTION('',(0.,1.,0.));
#9767 = ORIENTED_EDGE('',*,*,#9768,.F.);
#9768 = EDGE_CURVE('',#9737,#9761,#9769,.T.);
#9769 = LINE('',#9770,#9771);
#9770 = CARTESIAN_POINT('',(20.237344,27.687358,45.712344));
#9771 = VECTOR('',#9772,1.);
#9772 = DIRECTION('',(1.,0.,2.22044604925E-16));
#9773 = ORIENTED_EDGE('',*,*,#9736,.T.);
#9774 = ORIENTED_EDGE('',*,*,#6694,.T.);
#9775 = PLANE('',#9776);
#9776 = AXIS2_PLACEMENT_3D('',#9777,#9778,#9779);
#9777 = CARTESIAN_POINT('',(20.237344,27.687358,45.712344));
#9778 = DIRECTION('',(2.22044604925E-16,0.,-1.));
#9779 = DIRECTION('',(1.,0.,2.22044604925E-16));
#9780 = ADVANCED_FACE('',(#9781),#9792,.F.);
#9781 = FACE_BOUND('',#9782,.F.);
#9782 = EDGE_LOOP('',(#9783,#9789,#9790,#9791));
#9783 = ORIENTED_EDGE('',*,*,#9784,.T.);
#9784 = EDGE_CURVE('',#6735,#6814,#9785,.T.);
#9785 = LINE('',#9786,#9787);
#9786 = CARTESIAN_POINT('',(22.237344,28.787358,60.974688));
#9787 = VECTOR('',#9788,1.);
#9788 = DIRECTION('',(-2.22044604925E-16,0.,1.));
#9789 = ORIENTED_EDGE('',*,*,#6837,.T.);
#9790 = ORIENTED_EDGE('',*,*,#6879,.T.);
#9791 = ORIENTED_EDGE('',*,*,#6734,.F.);
#9792 = PLANE('',#9793);
#9793 = AXIS2_PLACEMENT_3D('',#9794,#9795,#9796);
#9794 = CARTESIAN_POINT('',(20.237344,28.787358,60.974688));
#9795 = DIRECTION('',(0.,1.,0.));
#9796 = DIRECTION('',(1.,0.,2.22044604925E-16));
#9797 = ADVANCED_FACE('',(#9798),#9823,.T.);
#9798 = FACE_BOUND('',#9799,.T.);
#9799 = EDGE_LOOP('',(#9800,#9808,#9816,#9822));
#9800 = ORIENTED_EDGE('',*,*,#9801,.F.);
#9801 = EDGE_CURVE('',#9802,#6735,#9804,.T.);
#9802 = VERTEX_POINT('',#9803);
#9803 = CARTESIAN_POINT('',(22.237344,27.687358,56.570344));
#9804 = LINE('',#9805,#9806);
#9805 = CARTESIAN_POINT('',(22.237344,27.687358,56.570344));
#9806 = VECTOR('',#9807,1.);
#9807 = DIRECTION('',(0.,1.,0.));
#9808 = ORIENTED_EDGE('',*,*,#9809,.F.);
#9809 = EDGE_CURVE('',#9810,#9802,#9812,.T.);
#9810 = VERTEX_POINT('',#9811);
#9811 = CARTESIAN_POINT('',(20.237344,27.687358,56.570344));
#9812 = LINE('',#9813,#9814);
#9813 = CARTESIAN_POINT('',(20.237344,27.687358,56.570344));
#9814 = VECTOR('',#9815,1.);
#9815 = DIRECTION('',(1.,0.,2.22044604925E-16));
#9816 = ORIENTED_EDGE('',*,*,#9817,.T.);
#9817 = EDGE_CURVE('',#9810,#6767,#9818,.T.);
#9818 = LINE('',#9819,#9820);
#9819 = CARTESIAN_POINT('',(20.237344,27.687358,56.570344));
#9820 = VECTOR('',#9821,1.);
#9821 = DIRECTION('',(0.,1.,0.));
#9822 = ORIENTED_EDGE('',*,*,#6766,.T.);
#9823 = PLANE('',#9824);
#9824 = AXIS2_PLACEMENT_3D('',#9825,#9826,#9827);
#9825 = CARTESIAN_POINT('',(20.237344,27.687358,56.570344));
#9826 = DIRECTION('',(2.22044604925E-16,0.,-1.));
#9827 = DIRECTION('',(1.,0.,2.22044604925E-16));
#9828 = ADVANCED_FACE('',(#9829),#9847,.F.);
#9829 = FACE_BOUND('',#9830,.F.);
#9830 = EDGE_LOOP('',(#9831,#9839,#9845,#9846));
#9831 = ORIENTED_EDGE('',*,*,#9832,.F.);
#9832 = EDGE_CURVE('',#9833,#6790,#9835,.T.);
#9833 = VERTEX_POINT('',#9834);
#9834 = CARTESIAN_POINT('',(20.237344,27.687358,60.974688));
#9835 = LINE('',#9836,#9837);
#9836 = CARTESIAN_POINT('',(20.237344,27.687358,60.974688));
#9837 = VECTOR('',#9838,1.);
#9838 = DIRECTION('',(0.,1.,0.));
#9839 = ORIENTED_EDGE('',*,*,#9840,.T.);
#9840 = EDGE_CURVE('',#9833,#9810,#9841,.T.);
#9841 = LINE('',#9842,#9843);
#9842 = CARTESIAN_POINT('',(20.237344,27.687358,60.974688));
#9843 = VECTOR('',#9844,1.);
#9844 = DIRECTION('',(2.22044604925E-16,0.,-1.));
#9845 = ORIENTED_EDGE('',*,*,#9817,.T.);
#9846 = ORIENTED_EDGE('',*,*,#6797,.F.);
#9847 = PLANE('',#9848);
#9848 = AXIS2_PLACEMENT_3D('',#9849,#9850,#9851);
#9849 = CARTESIAN_POINT('',(20.237344,27.687358,60.974688));
#9850 = DIRECTION('',(1.,0.,2.22044604925E-16));
#9851 = DIRECTION('',(2.22044604925E-16,0.,-1.));
#9852 = ADVANCED_FACE('',(#9853),#9871,.F.);
#9853 = FACE_BOUND('',#9854,.F.);
#9854 = EDGE_LOOP('',(#9855,#9863,#9869,#9870));
#9855 = ORIENTED_EDGE('',*,*,#9856,.F.);
#9856 = EDGE_CURVE('',#9857,#6814,#9859,.T.);
#9857 = VERTEX_POINT('',#9858);
#9858 = CARTESIAN_POINT('',(22.237344,27.687358,60.974688));
#9859 = LINE('',#9860,#9861);
#9860 = CARTESIAN_POINT('',(22.237344,27.687358,60.974688));
#9861 = VECTOR('',#9862,1.);
#9862 = DIRECTION('',(0.,1.,0.));
#9863 = ORIENTED_EDGE('',*,*,#9864,.F.);
#9864 = EDGE_CURVE('',#9833,#9857,#9865,.T.);
#9865 = LINE('',#9866,#9867);
#9866 = CARTESIAN_POINT('',(20.237344,27.687358,60.974688));
#9867 = VECTOR('',#9868,1.);
#9868 = DIRECTION('',(1.,0.,2.22044604925E-16));
#9869 = ORIENTED_EDGE('',*,*,#9832,.T.);
#9870 = ORIENTED_EDGE('',*,*,#6821,.T.);
#9871 = PLANE('',#9872);
#9872 = AXIS2_PLACEMENT_3D('',#9873,#9874,#9875);
#9873 = CARTESIAN_POINT('',(20.237344,27.687358,60.974688));
#9874 = DIRECTION('',(2.22044604925E-16,0.,-1.));
#9875 = DIRECTION('',(1.,0.,2.22044604925E-16));
#9876 = ADVANCED_FACE('',(#9877),#9883,.T.);
#9877 = FACE_BOUND('',#9878,.T.);
#9878 = EDGE_LOOP('',(#9879,#9880,#9881,#9882));
#9879 = ORIENTED_EDGE('',*,*,#8569,.F.);
#9880 = ORIENTED_EDGE('',*,*,#8584,.T.);
#9881 = ORIENTED_EDGE('',*,*,#6913,.T.);
#9882 = ORIENTED_EDGE('',*,*,#6944,.T.);
#9883 = PLANE('',#9884);
#9884 = AXIS2_PLACEMENT_3D('',#9885,#9886,#9887);
#9885 = CARTESIAN_POINT('',(24.823501,21.8,69.274688));
#9886 = DIRECTION('',(1.,0.,2.22044604925E-16));
#9887 = DIRECTION('',(2.22044604925E-16,0.,-1.));
#9888 = ADVANCED_FACE('',(#9889),#9899,.T.);
#9889 = FACE_BOUND('',#9890,.T.);
#9890 = EDGE_LOOP('',(#9891,#9892));
#9891 = ORIENTED_EDGE('',*,*,#7533,.T.);
#9892 = ORIENTED_EDGE('',*,*,#9893,.T.);
#9893 = EDGE_CURVE('',#7536,#7534,#9894,.T.);
#9894 = CIRCLE('',#9895,9.);
#9895 = AXIS2_PLACEMENT_3D('',#9896,#9897,#9898);
#9896 = CARTESIAN_POINT('',(6.223501,-20.062,60.174688));
#9897 = DIRECTION('',(1.,-0.,2.22044604925E-16));
#9898 = DIRECTION('',(2.22044604925E-16,0.,-1.));
#9899 = PLANE('',#9900);
#9900 = AXIS2_PLACEMENT_3D('',#9901,#9902,#9903);
#9901 = CARTESIAN_POINT('',(6.223501,-20.062,60.174688));
#9902 = DIRECTION('',(1.,0.,2.22044604925E-16));
#9903 = DIRECTION('',(2.22044604925E-16,0.,-1.));
#9904 = ADVANCED_FACE('',(#9905,#9925),#9962,.F.);
#9905 = FACE_BOUND('',#9906,.F.);
#9906 = EDGE_LOOP('',(#9907,#9908,#9909,#9910,#9917,#9924));
#9907 = ORIENTED_EDGE('',*,*,#7543,.F.);
#9908 = ORIENTED_EDGE('',*,*,#9893,.T.);
#9909 = ORIENTED_EDGE('',*,*,#7592,.T.);
#9910 = ORIENTED_EDGE('',*,*,#9911,.T.);
#9911 = EDGE_CURVE('',#7544,#9912,#9914,.T.);
#9912 = VERTEX_POINT('',#9913);
#9913 = CARTESIAN_POINT('',(18.423501,-20.062,68.674688));
#9914 = B_SPLINE_CURVE_WITH_KNOTS('',1,(#9915,#9916),.UNSPECIFIED.,.F.,
  .F.,(2,2),(0.,1.),.PIECEWISE_BEZIER_KNOTS.);
#9915 = CARTESIAN_POINT('',(6.223501,-20.062,51.174688));
#9916 = CARTESIAN_POINT('',(18.423501,-20.062,68.674688));
#9917 = ORIENTED_EDGE('',*,*,#9918,.F.);
#9918 = EDGE_CURVE('',#9912,#9912,#9919,.T.);
#9919 = CIRCLE('',#9920,3.5);
#9920 = AXIS2_PLACEMENT_3D('',#9921,#9922,#9923);
#9921 = CARTESIAN_POINT('',(18.423501,-20.062,72.174688));
#9922 = DIRECTION('',(1.,-0.,2.22044604925E-16));
#9923 = DIRECTION('',(2.22044604925E-16,0.,-1.));
#9924 = ORIENTED_EDGE('',*,*,#9911,.F.);
#9925 = FACE_BOUND('',#9926,.F.);
#9926 = EDGE_LOOP('',(#9927,#9936,#9943));
#9927 = ORIENTED_EDGE('',*,*,#9928,.F.);
#9928 = EDGE_CURVE('',#9929,#9931,#9933,.T.);
#9929 = VERTEX_POINT('',#9930);
#9930 = CARTESIAN_POINT('',(18.247758376682,-20.062,75.581054588219));
#9931 = VERTEX_POINT('',#9932);
#9932 = CARTESIAN_POINT('',(18.223501,-20.03949275615,75.568060024926));
#9933 = B_SPLINE_CURVE_WITH_KNOTS('',1,(#9934,#9935),.UNSPECIFIED.,.F.,
  .F.,(2,2),(0.,1.),.PIECEWISE_BEZIER_KNOTS.);
#9934 = CARTESIAN_POINT('',(18.247758376682,-20.062,75.581054588219));
#9935 = CARTESIAN_POINT('',(18.223501,-20.03949275615,75.568060024926));
#9936 = ORIENTED_EDGE('',*,*,#9937,.F.);
#9937 = EDGE_CURVE('',#9938,#9929,#9940,.T.);
#9938 = VERTEX_POINT('',#9939);
#9939 = CARTESIAN_POINT('',(18.223501,-20.08450724384,75.568060024926));
#9940 = B_SPLINE_CURVE_WITH_KNOTS('',1,(#9941,#9942),.UNSPECIFIED.,.F.,
  .F.,(2,2),(0.,1.),.PIECEWISE_BEZIER_KNOTS.);
#9941 = CARTESIAN_POINT('',(18.223501,-20.08450724384,75.568060024926));
#9942 = CARTESIAN_POINT('',(18.247758376682,-20.062,75.581054588219));
#9943 = ORIENTED_EDGE('',*,*,#9944,.T.);
#9944 = EDGE_CURVE('',#9938,#9931,#9945,.T.);
#9945 = B_SPLINE_CURVE_WITH_KNOTS('',8,(#9946,#9947,#9948,#9949,#9950,
    #9951,#9952,#9953,#9954,#9955,#9956,#9957,#9958,#9959,#9960,#9961),
  .UNSPECIFIED.,.F.,.F.,(9,7,9),(0.,0.500000000001,1.),.UNSPECIFIED.);
#9946 = CARTESIAN_POINT('',(18.223501,-23.012,74.024128259688));
#9947 = CARTESIAN_POINT('',(18.223501,-22.76546732893,74.379560325985));
#9948 = CARTESIAN_POINT('',(18.223501,-22.46965373607,74.701533217423));
#9949 = CARTESIAN_POINT('',(18.223501,-22.13032507581,74.981237852042));
#9950 = CARTESIAN_POINT('',(18.223501,-21.75475728663,75.212180584495));
#9951 = CARTESIAN_POINT('',(18.223501,-21.35094466795,75.389158207449));
#9952 = CARTESIAN_POINT('',(18.223501,-20.92771888522,75.508567403163));
#9953 = CARTESIAN_POINT('',(18.223501,-20.49456250553,75.568130576144));
#9954 = CARTESIAN_POINT('',(18.223501,-19.62943749447,75.568130576144));
#9955 = CARTESIAN_POINT('',(18.223501,-19.19628111476,75.508567403162));
#9956 = CARTESIAN_POINT('',(18.223501,-18.77305533205,75.389158207454));
#9957 = CARTESIAN_POINT('',(18.223501,-18.36924271335,75.212180584487));
#9958 = CARTESIAN_POINT('',(18.223501,-17.99367492419,74.98123785205));
#9959 = CARTESIAN_POINT('',(18.223501,-17.65434626392,74.701533217419));
#9960 = CARTESIAN_POINT('',(18.223501,-17.35853267106,74.379560325986));
#9961 = CARTESIAN_POINT('',(18.223501,-17.112,74.024128259688));
#9962 = B_SPLINE_SURFACE_WITH_KNOTS('',14,1,(
    (#9963,#9964)
    ,(#9965,#9966)
    ,(#9967,#9968)
    ,(#9969,#9970)
    ,(#9971,#9972)
    ,(#9973,#9974)
    ,(#9975,#9976)
    ,(#9977,#9978)
    ,(#9979,#9980)
    ,(#9981,#9982)
    ,(#9983,#9984)
    ,(#9985,#9986)
    ,(#9987,#9988)
    ,(#9989,#9990)
    ,(#9991,#9992
    )),.UNSPECIFIED.,.T.,.F.,.F.,(15,15),(2,2),(0.,6.28318530718),(0.,1.
    ),.PIECEWISE_BEZIER_KNOTS.);
#9963 = CARTESIAN_POINT('',(6.223501,-20.062,51.174688));
#9964 = CARTESIAN_POINT('',(18.423501,-20.062,68.674688));
#9965 = CARTESIAN_POINT('',(6.223500999999,-16.02280944537,
    51.174687999998));
#9966 = CARTESIAN_POINT('',(18.423501,-18.4912036732,68.674687999999));
#9967 = CARTESIAN_POINT('',(6.223501000002,-11.98361739983,
    53.126917250805));
#9968 = CARTESIAN_POINT('',(18.423500999999,-16.92040676658,
    69.433892504502));
#9969 = CARTESIAN_POINT('',(6.223501,-8.966625880783,57.031378248097));
#9970 = CARTESIAN_POINT('',(18.423501000002,-15.747132287,
    70.952260081051));
#9971 = CARTESIAN_POINT('',(6.22350099999,-7.993921637701,
    62.304183532703));
#9972 = CARTESIAN_POINT('',(18.423500999997,-15.36885841458,
    73.002930388129));
#9973 = CARTESIAN_POINT('',(6.223501000032,-9.721208250661,
    67.777668943521));
#9974 = CARTESIAN_POINT('',(18.423501000003,-16.0405809865,
    75.131162270755));
#9975 = CARTESIAN_POINT('',(6.223500999938,-14.06903279298,
    71.956063315097));
#9976 = CARTESIAN_POINT('',(18.423500999999,-17.73140164152,
    76.756719823096));
#9977 = CARTESIAN_POINT('',(6.223501000084,-20.06199999945,
    73.529145418228));
#9978 = CARTESIAN_POINT('',(18.423500999999,-20.062,77.367637928671));
#9979 = CARTESIAN_POINT('',(6.223500999913,-26.054967208,71.956063315136
    ));
#9980 = CARTESIAN_POINT('',(18.423501000002,-22.39259835847,
    76.756719823089));
#9981 = CARTESIAN_POINT('',(6.22350100007,-30.40279174861,
    67.777668943461));
#9982 = CARTESIAN_POINT('',(18.423500999999,-24.08341901348,
    75.131162270767));
#9983 = CARTESIAN_POINT('',(6.223500999956,-32.13007836273,
    62.304183532758));
#9984 = CARTESIAN_POINT('',(18.423501,-24.75514158543,73.002930388118));
#9985 = CARTESIAN_POINT('',(6.223501000022,-31.15737411901,
    57.031378248063));
#9986 = CARTESIAN_POINT('',(18.423501,-24.37686771298,70.952260081058));
#9987 = CARTESIAN_POINT('',(6.223500999992,-28.14038260024,
    53.126917250819));
#9988 = CARTESIAN_POINT('',(18.423501,-23.20359323341,69.4338925045));
#9989 = CARTESIAN_POINT('',(6.223501000002,-24.1011905546,
    51.174687999994));
#9990 = CARTESIAN_POINT('',(18.423501,-21.63279632679,68.674687999999));
#9991 = CARTESIAN_POINT('',(6.223501,-20.062,51.174688));
#9992 = CARTESIAN_POINT('',(18.423501,-20.062,68.674688));
#9993 = ADVANCED_FACE('',(#9994),#10004,.T.);
#9994 = FACE_BOUND('',#9995,.T.);
#9995 = EDGE_LOOP('',(#9996,#9997));
#9996 = ORIENTED_EDGE('',*,*,#7692,.T.);
#9997 = ORIENTED_EDGE('',*,*,#9998,.T.);
#9998 = EDGE_CURVE('',#7695,#7693,#9999,.T.);
#9999 = CIRCLE('',#10000,9.);
#10000 = AXIS2_PLACEMENT_3D('',#10001,#10002,#10003);
#10001 = CARTESIAN_POINT('',(6.223501,21.938,60.174688));
#10002 = DIRECTION('',(1.,-0.,2.22044604925E-16));
#10003 = DIRECTION('',(2.22044604925E-16,0.,-1.));
#10004 = PLANE('',#10005);
#10005 = AXIS2_PLACEMENT_3D('',#10006,#10007,#10008);
#10006 = CARTESIAN_POINT('',(6.223501,21.938,60.174688));
#10007 = DIRECTION('',(1.,0.,2.22044604925E-16));
#10008 = DIRECTION('',(2.22044604925E-16,0.,-1.));
#10009 = ADVANCED_FACE('',(#10010,#10030),#10067,.F.);
#10010 = FACE_BOUND('',#10011,.F.);
#10011 = EDGE_LOOP('',(#10012,#10013,#10020,#10027,#10028,#10029));
#10012 = ORIENTED_EDGE('',*,*,#7751,.T.);
#10013 = ORIENTED_EDGE('',*,*,#10014,.T.);
#10014 = EDGE_CURVE('',#7703,#10015,#10017,.T.);
#10015 = VERTEX_POINT('',#10016);
#10016 = CARTESIAN_POINT('',(18.423501,21.938,68.674688));
#10017 = B_SPLINE_CURVE_WITH_KNOTS('',1,(#10018,#10019),.UNSPECIFIED.,
  .F.,.F.,(2,2),(0.,1.),.PIECEWISE_BEZIER_KNOTS.);
#10018 = CARTESIAN_POINT('',(6.223501,21.938,51.174688));
#10019 = CARTESIAN_POINT('',(18.423501,21.938,68.674688));
#10020 = ORIENTED_EDGE('',*,*,#10021,.F.);
#10021 = EDGE_CURVE('',#10015,#10015,#10022,.T.);
#10022 = CIRCLE('',#10023,3.5);
#10023 = AXIS2_PLACEMENT_3D('',#10024,#10025,#10026);
#10024 = CARTESIAN_POINT('',(18.423501,21.938,72.174688));
#10025 = DIRECTION('',(1.,-0.,2.22044604925E-16));
#10026 = DIRECTION('',(2.22044604925E-16,0.,-1.));
#10027 = ORIENTED_EDGE('',*,*,#10014,.F.);
#10028 = ORIENTED_EDGE('',*,*,#7702,.F.);
#10029 = ORIENTED_EDGE('',*,*,#9998,.T.);
#10030 = FACE_BOUND('',#10031,.F.);
#10031 = EDGE_LOOP('',(#10032,#10041,#10048));
#10032 = ORIENTED_EDGE('',*,*,#10033,.F.);
#10033 = EDGE_CURVE('',#10034,#10036,#10038,.T.);
#10034 = VERTEX_POINT('',#10035);
#10035 = CARTESIAN_POINT('',(18.247758376682,21.938,75.581054588219));
#10036 = VERTEX_POINT('',#10037);
#10037 = CARTESIAN_POINT('',(18.223501,21.960507243845,75.568060024926)
  );
#10038 = B_SPLINE_CURVE_WITH_KNOTS('',1,(#10039,#10040),.UNSPECIFIED.,
  .F.,.F.,(2,2),(0.,1.),.PIECEWISE_BEZIER_KNOTS.);
#10039 = CARTESIAN_POINT('',(18.247758376682,21.938,75.581054588219));
#10040 = CARTESIAN_POINT('',(18.223501,21.960507243845,75.568060024926)
  );
#10041 = ORIENTED_EDGE('',*,*,#10042,.F.);
#10042 = EDGE_CURVE('',#10043,#10034,#10045,.T.);
#10043 = VERTEX_POINT('',#10044);
#10044 = CARTESIAN_POINT('',(18.223501,21.915492756155,75.568060024926)
  );
#10045 = B_SPLINE_CURVE_WITH_KNOTS('',1,(#10046,#10047),.UNSPECIFIED.,
  .F.,.F.,(2,2),(0.,1.),.PIECEWISE_BEZIER_KNOTS.);
#10046 = CARTESIAN_POINT('',(18.223501,21.915492756155,75.568060024926)
  );
#10047 = CARTESIAN_POINT('',(18.247758376682,21.938,75.581054588219));
#10048 = ORIENTED_EDGE('',*,*,#10049,.T.);
#10049 = EDGE_CURVE('',#10043,#10036,#10050,.T.);
#10050 = B_SPLINE_CURVE_WITH_KNOTS('',8,(#10051,#10052,#10053,#10054,
    #10055,#10056,#10057,#10058,#10059,#10060,#10061,#10062,#10063,
    #10064,#10065,#10066),.UNSPECIFIED.,.F.,.F.,(9,7,9),(0.,
    0.499999999999,1.),.UNSPECIFIED.);
#10051 = CARTESIAN_POINT('',(18.223501,18.988,74.024128259688));
#10052 = CARTESIAN_POINT('',(18.223501,19.234532671064,74.379560325985)
  );
#10053 = CARTESIAN_POINT('',(18.223501,19.530346263924,74.701533217422)
  );
#10054 = CARTESIAN_POINT('',(18.223501,19.869674924184,74.981237852044)
  );
#10055 = CARTESIAN_POINT('',(18.223501,20.245242713366,75.212180584493)
  );
#10056 = CARTESIAN_POINT('',(18.223501,20.649055332041,75.38915820745));
#10057 = CARTESIAN_POINT('',(18.223501,21.072281114774,75.508567403162)
  );
#10058 = CARTESIAN_POINT('',(18.223501,21.505437494469,75.568130576144)
  );
#10059 = CARTESIAN_POINT('',(18.223501,22.370562505532,75.568130576144)
  );
#10060 = CARTESIAN_POINT('',(18.223501,22.803718885218,75.508567403164)
  );
#10061 = CARTESIAN_POINT('',(18.223501,23.226944667975,75.389158207444)
  );
#10062 = CARTESIAN_POINT('',(18.223501,23.630757286614,75.212180584504)
  );
#10063 = CARTESIAN_POINT('',(18.223501,24.006325075829,74.981237852034)
  );
#10064 = CARTESIAN_POINT('',(18.223501,24.34565373607,74.701533217428));
#10065 = CARTESIAN_POINT('',(18.223501,24.641467328937,74.379560325983)
  );
#10066 = CARTESIAN_POINT('',(18.223501,24.888,74.024128259688));
#10067 = B_SPLINE_SURFACE_WITH_KNOTS('',14,1,(
    (#10068,#10069)
    ,(#10070,#10071)
    ,(#10072,#10073)
    ,(#10074,#10075)
    ,(#10076,#10077)
    ,(#10078,#10079)
    ,(#10080,#10081)
    ,(#10082,#10083)
    ,(#10084,#10085)
    ,(#10086,#10087)
    ,(#10088,#10089)
    ,(#10090,#10091)
    ,(#10092,#10093)
    ,(#10094,#10095)
    ,(#10096,#10097
    )),.UNSPECIFIED.,.T.,.F.,.F.,(15,15),(2,2),(0.,6.28318530718),(0.,1.
    ),.PIECEWISE_BEZIER_KNOTS.);
#10068 = CARTESIAN_POINT('',(6.223501,21.938,51.174688));
#10069 = CARTESIAN_POINT('',(18.423501,21.938,68.674688));
#10070 = CARTESIAN_POINT('',(6.223500999999,25.977190554619,
    51.174687999998));
#10071 = CARTESIAN_POINT('',(18.423501,23.50879632679,68.674687999999));
#10072 = CARTESIAN_POINT('',(6.223501000002,30.016382600187,
    53.126917250805));
#10073 = CARTESIAN_POINT('',(18.423500999999,25.07959323343,
    69.433892504502));
#10074 = CARTESIAN_POINT('',(6.223501,33.033374119154,57.031378248097));
#10075 = CARTESIAN_POINT('',(18.423501000002,26.252867712949,
    70.952260081051));
#10076 = CARTESIAN_POINT('',(6.22350099999,34.006078362461,
    62.304183532703));
#10077 = CARTESIAN_POINT('',(18.423500999997,26.631141585485,
    73.002930388129));
#10078 = CARTESIAN_POINT('',(6.223501000032,32.278791749017,
    67.777668943521));
#10079 = CARTESIAN_POINT('',(18.423501000003,25.959419013424,
    75.131162270755));
#10080 = CARTESIAN_POINT('',(6.223500999938,27.930967207518,
    71.956063315097));
#10081 = CARTESIAN_POINT('',(18.423500999999,24.268598358516,
    76.756719823096));
#10082 = CARTESIAN_POINT('',(6.223501000084,21.93799999993,
    73.529145418228));
#10083 = CARTESIAN_POINT('',(18.423500999999,21.938000000007,
    77.367637928671));
#10084 = CARTESIAN_POINT('',(6.223500999913,15.945032792601,
    71.956063315136));
#10085 = CARTESIAN_POINT('',(18.423501000002,19.607401641479,
    76.756719823089));
#10086 = CARTESIAN_POINT('',(6.22350100007,11.597208250913,
    67.777668943461));
#10087 = CARTESIAN_POINT('',(18.423500999999,17.916580986567,
    75.131162270767));
#10088 = CARTESIAN_POINT('',(6.223500999956,9.869921637566,
    62.304183532758));
#10089 = CARTESIAN_POINT('',(18.423501,17.244858414531,73.002930388118)
  );
#10090 = CARTESIAN_POINT('',(6.223501000022,10.842625880841,
    57.031378248063));
#10091 = CARTESIAN_POINT('',(18.423501,17.623132287038,70.952260081058)
  );
#10092 = CARTESIAN_POINT('',(6.223500999992,13.859617399812,
    53.126917250819));
#10093 = CARTESIAN_POINT('',(18.423501,18.796406766576,69.4338925045));
#10094 = CARTESIAN_POINT('',(6.223501000002,17.898809445382,
    51.174687999994));
#10095 = CARTESIAN_POINT('',(18.423501,20.367203673208,68.674687999999)
  );
#10096 = CARTESIAN_POINT('',(6.223501,21.938,51.174688));
#10097 = CARTESIAN_POINT('',(18.423501,21.938,68.674688));
#10098 = ADVANCED_FACE('',(#10099),#10115,.T.);
#10099 = FACE_BOUND('',#10100,.T.);
#10100 = EDGE_LOOP('',(#10101,#10102,#10108,#10109));
#10101 = ORIENTED_EDGE('',*,*,#7884,.F.);
#10102 = ORIENTED_EDGE('',*,*,#10103,.T.);
#10103 = EDGE_CURVE('',#7885,#9499,#10104,.T.);
#10104 = LINE('',#10105,#10106);
#10105 = CARTESIAN_POINT('',(18.223501,-20.062,7.893633411781));
#10106 = VECTOR('',#10107,1.);
#10107 = DIRECTION('',(1.,0.,2.22044604925E-16));
#10108 = ORIENTED_EDGE('',*,*,#9498,.T.);
#10109 = ORIENTED_EDGE('',*,*,#10110,.F.);
#10110 = EDGE_CURVE('',#7887,#9501,#10111,.T.);
#10111 = LINE('',#10112,#10113);
#10112 = CARTESIAN_POINT('',(18.223501,-17.112,9.596816705891));
#10113 = VECTOR('',#10114,1.);
#10114 = DIRECTION('',(1.,0.,2.22044604925E-16));
#10115 = PLANE('',#10116);
#10116 = AXIS2_PLACEMENT_3D('',#10117,#10118,#10119);
#10117 = CARTESIAN_POINT('',(18.223501,-20.062,7.893633411781));
#10118 = DIRECTION('',(-1.922962686384E-16,-0.5,0.866025403784));
#10119 = DIRECTION('',(-1.110223024625E-16,0.866025403784,0.5));
#10120 = ADVANCED_FACE('',(#10121),#10132,.T.);
#10121 = FACE_BOUND('',#10122,.T.);
#10122 = EDGE_LOOP('',(#10123,#10124,#10125,#10126));
#10123 = ORIENTED_EDGE('',*,*,#7926,.F.);
#10124 = ORIENTED_EDGE('',*,*,#10110,.T.);
#10125 = ORIENTED_EDGE('',*,*,#9508,.T.);
#10126 = ORIENTED_EDGE('',*,*,#10127,.F.);
#10127 = EDGE_CURVE('',#7919,#9509,#10128,.T.);
#10128 = LINE('',#10129,#10130);
#10129 = CARTESIAN_POINT('',(18.223501,-17.112,13.003183294109));
#10130 = VECTOR('',#10131,1.);
#10131 = DIRECTION('',(1.,0.,2.22044604925E-16));
#10132 = PLANE('',#10133);
#10133 = AXIS2_PLACEMENT_3D('',#10134,#10135,#10136);
#10134 = CARTESIAN_POINT('',(18.223501,-17.112,9.596816705891));
#10135 = DIRECTION('',(0.,-1.,0.));
#10136 = DIRECTION('',(-2.22044604925E-16,0.,1.));
#10137 = ADVANCED_FACE('',(#10138),#10149,.T.);
#10138 = FACE_BOUND('',#10139,.T.);
#10139 = EDGE_LOOP('',(#10140,#10141,#10142,#10143));
#10140 = ORIENTED_EDGE('',*,*,#7918,.F.);
#10141 = ORIENTED_EDGE('',*,*,#10127,.T.);
#10142 = ORIENTED_EDGE('',*,*,#9516,.T.);
#10143 = ORIENTED_EDGE('',*,*,#10144,.F.);
#10144 = EDGE_CURVE('',#7911,#9517,#10145,.T.);
#10145 = LINE('',#10146,#10147);
#10146 = CARTESIAN_POINT('',(18.223501,-20.062,14.706366588219));
#10147 = VECTOR('',#10148,1.);
#10148 = DIRECTION('',(1.,0.,2.22044604925E-16));
#10149 = PLANE('',#10150);
#10150 = AXIS2_PLACEMENT_3D('',#10151,#10152,#10153);
#10151 = CARTESIAN_POINT('',(18.223501,-17.112,13.003183294109));
#10152 = DIRECTION('',(1.922962686384E-16,-0.5,-0.866025403784));
#10153 = DIRECTION('',(-1.110223024625E-16,-0.866025403784,0.5));
#10154 = ADVANCED_FACE('',(#10155),#10166,.T.);
#10155 = FACE_BOUND('',#10156,.T.);
#10156 = EDGE_LOOP('',(#10157,#10158,#10159,#10160));
#10157 = ORIENTED_EDGE('',*,*,#7910,.F.);
#10158 = ORIENTED_EDGE('',*,*,#10144,.T.);
#10159 = ORIENTED_EDGE('',*,*,#9524,.T.);
#10160 = ORIENTED_EDGE('',*,*,#10161,.F.);
#10161 = EDGE_CURVE('',#7903,#9525,#10162,.T.);
#10162 = LINE('',#10163,#10164);
#10163 = CARTESIAN_POINT('',(18.223501,-23.012,13.003183294109));
#10164 = VECTOR('',#10165,1.);
#10165 = DIRECTION('',(1.,0.,2.22044604925E-16));
#10166 = PLANE('',#10167);
#10167 = AXIS2_PLACEMENT_3D('',#10168,#10169,#10170);
#10168 = CARTESIAN_POINT('',(18.223501,-20.062,14.706366588219));
#10169 = DIRECTION('',(1.922962686384E-16,0.5,-0.866025403784));
#10170 = DIRECTION('',(1.110223024625E-16,-0.866025403784,-0.5));
#10171 = ADVANCED_FACE('',(#10172),#10183,.T.);
#10172 = FACE_BOUND('',#10173,.T.);
#10173 = EDGE_LOOP('',(#10174,#10175,#10176,#10177));
#10174 = ORIENTED_EDGE('',*,*,#7902,.F.);
#10175 = ORIENTED_EDGE('',*,*,#10161,.T.);
#10176 = ORIENTED_EDGE('',*,*,#9532,.T.);
#10177 = ORIENTED_EDGE('',*,*,#10178,.F.);
#10178 = EDGE_CURVE('',#7895,#9533,#10179,.T.);
#10179 = LINE('',#10180,#10181);
#10180 = CARTESIAN_POINT('',(18.223501,-23.012,9.596816705891));
#10181 = VECTOR('',#10182,1.);
#10182 = DIRECTION('',(1.,0.,2.22044604925E-16));
#10183 = PLANE('',#10184);
#10184 = AXIS2_PLACEMENT_3D('',#10185,#10186,#10187);
#10185 = CARTESIAN_POINT('',(18.223501,-23.012,13.003183294109));
#10186 = DIRECTION('',(0.,1.,0.));
#10187 = DIRECTION('',(2.22044604925E-16,0.,-1.));
#10188 = ADVANCED_FACE('',(#10189),#10195,.T.);
#10189 = FACE_BOUND('',#10190,.T.);
#10190 = EDGE_LOOP('',(#10191,#10192,#10193,#10194));
#10191 = ORIENTED_EDGE('',*,*,#7894,.F.);
#10192 = ORIENTED_EDGE('',*,*,#10178,.T.);
#10193 = ORIENTED_EDGE('',*,*,#9540,.T.);
#10194 = ORIENTED_EDGE('',*,*,#10103,.F.);
#10195 = PLANE('',#10196);
#10196 = AXIS2_PLACEMENT_3D('',#10197,#10198,#10199);
#10197 = CARTESIAN_POINT('',(18.223501,-23.012,9.596816705891));
#10198 = DIRECTION('',(-1.922962686384E-16,0.5,0.866025403784));
#10199 = DIRECTION('',(1.110223024625E-16,0.866025403784,-0.5));
#10200 = ADVANCED_FACE('',(#10201),#10217,.T.);
#10201 = FACE_BOUND('',#10202,.T.);
#10202 = EDGE_LOOP('',(#10203,#10204,#10210,#10211));
#10203 = ORIENTED_EDGE('',*,*,#7943,.F.);
#10204 = ORIENTED_EDGE('',*,*,#10205,.T.);
#10205 = EDGE_CURVE('',#7944,#9558,#10206,.T.);
#10206 = LINE('',#10207,#10208);
#10207 = CARTESIAN_POINT('',(18.223501,21.938,7.893633411781));
#10208 = VECTOR('',#10209,1.);
#10209 = DIRECTION('',(1.,0.,2.22044604925E-16));
#10210 = ORIENTED_EDGE('',*,*,#9557,.T.);
#10211 = ORIENTED_EDGE('',*,*,#10212,.F.);
#10212 = EDGE_CURVE('',#7946,#9560,#10213,.T.);
#10213 = LINE('',#10214,#10215);
#10214 = CARTESIAN_POINT('',(18.223501,24.888,9.596816705891));
#10215 = VECTOR('',#10216,1.);
#10216 = DIRECTION('',(1.,0.,2.22044604925E-16));
#10217 = PLANE('',#10218);
#10218 = AXIS2_PLACEMENT_3D('',#10219,#10220,#10221);
#10219 = CARTESIAN_POINT('',(18.223501,21.938,7.893633411781));
#10220 = DIRECTION('',(-1.922962686384E-16,-0.5,0.866025403784));
#10221 = DIRECTION('',(-1.110223024625E-16,0.866025403784,0.5));
#10222 = ADVANCED_FACE('',(#10223),#10234,.T.);
#10223 = FACE_BOUND('',#10224,.T.);
#10224 = EDGE_LOOP('',(#10225,#10226,#10227,#10228));
#10225 = ORIENTED_EDGE('',*,*,#7985,.F.);
#10226 = ORIENTED_EDGE('',*,*,#10212,.T.);
#10227 = ORIENTED_EDGE('',*,*,#9567,.T.);
#10228 = ORIENTED_EDGE('',*,*,#10229,.F.);
#10229 = EDGE_CURVE('',#7978,#9568,#10230,.T.);
#10230 = LINE('',#10231,#10232);
#10231 = CARTESIAN_POINT('',(18.223501,24.888,13.003183294109));
#10232 = VECTOR('',#10233,1.);
#10233 = DIRECTION('',(1.,0.,2.22044604925E-16));
#10234 = PLANE('',#10235);
#10235 = AXIS2_PLACEMENT_3D('',#10236,#10237,#10238);
#10236 = CARTESIAN_POINT('',(18.223501,24.888,9.596816705891));
#10237 = DIRECTION('',(0.,-1.,0.));
#10238 = DIRECTION('',(-2.22044604925E-16,0.,1.));
#10239 = ADVANCED_FACE('',(#10240),#10251,.T.);
#10240 = FACE_BOUND('',#10241,.T.);
#10241 = EDGE_LOOP('',(#10242,#10243,#10244,#10245));
#10242 = ORIENTED_EDGE('',*,*,#7977,.F.);
#10243 = ORIENTED_EDGE('',*,*,#10229,.T.);
#10244 = ORIENTED_EDGE('',*,*,#9575,.T.);
#10245 = ORIENTED_EDGE('',*,*,#10246,.F.);
#10246 = EDGE_CURVE('',#7970,#9576,#10247,.T.);
#10247 = LINE('',#10248,#10249);
#10248 = CARTESIAN_POINT('',(18.223501,21.938,14.706366588219));
#10249 = VECTOR('',#10250,1.);
#10250 = DIRECTION('',(1.,0.,2.22044604925E-16));
#10251 = PLANE('',#10252);
#10252 = AXIS2_PLACEMENT_3D('',#10253,#10254,#10255);
#10253 = CARTESIAN_POINT('',(18.223501,24.888,13.003183294109));
#10254 = DIRECTION('',(1.922962686384E-16,-0.5,-0.866025403784));
#10255 = DIRECTION('',(-1.110223024625E-16,-0.866025403784,0.5));
#10256 = ADVANCED_FACE('',(#10257),#10268,.T.);
#10257 = FACE_BOUND('',#10258,.T.);
#10258 = EDGE_LOOP('',(#10259,#10260,#10261,#10262));
#10259 = ORIENTED_EDGE('',*,*,#7969,.F.);
#10260 = ORIENTED_EDGE('',*,*,#10246,.T.);
#10261 = ORIENTED_EDGE('',*,*,#9583,.T.);
#10262 = ORIENTED_EDGE('',*,*,#10263,.F.);
#10263 = EDGE_CURVE('',#7962,#9584,#10264,.T.);
#10264 = LINE('',#10265,#10266);
#10265 = CARTESIAN_POINT('',(18.223501,18.988,13.003183294109));
#10266 = VECTOR('',#10267,1.);
#10267 = DIRECTION('',(1.,0.,2.22044604925E-16));
#10268 = PLANE('',#10269);
#10269 = AXIS2_PLACEMENT_3D('',#10270,#10271,#10272);
#10270 = CARTESIAN_POINT('',(18.223501,21.938,14.706366588219));
#10271 = DIRECTION('',(1.922962686384E-16,0.5,-0.866025403784));
#10272 = DIRECTION('',(1.110223024625E-16,-0.866025403784,-0.5));
#10273 = ADVANCED_FACE('',(#10274),#10285,.T.);
#10274 = FACE_BOUND('',#10275,.T.);
#10275 = EDGE_LOOP('',(#10276,#10277,#10278,#10279));
#10276 = ORIENTED_EDGE('',*,*,#7961,.F.);
#10277 = ORIENTED_EDGE('',*,*,#10263,.T.);
#10278 = ORIENTED_EDGE('',*,*,#9591,.T.);
#10279 = ORIENTED_EDGE('',*,*,#10280,.F.);
#10280 = EDGE_CURVE('',#7954,#9592,#10281,.T.);
#10281 = LINE('',#10282,#10283);
#10282 = CARTESIAN_POINT('',(18.223501,18.988,9.596816705891));
#10283 = VECTOR('',#10284,1.);
#10284 = DIRECTION('',(1.,0.,2.22044604925E-16));
#10285 = PLANE('',#10286);
#10286 = AXIS2_PLACEMENT_3D('',#10287,#10288,#10289);
#10287 = CARTESIAN_POINT('',(18.223501,18.988,13.003183294109));
#10288 = DIRECTION('',(0.,1.,0.));
#10289 = DIRECTION('',(2.22044604925E-16,0.,-1.));
#10290 = ADVANCED_FACE('',(#10291),#10297,.T.);
#10291 = FACE_BOUND('',#10292,.T.);
#10292 = EDGE_LOOP('',(#10293,#10294,#10295,#10296));
#10293 = ORIENTED_EDGE('',*,*,#7953,.F.);
#10294 = ORIENTED_EDGE('',*,*,#10280,.T.);
#10295 = ORIENTED_EDGE('',*,*,#9599,.T.);
#10296 = ORIENTED_EDGE('',*,*,#10205,.F.);
#10297 = PLANE('',#10298);
#10298 = AXIS2_PLACEMENT_3D('',#10299,#10300,#10301);
#10299 = CARTESIAN_POINT('',(18.223501,18.988,9.596816705891));
#10300 = DIRECTION('',(-1.922962686384E-16,0.5,0.866025403784));
#10301 = DIRECTION('',(1.110223024625E-16,0.866025403784,-0.5));
#10302 = ADVANCED_FACE('',(#10303),#10322,.F.);
#10303 = FACE_BOUND('',#10304,.F.);
#10304 = EDGE_LOOP('',(#10305,#10314,#10320,#10321));
#10305 = ORIENTED_EDGE('',*,*,#10306,.T.);
#10306 = EDGE_CURVE('',#10307,#10307,#10309,.T.);
#10307 = VERTEX_POINT('',#10308);
#10308 = CARTESIAN_POINT('',(21.123501,21.938,70.474688));
#10309 = CIRCLE('',#10310,1.7);
#10310 = AXIS2_PLACEMENT_3D('',#10311,#10312,#10313);
#10311 = CARTESIAN_POINT('',(21.123501,21.938,72.174688));
#10312 = DIRECTION('',(1.,-0.,2.22044604925E-16));
#10313 = DIRECTION('',(2.22044604925E-16,0.,-1.));
#10314 = ORIENTED_EDGE('',*,*,#10315,.T.);
#10315 = EDGE_CURVE('',#10307,#8593,#10316,.T.);
#10316 = LINE('',#10317,#10318);
#10317 = CARTESIAN_POINT('',(17.823501,21.938,70.474688));
#10318 = VECTOR('',#10319,1.);
#10319 = DIRECTION('',(1.,0.,2.22044604925E-16));
#10320 = ORIENTED_EDGE('',*,*,#8592,.F.);
#10321 = ORIENTED_EDGE('',*,*,#10315,.F.);
#10322 = CYLINDRICAL_SURFACE('',#10323,1.7);
#10323 = AXIS2_PLACEMENT_3D('',#10324,#10325,#10326);
#10324 = CARTESIAN_POINT('',(17.823501,21.938,72.174688));
#10325 = DIRECTION('',(1.,0.,2.22044604925E-16));
#10326 = DIRECTION('',(2.22044604925E-16,0.,-1.));
#10327 = ADVANCED_FACE('',(#10328,#10332),#10343,.T.);
#10328 = FACE_BOUND('',#10329,.T.);
#10329 = EDGE_LOOP('',(#10330,#10331));
#10330 = ORIENTED_EDGE('',*,*,#8847,.T.);
#10331 = ORIENTED_EDGE('',*,*,#8674,.T.);
#10332 = FACE_BOUND('',#10333,.T.);
#10333 = EDGE_LOOP('',(#10334));
#10334 = ORIENTED_EDGE('',*,*,#10335,.F.);
#10335 = EDGE_CURVE('',#10336,#10336,#10338,.T.);
#10336 = VERTEX_POINT('',#10337);
#10337 = CARTESIAN_POINT('',(24.823501,-20.062,70.474688));
#10338 = CIRCLE('',#10339,1.7);
#10339 = AXIS2_PLACEMENT_3D('',#10340,#10341,#10342);
#10340 = CARTESIAN_POINT('',(24.823501,-20.062,72.174688));
#10341 = DIRECTION('',(1.,-0.,2.22044604925E-16));
#10342 = DIRECTION('',(2.22044604925E-16,0.,-1.));
#10343 = PLANE('',#10344);
#10344 = AXIS2_PLACEMENT_3D('',#10345,#10346,#10347);
#10345 = CARTESIAN_POINT('',(24.823501,-20.062,72.174688));
#10346 = DIRECTION('',(1.,0.,2.22044604925E-16));
#10347 = DIRECTION('',(2.22044604925E-16,0.,-1.));
#10348 = ADVANCED_FACE('',(#10349),#10360,.T.);
#10349 = FACE_BOUND('',#10350,.T.);
#10350 = EDGE_LOOP('',(#10351,#10352,#10353,#10359));
#10351 = ORIENTED_EDGE('',*,*,#8865,.F.);
#10352 = ORIENTED_EDGE('',*,*,#8890,.T.);
#10353 = ORIENTED_EDGE('',*,*,#10354,.T.);
#10354 = EDGE_CURVE('',#8891,#8939,#10355,.T.);
#10355 = LINE('',#10356,#10357);
#10356 = CARTESIAN_POINT('',(22.237344,-25.487358,63.174688));
#10357 = VECTOR('',#10358,1.);
#10358 = DIRECTION('',(0.,1.,0.));
#10359 = ORIENTED_EDGE('',*,*,#8938,.F.);
#10360 = PLANE('',#10361);
#10361 = AXIS2_PLACEMENT_3D('',#10362,#10363,#10364);
#10362 = CARTESIAN_POINT('',(22.237344,-25.487358,69.274688));
#10363 = DIRECTION('',(1.,0.,2.22044604925E-16));
#10364 = DIRECTION('',(2.22044604925E-16,0.,-1.));
#10365 = ADVANCED_FACE('',(#10366),#10372,.T.);
#10366 = FACE_BOUND('',#10367,.T.);
#10367 = EDGE_LOOP('',(#10368,#10369,#10370,#10371));
#10368 = ORIENTED_EDGE('',*,*,#8898,.F.);
#10369 = ORIENTED_EDGE('',*,*,#8914,.T.);
#10370 = ORIENTED_EDGE('',*,*,#8946,.T.);
#10371 = ORIENTED_EDGE('',*,*,#10354,.F.);
#10372 = PLANE('',#10373);
#10373 = AXIS2_PLACEMENT_3D('',#10374,#10375,#10376);
#10374 = CARTESIAN_POINT('',(20.237344,-25.487358,63.174688));
#10375 = DIRECTION('',(2.22044604925E-16,0.,-1.));
#10376 = DIRECTION('',(1.,0.,2.22044604925E-16));
#10377 = ADVANCED_FACE('',(#10378),#10389,.T.);
#10378 = FACE_BOUND('',#10379,.T.);
#10379 = EDGE_LOOP('',(#10380,#10381,#10382,#10388));
#10380 = ORIENTED_EDGE('',*,*,#8961,.F.);
#10381 = ORIENTED_EDGE('',*,*,#8986,.T.);
#10382 = ORIENTED_EDGE('',*,*,#10383,.T.);
#10383 = EDGE_CURVE('',#8987,#9035,#10384,.T.);
#10384 = LINE('',#10385,#10386);
#10385 = CARTESIAN_POINT('',(22.237344,21.8,63.174688));
#10386 = VECTOR('',#10387,1.);
#10387 = DIRECTION('',(0.,1.,0.));
#10388 = ORIENTED_EDGE('',*,*,#9034,.F.);
#10389 = PLANE('',#10390);
#10390 = AXIS2_PLACEMENT_3D('',#10391,#10392,#10393);
#10391 = CARTESIAN_POINT('',(22.237344,21.8,69.274688));
#10392 = DIRECTION('',(1.,0.,2.22044604925E-16));
#10393 = DIRECTION('',(2.22044604925E-16,0.,-1.));
#10394 = ADVANCED_FACE('',(#10395),#10401,.T.);
#10395 = FACE_BOUND('',#10396,.T.);
#10396 = EDGE_LOOP('',(#10397,#10398,#10399,#10400));
#10397 = ORIENTED_EDGE('',*,*,#8994,.F.);
#10398 = ORIENTED_EDGE('',*,*,#9010,.T.);
#10399 = ORIENTED_EDGE('',*,*,#9042,.T.);
#10400 = ORIENTED_EDGE('',*,*,#10383,.F.);
#10401 = PLANE('',#10402);
#10402 = AXIS2_PLACEMENT_3D('',#10403,#10404,#10405);
#10403 = CARTESIAN_POINT('',(20.237344,21.8,63.174688));
#10404 = DIRECTION('',(2.22044604925E-16,0.,-1.));
#10405 = DIRECTION('',(1.,0.,2.22044604925E-16));
#10406 = ADVANCED_FACE('',(#10407),#10418,.T.);
#10407 = FACE_BOUND('',#10408,.T.);
#10408 = EDGE_LOOP('',(#10409,#10410,#10411,#10412));
#10409 = ORIENTED_EDGE('',*,*,#9138,.F.);
#10410 = ORIENTED_EDGE('',*,*,#9056,.F.);
#10411 = ORIENTED_EDGE('',*,*,#9090,.T.);
#10412 = ORIENTED_EDGE('',*,*,#10413,.F.);
#10413 = EDGE_CURVE('',#9131,#9083,#10414,.T.);
#10414 = LINE('',#10415,#10416);
#10415 = CARTESIAN_POINT('',(22.237344,-27.687358,27.935344));
#10416 = VECTOR('',#10417,1.);
#10417 = DIRECTION('',(2.22044604925E-16,0.,-1.));
#10418 = PLANE('',#10419);
#10419 = AXIS2_PLACEMENT_3D('',#10420,#10421,#10422);
#10420 = CARTESIAN_POINT('',(22.237344,-32.387358,27.935344));
#10421 = DIRECTION('',(1.,0.,2.22044604925E-16));
#10422 = DIRECTION('',(2.22044604925E-16,0.,-1.));
#10423 = ADVANCED_FACE('',(#10424),#10430,.T.);
#10424 = FACE_BOUND('',#10425,.T.);
#10425 = EDGE_LOOP('',(#10426,#10427,#10428,#10429));
#10426 = ORIENTED_EDGE('',*,*,#9114,.F.);
#10427 = ORIENTED_EDGE('',*,*,#9130,.T.);
#10428 = ORIENTED_EDGE('',*,*,#10413,.T.);
#10429 = ORIENTED_EDGE('',*,*,#9082,.F.);
#10430 = PLANE('',#10431);
#10431 = AXIS2_PLACEMENT_3D('',#10432,#10433,#10434);
#10432 = CARTESIAN_POINT('',(20.237344,-27.687358,27.935344));
#10433 = DIRECTION('',(0.,1.,0.));
#10434 = DIRECTION('',(1.,0.,2.22044604925E-16));
#10435 = ADVANCED_FACE('',(#10436),#10447,.T.);
#10436 = FACE_BOUND('',#10437,.T.);
#10437 = EDGE_LOOP('',(#10438,#10439,#10440,#10441));
#10438 = ORIENTED_EDGE('',*,*,#9234,.F.);
#10439 = ORIENTED_EDGE('',*,*,#9152,.F.);
#10440 = ORIENTED_EDGE('',*,*,#9186,.T.);
#10441 = ORIENTED_EDGE('',*,*,#10442,.F.);
#10442 = EDGE_CURVE('',#9227,#9179,#10443,.T.);
#10443 = LINE('',#10444,#10445);
#10444 = CARTESIAN_POINT('',(22.237344,-27.687358,34.962344));
#10445 = VECTOR('',#10446,1.);
#10446 = DIRECTION('',(2.22044604925E-16,0.,-1.));
#10447 = PLANE('',#10448);
#10448 = AXIS2_PLACEMENT_3D('',#10449,#10450,#10451);
#10449 = CARTESIAN_POINT('',(22.237344,-32.387358,34.962344));
#10450 = DIRECTION('',(1.,0.,2.22044604925E-16));
#10451 = DIRECTION('',(2.22044604925E-16,0.,-1.));
#10452 = ADVANCED_FACE('',(#10453),#10459,.T.);
#10453 = FACE_BOUND('',#10454,.T.);
#10454 = EDGE_LOOP('',(#10455,#10456,#10457,#10458));
#10455 = ORIENTED_EDGE('',*,*,#9210,.F.);
#10456 = ORIENTED_EDGE('',*,*,#9226,.T.);
#10457 = ORIENTED_EDGE('',*,*,#10442,.T.);
#10458 = ORIENTED_EDGE('',*,*,#9178,.F.);
#10459 = PLANE('',#10460);
#10460 = AXIS2_PLACEMENT_3D('',#10461,#10462,#10463);
#10461 = CARTESIAN_POINT('',(20.237344,-27.687358,34.962344));
#10462 = DIRECTION('',(0.,1.,0.));
#10463 = DIRECTION('',(1.,0.,2.22044604925E-16));
#10464 = ADVANCED_FACE('',(#10465),#10476,.T.);
#10465 = FACE_BOUND('',#10466,.T.);
#10466 = EDGE_LOOP('',(#10467,#10468,#10469,#10470));
#10467 = ORIENTED_EDGE('',*,*,#9330,.F.);
#10468 = ORIENTED_EDGE('',*,*,#9248,.F.);
#10469 = ORIENTED_EDGE('',*,*,#9282,.T.);
#10470 = ORIENTED_EDGE('',*,*,#10471,.F.);
#10471 = EDGE_CURVE('',#9323,#9275,#10472,.T.);
#10472 = LINE('',#10473,#10474);
#10473 = CARTESIAN_POINT('',(22.237344,-27.687358,60.974688));
#10474 = VECTOR('',#10475,1.);
#10475 = DIRECTION('',(2.22044604925E-16,0.,-1.));
#10476 = PLANE('',#10477);
#10477 = AXIS2_PLACEMENT_3D('',#10478,#10479,#10480);
#10478 = CARTESIAN_POINT('',(22.237344,-32.387358,60.974688));
#10479 = DIRECTION('',(1.,0.,2.22044604925E-16));
#10480 = DIRECTION('',(2.22044604925E-16,0.,-1.));
#10481 = ADVANCED_FACE('',(#10482),#10488,.T.);
#10482 = FACE_BOUND('',#10483,.T.);
#10483 = EDGE_LOOP('',(#10484,#10485,#10486,#10487));
#10484 = ORIENTED_EDGE('',*,*,#9306,.F.);
#10485 = ORIENTED_EDGE('',*,*,#9322,.T.);
#10486 = ORIENTED_EDGE('',*,*,#10471,.T.);
#10487 = ORIENTED_EDGE('',*,*,#9274,.F.);
#10488 = PLANE('',#10489);
#10489 = AXIS2_PLACEMENT_3D('',#10490,#10491,#10492);
#10490 = CARTESIAN_POINT('',(20.237344,-27.687358,60.974688));
#10491 = DIRECTION('',(0.,1.,0.));
#10492 = DIRECTION('',(1.,0.,2.22044604925E-16));
#10493 = ADVANCED_FACE('',(#10494),#10512,.T.);
#10494 = FACE_BOUND('',#10495,.T.);
#10495 = EDGE_LOOP('',(#10496,#10504,#10505,#10506));
#10496 = ORIENTED_EDGE('',*,*,#10497,.F.);
#10497 = EDGE_CURVE('',#9377,#10498,#10500,.T.);
#10498 = VERTEX_POINT('',#10499);
#10499 = CARTESIAN_POINT('',(22.237344,-14.161016,20.3));
#10500 = LINE('',#10501,#10502);
#10501 = CARTESIAN_POINT('',(22.237344,-25.487358,20.3));
#10502 = VECTOR('',#10503,1.);
#10503 = DIRECTION('',(0.,1.,0.));
#10504 = ORIENTED_EDGE('',*,*,#9384,.T.);
#10505 = ORIENTED_EDGE('',*,*,#9346,.T.);
#10506 = ORIENTED_EDGE('',*,*,#10507,.T.);
#10507 = EDGE_CURVE('',#9347,#10498,#10508,.T.);
#10508 = LINE('',#10509,#10510);
#10509 = CARTESIAN_POINT('',(22.237344,-14.161016,26.775406));
#10510 = VECTOR('',#10511,1.);
#10511 = DIRECTION('',(-2.22044604925E-16,0.,1.));
#10512 = PLANE('',#10513);
#10513 = AXIS2_PLACEMENT_3D('',#10514,#10515,#10516);
#10514 = CARTESIAN_POINT('',(22.237344,-25.487358,20.3));
#10515 = DIRECTION('',(1.,0.,2.22044604925E-16));
#10516 = DIRECTION('',(2.22044604925E-16,0.,-1.));
#10517 = ADVANCED_FACE('',(#10518),#10529,.F.);
#10518 = FACE_BOUND('',#10519,.F.);
#10519 = EDGE_LOOP('',(#10520,#10521,#10522,#10523));
#10520 = ORIENTED_EDGE('',*,*,#10497,.F.);
#10521 = ORIENTED_EDGE('',*,*,#9376,.F.);
#10522 = ORIENTED_EDGE('',*,*,#9399,.T.);
#10523 = ORIENTED_EDGE('',*,*,#10524,.T.);
#10524 = EDGE_CURVE('',#9400,#10498,#10525,.T.);
#10525 = LINE('',#10526,#10527);
#10526 = CARTESIAN_POINT('',(19.2254225,-14.161016,20.3));
#10527 = VECTOR('',#10528,1.);
#10528 = DIRECTION('',(1.,0.,2.22044604925E-16));
#10529 = PLANE('',#10530);
#10530 = AXIS2_PLACEMENT_3D('',#10531,#10532,#10533);
#10531 = CARTESIAN_POINT('',(20.237344,-25.487358,20.3));
#10532 = DIRECTION('',(2.22044604925E-16,0.,-1.));
#10533 = DIRECTION('',(1.,0.,2.22044604925E-16));
#10534 = ADVANCED_FACE('',(#10535),#10541,.T.);
#10535 = FACE_BOUND('',#10536,.T.);
#10536 = EDGE_LOOP('',(#10537,#10538,#10539,#10540));
#10537 = ORIENTED_EDGE('',*,*,#9425,.F.);
#10538 = ORIENTED_EDGE('',*,*,#9409,.T.);
#10539 = ORIENTED_EDGE('',*,*,#10524,.T.);
#10540 = ORIENTED_EDGE('',*,*,#10507,.F.);
#10541 = PLANE('',#10542);
#10542 = AXIS2_PLACEMENT_3D('',#10543,#10544,#10545);
#10543 = CARTESIAN_POINT('',(18.213501,-14.161016,33.250812));
#10544 = DIRECTION('',(0.,1.,0.));
#10545 = DIRECTION('',(1.,0.,2.22044604925E-16));
#10546 = ADVANCED_FACE('',(#10547),#10565,.T.);
#10547 = FACE_BOUND('',#10548,.T.);
#10548 = EDGE_LOOP('',(#10549,#10557,#10558,#10559));
#10549 = ORIENTED_EDGE('',*,*,#10550,.F.);
#10550 = EDGE_CURVE('',#9459,#10551,#10553,.T.);
#10551 = VERTEX_POINT('',#10552);
#10552 = CARTESIAN_POINT('',(22.237344,0.438984,20.3));
#10553 = LINE('',#10554,#10555);
#10554 = CARTESIAN_POINT('',(22.237344,0.438984,26.775406));
#10555 = VECTOR('',#10556,1.);
#10556 = DIRECTION('',(-2.22044604925E-16,0.,1.));
#10557 = ORIENTED_EDGE('',*,*,#9483,.T.);
#10558 = ORIENTED_EDGE('',*,*,#9673,.F.);
#10559 = ORIENTED_EDGE('',*,*,#10560,.F.);
#10560 = EDGE_CURVE('',#10551,#9666,#10561,.T.);
#10561 = LINE('',#10562,#10563);
#10562 = CARTESIAN_POINT('',(22.237344,-25.487358,20.3));
#10563 = VECTOR('',#10564,1.);
#10564 = DIRECTION('',(0.,1.,0.));
#10565 = PLANE('',#10566);
#10566 = AXIS2_PLACEMENT_3D('',#10567,#10568,#10569);
#10567 = CARTESIAN_POINT('',(22.237344,-25.487358,20.3));
#10568 = DIRECTION('',(1.,0.,2.22044604925E-16));
#10569 = DIRECTION('',(2.22044604925E-16,0.,-1.));
#10570 = ADVANCED_FACE('',(#10571),#10582,.F.);
#10571 = FACE_BOUND('',#10572,.F.);
#10572 = EDGE_LOOP('',(#10573,#10574,#10575,#10581));
#10573 = ORIENTED_EDGE('',*,*,#9618,.F.);
#10574 = ORIENTED_EDGE('',*,*,#9633,.T.);
#10575 = ORIENTED_EDGE('',*,*,#10576,.T.);
#10576 = EDGE_CURVE('',#9634,#10551,#10577,.T.);
#10577 = LINE('',#10578,#10579);
#10578 = CARTESIAN_POINT('',(19.2254225,0.438984,20.3));
#10579 = VECTOR('',#10580,1.);
#10580 = DIRECTION('',(1.,0.,2.22044604925E-16));
#10581 = ORIENTED_EDGE('',*,*,#10550,.F.);
#10582 = PLANE('',#10583);
#10583 = AXIS2_PLACEMENT_3D('',#10584,#10585,#10586);
#10584 = CARTESIAN_POINT('',(18.213501,0.438984,33.250812));
#10585 = DIRECTION('',(0.,1.,0.));
#10586 = DIRECTION('',(1.,0.,2.22044604925E-16));
#10587 = ADVANCED_FACE('',(#10588),#10594,.F.);
#10588 = FACE_BOUND('',#10589,.F.);
#10589 = EDGE_LOOP('',(#10590,#10591,#10592,#10593));
#10590 = ORIENTED_EDGE('',*,*,#10560,.F.);
#10591 = ORIENTED_EDGE('',*,*,#10576,.F.);
#10592 = ORIENTED_EDGE('',*,*,#9650,.T.);
#10593 = ORIENTED_EDGE('',*,*,#9665,.T.);
#10594 = PLANE('',#10595);
#10595 = AXIS2_PLACEMENT_3D('',#10596,#10597,#10598);
#10596 = CARTESIAN_POINT('',(20.237344,-25.487358,20.3));
#10597 = DIRECTION('',(2.22044604925E-16,0.,-1.));
#10598 = DIRECTION('',(1.,0.,2.22044604925E-16));
#10599 = ADVANCED_FACE('',(#10600),#10611,.T.);
#10600 = FACE_BOUND('',#10601,.T.);
#10601 = EDGE_LOOP('',(#10602,#10603,#10609,#10610));
#10602 = ORIENTED_EDGE('',*,*,#9760,.F.);
#10603 = ORIENTED_EDGE('',*,*,#10604,.T.);
#10604 = EDGE_CURVE('',#9761,#9706,#10605,.T.);
#10605 = LINE('',#10606,#10607);
#10606 = CARTESIAN_POINT('',(22.237344,27.687358,45.712344));
#10607 = VECTOR('',#10608,1.);
#10608 = DIRECTION('',(2.22044604925E-16,0.,-1.));
#10609 = ORIENTED_EDGE('',*,*,#9705,.T.);
#10610 = ORIENTED_EDGE('',*,*,#9688,.T.);
#10611 = PLANE('',#10612);
#10612 = AXIS2_PLACEMENT_3D('',#10613,#10614,#10615);
#10613 = CARTESIAN_POINT('',(22.237344,27.687358,45.712344));
#10614 = DIRECTION('',(1.,0.,2.22044604925E-16));
#10615 = DIRECTION('',(2.22044604925E-16,0.,-1.));
#10616 = ADVANCED_FACE('',(#10617),#10623,.F.);
#10617 = FACE_BOUND('',#10618,.F.);
#10618 = EDGE_LOOP('',(#10619,#10620,#10621,#10622));
#10619 = ORIENTED_EDGE('',*,*,#9744,.F.);
#10620 = ORIENTED_EDGE('',*,*,#9768,.T.);
#10621 = ORIENTED_EDGE('',*,*,#10604,.T.);
#10622 = ORIENTED_EDGE('',*,*,#9713,.F.);
#10623 = PLANE('',#10624);
#10624 = AXIS2_PLACEMENT_3D('',#10625,#10626,#10627);
#10625 = CARTESIAN_POINT('',(20.237344,27.687358,45.712344));
#10626 = DIRECTION('',(0.,1.,0.));
#10627 = DIRECTION('',(1.,0.,2.22044604925E-16));
#10628 = ADVANCED_FACE('',(#10629),#10640,.T.);
#10629 = FACE_BOUND('',#10630,.T.);
#10630 = EDGE_LOOP('',(#10631,#10632,#10638,#10639));
#10631 = ORIENTED_EDGE('',*,*,#9856,.F.);
#10632 = ORIENTED_EDGE('',*,*,#10633,.T.);
#10633 = EDGE_CURVE('',#9857,#9802,#10634,.T.);
#10634 = LINE('',#10635,#10636);
#10635 = CARTESIAN_POINT('',(22.237344,27.687358,60.974688));
#10636 = VECTOR('',#10637,1.);
#10637 = DIRECTION('',(2.22044604925E-16,0.,-1.));
#10638 = ORIENTED_EDGE('',*,*,#9801,.T.);
#10639 = ORIENTED_EDGE('',*,*,#9784,.T.);
#10640 = PLANE('',#10641);
#10641 = AXIS2_PLACEMENT_3D('',#10642,#10643,#10644);
#10642 = CARTESIAN_POINT('',(22.237344,27.687358,60.974688));
#10643 = DIRECTION('',(1.,0.,2.22044604925E-16));
#10644 = DIRECTION('',(2.22044604925E-16,0.,-1.));
#10645 = ADVANCED_FACE('',(#10646),#10652,.F.);
#10646 = FACE_BOUND('',#10647,.F.);
#10647 = EDGE_LOOP('',(#10648,#10649,#10650,#10651));
#10648 = ORIENTED_EDGE('',*,*,#9840,.F.);
#10649 = ORIENTED_EDGE('',*,*,#9864,.T.);
#10650 = ORIENTED_EDGE('',*,*,#10633,.T.);
#10651 = ORIENTED_EDGE('',*,*,#9809,.F.);
#10652 = PLANE('',#10653);
#10653 = AXIS2_PLACEMENT_3D('',#10654,#10655,#10656);
#10654 = CARTESIAN_POINT('',(20.237344,27.687358,60.974688));
#10655 = DIRECTION('',(0.,1.,0.));
#10656 = DIRECTION('',(1.,0.,2.22044604925E-16));
#10657 = ADVANCED_FACE('',(#10658,#10661),#10711,.F.);
#10658 = FACE_BOUND('',#10659,.F.);
#10659 = EDGE_LOOP('',(#10660));
#10660 = ORIENTED_EDGE('',*,*,#9918,.T.);
#10661 = FACE_BOUND('',#10662,.F.);
#10662 = EDGE_LOOP('',(#10663,#10673,#10681,#10689,#10697,#10705));
#10663 = ORIENTED_EDGE('',*,*,#10664,.F.);
#10664 = EDGE_CURVE('',#10665,#10667,#10669,.T.);
#10665 = VERTEX_POINT('',#10666);
#10666 = CARTESIAN_POINT('',(18.423501,-20.062,68.768321411781));
#10667 = VERTEX_POINT('',#10668);
#10668 = CARTESIAN_POINT('',(18.423501,-17.112,70.471504705891));
#10669 = LINE('',#10670,#10671);
#10670 = CARTESIAN_POINT('',(18.423501,-19.3245,69.194117235309));
#10671 = VECTOR('',#10672,1.);
#10672 = DIRECTION('',(-1.110223024625E-16,0.866025403784,0.5));
#10673 = ORIENTED_EDGE('',*,*,#10674,.F.);
#10674 = EDGE_CURVE('',#10675,#10665,#10677,.T.);
#10675 = VERTEX_POINT('',#10676);
#10676 = CARTESIAN_POINT('',(18.423501,-23.012,70.471504705891));
#10677 = LINE('',#10678,#10679);
#10678 = CARTESIAN_POINT('',(18.423501,-22.2745,70.045708882363));
#10679 = VECTOR('',#10680,1.);
#10680 = DIRECTION('',(1.110223024625E-16,0.866025403784,-0.5));
#10681 = ORIENTED_EDGE('',*,*,#10682,.F.);
#10682 = EDGE_CURVE('',#10683,#10675,#10685,.T.);
#10683 = VERTEX_POINT('',#10684);
#10684 = CARTESIAN_POINT('',(18.423501,-23.012,73.877871294109));
#10685 = LINE('',#10686,#10687);
#10686 = CARTESIAN_POINT('',(18.423501,-23.012,73.026279647055));
#10687 = VECTOR('',#10688,1.);
#10688 = DIRECTION('',(2.22044604925E-16,0.,-1.));
#10689 = ORIENTED_EDGE('',*,*,#10690,.F.);
#10690 = EDGE_CURVE('',#10691,#10683,#10693,.T.);
#10691 = VERTEX_POINT('',#10692);
#10692 = CARTESIAN_POINT('',(18.423501,-20.062,75.581054588219));
#10693 = LINE('',#10694,#10695);
#10694 = CARTESIAN_POINT('',(18.423501,-20.7995,75.155258764691));
#10695 = VECTOR('',#10696,1.);
#10696 = DIRECTION('',(1.110223024625E-16,-0.866025403784,-0.5));
#10697 = ORIENTED_EDGE('',*,*,#10698,.F.);
#10698 = EDGE_CURVE('',#10699,#10691,#10701,.T.);
#10699 = VERTEX_POINT('',#10700);
#10700 = CARTESIAN_POINT('',(18.423501,-17.112,73.877871294109));
#10701 = LINE('',#10702,#10703);
#10702 = CARTESIAN_POINT('',(18.423501,-17.8495,74.303667117637));
#10703 = VECTOR('',#10704,1.);
#10704 = DIRECTION('',(-1.110223024625E-16,-0.866025403784,0.5));
#10705 = ORIENTED_EDGE('',*,*,#10706,.F.);
#10706 = EDGE_CURVE('',#10667,#10699,#10707,.T.);
#10707 = LINE('',#10708,#10709);
#10708 = CARTESIAN_POINT('',(18.423501,-17.112,71.323096352945));
#10709 = VECTOR('',#10710,1.);
#10710 = DIRECTION('',(-2.22044604925E-16,0.,1.));
#10711 = PLANE('',#10712);
#10712 = AXIS2_PLACEMENT_3D('',#10713,#10714,#10715);
#10713 = CARTESIAN_POINT('',(18.423501,-20.062,72.174688));
#10714 = DIRECTION('',(1.,0.,2.22044604925E-16));
#10715 = DIRECTION('',(2.22044604925E-16,0.,-1.));
#10716 = ADVANCED_FACE('',(#10717),#10734,.T.);
#10717 = FACE_BOUND('',#10718,.T.);
#10718 = EDGE_LOOP('',(#10719,#10727,#10728));
#10719 = ORIENTED_EDGE('',*,*,#10720,.F.);
#10720 = EDGE_CURVE('',#9931,#10721,#10723,.T.);
#10721 = VERTEX_POINT('',#10722);
#10722 = CARTESIAN_POINT('',(18.223501,-20.062,75.581054588219));
#10723 = LINE('',#10724,#10725);
#10724 = CARTESIAN_POINT('',(18.223501,-17.112,73.877871294109));
#10725 = VECTOR('',#10726,1.);
#10726 = DIRECTION('',(-1.110223024625E-16,-0.866025403784,0.5));
#10727 = ORIENTED_EDGE('',*,*,#9928,.F.);
#10728 = ORIENTED_EDGE('',*,*,#10729,.F.);
#10729 = EDGE_CURVE('',#10721,#9929,#10730,.T.);
#10730 = LINE('',#10731,#10732);
#10731 = CARTESIAN_POINT('',(18.223501,-20.062,75.581054588219));
#10732 = VECTOR('',#10733,1.);
#10733 = DIRECTION('',(1.,0.,2.22044604925E-16));
#10734 = PLANE('',#10735);
#10735 = AXIS2_PLACEMENT_3D('',#10736,#10737,#10738);
#10736 = CARTESIAN_POINT('',(18.223501,-17.112,73.877871294109));
#10737 = DIRECTION('',(1.922962686384E-16,-0.5,-0.866025403784));
#10738 = DIRECTION('',(-1.110223024625E-16,-0.866025403784,0.5));
#10739 = ADVANCED_FACE('',(#10740),#10750,.T.);
#10740 = FACE_BOUND('',#10741,.T.);
#10741 = EDGE_LOOP('',(#10742,#10743,#10744));
#10742 = ORIENTED_EDGE('',*,*,#9944,.T.);
#10743 = ORIENTED_EDGE('',*,*,#10720,.T.);
#10744 = ORIENTED_EDGE('',*,*,#10745,.T.);
#10745 = EDGE_CURVE('',#10721,#9938,#10746,.T.);
#10746 = LINE('',#10747,#10748);
#10747 = CARTESIAN_POINT('',(18.223501,-20.062,75.581054588219));
#10748 = VECTOR('',#10749,1.);
#10749 = DIRECTION('',(1.110223024625E-16,-0.866025403784,-0.5));
#10750 = PLANE('',#10751);
#10751 = AXIS2_PLACEMENT_3D('',#10752,#10753,#10754);
#10752 = CARTESIAN_POINT('',(18.223501,-20.062,72.174688));
#10753 = DIRECTION('',(1.,0.,2.22044604925E-16));
#10754 = DIRECTION('',(2.22044604925E-16,0.,-1.));
#10755 = ADVANCED_FACE('',(#10756),#10761,.T.);
#10756 = FACE_BOUND('',#10757,.T.);
#10757 = EDGE_LOOP('',(#10758,#10759,#10760));
#10758 = ORIENTED_EDGE('',*,*,#10745,.F.);
#10759 = ORIENTED_EDGE('',*,*,#10729,.T.);
#10760 = ORIENTED_EDGE('',*,*,#9937,.F.);
#10761 = PLANE('',#10762);
#10762 = AXIS2_PLACEMENT_3D('',#10763,#10764,#10765);
#10763 = CARTESIAN_POINT('',(18.223501,-20.062,75.581054588219));
#10764 = DIRECTION('',(1.922962686384E-16,0.5,-0.866025403784));
#10765 = DIRECTION('',(1.110223024625E-16,-0.866025403784,-0.5));
#10766 = ADVANCED_FACE('',(#10767,#10770),#10820,.F.);
#10767 = FACE_BOUND('',#10768,.F.);
#10768 = EDGE_LOOP('',(#10769));
#10769 = ORIENTED_EDGE('',*,*,#10021,.T.);
#10770 = FACE_BOUND('',#10771,.F.);
#10771 = EDGE_LOOP('',(#10772,#10782,#10790,#10798,#10806,#10814));
#10772 = ORIENTED_EDGE('',*,*,#10773,.F.);
#10773 = EDGE_CURVE('',#10774,#10776,#10778,.T.);
#10774 = VERTEX_POINT('',#10775);
#10775 = CARTESIAN_POINT('',(18.423501,21.938,68.768321411781));
#10776 = VERTEX_POINT('',#10777);
#10777 = CARTESIAN_POINT('',(18.423501,24.888,70.471504705891));
#10778 = LINE('',#10779,#10780);
#10779 = CARTESIAN_POINT('',(18.423501,22.6755,69.194117235309));
#10780 = VECTOR('',#10781,1.);
#10781 = DIRECTION('',(-1.110223024625E-16,0.866025403784,0.5));
#10782 = ORIENTED_EDGE('',*,*,#10783,.F.);
#10783 = EDGE_CURVE('',#10784,#10774,#10786,.T.);
#10784 = VERTEX_POINT('',#10785);
#10785 = CARTESIAN_POINT('',(18.423501,18.988,70.471504705891));
#10786 = LINE('',#10787,#10788);
#10787 = CARTESIAN_POINT('',(18.423501,19.7255,70.045708882363));
#10788 = VECTOR('',#10789,1.);
#10789 = DIRECTION('',(1.110223024625E-16,0.866025403784,-0.5));
#10790 = ORIENTED_EDGE('',*,*,#10791,.F.);
#10791 = EDGE_CURVE('',#10792,#10784,#10794,.T.);
#10792 = VERTEX_POINT('',#10793);
#10793 = CARTESIAN_POINT('',(18.423501,18.988,73.877871294109));
#10794 = LINE('',#10795,#10796);
#10795 = CARTESIAN_POINT('',(18.423501,18.988,73.026279647055));
#10796 = VECTOR('',#10797,1.);
#10797 = DIRECTION('',(2.22044604925E-16,0.,-1.));
#10798 = ORIENTED_EDGE('',*,*,#10799,.F.);
#10799 = EDGE_CURVE('',#10800,#10792,#10802,.T.);
#10800 = VERTEX_POINT('',#10801);
#10801 = CARTESIAN_POINT('',(18.423501,21.938,75.581054588219));
#10802 = LINE('',#10803,#10804);
#10803 = CARTESIAN_POINT('',(18.423501,21.2005,75.155258764691));
#10804 = VECTOR('',#10805,1.);
#10805 = DIRECTION('',(1.110223024625E-16,-0.866025403784,-0.5));
#10806 = ORIENTED_EDGE('',*,*,#10807,.F.);
#10807 = EDGE_CURVE('',#10808,#10800,#10810,.T.);
#10808 = VERTEX_POINT('',#10809);
#10809 = CARTESIAN_POINT('',(18.423501,24.888,73.877871294109));
#10810 = LINE('',#10811,#10812);
#10811 = CARTESIAN_POINT('',(18.423501,24.1505,74.303667117637));
#10812 = VECTOR('',#10813,1.);
#10813 = DIRECTION('',(-1.110223024625E-16,-0.866025403784,0.5));
#10814 = ORIENTED_EDGE('',*,*,#10815,.F.);
#10815 = EDGE_CURVE('',#10776,#10808,#10816,.T.);
#10816 = LINE('',#10817,#10818);
#10817 = CARTESIAN_POINT('',(18.423501,24.888,71.323096352945));
#10818 = VECTOR('',#10819,1.);
#10819 = DIRECTION('',(-2.22044604925E-16,0.,1.));
#10820 = PLANE('',#10821);
#10821 = AXIS2_PLACEMENT_3D('',#10822,#10823,#10824);
#10822 = CARTESIAN_POINT('',(18.423501,21.938,72.174688));
#10823 = DIRECTION('',(1.,0.,2.22044604925E-16));
#10824 = DIRECTION('',(2.22044604925E-16,0.,-1.));
#10825 = ADVANCED_FACE('',(#10826),#10843,.T.);
#10826 = FACE_BOUND('',#10827,.T.);
#10827 = EDGE_LOOP('',(#10828,#10836,#10837));
#10828 = ORIENTED_EDGE('',*,*,#10829,.F.);
#10829 = EDGE_CURVE('',#10036,#10830,#10832,.T.);
#10830 = VERTEX_POINT('',#10831);
#10831 = CARTESIAN_POINT('',(18.223501,21.938,75.581054588219));
#10832 = LINE('',#10833,#10834);
#10833 = CARTESIAN_POINT('',(18.223501,24.888,73.877871294109));
#10834 = VECTOR('',#10835,1.);
#10835 = DIRECTION('',(-1.110223024625E-16,-0.866025403784,0.5));
#10836 = ORIENTED_EDGE('',*,*,#10033,.F.);
#10837 = ORIENTED_EDGE('',*,*,#10838,.F.);
#10838 = EDGE_CURVE('',#10830,#10034,#10839,.T.);
#10839 = LINE('',#10840,#10841);
#10840 = CARTESIAN_POINT('',(18.223501,21.938,75.581054588219));
#10841 = VECTOR('',#10842,1.);
#10842 = DIRECTION('',(1.,0.,2.22044604925E-16));
#10843 = PLANE('',#10844);
#10844 = AXIS2_PLACEMENT_3D('',#10845,#10846,#10847);
#10845 = CARTESIAN_POINT('',(18.223501,24.888,73.877871294109));
#10846 = DIRECTION('',(1.922962686384E-16,-0.5,-0.866025403784));
#10847 = DIRECTION('',(-1.110223024625E-16,-0.866025403784,0.5));
#10848 = ADVANCED_FACE('',(#10849),#10859,.T.);
#10849 = FACE_BOUND('',#10850,.T.);
#10850 = EDGE_LOOP('',(#10851,#10852,#10853));
#10851 = ORIENTED_EDGE('',*,*,#10049,.T.);
#10852 = ORIENTED_EDGE('',*,*,#10829,.T.);
#10853 = ORIENTED_EDGE('',*,*,#10854,.T.);
#10854 = EDGE_CURVE('',#10830,#10043,#10855,.T.);
#10855 = LINE('',#10856,#10857);
#10856 = CARTESIAN_POINT('',(18.223501,21.938,75.581054588219));
#10857 = VECTOR('',#10858,1.);
#10858 = DIRECTION('',(1.110223024625E-16,-0.866025403784,-0.5));
#10859 = PLANE('',#10860);
#10860 = AXIS2_PLACEMENT_3D('',#10861,#10862,#10863);
#10861 = CARTESIAN_POINT('',(18.223501,21.938,72.174688));
#10862 = DIRECTION('',(1.,0.,2.22044604925E-16));
#10863 = DIRECTION('',(2.22044604925E-16,0.,-1.));
#10864 = ADVANCED_FACE('',(#10865),#10870,.T.);
#10865 = FACE_BOUND('',#10866,.T.);
#10866 = EDGE_LOOP('',(#10867,#10868,#10869));
#10867 = ORIENTED_EDGE('',*,*,#10854,.F.);
#10868 = ORIENTED_EDGE('',*,*,#10838,.T.);
#10869 = ORIENTED_EDGE('',*,*,#10042,.F.);
#10870 = PLANE('',#10871);
#10871 = AXIS2_PLACEMENT_3D('',#10872,#10873,#10874);
#10872 = CARTESIAN_POINT('',(18.223501,21.938,75.581054588219));
#10873 = DIRECTION('',(1.922962686384E-16,0.5,-0.866025403784));
#10874 = DIRECTION('',(1.110223024625E-16,-0.866025403784,-0.5));
#10875 = ADVANCED_FACE('',(#10876,#10926),#10929,.F.);
#10876 = FACE_BOUND('',#10877,.F.);
#10877 = EDGE_LOOP('',(#10878,#10888,#10896,#10904,#10912,#10920));
#10878 = ORIENTED_EDGE('',*,*,#10879,.T.);
#10879 = EDGE_CURVE('',#10880,#10882,#10884,.T.);
#10880 = VERTEX_POINT('',#10881);
#10881 = CARTESIAN_POINT('',(21.123501,21.938,68.768321411781));
#10882 = VERTEX_POINT('',#10883);
#10883 = CARTESIAN_POINT('',(21.123501,24.888,70.471504705891));
#10884 = LINE('',#10885,#10886);
#10885 = CARTESIAN_POINT('',(21.123501,21.938,68.768321411781));
#10886 = VECTOR('',#10887,1.);
#10887 = DIRECTION('',(-1.110223024625E-16,0.866025403784,0.5));
#10888 = ORIENTED_EDGE('',*,*,#10889,.T.);
#10889 = EDGE_CURVE('',#10882,#10890,#10892,.T.);
#10890 = VERTEX_POINT('',#10891);
#10891 = CARTESIAN_POINT('',(21.123501,24.888,73.877871294109));
#10892 = LINE('',#10893,#10894);
#10893 = CARTESIAN_POINT('',(21.123501,24.888,70.471504705891));
#10894 = VECTOR('',#10895,1.);
#10895 = DIRECTION('',(-2.22044604925E-16,0.,1.));
#10896 = ORIENTED_EDGE('',*,*,#10897,.T.);
#10897 = EDGE_CURVE('',#10890,#10898,#10900,.T.);
#10898 = VERTEX_POINT('',#10899);
#10899 = CARTESIAN_POINT('',(21.123501,21.938,75.581054588219));
#10900 = LINE('',#10901,#10902);
#10901 = CARTESIAN_POINT('',(21.123501,24.888,73.877871294109));
#10902 = VECTOR('',#10903,1.);
#10903 = DIRECTION('',(-1.110223024625E-16,-0.866025403784,0.5));
#10904 = ORIENTED_EDGE('',*,*,#10905,.T.);
#10905 = EDGE_CURVE('',#10898,#10906,#10908,.T.);
#10906 = VERTEX_POINT('',#10907);
#10907 = CARTESIAN_POINT('',(21.123501,18.988,73.877871294109));
#10908 = LINE('',#10909,#10910);
#10909 = CARTESIAN_POINT('',(21.123501,21.938,75.581054588219));
#10910 = VECTOR('',#10911,1.);
#10911 = DIRECTION('',(1.110223024625E-16,-0.866025403784,-0.5));
#10912 = ORIENTED_EDGE('',*,*,#10913,.T.);
#10913 = EDGE_CURVE('',#10906,#10914,#10916,.T.);
#10914 = VERTEX_POINT('',#10915);
#10915 = CARTESIAN_POINT('',(21.123501,18.988,70.471504705891));
#10916 = LINE('',#10917,#10918);
#10917 = CARTESIAN_POINT('',(21.123501,18.988,73.877871294109));
#10918 = VECTOR('',#10919,1.);
#10919 = DIRECTION('',(2.22044604925E-16,0.,-1.));
#10920 = ORIENTED_EDGE('',*,*,#10921,.T.);
#10921 = EDGE_CURVE('',#10914,#10880,#10922,.T.);
#10922 = LINE('',#10923,#10924);
#10923 = CARTESIAN_POINT('',(21.123501,18.988,70.471504705891));
#10924 = VECTOR('',#10925,1.);
#10925 = DIRECTION('',(1.110223024625E-16,0.866025403784,-0.5));
#10926 = FACE_BOUND('',#10927,.F.);
#10927 = EDGE_LOOP('',(#10928));
#10928 = ORIENTED_EDGE('',*,*,#10306,.F.);
#10929 = PLANE('',#10930);
#10930 = AXIS2_PLACEMENT_3D('',#10931,#10932,#10933);
#10931 = CARTESIAN_POINT('',(21.123501,21.938,72.174688));
#10932 = DIRECTION('',(1.,0.,2.22044604925E-16));
#10933 = DIRECTION('',(2.22044604925E-16,0.,-1.));
#10934 = ADVANCED_FACE('',(#10935),#10954,.F.);
#10935 = FACE_BOUND('',#10936,.F.);
#10936 = EDGE_LOOP('',(#10937,#10946,#10952,#10953));
#10937 = ORIENTED_EDGE('',*,*,#10938,.T.);
#10938 = EDGE_CURVE('',#10939,#10939,#10941,.T.);
#10939 = VERTEX_POINT('',#10940);
#10940 = CARTESIAN_POINT('',(21.123501,-20.062,70.474688));
#10941 = CIRCLE('',#10942,1.7);
#10942 = AXIS2_PLACEMENT_3D('',#10943,#10944,#10945);
#10943 = CARTESIAN_POINT('',(21.123501,-20.062,72.174688));
#10944 = DIRECTION('',(1.,-0.,2.22044604925E-16));
#10945 = DIRECTION('',(2.22044604925E-16,0.,-1.));
#10946 = ORIENTED_EDGE('',*,*,#10947,.T.);
#10947 = EDGE_CURVE('',#10939,#10336,#10948,.T.);
#10948 = LINE('',#10949,#10950);
#10949 = CARTESIAN_POINT('',(17.823501,-20.062,70.474688));
#10950 = VECTOR('',#10951,1.);
#10951 = DIRECTION('',(1.,0.,2.22044604925E-16));
#10952 = ORIENTED_EDGE('',*,*,#10335,.F.);
#10953 = ORIENTED_EDGE('',*,*,#10947,.F.);
#10954 = CYLINDRICAL_SURFACE('',#10955,1.7);
#10955 = AXIS2_PLACEMENT_3D('',#10956,#10957,#10958);
#10956 = CARTESIAN_POINT('',(17.823501,-20.062,72.174688));
#10957 = DIRECTION('',(1.,0.,2.22044604925E-16));
#10958 = DIRECTION('',(2.22044604925E-16,0.,-1.));
#10959 = ADVANCED_FACE('',(#10960),#10985,.T.);
#10960 = FACE_BOUND('',#10961,.T.);
#10961 = EDGE_LOOP('',(#10962,#10963,#10971,#10979));
#10962 = ORIENTED_EDGE('',*,*,#10664,.F.);
#10963 = ORIENTED_EDGE('',*,*,#10964,.T.);
#10964 = EDGE_CURVE('',#10665,#10965,#10967,.T.);
#10965 = VERTEX_POINT('',#10966);
#10966 = CARTESIAN_POINT('',(21.123501,-20.062,68.768321411781));
#10967 = LINE('',#10968,#10969);
#10968 = CARTESIAN_POINT('',(18.223501,-20.062,68.768321411781));
#10969 = VECTOR('',#10970,1.);
#10970 = DIRECTION('',(1.,0.,2.22044604925E-16));
#10971 = ORIENTED_EDGE('',*,*,#10972,.T.);
#10972 = EDGE_CURVE('',#10965,#10973,#10975,.T.);
#10973 = VERTEX_POINT('',#10974);
#10974 = CARTESIAN_POINT('',(21.123501,-17.112,70.471504705891));
#10975 = LINE('',#10976,#10977);
#10976 = CARTESIAN_POINT('',(21.123501,-20.062,68.768321411781));
#10977 = VECTOR('',#10978,1.);
#10978 = DIRECTION('',(-1.110223024625E-16,0.866025403784,0.5));
#10979 = ORIENTED_EDGE('',*,*,#10980,.F.);
#10980 = EDGE_CURVE('',#10667,#10973,#10981,.T.);
#10981 = LINE('',#10982,#10983);
#10982 = CARTESIAN_POINT('',(18.223501,-17.112,70.471504705891));
#10983 = VECTOR('',#10984,1.);
#10984 = DIRECTION('',(1.,0.,2.22044604925E-16));
#10985 = PLANE('',#10986);
#10986 = AXIS2_PLACEMENT_3D('',#10987,#10988,#10989);
#10987 = CARTESIAN_POINT('',(18.223501,-20.062,68.768321411781));
#10988 = DIRECTION('',(-1.922962686384E-16,-0.5,0.866025403784));
#10989 = DIRECTION('',(-1.110223024625E-16,0.866025403784,0.5));
#10990 = ADVANCED_FACE('',(#10991),#11009,.T.);
#10991 = FACE_BOUND('',#10992,.T.);
#10992 = EDGE_LOOP('',(#10993,#10994,#10995,#11003));
#10993 = ORIENTED_EDGE('',*,*,#10706,.F.);
#10994 = ORIENTED_EDGE('',*,*,#10980,.T.);
#10995 = ORIENTED_EDGE('',*,*,#10996,.T.);
#10996 = EDGE_CURVE('',#10973,#10997,#10999,.T.);
#10997 = VERTEX_POINT('',#10998);
#10998 = CARTESIAN_POINT('',(21.123501,-17.112,73.877871294109));
#10999 = LINE('',#11000,#11001);
#11000 = CARTESIAN_POINT('',(21.123501,-17.112,70.471504705891));
#11001 = VECTOR('',#11002,1.);
#11002 = DIRECTION('',(-2.22044604925E-16,0.,1.));
#11003 = ORIENTED_EDGE('',*,*,#11004,.F.);
#11004 = EDGE_CURVE('',#10699,#10997,#11005,.T.);
#11005 = LINE('',#11006,#11007);
#11006 = CARTESIAN_POINT('',(18.223501,-17.112,73.877871294109));
#11007 = VECTOR('',#11008,1.);
#11008 = DIRECTION('',(1.,0.,2.22044604925E-16));
#11009 = PLANE('',#11010);
#11010 = AXIS2_PLACEMENT_3D('',#11011,#11012,#11013);
#11011 = CARTESIAN_POINT('',(18.223501,-17.112,70.471504705891));
#11012 = DIRECTION('',(0.,-1.,0.));
#11013 = DIRECTION('',(-2.22044604925E-16,0.,1.));
#11014 = ADVANCED_FACE('',(#11015),#11033,.T.);
#11015 = FACE_BOUND('',#11016,.T.);
#11016 = EDGE_LOOP('',(#11017,#11018,#11019,#11027));
#11017 = ORIENTED_EDGE('',*,*,#10698,.F.);
#11018 = ORIENTED_EDGE('',*,*,#11004,.T.);
#11019 = ORIENTED_EDGE('',*,*,#11020,.T.);
#11020 = EDGE_CURVE('',#10997,#11021,#11023,.T.);
#11021 = VERTEX_POINT('',#11022);
#11022 = CARTESIAN_POINT('',(21.123501,-20.062,75.581054588219));
#11023 = LINE('',#11024,#11025);
#11024 = CARTESIAN_POINT('',(21.123501,-17.112,73.877871294109));
#11025 = VECTOR('',#11026,1.);
#11026 = DIRECTION('',(-1.110223024625E-16,-0.866025403784,0.5));
#11027 = ORIENTED_EDGE('',*,*,#11028,.F.);
#11028 = EDGE_CURVE('',#10691,#11021,#11029,.T.);
#11029 = LINE('',#11030,#11031);
#11030 = CARTESIAN_POINT('',(18.223501,-20.062,75.581054588219));
#11031 = VECTOR('',#11032,1.);
#11032 = DIRECTION('',(1.,0.,2.22044604925E-16));
#11033 = PLANE('',#11034);
#11034 = AXIS2_PLACEMENT_3D('',#11035,#11036,#11037);
#11035 = CARTESIAN_POINT('',(18.223501,-17.112,73.877871294109));
#11036 = DIRECTION('',(1.922962686384E-16,-0.5,-0.866025403784));
#11037 = DIRECTION('',(-1.110223024625E-16,-0.866025403784,0.5));
#11038 = ADVANCED_FACE('',(#11039),#11057,.T.);
#11039 = FACE_BOUND('',#11040,.T.);
#11040 = EDGE_LOOP('',(#11041,#11042,#11043,#11051));
#11041 = ORIENTED_EDGE('',*,*,#10690,.F.);
#11042 = ORIENTED_EDGE('',*,*,#11028,.T.);
#11043 = ORIENTED_EDGE('',*,*,#11044,.T.);
#11044 = EDGE_CURVE('',#11021,#11045,#11047,.T.);
#11045 = VERTEX_POINT('',#11046);
#11046 = CARTESIAN_POINT('',(21.123501,-23.012,73.877871294109));
#11047 = LINE('',#11048,#11049);
#11048 = CARTESIAN_POINT('',(21.123501,-20.062,75.581054588219));
#11049 = VECTOR('',#11050,1.);
#11050 = DIRECTION('',(1.110223024625E-16,-0.866025403784,-0.5));
#11051 = ORIENTED_EDGE('',*,*,#11052,.F.);
#11052 = EDGE_CURVE('',#10683,#11045,#11053,.T.);
#11053 = LINE('',#11054,#11055);
#11054 = CARTESIAN_POINT('',(18.223501,-23.012,73.877871294109));
#11055 = VECTOR('',#11056,1.);
#11056 = DIRECTION('',(1.,0.,2.22044604925E-16));
#11057 = PLANE('',#11058);
#11058 = AXIS2_PLACEMENT_3D('',#11059,#11060,#11061);
#11059 = CARTESIAN_POINT('',(18.223501,-20.062,75.581054588219));
#11060 = DIRECTION('',(1.922962686384E-16,0.5,-0.866025403784));
#11061 = DIRECTION('',(1.110223024625E-16,-0.866025403784,-0.5));
#11062 = ADVANCED_FACE('',(#11063),#11081,.T.);
#11063 = FACE_BOUND('',#11064,.T.);
#11064 = EDGE_LOOP('',(#11065,#11066,#11067,#11075));
#11065 = ORIENTED_EDGE('',*,*,#10682,.F.);
#11066 = ORIENTED_EDGE('',*,*,#11052,.T.);
#11067 = ORIENTED_EDGE('',*,*,#11068,.T.);
#11068 = EDGE_CURVE('',#11045,#11069,#11071,.T.);
#11069 = VERTEX_POINT('',#11070);
#11070 = CARTESIAN_POINT('',(21.123501,-23.012,70.471504705891));
#11071 = LINE('',#11072,#11073);
#11072 = CARTESIAN_POINT('',(21.123501,-23.012,73.877871294109));
#11073 = VECTOR('',#11074,1.);
#11074 = DIRECTION('',(2.22044604925E-16,0.,-1.));
#11075 = ORIENTED_EDGE('',*,*,#11076,.F.);
#11076 = EDGE_CURVE('',#10675,#11069,#11077,.T.);
#11077 = LINE('',#11078,#11079);
#11078 = CARTESIAN_POINT('',(18.223501,-23.012,70.471504705891));
#11079 = VECTOR('',#11080,1.);
#11080 = DIRECTION('',(1.,0.,2.22044604925E-16));
#11081 = PLANE('',#11082);
#11082 = AXIS2_PLACEMENT_3D('',#11083,#11084,#11085);
#11083 = CARTESIAN_POINT('',(18.223501,-23.012,73.877871294109));
#11084 = DIRECTION('',(0.,1.,0.));
#11085 = DIRECTION('',(2.22044604925E-16,0.,-1.));
#11086 = ADVANCED_FACE('',(#11087),#11098,.T.);
#11087 = FACE_BOUND('',#11088,.T.);
#11088 = EDGE_LOOP('',(#11089,#11090,#11091,#11097));
#11089 = ORIENTED_EDGE('',*,*,#10674,.F.);
#11090 = ORIENTED_EDGE('',*,*,#11076,.T.);
#11091 = ORIENTED_EDGE('',*,*,#11092,.T.);
#11092 = EDGE_CURVE('',#11069,#10965,#11093,.T.);
#11093 = LINE('',#11094,#11095);
#11094 = CARTESIAN_POINT('',(21.123501,-23.012,70.471504705891));
#11095 = VECTOR('',#11096,1.);
#11096 = DIRECTION('',(1.110223024625E-16,0.866025403784,-0.5));
#11097 = ORIENTED_EDGE('',*,*,#10964,.F.);
#11098 = PLANE('',#11099);
#11099 = AXIS2_PLACEMENT_3D('',#11100,#11101,#11102);
#11100 = CARTESIAN_POINT('',(18.223501,-23.012,70.471504705891));
#11101 = DIRECTION('',(-1.922962686384E-16,0.5,0.866025403784));
#11102 = DIRECTION('',(1.110223024625E-16,0.866025403784,-0.5));
#11103 = ADVANCED_FACE('',(#11104),#11120,.T.);
#11104 = FACE_BOUND('',#11105,.T.);
#11105 = EDGE_LOOP('',(#11106,#11107,#11113,#11114));
#11106 = ORIENTED_EDGE('',*,*,#10773,.F.);
#11107 = ORIENTED_EDGE('',*,*,#11108,.T.);
#11108 = EDGE_CURVE('',#10774,#10880,#11109,.T.);
#11109 = LINE('',#11110,#11111);
#11110 = CARTESIAN_POINT('',(18.223501,21.938,68.768321411781));
#11111 = VECTOR('',#11112,1.);
#11112 = DIRECTION('',(1.,0.,2.22044604925E-16));
#11113 = ORIENTED_EDGE('',*,*,#10879,.T.);
#11114 = ORIENTED_EDGE('',*,*,#11115,.F.);
#11115 = EDGE_CURVE('',#10776,#10882,#11116,.T.);
#11116 = LINE('',#11117,#11118);
#11117 = CARTESIAN_POINT('',(18.223501,24.888,70.471504705891));
#11118 = VECTOR('',#11119,1.);
#11119 = DIRECTION('',(1.,0.,2.22044604925E-16));
#11120 = PLANE('',#11121);
#11121 = AXIS2_PLACEMENT_3D('',#11122,#11123,#11124);
#11122 = CARTESIAN_POINT('',(18.223501,21.938,68.768321411781));
#11123 = DIRECTION('',(-1.922962686384E-16,-0.5,0.866025403784));
#11124 = DIRECTION('',(-1.110223024625E-16,0.866025403784,0.5));
#11125 = ADVANCED_FACE('',(#11126),#11137,.T.);
#11126 = FACE_BOUND('',#11127,.T.);
#11127 = EDGE_LOOP('',(#11128,#11129,#11130,#11131));
#11128 = ORIENTED_EDGE('',*,*,#10815,.F.);
#11129 = ORIENTED_EDGE('',*,*,#11115,.T.);
#11130 = ORIENTED_EDGE('',*,*,#10889,.T.);
#11131 = ORIENTED_EDGE('',*,*,#11132,.F.);
#11132 = EDGE_CURVE('',#10808,#10890,#11133,.T.);
#11133 = LINE('',#11134,#11135);
#11134 = CARTESIAN_POINT('',(18.223501,24.888,73.877871294109));
#11135 = VECTOR('',#11136,1.);
#11136 = DIRECTION('',(1.,0.,2.22044604925E-16));
#11137 = PLANE('',#11138);
#11138 = AXIS2_PLACEMENT_3D('',#11139,#11140,#11141);
#11139 = CARTESIAN_POINT('',(18.223501,24.888,70.471504705891));
#11140 = DIRECTION('',(0.,-1.,0.));
#11141 = DIRECTION('',(-2.22044604925E-16,0.,1.));
#11142 = ADVANCED_FACE('',(#11143),#11154,.T.);
#11143 = FACE_BOUND('',#11144,.T.);
#11144 = EDGE_LOOP('',(#11145,#11146,#11147,#11148));
#11145 = ORIENTED_EDGE('',*,*,#10807,.F.);
#11146 = ORIENTED_EDGE('',*,*,#11132,.T.);
#11147 = ORIENTED_EDGE('',*,*,#10897,.T.);
#11148 = ORIENTED_EDGE('',*,*,#11149,.F.);
#11149 = EDGE_CURVE('',#10800,#10898,#11150,.T.);
#11150 = LINE('',#11151,#11152);
#11151 = CARTESIAN_POINT('',(18.223501,21.938,75.581054588219));
#11152 = VECTOR('',#11153,1.);
#11153 = DIRECTION('',(1.,0.,2.22044604925E-16));
#11154 = PLANE('',#11155);
#11155 = AXIS2_PLACEMENT_3D('',#11156,#11157,#11158);
#11156 = CARTESIAN_POINT('',(18.223501,24.888,73.877871294109));
#11157 = DIRECTION('',(1.922962686384E-16,-0.5,-0.866025403784));
#11158 = DIRECTION('',(-1.110223024625E-16,-0.866025403784,0.5));
#11159 = ADVANCED_FACE('',(#11160),#11171,.T.);
#11160 = FACE_BOUND('',#11161,.T.);
#11161 = EDGE_LOOP('',(#11162,#11163,#11164,#11165));
#11162 = ORIENTED_EDGE('',*,*,#10799,.F.);
#11163 = ORIENTED_EDGE('',*,*,#11149,.T.);
#11164 = ORIENTED_EDGE('',*,*,#10905,.T.);
#11165 = ORIENTED_EDGE('',*,*,#11166,.F.);
#11166 = EDGE_CURVE('',#10792,#10906,#11167,.T.);
#11167 = LINE('',#11168,#11169);
#11168 = CARTESIAN_POINT('',(18.223501,18.988,73.877871294109));
#11169 = VECTOR('',#11170,1.);
#11170 = DIRECTION('',(1.,0.,2.22044604925E-16));
#11171 = PLANE('',#11172);
#11172 = AXIS2_PLACEMENT_3D('',#11173,#11174,#11175);
#11173 = CARTESIAN_POINT('',(18.223501,21.938,75.581054588219));
#11174 = DIRECTION('',(1.922962686384E-16,0.5,-0.866025403784));
#11175 = DIRECTION('',(1.110223024625E-16,-0.866025403784,-0.5));
#11176 = ADVANCED_FACE('',(#11177),#11188,.T.);
#11177 = FACE_BOUND('',#11178,.T.);
#11178 = EDGE_LOOP('',(#11179,#11180,#11181,#11182));
#11179 = ORIENTED_EDGE('',*,*,#10791,.F.);
#11180 = ORIENTED_EDGE('',*,*,#11166,.T.);
#11181 = ORIENTED_EDGE('',*,*,#10913,.T.);
#11182 = ORIENTED_EDGE('',*,*,#11183,.F.);
#11183 = EDGE_CURVE('',#10784,#10914,#11184,.T.);
#11184 = LINE('',#11185,#11186);
#11185 = CARTESIAN_POINT('',(18.223501,18.988,70.471504705891));
#11186 = VECTOR('',#11187,1.);
#11187 = DIRECTION('',(1.,0.,2.22044604925E-16));
#11188 = PLANE('',#11189);
#11189 = AXIS2_PLACEMENT_3D('',#11190,#11191,#11192);
#11190 = CARTESIAN_POINT('',(18.223501,18.988,73.877871294109));
#11191 = DIRECTION('',(0.,1.,0.));
#11192 = DIRECTION('',(2.22044604925E-16,0.,-1.));
#11193 = ADVANCED_FACE('',(#11194),#11200,.T.);
#11194 = FACE_BOUND('',#11195,.T.);
#11195 = EDGE_LOOP('',(#11196,#11197,#11198,#11199));
#11196 = ORIENTED_EDGE('',*,*,#10783,.F.);
#11197 = ORIENTED_EDGE('',*,*,#11183,.T.);
#11198 = ORIENTED_EDGE('',*,*,#10921,.T.);
#11199 = ORIENTED_EDGE('',*,*,#11108,.F.);
#11200 = PLANE('',#11201);
#11201 = AXIS2_PLACEMENT_3D('',#11202,#11203,#11204);
#11202 = CARTESIAN_POINT('',(18.223501,18.988,70.471504705891));
#11203 = DIRECTION('',(-1.922962686384E-16,0.5,0.866025403784));
#11204 = DIRECTION('',(1.110223024625E-16,0.866025403784,-0.5));
#11205 = ADVANCED_FACE('',(#11206,#11214),#11217,.F.);
#11206 = FACE_BOUND('',#11207,.F.);
#11207 = EDGE_LOOP('',(#11208,#11209,#11210,#11211,#11212,#11213));
#11208 = ORIENTED_EDGE('',*,*,#10972,.T.);
#11209 = ORIENTED_EDGE('',*,*,#10996,.T.);
#11210 = ORIENTED_EDGE('',*,*,#11020,.T.);
#11211 = ORIENTED_EDGE('',*,*,#11044,.T.);
#11212 = ORIENTED_EDGE('',*,*,#11068,.T.);
#11213 = ORIENTED_EDGE('',*,*,#11092,.T.);
#11214 = FACE_BOUND('',#11215,.F.);
#11215 = EDGE_LOOP('',(#11216));
#11216 = ORIENTED_EDGE('',*,*,#10938,.F.);
#11217 = PLANE('',#11218);
#11218 = AXIS2_PLACEMENT_3D('',#11219,#11220,#11221);
#11219 = CARTESIAN_POINT('',(21.123501,-20.062,72.174688));
#11220 = DIRECTION('',(1.,0.,2.22044604925E-16));
#11221 = DIRECTION('',(2.22044604925E-16,0.,-1.));
#11222 = MANIFOLD_SOLID_BREP('',#11223);
#11223 = CLOSED_SHELL('',(#11224,#11530,#11586,#11617,#11641,#11665,
    #11696,#11727,#11751,#11775,#11806,#11837,#11861,#11885,#11941,
    #11966,#12025,#12042,#12073,#12097,#12121,#12138,#12169,#12193,
    #12217,#12234,#12265,#12289,#12313,#12330,#12361,#12385,#12409,
    #12426,#12457,#12481,#12505,#12522,#12835,#12916,#13181,#13304,
    #13326,#13343,#13355,#13377,#13394,#13406,#13428,#13445,#13457,
    #13749,#13795,#14138,#14163,#14421,#14439,#14466,#14497,#14522,
    #14589,#14616,#14640,#14657,#14674,#14687,#14712,#14779,#14815,
    #14846,#14863,#14880,#14900,#14924,#14948,#14970,#14987,#15004,
    #15016,#15038,#15055,#15072,#15084,#15106,#15123,#15140,#15152,
    #15174,#15191,#15208,#15220,#15243,#15259,#15288,#15304,#15327,
    #15358,#15375,#15619,#15659,#15683,#15716,#15763,#15787,#15827,
    #15874,#15898,#15938,#15985,#16009,#16049,#16066,#16083,#16100,
    #16125,#16172,#16196,#16236,#16253,#16300,#16324,#16364,#16395,
    #16426,#16443,#16455,#16477,#16494,#16511,#16523,#16545,#16562,
    #16579,#16591,#16613,#16630,#16647,#16659,#16681,#16698,#16715,
    #16727,#16758,#16789,#16806,#16818,#16835,#16867,#16882,#16914,
    #16938,#16963,#17005,#17034,#17067,#17091,#17108,#17139,#17164,
    #17208,#17237,#17272,#17296,#17320,#17351,#17375,#17399,#17421,
    #17452,#17476,#17500,#17522,#17539,#17556,#17568,#17590,#17607,
    #17624,#17636,#17658,#17675,#17692,#17704,#17726,#17743,#17760,
    #17772,#17794,#17811,#17828,#17840,#17862,#17874,#17886,#17912,
    #17937,#17949,#17961,#17987,#18012,#18024,#18036,#18067,#18114,
    #18138,#18178,#18225,#18249,#18289,#18313,#18330,#18354,#18371,
    #18395,#18419,#18436,#18460,#18484,#18501,#18525,#18549,#18580,
    #18611,#18642,#18664,#18703,#18720,#18737,#18761,#18785,#18802,
    #18826,#18850,#18881,#18893,#18910,#18922,#18944,#18969,#18992,
    #19004,#19031,#19056,#19073,#19091,#19108,#19120,#19137,#19149,
    #19166,#19191,#19203,#19228,#19240,#19264,#19288,#19305,#19322,
    #19346,#19370,#19387,#19404,#19428,#19452,#19469,#19486,#19510,
    #19534,#19551,#19575,#19599,#19616,#19640,#19664,#19681,#19698,
    #19715,#19730,#19761,#19778,#19802,#19826,#19843,#19867,#19891,
    #19908,#19933,#19945,#19957,#19982,#19994,#20025,#20037,#20054,
    #20078,#20102,#20119,#20150,#20174,#20198,#20210,#20222,#20234,
    #20251,#20263,#20275,#20292,#20304,#20321));
#11224 = ADVANCED_FACE('',(#11225,#11355,#11389,#11423,#11457,#11491),
  #11525,.F.);
#11225 = FACE_BOUND('',#11226,.F.);
#11226 = EDGE_LOOP('',(#11227,#11237,#11245,#11253,#11261,#11269,#11277,
    #11285,#11293,#11301,#11309,#11317,#11325,#11333,#11341,#11349));
#11227 = ORIENTED_EDGE('',*,*,#11228,.F.);
#11228 = EDGE_CURVE('',#11229,#11231,#11233,.T.);
#11229 = VERTEX_POINT('',#11230);
#11230 = CARTESIAN_POINT('',(24.823501,-32.287358,66.674688));
#11231 = VERTEX_POINT('',#11232);
#11232 = CARTESIAN_POINT('',(24.823501,-32.287358,60.974688));
#11233 = LINE('',#11234,#11235);
#11234 = CARTESIAN_POINT('',(24.823501,-32.287358,66.674688));
#11235 = VECTOR('',#11236,1.);
#11236 = DIRECTION('',(2.22044604925E-16,0.,-1.));
#11237 = ORIENTED_EDGE('',*,*,#11238,.T.);
#11238 = EDGE_CURVE('',#11229,#11239,#11241,.T.);
#11239 = VERTEX_POINT('',#11240);
#11240 = CARTESIAN_POINT('',(40.423501,-32.287358,66.674688));
#11241 = LINE('',#11242,#11243);
#11242 = CARTESIAN_POINT('',(24.823501,-32.287358,66.674688));
#11243 = VECTOR('',#11244,1.);
#11244 = DIRECTION('',(1.,0.,2.22044604925E-16));
#11245 = ORIENTED_EDGE('',*,*,#11246,.T.);
#11246 = EDGE_CURVE('',#11239,#11247,#11249,.T.);
#11247 = VERTEX_POINT('',#11248);
#11248 = CARTESIAN_POINT('',(40.423501,-32.287358,16.8));
#11249 = LINE('',#11250,#11251);
#11250 = CARTESIAN_POINT('',(40.423501,-32.287358,66.674688));
#11251 = VECTOR('',#11252,1.);
#11252 = DIRECTION('',(2.22044604925E-16,0.,-1.));
#11253 = ORIENTED_EDGE('',*,*,#11254,.F.);
#11254 = EDGE_CURVE('',#11255,#11247,#11257,.T.);
#11255 = VERTEX_POINT('',#11256);
#11256 = CARTESIAN_POINT('',(24.823501,-32.287358,16.8));
#11257 = LINE('',#11258,#11259);
#11258 = CARTESIAN_POINT('',(24.823501,-32.287358,16.8));
#11259 = VECTOR('',#11260,1.);
#11260 = DIRECTION('',(1.,0.,2.22044604925E-16));
#11261 = ORIENTED_EDGE('',*,*,#11262,.F.);
#11262 = EDGE_CURVE('',#11263,#11255,#11265,.T.);
#11263 = VERTEX_POINT('',#11264);
#11264 = CARTESIAN_POINT('',(24.823501,-32.287358,22.5));
#11265 = LINE('',#11266,#11267);
#11266 = CARTESIAN_POINT('',(24.823501,-32.287358,66.674688));
#11267 = VECTOR('',#11268,1.);
#11268 = DIRECTION('',(2.22044604925E-16,0.,-1.));
#11269 = ORIENTED_EDGE('',*,*,#11270,.F.);
#11270 = EDGE_CURVE('',#11271,#11263,#11273,.T.);
#11271 = VERTEX_POINT('',#11272);
#11272 = CARTESIAN_POINT('',(27.623501,-32.287358,22.5));
#11273 = LINE('',#11274,#11275);
#11274 = CARTESIAN_POINT('',(24.823501,-32.287358,22.5));
#11275 = VECTOR('',#11276,1.);
#11276 = DIRECTION('',(-1.,0.,-2.22044604925E-16));
#11277 = ORIENTED_EDGE('',*,*,#11278,.F.);
#11278 = EDGE_CURVE('',#11279,#11271,#11281,.T.);
#11279 = VERTEX_POINT('',#11280);
#11280 = CARTESIAN_POINT('',(27.623501,-32.287358,26.884344));
#11281 = LINE('',#11282,#11283);
#11282 = CARTESIAN_POINT('',(27.623501,-32.287358,46.779516));
#11283 = VECTOR('',#11284,1.);
#11284 = DIRECTION('',(2.22044604925E-16,0.,-1.));
#11285 = ORIENTED_EDGE('',*,*,#11286,.T.);
#11286 = EDGE_CURVE('',#11279,#11287,#11289,.T.);
#11287 = VERTEX_POINT('',#11288);
#11288 = CARTESIAN_POINT('',(24.823501,-32.287358,26.884344));
#11289 = LINE('',#11290,#11291);
#11290 = CARTESIAN_POINT('',(24.823501,-32.287358,26.884344));
#11291 = VECTOR('',#11292,1.);
#11292 = DIRECTION('',(-1.,0.,-2.22044604925E-16));
#11293 = ORIENTED_EDGE('',*,*,#11294,.F.);
#11294 = EDGE_CURVE('',#11295,#11287,#11297,.T.);
#11295 = VERTEX_POINT('',#11296);
#11296 = CARTESIAN_POINT('',(24.823501,-32.287358,30.985344));
#11297 = LINE('',#11298,#11299);
#11298 = CARTESIAN_POINT('',(24.823501,-32.287358,66.674688));
#11299 = VECTOR('',#11300,1.);
#11300 = DIRECTION('',(2.22044604925E-16,0.,-1.));
#11301 = ORIENTED_EDGE('',*,*,#11302,.F.);
#11302 = EDGE_CURVE('',#11303,#11295,#11305,.T.);
#11303 = VERTEX_POINT('',#11304);
#11304 = CARTESIAN_POINT('',(27.623501,-32.287358,30.985344));
#11305 = LINE('',#11306,#11307);
#11306 = CARTESIAN_POINT('',(24.823501,-32.287358,30.985344));
#11307 = VECTOR('',#11308,1.);
#11308 = DIRECTION('',(-1.,0.,-2.22044604925E-16));
#11309 = ORIENTED_EDGE('',*,*,#11310,.F.);
#11310 = EDGE_CURVE('',#11311,#11303,#11313,.T.);
#11311 = VERTEX_POINT('',#11312);
#11312 = CARTESIAN_POINT('',(27.623501,-32.287358,34.962344));
#11313 = LINE('',#11314,#11315);
#11314 = CARTESIAN_POINT('',(27.623501,-32.287358,50.818516));
#11315 = VECTOR('',#11316,1.);
#11316 = DIRECTION('',(2.22044604925E-16,0.,-1.));
#11317 = ORIENTED_EDGE('',*,*,#11318,.T.);
#11318 = EDGE_CURVE('',#11311,#11319,#11321,.T.);
#11319 = VERTEX_POINT('',#11320);
#11320 = CARTESIAN_POINT('',(24.823501,-32.287358,34.962344));
#11321 = LINE('',#11322,#11323);
#11322 = CARTESIAN_POINT('',(24.823501,-32.287358,34.962344));
#11323 = VECTOR('',#11324,1.);
#11324 = DIRECTION('',(-1.,0.,-2.22044604925E-16));
#11325 = ORIENTED_EDGE('',*,*,#11326,.F.);
#11326 = EDGE_CURVE('',#11327,#11319,#11329,.T.);
#11327 = VERTEX_POINT('',#11328);
#11328 = CARTESIAN_POINT('',(24.823501,-32.287358,48.562344));
#11329 = LINE('',#11330,#11331);
#11330 = CARTESIAN_POINT('',(24.823501,-32.287358,66.674688));
#11331 = VECTOR('',#11332,1.);
#11332 = DIRECTION('',(2.22044604925E-16,0.,-1.));
#11333 = ORIENTED_EDGE('',*,*,#11334,.F.);
#11334 = EDGE_CURVE('',#11335,#11327,#11337,.T.);
#11335 = VERTEX_POINT('',#11336);
#11336 = CARTESIAN_POINT('',(27.623501,-32.287358,48.562344));
#11337 = LINE('',#11338,#11339);
#11338 = CARTESIAN_POINT('',(24.823501,-32.287358,48.562344));
#11339 = VECTOR('',#11340,1.);
#11340 = DIRECTION('',(-1.,0.,-2.22044604925E-16));
#11341 = ORIENTED_EDGE('',*,*,#11342,.F.);
#11342 = EDGE_CURVE('',#11343,#11335,#11345,.T.);
#11343 = VERTEX_POINT('',#11344);
#11344 = CARTESIAN_POINT('',(27.623501,-32.287358,60.974688));
#11345 = LINE('',#11346,#11347);
#11346 = CARTESIAN_POINT('',(27.623501,-32.287358,63.824688));
#11347 = VECTOR('',#11348,1.);
#11348 = DIRECTION('',(2.22044604925E-16,0.,-1.));
#11349 = ORIENTED_EDGE('',*,*,#11350,.T.);
#11350 = EDGE_CURVE('',#11343,#11231,#11351,.T.);
#11351 = LINE('',#11352,#11353);
#11352 = CARTESIAN_POINT('',(24.823501,-32.287358,60.974688));
#11353 = VECTOR('',#11354,1.);
#11354 = DIRECTION('',(-1.,0.,-2.22044604925E-16));
#11355 = FACE_BOUND('',#11356,.F.);
#11356 = EDGE_LOOP('',(#11357,#11367,#11375,#11383));
#11357 = ORIENTED_EDGE('',*,*,#11358,.F.);
#11358 = EDGE_CURVE('',#11359,#11361,#11363,.T.);
#11359 = VERTEX_POINT('',#11360);
#11360 = CARTESIAN_POINT('',(36.223501,-32.287358,60.374688));
#11361 = VERTEX_POINT('',#11362);
#11362 = CARTESIAN_POINT('',(36.223501,-32.287358,56.374688));
#11363 = LINE('',#11364,#11365);
#11364 = CARTESIAN_POINT('',(36.223501,-32.287358,63.524688));
#11365 = VECTOR('',#11366,1.);
#11366 = DIRECTION('',(2.22044604925E-16,0.,-1.));
#11367 = ORIENTED_EDGE('',*,*,#11368,.T.);
#11368 = EDGE_CURVE('',#11359,#11369,#11371,.T.);
#11369 = VERTEX_POINT('',#11370);
#11370 = CARTESIAN_POINT('',(27.823501,-32.287358,60.374688));
#11371 = LINE('',#11372,#11373);
#11372 = CARTESIAN_POINT('',(26.323501,-32.287358,60.374688));
#11373 = VECTOR('',#11374,1.);
#11374 = DIRECTION('',(-1.,0.,-2.22044604925E-16));
#11375 = ORIENTED_EDGE('',*,*,#11376,.T.);
#11376 = EDGE_CURVE('',#11369,#11377,#11379,.T.);
#11377 = VERTEX_POINT('',#11378);
#11378 = CARTESIAN_POINT('',(27.823501,-32.287358,56.374688));
#11379 = LINE('',#11380,#11381);
#11380 = CARTESIAN_POINT('',(27.823501,-32.287358,63.524688));
#11381 = VECTOR('',#11382,1.);
#11382 = DIRECTION('',(2.22044604925E-16,0.,-1.));
#11383 = ORIENTED_EDGE('',*,*,#11384,.F.);
#11384 = EDGE_CURVE('',#11361,#11377,#11385,.T.);
#11385 = LINE('',#11386,#11387);
#11386 = CARTESIAN_POINT('',(26.323501,-32.287358,56.374688));
#11387 = VECTOR('',#11388,1.);
#11388 = DIRECTION('',(-1.,0.,-2.22044604925E-16));
#11389 = FACE_BOUND('',#11390,.F.);
#11390 = EDGE_LOOP('',(#11391,#11401,#11409,#11417));
#11391 = ORIENTED_EDGE('',*,*,#11392,.F.);
#11392 = EDGE_CURVE('',#11393,#11395,#11397,.T.);
#11393 = VERTEX_POINT('',#11394);
#11394 = CARTESIAN_POINT('',(36.223501,-32.287358,52.374688));
#11395 = VERTEX_POINT('',#11396);
#11396 = CARTESIAN_POINT('',(36.223501,-32.287358,48.374688));
#11397 = LINE('',#11398,#11399);
#11398 = CARTESIAN_POINT('',(36.223501,-32.287358,59.524688));
#11399 = VECTOR('',#11400,1.);
#11400 = DIRECTION('',(2.22044604925E-16,0.,-1.));
#11401 = ORIENTED_EDGE('',*,*,#11402,.T.);
#11402 = EDGE_CURVE('',#11393,#11403,#11405,.T.);
#11403 = VERTEX_POINT('',#11404);
#11404 = CARTESIAN_POINT('',(27.823501,-32.287358,52.374688));
#11405 = LINE('',#11406,#11407);
#11406 = CARTESIAN_POINT('',(26.323501,-32.287358,52.374688));
#11407 = VECTOR('',#11408,1.);
#11408 = DIRECTION('',(-1.,0.,-2.22044604925E-16));
#11409 = ORIENTED_EDGE('',*,*,#11410,.T.);
#11410 = EDGE_CURVE('',#11403,#11411,#11413,.T.);
#11411 = VERTEX_POINT('',#11412);
#11412 = CARTESIAN_POINT('',(27.823501,-32.287358,48.374688));
#11413 = LINE('',#11414,#11415);
#11414 = CARTESIAN_POINT('',(27.823501,-32.287358,59.524688));
#11415 = VECTOR('',#11416,1.);
#11416 = DIRECTION('',(2.22044604925E-16,0.,-1.));
#11417 = ORIENTED_EDGE('',*,*,#11418,.F.);
#11418 = EDGE_CURVE('',#11395,#11411,#11419,.T.);
#11419 = LINE('',#11420,#11421);
#11420 = CARTESIAN_POINT('',(26.323501,-32.287358,48.374688));
#11421 = VECTOR('',#11422,1.);
#11422 = DIRECTION('',(-1.,0.,-2.22044604925E-16));
#11423 = FACE_BOUND('',#11424,.F.);
#11424 = EDGE_LOOP('',(#11425,#11435,#11443,#11451));
#11425 = ORIENTED_EDGE('',*,*,#11426,.F.);
#11426 = EDGE_CURVE('',#11427,#11429,#11431,.T.);
#11427 = VERTEX_POINT('',#11428);
#11428 = CARTESIAN_POINT('',(36.223501,-32.287358,44.374688));
#11429 = VERTEX_POINT('',#11430);
#11430 = CARTESIAN_POINT('',(36.223501,-32.287358,40.374688));
#11431 = LINE('',#11432,#11433);
#11432 = CARTESIAN_POINT('',(36.223501,-32.287358,55.524688));
#11433 = VECTOR('',#11434,1.);
#11434 = DIRECTION('',(2.22044604925E-16,0.,-1.));
#11435 = ORIENTED_EDGE('',*,*,#11436,.T.);
#11436 = EDGE_CURVE('',#11427,#11437,#11439,.T.);
#11437 = VERTEX_POINT('',#11438);
#11438 = CARTESIAN_POINT('',(27.823501,-32.287358,44.374688));
#11439 = LINE('',#11440,#11441);
#11440 = CARTESIAN_POINT('',(26.323501,-32.287358,44.374688));
#11441 = VECTOR('',#11442,1.);
#11442 = DIRECTION('',(-1.,0.,-2.22044604925E-16));
#11443 = ORIENTED_EDGE('',*,*,#11444,.T.);
#11444 = EDGE_CURVE('',#11437,#11445,#11447,.T.);
#11445 = VERTEX_POINT('',#11446);
#11446 = CARTESIAN_POINT('',(27.823501,-32.287358,40.374688));
#11447 = LINE('',#11448,#11449);
#11448 = CARTESIAN_POINT('',(27.823501,-32.287358,55.524688));
#11449 = VECTOR('',#11450,1.);
#11450 = DIRECTION('',(2.22044604925E-16,0.,-1.));
#11451 = ORIENTED_EDGE('',*,*,#11452,.F.);
#11452 = EDGE_CURVE('',#11429,#11445,#11453,.T.);
#11453 = LINE('',#11454,#11455);
#11454 = CARTESIAN_POINT('',(26.323501,-32.287358,40.374688));
#11455 = VECTOR('',#11456,1.);
#11456 = DIRECTION('',(-1.,0.,-2.22044604925E-16));
#11457 = FACE_BOUND('',#11458,.F.);
#11458 = EDGE_LOOP('',(#11459,#11469,#11477,#11485));
#11459 = ORIENTED_EDGE('',*,*,#11460,.F.);
#11460 = EDGE_CURVE('',#11461,#11463,#11465,.T.);
#11461 = VERTEX_POINT('',#11462);
#11462 = CARTESIAN_POINT('',(36.223501,-32.287358,36.374688));
#11463 = VERTEX_POINT('',#11464);
#11464 = CARTESIAN_POINT('',(36.223501,-32.287358,32.374688));
#11465 = LINE('',#11466,#11467);
#11466 = CARTESIAN_POINT('',(36.223501,-32.287358,51.524688));
#11467 = VECTOR('',#11468,1.);
#11468 = DIRECTION('',(2.22044604925E-16,0.,-1.));
#11469 = ORIENTED_EDGE('',*,*,#11470,.T.);
#11470 = EDGE_CURVE('',#11461,#11471,#11473,.T.);
#11471 = VERTEX_POINT('',#11472);
#11472 = CARTESIAN_POINT('',(27.823501,-32.287358,36.374688));
#11473 = LINE('',#11474,#11475);
#11474 = CARTESIAN_POINT('',(26.323501,-32.287358,36.374688));
#11475 = VECTOR('',#11476,1.);
#11476 = DIRECTION('',(-1.,0.,-2.22044604925E-16));
#11477 = ORIENTED_EDGE('',*,*,#11478,.T.);
#11478 = EDGE_CURVE('',#11471,#11479,#11481,.T.);
#11479 = VERTEX_POINT('',#11480);
#11480 = CARTESIAN_POINT('',(27.823501,-32.287358,32.374688));
#11481 = LINE('',#11482,#11483);
#11482 = CARTESIAN_POINT('',(27.823501,-32.287358,51.524688));
#11483 = VECTOR('',#11484,1.);
#11484 = DIRECTION('',(2.22044604925E-16,0.,-1.));
#11485 = ORIENTED_EDGE('',*,*,#11486,.F.);
#11486 = EDGE_CURVE('',#11463,#11479,#11487,.T.);
#11487 = LINE('',#11488,#11489);
#11488 = CARTESIAN_POINT('',(26.323501,-32.287358,32.374688));
#11489 = VECTOR('',#11490,1.);
#11490 = DIRECTION('',(-1.,0.,-2.22044604925E-16));
#11491 = FACE_BOUND('',#11492,.F.);
#11492 = EDGE_LOOP('',(#11493,#11503,#11511,#11519));
#11493 = ORIENTED_EDGE('',*,*,#11494,.F.);
#11494 = EDGE_CURVE('',#11495,#11497,#11499,.T.);
#11495 = VERTEX_POINT('',#11496);
#11496 = CARTESIAN_POINT('',(36.223501,-32.287358,28.374688));
#11497 = VERTEX_POINT('',#11498);
#11498 = CARTESIAN_POINT('',(36.223501,-32.287358,24.374688));
#11499 = LINE('',#11500,#11501);
#11500 = CARTESIAN_POINT('',(36.223501,-32.287358,47.524688));
#11501 = VECTOR('',#11502,1.);
#11502 = DIRECTION('',(2.22044604925E-16,0.,-1.));
#11503 = ORIENTED_EDGE('',*,*,#11504,.T.);
#11504 = EDGE_CURVE('',#11495,#11505,#11507,.T.);
#11505 = VERTEX_POINT('',#11506);
#11506 = CARTESIAN_POINT('',(27.823501,-32.287358,28.374688));
#11507 = LINE('',#11508,#11509);
#11508 = CARTESIAN_POINT('',(26.323501,-32.287358,28.374688));
#11509 = VECTOR('',#11510,1.);
#11510 = DIRECTION('',(-1.,0.,-2.22044604925E-16));
#11511 = ORIENTED_EDGE('',*,*,#11512,.T.);
#11512 = EDGE_CURVE('',#11505,#11513,#11515,.T.);
#11513 = VERTEX_POINT('',#11514);
#11514 = CARTESIAN_POINT('',(27.823501,-32.287358,24.374688));
#11515 = LINE('',#11516,#11517);
#11516 = CARTESIAN_POINT('',(27.823501,-32.287358,47.524688));
#11517 = VECTOR('',#11518,1.);
#11518 = DIRECTION('',(2.22044604925E-16,0.,-1.));
#11519 = ORIENTED_EDGE('',*,*,#11520,.F.);
#11520 = EDGE_CURVE('',#11497,#11513,#11521,.T.);
#11521 = LINE('',#11522,#11523);
#11522 = CARTESIAN_POINT('',(26.323501,-32.287358,24.374688));
#11523 = VECTOR('',#11524,1.);
#11524 = DIRECTION('',(-1.,0.,-2.22044604925E-16));
#11525 = PLANE('',#11526);
#11526 = AXIS2_PLACEMENT_3D('',#11527,#11528,#11529);
#11527 = CARTESIAN_POINT('',(24.823501,-32.287358,66.674688));
#11528 = DIRECTION('',(0.,1.,0.));
#11529 = DIRECTION('',(2.22044604925E-16,0.,-1.));
#11530 = ADVANCED_FACE('',(#11531),#11581,.F.);
#11531 = FACE_BOUND('',#11532,.F.);
#11532 = EDGE_LOOP('',(#11533,#11542,#11543,#11551,#11559,#11567,#11575)
  );
#11533 = ORIENTED_EDGE('',*,*,#11534,.T.);
#11534 = EDGE_CURVE('',#11535,#11229,#11537,.T.);
#11535 = VERTEX_POINT('',#11536);
#11536 = CARTESIAN_POINT('',(24.823501,-29.787358,69.174688));
#11537 = CIRCLE('',#11538,2.5);
#11538 = AXIS2_PLACEMENT_3D('',#11539,#11540,#11541);
#11539 = CARTESIAN_POINT('',(24.823501,-29.787358,66.674688));
#11540 = DIRECTION('',(1.,-0.,2.22044604925E-16));
#11541 = DIRECTION('',(2.22044604925E-16,0.,-1.));
#11542 = ORIENTED_EDGE('',*,*,#11228,.T.);
#11543 = ORIENTED_EDGE('',*,*,#11544,.T.);
#11544 = EDGE_CURVE('',#11231,#11545,#11547,.T.);
#11545 = VERTEX_POINT('',#11546);
#11546 = CARTESIAN_POINT('',(24.823501,-29.487358,60.974688));
#11547 = LINE('',#11548,#11549);
#11548 = CARTESIAN_POINT('',(24.823501,-32.387358,60.974688));
#11549 = VECTOR('',#11550,1.);
#11550 = DIRECTION('',(0.,1.,0.));
#11551 = ORIENTED_EDGE('',*,*,#11552,.T.);
#11552 = EDGE_CURVE('',#11545,#11553,#11555,.T.);
#11553 = VERTEX_POINT('',#11554);
#11554 = CARTESIAN_POINT('',(24.823501,-29.487358,66.374688));
#11555 = LINE('',#11556,#11557);
#11556 = CARTESIAN_POINT('',(24.823501,-29.487358,54.056016));
#11557 = VECTOR('',#11558,1.);
#11558 = DIRECTION('',(-2.22044604925E-16,0.,1.));
#11559 = ORIENTED_EDGE('',*,*,#11560,.T.);
#11560 = EDGE_CURVE('',#11553,#11561,#11563,.T.);
#11561 = VERTEX_POINT('',#11562);
#11562 = CARTESIAN_POINT('',(24.823501,-25.487358,66.374688));
#11563 = LINE('',#11564,#11565);
#11564 = CARTESIAN_POINT('',(24.823501,-14.618679,66.374688));
#11565 = VECTOR('',#11566,1.);
#11566 = DIRECTION('',(0.,1.,0.));
#11567 = ORIENTED_EDGE('',*,*,#11568,.F.);
#11568 = EDGE_CURVE('',#11569,#11561,#11571,.T.);
#11569 = VERTEX_POINT('',#11570);
#11570 = CARTESIAN_POINT('',(24.823501,-25.487358,69.174688));
#11571 = LINE('',#11572,#11573);
#11572 = CARTESIAN_POINT('',(24.823501,-25.487358,69.274688));
#11573 = VECTOR('',#11574,1.);
#11574 = DIRECTION('',(2.22044604925E-16,0.,-1.));
#11575 = ORIENTED_EDGE('',*,*,#11576,.T.);
#11576 = EDGE_CURVE('',#11569,#11535,#11577,.T.);
#11577 = LINE('',#11578,#11579);
#11578 = CARTESIAN_POINT('',(24.823501,30.287358,69.174688));
#11579 = VECTOR('',#11580,1.);
#11580 = DIRECTION('',(0.,-1.,0.));
#11581 = PLANE('',#11582);
#11582 = AXIS2_PLACEMENT_3D('',#11583,#11584,#11585);
#11583 = CARTESIAN_POINT('',(24.823501,0.25,41.737344));
#11584 = DIRECTION('',(1.,0.,2.22044604925E-16));
#11585 = DIRECTION('',(2.22044604925E-16,0.,-1.));
#11586 = ADVANCED_FACE('',(#11587),#11612,.F.);
#11587 = FACE_BOUND('',#11588,.F.);
#11588 = EDGE_LOOP('',(#11589,#11597,#11605,#11611));
#11589 = ORIENTED_EDGE('',*,*,#11590,.F.);
#11590 = EDGE_CURVE('',#11591,#11343,#11593,.T.);
#11591 = VERTEX_POINT('',#11592);
#11592 = CARTESIAN_POINT('',(27.623501,-32.387358,60.974688));
#11593 = LINE('',#11594,#11595);
#11594 = CARTESIAN_POINT('',(27.623501,-32.387358,60.974688));
#11595 = VECTOR('',#11596,1.);
#11596 = DIRECTION('',(0.,1.,0.));
#11597 = ORIENTED_EDGE('',*,*,#11598,.F.);
#11598 = EDGE_CURVE('',#11599,#11591,#11601,.T.);
#11599 = VERTEX_POINT('',#11600);
#11600 = CARTESIAN_POINT('',(24.823501,-32.387358,60.974688));
#11601 = LINE('',#11602,#11603);
#11602 = CARTESIAN_POINT('',(24.823501,-32.387358,60.974688));
#11603 = VECTOR('',#11604,1.);
#11604 = DIRECTION('',(1.,0.,2.22044604925E-16));
#11605 = ORIENTED_EDGE('',*,*,#11606,.T.);
#11606 = EDGE_CURVE('',#11599,#11231,#11607,.T.);
#11607 = LINE('',#11608,#11609);
#11608 = CARTESIAN_POINT('',(24.823501,-32.387358,60.974688));
#11609 = VECTOR('',#11610,1.);
#11610 = DIRECTION('',(0.,1.,0.));
#11611 = ORIENTED_EDGE('',*,*,#11350,.F.);
#11612 = PLANE('',#11613);
#11613 = AXIS2_PLACEMENT_3D('',#11614,#11615,#11616);
#11614 = CARTESIAN_POINT('',(24.823501,-32.387358,60.974688));
#11615 = DIRECTION('',(2.22044604925E-16,0.,-1.));
#11616 = DIRECTION('',(1.,0.,2.22044604925E-16));
#11617 = ADVANCED_FACE('',(#11618),#11636,.T.);
#11618 = FACE_BOUND('',#11619,.T.);
#11619 = EDGE_LOOP('',(#11620,#11621,#11629,#11635));
#11620 = ORIENTED_EDGE('',*,*,#11590,.F.);
#11621 = ORIENTED_EDGE('',*,*,#11622,.T.);
#11622 = EDGE_CURVE('',#11591,#11623,#11625,.T.);
#11623 = VERTEX_POINT('',#11624);
#11624 = CARTESIAN_POINT('',(27.623501,-32.387358,48.562344));
#11625 = LINE('',#11626,#11627);
#11626 = CARTESIAN_POINT('',(27.623501,-32.387358,60.974688));
#11627 = VECTOR('',#11628,1.);
#11628 = DIRECTION('',(2.22044604925E-16,0.,-1.));
#11629 = ORIENTED_EDGE('',*,*,#11630,.T.);
#11630 = EDGE_CURVE('',#11623,#11335,#11631,.T.);
#11631 = LINE('',#11632,#11633);
#11632 = CARTESIAN_POINT('',(27.623501,-32.387358,48.562344));
#11633 = VECTOR('',#11634,1.);
#11634 = DIRECTION('',(0.,1.,0.));
#11635 = ORIENTED_EDGE('',*,*,#11342,.F.);
#11636 = PLANE('',#11637);
#11637 = AXIS2_PLACEMENT_3D('',#11638,#11639,#11640);
#11638 = CARTESIAN_POINT('',(27.623501,-32.387358,60.974688));
#11639 = DIRECTION('',(1.,0.,2.22044604925E-16));
#11640 = DIRECTION('',(2.22044604925E-16,0.,-1.));
#11641 = ADVANCED_FACE('',(#11642),#11660,.T.);
#11642 = FACE_BOUND('',#11643,.T.);
#11643 = EDGE_LOOP('',(#11644,#11645,#11653,#11659));
#11644 = ORIENTED_EDGE('',*,*,#11630,.F.);
#11645 = ORIENTED_EDGE('',*,*,#11646,.F.);
#11646 = EDGE_CURVE('',#11647,#11623,#11649,.T.);
#11647 = VERTEX_POINT('',#11648);
#11648 = CARTESIAN_POINT('',(24.823501,-32.387358,48.562344));
#11649 = LINE('',#11650,#11651);
#11650 = CARTESIAN_POINT('',(24.823501,-32.387358,48.562344));
#11651 = VECTOR('',#11652,1.);
#11652 = DIRECTION('',(1.,0.,2.22044604925E-16));
#11653 = ORIENTED_EDGE('',*,*,#11654,.T.);
#11654 = EDGE_CURVE('',#11647,#11327,#11655,.T.);
#11655 = LINE('',#11656,#11657);
#11656 = CARTESIAN_POINT('',(24.823501,-32.387358,48.562344));
#11657 = VECTOR('',#11658,1.);
#11658 = DIRECTION('',(0.,1.,0.));
#11659 = ORIENTED_EDGE('',*,*,#11334,.F.);
#11660 = PLANE('',#11661);
#11661 = AXIS2_PLACEMENT_3D('',#11662,#11663,#11664);
#11662 = CARTESIAN_POINT('',(24.823501,-32.387358,48.562344));
#11663 = DIRECTION('',(2.22044604925E-16,0.,-1.));
#11664 = DIRECTION('',(1.,0.,2.22044604925E-16));
#11665 = ADVANCED_FACE('',(#11666),#11691,.F.);
#11666 = FACE_BOUND('',#11667,.F.);
#11667 = EDGE_LOOP('',(#11668,#11676,#11677,#11685));
#11668 = ORIENTED_EDGE('',*,*,#11669,.F.);
#11669 = EDGE_CURVE('',#11327,#11670,#11672,.T.);
#11670 = VERTEX_POINT('',#11671);
#11671 = CARTESIAN_POINT('',(24.823501,-29.487358,48.562344));
#11672 = LINE('',#11673,#11674);
#11673 = CARTESIAN_POINT('',(24.823501,-32.387358,48.562344));
#11674 = VECTOR('',#11675,1.);
#11675 = DIRECTION('',(0.,1.,0.));
#11676 = ORIENTED_EDGE('',*,*,#11326,.T.);
#11677 = ORIENTED_EDGE('',*,*,#11678,.T.);
#11678 = EDGE_CURVE('',#11319,#11679,#11681,.T.);
#11679 = VERTEX_POINT('',#11680);
#11680 = CARTESIAN_POINT('',(24.823501,-29.487358,34.962344));
#11681 = LINE('',#11682,#11683);
#11682 = CARTESIAN_POINT('',(24.823501,-32.387358,34.962344));
#11683 = VECTOR('',#11684,1.);
#11684 = DIRECTION('',(0.,1.,0.));
#11685 = ORIENTED_EDGE('',*,*,#11686,.T.);
#11686 = EDGE_CURVE('',#11679,#11670,#11687,.T.);
#11687 = LINE('',#11688,#11689);
#11688 = CARTESIAN_POINT('',(24.823501,-29.487358,54.056016));
#11689 = VECTOR('',#11690,1.);
#11690 = DIRECTION('',(-2.22044604925E-16,0.,1.));
#11691 = PLANE('',#11692);
#11692 = AXIS2_PLACEMENT_3D('',#11693,#11694,#11695);
#11693 = CARTESIAN_POINT('',(24.823501,0.25,41.737344));
#11694 = DIRECTION('',(1.,0.,2.22044604925E-16));
#11695 = DIRECTION('',(2.22044604925E-16,0.,-1.));
#11696 = ADVANCED_FACE('',(#11697),#11722,.F.);
#11697 = FACE_BOUND('',#11698,.F.);
#11698 = EDGE_LOOP('',(#11699,#11707,#11715,#11721));
#11699 = ORIENTED_EDGE('',*,*,#11700,.F.);
#11700 = EDGE_CURVE('',#11701,#11311,#11703,.T.);
#11701 = VERTEX_POINT('',#11702);
#11702 = CARTESIAN_POINT('',(27.623501,-32.387358,34.962344));
#11703 = LINE('',#11704,#11705);
#11704 = CARTESIAN_POINT('',(27.623501,-32.387358,34.962344));
#11705 = VECTOR('',#11706,1.);
#11706 = DIRECTION('',(0.,1.,0.));
#11707 = ORIENTED_EDGE('',*,*,#11708,.F.);
#11708 = EDGE_CURVE('',#11709,#11701,#11711,.T.);
#11709 = VERTEX_POINT('',#11710);
#11710 = CARTESIAN_POINT('',(24.823501,-32.387358,34.962344));
#11711 = LINE('',#11712,#11713);
#11712 = CARTESIAN_POINT('',(24.823501,-32.387358,34.962344));
#11713 = VECTOR('',#11714,1.);
#11714 = DIRECTION('',(1.,0.,2.22044604925E-16));
#11715 = ORIENTED_EDGE('',*,*,#11716,.T.);
#11716 = EDGE_CURVE('',#11709,#11319,#11717,.T.);
#11717 = LINE('',#11718,#11719);
#11718 = CARTESIAN_POINT('',(24.823501,-32.387358,34.962344));
#11719 = VECTOR('',#11720,1.);
#11720 = DIRECTION('',(0.,1.,0.));
#11721 = ORIENTED_EDGE('',*,*,#11318,.F.);
#11722 = PLANE('',#11723);
#11723 = AXIS2_PLACEMENT_3D('',#11724,#11725,#11726);
#11724 = CARTESIAN_POINT('',(24.823501,-32.387358,34.962344));
#11725 = DIRECTION('',(2.22044604925E-16,0.,-1.));
#11726 = DIRECTION('',(1.,0.,2.22044604925E-16));
#11727 = ADVANCED_FACE('',(#11728),#11746,.T.);
#11728 = FACE_BOUND('',#11729,.T.);
#11729 = EDGE_LOOP('',(#11730,#11731,#11739,#11745));
#11730 = ORIENTED_EDGE('',*,*,#11700,.F.);
#11731 = ORIENTED_EDGE('',*,*,#11732,.T.);
#11732 = EDGE_CURVE('',#11701,#11733,#11735,.T.);
#11733 = VERTEX_POINT('',#11734);
#11734 = CARTESIAN_POINT('',(27.623501,-32.387358,30.985344));
#11735 = LINE('',#11736,#11737);
#11736 = CARTESIAN_POINT('',(27.623501,-32.387358,34.962344));
#11737 = VECTOR('',#11738,1.);
#11738 = DIRECTION('',(2.22044604925E-16,0.,-1.));
#11739 = ORIENTED_EDGE('',*,*,#11740,.T.);
#11740 = EDGE_CURVE('',#11733,#11303,#11741,.T.);
#11741 = LINE('',#11742,#11743);
#11742 = CARTESIAN_POINT('',(27.623501,-32.387358,30.985344));
#11743 = VECTOR('',#11744,1.);
#11744 = DIRECTION('',(0.,1.,0.));
#11745 = ORIENTED_EDGE('',*,*,#11310,.F.);
#11746 = PLANE('',#11747);
#11747 = AXIS2_PLACEMENT_3D('',#11748,#11749,#11750);
#11748 = CARTESIAN_POINT('',(27.623501,-32.387358,34.962344));
#11749 = DIRECTION('',(1.,0.,2.22044604925E-16));
#11750 = DIRECTION('',(2.22044604925E-16,0.,-1.));
#11751 = ADVANCED_FACE('',(#11752),#11770,.T.);
#11752 = FACE_BOUND('',#11753,.T.);
#11753 = EDGE_LOOP('',(#11754,#11755,#11763,#11769));
#11754 = ORIENTED_EDGE('',*,*,#11740,.F.);
#11755 = ORIENTED_EDGE('',*,*,#11756,.F.);
#11756 = EDGE_CURVE('',#11757,#11733,#11759,.T.);
#11757 = VERTEX_POINT('',#11758);
#11758 = CARTESIAN_POINT('',(24.823501,-32.387358,30.985344));
#11759 = LINE('',#11760,#11761);
#11760 = CARTESIAN_POINT('',(24.823501,-32.387358,30.985344));
#11761 = VECTOR('',#11762,1.);
#11762 = DIRECTION('',(1.,0.,2.22044604925E-16));
#11763 = ORIENTED_EDGE('',*,*,#11764,.T.);
#11764 = EDGE_CURVE('',#11757,#11295,#11765,.T.);
#11765 = LINE('',#11766,#11767);
#11766 = CARTESIAN_POINT('',(24.823501,-32.387358,30.985344));
#11767 = VECTOR('',#11768,1.);
#11768 = DIRECTION('',(0.,1.,0.));
#11769 = ORIENTED_EDGE('',*,*,#11302,.F.);
#11770 = PLANE('',#11771);
#11771 = AXIS2_PLACEMENT_3D('',#11772,#11773,#11774);
#11772 = CARTESIAN_POINT('',(24.823501,-32.387358,30.985344));
#11773 = DIRECTION('',(2.22044604925E-16,0.,-1.));
#11774 = DIRECTION('',(1.,0.,2.22044604925E-16));
#11775 = ADVANCED_FACE('',(#11776),#11801,.F.);
#11776 = FACE_BOUND('',#11777,.F.);
#11777 = EDGE_LOOP('',(#11778,#11786,#11787,#11795));
#11778 = ORIENTED_EDGE('',*,*,#11779,.F.);
#11779 = EDGE_CURVE('',#11295,#11780,#11782,.T.);
#11780 = VERTEX_POINT('',#11781);
#11781 = CARTESIAN_POINT('',(24.823501,-29.487358,30.985344));
#11782 = LINE('',#11783,#11784);
#11783 = CARTESIAN_POINT('',(24.823501,-32.387358,30.985344));
#11784 = VECTOR('',#11785,1.);
#11785 = DIRECTION('',(0.,1.,0.));
#11786 = ORIENTED_EDGE('',*,*,#11294,.T.);
#11787 = ORIENTED_EDGE('',*,*,#11788,.T.);
#11788 = EDGE_CURVE('',#11287,#11789,#11791,.T.);
#11789 = VERTEX_POINT('',#11790);
#11790 = CARTESIAN_POINT('',(24.823501,-29.487358,26.884344));
#11791 = LINE('',#11792,#11793);
#11792 = CARTESIAN_POINT('',(24.823501,-32.387358,26.884344));
#11793 = VECTOR('',#11794,1.);
#11794 = DIRECTION('',(0.,1.,0.));
#11795 = ORIENTED_EDGE('',*,*,#11796,.T.);
#11796 = EDGE_CURVE('',#11789,#11780,#11797,.T.);
#11797 = LINE('',#11798,#11799);
#11798 = CARTESIAN_POINT('',(24.823501,-29.487358,54.056016));
#11799 = VECTOR('',#11800,1.);
#11800 = DIRECTION('',(-2.22044604925E-16,0.,1.));
#11801 = PLANE('',#11802);
#11802 = AXIS2_PLACEMENT_3D('',#11803,#11804,#11805);
#11803 = CARTESIAN_POINT('',(24.823501,0.25,41.737344));
#11804 = DIRECTION('',(1.,0.,2.22044604925E-16));
#11805 = DIRECTION('',(2.22044604925E-16,0.,-1.));
#11806 = ADVANCED_FACE('',(#11807),#11832,.F.);
#11807 = FACE_BOUND('',#11808,.F.);
#11808 = EDGE_LOOP('',(#11809,#11817,#11825,#11831));
#11809 = ORIENTED_EDGE('',*,*,#11810,.F.);
#11810 = EDGE_CURVE('',#11811,#11279,#11813,.T.);
#11811 = VERTEX_POINT('',#11812);
#11812 = CARTESIAN_POINT('',(27.623501,-32.387358,26.884344));
#11813 = LINE('',#11814,#11815);
#11814 = CARTESIAN_POINT('',(27.623501,-32.387358,26.884344));
#11815 = VECTOR('',#11816,1.);
#11816 = DIRECTION('',(0.,1.,0.));
#11817 = ORIENTED_EDGE('',*,*,#11818,.F.);
#11818 = EDGE_CURVE('',#11819,#11811,#11821,.T.);
#11819 = VERTEX_POINT('',#11820);
#11820 = CARTESIAN_POINT('',(24.823501,-32.387358,26.884344));
#11821 = LINE('',#11822,#11823);
#11822 = CARTESIAN_POINT('',(24.823501,-32.387358,26.884344));
#11823 = VECTOR('',#11824,1.);
#11824 = DIRECTION('',(1.,0.,2.22044604925E-16));
#11825 = ORIENTED_EDGE('',*,*,#11826,.T.);
#11826 = EDGE_CURVE('',#11819,#11287,#11827,.T.);
#11827 = LINE('',#11828,#11829);
#11828 = CARTESIAN_POINT('',(24.823501,-32.387358,26.884344));
#11829 = VECTOR('',#11830,1.);
#11830 = DIRECTION('',(0.,1.,0.));
#11831 = ORIENTED_EDGE('',*,*,#11286,.F.);
#11832 = PLANE('',#11833);
#11833 = AXIS2_PLACEMENT_3D('',#11834,#11835,#11836);
#11834 = CARTESIAN_POINT('',(24.823501,-32.387358,26.884344));
#11835 = DIRECTION('',(2.22044604925E-16,0.,-1.));
#11836 = DIRECTION('',(1.,0.,2.22044604925E-16));
#11837 = ADVANCED_FACE('',(#11838),#11856,.T.);
#11838 = FACE_BOUND('',#11839,.T.);
#11839 = EDGE_LOOP('',(#11840,#11841,#11849,#11855));
#11840 = ORIENTED_EDGE('',*,*,#11810,.F.);
#11841 = ORIENTED_EDGE('',*,*,#11842,.T.);
#11842 = EDGE_CURVE('',#11811,#11843,#11845,.T.);
#11843 = VERTEX_POINT('',#11844);
#11844 = CARTESIAN_POINT('',(27.623501,-32.387358,22.5));
#11845 = LINE('',#11846,#11847);
#11846 = CARTESIAN_POINT('',(27.623501,-32.387358,26.884344));
#11847 = VECTOR('',#11848,1.);
#11848 = DIRECTION('',(2.22044604925E-16,0.,-1.));
#11849 = ORIENTED_EDGE('',*,*,#11850,.T.);
#11850 = EDGE_CURVE('',#11843,#11271,#11851,.T.);
#11851 = LINE('',#11852,#11853);
#11852 = CARTESIAN_POINT('',(27.623501,-32.387358,22.5));
#11853 = VECTOR('',#11854,1.);
#11854 = DIRECTION('',(0.,1.,0.));
#11855 = ORIENTED_EDGE('',*,*,#11278,.F.);
#11856 = PLANE('',#11857);
#11857 = AXIS2_PLACEMENT_3D('',#11858,#11859,#11860);
#11858 = CARTESIAN_POINT('',(27.623501,-32.387358,26.884344));
#11859 = DIRECTION('',(1.,0.,2.22044604925E-16));
#11860 = DIRECTION('',(2.22044604925E-16,0.,-1.));
#11861 = ADVANCED_FACE('',(#11862),#11880,.T.);
#11862 = FACE_BOUND('',#11863,.T.);
#11863 = EDGE_LOOP('',(#11864,#11865,#11873,#11879));
#11864 = ORIENTED_EDGE('',*,*,#11850,.F.);
#11865 = ORIENTED_EDGE('',*,*,#11866,.F.);
#11866 = EDGE_CURVE('',#11867,#11843,#11869,.T.);
#11867 = VERTEX_POINT('',#11868);
#11868 = CARTESIAN_POINT('',(24.823501,-32.387358,22.5));
#11869 = LINE('',#11870,#11871);
#11870 = CARTESIAN_POINT('',(24.823501,-32.387358,22.5));
#11871 = VECTOR('',#11872,1.);
#11872 = DIRECTION('',(1.,0.,2.22044604925E-16));
#11873 = ORIENTED_EDGE('',*,*,#11874,.T.);
#11874 = EDGE_CURVE('',#11867,#11263,#11875,.T.);
#11875 = LINE('',#11876,#11877);
#11876 = CARTESIAN_POINT('',(24.823501,-32.387358,22.5));
#11877 = VECTOR('',#11878,1.);
#11878 = DIRECTION('',(0.,1.,0.));
#11879 = ORIENTED_EDGE('',*,*,#11270,.F.);
#11880 = PLANE('',#11881);
#11881 = AXIS2_PLACEMENT_3D('',#11882,#11883,#11884);
#11882 = CARTESIAN_POINT('',(24.823501,-32.387358,22.5));
#11883 = DIRECTION('',(2.22044604925E-16,0.,-1.));
#11884 = DIRECTION('',(1.,0.,2.22044604925E-16));
#11885 = ADVANCED_FACE('',(#11886),#11936,.F.);
#11886 = FACE_BOUND('',#11887,.F.);
#11887 = EDGE_LOOP('',(#11888,#11896,#11897,#11906,#11914,#11922,#11930)
  );
#11888 = ORIENTED_EDGE('',*,*,#11889,.F.);
#11889 = EDGE_CURVE('',#11263,#11890,#11892,.T.);
#11890 = VERTEX_POINT('',#11891);
#11891 = CARTESIAN_POINT('',(24.823501,-29.487358,22.5));
#11892 = LINE('',#11893,#11894);
#11893 = CARTESIAN_POINT('',(24.823501,-32.387358,22.5));
#11894 = VECTOR('',#11895,1.);
#11895 = DIRECTION('',(0.,1.,0.));
#11896 = ORIENTED_EDGE('',*,*,#11262,.T.);
#11897 = ORIENTED_EDGE('',*,*,#11898,.T.);
#11898 = EDGE_CURVE('',#11255,#11899,#11901,.T.);
#11899 = VERTEX_POINT('',#11900);
#11900 = CARTESIAN_POINT('',(24.823501,-29.787358,14.3));
#11901 = CIRCLE('',#11902,2.5);
#11902 = AXIS2_PLACEMENT_3D('',#11903,#11904,#11905);
#11903 = CARTESIAN_POINT('',(24.823501,-29.787358,16.8));
#11904 = DIRECTION('',(1.,-0.,2.22044604925E-16));
#11905 = DIRECTION('',(2.22044604925E-16,0.,-1.));
#11906 = ORIENTED_EDGE('',*,*,#11907,.T.);
#11907 = EDGE_CURVE('',#11899,#11908,#11910,.T.);
#11908 = VERTEX_POINT('',#11909);
#11909 = CARTESIAN_POINT('',(24.823501,-25.487358,14.3));
#11910 = LINE('',#11911,#11912);
#11911 = CARTESIAN_POINT('',(24.823501,-29.787358,14.3));
#11912 = VECTOR('',#11913,1.);
#11913 = DIRECTION('',(0.,1.,0.));
#11914 = ORIENTED_EDGE('',*,*,#11915,.F.);
#11915 = EDGE_CURVE('',#11916,#11908,#11918,.T.);
#11916 = VERTEX_POINT('',#11917);
#11917 = CARTESIAN_POINT('',(24.823501,-25.487358,17.1));
#11918 = LINE('',#11919,#11920);
#11919 = CARTESIAN_POINT('',(24.823501,-25.487358,20.3));
#11920 = VECTOR('',#11921,1.);
#11921 = DIRECTION('',(2.22044604925E-16,0.,-1.));
#11922 = ORIENTED_EDGE('',*,*,#11923,.F.);
#11923 = EDGE_CURVE('',#11924,#11916,#11926,.T.);
#11924 = VERTEX_POINT('',#11925);
#11925 = CARTESIAN_POINT('',(24.823501,-29.487358,17.1));
#11926 = LINE('',#11927,#11928);
#11927 = CARTESIAN_POINT('',(24.823501,-14.618679,17.1));
#11928 = VECTOR('',#11929,1.);
#11929 = DIRECTION('',(0.,1.,0.));
#11930 = ORIENTED_EDGE('',*,*,#11931,.T.);
#11931 = EDGE_CURVE('',#11924,#11890,#11932,.T.);
#11932 = LINE('',#11933,#11934);
#11933 = CARTESIAN_POINT('',(24.823501,-29.487358,54.056016));
#11934 = VECTOR('',#11935,1.);
#11935 = DIRECTION('',(-2.22044604925E-16,0.,1.));
#11936 = PLANE('',#11937);
#11937 = AXIS2_PLACEMENT_3D('',#11938,#11939,#11940);
#11938 = CARTESIAN_POINT('',(24.823501,0.25,41.737344));
#11939 = DIRECTION('',(1.,0.,2.22044604925E-16));
#11940 = DIRECTION('',(2.22044604925E-16,0.,-1.));
#11941 = ADVANCED_FACE('',(#11942),#11961,.T.);
#11942 = FACE_BOUND('',#11943,.F.);
#11943 = EDGE_LOOP('',(#11944,#11945,#11954,#11960));
#11944 = ORIENTED_EDGE('',*,*,#11254,.T.);
#11945 = ORIENTED_EDGE('',*,*,#11946,.T.);
#11946 = EDGE_CURVE('',#11247,#11947,#11949,.T.);
#11947 = VERTEX_POINT('',#11948);
#11948 = CARTESIAN_POINT('',(40.423501,-29.787358,14.3));
#11949 = CIRCLE('',#11950,2.5);
#11950 = AXIS2_PLACEMENT_3D('',#11951,#11952,#11953);
#11951 = CARTESIAN_POINT('',(40.423501,-29.787358,16.8));
#11952 = DIRECTION('',(1.,-0.,2.22044604925E-16));
#11953 = DIRECTION('',(2.22044604925E-16,0.,-1.));
#11954 = ORIENTED_EDGE('',*,*,#11955,.F.);
#11955 = EDGE_CURVE('',#11899,#11947,#11956,.T.);
#11956 = LINE('',#11957,#11958);
#11957 = CARTESIAN_POINT('',(24.823501,-29.787358,14.3));
#11958 = VECTOR('',#11959,1.);
#11959 = DIRECTION('',(1.,0.,2.22044604925E-16));
#11960 = ORIENTED_EDGE('',*,*,#11898,.F.);
#11961 = CYLINDRICAL_SURFACE('',#11962,2.5);
#11962 = AXIS2_PLACEMENT_3D('',#11963,#11964,#11965);
#11963 = CARTESIAN_POINT('',(24.823501,-29.787358,16.8));
#11964 = DIRECTION('',(-1.,-0.,-2.22044604925E-16));
#11965 = DIRECTION('',(2.22044604925E-16,0.,-1.));
#11966 = ADVANCED_FACE('',(#11967),#12020,.T.);
#11967 = FACE_BOUND('',#11968,.T.);
#11968 = EDGE_LOOP('',(#11969,#11970,#11971,#11979,#11988,#11996,#12005,
    #12013));
#11969 = ORIENTED_EDGE('',*,*,#11246,.T.);
#11970 = ORIENTED_EDGE('',*,*,#11946,.T.);
#11971 = ORIENTED_EDGE('',*,*,#11972,.T.);
#11972 = EDGE_CURVE('',#11947,#11973,#11975,.T.);
#11973 = VERTEX_POINT('',#11974);
#11974 = CARTESIAN_POINT('',(40.423501,30.287358,14.3));
#11975 = LINE('',#11976,#11977);
#11976 = CARTESIAN_POINT('',(40.423501,-29.787358,14.3));
#11977 = VECTOR('',#11978,1.);
#11978 = DIRECTION('',(0.,1.,0.));
#11979 = ORIENTED_EDGE('',*,*,#11980,.T.);
#11980 = EDGE_CURVE('',#11973,#11981,#11983,.T.);
#11981 = VERTEX_POINT('',#11982);
#11982 = CARTESIAN_POINT('',(40.423501,32.787358,16.8));
#11983 = CIRCLE('',#11984,2.5);
#11984 = AXIS2_PLACEMENT_3D('',#11985,#11986,#11987);
#11985 = CARTESIAN_POINT('',(40.423501,30.287358,16.8));
#11986 = DIRECTION('',(1.,-0.,2.22044604925E-16));
#11987 = DIRECTION('',(2.22044604925E-16,0.,-1.));
#11988 = ORIENTED_EDGE('',*,*,#11989,.T.);
#11989 = EDGE_CURVE('',#11981,#11990,#11992,.T.);
#11990 = VERTEX_POINT('',#11991);
#11991 = CARTESIAN_POINT('',(40.423501,32.787358,66.674688));
#11992 = LINE('',#11993,#11994);
#11993 = CARTESIAN_POINT('',(40.423501,32.787358,16.8));
#11994 = VECTOR('',#11995,1.);
#11995 = DIRECTION('',(-2.22044604925E-16,0.,1.));
#11996 = ORIENTED_EDGE('',*,*,#11997,.T.);
#11997 = EDGE_CURVE('',#11990,#11998,#12000,.T.);
#11998 = VERTEX_POINT('',#11999);
#11999 = CARTESIAN_POINT('',(40.423501,30.287358,69.174688));
#12000 = CIRCLE('',#12001,2.5);
#12001 = AXIS2_PLACEMENT_3D('',#12002,#12003,#12004);
#12002 = CARTESIAN_POINT('',(40.423501,30.287358,66.674688));
#12003 = DIRECTION('',(1.,-0.,2.22044604925E-16));
#12004 = DIRECTION('',(2.22044604925E-16,0.,-1.));
#12005 = ORIENTED_EDGE('',*,*,#12006,.T.);
#12006 = EDGE_CURVE('',#11998,#12007,#12009,.T.);
#12007 = VERTEX_POINT('',#12008);
#12008 = CARTESIAN_POINT('',(40.423501,-29.787358,69.174688));
#12009 = LINE('',#12010,#12011);
#12010 = CARTESIAN_POINT('',(40.423501,30.287358,69.174688));
#12011 = VECTOR('',#12012,1.);
#12012 = DIRECTION('',(0.,-1.,0.));
#12013 = ORIENTED_EDGE('',*,*,#12014,.T.);
#12014 = EDGE_CURVE('',#12007,#11239,#12015,.T.);
#12015 = CIRCLE('',#12016,2.5);
#12016 = AXIS2_PLACEMENT_3D('',#12017,#12018,#12019);
#12017 = CARTESIAN_POINT('',(40.423501,-29.787358,66.674688));
#12018 = DIRECTION('',(1.,-0.,2.22044604925E-16));
#12019 = DIRECTION('',(2.22044604925E-16,0.,-1.));
#12020 = PLANE('',#12021);
#12021 = AXIS2_PLACEMENT_3D('',#12022,#12023,#12024);
#12022 = CARTESIAN_POINT('',(40.423501,0.25,41.737344));
#12023 = DIRECTION('',(1.,0.,2.22044604925E-16));
#12024 = DIRECTION('',(2.22044604925E-16,0.,-1.));
#12025 = ADVANCED_FACE('',(#12026),#12037,.T.);
#12026 = FACE_BOUND('',#12027,.F.);
#12027 = EDGE_LOOP('',(#12028,#12034,#12035,#12036));
#12028 = ORIENTED_EDGE('',*,*,#12029,.T.);
#12029 = EDGE_CURVE('',#11535,#12007,#12030,.T.);
#12030 = LINE('',#12031,#12032);
#12031 = CARTESIAN_POINT('',(24.823501,-29.787358,69.174688));
#12032 = VECTOR('',#12033,1.);
#12033 = DIRECTION('',(1.,0.,2.22044604925E-16));
#12034 = ORIENTED_EDGE('',*,*,#12014,.T.);
#12035 = ORIENTED_EDGE('',*,*,#11238,.F.);
#12036 = ORIENTED_EDGE('',*,*,#11534,.F.);
#12037 = CYLINDRICAL_SURFACE('',#12038,2.5);
#12038 = AXIS2_PLACEMENT_3D('',#12039,#12040,#12041);
#12039 = CARTESIAN_POINT('',(24.823501,-29.787358,66.674688));
#12040 = DIRECTION('',(-1.,-0.,-2.22044604925E-16));
#12041 = DIRECTION('',(2.22044604925E-16,0.,-1.));
#12042 = ADVANCED_FACE('',(#12043),#12068,.F.);
#12043 = FACE_BOUND('',#12044,.F.);
#12044 = EDGE_LOOP('',(#12045,#12055,#12061,#12062));
#12045 = ORIENTED_EDGE('',*,*,#12046,.F.);
#12046 = EDGE_CURVE('',#12047,#12049,#12051,.T.);
#12047 = VERTEX_POINT('',#12048);
#12048 = CARTESIAN_POINT('',(36.223501,-29.487358,60.374688));
#12049 = VERTEX_POINT('',#12050);
#12050 = CARTESIAN_POINT('',(36.223501,-29.487358,56.374688));
#12051 = LINE('',#12052,#12053);
#12052 = CARTESIAN_POINT('',(36.223501,-29.487358,63.374688));
#12053 = VECTOR('',#12054,1.);
#12054 = DIRECTION('',(2.22044604925E-16,0.,-1.));
#12055 = ORIENTED_EDGE('',*,*,#12056,.F.);
#12056 = EDGE_CURVE('',#11359,#12047,#12057,.T.);
#12057 = LINE('',#12058,#12059);
#12058 = CARTESIAN_POINT('',(36.223501,-33.287358,60.374688));
#12059 = VECTOR('',#12060,1.);
#12060 = DIRECTION('',(0.,1.,0.));
#12061 = ORIENTED_EDGE('',*,*,#11358,.T.);
#12062 = ORIENTED_EDGE('',*,*,#12063,.T.);
#12063 = EDGE_CURVE('',#11361,#12049,#12064,.T.);
#12064 = LINE('',#12065,#12066);
#12065 = CARTESIAN_POINT('',(36.223501,-33.287358,56.374688));
#12066 = VECTOR('',#12067,1.);
#12067 = DIRECTION('',(0.,1.,0.));
#12068 = PLANE('',#12069);
#12069 = AXIS2_PLACEMENT_3D('',#12070,#12071,#12072);
#12070 = CARTESIAN_POINT('',(36.223501,-33.287358,60.374688));
#12071 = DIRECTION('',(1.,0.,2.22044604925E-16));
#12072 = DIRECTION('',(2.22044604925E-16,0.,-1.));
#12073 = ADVANCED_FACE('',(#12074),#12092,.T.);
#12074 = FACE_BOUND('',#12075,.T.);
#12075 = EDGE_LOOP('',(#12076,#12077,#12078,#12086));
#12076 = ORIENTED_EDGE('',*,*,#12056,.F.);
#12077 = ORIENTED_EDGE('',*,*,#11368,.T.);
#12078 = ORIENTED_EDGE('',*,*,#12079,.T.);
#12079 = EDGE_CURVE('',#11369,#12080,#12082,.T.);
#12080 = VERTEX_POINT('',#12081);
#12081 = CARTESIAN_POINT('',(27.823501,-29.487358,60.374688));
#12082 = LINE('',#12083,#12084);
#12083 = CARTESIAN_POINT('',(27.823501,-33.287358,60.374688));
#12084 = VECTOR('',#12085,1.);
#12085 = DIRECTION('',(0.,1.,0.));
#12086 = ORIENTED_EDGE('',*,*,#12087,.F.);
#12087 = EDGE_CURVE('',#12047,#12080,#12088,.T.);
#12088 = LINE('',#12089,#12090);
#12089 = CARTESIAN_POINT('',(25.823501,-29.487358,60.374688));
#12090 = VECTOR('',#12091,1.);
#12091 = DIRECTION('',(-1.,0.,-2.22044604925E-16));
#12092 = PLANE('',#12093);
#12093 = AXIS2_PLACEMENT_3D('',#12094,#12095,#12096);
#12094 = CARTESIAN_POINT('',(27.823501,-33.287358,60.374688));
#12095 = DIRECTION('',(2.22044604925E-16,0.,-1.));
#12096 = DIRECTION('',(1.,0.,2.22044604925E-16));
#12097 = ADVANCED_FACE('',(#12098),#12116,.F.);
#12098 = FACE_BOUND('',#12099,.F.);
#12099 = EDGE_LOOP('',(#12100,#12101,#12102,#12110));
#12100 = ORIENTED_EDGE('',*,*,#12063,.F.);
#12101 = ORIENTED_EDGE('',*,*,#11384,.T.);
#12102 = ORIENTED_EDGE('',*,*,#12103,.T.);
#12103 = EDGE_CURVE('',#11377,#12104,#12106,.T.);
#12104 = VERTEX_POINT('',#12105);
#12105 = CARTESIAN_POINT('',(27.823501,-29.487358,56.374688));
#12106 = LINE('',#12107,#12108);
#12107 = CARTESIAN_POINT('',(27.823501,-33.287358,56.374688));
#12108 = VECTOR('',#12109,1.);
#12109 = DIRECTION('',(0.,1.,0.));
#12110 = ORIENTED_EDGE('',*,*,#12111,.F.);
#12111 = EDGE_CURVE('',#12049,#12104,#12112,.T.);
#12112 = LINE('',#12113,#12114);
#12113 = CARTESIAN_POINT('',(25.823501,-29.487358,56.374688));
#12114 = VECTOR('',#12115,1.);
#12115 = DIRECTION('',(-1.,0.,-2.22044604925E-16));
#12116 = PLANE('',#12117);
#12117 = AXIS2_PLACEMENT_3D('',#12118,#12119,#12120);
#12118 = CARTESIAN_POINT('',(27.823501,-33.287358,56.374688));
#12119 = DIRECTION('',(2.22044604925E-16,0.,-1.));
#12120 = DIRECTION('',(1.,0.,2.22044604925E-16));
#12121 = ADVANCED_FACE('',(#12122),#12133,.T.);
#12122 = FACE_BOUND('',#12123,.T.);
#12123 = EDGE_LOOP('',(#12124,#12130,#12131,#12132));
#12124 = ORIENTED_EDGE('',*,*,#12125,.F.);
#12125 = EDGE_CURVE('',#12080,#12104,#12126,.T.);
#12126 = LINE('',#12127,#12128);
#12127 = CARTESIAN_POINT('',(27.823501,-29.487358,63.374688));
#12128 = VECTOR('',#12129,1.);
#12129 = DIRECTION('',(2.22044604925E-16,0.,-1.));
#12130 = ORIENTED_EDGE('',*,*,#12079,.F.);
#12131 = ORIENTED_EDGE('',*,*,#11376,.T.);
#12132 = ORIENTED_EDGE('',*,*,#12103,.T.);
#12133 = PLANE('',#12134);
#12134 = AXIS2_PLACEMENT_3D('',#12135,#12136,#12137);
#12135 = CARTESIAN_POINT('',(27.823501,-33.287358,60.374688));
#12136 = DIRECTION('',(1.,0.,2.22044604925E-16));
#12137 = DIRECTION('',(2.22044604925E-16,0.,-1.));
#12138 = ADVANCED_FACE('',(#12139),#12164,.F.);
#12139 = FACE_BOUND('',#12140,.F.);
#12140 = EDGE_LOOP('',(#12141,#12151,#12157,#12158));
#12141 = ORIENTED_EDGE('',*,*,#12142,.F.);
#12142 = EDGE_CURVE('',#12143,#12145,#12147,.T.);
#12143 = VERTEX_POINT('',#12144);
#12144 = CARTESIAN_POINT('',(36.223501,-29.487358,52.374688));
#12145 = VERTEX_POINT('',#12146);
#12146 = CARTESIAN_POINT('',(36.223501,-29.487358,48.374688));
#12147 = LINE('',#12148,#12149);
#12148 = CARTESIAN_POINT('',(36.223501,-29.487358,59.374688));
#12149 = VECTOR('',#12150,1.);
#12150 = DIRECTION('',(2.22044604925E-16,0.,-1.));
#12151 = ORIENTED_EDGE('',*,*,#12152,.F.);
#12152 = EDGE_CURVE('',#11393,#12143,#12153,.T.);
#12153 = LINE('',#12154,#12155);
#12154 = CARTESIAN_POINT('',(36.223501,-33.287358,52.374688));
#12155 = VECTOR('',#12156,1.);
#12156 = DIRECTION('',(0.,1.,0.));
#12157 = ORIENTED_EDGE('',*,*,#11392,.T.);
#12158 = ORIENTED_EDGE('',*,*,#12159,.T.);
#12159 = EDGE_CURVE('',#11395,#12145,#12160,.T.);
#12160 = LINE('',#12161,#12162);
#12161 = CARTESIAN_POINT('',(36.223501,-33.287358,48.374688));
#12162 = VECTOR('',#12163,1.);
#12163 = DIRECTION('',(0.,1.,0.));
#12164 = PLANE('',#12165);
#12165 = AXIS2_PLACEMENT_3D('',#12166,#12167,#12168);
#12166 = CARTESIAN_POINT('',(36.223501,-33.287358,52.374688));
#12167 = DIRECTION('',(1.,0.,2.22044604925E-16));
#12168 = DIRECTION('',(2.22044604925E-16,0.,-1.));
#12169 = ADVANCED_FACE('',(#12170),#12188,.T.);
#12170 = FACE_BOUND('',#12171,.T.);
#12171 = EDGE_LOOP('',(#12172,#12173,#12174,#12182));
#12172 = ORIENTED_EDGE('',*,*,#12152,.F.);
#12173 = ORIENTED_EDGE('',*,*,#11402,.T.);
#12174 = ORIENTED_EDGE('',*,*,#12175,.T.);
#12175 = EDGE_CURVE('',#11403,#12176,#12178,.T.);
#12176 = VERTEX_POINT('',#12177);
#12177 = CARTESIAN_POINT('',(27.823501,-29.487358,52.374688));
#12178 = LINE('',#12179,#12180);
#12179 = CARTESIAN_POINT('',(27.823501,-33.287358,52.374688));
#12180 = VECTOR('',#12181,1.);
#12181 = DIRECTION('',(0.,1.,0.));
#12182 = ORIENTED_EDGE('',*,*,#12183,.F.);
#12183 = EDGE_CURVE('',#12143,#12176,#12184,.T.);
#12184 = LINE('',#12185,#12186);
#12185 = CARTESIAN_POINT('',(25.823501,-29.487358,52.374688));
#12186 = VECTOR('',#12187,1.);
#12187 = DIRECTION('',(-1.,0.,-2.22044604925E-16));
#12188 = PLANE('',#12189);
#12189 = AXIS2_PLACEMENT_3D('',#12190,#12191,#12192);
#12190 = CARTESIAN_POINT('',(27.823501,-33.287358,52.374688));
#12191 = DIRECTION('',(2.22044604925E-16,0.,-1.));
#12192 = DIRECTION('',(1.,0.,2.22044604925E-16));
#12193 = ADVANCED_FACE('',(#12194),#12212,.F.);
#12194 = FACE_BOUND('',#12195,.F.);
#12195 = EDGE_LOOP('',(#12196,#12197,#12198,#12206));
#12196 = ORIENTED_EDGE('',*,*,#12159,.F.);
#12197 = ORIENTED_EDGE('',*,*,#11418,.T.);
#12198 = ORIENTED_EDGE('',*,*,#12199,.T.);
#12199 = EDGE_CURVE('',#11411,#12200,#12202,.T.);
#12200 = VERTEX_POINT('',#12201);
#12201 = CARTESIAN_POINT('',(27.823501,-29.487358,48.374688));
#12202 = LINE('',#12203,#12204);
#12203 = CARTESIAN_POINT('',(27.823501,-33.287358,48.374688));
#12204 = VECTOR('',#12205,1.);
#12205 = DIRECTION('',(0.,1.,0.));
#12206 = ORIENTED_EDGE('',*,*,#12207,.F.);
#12207 = EDGE_CURVE('',#12145,#12200,#12208,.T.);
#12208 = LINE('',#12209,#12210);
#12209 = CARTESIAN_POINT('',(25.823501,-29.487358,48.374688));
#12210 = VECTOR('',#12211,1.);
#12211 = DIRECTION('',(-1.,0.,-2.22044604925E-16));
#12212 = PLANE('',#12213);
#12213 = AXIS2_PLACEMENT_3D('',#12214,#12215,#12216);
#12214 = CARTESIAN_POINT('',(27.823501,-33.287358,48.374688));
#12215 = DIRECTION('',(2.22044604925E-16,0.,-1.));
#12216 = DIRECTION('',(1.,0.,2.22044604925E-16));
#12217 = ADVANCED_FACE('',(#12218),#12229,.T.);
#12218 = FACE_BOUND('',#12219,.T.);
#12219 = EDGE_LOOP('',(#12220,#12226,#12227,#12228));
#12220 = ORIENTED_EDGE('',*,*,#12221,.F.);
#12221 = EDGE_CURVE('',#12176,#12200,#12222,.T.);
#12222 = LINE('',#12223,#12224);
#12223 = CARTESIAN_POINT('',(27.823501,-29.487358,59.374688));
#12224 = VECTOR('',#12225,1.);
#12225 = DIRECTION('',(2.22044604925E-16,0.,-1.));
#12226 = ORIENTED_EDGE('',*,*,#12175,.F.);
#12227 = ORIENTED_EDGE('',*,*,#11410,.T.);
#12228 = ORIENTED_EDGE('',*,*,#12199,.T.);
#12229 = PLANE('',#12230);
#12230 = AXIS2_PLACEMENT_3D('',#12231,#12232,#12233);
#12231 = CARTESIAN_POINT('',(27.823501,-33.287358,52.374688));
#12232 = DIRECTION('',(1.,0.,2.22044604925E-16));
#12233 = DIRECTION('',(2.22044604925E-16,0.,-1.));
#12234 = ADVANCED_FACE('',(#12235),#12260,.F.);
#12235 = FACE_BOUND('',#12236,.F.);
#12236 = EDGE_LOOP('',(#12237,#12247,#12253,#12254));
#12237 = ORIENTED_EDGE('',*,*,#12238,.F.);
#12238 = EDGE_CURVE('',#12239,#12241,#12243,.T.);
#12239 = VERTEX_POINT('',#12240);
#12240 = CARTESIAN_POINT('',(36.223501,-29.487358,44.374688));
#12241 = VERTEX_POINT('',#12242);
#12242 = CARTESIAN_POINT('',(36.223501,-29.487358,40.374688));
#12243 = LINE('',#12244,#12245);
#12244 = CARTESIAN_POINT('',(36.223501,-29.487358,55.374688));
#12245 = VECTOR('',#12246,1.);
#12246 = DIRECTION('',(2.22044604925E-16,0.,-1.));
#12247 = ORIENTED_EDGE('',*,*,#12248,.F.);
#12248 = EDGE_CURVE('',#11427,#12239,#12249,.T.);
#12249 = LINE('',#12250,#12251);
#12250 = CARTESIAN_POINT('',(36.223501,-33.287358,44.374688));
#12251 = VECTOR('',#12252,1.);
#12252 = DIRECTION('',(0.,1.,0.));
#12253 = ORIENTED_EDGE('',*,*,#11426,.T.);
#12254 = ORIENTED_EDGE('',*,*,#12255,.T.);
#12255 = EDGE_CURVE('',#11429,#12241,#12256,.T.);
#12256 = LINE('',#12257,#12258);
#12257 = CARTESIAN_POINT('',(36.223501,-33.287358,40.374688));
#12258 = VECTOR('',#12259,1.);
#12259 = DIRECTION('',(0.,1.,0.));
#12260 = PLANE('',#12261);
#12261 = AXIS2_PLACEMENT_3D('',#12262,#12263,#12264);
#12262 = CARTESIAN_POINT('',(36.223501,-33.287358,44.374688));
#12263 = DIRECTION('',(1.,0.,2.22044604925E-16));
#12264 = DIRECTION('',(2.22044604925E-16,0.,-1.));
#12265 = ADVANCED_FACE('',(#12266),#12284,.T.);
#12266 = FACE_BOUND('',#12267,.T.);
#12267 = EDGE_LOOP('',(#12268,#12269,#12270,#12278));
#12268 = ORIENTED_EDGE('',*,*,#12248,.F.);
#12269 = ORIENTED_EDGE('',*,*,#11436,.T.);
#12270 = ORIENTED_EDGE('',*,*,#12271,.T.);
#12271 = EDGE_CURVE('',#11437,#12272,#12274,.T.);
#12272 = VERTEX_POINT('',#12273);
#12273 = CARTESIAN_POINT('',(27.823501,-29.487358,44.374688));
#12274 = LINE('',#12275,#12276);
#12275 = CARTESIAN_POINT('',(27.823501,-33.287358,44.374688));
#12276 = VECTOR('',#12277,1.);
#12277 = DIRECTION('',(0.,1.,0.));
#12278 = ORIENTED_EDGE('',*,*,#12279,.F.);
#12279 = EDGE_CURVE('',#12239,#12272,#12280,.T.);
#12280 = LINE('',#12281,#12282);
#12281 = CARTESIAN_POINT('',(25.823501,-29.487358,44.374688));
#12282 = VECTOR('',#12283,1.);
#12283 = DIRECTION('',(-1.,0.,-2.22044604925E-16));
#12284 = PLANE('',#12285);
#12285 = AXIS2_PLACEMENT_3D('',#12286,#12287,#12288);
#12286 = CARTESIAN_POINT('',(27.823501,-33.287358,44.374688));
#12287 = DIRECTION('',(2.22044604925E-16,0.,-1.));
#12288 = DIRECTION('',(1.,0.,2.22044604925E-16));
#12289 = ADVANCED_FACE('',(#12290),#12308,.F.);
#12290 = FACE_BOUND('',#12291,.F.);
#12291 = EDGE_LOOP('',(#12292,#12293,#12294,#12302));
#12292 = ORIENTED_EDGE('',*,*,#12255,.F.);
#12293 = ORIENTED_EDGE('',*,*,#11452,.T.);
#12294 = ORIENTED_EDGE('',*,*,#12295,.T.);
#12295 = EDGE_CURVE('',#11445,#12296,#12298,.T.);
#12296 = VERTEX_POINT('',#12297);
#12297 = CARTESIAN_POINT('',(27.823501,-29.487358,40.374688));
#12298 = LINE('',#12299,#12300);
#12299 = CARTESIAN_POINT('',(27.823501,-33.287358,40.374688));
#12300 = VECTOR('',#12301,1.);
#12301 = DIRECTION('',(0.,1.,0.));
#12302 = ORIENTED_EDGE('',*,*,#12303,.F.);
#12303 = EDGE_CURVE('',#12241,#12296,#12304,.T.);
#12304 = LINE('',#12305,#12306);
#12305 = CARTESIAN_POINT('',(25.823501,-29.487358,40.374688));
#12306 = VECTOR('',#12307,1.);
#12307 = DIRECTION('',(-1.,0.,-2.22044604925E-16));
#12308 = PLANE('',#12309);
#12309 = AXIS2_PLACEMENT_3D('',#12310,#12311,#12312);
#12310 = CARTESIAN_POINT('',(27.823501,-33.287358,40.374688));
#12311 = DIRECTION('',(2.22044604925E-16,0.,-1.));
#12312 = DIRECTION('',(1.,0.,2.22044604925E-16));
#12313 = ADVANCED_FACE('',(#12314),#12325,.T.);
#12314 = FACE_BOUND('',#12315,.T.);
#12315 = EDGE_LOOP('',(#12316,#12322,#12323,#12324));
#12316 = ORIENTED_EDGE('',*,*,#12317,.F.);
#12317 = EDGE_CURVE('',#12272,#12296,#12318,.T.);
#12318 = LINE('',#12319,#12320);
#12319 = CARTESIAN_POINT('',(27.823501,-29.487358,55.374688));
#12320 = VECTOR('',#12321,1.);
#12321 = DIRECTION('',(2.22044604925E-16,0.,-1.));
#12322 = ORIENTED_EDGE('',*,*,#12271,.F.);
#12323 = ORIENTED_EDGE('',*,*,#11444,.T.);
#12324 = ORIENTED_EDGE('',*,*,#12295,.T.);
#12325 = PLANE('',#12326);
#12326 = AXIS2_PLACEMENT_3D('',#12327,#12328,#12329);
#12327 = CARTESIAN_POINT('',(27.823501,-33.287358,44.374688));
#12328 = DIRECTION('',(1.,0.,2.22044604925E-16));
#12329 = DIRECTION('',(2.22044604925E-16,0.,-1.));
#12330 = ADVANCED_FACE('',(#12331),#12356,.F.);
#12331 = FACE_BOUND('',#12332,.F.);
#12332 = EDGE_LOOP('',(#12333,#12343,#12349,#12350));
#12333 = ORIENTED_EDGE('',*,*,#12334,.F.);
#12334 = EDGE_CURVE('',#12335,#12337,#12339,.T.);
#12335 = VERTEX_POINT('',#12336);
#12336 = CARTESIAN_POINT('',(36.223501,-29.487358,36.374688));
#12337 = VERTEX_POINT('',#12338);
#12338 = CARTESIAN_POINT('',(36.223501,-29.487358,32.374688));
#12339 = LINE('',#12340,#12341);
#12340 = CARTESIAN_POINT('',(36.223501,-29.487358,51.374688));
#12341 = VECTOR('',#12342,1.);
#12342 = DIRECTION('',(2.22044604925E-16,0.,-1.));
#12343 = ORIENTED_EDGE('',*,*,#12344,.F.);
#12344 = EDGE_CURVE('',#11461,#12335,#12345,.T.);
#12345 = LINE('',#12346,#12347);
#12346 = CARTESIAN_POINT('',(36.223501,-33.287358,36.374688));
#12347 = VECTOR('',#12348,1.);
#12348 = DIRECTION('',(0.,1.,0.));
#12349 = ORIENTED_EDGE('',*,*,#11460,.T.);
#12350 = ORIENTED_EDGE('',*,*,#12351,.T.);
#12351 = EDGE_CURVE('',#11463,#12337,#12352,.T.);
#12352 = LINE('',#12353,#12354);
#12353 = CARTESIAN_POINT('',(36.223501,-33.287358,32.374688));
#12354 = VECTOR('',#12355,1.);
#12355 = DIRECTION('',(0.,1.,0.));
#12356 = PLANE('',#12357);
#12357 = AXIS2_PLACEMENT_3D('',#12358,#12359,#12360);
#12358 = CARTESIAN_POINT('',(36.223501,-33.287358,36.374688));
#12359 = DIRECTION('',(1.,0.,2.22044604925E-16));
#12360 = DIRECTION('',(2.22044604925E-16,0.,-1.));
#12361 = ADVANCED_FACE('',(#12362),#12380,.T.);
#12362 = FACE_BOUND('',#12363,.T.);
#12363 = EDGE_LOOP('',(#12364,#12365,#12366,#12374));
#12364 = ORIENTED_EDGE('',*,*,#12344,.F.);
#12365 = ORIENTED_EDGE('',*,*,#11470,.T.);
#12366 = ORIENTED_EDGE('',*,*,#12367,.T.);
#12367 = EDGE_CURVE('',#11471,#12368,#12370,.T.);
#12368 = VERTEX_POINT('',#12369);
#12369 = CARTESIAN_POINT('',(27.823501,-29.487358,36.374688));
#12370 = LINE('',#12371,#12372);
#12371 = CARTESIAN_POINT('',(27.823501,-33.287358,36.374688));
#12372 = VECTOR('',#12373,1.);
#12373 = DIRECTION('',(0.,1.,0.));
#12374 = ORIENTED_EDGE('',*,*,#12375,.F.);
#12375 = EDGE_CURVE('',#12335,#12368,#12376,.T.);
#12376 = LINE('',#12377,#12378);
#12377 = CARTESIAN_POINT('',(25.823501,-29.487358,36.374688));
#12378 = VECTOR('',#12379,1.);
#12379 = DIRECTION('',(-1.,0.,-2.22044604925E-16));
#12380 = PLANE('',#12381);
#12381 = AXIS2_PLACEMENT_3D('',#12382,#12383,#12384);
#12382 = CARTESIAN_POINT('',(27.823501,-33.287358,36.374688));
#12383 = DIRECTION('',(2.22044604925E-16,0.,-1.));
#12384 = DIRECTION('',(1.,0.,2.22044604925E-16));
#12385 = ADVANCED_FACE('',(#12386),#12404,.F.);
#12386 = FACE_BOUND('',#12387,.F.);
#12387 = EDGE_LOOP('',(#12388,#12389,#12390,#12398));
#12388 = ORIENTED_EDGE('',*,*,#12351,.F.);
#12389 = ORIENTED_EDGE('',*,*,#11486,.T.);
#12390 = ORIENTED_EDGE('',*,*,#12391,.T.);
#12391 = EDGE_CURVE('',#11479,#12392,#12394,.T.);
#12392 = VERTEX_POINT('',#12393);
#12393 = CARTESIAN_POINT('',(27.823501,-29.487358,32.374688));
#12394 = LINE('',#12395,#12396);
#12395 = CARTESIAN_POINT('',(27.823501,-33.287358,32.374688));
#12396 = VECTOR('',#12397,1.);
#12397 = DIRECTION('',(0.,1.,0.));
#12398 = ORIENTED_EDGE('',*,*,#12399,.F.);
#12399 = EDGE_CURVE('',#12337,#12392,#12400,.T.);
#12400 = LINE('',#12401,#12402);
#12401 = CARTESIAN_POINT('',(25.823501,-29.487358,32.374688));
#12402 = VECTOR('',#12403,1.);
#12403 = DIRECTION('',(-1.,0.,-2.22044604925E-16));
#12404 = PLANE('',#12405);
#12405 = AXIS2_PLACEMENT_3D('',#12406,#12407,#12408);
#12406 = CARTESIAN_POINT('',(27.823501,-33.287358,32.374688));
#12407 = DIRECTION('',(2.22044604925E-16,0.,-1.));
#12408 = DIRECTION('',(1.,0.,2.22044604925E-16));
#12409 = ADVANCED_FACE('',(#12410),#12421,.T.);
#12410 = FACE_BOUND('',#12411,.T.);
#12411 = EDGE_LOOP('',(#12412,#12418,#12419,#12420));
#12412 = ORIENTED_EDGE('',*,*,#12413,.F.);
#12413 = EDGE_CURVE('',#12368,#12392,#12414,.T.);
#12414 = LINE('',#12415,#12416);
#12415 = CARTESIAN_POINT('',(27.823501,-29.487358,51.374688));
#12416 = VECTOR('',#12417,1.);
#12417 = DIRECTION('',(2.22044604925E-16,0.,-1.));
#12418 = ORIENTED_EDGE('',*,*,#12367,.F.);
#12419 = ORIENTED_EDGE('',*,*,#11478,.T.);
#12420 = ORIENTED_EDGE('',*,*,#12391,.T.);
#12421 = PLANE('',#12422);
#12422 = AXIS2_PLACEMENT_3D('',#12423,#12424,#12425);
#12423 = CARTESIAN_POINT('',(27.823501,-33.287358,36.374688));
#12424 = DIRECTION('',(1.,0.,2.22044604925E-16));
#12425 = DIRECTION('',(2.22044604925E-16,0.,-1.));
#12426 = ADVANCED_FACE('',(#12427),#12452,.F.);
#12427 = FACE_BOUND('',#12428,.F.);
#12428 = EDGE_LOOP('',(#12429,#12439,#12445,#12446));
#12429 = ORIENTED_EDGE('',*,*,#12430,.F.);
#12430 = EDGE_CURVE('',#12431,#12433,#12435,.T.);
#12431 = VERTEX_POINT('',#12432);
#12432 = CARTESIAN_POINT('',(36.223501,-29.487358,28.374688));
#12433 = VERTEX_POINT('',#12434);
#12434 = CARTESIAN_POINT('',(36.223501,-29.487358,24.374688));
#12435 = LINE('',#12436,#12437);
#12436 = CARTESIAN_POINT('',(36.223501,-29.487358,47.374688));
#12437 = VECTOR('',#12438,1.);
#12438 = DIRECTION('',(2.22044604925E-16,0.,-1.));
#12439 = ORIENTED_EDGE('',*,*,#12440,.F.);
#12440 = EDGE_CURVE('',#11495,#12431,#12441,.T.);
#12441 = LINE('',#12442,#12443);
#12442 = CARTESIAN_POINT('',(36.223501,-33.287358,28.374688));
#12443 = VECTOR('',#12444,1.);
#12444 = DIRECTION('',(0.,1.,0.));
#12445 = ORIENTED_EDGE('',*,*,#11494,.T.);
#12446 = ORIENTED_EDGE('',*,*,#12447,.T.);
#12447 = EDGE_CURVE('',#11497,#12433,#12448,.T.);
#12448 = LINE('',#12449,#12450);
#12449 = CARTESIAN_POINT('',(36.223501,-33.287358,24.374688));
#12450 = VECTOR('',#12451,1.);
#12451 = DIRECTION('',(0.,1.,0.));
#12452 = PLANE('',#12453);
#12453 = AXIS2_PLACEMENT_3D('',#12454,#12455,#12456);
#12454 = CARTESIAN_POINT('',(36.223501,-33.287358,28.374688));
#12455 = DIRECTION('',(1.,0.,2.22044604925E-16));
#12456 = DIRECTION('',(2.22044604925E-16,0.,-1.));
#12457 = ADVANCED_FACE('',(#12458),#12476,.T.);
#12458 = FACE_BOUND('',#12459,.T.);
#12459 = EDGE_LOOP('',(#12460,#12461,#12462,#12470));
#12460 = ORIENTED_EDGE('',*,*,#12440,.F.);
#12461 = ORIENTED_EDGE('',*,*,#11504,.T.);
#12462 = ORIENTED_EDGE('',*,*,#12463,.T.);
#12463 = EDGE_CURVE('',#11505,#12464,#12466,.T.);
#12464 = VERTEX_POINT('',#12465);
#12465 = CARTESIAN_POINT('',(27.823501,-29.487358,28.374688));
#12466 = LINE('',#12467,#12468);
#12467 = CARTESIAN_POINT('',(27.823501,-33.287358,28.374688));
#12468 = VECTOR('',#12469,1.);
#12469 = DIRECTION('',(0.,1.,0.));
#12470 = ORIENTED_EDGE('',*,*,#12471,.F.);
#12471 = EDGE_CURVE('',#12431,#12464,#12472,.T.);
#12472 = LINE('',#12473,#12474);
#12473 = CARTESIAN_POINT('',(25.823501,-29.487358,28.374688));
#12474 = VECTOR('',#12475,1.);
#12475 = DIRECTION('',(-1.,0.,-2.22044604925E-16));
#12476 = PLANE('',#12477);
#12477 = AXIS2_PLACEMENT_3D('',#12478,#12479,#12480);
#12478 = CARTESIAN_POINT('',(27.823501,-33.287358,28.374688));
#12479 = DIRECTION('',(2.22044604925E-16,0.,-1.));
#12480 = DIRECTION('',(1.,0.,2.22044604925E-16));
#12481 = ADVANCED_FACE('',(#12482),#12500,.F.);
#12482 = FACE_BOUND('',#12483,.F.);
#12483 = EDGE_LOOP('',(#12484,#12485,#12486,#12494));
#12484 = ORIENTED_EDGE('',*,*,#12447,.F.);
#12485 = ORIENTED_EDGE('',*,*,#11520,.T.);
#12486 = ORIENTED_EDGE('',*,*,#12487,.T.);
#12487 = EDGE_CURVE('',#11513,#12488,#12490,.T.);
#12488 = VERTEX_POINT('',#12489);
#12489 = CARTESIAN_POINT('',(27.823501,-29.487358,24.374688));
#12490 = LINE('',#12491,#12492);
#12491 = CARTESIAN_POINT('',(27.823501,-33.287358,24.374688));
#12492 = VECTOR('',#12493,1.);
#12493 = DIRECTION('',(0.,1.,0.));
#12494 = ORIENTED_EDGE('',*,*,#12495,.F.);
#12495 = EDGE_CURVE('',#12433,#12488,#12496,.T.);
#12496 = LINE('',#12497,#12498);
#12497 = CARTESIAN_POINT('',(25.823501,-29.487358,24.374688));
#12498 = VECTOR('',#12499,1.);
#12499 = DIRECTION('',(-1.,0.,-2.22044604925E-16));
#12500 = PLANE('',#12501);
#12501 = AXIS2_PLACEMENT_3D('',#12502,#12503,#12504);
#12502 = CARTESIAN_POINT('',(27.823501,-33.287358,24.374688));
#12503 = DIRECTION('',(2.22044604925E-16,0.,-1.));
#12504 = DIRECTION('',(1.,0.,2.22044604925E-16));
#12505 = ADVANCED_FACE('',(#12506),#12517,.T.);
#12506 = FACE_BOUND('',#12507,.T.);
#12507 = EDGE_LOOP('',(#12508,#12514,#12515,#12516));
#12508 = ORIENTED_EDGE('',*,*,#12509,.F.);
#12509 = EDGE_CURVE('',#12464,#12488,#12510,.T.);
#12510 = LINE('',#12511,#12512);
#12511 = CARTESIAN_POINT('',(27.823501,-29.487358,47.374688));
#12512 = VECTOR('',#12513,1.);
#12513 = DIRECTION('',(2.22044604925E-16,0.,-1.));
#12514 = ORIENTED_EDGE('',*,*,#12463,.F.);
#12515 = ORIENTED_EDGE('',*,*,#11512,.T.);
#12516 = ORIENTED_EDGE('',*,*,#12487,.T.);
#12517 = PLANE('',#12518);
#12518 = AXIS2_PLACEMENT_3D('',#12519,#12520,#12521);
#12519 = CARTESIAN_POINT('',(27.823501,-33.287358,28.374688));
#12520 = DIRECTION('',(1.,0.,2.22044604925E-16));
#12521 = DIRECTION('',(2.22044604925E-16,0.,-1.));
#12522 = ADVANCED_FACE('',(#12523,#12694,#12728,#12762,#12796),#12830,
  .F.);
#12523 = FACE_BOUND('',#12524,.F.);
#12524 = EDGE_LOOP('',(#12525,#12535,#12541,#12542,#12543,#12544,#12552,
    #12560,#12568,#12576,#12584,#12592,#12600,#12608,#12616,#12624,
    #12632,#12640,#12648,#12656,#12664,#12672,#12680,#12688));
#12525 = ORIENTED_EDGE('',*,*,#12526,.F.);
#12526 = EDGE_CURVE('',#12527,#12529,#12531,.T.);
#12527 = VERTEX_POINT('',#12528);
#12528 = CARTESIAN_POINT('',(24.823501,30.287358,69.174688));
#12529 = VERTEX_POINT('',#12530);
#12530 = CARTESIAN_POINT('',(24.823501,25.487358,69.174688));
#12531 = LINE('',#12532,#12533);
#12532 = CARTESIAN_POINT('',(24.823501,30.287358,69.174688));
#12533 = VECTOR('',#12534,1.);
#12534 = DIRECTION('',(0.,-1.,0.));
#12535 = ORIENTED_EDGE('',*,*,#12536,.T.);
#12536 = EDGE_CURVE('',#12527,#11998,#12537,.T.);
#12537 = LINE('',#12538,#12539);
#12538 = CARTESIAN_POINT('',(24.823501,30.287358,69.174688));
#12539 = VECTOR('',#12540,1.);
#12540 = DIRECTION('',(1.,0.,2.22044604925E-16));
#12541 = ORIENTED_EDGE('',*,*,#12006,.T.);
#12542 = ORIENTED_EDGE('',*,*,#12029,.F.);
#12543 = ORIENTED_EDGE('',*,*,#11576,.F.);
#12544 = ORIENTED_EDGE('',*,*,#12545,.T.);
#12545 = EDGE_CURVE('',#11569,#12546,#12548,.T.);
#12546 = VERTEX_POINT('',#12547);
#12547 = CARTESIAN_POINT('',(27.623501,-25.487358,69.174688));
#12548 = LINE('',#12549,#12550);
#12549 = CARTESIAN_POINT('',(24.823501,-25.487358,69.174688));
#12550 = VECTOR('',#12551,1.);
#12551 = DIRECTION('',(1.,0.,2.22044604925E-16));
#12552 = ORIENTED_EDGE('',*,*,#12553,.F.);
#12553 = EDGE_CURVE('',#12554,#12546,#12556,.T.);
#12554 = VERTEX_POINT('',#12555);
#12555 = CARTESIAN_POINT('',(27.623501,-23.41610196625,69.174688));
#12556 = LINE('',#12557,#12558);
#12557 = CARTESIAN_POINT('',(27.623501,2.4,69.174688));
#12558 = VECTOR('',#12559,1.);
#12559 = DIRECTION('',(0.,-1.,0.));
#12560 = ORIENTED_EDGE('',*,*,#12561,.T.);
#12561 = EDGE_CURVE('',#12554,#12562,#12564,.T.);
#12562 = VERTEX_POINT('',#12563);
#12563 = CARTESIAN_POINT('',(27.823501,-23.41610196625,69.174688));
#12564 = LINE('',#12565,#12566);
#12565 = CARTESIAN_POINT('',(24.823501,-23.41610196625,69.174688));
#12566 = VECTOR('',#12567,1.);
#12567 = DIRECTION('',(1.,0.,2.22044604925E-16));
#12568 = ORIENTED_EDGE('',*,*,#12569,.T.);
#12569 = EDGE_CURVE('',#12562,#12570,#12572,.T.);
#12570 = VERTEX_POINT('',#12571);
#12571 = CARTESIAN_POINT('',(27.823501,-23.487358,69.174688));
#12572 = LINE('',#12573,#12574);
#12573 = CARTESIAN_POINT('',(27.823501,3.4,69.174688));
#12574 = VECTOR('',#12575,1.);
#12575 = DIRECTION('',(0.,-1.,0.));
#12576 = ORIENTED_EDGE('',*,*,#12577,.T.);
#12577 = EDGE_CURVE('',#12570,#12578,#12580,.T.);
#12578 = VERTEX_POINT('',#12579);
#12579 = CARTESIAN_POINT('',(36.223501,-23.487358,69.174688));
#12580 = LINE('',#12581,#12582);
#12581 = CARTESIAN_POINT('',(26.323501,-23.487358,69.174688));
#12582 = VECTOR('',#12583,1.);
#12583 = DIRECTION('',(1.,0.,2.22044604925E-16));
#12584 = ORIENTED_EDGE('',*,*,#12585,.F.);
#12585 = EDGE_CURVE('',#12586,#12578,#12588,.T.);
#12586 = VERTEX_POINT('',#12587);
#12587 = CARTESIAN_POINT('',(36.223501,-19.487358,69.174688));
#12588 = LINE('',#12589,#12590);
#12589 = CARTESIAN_POINT('',(36.223501,3.4,69.174688));
#12590 = VECTOR('',#12591,1.);
#12591 = DIRECTION('',(0.,-1.,0.));
#12592 = ORIENTED_EDGE('',*,*,#12593,.F.);
#12593 = EDGE_CURVE('',#12594,#12586,#12596,.T.);
#12594 = VERTEX_POINT('',#12595);
#12595 = CARTESIAN_POINT('',(31.023501,-19.487358,69.174688));
#12596 = LINE('',#12597,#12598);
#12597 = CARTESIAN_POINT('',(26.323501,-19.487358,69.174688));
#12598 = VECTOR('',#12599,1.);
#12599 = DIRECTION('',(1.,0.,2.22044604925E-16));
#12600 = ORIENTED_EDGE('',*,*,#12601,.F.);
#12601 = EDGE_CURVE('',#12602,#12594,#12604,.T.);
#12602 = VERTEX_POINT('',#12603);
#12603 = CARTESIAN_POINT('',(31.023501,-16.70789803375,69.174688));
#12604 = LINE('',#12605,#12606);
#12605 = CARTESIAN_POINT('',(31.023501,5.112679,69.174688));
#12606 = VECTOR('',#12607,1.);
#12607 = DIRECTION('',(0.,-1.,0.));
#12608 = ORIENTED_EDGE('',*,*,#12609,.F.);
#12609 = EDGE_CURVE('',#12610,#12602,#12612,.T.);
#12610 = VERTEX_POINT('',#12611);
#12611 = CARTESIAN_POINT('',(27.623501,-16.70789803375,69.174688));
#12612 = LINE('',#12613,#12614);
#12613 = CARTESIAN_POINT('',(24.823501,-16.70789803375,69.174688));
#12614 = VECTOR('',#12615,1.);
#12615 = DIRECTION('',(1.,0.,2.22044604925E-16));
#12616 = ORIENTED_EDGE('',*,*,#12617,.F.);
#12617 = EDGE_CURVE('',#12618,#12610,#12620,.T.);
#12618 = VERTEX_POINT('',#12619);
#12619 = CARTESIAN_POINT('',(27.623501,18.58389803375,69.174688));
#12620 = LINE('',#12621,#12622);
#12621 = CARTESIAN_POINT('',(27.623501,2.4,69.174688));
#12622 = VECTOR('',#12623,1.);
#12623 = DIRECTION('',(0.,-1.,0.));
#12624 = ORIENTED_EDGE('',*,*,#12625,.T.);
#12625 = EDGE_CURVE('',#12618,#12626,#12628,.T.);
#12626 = VERTEX_POINT('',#12627);
#12627 = CARTESIAN_POINT('',(27.823501,18.58389803375,69.174688));
#12628 = LINE('',#12629,#12630);
#12629 = CARTESIAN_POINT('',(24.823501,18.58389803375,69.174688));
#12630 = VECTOR('',#12631,1.);
#12631 = DIRECTION('',(1.,0.,2.22044604925E-16));
#12632 = ORIENTED_EDGE('',*,*,#12633,.T.);
#12633 = EDGE_CURVE('',#12626,#12634,#12636,.T.);
#12634 = VERTEX_POINT('',#12635);
#12635 = CARTESIAN_POINT('',(27.823501,16.512642,69.174688));
#12636 = LINE('',#12637,#12638);
#12637 = CARTESIAN_POINT('',(27.823501,23.4,69.174688));
#12638 = VECTOR('',#12639,1.);
#12639 = DIRECTION('',(0.,-1.,0.));
#12640 = ORIENTED_EDGE('',*,*,#12641,.T.);
#12641 = EDGE_CURVE('',#12634,#12642,#12644,.T.);
#12642 = VERTEX_POINT('',#12643);
#12643 = CARTESIAN_POINT('',(36.223501,16.512642,69.174688));
#12644 = LINE('',#12645,#12646);
#12645 = CARTESIAN_POINT('',(26.323501,16.512642,69.174688));
#12646 = VECTOR('',#12647,1.);
#12647 = DIRECTION('',(1.,0.,2.22044604925E-16));
#12648 = ORIENTED_EDGE('',*,*,#12649,.F.);
#12649 = EDGE_CURVE('',#12650,#12642,#12652,.T.);
#12650 = VERTEX_POINT('',#12651);
#12651 = CARTESIAN_POINT('',(36.223501,20.512642,69.174688));
#12652 = LINE('',#12653,#12654);
#12653 = CARTESIAN_POINT('',(36.223501,23.4,69.174688));
#12654 = VECTOR('',#12655,1.);
#12655 = DIRECTION('',(0.,-1.,0.));
#12656 = ORIENTED_EDGE('',*,*,#12657,.F.);
#12657 = EDGE_CURVE('',#12658,#12650,#12660,.T.);
#12658 = VERTEX_POINT('',#12659);
#12659 = CARTESIAN_POINT('',(31.023501,20.512642,69.174688));
#12660 = LINE('',#12661,#12662);
#12661 = CARTESIAN_POINT('',(26.323501,20.512642,69.174688));
#12662 = VECTOR('',#12663,1.);
#12663 = DIRECTION('',(1.,0.,2.22044604925E-16));
#12664 = ORIENTED_EDGE('',*,*,#12665,.F.);
#12665 = EDGE_CURVE('',#12666,#12658,#12668,.T.);
#12666 = VERTEX_POINT('',#12667);
#12667 = CARTESIAN_POINT('',(31.023501,25.29210196625,69.174688));
#12668 = LINE('',#12669,#12670);
#12669 = CARTESIAN_POINT('',(31.023501,26.112679,69.174688));
#12670 = VECTOR('',#12671,1.);
#12671 = DIRECTION('',(0.,-1.,0.));
#12672 = ORIENTED_EDGE('',*,*,#12673,.F.);
#12673 = EDGE_CURVE('',#12674,#12666,#12676,.T.);
#12674 = VERTEX_POINT('',#12675);
#12675 = CARTESIAN_POINT('',(27.623501,25.29210196625,69.174688));
#12676 = LINE('',#12677,#12678);
#12677 = CARTESIAN_POINT('',(24.823501,25.29210196625,69.174688));
#12678 = VECTOR('',#12679,1.);
#12679 = DIRECTION('',(1.,0.,2.22044604925E-16));
#12680 = ORIENTED_EDGE('',*,*,#12681,.F.);
#12681 = EDGE_CURVE('',#12682,#12674,#12684,.T.);
#12682 = VERTEX_POINT('',#12683);
#12683 = CARTESIAN_POINT('',(27.623501,25.487358,69.174688));
#12684 = LINE('',#12685,#12686);
#12685 = CARTESIAN_POINT('',(27.623501,2.4,69.174688));
#12686 = VECTOR('',#12687,1.);
#12687 = DIRECTION('',(0.,-1.,0.));
#12688 = ORIENTED_EDGE('',*,*,#12689,.F.);
#12689 = EDGE_CURVE('',#12529,#12682,#12690,.T.);
#12690 = LINE('',#12691,#12692);
#12691 = CARTESIAN_POINT('',(24.823501,25.487358,69.174688));
#12692 = VECTOR('',#12693,1.);
#12693 = DIRECTION('',(1.,0.,2.22044604925E-16));
#12694 = FACE_BOUND('',#12695,.F.);
#12695 = EDGE_LOOP('',(#12696,#12706,#12714,#12722));
#12696 = ORIENTED_EDGE('',*,*,#12697,.T.);
#12697 = EDGE_CURVE('',#12698,#12700,#12702,.T.);
#12698 = VERTEX_POINT('',#12699);
#12699 = CARTESIAN_POINT('',(27.823501,12.512642,69.174688));
#12700 = VERTEX_POINT('',#12701);
#12701 = CARTESIAN_POINT('',(27.823501,8.512642,69.174688));
#12702 = LINE('',#12703,#12704);
#12703 = CARTESIAN_POINT('',(27.823501,19.4,69.174688));
#12704 = VECTOR('',#12705,1.);
#12705 = DIRECTION('',(0.,-1.,0.));
#12706 = ORIENTED_EDGE('',*,*,#12707,.T.);
#12707 = EDGE_CURVE('',#12700,#12708,#12710,.T.);
#12708 = VERTEX_POINT('',#12709);
#12709 = CARTESIAN_POINT('',(36.223501,8.512642,69.174688));
#12710 = LINE('',#12711,#12712);
#12711 = CARTESIAN_POINT('',(26.323501,8.512642,69.174688));
#12712 = VECTOR('',#12713,1.);
#12713 = DIRECTION('',(1.,0.,2.22044604925E-16));
#12714 = ORIENTED_EDGE('',*,*,#12715,.F.);
#12715 = EDGE_CURVE('',#12716,#12708,#12718,.T.);
#12716 = VERTEX_POINT('',#12717);
#12717 = CARTESIAN_POINT('',(36.223501,12.512642,69.174688));
#12718 = LINE('',#12719,#12720);
#12719 = CARTESIAN_POINT('',(36.223501,19.4,69.174688));
#12720 = VECTOR('',#12721,1.);
#12721 = DIRECTION('',(0.,-1.,0.));
#12722 = ORIENTED_EDGE('',*,*,#12723,.F.);
#12723 = EDGE_CURVE('',#12698,#12716,#12724,.T.);
#12724 = LINE('',#12725,#12726);
#12725 = CARTESIAN_POINT('',(26.323501,12.512642,69.174688));
#12726 = VECTOR('',#12727,1.);
#12727 = DIRECTION('',(1.,0.,2.22044604925E-16));
#12728 = FACE_BOUND('',#12729,.F.);
#12729 = EDGE_LOOP('',(#12730,#12740,#12748,#12756));
#12730 = ORIENTED_EDGE('',*,*,#12731,.T.);
#12731 = EDGE_CURVE('',#12732,#12734,#12736,.T.);
#12732 = VERTEX_POINT('',#12733);
#12733 = CARTESIAN_POINT('',(27.823501,4.512642,69.174688));
#12734 = VERTEX_POINT('',#12735);
#12735 = CARTESIAN_POINT('',(27.823501,0.512642,69.174688));
#12736 = LINE('',#12737,#12738);
#12737 = CARTESIAN_POINT('',(27.823501,15.4,69.174688));
#12738 = VECTOR('',#12739,1.);
#12739 = DIRECTION('',(0.,-1.,0.));
#12740 = ORIENTED_EDGE('',*,*,#12741,.T.);
#12741 = EDGE_CURVE('',#12734,#12742,#12744,.T.);
#12742 = VERTEX_POINT('',#12743);
#12743 = CARTESIAN_POINT('',(36.223501,0.512642,69.174688));
#12744 = LINE('',#12745,#12746);
#12745 = CARTESIAN_POINT('',(26.323501,0.512642,69.174688));
#12746 = VECTOR('',#12747,1.);
#12747 = DIRECTION('',(1.,0.,2.22044604925E-16));
#12748 = ORIENTED_EDGE('',*,*,#12749,.F.);
#12749 = EDGE_CURVE('',#12750,#12742,#12752,.T.);
#12750 = VERTEX_POINT('',#12751);
#12751 = CARTESIAN_POINT('',(36.223501,4.512642,69.174688));
#12752 = LINE('',#12753,#12754);
#12753 = CARTESIAN_POINT('',(36.223501,15.4,69.174688));
#12754 = VECTOR('',#12755,1.);
#12755 = DIRECTION('',(0.,-1.,0.));
#12756 = ORIENTED_EDGE('',*,*,#12757,.F.);
#12757 = EDGE_CURVE('',#12732,#12750,#12758,.T.);
#12758 = LINE('',#12759,#12760);
#12759 = CARTESIAN_POINT('',(26.323501,4.512642,69.174688));
#12760 = VECTOR('',#12761,1.);
#12761 = DIRECTION('',(1.,0.,2.22044604925E-16));
#12762 = FACE_BOUND('',#12763,.F.);
#12763 = EDGE_LOOP('',(#12764,#12774,#12782,#12790));
#12764 = ORIENTED_EDGE('',*,*,#12765,.T.);
#12765 = EDGE_CURVE('',#12766,#12768,#12770,.T.);
#12766 = VERTEX_POINT('',#12767);
#12767 = CARTESIAN_POINT('',(27.823501,-3.487358,69.174688));
#12768 = VERTEX_POINT('',#12769);
#12769 = CARTESIAN_POINT('',(27.823501,-7.487358,69.174688));
#12770 = LINE('',#12771,#12772);
#12771 = CARTESIAN_POINT('',(27.823501,11.4,69.174688));
#12772 = VECTOR('',#12773,1.);
#12773 = DIRECTION('',(0.,-1.,0.));
#12774 = ORIENTED_EDGE('',*,*,#12775,.T.);
#12775 = EDGE_CURVE('',#12768,#12776,#12778,.T.);
#12776 = VERTEX_POINT('',#12777);
#12777 = CARTESIAN_POINT('',(36.223501,-7.487358,69.174688));
#12778 = LINE('',#12779,#12780);
#12779 = CARTESIAN_POINT('',(26.323501,-7.487358,69.174688));
#12780 = VECTOR('',#12781,1.);
#12781 = DIRECTION('',(1.,0.,2.22044604925E-16));
#12782 = ORIENTED_EDGE('',*,*,#12783,.F.);
#12783 = EDGE_CURVE('',#12784,#12776,#12786,.T.);
#12784 = VERTEX_POINT('',#12785);
#12785 = CARTESIAN_POINT('',(36.223501,-3.487358,69.174688));
#12786 = LINE('',#12787,#12788);
#12787 = CARTESIAN_POINT('',(36.223501,11.4,69.174688));
#12788 = VECTOR('',#12789,1.);
#12789 = DIRECTION('',(0.,-1.,0.));
#12790 = ORIENTED_EDGE('',*,*,#12791,.F.);
#12791 = EDGE_CURVE('',#12766,#12784,#12792,.T.);
#12792 = LINE('',#12793,#12794);
#12793 = CARTESIAN_POINT('',(26.323501,-3.487358,69.174688));
#12794 = VECTOR('',#12795,1.);
#12795 = DIRECTION('',(1.,0.,2.22044604925E-16));
#12796 = FACE_BOUND('',#12797,.F.);
#12797 = EDGE_LOOP('',(#12798,#12808,#12816,#12824));
#12798 = ORIENTED_EDGE('',*,*,#12799,.T.);
#12799 = EDGE_CURVE('',#12800,#12802,#12804,.T.);
#12800 = VERTEX_POINT('',#12801);
#12801 = CARTESIAN_POINT('',(27.823501,-11.487358,69.174688));
#12802 = VERTEX_POINT('',#12803);
#12803 = CARTESIAN_POINT('',(27.823501,-15.487358,69.174688));
#12804 = LINE('',#12805,#12806);
#12805 = CARTESIAN_POINT('',(27.823501,7.4,69.174688));
#12806 = VECTOR('',#12807,1.);
#12807 = DIRECTION('',(0.,-1.,0.));
#12808 = ORIENTED_EDGE('',*,*,#12809,.T.);
#12809 = EDGE_CURVE('',#12802,#12810,#12812,.T.);
#12810 = VERTEX_POINT('',#12811);
#12811 = CARTESIAN_POINT('',(36.223501,-15.487358,69.174688));
#12812 = LINE('',#12813,#12814);
#12813 = CARTESIAN_POINT('',(26.323501,-15.487358,69.174688));
#12814 = VECTOR('',#12815,1.);
#12815 = DIRECTION('',(1.,0.,2.22044604925E-16));
#12816 = ORIENTED_EDGE('',*,*,#12817,.F.);
#12817 = EDGE_CURVE('',#12818,#12810,#12820,.T.);
#12818 = VERTEX_POINT('',#12819);
#12819 = CARTESIAN_POINT('',(36.223501,-11.487358,69.174688));
#12820 = LINE('',#12821,#12822);
#12821 = CARTESIAN_POINT('',(36.223501,7.4,69.174688));
#12822 = VECTOR('',#12823,1.);
#12823 = DIRECTION('',(0.,-1.,0.));
#12824 = ORIENTED_EDGE('',*,*,#12825,.F.);
#12825 = EDGE_CURVE('',#12800,#12818,#12826,.T.);
#12826 = LINE('',#12827,#12828);
#12827 = CARTESIAN_POINT('',(26.323501,-11.487358,69.174688));
#12828 = VECTOR('',#12829,1.);
#12829 = DIRECTION('',(1.,0.,2.22044604925E-16));
#12830 = PLANE('',#12831);
#12831 = AXIS2_PLACEMENT_3D('',#12832,#12833,#12834);
#12832 = CARTESIAN_POINT('',(24.823501,30.287358,69.174688));
#12833 = DIRECTION('',(2.22044604925E-16,0.,-1.));
#12834 = DIRECTION('',(0.,-1.,0.));
#12835 = ADVANCED_FACE('',(#12836),#12911,.F.);
#12836 = FACE_BOUND('',#12837,.F.);
#12837 = EDGE_LOOP('',(#12838,#12846,#12847,#12855,#12861,#12869,#12878,
    #12887,#12895,#12904));
#12838 = ORIENTED_EDGE('',*,*,#12839,.T.);
#12839 = EDGE_CURVE('',#12840,#11569,#12842,.T.);
#12840 = VERTEX_POINT('',#12841);
#12841 = CARTESIAN_POINT('',(24.823501,-23.41610196625,69.174688));
#12842 = LINE('',#12843,#12844);
#12843 = CARTESIAN_POINT('',(24.823501,30.287358,69.174688));
#12844 = VECTOR('',#12845,1.);
#12845 = DIRECTION('',(0.,-1.,0.));
#12846 = ORIENTED_EDGE('',*,*,#11568,.T.);
#12847 = ORIENTED_EDGE('',*,*,#12848,.T.);
#12848 = EDGE_CURVE('',#11561,#12849,#12851,.T.);
#12849 = VERTEX_POINT('',#12850);
#12850 = CARTESIAN_POINT('',(24.823501,25.487358,66.374688));
#12851 = LINE('',#12852,#12853);
#12852 = CARTESIAN_POINT('',(24.823501,-14.618679,66.374688));
#12853 = VECTOR('',#12854,1.);
#12854 = DIRECTION('',(0.,1.,0.));
#12855 = ORIENTED_EDGE('',*,*,#12856,.F.);
#12856 = EDGE_CURVE('',#12529,#12849,#12857,.T.);
#12857 = LINE('',#12858,#12859);
#12858 = CARTESIAN_POINT('',(24.823501,25.487358,69.274688));
#12859 = VECTOR('',#12860,1.);
#12860 = DIRECTION('',(2.22044604925E-16,0.,-1.));
#12861 = ORIENTED_EDGE('',*,*,#12862,.T.);
#12862 = EDGE_CURVE('',#12529,#12863,#12865,.T.);
#12863 = VERTEX_POINT('',#12864);
#12864 = CARTESIAN_POINT('',(24.823501,25.29210196625,69.174688));
#12865 = LINE('',#12866,#12867);
#12866 = CARTESIAN_POINT('',(24.823501,30.287358,69.174688));
#12867 = VECTOR('',#12868,1.);
#12868 = DIRECTION('',(0.,-1.,0.));
#12869 = ORIENTED_EDGE('',*,*,#12870,.F.);
#12870 = EDGE_CURVE('',#12871,#12863,#12873,.T.);
#12871 = VERTEX_POINT('',#12872);
#12872 = CARTESIAN_POINT('',(24.823501,21.938,67.674688));
#12873 = CIRCLE('',#12874,4.5);
#12874 = AXIS2_PLACEMENT_3D('',#12875,#12876,#12877);
#12875 = CARTESIAN_POINT('',(24.823501,21.938,72.174688));
#12876 = DIRECTION('',(1.,-0.,2.22044604925E-16));
#12877 = DIRECTION('',(2.22044604925E-16,0.,-1.));
#12878 = ORIENTED_EDGE('',*,*,#12879,.F.);
#12879 = EDGE_CURVE('',#12880,#12871,#12882,.T.);
#12880 = VERTEX_POINT('',#12881);
#12881 = CARTESIAN_POINT('',(24.823501,18.58389803375,69.174688));
#12882 = CIRCLE('',#12883,4.5);
#12883 = AXIS2_PLACEMENT_3D('',#12884,#12885,#12886);
#12884 = CARTESIAN_POINT('',(24.823501,21.938,72.174688));
#12885 = DIRECTION('',(1.,-0.,2.22044604925E-16));
#12886 = DIRECTION('',(2.22044604925E-16,0.,-1.));
#12887 = ORIENTED_EDGE('',*,*,#12888,.T.);
#12888 = EDGE_CURVE('',#12880,#12889,#12891,.T.);
#12889 = VERTEX_POINT('',#12890);
#12890 = CARTESIAN_POINT('',(24.823501,-16.70789803375,69.174688));
#12891 = LINE('',#12892,#12893);
#12892 = CARTESIAN_POINT('',(24.823501,30.287358,69.174688));
#12893 = VECTOR('',#12894,1.);
#12894 = DIRECTION('',(0.,-1.,0.));
#12895 = ORIENTED_EDGE('',*,*,#12896,.F.);
#12896 = EDGE_CURVE('',#12897,#12889,#12899,.T.);
#12897 = VERTEX_POINT('',#12898);
#12898 = CARTESIAN_POINT('',(24.823501,-20.062,67.674688));
#12899 = CIRCLE('',#12900,4.5);
#12900 = AXIS2_PLACEMENT_3D('',#12901,#12902,#12903);
#12901 = CARTESIAN_POINT('',(24.823501,-20.062,72.174688));
#12902 = DIRECTION('',(1.,-0.,2.22044604925E-16));
#12903 = DIRECTION('',(2.22044604925E-16,0.,-1.));
#12904 = ORIENTED_EDGE('',*,*,#12905,.F.);
#12905 = EDGE_CURVE('',#12840,#12897,#12906,.T.);
#12906 = CIRCLE('',#12907,4.5);
#12907 = AXIS2_PLACEMENT_3D('',#12908,#12909,#12910);
#12908 = CARTESIAN_POINT('',(24.823501,-20.062,72.174688));
#12909 = DIRECTION('',(1.,-0.,2.22044604925E-16));
#12910 = DIRECTION('',(2.22044604925E-16,0.,-1.));
#12911 = PLANE('',#12912);
#12912 = AXIS2_PLACEMENT_3D('',#12913,#12914,#12915);
#12913 = CARTESIAN_POINT('',(24.823501,0.25,41.737344));
#12914 = DIRECTION('',(1.,0.,2.22044604925E-16));
#12915 = DIRECTION('',(2.22044604925E-16,0.,-1.));
#12916 = ADVANCED_FACE('',(#12917,#12972,#13006,#13040,#13074,#13108,
    #13142),#13176,.T.);
#12917 = FACE_BOUND('',#12918,.T.);
#12918 = EDGE_LOOP('',(#12919,#12927,#12928,#12936,#12944,#12950,#12958,
    #12966));
#12919 = ORIENTED_EDGE('',*,*,#12920,.F.);
#12920 = EDGE_CURVE('',#11553,#12921,#12923,.T.);
#12921 = VERTEX_POINT('',#12922);
#12922 = CARTESIAN_POINT('',(39.223501,-29.487358,66.374688));
#12923 = LINE('',#12924,#12925);
#12924 = CARTESIAN_POINT('',(23.823501,-29.487358,66.374688));
#12925 = VECTOR('',#12926,1.);
#12926 = DIRECTION('',(1.,0.,2.22044604925E-16));
#12927 = ORIENTED_EDGE('',*,*,#11560,.T.);
#12928 = ORIENTED_EDGE('',*,*,#12929,.T.);
#12929 = EDGE_CURVE('',#11561,#12930,#12932,.T.);
#12930 = VERTEX_POINT('',#12931);
#12931 = CARTESIAN_POINT('',(27.623501,-25.487358,66.374688));
#12932 = LINE('',#12933,#12934);
#12933 = CARTESIAN_POINT('',(24.323501,-25.487358,66.374688));
#12934 = VECTOR('',#12935,1.);
#12935 = DIRECTION('',(1.,0.,2.22044604925E-16));
#12936 = ORIENTED_EDGE('',*,*,#12937,.F.);
#12937 = EDGE_CURVE('',#12938,#12930,#12940,.T.);
#12938 = VERTEX_POINT('',#12939);
#12939 = CARTESIAN_POINT('',(27.623501,25.487358,66.374688));
#12940 = LINE('',#12941,#12942);
#12941 = CARTESIAN_POINT('',(27.623501,-27.487358,66.374688));
#12942 = VECTOR('',#12943,1.);
#12943 = DIRECTION('',(0.,-1.,0.));
#12944 = ORIENTED_EDGE('',*,*,#12945,.F.);
#12945 = EDGE_CURVE('',#12849,#12938,#12946,.T.);
#12946 = LINE('',#12947,#12948);
#12947 = CARTESIAN_POINT('',(24.323501,25.487358,66.374688));
#12948 = VECTOR('',#12949,1.);
#12949 = DIRECTION('',(1.,0.,2.22044604925E-16));
#12950 = ORIENTED_EDGE('',*,*,#12951,.T.);
#12951 = EDGE_CURVE('',#12849,#12952,#12954,.T.);
#12952 = VERTEX_POINT('',#12953);
#12953 = CARTESIAN_POINT('',(24.823501,29.987358,66.374688));
#12954 = LINE('',#12955,#12956);
#12955 = CARTESIAN_POINT('',(24.823501,-14.618679,66.374688));
#12956 = VECTOR('',#12957,1.);
#12957 = DIRECTION('',(0.,1.,0.));
#12958 = ORIENTED_EDGE('',*,*,#12959,.T.);
#12959 = EDGE_CURVE('',#12952,#12960,#12962,.T.);
#12960 = VERTEX_POINT('',#12961);
#12961 = CARTESIAN_POINT('',(39.223501,29.987358,66.374688));
#12962 = LINE('',#12963,#12964);
#12963 = CARTESIAN_POINT('',(23.823501,29.987358,66.374688));
#12964 = VECTOR('',#12965,1.);
#12965 = DIRECTION('',(1.,0.,2.22044604925E-16));
#12966 = ORIENTED_EDGE('',*,*,#12967,.F.);
#12967 = EDGE_CURVE('',#12921,#12960,#12968,.T.);
#12968 = LINE('',#12969,#12970);
#12969 = CARTESIAN_POINT('',(39.223501,-29.487358,66.374688));
#12970 = VECTOR('',#12971,1.);
#12971 = DIRECTION('',(0.,1.,0.));
#12972 = FACE_BOUND('',#12973,.T.);
#12973 = EDGE_LOOP('',(#12974,#12984,#12992,#13000));
#12974 = ORIENTED_EDGE('',*,*,#12975,.T.);
#12975 = EDGE_CURVE('',#12976,#12978,#12980,.T.);
#12976 = VERTEX_POINT('',#12977);
#12977 = CARTESIAN_POINT('',(27.823501,20.512642,66.374688));
#12978 = VERTEX_POINT('',#12979);
#12979 = CARTESIAN_POINT('',(27.823501,16.512642,66.374688));
#12980 = LINE('',#12981,#12982);
#12981 = CARTESIAN_POINT('',(27.823501,-6.487358,66.374688));
#12982 = VECTOR('',#12983,1.);
#12983 = DIRECTION('',(0.,-1.,0.));
#12984 = ORIENTED_EDGE('',*,*,#12985,.T.);
#12985 = EDGE_CURVE('',#12978,#12986,#12988,.T.);
#12986 = VERTEX_POINT('',#12987);
#12987 = CARTESIAN_POINT('',(36.223501,16.512642,66.374688));
#12988 = LINE('',#12989,#12990);
#12989 = CARTESIAN_POINT('',(25.823501,16.512642,66.374688));
#12990 = VECTOR('',#12991,1.);
#12991 = DIRECTION('',(1.,0.,2.22044604925E-16));
#12992 = ORIENTED_EDGE('',*,*,#12993,.F.);
#12993 = EDGE_CURVE('',#12994,#12986,#12996,.T.);
#12994 = VERTEX_POINT('',#12995);
#12995 = CARTESIAN_POINT('',(36.223501,20.512642,66.374688));
#12996 = LINE('',#12997,#12998);
#12997 = CARTESIAN_POINT('',(36.223501,-6.487358,66.374688));
#12998 = VECTOR('',#12999,1.);
#12999 = DIRECTION('',(0.,-1.,0.));
#13000 = ORIENTED_EDGE('',*,*,#13001,.F.);
#13001 = EDGE_CURVE('',#12976,#12994,#13002,.T.);
#13002 = LINE('',#13003,#13004);
#13003 = CARTESIAN_POINT('',(25.823501,20.512642,66.374688));
#13004 = VECTOR('',#13005,1.);
#13005 = DIRECTION('',(1.,0.,2.22044604925E-16));
#13006 = FACE_BOUND('',#13007,.T.);
#13007 = EDGE_LOOP('',(#13008,#13018,#13026,#13034));
#13008 = ORIENTED_EDGE('',*,*,#13009,.T.);
#13009 = EDGE_CURVE('',#13010,#13012,#13014,.T.);
#13010 = VERTEX_POINT('',#13011);
#13011 = CARTESIAN_POINT('',(27.823501,12.512642,66.374688));
#13012 = VERTEX_POINT('',#13013);
#13013 = CARTESIAN_POINT('',(27.823501,8.512642,66.374688));
#13014 = LINE('',#13015,#13016);
#13015 = CARTESIAN_POINT('',(27.823501,-10.487358,66.374688));
#13016 = VECTOR('',#13017,1.);
#13017 = DIRECTION('',(0.,-1.,0.));
#13018 = ORIENTED_EDGE('',*,*,#13019,.T.);
#13019 = EDGE_CURVE('',#13012,#13020,#13022,.T.);
#13020 = VERTEX_POINT('',#13021);
#13021 = CARTESIAN_POINT('',(36.223501,8.512642,66.374688));
#13022 = LINE('',#13023,#13024);
#13023 = CARTESIAN_POINT('',(25.823501,8.512642,66.374688));
#13024 = VECTOR('',#13025,1.);
#13025 = DIRECTION('',(1.,0.,2.22044604925E-16));
#13026 = ORIENTED_EDGE('',*,*,#13027,.F.);
#13027 = EDGE_CURVE('',#13028,#13020,#13030,.T.);
#13028 = VERTEX_POINT('',#13029);
#13029 = CARTESIAN_POINT('',(36.223501,12.512642,66.374688));
#13030 = LINE('',#13031,#13032);
#13031 = CARTESIAN_POINT('',(36.223501,-10.487358,66.374688));
#13032 = VECTOR('',#13033,1.);
#13033 = DIRECTION('',(0.,-1.,0.));
#13034 = ORIENTED_EDGE('',*,*,#13035,.F.);
#13035 = EDGE_CURVE('',#13010,#13028,#13036,.T.);
#13036 = LINE('',#13037,#13038);
#13037 = CARTESIAN_POINT('',(25.823501,12.512642,66.374688));
#13038 = VECTOR('',#13039,1.);
#13039 = DIRECTION('',(1.,0.,2.22044604925E-16));
#13040 = FACE_BOUND('',#13041,.T.);
#13041 = EDGE_LOOP('',(#13042,#13052,#13060,#13068));
#13042 = ORIENTED_EDGE('',*,*,#13043,.T.);
#13043 = EDGE_CURVE('',#13044,#13046,#13048,.T.);
#13044 = VERTEX_POINT('',#13045);
#13045 = CARTESIAN_POINT('',(27.823501,4.512642,66.374688));
#13046 = VERTEX_POINT('',#13047);
#13047 = CARTESIAN_POINT('',(27.823501,0.512642,66.374688));
#13048 = LINE('',#13049,#13050);
#13049 = CARTESIAN_POINT('',(27.823501,-14.487358,66.374688));
#13050 = VECTOR('',#13051,1.);
#13051 = DIRECTION('',(0.,-1.,0.));
#13052 = ORIENTED_EDGE('',*,*,#13053,.T.);
#13053 = EDGE_CURVE('',#13046,#13054,#13056,.T.);
#13054 = VERTEX_POINT('',#13055);
#13055 = CARTESIAN_POINT('',(36.223501,0.512642,66.374688));
#13056 = LINE('',#13057,#13058);
#13057 = CARTESIAN_POINT('',(25.823501,0.512642,66.374688));
#13058 = VECTOR('',#13059,1.);
#13059 = DIRECTION('',(1.,0.,2.22044604925E-16));
#13060 = ORIENTED_EDGE('',*,*,#13061,.F.);
#13061 = EDGE_CURVE('',#13062,#13054,#13064,.T.);
#13062 = VERTEX_POINT('',#13063);
#13063 = CARTESIAN_POINT('',(36.223501,4.512642,66.374688));
#13064 = LINE('',#13065,#13066);
#13065 = CARTESIAN_POINT('',(36.223501,-14.487358,66.374688));
#13066 = VECTOR('',#13067,1.);
#13067 = DIRECTION('',(0.,-1.,0.));
#13068 = ORIENTED_EDGE('',*,*,#13069,.F.);
#13069 = EDGE_CURVE('',#13044,#13062,#13070,.T.);
#13070 = LINE('',#13071,#13072);
#13071 = CARTESIAN_POINT('',(25.823501,4.512642,66.374688));
#13072 = VECTOR('',#13073,1.);
#13073 = DIRECTION('',(1.,0.,2.22044604925E-16));
#13074 = FACE_BOUND('',#13075,.T.);
#13075 = EDGE_LOOP('',(#13076,#13086,#13094,#13102));
#13076 = ORIENTED_EDGE('',*,*,#13077,.T.);
#13077 = EDGE_CURVE('',#13078,#13080,#13082,.T.);
#13078 = VERTEX_POINT('',#13079);
#13079 = CARTESIAN_POINT('',(27.823501,-3.487358,66.374688));
#13080 = VERTEX_POINT('',#13081);
#13081 = CARTESIAN_POINT('',(27.823501,-7.487358,66.374688));
#13082 = LINE('',#13083,#13084);
#13083 = CARTESIAN_POINT('',(27.823501,-18.487358,66.374688));
#13084 = VECTOR('',#13085,1.);
#13085 = DIRECTION('',(0.,-1.,0.));
#13086 = ORIENTED_EDGE('',*,*,#13087,.T.);
#13087 = EDGE_CURVE('',#13080,#13088,#13090,.T.);
#13088 = VERTEX_POINT('',#13089);
#13089 = CARTESIAN_POINT('',(36.223501,-7.487358,66.374688));
#13090 = LINE('',#13091,#13092);
#13091 = CARTESIAN_POINT('',(25.823501,-7.487358,66.374688));
#13092 = VECTOR('',#13093,1.);
#13093 = DIRECTION('',(1.,0.,2.22044604925E-16));
#13094 = ORIENTED_EDGE('',*,*,#13095,.F.);
#13095 = EDGE_CURVE('',#13096,#13088,#13098,.T.);
#13096 = VERTEX_POINT('',#13097);
#13097 = CARTESIAN_POINT('',(36.223501,-3.487358,66.374688));
#13098 = LINE('',#13099,#13100);
#13099 = CARTESIAN_POINT('',(36.223501,-18.487358,66.374688));
#13100 = VECTOR('',#13101,1.);
#13101 = DIRECTION('',(0.,-1.,0.));
#13102 = ORIENTED_EDGE('',*,*,#13103,.F.);
#13103 = EDGE_CURVE('',#13078,#13096,#13104,.T.);
#13104 = LINE('',#13105,#13106);
#13105 = CARTESIAN_POINT('',(25.823501,-3.487358,66.374688));
#13106 = VECTOR('',#13107,1.);
#13107 = DIRECTION('',(1.,0.,2.22044604925E-16));
#13108 = FACE_BOUND('',#13109,.T.);
#13109 = EDGE_LOOP('',(#13110,#13120,#13128,#13136));
#13110 = ORIENTED_EDGE('',*,*,#13111,.T.);
#13111 = EDGE_CURVE('',#13112,#13114,#13116,.T.);
#13112 = VERTEX_POINT('',#13113);
#13113 = CARTESIAN_POINT('',(27.823501,-11.487358,66.374688));
#13114 = VERTEX_POINT('',#13115);
#13115 = CARTESIAN_POINT('',(27.823501,-15.487358,66.374688));
#13116 = LINE('',#13117,#13118);
#13117 = CARTESIAN_POINT('',(27.823501,-22.487358,66.374688));
#13118 = VECTOR('',#13119,1.);
#13119 = DIRECTION('',(0.,-1.,0.));
#13120 = ORIENTED_EDGE('',*,*,#13121,.T.);
#13121 = EDGE_CURVE('',#13114,#13122,#13124,.T.);
#13122 = VERTEX_POINT('',#13123);
#13123 = CARTESIAN_POINT('',(36.223501,-15.487358,66.374688));
#13124 = LINE('',#13125,#13126);
#13125 = CARTESIAN_POINT('',(25.823501,-15.487358,66.374688));
#13126 = VECTOR('',#13127,1.);
#13127 = DIRECTION('',(1.,0.,2.22044604925E-16));
#13128 = ORIENTED_EDGE('',*,*,#13129,.F.);
#13129 = EDGE_CURVE('',#13130,#13122,#13132,.T.);
#13130 = VERTEX_POINT('',#13131);
#13131 = CARTESIAN_POINT('',(36.223501,-11.487358,66.374688));
#13132 = LINE('',#13133,#13134);
#13133 = CARTESIAN_POINT('',(36.223501,-22.487358,66.374688));
#13134 = VECTOR('',#13135,1.);
#13135 = DIRECTION('',(0.,-1.,0.));
#13136 = ORIENTED_EDGE('',*,*,#13137,.F.);
#13137 = EDGE_CURVE('',#13112,#13130,#13138,.T.);
#13138 = LINE('',#13139,#13140);
#13139 = CARTESIAN_POINT('',(25.823501,-11.487358,66.374688));
#13140 = VECTOR('',#13141,1.);
#13141 = DIRECTION('',(1.,0.,2.22044604925E-16));
#13142 = FACE_BOUND('',#13143,.T.);
#13143 = EDGE_LOOP('',(#13144,#13154,#13162,#13170));
#13144 = ORIENTED_EDGE('',*,*,#13145,.T.);
#13145 = EDGE_CURVE('',#13146,#13148,#13150,.T.);
#13146 = VERTEX_POINT('',#13147);
#13147 = CARTESIAN_POINT('',(27.823501,-19.487358,66.374688));
#13148 = VERTEX_POINT('',#13149);
#13149 = CARTESIAN_POINT('',(27.823501,-23.487358,66.374688));
#13150 = LINE('',#13151,#13152);
#13151 = CARTESIAN_POINT('',(27.823501,-26.487358,66.374688));
#13152 = VECTOR('',#13153,1.);
#13153 = DIRECTION('',(0.,-1.,0.));
#13154 = ORIENTED_EDGE('',*,*,#13155,.T.);
#13155 = EDGE_CURVE('',#13148,#13156,#13158,.T.);
#13156 = VERTEX_POINT('',#13157);
#13157 = CARTESIAN_POINT('',(36.223501,-23.487358,66.374688));
#13158 = LINE('',#13159,#13160);
#13159 = CARTESIAN_POINT('',(25.823501,-23.487358,66.374688));
#13160 = VECTOR('',#13161,1.);
#13161 = DIRECTION('',(1.,0.,2.22044604925E-16));
#13162 = ORIENTED_EDGE('',*,*,#13163,.F.);
#13163 = EDGE_CURVE('',#13164,#13156,#13166,.T.);
#13164 = VERTEX_POINT('',#13165);
#13165 = CARTESIAN_POINT('',(36.223501,-19.487358,66.374688));
#13166 = LINE('',#13167,#13168);
#13167 = CARTESIAN_POINT('',(36.223501,-26.487358,66.374688));
#13168 = VECTOR('',#13169,1.);
#13169 = DIRECTION('',(0.,-1.,0.));
#13170 = ORIENTED_EDGE('',*,*,#13171,.F.);
#13171 = EDGE_CURVE('',#13146,#13164,#13172,.T.);
#13172 = LINE('',#13173,#13174);
#13173 = CARTESIAN_POINT('',(25.823501,-19.487358,66.374688));
#13174 = VECTOR('',#13175,1.);
#13175 = DIRECTION('',(1.,0.,2.22044604925E-16));
#13176 = PLANE('',#13177);
#13177 = AXIS2_PLACEMENT_3D('',#13178,#13179,#13180);
#13178 = CARTESIAN_POINT('',(23.823501,-29.487358,66.374688));
#13179 = DIRECTION('',(2.22044604925E-16,0.,-1.));
#13180 = DIRECTION('',(1.,0.,2.22044604925E-16));
#13181 = ADVANCED_FACE('',(#13182,#13269,#13275,#13281,#13287,#13293),
  #13299,.T.);
#13182 = FACE_BOUND('',#13183,.T.);
#13183 = EDGE_LOOP('',(#13184,#13192,#13193,#13201,#13209,#13215,#13216,
    #13224,#13232,#13238,#13239,#13247,#13255,#13261,#13262,#13263));
#13184 = ORIENTED_EDGE('',*,*,#13185,.F.);
#13185 = EDGE_CURVE('',#11924,#13186,#13188,.T.);
#13186 = VERTEX_POINT('',#13187);
#13187 = CARTESIAN_POINT('',(39.223501,-29.487358,17.1));
#13188 = LINE('',#13189,#13190);
#13189 = CARTESIAN_POINT('',(23.823501,-29.487358,17.1));
#13190 = VECTOR('',#13191,1.);
#13191 = DIRECTION('',(1.,0.,2.22044604925E-16));
#13192 = ORIENTED_EDGE('',*,*,#11931,.T.);
#13193 = ORIENTED_EDGE('',*,*,#13194,.F.);
#13194 = EDGE_CURVE('',#13195,#11890,#13197,.T.);
#13195 = VERTEX_POINT('',#13196);
#13196 = CARTESIAN_POINT('',(27.623501,-29.487358,22.5));
#13197 = LINE('',#13198,#13199);
#13198 = CARTESIAN_POINT('',(24.323501,-29.487358,22.5));
#13199 = VECTOR('',#13200,1.);
#13200 = DIRECTION('',(-1.,0.,-2.22044604925E-16));
#13201 = ORIENTED_EDGE('',*,*,#13202,.F.);
#13202 = EDGE_CURVE('',#13203,#13195,#13205,.T.);
#13203 = VERTEX_POINT('',#13204);
#13204 = CARTESIAN_POINT('',(27.623501,-29.487358,26.884344));
#13205 = LINE('',#13206,#13207);
#13206 = CARTESIAN_POINT('',(27.623501,-29.487358,46.629516));
#13207 = VECTOR('',#13208,1.);
#13208 = DIRECTION('',(2.22044604925E-16,0.,-1.));
#13209 = ORIENTED_EDGE('',*,*,#13210,.T.);
#13210 = EDGE_CURVE('',#13203,#11789,#13211,.T.);
#13211 = LINE('',#13212,#13213);
#13212 = CARTESIAN_POINT('',(24.323501,-29.487358,26.884344));
#13213 = VECTOR('',#13214,1.);
#13214 = DIRECTION('',(-1.,0.,-2.22044604925E-16));
#13215 = ORIENTED_EDGE('',*,*,#11796,.T.);
#13216 = ORIENTED_EDGE('',*,*,#13217,.F.);
#13217 = EDGE_CURVE('',#13218,#11780,#13220,.T.);
#13218 = VERTEX_POINT('',#13219);
#13219 = CARTESIAN_POINT('',(27.623501,-29.487358,30.985344));
#13220 = LINE('',#13221,#13222);
#13221 = CARTESIAN_POINT('',(24.323501,-29.487358,30.985344));
#13222 = VECTOR('',#13223,1.);
#13223 = DIRECTION('',(-1.,0.,-2.22044604925E-16));
#13224 = ORIENTED_EDGE('',*,*,#13225,.F.);
#13225 = EDGE_CURVE('',#13226,#13218,#13228,.T.);
#13226 = VERTEX_POINT('',#13227);
#13227 = CARTESIAN_POINT('',(27.623501,-29.487358,34.962344));
#13228 = LINE('',#13229,#13230);
#13229 = CARTESIAN_POINT('',(27.623501,-29.487358,50.668516));
#13230 = VECTOR('',#13231,1.);
#13231 = DIRECTION('',(2.22044604925E-16,0.,-1.));
#13232 = ORIENTED_EDGE('',*,*,#13233,.T.);
#13233 = EDGE_CURVE('',#13226,#11679,#13234,.T.);
#13234 = LINE('',#13235,#13236);
#13235 = CARTESIAN_POINT('',(24.323501,-29.487358,34.962344));
#13236 = VECTOR('',#13237,1.);
#13237 = DIRECTION('',(-1.,0.,-2.22044604925E-16));
#13238 = ORIENTED_EDGE('',*,*,#11686,.T.);
#13239 = ORIENTED_EDGE('',*,*,#13240,.F.);
#13240 = EDGE_CURVE('',#13241,#11670,#13243,.T.);
#13241 = VERTEX_POINT('',#13242);
#13242 = CARTESIAN_POINT('',(27.623501,-29.487358,48.562344));
#13243 = LINE('',#13244,#13245);
#13244 = CARTESIAN_POINT('',(24.323501,-29.487358,48.562344));
#13245 = VECTOR('',#13246,1.);
#13246 = DIRECTION('',(-1.,0.,-2.22044604925E-16));
#13247 = ORIENTED_EDGE('',*,*,#13248,.F.);
#13248 = EDGE_CURVE('',#13249,#13241,#13251,.T.);
#13249 = VERTEX_POINT('',#13250);
#13250 = CARTESIAN_POINT('',(27.623501,-29.487358,60.974688));
#13251 = LINE('',#13252,#13253);
#13252 = CARTESIAN_POINT('',(27.623501,-29.487358,63.674688));
#13253 = VECTOR('',#13254,1.);
#13254 = DIRECTION('',(2.22044604925E-16,0.,-1.));
#13255 = ORIENTED_EDGE('',*,*,#13256,.T.);
#13256 = EDGE_CURVE('',#13249,#11545,#13257,.T.);
#13257 = LINE('',#13258,#13259);
#13258 = CARTESIAN_POINT('',(24.323501,-29.487358,60.974688));
#13259 = VECTOR('',#13260,1.);
#13260 = DIRECTION('',(-1.,0.,-2.22044604925E-16));
#13261 = ORIENTED_EDGE('',*,*,#11552,.T.);
#13262 = ORIENTED_EDGE('',*,*,#12920,.T.);
#13263 = ORIENTED_EDGE('',*,*,#13264,.T.);
#13264 = EDGE_CURVE('',#12921,#13186,#13265,.T.);
#13265 = LINE('',#13266,#13267);
#13266 = CARTESIAN_POINT('',(39.223501,-29.487358,66.374688));
#13267 = VECTOR('',#13268,1.);
#13268 = DIRECTION('',(2.22044604925E-16,0.,-1.));
#13269 = FACE_BOUND('',#13270,.T.);
#13270 = EDGE_LOOP('',(#13271,#13272,#13273,#13274));
#13271 = ORIENTED_EDGE('',*,*,#12046,.F.);
#13272 = ORIENTED_EDGE('',*,*,#12087,.T.);
#13273 = ORIENTED_EDGE('',*,*,#12125,.T.);
#13274 = ORIENTED_EDGE('',*,*,#12111,.F.);
#13275 = FACE_BOUND('',#13276,.T.);
#13276 = EDGE_LOOP('',(#13277,#13278,#13279,#13280));
#13277 = ORIENTED_EDGE('',*,*,#12142,.F.);
#13278 = ORIENTED_EDGE('',*,*,#12183,.T.);
#13279 = ORIENTED_EDGE('',*,*,#12221,.T.);
#13280 = ORIENTED_EDGE('',*,*,#12207,.F.);
#13281 = FACE_BOUND('',#13282,.T.);
#13282 = EDGE_LOOP('',(#13283,#13284,#13285,#13286));
#13283 = ORIENTED_EDGE('',*,*,#12238,.F.);
#13284 = ORIENTED_EDGE('',*,*,#12279,.T.);
#13285 = ORIENTED_EDGE('',*,*,#12317,.T.);
#13286 = ORIENTED_EDGE('',*,*,#12303,.F.);
#13287 = FACE_BOUND('',#13288,.T.);
#13288 = EDGE_LOOP('',(#13289,#13290,#13291,#13292));
#13289 = ORIENTED_EDGE('',*,*,#12334,.F.);
#13290 = ORIENTED_EDGE('',*,*,#12375,.T.);
#13291 = ORIENTED_EDGE('',*,*,#12413,.T.);
#13292 = ORIENTED_EDGE('',*,*,#12399,.F.);
#13293 = FACE_BOUND('',#13294,.T.);
#13294 = EDGE_LOOP('',(#13295,#13296,#13297,#13298));
#13295 = ORIENTED_EDGE('',*,*,#12430,.F.);
#13296 = ORIENTED_EDGE('',*,*,#12471,.T.);
#13297 = ORIENTED_EDGE('',*,*,#12509,.T.);
#13298 = ORIENTED_EDGE('',*,*,#12495,.F.);
#13299 = PLANE('',#13300);
#13300 = AXIS2_PLACEMENT_3D('',#13301,#13302,#13303);
#13301 = CARTESIAN_POINT('',(23.823501,-29.487358,66.374688));
#13302 = DIRECTION('',(0.,1.,0.));
#13303 = DIRECTION('',(1.,0.,2.22044604925E-16));
#13304 = ADVANCED_FACE('',(#13305),#13321,.F.);
#13305 = FACE_BOUND('',#13306,.F.);
#13306 = EDGE_LOOP('',(#13307,#13308,#13314,#13315));
#13307 = ORIENTED_EDGE('',*,*,#11544,.F.);
#13308 = ORIENTED_EDGE('',*,*,#13309,.T.);
#13309 = EDGE_CURVE('',#11231,#11327,#13310,.T.);
#13310 = LINE('',#13311,#13312);
#13311 = CARTESIAN_POINT('',(24.823501,-32.287358,66.674688));
#13312 = VECTOR('',#13313,1.);
#13313 = DIRECTION('',(2.22044604925E-16,0.,-1.));
#13314 = ORIENTED_EDGE('',*,*,#11669,.T.);
#13315 = ORIENTED_EDGE('',*,*,#13316,.T.);
#13316 = EDGE_CURVE('',#11670,#11545,#13317,.T.);
#13317 = LINE('',#13318,#13319);
#13318 = CARTESIAN_POINT('',(24.823501,-29.487358,54.056016));
#13319 = VECTOR('',#13320,1.);
#13320 = DIRECTION('',(-2.22044604925E-16,0.,1.));
#13321 = PLANE('',#13322);
#13322 = AXIS2_PLACEMENT_3D('',#13323,#13324,#13325);
#13323 = CARTESIAN_POINT('',(24.823501,0.25,41.737344));
#13324 = DIRECTION('',(1.,0.,2.22044604925E-16));
#13325 = DIRECTION('',(2.22044604925E-16,0.,-1.));
#13326 = ADVANCED_FACE('',(#13327),#13338,.F.);
#13327 = FACE_BOUND('',#13328,.F.);
#13328 = EDGE_LOOP('',(#13329,#13330,#13336,#13337));
#13329 = ORIENTED_EDGE('',*,*,#11606,.F.);
#13330 = ORIENTED_EDGE('',*,*,#13331,.T.);
#13331 = EDGE_CURVE('',#11599,#11647,#13332,.T.);
#13332 = LINE('',#13333,#13334);
#13333 = CARTESIAN_POINT('',(24.823501,-32.387358,60.974688));
#13334 = VECTOR('',#13335,1.);
#13335 = DIRECTION('',(2.22044604925E-16,0.,-1.));
#13336 = ORIENTED_EDGE('',*,*,#11654,.T.);
#13337 = ORIENTED_EDGE('',*,*,#13309,.F.);
#13338 = PLANE('',#13339);
#13339 = AXIS2_PLACEMENT_3D('',#13340,#13341,#13342);
#13340 = CARTESIAN_POINT('',(24.823501,-32.387358,60.974688));
#13341 = DIRECTION('',(1.,0.,2.22044604925E-16));
#13342 = DIRECTION('',(2.22044604925E-16,0.,-1.));
#13343 = ADVANCED_FACE('',(#13344),#13350,.F.);
#13344 = FACE_BOUND('',#13345,.F.);
#13345 = EDGE_LOOP('',(#13346,#13347,#13348,#13349));
#13346 = ORIENTED_EDGE('',*,*,#13331,.F.);
#13347 = ORIENTED_EDGE('',*,*,#11598,.T.);
#13348 = ORIENTED_EDGE('',*,*,#11622,.T.);
#13349 = ORIENTED_EDGE('',*,*,#11646,.F.);
#13350 = PLANE('',#13351);
#13351 = AXIS2_PLACEMENT_3D('',#13352,#13353,#13354);
#13352 = CARTESIAN_POINT('',(24.823501,-32.387358,60.974688));
#13353 = DIRECTION('',(0.,1.,0.));
#13354 = DIRECTION('',(1.,0.,2.22044604925E-16));
#13355 = ADVANCED_FACE('',(#13356),#13372,.F.);
#13356 = FACE_BOUND('',#13357,.F.);
#13357 = EDGE_LOOP('',(#13358,#13359,#13365,#13366));
#13358 = ORIENTED_EDGE('',*,*,#11678,.F.);
#13359 = ORIENTED_EDGE('',*,*,#13360,.T.);
#13360 = EDGE_CURVE('',#11319,#11295,#13361,.T.);
#13361 = LINE('',#13362,#13363);
#13362 = CARTESIAN_POINT('',(24.823501,-32.287358,66.674688));
#13363 = VECTOR('',#13364,1.);
#13364 = DIRECTION('',(2.22044604925E-16,0.,-1.));
#13365 = ORIENTED_EDGE('',*,*,#11779,.T.);
#13366 = ORIENTED_EDGE('',*,*,#13367,.T.);
#13367 = EDGE_CURVE('',#11780,#11679,#13368,.T.);
#13368 = LINE('',#13369,#13370);
#13369 = CARTESIAN_POINT('',(24.823501,-29.487358,54.056016));
#13370 = VECTOR('',#13371,1.);
#13371 = DIRECTION('',(-2.22044604925E-16,0.,1.));
#13372 = PLANE('',#13373);
#13373 = AXIS2_PLACEMENT_3D('',#13374,#13375,#13376);
#13374 = CARTESIAN_POINT('',(24.823501,0.25,41.737344));
#13375 = DIRECTION('',(1.,0.,2.22044604925E-16));
#13376 = DIRECTION('',(2.22044604925E-16,0.,-1.));
#13377 = ADVANCED_FACE('',(#13378),#13389,.F.);
#13378 = FACE_BOUND('',#13379,.F.);
#13379 = EDGE_LOOP('',(#13380,#13381,#13387,#13388));
#13380 = ORIENTED_EDGE('',*,*,#11716,.F.);
#13381 = ORIENTED_EDGE('',*,*,#13382,.T.);
#13382 = EDGE_CURVE('',#11709,#11757,#13383,.T.);
#13383 = LINE('',#13384,#13385);
#13384 = CARTESIAN_POINT('',(24.823501,-32.387358,34.962344));
#13385 = VECTOR('',#13386,1.);
#13386 = DIRECTION('',(2.22044604925E-16,0.,-1.));
#13387 = ORIENTED_EDGE('',*,*,#11764,.T.);
#13388 = ORIENTED_EDGE('',*,*,#13360,.F.);
#13389 = PLANE('',#13390);
#13390 = AXIS2_PLACEMENT_3D('',#13391,#13392,#13393);
#13391 = CARTESIAN_POINT('',(24.823501,-32.387358,34.962344));
#13392 = DIRECTION('',(1.,0.,2.22044604925E-16));
#13393 = DIRECTION('',(2.22044604925E-16,0.,-1.));
#13394 = ADVANCED_FACE('',(#13395),#13401,.F.);
#13395 = FACE_BOUND('',#13396,.F.);
#13396 = EDGE_LOOP('',(#13397,#13398,#13399,#13400));
#13397 = ORIENTED_EDGE('',*,*,#13382,.F.);
#13398 = ORIENTED_EDGE('',*,*,#11708,.T.);
#13399 = ORIENTED_EDGE('',*,*,#11732,.T.);
#13400 = ORIENTED_EDGE('',*,*,#11756,.F.);
#13401 = PLANE('',#13402);
#13402 = AXIS2_PLACEMENT_3D('',#13403,#13404,#13405);
#13403 = CARTESIAN_POINT('',(24.823501,-32.387358,34.962344));
#13404 = DIRECTION('',(0.,1.,0.));
#13405 = DIRECTION('',(1.,0.,2.22044604925E-16));
#13406 = ADVANCED_FACE('',(#13407),#13423,.F.);
#13407 = FACE_BOUND('',#13408,.F.);
#13408 = EDGE_LOOP('',(#13409,#13410,#13416,#13417));
#13409 = ORIENTED_EDGE('',*,*,#11788,.F.);
#13410 = ORIENTED_EDGE('',*,*,#13411,.T.);
#13411 = EDGE_CURVE('',#11287,#11263,#13412,.T.);
#13412 = LINE('',#13413,#13414);
#13413 = CARTESIAN_POINT('',(24.823501,-32.287358,66.674688));
#13414 = VECTOR('',#13415,1.);
#13415 = DIRECTION('',(2.22044604925E-16,0.,-1.));
#13416 = ORIENTED_EDGE('',*,*,#11889,.T.);
#13417 = ORIENTED_EDGE('',*,*,#13418,.T.);
#13418 = EDGE_CURVE('',#11890,#11789,#13419,.T.);
#13419 = LINE('',#13420,#13421);
#13420 = CARTESIAN_POINT('',(24.823501,-29.487358,54.056016));
#13421 = VECTOR('',#13422,1.);
#13422 = DIRECTION('',(-2.22044604925E-16,0.,1.));
#13423 = PLANE('',#13424);
#13424 = AXIS2_PLACEMENT_3D('',#13425,#13426,#13427);
#13425 = CARTESIAN_POINT('',(24.823501,0.25,41.737344));
#13426 = DIRECTION('',(1.,0.,2.22044604925E-16));
#13427 = DIRECTION('',(2.22044604925E-16,0.,-1.));
#13428 = ADVANCED_FACE('',(#13429),#13440,.F.);
#13429 = FACE_BOUND('',#13430,.F.);
#13430 = EDGE_LOOP('',(#13431,#13432,#13438,#13439));
#13431 = ORIENTED_EDGE('',*,*,#11826,.F.);
#13432 = ORIENTED_EDGE('',*,*,#13433,.T.);
#13433 = EDGE_CURVE('',#11819,#11867,#13434,.T.);
#13434 = LINE('',#13435,#13436);
#13435 = CARTESIAN_POINT('',(24.823501,-32.387358,26.884344));
#13436 = VECTOR('',#13437,1.);
#13437 = DIRECTION('',(2.22044604925E-16,0.,-1.));
#13438 = ORIENTED_EDGE('',*,*,#11874,.T.);
#13439 = ORIENTED_EDGE('',*,*,#13411,.F.);
#13440 = PLANE('',#13441);
#13441 = AXIS2_PLACEMENT_3D('',#13442,#13443,#13444);
#13442 = CARTESIAN_POINT('',(24.823501,-32.387358,26.884344));
#13443 = DIRECTION('',(1.,0.,2.22044604925E-16));
#13444 = DIRECTION('',(2.22044604925E-16,0.,-1.));
#13445 = ADVANCED_FACE('',(#13446),#13452,.F.);
#13446 = FACE_BOUND('',#13447,.F.);
#13447 = EDGE_LOOP('',(#13448,#13449,#13450,#13451));
#13448 = ORIENTED_EDGE('',*,*,#13433,.F.);
#13449 = ORIENTED_EDGE('',*,*,#11818,.T.);
#13450 = ORIENTED_EDGE('',*,*,#11842,.T.);
#13451 = ORIENTED_EDGE('',*,*,#11866,.F.);
#13452 = PLANE('',#13453);
#13453 = AXIS2_PLACEMENT_3D('',#13454,#13455,#13456);
#13454 = CARTESIAN_POINT('',(24.823501,-32.387358,26.884344));
#13455 = DIRECTION('',(0.,1.,0.));
#13456 = DIRECTION('',(1.,0.,2.22044604925E-16));
#13457 = ADVANCED_FACE('',(#13458,#13540,#13574,#13608,#13642,#13676,
    #13710),#13744,.F.);
#13458 = FACE_BOUND('',#13459,.F.);
#13459 = EDGE_LOOP('',(#13460,#13461,#13462,#13470,#13478,#13486,#13494,
    #13502,#13510,#13518,#13526,#13534));
#13460 = ORIENTED_EDGE('',*,*,#13185,.F.);
#13461 = ORIENTED_EDGE('',*,*,#11923,.T.);
#13462 = ORIENTED_EDGE('',*,*,#13463,.T.);
#13463 = EDGE_CURVE('',#11916,#13464,#13466,.T.);
#13464 = VERTEX_POINT('',#13465);
#13465 = CARTESIAN_POINT('',(27.623501,-25.487358,17.1));
#13466 = LINE('',#13467,#13468);
#13467 = CARTESIAN_POINT('',(24.323501,-25.487358,17.1));
#13468 = VECTOR('',#13469,1.);
#13469 = DIRECTION('',(1.,0.,2.22044604925E-16));
#13470 = ORIENTED_EDGE('',*,*,#13471,.F.);
#13471 = EDGE_CURVE('',#13472,#13464,#13474,.T.);
#13472 = VERTEX_POINT('',#13473);
#13473 = CARTESIAN_POINT('',(27.623501,-12.49,17.1));
#13474 = LINE('',#13475,#13476);
#13475 = CARTESIAN_POINT('',(27.623501,-27.487358,17.1));
#13476 = VECTOR('',#13477,1.);
#13477 = DIRECTION('',(0.,-1.,0.));
#13478 = ORIENTED_EDGE('',*,*,#13479,.F.);
#13479 = EDGE_CURVE('',#13480,#13472,#13482,.T.);
#13480 = VERTEX_POINT('',#13481);
#13481 = CARTESIAN_POINT('',(24.823501,-12.49,17.1));
#13482 = LINE('',#13483,#13484);
#13483 = CARTESIAN_POINT('',(24.323501,-12.49,17.1));
#13484 = VECTOR('',#13485,1.);
#13485 = DIRECTION('',(1.,0.,2.22044604925E-16));
#13486 = ORIENTED_EDGE('',*,*,#13487,.T.);
#13487 = EDGE_CURVE('',#13480,#13488,#13490,.T.);
#13488 = VERTEX_POINT('',#13489);
#13489 = CARTESIAN_POINT('',(24.823501,18.08,17.1));
#13490 = LINE('',#13491,#13492);
#13491 = CARTESIAN_POINT('',(24.823501,-14.618679,17.1));
#13492 = VECTOR('',#13493,1.);
#13493 = DIRECTION('',(0.,1.,0.));
#13494 = ORIENTED_EDGE('',*,*,#13495,.T.);
#13495 = EDGE_CURVE('',#13488,#13496,#13498,.T.);
#13496 = VERTEX_POINT('',#13497);
#13497 = CARTESIAN_POINT('',(27.623501,18.08,17.1));
#13498 = LINE('',#13499,#13500);
#13499 = CARTESIAN_POINT('',(24.323501,18.08,17.1));
#13500 = VECTOR('',#13501,1.);
#13501 = DIRECTION('',(1.,0.,2.22044604925E-16));
#13502 = ORIENTED_EDGE('',*,*,#13503,.F.);
#13503 = EDGE_CURVE('',#13504,#13496,#13506,.T.);
#13504 = VERTEX_POINT('',#13505);
#13505 = CARTESIAN_POINT('',(27.623501,25.487358,17.1));
#13506 = LINE('',#13507,#13508);
#13507 = CARTESIAN_POINT('',(27.623501,-5.703679,17.1));
#13508 = VECTOR('',#13509,1.);
#13509 = DIRECTION('',(0.,-1.,0.));
#13510 = ORIENTED_EDGE('',*,*,#13511,.F.);
#13511 = EDGE_CURVE('',#13512,#13504,#13514,.T.);
#13512 = VERTEX_POINT('',#13513);
#13513 = CARTESIAN_POINT('',(24.823501,25.487358,17.1));
#13514 = LINE('',#13515,#13516);
#13515 = CARTESIAN_POINT('',(24.323501,25.487358,17.1));
#13516 = VECTOR('',#13517,1.);
#13517 = DIRECTION('',(1.,0.,2.22044604925E-16));
#13518 = ORIENTED_EDGE('',*,*,#13519,.T.);
#13519 = EDGE_CURVE('',#13512,#13520,#13522,.T.);
#13520 = VERTEX_POINT('',#13521);
#13521 = CARTESIAN_POINT('',(24.823501,29.987358,17.1));
#13522 = LINE('',#13523,#13524);
#13523 = CARTESIAN_POINT('',(24.823501,-14.618679,17.1));
#13524 = VECTOR('',#13525,1.);
#13525 = DIRECTION('',(0.,1.,0.));
#13526 = ORIENTED_EDGE('',*,*,#13527,.T.);
#13527 = EDGE_CURVE('',#13520,#13528,#13530,.T.);
#13528 = VERTEX_POINT('',#13529);
#13529 = CARTESIAN_POINT('',(39.223501,29.987358,17.1));
#13530 = LINE('',#13531,#13532);
#13531 = CARTESIAN_POINT('',(23.823501,29.987358,17.1));
#13532 = VECTOR('',#13533,1.);
#13533 = DIRECTION('',(1.,0.,2.22044604925E-16));
#13534 = ORIENTED_EDGE('',*,*,#13535,.F.);
#13535 = EDGE_CURVE('',#13186,#13528,#13536,.T.);
#13536 = LINE('',#13537,#13538);
#13537 = CARTESIAN_POINT('',(39.223501,-29.487358,17.1));
#13538 = VECTOR('',#13539,1.);
#13539 = DIRECTION('',(0.,1.,0.));
#13540 = FACE_BOUND('',#13541,.F.);
#13541 = EDGE_LOOP('',(#13542,#13552,#13560,#13568));
#13542 = ORIENTED_EDGE('',*,*,#13543,.T.);
#13543 = EDGE_CURVE('',#13544,#13546,#13548,.T.);
#13544 = VERTEX_POINT('',#13545);
#13545 = CARTESIAN_POINT('',(27.823501,20.512642,17.1));
#13546 = VERTEX_POINT('',#13547);
#13547 = CARTESIAN_POINT('',(27.823501,16.512642,17.1));
#13548 = LINE('',#13549,#13550);
#13549 = CARTESIAN_POINT('',(27.823501,-6.487358,17.1));
#13550 = VECTOR('',#13551,1.);
#13551 = DIRECTION('',(0.,-1.,0.));
#13552 = ORIENTED_EDGE('',*,*,#13553,.T.);
#13553 = EDGE_CURVE('',#13546,#13554,#13556,.T.);
#13554 = VERTEX_POINT('',#13555);
#13555 = CARTESIAN_POINT('',(36.223501,16.512642,17.1));
#13556 = LINE('',#13557,#13558);
#13557 = CARTESIAN_POINT('',(25.823501,16.512642,17.1));
#13558 = VECTOR('',#13559,1.);
#13559 = DIRECTION('',(1.,0.,2.22044604925E-16));
#13560 = ORIENTED_EDGE('',*,*,#13561,.F.);
#13561 = EDGE_CURVE('',#13562,#13554,#13564,.T.);
#13562 = VERTEX_POINT('',#13563);
#13563 = CARTESIAN_POINT('',(36.223501,20.512642,17.1));
#13564 = LINE('',#13565,#13566);
#13565 = CARTESIAN_POINT('',(36.223501,-6.487358,17.1));
#13566 = VECTOR('',#13567,1.);
#13567 = DIRECTION('',(0.,-1.,0.));
#13568 = ORIENTED_EDGE('',*,*,#13569,.F.);
#13569 = EDGE_CURVE('',#13544,#13562,#13570,.T.);
#13570 = LINE('',#13571,#13572);
#13571 = CARTESIAN_POINT('',(25.823501,20.512642,17.1));
#13572 = VECTOR('',#13573,1.);
#13573 = DIRECTION('',(1.,0.,2.22044604925E-16));
#13574 = FACE_BOUND('',#13575,.F.);
#13575 = EDGE_LOOP('',(#13576,#13586,#13594,#13602));
#13576 = ORIENTED_EDGE('',*,*,#13577,.T.);
#13577 = EDGE_CURVE('',#13578,#13580,#13582,.T.);
#13578 = VERTEX_POINT('',#13579);
#13579 = CARTESIAN_POINT('',(27.823501,12.512642,17.1));
#13580 = VERTEX_POINT('',#13581);
#13581 = CARTESIAN_POINT('',(27.823501,8.512642,17.1));
#13582 = LINE('',#13583,#13584);
#13583 = CARTESIAN_POINT('',(27.823501,-10.487358,17.1));
#13584 = VECTOR('',#13585,1.);
#13585 = DIRECTION('',(0.,-1.,0.));
#13586 = ORIENTED_EDGE('',*,*,#13587,.T.);
#13587 = EDGE_CURVE('',#13580,#13588,#13590,.T.);
#13588 = VERTEX_POINT('',#13589);
#13589 = CARTESIAN_POINT('',(36.223501,8.512642,17.1));
#13590 = LINE('',#13591,#13592);
#13591 = CARTESIAN_POINT('',(25.823501,8.512642,17.1));
#13592 = VECTOR('',#13593,1.);
#13593 = DIRECTION('',(1.,0.,2.22044604925E-16));
#13594 = ORIENTED_EDGE('',*,*,#13595,.F.);
#13595 = EDGE_CURVE('',#13596,#13588,#13598,.T.);
#13596 = VERTEX_POINT('',#13597);
#13597 = CARTESIAN_POINT('',(36.223501,12.512642,17.1));
#13598 = LINE('',#13599,#13600);
#13599 = CARTESIAN_POINT('',(36.223501,-10.487358,17.1));
#13600 = VECTOR('',#13601,1.);
#13601 = DIRECTION('',(0.,-1.,0.));
#13602 = ORIENTED_EDGE('',*,*,#13603,.F.);
#13603 = EDGE_CURVE('',#13578,#13596,#13604,.T.);
#13604 = LINE('',#13605,#13606);
#13605 = CARTESIAN_POINT('',(25.823501,12.512642,17.1));
#13606 = VECTOR('',#13607,1.);
#13607 = DIRECTION('',(1.,0.,2.22044604925E-16));
#13608 = FACE_BOUND('',#13609,.F.);
#13609 = EDGE_LOOP('',(#13610,#13620,#13628,#13636));
#13610 = ORIENTED_EDGE('',*,*,#13611,.T.);
#13611 = EDGE_CURVE('',#13612,#13614,#13616,.T.);
#13612 = VERTEX_POINT('',#13613);
#13613 = CARTESIAN_POINT('',(27.823501,4.512642,17.1));
#13614 = VERTEX_POINT('',#13615);
#13615 = CARTESIAN_POINT('',(27.823501,0.512642,17.1));
#13616 = LINE('',#13617,#13618);
#13617 = CARTESIAN_POINT('',(27.823501,-14.487358,17.1));
#13618 = VECTOR('',#13619,1.);
#13619 = DIRECTION('',(0.,-1.,0.));
#13620 = ORIENTED_EDGE('',*,*,#13621,.T.);
#13621 = EDGE_CURVE('',#13614,#13622,#13624,.T.);
#13622 = VERTEX_POINT('',#13623);
#13623 = CARTESIAN_POINT('',(36.223501,0.512642,17.1));
#13624 = LINE('',#13625,#13626);
#13625 = CARTESIAN_POINT('',(25.823501,0.512642,17.1));
#13626 = VECTOR('',#13627,1.);
#13627 = DIRECTION('',(1.,0.,2.22044604925E-16));
#13628 = ORIENTED_EDGE('',*,*,#13629,.F.);
#13629 = EDGE_CURVE('',#13630,#13622,#13632,.T.);
#13630 = VERTEX_POINT('',#13631);
#13631 = CARTESIAN_POINT('',(36.223501,4.512642,17.1));
#13632 = LINE('',#13633,#13634);
#13633 = CARTESIAN_POINT('',(36.223501,-14.487358,17.1));
#13634 = VECTOR('',#13635,1.);
#13635 = DIRECTION('',(0.,-1.,0.));
#13636 = ORIENTED_EDGE('',*,*,#13637,.F.);
#13637 = EDGE_CURVE('',#13612,#13630,#13638,.T.);
#13638 = LINE('',#13639,#13640);
#13639 = CARTESIAN_POINT('',(25.823501,4.512642,17.1));
#13640 = VECTOR('',#13641,1.);
#13641 = DIRECTION('',(1.,0.,2.22044604925E-16));
#13642 = FACE_BOUND('',#13643,.F.);
#13643 = EDGE_LOOP('',(#13644,#13654,#13662,#13670));
#13644 = ORIENTED_EDGE('',*,*,#13645,.T.);
#13645 = EDGE_CURVE('',#13646,#13648,#13650,.T.);
#13646 = VERTEX_POINT('',#13647);
#13647 = CARTESIAN_POINT('',(27.823501,-3.487358,17.1));
#13648 = VERTEX_POINT('',#13649);
#13649 = CARTESIAN_POINT('',(27.823501,-7.487358,17.1));
#13650 = LINE('',#13651,#13652);
#13651 = CARTESIAN_POINT('',(27.823501,-18.487358,17.1));
#13652 = VECTOR('',#13653,1.);
#13653 = DIRECTION('',(0.,-1.,0.));
#13654 = ORIENTED_EDGE('',*,*,#13655,.T.);
#13655 = EDGE_CURVE('',#13648,#13656,#13658,.T.);
#13656 = VERTEX_POINT('',#13657);
#13657 = CARTESIAN_POINT('',(36.223501,-7.487358,17.1));
#13658 = LINE('',#13659,#13660);
#13659 = CARTESIAN_POINT('',(25.823501,-7.487358,17.1));
#13660 = VECTOR('',#13661,1.);
#13661 = DIRECTION('',(1.,0.,2.22044604925E-16));
#13662 = ORIENTED_EDGE('',*,*,#13663,.F.);
#13663 = EDGE_CURVE('',#13664,#13656,#13666,.T.);
#13664 = VERTEX_POINT('',#13665);
#13665 = CARTESIAN_POINT('',(36.223501,-3.487358,17.1));
#13666 = LINE('',#13667,#13668);
#13667 = CARTESIAN_POINT('',(36.223501,-18.487358,17.1));
#13668 = VECTOR('',#13669,1.);
#13669 = DIRECTION('',(0.,-1.,0.));
#13670 = ORIENTED_EDGE('',*,*,#13671,.F.);
#13671 = EDGE_CURVE('',#13646,#13664,#13672,.T.);
#13672 = LINE('',#13673,#13674);
#13673 = CARTESIAN_POINT('',(25.823501,-3.487358,17.1));
#13674 = VECTOR('',#13675,1.);
#13675 = DIRECTION('',(1.,0.,2.22044604925E-16));
#13676 = FACE_BOUND('',#13677,.F.);
#13677 = EDGE_LOOP('',(#13678,#13688,#13696,#13704));
#13678 = ORIENTED_EDGE('',*,*,#13679,.T.);
#13679 = EDGE_CURVE('',#13680,#13682,#13684,.T.);
#13680 = VERTEX_POINT('',#13681);
#13681 = CARTESIAN_POINT('',(27.823501,-11.487358,17.1));
#13682 = VERTEX_POINT('',#13683);
#13683 = CARTESIAN_POINT('',(27.823501,-15.487358,17.1));
#13684 = LINE('',#13685,#13686);
#13685 = CARTESIAN_POINT('',(27.823501,-22.487358,17.1));
#13686 = VECTOR('',#13687,1.);
#13687 = DIRECTION('',(0.,-1.,0.));
#13688 = ORIENTED_EDGE('',*,*,#13689,.T.);
#13689 = EDGE_CURVE('',#13682,#13690,#13692,.T.);
#13690 = VERTEX_POINT('',#13691);
#13691 = CARTESIAN_POINT('',(36.223501,-15.487358,17.1));
#13692 = LINE('',#13693,#13694);
#13693 = CARTESIAN_POINT('',(25.823501,-15.487358,17.1));
#13694 = VECTOR('',#13695,1.);
#13695 = DIRECTION('',(1.,0.,2.22044604925E-16));
#13696 = ORIENTED_EDGE('',*,*,#13697,.F.);
#13697 = EDGE_CURVE('',#13698,#13690,#13700,.T.);
#13698 = VERTEX_POINT('',#13699);
#13699 = CARTESIAN_POINT('',(36.223501,-11.487358,17.1));
#13700 = LINE('',#13701,#13702);
#13701 = CARTESIAN_POINT('',(36.223501,-22.487358,17.1));
#13702 = VECTOR('',#13703,1.);
#13703 = DIRECTION('',(0.,-1.,0.));
#13704 = ORIENTED_EDGE('',*,*,#13705,.F.);
#13705 = EDGE_CURVE('',#13680,#13698,#13706,.T.);
#13706 = LINE('',#13707,#13708);
#13707 = CARTESIAN_POINT('',(25.823501,-11.487358,17.1));
#13708 = VECTOR('',#13709,1.);
#13709 = DIRECTION('',(1.,0.,2.22044604925E-16));
#13710 = FACE_BOUND('',#13711,.F.);
#13711 = EDGE_LOOP('',(#13712,#13722,#13730,#13738));
#13712 = ORIENTED_EDGE('',*,*,#13713,.T.);
#13713 = EDGE_CURVE('',#13714,#13716,#13718,.T.);
#13714 = VERTEX_POINT('',#13715);
#13715 = CARTESIAN_POINT('',(27.823501,-19.487358,17.1));
#13716 = VERTEX_POINT('',#13717);
#13717 = CARTESIAN_POINT('',(27.823501,-23.487358,17.1));
#13718 = LINE('',#13719,#13720);
#13719 = CARTESIAN_POINT('',(27.823501,-26.487358,17.1));
#13720 = VECTOR('',#13721,1.);
#13721 = DIRECTION('',(0.,-1.,0.));
#13722 = ORIENTED_EDGE('',*,*,#13723,.T.);
#13723 = EDGE_CURVE('',#13716,#13724,#13726,.T.);
#13724 = VERTEX_POINT('',#13725);
#13725 = CARTESIAN_POINT('',(36.223501,-23.487358,17.1));
#13726 = LINE('',#13727,#13728);
#13727 = CARTESIAN_POINT('',(25.823501,-23.487358,17.1));
#13728 = VECTOR('',#13729,1.);
#13729 = DIRECTION('',(1.,0.,2.22044604925E-16));
#13730 = ORIENTED_EDGE('',*,*,#13731,.F.);
#13731 = EDGE_CURVE('',#13732,#13724,#13734,.T.);
#13732 = VERTEX_POINT('',#13733);
#13733 = CARTESIAN_POINT('',(36.223501,-19.487358,17.1));
#13734 = LINE('',#13735,#13736);
#13735 = CARTESIAN_POINT('',(36.223501,-26.487358,17.1));
#13736 = VECTOR('',#13737,1.);
#13737 = DIRECTION('',(0.,-1.,0.));
#13738 = ORIENTED_EDGE('',*,*,#13739,.F.);
#13739 = EDGE_CURVE('',#13714,#13732,#13740,.T.);
#13740 = LINE('',#13741,#13742);
#13741 = CARTESIAN_POINT('',(25.823501,-19.487358,17.1));
#13742 = VECTOR('',#13743,1.);
#13743 = DIRECTION('',(1.,0.,2.22044604925E-16));
#13744 = PLANE('',#13745);
#13745 = AXIS2_PLACEMENT_3D('',#13746,#13747,#13748);
#13746 = CARTESIAN_POINT('',(23.823501,-29.487358,17.1));
#13747 = DIRECTION('',(2.22044604925E-16,0.,-1.));
#13748 = DIRECTION('',(1.,0.,2.22044604925E-16));
#13749 = ADVANCED_FACE('',(#13750),#13790,.F.);
#13750 = FACE_BOUND('',#13751,.F.);
#13751 = EDGE_LOOP('',(#13752,#13753,#13761,#13770,#13778,#13784));
#13752 = ORIENTED_EDGE('',*,*,#11915,.T.);
#13753 = ORIENTED_EDGE('',*,*,#13754,.T.);
#13754 = EDGE_CURVE('',#11908,#13755,#13757,.T.);
#13755 = VERTEX_POINT('',#13756);
#13756 = CARTESIAN_POINT('',(24.823501,-23.41610196625,14.3));
#13757 = LINE('',#13758,#13759);
#13758 = CARTESIAN_POINT('',(24.823501,-29.787358,14.3));
#13759 = VECTOR('',#13760,1.);
#13760 = DIRECTION('',(0.,1.,0.));
#13761 = ORIENTED_EDGE('',*,*,#13762,.F.);
#13762 = EDGE_CURVE('',#13763,#13755,#13765,.T.);
#13763 = VERTEX_POINT('',#13764);
#13764 = CARTESIAN_POINT('',(24.823501,-16.70789803375,14.3));
#13765 = CIRCLE('',#13766,4.5);
#13766 = AXIS2_PLACEMENT_3D('',#13767,#13768,#13769);
#13767 = CARTESIAN_POINT('',(24.823501,-20.062,11.3));
#13768 = DIRECTION('',(1.,-0.,2.22044604925E-16));
#13769 = DIRECTION('',(2.22044604925E-16,0.,-1.));
#13770 = ORIENTED_EDGE('',*,*,#13771,.T.);
#13771 = EDGE_CURVE('',#13763,#13772,#13774,.T.);
#13772 = VERTEX_POINT('',#13773);
#13773 = CARTESIAN_POINT('',(24.823501,-12.49,14.3));
#13774 = LINE('',#13775,#13776);
#13775 = CARTESIAN_POINT('',(24.823501,-29.787358,14.3));
#13776 = VECTOR('',#13777,1.);
#13777 = DIRECTION('',(0.,1.,0.));
#13778 = ORIENTED_EDGE('',*,*,#13779,.F.);
#13779 = EDGE_CURVE('',#13480,#13772,#13780,.T.);
#13780 = LINE('',#13781,#13782);
#13781 = CARTESIAN_POINT('',(24.823501,-12.49,20.3));
#13782 = VECTOR('',#13783,1.);
#13783 = DIRECTION('',(2.22044604925E-16,0.,-1.));
#13784 = ORIENTED_EDGE('',*,*,#13785,.F.);
#13785 = EDGE_CURVE('',#11916,#13480,#13786,.T.);
#13786 = LINE('',#13787,#13788);
#13787 = CARTESIAN_POINT('',(24.823501,-14.618679,17.1));
#13788 = VECTOR('',#13789,1.);
#13789 = DIRECTION('',(0.,1.,0.));
#13790 = PLANE('',#13791);
#13791 = AXIS2_PLACEMENT_3D('',#13792,#13793,#13794);
#13792 = CARTESIAN_POINT('',(24.823501,0.25,41.737344));
#13793 = DIRECTION('',(1.,0.,2.22044604925E-16));
#13794 = DIRECTION('',(2.22044604925E-16,0.,-1.));
#13795 = ADVANCED_FACE('',(#13796,#13997,#14031,#14065,#14099),#14133,
  .F.);
#13796 = FACE_BOUND('',#13797,.F.);
#13797 = EDGE_LOOP('',(#13798,#13799,#13800,#13801,#13809,#13817,#13825,
    #13833,#13841,#13849,#13857,#13865,#13873,#13881,#13889,#13897,
    #13905,#13911,#13919,#13927,#13935,#13943,#13951,#13959,#13967,
    #13975,#13983,#13991));
#13798 = ORIENTED_EDGE('',*,*,#11907,.F.);
#13799 = ORIENTED_EDGE('',*,*,#11955,.T.);
#13800 = ORIENTED_EDGE('',*,*,#11972,.T.);
#13801 = ORIENTED_EDGE('',*,*,#13802,.F.);
#13802 = EDGE_CURVE('',#13803,#11973,#13805,.T.);
#13803 = VERTEX_POINT('',#13804);
#13804 = CARTESIAN_POINT('',(24.823501,30.287358,14.3));
#13805 = LINE('',#13806,#13807);
#13806 = CARTESIAN_POINT('',(24.823501,30.287358,14.3));
#13807 = VECTOR('',#13808,1.);
#13808 = DIRECTION('',(1.,0.,2.22044604925E-16));
#13809 = ORIENTED_EDGE('',*,*,#13810,.F.);
#13810 = EDGE_CURVE('',#13811,#13803,#13813,.T.);
#13811 = VERTEX_POINT('',#13812);
#13812 = CARTESIAN_POINT('',(24.823501,25.487358,14.3));
#13813 = LINE('',#13814,#13815);
#13814 = CARTESIAN_POINT('',(24.823501,-29.787358,14.3));
#13815 = VECTOR('',#13816,1.);
#13816 = DIRECTION('',(0.,1.,0.));
#13817 = ORIENTED_EDGE('',*,*,#13818,.F.);
#13818 = EDGE_CURVE('',#13819,#13811,#13821,.T.);
#13819 = VERTEX_POINT('',#13820);
#13820 = CARTESIAN_POINT('',(27.623501,25.487358,14.3));
#13821 = LINE('',#13822,#13823);
#13822 = CARTESIAN_POINT('',(24.823501,25.487358,14.3));
#13823 = VECTOR('',#13824,1.);
#13824 = DIRECTION('',(-1.,0.,-2.22044604925E-16));
#13825 = ORIENTED_EDGE('',*,*,#13826,.F.);
#13826 = EDGE_CURVE('',#13827,#13819,#13829,.T.);
#13827 = VERTEX_POINT('',#13828);
#13828 = CARTESIAN_POINT('',(27.623501,25.29210196625,14.3));
#13829 = LINE('',#13830,#13831);
#13830 = CARTESIAN_POINT('',(27.623501,-5.853679,14.3));
#13831 = VECTOR('',#13832,1.);
#13832 = DIRECTION('',(0.,1.,0.));
#13833 = ORIENTED_EDGE('',*,*,#13834,.T.);
#13834 = EDGE_CURVE('',#13827,#13835,#13837,.T.);
#13835 = VERTEX_POINT('',#13836);
#13836 = CARTESIAN_POINT('',(31.023501,25.29210196625,14.3));
#13837 = LINE('',#13838,#13839);
#13838 = CARTESIAN_POINT('',(24.823501,25.29210196625,14.3));
#13839 = VECTOR('',#13840,1.);
#13840 = DIRECTION('',(1.,0.,2.22044604925E-16));
#13841 = ORIENTED_EDGE('',*,*,#13842,.F.);
#13842 = EDGE_CURVE('',#13843,#13835,#13845,.T.);
#13843 = VERTEX_POINT('',#13844);
#13844 = CARTESIAN_POINT('',(31.023501,20.512642,14.3));
#13845 = LINE('',#13846,#13847);
#13846 = CARTESIAN_POINT('',(31.023501,-3.924679,14.3));
#13847 = VECTOR('',#13848,1.);
#13848 = DIRECTION('',(0.,1.,0.));
#13849 = ORIENTED_EDGE('',*,*,#13850,.F.);
#13850 = EDGE_CURVE('',#13851,#13843,#13853,.T.);
#13851 = VERTEX_POINT('',#13852);
#13852 = CARTESIAN_POINT('',(36.223501,20.512642,14.3));
#13853 = LINE('',#13854,#13855);
#13854 = CARTESIAN_POINT('',(26.323501,20.512642,14.3));
#13855 = VECTOR('',#13856,1.);
#13856 = DIRECTION('',(-1.,0.,-2.22044604925E-16));
#13857 = ORIENTED_EDGE('',*,*,#13858,.F.);
#13858 = EDGE_CURVE('',#13859,#13851,#13861,.T.);
#13859 = VERTEX_POINT('',#13860);
#13860 = CARTESIAN_POINT('',(36.223501,16.512642,14.3));
#13861 = LINE('',#13862,#13863);
#13862 = CARTESIAN_POINT('',(36.223501,-6.637358,14.3));
#13863 = VECTOR('',#13864,1.);
#13864 = DIRECTION('',(0.,1.,0.));
#13865 = ORIENTED_EDGE('',*,*,#13866,.T.);
#13866 = EDGE_CURVE('',#13859,#13867,#13869,.T.);
#13867 = VERTEX_POINT('',#13868);
#13868 = CARTESIAN_POINT('',(27.823501,16.512642,14.3));
#13869 = LINE('',#13870,#13871);
#13870 = CARTESIAN_POINT('',(26.323501,16.512642,14.3));
#13871 = VECTOR('',#13872,1.);
#13872 = DIRECTION('',(-1.,0.,-2.22044604925E-16));
#13873 = ORIENTED_EDGE('',*,*,#13874,.T.);
#13874 = EDGE_CURVE('',#13867,#13875,#13877,.T.);
#13875 = VERTEX_POINT('',#13876);
#13876 = CARTESIAN_POINT('',(27.823501,18.58389803375,14.3));
#13877 = LINE('',#13878,#13879);
#13878 = CARTESIAN_POINT('',(27.823501,-6.637358,14.3));
#13879 = VECTOR('',#13880,1.);
#13880 = DIRECTION('',(0.,1.,0.));
#13881 = ORIENTED_EDGE('',*,*,#13882,.F.);
#13882 = EDGE_CURVE('',#13883,#13875,#13885,.T.);
#13883 = VERTEX_POINT('',#13884);
#13884 = CARTESIAN_POINT('',(27.623501,18.58389803375,14.3));
#13885 = LINE('',#13886,#13887);
#13886 = CARTESIAN_POINT('',(24.823501,18.58389803375,14.3));
#13887 = VECTOR('',#13888,1.);
#13888 = DIRECTION('',(1.,0.,2.22044604925E-16));
#13889 = ORIENTED_EDGE('',*,*,#13890,.F.);
#13890 = EDGE_CURVE('',#13891,#13883,#13893,.T.);
#13891 = VERTEX_POINT('',#13892);
#13892 = CARTESIAN_POINT('',(27.623501,18.08,14.3));
#13893 = LINE('',#13894,#13895);
#13894 = CARTESIAN_POINT('',(27.623501,-5.853679,14.3));
#13895 = VECTOR('',#13896,1.);
#13896 = DIRECTION('',(0.,1.,0.));
#13897 = ORIENTED_EDGE('',*,*,#13898,.T.);
#13898 = EDGE_CURVE('',#13891,#13899,#13901,.T.);
#13899 = VERTEX_POINT('',#13900);
#13900 = CARTESIAN_POINT('',(24.823501,18.08,14.3));
#13901 = LINE('',#13902,#13903);
#13902 = CARTESIAN_POINT('',(24.823501,18.08,14.3));
#13903 = VECTOR('',#13904,1.);
#13904 = DIRECTION('',(-1.,0.,-2.22044604925E-16));
#13905 = ORIENTED_EDGE('',*,*,#13906,.F.);
#13906 = EDGE_CURVE('',#13772,#13899,#13907,.T.);
#13907 = LINE('',#13908,#13909);
#13908 = CARTESIAN_POINT('',(24.823501,-29.787358,14.3));
#13909 = VECTOR('',#13910,1.);
#13910 = DIRECTION('',(0.,1.,0.));
#13911 = ORIENTED_EDGE('',*,*,#13912,.F.);
#13912 = EDGE_CURVE('',#13913,#13772,#13915,.T.);
#13913 = VERTEX_POINT('',#13914);
#13914 = CARTESIAN_POINT('',(27.623501,-12.49,14.3));
#13915 = LINE('',#13916,#13917);
#13916 = CARTESIAN_POINT('',(24.823501,-12.49,14.3));
#13917 = VECTOR('',#13918,1.);
#13918 = DIRECTION('',(-1.,0.,-2.22044604925E-16));
#13919 = ORIENTED_EDGE('',*,*,#13920,.F.);
#13920 = EDGE_CURVE('',#13921,#13913,#13923,.T.);
#13921 = VERTEX_POINT('',#13922);
#13922 = CARTESIAN_POINT('',(27.623501,-16.70789803375,14.3));
#13923 = LINE('',#13924,#13925);
#13924 = CARTESIAN_POINT('',(27.623501,-27.637358,14.3));
#13925 = VECTOR('',#13926,1.);
#13926 = DIRECTION('',(0.,1.,0.));
#13927 = ORIENTED_EDGE('',*,*,#13928,.T.);
#13928 = EDGE_CURVE('',#13921,#13929,#13931,.T.);
#13929 = VERTEX_POINT('',#13930);
#13930 = CARTESIAN_POINT('',(31.023501,-16.70789803375,14.3));
#13931 = LINE('',#13932,#13933);
#13932 = CARTESIAN_POINT('',(24.823501,-16.70789803375,14.3));
#13933 = VECTOR('',#13934,1.);
#13934 = DIRECTION('',(1.,0.,2.22044604925E-16));
#13935 = ORIENTED_EDGE('',*,*,#13936,.F.);
#13936 = EDGE_CURVE('',#13937,#13929,#13939,.T.);
#13937 = VERTEX_POINT('',#13938);
#13938 = CARTESIAN_POINT('',(31.023501,-19.487358,14.3));
#13939 = LINE('',#13940,#13941);
#13940 = CARTESIAN_POINT('',(31.023501,-24.924679,14.3));
#13941 = VECTOR('',#13942,1.);
#13942 = DIRECTION('',(0.,1.,0.));
#13943 = ORIENTED_EDGE('',*,*,#13944,.F.);
#13944 = EDGE_CURVE('',#13945,#13937,#13947,.T.);
#13945 = VERTEX_POINT('',#13946);
#13946 = CARTESIAN_POINT('',(36.223501,-19.487358,14.3));
#13947 = LINE('',#13948,#13949);
#13948 = CARTESIAN_POINT('',(26.323501,-19.487358,14.3));
#13949 = VECTOR('',#13950,1.);
#13950 = DIRECTION('',(-1.,0.,-2.22044604925E-16));
#13951 = ORIENTED_EDGE('',*,*,#13952,.F.);
#13952 = EDGE_CURVE('',#13953,#13945,#13955,.T.);
#13953 = VERTEX_POINT('',#13954);
#13954 = CARTESIAN_POINT('',(36.223501,-23.487358,14.3));
#13955 = LINE('',#13956,#13957);
#13956 = CARTESIAN_POINT('',(36.223501,-26.637358,14.3));
#13957 = VECTOR('',#13958,1.);
#13958 = DIRECTION('',(0.,1.,0.));
#13959 = ORIENTED_EDGE('',*,*,#13960,.T.);
#13960 = EDGE_CURVE('',#13953,#13961,#13963,.T.);
#13961 = VERTEX_POINT('',#13962);
#13962 = CARTESIAN_POINT('',(27.823501,-23.487358,14.3));
#13963 = LINE('',#13964,#13965);
#13964 = CARTESIAN_POINT('',(26.323501,-23.487358,14.3));
#13965 = VECTOR('',#13966,1.);
#13966 = DIRECTION('',(-1.,0.,-2.22044604925E-16));
#13967 = ORIENTED_EDGE('',*,*,#13968,.T.);
#13968 = EDGE_CURVE('',#13961,#13969,#13971,.T.);
#13969 = VERTEX_POINT('',#13970);
#13970 = CARTESIAN_POINT('',(27.823501,-23.41610196625,14.3));
#13971 = LINE('',#13972,#13973);
#13972 = CARTESIAN_POINT('',(27.823501,-26.637358,14.3));
#13973 = VECTOR('',#13974,1.);
#13974 = DIRECTION('',(0.,1.,0.));
#13975 = ORIENTED_EDGE('',*,*,#13976,.F.);
#13976 = EDGE_CURVE('',#13977,#13969,#13979,.T.);
#13977 = VERTEX_POINT('',#13978);
#13978 = CARTESIAN_POINT('',(27.623501,-23.41610196625,14.3));
#13979 = LINE('',#13980,#13981);
#13980 = CARTESIAN_POINT('',(24.823501,-23.41610196625,14.3));
#13981 = VECTOR('',#13982,1.);
#13982 = DIRECTION('',(1.,0.,2.22044604925E-16));
#13983 = ORIENTED_EDGE('',*,*,#13984,.F.);
#13984 = EDGE_CURVE('',#13985,#13977,#13987,.T.);
#13985 = VERTEX_POINT('',#13986);
#13986 = CARTESIAN_POINT('',(27.623501,-25.487358,14.3));
#13987 = LINE('',#13988,#13989);
#13988 = CARTESIAN_POINT('',(27.623501,-27.637358,14.3));
#13989 = VECTOR('',#13990,1.);
#13990 = DIRECTION('',(0.,1.,0.));
#13991 = ORIENTED_EDGE('',*,*,#13992,.T.);
#13992 = EDGE_CURVE('',#13985,#11908,#13993,.T.);
#13993 = LINE('',#13994,#13995);
#13994 = CARTESIAN_POINT('',(24.823501,-25.487358,14.3));
#13995 = VECTOR('',#13996,1.);
#13996 = DIRECTION('',(-1.,0.,-2.22044604925E-16));
#13997 = FACE_BOUND('',#13998,.F.);
#13998 = EDGE_LOOP('',(#13999,#14009,#14017,#14025));
#13999 = ORIENTED_EDGE('',*,*,#14000,.F.);
#14000 = EDGE_CURVE('',#14001,#14003,#14005,.T.);
#14001 = VERTEX_POINT('',#14002);
#14002 = CARTESIAN_POINT('',(36.223501,-15.487358,14.3));
#14003 = VERTEX_POINT('',#14004);
#14004 = CARTESIAN_POINT('',(36.223501,-11.487358,14.3));
#14005 = LINE('',#14006,#14007);
#14006 = CARTESIAN_POINT('',(36.223501,-22.637358,14.3));
#14007 = VECTOR('',#14008,1.);
#14008 = DIRECTION('',(0.,1.,0.));
#14009 = ORIENTED_EDGE('',*,*,#14010,.T.);
#14010 = EDGE_CURVE('',#14001,#14011,#14013,.T.);
#14011 = VERTEX_POINT('',#14012);
#14012 = CARTESIAN_POINT('',(27.823501,-15.487358,14.3));
#14013 = LINE('',#14014,#14015);
#14014 = CARTESIAN_POINT('',(26.323501,-15.487358,14.3));
#14015 = VECTOR('',#14016,1.);
#14016 = DIRECTION('',(-1.,0.,-2.22044604925E-16));
#14017 = ORIENTED_EDGE('',*,*,#14018,.T.);
#14018 = EDGE_CURVE('',#14011,#14019,#14021,.T.);
#14019 = VERTEX_POINT('',#14020);
#14020 = CARTESIAN_POINT('',(27.823501,-11.487358,14.3));
#14021 = LINE('',#14022,#14023);
#14022 = CARTESIAN_POINT('',(27.823501,-22.637358,14.3));
#14023 = VECTOR('',#14024,1.);
#14024 = DIRECTION('',(0.,1.,0.));
#14025 = ORIENTED_EDGE('',*,*,#14026,.F.);
#14026 = EDGE_CURVE('',#14003,#14019,#14027,.T.);
#14027 = LINE('',#14028,#14029);
#14028 = CARTESIAN_POINT('',(26.323501,-11.487358,14.3));
#14029 = VECTOR('',#14030,1.);
#14030 = DIRECTION('',(-1.,0.,-2.22044604925E-16));
#14031 = FACE_BOUND('',#14032,.F.);
#14032 = EDGE_LOOP('',(#14033,#14043,#14051,#14059));
#14033 = ORIENTED_EDGE('',*,*,#14034,.F.);
#14034 = EDGE_CURVE('',#14035,#14037,#14039,.T.);
#14035 = VERTEX_POINT('',#14036);
#14036 = CARTESIAN_POINT('',(36.223501,-7.487358,14.3));
#14037 = VERTEX_POINT('',#14038);
#14038 = CARTESIAN_POINT('',(36.223501,-3.487358,14.3));
#14039 = LINE('',#14040,#14041);
#14040 = CARTESIAN_POINT('',(36.223501,-18.637358,14.3));
#14041 = VECTOR('',#14042,1.);
#14042 = DIRECTION('',(0.,1.,0.));
#14043 = ORIENTED_EDGE('',*,*,#14044,.T.);
#14044 = EDGE_CURVE('',#14035,#14045,#14047,.T.);
#14045 = VERTEX_POINT('',#14046);
#14046 = CARTESIAN_POINT('',(27.823501,-7.487358,14.3));
#14047 = LINE('',#14048,#14049);
#14048 = CARTESIAN_POINT('',(26.323501,-7.487358,14.3));
#14049 = VECTOR('',#14050,1.);
#14050 = DIRECTION('',(-1.,0.,-2.22044604925E-16));
#14051 = ORIENTED_EDGE('',*,*,#14052,.T.);
#14052 = EDGE_CURVE('',#14045,#14053,#14055,.T.);
#14053 = VERTEX_POINT('',#14054);
#14054 = CARTESIAN_POINT('',(27.823501,-3.487358,14.3));
#14055 = LINE('',#14056,#14057);
#14056 = CARTESIAN_POINT('',(27.823501,-18.637358,14.3));
#14057 = VECTOR('',#14058,1.);
#14058 = DIRECTION('',(0.,1.,0.));
#14059 = ORIENTED_EDGE('',*,*,#14060,.F.);
#14060 = EDGE_CURVE('',#14037,#14053,#14061,.T.);
#14061 = LINE('',#14062,#14063);
#14062 = CARTESIAN_POINT('',(26.323501,-3.487358,14.3));
#14063 = VECTOR('',#14064,1.);
#14064 = DIRECTION('',(-1.,0.,-2.22044604925E-16));
#14065 = FACE_BOUND('',#14066,.F.);
#14066 = EDGE_LOOP('',(#14067,#14077,#14085,#14093));
#14067 = ORIENTED_EDGE('',*,*,#14068,.F.);
#14068 = EDGE_CURVE('',#14069,#14071,#14073,.T.);
#14069 = VERTEX_POINT('',#14070);
#14070 = CARTESIAN_POINT('',(36.223501,0.512642,14.3));
#14071 = VERTEX_POINT('',#14072);
#14072 = CARTESIAN_POINT('',(36.223501,4.512642,14.3));
#14073 = LINE('',#14074,#14075);
#14074 = CARTESIAN_POINT('',(36.223501,-14.637358,14.3));
#14075 = VECTOR('',#14076,1.);
#14076 = DIRECTION('',(0.,1.,0.));
#14077 = ORIENTED_EDGE('',*,*,#14078,.T.);
#14078 = EDGE_CURVE('',#14069,#14079,#14081,.T.);
#14079 = VERTEX_POINT('',#14080);
#14080 = CARTESIAN_POINT('',(27.823501,0.512642,14.3));
#14081 = LINE('',#14082,#14083);
#14082 = CARTESIAN_POINT('',(26.323501,0.512642,14.3));
#14083 = VECTOR('',#14084,1.);
#14084 = DIRECTION('',(-1.,0.,-2.22044604925E-16));
#14085 = ORIENTED_EDGE('',*,*,#14086,.T.);
#14086 = EDGE_CURVE('',#14079,#14087,#14089,.T.);
#14087 = VERTEX_POINT('',#14088);
#14088 = CARTESIAN_POINT('',(27.823501,4.512642,14.3));
#14089 = LINE('',#14090,#14091);
#14090 = CARTESIAN_POINT('',(27.823501,-14.637358,14.3));
#14091 = VECTOR('',#14092,1.);
#14092 = DIRECTION('',(0.,1.,0.));
#14093 = ORIENTED_EDGE('',*,*,#14094,.F.);
#14094 = EDGE_CURVE('',#14071,#14087,#14095,.T.);
#14095 = LINE('',#14096,#14097);
#14096 = CARTESIAN_POINT('',(26.323501,4.512642,14.3));
#14097 = VECTOR('',#14098,1.);
#14098 = DIRECTION('',(-1.,0.,-2.22044604925E-16));
#14099 = FACE_BOUND('',#14100,.F.);
#14100 = EDGE_LOOP('',(#14101,#14111,#14119,#14127));
#14101 = ORIENTED_EDGE('',*,*,#14102,.F.);
#14102 = EDGE_CURVE('',#14103,#14105,#14107,.T.);
#14103 = VERTEX_POINT('',#14104);
#14104 = CARTESIAN_POINT('',(36.223501,8.512642,14.3));
#14105 = VERTEX_POINT('',#14106);
#14106 = CARTESIAN_POINT('',(36.223501,12.512642,14.3));
#14107 = LINE('',#14108,#14109);
#14108 = CARTESIAN_POINT('',(36.223501,-10.637358,14.3));
#14109 = VECTOR('',#14110,1.);
#14110 = DIRECTION('',(0.,1.,0.));
#14111 = ORIENTED_EDGE('',*,*,#14112,.T.);
#14112 = EDGE_CURVE('',#14103,#14113,#14115,.T.);
#14113 = VERTEX_POINT('',#14114);
#14114 = CARTESIAN_POINT('',(27.823501,8.512642,14.3));
#14115 = LINE('',#14116,#14117);
#14116 = CARTESIAN_POINT('',(26.323501,8.512642,14.3));
#14117 = VECTOR('',#14118,1.);
#14118 = DIRECTION('',(-1.,0.,-2.22044604925E-16));
#14119 = ORIENTED_EDGE('',*,*,#14120,.T.);
#14120 = EDGE_CURVE('',#14113,#14121,#14123,.T.);
#14121 = VERTEX_POINT('',#14122);
#14122 = CARTESIAN_POINT('',(27.823501,12.512642,14.3));
#14123 = LINE('',#14124,#14125);
#14124 = CARTESIAN_POINT('',(27.823501,-10.637358,14.3));
#14125 = VECTOR('',#14126,1.);
#14126 = DIRECTION('',(0.,1.,0.));
#14127 = ORIENTED_EDGE('',*,*,#14128,.F.);
#14128 = EDGE_CURVE('',#14105,#14121,#14129,.T.);
#14129 = LINE('',#14130,#14131);
#14130 = CARTESIAN_POINT('',(26.323501,12.512642,14.3));
#14131 = VECTOR('',#14132,1.);
#14132 = DIRECTION('',(-1.,0.,-2.22044604925E-16));
#14133 = PLANE('',#14134);
#14134 = AXIS2_PLACEMENT_3D('',#14135,#14136,#14137);
#14135 = CARTESIAN_POINT('',(24.823501,-29.787358,14.3));
#14136 = DIRECTION('',(-2.22044604925E-16,0.,1.));
#14137 = DIRECTION('',(0.,1.,0.));
#14138 = ADVANCED_FACE('',(#14139),#14158,.T.);
#14139 = FACE_BOUND('',#14140,.F.);
#14140 = EDGE_LOOP('',(#14141,#14142,#14143,#14151));
#14141 = ORIENTED_EDGE('',*,*,#13802,.T.);
#14142 = ORIENTED_EDGE('',*,*,#11980,.T.);
#14143 = ORIENTED_EDGE('',*,*,#14144,.F.);
#14144 = EDGE_CURVE('',#14145,#11981,#14147,.T.);
#14145 = VERTEX_POINT('',#14146);
#14146 = CARTESIAN_POINT('',(24.823501,32.787358,16.8));
#14147 = LINE('',#14148,#14149);
#14148 = CARTESIAN_POINT('',(24.823501,32.787358,16.8));
#14149 = VECTOR('',#14150,1.);
#14150 = DIRECTION('',(1.,0.,2.22044604925E-16));
#14151 = ORIENTED_EDGE('',*,*,#14152,.F.);
#14152 = EDGE_CURVE('',#13803,#14145,#14153,.T.);
#14153 = CIRCLE('',#14154,2.5);
#14154 = AXIS2_PLACEMENT_3D('',#14155,#14156,#14157);
#14155 = CARTESIAN_POINT('',(24.823501,30.287358,16.8));
#14156 = DIRECTION('',(1.,-0.,2.22044604925E-16));
#14157 = DIRECTION('',(2.22044604925E-16,0.,-1.));
#14158 = CYLINDRICAL_SURFACE('',#14159,2.5);
#14159 = AXIS2_PLACEMENT_3D('',#14160,#14161,#14162);
#14160 = CARTESIAN_POINT('',(24.823501,30.287358,16.8));
#14161 = DIRECTION('',(-1.,-0.,-2.22044604925E-16));
#14162 = DIRECTION('',(2.22044604925E-16,0.,-1.));
#14163 = ADVANCED_FACE('',(#14164,#14246,#14280,#14314,#14348,#14382),
  #14416,.F.);
#14164 = FACE_BOUND('',#14165,.F.);
#14165 = EDGE_LOOP('',(#14166,#14174,#14175,#14176,#14184,#14192,#14200,
    #14208,#14216,#14224,#14232,#14240));
#14166 = ORIENTED_EDGE('',*,*,#14167,.F.);
#14167 = EDGE_CURVE('',#14145,#14168,#14170,.T.);
#14168 = VERTEX_POINT('',#14169);
#14169 = CARTESIAN_POINT('',(24.823501,32.787358,22.5));
#14170 = LINE('',#14171,#14172);
#14171 = CARTESIAN_POINT('',(24.823501,32.787358,16.8));
#14172 = VECTOR('',#14173,1.);
#14173 = DIRECTION('',(-2.22044604925E-16,0.,1.));
#14174 = ORIENTED_EDGE('',*,*,#14144,.T.);
#14175 = ORIENTED_EDGE('',*,*,#11989,.T.);
#14176 = ORIENTED_EDGE('',*,*,#14177,.F.);
#14177 = EDGE_CURVE('',#14178,#11990,#14180,.T.);
#14178 = VERTEX_POINT('',#14179);
#14179 = CARTESIAN_POINT('',(24.823501,32.787358,66.674688));
#14180 = LINE('',#14181,#14182);
#14181 = CARTESIAN_POINT('',(24.823501,32.787358,66.674688));
#14182 = VECTOR('',#14183,1.);
#14183 = DIRECTION('',(1.,0.,2.22044604925E-16));
#14184 = ORIENTED_EDGE('',*,*,#14185,.F.);
#14185 = EDGE_CURVE('',#14186,#14178,#14188,.T.);
#14186 = VERTEX_POINT('',#14187);
#14187 = CARTESIAN_POINT('',(24.823501,32.787358,60.974688));
#14188 = LINE('',#14189,#14190);
#14189 = CARTESIAN_POINT('',(24.823501,32.787358,16.8));
#14190 = VECTOR('',#14191,1.);
#14191 = DIRECTION('',(-2.22044604925E-16,0.,1.));
#14192 = ORIENTED_EDGE('',*,*,#14193,.T.);
#14193 = EDGE_CURVE('',#14186,#14194,#14196,.T.);
#14194 = VERTEX_POINT('',#14195);
#14195 = CARTESIAN_POINT('',(27.623501,32.787358,60.974688));
#14196 = LINE('',#14197,#14198);
#14197 = CARTESIAN_POINT('',(24.823501,32.787358,60.974688));
#14198 = VECTOR('',#14199,1.);
#14199 = DIRECTION('',(1.,0.,2.22044604925E-16));
#14200 = ORIENTED_EDGE('',*,*,#14201,.F.);
#14201 = EDGE_CURVE('',#14202,#14194,#14204,.T.);
#14202 = VERTEX_POINT('',#14203);
#14203 = CARTESIAN_POINT('',(27.623501,32.787358,30.609344));
#14204 = LINE('',#14205,#14206);
#14205 = CARTESIAN_POINT('',(27.623501,32.787358,38.887344));
#14206 = VECTOR('',#14207,1.);
#14207 = DIRECTION('',(-2.22044604925E-16,0.,1.));
#14208 = ORIENTED_EDGE('',*,*,#14209,.F.);
#14209 = EDGE_CURVE('',#14210,#14202,#14212,.T.);
#14210 = VERTEX_POINT('',#14211);
#14211 = CARTESIAN_POINT('',(24.823501,32.787358,30.609344));
#14212 = LINE('',#14213,#14214);
#14213 = CARTESIAN_POINT('',(24.823501,32.787358,30.609344));
#14214 = VECTOR('',#14215,1.);
#14215 = DIRECTION('',(1.,0.,2.22044604925E-16));
#14216 = ORIENTED_EDGE('',*,*,#14217,.F.);
#14217 = EDGE_CURVE('',#14218,#14210,#14220,.T.);
#14218 = VERTEX_POINT('',#14219);
#14219 = CARTESIAN_POINT('',(24.823501,32.787358,27.008344));
#14220 = LINE('',#14221,#14222);
#14221 = CARTESIAN_POINT('',(24.823501,32.787358,16.8));
#14222 = VECTOR('',#14223,1.);
#14223 = DIRECTION('',(-2.22044604925E-16,0.,1.));
#14224 = ORIENTED_EDGE('',*,*,#14225,.T.);
#14225 = EDGE_CURVE('',#14218,#14226,#14228,.T.);
#14226 = VERTEX_POINT('',#14227);
#14227 = CARTESIAN_POINT('',(27.623501,32.787358,27.008344));
#14228 = LINE('',#14229,#14230);
#14229 = CARTESIAN_POINT('',(24.823501,32.787358,27.008344));
#14230 = VECTOR('',#14231,1.);
#14231 = DIRECTION('',(1.,0.,2.22044604925E-16));
#14232 = ORIENTED_EDGE('',*,*,#14233,.F.);
#14233 = EDGE_CURVE('',#14234,#14226,#14236,.T.);
#14234 = VERTEX_POINT('',#14235);
#14235 = CARTESIAN_POINT('',(27.623501,32.787358,22.5));
#14236 = LINE('',#14237,#14238);
#14237 = CARTESIAN_POINT('',(27.623501,32.787358,21.904172));
#14238 = VECTOR('',#14239,1.);
#14239 = DIRECTION('',(-2.22044604925E-16,0.,1.));
#14240 = ORIENTED_EDGE('',*,*,#14241,.F.);
#14241 = EDGE_CURVE('',#14168,#14234,#14242,.T.);
#14242 = LINE('',#14243,#14244);
#14243 = CARTESIAN_POINT('',(24.823501,32.787358,22.5));
#14244 = VECTOR('',#14245,1.);
#14245 = DIRECTION('',(1.,0.,2.22044604925E-16));
#14246 = FACE_BOUND('',#14247,.F.);
#14247 = EDGE_LOOP('',(#14248,#14258,#14266,#14274));
#14248 = ORIENTED_EDGE('',*,*,#14249,.T.);
#14249 = EDGE_CURVE('',#14250,#14252,#14254,.T.);
#14250 = VERTEX_POINT('',#14251);
#14251 = CARTESIAN_POINT('',(27.823501,32.787358,24.374688));
#14252 = VERTEX_POINT('',#14253);
#14253 = CARTESIAN_POINT('',(27.823501,32.787358,28.374688));
#14254 = LINE('',#14255,#14256);
#14255 = CARTESIAN_POINT('',(27.823501,32.787358,22.587344));
#14256 = VECTOR('',#14257,1.);
#14257 = DIRECTION('',(-2.22044604925E-16,0.,1.));
#14258 = ORIENTED_EDGE('',*,*,#14259,.T.);
#14259 = EDGE_CURVE('',#14252,#14260,#14262,.T.);
#14260 = VERTEX_POINT('',#14261);
#14261 = CARTESIAN_POINT('',(36.223501,32.787358,28.374688));
#14262 = LINE('',#14263,#14264);
#14263 = CARTESIAN_POINT('',(26.323501,32.787358,28.374688));
#14264 = VECTOR('',#14265,1.);
#14265 = DIRECTION('',(1.,0.,2.22044604925E-16));
#14266 = ORIENTED_EDGE('',*,*,#14267,.F.);
#14267 = EDGE_CURVE('',#14268,#14260,#14270,.T.);
#14268 = VERTEX_POINT('',#14269);
#14269 = CARTESIAN_POINT('',(36.223501,32.787358,24.374688));
#14270 = LINE('',#14271,#14272);
#14271 = CARTESIAN_POINT('',(36.223501,32.787358,22.587344));
#14272 = VECTOR('',#14273,1.);
#14273 = DIRECTION('',(-2.22044604925E-16,0.,1.));
#14274 = ORIENTED_EDGE('',*,*,#14275,.F.);
#14275 = EDGE_CURVE('',#14250,#14268,#14276,.T.);
#14276 = LINE('',#14277,#14278);
#14277 = CARTESIAN_POINT('',(26.323501,32.787358,24.374688));
#14278 = VECTOR('',#14279,1.);
#14279 = DIRECTION('',(1.,0.,2.22044604925E-16));
#14280 = FACE_BOUND('',#14281,.F.);
#14281 = EDGE_LOOP('',(#14282,#14292,#14300,#14308));
#14282 = ORIENTED_EDGE('',*,*,#14283,.T.);
#14283 = EDGE_CURVE('',#14284,#14286,#14288,.T.);
#14284 = VERTEX_POINT('',#14285);
#14285 = CARTESIAN_POINT('',(27.823501,32.787358,32.374688));
#14286 = VERTEX_POINT('',#14287);
#14287 = CARTESIAN_POINT('',(27.823501,32.787358,36.374688));
#14288 = LINE('',#14289,#14290);
#14289 = CARTESIAN_POINT('',(27.823501,32.787358,26.587344));
#14290 = VECTOR('',#14291,1.);
#14291 = DIRECTION('',(-2.22044604925E-16,0.,1.));
#14292 = ORIENTED_EDGE('',*,*,#14293,.T.);
#14293 = EDGE_CURVE('',#14286,#14294,#14296,.T.);
#14294 = VERTEX_POINT('',#14295);
#14295 = CARTESIAN_POINT('',(36.223501,32.787358,36.374688));
#14296 = LINE('',#14297,#14298);
#14297 = CARTESIAN_POINT('',(26.323501,32.787358,36.374688));
#14298 = VECTOR('',#14299,1.);
#14299 = DIRECTION('',(1.,0.,2.22044604925E-16));
#14300 = ORIENTED_EDGE('',*,*,#14301,.F.);
#14301 = EDGE_CURVE('',#14302,#14294,#14304,.T.);
#14302 = VERTEX_POINT('',#14303);
#14303 = CARTESIAN_POINT('',(36.223501,32.787358,32.374688));
#14304 = LINE('',#14305,#14306);
#14305 = CARTESIAN_POINT('',(36.223501,32.787358,26.587344));
#14306 = VECTOR('',#14307,1.);
#14307 = DIRECTION('',(-2.22044604925E-16,0.,1.));
#14308 = ORIENTED_EDGE('',*,*,#14309,.F.);
#14309 = EDGE_CURVE('',#14284,#14302,#14310,.T.);
#14310 = LINE('',#14311,#14312);
#14311 = CARTESIAN_POINT('',(26.323501,32.787358,32.374688));
#14312 = VECTOR('',#14313,1.);
#14313 = DIRECTION('',(1.,0.,2.22044604925E-16));
#14314 = FACE_BOUND('',#14315,.F.);
#14315 = EDGE_LOOP('',(#14316,#14326,#14334,#14342));
#14316 = ORIENTED_EDGE('',*,*,#14317,.T.);
#14317 = EDGE_CURVE('',#14318,#14320,#14322,.T.);
#14318 = VERTEX_POINT('',#14319);
#14319 = CARTESIAN_POINT('',(27.823501,32.787358,40.374688));
#14320 = VERTEX_POINT('',#14321);
#14321 = CARTESIAN_POINT('',(27.823501,32.787358,44.374688));
#14322 = LINE('',#14323,#14324);
#14323 = CARTESIAN_POINT('',(27.823501,32.787358,30.587344));
#14324 = VECTOR('',#14325,1.);
#14325 = DIRECTION('',(-2.22044604925E-16,0.,1.));
#14326 = ORIENTED_EDGE('',*,*,#14327,.T.);
#14327 = EDGE_CURVE('',#14320,#14328,#14330,.T.);
#14328 = VERTEX_POINT('',#14329);
#14329 = CARTESIAN_POINT('',(36.223501,32.787358,44.374688));
#14330 = LINE('',#14331,#14332);
#14331 = CARTESIAN_POINT('',(26.323501,32.787358,44.374688));
#14332 = VECTOR('',#14333,1.);
#14333 = DIRECTION('',(1.,0.,2.22044604925E-16));
#14334 = ORIENTED_EDGE('',*,*,#14335,.F.);
#14335 = EDGE_CURVE('',#14336,#14328,#14338,.T.);
#14336 = VERTEX_POINT('',#14337);
#14337 = CARTESIAN_POINT('',(36.223501,32.787358,40.374688));
#14338 = LINE('',#14339,#14340);
#14339 = CARTESIAN_POINT('',(36.223501,32.787358,30.587344));
#14340 = VECTOR('',#14341,1.);
#14341 = DIRECTION('',(-2.22044604925E-16,0.,1.));
#14342 = ORIENTED_EDGE('',*,*,#14343,.F.);
#14343 = EDGE_CURVE('',#14318,#14336,#14344,.T.);
#14344 = LINE('',#14345,#14346);
#14345 = CARTESIAN_POINT('',(26.323501,32.787358,40.374688));
#14346 = VECTOR('',#14347,1.);
#14347 = DIRECTION('',(1.,0.,2.22044604925E-16));
#14348 = FACE_BOUND('',#14349,.F.);
#14349 = EDGE_LOOP('',(#14350,#14360,#14368,#14376));
#14350 = ORIENTED_EDGE('',*,*,#14351,.T.);
#14351 = EDGE_CURVE('',#14352,#14354,#14356,.T.);
#14352 = VERTEX_POINT('',#14353);
#14353 = CARTESIAN_POINT('',(27.823501,32.787358,48.374688));
#14354 = VERTEX_POINT('',#14355);
#14355 = CARTESIAN_POINT('',(27.823501,32.787358,52.374688));
#14356 = LINE('',#14357,#14358);
#14357 = CARTESIAN_POINT('',(27.823501,32.787358,34.587344));
#14358 = VECTOR('',#14359,1.);
#14359 = DIRECTION('',(-2.22044604925E-16,0.,1.));
#14360 = ORIENTED_EDGE('',*,*,#14361,.T.);
#14361 = EDGE_CURVE('',#14354,#14362,#14364,.T.);
#14362 = VERTEX_POINT('',#14363);
#14363 = CARTESIAN_POINT('',(36.223501,32.787358,52.374688));
#14364 = LINE('',#14365,#14366);
#14365 = CARTESIAN_POINT('',(26.323501,32.787358,52.374688));
#14366 = VECTOR('',#14367,1.);
#14367 = DIRECTION('',(1.,0.,2.22044604925E-16));
#14368 = ORIENTED_EDGE('',*,*,#14369,.F.);
#14369 = EDGE_CURVE('',#14370,#14362,#14372,.T.);
#14370 = VERTEX_POINT('',#14371);
#14371 = CARTESIAN_POINT('',(36.223501,32.787358,48.374688));
#14372 = LINE('',#14373,#14374);
#14373 = CARTESIAN_POINT('',(36.223501,32.787358,34.587344));
#14374 = VECTOR('',#14375,1.);
#14375 = DIRECTION('',(-2.22044604925E-16,0.,1.));
#14376 = ORIENTED_EDGE('',*,*,#14377,.F.);
#14377 = EDGE_CURVE('',#14352,#14370,#14378,.T.);
#14378 = LINE('',#14379,#14380);
#14379 = CARTESIAN_POINT('',(26.323501,32.787358,48.374688));
#14380 = VECTOR('',#14381,1.);
#14381 = DIRECTION('',(1.,0.,2.22044604925E-16));
#14382 = FACE_BOUND('',#14383,.F.);
#14383 = EDGE_LOOP('',(#14384,#14394,#14402,#14410));
#14384 = ORIENTED_EDGE('',*,*,#14385,.T.);
#14385 = EDGE_CURVE('',#14386,#14388,#14390,.T.);
#14386 = VERTEX_POINT('',#14387);
#14387 = CARTESIAN_POINT('',(27.823501,32.787358,56.374688));
#14388 = VERTEX_POINT('',#14389);
#14389 = CARTESIAN_POINT('',(27.823501,32.787358,60.374688));
#14390 = LINE('',#14391,#14392);
#14391 = CARTESIAN_POINT('',(27.823501,32.787358,38.587344));
#14392 = VECTOR('',#14393,1.);
#14393 = DIRECTION('',(-2.22044604925E-16,0.,1.));
#14394 = ORIENTED_EDGE('',*,*,#14395,.T.);
#14395 = EDGE_CURVE('',#14388,#14396,#14398,.T.);
#14396 = VERTEX_POINT('',#14397);
#14397 = CARTESIAN_POINT('',(36.223501,32.787358,60.374688));
#14398 = LINE('',#14399,#14400);
#14399 = CARTESIAN_POINT('',(26.323501,32.787358,60.374688));
#14400 = VECTOR('',#14401,1.);
#14401 = DIRECTION('',(1.,0.,2.22044604925E-16));
#14402 = ORIENTED_EDGE('',*,*,#14403,.F.);
#14403 = EDGE_CURVE('',#14404,#14396,#14406,.T.);
#14404 = VERTEX_POINT('',#14405);
#14405 = CARTESIAN_POINT('',(36.223501,32.787358,56.374688));
#14406 = LINE('',#14407,#14408);
#14407 = CARTESIAN_POINT('',(36.223501,32.787358,38.587344));
#14408 = VECTOR('',#14409,1.);
#14409 = DIRECTION('',(-2.22044604925E-16,0.,1.));
#14410 = ORIENTED_EDGE('',*,*,#14411,.F.);
#14411 = EDGE_CURVE('',#14386,#14404,#14412,.T.);
#14412 = LINE('',#14413,#14414);
#14413 = CARTESIAN_POINT('',(26.323501,32.787358,56.374688));
#14414 = VECTOR('',#14415,1.);
#14415 = DIRECTION('',(1.,0.,2.22044604925E-16));
#14416 = PLANE('',#14417);
#14417 = AXIS2_PLACEMENT_3D('',#14418,#14419,#14420);
#14418 = CARTESIAN_POINT('',(24.823501,32.787358,16.8));
#14419 = DIRECTION('',(0.,-1.,0.));
#14420 = DIRECTION('',(-2.22044604925E-16,0.,1.));
#14421 = ADVANCED_FACE('',(#14422),#14434,.T.);
#14422 = FACE_BOUND('',#14423,.F.);
#14423 = EDGE_LOOP('',(#14424,#14425,#14426,#14427));
#14424 = ORIENTED_EDGE('',*,*,#14177,.T.);
#14425 = ORIENTED_EDGE('',*,*,#11997,.T.);
#14426 = ORIENTED_EDGE('',*,*,#12536,.F.);
#14427 = ORIENTED_EDGE('',*,*,#14428,.F.);
#14428 = EDGE_CURVE('',#14178,#12527,#14429,.T.);
#14429 = CIRCLE('',#14430,2.5);
#14430 = AXIS2_PLACEMENT_3D('',#14431,#14432,#14433);
#14431 = CARTESIAN_POINT('',(24.823501,30.287358,66.674688));
#14432 = DIRECTION('',(1.,-0.,2.22044604925E-16));
#14433 = DIRECTION('',(2.22044604925E-16,0.,-1.));
#14434 = CYLINDRICAL_SURFACE('',#14435,2.5);
#14435 = AXIS2_PLACEMENT_3D('',#14436,#14437,#14438);
#14436 = CARTESIAN_POINT('',(24.823501,30.287358,66.674688));
#14437 = DIRECTION('',(-1.,-0.,-2.22044604925E-16));
#14438 = DIRECTION('',(2.22044604925E-16,0.,-1.));
#14439 = ADVANCED_FACE('',(#14440),#14461,.F.);
#14440 = FACE_BOUND('',#14441,.F.);
#14441 = EDGE_LOOP('',(#14442,#14443,#14444,#14452,#14458,#14459,#14460)
  );
#14442 = ORIENTED_EDGE('',*,*,#12856,.T.);
#14443 = ORIENTED_EDGE('',*,*,#12951,.T.);
#14444 = ORIENTED_EDGE('',*,*,#14445,.F.);
#14445 = EDGE_CURVE('',#14446,#12952,#14448,.T.);
#14446 = VERTEX_POINT('',#14447);
#14447 = CARTESIAN_POINT('',(24.823501,29.987358,60.974688));
#14448 = LINE('',#14449,#14450);
#14449 = CARTESIAN_POINT('',(24.823501,29.987358,54.056016));
#14450 = VECTOR('',#14451,1.);
#14451 = DIRECTION('',(-2.22044604925E-16,0.,1.));
#14452 = ORIENTED_EDGE('',*,*,#14453,.T.);
#14453 = EDGE_CURVE('',#14446,#14186,#14454,.T.);
#14454 = LINE('',#14455,#14456);
#14455 = CARTESIAN_POINT('',(24.823501,27.687358,60.974688));
#14456 = VECTOR('',#14457,1.);
#14457 = DIRECTION('',(0.,1.,0.));
#14458 = ORIENTED_EDGE('',*,*,#14185,.T.);
#14459 = ORIENTED_EDGE('',*,*,#14428,.T.);
#14460 = ORIENTED_EDGE('',*,*,#12526,.T.);
#14461 = PLANE('',#14462);
#14462 = AXIS2_PLACEMENT_3D('',#14463,#14464,#14465);
#14463 = CARTESIAN_POINT('',(24.823501,0.25,41.737344));
#14464 = DIRECTION('',(1.,0.,2.22044604925E-16));
#14465 = DIRECTION('',(2.22044604925E-16,0.,-1.));
#14466 = ADVANCED_FACE('',(#14467),#14492,.T.);
#14467 = FACE_BOUND('',#14468,.T.);
#14468 = EDGE_LOOP('',(#14469,#14477,#14485,#14491));
#14469 = ORIENTED_EDGE('',*,*,#14470,.F.);
#14470 = EDGE_CURVE('',#14471,#12529,#14473,.T.);
#14471 = VERTEX_POINT('',#14472);
#14472 = CARTESIAN_POINT('',(24.823501,25.487358,69.274688));
#14473 = LINE('',#14474,#14475);
#14474 = CARTESIAN_POINT('',(24.823501,25.487358,69.274688));
#14475 = VECTOR('',#14476,1.);
#14476 = DIRECTION('',(2.22044604925E-16,0.,-1.));
#14477 = ORIENTED_EDGE('',*,*,#14478,.T.);
#14478 = EDGE_CURVE('',#14471,#14479,#14481,.T.);
#14479 = VERTEX_POINT('',#14480);
#14480 = CARTESIAN_POINT('',(27.623501,25.487358,69.274688));
#14481 = LINE('',#14482,#14483);
#14482 = CARTESIAN_POINT('',(24.823501,25.487358,69.274688));
#14483 = VECTOR('',#14484,1.);
#14484 = DIRECTION('',(1.,0.,2.22044604925E-16));
#14485 = ORIENTED_EDGE('',*,*,#14486,.T.);
#14486 = EDGE_CURVE('',#14479,#12682,#14487,.T.);
#14487 = LINE('',#14488,#14489);
#14488 = CARTESIAN_POINT('',(27.623501,25.487358,69.274688));
#14489 = VECTOR('',#14490,1.);
#14490 = DIRECTION('',(2.22044604925E-16,0.,-1.));
#14491 = ORIENTED_EDGE('',*,*,#12689,.F.);
#14492 = PLANE('',#14493);
#14493 = AXIS2_PLACEMENT_3D('',#14494,#14495,#14496);
#14494 = CARTESIAN_POINT('',(24.823501,25.487358,69.274688));
#14495 = DIRECTION('',(0.,1.,0.));
#14496 = DIRECTION('',(1.,0.,2.22044604925E-16));
#14497 = ADVANCED_FACE('',(#14498),#14517,.T.);
#14498 = FACE_BOUND('',#14499,.T.);
#14499 = EDGE_LOOP('',(#14500,#14508,#14515,#14516));
#14500 = ORIENTED_EDGE('',*,*,#14501,.F.);
#14501 = EDGE_CURVE('',#14502,#14479,#14504,.T.);
#14502 = VERTEX_POINT('',#14503);
#14503 = CARTESIAN_POINT('',(27.623501,25.378930106817,69.274688));
#14504 = LINE('',#14505,#14506);
#14505 = CARTESIAN_POINT('',(27.623501,-25.487358,69.274688));
#14506 = VECTOR('',#14507,1.);
#14507 = DIRECTION('',(0.,1.,0.));
#14508 = ORIENTED_EDGE('',*,*,#14509,.F.);
#14509 = EDGE_CURVE('',#12674,#14502,#14510,.T.);
#14510 = CIRCLE('',#14511,4.5);
#14511 = AXIS2_PLACEMENT_3D('',#14512,#14513,#14514);
#14512 = CARTESIAN_POINT('',(27.623501,21.938,72.174688));
#14513 = DIRECTION('',(1.,-0.,2.22044604925E-16));
#14514 = DIRECTION('',(2.22044604925E-16,0.,-1.));
#14515 = ORIENTED_EDGE('',*,*,#12681,.F.);
#14516 = ORIENTED_EDGE('',*,*,#14486,.F.);
#14517 = PLANE('',#14518);
#14518 = AXIS2_PLACEMENT_3D('',#14519,#14520,#14521);
#14519 = CARTESIAN_POINT('',(27.623501,-25.487358,69.274688));
#14520 = DIRECTION('',(1.,0.,2.22044604925E-16));
#14521 = DIRECTION('',(2.22044604925E-16,0.,-1.));
#14522 = ADVANCED_FACE('',(#14523),#14584,.T.);
#14523 = FACE_BOUND('',#14524,.T.);
#14524 = EDGE_LOOP('',(#14525,#14534,#14535,#14536,#14544,#14553,#14561,
    #14568,#14569,#14578));
#14525 = ORIENTED_EDGE('',*,*,#14526,.F.);
#14526 = EDGE_CURVE('',#12666,#14527,#14529,.T.);
#14527 = VERTEX_POINT('',#14528);
#14528 = CARTESIAN_POINT('',(31.023501,20.512642,67.906391551552));
#14529 = CIRCLE('',#14530,4.5);
#14530 = AXIS2_PLACEMENT_3D('',#14531,#14532,#14533);
#14531 = CARTESIAN_POINT('',(31.023501,21.938,72.174688));
#14532 = DIRECTION('',(1.,-0.,2.22044604925E-16));
#14533 = DIRECTION('',(2.22044604925E-16,0.,-1.));
#14534 = ORIENTED_EDGE('',*,*,#12673,.F.);
#14535 = ORIENTED_EDGE('',*,*,#14509,.T.);
#14536 = ORIENTED_EDGE('',*,*,#14537,.F.);
#14537 = EDGE_CURVE('',#14538,#14502,#14540,.T.);
#14538 = VERTEX_POINT('',#14539);
#14539 = CARTESIAN_POINT('',(24.823501,25.378930106817,69.274688));
#14540 = LINE('',#14541,#14542);
#14541 = CARTESIAN_POINT('',(24.823501,25.378930106817,69.274688));
#14542 = VECTOR('',#14543,1.);
#14543 = DIRECTION('',(1.,0.,2.22044604925E-16));
#14544 = ORIENTED_EDGE('',*,*,#14545,.T.);
#14545 = EDGE_CURVE('',#14538,#14546,#14548,.T.);
#14546 = VERTEX_POINT('',#14547);
#14547 = CARTESIAN_POINT('',(24.823501,18.497069893183,69.274688));
#14548 = CIRCLE('',#14549,4.5);
#14549 = AXIS2_PLACEMENT_3D('',#14550,#14551,#14552);
#14550 = CARTESIAN_POINT('',(24.823501,21.938,72.174688));
#14551 = DIRECTION('',(1.,-0.,2.22044604925E-16));
#14552 = DIRECTION('',(2.22044604925E-16,0.,-1.));
#14553 = ORIENTED_EDGE('',*,*,#14554,.T.);
#14554 = EDGE_CURVE('',#14546,#14555,#14557,.T.);
#14555 = VERTEX_POINT('',#14556);
#14556 = CARTESIAN_POINT('',(27.623501,18.497069893183,69.274688));
#14557 = LINE('',#14558,#14559);
#14558 = CARTESIAN_POINT('',(24.823501,18.497069893183,69.274688));
#14559 = VECTOR('',#14560,1.);
#14560 = DIRECTION('',(1.,0.,2.22044604925E-16));
#14561 = ORIENTED_EDGE('',*,*,#14562,.T.);
#14562 = EDGE_CURVE('',#14555,#12618,#14563,.T.);
#14563 = CIRCLE('',#14564,4.5);
#14564 = AXIS2_PLACEMENT_3D('',#14565,#14566,#14567);
#14565 = CARTESIAN_POINT('',(27.623501,21.938,72.174688));
#14566 = DIRECTION('',(1.,-0.,2.22044604925E-16));
#14567 = DIRECTION('',(2.22044604925E-16,0.,-1.));
#14568 = ORIENTED_EDGE('',*,*,#12625,.T.);
#14569 = ORIENTED_EDGE('',*,*,#14570,.T.);
#14570 = EDGE_CURVE('',#12626,#14571,#14573,.T.);
#14571 = VERTEX_POINT('',#14572);
#14572 = CARTESIAN_POINT('',(27.823501,20.512642,67.906391551552));
#14573 = CIRCLE('',#14574,4.5);
#14574 = AXIS2_PLACEMENT_3D('',#14575,#14576,#14577);
#14575 = CARTESIAN_POINT('',(27.823501,21.938,72.174688));
#14576 = DIRECTION('',(1.,-0.,2.22044604925E-16));
#14577 = DIRECTION('',(2.22044604925E-16,0.,-1.));
#14578 = ORIENTED_EDGE('',*,*,#14579,.T.);
#14579 = EDGE_CURVE('',#14571,#14527,#14580,.T.);
#14580 = LINE('',#14581,#14582);
#14581 = CARTESIAN_POINT('',(24.823501,20.512642,67.906391551552));
#14582 = VECTOR('',#14583,1.);
#14583 = DIRECTION('',(1.,0.,2.22044604925E-16));
#14584 = CYLINDRICAL_SURFACE('',#14585,4.5);
#14585 = AXIS2_PLACEMENT_3D('',#14586,#14587,#14588);
#14586 = CARTESIAN_POINT('',(24.823501,21.938,72.174688));
#14587 = DIRECTION('',(1.,0.,2.22044604925E-16));
#14588 = DIRECTION('',(2.22044604925E-16,0.,-1.));
#14589 = ADVANCED_FACE('',(#14590,#14600),#14611,.T.);
#14590 = FACE_BOUND('',#14591,.T.);
#14591 = EDGE_LOOP('',(#14592,#14593,#14594));
#14592 = ORIENTED_EDGE('',*,*,#12665,.F.);
#14593 = ORIENTED_EDGE('',*,*,#14526,.T.);
#14594 = ORIENTED_EDGE('',*,*,#14595,.F.);
#14595 = EDGE_CURVE('',#12658,#14527,#14596,.T.);
#14596 = LINE('',#14597,#14598);
#14597 = CARTESIAN_POINT('',(31.023501,20.512642,71.174688));
#14598 = VECTOR('',#14599,1.);
#14599 = DIRECTION('',(2.22044604925E-16,0.,-1.));
#14600 = FACE_BOUND('',#14601,.T.);
#14601 = EDGE_LOOP('',(#14602));
#14602 = ORIENTED_EDGE('',*,*,#14603,.F.);
#14603 = EDGE_CURVE('',#14604,#14604,#14606,.T.);
#14604 = VERTEX_POINT('',#14605);
#14605 = CARTESIAN_POINT('',(31.023501,21.938,69.324688));
#14606 = CIRCLE('',#14607,2.85);
#14607 = AXIS2_PLACEMENT_3D('',#14608,#14609,#14610);
#14608 = CARTESIAN_POINT('',(31.023501,21.938,72.174688));
#14609 = DIRECTION('',(1.,-0.,2.22044604925E-16));
#14610 = DIRECTION('',(2.22044604925E-16,0.,-1.));
#14611 = PLANE('',#14612);
#14612 = AXIS2_PLACEMENT_3D('',#14613,#14614,#14615);
#14613 = CARTESIAN_POINT('',(31.023501,21.938,72.174688));
#14614 = DIRECTION('',(1.,0.,2.22044604925E-16));
#14615 = DIRECTION('',(2.22044604925E-16,0.,-1.));
#14616 = ADVANCED_FACE('',(#14617),#14635,.F.);
#14617 = FACE_BOUND('',#14618,.F.);
#14618 = EDGE_LOOP('',(#14619,#14620,#14626,#14627,#14628,#14629));
#14619 = ORIENTED_EDGE('',*,*,#13001,.F.);
#14620 = ORIENTED_EDGE('',*,*,#14621,.F.);
#14621 = EDGE_CURVE('',#14571,#12976,#14622,.T.);
#14622 = LINE('',#14623,#14624);
#14623 = CARTESIAN_POINT('',(27.823501,20.512642,70.174688));
#14624 = VECTOR('',#14625,1.);
#14625 = DIRECTION('',(2.22044604925E-16,0.,-1.));
#14626 = ORIENTED_EDGE('',*,*,#14579,.T.);
#14627 = ORIENTED_EDGE('',*,*,#14595,.F.);
#14628 = ORIENTED_EDGE('',*,*,#12657,.T.);
#14629 = ORIENTED_EDGE('',*,*,#14630,.T.);
#14630 = EDGE_CURVE('',#12650,#12994,#14631,.T.);
#14631 = LINE('',#14632,#14633);
#14632 = CARTESIAN_POINT('',(36.223501,20.512642,70.174688));
#14633 = VECTOR('',#14634,1.);
#14634 = DIRECTION('',(2.22044604925E-16,0.,-1.));
#14635 = PLANE('',#14636);
#14636 = AXIS2_PLACEMENT_3D('',#14637,#14638,#14639);
#14637 = CARTESIAN_POINT('',(27.823501,20.512642,70.174688));
#14638 = DIRECTION('',(0.,1.,0.));
#14639 = DIRECTION('',(1.,0.,2.22044604925E-16));
#14640 = ADVANCED_FACE('',(#14641),#14652,.F.);
#14641 = FACE_BOUND('',#14642,.F.);
#14642 = EDGE_LOOP('',(#14643,#14644,#14645,#14651));
#14643 = ORIENTED_EDGE('',*,*,#14630,.F.);
#14644 = ORIENTED_EDGE('',*,*,#12649,.T.);
#14645 = ORIENTED_EDGE('',*,*,#14646,.T.);
#14646 = EDGE_CURVE('',#12642,#12986,#14647,.T.);
#14647 = LINE('',#14648,#14649);
#14648 = CARTESIAN_POINT('',(36.223501,16.512642,70.174688));
#14649 = VECTOR('',#14650,1.);
#14650 = DIRECTION('',(2.22044604925E-16,0.,-1.));
#14651 = ORIENTED_EDGE('',*,*,#12993,.F.);
#14652 = PLANE('',#14653);
#14653 = AXIS2_PLACEMENT_3D('',#14654,#14655,#14656);
#14654 = CARTESIAN_POINT('',(36.223501,16.512642,70.174688));
#14655 = DIRECTION('',(1.,0.,2.22044604925E-16));
#14656 = DIRECTION('',(2.22044604925E-16,0.,-1.));
#14657 = ADVANCED_FACE('',(#14658),#14669,.T.);
#14658 = FACE_BOUND('',#14659,.T.);
#14659 = EDGE_LOOP('',(#14660,#14661,#14667,#14668));
#14660 = ORIENTED_EDGE('',*,*,#12985,.F.);
#14661 = ORIENTED_EDGE('',*,*,#14662,.F.);
#14662 = EDGE_CURVE('',#12634,#12978,#14663,.T.);
#14663 = LINE('',#14664,#14665);
#14664 = CARTESIAN_POINT('',(27.823501,16.512642,70.174688));
#14665 = VECTOR('',#14666,1.);
#14666 = DIRECTION('',(2.22044604925E-16,0.,-1.));
#14667 = ORIENTED_EDGE('',*,*,#12641,.T.);
#14668 = ORIENTED_EDGE('',*,*,#14646,.T.);
#14669 = PLANE('',#14670);
#14670 = AXIS2_PLACEMENT_3D('',#14671,#14672,#14673);
#14671 = CARTESIAN_POINT('',(27.823501,16.512642,70.174688));
#14672 = DIRECTION('',(0.,1.,0.));
#14673 = DIRECTION('',(1.,0.,2.22044604925E-16));
#14674 = ADVANCED_FACE('',(#14675),#14682,.T.);
#14675 = FACE_BOUND('',#14676,.T.);
#14676 = EDGE_LOOP('',(#14677,#14678,#14679,#14680,#14681));
#14677 = ORIENTED_EDGE('',*,*,#14621,.F.);
#14678 = ORIENTED_EDGE('',*,*,#14570,.F.);
#14679 = ORIENTED_EDGE('',*,*,#12633,.T.);
#14680 = ORIENTED_EDGE('',*,*,#14662,.T.);
#14681 = ORIENTED_EDGE('',*,*,#12975,.F.);
#14682 = PLANE('',#14683);
#14683 = AXIS2_PLACEMENT_3D('',#14684,#14685,#14686);
#14684 = CARTESIAN_POINT('',(27.823501,16.512642,70.174688));
#14685 = DIRECTION('',(1.,0.,2.22044604925E-16));
#14686 = DIRECTION('',(2.22044604925E-16,0.,-1.));
#14687 = ADVANCED_FACE('',(#14688),#14707,.T.);
#14688 = FACE_BOUND('',#14689,.T.);
#14689 = EDGE_LOOP('',(#14690,#14698,#14705,#14706));
#14690 = ORIENTED_EDGE('',*,*,#14691,.F.);
#14691 = EDGE_CURVE('',#14692,#14555,#14694,.T.);
#14692 = VERTEX_POINT('',#14693);
#14693 = CARTESIAN_POINT('',(27.623501,-16.62106989318,69.274688));
#14694 = LINE('',#14695,#14696);
#14695 = CARTESIAN_POINT('',(27.623501,-25.487358,69.274688));
#14696 = VECTOR('',#14697,1.);
#14697 = DIRECTION('',(0.,1.,0.));
#14698 = ORIENTED_EDGE('',*,*,#14699,.F.);
#14699 = EDGE_CURVE('',#12610,#14692,#14700,.T.);
#14700 = CIRCLE('',#14701,4.5);
#14701 = AXIS2_PLACEMENT_3D('',#14702,#14703,#14704);
#14702 = CARTESIAN_POINT('',(27.623501,-20.062,72.174688));
#14703 = DIRECTION('',(1.,-0.,2.22044604925E-16));
#14704 = DIRECTION('',(2.22044604925E-16,0.,-1.));
#14705 = ORIENTED_EDGE('',*,*,#12617,.F.);
#14706 = ORIENTED_EDGE('',*,*,#14562,.F.);
#14707 = PLANE('',#14708);
#14708 = AXIS2_PLACEMENT_3D('',#14709,#14710,#14711);
#14709 = CARTESIAN_POINT('',(27.623501,-25.487358,69.274688));
#14710 = DIRECTION('',(1.,0.,2.22044604925E-16));
#14711 = DIRECTION('',(2.22044604925E-16,0.,-1.));
#14712 = ADVANCED_FACE('',(#14713),#14774,.T.);
#14713 = FACE_BOUND('',#14714,.T.);
#14714 = EDGE_LOOP('',(#14715,#14725,#14732,#14733,#14734,#14742,#14751,
    #14759,#14766,#14767));
#14715 = ORIENTED_EDGE('',*,*,#14716,.T.);
#14716 = EDGE_CURVE('',#14717,#14719,#14721,.T.);
#14717 = VERTEX_POINT('',#14718);
#14718 = CARTESIAN_POINT('',(27.823501,-20.062,67.674688));
#14719 = VERTEX_POINT('',#14720);
#14720 = CARTESIAN_POINT('',(31.023501,-20.062,67.674688));
#14721 = LINE('',#14722,#14723);
#14722 = CARTESIAN_POINT('',(24.823501,-20.062,67.674688));
#14723 = VECTOR('',#14724,1.);
#14724 = DIRECTION('',(1.,0.,2.22044604925E-16));
#14725 = ORIENTED_EDGE('',*,*,#14726,.F.);
#14726 = EDGE_CURVE('',#12602,#14719,#14727,.T.);
#14727 = CIRCLE('',#14728,4.5);
#14728 = AXIS2_PLACEMENT_3D('',#14729,#14730,#14731);
#14729 = CARTESIAN_POINT('',(31.023501,-20.062,72.174688));
#14730 = DIRECTION('',(1.,-0.,2.22044604925E-16));
#14731 = DIRECTION('',(2.22044604925E-16,0.,-1.));
#14732 = ORIENTED_EDGE('',*,*,#12609,.F.);
#14733 = ORIENTED_EDGE('',*,*,#14699,.T.);
#14734 = ORIENTED_EDGE('',*,*,#14735,.F.);
#14735 = EDGE_CURVE('',#14736,#14692,#14738,.T.);
#14736 = VERTEX_POINT('',#14737);
#14737 = CARTESIAN_POINT('',(24.823501,-16.62106989318,69.274688));
#14738 = LINE('',#14739,#14740);
#14739 = CARTESIAN_POINT('',(24.823501,-16.62106989318,69.274688));
#14740 = VECTOR('',#14741,1.);
#14741 = DIRECTION('',(1.,0.,2.22044604925E-16));
#14742 = ORIENTED_EDGE('',*,*,#14743,.T.);
#14743 = EDGE_CURVE('',#14736,#14744,#14746,.T.);
#14744 = VERTEX_POINT('',#14745);
#14745 = CARTESIAN_POINT('',(24.823501,-23.50293010681,69.274688));
#14746 = CIRCLE('',#14747,4.5);
#14747 = AXIS2_PLACEMENT_3D('',#14748,#14749,#14750);
#14748 = CARTESIAN_POINT('',(24.823501,-20.062,72.174688));
#14749 = DIRECTION('',(1.,-0.,2.22044604925E-16));
#14750 = DIRECTION('',(2.22044604925E-16,0.,-1.));
#14751 = ORIENTED_EDGE('',*,*,#14752,.T.);
#14752 = EDGE_CURVE('',#14744,#14753,#14755,.T.);
#14753 = VERTEX_POINT('',#14754);
#14754 = CARTESIAN_POINT('',(27.623501,-23.50293010681,69.274688));
#14755 = LINE('',#14756,#14757);
#14756 = CARTESIAN_POINT('',(24.823501,-23.50293010681,69.274688));
#14757 = VECTOR('',#14758,1.);
#14758 = DIRECTION('',(1.,0.,2.22044604925E-16));
#14759 = ORIENTED_EDGE('',*,*,#14760,.T.);
#14760 = EDGE_CURVE('',#14753,#12554,#14761,.T.);
#14761 = CIRCLE('',#14762,4.5);
#14762 = AXIS2_PLACEMENT_3D('',#14763,#14764,#14765);
#14763 = CARTESIAN_POINT('',(27.623501,-20.062,72.174688));
#14764 = DIRECTION('',(1.,-0.,2.22044604925E-16));
#14765 = DIRECTION('',(2.22044604925E-16,0.,-1.));
#14766 = ORIENTED_EDGE('',*,*,#12561,.T.);
#14767 = ORIENTED_EDGE('',*,*,#14768,.T.);
#14768 = EDGE_CURVE('',#12562,#14717,#14769,.T.);
#14769 = CIRCLE('',#14770,4.5);
#14770 = AXIS2_PLACEMENT_3D('',#14771,#14772,#14773);
#14771 = CARTESIAN_POINT('',(27.823501,-20.062,72.174688));
#14772 = DIRECTION('',(1.,-0.,2.22044604925E-16));
#14773 = DIRECTION('',(2.22044604925E-16,0.,-1.));
#14774 = CYLINDRICAL_SURFACE('',#14775,4.5);
#14775 = AXIS2_PLACEMENT_3D('',#14776,#14777,#14778);
#14776 = CARTESIAN_POINT('',(24.823501,-20.062,72.174688));
#14777 = DIRECTION('',(1.,0.,2.22044604925E-16));
#14778 = DIRECTION('',(2.22044604925E-16,0.,-1.));
#14779 = ADVANCED_FACE('',(#14780,#14799),#14810,.T.);
#14780 = FACE_BOUND('',#14781,.T.);
#14781 = EDGE_LOOP('',(#14782,#14783,#14792,#14798));
#14782 = ORIENTED_EDGE('',*,*,#14726,.T.);
#14783 = ORIENTED_EDGE('',*,*,#14784,.T.);
#14784 = EDGE_CURVE('',#14719,#14785,#14787,.T.);
#14785 = VERTEX_POINT('',#14786);
#14786 = CARTESIAN_POINT('',(31.023501,-19.487358,67.711529189042));
#14787 = CIRCLE('',#14788,4.5);
#14788 = AXIS2_PLACEMENT_3D('',#14789,#14790,#14791);
#14789 = CARTESIAN_POINT('',(31.023501,-20.062,72.174688));
#14790 = DIRECTION('',(1.,-0.,2.22044604925E-16));
#14791 = DIRECTION('',(2.22044604925E-16,0.,-1.));
#14792 = ORIENTED_EDGE('',*,*,#14793,.F.);
#14793 = EDGE_CURVE('',#12594,#14785,#14794,.T.);
#14794 = LINE('',#14795,#14796);
#14795 = CARTESIAN_POINT('',(31.023501,-19.487358,71.174688));
#14796 = VECTOR('',#14797,1.);
#14797 = DIRECTION('',(2.22044604925E-16,0.,-1.));
#14798 = ORIENTED_EDGE('',*,*,#12601,.F.);
#14799 = FACE_BOUND('',#14800,.T.);
#14800 = EDGE_LOOP('',(#14801));
#14801 = ORIENTED_EDGE('',*,*,#14802,.F.);
#14802 = EDGE_CURVE('',#14803,#14803,#14805,.T.);
#14803 = VERTEX_POINT('',#14804);
#14804 = CARTESIAN_POINT('',(31.023501,-20.062,69.324688));
#14805 = CIRCLE('',#14806,2.85);
#14806 = AXIS2_PLACEMENT_3D('',#14807,#14808,#14809);
#14807 = CARTESIAN_POINT('',(31.023501,-20.062,72.174688));
#14808 = DIRECTION('',(1.,-0.,2.22044604925E-16));
#14809 = DIRECTION('',(2.22044604925E-16,0.,-1.));
#14810 = PLANE('',#14811);
#14811 = AXIS2_PLACEMENT_3D('',#14812,#14813,#14814);
#14812 = CARTESIAN_POINT('',(31.023501,-20.062,72.174688));
#14813 = DIRECTION('',(1.,0.,2.22044604925E-16));
#14814 = DIRECTION('',(2.22044604925E-16,0.,-1.));
#14815 = ADVANCED_FACE('',(#14816),#14841,.F.);
#14816 = FACE_BOUND('',#14817,.F.);
#14817 = EDGE_LOOP('',(#14818,#14819,#14827,#14833,#14834,#14835));
#14818 = ORIENTED_EDGE('',*,*,#13171,.F.);
#14819 = ORIENTED_EDGE('',*,*,#14820,.F.);
#14820 = EDGE_CURVE('',#14821,#13146,#14823,.T.);
#14821 = VERTEX_POINT('',#14822);
#14822 = CARTESIAN_POINT('',(27.823501,-19.487358,67.711529189042));
#14823 = LINE('',#14824,#14825);
#14824 = CARTESIAN_POINT('',(27.823501,-19.487358,70.174688));
#14825 = VECTOR('',#14826,1.);
#14826 = DIRECTION('',(2.22044604925E-16,0.,-1.));
#14827 = ORIENTED_EDGE('',*,*,#14828,.T.);
#14828 = EDGE_CURVE('',#14821,#14785,#14829,.T.);
#14829 = LINE('',#14830,#14831);
#14830 = CARTESIAN_POINT('',(24.823501,-19.487358,67.711529189042));
#14831 = VECTOR('',#14832,1.);
#14832 = DIRECTION('',(1.,0.,2.22044604925E-16));
#14833 = ORIENTED_EDGE('',*,*,#14793,.F.);
#14834 = ORIENTED_EDGE('',*,*,#12593,.T.);
#14835 = ORIENTED_EDGE('',*,*,#14836,.T.);
#14836 = EDGE_CURVE('',#12586,#13164,#14837,.T.);
#14837 = LINE('',#14838,#14839);
#14838 = CARTESIAN_POINT('',(36.223501,-19.487358,70.174688));
#14839 = VECTOR('',#14840,1.);
#14840 = DIRECTION('',(2.22044604925E-16,0.,-1.));
#14841 = PLANE('',#14842);
#14842 = AXIS2_PLACEMENT_3D('',#14843,#14844,#14845);
#14843 = CARTESIAN_POINT('',(27.823501,-19.487358,70.174688));
#14844 = DIRECTION('',(0.,1.,0.));
#14845 = DIRECTION('',(1.,0.,2.22044604925E-16));
#14846 = ADVANCED_FACE('',(#14847),#14858,.F.);
#14847 = FACE_BOUND('',#14848,.F.);
#14848 = EDGE_LOOP('',(#14849,#14850,#14851,#14857));
#14849 = ORIENTED_EDGE('',*,*,#14836,.F.);
#14850 = ORIENTED_EDGE('',*,*,#12585,.T.);
#14851 = ORIENTED_EDGE('',*,*,#14852,.T.);
#14852 = EDGE_CURVE('',#12578,#13156,#14853,.T.);
#14853 = LINE('',#14854,#14855);
#14854 = CARTESIAN_POINT('',(36.223501,-23.487358,70.174688));
#14855 = VECTOR('',#14856,1.);
#14856 = DIRECTION('',(2.22044604925E-16,0.,-1.));
#14857 = ORIENTED_EDGE('',*,*,#13163,.F.);
#14858 = PLANE('',#14859);
#14859 = AXIS2_PLACEMENT_3D('',#14860,#14861,#14862);
#14860 = CARTESIAN_POINT('',(36.223501,-23.487358,70.174688));
#14861 = DIRECTION('',(1.,0.,2.22044604925E-16));
#14862 = DIRECTION('',(2.22044604925E-16,0.,-1.));
#14863 = ADVANCED_FACE('',(#14864),#14875,.T.);
#14864 = FACE_BOUND('',#14865,.T.);
#14865 = EDGE_LOOP('',(#14866,#14867,#14873,#14874));
#14866 = ORIENTED_EDGE('',*,*,#13155,.F.);
#14867 = ORIENTED_EDGE('',*,*,#14868,.F.);
#14868 = EDGE_CURVE('',#12570,#13148,#14869,.T.);
#14869 = LINE('',#14870,#14871);
#14870 = CARTESIAN_POINT('',(27.823501,-23.487358,70.174688));
#14871 = VECTOR('',#14872,1.);
#14872 = DIRECTION('',(2.22044604925E-16,0.,-1.));
#14873 = ORIENTED_EDGE('',*,*,#12577,.T.);
#14874 = ORIENTED_EDGE('',*,*,#14852,.T.);
#14875 = PLANE('',#14876);
#14876 = AXIS2_PLACEMENT_3D('',#14877,#14878,#14879);
#14877 = CARTESIAN_POINT('',(27.823501,-23.487358,70.174688));
#14878 = DIRECTION('',(0.,1.,0.));
#14879 = DIRECTION('',(1.,0.,2.22044604925E-16));
#14880 = ADVANCED_FACE('',(#14881),#14895,.T.);
#14881 = FACE_BOUND('',#14882,.T.);
#14882 = EDGE_LOOP('',(#14883,#14884,#14891,#14892,#14893,#14894));
#14883 = ORIENTED_EDGE('',*,*,#14820,.F.);
#14884 = ORIENTED_EDGE('',*,*,#14885,.F.);
#14885 = EDGE_CURVE('',#14717,#14821,#14886,.T.);
#14886 = CIRCLE('',#14887,4.5);
#14887 = AXIS2_PLACEMENT_3D('',#14888,#14889,#14890);
#14888 = CARTESIAN_POINT('',(27.823501,-20.062,72.174688));
#14889 = DIRECTION('',(1.,-0.,2.22044604925E-16));
#14890 = DIRECTION('',(2.22044604925E-16,0.,-1.));
#14891 = ORIENTED_EDGE('',*,*,#14768,.F.);
#14892 = ORIENTED_EDGE('',*,*,#12569,.T.);
#14893 = ORIENTED_EDGE('',*,*,#14868,.T.);
#14894 = ORIENTED_EDGE('',*,*,#13145,.F.);
#14895 = PLANE('',#14896);
#14896 = AXIS2_PLACEMENT_3D('',#14897,#14898,#14899);
#14897 = CARTESIAN_POINT('',(27.823501,-23.487358,70.174688));
#14898 = DIRECTION('',(1.,0.,2.22044604925E-16));
#14899 = DIRECTION('',(2.22044604925E-16,0.,-1.));
#14900 = ADVANCED_FACE('',(#14901),#14919,.T.);
#14901 = FACE_BOUND('',#14902,.T.);
#14902 = EDGE_LOOP('',(#14903,#14911,#14917,#14918));
#14903 = ORIENTED_EDGE('',*,*,#14904,.F.);
#14904 = EDGE_CURVE('',#14905,#14753,#14907,.T.);
#14905 = VERTEX_POINT('',#14906);
#14906 = CARTESIAN_POINT('',(27.623501,-25.487358,69.274688));
#14907 = LINE('',#14908,#14909);
#14908 = CARTESIAN_POINT('',(27.623501,-25.487358,69.274688));
#14909 = VECTOR('',#14910,1.);
#14910 = DIRECTION('',(0.,1.,0.));
#14911 = ORIENTED_EDGE('',*,*,#14912,.T.);
#14912 = EDGE_CURVE('',#14905,#12546,#14913,.T.);
#14913 = LINE('',#14914,#14915);
#14914 = CARTESIAN_POINT('',(27.623501,-25.487358,69.274688));
#14915 = VECTOR('',#14916,1.);
#14916 = DIRECTION('',(2.22044604925E-16,0.,-1.));
#14917 = ORIENTED_EDGE('',*,*,#12553,.F.);
#14918 = ORIENTED_EDGE('',*,*,#14760,.F.);
#14919 = PLANE('',#14920);
#14920 = AXIS2_PLACEMENT_3D('',#14921,#14922,#14923);
#14921 = CARTESIAN_POINT('',(27.623501,-25.487358,69.274688));
#14922 = DIRECTION('',(1.,0.,2.22044604925E-16));
#14923 = DIRECTION('',(2.22044604925E-16,0.,-1.));
#14924 = ADVANCED_FACE('',(#14925),#14943,.F.);
#14925 = FACE_BOUND('',#14926,.F.);
#14926 = EDGE_LOOP('',(#14927,#14935,#14941,#14942));
#14927 = ORIENTED_EDGE('',*,*,#14928,.F.);
#14928 = EDGE_CURVE('',#14929,#11569,#14931,.T.);
#14929 = VERTEX_POINT('',#14930);
#14930 = CARTESIAN_POINT('',(24.823501,-25.487358,69.274688));
#14931 = LINE('',#14932,#14933);
#14932 = CARTESIAN_POINT('',(24.823501,-25.487358,69.274688));
#14933 = VECTOR('',#14934,1.);
#14934 = DIRECTION('',(2.22044604925E-16,0.,-1.));
#14935 = ORIENTED_EDGE('',*,*,#14936,.T.);
#14936 = EDGE_CURVE('',#14929,#14905,#14937,.T.);
#14937 = LINE('',#14938,#14939);
#14938 = CARTESIAN_POINT('',(24.823501,-25.487358,69.274688));
#14939 = VECTOR('',#14940,1.);
#14940 = DIRECTION('',(1.,0.,2.22044604925E-16));
#14941 = ORIENTED_EDGE('',*,*,#14912,.T.);
#14942 = ORIENTED_EDGE('',*,*,#12545,.F.);
#14943 = PLANE('',#14944);
#14944 = AXIS2_PLACEMENT_3D('',#14945,#14946,#14947);
#14945 = CARTESIAN_POINT('',(24.823501,-25.487358,69.274688));
#14946 = DIRECTION('',(0.,1.,0.));
#14947 = DIRECTION('',(1.,0.,2.22044604925E-16));
#14948 = ADVANCED_FACE('',(#14949),#14965,.T.);
#14949 = FACE_BOUND('',#14950,.T.);
#14950 = EDGE_LOOP('',(#14951,#14957,#14958,#14964));
#14951 = ORIENTED_EDGE('',*,*,#14952,.F.);
#14952 = EDGE_CURVE('',#12698,#13010,#14953,.T.);
#14953 = LINE('',#14954,#14955);
#14954 = CARTESIAN_POINT('',(27.823501,12.512642,70.174688));
#14955 = VECTOR('',#14956,1.);
#14956 = DIRECTION('',(2.22044604925E-16,0.,-1.));
#14957 = ORIENTED_EDGE('',*,*,#12697,.T.);
#14958 = ORIENTED_EDGE('',*,*,#14959,.T.);
#14959 = EDGE_CURVE('',#12700,#13012,#14960,.T.);
#14960 = LINE('',#14961,#14962);
#14961 = CARTESIAN_POINT('',(27.823501,8.512642,70.174688));
#14962 = VECTOR('',#14963,1.);
#14963 = DIRECTION('',(2.22044604925E-16,0.,-1.));
#14964 = ORIENTED_EDGE('',*,*,#13009,.F.);
#14965 = PLANE('',#14966);
#14966 = AXIS2_PLACEMENT_3D('',#14967,#14968,#14969);
#14967 = CARTESIAN_POINT('',(27.823501,8.512642,70.174688));
#14968 = DIRECTION('',(1.,0.,2.22044604925E-16));
#14969 = DIRECTION('',(2.22044604925E-16,0.,-1.));
#14970 = ADVANCED_FACE('',(#14971),#14982,.F.);
#14971 = FACE_BOUND('',#14972,.F.);
#14972 = EDGE_LOOP('',(#14973,#14974,#14975,#14976));
#14973 = ORIENTED_EDGE('',*,*,#13035,.F.);
#14974 = ORIENTED_EDGE('',*,*,#14952,.F.);
#14975 = ORIENTED_EDGE('',*,*,#12723,.T.);
#14976 = ORIENTED_EDGE('',*,*,#14977,.T.);
#14977 = EDGE_CURVE('',#12716,#13028,#14978,.T.);
#14978 = LINE('',#14979,#14980);
#14979 = CARTESIAN_POINT('',(36.223501,12.512642,70.174688));
#14980 = VECTOR('',#14981,1.);
#14981 = DIRECTION('',(2.22044604925E-16,0.,-1.));
#14982 = PLANE('',#14983);
#14983 = AXIS2_PLACEMENT_3D('',#14984,#14985,#14986);
#14984 = CARTESIAN_POINT('',(27.823501,12.512642,70.174688));
#14985 = DIRECTION('',(0.,1.,0.));
#14986 = DIRECTION('',(1.,0.,2.22044604925E-16));
#14987 = ADVANCED_FACE('',(#14988),#14999,.T.);
#14988 = FACE_BOUND('',#14989,.T.);
#14989 = EDGE_LOOP('',(#14990,#14991,#14992,#14993));
#14990 = ORIENTED_EDGE('',*,*,#13019,.F.);
#14991 = ORIENTED_EDGE('',*,*,#14959,.F.);
#14992 = ORIENTED_EDGE('',*,*,#12707,.T.);
#14993 = ORIENTED_EDGE('',*,*,#14994,.T.);
#14994 = EDGE_CURVE('',#12708,#13020,#14995,.T.);
#14995 = LINE('',#14996,#14997);
#14996 = CARTESIAN_POINT('',(36.223501,8.512642,70.174688));
#14997 = VECTOR('',#14998,1.);
#14998 = DIRECTION('',(2.22044604925E-16,0.,-1.));
#14999 = PLANE('',#15000);
#15000 = AXIS2_PLACEMENT_3D('',#15001,#15002,#15003);
#15001 = CARTESIAN_POINT('',(27.823501,8.512642,70.174688));
#15002 = DIRECTION('',(0.,1.,0.));
#15003 = DIRECTION('',(1.,0.,2.22044604925E-16));
#15004 = ADVANCED_FACE('',(#15005),#15011,.F.);
#15005 = FACE_BOUND('',#15006,.F.);
#15006 = EDGE_LOOP('',(#15007,#15008,#15009,#15010));
#15007 = ORIENTED_EDGE('',*,*,#14977,.F.);
#15008 = ORIENTED_EDGE('',*,*,#12715,.T.);
#15009 = ORIENTED_EDGE('',*,*,#14994,.T.);
#15010 = ORIENTED_EDGE('',*,*,#13027,.F.);
#15011 = PLANE('',#15012);
#15012 = AXIS2_PLACEMENT_3D('',#15013,#15014,#15015);
#15013 = CARTESIAN_POINT('',(36.223501,8.512642,70.174688));
#15014 = DIRECTION('',(1.,0.,2.22044604925E-16));
#15015 = DIRECTION('',(2.22044604925E-16,0.,-1.));
#15016 = ADVANCED_FACE('',(#15017),#15033,.T.);
#15017 = FACE_BOUND('',#15018,.T.);
#15018 = EDGE_LOOP('',(#15019,#15025,#15026,#15032));
#15019 = ORIENTED_EDGE('',*,*,#15020,.F.);
#15020 = EDGE_CURVE('',#12732,#13044,#15021,.T.);
#15021 = LINE('',#15022,#15023);
#15022 = CARTESIAN_POINT('',(27.823501,4.512642,70.174688));
#15023 = VECTOR('',#15024,1.);
#15024 = DIRECTION('',(2.22044604925E-16,0.,-1.));
#15025 = ORIENTED_EDGE('',*,*,#12731,.T.);
#15026 = ORIENTED_EDGE('',*,*,#15027,.T.);
#15027 = EDGE_CURVE('',#12734,#13046,#15028,.T.);
#15028 = LINE('',#15029,#15030);
#15029 = CARTESIAN_POINT('',(27.823501,0.512642,70.174688));
#15030 = VECTOR('',#15031,1.);
#15031 = DIRECTION('',(2.22044604925E-16,0.,-1.));
#15032 = ORIENTED_EDGE('',*,*,#13043,.F.);
#15033 = PLANE('',#15034);
#15034 = AXIS2_PLACEMENT_3D('',#15035,#15036,#15037);
#15035 = CARTESIAN_POINT('',(27.823501,0.512642,70.174688));
#15036 = DIRECTION('',(1.,0.,2.22044604925E-16));
#15037 = DIRECTION('',(2.22044604925E-16,0.,-1.));
#15038 = ADVANCED_FACE('',(#15039),#15050,.F.);
#15039 = FACE_BOUND('',#15040,.F.);
#15040 = EDGE_LOOP('',(#15041,#15042,#15043,#15044));
#15041 = ORIENTED_EDGE('',*,*,#13069,.F.);
#15042 = ORIENTED_EDGE('',*,*,#15020,.F.);
#15043 = ORIENTED_EDGE('',*,*,#12757,.T.);
#15044 = ORIENTED_EDGE('',*,*,#15045,.T.);
#15045 = EDGE_CURVE('',#12750,#13062,#15046,.T.);
#15046 = LINE('',#15047,#15048);
#15047 = CARTESIAN_POINT('',(36.223501,4.512642,70.174688));
#15048 = VECTOR('',#15049,1.);
#15049 = DIRECTION('',(2.22044604925E-16,0.,-1.));
#15050 = PLANE('',#15051);
#15051 = AXIS2_PLACEMENT_3D('',#15052,#15053,#15054);
#15052 = CARTESIAN_POINT('',(27.823501,4.512642,70.174688));
#15053 = DIRECTION('',(0.,1.,0.));
#15054 = DIRECTION('',(1.,0.,2.22044604925E-16));
#15055 = ADVANCED_FACE('',(#15056),#15067,.T.);
#15056 = FACE_BOUND('',#15057,.T.);
#15057 = EDGE_LOOP('',(#15058,#15059,#15060,#15061));
#15058 = ORIENTED_EDGE('',*,*,#13053,.F.);
#15059 = ORIENTED_EDGE('',*,*,#15027,.F.);
#15060 = ORIENTED_EDGE('',*,*,#12741,.T.);
#15061 = ORIENTED_EDGE('',*,*,#15062,.T.);
#15062 = EDGE_CURVE('',#12742,#13054,#15063,.T.);
#15063 = LINE('',#15064,#15065);
#15064 = CARTESIAN_POINT('',(36.223501,0.512642,70.174688));
#15065 = VECTOR('',#15066,1.);
#15066 = DIRECTION('',(2.22044604925E-16,0.,-1.));
#15067 = PLANE('',#15068);
#15068 = AXIS2_PLACEMENT_3D('',#15069,#15070,#15071);
#15069 = CARTESIAN_POINT('',(27.823501,0.512642,70.174688));
#15070 = DIRECTION('',(0.,1.,0.));
#15071 = DIRECTION('',(1.,0.,2.22044604925E-16));
#15072 = ADVANCED_FACE('',(#15073),#15079,.F.);
#15073 = FACE_BOUND('',#15074,.F.);
#15074 = EDGE_LOOP('',(#15075,#15076,#15077,#15078));
#15075 = ORIENTED_EDGE('',*,*,#15045,.F.);
#15076 = ORIENTED_EDGE('',*,*,#12749,.T.);
#15077 = ORIENTED_EDGE('',*,*,#15062,.T.);
#15078 = ORIENTED_EDGE('',*,*,#13061,.F.);
#15079 = PLANE('',#15080);
#15080 = AXIS2_PLACEMENT_3D('',#15081,#15082,#15083);
#15081 = CARTESIAN_POINT('',(36.223501,0.512642,70.174688));
#15082 = DIRECTION('',(1.,0.,2.22044604925E-16));
#15083 = DIRECTION('',(2.22044604925E-16,0.,-1.));
#15084 = ADVANCED_FACE('',(#15085),#15101,.T.);
#15085 = FACE_BOUND('',#15086,.T.);
#15086 = EDGE_LOOP('',(#15087,#15093,#15094,#15100));
#15087 = ORIENTED_EDGE('',*,*,#15088,.F.);
#15088 = EDGE_CURVE('',#12766,#13078,#15089,.T.);
#15089 = LINE('',#15090,#15091);
#15090 = CARTESIAN_POINT('',(27.823501,-3.487358,70.174688));
#15091 = VECTOR('',#15092,1.);
#15092 = DIRECTION('',(2.22044604925E-16,0.,-1.));
#15093 = ORIENTED_EDGE('',*,*,#12765,.T.);
#15094 = ORIENTED_EDGE('',*,*,#15095,.T.);
#15095 = EDGE_CURVE('',#12768,#13080,#15096,.T.);
#15096 = LINE('',#15097,#15098);
#15097 = CARTESIAN_POINT('',(27.823501,-7.487358,70.174688));
#15098 = VECTOR('',#15099,1.);
#15099 = DIRECTION('',(2.22044604925E-16,0.,-1.));
#15100 = ORIENTED_EDGE('',*,*,#13077,.F.);
#15101 = PLANE('',#15102);
#15102 = AXIS2_PLACEMENT_3D('',#15103,#15104,#15105);
#15103 = CARTESIAN_POINT('',(27.823501,-7.487358,70.174688));
#15104 = DIRECTION('',(1.,0.,2.22044604925E-16));
#15105 = DIRECTION('',(2.22044604925E-16,0.,-1.));
#15106 = ADVANCED_FACE('',(#15107),#15118,.F.);
#15107 = FACE_BOUND('',#15108,.F.);
#15108 = EDGE_LOOP('',(#15109,#15110,#15111,#15112));
#15109 = ORIENTED_EDGE('',*,*,#13103,.F.);
#15110 = ORIENTED_EDGE('',*,*,#15088,.F.);
#15111 = ORIENTED_EDGE('',*,*,#12791,.T.);
#15112 = ORIENTED_EDGE('',*,*,#15113,.T.);
#15113 = EDGE_CURVE('',#12784,#13096,#15114,.T.);
#15114 = LINE('',#15115,#15116);
#15115 = CARTESIAN_POINT('',(36.223501,-3.487358,70.174688));
#15116 = VECTOR('',#15117,1.);
#15117 = DIRECTION('',(2.22044604925E-16,0.,-1.));
#15118 = PLANE('',#15119);
#15119 = AXIS2_PLACEMENT_3D('',#15120,#15121,#15122);
#15120 = CARTESIAN_POINT('',(27.823501,-3.487358,70.174688));
#15121 = DIRECTION('',(0.,1.,0.));
#15122 = DIRECTION('',(1.,0.,2.22044604925E-16));
#15123 = ADVANCED_FACE('',(#15124),#15135,.T.);
#15124 = FACE_BOUND('',#15125,.T.);
#15125 = EDGE_LOOP('',(#15126,#15127,#15128,#15129));
#15126 = ORIENTED_EDGE('',*,*,#13087,.F.);
#15127 = ORIENTED_EDGE('',*,*,#15095,.F.);
#15128 = ORIENTED_EDGE('',*,*,#12775,.T.);
#15129 = ORIENTED_EDGE('',*,*,#15130,.T.);
#15130 = EDGE_CURVE('',#12776,#13088,#15131,.T.);
#15131 = LINE('',#15132,#15133);
#15132 = CARTESIAN_POINT('',(36.223501,-7.487358,70.174688));
#15133 = VECTOR('',#15134,1.);
#15134 = DIRECTION('',(2.22044604925E-16,0.,-1.));
#15135 = PLANE('',#15136);
#15136 = AXIS2_PLACEMENT_3D('',#15137,#15138,#15139);
#15137 = CARTESIAN_POINT('',(27.823501,-7.487358,70.174688));
#15138 = DIRECTION('',(0.,1.,0.));
#15139 = DIRECTION('',(1.,0.,2.22044604925E-16));
#15140 = ADVANCED_FACE('',(#15141),#15147,.F.);
#15141 = FACE_BOUND('',#15142,.F.);
#15142 = EDGE_LOOP('',(#15143,#15144,#15145,#15146));
#15143 = ORIENTED_EDGE('',*,*,#15113,.F.);
#15144 = ORIENTED_EDGE('',*,*,#12783,.T.);
#15145 = ORIENTED_EDGE('',*,*,#15130,.T.);
#15146 = ORIENTED_EDGE('',*,*,#13095,.F.);
#15147 = PLANE('',#15148);
#15148 = AXIS2_PLACEMENT_3D('',#15149,#15150,#15151);
#15149 = CARTESIAN_POINT('',(36.223501,-7.487358,70.174688));
#15150 = DIRECTION('',(1.,0.,2.22044604925E-16));
#15151 = DIRECTION('',(2.22044604925E-16,0.,-1.));
#15152 = ADVANCED_FACE('',(#15153),#15169,.T.);
#15153 = FACE_BOUND('',#15154,.T.);
#15154 = EDGE_LOOP('',(#15155,#15161,#15162,#15168));
#15155 = ORIENTED_EDGE('',*,*,#15156,.F.);
#15156 = EDGE_CURVE('',#12800,#13112,#15157,.T.);
#15157 = LINE('',#15158,#15159);
#15158 = CARTESIAN_POINT('',(27.823501,-11.487358,70.174688));
#15159 = VECTOR('',#15160,1.);
#15160 = DIRECTION('',(2.22044604925E-16,0.,-1.));
#15161 = ORIENTED_EDGE('',*,*,#12799,.T.);
#15162 = ORIENTED_EDGE('',*,*,#15163,.T.);
#15163 = EDGE_CURVE('',#12802,#13114,#15164,.T.);
#15164 = LINE('',#15165,#15166);
#15165 = CARTESIAN_POINT('',(27.823501,-15.487358,70.174688));
#15166 = VECTOR('',#15167,1.);
#15167 = DIRECTION('',(2.22044604925E-16,0.,-1.));
#15168 = ORIENTED_EDGE('',*,*,#13111,.F.);
#15169 = PLANE('',#15170);
#15170 = AXIS2_PLACEMENT_3D('',#15171,#15172,#15173);
#15171 = CARTESIAN_POINT('',(27.823501,-15.487358,70.174688));
#15172 = DIRECTION('',(1.,0.,2.22044604925E-16));
#15173 = DIRECTION('',(2.22044604925E-16,0.,-1.));
#15174 = ADVANCED_FACE('',(#15175),#15186,.F.);
#15175 = FACE_BOUND('',#15176,.F.);
#15176 = EDGE_LOOP('',(#15177,#15178,#15179,#15180));
#15177 = ORIENTED_EDGE('',*,*,#13137,.F.);
#15178 = ORIENTED_EDGE('',*,*,#15156,.F.);
#15179 = ORIENTED_EDGE('',*,*,#12825,.T.);
#15180 = ORIENTED_EDGE('',*,*,#15181,.T.);
#15181 = EDGE_CURVE('',#12818,#13130,#15182,.T.);
#15182 = LINE('',#15183,#15184);
#15183 = CARTESIAN_POINT('',(36.223501,-11.487358,70.174688));
#15184 = VECTOR('',#15185,1.);
#15185 = DIRECTION('',(2.22044604925E-16,0.,-1.));
#15186 = PLANE('',#15187);
#15187 = AXIS2_PLACEMENT_3D('',#15188,#15189,#15190);
#15188 = CARTESIAN_POINT('',(27.823501,-11.487358,70.174688));
#15189 = DIRECTION('',(0.,1.,0.));
#15190 = DIRECTION('',(1.,0.,2.22044604925E-16));
#15191 = ADVANCED_FACE('',(#15192),#15203,.T.);
#15192 = FACE_BOUND('',#15193,.T.);
#15193 = EDGE_LOOP('',(#15194,#15195,#15196,#15197));
#15194 = ORIENTED_EDGE('',*,*,#13121,.F.);
#15195 = ORIENTED_EDGE('',*,*,#15163,.F.);
#15196 = ORIENTED_EDGE('',*,*,#12809,.T.);
#15197 = ORIENTED_EDGE('',*,*,#15198,.T.);
#15198 = EDGE_CURVE('',#12810,#13122,#15199,.T.);
#15199 = LINE('',#15200,#15201);
#15200 = CARTESIAN_POINT('',(36.223501,-15.487358,70.174688));
#15201 = VECTOR('',#15202,1.);
#15202 = DIRECTION('',(2.22044604925E-16,0.,-1.));
#15203 = PLANE('',#15204);
#15204 = AXIS2_PLACEMENT_3D('',#15205,#15206,#15207);
#15205 = CARTESIAN_POINT('',(27.823501,-15.487358,70.174688));
#15206 = DIRECTION('',(0.,1.,0.));
#15207 = DIRECTION('',(1.,0.,2.22044604925E-16));
#15208 = ADVANCED_FACE('',(#15209),#15215,.F.);
#15209 = FACE_BOUND('',#15210,.F.);
#15210 = EDGE_LOOP('',(#15211,#15212,#15213,#15214));
#15211 = ORIENTED_EDGE('',*,*,#15181,.F.);
#15212 = ORIENTED_EDGE('',*,*,#12817,.T.);
#15213 = ORIENTED_EDGE('',*,*,#15198,.T.);
#15214 = ORIENTED_EDGE('',*,*,#13129,.F.);
#15215 = PLANE('',#15216);
#15216 = AXIS2_PLACEMENT_3D('',#15217,#15218,#15219);
#15217 = CARTESIAN_POINT('',(36.223501,-15.487358,70.174688));
#15218 = DIRECTION('',(1.,0.,2.22044604925E-16));
#15219 = DIRECTION('',(2.22044604925E-16,0.,-1.));
#15220 = ADVANCED_FACE('',(#15221),#15238,.F.);
#15221 = FACE_BOUND('',#15222,.F.);
#15222 = EDGE_LOOP('',(#15223,#15229,#15230,#15231));
#15223 = ORIENTED_EDGE('',*,*,#15224,.F.);
#15224 = EDGE_CURVE('',#14929,#14744,#15225,.T.);
#15225 = LINE('',#15226,#15227);
#15226 = CARTESIAN_POINT('',(24.823501,-25.487358,69.274688));
#15227 = VECTOR('',#15228,1.);
#15228 = DIRECTION('',(0.,1.,0.));
#15229 = ORIENTED_EDGE('',*,*,#14928,.T.);
#15230 = ORIENTED_EDGE('',*,*,#12839,.F.);
#15231 = ORIENTED_EDGE('',*,*,#15232,.F.);
#15232 = EDGE_CURVE('',#14744,#12840,#15233,.T.);
#15233 = CIRCLE('',#15234,4.5);
#15234 = AXIS2_PLACEMENT_3D('',#15235,#15236,#15237);
#15235 = CARTESIAN_POINT('',(24.823501,-20.062,72.174688));
#15236 = DIRECTION('',(1.,-0.,2.22044604925E-16));
#15237 = DIRECTION('',(2.22044604925E-16,0.,-1.));
#15238 = PLANE('',#15239);
#15239 = AXIS2_PLACEMENT_3D('',#15240,#15241,#15242);
#15240 = CARTESIAN_POINT('',(24.823501,-25.487358,69.274688));
#15241 = DIRECTION('',(1.,0.,2.22044604925E-16));
#15242 = DIRECTION('',(2.22044604925E-16,0.,-1.));
#15243 = ADVANCED_FACE('',(#15244),#15254,.F.);
#15244 = FACE_BOUND('',#15245,.F.);
#15245 = EDGE_LOOP('',(#15246,#15252,#15253));
#15246 = ORIENTED_EDGE('',*,*,#15247,.T.);
#15247 = EDGE_CURVE('',#12889,#12840,#15248,.T.);
#15248 = LINE('',#15249,#15250);
#15249 = CARTESIAN_POINT('',(24.823501,30.287358,69.174688));
#15250 = VECTOR('',#15251,1.);
#15251 = DIRECTION('',(0.,-1.,0.));
#15252 = ORIENTED_EDGE('',*,*,#12905,.T.);
#15253 = ORIENTED_EDGE('',*,*,#12896,.T.);
#15254 = PLANE('',#15255);
#15255 = AXIS2_PLACEMENT_3D('',#15256,#15257,#15258);
#15256 = CARTESIAN_POINT('',(24.823501,0.25,41.737344));
#15257 = DIRECTION('',(1.,0.,2.22044604925E-16));
#15258 = DIRECTION('',(2.22044604925E-16,0.,-1.));
#15259 = ADVANCED_FACE('',(#15260),#15283,.F.);
#15260 = FACE_BOUND('',#15261,.F.);
#15261 = EDGE_LOOP('',(#15262,#15268,#15275,#15276));
#15262 = ORIENTED_EDGE('',*,*,#15263,.F.);
#15263 = EDGE_CURVE('',#14736,#14546,#15264,.T.);
#15264 = LINE('',#15265,#15266);
#15265 = CARTESIAN_POINT('',(24.823501,-25.487358,69.274688));
#15266 = VECTOR('',#15267,1.);
#15267 = DIRECTION('',(0.,1.,0.));
#15268 = ORIENTED_EDGE('',*,*,#15269,.F.);
#15269 = EDGE_CURVE('',#12889,#14736,#15270,.T.);
#15270 = CIRCLE('',#15271,4.5);
#15271 = AXIS2_PLACEMENT_3D('',#15272,#15273,#15274);
#15272 = CARTESIAN_POINT('',(24.823501,-20.062,72.174688));
#15273 = DIRECTION('',(1.,-0.,2.22044604925E-16));
#15274 = DIRECTION('',(2.22044604925E-16,0.,-1.));
#15275 = ORIENTED_EDGE('',*,*,#12888,.F.);
#15276 = ORIENTED_EDGE('',*,*,#15277,.F.);
#15277 = EDGE_CURVE('',#14546,#12880,#15278,.T.);
#15278 = CIRCLE('',#15279,4.5);
#15279 = AXIS2_PLACEMENT_3D('',#15280,#15281,#15282);
#15280 = CARTESIAN_POINT('',(24.823501,21.938,72.174688));
#15281 = DIRECTION('',(1.,-0.,2.22044604925E-16));
#15282 = DIRECTION('',(2.22044604925E-16,0.,-1.));
#15283 = PLANE('',#15284);
#15284 = AXIS2_PLACEMENT_3D('',#15285,#15286,#15287);
#15285 = CARTESIAN_POINT('',(24.823501,-25.487358,69.274688));
#15286 = DIRECTION('',(1.,0.,2.22044604925E-16));
#15287 = DIRECTION('',(2.22044604925E-16,0.,-1.));
#15288 = ADVANCED_FACE('',(#15289),#15299,.F.);
#15289 = FACE_BOUND('',#15290,.F.);
#15290 = EDGE_LOOP('',(#15291,#15297,#15298));
#15291 = ORIENTED_EDGE('',*,*,#15292,.T.);
#15292 = EDGE_CURVE('',#12863,#12880,#15293,.T.);
#15293 = LINE('',#15294,#15295);
#15294 = CARTESIAN_POINT('',(24.823501,30.287358,69.174688));
#15295 = VECTOR('',#15296,1.);
#15296 = DIRECTION('',(0.,-1.,0.));
#15297 = ORIENTED_EDGE('',*,*,#12879,.T.);
#15298 = ORIENTED_EDGE('',*,*,#12870,.T.);
#15299 = PLANE('',#15300);
#15300 = AXIS2_PLACEMENT_3D('',#15301,#15302,#15303);
#15301 = CARTESIAN_POINT('',(24.823501,0.25,41.737344));
#15302 = DIRECTION('',(1.,0.,2.22044604925E-16));
#15303 = DIRECTION('',(2.22044604925E-16,0.,-1.));
#15304 = ADVANCED_FACE('',(#15305),#15322,.F.);
#15305 = FACE_BOUND('',#15306,.F.);
#15306 = EDGE_LOOP('',(#15307,#15313,#15320,#15321));
#15307 = ORIENTED_EDGE('',*,*,#15308,.F.);
#15308 = EDGE_CURVE('',#14538,#14471,#15309,.T.);
#15309 = LINE('',#15310,#15311);
#15310 = CARTESIAN_POINT('',(24.823501,-25.487358,69.274688));
#15311 = VECTOR('',#15312,1.);
#15312 = DIRECTION('',(0.,1.,0.));
#15313 = ORIENTED_EDGE('',*,*,#15314,.F.);
#15314 = EDGE_CURVE('',#12863,#14538,#15315,.T.);
#15315 = CIRCLE('',#15316,4.5);
#15316 = AXIS2_PLACEMENT_3D('',#15317,#15318,#15319);
#15317 = CARTESIAN_POINT('',(24.823501,21.938,72.174688));
#15318 = DIRECTION('',(1.,-0.,2.22044604925E-16));
#15319 = DIRECTION('',(2.22044604925E-16,0.,-1.));
#15320 = ORIENTED_EDGE('',*,*,#12862,.F.);
#15321 = ORIENTED_EDGE('',*,*,#14470,.F.);
#15322 = PLANE('',#15323);
#15323 = AXIS2_PLACEMENT_3D('',#15324,#15325,#15326);
#15324 = CARTESIAN_POINT('',(24.823501,-25.487358,69.274688));
#15325 = DIRECTION('',(1.,0.,2.22044604925E-16));
#15326 = DIRECTION('',(2.22044604925E-16,0.,-1.));
#15327 = ADVANCED_FACE('',(#15328),#15353,.F.);
#15328 = FACE_BOUND('',#15329,.F.);
#15329 = EDGE_LOOP('',(#15330,#15331,#15339,#15347));
#15330 = ORIENTED_EDGE('',*,*,#12848,.F.);
#15331 = ORIENTED_EDGE('',*,*,#15332,.T.);
#15332 = EDGE_CURVE('',#11561,#15333,#15335,.T.);
#15333 = VERTEX_POINT('',#15334);
#15334 = CARTESIAN_POINT('',(24.823501,-25.487358,64.074688));
#15335 = LINE('',#15336,#15337);
#15336 = CARTESIAN_POINT('',(24.823501,-25.487358,69.274688));
#15337 = VECTOR('',#15338,1.);
#15338 = DIRECTION('',(2.22044604925E-16,0.,-1.));
#15339 = ORIENTED_EDGE('',*,*,#15340,.T.);
#15340 = EDGE_CURVE('',#15333,#15341,#15343,.T.);
#15341 = VERTEX_POINT('',#15342);
#15342 = CARTESIAN_POINT('',(24.823501,25.487358,64.074688));
#15343 = LINE('',#15344,#15345);
#15344 = CARTESIAN_POINT('',(24.823501,-25.487358,64.074688));
#15345 = VECTOR('',#15346,1.);
#15346 = DIRECTION('',(0.,1.,0.));
#15347 = ORIENTED_EDGE('',*,*,#15348,.F.);
#15348 = EDGE_CURVE('',#12849,#15341,#15349,.T.);
#15349 = LINE('',#15350,#15351);
#15350 = CARTESIAN_POINT('',(24.823501,25.487358,69.274688));
#15351 = VECTOR('',#15352,1.);
#15352 = DIRECTION('',(2.22044604925E-16,0.,-1.));
#15353 = PLANE('',#15354);
#15354 = AXIS2_PLACEMENT_3D('',#15355,#15356,#15357);
#15355 = CARTESIAN_POINT('',(24.823501,-25.487358,69.274688));
#15356 = DIRECTION('',(1.,0.,2.22044604925E-16));
#15357 = DIRECTION('',(2.22044604925E-16,0.,-1.));
#15358 = ADVANCED_FACE('',(#15359),#15370,.F.);
#15359 = FACE_BOUND('',#15360,.F.);
#15360 = EDGE_LOOP('',(#15361,#15362,#15363,#15364));
#15361 = ORIENTED_EDGE('',*,*,#12967,.F.);
#15362 = ORIENTED_EDGE('',*,*,#13264,.T.);
#15363 = ORIENTED_EDGE('',*,*,#13535,.T.);
#15364 = ORIENTED_EDGE('',*,*,#15365,.F.);
#15365 = EDGE_CURVE('',#12960,#13528,#15366,.T.);
#15366 = LINE('',#15367,#15368);
#15367 = CARTESIAN_POINT('',(39.223501,29.987358,66.374688));
#15368 = VECTOR('',#15369,1.);
#15369 = DIRECTION('',(2.22044604925E-16,0.,-1.));
#15370 = PLANE('',#15371);
#15371 = AXIS2_PLACEMENT_3D('',#15372,#15373,#15374);
#15372 = CARTESIAN_POINT('',(39.223501,-29.487358,66.374688));
#15373 = DIRECTION('',(1.,0.,2.22044604925E-16));
#15374 = DIRECTION('',(2.22044604925E-16,0.,-1.));
#15375 = ADVANCED_FACE('',(#15376,#15444,#15478,#15512,#15546,#15580),
  #15614,.F.);
#15376 = FACE_BOUND('',#15377,.F.);
#15377 = EDGE_LOOP('',(#15378,#15379,#15387,#15395,#15403,#15411,#15419,
    #15427,#15435,#15441,#15442,#15443));
#15378 = ORIENTED_EDGE('',*,*,#13527,.F.);
#15379 = ORIENTED_EDGE('',*,*,#15380,.T.);
#15380 = EDGE_CURVE('',#13520,#15381,#15383,.T.);
#15381 = VERTEX_POINT('',#15382);
#15382 = CARTESIAN_POINT('',(24.823501,29.987358,22.5));
#15383 = LINE('',#15384,#15385);
#15384 = CARTESIAN_POINT('',(24.823501,29.987358,54.056016));
#15385 = VECTOR('',#15386,1.);
#15386 = DIRECTION('',(-2.22044604925E-16,0.,1.));
#15387 = ORIENTED_EDGE('',*,*,#15388,.F.);
#15388 = EDGE_CURVE('',#15389,#15381,#15391,.T.);
#15389 = VERTEX_POINT('',#15390);
#15390 = CARTESIAN_POINT('',(27.623501,29.987358,22.5));
#15391 = LINE('',#15392,#15393);
#15392 = CARTESIAN_POINT('',(24.323501,29.987358,22.5));
#15393 = VECTOR('',#15394,1.);
#15394 = DIRECTION('',(-1.,0.,-2.22044604925E-16));
#15395 = ORIENTED_EDGE('',*,*,#15396,.F.);
#15396 = EDGE_CURVE('',#15397,#15389,#15399,.T.);
#15397 = VERTEX_POINT('',#15398);
#15398 = CARTESIAN_POINT('',(27.623501,29.987358,27.008344));
#15399 = LINE('',#15400,#15401);
#15400 = CARTESIAN_POINT('',(27.623501,29.987358,46.691516));
#15401 = VECTOR('',#15402,1.);
#15402 = DIRECTION('',(2.22044604925E-16,0.,-1.));
#15403 = ORIENTED_EDGE('',*,*,#15404,.T.);
#15404 = EDGE_CURVE('',#15397,#15405,#15407,.T.);
#15405 = VERTEX_POINT('',#15406);
#15406 = CARTESIAN_POINT('',(24.823501,29.987358,27.008344));
#15407 = LINE('',#15408,#15409);
#15408 = CARTESIAN_POINT('',(24.323501,29.987358,27.008344));
#15409 = VECTOR('',#15410,1.);
#15410 = DIRECTION('',(-1.,0.,-2.22044604925E-16));
#15411 = ORIENTED_EDGE('',*,*,#15412,.T.);
#15412 = EDGE_CURVE('',#15405,#15413,#15415,.T.);
#15413 = VERTEX_POINT('',#15414);
#15414 = CARTESIAN_POINT('',(24.823501,29.987358,30.609344));
#15415 = LINE('',#15416,#15417);
#15416 = CARTESIAN_POINT('',(24.823501,29.987358,54.056016));
#15417 = VECTOR('',#15418,1.);
#15418 = DIRECTION('',(-2.22044604925E-16,0.,1.));
#15419 = ORIENTED_EDGE('',*,*,#15420,.F.);
#15420 = EDGE_CURVE('',#15421,#15413,#15423,.T.);
#15421 = VERTEX_POINT('',#15422);
#15422 = CARTESIAN_POINT('',(27.623501,29.987358,30.609344));
#15423 = LINE('',#15424,#15425);
#15424 = CARTESIAN_POINT('',(24.323501,29.987358,30.609344));
#15425 = VECTOR('',#15426,1.);
#15426 = DIRECTION('',(-1.,0.,-2.22044604925E-16));
#15427 = ORIENTED_EDGE('',*,*,#15428,.F.);
#15428 = EDGE_CURVE('',#15429,#15421,#15431,.T.);
#15429 = VERTEX_POINT('',#15430);
#15430 = CARTESIAN_POINT('',(27.623501,29.987358,60.974688));
#15431 = LINE('',#15432,#15433);
#15432 = CARTESIAN_POINT('',(27.623501,29.987358,63.674688));
#15433 = VECTOR('',#15434,1.);
#15434 = DIRECTION('',(2.22044604925E-16,0.,-1.));
#15435 = ORIENTED_EDGE('',*,*,#15436,.T.);
#15436 = EDGE_CURVE('',#15429,#14446,#15437,.T.);
#15437 = LINE('',#15438,#15439);
#15438 = CARTESIAN_POINT('',(24.323501,29.987358,60.974688));
#15439 = VECTOR('',#15440,1.);
#15440 = DIRECTION('',(-1.,0.,-2.22044604925E-16));
#15441 = ORIENTED_EDGE('',*,*,#14445,.T.);
#15442 = ORIENTED_EDGE('',*,*,#12959,.T.);
#15443 = ORIENTED_EDGE('',*,*,#15365,.T.);
#15444 = FACE_BOUND('',#15445,.F.);
#15445 = EDGE_LOOP('',(#15446,#15456,#15464,#15472));
#15446 = ORIENTED_EDGE('',*,*,#15447,.F.);
#15447 = EDGE_CURVE('',#15448,#15450,#15452,.T.);
#15448 = VERTEX_POINT('',#15449);
#15449 = CARTESIAN_POINT('',(36.223501,29.987358,60.374688));
#15450 = VERTEX_POINT('',#15451);
#15451 = CARTESIAN_POINT('',(36.223501,29.987358,56.374688));
#15452 = LINE('',#15453,#15454);
#15453 = CARTESIAN_POINT('',(36.223501,29.987358,63.374688));
#15454 = VECTOR('',#15455,1.);
#15455 = DIRECTION('',(2.22044604925E-16,0.,-1.));
#15456 = ORIENTED_EDGE('',*,*,#15457,.T.);
#15457 = EDGE_CURVE('',#15448,#15458,#15460,.T.);
#15458 = VERTEX_POINT('',#15459);
#15459 = CARTESIAN_POINT('',(27.823501,29.987358,60.374688));
#15460 = LINE('',#15461,#15462);
#15461 = CARTESIAN_POINT('',(25.823501,29.987358,60.374688));
#15462 = VECTOR('',#15463,1.);
#15463 = DIRECTION('',(-1.,0.,-2.22044604925E-16));
#15464 = ORIENTED_EDGE('',*,*,#15465,.T.);
#15465 = EDGE_CURVE('',#15458,#15466,#15468,.T.);
#15466 = VERTEX_POINT('',#15467);
#15467 = CARTESIAN_POINT('',(27.823501,29.987358,56.374688));
#15468 = LINE('',#15469,#15470);
#15469 = CARTESIAN_POINT('',(27.823501,29.987358,63.374688));
#15470 = VECTOR('',#15471,1.);
#15471 = DIRECTION('',(2.22044604925E-16,0.,-1.));
#15472 = ORIENTED_EDGE('',*,*,#15473,.F.);
#15473 = EDGE_CURVE('',#15450,#15466,#15474,.T.);
#15474 = LINE('',#15475,#15476);
#15475 = CARTESIAN_POINT('',(25.823501,29.987358,56.374688));
#15476 = VECTOR('',#15477,1.);
#15477 = DIRECTION('',(-1.,0.,-2.22044604925E-16));
#15478 = FACE_BOUND('',#15479,.F.);
#15479 = EDGE_LOOP('',(#15480,#15490,#15498,#15506));
#15480 = ORIENTED_EDGE('',*,*,#15481,.F.);
#15481 = EDGE_CURVE('',#15482,#15484,#15486,.T.);
#15482 = VERTEX_POINT('',#15483);
#15483 = CARTESIAN_POINT('',(36.223501,29.987358,52.374688));
#15484 = VERTEX_POINT('',#15485);
#15485 = CARTESIAN_POINT('',(36.223501,29.987358,48.374688));
#15486 = LINE('',#15487,#15488);
#15487 = CARTESIAN_POINT('',(36.223501,29.987358,59.374688));
#15488 = VECTOR('',#15489,1.);
#15489 = DIRECTION('',(2.22044604925E-16,0.,-1.));
#15490 = ORIENTED_EDGE('',*,*,#15491,.T.);
#15491 = EDGE_CURVE('',#15482,#15492,#15494,.T.);
#15492 = VERTEX_POINT('',#15493);
#15493 = CARTESIAN_POINT('',(27.823501,29.987358,52.374688));
#15494 = LINE('',#15495,#15496);
#15495 = CARTESIAN_POINT('',(25.823501,29.987358,52.374688));
#15496 = VECTOR('',#15497,1.);
#15497 = DIRECTION('',(-1.,0.,-2.22044604925E-16));
#15498 = ORIENTED_EDGE('',*,*,#15499,.T.);
#15499 = EDGE_CURVE('',#15492,#15500,#15502,.T.);
#15500 = VERTEX_POINT('',#15501);
#15501 = CARTESIAN_POINT('',(27.823501,29.987358,48.374688));
#15502 = LINE('',#15503,#15504);
#15503 = CARTESIAN_POINT('',(27.823501,29.987358,59.374688));
#15504 = VECTOR('',#15505,1.);
#15505 = DIRECTION('',(2.22044604925E-16,0.,-1.));
#15506 = ORIENTED_EDGE('',*,*,#15507,.F.);
#15507 = EDGE_CURVE('',#15484,#15500,#15508,.T.);
#15508 = LINE('',#15509,#15510);
#15509 = CARTESIAN_POINT('',(25.823501,29.987358,48.374688));
#15510 = VECTOR('',#15511,1.);
#15511 = DIRECTION('',(-1.,0.,-2.22044604925E-16));
#15512 = FACE_BOUND('',#15513,.F.);
#15513 = EDGE_LOOP('',(#15514,#15524,#15532,#15540));
#15514 = ORIENTED_EDGE('',*,*,#15515,.F.);
#15515 = EDGE_CURVE('',#15516,#15518,#15520,.T.);
#15516 = VERTEX_POINT('',#15517);
#15517 = CARTESIAN_POINT('',(36.223501,29.987358,44.374688));
#15518 = VERTEX_POINT('',#15519);
#15519 = CARTESIAN_POINT('',(36.223501,29.987358,40.374688));
#15520 = LINE('',#15521,#15522);
#15521 = CARTESIAN_POINT('',(36.223501,29.987358,55.374688));
#15522 = VECTOR('',#15523,1.);
#15523 = DIRECTION('',(2.22044604925E-16,0.,-1.));
#15524 = ORIENTED_EDGE('',*,*,#15525,.T.);
#15525 = EDGE_CURVE('',#15516,#15526,#15528,.T.);
#15526 = VERTEX_POINT('',#15527);
#15527 = CARTESIAN_POINT('',(27.823501,29.987358,44.374688));
#15528 = LINE('',#15529,#15530);
#15529 = CARTESIAN_POINT('',(25.823501,29.987358,44.374688));
#15530 = VECTOR('',#15531,1.);
#15531 = DIRECTION('',(-1.,0.,-2.22044604925E-16));
#15532 = ORIENTED_EDGE('',*,*,#15533,.T.);
#15533 = EDGE_CURVE('',#15526,#15534,#15536,.T.);
#15534 = VERTEX_POINT('',#15535);
#15535 = CARTESIAN_POINT('',(27.823501,29.987358,40.374688));
#15536 = LINE('',#15537,#15538);
#15537 = CARTESIAN_POINT('',(27.823501,29.987358,55.374688));
#15538 = VECTOR('',#15539,1.);
#15539 = DIRECTION('',(2.22044604925E-16,0.,-1.));
#15540 = ORIENTED_EDGE('',*,*,#15541,.F.);
#15541 = EDGE_CURVE('',#15518,#15534,#15542,.T.);
#15542 = LINE('',#15543,#15544);
#15543 = CARTESIAN_POINT('',(25.823501,29.987358,40.374688));
#15544 = VECTOR('',#15545,1.);
#15545 = DIRECTION('',(-1.,0.,-2.22044604925E-16));
#15546 = FACE_BOUND('',#15547,.F.);
#15547 = EDGE_LOOP('',(#15548,#15558,#15566,#15574));
#15548 = ORIENTED_EDGE('',*,*,#15549,.F.);
#15549 = EDGE_CURVE('',#15550,#15552,#15554,.T.);
#15550 = VERTEX_POINT('',#15551);
#15551 = CARTESIAN_POINT('',(36.223501,29.987358,36.374688));
#15552 = VERTEX_POINT('',#15553);
#15553 = CARTESIAN_POINT('',(36.223501,29.987358,32.374688));
#15554 = LINE('',#15555,#15556);
#15555 = CARTESIAN_POINT('',(36.223501,29.987358,51.374688));
#15556 = VECTOR('',#15557,1.);
#15557 = DIRECTION('',(2.22044604925E-16,0.,-1.));
#15558 = ORIENTED_EDGE('',*,*,#15559,.T.);
#15559 = EDGE_CURVE('',#15550,#15560,#15562,.T.);
#15560 = VERTEX_POINT('',#15561);
#15561 = CARTESIAN_POINT('',(27.823501,29.987358,36.374688));
#15562 = LINE('',#15563,#15564);
#15563 = CARTESIAN_POINT('',(25.823501,29.987358,36.374688));
#15564 = VECTOR('',#15565,1.);
#15565 = DIRECTION('',(-1.,0.,-2.22044604925E-16));
#15566 = ORIENTED_EDGE('',*,*,#15567,.T.);
#15567 = EDGE_CURVE('',#15560,#15568,#15570,.T.);
#15568 = VERTEX_POINT('',#15569);
#15569 = CARTESIAN_POINT('',(27.823501,29.987358,32.374688));
#15570 = LINE('',#15571,#15572);
#15571 = CARTESIAN_POINT('',(27.823501,29.987358,51.374688));
#15572 = VECTOR('',#15573,1.);
#15573 = DIRECTION('',(2.22044604925E-16,0.,-1.));
#15574 = ORIENTED_EDGE('',*,*,#15575,.F.);
#15575 = EDGE_CURVE('',#15552,#15568,#15576,.T.);
#15576 = LINE('',#15577,#15578);
#15577 = CARTESIAN_POINT('',(25.823501,29.987358,32.374688));
#15578 = VECTOR('',#15579,1.);
#15579 = DIRECTION('',(-1.,0.,-2.22044604925E-16));
#15580 = FACE_BOUND('',#15581,.F.);
#15581 = EDGE_LOOP('',(#15582,#15592,#15600,#15608));
#15582 = ORIENTED_EDGE('',*,*,#15583,.F.);
#15583 = EDGE_CURVE('',#15584,#15586,#15588,.T.);
#15584 = VERTEX_POINT('',#15585);
#15585 = CARTESIAN_POINT('',(36.223501,29.987358,28.374688));
#15586 = VERTEX_POINT('',#15587);
#15587 = CARTESIAN_POINT('',(36.223501,29.987358,24.374688));
#15588 = LINE('',#15589,#15590);
#15589 = CARTESIAN_POINT('',(36.223501,29.987358,47.374688));
#15590 = VECTOR('',#15591,1.);
#15591 = DIRECTION('',(2.22044604925E-16,0.,-1.));
#15592 = ORIENTED_EDGE('',*,*,#15593,.T.);
#15593 = EDGE_CURVE('',#15584,#15594,#15596,.T.);
#15594 = VERTEX_POINT('',#15595);
#15595 = CARTESIAN_POINT('',(27.823501,29.987358,28.374688));
#15596 = LINE('',#15597,#15598);
#15597 = CARTESIAN_POINT('',(25.823501,29.987358,28.374688));
#15598 = VECTOR('',#15599,1.);
#15599 = DIRECTION('',(-1.,0.,-2.22044604925E-16));
#15600 = ORIENTED_EDGE('',*,*,#15601,.T.);
#15601 = EDGE_CURVE('',#15594,#15602,#15604,.T.);
#15602 = VERTEX_POINT('',#15603);
#15603 = CARTESIAN_POINT('',(27.823501,29.987358,24.374688));
#15604 = LINE('',#15605,#15606);
#15605 = CARTESIAN_POINT('',(27.823501,29.987358,47.374688));
#15606 = VECTOR('',#15607,1.);
#15607 = DIRECTION('',(2.22044604925E-16,0.,-1.));
#15608 = ORIENTED_EDGE('',*,*,#15609,.F.);
#15609 = EDGE_CURVE('',#15586,#15602,#15610,.T.);
#15610 = LINE('',#15611,#15612);
#15611 = CARTESIAN_POINT('',(25.823501,29.987358,24.374688));
#15612 = VECTOR('',#15613,1.);
#15613 = DIRECTION('',(-1.,0.,-2.22044604925E-16));
#15614 = PLANE('',#15615);
#15615 = AXIS2_PLACEMENT_3D('',#15616,#15617,#15618);
#15616 = CARTESIAN_POINT('',(23.823501,29.987358,66.374688));
#15617 = DIRECTION('',(0.,1.,0.));
#15618 = DIRECTION('',(1.,0.,2.22044604925E-16));
#15619 = ADVANCED_FACE('',(#15620),#15654,.T.);
#15620 = FACE_BOUND('',#15621,.T.);
#15621 = EDGE_LOOP('',(#15622,#15623,#15624,#15632,#15640,#15648));
#15622 = ORIENTED_EDGE('',*,*,#15348,.F.);
#15623 = ORIENTED_EDGE('',*,*,#12945,.T.);
#15624 = ORIENTED_EDGE('',*,*,#15625,.T.);
#15625 = EDGE_CURVE('',#12938,#15626,#15628,.T.);
#15626 = VERTEX_POINT('',#15627);
#15627 = CARTESIAN_POINT('',(27.623501,25.487358,63.174688));
#15628 = LINE('',#15629,#15630);
#15629 = CARTESIAN_POINT('',(27.623501,25.487358,69.274688));
#15630 = VECTOR('',#15631,1.);
#15631 = DIRECTION('',(2.22044604925E-16,0.,-1.));
#15632 = ORIENTED_EDGE('',*,*,#15633,.F.);
#15633 = EDGE_CURVE('',#15634,#15626,#15636,.T.);
#15634 = VERTEX_POINT('',#15635);
#15635 = CARTESIAN_POINT('',(24.923501,25.487358,63.174688));
#15636 = LINE('',#15637,#15638);
#15637 = CARTESIAN_POINT('',(24.823501,25.487358,63.174688));
#15638 = VECTOR('',#15639,1.);
#15639 = DIRECTION('',(1.,0.,2.22044604925E-16));
#15640 = ORIENTED_EDGE('',*,*,#15641,.F.);
#15641 = EDGE_CURVE('',#15642,#15634,#15644,.T.);
#15642 = VERTEX_POINT('',#15643);
#15643 = CARTESIAN_POINT('',(24.923501,25.487358,64.074688));
#15644 = LINE('',#15645,#15646);
#15645 = CARTESIAN_POINT('',(24.923501,25.487358,64.074688));
#15646 = VECTOR('',#15647,1.);
#15647 = DIRECTION('',(2.22044604925E-16,0.,-1.));
#15648 = ORIENTED_EDGE('',*,*,#15649,.F.);
#15649 = EDGE_CURVE('',#15341,#15642,#15650,.T.);
#15650 = LINE('',#15651,#15652);
#15651 = CARTESIAN_POINT('',(24.123501,25.487358,64.074688));
#15652 = VECTOR('',#15653,1.);
#15653 = DIRECTION('',(1.,0.,2.22044604925E-16));
#15654 = PLANE('',#15655);
#15655 = AXIS2_PLACEMENT_3D('',#15656,#15657,#15658);
#15656 = CARTESIAN_POINT('',(24.823501,25.487358,69.274688));
#15657 = DIRECTION('',(0.,1.,0.));
#15658 = DIRECTION('',(1.,0.,2.22044604925E-16));
#15659 = ADVANCED_FACE('',(#15660),#15678,.T.);
#15660 = FACE_BOUND('',#15661,.T.);
#15661 = EDGE_LOOP('',(#15662,#15663,#15671,#15677));
#15662 = ORIENTED_EDGE('',*,*,#12937,.T.);
#15663 = ORIENTED_EDGE('',*,*,#15664,.T.);
#15664 = EDGE_CURVE('',#12930,#15665,#15667,.T.);
#15665 = VERTEX_POINT('',#15666);
#15666 = CARTESIAN_POINT('',(27.623501,-25.487358,63.174688));
#15667 = LINE('',#15668,#15669);
#15668 = CARTESIAN_POINT('',(27.623501,-25.487358,69.274688));
#15669 = VECTOR('',#15670,1.);
#15670 = DIRECTION('',(2.22044604925E-16,0.,-1.));
#15671 = ORIENTED_EDGE('',*,*,#15672,.T.);
#15672 = EDGE_CURVE('',#15665,#15626,#15673,.T.);
#15673 = LINE('',#15674,#15675);
#15674 = CARTESIAN_POINT('',(27.623501,-25.487358,63.174688));
#15675 = VECTOR('',#15676,1.);
#15676 = DIRECTION('',(0.,1.,0.));
#15677 = ORIENTED_EDGE('',*,*,#15625,.F.);
#15678 = PLANE('',#15679);
#15679 = AXIS2_PLACEMENT_3D('',#15680,#15681,#15682);
#15680 = CARTESIAN_POINT('',(27.623501,-25.487358,69.274688));
#15681 = DIRECTION('',(1.,0.,2.22044604925E-16));
#15682 = DIRECTION('',(2.22044604925E-16,0.,-1.));
#15683 = ADVANCED_FACE('',(#15684),#15711,.F.);
#15684 = FACE_BOUND('',#15685,.F.);
#15685 = EDGE_LOOP('',(#15686,#15687,#15688,#15689,#15697,#15705));
#15686 = ORIENTED_EDGE('',*,*,#15332,.F.);
#15687 = ORIENTED_EDGE('',*,*,#12929,.T.);
#15688 = ORIENTED_EDGE('',*,*,#15664,.T.);
#15689 = ORIENTED_EDGE('',*,*,#15690,.F.);
#15690 = EDGE_CURVE('',#15691,#15665,#15693,.T.);
#15691 = VERTEX_POINT('',#15692);
#15692 = CARTESIAN_POINT('',(24.923501,-25.487358,63.174688));
#15693 = LINE('',#15694,#15695);
#15694 = CARTESIAN_POINT('',(24.823501,-25.487358,63.174688));
#15695 = VECTOR('',#15696,1.);
#15696 = DIRECTION('',(1.,0.,2.22044604925E-16));
#15697 = ORIENTED_EDGE('',*,*,#15698,.F.);
#15698 = EDGE_CURVE('',#15699,#15691,#15701,.T.);
#15699 = VERTEX_POINT('',#15700);
#15700 = CARTESIAN_POINT('',(24.923501,-25.487358,64.074688));
#15701 = LINE('',#15702,#15703);
#15702 = CARTESIAN_POINT('',(24.923501,-25.487358,64.074688));
#15703 = VECTOR('',#15704,1.);
#15704 = DIRECTION('',(2.22044604925E-16,0.,-1.));
#15705 = ORIENTED_EDGE('',*,*,#15706,.F.);
#15706 = EDGE_CURVE('',#15333,#15699,#15707,.T.);
#15707 = LINE('',#15708,#15709);
#15708 = CARTESIAN_POINT('',(24.123501,-25.487358,64.074688));
#15709 = VECTOR('',#15710,1.);
#15710 = DIRECTION('',(1.,0.,2.22044604925E-16));
#15711 = PLANE('',#15712);
#15712 = AXIS2_PLACEMENT_3D('',#15713,#15714,#15715);
#15713 = CARTESIAN_POINT('',(24.823501,-25.487358,69.274688));
#15714 = DIRECTION('',(0.,1.,0.));
#15715 = DIRECTION('',(1.,0.,2.22044604925E-16));
#15716 = ADVANCED_FACE('',(#15717),#15758,.F.);
#15717 = FACE_BOUND('',#15718,.F.);
#15718 = EDGE_LOOP('',(#15719,#15727,#15728,#15736,#15744,#15752));
#15719 = ORIENTED_EDGE('',*,*,#15720,.F.);
#15720 = EDGE_CURVE('',#13249,#15721,#15723,.T.);
#15721 = VERTEX_POINT('',#15722);
#15722 = CARTESIAN_POINT('',(27.623501,-27.687358,60.974688));
#15723 = LINE('',#15724,#15725);
#15724 = CARTESIAN_POINT('',(27.623501,-32.387358,60.974688));
#15725 = VECTOR('',#15726,1.);
#15726 = DIRECTION('',(0.,1.,0.));
#15727 = ORIENTED_EDGE('',*,*,#13256,.T.);
#15728 = ORIENTED_EDGE('',*,*,#15729,.T.);
#15729 = EDGE_CURVE('',#11545,#15730,#15732,.T.);
#15730 = VERTEX_POINT('',#15731);
#15731 = CARTESIAN_POINT('',(24.823501,-28.587358,60.974688));
#15732 = LINE('',#15733,#15734);
#15733 = CARTESIAN_POINT('',(24.823501,-32.387358,60.974688));
#15734 = VECTOR('',#15735,1.);
#15735 = DIRECTION('',(0.,1.,0.));
#15736 = ORIENTED_EDGE('',*,*,#15737,.T.);
#15737 = EDGE_CURVE('',#15730,#15738,#15740,.T.);
#15738 = VERTEX_POINT('',#15739);
#15739 = CARTESIAN_POINT('',(24.923501,-28.587358,60.974688));
#15740 = LINE('',#15741,#15742);
#15741 = CARTESIAN_POINT('',(24.123501,-28.587358,60.974688));
#15742 = VECTOR('',#15743,1.);
#15743 = DIRECTION('',(1.,0.,2.22044604925E-16));
#15744 = ORIENTED_EDGE('',*,*,#15745,.T.);
#15745 = EDGE_CURVE('',#15738,#15746,#15748,.T.);
#15746 = VERTEX_POINT('',#15747);
#15747 = CARTESIAN_POINT('',(24.923501,-27.687358,60.974688));
#15748 = LINE('',#15749,#15750);
#15749 = CARTESIAN_POINT('',(24.923501,-28.587358,60.974688));
#15750 = VECTOR('',#15751,1.);
#15751 = DIRECTION('',(0.,1.,0.));
#15752 = ORIENTED_EDGE('',*,*,#15753,.T.);
#15753 = EDGE_CURVE('',#15746,#15721,#15754,.T.);
#15754 = LINE('',#15755,#15756);
#15755 = CARTESIAN_POINT('',(24.823501,-27.687358,60.974688));
#15756 = VECTOR('',#15757,1.);
#15757 = DIRECTION('',(1.,0.,2.22044604925E-16));
#15758 = PLANE('',#15759);
#15759 = AXIS2_PLACEMENT_3D('',#15760,#15761,#15762);
#15760 = CARTESIAN_POINT('',(24.823501,-32.387358,60.974688));
#15761 = DIRECTION('',(2.22044604925E-16,0.,-1.));
#15762 = DIRECTION('',(1.,0.,2.22044604925E-16));
#15763 = ADVANCED_FACE('',(#15764),#15782,.T.);
#15764 = FACE_BOUND('',#15765,.T.);
#15765 = EDGE_LOOP('',(#15766,#15767,#15768,#15776));
#15766 = ORIENTED_EDGE('',*,*,#15720,.F.);
#15767 = ORIENTED_EDGE('',*,*,#13248,.T.);
#15768 = ORIENTED_EDGE('',*,*,#15769,.T.);
#15769 = EDGE_CURVE('',#13241,#15770,#15772,.T.);
#15770 = VERTEX_POINT('',#15771);
#15771 = CARTESIAN_POINT('',(27.623501,-27.687358,48.562344));
#15772 = LINE('',#15773,#15774);
#15773 = CARTESIAN_POINT('',(27.623501,-32.387358,48.562344));
#15774 = VECTOR('',#15775,1.);
#15775 = DIRECTION('',(0.,1.,0.));
#15776 = ORIENTED_EDGE('',*,*,#15777,.F.);
#15777 = EDGE_CURVE('',#15721,#15770,#15778,.T.);
#15778 = LINE('',#15779,#15780);
#15779 = CARTESIAN_POINT('',(27.623501,-27.687358,60.974688));
#15780 = VECTOR('',#15781,1.);
#15781 = DIRECTION('',(2.22044604925E-16,0.,-1.));
#15782 = PLANE('',#15783);
#15783 = AXIS2_PLACEMENT_3D('',#15784,#15785,#15786);
#15784 = CARTESIAN_POINT('',(27.623501,-32.387358,60.974688));
#15785 = DIRECTION('',(1.,0.,2.22044604925E-16));
#15786 = DIRECTION('',(2.22044604925E-16,0.,-1.));
#15787 = ADVANCED_FACE('',(#15788),#15822,.T.);
#15788 = FACE_BOUND('',#15789,.T.);
#15789 = EDGE_LOOP('',(#15790,#15791,#15792,#15800,#15808,#15816));
#15790 = ORIENTED_EDGE('',*,*,#15769,.F.);
#15791 = ORIENTED_EDGE('',*,*,#13240,.T.);
#15792 = ORIENTED_EDGE('',*,*,#15793,.T.);
#15793 = EDGE_CURVE('',#11670,#15794,#15796,.T.);
#15794 = VERTEX_POINT('',#15795);
#15795 = CARTESIAN_POINT('',(24.823501,-28.587358,48.562344));
#15796 = LINE('',#15797,#15798);
#15797 = CARTESIAN_POINT('',(24.823501,-32.387358,48.562344));
#15798 = VECTOR('',#15799,1.);
#15799 = DIRECTION('',(0.,1.,0.));
#15800 = ORIENTED_EDGE('',*,*,#15801,.T.);
#15801 = EDGE_CURVE('',#15794,#15802,#15804,.T.);
#15802 = VERTEX_POINT('',#15803);
#15803 = CARTESIAN_POINT('',(24.923501,-28.587358,48.562344));
#15804 = LINE('',#15805,#15806);
#15805 = CARTESIAN_POINT('',(24.123501,-28.587358,48.562344));
#15806 = VECTOR('',#15807,1.);
#15807 = DIRECTION('',(1.,0.,2.22044604925E-16));
#15808 = ORIENTED_EDGE('',*,*,#15809,.T.);
#15809 = EDGE_CURVE('',#15802,#15810,#15812,.T.);
#15810 = VERTEX_POINT('',#15811);
#15811 = CARTESIAN_POINT('',(24.923501,-27.687358,48.562344));
#15812 = LINE('',#15813,#15814);
#15813 = CARTESIAN_POINT('',(24.923501,-28.587358,48.562344));
#15814 = VECTOR('',#15815,1.);
#15815 = DIRECTION('',(0.,1.,0.));
#15816 = ORIENTED_EDGE('',*,*,#15817,.T.);
#15817 = EDGE_CURVE('',#15810,#15770,#15818,.T.);
#15818 = LINE('',#15819,#15820);
#15819 = CARTESIAN_POINT('',(24.823501,-27.687358,48.562344));
#15820 = VECTOR('',#15821,1.);
#15821 = DIRECTION('',(1.,0.,2.22044604925E-16));
#15822 = PLANE('',#15823);
#15823 = AXIS2_PLACEMENT_3D('',#15824,#15825,#15826);
#15824 = CARTESIAN_POINT('',(24.823501,-32.387358,48.562344));
#15825 = DIRECTION('',(2.22044604925E-16,0.,-1.));
#15826 = DIRECTION('',(1.,0.,2.22044604925E-16));
#15827 = ADVANCED_FACE('',(#15828),#15869,.F.);
#15828 = FACE_BOUND('',#15829,.F.);
#15829 = EDGE_LOOP('',(#15830,#15838,#15839,#15847,#15855,#15863));
#15830 = ORIENTED_EDGE('',*,*,#15831,.F.);
#15831 = EDGE_CURVE('',#13226,#15832,#15834,.T.);
#15832 = VERTEX_POINT('',#15833);
#15833 = CARTESIAN_POINT('',(27.623501,-27.687358,34.962344));
#15834 = LINE('',#15835,#15836);
#15835 = CARTESIAN_POINT('',(27.623501,-32.387358,34.962344));
#15836 = VECTOR('',#15837,1.);
#15837 = DIRECTION('',(0.,1.,0.));
#15838 = ORIENTED_EDGE('',*,*,#13233,.T.);
#15839 = ORIENTED_EDGE('',*,*,#15840,.T.);
#15840 = EDGE_CURVE('',#11679,#15841,#15843,.T.);
#15841 = VERTEX_POINT('',#15842);
#15842 = CARTESIAN_POINT('',(24.823501,-28.587358,34.962344));
#15843 = LINE('',#15844,#15845);
#15844 = CARTESIAN_POINT('',(24.823501,-32.387358,34.962344));
#15845 = VECTOR('',#15846,1.);
#15846 = DIRECTION('',(0.,1.,0.));
#15847 = ORIENTED_EDGE('',*,*,#15848,.T.);
#15848 = EDGE_CURVE('',#15841,#15849,#15851,.T.);
#15849 = VERTEX_POINT('',#15850);
#15850 = CARTESIAN_POINT('',(24.923501,-28.587358,34.962344));
#15851 = LINE('',#15852,#15853);
#15852 = CARTESIAN_POINT('',(24.123501,-28.587358,34.962344));
#15853 = VECTOR('',#15854,1.);
#15854 = DIRECTION('',(1.,0.,2.22044604925E-16));
#15855 = ORIENTED_EDGE('',*,*,#15856,.T.);
#15856 = EDGE_CURVE('',#15849,#15857,#15859,.T.);
#15857 = VERTEX_POINT('',#15858);
#15858 = CARTESIAN_POINT('',(24.923501,-27.687358,34.962344));
#15859 = LINE('',#15860,#15861);
#15860 = CARTESIAN_POINT('',(24.923501,-28.587358,34.962344));
#15861 = VECTOR('',#15862,1.);
#15862 = DIRECTION('',(0.,1.,0.));
#15863 = ORIENTED_EDGE('',*,*,#15864,.T.);
#15864 = EDGE_CURVE('',#15857,#15832,#15865,.T.);
#15865 = LINE('',#15866,#15867);
#15866 = CARTESIAN_POINT('',(24.823501,-27.687358,34.962344));
#15867 = VECTOR('',#15868,1.);
#15868 = DIRECTION('',(1.,0.,2.22044604925E-16));
#15869 = PLANE('',#15870);
#15870 = AXIS2_PLACEMENT_3D('',#15871,#15872,#15873);
#15871 = CARTESIAN_POINT('',(24.823501,-32.387358,34.962344));
#15872 = DIRECTION('',(2.22044604925E-16,0.,-1.));
#15873 = DIRECTION('',(1.,0.,2.22044604925E-16));
#15874 = ADVANCED_FACE('',(#15875),#15893,.T.);
#15875 = FACE_BOUND('',#15876,.T.);
#15876 = EDGE_LOOP('',(#15877,#15878,#15879,#15887));
#15877 = ORIENTED_EDGE('',*,*,#15831,.F.);
#15878 = ORIENTED_EDGE('',*,*,#13225,.T.);
#15879 = ORIENTED_EDGE('',*,*,#15880,.T.);
#15880 = EDGE_CURVE('',#13218,#15881,#15883,.T.);
#15881 = VERTEX_POINT('',#15882);
#15882 = CARTESIAN_POINT('',(27.623501,-27.687358,30.985344));
#15883 = LINE('',#15884,#15885);
#15884 = CARTESIAN_POINT('',(27.623501,-32.387358,30.985344));
#15885 = VECTOR('',#15886,1.);
#15886 = DIRECTION('',(0.,1.,0.));
#15887 = ORIENTED_EDGE('',*,*,#15888,.F.);
#15888 = EDGE_CURVE('',#15832,#15881,#15889,.T.);
#15889 = LINE('',#15890,#15891);
#15890 = CARTESIAN_POINT('',(27.623501,-27.687358,34.962344));
#15891 = VECTOR('',#15892,1.);
#15892 = DIRECTION('',(2.22044604925E-16,0.,-1.));
#15893 = PLANE('',#15894);
#15894 = AXIS2_PLACEMENT_3D('',#15895,#15896,#15897);
#15895 = CARTESIAN_POINT('',(27.623501,-32.387358,34.962344));
#15896 = DIRECTION('',(1.,0.,2.22044604925E-16));
#15897 = DIRECTION('',(2.22044604925E-16,0.,-1.));
#15898 = ADVANCED_FACE('',(#15899),#15933,.T.);
#15899 = FACE_BOUND('',#15900,.T.);
#15900 = EDGE_LOOP('',(#15901,#15902,#15903,#15911,#15919,#15927));
#15901 = ORIENTED_EDGE('',*,*,#15880,.F.);
#15902 = ORIENTED_EDGE('',*,*,#13217,.T.);
#15903 = ORIENTED_EDGE('',*,*,#15904,.T.);
#15904 = EDGE_CURVE('',#11780,#15905,#15907,.T.);
#15905 = VERTEX_POINT('',#15906);
#15906 = CARTESIAN_POINT('',(24.823501,-28.587358,30.985344));
#15907 = LINE('',#15908,#15909);
#15908 = CARTESIAN_POINT('',(24.823501,-32.387358,30.985344));
#15909 = VECTOR('',#15910,1.);
#15910 = DIRECTION('',(0.,1.,0.));
#15911 = ORIENTED_EDGE('',*,*,#15912,.T.);
#15912 = EDGE_CURVE('',#15905,#15913,#15915,.T.);
#15913 = VERTEX_POINT('',#15914);
#15914 = CARTESIAN_POINT('',(24.923501,-28.587358,30.985344));
#15915 = LINE('',#15916,#15917);
#15916 = CARTESIAN_POINT('',(24.123501,-28.587358,30.985344));
#15917 = VECTOR('',#15918,1.);
#15918 = DIRECTION('',(1.,0.,2.22044604925E-16));
#15919 = ORIENTED_EDGE('',*,*,#15920,.T.);
#15920 = EDGE_CURVE('',#15913,#15921,#15923,.T.);
#15921 = VERTEX_POINT('',#15922);
#15922 = CARTESIAN_POINT('',(24.923501,-27.687358,30.985344));
#15923 = LINE('',#15924,#15925);
#15924 = CARTESIAN_POINT('',(24.923501,-28.587358,30.985344));
#15925 = VECTOR('',#15926,1.);
#15926 = DIRECTION('',(0.,1.,0.));
#15927 = ORIENTED_EDGE('',*,*,#15928,.T.);
#15928 = EDGE_CURVE('',#15921,#15881,#15929,.T.);
#15929 = LINE('',#15930,#15931);
#15930 = CARTESIAN_POINT('',(24.823501,-27.687358,30.985344));
#15931 = VECTOR('',#15932,1.);
#15932 = DIRECTION('',(1.,0.,2.22044604925E-16));
#15933 = PLANE('',#15934);
#15934 = AXIS2_PLACEMENT_3D('',#15935,#15936,#15937);
#15935 = CARTESIAN_POINT('',(24.823501,-32.387358,30.985344));
#15936 = DIRECTION('',(2.22044604925E-16,0.,-1.));
#15937 = DIRECTION('',(1.,0.,2.22044604925E-16));
#15938 = ADVANCED_FACE('',(#15939),#15980,.F.);
#15939 = FACE_BOUND('',#15940,.F.);
#15940 = EDGE_LOOP('',(#15941,#15949,#15950,#15958,#15966,#15974));
#15941 = ORIENTED_EDGE('',*,*,#15942,.F.);
#15942 = EDGE_CURVE('',#13203,#15943,#15945,.T.);
#15943 = VERTEX_POINT('',#15944);
#15944 = CARTESIAN_POINT('',(27.623501,-27.687358,26.884344));
#15945 = LINE('',#15946,#15947);
#15946 = CARTESIAN_POINT('',(27.623501,-32.387358,26.884344));
#15947 = VECTOR('',#15948,1.);
#15948 = DIRECTION('',(0.,1.,0.));
#15949 = ORIENTED_EDGE('',*,*,#13210,.T.);
#15950 = ORIENTED_EDGE('',*,*,#15951,.T.);
#15951 = EDGE_CURVE('',#11789,#15952,#15954,.T.);
#15952 = VERTEX_POINT('',#15953);
#15953 = CARTESIAN_POINT('',(24.823501,-28.587358,26.884344));
#15954 = LINE('',#15955,#15956);
#15955 = CARTESIAN_POINT('',(24.823501,-32.387358,26.884344));
#15956 = VECTOR('',#15957,1.);
#15957 = DIRECTION('',(0.,1.,0.));
#15958 = ORIENTED_EDGE('',*,*,#15959,.T.);
#15959 = EDGE_CURVE('',#15952,#15960,#15962,.T.);
#15960 = VERTEX_POINT('',#15961);
#15961 = CARTESIAN_POINT('',(24.923501,-28.587358,26.884344));
#15962 = LINE('',#15963,#15964);
#15963 = CARTESIAN_POINT('',(24.123501,-28.587358,26.884344));
#15964 = VECTOR('',#15965,1.);
#15965 = DIRECTION('',(1.,0.,2.22044604925E-16));
#15966 = ORIENTED_EDGE('',*,*,#15967,.T.);
#15967 = EDGE_CURVE('',#15960,#15968,#15970,.T.);
#15968 = VERTEX_POINT('',#15969);
#15969 = CARTESIAN_POINT('',(24.923501,-27.687358,26.884344));
#15970 = LINE('',#15971,#15972);
#15971 = CARTESIAN_POINT('',(24.923501,-28.587358,26.884344));
#15972 = VECTOR('',#15973,1.);
#15973 = DIRECTION('',(0.,1.,0.));
#15974 = ORIENTED_EDGE('',*,*,#15975,.T.);
#15975 = EDGE_CURVE('',#15968,#15943,#15976,.T.);
#15976 = LINE('',#15977,#15978);
#15977 = CARTESIAN_POINT('',(24.823501,-27.687358,26.884344));
#15978 = VECTOR('',#15979,1.);
#15979 = DIRECTION('',(1.,0.,2.22044604925E-16));
#15980 = PLANE('',#15981);
#15981 = AXIS2_PLACEMENT_3D('',#15982,#15983,#15984);
#15982 = CARTESIAN_POINT('',(24.823501,-32.387358,26.884344));
#15983 = DIRECTION('',(2.22044604925E-16,0.,-1.));
#15984 = DIRECTION('',(1.,0.,2.22044604925E-16));
#15985 = ADVANCED_FACE('',(#15986),#16004,.T.);
#15986 = FACE_BOUND('',#15987,.T.);
#15987 = EDGE_LOOP('',(#15988,#15989,#15990,#15998));
#15988 = ORIENTED_EDGE('',*,*,#15942,.F.);
#15989 = ORIENTED_EDGE('',*,*,#13202,.T.);
#15990 = ORIENTED_EDGE('',*,*,#15991,.T.);
#15991 = EDGE_CURVE('',#13195,#15992,#15994,.T.);
#15992 = VERTEX_POINT('',#15993);
#15993 = CARTESIAN_POINT('',(27.623501,-27.687358,22.5));
#15994 = LINE('',#15995,#15996);
#15995 = CARTESIAN_POINT('',(27.623501,-32.387358,22.5));
#15996 = VECTOR('',#15997,1.);
#15997 = DIRECTION('',(0.,1.,0.));
#15998 = ORIENTED_EDGE('',*,*,#15999,.F.);
#15999 = EDGE_CURVE('',#15943,#15992,#16000,.T.);
#16000 = LINE('',#16001,#16002);
#16001 = CARTESIAN_POINT('',(27.623501,-27.687358,26.884344));
#16002 = VECTOR('',#16003,1.);
#16003 = DIRECTION('',(2.22044604925E-16,0.,-1.));
#16004 = PLANE('',#16005);
#16005 = AXIS2_PLACEMENT_3D('',#16006,#16007,#16008);
#16006 = CARTESIAN_POINT('',(27.623501,-32.387358,26.884344));
#16007 = DIRECTION('',(1.,0.,2.22044604925E-16));
#16008 = DIRECTION('',(2.22044604925E-16,0.,-1.));
#16009 = ADVANCED_FACE('',(#16010),#16044,.T.);
#16010 = FACE_BOUND('',#16011,.T.);
#16011 = EDGE_LOOP('',(#16012,#16013,#16014,#16022,#16030,#16038));
#16012 = ORIENTED_EDGE('',*,*,#15991,.F.);
#16013 = ORIENTED_EDGE('',*,*,#13194,.T.);
#16014 = ORIENTED_EDGE('',*,*,#16015,.T.);
#16015 = EDGE_CURVE('',#11890,#16016,#16018,.T.);
#16016 = VERTEX_POINT('',#16017);
#16017 = CARTESIAN_POINT('',(24.823501,-28.587358,22.5));
#16018 = LINE('',#16019,#16020);
#16019 = CARTESIAN_POINT('',(24.823501,-32.387358,22.5));
#16020 = VECTOR('',#16021,1.);
#16021 = DIRECTION('',(0.,1.,0.));
#16022 = ORIENTED_EDGE('',*,*,#16023,.T.);
#16023 = EDGE_CURVE('',#16016,#16024,#16026,.T.);
#16024 = VERTEX_POINT('',#16025);
#16025 = CARTESIAN_POINT('',(24.923501,-28.587358,22.5));
#16026 = LINE('',#16027,#16028);
#16027 = CARTESIAN_POINT('',(24.123501,-28.587358,22.5));
#16028 = VECTOR('',#16029,1.);
#16029 = DIRECTION('',(1.,0.,2.22044604925E-16));
#16030 = ORIENTED_EDGE('',*,*,#16031,.T.);
#16031 = EDGE_CURVE('',#16024,#16032,#16034,.T.);
#16032 = VERTEX_POINT('',#16033);
#16033 = CARTESIAN_POINT('',(24.923501,-27.687358,22.5));
#16034 = LINE('',#16035,#16036);
#16035 = CARTESIAN_POINT('',(24.923501,-28.587358,22.5));
#16036 = VECTOR('',#16037,1.);
#16037 = DIRECTION('',(0.,1.,0.));
#16038 = ORIENTED_EDGE('',*,*,#16039,.T.);
#16039 = EDGE_CURVE('',#16032,#15992,#16040,.T.);
#16040 = LINE('',#16041,#16042);
#16041 = CARTESIAN_POINT('',(24.823501,-27.687358,22.5));
#16042 = VECTOR('',#16043,1.);
#16043 = DIRECTION('',(1.,0.,2.22044604925E-16));
#16044 = PLANE('',#16045);
#16045 = AXIS2_PLACEMENT_3D('',#16046,#16047,#16048);
#16046 = CARTESIAN_POINT('',(24.823501,-32.387358,22.5));
#16047 = DIRECTION('',(2.22044604925E-16,0.,-1.));
#16048 = DIRECTION('',(1.,0.,2.22044604925E-16));
#16049 = ADVANCED_FACE('',(#16050),#16061,.F.);
#16050 = FACE_BOUND('',#16051,.F.);
#16051 = EDGE_LOOP('',(#16052,#16053,#16054,#16055));
#16052 = ORIENTED_EDGE('',*,*,#15729,.F.);
#16053 = ORIENTED_EDGE('',*,*,#13316,.F.);
#16054 = ORIENTED_EDGE('',*,*,#15793,.T.);
#16055 = ORIENTED_EDGE('',*,*,#16056,.T.);
#16056 = EDGE_CURVE('',#15794,#15730,#16057,.T.);
#16057 = LINE('',#16058,#16059);
#16058 = CARTESIAN_POINT('',(24.823501,-28.587358,60.974688));
#16059 = VECTOR('',#16060,1.);
#16060 = DIRECTION('',(-2.22044604925E-16,0.,1.));
#16061 = PLANE('',#16062);
#16062 = AXIS2_PLACEMENT_3D('',#16063,#16064,#16065);
#16063 = CARTESIAN_POINT('',(24.823501,-32.387358,60.974688));
#16064 = DIRECTION('',(1.,0.,2.22044604925E-16));
#16065 = DIRECTION('',(2.22044604925E-16,0.,-1.));
#16066 = ADVANCED_FACE('',(#16067),#16078,.F.);
#16067 = FACE_BOUND('',#16068,.F.);
#16068 = EDGE_LOOP('',(#16069,#16070,#16071,#16072));
#16069 = ORIENTED_EDGE('',*,*,#15840,.F.);
#16070 = ORIENTED_EDGE('',*,*,#13367,.F.);
#16071 = ORIENTED_EDGE('',*,*,#15904,.T.);
#16072 = ORIENTED_EDGE('',*,*,#16073,.T.);
#16073 = EDGE_CURVE('',#15905,#15841,#16074,.T.);
#16074 = LINE('',#16075,#16076);
#16075 = CARTESIAN_POINT('',(24.823501,-28.587358,34.962344));
#16076 = VECTOR('',#16077,1.);
#16077 = DIRECTION('',(-2.22044604925E-16,0.,1.));
#16078 = PLANE('',#16079);
#16079 = AXIS2_PLACEMENT_3D('',#16080,#16081,#16082);
#16080 = CARTESIAN_POINT('',(24.823501,-32.387358,34.962344));
#16081 = DIRECTION('',(1.,0.,2.22044604925E-16));
#16082 = DIRECTION('',(2.22044604925E-16,0.,-1.));
#16083 = ADVANCED_FACE('',(#16084),#16095,.F.);
#16084 = FACE_BOUND('',#16085,.F.);
#16085 = EDGE_LOOP('',(#16086,#16087,#16088,#16089));
#16086 = ORIENTED_EDGE('',*,*,#15951,.F.);
#16087 = ORIENTED_EDGE('',*,*,#13418,.F.);
#16088 = ORIENTED_EDGE('',*,*,#16015,.T.);
#16089 = ORIENTED_EDGE('',*,*,#16090,.T.);
#16090 = EDGE_CURVE('',#16016,#15952,#16091,.T.);
#16091 = LINE('',#16092,#16093);
#16092 = CARTESIAN_POINT('',(24.823501,-28.587358,26.884344));
#16093 = VECTOR('',#16094,1.);
#16094 = DIRECTION('',(-2.22044604925E-16,0.,1.));
#16095 = PLANE('',#16096);
#16096 = AXIS2_PLACEMENT_3D('',#16097,#16098,#16099);
#16097 = CARTESIAN_POINT('',(24.823501,-32.387358,26.884344));
#16098 = DIRECTION('',(1.,0.,2.22044604925E-16));
#16099 = DIRECTION('',(2.22044604925E-16,0.,-1.));
#16100 = ADVANCED_FACE('',(#16101),#16120,.F.);
#16101 = FACE_BOUND('',#16102,.F.);
#16102 = EDGE_LOOP('',(#16103,#16109,#16110,#16111,#16117,#16118,#16119)
  );
#16103 = ORIENTED_EDGE('',*,*,#16104,.F.);
#16104 = EDGE_CURVE('',#15381,#14168,#16105,.T.);
#16105 = LINE('',#16106,#16107);
#16106 = CARTESIAN_POINT('',(24.823501,27.687358,22.5));
#16107 = VECTOR('',#16108,1.);
#16108 = DIRECTION('',(0.,1.,0.));
#16109 = ORIENTED_EDGE('',*,*,#15380,.F.);
#16110 = ORIENTED_EDGE('',*,*,#13519,.F.);
#16111 = ORIENTED_EDGE('',*,*,#16112,.T.);
#16112 = EDGE_CURVE('',#13512,#13811,#16113,.T.);
#16113 = LINE('',#16114,#16115);
#16114 = CARTESIAN_POINT('',(24.823501,25.487358,20.3));
#16115 = VECTOR('',#16116,1.);
#16116 = DIRECTION('',(2.22044604925E-16,0.,-1.));
#16117 = ORIENTED_EDGE('',*,*,#13810,.T.);
#16118 = ORIENTED_EDGE('',*,*,#14152,.T.);
#16119 = ORIENTED_EDGE('',*,*,#14167,.T.);
#16120 = PLANE('',#16121);
#16121 = AXIS2_PLACEMENT_3D('',#16122,#16123,#16124);
#16122 = CARTESIAN_POINT('',(24.823501,0.25,41.737344));
#16123 = DIRECTION('',(1.,0.,2.22044604925E-16));
#16124 = DIRECTION('',(2.22044604925E-16,0.,-1.));
#16125 = ADVANCED_FACE('',(#16126),#16167,.T.);
#16126 = FACE_BOUND('',#16127,.T.);
#16127 = EDGE_LOOP('',(#16128,#16136,#16144,#16152,#16160,#16166));
#16128 = ORIENTED_EDGE('',*,*,#16129,.F.);
#16129 = EDGE_CURVE('',#16130,#13512,#16132,.T.);
#16130 = VERTEX_POINT('',#16131);
#16131 = CARTESIAN_POINT('',(24.823501,25.487358,19.4));
#16132 = LINE('',#16133,#16134);
#16133 = CARTESIAN_POINT('',(24.823501,25.487358,20.3));
#16134 = VECTOR('',#16135,1.);
#16135 = DIRECTION('',(2.22044604925E-16,0.,-1.));
#16136 = ORIENTED_EDGE('',*,*,#16137,.T.);
#16137 = EDGE_CURVE('',#16130,#16138,#16140,.T.);
#16138 = VERTEX_POINT('',#16139);
#16139 = CARTESIAN_POINT('',(24.923501,25.487358,19.4));
#16140 = LINE('',#16141,#16142);
#16141 = CARTESIAN_POINT('',(24.123501,25.487358,19.4));
#16142 = VECTOR('',#16143,1.);
#16143 = DIRECTION('',(1.,0.,2.22044604925E-16));
#16144 = ORIENTED_EDGE('',*,*,#16145,.F.);
#16145 = EDGE_CURVE('',#16146,#16138,#16148,.T.);
#16146 = VERTEX_POINT('',#16147);
#16147 = CARTESIAN_POINT('',(24.923501,25.487358,20.3));
#16148 = LINE('',#16149,#16150);
#16149 = CARTESIAN_POINT('',(24.923501,25.487358,20.3));
#16150 = VECTOR('',#16151,1.);
#16151 = DIRECTION('',(2.22044604925E-16,0.,-1.));
#16152 = ORIENTED_EDGE('',*,*,#16153,.T.);
#16153 = EDGE_CURVE('',#16146,#16154,#16156,.T.);
#16154 = VERTEX_POINT('',#16155);
#16155 = CARTESIAN_POINT('',(27.623501,25.487358,20.3));
#16156 = LINE('',#16157,#16158);
#16157 = CARTESIAN_POINT('',(24.823501,25.487358,20.3));
#16158 = VECTOR('',#16159,1.);
#16159 = DIRECTION('',(1.,0.,2.22044604925E-16));
#16160 = ORIENTED_EDGE('',*,*,#16161,.T.);
#16161 = EDGE_CURVE('',#16154,#13504,#16162,.T.);
#16162 = LINE('',#16163,#16164);
#16163 = CARTESIAN_POINT('',(27.623501,25.487358,20.3));
#16164 = VECTOR('',#16165,1.);
#16165 = DIRECTION('',(2.22044604925E-16,0.,-1.));
#16166 = ORIENTED_EDGE('',*,*,#13511,.F.);
#16167 = PLANE('',#16168);
#16168 = AXIS2_PLACEMENT_3D('',#16169,#16170,#16171);
#16169 = CARTESIAN_POINT('',(24.823501,25.487358,20.3));
#16170 = DIRECTION('',(0.,1.,0.));
#16171 = DIRECTION('',(1.,0.,2.22044604925E-16));
#16172 = ADVANCED_FACE('',(#16173),#16191,.T.);
#16173 = FACE_BOUND('',#16174,.T.);
#16174 = EDGE_LOOP('',(#16175,#16176,#16184,#16190));
#16175 = ORIENTED_EDGE('',*,*,#16161,.F.);
#16176 = ORIENTED_EDGE('',*,*,#16177,.F.);
#16177 = EDGE_CURVE('',#16178,#16154,#16180,.T.);
#16178 = VERTEX_POINT('',#16179);
#16179 = CARTESIAN_POINT('',(27.623501,18.08,20.3));
#16180 = LINE('',#16181,#16182);
#16181 = CARTESIAN_POINT('',(27.623501,18.08,20.3));
#16182 = VECTOR('',#16183,1.);
#16183 = DIRECTION('',(0.,1.,0.));
#16184 = ORIENTED_EDGE('',*,*,#16185,.T.);
#16185 = EDGE_CURVE('',#16178,#13496,#16186,.T.);
#16186 = LINE('',#16187,#16188);
#16187 = CARTESIAN_POINT('',(27.623501,18.08,20.3));
#16188 = VECTOR('',#16189,1.);
#16189 = DIRECTION('',(2.22044604925E-16,0.,-1.));
#16190 = ORIENTED_EDGE('',*,*,#13503,.F.);
#16191 = PLANE('',#16192);
#16192 = AXIS2_PLACEMENT_3D('',#16193,#16194,#16195);
#16193 = CARTESIAN_POINT('',(27.623501,18.08,20.3));
#16194 = DIRECTION('',(1.,0.,2.22044604925E-16));
#16195 = DIRECTION('',(2.22044604925E-16,0.,-1.));
#16196 = ADVANCED_FACE('',(#16197),#16231,.F.);
#16197 = FACE_BOUND('',#16198,.F.);
#16198 = EDGE_LOOP('',(#16199,#16207,#16215,#16223,#16229,#16230));
#16199 = ORIENTED_EDGE('',*,*,#16200,.F.);
#16200 = EDGE_CURVE('',#16201,#13488,#16203,.T.);
#16201 = VERTEX_POINT('',#16202);
#16202 = CARTESIAN_POINT('',(24.823501,18.08,19.4));
#16203 = LINE('',#16204,#16205);
#16204 = CARTESIAN_POINT('',(24.823501,18.08,20.3));
#16205 = VECTOR('',#16206,1.);
#16206 = DIRECTION('',(2.22044604925E-16,0.,-1.));
#16207 = ORIENTED_EDGE('',*,*,#16208,.T.);
#16208 = EDGE_CURVE('',#16201,#16209,#16211,.T.);
#16209 = VERTEX_POINT('',#16210);
#16210 = CARTESIAN_POINT('',(24.923501,18.08,19.4));
#16211 = LINE('',#16212,#16213);
#16212 = CARTESIAN_POINT('',(24.123501,18.08,19.4));
#16213 = VECTOR('',#16214,1.);
#16214 = DIRECTION('',(1.,0.,2.22044604925E-16));
#16215 = ORIENTED_EDGE('',*,*,#16216,.F.);
#16216 = EDGE_CURVE('',#16217,#16209,#16219,.T.);
#16217 = VERTEX_POINT('',#16218);
#16218 = CARTESIAN_POINT('',(24.923501,18.08,20.3));
#16219 = LINE('',#16220,#16221);
#16220 = CARTESIAN_POINT('',(24.923501,18.08,20.3));
#16221 = VECTOR('',#16222,1.);
#16222 = DIRECTION('',(2.22044604925E-16,0.,-1.));
#16223 = ORIENTED_EDGE('',*,*,#16224,.T.);
#16224 = EDGE_CURVE('',#16217,#16178,#16225,.T.);
#16225 = LINE('',#16226,#16227);
#16226 = CARTESIAN_POINT('',(24.823501,18.08,20.3));
#16227 = VECTOR('',#16228,1.);
#16228 = DIRECTION('',(1.,0.,2.22044604925E-16));
#16229 = ORIENTED_EDGE('',*,*,#16185,.T.);
#16230 = ORIENTED_EDGE('',*,*,#13495,.F.);
#16231 = PLANE('',#16232);
#16232 = AXIS2_PLACEMENT_3D('',#16233,#16234,#16235);
#16233 = CARTESIAN_POINT('',(24.823501,18.08,20.3));
#16234 = DIRECTION('',(0.,1.,0.));
#16235 = DIRECTION('',(1.,0.,2.22044604925E-16));
#16236 = ADVANCED_FACE('',(#16237),#16248,.F.);
#16237 = FACE_BOUND('',#16238,.F.);
#16238 = EDGE_LOOP('',(#16239,#16240,#16241,#16242));
#16239 = ORIENTED_EDGE('',*,*,#13487,.F.);
#16240 = ORIENTED_EDGE('',*,*,#13779,.T.);
#16241 = ORIENTED_EDGE('',*,*,#13906,.T.);
#16242 = ORIENTED_EDGE('',*,*,#16243,.F.);
#16243 = EDGE_CURVE('',#13488,#13899,#16244,.T.);
#16244 = LINE('',#16245,#16246);
#16245 = CARTESIAN_POINT('',(24.823501,18.08,20.3));
#16246 = VECTOR('',#16247,1.);
#16247 = DIRECTION('',(2.22044604925E-16,0.,-1.));
#16248 = PLANE('',#16249);
#16249 = AXIS2_PLACEMENT_3D('',#16250,#16251,#16252);
#16250 = CARTESIAN_POINT('',(24.823501,0.25,41.737344));
#16251 = DIRECTION('',(1.,0.,2.22044604925E-16));
#16252 = DIRECTION('',(2.22044604925E-16,0.,-1.));
#16253 = ADVANCED_FACE('',(#16254),#16295,.T.);
#16254 = FACE_BOUND('',#16255,.T.);
#16255 = EDGE_LOOP('',(#16256,#16264,#16272,#16280,#16288,#16294));
#16256 = ORIENTED_EDGE('',*,*,#16257,.F.);
#16257 = EDGE_CURVE('',#16258,#13480,#16260,.T.);
#16258 = VERTEX_POINT('',#16259);
#16259 = CARTESIAN_POINT('',(24.823501,-12.49,19.4));
#16260 = LINE('',#16261,#16262);
#16261 = CARTESIAN_POINT('',(24.823501,-12.49,20.3));
#16262 = VECTOR('',#16263,1.);
#16263 = DIRECTION('',(2.22044604925E-16,0.,-1.));
#16264 = ORIENTED_EDGE('',*,*,#16265,.T.);
#16265 = EDGE_CURVE('',#16258,#16266,#16268,.T.);
#16266 = VERTEX_POINT('',#16267);
#16267 = CARTESIAN_POINT('',(24.923501,-12.49,19.4));
#16268 = LINE('',#16269,#16270);
#16269 = CARTESIAN_POINT('',(24.123501,-12.49,19.4));
#16270 = VECTOR('',#16271,1.);
#16271 = DIRECTION('',(1.,0.,2.22044604925E-16));
#16272 = ORIENTED_EDGE('',*,*,#16273,.F.);
#16273 = EDGE_CURVE('',#16274,#16266,#16276,.T.);
#16274 = VERTEX_POINT('',#16275);
#16275 = CARTESIAN_POINT('',(24.923501,-12.49,20.3));
#16276 = LINE('',#16277,#16278);
#16277 = CARTESIAN_POINT('',(24.923501,-12.49,20.3));
#16278 = VECTOR('',#16279,1.);
#16279 = DIRECTION('',(2.22044604925E-16,0.,-1.));
#16280 = ORIENTED_EDGE('',*,*,#16281,.T.);
#16281 = EDGE_CURVE('',#16274,#16282,#16284,.T.);
#16282 = VERTEX_POINT('',#16283);
#16283 = CARTESIAN_POINT('',(27.623501,-12.49,20.3));
#16284 = LINE('',#16285,#16286);
#16285 = CARTESIAN_POINT('',(24.823501,-12.49,20.3));
#16286 = VECTOR('',#16287,1.);
#16287 = DIRECTION('',(1.,0.,2.22044604925E-16));
#16288 = ORIENTED_EDGE('',*,*,#16289,.T.);
#16289 = EDGE_CURVE('',#16282,#13472,#16290,.T.);
#16290 = LINE('',#16291,#16292);
#16291 = CARTESIAN_POINT('',(27.623501,-12.49,20.3));
#16292 = VECTOR('',#16293,1.);
#16293 = DIRECTION('',(2.22044604925E-16,0.,-1.));
#16294 = ORIENTED_EDGE('',*,*,#13479,.F.);
#16295 = PLANE('',#16296);
#16296 = AXIS2_PLACEMENT_3D('',#16297,#16298,#16299);
#16297 = CARTESIAN_POINT('',(24.823501,-12.49,20.3));
#16298 = DIRECTION('',(0.,1.,0.));
#16299 = DIRECTION('',(1.,0.,2.22044604925E-16));
#16300 = ADVANCED_FACE('',(#16301),#16319,.T.);
#16301 = FACE_BOUND('',#16302,.T.);
#16302 = EDGE_LOOP('',(#16303,#16304,#16312,#16318));
#16303 = ORIENTED_EDGE('',*,*,#16289,.F.);
#16304 = ORIENTED_EDGE('',*,*,#16305,.F.);
#16305 = EDGE_CURVE('',#16306,#16282,#16308,.T.);
#16306 = VERTEX_POINT('',#16307);
#16307 = CARTESIAN_POINT('',(27.623501,-25.487358,20.3));
#16308 = LINE('',#16309,#16310);
#16309 = CARTESIAN_POINT('',(27.623501,-25.487358,20.3));
#16310 = VECTOR('',#16311,1.);
#16311 = DIRECTION('',(0.,1.,0.));
#16312 = ORIENTED_EDGE('',*,*,#16313,.T.);
#16313 = EDGE_CURVE('',#16306,#13464,#16314,.T.);
#16314 = LINE('',#16315,#16316);
#16315 = CARTESIAN_POINT('',(27.623501,-25.487358,20.3));
#16316 = VECTOR('',#16317,1.);
#16317 = DIRECTION('',(2.22044604925E-16,0.,-1.));
#16318 = ORIENTED_EDGE('',*,*,#13471,.F.);
#16319 = PLANE('',#16320);
#16320 = AXIS2_PLACEMENT_3D('',#16321,#16322,#16323);
#16321 = CARTESIAN_POINT('',(27.623501,-25.487358,20.3));
#16322 = DIRECTION('',(1.,0.,2.22044604925E-16));
#16323 = DIRECTION('',(2.22044604925E-16,0.,-1.));
#16324 = ADVANCED_FACE('',(#16325),#16359,.F.);
#16325 = FACE_BOUND('',#16326,.F.);
#16326 = EDGE_LOOP('',(#16327,#16335,#16343,#16351,#16357,#16358));
#16327 = ORIENTED_EDGE('',*,*,#16328,.F.);
#16328 = EDGE_CURVE('',#16329,#11916,#16331,.T.);
#16329 = VERTEX_POINT('',#16330);
#16330 = CARTESIAN_POINT('',(24.823501,-25.487358,19.4));
#16331 = LINE('',#16332,#16333);
#16332 = CARTESIAN_POINT('',(24.823501,-25.487358,20.3));
#16333 = VECTOR('',#16334,1.);
#16334 = DIRECTION('',(2.22044604925E-16,0.,-1.));
#16335 = ORIENTED_EDGE('',*,*,#16336,.T.);
#16336 = EDGE_CURVE('',#16329,#16337,#16339,.T.);
#16337 = VERTEX_POINT('',#16338);
#16338 = CARTESIAN_POINT('',(24.923501,-25.487358,19.4));
#16339 = LINE('',#16340,#16341);
#16340 = CARTESIAN_POINT('',(24.123501,-25.487358,19.4));
#16341 = VECTOR('',#16342,1.);
#16342 = DIRECTION('',(1.,0.,2.22044604925E-16));
#16343 = ORIENTED_EDGE('',*,*,#16344,.F.);
#16344 = EDGE_CURVE('',#16345,#16337,#16347,.T.);
#16345 = VERTEX_POINT('',#16346);
#16346 = CARTESIAN_POINT('',(24.923501,-25.487358,20.3));
#16347 = LINE('',#16348,#16349);
#16348 = CARTESIAN_POINT('',(24.923501,-25.487358,20.3));
#16349 = VECTOR('',#16350,1.);
#16350 = DIRECTION('',(2.22044604925E-16,0.,-1.));
#16351 = ORIENTED_EDGE('',*,*,#16352,.T.);
#16352 = EDGE_CURVE('',#16345,#16306,#16353,.T.);
#16353 = LINE('',#16354,#16355);
#16354 = CARTESIAN_POINT('',(24.823501,-25.487358,20.3));
#16355 = VECTOR('',#16356,1.);
#16356 = DIRECTION('',(1.,0.,2.22044604925E-16));
#16357 = ORIENTED_EDGE('',*,*,#16313,.T.);
#16358 = ORIENTED_EDGE('',*,*,#13463,.F.);
#16359 = PLANE('',#16360);
#16360 = AXIS2_PLACEMENT_3D('',#16361,#16362,#16363);
#16361 = CARTESIAN_POINT('',(24.823501,-25.487358,20.3));
#16362 = DIRECTION('',(0.,1.,0.));
#16363 = DIRECTION('',(1.,0.,2.22044604925E-16));
#16364 = ADVANCED_FACE('',(#16365),#16390,.T.);
#16365 = FACE_BOUND('',#16366,.T.);
#16366 = EDGE_LOOP('',(#16367,#16375,#16376,#16382,#16383));
#16367 = ORIENTED_EDGE('',*,*,#16368,.F.);
#16368 = EDGE_CURVE('',#13544,#16369,#16371,.T.);
#16369 = VERTEX_POINT('',#16370);
#16370 = CARTESIAN_POINT('',(27.823501,20.512642,15.568296448448));
#16371 = LINE('',#16372,#16373);
#16372 = CARTESIAN_POINT('',(27.823501,20.512642,70.174688));
#16373 = VECTOR('',#16374,1.);
#16374 = DIRECTION('',(2.22044604925E-16,0.,-1.));
#16375 = ORIENTED_EDGE('',*,*,#13543,.T.);
#16376 = ORIENTED_EDGE('',*,*,#16377,.T.);
#16377 = EDGE_CURVE('',#13546,#13867,#16378,.T.);
#16378 = LINE('',#16379,#16380);
#16379 = CARTESIAN_POINT('',(27.823501,16.512642,70.174688));
#16380 = VECTOR('',#16381,1.);
#16381 = DIRECTION('',(2.22044604925E-16,0.,-1.));
#16382 = ORIENTED_EDGE('',*,*,#13874,.T.);
#16383 = ORIENTED_EDGE('',*,*,#16384,.F.);
#16384 = EDGE_CURVE('',#16369,#13875,#16385,.T.);
#16385 = CIRCLE('',#16386,4.5);
#16386 = AXIS2_PLACEMENT_3D('',#16387,#16388,#16389);
#16387 = CARTESIAN_POINT('',(27.823501,21.938,11.3));
#16388 = DIRECTION('',(1.,-0.,2.22044604925E-16));
#16389 = DIRECTION('',(2.22044604925E-16,0.,-1.));
#16390 = PLANE('',#16391);
#16391 = AXIS2_PLACEMENT_3D('',#16392,#16393,#16394);
#16392 = CARTESIAN_POINT('',(27.823501,16.512642,70.174688));
#16393 = DIRECTION('',(1.,0.,2.22044604925E-16));
#16394 = DIRECTION('',(2.22044604925E-16,0.,-1.));
#16395 = ADVANCED_FACE('',(#16396),#16421,.F.);
#16396 = FACE_BOUND('',#16397,.F.);
#16397 = EDGE_LOOP('',(#16398,#16399,#16400,#16406,#16407,#16415));
#16398 = ORIENTED_EDGE('',*,*,#16368,.F.);
#16399 = ORIENTED_EDGE('',*,*,#13569,.T.);
#16400 = ORIENTED_EDGE('',*,*,#16401,.T.);
#16401 = EDGE_CURVE('',#13562,#13851,#16402,.T.);
#16402 = LINE('',#16403,#16404);
#16403 = CARTESIAN_POINT('',(36.223501,20.512642,70.174688));
#16404 = VECTOR('',#16405,1.);
#16405 = DIRECTION('',(2.22044604925E-16,0.,-1.));
#16406 = ORIENTED_EDGE('',*,*,#13850,.T.);
#16407 = ORIENTED_EDGE('',*,*,#16408,.F.);
#16408 = EDGE_CURVE('',#16409,#13843,#16411,.T.);
#16409 = VERTEX_POINT('',#16410);
#16410 = CARTESIAN_POINT('',(31.023501,20.512642,15.568296448448));
#16411 = LINE('',#16412,#16413);
#16412 = CARTESIAN_POINT('',(31.023501,20.512642,40.737344));
#16413 = VECTOR('',#16414,1.);
#16414 = DIRECTION('',(2.22044604925E-16,0.,-1.));
#16415 = ORIENTED_EDGE('',*,*,#16416,.F.);
#16416 = EDGE_CURVE('',#16369,#16409,#16417,.T.);
#16417 = LINE('',#16418,#16419);
#16418 = CARTESIAN_POINT('',(24.823501,20.512642,15.568296448448));
#16419 = VECTOR('',#16420,1.);
#16420 = DIRECTION('',(1.,0.,2.22044604925E-16));
#16421 = PLANE('',#16422);
#16422 = AXIS2_PLACEMENT_3D('',#16423,#16424,#16425);
#16423 = CARTESIAN_POINT('',(27.823501,20.512642,70.174688));
#16424 = DIRECTION('',(0.,1.,0.));
#16425 = DIRECTION('',(1.,0.,2.22044604925E-16));
#16426 = ADVANCED_FACE('',(#16427),#16438,.T.);
#16427 = FACE_BOUND('',#16428,.T.);
#16428 = EDGE_LOOP('',(#16429,#16430,#16431,#16437));
#16429 = ORIENTED_EDGE('',*,*,#16377,.F.);
#16430 = ORIENTED_EDGE('',*,*,#13553,.T.);
#16431 = ORIENTED_EDGE('',*,*,#16432,.T.);
#16432 = EDGE_CURVE('',#13554,#13859,#16433,.T.);
#16433 = LINE('',#16434,#16435);
#16434 = CARTESIAN_POINT('',(36.223501,16.512642,70.174688));
#16435 = VECTOR('',#16436,1.);
#16436 = DIRECTION('',(2.22044604925E-16,0.,-1.));
#16437 = ORIENTED_EDGE('',*,*,#13866,.T.);
#16438 = PLANE('',#16439);
#16439 = AXIS2_PLACEMENT_3D('',#16440,#16441,#16442);
#16440 = CARTESIAN_POINT('',(27.823501,16.512642,70.174688));
#16441 = DIRECTION('',(0.,1.,0.));
#16442 = DIRECTION('',(1.,0.,2.22044604925E-16));
#16443 = ADVANCED_FACE('',(#16444),#16450,.F.);
#16444 = FACE_BOUND('',#16445,.F.);
#16445 = EDGE_LOOP('',(#16446,#16447,#16448,#16449));
#16446 = ORIENTED_EDGE('',*,*,#16401,.F.);
#16447 = ORIENTED_EDGE('',*,*,#13561,.T.);
#16448 = ORIENTED_EDGE('',*,*,#16432,.T.);
#16449 = ORIENTED_EDGE('',*,*,#13858,.T.);
#16450 = PLANE('',#16451);
#16451 = AXIS2_PLACEMENT_3D('',#16452,#16453,#16454);
#16452 = CARTESIAN_POINT('',(36.223501,16.512642,70.174688));
#16453 = DIRECTION('',(1.,0.,2.22044604925E-16));
#16454 = DIRECTION('',(2.22044604925E-16,0.,-1.));
#16455 = ADVANCED_FACE('',(#16456),#16472,.T.);
#16456 = FACE_BOUND('',#16457,.T.);
#16457 = EDGE_LOOP('',(#16458,#16464,#16465,#16471));
#16458 = ORIENTED_EDGE('',*,*,#16459,.F.);
#16459 = EDGE_CURVE('',#13578,#14121,#16460,.T.);
#16460 = LINE('',#16461,#16462);
#16461 = CARTESIAN_POINT('',(27.823501,12.512642,70.174688));
#16462 = VECTOR('',#16463,1.);
#16463 = DIRECTION('',(2.22044604925E-16,0.,-1.));
#16464 = ORIENTED_EDGE('',*,*,#13577,.T.);
#16465 = ORIENTED_EDGE('',*,*,#16466,.T.);
#16466 = EDGE_CURVE('',#13580,#14113,#16467,.T.);
#16467 = LINE('',#16468,#16469);
#16468 = CARTESIAN_POINT('',(27.823501,8.512642,70.174688));
#16469 = VECTOR('',#16470,1.);
#16470 = DIRECTION('',(2.22044604925E-16,0.,-1.));
#16471 = ORIENTED_EDGE('',*,*,#14120,.T.);
#16472 = PLANE('',#16473);
#16473 = AXIS2_PLACEMENT_3D('',#16474,#16475,#16476);
#16474 = CARTESIAN_POINT('',(27.823501,8.512642,70.174688));
#16475 = DIRECTION('',(1.,0.,2.22044604925E-16));
#16476 = DIRECTION('',(2.22044604925E-16,0.,-1.));
#16477 = ADVANCED_FACE('',(#16478),#16489,.F.);
#16478 = FACE_BOUND('',#16479,.F.);
#16479 = EDGE_LOOP('',(#16480,#16481,#16482,#16488));
#16480 = ORIENTED_EDGE('',*,*,#16459,.F.);
#16481 = ORIENTED_EDGE('',*,*,#13603,.T.);
#16482 = ORIENTED_EDGE('',*,*,#16483,.T.);
#16483 = EDGE_CURVE('',#13596,#14105,#16484,.T.);
#16484 = LINE('',#16485,#16486);
#16485 = CARTESIAN_POINT('',(36.223501,12.512642,70.174688));
#16486 = VECTOR('',#16487,1.);
#16487 = DIRECTION('',(2.22044604925E-16,0.,-1.));
#16488 = ORIENTED_EDGE('',*,*,#14128,.T.);
#16489 = PLANE('',#16490);
#16490 = AXIS2_PLACEMENT_3D('',#16491,#16492,#16493);
#16491 = CARTESIAN_POINT('',(27.823501,12.512642,70.174688));
#16492 = DIRECTION('',(0.,1.,0.));
#16493 = DIRECTION('',(1.,0.,2.22044604925E-16));
#16494 = ADVANCED_FACE('',(#16495),#16506,.T.);
#16495 = FACE_BOUND('',#16496,.T.);
#16496 = EDGE_LOOP('',(#16497,#16498,#16499,#16505));
#16497 = ORIENTED_EDGE('',*,*,#16466,.F.);
#16498 = ORIENTED_EDGE('',*,*,#13587,.T.);
#16499 = ORIENTED_EDGE('',*,*,#16500,.T.);
#16500 = EDGE_CURVE('',#13588,#14103,#16501,.T.);
#16501 = LINE('',#16502,#16503);
#16502 = CARTESIAN_POINT('',(36.223501,8.512642,70.174688));
#16503 = VECTOR('',#16504,1.);
#16504 = DIRECTION('',(2.22044604925E-16,0.,-1.));
#16505 = ORIENTED_EDGE('',*,*,#14112,.T.);
#16506 = PLANE('',#16507);
#16507 = AXIS2_PLACEMENT_3D('',#16508,#16509,#16510);
#16508 = CARTESIAN_POINT('',(27.823501,8.512642,70.174688));
#16509 = DIRECTION('',(0.,1.,0.));
#16510 = DIRECTION('',(1.,0.,2.22044604925E-16));
#16511 = ADVANCED_FACE('',(#16512),#16518,.F.);
#16512 = FACE_BOUND('',#16513,.F.);
#16513 = EDGE_LOOP('',(#16514,#16515,#16516,#16517));
#16514 = ORIENTED_EDGE('',*,*,#16483,.F.);
#16515 = ORIENTED_EDGE('',*,*,#13595,.T.);
#16516 = ORIENTED_EDGE('',*,*,#16500,.T.);
#16517 = ORIENTED_EDGE('',*,*,#14102,.T.);
#16518 = PLANE('',#16519);
#16519 = AXIS2_PLACEMENT_3D('',#16520,#16521,#16522);
#16520 = CARTESIAN_POINT('',(36.223501,8.512642,70.174688));
#16521 = DIRECTION('',(1.,0.,2.22044604925E-16));
#16522 = DIRECTION('',(2.22044604925E-16,0.,-1.));
#16523 = ADVANCED_FACE('',(#16524),#16540,.T.);
#16524 = FACE_BOUND('',#16525,.T.);
#16525 = EDGE_LOOP('',(#16526,#16532,#16533,#16539));
#16526 = ORIENTED_EDGE('',*,*,#16527,.F.);
#16527 = EDGE_CURVE('',#13612,#14087,#16528,.T.);
#16528 = LINE('',#16529,#16530);
#16529 = CARTESIAN_POINT('',(27.823501,4.512642,70.174688));
#16530 = VECTOR('',#16531,1.);
#16531 = DIRECTION('',(2.22044604925E-16,0.,-1.));
#16532 = ORIENTED_EDGE('',*,*,#13611,.T.);
#16533 = ORIENTED_EDGE('',*,*,#16534,.T.);
#16534 = EDGE_CURVE('',#13614,#14079,#16535,.T.);
#16535 = LINE('',#16536,#16537);
#16536 = CARTESIAN_POINT('',(27.823501,0.512642,70.174688));
#16537 = VECTOR('',#16538,1.);
#16538 = DIRECTION('',(2.22044604925E-16,0.,-1.));
#16539 = ORIENTED_EDGE('',*,*,#14086,.T.);
#16540 = PLANE('',#16541);
#16541 = AXIS2_PLACEMENT_3D('',#16542,#16543,#16544);
#16542 = CARTESIAN_POINT('',(27.823501,0.512642,70.174688));
#16543 = DIRECTION('',(1.,0.,2.22044604925E-16));
#16544 = DIRECTION('',(2.22044604925E-16,0.,-1.));
#16545 = ADVANCED_FACE('',(#16546),#16557,.F.);
#16546 = FACE_BOUND('',#16547,.F.);
#16547 = EDGE_LOOP('',(#16548,#16549,#16550,#16556));
#16548 = ORIENTED_EDGE('',*,*,#16527,.F.);
#16549 = ORIENTED_EDGE('',*,*,#13637,.T.);
#16550 = ORIENTED_EDGE('',*,*,#16551,.T.);
#16551 = EDGE_CURVE('',#13630,#14071,#16552,.T.);
#16552 = LINE('',#16553,#16554);
#16553 = CARTESIAN_POINT('',(36.223501,4.512642,70.174688));
#16554 = VECTOR('',#16555,1.);
#16555 = DIRECTION('',(2.22044604925E-16,0.,-1.));
#16556 = ORIENTED_EDGE('',*,*,#14094,.T.);
#16557 = PLANE('',#16558);
#16558 = AXIS2_PLACEMENT_3D('',#16559,#16560,#16561);
#16559 = CARTESIAN_POINT('',(27.823501,4.512642,70.174688));
#16560 = DIRECTION('',(0.,1.,0.));
#16561 = DIRECTION('',(1.,0.,2.22044604925E-16));
#16562 = ADVANCED_FACE('',(#16563),#16574,.T.);
#16563 = FACE_BOUND('',#16564,.T.);
#16564 = EDGE_LOOP('',(#16565,#16566,#16567,#16573));
#16565 = ORIENTED_EDGE('',*,*,#16534,.F.);
#16566 = ORIENTED_EDGE('',*,*,#13621,.T.);
#16567 = ORIENTED_EDGE('',*,*,#16568,.T.);
#16568 = EDGE_CURVE('',#13622,#14069,#16569,.T.);
#16569 = LINE('',#16570,#16571);
#16570 = CARTESIAN_POINT('',(36.223501,0.512642,70.174688));
#16571 = VECTOR('',#16572,1.);
#16572 = DIRECTION('',(2.22044604925E-16,0.,-1.));
#16573 = ORIENTED_EDGE('',*,*,#14078,.T.);
#16574 = PLANE('',#16575);
#16575 = AXIS2_PLACEMENT_3D('',#16576,#16577,#16578);
#16576 = CARTESIAN_POINT('',(27.823501,0.512642,70.174688));
#16577 = DIRECTION('',(0.,1.,0.));
#16578 = DIRECTION('',(1.,0.,2.22044604925E-16));
#16579 = ADVANCED_FACE('',(#16580),#16586,.F.);
#16580 = FACE_BOUND('',#16581,.F.);
#16581 = EDGE_LOOP('',(#16582,#16583,#16584,#16585));
#16582 = ORIENTED_EDGE('',*,*,#16551,.F.);
#16583 = ORIENTED_EDGE('',*,*,#13629,.T.);
#16584 = ORIENTED_EDGE('',*,*,#16568,.T.);
#16585 = ORIENTED_EDGE('',*,*,#14068,.T.);
#16586 = PLANE('',#16587);
#16587 = AXIS2_PLACEMENT_3D('',#16588,#16589,#16590);
#16588 = CARTESIAN_POINT('',(36.223501,0.512642,70.174688));
#16589 = DIRECTION('',(1.,0.,2.22044604925E-16));
#16590 = DIRECTION('',(2.22044604925E-16,0.,-1.));
#16591 = ADVANCED_FACE('',(#16592),#16608,.T.);
#16592 = FACE_BOUND('',#16593,.T.);
#16593 = EDGE_LOOP('',(#16594,#16600,#16601,#16607));
#16594 = ORIENTED_EDGE('',*,*,#16595,.F.);
#16595 = EDGE_CURVE('',#13646,#14053,#16596,.T.);
#16596 = LINE('',#16597,#16598);
#16597 = CARTESIAN_POINT('',(27.823501,-3.487358,70.174688));
#16598 = VECTOR('',#16599,1.);
#16599 = DIRECTION('',(2.22044604925E-16,0.,-1.));
#16600 = ORIENTED_EDGE('',*,*,#13645,.T.);
#16601 = ORIENTED_EDGE('',*,*,#16602,.T.);
#16602 = EDGE_CURVE('',#13648,#14045,#16603,.T.);
#16603 = LINE('',#16604,#16605);
#16604 = CARTESIAN_POINT('',(27.823501,-7.487358,70.174688));
#16605 = VECTOR('',#16606,1.);
#16606 = DIRECTION('',(2.22044604925E-16,0.,-1.));
#16607 = ORIENTED_EDGE('',*,*,#14052,.T.);
#16608 = PLANE('',#16609);
#16609 = AXIS2_PLACEMENT_3D('',#16610,#16611,#16612);
#16610 = CARTESIAN_POINT('',(27.823501,-7.487358,70.174688));
#16611 = DIRECTION('',(1.,0.,2.22044604925E-16));
#16612 = DIRECTION('',(2.22044604925E-16,0.,-1.));
#16613 = ADVANCED_FACE('',(#16614),#16625,.F.);
#16614 = FACE_BOUND('',#16615,.F.);
#16615 = EDGE_LOOP('',(#16616,#16617,#16618,#16624));
#16616 = ORIENTED_EDGE('',*,*,#16595,.F.);
#16617 = ORIENTED_EDGE('',*,*,#13671,.T.);
#16618 = ORIENTED_EDGE('',*,*,#16619,.T.);
#16619 = EDGE_CURVE('',#13664,#14037,#16620,.T.);
#16620 = LINE('',#16621,#16622);
#16621 = CARTESIAN_POINT('',(36.223501,-3.487358,70.174688));
#16622 = VECTOR('',#16623,1.);
#16623 = DIRECTION('',(2.22044604925E-16,0.,-1.));
#16624 = ORIENTED_EDGE('',*,*,#14060,.T.);
#16625 = PLANE('',#16626);
#16626 = AXIS2_PLACEMENT_3D('',#16627,#16628,#16629);
#16627 = CARTESIAN_POINT('',(27.823501,-3.487358,70.174688));
#16628 = DIRECTION('',(0.,1.,0.));
#16629 = DIRECTION('',(1.,0.,2.22044604925E-16));
#16630 = ADVANCED_FACE('',(#16631),#16642,.T.);
#16631 = FACE_BOUND('',#16632,.T.);
#16632 = EDGE_LOOP('',(#16633,#16634,#16635,#16641));
#16633 = ORIENTED_EDGE('',*,*,#16602,.F.);
#16634 = ORIENTED_EDGE('',*,*,#13655,.T.);
#16635 = ORIENTED_EDGE('',*,*,#16636,.T.);
#16636 = EDGE_CURVE('',#13656,#14035,#16637,.T.);
#16637 = LINE('',#16638,#16639);
#16638 = CARTESIAN_POINT('',(36.223501,-7.487358,70.174688));
#16639 = VECTOR('',#16640,1.);
#16640 = DIRECTION('',(2.22044604925E-16,0.,-1.));
#16641 = ORIENTED_EDGE('',*,*,#14044,.T.);
#16642 = PLANE('',#16643);
#16643 = AXIS2_PLACEMENT_3D('',#16644,#16645,#16646);
#16644 = CARTESIAN_POINT('',(27.823501,-7.487358,70.174688));
#16645 = DIRECTION('',(0.,1.,0.));
#16646 = DIRECTION('',(1.,0.,2.22044604925E-16));
#16647 = ADVANCED_FACE('',(#16648),#16654,.F.);
#16648 = FACE_BOUND('',#16649,.F.);
#16649 = EDGE_LOOP('',(#16650,#16651,#16652,#16653));
#16650 = ORIENTED_EDGE('',*,*,#16619,.F.);
#16651 = ORIENTED_EDGE('',*,*,#13663,.T.);
#16652 = ORIENTED_EDGE('',*,*,#16636,.T.);
#16653 = ORIENTED_EDGE('',*,*,#14034,.T.);
#16654 = PLANE('',#16655);
#16655 = AXIS2_PLACEMENT_3D('',#16656,#16657,#16658);
#16656 = CARTESIAN_POINT('',(36.223501,-7.487358,70.174688));
#16657 = DIRECTION('',(1.,0.,2.22044604925E-16));
#16658 = DIRECTION('',(2.22044604925E-16,0.,-1.));
#16659 = ADVANCED_FACE('',(#16660),#16676,.T.);
#16660 = FACE_BOUND('',#16661,.T.);
#16661 = EDGE_LOOP('',(#16662,#16668,#16669,#16675));
#16662 = ORIENTED_EDGE('',*,*,#16663,.F.);
#16663 = EDGE_CURVE('',#13680,#14019,#16664,.T.);
#16664 = LINE('',#16665,#16666);
#16665 = CARTESIAN_POINT('',(27.823501,-11.487358,70.174688));
#16666 = VECTOR('',#16667,1.);
#16667 = DIRECTION('',(2.22044604925E-16,0.,-1.));
#16668 = ORIENTED_EDGE('',*,*,#13679,.T.);
#16669 = ORIENTED_EDGE('',*,*,#16670,.T.);
#16670 = EDGE_CURVE('',#13682,#14011,#16671,.T.);
#16671 = LINE('',#16672,#16673);
#16672 = CARTESIAN_POINT('',(27.823501,-15.487358,70.174688));
#16673 = VECTOR('',#16674,1.);
#16674 = DIRECTION('',(2.22044604925E-16,0.,-1.));
#16675 = ORIENTED_EDGE('',*,*,#14018,.T.);
#16676 = PLANE('',#16677);
#16677 = AXIS2_PLACEMENT_3D('',#16678,#16679,#16680);
#16678 = CARTESIAN_POINT('',(27.823501,-15.487358,70.174688));
#16679 = DIRECTION('',(1.,0.,2.22044604925E-16));
#16680 = DIRECTION('',(2.22044604925E-16,0.,-1.));
#16681 = ADVANCED_FACE('',(#16682),#16693,.F.);
#16682 = FACE_BOUND('',#16683,.F.);
#16683 = EDGE_LOOP('',(#16684,#16685,#16686,#16692));
#16684 = ORIENTED_EDGE('',*,*,#16663,.F.);
#16685 = ORIENTED_EDGE('',*,*,#13705,.T.);
#16686 = ORIENTED_EDGE('',*,*,#16687,.T.);
#16687 = EDGE_CURVE('',#13698,#14003,#16688,.T.);
#16688 = LINE('',#16689,#16690);
#16689 = CARTESIAN_POINT('',(36.223501,-11.487358,70.174688));
#16690 = VECTOR('',#16691,1.);
#16691 = DIRECTION('',(2.22044604925E-16,0.,-1.));
#16692 = ORIENTED_EDGE('',*,*,#14026,.T.);
#16693 = PLANE('',#16694);
#16694 = AXIS2_PLACEMENT_3D('',#16695,#16696,#16697);
#16695 = CARTESIAN_POINT('',(27.823501,-11.487358,70.174688));
#16696 = DIRECTION('',(0.,1.,0.));
#16697 = DIRECTION('',(1.,0.,2.22044604925E-16));
#16698 = ADVANCED_FACE('',(#16699),#16710,.T.);
#16699 = FACE_BOUND('',#16700,.T.);
#16700 = EDGE_LOOP('',(#16701,#16702,#16703,#16709));
#16701 = ORIENTED_EDGE('',*,*,#16670,.F.);
#16702 = ORIENTED_EDGE('',*,*,#13689,.T.);
#16703 = ORIENTED_EDGE('',*,*,#16704,.T.);
#16704 = EDGE_CURVE('',#13690,#14001,#16705,.T.);
#16705 = LINE('',#16706,#16707);
#16706 = CARTESIAN_POINT('',(36.223501,-15.487358,70.174688));
#16707 = VECTOR('',#16708,1.);
#16708 = DIRECTION('',(2.22044604925E-16,0.,-1.));
#16709 = ORIENTED_EDGE('',*,*,#14010,.T.);
#16710 = PLANE('',#16711);
#16711 = AXIS2_PLACEMENT_3D('',#16712,#16713,#16714);
#16712 = CARTESIAN_POINT('',(27.823501,-15.487358,70.174688));
#16713 = DIRECTION('',(0.,1.,0.));
#16714 = DIRECTION('',(1.,0.,2.22044604925E-16));
#16715 = ADVANCED_FACE('',(#16716),#16722,.F.);
#16716 = FACE_BOUND('',#16717,.F.);
#16717 = EDGE_LOOP('',(#16718,#16719,#16720,#16721));
#16718 = ORIENTED_EDGE('',*,*,#16687,.F.);
#16719 = ORIENTED_EDGE('',*,*,#13697,.T.);
#16720 = ORIENTED_EDGE('',*,*,#16704,.T.);
#16721 = ORIENTED_EDGE('',*,*,#14000,.T.);
#16722 = PLANE('',#16723);
#16723 = AXIS2_PLACEMENT_3D('',#16724,#16725,#16726);
#16724 = CARTESIAN_POINT('',(36.223501,-15.487358,70.174688));
#16725 = DIRECTION('',(1.,0.,2.22044604925E-16));
#16726 = DIRECTION('',(2.22044604925E-16,0.,-1.));
#16727 = ADVANCED_FACE('',(#16728),#16753,.T.);
#16728 = FACE_BOUND('',#16729,.T.);
#16729 = EDGE_LOOP('',(#16730,#16738,#16739,#16745,#16746));
#16730 = ORIENTED_EDGE('',*,*,#16731,.F.);
#16731 = EDGE_CURVE('',#13714,#16732,#16734,.T.);
#16732 = VERTEX_POINT('',#16733);
#16733 = CARTESIAN_POINT('',(27.823501,-19.487358,15.763158810958));
#16734 = LINE('',#16735,#16736);
#16735 = CARTESIAN_POINT('',(27.823501,-19.487358,70.174688));
#16736 = VECTOR('',#16737,1.);
#16737 = DIRECTION('',(2.22044604925E-16,0.,-1.));
#16738 = ORIENTED_EDGE('',*,*,#13713,.T.);
#16739 = ORIENTED_EDGE('',*,*,#16740,.T.);
#16740 = EDGE_CURVE('',#13716,#13961,#16741,.T.);
#16741 = LINE('',#16742,#16743);
#16742 = CARTESIAN_POINT('',(27.823501,-23.487358,70.174688));
#16743 = VECTOR('',#16744,1.);
#16744 = DIRECTION('',(2.22044604925E-16,0.,-1.));
#16745 = ORIENTED_EDGE('',*,*,#13968,.T.);
#16746 = ORIENTED_EDGE('',*,*,#16747,.F.);
#16747 = EDGE_CURVE('',#16732,#13969,#16748,.T.);
#16748 = CIRCLE('',#16749,4.5);
#16749 = AXIS2_PLACEMENT_3D('',#16750,#16751,#16752);
#16750 = CARTESIAN_POINT('',(27.823501,-20.062,11.3));
#16751 = DIRECTION('',(1.,-0.,2.22044604925E-16));
#16752 = DIRECTION('',(2.22044604925E-16,0.,-1.));
#16753 = PLANE('',#16754);
#16754 = AXIS2_PLACEMENT_3D('',#16755,#16756,#16757);
#16755 = CARTESIAN_POINT('',(27.823501,-23.487358,70.174688));
#16756 = DIRECTION('',(1.,0.,2.22044604925E-16));
#16757 = DIRECTION('',(2.22044604925E-16,0.,-1.));
#16758 = ADVANCED_FACE('',(#16759),#16784,.F.);
#16759 = FACE_BOUND('',#16760,.F.);
#16760 = EDGE_LOOP('',(#16761,#16762,#16763,#16769,#16770,#16778));
#16761 = ORIENTED_EDGE('',*,*,#16731,.F.);
#16762 = ORIENTED_EDGE('',*,*,#13739,.T.);
#16763 = ORIENTED_EDGE('',*,*,#16764,.T.);
#16764 = EDGE_CURVE('',#13732,#13945,#16765,.T.);
#16765 = LINE('',#16766,#16767);
#16766 = CARTESIAN_POINT('',(36.223501,-19.487358,70.174688));
#16767 = VECTOR('',#16768,1.);
#16768 = DIRECTION('',(2.22044604925E-16,0.,-1.));
#16769 = ORIENTED_EDGE('',*,*,#13944,.T.);
#16770 = ORIENTED_EDGE('',*,*,#16771,.F.);
#16771 = EDGE_CURVE('',#16772,#13937,#16774,.T.);
#16772 = VERTEX_POINT('',#16773);
#16773 = CARTESIAN_POINT('',(31.023501,-19.487358,15.763158810958));
#16774 = LINE('',#16775,#16776);
#16775 = CARTESIAN_POINT('',(31.023501,-19.487358,40.737344));
#16776 = VECTOR('',#16777,1.);
#16777 = DIRECTION('',(2.22044604925E-16,0.,-1.));
#16778 = ORIENTED_EDGE('',*,*,#16779,.F.);
#16779 = EDGE_CURVE('',#16732,#16772,#16780,.T.);
#16780 = LINE('',#16781,#16782);
#16781 = CARTESIAN_POINT('',(24.823501,-19.487358,15.763158810958));
#16782 = VECTOR('',#16783,1.);
#16783 = DIRECTION('',(1.,0.,2.22044604925E-16));
#16784 = PLANE('',#16785);
#16785 = AXIS2_PLACEMENT_3D('',#16786,#16787,#16788);
#16786 = CARTESIAN_POINT('',(27.823501,-19.487358,70.174688));
#16787 = DIRECTION('',(0.,1.,0.));
#16788 = DIRECTION('',(1.,0.,2.22044604925E-16));
#16789 = ADVANCED_FACE('',(#16790),#16801,.T.);
#16790 = FACE_BOUND('',#16791,.T.);
#16791 = EDGE_LOOP('',(#16792,#16793,#16794,#16800));
#16792 = ORIENTED_EDGE('',*,*,#16740,.F.);
#16793 = ORIENTED_EDGE('',*,*,#13723,.T.);
#16794 = ORIENTED_EDGE('',*,*,#16795,.T.);
#16795 = EDGE_CURVE('',#13724,#13953,#16796,.T.);
#16796 = LINE('',#16797,#16798);
#16797 = CARTESIAN_POINT('',(36.223501,-23.487358,70.174688));
#16798 = VECTOR('',#16799,1.);
#16799 = DIRECTION('',(2.22044604925E-16,0.,-1.));
#16800 = ORIENTED_EDGE('',*,*,#13960,.T.);
#16801 = PLANE('',#16802);
#16802 = AXIS2_PLACEMENT_3D('',#16803,#16804,#16805);
#16803 = CARTESIAN_POINT('',(27.823501,-23.487358,70.174688));
#16804 = DIRECTION('',(0.,1.,0.));
#16805 = DIRECTION('',(1.,0.,2.22044604925E-16));
#16806 = ADVANCED_FACE('',(#16807),#16813,.F.);
#16807 = FACE_BOUND('',#16808,.F.);
#16808 = EDGE_LOOP('',(#16809,#16810,#16811,#16812));
#16809 = ORIENTED_EDGE('',*,*,#16764,.F.);
#16810 = ORIENTED_EDGE('',*,*,#13731,.T.);
#16811 = ORIENTED_EDGE('',*,*,#16795,.T.);
#16812 = ORIENTED_EDGE('',*,*,#13952,.T.);
#16813 = PLANE('',#16814);
#16814 = AXIS2_PLACEMENT_3D('',#16815,#16816,#16817);
#16815 = CARTESIAN_POINT('',(36.223501,-23.487358,70.174688));
#16816 = DIRECTION('',(1.,0.,2.22044604925E-16));
#16817 = DIRECTION('',(2.22044604925E-16,0.,-1.));
#16818 = ADVANCED_FACE('',(#16819),#16830,.F.);
#16819 = FACE_BOUND('',#16820,.F.);
#16820 = EDGE_LOOP('',(#16821,#16827,#16828,#16829));
#16821 = ORIENTED_EDGE('',*,*,#16822,.F.);
#16822 = EDGE_CURVE('',#16329,#16258,#16823,.T.);
#16823 = LINE('',#16824,#16825);
#16824 = CARTESIAN_POINT('',(24.823501,-25.487358,19.4));
#16825 = VECTOR('',#16826,1.);
#16826 = DIRECTION('',(0.,1.,0.));
#16827 = ORIENTED_EDGE('',*,*,#16328,.T.);
#16828 = ORIENTED_EDGE('',*,*,#13785,.T.);
#16829 = ORIENTED_EDGE('',*,*,#16257,.F.);
#16830 = PLANE('',#16831);
#16831 = AXIS2_PLACEMENT_3D('',#16832,#16833,#16834);
#16832 = CARTESIAN_POINT('',(24.823501,-25.487358,20.3));
#16833 = DIRECTION('',(1.,0.,2.22044604925E-16));
#16834 = DIRECTION('',(2.22044604925E-16,0.,-1.));
#16835 = ADVANCED_FACE('',(#16836),#16862,.F.);
#16836 = FACE_BOUND('',#16837,.F.);
#16837 = EDGE_LOOP('',(#16838,#16846,#16847,#16856));
#16838 = ORIENTED_EDGE('',*,*,#16839,.F.);
#16839 = EDGE_CURVE('',#13772,#16840,#16842,.T.);
#16840 = VERTEX_POINT('',#16841);
#16841 = CARTESIAN_POINT('',(24.823501,-12.49,14.2));
#16842 = LINE('',#16843,#16844);
#16843 = CARTESIAN_POINT('',(24.823501,-12.49,20.3));
#16844 = VECTOR('',#16845,1.);
#16845 = DIRECTION('',(2.22044604925E-16,0.,-1.));
#16846 = ORIENTED_EDGE('',*,*,#13771,.F.);
#16847 = ORIENTED_EDGE('',*,*,#16848,.F.);
#16848 = EDGE_CURVE('',#16849,#13763,#16851,.T.);
#16849 = VERTEX_POINT('',#16850);
#16850 = CARTESIAN_POINT('',(24.823501,-16.62106989318,14.2));
#16851 = CIRCLE('',#16852,4.5);
#16852 = AXIS2_PLACEMENT_3D('',#16853,#16854,#16855);
#16853 = CARTESIAN_POINT('',(24.823501,-20.062,11.3));
#16854 = DIRECTION('',(1.,-0.,2.22044604925E-16));
#16855 = DIRECTION('',(2.22044604925E-16,0.,-1.));
#16856 = ORIENTED_EDGE('',*,*,#16857,.T.);
#16857 = EDGE_CURVE('',#16849,#16840,#16858,.T.);
#16858 = LINE('',#16859,#16860);
#16859 = CARTESIAN_POINT('',(24.823501,-25.487358,14.2));
#16860 = VECTOR('',#16861,1.);
#16861 = DIRECTION('',(0.,1.,0.));
#16862 = PLANE('',#16863);
#16863 = AXIS2_PLACEMENT_3D('',#16864,#16865,#16866);
#16864 = CARTESIAN_POINT('',(24.823501,-25.487358,20.3));
#16865 = DIRECTION('',(1.,0.,2.22044604925E-16));
#16866 = DIRECTION('',(2.22044604925E-16,0.,-1.));
#16867 = ADVANCED_FACE('',(#16868),#16877,.F.);
#16868 = FACE_BOUND('',#16869,.F.);
#16869 = EDGE_LOOP('',(#16870,#16871));
#16870 = ORIENTED_EDGE('',*,*,#13762,.T.);
#16871 = ORIENTED_EDGE('',*,*,#16872,.T.);
#16872 = EDGE_CURVE('',#13755,#13763,#16873,.T.);
#16873 = LINE('',#16874,#16875);
#16874 = CARTESIAN_POINT('',(24.823501,-29.787358,14.3));
#16875 = VECTOR('',#16876,1.);
#16876 = DIRECTION('',(0.,1.,0.));
#16877 = PLANE('',#16878);
#16878 = AXIS2_PLACEMENT_3D('',#16879,#16880,#16881);
#16879 = CARTESIAN_POINT('',(24.823501,0.25,41.737344));
#16880 = DIRECTION('',(1.,0.,2.22044604925E-16));
#16881 = DIRECTION('',(2.22044604925E-16,0.,-1.));
#16882 = ADVANCED_FACE('',(#16883),#16909,.F.);
#16883 = FACE_BOUND('',#16884,.F.);
#16884 = EDGE_LOOP('',(#16885,#16886,#16894,#16902));
#16885 = ORIENTED_EDGE('',*,*,#13754,.F.);
#16886 = ORIENTED_EDGE('',*,*,#16887,.T.);
#16887 = EDGE_CURVE('',#11908,#16888,#16890,.T.);
#16888 = VERTEX_POINT('',#16889);
#16889 = CARTESIAN_POINT('',(24.823501,-25.487358,14.2));
#16890 = LINE('',#16891,#16892);
#16891 = CARTESIAN_POINT('',(24.823501,-25.487358,20.3));
#16892 = VECTOR('',#16893,1.);
#16893 = DIRECTION('',(2.22044604925E-16,0.,-1.));
#16894 = ORIENTED_EDGE('',*,*,#16895,.T.);
#16895 = EDGE_CURVE('',#16888,#16896,#16898,.T.);
#16896 = VERTEX_POINT('',#16897);
#16897 = CARTESIAN_POINT('',(24.823501,-23.50293010681,14.2));
#16898 = LINE('',#16899,#16900);
#16899 = CARTESIAN_POINT('',(24.823501,-25.487358,14.2));
#16900 = VECTOR('',#16901,1.);
#16901 = DIRECTION('',(0.,1.,0.));
#16902 = ORIENTED_EDGE('',*,*,#16903,.F.);
#16903 = EDGE_CURVE('',#13755,#16896,#16904,.T.);
#16904 = CIRCLE('',#16905,4.5);
#16905 = AXIS2_PLACEMENT_3D('',#16906,#16907,#16908);
#16906 = CARTESIAN_POINT('',(24.823501,-20.062,11.3));
#16907 = DIRECTION('',(1.,-0.,2.22044604925E-16));
#16908 = DIRECTION('',(2.22044604925E-16,0.,-1.));
#16909 = PLANE('',#16910);
#16910 = AXIS2_PLACEMENT_3D('',#16911,#16912,#16913);
#16911 = CARTESIAN_POINT('',(24.823501,-25.487358,20.3));
#16912 = DIRECTION('',(1.,0.,2.22044604925E-16));
#16913 = DIRECTION('',(2.22044604925E-16,0.,-1.));
#16914 = ADVANCED_FACE('',(#16915),#16933,.F.);
#16915 = FACE_BOUND('',#16916,.F.);
#16916 = EDGE_LOOP('',(#16917,#16918,#16919,#16927));
#16917 = ORIENTED_EDGE('',*,*,#16887,.F.);
#16918 = ORIENTED_EDGE('',*,*,#13992,.F.);
#16919 = ORIENTED_EDGE('',*,*,#16920,.T.);
#16920 = EDGE_CURVE('',#13985,#16921,#16923,.T.);
#16921 = VERTEX_POINT('',#16922);
#16922 = CARTESIAN_POINT('',(27.623501,-25.487358,14.2));
#16923 = LINE('',#16924,#16925);
#16924 = CARTESIAN_POINT('',(27.623501,-25.487358,20.3));
#16925 = VECTOR('',#16926,1.);
#16926 = DIRECTION('',(2.22044604925E-16,0.,-1.));
#16927 = ORIENTED_EDGE('',*,*,#16928,.F.);
#16928 = EDGE_CURVE('',#16888,#16921,#16929,.T.);
#16929 = LINE('',#16930,#16931);
#16930 = CARTESIAN_POINT('',(24.823501,-25.487358,14.2));
#16931 = VECTOR('',#16932,1.);
#16932 = DIRECTION('',(1.,0.,2.22044604925E-16));
#16933 = PLANE('',#16934);
#16934 = AXIS2_PLACEMENT_3D('',#16935,#16936,#16937);
#16935 = CARTESIAN_POINT('',(24.823501,-25.487358,20.3));
#16936 = DIRECTION('',(0.,1.,0.));
#16937 = DIRECTION('',(1.,0.,2.22044604925E-16));
#16938 = ADVANCED_FACE('',(#16939),#16958,.T.);
#16939 = FACE_BOUND('',#16940,.T.);
#16940 = EDGE_LOOP('',(#16941,#16942,#16943,#16951));
#16941 = ORIENTED_EDGE('',*,*,#13984,.F.);
#16942 = ORIENTED_EDGE('',*,*,#16920,.T.);
#16943 = ORIENTED_EDGE('',*,*,#16944,.T.);
#16944 = EDGE_CURVE('',#16921,#16945,#16947,.T.);
#16945 = VERTEX_POINT('',#16946);
#16946 = CARTESIAN_POINT('',(27.623501,-23.50293010681,14.2));
#16947 = LINE('',#16948,#16949);
#16948 = CARTESIAN_POINT('',(27.623501,-25.487358,14.2));
#16949 = VECTOR('',#16950,1.);
#16950 = DIRECTION('',(0.,1.,0.));
#16951 = ORIENTED_EDGE('',*,*,#16952,.F.);
#16952 = EDGE_CURVE('',#13977,#16945,#16953,.T.);
#16953 = CIRCLE('',#16954,4.5);
#16954 = AXIS2_PLACEMENT_3D('',#16955,#16956,#16957);
#16955 = CARTESIAN_POINT('',(27.623501,-20.062,11.3));
#16956 = DIRECTION('',(1.,-0.,2.22044604925E-16));
#16957 = DIRECTION('',(2.22044604925E-16,0.,-1.));
#16958 = PLANE('',#16959);
#16959 = AXIS2_PLACEMENT_3D('',#16960,#16961,#16962);
#16960 = CARTESIAN_POINT('',(27.623501,-25.487358,20.3));
#16961 = DIRECTION('',(1.,0.,2.22044604925E-16));
#16962 = DIRECTION('',(2.22044604925E-16,0.,-1.));
#16963 = ADVANCED_FACE('',(#16964),#17000,.T.);
#16964 = FACE_BOUND('',#16965,.T.);
#16965 = EDGE_LOOP('',(#16966,#16976,#16983,#16984,#16985,#16986,#16987,
    #16993));
#16966 = ORIENTED_EDGE('',*,*,#16967,.T.);
#16967 = EDGE_CURVE('',#16968,#16970,#16972,.T.);
#16968 = VERTEX_POINT('',#16969);
#16969 = CARTESIAN_POINT('',(24.823501,-20.062,6.8));
#16970 = VERTEX_POINT('',#16971);
#16971 = CARTESIAN_POINT('',(31.023501,-20.062,6.8));
#16972 = LINE('',#16973,#16974);
#16973 = CARTESIAN_POINT('',(24.823501,-20.062,6.8));
#16974 = VECTOR('',#16975,1.);
#16975 = DIRECTION('',(1.,0.,2.22044604925E-16));
#16976 = ORIENTED_EDGE('',*,*,#16977,.F.);
#16977 = EDGE_CURVE('',#16772,#16970,#16978,.T.);
#16978 = CIRCLE('',#16979,4.5);
#16979 = AXIS2_PLACEMENT_3D('',#16980,#16981,#16982);
#16980 = CARTESIAN_POINT('',(31.023501,-20.062,11.3));
#16981 = DIRECTION('',(1.,-0.,2.22044604925E-16));
#16982 = DIRECTION('',(2.22044604925E-16,0.,-1.));
#16983 = ORIENTED_EDGE('',*,*,#16779,.F.);
#16984 = ORIENTED_EDGE('',*,*,#16747,.T.);
#16985 = ORIENTED_EDGE('',*,*,#13976,.F.);
#16986 = ORIENTED_EDGE('',*,*,#16952,.T.);
#16987 = ORIENTED_EDGE('',*,*,#16988,.F.);
#16988 = EDGE_CURVE('',#16896,#16945,#16989,.T.);
#16989 = LINE('',#16990,#16991);
#16990 = CARTESIAN_POINT('',(24.823501,-23.50293010681,14.2));
#16991 = VECTOR('',#16992,1.);
#16992 = DIRECTION('',(1.,0.,2.22044604925E-16));
#16993 = ORIENTED_EDGE('',*,*,#16994,.T.);
#16994 = EDGE_CURVE('',#16896,#16968,#16995,.T.);
#16995 = CIRCLE('',#16996,4.5);
#16996 = AXIS2_PLACEMENT_3D('',#16997,#16998,#16999);
#16997 = CARTESIAN_POINT('',(24.823501,-20.062,11.3));
#16998 = DIRECTION('',(1.,-0.,2.22044604925E-16));
#16999 = DIRECTION('',(2.22044604925E-16,0.,-1.));
#17000 = CYLINDRICAL_SURFACE('',#17001,4.5);
#17001 = AXIS2_PLACEMENT_3D('',#17002,#17003,#17004);
#17002 = CARTESIAN_POINT('',(24.823501,-20.062,11.3));
#17003 = DIRECTION('',(1.,0.,2.22044604925E-16));
#17004 = DIRECTION('',(2.22044604925E-16,0.,-1.));
#17005 = ADVANCED_FACE('',(#17006,#17018),#17029,.T.);
#17006 = FACE_BOUND('',#17007,.T.);
#17007 = EDGE_LOOP('',(#17008,#17009,#17016,#17017));
#17008 = ORIENTED_EDGE('',*,*,#16977,.T.);
#17009 = ORIENTED_EDGE('',*,*,#17010,.T.);
#17010 = EDGE_CURVE('',#16970,#13929,#17011,.T.);
#17011 = CIRCLE('',#17012,4.5);
#17012 = AXIS2_PLACEMENT_3D('',#17013,#17014,#17015);
#17013 = CARTESIAN_POINT('',(31.023501,-20.062,11.3));
#17014 = DIRECTION('',(1.,-0.,2.22044604925E-16));
#17015 = DIRECTION('',(2.22044604925E-16,0.,-1.));
#17016 = ORIENTED_EDGE('',*,*,#13936,.F.);
#17017 = ORIENTED_EDGE('',*,*,#16771,.F.);
#17018 = FACE_BOUND('',#17019,.T.);
#17019 = EDGE_LOOP('',(#17020));
#17020 = ORIENTED_EDGE('',*,*,#17021,.F.);
#17021 = EDGE_CURVE('',#17022,#17022,#17024,.T.);
#17022 = VERTEX_POINT('',#17023);
#17023 = CARTESIAN_POINT('',(31.023501,-20.062,8.45));
#17024 = CIRCLE('',#17025,2.85);
#17025 = AXIS2_PLACEMENT_3D('',#17026,#17027,#17028);
#17026 = CARTESIAN_POINT('',(31.023501,-20.062,11.3));
#17027 = DIRECTION('',(1.,-0.,2.22044604925E-16));
#17028 = DIRECTION('',(2.22044604925E-16,0.,-1.));
#17029 = PLANE('',#17030);
#17030 = AXIS2_PLACEMENT_3D('',#17031,#17032,#17033);
#17031 = CARTESIAN_POINT('',(31.023501,-20.062,11.3));
#17032 = DIRECTION('',(1.,0.,2.22044604925E-16));
#17033 = DIRECTION('',(2.22044604925E-16,0.,-1.));
#17034 = ADVANCED_FACE('',(#17035),#17062,.T.);
#17035 = FACE_BOUND('',#17036,.T.);
#17036 = EDGE_LOOP('',(#17037,#17038,#17039,#17046,#17054,#17061));
#17037 = ORIENTED_EDGE('',*,*,#17010,.F.);
#17038 = ORIENTED_EDGE('',*,*,#16967,.F.);
#17039 = ORIENTED_EDGE('',*,*,#17040,.T.);
#17040 = EDGE_CURVE('',#16968,#16849,#17041,.T.);
#17041 = CIRCLE('',#17042,4.5);
#17042 = AXIS2_PLACEMENT_3D('',#17043,#17044,#17045);
#17043 = CARTESIAN_POINT('',(24.823501,-20.062,11.3));
#17044 = DIRECTION('',(1.,-0.,2.22044604925E-16));
#17045 = DIRECTION('',(2.22044604925E-16,0.,-1.));
#17046 = ORIENTED_EDGE('',*,*,#17047,.T.);
#17047 = EDGE_CURVE('',#16849,#17048,#17050,.T.);
#17048 = VERTEX_POINT('',#17049);
#17049 = CARTESIAN_POINT('',(27.623501,-16.62106989318,14.2));
#17050 = LINE('',#17051,#17052);
#17051 = CARTESIAN_POINT('',(24.823501,-16.62106989318,14.2));
#17052 = VECTOR('',#17053,1.);
#17053 = DIRECTION('',(1.,0.,2.22044604925E-16));
#17054 = ORIENTED_EDGE('',*,*,#17055,.T.);
#17055 = EDGE_CURVE('',#17048,#13921,#17056,.T.);
#17056 = CIRCLE('',#17057,4.5);
#17057 = AXIS2_PLACEMENT_3D('',#17058,#17059,#17060);
#17058 = CARTESIAN_POINT('',(27.623501,-20.062,11.3));
#17059 = DIRECTION('',(1.,-0.,2.22044604925E-16));
#17060 = DIRECTION('',(2.22044604925E-16,0.,-1.));
#17061 = ORIENTED_EDGE('',*,*,#13928,.T.);
#17062 = CYLINDRICAL_SURFACE('',#17063,4.5);
#17063 = AXIS2_PLACEMENT_3D('',#17064,#17065,#17066);
#17064 = CARTESIAN_POINT('',(24.823501,-20.062,11.3));
#17065 = DIRECTION('',(1.,0.,2.22044604925E-16));
#17066 = DIRECTION('',(2.22044604925E-16,0.,-1.));
#17067 = ADVANCED_FACE('',(#17068),#17086,.T.);
#17068 = FACE_BOUND('',#17069,.T.);
#17069 = EDGE_LOOP('',(#17070,#17078,#17079,#17080));
#17070 = ORIENTED_EDGE('',*,*,#17071,.F.);
#17071 = EDGE_CURVE('',#13913,#17072,#17074,.T.);
#17072 = VERTEX_POINT('',#17073);
#17073 = CARTESIAN_POINT('',(27.623501,-12.49,14.2));
#17074 = LINE('',#17075,#17076);
#17075 = CARTESIAN_POINT('',(27.623501,-12.49,20.3));
#17076 = VECTOR('',#17077,1.);
#17077 = DIRECTION('',(2.22044604925E-16,0.,-1.));
#17078 = ORIENTED_EDGE('',*,*,#13920,.F.);
#17079 = ORIENTED_EDGE('',*,*,#17055,.F.);
#17080 = ORIENTED_EDGE('',*,*,#17081,.T.);
#17081 = EDGE_CURVE('',#17048,#17072,#17082,.T.);
#17082 = LINE('',#17083,#17084);
#17083 = CARTESIAN_POINT('',(27.623501,-25.487358,14.2));
#17084 = VECTOR('',#17085,1.);
#17085 = DIRECTION('',(0.,1.,0.));
#17086 = PLANE('',#17087);
#17087 = AXIS2_PLACEMENT_3D('',#17088,#17089,#17090);
#17088 = CARTESIAN_POINT('',(27.623501,-25.487358,20.3));
#17089 = DIRECTION('',(1.,0.,2.22044604925E-16));
#17090 = DIRECTION('',(2.22044604925E-16,0.,-1.));
#17091 = ADVANCED_FACE('',(#17092),#17103,.T.);
#17092 = FACE_BOUND('',#17093,.T.);
#17093 = EDGE_LOOP('',(#17094,#17095,#17096,#17097));
#17094 = ORIENTED_EDGE('',*,*,#16839,.F.);
#17095 = ORIENTED_EDGE('',*,*,#13912,.F.);
#17096 = ORIENTED_EDGE('',*,*,#17071,.T.);
#17097 = ORIENTED_EDGE('',*,*,#17098,.F.);
#17098 = EDGE_CURVE('',#16840,#17072,#17099,.T.);
#17099 = LINE('',#17100,#17101);
#17100 = CARTESIAN_POINT('',(24.823501,-12.49,14.2));
#17101 = VECTOR('',#17102,1.);
#17102 = DIRECTION('',(1.,0.,2.22044604925E-16));
#17103 = PLANE('',#17104);
#17104 = AXIS2_PLACEMENT_3D('',#17105,#17106,#17107);
#17105 = CARTESIAN_POINT('',(24.823501,-12.49,20.3));
#17106 = DIRECTION('',(0.,1.,0.));
#17107 = DIRECTION('',(1.,0.,2.22044604925E-16));
#17108 = ADVANCED_FACE('',(#17109),#17134,.F.);
#17109 = FACE_BOUND('',#17110,.F.);
#17110 = EDGE_LOOP('',(#17111,#17119,#17120,#17128));
#17111 = ORIENTED_EDGE('',*,*,#17112,.F.);
#17112 = EDGE_CURVE('',#13899,#17113,#17115,.T.);
#17113 = VERTEX_POINT('',#17114);
#17114 = CARTESIAN_POINT('',(24.823501,18.08,14.2));
#17115 = LINE('',#17116,#17117);
#17116 = CARTESIAN_POINT('',(24.823501,18.08,20.3));
#17117 = VECTOR('',#17118,1.);
#17118 = DIRECTION('',(2.22044604925E-16,0.,-1.));
#17119 = ORIENTED_EDGE('',*,*,#13898,.F.);
#17120 = ORIENTED_EDGE('',*,*,#17121,.T.);
#17121 = EDGE_CURVE('',#13891,#17122,#17124,.T.);
#17122 = VERTEX_POINT('',#17123);
#17123 = CARTESIAN_POINT('',(27.623501,18.08,14.2));
#17124 = LINE('',#17125,#17126);
#17125 = CARTESIAN_POINT('',(27.623501,18.08,20.3));
#17126 = VECTOR('',#17127,1.);
#17127 = DIRECTION('',(2.22044604925E-16,0.,-1.));
#17128 = ORIENTED_EDGE('',*,*,#17129,.F.);
#17129 = EDGE_CURVE('',#17113,#17122,#17130,.T.);
#17130 = LINE('',#17131,#17132);
#17131 = CARTESIAN_POINT('',(24.823501,18.08,14.2));
#17132 = VECTOR('',#17133,1.);
#17133 = DIRECTION('',(1.,0.,2.22044604925E-16));
#17134 = PLANE('',#17135);
#17135 = AXIS2_PLACEMENT_3D('',#17136,#17137,#17138);
#17136 = CARTESIAN_POINT('',(24.823501,18.08,20.3));
#17137 = DIRECTION('',(0.,1.,0.));
#17138 = DIRECTION('',(1.,0.,2.22044604925E-16));
#17139 = ADVANCED_FACE('',(#17140),#17159,.T.);
#17140 = FACE_BOUND('',#17141,.T.);
#17141 = EDGE_LOOP('',(#17142,#17143,#17144,#17152));
#17142 = ORIENTED_EDGE('',*,*,#13890,.F.);
#17143 = ORIENTED_EDGE('',*,*,#17121,.T.);
#17144 = ORIENTED_EDGE('',*,*,#17145,.T.);
#17145 = EDGE_CURVE('',#17122,#17146,#17148,.T.);
#17146 = VERTEX_POINT('',#17147);
#17147 = CARTESIAN_POINT('',(27.623501,18.497069893183,14.2));
#17148 = LINE('',#17149,#17150);
#17149 = CARTESIAN_POINT('',(27.623501,18.08,14.2));
#17150 = VECTOR('',#17151,1.);
#17151 = DIRECTION('',(0.,1.,0.));
#17152 = ORIENTED_EDGE('',*,*,#17153,.F.);
#17153 = EDGE_CURVE('',#13883,#17146,#17154,.T.);
#17154 = CIRCLE('',#17155,4.5);
#17155 = AXIS2_PLACEMENT_3D('',#17156,#17157,#17158);
#17156 = CARTESIAN_POINT('',(27.623501,21.938,11.3));
#17157 = DIRECTION('',(1.,-0.,2.22044604925E-16));
#17158 = DIRECTION('',(2.22044604925E-16,0.,-1.));
#17159 = PLANE('',#17160);
#17160 = AXIS2_PLACEMENT_3D('',#17161,#17162,#17163);
#17161 = CARTESIAN_POINT('',(27.623501,18.08,20.3));
#17162 = DIRECTION('',(1.,0.,2.22044604925E-16));
#17163 = DIRECTION('',(2.22044604925E-16,0.,-1.));
#17164 = ADVANCED_FACE('',(#17165),#17203,.T.);
#17165 = FACE_BOUND('',#17166,.T.);
#17166 = EDGE_LOOP('',(#17167,#17177,#17184,#17185,#17186,#17187,#17188,
    #17196));
#17167 = ORIENTED_EDGE('',*,*,#17168,.T.);
#17168 = EDGE_CURVE('',#17169,#17171,#17173,.T.);
#17169 = VERTEX_POINT('',#17170);
#17170 = CARTESIAN_POINT('',(24.823501,21.938,6.8));
#17171 = VERTEX_POINT('',#17172);
#17172 = CARTESIAN_POINT('',(31.023501,21.938,6.8));
#17173 = LINE('',#17174,#17175);
#17174 = CARTESIAN_POINT('',(24.823501,21.938,6.8));
#17175 = VECTOR('',#17176,1.);
#17176 = DIRECTION('',(1.,0.,2.22044604925E-16));
#17177 = ORIENTED_EDGE('',*,*,#17178,.F.);
#17178 = EDGE_CURVE('',#16409,#17171,#17179,.T.);
#17179 = CIRCLE('',#17180,4.5);
#17180 = AXIS2_PLACEMENT_3D('',#17181,#17182,#17183);
#17181 = CARTESIAN_POINT('',(31.023501,21.938,11.3));
#17182 = DIRECTION('',(1.,-0.,2.22044604925E-16));
#17183 = DIRECTION('',(2.22044604925E-16,0.,-1.));
#17184 = ORIENTED_EDGE('',*,*,#16416,.F.);
#17185 = ORIENTED_EDGE('',*,*,#16384,.T.);
#17186 = ORIENTED_EDGE('',*,*,#13882,.F.);
#17187 = ORIENTED_EDGE('',*,*,#17153,.T.);
#17188 = ORIENTED_EDGE('',*,*,#17189,.F.);
#17189 = EDGE_CURVE('',#17190,#17146,#17192,.T.);
#17190 = VERTEX_POINT('',#17191);
#17191 = CARTESIAN_POINT('',(24.823501,18.497069893183,14.2));
#17192 = LINE('',#17193,#17194);
#17193 = CARTESIAN_POINT('',(24.823501,18.497069893183,14.2));
#17194 = VECTOR('',#17195,1.);
#17195 = DIRECTION('',(1.,0.,2.22044604925E-16));
#17196 = ORIENTED_EDGE('',*,*,#17197,.T.);
#17197 = EDGE_CURVE('',#17190,#17169,#17198,.T.);
#17198 = CIRCLE('',#17199,4.5);
#17199 = AXIS2_PLACEMENT_3D('',#17200,#17201,#17202);
#17200 = CARTESIAN_POINT('',(24.823501,21.938,11.3));
#17201 = DIRECTION('',(1.,-0.,2.22044604925E-16));
#17202 = DIRECTION('',(2.22044604925E-16,0.,-1.));
#17203 = CYLINDRICAL_SURFACE('',#17204,4.5);
#17204 = AXIS2_PLACEMENT_3D('',#17205,#17206,#17207);
#17205 = CARTESIAN_POINT('',(24.823501,21.938,11.3));
#17206 = DIRECTION('',(1.,0.,2.22044604925E-16));
#17207 = DIRECTION('',(2.22044604925E-16,0.,-1.));
#17208 = ADVANCED_FACE('',(#17209,#17221),#17232,.T.);
#17209 = FACE_BOUND('',#17210,.T.);
#17210 = EDGE_LOOP('',(#17211,#17212,#17219,#17220));
#17211 = ORIENTED_EDGE('',*,*,#17178,.T.);
#17212 = ORIENTED_EDGE('',*,*,#17213,.T.);
#17213 = EDGE_CURVE('',#17171,#13835,#17214,.T.);
#17214 = CIRCLE('',#17215,4.5);
#17215 = AXIS2_PLACEMENT_3D('',#17216,#17217,#17218);
#17216 = CARTESIAN_POINT('',(31.023501,21.938,11.3));
#17217 = DIRECTION('',(1.,-0.,2.22044604925E-16));
#17218 = DIRECTION('',(2.22044604925E-16,0.,-1.));
#17219 = ORIENTED_EDGE('',*,*,#13842,.F.);
#17220 = ORIENTED_EDGE('',*,*,#16408,.F.);
#17221 = FACE_BOUND('',#17222,.T.);
#17222 = EDGE_LOOP('',(#17223));
#17223 = ORIENTED_EDGE('',*,*,#17224,.F.);
#17224 = EDGE_CURVE('',#17225,#17225,#17227,.T.);
#17225 = VERTEX_POINT('',#17226);
#17226 = CARTESIAN_POINT('',(31.023501,21.938,8.45));
#17227 = CIRCLE('',#17228,2.85);
#17228 = AXIS2_PLACEMENT_3D('',#17229,#17230,#17231);
#17229 = CARTESIAN_POINT('',(31.023501,21.938,11.3));
#17230 = DIRECTION('',(1.,-0.,2.22044604925E-16));
#17231 = DIRECTION('',(2.22044604925E-16,0.,-1.));
#17232 = PLANE('',#17233);
#17233 = AXIS2_PLACEMENT_3D('',#17234,#17235,#17236);
#17234 = CARTESIAN_POINT('',(31.023501,21.938,11.3));
#17235 = DIRECTION('',(1.,0.,2.22044604925E-16));
#17236 = DIRECTION('',(2.22044604925E-16,0.,-1.));
#17237 = ADVANCED_FACE('',(#17238),#17267,.T.);
#17238 = FACE_BOUND('',#17239,.T.);
#17239 = EDGE_LOOP('',(#17240,#17241,#17242,#17251,#17259,#17266));
#17240 = ORIENTED_EDGE('',*,*,#17213,.F.);
#17241 = ORIENTED_EDGE('',*,*,#17168,.F.);
#17242 = ORIENTED_EDGE('',*,*,#17243,.T.);
#17243 = EDGE_CURVE('',#17169,#17244,#17246,.T.);
#17244 = VERTEX_POINT('',#17245);
#17245 = CARTESIAN_POINT('',(24.823501,25.378930106817,14.2));
#17246 = CIRCLE('',#17247,4.5);
#17247 = AXIS2_PLACEMENT_3D('',#17248,#17249,#17250);
#17248 = CARTESIAN_POINT('',(24.823501,21.938,11.3));
#17249 = DIRECTION('',(1.,-0.,2.22044604925E-16));
#17250 = DIRECTION('',(2.22044604925E-16,0.,-1.));
#17251 = ORIENTED_EDGE('',*,*,#17252,.T.);
#17252 = EDGE_CURVE('',#17244,#17253,#17255,.T.);
#17253 = VERTEX_POINT('',#17254);
#17254 = CARTESIAN_POINT('',(27.623501,25.378930106817,14.2));
#17255 = LINE('',#17256,#17257);
#17256 = CARTESIAN_POINT('',(24.823501,25.378930106817,14.2));
#17257 = VECTOR('',#17258,1.);
#17258 = DIRECTION('',(1.,0.,2.22044604925E-16));
#17259 = ORIENTED_EDGE('',*,*,#17260,.T.);
#17260 = EDGE_CURVE('',#17253,#13827,#17261,.T.);
#17261 = CIRCLE('',#17262,4.5);
#17262 = AXIS2_PLACEMENT_3D('',#17263,#17264,#17265);
#17263 = CARTESIAN_POINT('',(27.623501,21.938,11.3));
#17264 = DIRECTION('',(1.,-0.,2.22044604925E-16));
#17265 = DIRECTION('',(2.22044604925E-16,0.,-1.));
#17266 = ORIENTED_EDGE('',*,*,#13834,.T.);
#17267 = CYLINDRICAL_SURFACE('',#17268,4.5);
#17268 = AXIS2_PLACEMENT_3D('',#17269,#17270,#17271);
#17269 = CARTESIAN_POINT('',(24.823501,21.938,11.3));
#17270 = DIRECTION('',(1.,0.,2.22044604925E-16));
#17271 = DIRECTION('',(2.22044604925E-16,0.,-1.));
#17272 = ADVANCED_FACE('',(#17273),#17291,.T.);
#17273 = FACE_BOUND('',#17274,.T.);
#17274 = EDGE_LOOP('',(#17275,#17283,#17284,#17285));
#17275 = ORIENTED_EDGE('',*,*,#17276,.F.);
#17276 = EDGE_CURVE('',#13819,#17277,#17279,.T.);
#17277 = VERTEX_POINT('',#17278);
#17278 = CARTESIAN_POINT('',(27.623501,25.487358,14.2));
#17279 = LINE('',#17280,#17281);
#17280 = CARTESIAN_POINT('',(27.623501,25.487358,20.3));
#17281 = VECTOR('',#17282,1.);
#17282 = DIRECTION('',(2.22044604925E-16,0.,-1.));
#17283 = ORIENTED_EDGE('',*,*,#13826,.F.);
#17284 = ORIENTED_EDGE('',*,*,#17260,.F.);
#17285 = ORIENTED_EDGE('',*,*,#17286,.T.);
#17286 = EDGE_CURVE('',#17253,#17277,#17287,.T.);
#17287 = LINE('',#17288,#17289);
#17288 = CARTESIAN_POINT('',(27.623501,18.08,14.2));
#17289 = VECTOR('',#17290,1.);
#17290 = DIRECTION('',(0.,1.,0.));
#17291 = PLANE('',#17292);
#17292 = AXIS2_PLACEMENT_3D('',#17293,#17294,#17295);
#17293 = CARTESIAN_POINT('',(27.623501,18.08,20.3));
#17294 = DIRECTION('',(1.,0.,2.22044604925E-16));
#17295 = DIRECTION('',(2.22044604925E-16,0.,-1.));
#17296 = ADVANCED_FACE('',(#17297),#17315,.T.);
#17297 = FACE_BOUND('',#17298,.T.);
#17298 = EDGE_LOOP('',(#17299,#17307,#17308,#17309));
#17299 = ORIENTED_EDGE('',*,*,#17300,.F.);
#17300 = EDGE_CURVE('',#13811,#17301,#17303,.T.);
#17301 = VERTEX_POINT('',#17302);
#17302 = CARTESIAN_POINT('',(24.823501,25.487358,14.2));
#17303 = LINE('',#17304,#17305);
#17304 = CARTESIAN_POINT('',(24.823501,25.487358,20.3));
#17305 = VECTOR('',#17306,1.);
#17306 = DIRECTION('',(2.22044604925E-16,0.,-1.));
#17307 = ORIENTED_EDGE('',*,*,#13818,.F.);
#17308 = ORIENTED_EDGE('',*,*,#17276,.T.);
#17309 = ORIENTED_EDGE('',*,*,#17310,.F.);
#17310 = EDGE_CURVE('',#17301,#17277,#17311,.T.);
#17311 = LINE('',#17312,#17313);
#17312 = CARTESIAN_POINT('',(24.823501,25.487358,14.2));
#17313 = VECTOR('',#17314,1.);
#17314 = DIRECTION('',(1.,0.,2.22044604925E-16));
#17315 = PLANE('',#17316);
#17316 = AXIS2_PLACEMENT_3D('',#17317,#17318,#17319);
#17317 = CARTESIAN_POINT('',(24.823501,25.487358,20.3));
#17318 = DIRECTION('',(0.,1.,0.));
#17319 = DIRECTION('',(1.,0.,2.22044604925E-16));
#17320 = ADVANCED_FACE('',(#17321),#17346,.T.);
#17321 = FACE_BOUND('',#17322,.T.);
#17322 = EDGE_LOOP('',(#17323,#17324,#17332,#17340));
#17323 = ORIENTED_EDGE('',*,*,#14241,.F.);
#17324 = ORIENTED_EDGE('',*,*,#17325,.T.);
#17325 = EDGE_CURVE('',#14168,#17326,#17328,.T.);
#17326 = VERTEX_POINT('',#17327);
#17327 = CARTESIAN_POINT('',(24.823501,32.887358,22.5));
#17328 = LINE('',#17329,#17330);
#17329 = CARTESIAN_POINT('',(24.823501,27.687358,22.5));
#17330 = VECTOR('',#17331,1.);
#17331 = DIRECTION('',(0.,1.,0.));
#17332 = ORIENTED_EDGE('',*,*,#17333,.T.);
#17333 = EDGE_CURVE('',#17326,#17334,#17336,.T.);
#17334 = VERTEX_POINT('',#17335);
#17335 = CARTESIAN_POINT('',(27.623501,32.887358,22.5));
#17336 = LINE('',#17337,#17338);
#17337 = CARTESIAN_POINT('',(24.823501,32.887358,22.5));
#17338 = VECTOR('',#17339,1.);
#17339 = DIRECTION('',(1.,0.,2.22044604925E-16));
#17340 = ORIENTED_EDGE('',*,*,#17341,.F.);
#17341 = EDGE_CURVE('',#14234,#17334,#17342,.T.);
#17342 = LINE('',#17343,#17344);
#17343 = CARTESIAN_POINT('',(27.623501,27.687358,22.5));
#17344 = VECTOR('',#17345,1.);
#17345 = DIRECTION('',(0.,1.,0.));
#17346 = PLANE('',#17347);
#17347 = AXIS2_PLACEMENT_3D('',#17348,#17349,#17350);
#17348 = CARTESIAN_POINT('',(24.823501,27.687358,22.5));
#17349 = DIRECTION('',(2.22044604925E-16,0.,-1.));
#17350 = DIRECTION('',(1.,0.,2.22044604925E-16));
#17351 = ADVANCED_FACE('',(#17352),#17370,.T.);
#17352 = FACE_BOUND('',#17353,.T.);
#17353 = EDGE_LOOP('',(#17354,#17362,#17363,#17364));
#17354 = ORIENTED_EDGE('',*,*,#17355,.F.);
#17355 = EDGE_CURVE('',#14226,#17356,#17358,.T.);
#17356 = VERTEX_POINT('',#17357);
#17357 = CARTESIAN_POINT('',(27.623501,32.887358,27.008344));
#17358 = LINE('',#17359,#17360);
#17359 = CARTESIAN_POINT('',(27.623501,27.687358,27.008344));
#17360 = VECTOR('',#17361,1.);
#17361 = DIRECTION('',(0.,1.,0.));
#17362 = ORIENTED_EDGE('',*,*,#14233,.F.);
#17363 = ORIENTED_EDGE('',*,*,#17341,.T.);
#17364 = ORIENTED_EDGE('',*,*,#17365,.F.);
#17365 = EDGE_CURVE('',#17356,#17334,#17366,.T.);
#17366 = LINE('',#17367,#17368);
#17367 = CARTESIAN_POINT('',(27.623501,32.887358,27.008344));
#17368 = VECTOR('',#17369,1.);
#17369 = DIRECTION('',(2.22044604925E-16,0.,-1.));
#17370 = PLANE('',#17371);
#17371 = AXIS2_PLACEMENT_3D('',#17372,#17373,#17374);
#17372 = CARTESIAN_POINT('',(27.623501,27.687358,27.008344));
#17373 = DIRECTION('',(1.,0.,2.22044604925E-16));
#17374 = DIRECTION('',(2.22044604925E-16,0.,-1.));
#17375 = ADVANCED_FACE('',(#17376),#17394,.F.);
#17376 = FACE_BOUND('',#17377,.F.);
#17377 = EDGE_LOOP('',(#17378,#17379,#17387,#17393));
#17378 = ORIENTED_EDGE('',*,*,#14225,.F.);
#17379 = ORIENTED_EDGE('',*,*,#17380,.T.);
#17380 = EDGE_CURVE('',#14218,#17381,#17383,.T.);
#17381 = VERTEX_POINT('',#17382);
#17382 = CARTESIAN_POINT('',(24.823501,32.887358,27.008344));
#17383 = LINE('',#17384,#17385);
#17384 = CARTESIAN_POINT('',(24.823501,27.687358,27.008344));
#17385 = VECTOR('',#17386,1.);
#17386 = DIRECTION('',(0.,1.,0.));
#17387 = ORIENTED_EDGE('',*,*,#17388,.T.);
#17388 = EDGE_CURVE('',#17381,#17356,#17389,.T.);
#17389 = LINE('',#17390,#17391);
#17390 = CARTESIAN_POINT('',(24.823501,32.887358,27.008344));
#17391 = VECTOR('',#17392,1.);
#17392 = DIRECTION('',(1.,0.,2.22044604925E-16));
#17393 = ORIENTED_EDGE('',*,*,#17355,.F.);
#17394 = PLANE('',#17395);
#17395 = AXIS2_PLACEMENT_3D('',#17396,#17397,#17398);
#17396 = CARTESIAN_POINT('',(24.823501,27.687358,27.008344));
#17397 = DIRECTION('',(2.22044604925E-16,0.,-1.));
#17398 = DIRECTION('',(1.,0.,2.22044604925E-16));
#17399 = ADVANCED_FACE('',(#17400),#17416,.F.);
#17400 = FACE_BOUND('',#17401,.F.);
#17401 = EDGE_LOOP('',(#17402,#17408,#17409,#17415));
#17402 = ORIENTED_EDGE('',*,*,#17403,.F.);
#17403 = EDGE_CURVE('',#15413,#14210,#17404,.T.);
#17404 = LINE('',#17405,#17406);
#17405 = CARTESIAN_POINT('',(24.823501,27.687358,30.609344));
#17406 = VECTOR('',#17407,1.);
#17407 = DIRECTION('',(0.,1.,0.));
#17408 = ORIENTED_EDGE('',*,*,#15412,.F.);
#17409 = ORIENTED_EDGE('',*,*,#17410,.T.);
#17410 = EDGE_CURVE('',#15405,#14218,#17411,.T.);
#17411 = LINE('',#17412,#17413);
#17412 = CARTESIAN_POINT('',(24.823501,27.687358,27.008344));
#17413 = VECTOR('',#17414,1.);
#17414 = DIRECTION('',(0.,1.,0.));
#17415 = ORIENTED_EDGE('',*,*,#14217,.T.);
#17416 = PLANE('',#17417);
#17417 = AXIS2_PLACEMENT_3D('',#17418,#17419,#17420);
#17418 = CARTESIAN_POINT('',(24.823501,0.25,41.737344));
#17419 = DIRECTION('',(1.,0.,2.22044604925E-16));
#17420 = DIRECTION('',(2.22044604925E-16,0.,-1.));
#17421 = ADVANCED_FACE('',(#17422),#17447,.T.);
#17422 = FACE_BOUND('',#17423,.T.);
#17423 = EDGE_LOOP('',(#17424,#17425,#17433,#17441));
#17424 = ORIENTED_EDGE('',*,*,#14209,.F.);
#17425 = ORIENTED_EDGE('',*,*,#17426,.T.);
#17426 = EDGE_CURVE('',#14210,#17427,#17429,.T.);
#17427 = VERTEX_POINT('',#17428);
#17428 = CARTESIAN_POINT('',(24.823501,32.887358,30.609344));
#17429 = LINE('',#17430,#17431);
#17430 = CARTESIAN_POINT('',(24.823501,27.687358,30.609344));
#17431 = VECTOR('',#17432,1.);
#17432 = DIRECTION('',(0.,1.,0.));
#17433 = ORIENTED_EDGE('',*,*,#17434,.T.);
#17434 = EDGE_CURVE('',#17427,#17435,#17437,.T.);
#17435 = VERTEX_POINT('',#17436);
#17436 = CARTESIAN_POINT('',(27.623501,32.887358,30.609344));
#17437 = LINE('',#17438,#17439);
#17438 = CARTESIAN_POINT('',(24.823501,32.887358,30.609344));
#17439 = VECTOR('',#17440,1.);
#17440 = DIRECTION('',(1.,0.,2.22044604925E-16));
#17441 = ORIENTED_EDGE('',*,*,#17442,.F.);
#17442 = EDGE_CURVE('',#14202,#17435,#17443,.T.);
#17443 = LINE('',#17444,#17445);
#17444 = CARTESIAN_POINT('',(27.623501,27.687358,30.609344));
#17445 = VECTOR('',#17446,1.);
#17446 = DIRECTION('',(0.,1.,0.));
#17447 = PLANE('',#17448);
#17448 = AXIS2_PLACEMENT_3D('',#17449,#17450,#17451);
#17449 = CARTESIAN_POINT('',(24.823501,27.687358,30.609344));
#17450 = DIRECTION('',(2.22044604925E-16,0.,-1.));
#17451 = DIRECTION('',(1.,0.,2.22044604925E-16));
#17452 = ADVANCED_FACE('',(#17453),#17471,.T.);
#17453 = FACE_BOUND('',#17454,.T.);
#17454 = EDGE_LOOP('',(#17455,#17463,#17464,#17465));
#17455 = ORIENTED_EDGE('',*,*,#17456,.F.);
#17456 = EDGE_CURVE('',#14194,#17457,#17459,.T.);
#17457 = VERTEX_POINT('',#17458);
#17458 = CARTESIAN_POINT('',(27.623501,32.887358,60.974688));
#17459 = LINE('',#17460,#17461);
#17460 = CARTESIAN_POINT('',(27.623501,27.687358,60.974688));
#17461 = VECTOR('',#17462,1.);
#17462 = DIRECTION('',(0.,1.,0.));
#17463 = ORIENTED_EDGE('',*,*,#14201,.F.);
#17464 = ORIENTED_EDGE('',*,*,#17442,.T.);
#17465 = ORIENTED_EDGE('',*,*,#17466,.F.);
#17466 = EDGE_CURVE('',#17457,#17435,#17467,.T.);
#17467 = LINE('',#17468,#17469);
#17468 = CARTESIAN_POINT('',(27.623501,32.887358,60.974688));
#17469 = VECTOR('',#17470,1.);
#17470 = DIRECTION('',(2.22044604925E-16,0.,-1.));
#17471 = PLANE('',#17472);
#17472 = AXIS2_PLACEMENT_3D('',#17473,#17474,#17475);
#17473 = CARTESIAN_POINT('',(27.623501,27.687358,60.974688));
#17474 = DIRECTION('',(1.,0.,2.22044604925E-16));
#17475 = DIRECTION('',(2.22044604925E-16,0.,-1.));
#17476 = ADVANCED_FACE('',(#17477),#17495,.F.);
#17477 = FACE_BOUND('',#17478,.F.);
#17478 = EDGE_LOOP('',(#17479,#17480,#17488,#17494));
#17479 = ORIENTED_EDGE('',*,*,#14193,.F.);
#17480 = ORIENTED_EDGE('',*,*,#17481,.T.);
#17481 = EDGE_CURVE('',#14186,#17482,#17484,.T.);
#17482 = VERTEX_POINT('',#17483);
#17483 = CARTESIAN_POINT('',(24.823501,32.887358,60.974688));
#17484 = LINE('',#17485,#17486);
#17485 = CARTESIAN_POINT('',(24.823501,27.687358,60.974688));
#17486 = VECTOR('',#17487,1.);
#17487 = DIRECTION('',(0.,1.,0.));
#17488 = ORIENTED_EDGE('',*,*,#17489,.T.);
#17489 = EDGE_CURVE('',#17482,#17457,#17490,.T.);
#17490 = LINE('',#17491,#17492);
#17491 = CARTESIAN_POINT('',(24.823501,32.887358,60.974688));
#17492 = VECTOR('',#17493,1.);
#17493 = DIRECTION('',(1.,0.,2.22044604925E-16));
#17494 = ORIENTED_EDGE('',*,*,#17456,.F.);
#17495 = PLANE('',#17496);
#17496 = AXIS2_PLACEMENT_3D('',#17497,#17498,#17499);
#17497 = CARTESIAN_POINT('',(24.823501,27.687358,60.974688));
#17498 = DIRECTION('',(2.22044604925E-16,0.,-1.));
#17499 = DIRECTION('',(1.,0.,2.22044604925E-16));
#17500 = ADVANCED_FACE('',(#17501),#17517,.T.);
#17501 = FACE_BOUND('',#17502,.T.);
#17502 = EDGE_LOOP('',(#17503,#17509,#17510,#17516));
#17503 = ORIENTED_EDGE('',*,*,#17504,.F.);
#17504 = EDGE_CURVE('',#15594,#14252,#17505,.T.);
#17505 = LINE('',#17506,#17507);
#17506 = CARTESIAN_POINT('',(27.823501,-33.287358,28.374688));
#17507 = VECTOR('',#17508,1.);
#17508 = DIRECTION('',(0.,1.,0.));
#17509 = ORIENTED_EDGE('',*,*,#15601,.T.);
#17510 = ORIENTED_EDGE('',*,*,#17511,.T.);
#17511 = EDGE_CURVE('',#15602,#14250,#17512,.T.);
#17512 = LINE('',#17513,#17514);
#17513 = CARTESIAN_POINT('',(27.823501,-33.287358,24.374688));
#17514 = VECTOR('',#17515,1.);
#17515 = DIRECTION('',(0.,1.,0.));
#17516 = ORIENTED_EDGE('',*,*,#14249,.T.);
#17517 = PLANE('',#17518);
#17518 = AXIS2_PLACEMENT_3D('',#17519,#17520,#17521);
#17519 = CARTESIAN_POINT('',(27.823501,-33.287358,28.374688));
#17520 = DIRECTION('',(1.,0.,2.22044604925E-16));
#17521 = DIRECTION('',(2.22044604925E-16,0.,-1.));
#17522 = ADVANCED_FACE('',(#17523),#17534,.F.);
#17523 = FACE_BOUND('',#17524,.F.);
#17524 = EDGE_LOOP('',(#17525,#17531,#17532,#17533));
#17525 = ORIENTED_EDGE('',*,*,#17526,.F.);
#17526 = EDGE_CURVE('',#15586,#14268,#17527,.T.);
#17527 = LINE('',#17528,#17529);
#17528 = CARTESIAN_POINT('',(36.223501,-33.287358,24.374688));
#17529 = VECTOR('',#17530,1.);
#17530 = DIRECTION('',(0.,1.,0.));
#17531 = ORIENTED_EDGE('',*,*,#15609,.T.);
#17532 = ORIENTED_EDGE('',*,*,#17511,.T.);
#17533 = ORIENTED_EDGE('',*,*,#14275,.T.);
#17534 = PLANE('',#17535);
#17535 = AXIS2_PLACEMENT_3D('',#17536,#17537,#17538);
#17536 = CARTESIAN_POINT('',(27.823501,-33.287358,24.374688));
#17537 = DIRECTION('',(2.22044604925E-16,0.,-1.));
#17538 = DIRECTION('',(1.,0.,2.22044604925E-16));
#17539 = ADVANCED_FACE('',(#17540),#17551,.T.);
#17540 = FACE_BOUND('',#17541,.T.);
#17541 = EDGE_LOOP('',(#17542,#17548,#17549,#17550));
#17542 = ORIENTED_EDGE('',*,*,#17543,.F.);
#17543 = EDGE_CURVE('',#15584,#14260,#17544,.T.);
#17544 = LINE('',#17545,#17546);
#17545 = CARTESIAN_POINT('',(36.223501,-33.287358,28.374688));
#17546 = VECTOR('',#17547,1.);
#17547 = DIRECTION('',(0.,1.,0.));
#17548 = ORIENTED_EDGE('',*,*,#15593,.T.);
#17549 = ORIENTED_EDGE('',*,*,#17504,.T.);
#17550 = ORIENTED_EDGE('',*,*,#14259,.T.);
#17551 = PLANE('',#17552);
#17552 = AXIS2_PLACEMENT_3D('',#17553,#17554,#17555);
#17553 = CARTESIAN_POINT('',(27.823501,-33.287358,28.374688));
#17554 = DIRECTION('',(2.22044604925E-16,0.,-1.));
#17555 = DIRECTION('',(1.,0.,2.22044604925E-16));
#17556 = ADVANCED_FACE('',(#17557),#17563,.F.);
#17557 = FACE_BOUND('',#17558,.F.);
#17558 = EDGE_LOOP('',(#17559,#17560,#17561,#17562));
#17559 = ORIENTED_EDGE('',*,*,#17543,.F.);
#17560 = ORIENTED_EDGE('',*,*,#15583,.T.);
#17561 = ORIENTED_EDGE('',*,*,#17526,.T.);
#17562 = ORIENTED_EDGE('',*,*,#14267,.T.);
#17563 = PLANE('',#17564);
#17564 = AXIS2_PLACEMENT_3D('',#17565,#17566,#17567);
#17565 = CARTESIAN_POINT('',(36.223501,-33.287358,28.374688));
#17566 = DIRECTION('',(1.,0.,2.22044604925E-16));
#17567 = DIRECTION('',(2.22044604925E-16,0.,-1.));
#17568 = ADVANCED_FACE('',(#17569),#17585,.T.);
#17569 = FACE_BOUND('',#17570,.T.);
#17570 = EDGE_LOOP('',(#17571,#17577,#17578,#17584));
#17571 = ORIENTED_EDGE('',*,*,#17572,.F.);
#17572 = EDGE_CURVE('',#15560,#14286,#17573,.T.);
#17573 = LINE('',#17574,#17575);
#17574 = CARTESIAN_POINT('',(27.823501,-33.287358,36.374688));
#17575 = VECTOR('',#17576,1.);
#17576 = DIRECTION('',(0.,1.,0.));
#17577 = ORIENTED_EDGE('',*,*,#15567,.T.);
#17578 = ORIENTED_EDGE('',*,*,#17579,.T.);
#17579 = EDGE_CURVE('',#15568,#14284,#17580,.T.);
#17580 = LINE('',#17581,#17582);
#17581 = CARTESIAN_POINT('',(27.823501,-33.287358,32.374688));
#17582 = VECTOR('',#17583,1.);
#17583 = DIRECTION('',(0.,1.,0.));
#17584 = ORIENTED_EDGE('',*,*,#14283,.T.);
#17585 = PLANE('',#17586);
#17586 = AXIS2_PLACEMENT_3D('',#17587,#17588,#17589);
#17587 = CARTESIAN_POINT('',(27.823501,-33.287358,36.374688));
#17588 = DIRECTION('',(1.,0.,2.22044604925E-16));
#17589 = DIRECTION('',(2.22044604925E-16,0.,-1.));
#17590 = ADVANCED_FACE('',(#17591),#17602,.F.);
#17591 = FACE_BOUND('',#17592,.F.);
#17592 = EDGE_LOOP('',(#17593,#17599,#17600,#17601));
#17593 = ORIENTED_EDGE('',*,*,#17594,.F.);
#17594 = EDGE_CURVE('',#15552,#14302,#17595,.T.);
#17595 = LINE('',#17596,#17597);
#17596 = CARTESIAN_POINT('',(36.223501,-33.287358,32.374688));
#17597 = VECTOR('',#17598,1.);
#17598 = DIRECTION('',(0.,1.,0.));
#17599 = ORIENTED_EDGE('',*,*,#15575,.T.);
#17600 = ORIENTED_EDGE('',*,*,#17579,.T.);
#17601 = ORIENTED_EDGE('',*,*,#14309,.T.);
#17602 = PLANE('',#17603);
#17603 = AXIS2_PLACEMENT_3D('',#17604,#17605,#17606);
#17604 = CARTESIAN_POINT('',(27.823501,-33.287358,32.374688));
#17605 = DIRECTION('',(2.22044604925E-16,0.,-1.));
#17606 = DIRECTION('',(1.,0.,2.22044604925E-16));
#17607 = ADVANCED_FACE('',(#17608),#17619,.T.);
#17608 = FACE_BOUND('',#17609,.T.);
#17609 = EDGE_LOOP('',(#17610,#17616,#17617,#17618));
#17610 = ORIENTED_EDGE('',*,*,#17611,.F.);
#17611 = EDGE_CURVE('',#15550,#14294,#17612,.T.);
#17612 = LINE('',#17613,#17614);
#17613 = CARTESIAN_POINT('',(36.223501,-33.287358,36.374688));
#17614 = VECTOR('',#17615,1.);
#17615 = DIRECTION('',(0.,1.,0.));
#17616 = ORIENTED_EDGE('',*,*,#15559,.T.);
#17617 = ORIENTED_EDGE('',*,*,#17572,.T.);
#17618 = ORIENTED_EDGE('',*,*,#14293,.T.);
#17619 = PLANE('',#17620);
#17620 = AXIS2_PLACEMENT_3D('',#17621,#17622,#17623);
#17621 = CARTESIAN_POINT('',(27.823501,-33.287358,36.374688));
#17622 = DIRECTION('',(2.22044604925E-16,0.,-1.));
#17623 = DIRECTION('',(1.,0.,2.22044604925E-16));
#17624 = ADVANCED_FACE('',(#17625),#17631,.F.);
#17625 = FACE_BOUND('',#17626,.F.);
#17626 = EDGE_LOOP('',(#17627,#17628,#17629,#17630));
#17627 = ORIENTED_EDGE('',*,*,#17611,.F.);
#17628 = ORIENTED_EDGE('',*,*,#15549,.T.);
#17629 = ORIENTED_EDGE('',*,*,#17594,.T.);
#17630 = ORIENTED_EDGE('',*,*,#14301,.T.);
#17631 = PLANE('',#17632);
#17632 = AXIS2_PLACEMENT_3D('',#17633,#17634,#17635);
#17633 = CARTESIAN_POINT('',(36.223501,-33.287358,36.374688));
#17634 = DIRECTION('',(1.,0.,2.22044604925E-16));
#17635 = DIRECTION('',(2.22044604925E-16,0.,-1.));
#17636 = ADVANCED_FACE('',(#17637),#17653,.T.);
#17637 = FACE_BOUND('',#17638,.T.);
#17638 = EDGE_LOOP('',(#17639,#17645,#17646,#17652));
#17639 = ORIENTED_EDGE('',*,*,#17640,.F.);
#17640 = EDGE_CURVE('',#15526,#14320,#17641,.T.);
#17641 = LINE('',#17642,#17643);
#17642 = CARTESIAN_POINT('',(27.823501,-33.287358,44.374688));
#17643 = VECTOR('',#17644,1.);
#17644 = DIRECTION('',(0.,1.,0.));
#17645 = ORIENTED_EDGE('',*,*,#15533,.T.);
#17646 = ORIENTED_EDGE('',*,*,#17647,.T.);
#17647 = EDGE_CURVE('',#15534,#14318,#17648,.T.);
#17648 = LINE('',#17649,#17650);
#17649 = CARTESIAN_POINT('',(27.823501,-33.287358,40.374688));
#17650 = VECTOR('',#17651,1.);
#17651 = DIRECTION('',(0.,1.,0.));
#17652 = ORIENTED_EDGE('',*,*,#14317,.T.);
#17653 = PLANE('',#17654);
#17654 = AXIS2_PLACEMENT_3D('',#17655,#17656,#17657);
#17655 = CARTESIAN_POINT('',(27.823501,-33.287358,44.374688));
#17656 = DIRECTION('',(1.,0.,2.22044604925E-16));
#17657 = DIRECTION('',(2.22044604925E-16,0.,-1.));
#17658 = ADVANCED_FACE('',(#17659),#17670,.F.);
#17659 = FACE_BOUND('',#17660,.F.);
#17660 = EDGE_LOOP('',(#17661,#17667,#17668,#17669));
#17661 = ORIENTED_EDGE('',*,*,#17662,.F.);
#17662 = EDGE_CURVE('',#15518,#14336,#17663,.T.);
#17663 = LINE('',#17664,#17665);
#17664 = CARTESIAN_POINT('',(36.223501,-33.287358,40.374688));
#17665 = VECTOR('',#17666,1.);
#17666 = DIRECTION('',(0.,1.,0.));
#17667 = ORIENTED_EDGE('',*,*,#15541,.T.);
#17668 = ORIENTED_EDGE('',*,*,#17647,.T.);
#17669 = ORIENTED_EDGE('',*,*,#14343,.T.);
#17670 = PLANE('',#17671);
#17671 = AXIS2_PLACEMENT_3D('',#17672,#17673,#17674);
#17672 = CARTESIAN_POINT('',(27.823501,-33.287358,40.374688));
#17673 = DIRECTION('',(2.22044604925E-16,0.,-1.));
#17674 = DIRECTION('',(1.,0.,2.22044604925E-16));
#17675 = ADVANCED_FACE('',(#17676),#17687,.T.);
#17676 = FACE_BOUND('',#17677,.T.);
#17677 = EDGE_LOOP('',(#17678,#17684,#17685,#17686));
#17678 = ORIENTED_EDGE('',*,*,#17679,.F.);
#17679 = EDGE_CURVE('',#15516,#14328,#17680,.T.);
#17680 = LINE('',#17681,#17682);
#17681 = CARTESIAN_POINT('',(36.223501,-33.287358,44.374688));
#17682 = VECTOR('',#17683,1.);
#17683 = DIRECTION('',(0.,1.,0.));
#17684 = ORIENTED_EDGE('',*,*,#15525,.T.);
#17685 = ORIENTED_EDGE('',*,*,#17640,.T.);
#17686 = ORIENTED_EDGE('',*,*,#14327,.T.);
#17687 = PLANE('',#17688);
#17688 = AXIS2_PLACEMENT_3D('',#17689,#17690,#17691);
#17689 = CARTESIAN_POINT('',(27.823501,-33.287358,44.374688));
#17690 = DIRECTION('',(2.22044604925E-16,0.,-1.));
#17691 = DIRECTION('',(1.,0.,2.22044604925E-16));
#17692 = ADVANCED_FACE('',(#17693),#17699,.F.);
#17693 = FACE_BOUND('',#17694,.F.);
#17694 = EDGE_LOOP('',(#17695,#17696,#17697,#17698));
#17695 = ORIENTED_EDGE('',*,*,#17679,.F.);
#17696 = ORIENTED_EDGE('',*,*,#15515,.T.);
#17697 = ORIENTED_EDGE('',*,*,#17662,.T.);
#17698 = ORIENTED_EDGE('',*,*,#14335,.T.);
#17699 = PLANE('',#17700);
#17700 = AXIS2_PLACEMENT_3D('',#17701,#17702,#17703);
#17701 = CARTESIAN_POINT('',(36.223501,-33.287358,44.374688));
#17702 = DIRECTION('',(1.,0.,2.22044604925E-16));
#17703 = DIRECTION('',(2.22044604925E-16,0.,-1.));
#17704 = ADVANCED_FACE('',(#17705),#17721,.T.);
#17705 = FACE_BOUND('',#17706,.T.);
#17706 = EDGE_LOOP('',(#17707,#17713,#17714,#17720));
#17707 = ORIENTED_EDGE('',*,*,#17708,.F.);
#17708 = EDGE_CURVE('',#15492,#14354,#17709,.T.);
#17709 = LINE('',#17710,#17711);
#17710 = CARTESIAN_POINT('',(27.823501,-33.287358,52.374688));
#17711 = VECTOR('',#17712,1.);
#17712 = DIRECTION('',(0.,1.,0.));
#17713 = ORIENTED_EDGE('',*,*,#15499,.T.);
#17714 = ORIENTED_EDGE('',*,*,#17715,.T.);
#17715 = EDGE_CURVE('',#15500,#14352,#17716,.T.);
#17716 = LINE('',#17717,#17718);
#17717 = CARTESIAN_POINT('',(27.823501,-33.287358,48.374688));
#17718 = VECTOR('',#17719,1.);
#17719 = DIRECTION('',(0.,1.,0.));
#17720 = ORIENTED_EDGE('',*,*,#14351,.T.);
#17721 = PLANE('',#17722);
#17722 = AXIS2_PLACEMENT_3D('',#17723,#17724,#17725);
#17723 = CARTESIAN_POINT('',(27.823501,-33.287358,52.374688));
#17724 = DIRECTION('',(1.,0.,2.22044604925E-16));
#17725 = DIRECTION('',(2.22044604925E-16,0.,-1.));
#17726 = ADVANCED_FACE('',(#17727),#17738,.F.);
#17727 = FACE_BOUND('',#17728,.F.);
#17728 = EDGE_LOOP('',(#17729,#17735,#17736,#17737));
#17729 = ORIENTED_EDGE('',*,*,#17730,.F.);
#17730 = EDGE_CURVE('',#15484,#14370,#17731,.T.);
#17731 = LINE('',#17732,#17733);
#17732 = CARTESIAN_POINT('',(36.223501,-33.287358,48.374688));
#17733 = VECTOR('',#17734,1.);
#17734 = DIRECTION('',(0.,1.,0.));
#17735 = ORIENTED_EDGE('',*,*,#15507,.T.);
#17736 = ORIENTED_EDGE('',*,*,#17715,.T.);
#17737 = ORIENTED_EDGE('',*,*,#14377,.T.);
#17738 = PLANE('',#17739);
#17739 = AXIS2_PLACEMENT_3D('',#17740,#17741,#17742);
#17740 = CARTESIAN_POINT('',(27.823501,-33.287358,48.374688));
#17741 = DIRECTION('',(2.22044604925E-16,0.,-1.));
#17742 = DIRECTION('',(1.,0.,2.22044604925E-16));
#17743 = ADVANCED_FACE('',(#17744),#17755,.T.);
#17744 = FACE_BOUND('',#17745,.T.);
#17745 = EDGE_LOOP('',(#17746,#17752,#17753,#17754));
#17746 = ORIENTED_EDGE('',*,*,#17747,.F.);
#17747 = EDGE_CURVE('',#15482,#14362,#17748,.T.);
#17748 = LINE('',#17749,#17750);
#17749 = CARTESIAN_POINT('',(36.223501,-33.287358,52.374688));
#17750 = VECTOR('',#17751,1.);
#17751 = DIRECTION('',(0.,1.,0.));
#17752 = ORIENTED_EDGE('',*,*,#15491,.T.);
#17753 = ORIENTED_EDGE('',*,*,#17708,.T.);
#17754 = ORIENTED_EDGE('',*,*,#14361,.T.);
#17755 = PLANE('',#17756);
#17756 = AXIS2_PLACEMENT_3D('',#17757,#17758,#17759);
#17757 = CARTESIAN_POINT('',(27.823501,-33.287358,52.374688));
#17758 = DIRECTION('',(2.22044604925E-16,0.,-1.));
#17759 = DIRECTION('',(1.,0.,2.22044604925E-16));
#17760 = ADVANCED_FACE('',(#17761),#17767,.F.);
#17761 = FACE_BOUND('',#17762,.F.);
#17762 = EDGE_LOOP('',(#17763,#17764,#17765,#17766));
#17763 = ORIENTED_EDGE('',*,*,#17747,.F.);
#17764 = ORIENTED_EDGE('',*,*,#15481,.T.);
#17765 = ORIENTED_EDGE('',*,*,#17730,.T.);
#17766 = ORIENTED_EDGE('',*,*,#14369,.T.);
#17767 = PLANE('',#17768);
#17768 = AXIS2_PLACEMENT_3D('',#17769,#17770,#17771);
#17769 = CARTESIAN_POINT('',(36.223501,-33.287358,52.374688));
#17770 = DIRECTION('',(1.,0.,2.22044604925E-16));
#17771 = DIRECTION('',(2.22044604925E-16,0.,-1.));
#17772 = ADVANCED_FACE('',(#17773),#17789,.T.);
#17773 = FACE_BOUND('',#17774,.T.);
#17774 = EDGE_LOOP('',(#17775,#17781,#17782,#17788));
#17775 = ORIENTED_EDGE('',*,*,#17776,.F.);
#17776 = EDGE_CURVE('',#15458,#14388,#17777,.T.);
#17777 = LINE('',#17778,#17779);
#17778 = CARTESIAN_POINT('',(27.823501,-33.287358,60.374688));
#17779 = VECTOR('',#17780,1.);
#17780 = DIRECTION('',(0.,1.,0.));
#17781 = ORIENTED_EDGE('',*,*,#15465,.T.);
#17782 = ORIENTED_EDGE('',*,*,#17783,.T.);
#17783 = EDGE_CURVE('',#15466,#14386,#17784,.T.);
#17784 = LINE('',#17785,#17786);
#17785 = CARTESIAN_POINT('',(27.823501,-33.287358,56.374688));
#17786 = VECTOR('',#17787,1.);
#17787 = DIRECTION('',(0.,1.,0.));
#17788 = ORIENTED_EDGE('',*,*,#14385,.T.);
#17789 = PLANE('',#17790);
#17790 = AXIS2_PLACEMENT_3D('',#17791,#17792,#17793);
#17791 = CARTESIAN_POINT('',(27.823501,-33.287358,60.374688));
#17792 = DIRECTION('',(1.,0.,2.22044604925E-16));
#17793 = DIRECTION('',(2.22044604925E-16,0.,-1.));
#17794 = ADVANCED_FACE('',(#17795),#17806,.F.);
#17795 = FACE_BOUND('',#17796,.F.);
#17796 = EDGE_LOOP('',(#17797,#17803,#17804,#17805));
#17797 = ORIENTED_EDGE('',*,*,#17798,.F.);
#17798 = EDGE_CURVE('',#15450,#14404,#17799,.T.);
#17799 = LINE('',#17800,#17801);
#17800 = CARTESIAN_POINT('',(36.223501,-33.287358,56.374688));
#17801 = VECTOR('',#17802,1.);
#17802 = DIRECTION('',(0.,1.,0.));
#17803 = ORIENTED_EDGE('',*,*,#15473,.T.);
#17804 = ORIENTED_EDGE('',*,*,#17783,.T.);
#17805 = ORIENTED_EDGE('',*,*,#14411,.T.);
#17806 = PLANE('',#17807);
#17807 = AXIS2_PLACEMENT_3D('',#17808,#17809,#17810);
#17808 = CARTESIAN_POINT('',(27.823501,-33.287358,56.374688));
#17809 = DIRECTION('',(2.22044604925E-16,0.,-1.));
#17810 = DIRECTION('',(1.,0.,2.22044604925E-16));
#17811 = ADVANCED_FACE('',(#17812),#17823,.T.);
#17812 = FACE_BOUND('',#17813,.T.);
#17813 = EDGE_LOOP('',(#17814,#17820,#17821,#17822));
#17814 = ORIENTED_EDGE('',*,*,#17815,.F.);
#17815 = EDGE_CURVE('',#15448,#14396,#17816,.T.);
#17816 = LINE('',#17817,#17818);
#17817 = CARTESIAN_POINT('',(36.223501,-33.287358,60.374688));
#17818 = VECTOR('',#17819,1.);
#17819 = DIRECTION('',(0.,1.,0.));
#17820 = ORIENTED_EDGE('',*,*,#15457,.T.);
#17821 = ORIENTED_EDGE('',*,*,#17776,.T.);
#17822 = ORIENTED_EDGE('',*,*,#14395,.T.);
#17823 = PLANE('',#17824);
#17824 = AXIS2_PLACEMENT_3D('',#17825,#17826,#17827);
#17825 = CARTESIAN_POINT('',(27.823501,-33.287358,60.374688));
#17826 = DIRECTION('',(2.22044604925E-16,0.,-1.));
#17827 = DIRECTION('',(1.,0.,2.22044604925E-16));
#17828 = ADVANCED_FACE('',(#17829),#17835,.F.);
#17829 = FACE_BOUND('',#17830,.F.);
#17830 = EDGE_LOOP('',(#17831,#17832,#17833,#17834));
#17831 = ORIENTED_EDGE('',*,*,#17815,.F.);
#17832 = ORIENTED_EDGE('',*,*,#15447,.T.);
#17833 = ORIENTED_EDGE('',*,*,#17798,.T.);
#17834 = ORIENTED_EDGE('',*,*,#14403,.T.);
#17835 = PLANE('',#17836);
#17836 = AXIS2_PLACEMENT_3D('',#17837,#17838,#17839);
#17837 = CARTESIAN_POINT('',(36.223501,-33.287358,60.374688));
#17838 = DIRECTION('',(1.,0.,2.22044604925E-16));
#17839 = DIRECTION('',(2.22044604925E-16,0.,-1.));
#17840 = ADVANCED_FACE('',(#17841),#17857,.F.);
#17841 = FACE_BOUND('',#17842,.F.);
#17842 = EDGE_LOOP('',(#17843,#17844,#17850,#17851));
#17843 = ORIENTED_EDGE('',*,*,#14453,.F.);
#17844 = ORIENTED_EDGE('',*,*,#17845,.F.);
#17845 = EDGE_CURVE('',#15413,#14446,#17846,.T.);
#17846 = LINE('',#17847,#17848);
#17847 = CARTESIAN_POINT('',(24.823501,29.987358,54.056016));
#17848 = VECTOR('',#17849,1.);
#17849 = DIRECTION('',(-2.22044604925E-16,0.,1.));
#17850 = ORIENTED_EDGE('',*,*,#17403,.T.);
#17851 = ORIENTED_EDGE('',*,*,#17852,.T.);
#17852 = EDGE_CURVE('',#14210,#14186,#17853,.T.);
#17853 = LINE('',#17854,#17855);
#17854 = CARTESIAN_POINT('',(24.823501,32.787358,16.8));
#17855 = VECTOR('',#17856,1.);
#17856 = DIRECTION('',(-2.22044604925E-16,0.,1.));
#17857 = PLANE('',#17858);
#17858 = AXIS2_PLACEMENT_3D('',#17859,#17860,#17861);
#17859 = CARTESIAN_POINT('',(24.823501,0.25,41.737344));
#17860 = DIRECTION('',(1.,0.,2.22044604925E-16));
#17861 = DIRECTION('',(2.22044604925E-16,0.,-1.));
#17862 = ADVANCED_FACE('',(#17863),#17869,.F.);
#17863 = FACE_BOUND('',#17864,.F.);
#17864 = EDGE_LOOP('',(#17865,#17866,#17867,#17868));
#17865 = ORIENTED_EDGE('',*,*,#14501,.F.);
#17866 = ORIENTED_EDGE('',*,*,#14537,.F.);
#17867 = ORIENTED_EDGE('',*,*,#15308,.T.);
#17868 = ORIENTED_EDGE('',*,*,#14478,.T.);
#17869 = PLANE('',#17870);
#17870 = AXIS2_PLACEMENT_3D('',#17871,#17872,#17873);
#17871 = CARTESIAN_POINT('',(24.823501,-25.487358,69.274688));
#17872 = DIRECTION('',(2.22044604925E-16,0.,-1.));
#17873 = DIRECTION('',(1.,0.,2.22044604925E-16));
#17874 = ADVANCED_FACE('',(#17875),#17881,.F.);
#17875 = FACE_BOUND('',#17876,.F.);
#17876 = EDGE_LOOP('',(#17877,#17878,#17879,#17880));
#17877 = ORIENTED_EDGE('',*,*,#14691,.F.);
#17878 = ORIENTED_EDGE('',*,*,#14735,.F.);
#17879 = ORIENTED_EDGE('',*,*,#15263,.T.);
#17880 = ORIENTED_EDGE('',*,*,#14554,.T.);
#17881 = PLANE('',#17882);
#17882 = AXIS2_PLACEMENT_3D('',#17883,#17884,#17885);
#17883 = CARTESIAN_POINT('',(24.823501,-25.487358,69.274688));
#17884 = DIRECTION('',(2.22044604925E-16,0.,-1.));
#17885 = DIRECTION('',(1.,0.,2.22044604925E-16));
#17886 = ADVANCED_FACE('',(#17887,#17896),#17907,.F.);
#17887 = FACE_BOUND('',#17888,.F.);
#17888 = EDGE_LOOP('',(#17889,#17895));
#17889 = ORIENTED_EDGE('',*,*,#17890,.T.);
#17890 = EDGE_CURVE('',#14546,#14538,#17891,.T.);
#17891 = LINE('',#17892,#17893);
#17892 = CARTESIAN_POINT('',(24.823501,-25.487358,69.274688));
#17893 = VECTOR('',#17894,1.);
#17894 = DIRECTION('',(0.,1.,0.));
#17895 = ORIENTED_EDGE('',*,*,#14545,.T.);
#17896 = FACE_BOUND('',#17897,.F.);
#17897 = EDGE_LOOP('',(#17898));
#17898 = ORIENTED_EDGE('',*,*,#17899,.F.);
#17899 = EDGE_CURVE('',#17900,#17900,#17902,.T.);
#17900 = VERTEX_POINT('',#17901);
#17901 = CARTESIAN_POINT('',(24.823501,21.938,70.474688));
#17902 = CIRCLE('',#17903,1.7);
#17903 = AXIS2_PLACEMENT_3D('',#17904,#17905,#17906);
#17904 = CARTESIAN_POINT('',(24.823501,21.938,72.174688));
#17905 = DIRECTION('',(1.,-0.,2.22044604925E-16));
#17906 = DIRECTION('',(2.22044604925E-16,0.,-1.));
#17907 = PLANE('',#17908);
#17908 = AXIS2_PLACEMENT_3D('',#17909,#17910,#17911);
#17909 = CARTESIAN_POINT('',(24.823501,21.938,72.174688));
#17910 = DIRECTION('',(1.,0.,2.22044604925E-16));
#17911 = DIRECTION('',(2.22044604925E-16,0.,-1.));
#17912 = ADVANCED_FACE('',(#17913),#17932,.F.);
#17913 = FACE_BOUND('',#17914,.F.);
#17914 = EDGE_LOOP('',(#17915,#17916,#17924,#17931));
#17915 = ORIENTED_EDGE('',*,*,#14603,.F.);
#17916 = ORIENTED_EDGE('',*,*,#17917,.F.);
#17917 = EDGE_CURVE('',#17918,#14604,#17920,.T.);
#17918 = VERTEX_POINT('',#17919);
#17919 = CARTESIAN_POINT('',(28.023501,21.938,69.324688));
#17920 = LINE('',#17921,#17922);
#17921 = CARTESIAN_POINT('',(28.023501,21.938,69.324688));
#17922 = VECTOR('',#17923,1.);
#17923 = DIRECTION('',(1.,0.,2.22044604925E-16));
#17924 = ORIENTED_EDGE('',*,*,#17925,.T.);
#17925 = EDGE_CURVE('',#17918,#17918,#17926,.T.);
#17926 = CIRCLE('',#17927,2.85);
#17927 = AXIS2_PLACEMENT_3D('',#17928,#17929,#17930);
#17928 = CARTESIAN_POINT('',(28.023501,21.938,72.174688));
#17929 = DIRECTION('',(1.,-0.,2.22044604925E-16));
#17930 = DIRECTION('',(2.22044604925E-16,0.,-1.));
#17931 = ORIENTED_EDGE('',*,*,#17917,.T.);
#17932 = CYLINDRICAL_SURFACE('',#17933,2.85);
#17933 = AXIS2_PLACEMENT_3D('',#17934,#17935,#17936);
#17934 = CARTESIAN_POINT('',(28.023501,21.938,72.174688));
#17935 = DIRECTION('',(1.,0.,2.22044604925E-16));
#17936 = DIRECTION('',(2.22044604925E-16,0.,-1.));
#17937 = ADVANCED_FACE('',(#17938),#17944,.T.);
#17938 = FACE_BOUND('',#17939,.T.);
#17939 = EDGE_LOOP('',(#17940,#17941,#17942,#17943));
#17940 = ORIENTED_EDGE('',*,*,#14784,.F.);
#17941 = ORIENTED_EDGE('',*,*,#14716,.F.);
#17942 = ORIENTED_EDGE('',*,*,#14885,.T.);
#17943 = ORIENTED_EDGE('',*,*,#14828,.T.);
#17944 = CYLINDRICAL_SURFACE('',#17945,4.5);
#17945 = AXIS2_PLACEMENT_3D('',#17946,#17947,#17948);
#17946 = CARTESIAN_POINT('',(24.823501,-20.062,72.174688));
#17947 = DIRECTION('',(1.,0.,2.22044604925E-16));
#17948 = DIRECTION('',(2.22044604925E-16,0.,-1.));
#17949 = ADVANCED_FACE('',(#17950),#17956,.F.);
#17950 = FACE_BOUND('',#17951,.F.);
#17951 = EDGE_LOOP('',(#17952,#17953,#17954,#17955));
#17952 = ORIENTED_EDGE('',*,*,#14904,.F.);
#17953 = ORIENTED_EDGE('',*,*,#14936,.F.);
#17954 = ORIENTED_EDGE('',*,*,#15224,.T.);
#17955 = ORIENTED_EDGE('',*,*,#14752,.T.);
#17956 = PLANE('',#17957);
#17957 = AXIS2_PLACEMENT_3D('',#17958,#17959,#17960);
#17958 = CARTESIAN_POINT('',(24.823501,-25.487358,69.274688));
#17959 = DIRECTION('',(2.22044604925E-16,0.,-1.));
#17960 = DIRECTION('',(1.,0.,2.22044604925E-16));
#17961 = ADVANCED_FACE('',(#17962,#17971),#17982,.F.);
#17962 = FACE_BOUND('',#17963,.F.);
#17963 = EDGE_LOOP('',(#17964,#17970));
#17964 = ORIENTED_EDGE('',*,*,#17965,.T.);
#17965 = EDGE_CURVE('',#14744,#14736,#17966,.T.);
#17966 = LINE('',#17967,#17968);
#17967 = CARTESIAN_POINT('',(24.823501,-25.487358,69.274688));
#17968 = VECTOR('',#17969,1.);
#17969 = DIRECTION('',(0.,1.,0.));
#17970 = ORIENTED_EDGE('',*,*,#14743,.T.);
#17971 = FACE_BOUND('',#17972,.F.);
#17972 = EDGE_LOOP('',(#17973));
#17973 = ORIENTED_EDGE('',*,*,#17974,.F.);
#17974 = EDGE_CURVE('',#17975,#17975,#17977,.T.);
#17975 = VERTEX_POINT('',#17976);
#17976 = CARTESIAN_POINT('',(24.823501,-20.062,70.474688));
#17977 = CIRCLE('',#17978,1.7);
#17978 = AXIS2_PLACEMENT_3D('',#17979,#17980,#17981);
#17979 = CARTESIAN_POINT('',(24.823501,-20.062,72.174688));
#17980 = DIRECTION('',(1.,-0.,2.22044604925E-16));
#17981 = DIRECTION('',(2.22044604925E-16,0.,-1.));
#17982 = PLANE('',#17983);
#17983 = AXIS2_PLACEMENT_3D('',#17984,#17985,#17986);
#17984 = CARTESIAN_POINT('',(24.823501,-20.062,72.174688));
#17985 = DIRECTION('',(1.,0.,2.22044604925E-16));
#17986 = DIRECTION('',(2.22044604925E-16,0.,-1.));
#17987 = ADVANCED_FACE('',(#17988),#18007,.F.);
#17988 = FACE_BOUND('',#17989,.F.);
#17989 = EDGE_LOOP('',(#17990,#17991,#17999,#18006));
#17990 = ORIENTED_EDGE('',*,*,#14802,.F.);
#17991 = ORIENTED_EDGE('',*,*,#17992,.F.);
#17992 = EDGE_CURVE('',#17993,#14803,#17995,.T.);
#17993 = VERTEX_POINT('',#17994);
#17994 = CARTESIAN_POINT('',(28.023501,-20.062,69.324688));
#17995 = LINE('',#17996,#17997);
#17996 = CARTESIAN_POINT('',(28.023501,-20.062,69.324688));
#17997 = VECTOR('',#17998,1.);
#17998 = DIRECTION('',(1.,0.,2.22044604925E-16));
#17999 = ORIENTED_EDGE('',*,*,#18000,.T.);
#18000 = EDGE_CURVE('',#17993,#17993,#18001,.T.);
#18001 = CIRCLE('',#18002,2.85);
#18002 = AXIS2_PLACEMENT_3D('',#18003,#18004,#18005);
#18003 = CARTESIAN_POINT('',(28.023501,-20.062,72.174688));
#18004 = DIRECTION('',(1.,-0.,2.22044604925E-16));
#18005 = DIRECTION('',(2.22044604925E-16,0.,-1.));
#18006 = ORIENTED_EDGE('',*,*,#17992,.T.);
#18007 = CYLINDRICAL_SURFACE('',#18008,2.85);
#18008 = AXIS2_PLACEMENT_3D('',#18009,#18010,#18011);
#18009 = CARTESIAN_POINT('',(28.023501,-20.062,72.174688));
#18010 = DIRECTION('',(1.,0.,2.22044604925E-16));
#18011 = DIRECTION('',(2.22044604925E-16,0.,-1.));
#18012 = ADVANCED_FACE('',(#18013),#18019,.F.);
#18013 = FACE_BOUND('',#18014,.F.);
#18014 = EDGE_LOOP('',(#18015,#18016,#18017,#18018));
#18015 = ORIENTED_EDGE('',*,*,#17965,.F.);
#18016 = ORIENTED_EDGE('',*,*,#15232,.T.);
#18017 = ORIENTED_EDGE('',*,*,#15247,.F.);
#18018 = ORIENTED_EDGE('',*,*,#15269,.T.);
#18019 = PLANE('',#18020);
#18020 = AXIS2_PLACEMENT_3D('',#18021,#18022,#18023);
#18021 = CARTESIAN_POINT('',(24.823501,-25.487358,69.274688));
#18022 = DIRECTION('',(1.,0.,2.22044604925E-16));
#18023 = DIRECTION('',(2.22044604925E-16,0.,-1.));
#18024 = ADVANCED_FACE('',(#18025),#18031,.F.);
#18025 = FACE_BOUND('',#18026,.F.);
#18026 = EDGE_LOOP('',(#18027,#18028,#18029,#18030));
#18027 = ORIENTED_EDGE('',*,*,#17890,.F.);
#18028 = ORIENTED_EDGE('',*,*,#15277,.T.);
#18029 = ORIENTED_EDGE('',*,*,#15292,.F.);
#18030 = ORIENTED_EDGE('',*,*,#15314,.T.);
#18031 = PLANE('',#18032);
#18032 = AXIS2_PLACEMENT_3D('',#18033,#18034,#18035);
#18033 = CARTESIAN_POINT('',(24.823501,-25.487358,69.274688));
#18034 = DIRECTION('',(1.,0.,2.22044604925E-16));
#18035 = DIRECTION('',(2.22044604925E-16,0.,-1.));
#18036 = ADVANCED_FACE('',(#18037),#18062,.F.);
#18037 = FACE_BOUND('',#18038,.F.);
#18038 = EDGE_LOOP('',(#18039,#18047,#18055,#18061));
#18039 = ORIENTED_EDGE('',*,*,#18040,.F.);
#18040 = EDGE_CURVE('',#18041,#15333,#18043,.T.);
#18041 = VERTEX_POINT('',#18042);
#18042 = CARTESIAN_POINT('',(24.123501,-25.487358,64.074688));
#18043 = LINE('',#18044,#18045);
#18044 = CARTESIAN_POINT('',(24.123501,-25.487358,64.074688));
#18045 = VECTOR('',#18046,1.);
#18046 = DIRECTION('',(1.,0.,2.22044604925E-16));
#18047 = ORIENTED_EDGE('',*,*,#18048,.T.);
#18048 = EDGE_CURVE('',#18041,#18049,#18051,.T.);
#18049 = VERTEX_POINT('',#18050);
#18050 = CARTESIAN_POINT('',(24.123501,25.487358,64.074688));
#18051 = LINE('',#18052,#18053);
#18052 = CARTESIAN_POINT('',(24.123501,-25.487358,64.074688));
#18053 = VECTOR('',#18054,1.);
#18054 = DIRECTION('',(0.,1.,0.));
#18055 = ORIENTED_EDGE('',*,*,#18056,.T.);
#18056 = EDGE_CURVE('',#18049,#15341,#18057,.T.);
#18057 = LINE('',#18058,#18059);
#18058 = CARTESIAN_POINT('',(24.123501,25.487358,64.074688));
#18059 = VECTOR('',#18060,1.);
#18060 = DIRECTION('',(1.,0.,2.22044604925E-16));
#18061 = ORIENTED_EDGE('',*,*,#15340,.F.);
#18062 = PLANE('',#18063);
#18063 = AXIS2_PLACEMENT_3D('',#18064,#18065,#18066);
#18064 = CARTESIAN_POINT('',(24.123501,-25.487358,64.074688));
#18065 = DIRECTION('',(2.22044604925E-16,0.,-1.));
#18066 = DIRECTION('',(1.,0.,2.22044604925E-16));
#18067 = ADVANCED_FACE('',(#18068),#18109,.F.);
#18068 = FACE_BOUND('',#18069,.F.);
#18069 = EDGE_LOOP('',(#18070,#18080,#18088,#18096,#18102,#18103));
#18070 = ORIENTED_EDGE('',*,*,#18071,.F.);
#18071 = EDGE_CURVE('',#18072,#18074,#18076,.T.);
#18072 = VERTEX_POINT('',#18073);
#18073 = CARTESIAN_POINT('',(24.923501,27.687358,60.974688));
#18074 = VERTEX_POINT('',#18075);
#18075 = CARTESIAN_POINT('',(27.623501,27.687358,60.974688));
#18076 = LINE('',#18077,#18078);
#18077 = CARTESIAN_POINT('',(24.823501,27.687358,60.974688));
#18078 = VECTOR('',#18079,1.);
#18079 = DIRECTION('',(1.,0.,2.22044604925E-16));
#18080 = ORIENTED_EDGE('',*,*,#18081,.T.);
#18081 = EDGE_CURVE('',#18072,#18082,#18084,.T.);
#18082 = VERTEX_POINT('',#18083);
#18083 = CARTESIAN_POINT('',(24.923501,28.587358,60.974688));
#18084 = LINE('',#18085,#18086);
#18085 = CARTESIAN_POINT('',(24.923501,27.687358,60.974688));
#18086 = VECTOR('',#18087,1.);
#18087 = DIRECTION('',(0.,1.,0.));
#18088 = ORIENTED_EDGE('',*,*,#18089,.F.);
#18089 = EDGE_CURVE('',#18090,#18082,#18092,.T.);
#18090 = VERTEX_POINT('',#18091);
#18091 = CARTESIAN_POINT('',(24.823501,28.587358,60.974688));
#18092 = LINE('',#18093,#18094);
#18093 = CARTESIAN_POINT('',(24.123501,28.587358,60.974688));
#18094 = VECTOR('',#18095,1.);
#18095 = DIRECTION('',(1.,0.,2.22044604925E-16));
#18096 = ORIENTED_EDGE('',*,*,#18097,.T.);
#18097 = EDGE_CURVE('',#18090,#14446,#18098,.T.);
#18098 = LINE('',#18099,#18100);
#18099 = CARTESIAN_POINT('',(24.823501,27.687358,60.974688));
#18100 = VECTOR('',#18101,1.);
#18101 = DIRECTION('',(0.,1.,0.));
#18102 = ORIENTED_EDGE('',*,*,#15436,.F.);
#18103 = ORIENTED_EDGE('',*,*,#18104,.F.);
#18104 = EDGE_CURVE('',#18074,#15429,#18105,.T.);
#18105 = LINE('',#18106,#18107);
#18106 = CARTESIAN_POINT('',(27.623501,27.687358,60.974688));
#18107 = VECTOR('',#18108,1.);
#18108 = DIRECTION('',(0.,1.,0.));
#18109 = PLANE('',#18110);
#18110 = AXIS2_PLACEMENT_3D('',#18111,#18112,#18113);
#18111 = CARTESIAN_POINT('',(24.823501,27.687358,60.974688));
#18112 = DIRECTION('',(2.22044604925E-16,0.,-1.));
#18113 = DIRECTION('',(1.,0.,2.22044604925E-16));
#18114 = ADVANCED_FACE('',(#18115),#18133,.T.);
#18115 = FACE_BOUND('',#18116,.T.);
#18116 = EDGE_LOOP('',(#18117,#18118,#18126,#18132));
#18117 = ORIENTED_EDGE('',*,*,#18104,.F.);
#18118 = ORIENTED_EDGE('',*,*,#18119,.T.);
#18119 = EDGE_CURVE('',#18074,#18120,#18122,.T.);
#18120 = VERTEX_POINT('',#18121);
#18121 = CARTESIAN_POINT('',(27.623501,27.687358,30.609344));
#18122 = LINE('',#18123,#18124);
#18123 = CARTESIAN_POINT('',(27.623501,27.687358,60.974688));
#18124 = VECTOR('',#18125,1.);
#18125 = DIRECTION('',(2.22044604925E-16,0.,-1.));
#18126 = ORIENTED_EDGE('',*,*,#18127,.T.);
#18127 = EDGE_CURVE('',#18120,#15421,#18128,.T.);
#18128 = LINE('',#18129,#18130);
#18129 = CARTESIAN_POINT('',(27.623501,27.687358,30.609344));
#18130 = VECTOR('',#18131,1.);
#18131 = DIRECTION('',(0.,1.,0.));
#18132 = ORIENTED_EDGE('',*,*,#15428,.F.);
#18133 = PLANE('',#18134);
#18134 = AXIS2_PLACEMENT_3D('',#18135,#18136,#18137);
#18135 = CARTESIAN_POINT('',(27.623501,27.687358,60.974688));
#18136 = DIRECTION('',(1.,0.,2.22044604925E-16));
#18137 = DIRECTION('',(2.22044604925E-16,0.,-1.));
#18138 = ADVANCED_FACE('',(#18139),#18173,.T.);
#18139 = FACE_BOUND('',#18140,.T.);
#18140 = EDGE_LOOP('',(#18141,#18149,#18157,#18165,#18171,#18172));
#18141 = ORIENTED_EDGE('',*,*,#18142,.F.);
#18142 = EDGE_CURVE('',#18143,#18120,#18145,.T.);
#18143 = VERTEX_POINT('',#18144);
#18144 = CARTESIAN_POINT('',(24.923501,27.687358,30.609344));
#18145 = LINE('',#18146,#18147);
#18146 = CARTESIAN_POINT('',(24.823501,27.687358,30.609344));
#18147 = VECTOR('',#18148,1.);
#18148 = DIRECTION('',(1.,0.,2.22044604925E-16));
#18149 = ORIENTED_EDGE('',*,*,#18150,.T.);
#18150 = EDGE_CURVE('',#18143,#18151,#18153,.T.);
#18151 = VERTEX_POINT('',#18152);
#18152 = CARTESIAN_POINT('',(24.923501,28.587358,30.609344));
#18153 = LINE('',#18154,#18155);
#18154 = CARTESIAN_POINT('',(24.923501,27.687358,30.609344));
#18155 = VECTOR('',#18156,1.);
#18156 = DIRECTION('',(0.,1.,0.));
#18157 = ORIENTED_EDGE('',*,*,#18158,.F.);
#18158 = EDGE_CURVE('',#18159,#18151,#18161,.T.);
#18159 = VERTEX_POINT('',#18160);
#18160 = CARTESIAN_POINT('',(24.823501,28.587358,30.609344));
#18161 = LINE('',#18162,#18163);
#18162 = CARTESIAN_POINT('',(24.123501,28.587358,30.609344));
#18163 = VECTOR('',#18164,1.);
#18164 = DIRECTION('',(1.,0.,2.22044604925E-16));
#18165 = ORIENTED_EDGE('',*,*,#18166,.T.);
#18166 = EDGE_CURVE('',#18159,#15413,#18167,.T.);
#18167 = LINE('',#18168,#18169);
#18168 = CARTESIAN_POINT('',(24.823501,27.687358,30.609344));
#18169 = VECTOR('',#18170,1.);
#18170 = DIRECTION('',(0.,1.,0.));
#18171 = ORIENTED_EDGE('',*,*,#15420,.F.);
#18172 = ORIENTED_EDGE('',*,*,#18127,.F.);
#18173 = PLANE('',#18174);
#18174 = AXIS2_PLACEMENT_3D('',#18175,#18176,#18177);
#18175 = CARTESIAN_POINT('',(24.823501,27.687358,30.609344));
#18176 = DIRECTION('',(2.22044604925E-16,0.,-1.));
#18177 = DIRECTION('',(1.,0.,2.22044604925E-16));
#18178 = ADVANCED_FACE('',(#18179),#18220,.F.);
#18179 = FACE_BOUND('',#18180,.F.);
#18180 = EDGE_LOOP('',(#18181,#18191,#18199,#18207,#18213,#18214));
#18181 = ORIENTED_EDGE('',*,*,#18182,.F.);
#18182 = EDGE_CURVE('',#18183,#18185,#18187,.T.);
#18183 = VERTEX_POINT('',#18184);
#18184 = CARTESIAN_POINT('',(24.923501,27.687358,27.008344));
#18185 = VERTEX_POINT('',#18186);
#18186 = CARTESIAN_POINT('',(27.623501,27.687358,27.008344));
#18187 = LINE('',#18188,#18189);
#18188 = CARTESIAN_POINT('',(24.823501,27.687358,27.008344));
#18189 = VECTOR('',#18190,1.);
#18190 = DIRECTION('',(1.,0.,2.22044604925E-16));
#18191 = ORIENTED_EDGE('',*,*,#18192,.T.);
#18192 = EDGE_CURVE('',#18183,#18193,#18195,.T.);
#18193 = VERTEX_POINT('',#18194);
#18194 = CARTESIAN_POINT('',(24.923501,28.587358,27.008344));
#18195 = LINE('',#18196,#18197);
#18196 = CARTESIAN_POINT('',(24.923501,27.687358,27.008344));
#18197 = VECTOR('',#18198,1.);
#18198 = DIRECTION('',(0.,1.,0.));
#18199 = ORIENTED_EDGE('',*,*,#18200,.F.);
#18200 = EDGE_CURVE('',#18201,#18193,#18203,.T.);
#18201 = VERTEX_POINT('',#18202);
#18202 = CARTESIAN_POINT('',(24.823501,28.587358,27.008344));
#18203 = LINE('',#18204,#18205);
#18204 = CARTESIAN_POINT('',(24.123501,28.587358,27.008344));
#18205 = VECTOR('',#18206,1.);
#18206 = DIRECTION('',(1.,0.,2.22044604925E-16));
#18207 = ORIENTED_EDGE('',*,*,#18208,.T.);
#18208 = EDGE_CURVE('',#18201,#15405,#18209,.T.);
#18209 = LINE('',#18210,#18211);
#18210 = CARTESIAN_POINT('',(24.823501,27.687358,27.008344));
#18211 = VECTOR('',#18212,1.);
#18212 = DIRECTION('',(0.,1.,0.));
#18213 = ORIENTED_EDGE('',*,*,#15404,.F.);
#18214 = ORIENTED_EDGE('',*,*,#18215,.F.);
#18215 = EDGE_CURVE('',#18185,#15397,#18216,.T.);
#18216 = LINE('',#18217,#18218);
#18217 = CARTESIAN_POINT('',(27.623501,27.687358,27.008344));
#18218 = VECTOR('',#18219,1.);
#18219 = DIRECTION('',(0.,1.,0.));
#18220 = PLANE('',#18221);
#18221 = AXIS2_PLACEMENT_3D('',#18222,#18223,#18224);
#18222 = CARTESIAN_POINT('',(24.823501,27.687358,27.008344));
#18223 = DIRECTION('',(2.22044604925E-16,0.,-1.));
#18224 = DIRECTION('',(1.,0.,2.22044604925E-16));
#18225 = ADVANCED_FACE('',(#18226),#18244,.T.);
#18226 = FACE_BOUND('',#18227,.T.);
#18227 = EDGE_LOOP('',(#18228,#18229,#18237,#18243));
#18228 = ORIENTED_EDGE('',*,*,#18215,.F.);
#18229 = ORIENTED_EDGE('',*,*,#18230,.T.);
#18230 = EDGE_CURVE('',#18185,#18231,#18233,.T.);
#18231 = VERTEX_POINT('',#18232);
#18232 = CARTESIAN_POINT('',(27.623501,27.687358,22.5));
#18233 = LINE('',#18234,#18235);
#18234 = CARTESIAN_POINT('',(27.623501,27.687358,27.008344));
#18235 = VECTOR('',#18236,1.);
#18236 = DIRECTION('',(2.22044604925E-16,0.,-1.));
#18237 = ORIENTED_EDGE('',*,*,#18238,.T.);
#18238 = EDGE_CURVE('',#18231,#15389,#18239,.T.);
#18239 = LINE('',#18240,#18241);
#18240 = CARTESIAN_POINT('',(27.623501,27.687358,22.5));
#18241 = VECTOR('',#18242,1.);
#18242 = DIRECTION('',(0.,1.,0.));
#18243 = ORIENTED_EDGE('',*,*,#15396,.F.);
#18244 = PLANE('',#18245);
#18245 = AXIS2_PLACEMENT_3D('',#18246,#18247,#18248);
#18246 = CARTESIAN_POINT('',(27.623501,27.687358,27.008344));
#18247 = DIRECTION('',(1.,0.,2.22044604925E-16));
#18248 = DIRECTION('',(2.22044604925E-16,0.,-1.));
#18249 = ADVANCED_FACE('',(#18250),#18284,.T.);
#18250 = FACE_BOUND('',#18251,.T.);
#18251 = EDGE_LOOP('',(#18252,#18260,#18268,#18276,#18282,#18283));
#18252 = ORIENTED_EDGE('',*,*,#18253,.F.);
#18253 = EDGE_CURVE('',#18254,#18231,#18256,.T.);
#18254 = VERTEX_POINT('',#18255);
#18255 = CARTESIAN_POINT('',(24.923501,27.687358,22.5));
#18256 = LINE('',#18257,#18258);
#18257 = CARTESIAN_POINT('',(24.823501,27.687358,22.5));
#18258 = VECTOR('',#18259,1.);
#18259 = DIRECTION('',(1.,0.,2.22044604925E-16));
#18260 = ORIENTED_EDGE('',*,*,#18261,.T.);
#18261 = EDGE_CURVE('',#18254,#18262,#18264,.T.);
#18262 = VERTEX_POINT('',#18263);
#18263 = CARTESIAN_POINT('',(24.923501,28.587358,22.5));
#18264 = LINE('',#18265,#18266);
#18265 = CARTESIAN_POINT('',(24.923501,27.687358,22.5));
#18266 = VECTOR('',#18267,1.);
#18267 = DIRECTION('',(0.,1.,0.));
#18268 = ORIENTED_EDGE('',*,*,#18269,.F.);
#18269 = EDGE_CURVE('',#18270,#18262,#18272,.T.);
#18270 = VERTEX_POINT('',#18271);
#18271 = CARTESIAN_POINT('',(24.823501,28.587358,22.5));
#18272 = LINE('',#18273,#18274);
#18273 = CARTESIAN_POINT('',(24.123501,28.587358,22.5));
#18274 = VECTOR('',#18275,1.);
#18275 = DIRECTION('',(1.,0.,2.22044604925E-16));
#18276 = ORIENTED_EDGE('',*,*,#18277,.T.);
#18277 = EDGE_CURVE('',#18270,#15381,#18278,.T.);
#18278 = LINE('',#18279,#18280);
#18279 = CARTESIAN_POINT('',(24.823501,27.687358,22.5));
#18280 = VECTOR('',#18281,1.);
#18281 = DIRECTION('',(0.,1.,0.));
#18282 = ORIENTED_EDGE('',*,*,#15388,.F.);
#18283 = ORIENTED_EDGE('',*,*,#18238,.F.);
#18284 = PLANE('',#18285);
#18285 = AXIS2_PLACEMENT_3D('',#18286,#18287,#18288);
#18286 = CARTESIAN_POINT('',(24.823501,27.687358,22.5));
#18287 = DIRECTION('',(2.22044604925E-16,0.,-1.));
#18288 = DIRECTION('',(1.,0.,2.22044604925E-16));
#18289 = ADVANCED_FACE('',(#18290),#18308,.T.);
#18290 = FACE_BOUND('',#18291,.T.);
#18291 = EDGE_LOOP('',(#18292,#18300,#18301,#18302));
#18292 = ORIENTED_EDGE('',*,*,#18293,.F.);
#18293 = EDGE_CURVE('',#15341,#18294,#18296,.T.);
#18294 = VERTEX_POINT('',#18295);
#18295 = CARTESIAN_POINT('',(24.823501,25.487358,63.174688));
#18296 = LINE('',#18297,#18298);
#18297 = CARTESIAN_POINT('',(24.823501,25.487358,69.274688));
#18298 = VECTOR('',#18299,1.);
#18299 = DIRECTION('',(2.22044604925E-16,0.,-1.));
#18300 = ORIENTED_EDGE('',*,*,#15649,.T.);
#18301 = ORIENTED_EDGE('',*,*,#15641,.T.);
#18302 = ORIENTED_EDGE('',*,*,#18303,.F.);
#18303 = EDGE_CURVE('',#18294,#15634,#18304,.T.);
#18304 = LINE('',#18305,#18306);
#18305 = CARTESIAN_POINT('',(24.823501,25.487358,63.174688));
#18306 = VECTOR('',#18307,1.);
#18307 = DIRECTION('',(1.,0.,2.22044604925E-16));
#18308 = PLANE('',#18309);
#18309 = AXIS2_PLACEMENT_3D('',#18310,#18311,#18312);
#18310 = CARTESIAN_POINT('',(24.823501,25.487358,69.274688));
#18311 = DIRECTION('',(0.,1.,0.));
#18312 = DIRECTION('',(1.,0.,2.22044604925E-16));
#18313 = ADVANCED_FACE('',(#18314),#18325,.T.);
#18314 = FACE_BOUND('',#18315,.T.);
#18315 = EDGE_LOOP('',(#18316,#18317,#18323,#18324));
#18316 = ORIENTED_EDGE('',*,*,#15690,.F.);
#18317 = ORIENTED_EDGE('',*,*,#18318,.T.);
#18318 = EDGE_CURVE('',#15691,#15634,#18319,.T.);
#18319 = LINE('',#18320,#18321);
#18320 = CARTESIAN_POINT('',(24.923501,-25.487358,63.174688));
#18321 = VECTOR('',#18322,1.);
#18322 = DIRECTION('',(0.,1.,0.));
#18323 = ORIENTED_EDGE('',*,*,#15633,.T.);
#18324 = ORIENTED_EDGE('',*,*,#15672,.F.);
#18325 = PLANE('',#18326);
#18326 = AXIS2_PLACEMENT_3D('',#18327,#18328,#18329);
#18327 = CARTESIAN_POINT('',(24.823501,-25.487358,63.174688));
#18328 = DIRECTION('',(2.22044604925E-16,0.,-1.));
#18329 = DIRECTION('',(1.,0.,2.22044604925E-16));
#18330 = ADVANCED_FACE('',(#18331),#18349,.F.);
#18331 = FACE_BOUND('',#18332,.F.);
#18332 = EDGE_LOOP('',(#18333,#18341,#18342,#18343));
#18333 = ORIENTED_EDGE('',*,*,#18334,.F.);
#18334 = EDGE_CURVE('',#15333,#18335,#18337,.T.);
#18335 = VERTEX_POINT('',#18336);
#18336 = CARTESIAN_POINT('',(24.823501,-25.487358,63.174688));
#18337 = LINE('',#18338,#18339);
#18338 = CARTESIAN_POINT('',(24.823501,-25.487358,69.274688));
#18339 = VECTOR('',#18340,1.);
#18340 = DIRECTION('',(2.22044604925E-16,0.,-1.));
#18341 = ORIENTED_EDGE('',*,*,#15706,.T.);
#18342 = ORIENTED_EDGE('',*,*,#15698,.T.);
#18343 = ORIENTED_EDGE('',*,*,#18344,.F.);
#18344 = EDGE_CURVE('',#18335,#15691,#18345,.T.);
#18345 = LINE('',#18346,#18347);
#18346 = CARTESIAN_POINT('',(24.823501,-25.487358,63.174688));
#18347 = VECTOR('',#18348,1.);
#18348 = DIRECTION('',(1.,0.,2.22044604925E-16));
#18349 = PLANE('',#18350);
#18350 = AXIS2_PLACEMENT_3D('',#18351,#18352,#18353);
#18351 = CARTESIAN_POINT('',(24.823501,-25.487358,69.274688));
#18352 = DIRECTION('',(0.,1.,0.));
#18353 = DIRECTION('',(1.,0.,2.22044604925E-16));
#18354 = ADVANCED_FACE('',(#18355),#18366,.T.);
#18355 = FACE_BOUND('',#18356,.T.);
#18356 = EDGE_LOOP('',(#18357,#18363,#18364,#18365));
#18357 = ORIENTED_EDGE('',*,*,#18358,.F.);
#18358 = EDGE_CURVE('',#15746,#15810,#18359,.T.);
#18359 = LINE('',#18360,#18361);
#18360 = CARTESIAN_POINT('',(24.923501,-27.687358,60.974688));
#18361 = VECTOR('',#18362,1.);
#18362 = DIRECTION('',(2.22044604925E-16,0.,-1.));
#18363 = ORIENTED_EDGE('',*,*,#15753,.T.);
#18364 = ORIENTED_EDGE('',*,*,#15777,.T.);
#18365 = ORIENTED_EDGE('',*,*,#15817,.F.);
#18366 = PLANE('',#18367);
#18367 = AXIS2_PLACEMENT_3D('',#18368,#18369,#18370);
#18368 = CARTESIAN_POINT('',(24.823501,-27.687358,60.974688));
#18369 = DIRECTION('',(0.,1.,0.));
#18370 = DIRECTION('',(1.,0.,2.22044604925E-16));
#18371 = ADVANCED_FACE('',(#18372),#18390,.F.);
#18372 = FACE_BOUND('',#18373,.F.);
#18373 = EDGE_LOOP('',(#18374,#18375,#18383,#18389));
#18374 = ORIENTED_EDGE('',*,*,#15737,.F.);
#18375 = ORIENTED_EDGE('',*,*,#18376,.T.);
#18376 = EDGE_CURVE('',#15730,#18377,#18379,.T.);
#18377 = VERTEX_POINT('',#18378);
#18378 = CARTESIAN_POINT('',(24.823501,-27.687358,60.974688));
#18379 = LINE('',#18380,#18381);
#18380 = CARTESIAN_POINT('',(24.823501,-32.387358,60.974688));
#18381 = VECTOR('',#18382,1.);
#18382 = DIRECTION('',(0.,1.,0.));
#18383 = ORIENTED_EDGE('',*,*,#18384,.T.);
#18384 = EDGE_CURVE('',#18377,#15746,#18385,.T.);
#18385 = LINE('',#18386,#18387);
#18386 = CARTESIAN_POINT('',(24.823501,-27.687358,60.974688));
#18387 = VECTOR('',#18388,1.);
#18388 = DIRECTION('',(1.,0.,2.22044604925E-16));
#18389 = ORIENTED_EDGE('',*,*,#15745,.F.);
#18390 = PLANE('',#18391);
#18391 = AXIS2_PLACEMENT_3D('',#18392,#18393,#18394);
#18392 = CARTESIAN_POINT('',(24.823501,-32.387358,60.974688));
#18393 = DIRECTION('',(2.22044604925E-16,0.,-1.));
#18394 = DIRECTION('',(1.,0.,2.22044604925E-16));
#18395 = ADVANCED_FACE('',(#18396),#18414,.T.);
#18396 = FACE_BOUND('',#18397,.T.);
#18397 = EDGE_LOOP('',(#18398,#18399,#18407,#18413));
#18398 = ORIENTED_EDGE('',*,*,#15801,.F.);
#18399 = ORIENTED_EDGE('',*,*,#18400,.T.);
#18400 = EDGE_CURVE('',#15794,#18401,#18403,.T.);
#18401 = VERTEX_POINT('',#18402);
#18402 = CARTESIAN_POINT('',(24.823501,-27.687358,48.562344));
#18403 = LINE('',#18404,#18405);
#18404 = CARTESIAN_POINT('',(24.823501,-32.387358,48.562344));
#18405 = VECTOR('',#18406,1.);
#18406 = DIRECTION('',(0.,1.,0.));
#18407 = ORIENTED_EDGE('',*,*,#18408,.T.);
#18408 = EDGE_CURVE('',#18401,#15810,#18409,.T.);
#18409 = LINE('',#18410,#18411);
#18410 = CARTESIAN_POINT('',(24.823501,-27.687358,48.562344));
#18411 = VECTOR('',#18412,1.);
#18412 = DIRECTION('',(1.,0.,2.22044604925E-16));
#18413 = ORIENTED_EDGE('',*,*,#15809,.F.);
#18414 = PLANE('',#18415);
#18415 = AXIS2_PLACEMENT_3D('',#18416,#18417,#18418);
#18416 = CARTESIAN_POINT('',(24.823501,-32.387358,48.562344));
#18417 = DIRECTION('',(2.22044604925E-16,0.,-1.));
#18418 = DIRECTION('',(1.,0.,2.22044604925E-16));
#18419 = ADVANCED_FACE('',(#18420),#18431,.T.);
#18420 = FACE_BOUND('',#18421,.T.);
#18421 = EDGE_LOOP('',(#18422,#18428,#18429,#18430));
#18422 = ORIENTED_EDGE('',*,*,#18423,.F.);
#18423 = EDGE_CURVE('',#15857,#15921,#18424,.T.);
#18424 = LINE('',#18425,#18426);
#18425 = CARTESIAN_POINT('',(24.923501,-27.687358,34.962344));
#18426 = VECTOR('',#18427,1.);
#18427 = DIRECTION('',(2.22044604925E-16,0.,-1.));
#18428 = ORIENTED_EDGE('',*,*,#15864,.T.);
#18429 = ORIENTED_EDGE('',*,*,#15888,.T.);
#18430 = ORIENTED_EDGE('',*,*,#15928,.F.);
#18431 = PLANE('',#18432);
#18432 = AXIS2_PLACEMENT_3D('',#18433,#18434,#18435);
#18433 = CARTESIAN_POINT('',(24.823501,-27.687358,34.962344));
#18434 = DIRECTION('',(0.,1.,0.));
#18435 = DIRECTION('',(1.,0.,2.22044604925E-16));
#18436 = ADVANCED_FACE('',(#18437),#18455,.F.);
#18437 = FACE_BOUND('',#18438,.F.);
#18438 = EDGE_LOOP('',(#18439,#18440,#18448,#18454));
#18439 = ORIENTED_EDGE('',*,*,#15848,.F.);
#18440 = ORIENTED_EDGE('',*,*,#18441,.T.);
#18441 = EDGE_CURVE('',#15841,#18442,#18444,.T.);
#18442 = VERTEX_POINT('',#18443);
#18443 = CARTESIAN_POINT('',(24.823501,-27.687358,34.962344));
#18444 = LINE('',#18445,#18446);
#18445 = CARTESIAN_POINT('',(24.823501,-32.387358,34.962344));
#18446 = VECTOR('',#18447,1.);
#18447 = DIRECTION('',(0.,1.,0.));
#18448 = ORIENTED_EDGE('',*,*,#18449,.T.);
#18449 = EDGE_CURVE('',#18442,#15857,#18450,.T.);
#18450 = LINE('',#18451,#18452);
#18451 = CARTESIAN_POINT('',(24.823501,-27.687358,34.962344));
#18452 = VECTOR('',#18453,1.);
#18453 = DIRECTION('',(1.,0.,2.22044604925E-16));
#18454 = ORIENTED_EDGE('',*,*,#15856,.F.);
#18455 = PLANE('',#18456);
#18456 = AXIS2_PLACEMENT_3D('',#18457,#18458,#18459);
#18457 = CARTESIAN_POINT('',(24.823501,-32.387358,34.962344));
#18458 = DIRECTION('',(2.22044604925E-16,0.,-1.));
#18459 = DIRECTION('',(1.,0.,2.22044604925E-16));
#18460 = ADVANCED_FACE('',(#18461),#18479,.T.);
#18461 = FACE_BOUND('',#18462,.T.);
#18462 = EDGE_LOOP('',(#18463,#18464,#18472,#18478));
#18463 = ORIENTED_EDGE('',*,*,#15912,.F.);
#18464 = ORIENTED_EDGE('',*,*,#18465,.T.);
#18465 = EDGE_CURVE('',#15905,#18466,#18468,.T.);
#18466 = VERTEX_POINT('',#18467);
#18467 = CARTESIAN_POINT('',(24.823501,-27.687358,30.985344));
#18468 = LINE('',#18469,#18470);
#18469 = CARTESIAN_POINT('',(24.823501,-32.387358,30.985344));
#18470 = VECTOR('',#18471,1.);
#18471 = DIRECTION('',(0.,1.,0.));
#18472 = ORIENTED_EDGE('',*,*,#18473,.T.);
#18473 = EDGE_CURVE('',#18466,#15921,#18474,.T.);
#18474 = LINE('',#18475,#18476);
#18475 = CARTESIAN_POINT('',(24.823501,-27.687358,30.985344));
#18476 = VECTOR('',#18477,1.);
#18477 = DIRECTION('',(1.,0.,2.22044604925E-16));
#18478 = ORIENTED_EDGE('',*,*,#15920,.F.);
#18479 = PLANE('',#18480);
#18480 = AXIS2_PLACEMENT_3D('',#18481,#18482,#18483);
#18481 = CARTESIAN_POINT('',(24.823501,-32.387358,30.985344));
#18482 = DIRECTION('',(2.22044604925E-16,0.,-1.));
#18483 = DIRECTION('',(1.,0.,2.22044604925E-16));
#18484 = ADVANCED_FACE('',(#18485),#18496,.T.);
#18485 = FACE_BOUND('',#18486,.T.);
#18486 = EDGE_LOOP('',(#18487,#18493,#18494,#18495));
#18487 = ORIENTED_EDGE('',*,*,#18488,.F.);
#18488 = EDGE_CURVE('',#15968,#16032,#18489,.T.);
#18489 = LINE('',#18490,#18491);
#18490 = CARTESIAN_POINT('',(24.923501,-27.687358,26.884344));
#18491 = VECTOR('',#18492,1.);
#18492 = DIRECTION('',(2.22044604925E-16,0.,-1.));
#18493 = ORIENTED_EDGE('',*,*,#15975,.T.);
#18494 = ORIENTED_EDGE('',*,*,#15999,.T.);
#18495 = ORIENTED_EDGE('',*,*,#16039,.F.);
#18496 = PLANE('',#18497);
#18497 = AXIS2_PLACEMENT_3D('',#18498,#18499,#18500);
#18498 = CARTESIAN_POINT('',(24.823501,-27.687358,26.884344));
#18499 = DIRECTION('',(0.,1.,0.));
#18500 = DIRECTION('',(1.,0.,2.22044604925E-16));
#18501 = ADVANCED_FACE('',(#18502),#18520,.F.);
#18502 = FACE_BOUND('',#18503,.F.);
#18503 = EDGE_LOOP('',(#18504,#18505,#18513,#18519));
#18504 = ORIENTED_EDGE('',*,*,#15959,.F.);
#18505 = ORIENTED_EDGE('',*,*,#18506,.T.);
#18506 = EDGE_CURVE('',#15952,#18507,#18509,.T.);
#18507 = VERTEX_POINT('',#18508);
#18508 = CARTESIAN_POINT('',(24.823501,-27.687358,26.884344));
#18509 = LINE('',#18510,#18511);
#18510 = CARTESIAN_POINT('',(24.823501,-32.387358,26.884344));
#18511 = VECTOR('',#18512,1.);
#18512 = DIRECTION('',(0.,1.,0.));
#18513 = ORIENTED_EDGE('',*,*,#18514,.T.);
#18514 = EDGE_CURVE('',#18507,#15968,#18515,.T.);
#18515 = LINE('',#18516,#18517);
#18516 = CARTESIAN_POINT('',(24.823501,-27.687358,26.884344));
#18517 = VECTOR('',#18518,1.);
#18518 = DIRECTION('',(1.,0.,2.22044604925E-16));
#18519 = ORIENTED_EDGE('',*,*,#15967,.F.);
#18520 = PLANE('',#18521);
#18521 = AXIS2_PLACEMENT_3D('',#18522,#18523,#18524);
#18522 = CARTESIAN_POINT('',(24.823501,-32.387358,26.884344));
#18523 = DIRECTION('',(2.22044604925E-16,0.,-1.));
#18524 = DIRECTION('',(1.,0.,2.22044604925E-16));
#18525 = ADVANCED_FACE('',(#18526),#18544,.T.);
#18526 = FACE_BOUND('',#18527,.T.);
#18527 = EDGE_LOOP('',(#18528,#18529,#18537,#18543));
#18528 = ORIENTED_EDGE('',*,*,#16023,.F.);
#18529 = ORIENTED_EDGE('',*,*,#18530,.T.);
#18530 = EDGE_CURVE('',#16016,#18531,#18533,.T.);
#18531 = VERTEX_POINT('',#18532);
#18532 = CARTESIAN_POINT('',(24.823501,-27.687358,22.5));
#18533 = LINE('',#18534,#18535);
#18534 = CARTESIAN_POINT('',(24.823501,-32.387358,22.5));
#18535 = VECTOR('',#18536,1.);
#18536 = DIRECTION('',(0.,1.,0.));
#18537 = ORIENTED_EDGE('',*,*,#18538,.T.);
#18538 = EDGE_CURVE('',#18531,#16032,#18539,.T.);
#18539 = LINE('',#18540,#18541);
#18540 = CARTESIAN_POINT('',(24.823501,-27.687358,22.5));
#18541 = VECTOR('',#18542,1.);
#18542 = DIRECTION('',(1.,0.,2.22044604925E-16));
#18543 = ORIENTED_EDGE('',*,*,#16031,.F.);
#18544 = PLANE('',#18545);
#18545 = AXIS2_PLACEMENT_3D('',#18546,#18547,#18548);
#18546 = CARTESIAN_POINT('',(24.823501,-32.387358,22.5));
#18547 = DIRECTION('',(2.22044604925E-16,0.,-1.));
#18548 = DIRECTION('',(1.,0.,2.22044604925E-16));
#18549 = ADVANCED_FACE('',(#18550),#18575,.F.);
#18550 = FACE_BOUND('',#18551,.F.);
#18551 = EDGE_LOOP('',(#18552,#18560,#18568,#18574));
#18552 = ORIENTED_EDGE('',*,*,#18553,.F.);
#18553 = EDGE_CURVE('',#18554,#15794,#18556,.T.);
#18554 = VERTEX_POINT('',#18555);
#18555 = CARTESIAN_POINT('',(24.123501,-28.587358,48.562344));
#18556 = LINE('',#18557,#18558);
#18557 = CARTESIAN_POINT('',(24.123501,-28.587358,48.562344));
#18558 = VECTOR('',#18559,1.);
#18559 = DIRECTION('',(1.,0.,2.22044604925E-16));
#18560 = ORIENTED_EDGE('',*,*,#18561,.F.);
#18561 = EDGE_CURVE('',#18562,#18554,#18564,.T.);
#18562 = VERTEX_POINT('',#18563);
#18563 = CARTESIAN_POINT('',(24.123501,-28.587358,60.974688));
#18564 = LINE('',#18565,#18566);
#18565 = CARTESIAN_POINT('',(24.123501,-28.587358,60.974688));
#18566 = VECTOR('',#18567,1.);
#18567 = DIRECTION('',(2.22044604925E-16,0.,-1.));
#18568 = ORIENTED_EDGE('',*,*,#18569,.T.);
#18569 = EDGE_CURVE('',#18562,#15730,#18570,.T.);
#18570 = LINE('',#18571,#18572);
#18571 = CARTESIAN_POINT('',(24.123501,-28.587358,60.974688));
#18572 = VECTOR('',#18573,1.);
#18573 = DIRECTION('',(1.,0.,2.22044604925E-16));
#18574 = ORIENTED_EDGE('',*,*,#16056,.F.);
#18575 = PLANE('',#18576);
#18576 = AXIS2_PLACEMENT_3D('',#18577,#18578,#18579);
#18577 = CARTESIAN_POINT('',(24.123501,-28.587358,60.974688));
#18578 = DIRECTION('',(0.,1.,0.));
#18579 = DIRECTION('',(1.,0.,2.22044604925E-16));
#18580 = ADVANCED_FACE('',(#18581),#18606,.F.);
#18581 = FACE_BOUND('',#18582,.F.);
#18582 = EDGE_LOOP('',(#18583,#18591,#18599,#18605));
#18583 = ORIENTED_EDGE('',*,*,#18584,.F.);
#18584 = EDGE_CURVE('',#18585,#15905,#18587,.T.);
#18585 = VERTEX_POINT('',#18586);
#18586 = CARTESIAN_POINT('',(24.123501,-28.587358,30.985344));
#18587 = LINE('',#18588,#18589);
#18588 = CARTESIAN_POINT('',(24.123501,-28.587358,30.985344));
#18589 = VECTOR('',#18590,1.);
#18590 = DIRECTION('',(1.,0.,2.22044604925E-16));
#18591 = ORIENTED_EDGE('',*,*,#18592,.F.);
#18592 = EDGE_CURVE('',#18593,#18585,#18595,.T.);
#18593 = VERTEX_POINT('',#18594);
#18594 = CARTESIAN_POINT('',(24.123501,-28.587358,34.962344));
#18595 = LINE('',#18596,#18597);
#18596 = CARTESIAN_POINT('',(24.123501,-28.587358,34.962344));
#18597 = VECTOR('',#18598,1.);
#18598 = DIRECTION('',(2.22044604925E-16,0.,-1.));
#18599 = ORIENTED_EDGE('',*,*,#18600,.T.);
#18600 = EDGE_CURVE('',#18593,#15841,#18601,.T.);
#18601 = LINE('',#18602,#18603);
#18602 = CARTESIAN_POINT('',(24.123501,-28.587358,34.962344));
#18603 = VECTOR('',#18604,1.);
#18604 = DIRECTION('',(1.,0.,2.22044604925E-16));
#18605 = ORIENTED_EDGE('',*,*,#16073,.F.);
#18606 = PLANE('',#18607);
#18607 = AXIS2_PLACEMENT_3D('',#18608,#18609,#18610);
#18608 = CARTESIAN_POINT('',(24.123501,-28.587358,34.962344));
#18609 = DIRECTION('',(0.,1.,0.));
#18610 = DIRECTION('',(1.,0.,2.22044604925E-16));
#18611 = ADVANCED_FACE('',(#18612),#18637,.F.);
#18612 = FACE_BOUND('',#18613,.F.);
#18613 = EDGE_LOOP('',(#18614,#18622,#18630,#18636));
#18614 = ORIENTED_EDGE('',*,*,#18615,.F.);
#18615 = EDGE_CURVE('',#18616,#16016,#18618,.T.);
#18616 = VERTEX_POINT('',#18617);
#18617 = CARTESIAN_POINT('',(24.123501,-28.587358,22.5));
#18618 = LINE('',#18619,#18620);
#18619 = CARTESIAN_POINT('',(24.123501,-28.587358,22.5));
#18620 = VECTOR('',#18621,1.);
#18621 = DIRECTION('',(1.,0.,2.22044604925E-16));
#18622 = ORIENTED_EDGE('',*,*,#18623,.F.);
#18623 = EDGE_CURVE('',#18624,#18616,#18626,.T.);
#18624 = VERTEX_POINT('',#18625);
#18625 = CARTESIAN_POINT('',(24.123501,-28.587358,26.884344));
#18626 = LINE('',#18627,#18628);
#18627 = CARTESIAN_POINT('',(24.123501,-28.587358,26.884344));
#18628 = VECTOR('',#18629,1.);
#18629 = DIRECTION('',(2.22044604925E-16,0.,-1.));
#18630 = ORIENTED_EDGE('',*,*,#18631,.T.);
#18631 = EDGE_CURVE('',#18624,#15952,#18632,.T.);
#18632 = LINE('',#18633,#18634);
#18633 = CARTESIAN_POINT('',(24.123501,-28.587358,26.884344));
#18634 = VECTOR('',#18635,1.);
#18635 = DIRECTION('',(1.,0.,2.22044604925E-16));
#18636 = ORIENTED_EDGE('',*,*,#16090,.F.);
#18637 = PLANE('',#18638);
#18638 = AXIS2_PLACEMENT_3D('',#18639,#18640,#18641);
#18639 = CARTESIAN_POINT('',(24.123501,-28.587358,26.884344));
#18640 = DIRECTION('',(0.,1.,0.));
#18641 = DIRECTION('',(1.,0.,2.22044604925E-16));
#18642 = ADVANCED_FACE('',(#18643),#18659,.F.);
#18643 = FACE_BOUND('',#18644,.F.);
#18644 = EDGE_LOOP('',(#18645,#18646,#18652,#18653));
#18645 = ORIENTED_EDGE('',*,*,#17410,.F.);
#18646 = ORIENTED_EDGE('',*,*,#18647,.F.);
#18647 = EDGE_CURVE('',#15381,#15405,#18648,.T.);
#18648 = LINE('',#18649,#18650);
#18649 = CARTESIAN_POINT('',(24.823501,29.987358,54.056016));
#18650 = VECTOR('',#18651,1.);
#18651 = DIRECTION('',(-2.22044604925E-16,0.,1.));
#18652 = ORIENTED_EDGE('',*,*,#16104,.T.);
#18653 = ORIENTED_EDGE('',*,*,#18654,.T.);
#18654 = EDGE_CURVE('',#14168,#14218,#18655,.T.);
#18655 = LINE('',#18656,#18657);
#18656 = CARTESIAN_POINT('',(24.823501,32.787358,16.8));
#18657 = VECTOR('',#18658,1.);
#18658 = DIRECTION('',(-2.22044604925E-16,0.,1.));
#18659 = PLANE('',#18660);
#18660 = AXIS2_PLACEMENT_3D('',#18661,#18662,#18663);
#18661 = CARTESIAN_POINT('',(24.823501,0.25,41.737344));
#18662 = DIRECTION('',(1.,0.,2.22044604925E-16));
#18663 = DIRECTION('',(2.22044604925E-16,0.,-1.));
#18664 = ADVANCED_FACE('',(#18665),#18698,.F.);
#18665 = FACE_BOUND('',#18666,.F.);
#18666 = EDGE_LOOP('',(#18667,#18673,#18674,#18682,#18691,#18697));
#18667 = ORIENTED_EDGE('',*,*,#18668,.F.);
#18668 = EDGE_CURVE('',#13488,#13512,#18669,.T.);
#18669 = LINE('',#18670,#18671);
#18670 = CARTESIAN_POINT('',(24.823501,-14.618679,17.1));
#18671 = VECTOR('',#18672,1.);
#18672 = DIRECTION('',(0.,1.,0.));
#18673 = ORIENTED_EDGE('',*,*,#16243,.T.);
#18674 = ORIENTED_EDGE('',*,*,#18675,.T.);
#18675 = EDGE_CURVE('',#13899,#18676,#18678,.T.);
#18676 = VERTEX_POINT('',#18677);
#18677 = CARTESIAN_POINT('',(24.823501,18.58389803375,14.3));
#18678 = LINE('',#18679,#18680);
#18679 = CARTESIAN_POINT('',(24.823501,-29.787358,14.3));
#18680 = VECTOR('',#18681,1.);
#18681 = DIRECTION('',(0.,1.,0.));
#18682 = ORIENTED_EDGE('',*,*,#18683,.F.);
#18683 = EDGE_CURVE('',#18684,#18676,#18686,.T.);
#18684 = VERTEX_POINT('',#18685);
#18685 = CARTESIAN_POINT('',(24.823501,25.29210196625,14.3));
#18686 = CIRCLE('',#18687,4.5);
#18687 = AXIS2_PLACEMENT_3D('',#18688,#18689,#18690);
#18688 = CARTESIAN_POINT('',(24.823501,21.938,11.3));
#18689 = DIRECTION('',(1.,-0.,2.22044604925E-16));
#18690 = DIRECTION('',(2.22044604925E-16,0.,-1.));
#18691 = ORIENTED_EDGE('',*,*,#18692,.T.);
#18692 = EDGE_CURVE('',#18684,#13811,#18693,.T.);
#18693 = LINE('',#18694,#18695);
#18694 = CARTESIAN_POINT('',(24.823501,-29.787358,14.3));
#18695 = VECTOR('',#18696,1.);
#18696 = DIRECTION('',(0.,1.,0.));
#18697 = ORIENTED_EDGE('',*,*,#16112,.F.);
#18698 = PLANE('',#18699);
#18699 = AXIS2_PLACEMENT_3D('',#18700,#18701,#18702);
#18700 = CARTESIAN_POINT('',(24.823501,0.25,41.737344));
#18701 = DIRECTION('',(1.,0.,2.22044604925E-16));
#18702 = DIRECTION('',(2.22044604925E-16,0.,-1.));
#18703 = ADVANCED_FACE('',(#18704),#18715,.F.);
#18704 = FACE_BOUND('',#18705,.F.);
#18705 = EDGE_LOOP('',(#18706,#18712,#18713,#18714));
#18706 = ORIENTED_EDGE('',*,*,#18707,.F.);
#18707 = EDGE_CURVE('',#16201,#16130,#18708,.T.);
#18708 = LINE('',#18709,#18710);
#18709 = CARTESIAN_POINT('',(24.823501,18.08,19.4));
#18710 = VECTOR('',#18711,1.);
#18711 = DIRECTION('',(0.,1.,0.));
#18712 = ORIENTED_EDGE('',*,*,#16200,.T.);
#18713 = ORIENTED_EDGE('',*,*,#18668,.T.);
#18714 = ORIENTED_EDGE('',*,*,#16129,.F.);
#18715 = PLANE('',#18716);
#18716 = AXIS2_PLACEMENT_3D('',#18717,#18718,#18719);
#18717 = CARTESIAN_POINT('',(24.823501,18.08,20.3));
#18718 = DIRECTION('',(1.,0.,2.22044604925E-16));
#18719 = DIRECTION('',(2.22044604925E-16,0.,-1.));
#18720 = ADVANCED_FACE('',(#18721),#18732,.F.);
#18721 = FACE_BOUND('',#18722,.F.);
#18722 = EDGE_LOOP('',(#18723,#18724,#18730,#18731));
#18723 = ORIENTED_EDGE('',*,*,#16224,.F.);
#18724 = ORIENTED_EDGE('',*,*,#18725,.T.);
#18725 = EDGE_CURVE('',#16217,#16146,#18726,.T.);
#18726 = LINE('',#18727,#18728);
#18727 = CARTESIAN_POINT('',(24.923501,18.08,20.3));
#18728 = VECTOR('',#18729,1.);
#18729 = DIRECTION('',(0.,1.,0.));
#18730 = ORIENTED_EDGE('',*,*,#16153,.T.);
#18731 = ORIENTED_EDGE('',*,*,#16177,.F.);
#18732 = PLANE('',#18733);
#18733 = AXIS2_PLACEMENT_3D('',#18734,#18735,#18736);
#18734 = CARTESIAN_POINT('',(24.823501,18.08,20.3));
#18735 = DIRECTION('',(2.22044604925E-16,0.,-1.));
#18736 = DIRECTION('',(1.,0.,2.22044604925E-16));
#18737 = ADVANCED_FACE('',(#18738),#18756,.T.);
#18738 = FACE_BOUND('',#18739,.T.);
#18739 = EDGE_LOOP('',(#18740,#18748,#18754,#18755));
#18740 = ORIENTED_EDGE('',*,*,#18741,.F.);
#18741 = EDGE_CURVE('',#18742,#16130,#18744,.T.);
#18742 = VERTEX_POINT('',#18743);
#18743 = CARTESIAN_POINT('',(24.823501,25.487358,20.3));
#18744 = LINE('',#18745,#18746);
#18745 = CARTESIAN_POINT('',(24.823501,25.487358,20.3));
#18746 = VECTOR('',#18747,1.);
#18747 = DIRECTION('',(2.22044604925E-16,0.,-1.));
#18748 = ORIENTED_EDGE('',*,*,#18749,.T.);
#18749 = EDGE_CURVE('',#18742,#16146,#18750,.T.);
#18750 = LINE('',#18751,#18752);
#18751 = CARTESIAN_POINT('',(24.823501,25.487358,20.3));
#18752 = VECTOR('',#18753,1.);
#18753 = DIRECTION('',(1.,0.,2.22044604925E-16));
#18754 = ORIENTED_EDGE('',*,*,#16145,.T.);
#18755 = ORIENTED_EDGE('',*,*,#16137,.F.);
#18756 = PLANE('',#18757);
#18757 = AXIS2_PLACEMENT_3D('',#18758,#18759,#18760);
#18758 = CARTESIAN_POINT('',(24.823501,25.487358,20.3));
#18759 = DIRECTION('',(0.,1.,0.));
#18760 = DIRECTION('',(1.,0.,2.22044604925E-16));
#18761 = ADVANCED_FACE('',(#18762),#18780,.F.);
#18762 = FACE_BOUND('',#18763,.F.);
#18763 = EDGE_LOOP('',(#18764,#18772,#18778,#18779));
#18764 = ORIENTED_EDGE('',*,*,#18765,.F.);
#18765 = EDGE_CURVE('',#18766,#16201,#18768,.T.);
#18766 = VERTEX_POINT('',#18767);
#18767 = CARTESIAN_POINT('',(24.823501,18.08,20.3));
#18768 = LINE('',#18769,#18770);
#18769 = CARTESIAN_POINT('',(24.823501,18.08,20.3));
#18770 = VECTOR('',#18771,1.);
#18771 = DIRECTION('',(2.22044604925E-16,0.,-1.));
#18772 = ORIENTED_EDGE('',*,*,#18773,.T.);
#18773 = EDGE_CURVE('',#18766,#16217,#18774,.T.);
#18774 = LINE('',#18775,#18776);
#18775 = CARTESIAN_POINT('',(24.823501,18.08,20.3));
#18776 = VECTOR('',#18777,1.);
#18777 = DIRECTION('',(1.,0.,2.22044604925E-16));
#18778 = ORIENTED_EDGE('',*,*,#16216,.T.);
#18779 = ORIENTED_EDGE('',*,*,#16208,.F.);
#18780 = PLANE('',#18781);
#18781 = AXIS2_PLACEMENT_3D('',#18782,#18783,#18784);
#18782 = CARTESIAN_POINT('',(24.823501,18.08,20.3));
#18783 = DIRECTION('',(0.,1.,0.));
#18784 = DIRECTION('',(1.,0.,2.22044604925E-16));
#18785 = ADVANCED_FACE('',(#18786),#18797,.F.);
#18786 = FACE_BOUND('',#18787,.F.);
#18787 = EDGE_LOOP('',(#18788,#18789,#18795,#18796));
#18788 = ORIENTED_EDGE('',*,*,#16352,.F.);
#18789 = ORIENTED_EDGE('',*,*,#18790,.T.);
#18790 = EDGE_CURVE('',#16345,#16274,#18791,.T.);
#18791 = LINE('',#18792,#18793);
#18792 = CARTESIAN_POINT('',(24.923501,-25.487358,20.3));
#18793 = VECTOR('',#18794,1.);
#18794 = DIRECTION('',(0.,1.,0.));
#18795 = ORIENTED_EDGE('',*,*,#16281,.T.);
#18796 = ORIENTED_EDGE('',*,*,#16305,.F.);
#18797 = PLANE('',#18798);
#18798 = AXIS2_PLACEMENT_3D('',#18799,#18800,#18801);
#18799 = CARTESIAN_POINT('',(24.823501,-25.487358,20.3));
#18800 = DIRECTION('',(2.22044604925E-16,0.,-1.));
#18801 = DIRECTION('',(1.,0.,2.22044604925E-16));
#18802 = ADVANCED_FACE('',(#18803),#18821,.T.);
#18803 = FACE_BOUND('',#18804,.T.);
#18804 = EDGE_LOOP('',(#18805,#18813,#18819,#18820));
#18805 = ORIENTED_EDGE('',*,*,#18806,.F.);
#18806 = EDGE_CURVE('',#18807,#16258,#18809,.T.);
#18807 = VERTEX_POINT('',#18808);
#18808 = CARTESIAN_POINT('',(24.823501,-12.49,20.3));
#18809 = LINE('',#18810,#18811);
#18810 = CARTESIAN_POINT('',(24.823501,-12.49,20.3));
#18811 = VECTOR('',#18812,1.);
#18812 = DIRECTION('',(2.22044604925E-16,0.,-1.));
#18813 = ORIENTED_EDGE('',*,*,#18814,.T.);
#18814 = EDGE_CURVE('',#18807,#16274,#18815,.T.);
#18815 = LINE('',#18816,#18817);
#18816 = CARTESIAN_POINT('',(24.823501,-12.49,20.3));
#18817 = VECTOR('',#18818,1.);
#18818 = DIRECTION('',(1.,0.,2.22044604925E-16));
#18819 = ORIENTED_EDGE('',*,*,#16273,.T.);
#18820 = ORIENTED_EDGE('',*,*,#16265,.F.);
#18821 = PLANE('',#18822);
#18822 = AXIS2_PLACEMENT_3D('',#18823,#18824,#18825);
#18823 = CARTESIAN_POINT('',(24.823501,-12.49,20.3));
#18824 = DIRECTION('',(0.,1.,0.));
#18825 = DIRECTION('',(1.,0.,2.22044604925E-16));
#18826 = ADVANCED_FACE('',(#18827),#18845,.F.);
#18827 = FACE_BOUND('',#18828,.F.);
#18828 = EDGE_LOOP('',(#18829,#18837,#18843,#18844));
#18829 = ORIENTED_EDGE('',*,*,#18830,.F.);
#18830 = EDGE_CURVE('',#18831,#16329,#18833,.T.);
#18831 = VERTEX_POINT('',#18832);
#18832 = CARTESIAN_POINT('',(24.823501,-25.487358,20.3));
#18833 = LINE('',#18834,#18835);
#18834 = CARTESIAN_POINT('',(24.823501,-25.487358,20.3));
#18835 = VECTOR('',#18836,1.);
#18836 = DIRECTION('',(2.22044604925E-16,0.,-1.));
#18837 = ORIENTED_EDGE('',*,*,#18838,.T.);
#18838 = EDGE_CURVE('',#18831,#16345,#18839,.T.);
#18839 = LINE('',#18840,#18841);
#18840 = CARTESIAN_POINT('',(24.823501,-25.487358,20.3));
#18841 = VECTOR('',#18842,1.);
#18842 = DIRECTION('',(1.,0.,2.22044604925E-16));
#18843 = ORIENTED_EDGE('',*,*,#16344,.T.);
#18844 = ORIENTED_EDGE('',*,*,#16336,.F.);
#18845 = PLANE('',#18846);
#18846 = AXIS2_PLACEMENT_3D('',#18847,#18848,#18849);
#18847 = CARTESIAN_POINT('',(24.823501,-25.487358,20.3));
#18848 = DIRECTION('',(0.,1.,0.));
#18849 = DIRECTION('',(1.,0.,2.22044604925E-16));
#18850 = ADVANCED_FACE('',(#18851),#18876,.T.);
#18851 = FACE_BOUND('',#18852,.T.);
#18852 = EDGE_LOOP('',(#18853,#18861,#18869,#18875));
#18853 = ORIENTED_EDGE('',*,*,#18854,.F.);
#18854 = EDGE_CURVE('',#18855,#16329,#18857,.T.);
#18855 = VERTEX_POINT('',#18856);
#18856 = CARTESIAN_POINT('',(24.123501,-25.487358,19.4));
#18857 = LINE('',#18858,#18859);
#18858 = CARTESIAN_POINT('',(24.123501,-25.487358,19.4));
#18859 = VECTOR('',#18860,1.);
#18860 = DIRECTION('',(1.,0.,2.22044604925E-16));
#18861 = ORIENTED_EDGE('',*,*,#18862,.T.);
#18862 = EDGE_CURVE('',#18855,#18863,#18865,.T.);
#18863 = VERTEX_POINT('',#18864);
#18864 = CARTESIAN_POINT('',(24.123501,-12.49,19.4));
#18865 = LINE('',#18866,#18867);
#18866 = CARTESIAN_POINT('',(24.123501,-25.487358,19.4));
#18867 = VECTOR('',#18868,1.);
#18868 = DIRECTION('',(0.,1.,0.));
#18869 = ORIENTED_EDGE('',*,*,#18870,.T.);
#18870 = EDGE_CURVE('',#18863,#16258,#18871,.T.);
#18871 = LINE('',#18872,#18873);
#18872 = CARTESIAN_POINT('',(24.123501,-12.49,19.4));
#18873 = VECTOR('',#18874,1.);
#18874 = DIRECTION('',(1.,0.,2.22044604925E-16));
#18875 = ORIENTED_EDGE('',*,*,#16822,.F.);
#18876 = PLANE('',#18877);
#18877 = AXIS2_PLACEMENT_3D('',#18878,#18879,#18880);
#18878 = CARTESIAN_POINT('',(24.123501,-25.487358,19.4));
#18879 = DIRECTION('',(2.22044604925E-16,0.,-1.));
#18880 = DIRECTION('',(1.,0.,2.22044604925E-16));
#18881 = ADVANCED_FACE('',(#18882),#18888,.T.);
#18882 = FACE_BOUND('',#18883,.T.);
#18883 = EDGE_LOOP('',(#18884,#18885,#18886,#18887));
#18884 = ORIENTED_EDGE('',*,*,#17081,.F.);
#18885 = ORIENTED_EDGE('',*,*,#17047,.F.);
#18886 = ORIENTED_EDGE('',*,*,#16857,.T.);
#18887 = ORIENTED_EDGE('',*,*,#17098,.T.);
#18888 = PLANE('',#18889);
#18889 = AXIS2_PLACEMENT_3D('',#18890,#18891,#18892);
#18890 = CARTESIAN_POINT('',(24.823501,-25.487358,14.2));
#18891 = DIRECTION('',(2.22044604925E-16,0.,-1.));
#18892 = DIRECTION('',(1.,0.,2.22044604925E-16));
#18893 = ADVANCED_FACE('',(#18894),#18905,.F.);
#18894 = FACE_BOUND('',#18895,.F.);
#18895 = EDGE_LOOP('',(#18896,#18897,#18898,#18904));
#18896 = ORIENTED_EDGE('',*,*,#16872,.F.);
#18897 = ORIENTED_EDGE('',*,*,#16903,.T.);
#18898 = ORIENTED_EDGE('',*,*,#18899,.T.);
#18899 = EDGE_CURVE('',#16896,#16849,#18900,.T.);
#18900 = LINE('',#18901,#18902);
#18901 = CARTESIAN_POINT('',(24.823501,-25.487358,14.2));
#18902 = VECTOR('',#18903,1.);
#18903 = DIRECTION('',(0.,1.,0.));
#18904 = ORIENTED_EDGE('',*,*,#16848,.T.);
#18905 = PLANE('',#18906);
#18906 = AXIS2_PLACEMENT_3D('',#18907,#18908,#18909);
#18907 = CARTESIAN_POINT('',(24.823501,-25.487358,20.3));
#18908 = DIRECTION('',(1.,0.,2.22044604925E-16));
#18909 = DIRECTION('',(2.22044604925E-16,0.,-1.));
#18910 = ADVANCED_FACE('',(#18911),#18917,.T.);
#18911 = FACE_BOUND('',#18912,.T.);
#18912 = EDGE_LOOP('',(#18913,#18914,#18915,#18916));
#18913 = ORIENTED_EDGE('',*,*,#16944,.F.);
#18914 = ORIENTED_EDGE('',*,*,#16928,.F.);
#18915 = ORIENTED_EDGE('',*,*,#16895,.T.);
#18916 = ORIENTED_EDGE('',*,*,#16988,.T.);
#18917 = PLANE('',#18918);
#18918 = AXIS2_PLACEMENT_3D('',#18919,#18920,#18921);
#18919 = CARTESIAN_POINT('',(24.823501,-25.487358,14.2));
#18920 = DIRECTION('',(2.22044604925E-16,0.,-1.));
#18921 = DIRECTION('',(1.,0.,2.22044604925E-16));
#18922 = ADVANCED_FACE('',(#18923,#18928),#18939,.F.);
#18923 = FACE_BOUND('',#18924,.F.);
#18924 = EDGE_LOOP('',(#18925,#18926,#18927));
#18925 = ORIENTED_EDGE('',*,*,#16994,.T.);
#18926 = ORIENTED_EDGE('',*,*,#17040,.T.);
#18927 = ORIENTED_EDGE('',*,*,#18899,.F.);
#18928 = FACE_BOUND('',#18929,.F.);
#18929 = EDGE_LOOP('',(#18930));
#18930 = ORIENTED_EDGE('',*,*,#18931,.F.);
#18931 = EDGE_CURVE('',#18932,#18932,#18934,.T.);
#18932 = VERTEX_POINT('',#18933);
#18933 = CARTESIAN_POINT('',(24.823501,-20.062,9.6));
#18934 = CIRCLE('',#18935,1.7);
#18935 = AXIS2_PLACEMENT_3D('',#18936,#18937,#18938);
#18936 = CARTESIAN_POINT('',(24.823501,-20.062,11.3));
#18937 = DIRECTION('',(1.,-0.,2.22044604925E-16));
#18938 = DIRECTION('',(2.22044604925E-16,0.,-1.));
#18939 = PLANE('',#18940);
#18940 = AXIS2_PLACEMENT_3D('',#18941,#18942,#18943);
#18941 = CARTESIAN_POINT('',(24.823501,-20.062,11.3));
#18942 = DIRECTION('',(1.,0.,2.22044604925E-16));
#18943 = DIRECTION('',(2.22044604925E-16,0.,-1.));
#18944 = ADVANCED_FACE('',(#18945),#18964,.F.);
#18945 = FACE_BOUND('',#18946,.F.);
#18946 = EDGE_LOOP('',(#18947,#18948,#18956,#18963));
#18947 = ORIENTED_EDGE('',*,*,#17021,.F.);
#18948 = ORIENTED_EDGE('',*,*,#18949,.F.);
#18949 = EDGE_CURVE('',#18950,#17022,#18952,.T.);
#18950 = VERTEX_POINT('',#18951);
#18951 = CARTESIAN_POINT('',(28.023501,-20.062,8.45));
#18952 = LINE('',#18953,#18954);
#18953 = CARTESIAN_POINT('',(28.023501,-20.062,8.45));
#18954 = VECTOR('',#18955,1.);
#18955 = DIRECTION('',(1.,0.,2.22044604925E-16));
#18956 = ORIENTED_EDGE('',*,*,#18957,.T.);
#18957 = EDGE_CURVE('',#18950,#18950,#18958,.T.);
#18958 = CIRCLE('',#18959,2.85);
#18959 = AXIS2_PLACEMENT_3D('',#18960,#18961,#18962);
#18960 = CARTESIAN_POINT('',(28.023501,-20.062,11.3));
#18961 = DIRECTION('',(1.,-0.,2.22044604925E-16));
#18962 = DIRECTION('',(2.22044604925E-16,0.,-1.));
#18963 = ORIENTED_EDGE('',*,*,#18949,.T.);
#18964 = CYLINDRICAL_SURFACE('',#18965,2.85);
#18965 = AXIS2_PLACEMENT_3D('',#18966,#18967,#18968);
#18966 = CARTESIAN_POINT('',(28.023501,-20.062,11.3));
#18967 = DIRECTION('',(1.,0.,2.22044604925E-16));
#18968 = DIRECTION('',(2.22044604925E-16,0.,-1.));
#18969 = ADVANCED_FACE('',(#18970),#18987,.F.);
#18970 = FACE_BOUND('',#18971,.F.);
#18971 = EDGE_LOOP('',(#18972,#18973,#18974,#18980));
#18972 = ORIENTED_EDGE('',*,*,#18675,.F.);
#18973 = ORIENTED_EDGE('',*,*,#17112,.T.);
#18974 = ORIENTED_EDGE('',*,*,#18975,.T.);
#18975 = EDGE_CURVE('',#17113,#17190,#18976,.T.);
#18976 = LINE('',#18977,#18978);
#18977 = CARTESIAN_POINT('',(24.823501,18.08,14.2));
#18978 = VECTOR('',#18979,1.);
#18979 = DIRECTION('',(0.,1.,0.));
#18980 = ORIENTED_EDGE('',*,*,#18981,.F.);
#18981 = EDGE_CURVE('',#18676,#17190,#18982,.T.);
#18982 = CIRCLE('',#18983,4.5);
#18983 = AXIS2_PLACEMENT_3D('',#18984,#18985,#18986);
#18984 = CARTESIAN_POINT('',(24.823501,21.938,11.3));
#18985 = DIRECTION('',(1.,-0.,2.22044604925E-16));
#18986 = DIRECTION('',(2.22044604925E-16,0.,-1.));
#18987 = PLANE('',#18988);
#18988 = AXIS2_PLACEMENT_3D('',#18989,#18990,#18991);
#18989 = CARTESIAN_POINT('',(24.823501,18.08,20.3));
#18990 = DIRECTION('',(1.,0.,2.22044604925E-16));
#18991 = DIRECTION('',(2.22044604925E-16,0.,-1.));
#18992 = ADVANCED_FACE('',(#18993),#18999,.T.);
#18993 = FACE_BOUND('',#18994,.T.);
#18994 = EDGE_LOOP('',(#18995,#18996,#18997,#18998));
#18995 = ORIENTED_EDGE('',*,*,#17145,.F.);
#18996 = ORIENTED_EDGE('',*,*,#17129,.F.);
#18997 = ORIENTED_EDGE('',*,*,#18975,.T.);
#18998 = ORIENTED_EDGE('',*,*,#17189,.T.);
#18999 = PLANE('',#19000);
#19000 = AXIS2_PLACEMENT_3D('',#19001,#19002,#19003);
#19001 = CARTESIAN_POINT('',(24.823501,18.08,14.2));
#19002 = DIRECTION('',(2.22044604925E-16,0.,-1.));
#19003 = DIRECTION('',(1.,0.,2.22044604925E-16));
#19004 = ADVANCED_FACE('',(#19005,#19015),#19026,.F.);
#19005 = FACE_BOUND('',#19006,.F.);
#19006 = EDGE_LOOP('',(#19007,#19008,#19009));
#19007 = ORIENTED_EDGE('',*,*,#17197,.T.);
#19008 = ORIENTED_EDGE('',*,*,#17243,.T.);
#19009 = ORIENTED_EDGE('',*,*,#19010,.F.);
#19010 = EDGE_CURVE('',#17190,#17244,#19011,.T.);
#19011 = LINE('',#19012,#19013);
#19012 = CARTESIAN_POINT('',(24.823501,18.08,14.2));
#19013 = VECTOR('',#19014,1.);
#19014 = DIRECTION('',(0.,1.,0.));
#19015 = FACE_BOUND('',#19016,.F.);
#19016 = EDGE_LOOP('',(#19017));
#19017 = ORIENTED_EDGE('',*,*,#19018,.F.);
#19018 = EDGE_CURVE('',#19019,#19019,#19021,.T.);
#19019 = VERTEX_POINT('',#19020);
#19020 = CARTESIAN_POINT('',(24.823501,21.938,9.6));
#19021 = CIRCLE('',#19022,1.7);
#19022 = AXIS2_PLACEMENT_3D('',#19023,#19024,#19025);
#19023 = CARTESIAN_POINT('',(24.823501,21.938,11.3));
#19024 = DIRECTION('',(1.,-0.,2.22044604925E-16));
#19025 = DIRECTION('',(2.22044604925E-16,0.,-1.));
#19026 = PLANE('',#19027);
#19027 = AXIS2_PLACEMENT_3D('',#19028,#19029,#19030);
#19028 = CARTESIAN_POINT('',(24.823501,21.938,11.3));
#19029 = DIRECTION('',(1.,0.,2.22044604925E-16));
#19030 = DIRECTION('',(2.22044604925E-16,0.,-1.));
#19031 = ADVANCED_FACE('',(#19032),#19051,.F.);
#19032 = FACE_BOUND('',#19033,.F.);
#19033 = EDGE_LOOP('',(#19034,#19035,#19043,#19050));
#19034 = ORIENTED_EDGE('',*,*,#17224,.F.);
#19035 = ORIENTED_EDGE('',*,*,#19036,.F.);
#19036 = EDGE_CURVE('',#19037,#17225,#19039,.T.);
#19037 = VERTEX_POINT('',#19038);
#19038 = CARTESIAN_POINT('',(28.023501,21.938,8.45));
#19039 = LINE('',#19040,#19041);
#19040 = CARTESIAN_POINT('',(28.023501,21.938,8.45));
#19041 = VECTOR('',#19042,1.);
#19042 = DIRECTION('',(1.,0.,2.22044604925E-16));
#19043 = ORIENTED_EDGE('',*,*,#19044,.T.);
#19044 = EDGE_CURVE('',#19037,#19037,#19045,.T.);
#19045 = CIRCLE('',#19046,2.85);
#19046 = AXIS2_PLACEMENT_3D('',#19047,#19048,#19049);
#19047 = CARTESIAN_POINT('',(28.023501,21.938,11.3));
#19048 = DIRECTION('',(1.,-0.,2.22044604925E-16));
#19049 = DIRECTION('',(2.22044604925E-16,0.,-1.));
#19050 = ORIENTED_EDGE('',*,*,#19036,.T.);
#19051 = CYLINDRICAL_SURFACE('',#19052,2.85);
#19052 = AXIS2_PLACEMENT_3D('',#19053,#19054,#19055);
#19053 = CARTESIAN_POINT('',(28.023501,21.938,11.3));
#19054 = DIRECTION('',(1.,0.,2.22044604925E-16));
#19055 = DIRECTION('',(2.22044604925E-16,0.,-1.));
#19056 = ADVANCED_FACE('',(#19057),#19068,.T.);
#19057 = FACE_BOUND('',#19058,.T.);
#19058 = EDGE_LOOP('',(#19059,#19060,#19061,#19067));
#19059 = ORIENTED_EDGE('',*,*,#17286,.F.);
#19060 = ORIENTED_EDGE('',*,*,#17252,.F.);
#19061 = ORIENTED_EDGE('',*,*,#19062,.T.);
#19062 = EDGE_CURVE('',#17244,#17301,#19063,.T.);
#19063 = LINE('',#19064,#19065);
#19064 = CARTESIAN_POINT('',(24.823501,18.08,14.2));
#19065 = VECTOR('',#19066,1.);
#19066 = DIRECTION('',(0.,1.,0.));
#19067 = ORIENTED_EDGE('',*,*,#17310,.T.);
#19068 = PLANE('',#19069);
#19069 = AXIS2_PLACEMENT_3D('',#19070,#19071,#19072);
#19070 = CARTESIAN_POINT('',(24.823501,18.08,14.2));
#19071 = DIRECTION('',(2.22044604925E-16,0.,-1.));
#19072 = DIRECTION('',(1.,0.,2.22044604925E-16));
#19073 = ADVANCED_FACE('',(#19074),#19086,.F.);
#19074 = FACE_BOUND('',#19075,.F.);
#19075 = EDGE_LOOP('',(#19076,#19077,#19078,#19085));
#19076 = ORIENTED_EDGE('',*,*,#17300,.F.);
#19077 = ORIENTED_EDGE('',*,*,#18692,.F.);
#19078 = ORIENTED_EDGE('',*,*,#19079,.F.);
#19079 = EDGE_CURVE('',#17244,#18684,#19080,.T.);
#19080 = CIRCLE('',#19081,4.5);
#19081 = AXIS2_PLACEMENT_3D('',#19082,#19083,#19084);
#19082 = CARTESIAN_POINT('',(24.823501,21.938,11.3));
#19083 = DIRECTION('',(1.,-0.,2.22044604925E-16));
#19084 = DIRECTION('',(2.22044604925E-16,0.,-1.));
#19085 = ORIENTED_EDGE('',*,*,#19062,.T.);
#19086 = PLANE('',#19087);
#19087 = AXIS2_PLACEMENT_3D('',#19088,#19089,#19090);
#19088 = CARTESIAN_POINT('',(24.823501,18.08,20.3));
#19089 = DIRECTION('',(1.,0.,2.22044604925E-16));
#19090 = DIRECTION('',(2.22044604925E-16,0.,-1.));
#19091 = ADVANCED_FACE('',(#19092),#19103,.T.);
#19092 = FACE_BOUND('',#19093,.T.);
#19093 = EDGE_LOOP('',(#19094,#19100,#19101,#19102));
#19094 = ORIENTED_EDGE('',*,*,#19095,.F.);
#19095 = EDGE_CURVE('',#17381,#17326,#19096,.T.);
#19096 = LINE('',#19097,#19098);
#19097 = CARTESIAN_POINT('',(24.823501,32.887358,27.008344));
#19098 = VECTOR('',#19099,1.);
#19099 = DIRECTION('',(2.22044604925E-16,0.,-1.));
#19100 = ORIENTED_EDGE('',*,*,#17388,.T.);
#19101 = ORIENTED_EDGE('',*,*,#17365,.T.);
#19102 = ORIENTED_EDGE('',*,*,#17333,.F.);
#19103 = PLANE('',#19104);
#19104 = AXIS2_PLACEMENT_3D('',#19105,#19106,#19107);
#19105 = CARTESIAN_POINT('',(24.823501,32.887358,27.008344));
#19106 = DIRECTION('',(0.,1.,0.));
#19107 = DIRECTION('',(1.,0.,2.22044604925E-16));
#19108 = ADVANCED_FACE('',(#19109),#19115,.F.);
#19109 = FACE_BOUND('',#19110,.F.);
#19110 = EDGE_LOOP('',(#19111,#19112,#19113,#19114));
#19111 = ORIENTED_EDGE('',*,*,#17380,.F.);
#19112 = ORIENTED_EDGE('',*,*,#18654,.F.);
#19113 = ORIENTED_EDGE('',*,*,#17325,.T.);
#19114 = ORIENTED_EDGE('',*,*,#19095,.F.);
#19115 = PLANE('',#19116);
#19116 = AXIS2_PLACEMENT_3D('',#19117,#19118,#19119);
#19117 = CARTESIAN_POINT('',(24.823501,27.687358,27.008344));
#19118 = DIRECTION('',(1.,0.,2.22044604925E-16));
#19119 = DIRECTION('',(2.22044604925E-16,0.,-1.));
#19120 = ADVANCED_FACE('',(#19121),#19132,.T.);
#19121 = FACE_BOUND('',#19122,.T.);
#19122 = EDGE_LOOP('',(#19123,#19129,#19130,#19131));
#19123 = ORIENTED_EDGE('',*,*,#19124,.F.);
#19124 = EDGE_CURVE('',#17482,#17427,#19125,.T.);
#19125 = LINE('',#19126,#19127);
#19126 = CARTESIAN_POINT('',(24.823501,32.887358,60.974688));
#19127 = VECTOR('',#19128,1.);
#19128 = DIRECTION('',(2.22044604925E-16,0.,-1.));
#19129 = ORIENTED_EDGE('',*,*,#17489,.T.);
#19130 = ORIENTED_EDGE('',*,*,#17466,.T.);
#19131 = ORIENTED_EDGE('',*,*,#17434,.F.);
#19132 = PLANE('',#19133);
#19133 = AXIS2_PLACEMENT_3D('',#19134,#19135,#19136);
#19134 = CARTESIAN_POINT('',(24.823501,32.887358,60.974688));
#19135 = DIRECTION('',(0.,1.,0.));
#19136 = DIRECTION('',(1.,0.,2.22044604925E-16));
#19137 = ADVANCED_FACE('',(#19138),#19144,.F.);
#19138 = FACE_BOUND('',#19139,.F.);
#19139 = EDGE_LOOP('',(#19140,#19141,#19142,#19143));
#19140 = ORIENTED_EDGE('',*,*,#17481,.F.);
#19141 = ORIENTED_EDGE('',*,*,#17852,.F.);
#19142 = ORIENTED_EDGE('',*,*,#17426,.T.);
#19143 = ORIENTED_EDGE('',*,*,#19124,.F.);
#19144 = PLANE('',#19145);
#19145 = AXIS2_PLACEMENT_3D('',#19146,#19147,#19148);
#19146 = CARTESIAN_POINT('',(24.823501,27.687358,60.974688));
#19147 = DIRECTION('',(1.,0.,2.22044604925E-16));
#19148 = DIRECTION('',(2.22044604925E-16,0.,-1.));
#19149 = ADVANCED_FACE('',(#19150),#19161,.F.);
#19150 = FACE_BOUND('',#19151,.F.);
#19151 = EDGE_LOOP('',(#19152,#19153,#19159,#19160));
#19152 = ORIENTED_EDGE('',*,*,#18097,.F.);
#19153 = ORIENTED_EDGE('',*,*,#19154,.F.);
#19154 = EDGE_CURVE('',#18159,#18090,#19155,.T.);
#19155 = LINE('',#19156,#19157);
#19156 = CARTESIAN_POINT('',(24.823501,28.587358,60.974688));
#19157 = VECTOR('',#19158,1.);
#19158 = DIRECTION('',(-2.22044604925E-16,0.,1.));
#19159 = ORIENTED_EDGE('',*,*,#18166,.T.);
#19160 = ORIENTED_EDGE('',*,*,#17845,.T.);
#19161 = PLANE('',#19162);
#19162 = AXIS2_PLACEMENT_3D('',#19163,#19164,#19165);
#19163 = CARTESIAN_POINT('',(24.823501,27.687358,60.974688));
#19164 = DIRECTION('',(1.,0.,2.22044604925E-16));
#19165 = DIRECTION('',(2.22044604925E-16,0.,-1.));
#19166 = ADVANCED_FACE('',(#19167),#19186,.F.);
#19167 = FACE_BOUND('',#19168,.F.);
#19168 = EDGE_LOOP('',(#19169,#19178,#19184,#19185));
#19169 = ORIENTED_EDGE('',*,*,#19170,.F.);
#19170 = EDGE_CURVE('',#19171,#19171,#19173,.T.);
#19171 = VERTEX_POINT('',#19172);
#19172 = CARTESIAN_POINT('',(28.023501,21.938,70.474688));
#19173 = CIRCLE('',#19174,1.7);
#19174 = AXIS2_PLACEMENT_3D('',#19175,#19176,#19177);
#19175 = CARTESIAN_POINT('',(28.023501,21.938,72.174688));
#19176 = DIRECTION('',(1.,-0.,2.22044604925E-16));
#19177 = DIRECTION('',(2.22044604925E-16,0.,-1.));
#19178 = ORIENTED_EDGE('',*,*,#19179,.F.);
#19179 = EDGE_CURVE('',#17900,#19171,#19180,.T.);
#19180 = LINE('',#19181,#19182);
#19181 = CARTESIAN_POINT('',(17.823501,21.938,70.474688));
#19182 = VECTOR('',#19183,1.);
#19183 = DIRECTION('',(1.,0.,2.22044604925E-16));
#19184 = ORIENTED_EDGE('',*,*,#17899,.T.);
#19185 = ORIENTED_EDGE('',*,*,#19179,.T.);
#19186 = CYLINDRICAL_SURFACE('',#19187,1.7);
#19187 = AXIS2_PLACEMENT_3D('',#19188,#19189,#19190);
#19188 = CARTESIAN_POINT('',(17.823501,21.938,72.174688));
#19189 = DIRECTION('',(1.,0.,2.22044604925E-16));
#19190 = DIRECTION('',(2.22044604925E-16,0.,-1.));
#19191 = ADVANCED_FACE('',(#19192,#19195),#19198,.T.);
#19192 = FACE_BOUND('',#19193,.T.);
#19193 = EDGE_LOOP('',(#19194));
#19194 = ORIENTED_EDGE('',*,*,#17925,.T.);
#19195 = FACE_BOUND('',#19196,.T.);
#19196 = EDGE_LOOP('',(#19197));
#19197 = ORIENTED_EDGE('',*,*,#19170,.F.);
#19198 = PLANE('',#19199);
#19199 = AXIS2_PLACEMENT_3D('',#19200,#19201,#19202);
#19200 = CARTESIAN_POINT('',(28.023501,21.938,72.174688));
#19201 = DIRECTION('',(1.,0.,2.22044604925E-16));
#19202 = DIRECTION('',(2.22044604925E-16,0.,-1.));
#19203 = ADVANCED_FACE('',(#19204),#19223,.F.);
#19204 = FACE_BOUND('',#19205,.F.);
#19205 = EDGE_LOOP('',(#19206,#19215,#19221,#19222));
#19206 = ORIENTED_EDGE('',*,*,#19207,.F.);
#19207 = EDGE_CURVE('',#19208,#19208,#19210,.T.);
#19208 = VERTEX_POINT('',#19209);
#19209 = CARTESIAN_POINT('',(28.023501,-20.062,70.474688));
#19210 = CIRCLE('',#19211,1.7);
#19211 = AXIS2_PLACEMENT_3D('',#19212,#19213,#19214);
#19212 = CARTESIAN_POINT('',(28.023501,-20.062,72.174688));
#19213 = DIRECTION('',(1.,-0.,2.22044604925E-16));
#19214 = DIRECTION('',(2.22044604925E-16,0.,-1.));
#19215 = ORIENTED_EDGE('',*,*,#19216,.F.);
#19216 = EDGE_CURVE('',#17975,#19208,#19217,.T.);
#19217 = LINE('',#19218,#19219);
#19218 = CARTESIAN_POINT('',(17.823501,-20.062,70.474688));
#19219 = VECTOR('',#19220,1.);
#19220 = DIRECTION('',(1.,0.,2.22044604925E-16));
#19221 = ORIENTED_EDGE('',*,*,#17974,.T.);
#19222 = ORIENTED_EDGE('',*,*,#19216,.T.);
#19223 = CYLINDRICAL_SURFACE('',#19224,1.7);
#19224 = AXIS2_PLACEMENT_3D('',#19225,#19226,#19227);
#19225 = CARTESIAN_POINT('',(17.823501,-20.062,72.174688));
#19226 = DIRECTION('',(1.,0.,2.22044604925E-16));
#19227 = DIRECTION('',(2.22044604925E-16,0.,-1.));
#19228 = ADVANCED_FACE('',(#19229,#19232),#19235,.T.);
#19229 = FACE_BOUND('',#19230,.T.);
#19230 = EDGE_LOOP('',(#19231));
#19231 = ORIENTED_EDGE('',*,*,#18000,.T.);
#19232 = FACE_BOUND('',#19233,.T.);
#19233 = EDGE_LOOP('',(#19234));
#19234 = ORIENTED_EDGE('',*,*,#19207,.F.);
#19235 = PLANE('',#19236);
#19236 = AXIS2_PLACEMENT_3D('',#19237,#19238,#19239);
#19237 = CARTESIAN_POINT('',(28.023501,-20.062,72.174688));
#19238 = DIRECTION('',(1.,0.,2.22044604925E-16));
#19239 = DIRECTION('',(2.22044604925E-16,0.,-1.));
#19240 = ADVANCED_FACE('',(#19241),#19259,.F.);
#19241 = FACE_BOUND('',#19242,.F.);
#19242 = EDGE_LOOP('',(#19243,#19251,#19257,#19258));
#19243 = ORIENTED_EDGE('',*,*,#19244,.F.);
#19244 = EDGE_CURVE('',#19245,#18335,#19247,.T.);
#19245 = VERTEX_POINT('',#19246);
#19246 = CARTESIAN_POINT('',(24.123501,-25.487358,63.174688));
#19247 = LINE('',#19248,#19249);
#19248 = CARTESIAN_POINT('',(24.123501,-25.487358,63.174688));
#19249 = VECTOR('',#19250,1.);
#19250 = DIRECTION('',(1.,0.,2.22044604925E-16));
#19251 = ORIENTED_EDGE('',*,*,#19252,.F.);
#19252 = EDGE_CURVE('',#18041,#19245,#19253,.T.);
#19253 = LINE('',#19254,#19255);
#19254 = CARTESIAN_POINT('',(24.123501,-25.487358,64.074688));
#19255 = VECTOR('',#19256,1.);
#19256 = DIRECTION('',(2.22044604925E-16,0.,-1.));
#19257 = ORIENTED_EDGE('',*,*,#18040,.T.);
#19258 = ORIENTED_EDGE('',*,*,#18334,.T.);
#19259 = PLANE('',#19260);
#19260 = AXIS2_PLACEMENT_3D('',#19261,#19262,#19263);
#19261 = CARTESIAN_POINT('',(24.123501,-25.487358,64.074688));
#19262 = DIRECTION('',(0.,1.,0.));
#19263 = DIRECTION('',(1.,0.,2.22044604925E-16));
#19264 = ADVANCED_FACE('',(#19265),#19283,.T.);
#19265 = FACE_BOUND('',#19266,.T.);
#19266 = EDGE_LOOP('',(#19267,#19275,#19281,#19282));
#19267 = ORIENTED_EDGE('',*,*,#19268,.F.);
#19268 = EDGE_CURVE('',#19269,#18294,#19271,.T.);
#19269 = VERTEX_POINT('',#19270);
#19270 = CARTESIAN_POINT('',(24.123501,25.487358,63.174688));
#19271 = LINE('',#19272,#19273);
#19272 = CARTESIAN_POINT('',(24.123501,25.487358,63.174688));
#19273 = VECTOR('',#19274,1.);
#19274 = DIRECTION('',(1.,0.,2.22044604925E-16));
#19275 = ORIENTED_EDGE('',*,*,#19276,.F.);
#19276 = EDGE_CURVE('',#18049,#19269,#19277,.T.);
#19277 = LINE('',#19278,#19279);
#19278 = CARTESIAN_POINT('',(24.123501,25.487358,64.074688));
#19279 = VECTOR('',#19280,1.);
#19280 = DIRECTION('',(2.22044604925E-16,0.,-1.));
#19281 = ORIENTED_EDGE('',*,*,#18056,.T.);
#19282 = ORIENTED_EDGE('',*,*,#18293,.T.);
#19283 = PLANE('',#19284);
#19284 = AXIS2_PLACEMENT_3D('',#19285,#19286,#19287);
#19285 = CARTESIAN_POINT('',(24.123501,25.487358,64.074688));
#19286 = DIRECTION('',(0.,1.,0.));
#19287 = DIRECTION('',(1.,0.,2.22044604925E-16));
#19288 = ADVANCED_FACE('',(#19289),#19300,.F.);
#19289 = FACE_BOUND('',#19290,.F.);
#19290 = EDGE_LOOP('',(#19291,#19292,#19293,#19299));
#19291 = ORIENTED_EDGE('',*,*,#18048,.F.);
#19292 = ORIENTED_EDGE('',*,*,#19252,.T.);
#19293 = ORIENTED_EDGE('',*,*,#19294,.T.);
#19294 = EDGE_CURVE('',#19245,#19269,#19295,.T.);
#19295 = LINE('',#19296,#19297);
#19296 = CARTESIAN_POINT('',(24.123501,-25.487358,63.174688));
#19297 = VECTOR('',#19298,1.);
#19298 = DIRECTION('',(0.,1.,0.));
#19299 = ORIENTED_EDGE('',*,*,#19276,.F.);
#19300 = PLANE('',#19301);
#19301 = AXIS2_PLACEMENT_3D('',#19302,#19303,#19304);
#19302 = CARTESIAN_POINT('',(24.123501,-25.487358,64.074688));
#19303 = DIRECTION('',(1.,0.,2.22044604925E-16));
#19304 = DIRECTION('',(2.22044604925E-16,0.,-1.));
#19305 = ADVANCED_FACE('',(#19306),#19317,.F.);
#19306 = FACE_BOUND('',#19307,.F.);
#19307 = EDGE_LOOP('',(#19308,#19314,#19315,#19316));
#19308 = ORIENTED_EDGE('',*,*,#19309,.F.);
#19309 = EDGE_CURVE('',#18072,#18143,#19310,.T.);
#19310 = LINE('',#19311,#19312);
#19311 = CARTESIAN_POINT('',(24.923501,27.687358,60.974688));
#19312 = VECTOR('',#19313,1.);
#19313 = DIRECTION('',(2.22044604925E-16,0.,-1.));
#19314 = ORIENTED_EDGE('',*,*,#18071,.T.);
#19315 = ORIENTED_EDGE('',*,*,#18119,.T.);
#19316 = ORIENTED_EDGE('',*,*,#18142,.F.);
#19317 = PLANE('',#19318);
#19318 = AXIS2_PLACEMENT_3D('',#19319,#19320,#19321);
#19319 = CARTESIAN_POINT('',(24.823501,27.687358,60.974688));
#19320 = DIRECTION('',(0.,1.,0.));
#19321 = DIRECTION('',(1.,0.,2.22044604925E-16));
#19322 = ADVANCED_FACE('',(#19323),#19341,.F.);
#19323 = FACE_BOUND('',#19324,.F.);
#19324 = EDGE_LOOP('',(#19325,#19333,#19339,#19340));
#19325 = ORIENTED_EDGE('',*,*,#19326,.F.);
#19326 = EDGE_CURVE('',#19327,#18072,#19329,.T.);
#19327 = VERTEX_POINT('',#19328);
#19328 = CARTESIAN_POINT('',(24.823501,27.687358,60.974688));
#19329 = LINE('',#19330,#19331);
#19330 = CARTESIAN_POINT('',(24.823501,27.687358,60.974688));
#19331 = VECTOR('',#19332,1.);
#19332 = DIRECTION('',(1.,0.,2.22044604925E-16));
#19333 = ORIENTED_EDGE('',*,*,#19334,.T.);
#19334 = EDGE_CURVE('',#19327,#18090,#19335,.T.);
#19335 = LINE('',#19336,#19337);
#19336 = CARTESIAN_POINT('',(24.823501,27.687358,60.974688));
#19337 = VECTOR('',#19338,1.);
#19338 = DIRECTION('',(0.,1.,0.));
#19339 = ORIENTED_EDGE('',*,*,#18089,.T.);
#19340 = ORIENTED_EDGE('',*,*,#18081,.F.);
#19341 = PLANE('',#19342);
#19342 = AXIS2_PLACEMENT_3D('',#19343,#19344,#19345);
#19343 = CARTESIAN_POINT('',(24.823501,27.687358,60.974688));
#19344 = DIRECTION('',(2.22044604925E-16,0.,-1.));
#19345 = DIRECTION('',(1.,0.,2.22044604925E-16));
#19346 = ADVANCED_FACE('',(#19347),#19365,.T.);
#19347 = FACE_BOUND('',#19348,.T.);
#19348 = EDGE_LOOP('',(#19349,#19357,#19363,#19364));
#19349 = ORIENTED_EDGE('',*,*,#19350,.F.);
#19350 = EDGE_CURVE('',#19351,#18143,#19353,.T.);
#19351 = VERTEX_POINT('',#19352);
#19352 = CARTESIAN_POINT('',(24.823501,27.687358,30.609344));
#19353 = LINE('',#19354,#19355);
#19354 = CARTESIAN_POINT('',(24.823501,27.687358,30.609344));
#19355 = VECTOR('',#19356,1.);
#19356 = DIRECTION('',(1.,0.,2.22044604925E-16));
#19357 = ORIENTED_EDGE('',*,*,#19358,.T.);
#19358 = EDGE_CURVE('',#19351,#18159,#19359,.T.);
#19359 = LINE('',#19360,#19361);
#19360 = CARTESIAN_POINT('',(24.823501,27.687358,30.609344));
#19361 = VECTOR('',#19362,1.);
#19362 = DIRECTION('',(0.,1.,0.));
#19363 = ORIENTED_EDGE('',*,*,#18158,.T.);
#19364 = ORIENTED_EDGE('',*,*,#18150,.F.);
#19365 = PLANE('',#19366);
#19366 = AXIS2_PLACEMENT_3D('',#19367,#19368,#19369);
#19367 = CARTESIAN_POINT('',(24.823501,27.687358,30.609344));
#19368 = DIRECTION('',(2.22044604925E-16,0.,-1.));
#19369 = DIRECTION('',(1.,0.,2.22044604925E-16));
#19370 = ADVANCED_FACE('',(#19371),#19382,.F.);
#19371 = FACE_BOUND('',#19372,.F.);
#19372 = EDGE_LOOP('',(#19373,#19379,#19380,#19381));
#19373 = ORIENTED_EDGE('',*,*,#19374,.F.);
#19374 = EDGE_CURVE('',#18183,#18254,#19375,.T.);
#19375 = LINE('',#19376,#19377);
#19376 = CARTESIAN_POINT('',(24.923501,27.687358,27.008344));
#19377 = VECTOR('',#19378,1.);
#19378 = DIRECTION('',(2.22044604925E-16,0.,-1.));
#19379 = ORIENTED_EDGE('',*,*,#18182,.T.);
#19380 = ORIENTED_EDGE('',*,*,#18230,.T.);
#19381 = ORIENTED_EDGE('',*,*,#18253,.F.);
#19382 = PLANE('',#19383);
#19383 = AXIS2_PLACEMENT_3D('',#19384,#19385,#19386);
#19384 = CARTESIAN_POINT('',(24.823501,27.687358,27.008344));
#19385 = DIRECTION('',(0.,1.,0.));
#19386 = DIRECTION('',(1.,0.,2.22044604925E-16));
#19387 = ADVANCED_FACE('',(#19388),#19399,.F.);
#19388 = FACE_BOUND('',#19389,.F.);
#19389 = EDGE_LOOP('',(#19390,#19391,#19397,#19398));
#19390 = ORIENTED_EDGE('',*,*,#18208,.F.);
#19391 = ORIENTED_EDGE('',*,*,#19392,.F.);
#19392 = EDGE_CURVE('',#18270,#18201,#19393,.T.);
#19393 = LINE('',#19394,#19395);
#19394 = CARTESIAN_POINT('',(24.823501,28.587358,27.008344));
#19395 = VECTOR('',#19396,1.);
#19396 = DIRECTION('',(-2.22044604925E-16,0.,1.));
#19397 = ORIENTED_EDGE('',*,*,#18277,.T.);
#19398 = ORIENTED_EDGE('',*,*,#18647,.T.);
#19399 = PLANE('',#19400);
#19400 = AXIS2_PLACEMENT_3D('',#19401,#19402,#19403);
#19401 = CARTESIAN_POINT('',(24.823501,27.687358,27.008344));
#19402 = DIRECTION('',(1.,0.,2.22044604925E-16));
#19403 = DIRECTION('',(2.22044604925E-16,0.,-1.));
#19404 = ADVANCED_FACE('',(#19405),#19423,.F.);
#19405 = FACE_BOUND('',#19406,.F.);
#19406 = EDGE_LOOP('',(#19407,#19415,#19421,#19422));
#19407 = ORIENTED_EDGE('',*,*,#19408,.F.);
#19408 = EDGE_CURVE('',#19409,#18183,#19411,.T.);
#19409 = VERTEX_POINT('',#19410);
#19410 = CARTESIAN_POINT('',(24.823501,27.687358,27.008344));
#19411 = LINE('',#19412,#19413);
#19412 = CARTESIAN_POINT('',(24.823501,27.687358,27.008344));
#19413 = VECTOR('',#19414,1.);
#19414 = DIRECTION('',(1.,0.,2.22044604925E-16));
#19415 = ORIENTED_EDGE('',*,*,#19416,.T.);
#19416 = EDGE_CURVE('',#19409,#18201,#19417,.T.);
#19417 = LINE('',#19418,#19419);
#19418 = CARTESIAN_POINT('',(24.823501,27.687358,27.008344));
#19419 = VECTOR('',#19420,1.);
#19420 = DIRECTION('',(0.,1.,0.));
#19421 = ORIENTED_EDGE('',*,*,#18200,.T.);
#19422 = ORIENTED_EDGE('',*,*,#18192,.F.);
#19423 = PLANE('',#19424);
#19424 = AXIS2_PLACEMENT_3D('',#19425,#19426,#19427);
#19425 = CARTESIAN_POINT('',(24.823501,27.687358,27.008344));
#19426 = DIRECTION('',(2.22044604925E-16,0.,-1.));
#19427 = DIRECTION('',(1.,0.,2.22044604925E-16));
#19428 = ADVANCED_FACE('',(#19429),#19447,.T.);
#19429 = FACE_BOUND('',#19430,.T.);
#19430 = EDGE_LOOP('',(#19431,#19439,#19445,#19446));
#19431 = ORIENTED_EDGE('',*,*,#19432,.F.);
#19432 = EDGE_CURVE('',#19433,#18254,#19435,.T.);
#19433 = VERTEX_POINT('',#19434);
#19434 = CARTESIAN_POINT('',(24.823501,27.687358,22.5));
#19435 = LINE('',#19436,#19437);
#19436 = CARTESIAN_POINT('',(24.823501,27.687358,22.5));
#19437 = VECTOR('',#19438,1.);
#19438 = DIRECTION('',(1.,0.,2.22044604925E-16));
#19439 = ORIENTED_EDGE('',*,*,#19440,.T.);
#19440 = EDGE_CURVE('',#19433,#18270,#19441,.T.);
#19441 = LINE('',#19442,#19443);
#19442 = CARTESIAN_POINT('',(24.823501,27.687358,22.5));
#19443 = VECTOR('',#19444,1.);
#19444 = DIRECTION('',(0.,1.,0.));
#19445 = ORIENTED_EDGE('',*,*,#18269,.T.);
#19446 = ORIENTED_EDGE('',*,*,#18261,.F.);
#19447 = PLANE('',#19448);
#19448 = AXIS2_PLACEMENT_3D('',#19449,#19450,#19451);
#19449 = CARTESIAN_POINT('',(24.823501,27.687358,22.5));
#19450 = DIRECTION('',(2.22044604925E-16,0.,-1.));
#19451 = DIRECTION('',(1.,0.,2.22044604925E-16));
#19452 = ADVANCED_FACE('',(#19453),#19464,.T.);
#19453 = FACE_BOUND('',#19454,.T.);
#19454 = EDGE_LOOP('',(#19455,#19456,#19462,#19463));
#19455 = ORIENTED_EDGE('',*,*,#18344,.F.);
#19456 = ORIENTED_EDGE('',*,*,#19457,.T.);
#19457 = EDGE_CURVE('',#18335,#18294,#19458,.T.);
#19458 = LINE('',#19459,#19460);
#19459 = CARTESIAN_POINT('',(24.823501,-25.487358,63.174688));
#19460 = VECTOR('',#19461,1.);
#19461 = DIRECTION('',(0.,1.,0.));
#19462 = ORIENTED_EDGE('',*,*,#18303,.T.);
#19463 = ORIENTED_EDGE('',*,*,#18318,.F.);
#19464 = PLANE('',#19465);
#19465 = AXIS2_PLACEMENT_3D('',#19466,#19467,#19468);
#19466 = CARTESIAN_POINT('',(24.823501,-25.487358,63.174688));
#19467 = DIRECTION('',(2.22044604925E-16,0.,-1.));
#19468 = DIRECTION('',(1.,0.,2.22044604925E-16));
#19469 = ADVANCED_FACE('',(#19470),#19481,.T.);
#19470 = FACE_BOUND('',#19471,.T.);
#19471 = EDGE_LOOP('',(#19472,#19478,#19479,#19480));
#19472 = ORIENTED_EDGE('',*,*,#19473,.F.);
#19473 = EDGE_CURVE('',#18377,#18401,#19474,.T.);
#19474 = LINE('',#19475,#19476);
#19475 = CARTESIAN_POINT('',(24.823501,-27.687358,60.974688));
#19476 = VECTOR('',#19477,1.);
#19477 = DIRECTION('',(2.22044604925E-16,0.,-1.));
#19478 = ORIENTED_EDGE('',*,*,#18384,.T.);
#19479 = ORIENTED_EDGE('',*,*,#18358,.T.);
#19480 = ORIENTED_EDGE('',*,*,#18408,.F.);
#19481 = PLANE('',#19482);
#19482 = AXIS2_PLACEMENT_3D('',#19483,#19484,#19485);
#19483 = CARTESIAN_POINT('',(24.823501,-27.687358,60.974688));
#19484 = DIRECTION('',(0.,1.,0.));
#19485 = DIRECTION('',(1.,0.,2.22044604925E-16));
#19486 = ADVANCED_FACE('',(#19487),#19505,.F.);
#19487 = FACE_BOUND('',#19488,.F.);
#19488 = EDGE_LOOP('',(#19489,#19490,#19498,#19504));
#19489 = ORIENTED_EDGE('',*,*,#18569,.F.);
#19490 = ORIENTED_EDGE('',*,*,#19491,.T.);
#19491 = EDGE_CURVE('',#18562,#19492,#19494,.T.);
#19492 = VERTEX_POINT('',#19493);
#19493 = CARTESIAN_POINT('',(24.123501,-27.687358,60.974688));
#19494 = LINE('',#19495,#19496);
#19495 = CARTESIAN_POINT('',(24.123501,-28.587358,60.974688));
#19496 = VECTOR('',#19497,1.);
#19497 = DIRECTION('',(0.,1.,0.));
#19498 = ORIENTED_EDGE('',*,*,#19499,.T.);
#19499 = EDGE_CURVE('',#19492,#18377,#19500,.T.);
#19500 = LINE('',#19501,#19502);
#19501 = CARTESIAN_POINT('',(24.123501,-27.687358,60.974688));
#19502 = VECTOR('',#19503,1.);
#19503 = DIRECTION('',(1.,0.,2.22044604925E-16));
#19504 = ORIENTED_EDGE('',*,*,#18376,.F.);
#19505 = PLANE('',#19506);
#19506 = AXIS2_PLACEMENT_3D('',#19507,#19508,#19509);
#19507 = CARTESIAN_POINT('',(24.123501,-28.587358,60.974688));
#19508 = DIRECTION('',(2.22044604925E-16,0.,-1.));
#19509 = DIRECTION('',(1.,0.,2.22044604925E-16));
#19510 = ADVANCED_FACE('',(#19511),#19529,.T.);
#19511 = FACE_BOUND('',#19512,.T.);
#19512 = EDGE_LOOP('',(#19513,#19514,#19522,#19528));
#19513 = ORIENTED_EDGE('',*,*,#18553,.F.);
#19514 = ORIENTED_EDGE('',*,*,#19515,.T.);
#19515 = EDGE_CURVE('',#18554,#19516,#19518,.T.);
#19516 = VERTEX_POINT('',#19517);
#19517 = CARTESIAN_POINT('',(24.123501,-27.687358,48.562344));
#19518 = LINE('',#19519,#19520);
#19519 = CARTESIAN_POINT('',(24.123501,-28.587358,48.562344));
#19520 = VECTOR('',#19521,1.);
#19521 = DIRECTION('',(0.,1.,0.));
#19522 = ORIENTED_EDGE('',*,*,#19523,.T.);
#19523 = EDGE_CURVE('',#19516,#18401,#19524,.T.);
#19524 = LINE('',#19525,#19526);
#19525 = CARTESIAN_POINT('',(24.123501,-27.687358,48.562344));
#19526 = VECTOR('',#19527,1.);
#19527 = DIRECTION('',(1.,0.,2.22044604925E-16));
#19528 = ORIENTED_EDGE('',*,*,#18400,.F.);
#19529 = PLANE('',#19530);
#19530 = AXIS2_PLACEMENT_3D('',#19531,#19532,#19533);
#19531 = CARTESIAN_POINT('',(24.123501,-28.587358,48.562344));
#19532 = DIRECTION('',(2.22044604925E-16,0.,-1.));
#19533 = DIRECTION('',(1.,0.,2.22044604925E-16));
#19534 = ADVANCED_FACE('',(#19535),#19546,.T.);
#19535 = FACE_BOUND('',#19536,.T.);
#19536 = EDGE_LOOP('',(#19537,#19543,#19544,#19545));
#19537 = ORIENTED_EDGE('',*,*,#19538,.F.);
#19538 = EDGE_CURVE('',#18442,#18466,#19539,.T.);
#19539 = LINE('',#19540,#19541);
#19540 = CARTESIAN_POINT('',(24.823501,-27.687358,34.962344));
#19541 = VECTOR('',#19542,1.);
#19542 = DIRECTION('',(2.22044604925E-16,0.,-1.));
#19543 = ORIENTED_EDGE('',*,*,#18449,.T.);
#19544 = ORIENTED_EDGE('',*,*,#18423,.T.);
#19545 = ORIENTED_EDGE('',*,*,#18473,.F.);
#19546 = PLANE('',#19547);
#19547 = AXIS2_PLACEMENT_3D('',#19548,#19549,#19550);
#19548 = CARTESIAN_POINT('',(24.823501,-27.687358,34.962344));
#19549 = DIRECTION('',(0.,1.,0.));
#19550 = DIRECTION('',(1.,0.,2.22044604925E-16));
#19551 = ADVANCED_FACE('',(#19552),#19570,.F.);
#19552 = FACE_BOUND('',#19553,.F.);
#19553 = EDGE_LOOP('',(#19554,#19555,#19563,#19569));
#19554 = ORIENTED_EDGE('',*,*,#18600,.F.);
#19555 = ORIENTED_EDGE('',*,*,#19556,.T.);
#19556 = EDGE_CURVE('',#18593,#19557,#19559,.T.);
#19557 = VERTEX_POINT('',#19558);
#19558 = CARTESIAN_POINT('',(24.123501,-27.687358,34.962344));
#19559 = LINE('',#19560,#19561);
#19560 = CARTESIAN_POINT('',(24.123501,-28.587358,34.962344));
#19561 = VECTOR('',#19562,1.);
#19562 = DIRECTION('',(0.,1.,0.));
#19563 = ORIENTED_EDGE('',*,*,#19564,.T.);
#19564 = EDGE_CURVE('',#19557,#18442,#19565,.T.);
#19565 = LINE('',#19566,#19567);
#19566 = CARTESIAN_POINT('',(24.123501,-27.687358,34.962344));
#19567 = VECTOR('',#19568,1.);
#19568 = DIRECTION('',(1.,0.,2.22044604925E-16));
#19569 = ORIENTED_EDGE('',*,*,#18441,.F.);
#19570 = PLANE('',#19571);
#19571 = AXIS2_PLACEMENT_3D('',#19572,#19573,#19574);
#19572 = CARTESIAN_POINT('',(24.123501,-28.587358,34.962344));
#19573 = DIRECTION('',(2.22044604925E-16,0.,-1.));
#19574 = DIRECTION('',(1.,0.,2.22044604925E-16));
#19575 = ADVANCED_FACE('',(#19576),#19594,.T.);
#19576 = FACE_BOUND('',#19577,.T.);
#19577 = EDGE_LOOP('',(#19578,#19579,#19587,#19593));
#19578 = ORIENTED_EDGE('',*,*,#18584,.F.);
#19579 = ORIENTED_EDGE('',*,*,#19580,.T.);
#19580 = EDGE_CURVE('',#18585,#19581,#19583,.T.);
#19581 = VERTEX_POINT('',#19582);
#19582 = CARTESIAN_POINT('',(24.123501,-27.687358,30.985344));
#19583 = LINE('',#19584,#19585);
#19584 = CARTESIAN_POINT('',(24.123501,-28.587358,30.985344));
#19585 = VECTOR('',#19586,1.);
#19586 = DIRECTION('',(0.,1.,0.));
#19587 = ORIENTED_EDGE('',*,*,#19588,.T.);
#19588 = EDGE_CURVE('',#19581,#18466,#19589,.T.);
#19589 = LINE('',#19590,#19591);
#19590 = CARTESIAN_POINT('',(24.123501,-27.687358,30.985344));
#19591 = VECTOR('',#19592,1.);
#19592 = DIRECTION('',(1.,0.,2.22044604925E-16));
#19593 = ORIENTED_EDGE('',*,*,#18465,.F.);
#19594 = PLANE('',#19595);
#19595 = AXIS2_PLACEMENT_3D('',#19596,#19597,#19598);
#19596 = CARTESIAN_POINT('',(24.123501,-28.587358,30.985344));
#19597 = DIRECTION('',(2.22044604925E-16,0.,-1.));
#19598 = DIRECTION('',(1.,0.,2.22044604925E-16));
#19599 = ADVANCED_FACE('',(#19600),#19611,.T.);
#19600 = FACE_BOUND('',#19601,.T.);
#19601 = EDGE_LOOP('',(#19602,#19608,#19609,#19610));
#19602 = ORIENTED_EDGE('',*,*,#19603,.F.);
#19603 = EDGE_CURVE('',#18507,#18531,#19604,.T.);
#19604 = LINE('',#19605,#19606);
#19605 = CARTESIAN_POINT('',(24.823501,-27.687358,26.884344));
#19606 = VECTOR('',#19607,1.);
#19607 = DIRECTION('',(2.22044604925E-16,0.,-1.));
#19608 = ORIENTED_EDGE('',*,*,#18514,.T.);
#19609 = ORIENTED_EDGE('',*,*,#18488,.T.);
#19610 = ORIENTED_EDGE('',*,*,#18538,.F.);
#19611 = PLANE('',#19612);
#19612 = AXIS2_PLACEMENT_3D('',#19613,#19614,#19615);
#19613 = CARTESIAN_POINT('',(24.823501,-27.687358,26.884344));
#19614 = DIRECTION('',(0.,1.,0.));
#19615 = DIRECTION('',(1.,0.,2.22044604925E-16));
#19616 = ADVANCED_FACE('',(#19617),#19635,.F.);
#19617 = FACE_BOUND('',#19618,.F.);
#19618 = EDGE_LOOP('',(#19619,#19620,#19628,#19634));
#19619 = ORIENTED_EDGE('',*,*,#18631,.F.);
#19620 = ORIENTED_EDGE('',*,*,#19621,.T.);
#19621 = EDGE_CURVE('',#18624,#19622,#19624,.T.);
#19622 = VERTEX_POINT('',#19623);
#19623 = CARTESIAN_POINT('',(24.123501,-27.687358,26.884344));
#19624 = LINE('',#19625,#19626);
#19625 = CARTESIAN_POINT('',(24.123501,-28.587358,26.884344));
#19626 = VECTOR('',#19627,1.);
#19627 = DIRECTION('',(0.,1.,0.));
#19628 = ORIENTED_EDGE('',*,*,#19629,.T.);
#19629 = EDGE_CURVE('',#19622,#18507,#19630,.T.);
#19630 = LINE('',#19631,#19632);
#19631 = CARTESIAN_POINT('',(24.123501,-27.687358,26.884344));
#19632 = VECTOR('',#19633,1.);
#19633 = DIRECTION('',(1.,0.,2.22044604925E-16));
#19634 = ORIENTED_EDGE('',*,*,#18506,.F.);
#19635 = PLANE('',#19636);
#19636 = AXIS2_PLACEMENT_3D('',#19637,#19638,#19639);
#19637 = CARTESIAN_POINT('',(24.123501,-28.587358,26.884344));
#19638 = DIRECTION('',(2.22044604925E-16,0.,-1.));
#19639 = DIRECTION('',(1.,0.,2.22044604925E-16));
#19640 = ADVANCED_FACE('',(#19641),#19659,.T.);
#19641 = FACE_BOUND('',#19642,.T.);
#19642 = EDGE_LOOP('',(#19643,#19644,#19652,#19658));
#19643 = ORIENTED_EDGE('',*,*,#18615,.F.);
#19644 = ORIENTED_EDGE('',*,*,#19645,.T.);
#19645 = EDGE_CURVE('',#18616,#19646,#19648,.T.);
#19646 = VERTEX_POINT('',#19647);
#19647 = CARTESIAN_POINT('',(24.123501,-27.687358,22.5));
#19648 = LINE('',#19649,#19650);
#19649 = CARTESIAN_POINT('',(24.123501,-28.587358,22.5));
#19650 = VECTOR('',#19651,1.);
#19651 = DIRECTION('',(0.,1.,0.));
#19652 = ORIENTED_EDGE('',*,*,#19653,.T.);
#19653 = EDGE_CURVE('',#19646,#18531,#19654,.T.);
#19654 = LINE('',#19655,#19656);
#19655 = CARTESIAN_POINT('',(24.123501,-27.687358,22.5));
#19656 = VECTOR('',#19657,1.);
#19657 = DIRECTION('',(1.,0.,2.22044604925E-16));
#19658 = ORIENTED_EDGE('',*,*,#18530,.F.);
#19659 = PLANE('',#19660);
#19660 = AXIS2_PLACEMENT_3D('',#19661,#19662,#19663);
#19661 = CARTESIAN_POINT('',(24.123501,-28.587358,22.5));
#19662 = DIRECTION('',(2.22044604925E-16,0.,-1.));
#19663 = DIRECTION('',(1.,0.,2.22044604925E-16));
#19664 = ADVANCED_FACE('',(#19665),#19676,.F.);
#19665 = FACE_BOUND('',#19666,.F.);
#19666 = EDGE_LOOP('',(#19667,#19668,#19669,#19670));
#19667 = ORIENTED_EDGE('',*,*,#19491,.F.);
#19668 = ORIENTED_EDGE('',*,*,#18561,.T.);
#19669 = ORIENTED_EDGE('',*,*,#19515,.T.);
#19670 = ORIENTED_EDGE('',*,*,#19671,.F.);
#19671 = EDGE_CURVE('',#19492,#19516,#19672,.T.);
#19672 = LINE('',#19673,#19674);
#19673 = CARTESIAN_POINT('',(24.123501,-27.687358,60.974688));
#19674 = VECTOR('',#19675,1.);
#19675 = DIRECTION('',(2.22044604925E-16,0.,-1.));
#19676 = PLANE('',#19677);
#19677 = AXIS2_PLACEMENT_3D('',#19678,#19679,#19680);
#19678 = CARTESIAN_POINT('',(24.123501,-28.587358,60.974688));
#19679 = DIRECTION('',(1.,0.,2.22044604925E-16));
#19680 = DIRECTION('',(2.22044604925E-16,0.,-1.));
#19681 = ADVANCED_FACE('',(#19682),#19693,.F.);
#19682 = FACE_BOUND('',#19683,.F.);
#19683 = EDGE_LOOP('',(#19684,#19685,#19686,#19687));
#19684 = ORIENTED_EDGE('',*,*,#19556,.F.);
#19685 = ORIENTED_EDGE('',*,*,#18592,.T.);
#19686 = ORIENTED_EDGE('',*,*,#19580,.T.);
#19687 = ORIENTED_EDGE('',*,*,#19688,.F.);
#19688 = EDGE_CURVE('',#19557,#19581,#19689,.T.);
#19689 = LINE('',#19690,#19691);
#19690 = CARTESIAN_POINT('',(24.123501,-27.687358,34.962344));
#19691 = VECTOR('',#19692,1.);
#19692 = DIRECTION('',(2.22044604925E-16,0.,-1.));
#19693 = PLANE('',#19694);
#19694 = AXIS2_PLACEMENT_3D('',#19695,#19696,#19697);
#19695 = CARTESIAN_POINT('',(24.123501,-28.587358,34.962344));
#19696 = DIRECTION('',(1.,0.,2.22044604925E-16));
#19697 = DIRECTION('',(2.22044604925E-16,0.,-1.));
#19698 = ADVANCED_FACE('',(#19699),#19710,.F.);
#19699 = FACE_BOUND('',#19700,.F.);
#19700 = EDGE_LOOP('',(#19701,#19702,#19703,#19704));
#19701 = ORIENTED_EDGE('',*,*,#19621,.F.);
#19702 = ORIENTED_EDGE('',*,*,#18623,.T.);
#19703 = ORIENTED_EDGE('',*,*,#19645,.T.);
#19704 = ORIENTED_EDGE('',*,*,#19705,.F.);
#19705 = EDGE_CURVE('',#19622,#19646,#19706,.T.);
#19706 = LINE('',#19707,#19708);
#19707 = CARTESIAN_POINT('',(24.123501,-27.687358,26.884344));
#19708 = VECTOR('',#19709,1.);
#19709 = DIRECTION('',(2.22044604925E-16,0.,-1.));
#19710 = PLANE('',#19711);
#19711 = AXIS2_PLACEMENT_3D('',#19712,#19713,#19714);
#19712 = CARTESIAN_POINT('',(24.123501,-28.587358,26.884344));
#19713 = DIRECTION('',(1.,0.,2.22044604925E-16));
#19714 = DIRECTION('',(2.22044604925E-16,0.,-1.));
#19715 = ADVANCED_FACE('',(#19716),#19725,.F.);
#19716 = FACE_BOUND('',#19717,.F.);
#19717 = EDGE_LOOP('',(#19718,#19719));
#19718 = ORIENTED_EDGE('',*,*,#18683,.T.);
#19719 = ORIENTED_EDGE('',*,*,#19720,.T.);
#19720 = EDGE_CURVE('',#18676,#18684,#19721,.T.);
#19721 = LINE('',#19722,#19723);
#19722 = CARTESIAN_POINT('',(24.823501,-29.787358,14.3));
#19723 = VECTOR('',#19724,1.);
#19724 = DIRECTION('',(0.,1.,0.));
#19725 = PLANE('',#19726);
#19726 = AXIS2_PLACEMENT_3D('',#19727,#19728,#19729);
#19727 = CARTESIAN_POINT('',(24.823501,0.25,41.737344));
#19728 = DIRECTION('',(1.,0.,2.22044604925E-16));
#19729 = DIRECTION('',(2.22044604925E-16,0.,-1.));
#19730 = ADVANCED_FACE('',(#19731),#19756,.T.);
#19731 = FACE_BOUND('',#19732,.T.);
#19732 = EDGE_LOOP('',(#19733,#19741,#19749,#19755));
#19733 = ORIENTED_EDGE('',*,*,#19734,.F.);
#19734 = EDGE_CURVE('',#19735,#16201,#19737,.T.);
#19735 = VERTEX_POINT('',#19736);
#19736 = CARTESIAN_POINT('',(24.123501,18.08,19.4));
#19737 = LINE('',#19738,#19739);
#19738 = CARTESIAN_POINT('',(24.123501,18.08,19.4));
#19739 = VECTOR('',#19740,1.);
#19740 = DIRECTION('',(1.,0.,2.22044604925E-16));
#19741 = ORIENTED_EDGE('',*,*,#19742,.T.);
#19742 = EDGE_CURVE('',#19735,#19743,#19745,.T.);
#19743 = VERTEX_POINT('',#19744);
#19744 = CARTESIAN_POINT('',(24.123501,25.487358,19.4));
#19745 = LINE('',#19746,#19747);
#19746 = CARTESIAN_POINT('',(24.123501,18.08,19.4));
#19747 = VECTOR('',#19748,1.);
#19748 = DIRECTION('',(0.,1.,0.));
#19749 = ORIENTED_EDGE('',*,*,#19750,.T.);
#19750 = EDGE_CURVE('',#19743,#16130,#19751,.T.);
#19751 = LINE('',#19752,#19753);
#19752 = CARTESIAN_POINT('',(24.123501,25.487358,19.4));
#19753 = VECTOR('',#19754,1.);
#19754 = DIRECTION('',(1.,0.,2.22044604925E-16));
#19755 = ORIENTED_EDGE('',*,*,#18707,.F.);
#19756 = PLANE('',#19757);
#19757 = AXIS2_PLACEMENT_3D('',#19758,#19759,#19760);
#19758 = CARTESIAN_POINT('',(24.123501,18.08,19.4));
#19759 = DIRECTION('',(2.22044604925E-16,0.,-1.));
#19760 = DIRECTION('',(1.,0.,2.22044604925E-16));
#19761 = ADVANCED_FACE('',(#19762),#19773,.F.);
#19762 = FACE_BOUND('',#19763,.F.);
#19763 = EDGE_LOOP('',(#19764,#19765,#19771,#19772));
#19764 = ORIENTED_EDGE('',*,*,#18773,.F.);
#19765 = ORIENTED_EDGE('',*,*,#19766,.T.);
#19766 = EDGE_CURVE('',#18766,#18742,#19767,.T.);
#19767 = LINE('',#19768,#19769);
#19768 = CARTESIAN_POINT('',(24.823501,18.08,20.3));
#19769 = VECTOR('',#19770,1.);
#19770 = DIRECTION('',(0.,1.,0.));
#19771 = ORIENTED_EDGE('',*,*,#18749,.T.);
#19772 = ORIENTED_EDGE('',*,*,#18725,.F.);
#19773 = PLANE('',#19774);
#19774 = AXIS2_PLACEMENT_3D('',#19775,#19776,#19777);
#19775 = CARTESIAN_POINT('',(24.823501,18.08,20.3));
#19776 = DIRECTION('',(2.22044604925E-16,0.,-1.));
#19777 = DIRECTION('',(1.,0.,2.22044604925E-16));
#19778 = ADVANCED_FACE('',(#19779),#19797,.T.);
#19779 = FACE_BOUND('',#19780,.T.);
#19780 = EDGE_LOOP('',(#19781,#19782,#19790,#19796));
#19781 = ORIENTED_EDGE('',*,*,#19750,.F.);
#19782 = ORIENTED_EDGE('',*,*,#19783,.F.);
#19783 = EDGE_CURVE('',#19784,#19743,#19786,.T.);
#19784 = VERTEX_POINT('',#19785);
#19785 = CARTESIAN_POINT('',(24.123501,25.487358,20.3));
#19786 = LINE('',#19787,#19788);
#19787 = CARTESIAN_POINT('',(24.123501,25.487358,20.3));
#19788 = VECTOR('',#19789,1.);
#19789 = DIRECTION('',(2.22044604925E-16,0.,-1.));
#19790 = ORIENTED_EDGE('',*,*,#19791,.T.);
#19791 = EDGE_CURVE('',#19784,#18742,#19792,.T.);
#19792 = LINE('',#19793,#19794);
#19793 = CARTESIAN_POINT('',(24.123501,25.487358,20.3));
#19794 = VECTOR('',#19795,1.);
#19795 = DIRECTION('',(1.,0.,2.22044604925E-16));
#19796 = ORIENTED_EDGE('',*,*,#18741,.T.);
#19797 = PLANE('',#19798);
#19798 = AXIS2_PLACEMENT_3D('',#19799,#19800,#19801);
#19799 = CARTESIAN_POINT('',(24.123501,25.487358,20.3));
#19800 = DIRECTION('',(0.,1.,0.));
#19801 = DIRECTION('',(1.,0.,2.22044604925E-16));
#19802 = ADVANCED_FACE('',(#19803),#19821,.F.);
#19803 = FACE_BOUND('',#19804,.F.);
#19804 = EDGE_LOOP('',(#19805,#19806,#19814,#19820));
#19805 = ORIENTED_EDGE('',*,*,#19734,.F.);
#19806 = ORIENTED_EDGE('',*,*,#19807,.F.);
#19807 = EDGE_CURVE('',#19808,#19735,#19810,.T.);
#19808 = VERTEX_POINT('',#19809);
#19809 = CARTESIAN_POINT('',(24.123501,18.08,20.3));
#19810 = LINE('',#19811,#19812);
#19811 = CARTESIAN_POINT('',(24.123501,18.08,20.3));
#19812 = VECTOR('',#19813,1.);
#19813 = DIRECTION('',(2.22044604925E-16,0.,-1.));
#19814 = ORIENTED_EDGE('',*,*,#19815,.T.);
#19815 = EDGE_CURVE('',#19808,#18766,#19816,.T.);
#19816 = LINE('',#19817,#19818);
#19817 = CARTESIAN_POINT('',(24.123501,18.08,20.3));
#19818 = VECTOR('',#19819,1.);
#19819 = DIRECTION('',(1.,0.,2.22044604925E-16));
#19820 = ORIENTED_EDGE('',*,*,#18765,.T.);
#19821 = PLANE('',#19822);
#19822 = AXIS2_PLACEMENT_3D('',#19823,#19824,#19825);
#19823 = CARTESIAN_POINT('',(24.123501,18.08,20.3));
#19824 = DIRECTION('',(0.,1.,0.));
#19825 = DIRECTION('',(1.,0.,2.22044604925E-16));
#19826 = ADVANCED_FACE('',(#19827),#19838,.F.);
#19827 = FACE_BOUND('',#19828,.F.);
#19828 = EDGE_LOOP('',(#19829,#19830,#19836,#19837));
#19829 = ORIENTED_EDGE('',*,*,#18838,.F.);
#19830 = ORIENTED_EDGE('',*,*,#19831,.T.);
#19831 = EDGE_CURVE('',#18831,#18807,#19832,.T.);
#19832 = LINE('',#19833,#19834);
#19833 = CARTESIAN_POINT('',(24.823501,-25.487358,20.3));
#19834 = VECTOR('',#19835,1.);
#19835 = DIRECTION('',(0.,1.,0.));
#19836 = ORIENTED_EDGE('',*,*,#18814,.T.);
#19837 = ORIENTED_EDGE('',*,*,#18790,.F.);
#19838 = PLANE('',#19839);
#19839 = AXIS2_PLACEMENT_3D('',#19840,#19841,#19842);
#19840 = CARTESIAN_POINT('',(24.823501,-25.487358,20.3));
#19841 = DIRECTION('',(2.22044604925E-16,0.,-1.));
#19842 = DIRECTION('',(1.,0.,2.22044604925E-16));
#19843 = ADVANCED_FACE('',(#19844),#19862,.T.);
#19844 = FACE_BOUND('',#19845,.T.);
#19845 = EDGE_LOOP('',(#19846,#19847,#19855,#19861));
#19846 = ORIENTED_EDGE('',*,*,#18870,.F.);
#19847 = ORIENTED_EDGE('',*,*,#19848,.F.);
#19848 = EDGE_CURVE('',#19849,#18863,#19851,.T.);
#19849 = VERTEX_POINT('',#19850);
#19850 = CARTESIAN_POINT('',(24.123501,-12.49,20.3));
#19851 = LINE('',#19852,#19853);
#19852 = CARTESIAN_POINT('',(24.123501,-12.49,20.3));
#19853 = VECTOR('',#19854,1.);
#19854 = DIRECTION('',(2.22044604925E-16,0.,-1.));
#19855 = ORIENTED_EDGE('',*,*,#19856,.T.);
#19856 = EDGE_CURVE('',#19849,#18807,#19857,.T.);
#19857 = LINE('',#19858,#19859);
#19858 = CARTESIAN_POINT('',(24.123501,-12.49,20.3));
#19859 = VECTOR('',#19860,1.);
#19860 = DIRECTION('',(1.,0.,2.22044604925E-16));
#19861 = ORIENTED_EDGE('',*,*,#18806,.T.);
#19862 = PLANE('',#19863);
#19863 = AXIS2_PLACEMENT_3D('',#19864,#19865,#19866);
#19864 = CARTESIAN_POINT('',(24.123501,-12.49,20.3));
#19865 = DIRECTION('',(0.,1.,0.));
#19866 = DIRECTION('',(1.,0.,2.22044604925E-16));
#19867 = ADVANCED_FACE('',(#19868),#19886,.F.);
#19868 = FACE_BOUND('',#19869,.F.);
#19869 = EDGE_LOOP('',(#19870,#19871,#19879,#19885));
#19870 = ORIENTED_EDGE('',*,*,#18854,.F.);
#19871 = ORIENTED_EDGE('',*,*,#19872,.F.);
#19872 = EDGE_CURVE('',#19873,#18855,#19875,.T.);
#19873 = VERTEX_POINT('',#19874);
#19874 = CARTESIAN_POINT('',(24.123501,-25.487358,20.3));
#19875 = LINE('',#19876,#19877);
#19876 = CARTESIAN_POINT('',(24.123501,-25.487358,20.3));
#19877 = VECTOR('',#19878,1.);
#19878 = DIRECTION('',(2.22044604925E-16,0.,-1.));
#19879 = ORIENTED_EDGE('',*,*,#19880,.T.);
#19880 = EDGE_CURVE('',#19873,#18831,#19881,.T.);
#19881 = LINE('',#19882,#19883);
#19882 = CARTESIAN_POINT('',(24.123501,-25.487358,20.3));
#19883 = VECTOR('',#19884,1.);
#19884 = DIRECTION('',(1.,0.,2.22044604925E-16));
#19885 = ORIENTED_EDGE('',*,*,#18830,.T.);
#19886 = PLANE('',#19887);
#19887 = AXIS2_PLACEMENT_3D('',#19888,#19889,#19890);
#19888 = CARTESIAN_POINT('',(24.123501,-25.487358,20.3));
#19889 = DIRECTION('',(0.,1.,0.));
#19890 = DIRECTION('',(1.,0.,2.22044604925E-16));
#19891 = ADVANCED_FACE('',(#19892),#19903,.F.);
#19892 = FACE_BOUND('',#19893,.F.);
#19893 = EDGE_LOOP('',(#19894,#19900,#19901,#19902));
#19894 = ORIENTED_EDGE('',*,*,#19895,.F.);
#19895 = EDGE_CURVE('',#19873,#19849,#19896,.T.);
#19896 = LINE('',#19897,#19898);
#19897 = CARTESIAN_POINT('',(24.123501,-25.487358,20.3));
#19898 = VECTOR('',#19899,1.);
#19899 = DIRECTION('',(0.,1.,0.));
#19900 = ORIENTED_EDGE('',*,*,#19872,.T.);
#19901 = ORIENTED_EDGE('',*,*,#18862,.T.);
#19902 = ORIENTED_EDGE('',*,*,#19848,.F.);
#19903 = PLANE('',#19904);
#19904 = AXIS2_PLACEMENT_3D('',#19905,#19906,#19907);
#19905 = CARTESIAN_POINT('',(24.123501,-25.487358,20.3));
#19906 = DIRECTION('',(1.,0.,2.22044604925E-16));
#19907 = DIRECTION('',(2.22044604925E-16,0.,-1.));
#19908 = ADVANCED_FACE('',(#19909),#19928,.F.);
#19909 = FACE_BOUND('',#19910,.F.);
#19910 = EDGE_LOOP('',(#19911,#19920,#19926,#19927));
#19911 = ORIENTED_EDGE('',*,*,#19912,.F.);
#19912 = EDGE_CURVE('',#19913,#19913,#19915,.T.);
#19913 = VERTEX_POINT('',#19914);
#19914 = CARTESIAN_POINT('',(28.023501,-20.062,9.6));
#19915 = CIRCLE('',#19916,1.7);
#19916 = AXIS2_PLACEMENT_3D('',#19917,#19918,#19919);
#19917 = CARTESIAN_POINT('',(28.023501,-20.062,11.3));
#19918 = DIRECTION('',(1.,-0.,2.22044604925E-16));
#19919 = DIRECTION('',(2.22044604925E-16,0.,-1.));
#19920 = ORIENTED_EDGE('',*,*,#19921,.F.);
#19921 = EDGE_CURVE('',#18932,#19913,#19922,.T.);
#19922 = LINE('',#19923,#19924);
#19923 = CARTESIAN_POINT('',(17.823501,-20.062,9.6));
#19924 = VECTOR('',#19925,1.);
#19925 = DIRECTION('',(1.,0.,2.22044604925E-16));
#19926 = ORIENTED_EDGE('',*,*,#18931,.T.);
#19927 = ORIENTED_EDGE('',*,*,#19921,.T.);
#19928 = CYLINDRICAL_SURFACE('',#19929,1.7);
#19929 = AXIS2_PLACEMENT_3D('',#19930,#19931,#19932);
#19930 = CARTESIAN_POINT('',(17.823501,-20.062,11.3));
#19931 = DIRECTION('',(1.,0.,2.22044604925E-16));
#19932 = DIRECTION('',(2.22044604925E-16,0.,-1.));
#19933 = ADVANCED_FACE('',(#19934,#19937),#19940,.T.);
#19934 = FACE_BOUND('',#19935,.T.);
#19935 = EDGE_LOOP('',(#19936));
#19936 = ORIENTED_EDGE('',*,*,#18957,.T.);
#19937 = FACE_BOUND('',#19938,.T.);
#19938 = EDGE_LOOP('',(#19939));
#19939 = ORIENTED_EDGE('',*,*,#19912,.F.);
#19940 = PLANE('',#19941);
#19941 = AXIS2_PLACEMENT_3D('',#19942,#19943,#19944);
#19942 = CARTESIAN_POINT('',(28.023501,-20.062,11.3));
#19943 = DIRECTION('',(1.,0.,2.22044604925E-16));
#19944 = DIRECTION('',(2.22044604925E-16,0.,-1.));
#19945 = ADVANCED_FACE('',(#19946),#19952,.F.);
#19946 = FACE_BOUND('',#19947,.F.);
#19947 = EDGE_LOOP('',(#19948,#19949,#19950,#19951));
#19948 = ORIENTED_EDGE('',*,*,#19720,.F.);
#19949 = ORIENTED_EDGE('',*,*,#18981,.T.);
#19950 = ORIENTED_EDGE('',*,*,#19010,.T.);
#19951 = ORIENTED_EDGE('',*,*,#19079,.T.);
#19952 = PLANE('',#19953);
#19953 = AXIS2_PLACEMENT_3D('',#19954,#19955,#19956);
#19954 = CARTESIAN_POINT('',(24.823501,18.08,20.3));
#19955 = DIRECTION('',(1.,0.,2.22044604925E-16));
#19956 = DIRECTION('',(2.22044604925E-16,0.,-1.));
#19957 = ADVANCED_FACE('',(#19958),#19977,.F.);
#19958 = FACE_BOUND('',#19959,.F.);
#19959 = EDGE_LOOP('',(#19960,#19969,#19975,#19976));
#19960 = ORIENTED_EDGE('',*,*,#19961,.F.);
#19961 = EDGE_CURVE('',#19962,#19962,#19964,.T.);
#19962 = VERTEX_POINT('',#19963);
#19963 = CARTESIAN_POINT('',(28.023501,21.938,9.6));
#19964 = CIRCLE('',#19965,1.7);
#19965 = AXIS2_PLACEMENT_3D('',#19966,#19967,#19968);
#19966 = CARTESIAN_POINT('',(28.023501,21.938,11.3));
#19967 = DIRECTION('',(1.,-0.,2.22044604925E-16));
#19968 = DIRECTION('',(2.22044604925E-16,0.,-1.));
#19969 = ORIENTED_EDGE('',*,*,#19970,.F.);
#19970 = EDGE_CURVE('',#19019,#19962,#19971,.T.);
#19971 = LINE('',#19972,#19973);
#19972 = CARTESIAN_POINT('',(17.823501,21.938,9.6));
#19973 = VECTOR('',#19974,1.);
#19974 = DIRECTION('',(1.,0.,2.22044604925E-16));
#19975 = ORIENTED_EDGE('',*,*,#19018,.T.);
#19976 = ORIENTED_EDGE('',*,*,#19970,.T.);
#19977 = CYLINDRICAL_SURFACE('',#19978,1.7);
#19978 = AXIS2_PLACEMENT_3D('',#19979,#19980,#19981);
#19979 = CARTESIAN_POINT('',(17.823501,21.938,11.3));
#19980 = DIRECTION('',(1.,0.,2.22044604925E-16));
#19981 = DIRECTION('',(2.22044604925E-16,0.,-1.));
#19982 = ADVANCED_FACE('',(#19983,#19986),#19989,.T.);
#19983 = FACE_BOUND('',#19984,.T.);
#19984 = EDGE_LOOP('',(#19985));
#19985 = ORIENTED_EDGE('',*,*,#19044,.T.);
#19986 = FACE_BOUND('',#19987,.T.);
#19987 = EDGE_LOOP('',(#19988));
#19988 = ORIENTED_EDGE('',*,*,#19961,.F.);
#19989 = PLANE('',#19990);
#19990 = AXIS2_PLACEMENT_3D('',#19991,#19992,#19993);
#19991 = CARTESIAN_POINT('',(28.023501,21.938,11.3));
#19992 = DIRECTION('',(1.,0.,2.22044604925E-16));
#19993 = DIRECTION('',(2.22044604925E-16,0.,-1.));
#19994 = ADVANCED_FACE('',(#19995),#20020,.T.);
#19995 = FACE_BOUND('',#19996,.T.);
#19996 = EDGE_LOOP('',(#19997,#20005,#20013,#20019));
#19997 = ORIENTED_EDGE('',*,*,#19998,.F.);
#19998 = EDGE_CURVE('',#19999,#18159,#20001,.T.);
#19999 = VERTEX_POINT('',#20000);
#20000 = CARTESIAN_POINT('',(24.123501,28.587358,30.609344));
#20001 = LINE('',#20002,#20003);
#20002 = CARTESIAN_POINT('',(24.123501,28.587358,30.609344));
#20003 = VECTOR('',#20004,1.);
#20004 = DIRECTION('',(1.,0.,2.22044604925E-16));
#20005 = ORIENTED_EDGE('',*,*,#20006,.F.);
#20006 = EDGE_CURVE('',#20007,#19999,#20009,.T.);
#20007 = VERTEX_POINT('',#20008);
#20008 = CARTESIAN_POINT('',(24.123501,28.587358,60.974688));
#20009 = LINE('',#20010,#20011);
#20010 = CARTESIAN_POINT('',(24.123501,28.587358,60.974688));
#20011 = VECTOR('',#20012,1.);
#20012 = DIRECTION('',(2.22044604925E-16,0.,-1.));
#20013 = ORIENTED_EDGE('',*,*,#20014,.T.);
#20014 = EDGE_CURVE('',#20007,#18090,#20015,.T.);
#20015 = LINE('',#20016,#20017);
#20016 = CARTESIAN_POINT('',(24.123501,28.587358,60.974688));
#20017 = VECTOR('',#20018,1.);
#20018 = DIRECTION('',(1.,0.,2.22044604925E-16));
#20019 = ORIENTED_EDGE('',*,*,#19154,.F.);
#20020 = PLANE('',#20021);
#20021 = AXIS2_PLACEMENT_3D('',#20022,#20023,#20024);
#20022 = CARTESIAN_POINT('',(24.123501,28.587358,60.974688));
#20023 = DIRECTION('',(0.,1.,0.));
#20024 = DIRECTION('',(1.,0.,2.22044604925E-16));
#20025 = ADVANCED_FACE('',(#20026),#20032,.T.);
#20026 = FACE_BOUND('',#20027,.T.);
#20027 = EDGE_LOOP('',(#20028,#20029,#20030,#20031));
#20028 = ORIENTED_EDGE('',*,*,#19244,.F.);
#20029 = ORIENTED_EDGE('',*,*,#19294,.T.);
#20030 = ORIENTED_EDGE('',*,*,#19268,.T.);
#20031 = ORIENTED_EDGE('',*,*,#19457,.F.);
#20032 = PLANE('',#20033);
#20033 = AXIS2_PLACEMENT_3D('',#20034,#20035,#20036);
#20034 = CARTESIAN_POINT('',(24.123501,-25.487358,63.174688));
#20035 = DIRECTION('',(2.22044604925E-16,0.,-1.));
#20036 = DIRECTION('',(1.,0.,2.22044604925E-16));
#20037 = ADVANCED_FACE('',(#20038),#20049,.F.);
#20038 = FACE_BOUND('',#20039,.F.);
#20039 = EDGE_LOOP('',(#20040,#20046,#20047,#20048));
#20040 = ORIENTED_EDGE('',*,*,#20041,.F.);
#20041 = EDGE_CURVE('',#19327,#19351,#20042,.T.);
#20042 = LINE('',#20043,#20044);
#20043 = CARTESIAN_POINT('',(24.823501,27.687358,60.974688));
#20044 = VECTOR('',#20045,1.);
#20045 = DIRECTION('',(2.22044604925E-16,0.,-1.));
#20046 = ORIENTED_EDGE('',*,*,#19326,.T.);
#20047 = ORIENTED_EDGE('',*,*,#19309,.T.);
#20048 = ORIENTED_EDGE('',*,*,#19350,.F.);
#20049 = PLANE('',#20050);
#20050 = AXIS2_PLACEMENT_3D('',#20051,#20052,#20053);
#20051 = CARTESIAN_POINT('',(24.823501,27.687358,60.974688));
#20052 = DIRECTION('',(0.,1.,0.));
#20053 = DIRECTION('',(1.,0.,2.22044604925E-16));
#20054 = ADVANCED_FACE('',(#20055),#20073,.F.);
#20055 = FACE_BOUND('',#20056,.F.);
#20056 = EDGE_LOOP('',(#20057,#20065,#20071,#20072));
#20057 = ORIENTED_EDGE('',*,*,#20058,.F.);
#20058 = EDGE_CURVE('',#20059,#19327,#20061,.T.);
#20059 = VERTEX_POINT('',#20060);
#20060 = CARTESIAN_POINT('',(24.123501,27.687358,60.974688));
#20061 = LINE('',#20062,#20063);
#20062 = CARTESIAN_POINT('',(24.123501,27.687358,60.974688));
#20063 = VECTOR('',#20064,1.);
#20064 = DIRECTION('',(1.,0.,2.22044604925E-16));
#20065 = ORIENTED_EDGE('',*,*,#20066,.T.);
#20066 = EDGE_CURVE('',#20059,#20007,#20067,.T.);
#20067 = LINE('',#20068,#20069);
#20068 = CARTESIAN_POINT('',(24.123501,27.687358,60.974688));
#20069 = VECTOR('',#20070,1.);
#20070 = DIRECTION('',(0.,1.,0.));
#20071 = ORIENTED_EDGE('',*,*,#20014,.T.);
#20072 = ORIENTED_EDGE('',*,*,#19334,.F.);
#20073 = PLANE('',#20074);
#20074 = AXIS2_PLACEMENT_3D('',#20075,#20076,#20077);
#20075 = CARTESIAN_POINT('',(24.123501,27.687358,60.974688));
#20076 = DIRECTION('',(2.22044604925E-16,0.,-1.));
#20077 = DIRECTION('',(1.,0.,2.22044604925E-16));
#20078 = ADVANCED_FACE('',(#20079),#20097,.T.);
#20079 = FACE_BOUND('',#20080,.T.);
#20080 = EDGE_LOOP('',(#20081,#20089,#20095,#20096));
#20081 = ORIENTED_EDGE('',*,*,#20082,.F.);
#20082 = EDGE_CURVE('',#20083,#19351,#20085,.T.);
#20083 = VERTEX_POINT('',#20084);
#20084 = CARTESIAN_POINT('',(24.123501,27.687358,30.609344));
#20085 = LINE('',#20086,#20087);
#20086 = CARTESIAN_POINT('',(24.123501,27.687358,30.609344));
#20087 = VECTOR('',#20088,1.);
#20088 = DIRECTION('',(1.,0.,2.22044604925E-16));
#20089 = ORIENTED_EDGE('',*,*,#20090,.T.);
#20090 = EDGE_CURVE('',#20083,#19999,#20091,.T.);
#20091 = LINE('',#20092,#20093);
#20092 = CARTESIAN_POINT('',(24.123501,27.687358,30.609344));
#20093 = VECTOR('',#20094,1.);
#20094 = DIRECTION('',(0.,1.,0.));
#20095 = ORIENTED_EDGE('',*,*,#19998,.T.);
#20096 = ORIENTED_EDGE('',*,*,#19358,.F.);
#20097 = PLANE('',#20098);
#20098 = AXIS2_PLACEMENT_3D('',#20099,#20100,#20101);
#20099 = CARTESIAN_POINT('',(24.123501,27.687358,30.609344));
#20100 = DIRECTION('',(2.22044604925E-16,0.,-1.));
#20101 = DIRECTION('',(1.,0.,2.22044604925E-16));
#20102 = ADVANCED_FACE('',(#20103),#20114,.F.);
#20103 = FACE_BOUND('',#20104,.F.);
#20104 = EDGE_LOOP('',(#20105,#20111,#20112,#20113));
#20105 = ORIENTED_EDGE('',*,*,#20106,.F.);
#20106 = EDGE_CURVE('',#19409,#19433,#20107,.T.);
#20107 = LINE('',#20108,#20109);
#20108 = CARTESIAN_POINT('',(24.823501,27.687358,27.008344));
#20109 = VECTOR('',#20110,1.);
#20110 = DIRECTION('',(2.22044604925E-16,0.,-1.));
#20111 = ORIENTED_EDGE('',*,*,#19408,.T.);
#20112 = ORIENTED_EDGE('',*,*,#19374,.T.);
#20113 = ORIENTED_EDGE('',*,*,#19432,.F.);
#20114 = PLANE('',#20115);
#20115 = AXIS2_PLACEMENT_3D('',#20116,#20117,#20118);
#20116 = CARTESIAN_POINT('',(24.823501,27.687358,27.008344));
#20117 = DIRECTION('',(0.,1.,0.));
#20118 = DIRECTION('',(1.,0.,2.22044604925E-16));
#20119 = ADVANCED_FACE('',(#20120),#20145,.T.);
#20120 = FACE_BOUND('',#20121,.T.);
#20121 = EDGE_LOOP('',(#20122,#20130,#20138,#20144));
#20122 = ORIENTED_EDGE('',*,*,#20123,.F.);
#20123 = EDGE_CURVE('',#20124,#18270,#20126,.T.);
#20124 = VERTEX_POINT('',#20125);
#20125 = CARTESIAN_POINT('',(24.123501,28.587358,22.5));
#20126 = LINE('',#20127,#20128);
#20127 = CARTESIAN_POINT('',(24.123501,28.587358,22.5));
#20128 = VECTOR('',#20129,1.);
#20129 = DIRECTION('',(1.,0.,2.22044604925E-16));
#20130 = ORIENTED_EDGE('',*,*,#20131,.F.);
#20131 = EDGE_CURVE('',#20132,#20124,#20134,.T.);
#20132 = VERTEX_POINT('',#20133);
#20133 = CARTESIAN_POINT('',(24.123501,28.587358,27.008344));
#20134 = LINE('',#20135,#20136);
#20135 = CARTESIAN_POINT('',(24.123501,28.587358,27.008344));
#20136 = VECTOR('',#20137,1.);
#20137 = DIRECTION('',(2.22044604925E-16,0.,-1.));
#20138 = ORIENTED_EDGE('',*,*,#20139,.T.);
#20139 = EDGE_CURVE('',#20132,#18201,#20140,.T.);
#20140 = LINE('',#20141,#20142);
#20141 = CARTESIAN_POINT('',(24.123501,28.587358,27.008344));
#20142 = VECTOR('',#20143,1.);
#20143 = DIRECTION('',(1.,0.,2.22044604925E-16));
#20144 = ORIENTED_EDGE('',*,*,#19392,.F.);
#20145 = PLANE('',#20146);
#20146 = AXIS2_PLACEMENT_3D('',#20147,#20148,#20149);
#20147 = CARTESIAN_POINT('',(24.123501,28.587358,27.008344));
#20148 = DIRECTION('',(0.,1.,0.));
#20149 = DIRECTION('',(1.,0.,2.22044604925E-16));
#20150 = ADVANCED_FACE('',(#20151),#20169,.F.);
#20151 = FACE_BOUND('',#20152,.F.);
#20152 = EDGE_LOOP('',(#20153,#20161,#20167,#20168));
#20153 = ORIENTED_EDGE('',*,*,#20154,.F.);
#20154 = EDGE_CURVE('',#20155,#19409,#20157,.T.);
#20155 = VERTEX_POINT('',#20156);
#20156 = CARTESIAN_POINT('',(24.123501,27.687358,27.008344));
#20157 = LINE('',#20158,#20159);
#20158 = CARTESIAN_POINT('',(24.123501,27.687358,27.008344));
#20159 = VECTOR('',#20160,1.);
#20160 = DIRECTION('',(1.,0.,2.22044604925E-16));
#20161 = ORIENTED_EDGE('',*,*,#20162,.T.);
#20162 = EDGE_CURVE('',#20155,#20132,#20163,.T.);
#20163 = LINE('',#20164,#20165);
#20164 = CARTESIAN_POINT('',(24.123501,27.687358,27.008344));
#20165 = VECTOR('',#20166,1.);
#20166 = DIRECTION('',(0.,1.,0.));
#20167 = ORIENTED_EDGE('',*,*,#20139,.T.);
#20168 = ORIENTED_EDGE('',*,*,#19416,.F.);
#20169 = PLANE('',#20170);
#20170 = AXIS2_PLACEMENT_3D('',#20171,#20172,#20173);
#20171 = CARTESIAN_POINT('',(24.123501,27.687358,27.008344));
#20172 = DIRECTION('',(2.22044604925E-16,0.,-1.));
#20173 = DIRECTION('',(1.,0.,2.22044604925E-16));
#20174 = ADVANCED_FACE('',(#20175),#20193,.T.);
#20175 = FACE_BOUND('',#20176,.T.);
#20176 = EDGE_LOOP('',(#20177,#20185,#20191,#20192));
#20177 = ORIENTED_EDGE('',*,*,#20178,.F.);
#20178 = EDGE_CURVE('',#20179,#19433,#20181,.T.);
#20179 = VERTEX_POINT('',#20180);
#20180 = CARTESIAN_POINT('',(24.123501,27.687358,22.5));
#20181 = LINE('',#20182,#20183);
#20182 = CARTESIAN_POINT('',(24.123501,27.687358,22.5));
#20183 = VECTOR('',#20184,1.);
#20184 = DIRECTION('',(1.,0.,2.22044604925E-16));
#20185 = ORIENTED_EDGE('',*,*,#20186,.T.);
#20186 = EDGE_CURVE('',#20179,#20124,#20187,.T.);
#20187 = LINE('',#20188,#20189);
#20188 = CARTESIAN_POINT('',(24.123501,27.687358,22.5));
#20189 = VECTOR('',#20190,1.);
#20190 = DIRECTION('',(0.,1.,0.));
#20191 = ORIENTED_EDGE('',*,*,#20123,.T.);
#20192 = ORIENTED_EDGE('',*,*,#19440,.F.);
#20193 = PLANE('',#20194);
#20194 = AXIS2_PLACEMENT_3D('',#20195,#20196,#20197);
#20195 = CARTESIAN_POINT('',(24.123501,27.687358,22.5));
#20196 = DIRECTION('',(2.22044604925E-16,0.,-1.));
#20197 = DIRECTION('',(1.,0.,2.22044604925E-16));
#20198 = ADVANCED_FACE('',(#20199),#20205,.T.);
#20199 = FACE_BOUND('',#20200,.T.);
#20200 = EDGE_LOOP('',(#20201,#20202,#20203,#20204));
#20201 = ORIENTED_EDGE('',*,*,#19523,.F.);
#20202 = ORIENTED_EDGE('',*,*,#19671,.F.);
#20203 = ORIENTED_EDGE('',*,*,#19499,.T.);
#20204 = ORIENTED_EDGE('',*,*,#19473,.T.);
#20205 = PLANE('',#20206);
#20206 = AXIS2_PLACEMENT_3D('',#20207,#20208,#20209);
#20207 = CARTESIAN_POINT('',(24.123501,-27.687358,60.974688));
#20208 = DIRECTION('',(0.,1.,0.));
#20209 = DIRECTION('',(1.,0.,2.22044604925E-16));
#20210 = ADVANCED_FACE('',(#20211),#20217,.T.);
#20211 = FACE_BOUND('',#20212,.T.);
#20212 = EDGE_LOOP('',(#20213,#20214,#20215,#20216));
#20213 = ORIENTED_EDGE('',*,*,#19588,.F.);
#20214 = ORIENTED_EDGE('',*,*,#19688,.F.);
#20215 = ORIENTED_EDGE('',*,*,#19564,.T.);
#20216 = ORIENTED_EDGE('',*,*,#19538,.T.);
#20217 = PLANE('',#20218);
#20218 = AXIS2_PLACEMENT_3D('',#20219,#20220,#20221);
#20219 = CARTESIAN_POINT('',(24.123501,-27.687358,34.962344));
#20220 = DIRECTION('',(0.,1.,0.));
#20221 = DIRECTION('',(1.,0.,2.22044604925E-16));
#20222 = ADVANCED_FACE('',(#20223),#20229,.T.);
#20223 = FACE_BOUND('',#20224,.T.);
#20224 = EDGE_LOOP('',(#20225,#20226,#20227,#20228));
#20225 = ORIENTED_EDGE('',*,*,#19653,.F.);
#20226 = ORIENTED_EDGE('',*,*,#19705,.F.);
#20227 = ORIENTED_EDGE('',*,*,#19629,.T.);
#20228 = ORIENTED_EDGE('',*,*,#19603,.T.);
#20229 = PLANE('',#20230);
#20230 = AXIS2_PLACEMENT_3D('',#20231,#20232,#20233);
#20231 = CARTESIAN_POINT('',(24.123501,-27.687358,26.884344));
#20232 = DIRECTION('',(0.,1.,0.));
#20233 = DIRECTION('',(1.,0.,2.22044604925E-16));
#20234 = ADVANCED_FACE('',(#20235),#20246,.F.);
#20235 = FACE_BOUND('',#20236,.F.);
#20236 = EDGE_LOOP('',(#20237,#20243,#20244,#20245));
#20237 = ORIENTED_EDGE('',*,*,#20238,.F.);
#20238 = EDGE_CURVE('',#19808,#19784,#20239,.T.);
#20239 = LINE('',#20240,#20241);
#20240 = CARTESIAN_POINT('',(24.123501,18.08,20.3));
#20241 = VECTOR('',#20242,1.);
#20242 = DIRECTION('',(0.,1.,0.));
#20243 = ORIENTED_EDGE('',*,*,#19807,.T.);
#20244 = ORIENTED_EDGE('',*,*,#19742,.T.);
#20245 = ORIENTED_EDGE('',*,*,#19783,.F.);
#20246 = PLANE('',#20247);
#20247 = AXIS2_PLACEMENT_3D('',#20248,#20249,#20250);
#20248 = CARTESIAN_POINT('',(24.123501,18.08,20.3));
#20249 = DIRECTION('',(1.,0.,2.22044604925E-16));
#20250 = DIRECTION('',(2.22044604925E-16,0.,-1.));
#20251 = ADVANCED_FACE('',(#20252),#20258,.F.);
#20252 = FACE_BOUND('',#20253,.F.);
#20253 = EDGE_LOOP('',(#20254,#20255,#20256,#20257));
#20254 = ORIENTED_EDGE('',*,*,#19815,.F.);
#20255 = ORIENTED_EDGE('',*,*,#20238,.T.);
#20256 = ORIENTED_EDGE('',*,*,#19791,.T.);
#20257 = ORIENTED_EDGE('',*,*,#19766,.F.);
#20258 = PLANE('',#20259);
#20259 = AXIS2_PLACEMENT_3D('',#20260,#20261,#20262);
#20260 = CARTESIAN_POINT('',(24.123501,18.08,20.3));
#20261 = DIRECTION('',(2.22044604925E-16,0.,-1.));
#20262 = DIRECTION('',(1.,0.,2.22044604925E-16));
#20263 = ADVANCED_FACE('',(#20264),#20270,.F.);
#20264 = FACE_BOUND('',#20265,.F.);
#20265 = EDGE_LOOP('',(#20266,#20267,#20268,#20269));
#20266 = ORIENTED_EDGE('',*,*,#19880,.F.);
#20267 = ORIENTED_EDGE('',*,*,#19895,.T.);
#20268 = ORIENTED_EDGE('',*,*,#19856,.T.);
#20269 = ORIENTED_EDGE('',*,*,#19831,.F.);
#20270 = PLANE('',#20271);
#20271 = AXIS2_PLACEMENT_3D('',#20272,#20273,#20274);
#20272 = CARTESIAN_POINT('',(24.123501,-25.487358,20.3));
#20273 = DIRECTION('',(2.22044604925E-16,0.,-1.));
#20274 = DIRECTION('',(1.,0.,2.22044604925E-16));
#20275 = ADVANCED_FACE('',(#20276),#20287,.F.);
#20276 = FACE_BOUND('',#20277,.F.);
#20277 = EDGE_LOOP('',(#20278,#20279,#20285,#20286));
#20278 = ORIENTED_EDGE('',*,*,#20066,.F.);
#20279 = ORIENTED_EDGE('',*,*,#20280,.T.);
#20280 = EDGE_CURVE('',#20059,#20083,#20281,.T.);
#20281 = LINE('',#20282,#20283);
#20282 = CARTESIAN_POINT('',(24.123501,27.687358,60.974688));
#20283 = VECTOR('',#20284,1.);
#20284 = DIRECTION('',(2.22044604925E-16,0.,-1.));
#20285 = ORIENTED_EDGE('',*,*,#20090,.T.);
#20286 = ORIENTED_EDGE('',*,*,#20006,.F.);
#20287 = PLANE('',#20288);
#20288 = AXIS2_PLACEMENT_3D('',#20289,#20290,#20291);
#20289 = CARTESIAN_POINT('',(24.123501,27.687358,60.974688));
#20290 = DIRECTION('',(1.,0.,2.22044604925E-16));
#20291 = DIRECTION('',(2.22044604925E-16,0.,-1.));
#20292 = ADVANCED_FACE('',(#20293),#20299,.F.);
#20293 = FACE_BOUND('',#20294,.F.);
#20294 = EDGE_LOOP('',(#20295,#20296,#20297,#20298));
#20295 = ORIENTED_EDGE('',*,*,#20082,.F.);
#20296 = ORIENTED_EDGE('',*,*,#20280,.F.);
#20297 = ORIENTED_EDGE('',*,*,#20058,.T.);
#20298 = ORIENTED_EDGE('',*,*,#20041,.T.);
#20299 = PLANE('',#20300);
#20300 = AXIS2_PLACEMENT_3D('',#20301,#20302,#20303);
#20301 = CARTESIAN_POINT('',(24.123501,27.687358,60.974688));
#20302 = DIRECTION('',(0.,1.,0.));
#20303 = DIRECTION('',(1.,0.,2.22044604925E-16));
#20304 = ADVANCED_FACE('',(#20305),#20316,.F.);
#20305 = FACE_BOUND('',#20306,.F.);
#20306 = EDGE_LOOP('',(#20307,#20308,#20314,#20315));
#20307 = ORIENTED_EDGE('',*,*,#20178,.F.);
#20308 = ORIENTED_EDGE('',*,*,#20309,.F.);
#20309 = EDGE_CURVE('',#20155,#20179,#20310,.T.);
#20310 = LINE('',#20311,#20312);
#20311 = CARTESIAN_POINT('',(24.123501,27.687358,27.008344));
#20312 = VECTOR('',#20313,1.);
#20313 = DIRECTION('',(2.22044604925E-16,0.,-1.));
#20314 = ORIENTED_EDGE('',*,*,#20154,.T.);
#20315 = ORIENTED_EDGE('',*,*,#20106,.T.);
#20316 = PLANE('',#20317);
#20317 = AXIS2_PLACEMENT_3D('',#20318,#20319,#20320);
#20318 = CARTESIAN_POINT('',(24.123501,27.687358,27.008344));
#20319 = DIRECTION('',(0.,1.,0.));
#20320 = DIRECTION('',(1.,0.,2.22044604925E-16));
#20321 = ADVANCED_FACE('',(#20322),#20328,.F.);
#20322 = FACE_BOUND('',#20323,.F.);
#20323 = EDGE_LOOP('',(#20324,#20325,#20326,#20327));
#20324 = ORIENTED_EDGE('',*,*,#20162,.F.);
#20325 = ORIENTED_EDGE('',*,*,#20309,.T.);
#20326 = ORIENTED_EDGE('',*,*,#20186,.T.);
#20327 = ORIENTED_EDGE('',*,*,#20131,.F.);
#20328 = PLANE('',#20329);
#20329 = AXIS2_PLACEMENT_3D('',#20330,#20331,#20332);
#20330 = CARTESIAN_POINT('',(24.123501,27.687358,27.008344));
#20331 = DIRECTION('',(1.,0.,2.22044604925E-16));
#20332 = DIRECTION('',(2.22044604925E-16,0.,-1.));
#20333 = ( GEOMETRIC_REPRESENTATION_CONTEXT(3) 
GLOBAL_UNCERTAINTY_ASSIGNED_CONTEXT((#20337)) 
GLOBAL_UNIT_ASSIGNED_CONTEXT((#20334,#20335,#20336)) 
REPRESENTATION_CONTEXT('Context #1',
  '3D Context with UNIT and UNCERTAINTY') );
#20334 = ( LENGTH_UNIT() NAMED_UNIT(*) SI_UNIT(.MILLI.,.METRE.) );
#20335 = ( NAMED_UNIT(*) PLANE_ANGLE_UNIT() SI_UNIT($,.RADIAN.) );
#20336 = ( NAMED_UNIT(*) SI_UNIT($,.STERADIAN.) SOLID_ANGLE_UNIT() );
#20337 = UNCERTAINTY_MEASURE_WITH_UNIT(LENGTH_MEASURE(5.E-07),#20334,
  'distance_accuracy_value','confusion accuracy');
#20338 = PRODUCT_RELATED_PRODUCT_CATEGORY('part',$,(#7));
ENDSEC;
END-ISO-10303-21;
