ISO-10303-21;
HEADER;
FILE_DESCRIPTION(('FreeCAD Model'),'2;1');
FILE_NAME('Open CASCADE Shape Model','2026-09-15T15:14:32',('FreeCAD'),(
    'FreeCAD'),'Open CASCADE STEP processor 7.9','FreeCAD','Unknown');
FILE_SCHEMA(('AUTOMOTIVE_DESIGN { 1 0 10303 214 1 1 1 1 }'));
ENDSEC;
DATA;
#1 = APPLICATION_PROTOCOL_DEFINITION('international standard',
  'automotive_design',2000,#2);
#2 = APPLICATION_CONTEXT(
  'core data for automotive mechanical design processes');
#3 = SHAPE_DEFINITION_REPRESENTATION(#4,#10);
#4 = PRODUCT_DEFINITION_SHAPE('','',#5);
#5 = PRODUCT_DEFINITION('design','',#6,#9);
#6 = PRODUCT_DEFINITION_FORMATION('','',#7);
#7 = PRODUCT('Open CASCADE STEP translator 7.9 1',
  'Open CASCADE STEP translator 7.9 1','',(#8));
#8 = PRODUCT_CONTEXT('',#2,'mechanical');
#9 = PRODUCT_DEFINITION_CONTEXT('part definition',#2,'design');
#10 = ADVANCED_BREP_SHAPE_REPRESENTATION('',(#11,#15),#16051);
#11 = AXIS2_PLACEMENT_3D('',#12,#13,#14);
#12 = CARTESIAN_POINT('',(0.,0.,0.));
#13 = DIRECTION('',(0.,0.,1.));
#14 = DIRECTION('',(1.,0.,-0.));
#15 = MANIFOLD_SOLID_BREP('',#16);
#16 = CLOSED_SHELL('',(#17,#59,#158,#189,#214,#248,#404,#421,#438,#469,
    #493,#517,#534,#565,#589,#613,#630,#655,#688,#713,#745,#820,#860,
    #883,#895,#946,#971,#995,#1029,#1105,#1129,#1164,#1265,#1505,#1588,
    #1623,#1640,#1739,#1763,#1780,#2352,#2370,#2387,#2418,#2442,#2466,
    #2600,#2627,#2652,#2781,#2793,#2824,#2848,#2872,#2889,#2907,#2939,
    #2963,#2988,#3019,#3161,#3185,#3202,#3227,#3258,#3282,#3299,#3316,
    #3333,#3364,#3388,#3416,#3567,#3904,#4025,#4322,#4437,#4461,#4485,
    #4509,#4525,#4549,#4573,#4590,#4614,#4651,#4728,#4804,#4844,#4856,
    #4889,#4922,#4946,#5097,#5139,#5163,#5187,#5215,#5288,#5361,#5467,
    #5494,#5519,#5552,#5576,#5626,#5699,#5772,#5950,#6029,#6059,#6077,
    #6095,#6128,#6145,#6176,#6200,#6224,#6241,#6272,#6296,#6320,#6337,
    #6472,#6496,#6546,#6563,#6594,#6618,#6635,#6666,#6690,#6714,#6731,
    #6762,#6786,#6810,#6827,#6851,#6904,#6961,#7073,#7089,#7120,#7137,
    #7275,#7299,#7324,#7358,#7389,#7413,#7430,#7461,#7485,#7509,#7526,
    #7557,#7581,#7605,#7622,#7694,#7766,#7806,#8143,#8183,#8200,#8250,
    #8276,#8300,#8474,#8508,#8563,#8607,#8623,#8649,#8683,#8701,#8973,
    #9015,#9048,#9078,#9109,#9131,#9149,#9222,#9260,#9279,#9297,#9319,
    #9341,#9414,#9452,#9483,#9539,#9563,#9580,#9606,#9631,#9664,#9689,
    #9726,#9760,#9785,#9810,#9822,#9839,#9873,#9905,#9928,#9945,#10079,
    #10110,#10134,#10158,#10187,#10211,#10242,#10273,#10325,#10357,
    #10407,#10518,#10535,#10553,#10592,#10616,#10641,#10672,#10689,
    #10737,#10763,#10776,#10788,#10805,#10836,#10867,#10884,#10915,
    #10946,#10963,#11090,#11101,#11228,#11239,#11310,#11321,#11393,
    #11411,#11421,#11432,#11522,#11544,#11559,#11612,#11624,#11634,
    #11659,#11669,#11694,#11722,#11750,#11818,#11883,#11937,#11979,
    #12012,#12030,#12047,#12064,#12083,#12114,#12138,#12162,#12186,
    #12210,#12227,#12258,#12282,#12306,#12330,#12354,#12385,#12409,
    #12433,#12457,#12481,#12505,#12536,#12560,#12587,#12604,#12616,
    #12640,#12664,#12681,#12694,#12726,#12760,#12785,#12815,#12848,
    #12879,#12903,#12927,#12951,#12975,#12992,#13023,#13047,#13071,
    #13095,#13119,#13136,#13153,#13184,#13201,#13219,#13236,#13268,
    #13308,#13330,#13341,#13358,#13375,#13399,#13415,#13474,#13485,
    #13509,#13525,#13584,#13595,#13607,#13666,#13697,#13721,#13745,
    #13769,#13793,#13824,#13848,#13872,#13896,#13920,#13979,#14038,
    #14097,#14111,#14125,#14150,#14167,#14198,#14222,#14246,#14263,
    #14294,#14318,#14342,#14359,#14390,#14414,#14438,#14462,#14479,
    #14491,#14508,#14539,#14593,#14618,#14630,#14651,#14662,#14679,
    #14710,#14734,#14758,#14780,#14792,#14823,#14847,#14871,#14902,
    #14919,#14936,#14953,#14982,#14994,#15019,#15041,#15058,#15075,
    #15092,#15109,#15121,#15143,#15160,#15177,#15194,#15211,#15223,
    #15254,#15278,#15302,#15326,#15350,#15367,#15384,#15415,#15439,
    #15463,#15480,#15511,#15535,#15559,#15590,#15614,#15638,#15662,
    #15686,#15703,#15721,#15738,#15750,#15767,#15779,#15796,#15808,
    #15825,#15837,#15864,#15889,#15906,#15918,#15935,#15947,#15959,
    #15976,#15993,#16005,#16022,#16034));
#17 = ADVANCED_FACE('',(#18),#54,.T.);
#18 = FACE_BOUND('',#19,.T.);
#19 = EDGE_LOOP('',(#20,#30,#39,#47));
#20 = ORIENTED_EDGE('',*,*,#21,.F.);
#21 = EDGE_CURVE('',#22,#24,#26,.T.);
#22 = VERTEX_POINT('',#23);
#23 = CARTESIAN_POINT('',(66.553153133439,-27.72737445043,
    14.520610371338));
#24 = VERTEX_POINT('',#25);
#25 = CARTESIAN_POINT('',(66.553153133439,-28.32737445043,
    14.520610371338));
#26 = LINE('',#27,#28);
#27 = CARTESIAN_POINT('',(66.553153133439,-27.72737445043,
    14.520610371338));
#28 = VECTOR('',#29,1.);
#29 = DIRECTION('',(0.,-1.,0.));
#30 = ORIENTED_EDGE('',*,*,#31,.T.);
#31 = EDGE_CURVE('',#22,#32,#34,.T.);
#32 = VERTEX_POINT('',#33);
#33 = CARTESIAN_POINT('',(66.787662362993,-27.72737445043,
    14.727462559775));
#34 = CIRCLE('',#35,2.5);
#35 = AXIS2_PLACEMENT_3D('',#36,#37,#38);
#36 = CARTESIAN_POINT('',(65.019895410026,-27.72737445043,
    16.495229512741));
#37 = DIRECTION('',(0.,-1.,0.));
#38 = DIRECTION('',(-0.789847656561,-0.,-0.613303089365));
#39 = ORIENTED_EDGE('',*,*,#40,.T.);
#40 = EDGE_CURVE('',#32,#41,#43,.T.);
#41 = VERTEX_POINT('',#42);
#42 = CARTESIAN_POINT('',(66.787662362993,-28.32737445043,
    14.727462559775));
#43 = LINE('',#44,#45);
#44 = CARTESIAN_POINT('',(66.787662362993,-27.72737445043,
    14.727462559775));
#45 = VECTOR('',#46,1.);
#46 = DIRECTION('',(0.,-1.,0.));
#47 = ORIENTED_EDGE('',*,*,#48,.F.);
#48 = EDGE_CURVE('',#24,#41,#49,.T.);
#49 = CIRCLE('',#50,2.5);
#50 = AXIS2_PLACEMENT_3D('',#51,#52,#53);
#51 = CARTESIAN_POINT('',(65.019895410026,-28.32737445043,
    16.495229512741));
#52 = DIRECTION('',(0.,-1.,0.));
#53 = DIRECTION('',(-0.789847656561,-0.,-0.613303089365));
#54 = CYLINDRICAL_SURFACE('',#55,2.5);
#55 = AXIS2_PLACEMENT_3D('',#56,#57,#58);
#56 = CARTESIAN_POINT('',(65.019895410026,-27.72737445043,
    16.495229512741));
#57 = DIRECTION('',(0.,-1.,0.));
#58 = DIRECTION('',(-0.789847656561,0.,-0.613303089365));
#59 = ADVANCED_FACE('',(#60,#85,#119),#153,.T.);
#60 = FACE_BOUND('',#61,.T.);
#61 = EDGE_LOOP('',(#62,#72,#78,#79));
#62 = ORIENTED_EDGE('',*,*,#63,.F.);
#63 = EDGE_CURVE('',#64,#66,#68,.T.);
#64 = VERTEX_POINT('',#65);
#65 = CARTESIAN_POINT('',(49.497474683058,33.152874600387,1.277170072513
    ));
#66 = VERTEX_POINT('',#67);
#67 = CARTESIAN_POINT('',(49.497474683058,-39.04212613882,1.277170072513
    ));
#68 = LINE('',#69,#70);
#69 = CARTESIAN_POINT('',(49.497474683058,-28.35134616395,1.277170072513
    ));
#70 = VECTOR('',#71,1.);
#71 = DIRECTION('',(0.,-1.,0.));
#72 = ORIENTED_EDGE('',*,*,#73,.F.);
#73 = EDGE_CURVE('',#22,#64,#74,.T.);
#74 = LINE('',#75,#76);
#75 = CARTESIAN_POINT('',(66.553153133439,-27.72737445043,
    14.520610371338));
#76 = VECTOR('',#77,1.);
#77 = DIRECTION('',(-0.264034671622,0.942471835004,-0.205018370897));
#78 = ORIENTED_EDGE('',*,*,#21,.T.);
#79 = ORIENTED_EDGE('',*,*,#80,.T.);
#80 = EDGE_CURVE('',#24,#66,#81,.T.);
#81 = LINE('',#82,#83);
#82 = CARTESIAN_POINT('',(66.553153133439,-28.32737445043,
    14.520610371338));
#83 = VECTOR('',#84,1.);
#84 = DIRECTION('',(-0.70753349854,-0.444488078861,-0.549387564652));
#85 = FACE_BOUND('',#86,.T.);
#86 = EDGE_LOOP('',(#87,#97,#105,#113));
#87 = ORIENTED_EDGE('',*,*,#88,.F.);
#88 = EDGE_CURVE('',#89,#91,#93,.T.);
#89 = VERTEX_POINT('',#90);
#90 = CARTESIAN_POINT('',(54.471428920158,-8.099686147747,5.139359793066
    ));
#91 = VERTEX_POINT('',#92);
#92 = CARTESIAN_POINT('',(56.152336477169,-14.09968614774,6.444555534407
    ));
#93 = LINE('',#94,#95);
#94 = CARTESIAN_POINT('',(55.93565073522,-13.32622633059,6.276302791166)
  );
#95 = VECTOR('',#96,1.);
#96 = DIRECTION('',(0.264034671622,-0.942471835004,0.205018370897));
#97 = ORIENTED_EDGE('',*,*,#98,.F.);
#98 = EDGE_CURVE('',#99,#89,#101,.T.);
#99 = VERTEX_POINT('',#100);
#100 = CARTESIAN_POINT('',(54.019500059488,-8.099686147747,
    4.788444823426));
#101 = LINE('',#102,#103);
#102 = CARTESIAN_POINT('',(56.258195617689,-8.099686147747,
    6.526753332146));
#103 = VECTOR('',#104,1.);
#104 = DIRECTION('',(0.789847656561,0.,0.613303089365));
#105 = ORIENTED_EDGE('',*,*,#106,.T.);
#106 = EDGE_CURVE('',#99,#107,#109,.T.);
#107 = VERTEX_POINT('',#108);
#108 = CARTESIAN_POINT('',(54.019500059488,-14.09968614774,
    4.788444823426));
#109 = LINE('',#110,#111);
#110 = CARTESIAN_POINT('',(54.019500059488,-14.90118923782,
    4.788444823426));
#111 = VECTOR('',#112,1.);
#112 = DIRECTION('',(0.,-1.,0.));
#113 = ORIENTED_EDGE('',*,*,#114,.T.);
#114 = EDGE_CURVE('',#107,#91,#115,.T.);
#115 = LINE('',#116,#117);
#116 = CARTESIAN_POINT('',(56.258195617689,-14.09968614774,
    6.526753332146));
#117 = VECTOR('',#118,1.);
#118 = DIRECTION('',(0.789847656561,0.,0.613303089365));
#119 = FACE_BOUND('',#120,.T.);
#120 = EDGE_LOOP('',(#121,#131,#139,#147));
#121 = ORIENTED_EDGE('',*,*,#122,.F.);
#122 = EDGE_CURVE('',#123,#125,#127,.T.);
#123 = VERTEX_POINT('',#124);
#124 = CARTESIAN_POINT('',(56.992790255675,-17.09968614774,
    7.097153405078));
#125 = VERTEX_POINT('',#126);
#126 = CARTESIAN_POINT('',(58.673697812687,-23.09968614774,8.40234914642
    ));
#127 = LINE('',#128,#129);
#128 = CARTESIAN_POINT('',(55.93565073522,-13.32622633059,6.276302791166
    ));
#129 = VECTOR('',#130,1.);
#130 = DIRECTION('',(0.264034671622,-0.942471835004,0.205018370897));
#131 = ORIENTED_EDGE('',*,*,#132,.F.);
#132 = EDGE_CURVE('',#133,#123,#135,.T.);
#133 = VERTEX_POINT('',#134);
#134 = CARTESIAN_POINT('',(54.019500059488,-17.09968614774,
    4.788444823426));
#135 = LINE('',#136,#137);
#136 = CARTESIAN_POINT('',(56.258195617689,-17.09968614774,
    6.526753332146));
#137 = VECTOR('',#138,1.);
#138 = DIRECTION('',(0.789847656561,0.,0.613303089365));
#139 = ORIENTED_EDGE('',*,*,#140,.T.);
#140 = EDGE_CURVE('',#133,#141,#143,.T.);
#141 = VERTEX_POINT('',#142);
#142 = CARTESIAN_POINT('',(54.019500059488,-23.09968614774,
    4.788444823426));
#143 = LINE('',#144,#145);
#144 = CARTESIAN_POINT('',(54.019500059488,-14.90118923782,
    4.788444823426));
#145 = VECTOR('',#146,1.);
#146 = DIRECTION('',(0.,-1.,0.));
#147 = ORIENTED_EDGE('',*,*,#148,.T.);
#148 = EDGE_CURVE('',#141,#125,#149,.T.);
#149 = LINE('',#150,#151);
#150 = CARTESIAN_POINT('',(56.258195617689,-23.09968614774,
    6.526753332146));
#151 = VECTOR('',#152,1.);
#152 = DIRECTION('',(0.789847656561,0.,0.613303089365));
#153 = PLANE('',#154);
#154 = AXIS2_PLACEMENT_3D('',#155,#156,#157);
#155 = CARTESIAN_POINT('',(52.796485121144,-2.702692327906,
    3.838794807002));
#156 = DIRECTION('',(0.613303089365,0.,-0.789847656561));
#157 = DIRECTION('',(0.789847656561,0.,0.613303089365));
#158 = ADVANCED_FACE('',(#159),#184,.T.);
#159 = FACE_BOUND('',#160,.T.);
#160 = EDGE_LOOP('',(#161,#162,#170,#178));
#161 = ORIENTED_EDGE('',*,*,#40,.F.);
#162 = ORIENTED_EDGE('',*,*,#163,.F.);
#163 = EDGE_CURVE('',#164,#32,#166,.T.);
#164 = VERTEX_POINT('',#165);
#165 = CARTESIAN_POINT('',(67.211926431705,-27.72737445043,
    15.151726628487));
#166 = LINE('',#167,#168);
#167 = CARTESIAN_POINT('',(67.211926431705,-27.72737445043,
    15.151726628487));
#168 = VECTOR('',#169,1.);
#169 = DIRECTION('',(-0.707106781187,0.,-0.707106781187));
#170 = ORIENTED_EDGE('',*,*,#171,.F.);
#171 = EDGE_CURVE('',#172,#164,#174,.T.);
#172 = VERTEX_POINT('',#173);
#173 = CARTESIAN_POINT('',(67.211926431705,-28.32737445043,
    15.151726628487));
#174 = LINE('',#175,#176);
#175 = CARTESIAN_POINT('',(67.211926431705,-28.32737445043,
    15.151726628487));
#176 = VECTOR('',#177,1.);
#177 = DIRECTION('',(0.,1.,0.));
#178 = ORIENTED_EDGE('',*,*,#179,.T.);
#179 = EDGE_CURVE('',#172,#41,#180,.T.);
#180 = LINE('',#181,#182);
#181 = CARTESIAN_POINT('',(67.211926431705,-28.32737445043,
    15.151726628487));
#182 = VECTOR('',#183,1.);
#183 = DIRECTION('',(-0.707106781187,0.,-0.707106781187));
#184 = PLANE('',#185);
#185 = AXIS2_PLACEMENT_3D('',#186,#187,#188);
#186 = CARTESIAN_POINT('',(66.999794397349,-28.02737445043,
    14.939594594131));
#187 = DIRECTION('',(0.707106781187,0.,-0.707106781187));
#188 = DIRECTION('',(0.707106781187,0.,0.707106781187));
#189 = ADVANCED_FACE('',(#190),#209,.T.);
#190 = FACE_BOUND('',#191,.T.);
#191 = EDGE_LOOP('',(#192,#193,#202));
#192 = ORIENTED_EDGE('',*,*,#48,.T.);
#193 = ORIENTED_EDGE('',*,*,#194,.T.);
#194 = EDGE_CURVE('',#41,#195,#197,.T.);
#195 = VERTEX_POINT('',#196);
#196 = CARTESIAN_POINT('',(66.734240434824,-28.93732713048,
    14.780884487944));
#197 = CIRCLE('',#198,2.5);
#198 = AXIS2_PLACEMENT_3D('',#199,#200,#201);
#199 = CARTESIAN_POINT('',(65.019895410027,-28.32737445043,
    16.495229512741));
#200 = DIRECTION('',(-0.707106781186,3.145269213966E-13,-0.707106781187)
  );
#201 = DIRECTION('',(2.224826236082E-13,1.,2.223256143623E-13));
#202 = ORIENTED_EDGE('',*,*,#203,.F.);
#203 = EDGE_CURVE('',#24,#195,#204,.T.);
#204 = CIRCLE('',#205,2.5);
#205 = AXIS2_PLACEMENT_3D('',#206,#207,#208);
#206 = CARTESIAN_POINT('',(65.019895410026,-28.32737445043,
    16.495229512741));
#207 = DIRECTION('',(-0.70753349854,-0.444488078861,-0.549387564652));
#208 = DIRECTION('',(-0.351077867458,0.89578476642,-0.272605911951));
#209 = SPHERICAL_SURFACE('',#210,2.5);
#210 = AXIS2_PLACEMENT_3D('',#211,#212,#213);
#211 = CARTESIAN_POINT('',(65.019895410026,-28.32737445043,
    16.495229512741));
#212 = DIRECTION('',(0.598987402096,0.651838114043,0.465103391958));
#213 = DIRECTION('',(-0.675485854487,9.938384483159E-02,0.73064472336));
#214 = ADVANCED_FACE('',(#215),#243,.T.);
#215 = FACE_BOUND('',#216,.T.);
#216 = EDGE_LOOP('',(#217,#226,#235,#242));
#217 = ORIENTED_EDGE('',*,*,#218,.T.);
#218 = EDGE_CURVE('',#22,#219,#221,.T.);
#219 = VERTEX_POINT('',#220);
#220 = CARTESIAN_POINT('',(66.784768854157,-27.6173743308,
    14.727993903128));
#221 = CIRCLE('',#222,2.5);
#222 = AXIS2_PLACEMENT_3D('',#223,#224,#225);
#223 = CARTESIAN_POINT('',(65.019895410026,-27.72737445043,
    16.495229512741));
#224 = DIRECTION('',(0.264034671622,-0.942471835004,0.205018370897));
#225 = DIRECTION('',(-0.744409170253,-0.334285566879,-0.578020888048));
#226 = ORIENTED_EDGE('',*,*,#227,.T.);
#227 = EDGE_CURVE('',#219,#228,#230,.T.);
#228 = VERTEX_POINT('',#229);
#229 = CARTESIAN_POINT('',(66.785953151276,-27.61746490061,
    14.729171771491));
#230 = CIRCLE('',#231,2.5);
#231 = AXIS2_PLACEMENT_3D('',#232,#233,#234);
#232 = CARTESIAN_POINT('',(65.019895410027,-27.72737445043,
    16.49522951282));
#233 = DIRECTION('',(-7.291537003442E-03,-0.99756405026,
    -6.937434048089E-02));
#234 = DIRECTION('',(-0.708224759297,5.412911802402E-02,-0.703908892472)
  );
#235 = ORIENTED_EDGE('',*,*,#236,.T.);
#236 = EDGE_CURVE('',#228,#32,#237,.T.);
#237 = CIRCLE('',#238,2.5);
#238 = AXIS2_PLACEMENT_3D('',#239,#240,#241);
#239 = CARTESIAN_POINT('',(65.019895410027,-27.72737445043,
    16.495229512741));
#240 = DIRECTION('',(-0.707106781186,1.939420846142E-13,-0.707106781187)
  );
#241 = DIRECTION('',(-3.108711519825E-02,0.999033123844,
    3.108711519851E-02));
#242 = ORIENTED_EDGE('',*,*,#31,.F.);
#243 = SPHERICAL_SURFACE('',#244,2.5);
#244 = AXIS2_PLACEMENT_3D('',#245,#246,#247);
#245 = CARTESIAN_POINT('',(65.019895410026,-27.72737445043,
    16.495229512741));
#246 = DIRECTION('',(-0.140544205496,0.984041633295,-0.109130152766));
#247 = DIRECTION('',(-0.668238986725,-1.294904806663E-02,0.743833972587)
  );
#248 = ADVANCED_FACE('',(#249),#399,.T.);
#249 = FACE_BOUND('',#250,.T.);
#250 = EDGE_LOOP('',(#251,#261,#269,#277,#285,#293,#301,#309,#317,#325,
    #334,#342,#351,#359,#366,#367,#376,#384,#393));
#251 = ORIENTED_EDGE('',*,*,#252,.F.);
#252 = EDGE_CURVE('',#253,#255,#257,.T.);
#253 = VERTEX_POINT('',#254);
#254 = CARTESIAN_POINT('',(49.497474683058,-54.,4.));
#255 = VERTEX_POINT('',#256);
#256 = CARTESIAN_POINT('',(49.497474683058,-41.40298721492,4.));
#257 = LINE('',#258,#259);
#258 = CARTESIAN_POINT('',(49.497474683058,-54.,4.));
#259 = VECTOR('',#260,1.);
#260 = DIRECTION('',(0.,1.,0.));
#261 = ORIENTED_EDGE('',*,*,#262,.F.);
#262 = EDGE_CURVE('',#263,#253,#265,.T.);
#263 = VERTEX_POINT('',#264);
#264 = CARTESIAN_POINT('',(49.497474683058,-54.,1.42108547152E-14));
#265 = LINE('',#266,#267);
#266 = CARTESIAN_POINT('',(49.497474683058,-54.,1.099064721079E-14));
#267 = VECTOR('',#268,1.);
#268 = DIRECTION('',(-2.22044604925E-16,0.,1.));
#269 = ORIENTED_EDGE('',*,*,#270,.T.);
#270 = EDGE_CURVE('',#263,#271,#273,.T.);
#271 = VERTEX_POINT('',#272);
#272 = CARTESIAN_POINT('',(49.497474683058,-44.,-7.105427357601E-15));
#273 = LINE('',#274,#275);
#274 = CARTESIAN_POINT('',(49.497474683058,-54.,1.099064721079E-14));
#275 = VECTOR('',#276,1.);
#276 = DIRECTION('',(0.,1.,0.));
#277 = ORIENTED_EDGE('',*,*,#278,.T.);
#278 = EDGE_CURVE('',#271,#279,#281,.T.);
#279 = VERTEX_POINT('',#280);
#280 = CARTESIAN_POINT('',(49.497474683058,-40.,-7.105427357601E-15));
#281 = LINE('',#282,#283);
#282 = CARTESIAN_POINT('',(49.497474683058,-54.,1.099064721079E-14));
#283 = VECTOR('',#284,1.);
#284 = DIRECTION('',(0.,1.,0.));
#285 = ORIENTED_EDGE('',*,*,#286,.T.);
#286 = EDGE_CURVE('',#279,#287,#289,.T.);
#287 = VERTEX_POINT('',#288);
#288 = CARTESIAN_POINT('',(49.497474683058,40.,-7.105427357601E-15));
#289 = LINE('',#290,#291);
#290 = CARTESIAN_POINT('',(49.497474683058,-54.,1.099064721079E-14));
#291 = VECTOR('',#292,1.);
#292 = DIRECTION('',(0.,1.,0.));
#293 = ORIENTED_EDGE('',*,*,#294,.T.);
#294 = EDGE_CURVE('',#287,#295,#297,.T.);
#295 = VERTEX_POINT('',#296);
#296 = CARTESIAN_POINT('',(49.497474683058,44.,-7.105427357601E-15));
#297 = LINE('',#298,#299);
#298 = CARTESIAN_POINT('',(49.497474683058,-54.,1.099064721079E-14));
#299 = VECTOR('',#300,1.);
#300 = DIRECTION('',(0.,1.,0.));
#301 = ORIENTED_EDGE('',*,*,#302,.T.);
#302 = EDGE_CURVE('',#295,#303,#305,.T.);
#303 = VERTEX_POINT('',#304);
#304 = CARTESIAN_POINT('',(49.497474683058,54.,1.42108547152E-14));
#305 = LINE('',#306,#307);
#306 = CARTESIAN_POINT('',(49.497474683058,-54.,1.099064721079E-14));
#307 = VECTOR('',#308,1.);
#308 = DIRECTION('',(0.,1.,0.));
#309 = ORIENTED_EDGE('',*,*,#310,.T.);
#310 = EDGE_CURVE('',#303,#311,#313,.T.);
#311 = VERTEX_POINT('',#312);
#312 = CARTESIAN_POINT('',(49.497474683058,54.,4.));
#313 = LINE('',#314,#315);
#314 = CARTESIAN_POINT('',(49.497474683058,54.,1.099064721079E-14));
#315 = VECTOR('',#316,1.);
#316 = DIRECTION('',(-2.22044604925E-16,0.,1.));
#317 = ORIENTED_EDGE('',*,*,#318,.F.);
#318 = EDGE_CURVE('',#319,#311,#321,.T.);
#319 = VERTEX_POINT('',#320);
#320 = CARTESIAN_POINT('',(49.497474683058,41.646380842912,4.));
#321 = LINE('',#322,#323);
#322 = CARTESIAN_POINT('',(49.497474683058,-54.,4.));
#323 = VECTOR('',#324,1.);
#324 = DIRECTION('',(0.,1.,0.));
#325 = ORIENTED_EDGE('',*,*,#326,.F.);
#326 = EDGE_CURVE('',#327,#319,#329,.T.);
#327 = VERTEX_POINT('',#328);
#328 = CARTESIAN_POINT('',(49.497474683058,39.814871058522,
    1.661646629993));
#329 = ELLIPSE('',#330,3.658668427186,2.5);
#330 = AXIS2_PLACEMENT_3D('',#331,#332,#333);
#331 = CARTESIAN_POINT('',(49.497474683058,38.911691303501,
    5.142017392382));
#332 = DIRECTION('',(1.,6.113394297027E-18,1.860896703451E-16));
#333 = DIRECTION('',(1.665334536938E-16,0.417604698383,-0.90862881084));
#334 = ORIENTED_EDGE('',*,*,#335,.T.);
#335 = EDGE_CURVE('',#327,#336,#338,.T.);
#336 = VERTEX_POINT('',#337);
#337 = CARTESIAN_POINT('',(49.497474683058,39.625556236272,
    1.649295795211));
#338 = LINE('',#339,#340);
#339 = CARTESIAN_POINT('',(49.497474683058,-8.555983182361,
    -1.494051491654));
#340 = VECTOR('',#341,1.);
#341 = DIRECTION('',(0.,-0.997878662583,-6.510126543277E-02));
#342 = ORIENTED_EDGE('',*,*,#343,.F.);
#343 = EDGE_CURVE('',#344,#336,#346,.T.);
#344 = VERTEX_POINT('',#345);
#345 = CARTESIAN_POINT('',(49.497474683058,39.619897220726,
    1.648935081942));
#346 = ELLIPSE('',#347,3.658668427184,2.5);
#347 = AXIS2_PLACEMENT_3D('',#348,#349,#350);
#348 = CARTESIAN_POINT('',(49.497474683058,38.72237648125,5.129666557597
    ));
#349 = DIRECTION('',(1.,-1.91061213689E-17,1.744988115617E-16));
#350 = DIRECTION('',(-1.665334536938E-16,-0.417604698383,0.90862881084)
  );
#351 = ORIENTED_EDGE('',*,*,#352,.T.);
#352 = EDGE_CURVE('',#344,#353,#355,.T.);
#353 = VERTEX_POINT('',#354);
#354 = CARTESIAN_POINT('',(49.497474683058,34.089627100605,
    1.304707989922));
#355 = LINE('',#356,#357);
#356 = CARTESIAN_POINT('',(49.497474683058,-21.48480982516,
    -2.154476895824));
#357 = VECTOR('',#358,1.);
#358 = DIRECTION('',(3.469446951954E-18,-0.998068442263,
    -6.212394513374E-02));
#359 = ORIENTED_EDGE('',*,*,#360,.F.);
#360 = EDGE_CURVE('',#64,#353,#361,.T.);
#361 = ELLIPSE('',#362,9.468453459714,2.5);
#362 = AXIS2_PLACEMENT_3D('',#363,#364,#365);
#363 = CARTESIAN_POINT('',(49.497474683058,27.679910723164,4.44233740476
    ));
#364 = DIRECTION('',(1.,8.277304222803E-18,1.686275464203E-16));
#365 = DIRECTION('',(2.775557561563E-17,0.977147690189,-0.212561500649)
  );
#366 = ORIENTED_EDGE('',*,*,#63,.T.);
#367 = ORIENTED_EDGE('',*,*,#368,.F.);
#368 = EDGE_CURVE('',#369,#66,#371,.T.);
#369 = VERTEX_POINT('',#370);
#370 = CARTESIAN_POINT('',(49.497474683058,-39.76584183768,
    1.396833021305));
#371 = ELLIPSE('',#372,3.533401605942,2.5);
#372 = AXIS2_PLACEMENT_3D('',#373,#374,#375);
#373 = CARTESIAN_POINT('',(49.497474683058,-38.07889997175,
    4.442337404761));
#374 = DIRECTION('',(1.,-1.648014042286E-17,1.561419490713E-16));
#375 = DIRECTION('',(1.110223024625E-16,-0.628980869387,-0.777420777922)
  );
#376 = ORIENTED_EDGE('',*,*,#377,.T.);
#377 = EDGE_CURVE('',#369,#378,#380,.T.);
#378 = VERTEX_POINT('',#379);
#379 = CARTESIAN_POINT('',(49.497474683058,-40.03237384107,
    1.491663354427));
#380 = LINE('',#381,#382);
#381 = CARTESIAN_POINT('',(49.497474683058,-44.69215433569,
    3.149582594746));
#382 = VECTOR('',#383,1.);
#383 = DIRECTION('',(-5.551115123126E-17,-0.942143930968,0.335208611673)
  );
#384 = ORIENTED_EDGE('',*,*,#385,.F.);
#385 = EDGE_CURVE('',#386,#378,#388,.T.);
#386 = VERTEX_POINT('',#387);
#387 = CARTESIAN_POINT('',(49.497474683058,-41.26808808912,
    3.091322554588));
#388 = ELLIPSE('',#389,3.533401605942,2.5);
#389 = AXIS2_PLACEMENT_3D('',#390,#391,#392);
#390 = CARTESIAN_POINT('',(49.497474683058,-38.34543197514,
    4.537167737883));
#391 = DIRECTION('',(1.,2.667538195069E-17,1.212264969092E-16));
#392 = DIRECTION('',(-1.110223024625E-16,0.628980869387,0.777420777922)
  );
#393 = ORIENTED_EDGE('',*,*,#394,.T.);
#394 = EDGE_CURVE('',#386,#255,#395,.T.);
#395 = LINE('',#396,#397);
#396 = CARTESIAN_POINT('',(49.497474683058,-42.30273854265,
    10.060704494334));
#397 = VECTOR('',#398,1.);
#398 = DIRECTION('',(-2.22044604925E-16,-0.146847169006,0.989159192928)
  );
#399 = PLANE('',#400);
#400 = AXIS2_PLACEMENT_3D('',#401,#402,#403);
#401 = CARTESIAN_POINT('',(49.497474683058,-54.,1.099064721079E-14));
#402 = DIRECTION('',(1.,0.,2.22044604925E-16));
#403 = DIRECTION('',(-2.22044604925E-16,0.,1.));
#404 = ADVANCED_FACE('',(#405),#416,.T.);
#405 = FACE_BOUND('',#406,.F.);
#406 = EDGE_LOOP('',(#407,#408,#409,#415));
#407 = ORIENTED_EDGE('',*,*,#73,.F.);
#408 = ORIENTED_EDGE('',*,*,#218,.T.);
#409 = ORIENTED_EDGE('',*,*,#410,.T.);
#410 = EDGE_CURVE('',#219,#353,#411,.T.);
#411 = LINE('',#412,#413);
#412 = CARTESIAN_POINT('',(66.784768854157,-27.6173743308,
    14.727993903128));
#413 = VECTOR('',#414,1.);
#414 = DIRECTION('',(-0.264034671622,0.942471835004,-0.205018370897));
#415 = ORIENTED_EDGE('',*,*,#360,.F.);
#416 = CYLINDRICAL_SURFACE('',#417,2.5);
#417 = AXIS2_PLACEMENT_3D('',#418,#419,#420);
#418 = CARTESIAN_POINT('',(65.019895410026,-27.72737445043,
    16.495229512741));
#419 = DIRECTION('',(-0.264034671622,0.942471835004,-0.205018370897));
#420 = DIRECTION('',(-0.744409170253,-0.334285566879,-0.578020888048));
#421 = ADVANCED_FACE('',(#422),#433,.T.);
#422 = FACE_BOUND('',#423,.T.);
#423 = EDGE_LOOP('',(#424,#425,#426,#432));
#424 = ORIENTED_EDGE('',*,*,#80,.F.);
#425 = ORIENTED_EDGE('',*,*,#203,.T.);
#426 = ORIENTED_EDGE('',*,*,#427,.T.);
#427 = EDGE_CURVE('',#195,#369,#428,.T.);
#428 = LINE('',#429,#430);
#429 = CARTESIAN_POINT('',(66.734240434824,-28.93732713048,
    14.780884487944));
#430 = VECTOR('',#431,1.);
#431 = DIRECTION('',(-0.70753349854,-0.444488078861,-0.549387564652));
#432 = ORIENTED_EDGE('',*,*,#368,.T.);
#433 = CYLINDRICAL_SURFACE('',#434,2.5);
#434 = AXIS2_PLACEMENT_3D('',#435,#436,#437);
#435 = CARTESIAN_POINT('',(65.019895410026,-28.32737445043,
    16.495229512741));
#436 = DIRECTION('',(-0.70753349854,-0.444488078861,-0.549387564652));
#437 = DIRECTION('',(-0.351077867458,0.89578476642,-0.272605911951));
#438 = ADVANCED_FACE('',(#439),#464,.F.);
#439 = FACE_BOUND('',#440,.F.);
#440 = EDGE_LOOP('',(#441,#451,#457,#458));
#441 = ORIENTED_EDGE('',*,*,#442,.F.);
#442 = EDGE_CURVE('',#443,#445,#447,.T.);
#443 = VERTEX_POINT('',#444);
#444 = CARTESIAN_POINT('',(54.413558447297,-14.09968614774,
    8.683855769462));
#445 = VERTEX_POINT('',#446);
#446 = CARTESIAN_POINT('',(52.732650890286,-8.099686147747,7.37866002812
    ));
#447 = LINE('',#448,#449);
#448 = CARTESIAN_POINT('',(59.064622048001,-30.70165898546,
    12.295326477072));
#449 = VECTOR('',#450,1.);
#450 = DIRECTION('',(-0.264034671622,0.942471835004,-0.205018370897));
#451 = ORIENTED_EDGE('',*,*,#452,.F.);
#452 = EDGE_CURVE('',#91,#443,#453,.T.);
#453 = LINE('',#454,#455);
#454 = CARTESIAN_POINT('',(54.106906902615,-14.09968614774,
    9.078779597742));
#455 = VECTOR('',#456,1.);
#456 = DIRECTION('',(-0.613303089365,0.,0.789847656561));
#457 = ORIENTED_EDGE('',*,*,#88,.F.);
#458 = ORIENTED_EDGE('',*,*,#459,.T.);
#459 = EDGE_CURVE('',#89,#445,#460,.T.);
#460 = LINE('',#461,#462);
#461 = CARTESIAN_POINT('',(52.425999345603,-8.099686147747,
    7.773583856401));
#462 = VECTOR('',#463,1.);
#463 = DIRECTION('',(-0.613303089365,0.,0.789847656561));
#464 = PLANE('',#465);
#465 = AXIS2_PLACEMENT_3D('',#466,#467,#468);
#466 = CARTESIAN_POINT('',(57.191280427801,-24.0147655425,
    10.840709002979));
#467 = DIRECTION('',(0.744409170253,0.334285566879,0.578020888048));
#468 = DIRECTION('',(-0.264034671622,0.942471835004,-0.205018370897));
#469 = ADVANCED_FACE('',(#470),#488,.T.);
#470 = FACE_BOUND('',#471,.T.);
#471 = EDGE_LOOP('',(#472,#473,#474,#482));
#472 = ORIENTED_EDGE('',*,*,#452,.F.);
#473 = ORIENTED_EDGE('',*,*,#114,.F.);
#474 = ORIENTED_EDGE('',*,*,#475,.T.);
#475 = EDGE_CURVE('',#107,#476,#478,.T.);
#476 = VERTEX_POINT('',#477);
#477 = CARTESIAN_POINT('',(52.280722029615,-14.09968614774,7.02774505848
    ));
#478 = LINE('',#479,#480);
#479 = CARTESIAN_POINT('',(51.974070484933,-14.09968614774,
    7.422668886761));
#480 = VECTOR('',#481,1.);
#481 = DIRECTION('',(-0.613303089365,0.,0.789847656561));
#482 = ORIENTED_EDGE('',*,*,#483,.T.);
#483 = EDGE_CURVE('',#476,#443,#484,.T.);
#484 = LINE('',#485,#486);
#485 = CARTESIAN_POINT('',(54.608015849205,-14.09968614774,
    8.834848589848));
#486 = VECTOR('',#487,1.);
#487 = DIRECTION('',(0.789847656561,0.,0.613303089365));
#488 = PLANE('',#489);
#489 = AXIS2_PLACEMENT_3D('',#490,#491,#492);
#490 = CARTESIAN_POINT('',(57.367824994998,-14.09968614774,
    12.243859748906));
#491 = DIRECTION('',(0.,1.,0.));
#492 = DIRECTION('',(0.613303089365,0.,-0.789847656561));
#493 = ADVANCED_FACE('',(#494),#512,.T.);
#494 = FACE_BOUND('',#495,.T.);
#495 = EDGE_LOOP('',(#496,#504,#505,#506));
#496 = ORIENTED_EDGE('',*,*,#497,.F.);
#497 = EDGE_CURVE('',#476,#498,#500,.T.);
#498 = VERTEX_POINT('',#499);
#499 = CARTESIAN_POINT('',(52.280722029615,-8.099686147747,7.02774505848
    ));
#500 = LINE('',#501,#502);
#501 = CARTESIAN_POINT('',(52.280722029615,-40.,7.02774505848));
#502 = VECTOR('',#503,1.);
#503 = DIRECTION('',(0.,1.,0.));
#504 = ORIENTED_EDGE('',*,*,#475,.F.);
#505 = ORIENTED_EDGE('',*,*,#106,.F.);
#506 = ORIENTED_EDGE('',*,*,#507,.T.);
#507 = EDGE_CURVE('',#99,#498,#508,.T.);
#508 = LINE('',#509,#510);
#509 = CARTESIAN_POINT('',(51.974070484933,-8.099686147747,
    7.422668886761));
#510 = VECTOR('',#511,1.);
#511 = DIRECTION('',(-0.613303089365,0.,0.789847656561));
#512 = PLANE('',#513);
#513 = AXIS2_PLACEMENT_3D('',#514,#515,#516);
#514 = CARTESIAN_POINT('',(52.280722029615,-27.09968614774,7.02774505848
    ));
#515 = DIRECTION('',(0.789847656561,0.,0.613303089365));
#516 = DIRECTION('',(0.,1.,0.));
#517 = ADVANCED_FACE('',(#518),#529,.F.);
#518 = FACE_BOUND('',#519,.F.);
#519 = EDGE_LOOP('',(#520,#521,#522,#523));
#520 = ORIENTED_EDGE('',*,*,#459,.F.);
#521 = ORIENTED_EDGE('',*,*,#98,.F.);
#522 = ORIENTED_EDGE('',*,*,#507,.T.);
#523 = ORIENTED_EDGE('',*,*,#524,.T.);
#524 = EDGE_CURVE('',#498,#445,#525,.T.);
#525 = LINE('',#526,#527);
#526 = CARTESIAN_POINT('',(54.608015849205,-8.099686147747,
    8.834848589848));
#527 = VECTOR('',#528,1.);
#528 = DIRECTION('',(0.789847656561,0.,0.613303089365));
#529 = PLANE('',#530);
#530 = AXIS2_PLACEMENT_3D('',#531,#532,#533);
#531 = CARTESIAN_POINT('',(57.367824994998,-8.099686147747,
    12.243859748906));
#532 = DIRECTION('',(0.,1.,0.));
#533 = DIRECTION('',(0.613303089365,0.,-0.789847656561));
#534 = ADVANCED_FACE('',(#535),#560,.F.);
#535 = FACE_BOUND('',#536,.F.);
#536 = EDGE_LOOP('',(#537,#547,#553,#554));
#537 = ORIENTED_EDGE('',*,*,#538,.F.);
#538 = EDGE_CURVE('',#539,#541,#543,.T.);
#539 = VERTEX_POINT('',#540);
#540 = CARTESIAN_POINT('',(56.934919782815,-23.09968614774,
    10.641649381474));
#541 = VERTEX_POINT('',#542);
#542 = CARTESIAN_POINT('',(55.254012225803,-17.09968614774,
    9.336453640132));
#543 = LINE('',#544,#545);
#544 = CARTESIAN_POINT('',(59.064622048001,-30.70165898546,
    12.295326477072));
#545 = VECTOR('',#546,1.);
#546 = DIRECTION('',(-0.264034671622,0.942471835004,-0.205018370897));
#547 = ORIENTED_EDGE('',*,*,#548,.F.);
#548 = EDGE_CURVE('',#125,#539,#549,.T.);
#549 = LINE('',#550,#551);
#550 = CARTESIAN_POINT('',(56.628268238133,-23.09968614774,
    11.036573209755));
#551 = VECTOR('',#552,1.);
#552 = DIRECTION('',(-0.613303089365,0.,0.789847656561));
#553 = ORIENTED_EDGE('',*,*,#122,.F.);
#554 = ORIENTED_EDGE('',*,*,#555,.T.);
#555 = EDGE_CURVE('',#123,#541,#556,.T.);
#556 = LINE('',#557,#558);
#557 = CARTESIAN_POINT('',(54.947360681121,-17.09968614774,
    9.731377468413));
#558 = VECTOR('',#559,1.);
#559 = DIRECTION('',(-0.613303089365,0.,0.789847656561));
#560 = PLANE('',#561);
#561 = AXIS2_PLACEMENT_3D('',#562,#563,#564);
#562 = CARTESIAN_POINT('',(57.191280427801,-24.0147655425,
    10.840709002979));
#563 = DIRECTION('',(0.744409170253,0.334285566879,0.578020888048));
#564 = DIRECTION('',(-0.264034671622,0.942471835004,-0.205018370897));
#565 = ADVANCED_FACE('',(#566),#584,.T.);
#566 = FACE_BOUND('',#567,.T.);
#567 = EDGE_LOOP('',(#568,#569,#570,#578));
#568 = ORIENTED_EDGE('',*,*,#548,.F.);
#569 = ORIENTED_EDGE('',*,*,#148,.F.);
#570 = ORIENTED_EDGE('',*,*,#571,.T.);
#571 = EDGE_CURVE('',#141,#572,#574,.T.);
#572 = VERTEX_POINT('',#573);
#573 = CARTESIAN_POINT('',(52.280722029615,-23.09968614774,7.02774505848
    ));
#574 = LINE('',#575,#576);
#575 = CARTESIAN_POINT('',(51.974070484933,-23.09968614774,
    7.422668886761));
#576 = VECTOR('',#577,1.);
#577 = DIRECTION('',(-0.613303089365,0.,0.789847656561));
#578 = ORIENTED_EDGE('',*,*,#579,.T.);
#579 = EDGE_CURVE('',#572,#539,#580,.T.);
#580 = LINE('',#581,#582);
#581 = CARTESIAN_POINT('',(54.608015849205,-23.09968614774,
    8.834848589848));
#582 = VECTOR('',#583,1.);
#583 = DIRECTION('',(0.789847656561,0.,0.613303089365));
#584 = PLANE('',#585);
#585 = AXIS2_PLACEMENT_3D('',#586,#587,#588);
#586 = CARTESIAN_POINT('',(57.367824994998,-23.09968614774,
    12.243859748906));
#587 = DIRECTION('',(0.,1.,0.));
#588 = DIRECTION('',(0.613303089365,0.,-0.789847656561));
#589 = ADVANCED_FACE('',(#590),#608,.T.);
#590 = FACE_BOUND('',#591,.T.);
#591 = EDGE_LOOP('',(#592,#600,#601,#602));
#592 = ORIENTED_EDGE('',*,*,#593,.F.);
#593 = EDGE_CURVE('',#572,#594,#596,.T.);
#594 = VERTEX_POINT('',#595);
#595 = CARTESIAN_POINT('',(52.280722029615,-17.09968614774,7.02774505848
    ));
#596 = LINE('',#597,#598);
#597 = CARTESIAN_POINT('',(52.280722029615,-40.,7.02774505848));
#598 = VECTOR('',#599,1.);
#599 = DIRECTION('',(0.,1.,0.));
#600 = ORIENTED_EDGE('',*,*,#571,.F.);
#601 = ORIENTED_EDGE('',*,*,#140,.F.);
#602 = ORIENTED_EDGE('',*,*,#603,.T.);
#603 = EDGE_CURVE('',#133,#594,#604,.T.);
#604 = LINE('',#605,#606);
#605 = CARTESIAN_POINT('',(51.974070484933,-17.09968614774,
    7.422668886761));
#606 = VECTOR('',#607,1.);
#607 = DIRECTION('',(-0.613303089365,0.,0.789847656561));
#608 = PLANE('',#609);
#609 = AXIS2_PLACEMENT_3D('',#610,#611,#612);
#610 = CARTESIAN_POINT('',(52.280722029615,-27.09968614774,7.02774505848
    ));
#611 = DIRECTION('',(0.789847656561,0.,0.613303089365));
#612 = DIRECTION('',(0.,1.,0.));
#613 = ADVANCED_FACE('',(#614),#625,.F.);
#614 = FACE_BOUND('',#615,.F.);
#615 = EDGE_LOOP('',(#616,#617,#618,#619));
#616 = ORIENTED_EDGE('',*,*,#555,.F.);
#617 = ORIENTED_EDGE('',*,*,#132,.F.);
#618 = ORIENTED_EDGE('',*,*,#603,.T.);
#619 = ORIENTED_EDGE('',*,*,#620,.T.);
#620 = EDGE_CURVE('',#594,#541,#621,.T.);
#621 = LINE('',#622,#623);
#622 = CARTESIAN_POINT('',(54.608015849205,-17.09968614774,
    8.834848589848));
#623 = VECTOR('',#624,1.);
#624 = DIRECTION('',(0.789847656561,0.,0.613303089365));
#625 = PLANE('',#626);
#626 = AXIS2_PLACEMENT_3D('',#627,#628,#629);
#627 = CARTESIAN_POINT('',(57.367824994998,-17.09968614774,
    12.243859748906));
#628 = DIRECTION('',(0.,1.,0.));
#629 = DIRECTION('',(0.613303089365,0.,-0.789847656561));
#630 = ADVANCED_FACE('',(#631),#650,.T.);
#631 = FACE_BOUND('',#632,.T.);
#632 = EDGE_LOOP('',(#633,#641,#648,#649));
#633 = ORIENTED_EDGE('',*,*,#634,.F.);
#634 = EDGE_CURVE('',#635,#228,#637,.T.);
#635 = VERTEX_POINT('',#636);
#636 = CARTESIAN_POINT('',(67.210217219988,-27.61746490061,
    15.153435840203));
#637 = LINE('',#638,#639);
#638 = CARTESIAN_POINT('',(67.210217219988,-27.61746490061,
    15.153435840203));
#639 = VECTOR('',#640,1.);
#640 = DIRECTION('',(-0.707106781187,4.295302732281E-16,-0.707106781187)
  );
#641 = ORIENTED_EDGE('',*,*,#642,.T.);
#642 = EDGE_CURVE('',#635,#164,#643,.T.);
#643 = CIRCLE('',#644,2.5);
#644 = AXIS2_PLACEMENT_3D('',#645,#646,#647);
#645 = CARTESIAN_POINT('',(65.444159478738,-27.72737445043,
    16.919493581453));
#646 = DIRECTION('',(-0.707106781186,1.939420846142E-13,-0.707106781187)
  );
#647 = DIRECTION('',(-3.108711519825E-02,0.999033123844,
    3.108711519851E-02));
#648 = ORIENTED_EDGE('',*,*,#163,.T.);
#649 = ORIENTED_EDGE('',*,*,#236,.F.);
#650 = CYLINDRICAL_SURFACE('',#651,2.5);
#651 = AXIS2_PLACEMENT_3D('',#652,#653,#654);
#652 = CARTESIAN_POINT('',(65.444159478738,-27.72737445043,
    16.919493581453));
#653 = DIRECTION('',(-0.707106781186,1.939438575394E-13,-0.707106781187)
  );
#654 = DIRECTION('',(-3.108711519825E-02,0.999033123844,
    3.108711519851E-02));
#655 = ADVANCED_FACE('',(#656),#683,.T.);
#656 = FACE_BOUND('',#657,.T.);
#657 = EDGE_LOOP('',(#658,#668,#675,#676));
#658 = ORIENTED_EDGE('',*,*,#659,.F.);
#659 = EDGE_CURVE('',#660,#662,#664,.T.);
#660 = VERTEX_POINT('',#661);
#661 = CARTESIAN_POINT('',(67.930464217159,-28.32737445043,
    16.658172423284));
#662 = VERTEX_POINT('',#663);
#663 = CARTESIAN_POINT('',(67.930464217159,-27.72737445043,
    16.658172423284));
#664 = LINE('',#665,#666);
#665 = CARTESIAN_POINT('',(67.930464217159,-28.32737445043,
    16.658172423284));
#666 = VECTOR('',#667,1.);
#667 = DIRECTION('',(0.,1.,0.));
#668 = ORIENTED_EDGE('',*,*,#669,.T.);
#669 = EDGE_CURVE('',#660,#172,#670,.T.);
#670 = CIRCLE('',#671,2.5);
#671 = AXIS2_PLACEMENT_3D('',#672,#673,#674);
#672 = CARTESIAN_POINT('',(65.444159478738,-28.32737445043,
    16.919493581453));
#673 = DIRECTION('',(-0.,1.,0.));
#674 = DIRECTION('',(0.104528463268,0.,0.994521895368));
#675 = ORIENTED_EDGE('',*,*,#171,.T.);
#676 = ORIENTED_EDGE('',*,*,#677,.F.);
#677 = EDGE_CURVE('',#662,#164,#678,.T.);
#678 = CIRCLE('',#679,2.5);
#679 = AXIS2_PLACEMENT_3D('',#680,#681,#682);
#680 = CARTESIAN_POINT('',(65.444159478738,-27.72737445043,
    16.919493581453));
#681 = DIRECTION('',(-0.,1.,0.));
#682 = DIRECTION('',(0.104528463268,0.,0.994521895368));
#683 = CYLINDRICAL_SURFACE('',#684,2.5);
#684 = AXIS2_PLACEMENT_3D('',#685,#686,#687);
#685 = CARTESIAN_POINT('',(65.444159478738,-28.32737445043,
    16.919493581453));
#686 = DIRECTION('',(0.,1.,0.));
#687 = DIRECTION('',(0.104528463268,0.,0.994521895368));
#688 = ADVANCED_FACE('',(#689),#708,.T.);
#689 = FACE_BOUND('',#690,.T.);
#690 = EDGE_LOOP('',(#691,#692,#701,#707));
#691 = ORIENTED_EDGE('',*,*,#179,.F.);
#692 = ORIENTED_EDGE('',*,*,#693,.T.);
#693 = EDGE_CURVE('',#172,#694,#696,.T.);
#694 = VERTEX_POINT('',#695);
#695 = CARTESIAN_POINT('',(67.158504503535,-28.93732713048,
    15.205148556656));
#696 = CIRCLE('',#697,2.5);
#697 = AXIS2_PLACEMENT_3D('',#698,#699,#700);
#698 = CARTESIAN_POINT('',(65.444159478738,-28.32737445043,
    16.919493581453));
#699 = DIRECTION('',(-0.707106781186,3.145269213966E-13,-0.707106781187)
  );
#700 = DIRECTION('',(2.224826236082E-13,1.,2.223256143623E-13));
#701 = ORIENTED_EDGE('',*,*,#702,.T.);
#702 = EDGE_CURVE('',#694,#195,#703,.T.);
#703 = LINE('',#704,#705);
#704 = CARTESIAN_POINT('',(67.158504503535,-28.93732713048,
    15.205148556656));
#705 = VECTOR('',#706,1.);
#706 = DIRECTION('',(-0.707106781187,1.884239035207E-14,-0.707106781186)
  );
#707 = ORIENTED_EDGE('',*,*,#194,.F.);
#708 = CYLINDRICAL_SURFACE('',#709,2.5);
#709 = AXIS2_PLACEMENT_3D('',#710,#711,#712);
#710 = CARTESIAN_POINT('',(65.444159478738,-28.32737445043,
    16.919493581453));
#711 = DIRECTION('',(-0.707106781186,3.145269213966E-13,-0.707106781187)
  );
#712 = DIRECTION('',(2.224826236082E-13,1.,2.223256143623E-13));
#713 = ADVANCED_FACE('',(#714),#740,.T.);
#714 = FACE_BOUND('',#715,.T.);
#715 = EDGE_LOOP('',(#716,#724,#733,#739));
#716 = ORIENTED_EDGE('',*,*,#717,.F.);
#717 = EDGE_CURVE('',#718,#219,#720,.T.);
#718 = VERTEX_POINT('',#719);
#719 = CARTESIAN_POINT('',(67.21843094664,31.712464250212,
    18.854013100995));
#720 = LINE('',#721,#722);
#721 = CARTESIAN_POINT('',(67.21843094664,31.712464250212,
    18.854013100995));
#722 = VECTOR('',#723,1.);
#723 = DIRECTION('',(-7.291537003444E-03,-0.99756405026,
    -6.937434048221E-02));
#724 = ORIENTED_EDGE('',*,*,#725,.T.);
#725 = EDGE_CURVE('',#718,#726,#728,.T.);
#726 = VERTEX_POINT('',#727);
#727 = CARTESIAN_POINT('',(67.21961524376,31.712373680401,
    18.855190969358));
#728 = CIRCLE('',#729,2.5);
#729 = AXIS2_PLACEMENT_3D('',#730,#731,#732);
#730 = CARTESIAN_POINT('',(65.45355750251,31.602464130579,
    20.621248710608));
#731 = DIRECTION('',(-7.291537003442E-03,-0.99756405026,
    -6.937434048089E-02));
#732 = DIRECTION('',(-0.708224759297,5.412911802402E-02,-0.703908892472)
  );
#733 = ORIENTED_EDGE('',*,*,#734,.T.);
#734 = EDGE_CURVE('',#726,#228,#735,.T.);
#735 = LINE('',#736,#737);
#736 = CARTESIAN_POINT('',(67.21961524376,31.712373680401,
    18.855190969358));
#737 = VECTOR('',#738,1.);
#738 = DIRECTION('',(-7.291537003444E-03,-0.99756405026,
    -6.937434048221E-02));
#739 = ORIENTED_EDGE('',*,*,#227,.F.);
#740 = CYLINDRICAL_SURFACE('',#741,2.5);
#741 = AXIS2_PLACEMENT_3D('',#742,#743,#744);
#742 = CARTESIAN_POINT('',(65.45355750251,31.602464130579,
    20.621248710608));
#743 = DIRECTION('',(-7.291537003442E-03,-0.99756405026,
    -6.937434048089E-02));
#744 = DIRECTION('',(-0.708224759297,5.412911802402E-02,-0.703908892472)
  );
#745 = ADVANCED_FACE('',(#746,#804),#815,.T.);
#746 = FACE_BOUND('',#747,.T.);
#747 = EDGE_LOOP('',(#748,#758,#766,#772,#773,#781,#790,#798));
#748 = ORIENTED_EDGE('',*,*,#749,.F.);
#749 = EDGE_CURVE('',#750,#752,#754,.T.);
#750 = VERTEX_POINT('',#751);
#751 = CARTESIAN_POINT('',(15.798989873223,-44.,4.));
#752 = VERTEX_POINT('',#753);
#753 = CARTESIAN_POINT('',(45.497474683058,-44.,4.));
#754 = LINE('',#755,#756);
#755 = CARTESIAN_POINT('',(8.75,-44.,4.));
#756 = VECTOR('',#757,1.);
#757 = DIRECTION('',(1.,0.,2.22044604925E-16));
#758 = ORIENTED_EDGE('',*,*,#759,.F.);
#759 = EDGE_CURVE('',#760,#750,#762,.T.);
#760 = VERTEX_POINT('',#761);
#761 = CARTESIAN_POINT('',(15.798989873223,-54.,4.));
#762 = LINE('',#763,#764);
#763 = CARTESIAN_POINT('',(15.798989873223,-54.,4.));
#764 = VECTOR('',#765,1.);
#765 = DIRECTION('',(0.,1.,0.));
#766 = ORIENTED_EDGE('',*,*,#767,.T.);
#767 = EDGE_CURVE('',#760,#253,#768,.T.);
#768 = LINE('',#769,#770);
#769 = CARTESIAN_POINT('',(-8.881784197001E-16,-54.,4.));
#770 = VECTOR('',#771,1.);
#771 = DIRECTION('',(1.,0.,2.22044604925E-16));
#772 = ORIENTED_EDGE('',*,*,#252,.T.);
#773 = ORIENTED_EDGE('',*,*,#774,.T.);
#774 = EDGE_CURVE('',#255,#775,#777,.T.);
#775 = VERTEX_POINT('',#776);
#776 = CARTESIAN_POINT('',(49.09484192378,-41.70234302656,4.));
#777 = LINE('',#778,#779);
#778 = CARTESIAN_POINT('',(35.557824533065,-51.76706015357,4.));
#779 = VECTOR('',#780,1.);
#780 = DIRECTION('',(-0.802498394318,-0.596654277716,-1.665334536938E-16
    ));
#781 = ORIENTED_EDGE('',*,*,#782,.F.);
#782 = EDGE_CURVE('',#783,#775,#785,.T.);
#783 = VERTEX_POINT('',#784);
#784 = CARTESIAN_POINT('',(47.630061337866,-42.33267422639,4.));
#785 = ELLIPSE('',#786,2.949833391441,2.5);
#786 = AXIS2_PLACEMENT_3D('',#787,#788,#789);
#787 = CARTESIAN_POINT('',(47.446728833068,-39.79040706327,4.));
#788 = DIRECTION('',(-1.861670775656E-16,2.925445203448E-18,1.));
#789 = DIRECTION('',(-0.901343464659,-0.433105020425,-1.665334536938E-16
    ));
#790 = ORIENTED_EDGE('',*,*,#791,.T.);
#791 = EDGE_CURVE('',#783,#792,#794,.T.);
#792 = VERTEX_POINT('',#793);
#793 = CARTESIAN_POINT('',(45.497474683058,-42.70241760861,4.));
#794 = LINE('',#795,#796);
#795 = CARTESIAN_POINT('',(18.762460709188,-47.33767801787,4.));
#796 = VECTOR('',#797,1.);
#797 = DIRECTION('',(-0.985300631202,-0.170829348041,-1.665334536938E-16
    ));
#798 = ORIENTED_EDGE('',*,*,#799,.F.);
#799 = EDGE_CURVE('',#752,#792,#800,.T.);
#800 = LINE('',#801,#802);
#801 = CARTESIAN_POINT('',(45.497474683058,-49.,4.));
#802 = VECTOR('',#803,1.);
#803 = DIRECTION('',(0.,1.,0.));
#804 = FACE_BOUND('',#805,.T.);
#805 = EDGE_LOOP('',(#806));
#806 = ORIENTED_EDGE('',*,*,#807,.F.);
#807 = EDGE_CURVE('',#808,#808,#810,.T.);
#808 = VERTEX_POINT('',#809);
#809 = CARTESIAN_POINT('',(36.573358543988,-49.,4.));
#810 = CIRCLE('',#811,4.4);
#811 = AXIS2_PLACEMENT_3D('',#812,#813,#814);
#812 = CARTESIAN_POINT('',(32.173358543988,-49.,4.));
#813 = DIRECTION('',(-2.22044604925E-16,0.,1.));
#814 = DIRECTION('',(1.,0.,2.22044604925E-16));
#815 = PLANE('',#816);
#816 = AXIS2_PLACEMENT_3D('',#817,#818,#819);
#817 = CARTESIAN_POINT('',(-8.881784197001E-16,-54.,4.));
#818 = DIRECTION('',(-2.22044604925E-16,0.,1.));
#819 = DIRECTION('',(1.,0.,2.22044604925E-16));
#820 = ADVANCED_FACE('',(#821),#855,.T.);
#821 = FACE_BOUND('',#822,.T.);
#822 = EDGE_LOOP('',(#823,#824,#832,#840,#848,#854));
#823 = ORIENTED_EDGE('',*,*,#394,.F.);
#824 = ORIENTED_EDGE('',*,*,#825,.T.);
#825 = EDGE_CURVE('',#386,#826,#828,.T.);
#826 = VERTEX_POINT('',#827);
#827 = CARTESIAN_POINT('',(66.925320834605,-30.31953247929,
    16.623744657678));
#828 = LINE('',#829,#830);
#829 = CARTESIAN_POINT('',(47.867366201704,-42.29215802886,
    1.825571419784));
#830 = VECTOR('',#831,1.);
#831 = DIRECTION('',(0.70753349854,0.444488078861,0.549387564652));
#832 = ORIENTED_EDGE('',*,*,#833,.T.);
#833 = EDGE_CURVE('',#826,#834,#836,.T.);
#834 = VERTEX_POINT('',#835);
#835 = CARTESIAN_POINT('',(69.263243538706,-31.88354170853,
    38.867593330296));
#836 = LINE('',#837,#838);
#837 = CARTESIAN_POINT('',(66.925320834605,-30.31953247929,
    16.623744657678));
#838 = VECTOR('',#839,1.);
#839 = DIRECTION('',(0.104273837185,-6.975647374413E-02,0.992099290016)
  );
#840 = ORIENTED_EDGE('',*,*,#841,.T.);
#841 = EDGE_CURVE('',#834,#842,#844,.T.);
#842 = VERTEX_POINT('',#843);
#843 = CARTESIAN_POINT('',(68.79168852469,-32.237800947,38.892247087973)
  );
#844 = LINE('',#845,#846);
#845 = CARTESIAN_POINT('',(48.520468503216,-47.46670691619,
    39.952063506798));
#846 = VECTOR('',#847,1.);
#847 = DIRECTION('',(-0.798819587229,-0.600119201872,4.176374748671E-02)
  );
#848 = ORIENTED_EDGE('',*,*,#849,.T.);
#849 = EDGE_CURVE('',#842,#775,#850,.T.);
#850 = LINE('',#851,#852);
#851 = CARTESIAN_POINT('',(69.374312545718,-31.95784397341,
    39.924344342574));
#852 = VECTOR('',#853,1.);
#853 = DIRECTION('',(-0.478421055229,-0.229886351897,-0.847505492091));
#854 = ORIENTED_EDGE('',*,*,#774,.F.);
#855 = PLANE('',#856);
#856 = AXIS2_PLACEMENT_3D('',#857,#858,#859);
#857 = CARTESIAN_POINT('',(60.621515237126,-35.4195386104,
    19.406729985091));
#858 = DIRECTION('',(0.592464542347,-0.796863211546,-0.11829956951));
#859 = DIRECTION('',(-0.598086636428,-0.533464854187,0.598086636428));
#860 = ADVANCED_FACE('',(#861),#878,.T.);
#861 = FACE_BOUND('',#862,.T.);
#862 = EDGE_LOOP('',(#863,#864,#865,#871));
#863 = ORIENTED_EDGE('',*,*,#825,.F.);
#864 = ORIENTED_EDGE('',*,*,#385,.T.);
#865 = ORIENTED_EDGE('',*,*,#866,.T.);
#866 = EDGE_CURVE('',#378,#694,#867,.T.);
#867 = LINE('',#868,#869);
#868 = CARTESIAN_POINT('',(48.100549870635,-40.90995268005,
    0.406975318762));
#869 = VECTOR('',#870,1.);
#870 = DIRECTION('',(0.70753349854,0.444488078861,0.549387564652));
#871 = ORIENTED_EDGE('',*,*,#872,.F.);
#872 = EDGE_CURVE('',#826,#694,#873,.T.);
#873 = CIRCLE('',#874,2.5);
#874 = AXIS2_PLACEMENT_3D('',#875,#876,#877);
#875 = CARTESIAN_POINT('',(65.444159478738,-28.32737445043,
    16.919493581453));
#876 = DIRECTION('',(0.70753349854,0.444488078861,0.549387564652));
#877 = DIRECTION('',(-0.38520399077,-0.409193560354,0.827150842144));
#878 = CYLINDRICAL_SURFACE('',#879,2.5);
#879 = AXIS2_PLACEMENT_3D('',#880,#881,#882);
#880 = CARTESIAN_POINT('',(46.386204845838,-40.3,2.12132034356));
#881 = DIRECTION('',(0.70753349854,0.444488078861,0.549387564652));
#882 = DIRECTION('',(-0.38520399077,-0.409193560354,0.827150842144));
#883 = ADVANCED_FACE('',(#884),#890,.T.);
#884 = FACE_BOUND('',#885,.T.);
#885 = EDGE_LOOP('',(#886,#887,#888,#889));
#886 = ORIENTED_EDGE('',*,*,#427,.F.);
#887 = ORIENTED_EDGE('',*,*,#702,.F.);
#888 = ORIENTED_EDGE('',*,*,#866,.F.);
#889 = ORIENTED_EDGE('',*,*,#377,.F.);
#890 = PLANE('',#891);
#891 = AXIS2_PLACEMENT_3D('',#892,#893,#894);
#892 = CARTESIAN_POINT('',(57.417395152729,-34.92363990527,
    7.593929903353));
#893 = DIRECTION('',(0.685738009919,-0.243981072022,-0.685738009919));
#894 = DIRECTION('',(0.172520670508,0.969779993862,-0.172520670508));
#895 = ADVANCED_FACE('',(#896,#907),#941,.T.);
#896 = FACE_BOUND('',#897,.T.);
#897 = EDGE_LOOP('',(#898,#899,#905,#906));
#898 = ORIENTED_EDGE('',*,*,#352,.F.);
#899 = ORIENTED_EDGE('',*,*,#900,.T.);
#900 = EDGE_CURVE('',#344,#718,#901,.T.);
#901 = LINE('',#902,#903);
#902 = CARTESIAN_POINT('',(47.726814221256,40.410000119632,
    -7.017933476561E-02));
#903 = VECTOR('',#904,1.);
#904 = DIRECTION('',(0.683308709099,-0.304905544317,0.663416774822));
#905 = ORIENTED_EDGE('',*,*,#717,.T.);
#906 = ORIENTED_EDGE('',*,*,#410,.T.);
#907 = FACE_BOUND('',#908,.T.);
#908 = EDGE_LOOP('',(#909,#919,#927,#935));
#909 = ORIENTED_EDGE('',*,*,#910,.T.);
#910 = EDGE_CURVE('',#911,#913,#915,.T.);
#911 = VERTEX_POINT('',#912);
#912 = CARTESIAN_POINT('',(60.514044276611,16.686981731714,
    11.223339072968));
#913 = VERTEX_POINT('',#914);
#914 = CARTESIAN_POINT('',(61.662773094283,16.686981731714,
    12.370532448763));
#915 = LINE('',#916,#917);
#916 = CARTESIAN_POINT('',(61.711794023982,16.686981731714,
    12.419487854914));
#917 = VECTOR('',#918,1.);
#918 = DIRECTION('',(0.707579514137,-5.295649986234E-18,0.706633731981)
  );
#919 = ORIENTED_EDGE('',*,*,#920,.T.);
#920 = EDGE_CURVE('',#913,#921,#923,.T.);
#921 = VERTEX_POINT('',#922);
#922 = CARTESIAN_POINT('',(61.706586674126,22.681170905272,
    12.787390815434));
#923 = LINE('',#924,#925);
#924 = CARTESIAN_POINT('',(61.671307834555,17.854629933939,
    12.451735078232));
#925 = VECTOR('',#926,1.);
#926 = DIRECTION('',(7.291537003444E-03,0.99756405026,6.937434048221E-02
    ));
#927 = ORIENTED_EDGE('',*,*,#928,.F.);
#928 = EDGE_CURVE('',#929,#921,#931,.T.);
#929 = VERTEX_POINT('',#930);
#930 = CARTESIAN_POINT('',(58.834764629945,22.681170905272,
    9.919407375948));
#931 = LINE('',#932,#933);
#932 = CARTESIAN_POINT('',(61.525242515852,22.681170905272,
    12.606289049804));
#933 = VECTOR('',#934,1.);
#934 = DIRECTION('',(0.707579514137,-5.295649986234E-18,0.706633731981)
  );
#935 = ORIENTED_EDGE('',*,*,#936,.T.);
#936 = EDGE_CURVE('',#929,#911,#937,.T.);
#937 = LINE('',#938,#939);
#938 = CARTESIAN_POINT('',(61.911332306374,11.699361714415,
    12.308309140636));
#939 = VECTOR('',#940,1.);
#940 = DIRECTION('',(0.264034671622,-0.942471835004,0.205018370897));
#941 = PLANE('',#942);
#942 = AXIS2_PLACEMENT_3D('',#943,#944,#945);
#943 = CARTESIAN_POINT('',(60.913021422753,10.06444276023,
    11.209568464817));
#944 = DIRECTION('',(0.705949377652,4.400004785287E-02,-0.706894243845)
  );
#945 = DIRECTION('',(-3.111273915344E-02,0.999031528494,
    3.111273915344E-02));
#946 = ADVANCED_FACE('',(#947),#966,.T.);
#947 = FACE_BOUND('',#948,.T.);
#948 = EDGE_LOOP('',(#949,#950,#951,#959));
#949 = ORIENTED_EDGE('',*,*,#900,.F.);
#950 = ORIENTED_EDGE('',*,*,#343,.T.);
#951 = ORIENTED_EDGE('',*,*,#952,.T.);
#952 = EDGE_CURVE('',#336,#953,#955,.T.);
#953 = VERTEX_POINT('',#954);
#954 = CARTESIAN_POINT('',(67.219446454065,31.71767012673,
    18.855359759053));
#955 = LINE('',#956,#957);
#956 = CARTESIAN_POINT('',(47.727829728681,40.41520599615,
    -6.883267670775E-02));
#957 = VECTOR('',#958,1.);
#958 = DIRECTION('',(0.683308709099,-0.304905544317,0.663416774822));
#959 = ORIENTED_EDGE('',*,*,#960,.F.);
#960 = EDGE_CURVE('',#718,#953,#961,.T.);
#961 = CIRCLE('',#962,2.5);
#962 = AXIS2_PLACEMENT_3D('',#963,#964,#965);
#963 = CARTESIAN_POINT('',(65.453557502516,31.602464130569,
    20.621248710597));
#964 = DIRECTION('',(0.683308709099,-0.304905544317,0.663416774821));
#965 = DIRECTION('',(-0.186345604356,-0.95136565254,-0.245313495152));
#966 = CYLINDRICAL_SURFACE('',#967,2.5);
#967 = AXIS2_PLACEMENT_3D('',#968,#969,#970);
#968 = CARTESIAN_POINT('',(45.961940777126,40.3,1.697056274848));
#969 = DIRECTION('',(0.683308709099,-0.304905544317,0.663416774821));
#970 = DIRECTION('',(-0.186345604356,-0.95136565254,-0.245313495152));
#971 = ADVANCED_FACE('',(#972),#990,.T.);
#972 = FACE_BOUND('',#973,.T.);
#973 = EDGE_LOOP('',(#974,#975,#983,#989));
#974 = ORIENTED_EDGE('',*,*,#335,.F.);
#975 = ORIENTED_EDGE('',*,*,#976,.F.);
#976 = EDGE_CURVE('',#977,#327,#979,.T.);
#977 = VERTEX_POINT('',#978);
#978 = CARTESIAN_POINT('',(67.643710522777,31.71767012673,
    19.279623827765));
#979 = LINE('',#980,#981);
#980 = CARTESIAN_POINT('',(67.643710522777,31.71767012673,
    19.279623827765));
#981 = VECTOR('',#982,1.);
#982 = DIRECTION('',(-0.683308709099,0.304905544317,-0.663416774822));
#983 = ORIENTED_EDGE('',*,*,#984,.T.);
#984 = EDGE_CURVE('',#977,#953,#985,.T.);
#985 = LINE('',#986,#987);
#986 = CARTESIAN_POINT('',(67.643710522777,31.71767012673,
    19.279623827765));
#987 = VECTOR('',#988,1.);
#988 = DIRECTION('',(-0.707106781187,-7.484752014562E-16,-0.707106781187
    ));
#989 = ORIENTED_EDGE('',*,*,#952,.F.);
#990 = PLANE('',#991);
#991 = AXIS2_PLACEMENT_3D('',#992,#993,#994);
#992 = CARTESIAN_POINT('',(57.685770125729,36.06643806144,9.605395575529
    ));
#993 = DIRECTION('',(0.706355580622,4.608239846011E-02,-0.706355580622)
  );
#994 = DIRECTION('',(-3.258517644448E-02,0.998937641974,
    3.258517644448E-02));
#995 = ADVANCED_FACE('',(#996),#1024,.T.);
#996 = FACE_BOUND('',#997,.T.);
#997 = EDGE_LOOP('',(#998,#1008,#1015,#1016,#1017));
#998 = ORIENTED_EDGE('',*,*,#999,.F.);
#999 = EDGE_CURVE('',#1000,#1002,#1004,.T.);
#1000 = VERTEX_POINT('',#1001);
#1001 = CARTESIAN_POINT('',(66.847395725921,33.906008942162,
    21.105573245265));
#1002 = VERTEX_POINT('',#1003);
#1003 = CARTESIAN_POINT('',(49.228927794119,41.767709639443,4.));
#1004 = LINE('',#1005,#1006);
#1005 = CARTESIAN_POINT('',(66.847395725921,33.906008942162,
    21.105573245265));
#1006 = VECTOR('',#1007,1.);
#1007 = DIRECTION('',(-0.683308709099,0.304905544317,-0.663416774822));
#1008 = ORIENTED_EDGE('',*,*,#1009,.T.);
#1009 = EDGE_CURVE('',#1000,#977,#1010,.T.);
#1010 = CIRCLE('',#1011,2.5);
#1011 = AXIS2_PLACEMENT_3D('',#1012,#1013,#1014);
#1012 = CARTESIAN_POINT('',(65.877821571222,31.602464130579,
    21.04551277932));
#1013 = DIRECTION('',(-0.683308709099,0.304905544317,-0.663416774822));
#1014 = DIRECTION('',(-0.618609215447,0.240876767683,0.747864306779));
#1015 = ORIENTED_EDGE('',*,*,#976,.T.);
#1016 = ORIENTED_EDGE('',*,*,#326,.T.);
#1017 = ORIENTED_EDGE('',*,*,#1018,.T.);
#1018 = EDGE_CURVE('',#319,#1002,#1019,.T.);
#1019 = ELLIPSE('',#1020,3.768370193341,2.5);
#1020 = AXIS2_PLACEMENT_3D('',#1021,#1022,#1023);
#1021 = CARTESIAN_POINT('',(48.321214962513,39.436561110626,4.));
#1022 = DIRECTION('',(-1.860103320741E-16,-8.178958408501E-18,1.));
#1023 = DIRECTION('',(-0.913209001852,0.407491495538,-1.665334536938E-16
    ));
#1024 = CYLINDRICAL_SURFACE('',#1025,2.5);
#1025 = AXIS2_PLACEMENT_3D('',#1026,#1027,#1028);
#1026 = CARTESIAN_POINT('',(65.877821571222,31.602464130579,
    21.04551277932));
#1027 = DIRECTION('',(-0.683308709099,0.304905544317,-0.663416774822));
#1028 = DIRECTION('',(-0.618609215447,0.240876767683,0.747864306779));
#1029 = ADVANCED_FACE('',(#1030,#1089),#1100,.T.);
#1030 = FACE_BOUND('',#1031,.T.);
#1031 = EDGE_LOOP('',(#1032,#1033,#1034,#1042,#1050,#1058,#1066,#1074,
    #1083));
#1032 = ORIENTED_EDGE('',*,*,#1018,.F.);
#1033 = ORIENTED_EDGE('',*,*,#318,.T.);
#1034 = ORIENTED_EDGE('',*,*,#1035,.F.);
#1035 = EDGE_CURVE('',#1036,#311,#1038,.T.);
#1036 = VERTEX_POINT('',#1037);
#1037 = CARTESIAN_POINT('',(15.798989873223,54.,4.));
#1038 = LINE('',#1039,#1040);
#1039 = CARTESIAN_POINT('',(-8.881784197001E-16,54.,4.));
#1040 = VECTOR('',#1041,1.);
#1041 = DIRECTION('',(1.,0.,2.22044604925E-16));
#1042 = ORIENTED_EDGE('',*,*,#1043,.F.);
#1043 = EDGE_CURVE('',#1044,#1036,#1046,.T.);
#1044 = VERTEX_POINT('',#1045);
#1045 = CARTESIAN_POINT('',(15.798989873223,44.,4.));
#1046 = LINE('',#1047,#1048);
#1047 = CARTESIAN_POINT('',(15.798989873223,-54.,4.));
#1048 = VECTOR('',#1049,1.);
#1049 = DIRECTION('',(0.,1.,0.));
#1050 = ORIENTED_EDGE('',*,*,#1051,.T.);
#1051 = EDGE_CURVE('',#1044,#1052,#1054,.T.);
#1052 = VERTEX_POINT('',#1053);
#1053 = CARTESIAN_POINT('',(45.497474683058,44.,4.));
#1054 = LINE('',#1055,#1056);
#1055 = CARTESIAN_POINT('',(8.75,44.,4.));
#1056 = VECTOR('',#1057,1.);
#1057 = DIRECTION('',(1.,0.,2.22044604925E-16));
#1058 = ORIENTED_EDGE('',*,*,#1059,.F.);
#1059 = EDGE_CURVE('',#1060,#1052,#1062,.T.);
#1060 = VERTEX_POINT('',#1061);
#1061 = CARTESIAN_POINT('',(45.497474683058,42.704585190123,4.));
#1062 = LINE('',#1063,#1064);
#1063 = CARTESIAN_POINT('',(45.497474683058,-7.,4.));
#1064 = VECTOR('',#1065,1.);
#1065 = DIRECTION('',(0.,1.,0.));
#1066 = ORIENTED_EDGE('',*,*,#1067,.T.);
#1067 = EDGE_CURVE('',#1060,#1068,#1070,.T.);
#1068 = VERTEX_POINT('',#1069);
#1069 = CARTESIAN_POINT('',(47.551014382363,42.373798306496,4.));
#1070 = LINE('',#1071,#1072);
#1071 = CARTESIAN_POINT('',(27.445298380669,45.61245356188,4.));
#1072 = VECTOR('',#1073,1.);
#1073 = DIRECTION('',(0.987273537608,-0.159031323769,1.665334536938E-16)
  );
#1074 = ORIENTED_EDGE('',*,*,#1075,.F.);
#1075 = EDGE_CURVE('',#1076,#1068,#1078,.T.);
#1076 = VERTEX_POINT('',#1077);
#1077 = CARTESIAN_POINT('',(48.300759651708,42.15838050357,4.));
#1078 = ELLIPSE('',#1079,2.883050751328,2.5);
#1079 = AXIS2_PLACEMENT_3D('',#1080,#1081,#1082);
#1080 = CARTESIAN_POINT('',(47.362393777728,39.84013400188,4.));
#1081 = DIRECTION('',(-1.359211369601E-16,-2.801328205234E-17,1.));
#1082 = DIRECTION('',(0.904646191007,-0.426163430031,1.110223024625E-16)
  );
#1083 = ORIENTED_EDGE('',*,*,#1084,.T.);
#1084 = EDGE_CURVE('',#1076,#1002,#1085,.T.);
#1085 = LINE('',#1086,#1087);
#1086 = CARTESIAN_POINT('',(51.036669191008,41.006821755695,4.));
#1087 = VECTOR('',#1088,1.);
#1088 = DIRECTION('',(0.921683943281,-0.387941630531,1.665334536938E-16)
  );
#1089 = FACE_BOUND('',#1090,.T.);
#1090 = EDGE_LOOP('',(#1091));
#1091 = ORIENTED_EDGE('',*,*,#1092,.F.);
#1092 = EDGE_CURVE('',#1093,#1093,#1095,.T.);
#1093 = VERTEX_POINT('',#1094);
#1094 = CARTESIAN_POINT('',(36.573358543988,49.,4.));
#1095 = CIRCLE('',#1096,4.4);
#1096 = AXIS2_PLACEMENT_3D('',#1097,#1098,#1099);
#1097 = CARTESIAN_POINT('',(32.173358543988,49.,4.));
#1098 = DIRECTION('',(-2.22044604925E-16,0.,1.));
#1099 = DIRECTION('',(1.,0.,2.22044604925E-16));
#1100 = PLANE('',#1101);
#1101 = AXIS2_PLACEMENT_3D('',#1102,#1103,#1104);
#1102 = CARTESIAN_POINT('',(-8.881784197001E-16,-54.,4.));
#1103 = DIRECTION('',(-2.22044604925E-16,0.,1.));
#1104 = DIRECTION('',(1.,0.,2.22044604925E-16));
#1105 = ADVANCED_FACE('',(#1106),#1124,.T.);
#1106 = FACE_BOUND('',#1107,.T.);
#1107 = EDGE_LOOP('',(#1108,#1116,#1122,#1123));
#1108 = ORIENTED_EDGE('',*,*,#1109,.F.);
#1109 = EDGE_CURVE('',#1110,#303,#1112,.T.);
#1110 = VERTEX_POINT('',#1111);
#1111 = CARTESIAN_POINT('',(19.798989873223,54.,-3.552713678801E-15));
#1112 = LINE('',#1113,#1114);
#1113 = CARTESIAN_POINT('',(0.,54.,0.));
#1114 = VECTOR('',#1115,1.);
#1115 = DIRECTION('',(1.,0.,2.22044604925E-16));
#1116 = ORIENTED_EDGE('',*,*,#1117,.F.);
#1117 = EDGE_CURVE('',#1036,#1110,#1118,.T.);
#1118 = LINE('',#1119,#1120);
#1119 = CARTESIAN_POINT('',(0.,54.,19.798989873223));
#1120 = VECTOR('',#1121,1.);
#1121 = DIRECTION('',(0.707106781187,0.,-0.707106781187));
#1122 = ORIENTED_EDGE('',*,*,#1035,.T.);
#1123 = ORIENTED_EDGE('',*,*,#310,.F.);
#1124 = PLANE('',#1125);
#1125 = AXIS2_PLACEMENT_3D('',#1126,#1127,#1128);
#1126 = CARTESIAN_POINT('',(0.,54.,0.));
#1127 = DIRECTION('',(0.,1.,0.));
#1128 = DIRECTION('',(-2.22044604925E-16,0.,1.));
#1129 = ADVANCED_FACE('',(#1130,#1148),#1159,.F.);
#1130 = FACE_BOUND('',#1131,.F.);
#1131 = EDGE_LOOP('',(#1132,#1140,#1146,#1147));
#1132 = ORIENTED_EDGE('',*,*,#1133,.F.);
#1133 = EDGE_CURVE('',#1134,#1110,#1136,.T.);
#1134 = VERTEX_POINT('',#1135);
#1135 = CARTESIAN_POINT('',(19.798989873223,44.,-3.552713678801E-15));
#1136 = LINE('',#1137,#1138);
#1137 = CARTESIAN_POINT('',(19.798989873223,-54.,-3.552713678801E-15));
#1138 = VECTOR('',#1139,1.);
#1139 = DIRECTION('',(0.,1.,0.));
#1140 = ORIENTED_EDGE('',*,*,#1141,.T.);
#1141 = EDGE_CURVE('',#1134,#295,#1142,.T.);
#1142 = LINE('',#1143,#1144);
#1143 = CARTESIAN_POINT('',(0.,44.,0.));
#1144 = VECTOR('',#1145,1.);
#1145 = DIRECTION('',(1.,0.,-2.22044604925E-16));
#1146 = ORIENTED_EDGE('',*,*,#302,.T.);
#1147 = ORIENTED_EDGE('',*,*,#1109,.F.);
#1148 = FACE_BOUND('',#1149,.F.);
#1149 = EDGE_LOOP('',(#1150));
#1150 = ORIENTED_EDGE('',*,*,#1151,.F.);
#1151 = EDGE_CURVE('',#1152,#1152,#1154,.T.);
#1152 = VERTEX_POINT('',#1153);
#1153 = CARTESIAN_POINT('',(34.473358543988,49.,3.552713678801E-15));
#1154 = CIRCLE('',#1155,2.3);
#1155 = AXIS2_PLACEMENT_3D('',#1156,#1157,#1158);
#1156 = CARTESIAN_POINT('',(32.173358543988,49.,7.105427357601E-15));
#1157 = DIRECTION('',(-2.22044604925E-16,0.,1.));
#1158 = DIRECTION('',(1.,0.,2.22044604925E-16));
#1159 = PLANE('',#1160);
#1160 = AXIS2_PLACEMENT_3D('',#1161,#1162,#1163);
#1161 = CARTESIAN_POINT('',(0.,-54.,0.));
#1162 = DIRECTION('',(-2.22044604925E-16,0.,1.));
#1163 = DIRECTION('',(1.,0.,2.22044604925E-16));
#1164 = ADVANCED_FACE('',(#1165),#1260,.F.);
#1165 = FACE_BOUND('',#1166,.F.);
#1166 = EDGE_LOOP('',(#1167,#1175,#1183,#1191,#1200,#1209,#1218,#1226,
    #1235,#1243,#1252,#1258,#1259));
#1167 = ORIENTED_EDGE('',*,*,#1168,.F.);
#1168 = EDGE_CURVE('',#1169,#1134,#1171,.T.);
#1169 = VERTEX_POINT('',#1170);
#1170 = CARTESIAN_POINT('',(19.798989873223,40.,-3.552713678801E-15));
#1171 = LINE('',#1172,#1173);
#1172 = CARTESIAN_POINT('',(19.798989873223,-54.,-3.552713678801E-15));
#1173 = VECTOR('',#1174,1.);
#1174 = DIRECTION('',(0.,1.,0.));
#1175 = ORIENTED_EDGE('',*,*,#1176,.T.);
#1176 = EDGE_CURVE('',#1169,#1177,#1179,.T.);
#1177 = VERTEX_POINT('',#1178);
#1178 = CARTESIAN_POINT('',(40.784139331207,40.,-1.06581410364E-14));
#1179 = LINE('',#1180,#1181);
#1180 = CARTESIAN_POINT('',(0.,40.,0.));
#1181 = VECTOR('',#1182,1.);
#1182 = DIRECTION('',(1.,0.,-2.22044604925E-16));
#1183 = ORIENTED_EDGE('',*,*,#1184,.T.);
#1184 = EDGE_CURVE('',#1177,#1185,#1187,.T.);
#1185 = VERTEX_POINT('',#1186);
#1186 = CARTESIAN_POINT('',(40.784139331207,40.3,-3.552713678801E-15));
#1187 = LINE('',#1188,#1189);
#1188 = CARTESIAN_POINT('',(40.784139331207,-250.,-1.06581410364E-14));
#1189 = VECTOR('',#1190,1.);
#1190 = DIRECTION('',(0.,1.,0.));
#1191 = ORIENTED_EDGE('',*,*,#1192,.F.);
#1192 = EDGE_CURVE('',#1193,#1185,#1195,.T.);
#1193 = VERTEX_POINT('',#1194);
#1194 = CARTESIAN_POINT('',(45.68817803525,42.115228349592,
    -1.06581410364E-14));
#1195 = ELLIPSE('',#1196,15.697859728005,2.5);
#1196 = AXIS2_PLACEMENT_3D('',#1197,#1198,#1199);
#1197 = CARTESIAN_POINT('',(56.481999059212,40.3,-2.13162820728E-14));
#1198 = DIRECTION('',(-2.22044604925E-16,-1.635836933915E-31,1.));
#1199 = DIRECTION('',(1.,1.180804670452E-15,2.22044604925E-16));
#1200 = ORIENTED_EDGE('',*,*,#1201,.F.);
#1201 = EDGE_CURVE('',#1202,#1193,#1204,.T.);
#1202 = VERTEX_POINT('',#1203);
#1203 = CARTESIAN_POINT('',(47.658997051973,41.,7.105427357601E-15));
#1204 = CIRCLE('',#1205,1.835755975069);
#1205 = AXIS2_PLACEMENT_3D('',#1206,#1207,#1208);
#1206 = CARTESIAN_POINT('',(45.961940777126,40.3,-2.48689957516E-14));
#1207 = DIRECTION('',(-2.22044604925E-16,0.,1.));
#1208 = DIRECTION('',(-1.,0.,-2.22044604925E-16));
#1209 = ORIENTED_EDGE('',*,*,#1210,.F.);
#1210 = EDGE_CURVE('',#1211,#1202,#1213,.T.);
#1211 = VERTEX_POINT('',#1212);
#1212 = CARTESIAN_POINT('',(47.796662405389,40.41520599615,
    -7.105427357601E-15));
#1213 = ELLIPSE('',#1214,3.535533905933,2.5);
#1214 = AXIS2_PLACEMENT_3D('',#1215,#1216,#1217);
#1215 = CARTESIAN_POINT('',(44.264884502278,40.3,-2.13162820728E-14));
#1216 = DIRECTION('',(-2.22044604925E-16,6.274949059584E-31,1.));
#1217 = DIRECTION('',(-1.,2.414226789745E-14,-2.22044604925E-16));
#1218 = ORIENTED_EDGE('',*,*,#1219,.T.);
#1219 = EDGE_CURVE('',#1211,#1220,#1222,.T.);
#1220 = VERTEX_POINT('',#1221);
#1221 = CARTESIAN_POINT('',(47.798726289109,40.383570581499,
    -3.552713678801E-15));
#1222 = LINE('',#1223,#1224);
#1223 = CARTESIAN_POINT('',(64.351584897803,-213.3402902462,
    -1.42108547152E-14));
#1224 = VECTOR('',#1225,1.);
#1225 = DIRECTION('',(6.510126543277E-02,-0.997878662583,
    1.387778780781E-17));
#1226 = ORIENTED_EDGE('',*,*,#1227,.F.);
#1227 = EDGE_CURVE('',#1228,#1220,#1230,.T.);
#1228 = VERTEX_POINT('',#1229);
#1229 = CARTESIAN_POINT('',(47.799097818029,40.377745782572,
    -2.13162820728E-14));
#1230 = ELLIPSE('',#1231,3.768370193343,2.5);
#1231 = AXIS2_PLACEMENT_3D('',#1232,#1233,#1234);
#1232 = CARTESIAN_POINT('',(44.213999850026,41.079965003687,
    -2.13162820728E-14));
#1233 = DIRECTION('',(-1.74700171057E-16,1.716768309534E-17,1.));
#1234 = DIRECTION('',(0.913209001852,-0.407491495539,1.665334536938E-16)
  );
#1235 = ORIENTED_EDGE('',*,*,#1236,.T.);
#1236 = EDGE_CURVE('',#1228,#1237,#1239,.T.);
#1237 = VERTEX_POINT('',#1238);
#1238 = CARTESIAN_POINT('',(47.817195280906,40.087384901657,
    3.552713678801E-14));
#1239 = LINE('',#1240,#1241);
#1240 = CARTESIAN_POINT('',(64.480613414787,-227.2652711796,
    7.105427357601E-15));
#1241 = VECTOR('',#1242,1.);
#1242 = DIRECTION('',(6.22067723489E-02,-0.998063283301,
    1.040834085586E-17));
#1243 = ORIENTED_EDGE('',*,*,#1244,.F.);
#1244 = EDGE_CURVE('',#1245,#1237,#1247,.T.);
#1245 = VERTEX_POINT('',#1246);
#1246 = CARTESIAN_POINT('',(47.822457552103,40.,-2.48689957516E-14));
#1247 = ELLIPSE('',#1248,12.19402919388,2.5);
#1248 = AXIS2_PLACEMENT_3D('',#1249,#1250,#1251);
#1249 = CARTESIAN_POINT('',(43.776372262986,48.10138742915,
    -2.13162820728E-14));
#1250 = DIRECTION('',(-1.678469069735E-16,-1.819832399839E-17,1.));
#1251 = DIRECTION('',(-0.26976498568,0.962926192655,-2.775557561563E-17)
  );
#1252 = ORIENTED_EDGE('',*,*,#1253,.T.);
#1253 = EDGE_CURVE('',#1245,#287,#1254,.T.);
#1254 = LINE('',#1255,#1256);
#1255 = CARTESIAN_POINT('',(0.,40.,0.));
#1256 = VECTOR('',#1257,1.);
#1257 = DIRECTION('',(1.,0.,-2.22044604925E-16));
#1258 = ORIENTED_EDGE('',*,*,#294,.T.);
#1259 = ORIENTED_EDGE('',*,*,#1141,.F.);
#1260 = PLANE('',#1261);
#1261 = AXIS2_PLACEMENT_3D('',#1262,#1263,#1264);
#1262 = CARTESIAN_POINT('',(0.,-54.,0.));
#1263 = DIRECTION('',(-2.22044604925E-16,0.,1.));
#1264 = DIRECTION('',(1.,0.,2.22044604925E-16));
#1265 = ADVANCED_FACE('',(#1266),#1500,.F.);
#1266 = FACE_BOUND('',#1267,.F.);
#1267 = EDGE_LOOP('',(#1268,#1278,#1286,#1294,#1302,#1308,#1309,#1310,
    #1316,#1317,#1325,#1333,#1341,#1349,#1371,#1408,#1423,#1455,#1486,
    #1494));
#1268 = ORIENTED_EDGE('',*,*,#1269,.F.);
#1269 = EDGE_CURVE('',#1270,#1272,#1274,.T.);
#1270 = VERTEX_POINT('',#1271);
#1271 = CARTESIAN_POINT('',(14.142135623731,-40.,-9.769962616701E-15));
#1272 = VERTEX_POINT('',#1273);
#1273 = CARTESIAN_POINT('',(14.142135623731,-38.,2.6645352591E-15));
#1274 = LINE('',#1275,#1276);
#1275 = CARTESIAN_POINT('',(14.142135623731,-277.,0.));
#1276 = VECTOR('',#1277,1.);
#1277 = DIRECTION('',(0.,1.,0.));
#1278 = ORIENTED_EDGE('',*,*,#1279,.T.);
#1279 = EDGE_CURVE('',#1270,#1280,#1282,.T.);
#1280 = VERTEX_POINT('',#1281);
#1281 = CARTESIAN_POINT('',(19.798989873223,-40.,-3.552713678801E-15));
#1282 = LINE('',#1283,#1284);
#1283 = CARTESIAN_POINT('',(0.,-40.,0.));
#1284 = VECTOR('',#1285,1.);
#1285 = DIRECTION('',(1.,0.,-2.22044604925E-16));
#1286 = ORIENTED_EDGE('',*,*,#1287,.T.);
#1287 = EDGE_CURVE('',#1280,#1288,#1290,.T.);
#1288 = VERTEX_POINT('',#1289);
#1289 = CARTESIAN_POINT('',(40.784139331207,-40.,-1.06581410364E-14));
#1290 = LINE('',#1291,#1292);
#1291 = CARTESIAN_POINT('',(0.,-40.,0.));
#1292 = VECTOR('',#1293,1.);
#1293 = DIRECTION('',(1.,0.,-2.22044604925E-16));
#1294 = ORIENTED_EDGE('',*,*,#1295,.F.);
#1295 = EDGE_CURVE('',#1296,#1288,#1298,.T.);
#1296 = VERTEX_POINT('',#1297);
#1297 = CARTESIAN_POINT('',(47.852660224601,-40.,7.105427357601E-15));
#1298 = LINE('',#1299,#1300);
#1299 = CARTESIAN_POINT('',(-603.5533905932,-40.,-5.684341886081E-14));
#1300 = VECTOR('',#1301,1.);
#1301 = DIRECTION('',(-1.,0.,-2.22044604925E-16));
#1302 = ORIENTED_EDGE('',*,*,#1303,.T.);
#1303 = EDGE_CURVE('',#1296,#279,#1304,.T.);
#1304 = LINE('',#1305,#1306);
#1305 = CARTESIAN_POINT('',(0.,-40.,0.));
#1306 = VECTOR('',#1307,1.);
#1307 = DIRECTION('',(1.,0.,-2.22044604925E-16));
#1308 = ORIENTED_EDGE('',*,*,#286,.T.);
#1309 = ORIENTED_EDGE('',*,*,#1253,.F.);
#1310 = ORIENTED_EDGE('',*,*,#1311,.T.);
#1311 = EDGE_CURVE('',#1245,#1177,#1312,.T.);
#1312 = LINE('',#1313,#1314);
#1313 = CARTESIAN_POINT('',(-603.5533905932,40.,-5.684341886081E-14));
#1314 = VECTOR('',#1315,1.);
#1315 = DIRECTION('',(-1.,0.,-2.22044604925E-16));
#1316 = ORIENTED_EDGE('',*,*,#1176,.F.);
#1317 = ORIENTED_EDGE('',*,*,#1318,.F.);
#1318 = EDGE_CURVE('',#1319,#1169,#1321,.T.);
#1319 = VERTEX_POINT('',#1320);
#1320 = CARTESIAN_POINT('',(14.142135623731,40.,-9.769962616701E-15));
#1321 = LINE('',#1322,#1323);
#1322 = CARTESIAN_POINT('',(0.,40.,0.));
#1323 = VECTOR('',#1324,1.);
#1324 = DIRECTION('',(1.,0.,-2.22044604925E-16));
#1325 = ORIENTED_EDGE('',*,*,#1326,.F.);
#1326 = EDGE_CURVE('',#1327,#1319,#1329,.T.);
#1327 = VERTEX_POINT('',#1328);
#1328 = CARTESIAN_POINT('',(14.142135623731,38.,2.6645352591E-15));
#1329 = LINE('',#1330,#1331);
#1330 = CARTESIAN_POINT('',(14.142135623731,-277.,0.));
#1331 = VECTOR('',#1332,1.);
#1332 = DIRECTION('',(0.,1.,0.));
#1333 = ORIENTED_EDGE('',*,*,#1334,.F.);
#1334 = EDGE_CURVE('',#1335,#1327,#1337,.T.);
#1335 = VERTEX_POINT('',#1336);
#1336 = CARTESIAN_POINT('',(41.497474683058,38.,7.105427357601E-15));
#1337 = LINE('',#1338,#1339);
#1338 = CARTESIAN_POINT('',(4.,38.,8.881784197001E-16));
#1339 = VECTOR('',#1340,1.);
#1340 = DIRECTION('',(-1.,0.,-2.22044604925E-16));
#1341 = ORIENTED_EDGE('',*,*,#1342,.F.);
#1342 = EDGE_CURVE('',#1343,#1335,#1345,.T.);
#1343 = VERTEX_POINT('',#1344);
#1344 = CARTESIAN_POINT('',(41.497474683058,4.318490338877,
    7.105427357601E-15));
#1345 = LINE('',#1346,#1347);
#1346 = CARTESIAN_POINT('',(41.497474683058,-46.,9.214290371386E-15));
#1347 = VECTOR('',#1348,1.);
#1348 = DIRECTION('',(0.,1.,0.));
#1349 = ORIENTED_EDGE('',*,*,#1350,.F.);
#1350 = EDGE_CURVE('',#1351,#1343,#1353,.T.);
#1351 = VERTEX_POINT('',#1352);
#1352 = CARTESIAN_POINT('',(44.487274710634,4.385311272358,
    7.105427357601E-15));
#1353 = B_SPLINE_CURVE_WITH_KNOTS('',6,(#1354,#1355,#1356,#1357,#1358,
    #1359,#1360,#1361,#1362,#1363,#1364,#1365,#1366,#1367,#1368,#1369,
    #1370),.UNSPECIFIED.,.F.,.F.,(7,5,5,7),(0.,0.377661535905,
    0.758899853886,1.),.UNSPECIFIED.);
#1354 = CARTESIAN_POINT('',(44.487274710634,4.385311272358,
    7.105427357601E-15));
#1355 = CARTESIAN_POINT('',(43.53925988477,4.366599938618,
    7.105427357601E-15));
#1356 = CARTESIAN_POINT('',(42.589856532129,4.346127483251,
    7.105427357601E-15));
#1357 = CARTESIAN_POINT('',(41.638910414596,4.323681345405,
    7.105427357601E-15));
#1358 = CARTESIAN_POINT('',(40.68624342627,4.299009744555,
    7.105427357601E-15));
#1359 = CARTESIAN_POINT('',(39.731634779999,4.271794869982,
    3.552713678801E-15));
#1360 = CARTESIAN_POINT('',(37.808907573881,4.211171545822,
    7.105427357601E-15));
#1361 = CARTESIAN_POINT('',(36.840751113038,4.177706572967,
    7.105427357601E-15));
#1362 = CARTESIAN_POINT('',(35.870036112472,4.140806886457,
    7.105427357601E-15));
#1363 = CARTESIAN_POINT('',(34.896410062842,4.099944370302,
    3.552713678801E-15));
#1364 = CARTESIAN_POINT('',(33.919438236048,4.05444844095,
    7.105427357601E-15));
#1365 = CARTESIAN_POINT('',(32.318194609816,3.971119208426,
    7.105427357601E-15));
#1366 = CARTESIAN_POINT('',(31.696286353604,3.936616832541,
    3.552713678801E-15));
#1367 = CARTESIAN_POINT('',(31.072658454256,3.899662289634,
    5.329070518201E-15));
#1368 = CARTESIAN_POINT('',(30.447144209415,3.859984810064,
    5.329070518201E-15));
#1369 = CARTESIAN_POINT('',(29.819550934508,3.817262191467,
    3.552713678801E-15));
#1370 = CARTESIAN_POINT('',(29.189651498247,3.771107766328,
    5.329070518201E-15));
#1371 = ORIENTED_EDGE('',*,*,#1372,.F.);
#1372 = EDGE_CURVE('',#1373,#1351,#1375,.T.);
#1373 = VERTEX_POINT('',#1374);
#1374 = CARTESIAN_POINT('',(47.64820077871,1.437280485708,
    1.06581410364E-14));
#1375 = B_SPLINE_CURVE_WITH_KNOTS('',7,(#1376,#1377,#1378,#1379,#1380,
    #1381,#1382,#1383,#1384,#1385,#1386,#1387,#1388,#1389,#1390,#1391,
    #1392,#1393,#1394,#1395,#1396,#1397,#1398,#1399,#1400,#1401,#1402,
    #1403,#1404,#1405,#1406,#1407),.UNSPECIFIED.,.F.,.F.,(8,6,6,6,6,8),(
    0.,8.9258951751E-02,0.31851832808,0.423366512328,0.595034156666,1.),
  .UNSPECIFIED.);
#1376 = CARTESIAN_POINT('',(47.64820077871,1.437280485708,
    7.105427357601E-15));
#1377 = CARTESIAN_POINT('',(47.64806290379,1.498566058667,
    7.105427357601E-15));
#1378 = CARTESIAN_POINT('',(47.646396526511,1.559846241052,
    3.552713678801E-15));
#1379 = CARTESIAN_POINT('',(47.643200182088,1.621075477687,
    3.552713678801E-15));
#1380 = CARTESIAN_POINT('',(47.638474503887,1.682208289286,
    3.552713678801E-15));
#1381 = CARTESIAN_POINT('',(47.632222223424,1.743199272452,
    7.105427357601E-15));
#1382 = CARTESIAN_POINT('',(47.624448170364,1.804003099681,
    7.105427357601E-15));
#1383 = CARTESIAN_POINT('',(47.591300971668,2.020150689881,
    7.105427357601E-15));
#1384 = CARTESIAN_POINT('',(47.55744742608,2.174205106733,
    7.105427357601E-15));
#1385 = CARTESIAN_POINT('',(47.513716471806,2.325954317147,
    7.105427357601E-15));
#1386 = CARTESIAN_POINT('',(47.46031968607,2.474654408864,
    3.552713678801E-15));
#1387 = CARTESIAN_POINT('',(47.39754779869,2.619598080936,
    1.42108547152E-14));
#1388 = CARTESIAN_POINT('',(47.325766366973,2.76011506964,
    7.105427357601E-15));
#1389 = CARTESIAN_POINT('',(47.208677345719,2.957526831681,
    1.06581410364E-14));
#1390 = CARTESIAN_POINT('',(47.17014047594,3.018422517793,
    1.42108547152E-14));
#1391 = CARTESIAN_POINT('',(47.129852883737,3.078204180852,
    1.06581410364E-14));
#1392 = CARTESIAN_POINT('',(47.087858670451,3.136815692606,
    7.105427357601E-15));
#1393 = CARTESIAN_POINT('',(47.044204259759,3.194203603553,
    3.552713678801E-15));
#1394 = CARTESIAN_POINT('',(46.998938397674,3.250317142934,
    7.105427357601E-15));
#1395 = CARTESIAN_POINT('',(46.875443669894,3.394817496791,
    7.105427357601E-15));
#1396 = CARTESIAN_POINT('',(46.794590838016,3.480982744813,
    7.105427357601E-15));
#1397 = CARTESIAN_POINT('',(46.709777784618,3.563391981291,
    7.105427357601E-15));
#1398 = CARTESIAN_POINT('',(46.621239882403,3.641855890052,
    7.105427357601E-15));
#1399 = CARTESIAN_POINT('',(46.52922217587,3.716206495861,
    7.105427357601E-15));
#1400 = CARTESIAN_POINT('',(46.433977808115,3.786295840028,
    7.105427357601E-15));
#1401 = CARTESIAN_POINT('',(46.104084778225,4.006978878724,
    7.105427357601E-15));
#1402 = CARTESIAN_POINT('',(45.855883324892,4.137536295013,
    1.42108547152E-14));
#1403 = CARTESIAN_POINT('',(45.594579441481,4.241966252635,
    7.105427357601E-15));
#1404 = CARTESIAN_POINT('',(45.32365133193,4.319266911886,
    7.105427357601E-15));
#1405 = CARTESIAN_POINT('',(45.046539407061,4.368914088059,
    7.105427357601E-15));
#1406 = CARTESIAN_POINT('',(44.766636676872,4.390822161574,
    7.105427357601E-15));
#1407 = CARTESIAN_POINT('',(44.487266115692,4.385307248205,
    7.105427357601E-15));
#1408 = ORIENTED_EDGE('',*,*,#1409,.F.);
#1409 = EDGE_CURVE('',#1410,#1373,#1412,.T.);
#1410 = VERTEX_POINT('',#1411);
#1411 = CARTESIAN_POINT('',(47.67632679186,-14.58411220731,
    7.105427357601E-15));
#1412 = B_SPLINE_CURVE_WITH_KNOTS('',5,(#1413,#1414,#1415,#1416,#1417,
    #1418,#1419,#1420,#1421,#1422),.UNSPECIFIED.,.F.,.F.,(6,4,6),(0.,
    0.409045302517,1.),.UNSPECIFIED.);
#1413 = CARTESIAN_POINT('',(47.67632679186,-14.58411220731,
    7.105427357601E-15));
#1414 = CARTESIAN_POINT('',(47.674876166869,-13.27313858917,
    3.552713678801E-15));
#1415 = CARTESIAN_POINT('',(47.67319673634,-11.96224060326,
    7.105427357601E-15));
#1416 = CARTESIAN_POINT('',(47.671317579789,-10.65140834892,
    1.06581410364E-14));
#1417 = CARTESIAN_POINT('',(47.669261902978,-9.340633953268,
    1.06581410364E-14));
#1418 = CARTESIAN_POINT('',(47.663847184734,-6.136288679146,
    7.105427357601E-15));
#1419 = CARTESIAN_POINT('',(47.660315486896,-4.242774209111,
    7.105427357601E-15));
#1420 = CARTESIAN_POINT('',(47.656506071209,-2.349349884877,
    7.105427357601E-15));
#1421 = CARTESIAN_POINT('',(47.652455759823,-0.456003398434,
    3.552713678801E-15));
#1422 = CARTESIAN_POINT('',(47.648193990429,1.437275061127,
    1.42108547152E-14));
#1423 = ORIENTED_EDGE('',*,*,#1424,.F.);
#1424 = EDGE_CURVE('',#1425,#1410,#1427,.T.);
#1425 = VERTEX_POINT('',#1426);
#1426 = CARTESIAN_POINT('',(44.482395923788,-17.67158342905,
    -3.552713678801E-15));
#1427 = B_SPLINE_CURVE_WITH_KNOTS('',6,(#1428,#1429,#1430,#1431,#1432,
    #1433,#1434,#1435,#1436,#1437,#1438,#1439,#1440,#1441,#1442,#1443,
    #1444,#1445,#1446,#1447,#1448,#1449,#1450,#1451,#1452,#1453,#1454),
  .UNSPECIFIED.,.F.,.F.,(7,5,5,5,5,7),(0.,5.142447939744E-02,
    0.395101728405,0.56982381317,0.740709235699,1.),.UNSPECIFIED.);
#1428 = CARTESIAN_POINT('',(44.482395923788,-17.67158342905,
    7.105427357601E-15));
#1429 = CARTESIAN_POINT('',(44.524589302384,-17.67030306967,
    7.105427357601E-15));
#1430 = CARTESIAN_POINT('',(44.566764810323,-17.66841081667,
    7.105427357601E-15));
#1431 = CARTESIAN_POINT('',(44.608911201088,-17.665907433,
    7.105427357601E-15));
#1432 = CARTESIAN_POINT('',(44.651017253923,-17.6627938097,
    7.105427357601E-15));
#1433 = CARTESIAN_POINT('',(44.693071773838,-17.65907096588,
    7.105427357601E-15));
#1434 = CARTESIAN_POINT('',(45.015700995823,-17.6257959018,
    7.105427357601E-15));
#1435 = CARTESIAN_POINT('',(45.29353145792,-17.56969349593,
    7.105427357601E-15));
#1436 = CARTESIAN_POINT('',(45.565255541039,-17.48677237225,
    7.105427357601E-15));
#1437 = CARTESIAN_POINT('',(45.827509996218,-17.37763094047,
    7.105427357601E-15));
#1438 = CARTESIAN_POINT('',(46.0768959788,-17.2432537448,
    7.105427357601E-15));
#1439 = CARTESIAN_POINT('',(46.428577634765,-17.00478452599,
    1.06581410364E-14));
#1440 = CARTESIAN_POINT('',(46.542906201884,-16.91828473991,
    7.105427357601E-15));
#1441 = CARTESIAN_POINT('',(46.6525834641,-16.82586535894,
    1.42108547152E-14));
#1442 = CARTESIAN_POINT('',(46.757163519523,-16.72777128282,
    7.105427357601E-15));
#1443 = CARTESIAN_POINT('',(46.8562100284,-16.6242930785,
    1.42108547152E-14));
#1444 = CARTESIAN_POINT('',(47.040352002596,-16.40963769156,
    3.552713678801E-15));
#1445 = CARTESIAN_POINT('',(47.125707793261,-16.29867738373,
    1.06581410364E-14));
#1446 = CARTESIAN_POINT('',(47.20497583597,-16.18321686943,
    1.06581410364E-14));
#1447 = CARTESIAN_POINT('',(47.277782853843,-16.06362219556,
    7.105427357601E-15));
#1448 = CARTESIAN_POINT('',(47.343785756222,-15.94030606813,
    7.105427357601E-15));
#1449 = CARTESIAN_POINT('',(47.49204354627,-15.62167734604,
    7.105427357601E-15));
#1450 = CARTESIAN_POINT('',(47.565058285595,-15.42208687969,
    3.552713678801E-15));
#1451 = CARTESIAN_POINT('',(47.620628591272,-15.21662877911,
    1.06581410364E-14));
#1452 = CARTESIAN_POINT('',(47.657965393222,-15.00713362483,
    7.105427357601E-15));
#1453 = CARTESIAN_POINT('',(47.676560787584,-14.7955812098,
    7.105427357601E-15));
#1454 = CARTESIAN_POINT('',(47.67632679186,-14.58411220731,
    7.105427357601E-15));
#1455 = ORIENTED_EDGE('',*,*,#1456,.F.);
#1456 = EDGE_CURVE('',#1457,#1425,#1459,.T.);
#1457 = VERTEX_POINT('',#1458);
#1458 = CARTESIAN_POINT('',(41.497474683058,-17.77930508438,
    7.105427357601E-15));
#1459 = B_SPLINE_CURVE_WITH_KNOTS('',7,(#1460,#1461,#1462,#1463,#1464,
    #1465,#1466,#1467,#1468,#1469,#1470,#1471,#1472,#1473,#1474,#1475,
    #1476,#1477,#1478,#1479,#1480,#1481,#1482,#1483,#1484,#1485),
  .UNSPECIFIED.,.F.,.F.,(8,6,6,6,8),(0.,0.263828676699,0.494466462277,
    0.899579895555,1.),.UNSPECIFIED.);
#1460 = CARTESIAN_POINT('',(27.240133255886,-19.53454686871,
    3.552713678801E-15));
#1461 = CARTESIAN_POINT('',(27.9505950485,-19.34710238293,
    5.329070518201E-15));
#1462 = CARTESIAN_POINT('',(28.655232622956,-19.17742546301,
    5.329070518201E-15));
#1463 = CARTESIAN_POINT('',(29.353016719618,-19.02482344793,
    5.329070518201E-15));
#1464 = CARTESIAN_POINT('',(30.043373169517,-18.88818798225,
    5.329070518201E-15));
#1465 = CARTESIAN_POINT('',(30.726275054996,-18.76604323476,
    3.552713678801E-15));
#1466 = CARTESIAN_POINT('',(31.40204293115,-18.6567919682,
    5.329070518201E-15));
#1467 = CARTESIAN_POINT('',(32.656116304042,-18.47331745455,
    3.552713678801E-15));
#1468 = CARTESIAN_POINT('',(33.236002907775,-18.39641451851,
    7.105427357601E-15));
#1469 = CARTESIAN_POINT('',(33.811235978341,-18.32714903817,
    3.552713678801E-15));
#1470 = CARTESIAN_POINT('',(34.382283261425,-18.26452940809,
    7.105427357601E-15));
#1471 = CARTESIAN_POINT('',(34.949595535457,-18.20768463762,
    3.552713678801E-15));
#1472 = CARTESIAN_POINT('',(35.513581988309,-18.1558844487,
    7.105427357601E-15));
#1473 = CARTESIAN_POINT('',(37.060130499248,-18.0252869163,
    7.105427357601E-15));
#1474 = CARTESIAN_POINT('',(38.036465060865,-17.95572203349,
    7.105427357601E-15));
#1475 = CARTESIAN_POINT('',(39.005765536959,-17.89643861171,
    7.105427357601E-15));
#1476 = CARTESIAN_POINT('',(39.969396864063,-17.84521784488,
    7.105427357601E-15));
#1477 = CARTESIAN_POINT('',(40.92831518007,-17.8005346021,
    3.552713678801E-15));
#1478 = CARTESIAN_POINT('',(41.883298445513,-17.76124403993,
    3.552713678801E-15));
#1479 = CARTESIAN_POINT('',(43.070925439537,-17.71786549632,
    7.105427357601E-15));
#1480 = CARTESIAN_POINT('',(43.306633373056,-17.70952703562,
    7.105427357601E-15));
#1481 = CARTESIAN_POINT('',(43.542145674068,-17.70145387448,
    7.105427357601E-15));
#1482 = CARTESIAN_POINT('',(43.777470621999,-17.69363383322,
    7.105427357601E-15));
#1483 = CARTESIAN_POINT('',(44.012615948425,-17.68605558531,
    7.105427357601E-15));
#1484 = CARTESIAN_POINT('',(44.247588837065,-17.67870865734,
    7.105427357601E-15));
#1485 = CARTESIAN_POINT('',(44.482395923788,-17.67158342905,
    7.105427357601E-15));
#1486 = ORIENTED_EDGE('',*,*,#1487,.F.);
#1487 = EDGE_CURVE('',#1488,#1457,#1490,.T.);
#1488 = VERTEX_POINT('',#1489);
#1489 = CARTESIAN_POINT('',(41.497474683058,-38.,7.105427357601E-15));
#1490 = LINE('',#1491,#1492);
#1491 = CARTESIAN_POINT('',(41.497474683058,-46.,9.214290371386E-15));
#1492 = VECTOR('',#1493,1.);
#1493 = DIRECTION('',(0.,1.,0.));
#1494 = ORIENTED_EDGE('',*,*,#1495,.T.);
#1495 = EDGE_CURVE('',#1488,#1272,#1496,.T.);
#1496 = LINE('',#1497,#1498);
#1497 = CARTESIAN_POINT('',(4.,-38.,8.881784197001E-16));
#1498 = VECTOR('',#1499,1.);
#1499 = DIRECTION('',(-1.,0.,-2.22044604925E-16));
#1500 = PLANE('',#1501);
#1501 = AXIS2_PLACEMENT_3D('',#1502,#1503,#1504);
#1502 = CARTESIAN_POINT('',(0.,-54.,0.));
#1503 = DIRECTION('',(-2.22044604925E-16,0.,1.));
#1504 = DIRECTION('',(1.,0.,2.22044604925E-16));
#1505 = ADVANCED_FACE('',(#1506),#1583,.F.);
#1506 = FACE_BOUND('',#1507,.F.);
#1507 = EDGE_LOOP('',(#1508,#1516,#1522,#1523,#1524,#1532,#1541,#1549,
    #1558,#1567,#1576,#1582));
#1508 = ORIENTED_EDGE('',*,*,#1509,.F.);
#1509 = EDGE_CURVE('',#1510,#1280,#1512,.T.);
#1510 = VERTEX_POINT('',#1511);
#1511 = CARTESIAN_POINT('',(19.798989873223,-44.,-3.552713678801E-15));
#1512 = LINE('',#1513,#1514);
#1513 = CARTESIAN_POINT('',(19.798989873223,-54.,-3.552713678801E-15));
#1514 = VECTOR('',#1515,1.);
#1515 = DIRECTION('',(0.,1.,0.));
#1516 = ORIENTED_EDGE('',*,*,#1517,.T.);
#1517 = EDGE_CURVE('',#1510,#271,#1518,.T.);
#1518 = LINE('',#1519,#1520);
#1519 = CARTESIAN_POINT('',(0.,-44.,0.));
#1520 = VECTOR('',#1521,1.);
#1521 = DIRECTION('',(1.,0.,-2.22044604925E-16));
#1522 = ORIENTED_EDGE('',*,*,#278,.T.);
#1523 = ORIENTED_EDGE('',*,*,#1303,.F.);
#1524 = ORIENTED_EDGE('',*,*,#1525,.T.);
#1525 = EDGE_CURVE('',#1296,#1526,#1528,.T.);
#1526 = VERTEX_POINT('',#1527);
#1527 = CARTESIAN_POINT('',(47.852660224601,-40.07543469627,
    3.552713678801E-15));
#1528 = LINE('',#1529,#1530);
#1529 = CARTESIAN_POINT('',(47.852660224601,-251.3513461639,
    7.105427357601E-15));
#1530 = VECTOR('',#1531,1.);
#1531 = DIRECTION('',(0.,-1.,0.));
#1532 = ORIENTED_EDGE('',*,*,#1533,.F.);
#1533 = EDGE_CURVE('',#1534,#1526,#1536,.T.);
#1534 = VERTEX_POINT('',#1535);
#1535 = CARTESIAN_POINT('',(47.698551267187,-40.8959650259,
    3.552713678801E-14));
#1536 = ELLIPSE('',#1537,4.550521636916,2.5);
#1537 = AXIS2_PLACEMENT_3D('',#1538,#1539,#1540);
#1538 = CARTESIAN_POINT('',(43.776372262986,-41.67302212838,
    -2.13162820728E-14));
#1539 = DIRECTION('',(-1.235400180871E-16,-1.205418956775E-17,1.));
#1540 = DIRECTION('',(-0.846769852159,-0.531959413371,
    -1.110223024625E-16));
#1541 = ORIENTED_EDGE('',*,*,#1542,.T.);
#1542 = EDGE_CURVE('',#1534,#1543,#1545,.T.);
#1543 = VERTEX_POINT('',#1544);
#1544 = CARTESIAN_POINT('',(47.693574551872,-40.90995268005,
    -1.7763568394E-14));
#1545 = LINE('',#1546,#1547);
#1546 = CARTESIAN_POINT('',(-54.07928432624,-326.9547557972,
    -3.552713678801E-14));
#1547 = VECTOR('',#1548,1.);
#1548 = DIRECTION('',(-0.335208611673,-0.942143930968,
    -5.551115123126E-17));
#1549 = ORIENTED_EDGE('',*,*,#1550,.F.);
#1550 = EDGE_CURVE('',#1551,#1543,#1553,.T.);
#1551 = VERTEX_POINT('',#1552);
#1552 = CARTESIAN_POINT('',(47.658997051973,-41.,0.));
#1553 = ELLIPSE('',#1554,3.535533905933,2.5);
#1554 = AXIS2_PLACEMENT_3D('',#1555,#1556,#1557);
#1555 = CARTESIAN_POINT('',(44.264884502278,-40.3,-2.13162820728E-14));
#1556 = DIRECTION('',(-2.22044604925E-16,-5.915597094107E-30,1.));
#1557 = DIRECTION('',(1.,1.119066091599E-13,2.22044604925E-16));
#1558 = ORIENTED_EDGE('',*,*,#1559,.F.);
#1559 = EDGE_CURVE('',#1560,#1551,#1562,.T.);
#1560 = VERTEX_POINT('',#1561);
#1561 = CARTESIAN_POINT('',(45.68817803525,-42.11522834959,
    -1.06581410364E-14));
#1562 = CIRCLE('',#1563,1.835755975069);
#1563 = AXIS2_PLACEMENT_3D('',#1564,#1565,#1566);
#1564 = CARTESIAN_POINT('',(45.961940777126,-40.3,-2.48689957516E-14));
#1565 = DIRECTION('',(-2.22044604925E-16,0.,1.));
#1566 = DIRECTION('',(-1.,0.,-2.22044604925E-16));
#1567 = ORIENTED_EDGE('',*,*,#1568,.F.);
#1568 = EDGE_CURVE('',#1569,#1560,#1571,.T.);
#1569 = VERTEX_POINT('',#1570);
#1570 = CARTESIAN_POINT('',(40.784139331207,-40.3,0.));
#1571 = ELLIPSE('',#1572,15.697859728005,2.5);
#1572 = AXIS2_PLACEMENT_3D('',#1573,#1574,#1575);
#1573 = CARTESIAN_POINT('',(56.481999059212,-40.3,-2.13162820728E-14));
#1574 = DIRECTION('',(-2.22044604925E-16,7.618659121013E-32,1.));
#1575 = DIRECTION('',(-1.,7.872031136346E-16,-2.22044604925E-16));
#1576 = ORIENTED_EDGE('',*,*,#1577,.T.);
#1577 = EDGE_CURVE('',#1569,#1288,#1578,.T.);
#1578 = LINE('',#1579,#1580);
#1579 = CARTESIAN_POINT('',(40.784139331207,-250.,-1.06581410364E-14));
#1580 = VECTOR('',#1581,1.);
#1581 = DIRECTION('',(0.,1.,0.));
#1582 = ORIENTED_EDGE('',*,*,#1287,.F.);
#1583 = PLANE('',#1584);
#1584 = AXIS2_PLACEMENT_3D('',#1585,#1586,#1587);
#1585 = CARTESIAN_POINT('',(0.,-54.,0.));
#1586 = DIRECTION('',(-2.22044604925E-16,0.,1.));
#1587 = DIRECTION('',(1.,0.,2.22044604925E-16));
#1588 = ADVANCED_FACE('',(#1589,#1607),#1618,.F.);
#1589 = FACE_BOUND('',#1590,.F.);
#1590 = EDGE_LOOP('',(#1591,#1599,#1605,#1606));
#1591 = ORIENTED_EDGE('',*,*,#1592,.F.);
#1592 = EDGE_CURVE('',#1593,#1510,#1595,.T.);
#1593 = VERTEX_POINT('',#1594);
#1594 = CARTESIAN_POINT('',(19.798989873223,-54.,-3.552713678801E-15));
#1595 = LINE('',#1596,#1597);
#1596 = CARTESIAN_POINT('',(19.798989873223,-54.,-3.552713678801E-15));
#1597 = VECTOR('',#1598,1.);
#1598 = DIRECTION('',(0.,1.,0.));
#1599 = ORIENTED_EDGE('',*,*,#1600,.T.);
#1600 = EDGE_CURVE('',#1593,#263,#1601,.T.);
#1601 = LINE('',#1602,#1603);
#1602 = CARTESIAN_POINT('',(0.,-54.,0.));
#1603 = VECTOR('',#1604,1.);
#1604 = DIRECTION('',(1.,0.,2.22044604925E-16));
#1605 = ORIENTED_EDGE('',*,*,#270,.T.);
#1606 = ORIENTED_EDGE('',*,*,#1517,.F.);
#1607 = FACE_BOUND('',#1608,.F.);
#1608 = EDGE_LOOP('',(#1609));
#1609 = ORIENTED_EDGE('',*,*,#1610,.F.);
#1610 = EDGE_CURVE('',#1611,#1611,#1613,.T.);
#1611 = VERTEX_POINT('',#1612);
#1612 = CARTESIAN_POINT('',(34.473358543988,-49.,3.552713678801E-15));
#1613 = CIRCLE('',#1614,2.3);
#1614 = AXIS2_PLACEMENT_3D('',#1615,#1616,#1617);
#1615 = CARTESIAN_POINT('',(32.173358543988,-49.,7.105427357601E-15));
#1616 = DIRECTION('',(-2.22044604925E-16,0.,1.));
#1617 = DIRECTION('',(1.,0.,2.22044604925E-16));
#1618 = PLANE('',#1619);
#1619 = AXIS2_PLACEMENT_3D('',#1620,#1621,#1622);
#1620 = CARTESIAN_POINT('',(0.,-54.,0.));
#1621 = DIRECTION('',(-2.22044604925E-16,0.,1.));
#1622 = DIRECTION('',(1.,0.,2.22044604925E-16));
#1623 = ADVANCED_FACE('',(#1624),#1635,.F.);
#1624 = FACE_BOUND('',#1625,.F.);
#1625 = EDGE_LOOP('',(#1626,#1627,#1633,#1634));
#1626 = ORIENTED_EDGE('',*,*,#1600,.F.);
#1627 = ORIENTED_EDGE('',*,*,#1628,.F.);
#1628 = EDGE_CURVE('',#760,#1593,#1629,.T.);
#1629 = LINE('',#1630,#1631);
#1630 = CARTESIAN_POINT('',(0.,-54.,19.798989873223));
#1631 = VECTOR('',#1632,1.);
#1632 = DIRECTION('',(0.707106781187,0.,-0.707106781187));
#1633 = ORIENTED_EDGE('',*,*,#767,.T.);
#1634 = ORIENTED_EDGE('',*,*,#262,.F.);
#1635 = PLANE('',#1636);
#1636 = AXIS2_PLACEMENT_3D('',#1637,#1638,#1639);
#1637 = CARTESIAN_POINT('',(0.,-54.,0.));
#1638 = DIRECTION('',(0.,1.,0.));
#1639 = DIRECTION('',(-2.22044604925E-16,0.,1.));
#1640 = ADVANCED_FACE('',(#1641,#1722,#1728),#1734,.F.);
#1641 = FACE_BOUND('',#1642,.F.);
#1642 = EDGE_LOOP('',(#1643,#1653,#1661,#1669,#1686,#1699,#1716));
#1643 = ORIENTED_EDGE('',*,*,#1644,.F.);
#1644 = EDGE_CURVE('',#1645,#1647,#1649,.T.);
#1645 = VERTEX_POINT('',#1646);
#1646 = CARTESIAN_POINT('',(65.019895410026,-28.02737445043,
    16.919493581453));
#1647 = VERTEX_POINT('',#1648);
#1648 = CARTESIAN_POINT('',(48.381414524771,31.363687773717,4.));
#1649 = LINE('',#1650,#1651);
#1650 = CARTESIAN_POINT('',(65.019895410026,-28.02737445043,
    16.919493581453));
#1651 = VECTOR('',#1652,1.);
#1652 = DIRECTION('',(-0.264034671622,0.942471835004,-0.205018370897));
#1653 = ORIENTED_EDGE('',*,*,#1654,.T.);
#1654 = EDGE_CURVE('',#1645,#1655,#1657,.T.);
#1655 = VERTEX_POINT('',#1656);
#1656 = CARTESIAN_POINT('',(48.381414524771,-38.48003346814,4.));
#1657 = LINE('',#1658,#1659);
#1658 = CARTESIAN_POINT('',(65.019895410026,-28.02737445043,
    16.919493581453));
#1659 = VECTOR('',#1660,1.);
#1660 = DIRECTION('',(-0.70753349854,-0.444488078861,-0.549387564652));
#1661 = ORIENTED_EDGE('',*,*,#1662,.F.);
#1662 = EDGE_CURVE('',#1663,#1655,#1665,.T.);
#1663 = VERTEX_POINT('',#1664);
#1664 = CARTESIAN_POINT('',(48.381414524771,-15.93587076726,4.));
#1665 = LINE('',#1666,#1667);
#1666 = CARTESIAN_POINT('',(48.381414524771,-28.35134616395,4.));
#1667 = VECTOR('',#1668,1.);
#1668 = DIRECTION('',(0.,-1.,0.));
#1669 = ORIENTED_EDGE('',*,*,#1670,.T.);
#1670 = EDGE_CURVE('',#1663,#1671,#1673,.T.);
#1671 = VERTEX_POINT('',#1672);
#1672 = CARTESIAN_POINT('',(48.819168707435,-14.50170682273,
    4.339908576521));
#1673 = B_SPLINE_CURVE_WITH_KNOTS('',6,(#1674,#1675,#1676,#1677,#1678,
    #1679,#1680,#1681,#1682,#1683,#1684,#1685),.UNSPECIFIED.,.F.,.F.,(7,
    5,7),(0.,0.346881674671,1.),.UNSPECIFIED.);
#1674 = CARTESIAN_POINT('',(48.381414524771,-15.93587076726,4.));
#1675 = CARTESIAN_POINT('',(48.427903672473,-15.8658891574,
    4.036098021778));
#1676 = CARTESIAN_POINT('',(48.47219814677,-15.79371150243,4.07049191749
    ));
#1677 = CARTESIAN_POINT('',(48.514108260181,-15.7193606749,
    4.103034398077));
#1678 = CARTESIAN_POINT('',(48.553429064861,-15.64288906347,
    4.133566325071));
#1679 = CARTESIAN_POINT('',(48.589950860275,-15.56438681808,
    4.161924869621));
#1680 = CARTESIAN_POINT('',(48.686579892695,-15.33261694164,
    4.236955647536));
#1681 = CARTESIAN_POINT('',(48.739101061917,-15.17439411076,
    4.277737430039));
#1682 = CARTESIAN_POINT('',(48.77953297711,-15.01045832607,
    4.309132115193));
#1683 = CARTESIAN_POINT('',(48.806702820137,-14.84232812759,
    4.33022902993));
#1684 = CARTESIAN_POINT('',(48.819875080985,-14.67193700115,
    4.340457063406));
#1685 = CARTESIAN_POINT('',(48.819168707435,-14.50170682273,
    4.339908576521));
#1686 = ORIENTED_EDGE('',*,*,#1687,.T.);
#1687 = EDGE_CURVE('',#1671,#1688,#1690,.T.);
#1688 = VERTEX_POINT('',#1689);
#1689 = CARTESIAN_POINT('',(48.7508711172,1.501930464429,4.286876675066)
  );
#1690 = B_SPLINE_CURVE_WITH_KNOTS('',4,(#1691,#1692,#1693,#1694,#1695,
    #1696,#1697,#1698),.UNSPECIFIED.,.F.,.F.,(5,3,5),(0.,0.456006667734,
    1.),.UNSPECIFIED.);
#1691 = CARTESIAN_POINT('',(48.819168707435,-14.50170682273,
    4.339908576521));
#1692 = CARTESIAN_POINT('',(48.811597931201,-12.67721242066,
    4.334029999286));
#1693 = CARTESIAN_POINT('',(48.803945757709,-10.85273910481,
    4.328088218483));
#1694 = CARTESIAN_POINT('',(48.796223659011,-9.028283476946,
    4.322092141963));
#1695 = CARTESIAN_POINT('',(48.779154001997,-5.027376658568,
    4.30883784755));
#1696 = CARTESIAN_POINT('',(48.769780364295,-2.850931976353,
    4.301559379464));
#1697 = CARTESIAN_POINT('',(48.760332692406,-0.674505419198,
    4.294223425108));
#1698 = CARTESIAN_POINT('',(48.75082032004,1.501905449589,4.286837231947
    ));
#1699 = ORIENTED_EDGE('',*,*,#1700,.T.);
#1700 = EDGE_CURVE('',#1688,#1701,#1703,.T.);
#1701 = VERTEX_POINT('',#1702);
#1702 = CARTESIAN_POINT('',(48.381414524771,2.811172902699,4.));
#1703 = B_SPLINE_CURVE_WITH_KNOTS('',6,(#1704,#1705,#1706,#1707,#1708,
    #1709,#1710,#1711,#1712,#1713,#1714,#1715),.UNSPECIFIED.,.F.,.F.,(7,
    5,7),(0.,0.616970938717,1.),.UNSPECIFIED.);
#1704 = CARTESIAN_POINT('',(48.7508711172,1.501930464429,4.286876675066)
  );
#1705 = CARTESIAN_POINT('',(48.750238479545,1.6467521226,4.286385442833)
  );
#1706 = CARTESIAN_POINT('',(48.739457990707,1.791562758415,
    4.278014579092));
#1707 = CARTESIAN_POINT('',(48.718568273351,1.934900306447,
    4.261794073676));
#1708 = CARTESIAN_POINT('',(48.688051028191,2.075562670449,
    4.238097958888));
#1709 = CARTESIAN_POINT('',(48.648613863175,2.212571120413,
    4.207475680098));
#1710 = CARTESIAN_POINT('',(48.571631279515,2.427462936857,
    4.147700030967));
#1711 = CARTESIAN_POINT('',(48.53903045567,2.508089152409,4.122386053248
    ));
#1712 = CARTESIAN_POINT('',(48.50350906396,2.586871572907,4.094804304928
    ));
#1713 = CARTESIAN_POINT('',(48.465268780529,2.663694132969,
    4.065111384057));
#1714 = CARTESIAN_POINT('',(48.424508659624,2.738477705037,
    4.033461852826));
#1715 = CARTESIAN_POINT('',(48.381414524771,2.811172902699,4.));
#1716 = ORIENTED_EDGE('',*,*,#1717,.F.);
#1717 = EDGE_CURVE('',#1647,#1701,#1718,.T.);
#1718 = LINE('',#1719,#1720);
#1719 = CARTESIAN_POINT('',(48.381414524771,-28.35134616395,4.));
#1720 = VECTOR('',#1721,1.);
#1721 = DIRECTION('',(0.,-1.,0.));
#1722 = FACE_BOUND('',#1723,.F.);
#1723 = EDGE_LOOP('',(#1724,#1725,#1726,#1727));
#1724 = ORIENTED_EDGE('',*,*,#483,.T.);
#1725 = ORIENTED_EDGE('',*,*,#442,.T.);
#1726 = ORIENTED_EDGE('',*,*,#524,.F.);
#1727 = ORIENTED_EDGE('',*,*,#497,.F.);
#1728 = FACE_BOUND('',#1729,.F.);
#1729 = EDGE_LOOP('',(#1730,#1731,#1732,#1733));
#1730 = ORIENTED_EDGE('',*,*,#579,.T.);
#1731 = ORIENTED_EDGE('',*,*,#538,.T.);
#1732 = ORIENTED_EDGE('',*,*,#620,.F.);
#1733 = ORIENTED_EDGE('',*,*,#593,.F.);
#1734 = PLANE('',#1735);
#1735 = AXIS2_PLACEMENT_3D('',#1736,#1737,#1738);
#1736 = CARTESIAN_POINT('',(51.234903614046,-2.702692327906,
    6.215685087351));
#1737 = DIRECTION('',(0.613303089365,0.,-0.789847656561));
#1738 = DIRECTION('',(0.789847656561,0.,0.613303089365));
#1739 = ADVANCED_FACE('',(#1740),#1758,.T.);
#1740 = FACE_BOUND('',#1741,.T.);
#1741 = EDGE_LOOP('',(#1742,#1750,#1756,#1757));
#1742 = ORIENTED_EDGE('',*,*,#1743,.F.);
#1743 = EDGE_CURVE('',#1744,#726,#1746,.T.);
#1744 = VERTEX_POINT('',#1745);
#1745 = CARTESIAN_POINT('',(67.643879312472,31.712373680401,
    19.27945503807));
#1746 = LINE('',#1747,#1748);
#1747 = CARTESIAN_POINT('',(67.643879312472,31.712373680401,
    19.27945503807));
#1748 = VECTOR('',#1749,1.);
#1749 = DIRECTION('',(-0.707106781187,4.295302732281E-16,-0.707106781187
    ));
#1750 = ORIENTED_EDGE('',*,*,#1751,.F.);
#1751 = EDGE_CURVE('',#635,#1744,#1752,.T.);
#1752 = LINE('',#1753,#1754);
#1753 = CARTESIAN_POINT('',(67.210217219988,-27.61746490061,
    15.153435840203));
#1754 = VECTOR('',#1755,1.);
#1755 = DIRECTION('',(7.291537003444E-03,0.99756405026,
    6.937434048221E-02));
#1756 = ORIENTED_EDGE('',*,*,#634,.T.);
#1757 = ORIENTED_EDGE('',*,*,#734,.F.);
#1758 = PLANE('',#1759);
#1759 = AXIS2_PLACEMENT_3D('',#1760,#1761,#1762);
#1760 = CARTESIAN_POINT('',(67.214916231874,2.047454389895,
    17.004313404781));
#1761 = DIRECTION('',(0.7064230965,4.396381992861E-02,-0.7064230965));
#1762 = DIRECTION('',(-3.108711519838E-02,0.999033123844,
    3.108711519838E-02));
#1763 = ADVANCED_FACE('',(#1764),#1775,.T.);
#1764 = FACE_BOUND('',#1765,.T.);
#1765 = EDGE_LOOP('',(#1766,#1767,#1768));
#1766 = ORIENTED_EDGE('',*,*,#677,.T.);
#1767 = ORIENTED_EDGE('',*,*,#642,.F.);
#1768 = ORIENTED_EDGE('',*,*,#1769,.F.);
#1769 = EDGE_CURVE('',#662,#635,#1770,.T.);
#1770 = CIRCLE('',#1771,2.5);
#1771 = AXIS2_PLACEMENT_3D('',#1772,#1773,#1774);
#1772 = CARTESIAN_POINT('',(65.444159478738,-27.72737445043,
    16.919493581453));
#1773 = DIRECTION('',(7.29153700344E-03,0.99756405026,6.937434048221E-02
    ));
#1774 = DIRECTION('',(0.104273837185,-6.975647374412E-02,0.992099290016)
  );
#1775 = SPHERICAL_SURFACE('',#1776,2.5);
#1776 = AXIS2_PLACEMENT_3D('',#1777,#1778,#1779);
#1777 = CARTESIAN_POINT('',(65.444159478738,-27.72737445043,
    16.919493581453));
#1778 = DIRECTION('',(-3.653928548428E-03,-0.999388841712,
    -3.476480789943E-02));
#1779 = DIRECTION('',(-0.897919859221,-1.202274575237E-02,0.43999474997)
  );
#1780 = ADVANCED_FACE('',(#1781,#2279,#2313),#2347,.T.);
#1781 = FACE_BOUND('',#1782,.T.);
#1782 = EDGE_LOOP('',(#1783,#1793,#1801,#1809,#1817,#1826,#1863,#1871,
    #1879,#1916,#1944,#1972,#2009,#2018,#2026,#2034,#2042,#2048,#2049,
    #2057,#2065,#2102,#2130,#2158,#2195,#2203,#2211,#2219,#2227,#2264,
    #2273));
#1783 = ORIENTED_EDGE('',*,*,#1784,.T.);
#1784 = EDGE_CURVE('',#1785,#1787,#1789,.T.);
#1785 = VERTEX_POINT('',#1786);
#1786 = CARTESIAN_POINT('',(70.620292769654,18.253283661179,
    42.250181591097));
#1787 = VERTEX_POINT('',#1788);
#1788 = CARTESIAN_POINT('',(70.618422896769,17.997464076333,
    42.232390938982));
#1789 = LINE('',#1790,#1791);
#1790 = CARTESIAN_POINT('',(70.368035993111,-16.25827290021,
    39.850118683018));
#1791 = VECTOR('',#1792,1.);
#1792 = DIRECTION('',(-7.291537003444E-03,-0.99756405026,
    -6.937434048221E-02));
#1793 = ORIENTED_EDGE('',*,*,#1794,.T.);
#1794 = EDGE_CURVE('',#1787,#1795,#1797,.T.);
#1795 = VERTEX_POINT('',#1796);
#1796 = CARTESIAN_POINT('',(70.366365344981,-16.48683630378,
    39.834223527839));
#1797 = LINE('',#1798,#1799);
#1798 = CARTESIAN_POINT('',(70.368035993111,-16.25827290021,
    39.850118683018));
#1799 = VECTOR('',#1800,1.);
#1800 = DIRECTION('',(-7.291537003444E-03,-0.99756405026,
    -6.937434048221E-02));
#1801 = ORIENTED_EDGE('',*,*,#1802,.T.);
#1802 = EDGE_CURVE('',#1795,#1803,#1805,.T.);
#1803 = VERTEX_POINT('',#1804);
#1804 = CARTESIAN_POINT('',(70.364495472096,-16.74265588862,
    39.816432875723));
#1805 = LINE('',#1806,#1807);
#1806 = CARTESIAN_POINT('',(70.368035993111,-16.25827290021,
    39.850118683018));
#1807 = VECTOR('',#1808,1.);
#1808 = DIRECTION('',(-7.291537003444E-03,-0.99756405026,
    -6.937434048221E-02));
#1809 = ORIENTED_EDGE('',*,*,#1810,.F.);
#1810 = EDGE_CURVE('',#1811,#1803,#1813,.T.);
#1811 = VERTEX_POINT('',#1812);
#1812 = CARTESIAN_POINT('',(69.895263204765,-16.42875175678,
    35.351986070653));
#1813 = LINE('',#1814,#1815);
#1814 = CARTESIAN_POINT('',(69.686715530395,-16.28923880929,
    33.367787490621));
#1815 = VECTOR('',#1816,1.);
#1816 = DIRECTION('',(0.104273837185,-6.975647374413E-02,0.992099290016)
  );
#1817 = ORIENTED_EDGE('',*,*,#1818,.T.);
#1818 = EDGE_CURVE('',#1811,#1819,#1821,.T.);
#1819 = VERTEX_POINT('',#1820);
#1820 = CARTESIAN_POINT('',(69.723209714153,-14.16354252621,
    33.715006455346));
#1821 = HYPERBOLA('',#1822,2.878060094248,2.878060094248);
#1822 = AXIS2_PLACEMENT_3D('',#1823,#1824,#1825);
#1823 = CARTESIAN_POINT('',(70.339271843803,-20.19353116918,
    39.576446083284));
#1824 = DIRECTION('',(0.994521895368,1.734723475977E-18,-0.104528463268)
  );
#1825 = DIRECTION('',(-0.104273837185,6.975647374413E-02,-0.992099290016
    ));
#1826 = ORIENTED_EDGE('',*,*,#1827,.F.);
#1827 = EDGE_CURVE('',#1828,#1819,#1830,.T.);
#1828 = VERTEX_POINT('',#1829);
#1829 = CARTESIAN_POINT('',(69.654839956847,-13.48238153236,
    33.064511653661));
#1830 = B_SPLINE_CURVE_WITH_KNOTS('',6,(#1831,#1832,#1833,#1834,#1835,
    #1836,#1837,#1838,#1839,#1840,#1841,#1842,#1843,#1844,#1845,#1846,
    #1847,#1848,#1849,#1850,#1851,#1852,#1853,#1854,#1855,#1856,#1857,
    #1858,#1859,#1860,#1861,#1862),.UNSPECIFIED.,.F.,.F.,(7,5,5,5,5,5,7)
  ,(0.,0.110917548204,0.379501983935,0.595469095912,0.684358147427,
    0.811266063814,1.),.UNSPECIFIED.);
#1831 = CARTESIAN_POINT('',(68.454358055709,-11.42896151711,
    21.642689338574));
#1832 = CARTESIAN_POINT('',(68.47817197686,-11.33771088972,
    21.869263663488));
#1833 = CARTESIAN_POINT('',(68.502253092473,-11.25291658879,
    22.098380173894));
#1834 = CARTESIAN_POINT('',(68.526574141877,-11.17458328586,
    22.329779501832));
#1835 = CARTESIAN_POINT('',(68.551108827552,-11.10270928469,
    22.563211443112));
#1836 = CARTESIAN_POINT('',(68.57583186085,-11.03728796629,
    22.798435392326));
#1837 = CARTESIAN_POINT('',(68.660982693735,-10.83549351339,
    23.608591449971));
#1838 = CARTESIAN_POINT('',(68.72220355325,-10.73046640766,
    24.191069019594));
#1839 = CARTESIAN_POINT('',(68.784045690146,-10.66305312265,
    24.77945764865));
#1840 = CARTESIAN_POINT('',(68.846187881957,-10.63305119143,
    25.370701109529));
#1841 = CARTESIAN_POINT('',(68.908322961833,-10.64019741885,
    25.961876904856));
#1842 = CARTESIAN_POINT('',(69.019879644907,-10.71970604014,
    27.023267844928));
#1843 = CARTESIAN_POINT('',(69.069403197378,-10.7790145672,
    27.494452972212));
#1844 = CARTESIAN_POINT('',(69.11857492391,-10.86207225314,
    27.962290699274));
#1845 = CARTESIAN_POINT('',(69.16723602035,-10.96875313819,
    28.42527010555));
#1846 = CARTESIAN_POINT('',(69.215222971743,-11.09891492289,
    28.881835450145));
#1847 = CARTESIAN_POINT('',(69.281771747072,-11.31555343117,
    29.515004752608));
#1848 = CARTESIAN_POINT('',(69.301032896438,-11.38266816852,
    29.698262347487));
#1849 = CARTESIAN_POINT('',(69.320139191488,-11.45371851542,
    29.88004660196));
#1850 = CARTESIAN_POINT('',(69.339078418963,-11.52869026954,
    30.060241314636));
#1851 = CARTESIAN_POINT('',(69.357838062469,-11.60756734352,
    30.23872739999));
#1852 = CARTESIAN_POINT('',(69.402913963589,-11.80849547685,
    30.667595951342));
#1853 = CARTESIAN_POINT('',(69.429030321771,-11.93458230562,
    30.916076501305));
#1854 = CARTESIAN_POINT('',(69.454717184236,-12.06853960865,
    31.160470672481));
#1855 = CARTESIAN_POINT('',(69.479935585109,-12.21030298473,
    31.400407729342));
#1856 = CARTESIAN_POINT('',(69.504644994239,-12.35979284016,
    31.635502053257));
#1857 = CARTESIAN_POINT('',(69.564731424927,-12.75057266049,
    32.207186253569));
#1858 = CARTESIAN_POINT('',(69.59944054564,-13.00110318007,
    32.537421477919));
#1859 = CARTESIAN_POINT('',(69.632793302449,-13.2681788353,
    32.854751761756));
#1860 = CARTESIAN_POINT('',(69.664642026369,-13.55136521774,
    33.157772128534));
#1861 = CARTESIAN_POINT('',(69.6948328703,-13.85007779539,
    33.445018820873));
#1862 = CARTESIAN_POINT('',(69.723209714203,-14.1635425193,
    33.715006455826));
#1863 = ORIENTED_EDGE('',*,*,#1864,.F.);
#1864 = EDGE_CURVE('',#1865,#1828,#1867,.T.);
#1865 = VERTEX_POINT('',#1866);
#1866 = CARTESIAN_POINT('',(69.672055354846,-11.12712175252,
    33.228305237484));
#1867 = LINE('',#1868,#1869);
#1868 = CARTESIAN_POINT('',(69.678222586337,-10.28337530758,
    33.286982525561));
#1869 = VECTOR('',#1870,1.);
#1870 = DIRECTION('',(-7.291537003444E-03,-0.99756405026,
    -6.937434048221E-02));
#1871 = ORIENTED_EDGE('',*,*,#1872,.F.);
#1872 = EDGE_CURVE('',#1873,#1865,#1875,.T.);
#1873 = VERTEX_POINT('',#1874);
#1874 = CARTESIAN_POINT('',(69.221408610205,-11.12712172848,
    28.940687925252));
#1875 = LINE('',#1876,#1877);
#1876 = CARTESIAN_POINT('',(69.696139507781,-11.12712175252,
    33.457450646079));
#1877 = VECTOR('',#1878,1.);
#1878 = DIRECTION('',(0.104528463268,0.,0.994521895368));
#1879 = ORIENTED_EDGE('',*,*,#1880,.F.);
#1880 = EDGE_CURVE('',#1881,#1873,#1883,.T.);
#1881 = VERTEX_POINT('',#1882);
#1882 = CARTESIAN_POINT('',(68.454358055808,-11.42896150359,
    21.642689339514));
#1883 = B_SPLINE_CURVE_WITH_KNOTS('',6,(#1884,#1885,#1886,#1887,#1888,
    #1889,#1890,#1891,#1892,#1893,#1894,#1895,#1896,#1897,#1898,#1899,
    #1900,#1901,#1902,#1903,#1904,#1905,#1906,#1907,#1908,#1909,#1910,
    #1911,#1912,#1913,#1914,#1915),.UNSPECIFIED.,.F.,.F.,(7,5,5,5,5,5,7)
  ,(0.,0.110917548204,0.379501983935,0.595469095912,0.684358147427,
    0.811266063814,1.),.UNSPECIFIED.);
#1884 = CARTESIAN_POINT('',(68.454358055709,-11.42896151711,
    21.642689338574));
#1885 = CARTESIAN_POINT('',(68.47817197686,-11.33771088972,
    21.869263663488));
#1886 = CARTESIAN_POINT('',(68.502253092473,-11.25291658879,
    22.098380173894));
#1887 = CARTESIAN_POINT('',(68.526574141877,-11.17458328586,
    22.329779501832));
#1888 = CARTESIAN_POINT('',(68.551108827552,-11.10270928469,
    22.563211443112));
#1889 = CARTESIAN_POINT('',(68.57583186085,-11.03728796629,
    22.798435392326));
#1890 = CARTESIAN_POINT('',(68.660982693735,-10.83549351339,
    23.608591449971));
#1891 = CARTESIAN_POINT('',(68.72220355325,-10.73046640766,
    24.191069019594));
#1892 = CARTESIAN_POINT('',(68.784045690146,-10.66305312265,
    24.77945764865));
#1893 = CARTESIAN_POINT('',(68.846187881957,-10.63305119143,
    25.370701109529));
#1894 = CARTESIAN_POINT('',(68.908322961833,-10.64019741885,
    25.961876904856));
#1895 = CARTESIAN_POINT('',(69.019879644907,-10.71970604014,
    27.023267844928));
#1896 = CARTESIAN_POINT('',(69.069403197378,-10.7790145672,
    27.494452972212));
#1897 = CARTESIAN_POINT('',(69.11857492391,-10.86207225314,
    27.962290699274));
#1898 = CARTESIAN_POINT('',(69.16723602035,-10.96875313819,
    28.42527010555));
#1899 = CARTESIAN_POINT('',(69.215222971743,-11.09891492289,
    28.881835450145));
#1900 = CARTESIAN_POINT('',(69.281771747072,-11.31555343117,
    29.515004752608));
#1901 = CARTESIAN_POINT('',(69.301032896438,-11.38266816852,
    29.698262347487));
#1902 = CARTESIAN_POINT('',(69.320139191488,-11.45371851542,
    29.88004660196));
#1903 = CARTESIAN_POINT('',(69.339078418963,-11.52869026954,
    30.060241314636));
#1904 = CARTESIAN_POINT('',(69.357838062469,-11.60756734352,
    30.23872739999));
#1905 = CARTESIAN_POINT('',(69.402913963589,-11.80849547685,
    30.667595951342));
#1906 = CARTESIAN_POINT('',(69.429030321771,-11.93458230562,
    30.916076501305));
#1907 = CARTESIAN_POINT('',(69.454717184236,-12.06853960865,
    31.160470672481));
#1908 = CARTESIAN_POINT('',(69.479935585109,-12.21030298473,
    31.400407729342));
#1909 = CARTESIAN_POINT('',(69.504644994239,-12.35979284016,
    31.635502053257));
#1910 = CARTESIAN_POINT('',(69.564731424927,-12.75057266049,
    32.207186253569));
#1911 = CARTESIAN_POINT('',(69.59944054564,-13.00110318007,
    32.537421477919));
#1912 = CARTESIAN_POINT('',(69.632793302449,-13.2681788353,
    32.854751761756));
#1913 = CARTESIAN_POINT('',(69.664642026369,-13.55136521774,
    33.157772128534));
#1914 = CARTESIAN_POINT('',(69.6948328703,-13.85007779539,
    33.445018820873));
#1915 = CARTESIAN_POINT('',(69.723209714203,-14.1635425193,
    33.715006455826));
#1916 = ORIENTED_EDGE('',*,*,#1917,.T.);
#1917 = EDGE_CURVE('',#1881,#1918,#1920,.T.);
#1918 = VERTEX_POINT('',#1919);
#1919 = CARTESIAN_POINT('',(68.262359965584,-18.80413136561,
    19.815949534608));
#1920 = B_SPLINE_CURVE_WITH_KNOTS('',8,(#1921,#1922,#1923,#1924,#1925,
    #1926,#1927,#1928,#1929,#1930,#1931,#1932,#1933,#1934,#1935,#1936,
    #1937,#1938,#1939,#1940,#1941,#1942,#1943),.UNSPECIFIED.,.F.,.F.,(9,
    7,7,9),(0.,0.237087510293,0.611700924759,1.),.UNSPECIFIED.);
#1921 = CARTESIAN_POINT('',(68.454358055709,-11.42896151711,
    21.642689338574));
#1922 = CARTESIAN_POINT('',(68.439809990132,-11.60606911732,
    21.504273740563));
#1923 = CARTESIAN_POINT('',(68.426772726142,-11.79422410595,
    21.380232459483));
#1924 = CARTESIAN_POINT('',(68.415080271098,-11.9908314942,
    21.268986180829));
#1925 = CARTESIAN_POINT('',(68.404543311518,-12.19360990904,
    21.168733707147));
#1926 = CARTESIAN_POINT('',(68.394984254955,-12.40077255175,
    21.077785359161));
#1927 = CARTESIAN_POINT('',(68.386247048812,-12.61108097935,
    20.994656395611));
#1928 = CARTESIAN_POINT('',(68.378195063578,-12.82384018721,
    20.918046873507));
#1929 = CARTESIAN_POINT('',(68.358883967345,-13.37871720086,
    20.734314065944));
#1930 = CARTESIAN_POINT('',(68.348505487438,-13.72336922702,
    20.635569425626));
#1931 = CARTESIAN_POINT('',(68.339131558563,-14.07119945531,
    20.546382449938));
#1932 = CARTESIAN_POINT('',(68.33050960023,-14.42117151501,
    20.464349996049));
#1933 = CARTESIAN_POINT('',(68.322479144222,-14.77262391712,
    20.387945310858));
#1934 = CARTESIAN_POINT('',(68.314959387114,-15.12524416674,
    20.316399601119));
#1935 = CARTESIAN_POINT('',(68.307914319937,-15.47898234068,
    20.2493702644));
#1936 = CARTESIAN_POINT('',(68.294523801622,-16.2020359602,
    20.121967992913));
#1937 = CARTESIAN_POINT('',(68.288218216349,-16.57118137312,
    20.061974356532));
#1938 = CARTESIAN_POINT('',(68.28242150112,-16.94133890561,
    20.006822295209));
#1939 = CARTESIAN_POINT('',(68.277168955133,-17.31242605722,
    19.956847658374));
#1940 = CARTESIAN_POINT('',(68.272507127125,-17.68436537314,
    19.912493327682));
#1941 = CARTESIAN_POINT('',(68.26847474201,-18.05705865665,
    19.874127746082));
#1942 = CARTESIAN_POINT('',(68.265091903663,-18.43037159269,
    19.841942189153));
#1943 = CARTESIAN_POINT('',(68.262359965584,-18.80413136561,
    19.815949534608));
#1944 = ORIENTED_EDGE('',*,*,#1945,.T.);
#1945 = EDGE_CURVE('',#1918,#1946,#1948,.T.);
#1946 = VERTEX_POINT('',#1947);
#1947 = CARTESIAN_POINT('',(68.345198888526,-26.36316001149,
    20.604109238471));
#1948 = B_SPLINE_CURVE_WITH_KNOTS('',8,(#1949,#1950,#1951,#1952,#1953,
    #1954,#1955,#1956,#1957,#1958,#1959,#1960,#1961,#1962,#1963,#1964,
    #1965,#1966,#1967,#1968,#1969,#1970,#1971),.UNSPECIFIED.,.F.,.F.,(9,
    7,7,9),(0.,0.388794885774,0.790897740247,1.),.UNSPECIFIED.);
#1949 = CARTESIAN_POINT('',(68.262359965584,-18.80413136561,
    19.815949534608));
#1950 = CARTESIAN_POINT('',(68.259624370857,-19.1783914091,
    19.789922089374));
#1951 = CARTESIAN_POINT('',(68.257541585135,-19.55307688992,
    19.770105706931));
#1952 = CARTESIAN_POINT('',(68.256112788411,-19.92801411133,
    19.756511614172));
#1953 = CARTESIAN_POINT('',(68.2553199293,-20.30304258956,
    19.748968063632));
#1954 = CARTESIAN_POINT('',(68.255125888763,-20.67801285937,
    19.747121891242));
#1955 = CARTESIAN_POINT('',(68.255485483516,-21.05278568351,
    19.750543206779));
#1956 = CARTESIAN_POINT('',(68.256364881973,-21.42723202124,
    19.758910124198));
#1957 = CARTESIAN_POINT('',(68.259217122101,-22.18803579636,
    19.786047376287));
#1958 = CARTESIAN_POINT('',(68.26122482665,-22.57393217266,
    19.805149409081));
#1959 = CARTESIAN_POINT('',(68.263792421994,-22.95927975948,
    19.829578446957));
#1960 = CARTESIAN_POINT('',(68.26696974899,-23.34412747427,
    19.859808693987));
#1961 = CARTESIAN_POINT('',(68.270869877217,-23.72820953768,
    19.896915935357));
#1962 = CARTESIAN_POINT('',(68.27572728568,-24.11087411891,
    19.943131089776));
#1963 = CARTESIAN_POINT('',(68.281905694609,-24.491085458,
    20.001914724072));
#1964 = CARTESIAN_POINT('',(68.294314641056,-25.06280455614,
    20.119977963059));
#1965 = CARTESIAN_POINT('',(68.299090945901,-25.25702239547,
    20.165421468105));
#1966 = CARTESIAN_POINT('',(68.304491492862,-25.4497502275,
    20.216804240143));
#1967 = CARTESIAN_POINT('',(68.310626148001,-25.64052515213,
    20.275171584931));
#1968 = CARTESIAN_POINT('',(68.317621087438,-25.82854127135,
    20.341723988072));
#1969 = CARTESIAN_POINT('',(68.325618194656,-26.01265478895,
    20.417811380723));
#1970 = CARTESIAN_POINT('',(68.334766614622,-26.19141655866,
    20.504852782458));
#1971 = CARTESIAN_POINT('',(68.345198888625,-26.36315999796,
    20.604109239412));
#1972 = ORIENTED_EDGE('',*,*,#1973,.T.);
#1973 = EDGE_CURVE('',#1946,#1974,#1976,.T.);
#1974 = VERTEX_POINT('',#1975);
#1975 = CARTESIAN_POINT('',(69.641483624926,-25.34458824297,
    32.937434657024));
#1976 = B_SPLINE_CURVE_WITH_KNOTS('',6,(#1977,#1978,#1979,#1980,#1981,
    #1982,#1983,#1984,#1985,#1986,#1987,#1988,#1989,#1990,#1991,#1992,
    #1993,#1994,#1995,#1996,#1997,#1998,#1999,#2000,#2001,#2002,#2003,
    #2004,#2005,#2006,#2007,#2008),.UNSPECIFIED.,.F.,.F.,(7,5,5,5,5,5,7)
  ,(0.,0.110917548203,0.379501983935,0.595469095912,0.684358147427,
    0.811266063814,1.),.UNSPECIFIED.);
#1977 = CARTESIAN_POINT('',(68.345198888625,-26.36315999796,
    20.604109239412));
#1978 = CARTESIAN_POINT('',(68.367453581234,-26.48522932478,
    20.815848495709));
#1979 = CARTESIAN_POINT('',(68.390066791721,-26.60126091035,
    21.030998821764));
#1980 = CARTESIAN_POINT('',(68.413011592674,-26.71121383272,
    21.249304020359));
#1981 = CARTESIAN_POINT('',(68.436261917822,-26.81505475812,
    21.470516087497));
#1982 = CARTESIAN_POINT('',(68.459792628335,-26.91275657088,
    21.694395843183));
#1983 = CARTESIAN_POINT('',(68.541179164199,-27.225960174,
    22.468737007061));
#1984 = CARTESIAN_POINT('',(68.600276339406,-27.41147690259,
    23.031009070199));
#1985 = CARTESIAN_POINT('',(68.660535934718,-27.5605730575,
    23.604340821857));
#1986 = CARTESIAN_POINT('',(68.721636908384,-27.67302144768,
    24.185677753828));
#1987 = CARTESIAN_POINT('',(68.783271254037,-27.74867373343,
    24.772089381268));
#1988 = CARTESIAN_POINT('',(68.894898930813,-27.81846961995,
    25.834155781295));
#1989 = CARTESIAN_POINT('',(68.944803317262,-27.82567578726,
    26.308964301828));
#1990 = CARTESIAN_POINT('',(68.9947047938,-27.80889548666,
    26.783745136422));
#1991 = CARTESIAN_POINT('',(69.044444269344,-27.76804201433,
    27.256984634508));
#1992 = CARTESIAN_POINT('',(69.093857750144,-27.70303857495,
    27.727122499787));
#1993 = CARTESIAN_POINT('',(69.162910436978,-27.57711390334,
    28.384114928867));
#1994 = CARTESIAN_POINT('',(69.182960493185,-27.53629733582,
    28.574878470949));
#1995 = CARTESIAN_POINT('',(69.202914455585,-27.49137728101,
    28.76472774153));
#1996 = CARTESIAN_POINT('',(69.222760023169,-27.44235154184,
    28.953545704329));
#1997 = CARTESIAN_POINT('',(69.242484567322,-27.38921938431,
    29.14121220609));
#1998 = CARTESIAN_POINT('',(69.290044805011,-27.25026240845,
    29.593717640991));
#1999 = CARTESIAN_POINT('',(69.317741255083,-27.16017494297,
    29.857231761068));
#2000 = CARTESIAN_POINT('',(69.345126885382,-27.0617217515,
    30.117788628536));
#2001 = CARTESIAN_POINT('',(69.372162172366,-26.95491472788,
    30.375012202026));
#2002 = CARTESIAN_POINT('',(69.398805822427,-26.83977872785,
    30.628509599099));
#2003 = CARTESIAN_POINT('',(69.463992385222,-26.53280326839,
    31.248718315047));
#2004 = CARTESIAN_POINT('',(69.502008324511,-26.33092391458,
    31.610415816516));
#2005 = CARTESIAN_POINT('',(69.538921791131,-26.11085452768,
    31.961623991209));
#2006 = CARTESIAN_POINT('',(69.574580233623,-25.87282867647,
    32.300891408942));
#2007 = CARTESIAN_POINT('',(69.608822798606,-25.61722036657,
    32.626687652039));
#2008 = CARTESIAN_POINT('',(69.641483624875,-25.34458824988,
    32.937434656544));
#2009 = ORIENTED_EDGE('',*,*,#2010,.T.);
#2010 = EDGE_CURVE('',#1974,#2011,#2013,.T.);
#2011 = VERTEX_POINT('',#2012);
#2012 = CARTESIAN_POINT('',(69.844815948178,-23.33050231788,
    34.872012485774));
#2013 = HYPERBOLA('',#2014,2.878060094248,2.878060094248);
#2014 = AXIS2_PLACEMENT_3D('',#2015,#2016,#2017);
#2015 = CARTESIAN_POINT('',(70.339271843803,-20.19353116918,
    39.576446083284));
#2016 = DIRECTION('',(0.994521895368,1.734723475977E-18,-0.104528463268)
  );
#2017 = DIRECTION('',(-0.104273837185,6.975647374413E-02,-0.992099290016
    ));
#2018 = ORIENTED_EDGE('',*,*,#2019,.T.);
#2019 = EDGE_CURVE('',#2011,#2020,#2022,.T.);
#2020 = VERTEX_POINT('',#2021);
#2021 = CARTESIAN_POINT('',(70.31404821551,-23.64440644973,
    39.336459290844));
#2022 = LINE('',#2023,#2024);
#2023 = CARTESIAN_POINT('',(69.636268273809,-23.19098937039,
    32.887813905743));
#2024 = VECTOR('',#2025,1.);
#2025 = DIRECTION('',(0.104273837185,-6.975647374413E-02,0.992099290016)
  );
#2026 = ORIENTED_EDGE('',*,*,#2027,.T.);
#2027 = EDGE_CURVE('',#2020,#2028,#2030,.T.);
#2028 = VERTEX_POINT('',#2029);
#2029 = CARTESIAN_POINT('',(70.312178342624,-23.90022603458,
    39.318668638729));
#2030 = LINE('',#2031,#2032);
#2031 = CARTESIAN_POINT('',(70.368035993111,-16.25827290021,
    39.850118683018));
#2032 = VECTOR('',#2033,1.);
#2033 = DIRECTION('',(-7.291537003444E-03,-0.99756405026,
    -6.937434048221E-02));
#2034 = ORIENTED_EDGE('',*,*,#2035,.T.);
#2035 = EDGE_CURVE('',#2028,#2036,#2038,.T.);
#2036 = VERTEX_POINT('',#2037);
#2037 = CARTESIAN_POINT('',(70.26838692126,-29.89138367966,
    38.902021095902));
#2038 = LINE('',#2039,#2040);
#2039 = CARTESIAN_POINT('',(70.368035993111,-16.25827290021,
    39.850118683018));
#2040 = VECTOR('',#2041,1.);
#2041 = DIRECTION('',(-7.291537003444E-03,-0.99756405026,
    -6.937434048221E-02));
#2042 = ORIENTED_EDGE('',*,*,#2043,.F.);
#2043 = EDGE_CURVE('',#660,#2036,#2044,.T.);
#2044 = LINE('',#2045,#2046);
#2045 = CARTESIAN_POINT('',(67.930464217159,-28.32737445043,
    16.658172423284));
#2046 = VECTOR('',#2047,1.);
#2047 = DIRECTION('',(0.104273837185,-6.975647374413E-02,0.992099290016)
  );
#2048 = ORIENTED_EDGE('',*,*,#659,.T.);
#2049 = ORIENTED_EDGE('',*,*,#2050,.T.);
#2050 = EDGE_CURVE('',#662,#2051,#2053,.T.);
#2051 = VERTEX_POINT('',#2052);
#2052 = CARTESIAN_POINT('',(68.364126309642,31.602464130579,
    20.784191621151));
#2053 = LINE('',#2054,#2055);
#2054 = CARTESIAN_POINT('',(67.930464217159,-27.72737445043,
    16.658172423284));
#2055 = VECTOR('',#2056,1.);
#2056 = DIRECTION('',(7.291537003444E-03,0.99756405026,
    6.937434048221E-02));
#2057 = ORIENTED_EDGE('',*,*,#2058,.F.);
#2058 = EDGE_CURVE('',#2059,#2051,#2061,.T.);
#2059 = VERTEX_POINT('',#2060);
#2060 = CARTESIAN_POINT('',(69.036906032438,31.152392067099,
    27.185263101241));
#2061 = LINE('',#2062,#2063);
#2062 = CARTESIAN_POINT('',(70.813118020755,29.964152636459,
    44.084791306047));
#2063 = VECTOR('',#2064,1.);
#2064 = DIRECTION('',(-0.104273837185,6.975647374413E-02,-0.992099290016
    ));
#2065 = ORIENTED_EDGE('',*,*,#2066,.F.);
#2066 = EDGE_CURVE('',#2067,#2059,#2069,.T.);
#2067 = VERTEX_POINT('',#2068);
#2068 = CARTESIAN_POINT('',(68.760602609953,30.468728607321,
    24.556411639767));
#2069 = B_SPLINE_CURVE_WITH_KNOTS('',6,(#2070,#2071,#2072,#2073,#2074,
    #2075,#2076,#2077,#2078,#2079,#2080,#2081,#2082,#2083,#2084,#2085,
    #2086,#2087,#2088,#2089,#2090,#2091,#2092,#2093,#2094,#2095,#2096,
    #2097,#2098,#2099,#2100,#2101),.UNSPECIFIED.,.F.,.F.,(7,5,5,5,5,5,7)
  ,(0.,0.110917548203,0.379501983935,0.595469095912,0.684358147427,
    0.811266063814,1.),.UNSPECIFIED.);
#2070 = CARTESIAN_POINT('',(68.760602609854,30.468728593798,
    24.556411638827));
#2071 = CARTESIAN_POINT('',(68.784416531005,30.559979221191,
    24.782985963741));
#2072 = CARTESIAN_POINT('',(68.808497646618,30.644773522122,
    25.012102474147));
#2073 = CARTESIAN_POINT('',(68.832818696022,30.72310682505,
    25.243501802085));
#2074 = CARTESIAN_POINT('',(68.857353381697,30.794980826215,
    25.476933743365));
#2075 = CARTESIAN_POINT('',(68.882076414995,30.86040214462,
    25.712157692579));
#2076 = CARTESIAN_POINT('',(68.96722724788,31.062196597522,
    26.522313750224));
#2077 = CARTESIAN_POINT('',(69.028448107394,31.167223703245,
    27.104791319847));
#2078 = CARTESIAN_POINT('',(69.09029024429,31.234636988254,
    27.693179948904));
#2079 = CARTESIAN_POINT('',(69.152432436102,31.264638919481,
    28.284423409781));
#2080 = CARTESIAN_POINT('',(69.214567515977,31.257492692055,
    28.875599205109));
#2081 = CARTESIAN_POINT('',(69.326124199051,31.17798407077,
    29.936990145181));
#2082 = CARTESIAN_POINT('',(69.375647751523,31.118675543708,
    30.408175272464));
#2083 = CARTESIAN_POINT('',(69.424819478054,31.035617857765,
    30.876012999527));
#2084 = CARTESIAN_POINT('',(69.473480574495,30.928936972716,
    31.338992405803));
#2085 = CARTESIAN_POINT('',(69.521467525887,30.798775188019,
    31.795557750398));
#2086 = CARTESIAN_POINT('',(69.588016301216,30.582136679739,
    32.428727052861));
#2087 = CARTESIAN_POINT('',(69.607277450583,30.515021942384,
    32.61198464774));
#2088 = CARTESIAN_POINT('',(69.626383745632,30.443971595488,
    32.793768902213));
#2089 = CARTESIAN_POINT('',(69.645322973107,30.368999841367,
    32.973963614889));
#2090 = CARTESIAN_POINT('',(69.664082616614,30.290122767387,
    33.152449700243));
#2091 = CARTESIAN_POINT('',(69.709158517733,30.089194634059,
    33.581318251595));
#2092 = CARTESIAN_POINT('',(69.735274875915,29.963107805288,
    33.829798801558));
#2093 = CARTESIAN_POINT('',(69.76096173838,29.829150502263,
    34.074192972734));
#2094 = CARTESIAN_POINT('',(69.786180139254,29.687387126179,
    34.314130029595));
#2095 = CARTESIAN_POINT('',(69.810889548384,29.537897270752,
    34.54922435351));
#2096 = CARTESIAN_POINT('',(69.870975979071,29.147117450414,
    35.120908553822));
#2097 = CARTESIAN_POINT('',(69.905685099784,28.896586930836,
    35.451143778172));
#2098 = CARTESIAN_POINT('',(69.939037856594,28.62951127561,
    35.768474062009));
#2099 = CARTESIAN_POINT('',(69.970886580514,28.346324893168,
    36.071494428787));
#2100 = CARTESIAN_POINT('',(70.001077424445,28.047612315522,
    36.358741121126));
#2101 = CARTESIAN_POINT('',(70.029454268348,27.734147591606,
    36.628728756079));
#2102 = ORIENTED_EDGE('',*,*,#2103,.T.);
#2103 = EDGE_CURVE('',#2067,#2104,#2106,.T.);
#2104 = VERTEX_POINT('',#2105);
#2105 = CARTESIAN_POINT('',(68.568604519729,23.0935587453,
    22.729671834861));
#2106 = B_SPLINE_CURVE_WITH_KNOTS('',8,(#2107,#2108,#2109,#2110,#2111,
    #2112,#2113,#2114,#2115,#2116,#2117,#2118,#2119,#2120,#2121,#2122,
    #2123,#2124,#2125,#2126,#2127,#2128,#2129),.UNSPECIFIED.,.F.,.F.,(9,
    7,7,9),(0.,0.237087510293,0.611700924759,1.),.UNSPECIFIED.);
#2107 = CARTESIAN_POINT('',(68.760602609854,30.468728593798,
    24.556411638827));
#2108 = CARTESIAN_POINT('',(68.746054544276,30.291620993585,
    24.417996040816));
#2109 = CARTESIAN_POINT('',(68.733017280287,30.103466004957,
    24.293954759736));
#2110 = CARTESIAN_POINT('',(68.721324825243,29.906858616706,
    24.182708481083));
#2111 = CARTESIAN_POINT('',(68.710787865663,29.704080201869,
    24.0824560074));
#2112 = CARTESIAN_POINT('',(68.701228809099,29.496917559161,
    23.991507659414));
#2113 = CARTESIAN_POINT('',(68.692491602957,29.28660913156,
    23.908378695864));
#2114 = CARTESIAN_POINT('',(68.684439617722,29.073849923697,
    23.83176917376));
#2115 = CARTESIAN_POINT('',(68.66512852149,28.51897291005,
    23.648036366197));
#2116 = CARTESIAN_POINT('',(68.654750041583,28.174320883887,
    23.549291725879));
#2117 = CARTESIAN_POINT('',(68.645376112707,27.826490655593,
    23.46010475019));
#2118 = CARTESIAN_POINT('',(68.636754154375,27.476518595898,
    23.378072296304));
#2119 = CARTESIAN_POINT('',(68.628723698367,27.125066193785,
    23.301667611109));
#2120 = CARTESIAN_POINT('',(68.621203941258,26.772445944168,
    23.230121901373));
#2121 = CARTESIAN_POINT('',(68.614158874082,26.418707770224,
    23.163092564653));
#2122 = CARTESIAN_POINT('',(68.600768355766,25.695654150706,
    23.035690293166));
#2123 = CARTESIAN_POINT('',(68.594462770494,25.326508737787,
    22.975696656785));
#2124 = CARTESIAN_POINT('',(68.588666055265,24.956351205294,
    22.920544595462));
#2125 = CARTESIAN_POINT('',(68.583413509278,24.585264053686,
    22.870569958627));
#2126 = CARTESIAN_POINT('',(68.57875168127,24.213324737774,
    22.826215627935));
#2127 = CARTESIAN_POINT('',(68.574719296155,23.840631454257,
    22.787850046335));
#2128 = CARTESIAN_POINT('',(68.571336457807,23.467318518216,
    22.755664489406));
#2129 = CARTESIAN_POINT('',(68.568604519729,23.0935587453,
    22.729671834861));
#2130 = ORIENTED_EDGE('',*,*,#2131,.T.);
#2131 = EDGE_CURVE('',#2104,#2132,#2134,.T.);
#2132 = VERTEX_POINT('',#2133);
#2133 = CARTESIAN_POINT('',(68.651443442671,15.534530099423,
    23.517831538724));
#2134 = B_SPLINE_CURVE_WITH_KNOTS('',8,(#2135,#2136,#2137,#2138,#2139,
    #2140,#2141,#2142,#2143,#2144,#2145,#2146,#2147,#2148,#2149,#2150,
    #2151,#2152,#2153,#2154,#2155,#2156,#2157),.UNSPECIFIED.,.F.,.F.,(9,
    7,7,9),(0.,0.388794885778,0.790897740252,1.),.UNSPECIFIED.);
#2135 = CARTESIAN_POINT('',(68.568604519729,23.0935587453,
    22.729671834861));
#2136 = CARTESIAN_POINT('',(68.565868925002,22.719298701812,
    22.703644389627));
#2137 = CARTESIAN_POINT('',(68.563786139279,22.344613220994,
    22.683828007184));
#2138 = CARTESIAN_POINT('',(68.562357342556,21.969675999576,
    22.670233914425));
#2139 = CARTESIAN_POINT('',(68.561564483445,21.594647521347,
    22.662690363885));
#2140 = CARTESIAN_POINT('',(68.561370442908,21.21967725154,
    22.660844191495));
#2141 = CARTESIAN_POINT('',(68.561730037661,20.844904427397,
    22.664265507032));
#2142 = CARTESIAN_POINT('',(68.562609436118,20.470458089671,
    22.672632424451));
#2143 = CARTESIAN_POINT('',(68.565461676246,19.709654314548,
    22.69976967654));
#2144 = CARTESIAN_POINT('',(68.567469380795,19.323757938236,
    22.718871709335));
#2145 = CARTESIAN_POINT('',(68.570036976139,18.938410351456,
    22.743300747208));
#2146 = CARTESIAN_POINT('',(68.573214303135,18.5535626366,
    22.773530994243));
#2147 = CARTESIAN_POINT('',(68.577114431362,18.16948057325,
    22.810638235607));
#2148 = CARTESIAN_POINT('',(68.581971839825,17.786815991985,
    22.85685339003));
#2149 = CARTESIAN_POINT('',(68.588150248753,17.406604652912,
    22.915637024325));
#2150 = CARTESIAN_POINT('',(68.6005591952,16.834885554769,
    23.033700263311));
#2151 = CARTESIAN_POINT('',(68.605335500046,16.640667715424,
    23.079143768361));
#2152 = CARTESIAN_POINT('',(68.610736047006,16.447939883418,
    23.130526540393));
#2153 = CARTESIAN_POINT('',(68.616870702145,16.25716495878,
    23.188893885185));
#2154 = CARTESIAN_POINT('',(68.623865641583,16.069148839547,
    23.255446288329));
#2155 = CARTESIAN_POINT('',(68.6318627488,15.885035321969,
    23.331533680972));
#2156 = CARTESIAN_POINT('',(68.641011168766,15.706273552244,
    23.418575082713));
#2157 = CARTESIAN_POINT('',(68.651443442769,15.534530112946,
    23.517831539665));
#2158 = ORIENTED_EDGE('',*,*,#2159,.T.);
#2159 = EDGE_CURVE('',#2132,#2160,#2162,.T.);
#2160 = VERTEX_POINT('',#2161);
#2161 = CARTESIAN_POINT('',(69.072641251646,14.184760766891,
    27.525261015884));
#2162 = B_SPLINE_CURVE_WITH_KNOTS('',6,(#2163,#2164,#2165,#2166,#2167,
    #2168,#2169,#2170,#2171,#2172,#2173,#2174,#2175,#2176,#2177,#2178,
    #2179,#2180,#2181,#2182,#2183,#2184,#2185,#2186,#2187,#2188,#2189,
    #2190,#2191,#2192,#2193,#2194),.UNSPECIFIED.,.F.,.F.,(7,5,5,5,5,5,7)
  ,(0.,0.110917548204,0.379501983935,0.595469095912,0.684358147427,
    0.811266063814,1.),.UNSPECIFIED.);
#2163 = CARTESIAN_POINT('',(68.651443442769,15.534530112946,
    23.517831539664));
#2164 = CARTESIAN_POINT('',(68.673698135378,15.412460786127,
    23.729570795962));
#2165 = CARTESIAN_POINT('',(68.696311345865,15.296429200556,
    23.944721122017));
#2166 = CARTESIAN_POINT('',(68.719256146818,15.186476278187,
    24.163026320612));
#2167 = CARTESIAN_POINT('',(68.742506471966,15.08263535279,
    24.38423838775));
#2168 = CARTESIAN_POINT('',(68.766037182479,14.984933540023,
    24.608118143436));
#2169 = CARTESIAN_POINT('',(68.847423718343,14.671729936905,
    25.382459307314));
#2170 = CARTESIAN_POINT('',(68.906520893551,14.486213208314,
    25.944731370452));
#2171 = CARTESIAN_POINT('',(68.966780488862,14.337117053404,
    26.518063122109));
#2172 = CARTESIAN_POINT('',(69.027881462529,14.224668663229,
    27.099400054082));
#2173 = CARTESIAN_POINT('',(69.089515808182,14.149016377478,
    27.685811681521));
#2174 = CARTESIAN_POINT('',(69.201143484958,14.079220490956,
    28.747878081548));
#2175 = CARTESIAN_POINT('',(69.251047871406,14.072014323652,
    29.222686602081));
#2176 = CARTESIAN_POINT('',(69.300949347945,14.088794624247,
    29.697467436675));
#2177 = CARTESIAN_POINT('',(69.350688823489,14.129648096578,
    30.170706934761));
#2178 = CARTESIAN_POINT('',(69.400102304288,14.194651535959,
    30.64084480004));
#2179 = CARTESIAN_POINT('',(69.469154991122,14.320576207571,
    31.29783722912));
#2180 = CARTESIAN_POINT('',(69.489205047329,14.361392775093,
    31.488600771202));
#2181 = CARTESIAN_POINT('',(69.50915900973,14.406312829897,
    31.678450041783));
#2182 = CARTESIAN_POINT('',(69.529004577314,14.45533856907,
    31.867268004582));
#2183 = CARTESIAN_POINT('',(69.548729121466,14.508470726602,
    32.054934506343));
#2184 = CARTESIAN_POINT('',(69.596289359155,14.647427702457,
    32.507439941244));
#2185 = CARTESIAN_POINT('',(69.623985809228,14.737515167941,
    32.770954061321));
#2186 = CARTESIAN_POINT('',(69.651371439526,14.835968359408,
    33.03151092879));
#2187 = CARTESIAN_POINT('',(69.67840672651,14.942775383032,
    33.288734502279));
#2188 = CARTESIAN_POINT('',(69.705050376571,15.057911383054,
    33.542231899352));
#2189 = CARTESIAN_POINT('',(69.770236939366,15.364886842522,
    34.1624406153));
#2190 = CARTESIAN_POINT('',(69.808252878656,15.566766196327,
    34.52413811677));
#2191 = CARTESIAN_POINT('',(69.845166345276,15.786835583231,
    34.875346291462));
#2192 = CARTESIAN_POINT('',(69.880824787767,16.024861434437,
    35.214613709195));
#2193 = CARTESIAN_POINT('',(69.91506735275,16.280469744334,
    35.540409952292));
#2194 = CARTESIAN_POINT('',(69.94772817902,16.553101861033,
    35.851156956797));
#2195 = ORIENTED_EDGE('',*,*,#2196,.F.);
#2196 = EDGE_CURVE('',#2197,#2160,#2199,.T.);
#2197 = VERTEX_POINT('',#2198);
#2198 = CARTESIAN_POINT('',(69.041124228415,9.872878247477,
    27.225396555101));
#2199 = LINE('',#2200,#2201);
#2200 = CARTESIAN_POINT('',(69.056111020394,11.923239495062,
    27.367986355991));
#2201 = VECTOR('',#2202,1.);
#2202 = DIRECTION('',(7.291537003444E-03,0.99756405026,
    6.937434048221E-02));
#2203 = ORIENTED_EDGE('',*,*,#2204,.T.);
#2204 = EDGE_CURVE('',#2197,#2205,#2207,.T.);
#2205 = VERTEX_POINT('',#2206);
#2206 = CARTESIAN_POINT('',(69.825551540913,9.872878247477,
    34.688723894058));
#2207 = LINE('',#2208,#2209);
#2208 = CARTESIAN_POINT('',(69.696139507781,9.872878247477,
    33.457450646079));
#2209 = VECTOR('',#2210,1.);
#2210 = DIRECTION('',(0.104528463268,0.,0.994521895368));
#2211 = ORIENTED_EDGE('',*,*,#2212,.F.);
#2212 = EDGE_CURVE('',#2213,#2205,#2215,.T.);
#2213 = VERTEX_POINT('',#2214);
#2214 = CARTESIAN_POINT('',(69.869407594075,15.872878247477,
    35.105986367365));
#2215 = LINE('',#2216,#2217);
#2216 = CARTESIAN_POINT('',(69.678222586337,-10.28337530758,
    33.286982525561));
#2217 = VECTOR('',#2218,1.);
#2218 = DIRECTION('',(-7.291537003444E-03,-0.99756405026,
    -6.937434048221E-02));
#2219 = ORIENTED_EDGE('',*,*,#2220,.F.);
#2220 = EDGE_CURVE('',#2221,#2213,#2223,.T.);
#2221 = VERTEX_POINT('',#2222);
#2222 = CARTESIAN_POINT('',(69.855539888155,15.872878246604,
    34.974043936989));
#2223 = LINE('',#2224,#2225);
#2224 = CARTESIAN_POINT('',(69.696139507781,15.872878247477,
    33.457450646079));
#2225 = VECTOR('',#2226,1.);
#2226 = DIRECTION('',(0.104528463268,0.,0.994521895368));
#2227 = ORIENTED_EDGE('',*,*,#2228,.T.);
#2228 = EDGE_CURVE('',#2221,#2229,#2231,.T.);
#2229 = VERTEX_POINT('',#2230);
#2230 = CARTESIAN_POINT('',(69.94772817907,16.553101867937,
    35.851156957277));
#2231 = B_SPLINE_CURVE_WITH_KNOTS('',6,(#2232,#2233,#2234,#2235,#2236,
    #2237,#2238,#2239,#2240,#2241,#2242,#2243,#2244,#2245,#2246,#2247,
    #2248,#2249,#2250,#2251,#2252,#2253,#2254,#2255,#2256,#2257,#2258,
    #2259,#2260,#2261,#2262,#2263),.UNSPECIFIED.,.F.,.F.,(7,5,5,5,5,5,7)
  ,(0.,0.110917548204,0.379501983935,0.595469095912,0.684358147427,
    0.811266063814,1.),.UNSPECIFIED.);
#2232 = CARTESIAN_POINT('',(68.651443442769,15.534530112946,
    23.517831539664));
#2233 = CARTESIAN_POINT('',(68.673698135378,15.412460786127,
    23.729570795962));
#2234 = CARTESIAN_POINT('',(68.696311345865,15.296429200556,
    23.944721122017));
#2235 = CARTESIAN_POINT('',(68.719256146818,15.186476278187,
    24.163026320612));
#2236 = CARTESIAN_POINT('',(68.742506471966,15.08263535279,
    24.38423838775));
#2237 = CARTESIAN_POINT('',(68.766037182479,14.984933540023,
    24.608118143436));
#2238 = CARTESIAN_POINT('',(68.847423718343,14.671729936905,
    25.382459307314));
#2239 = CARTESIAN_POINT('',(68.906520893551,14.486213208314,
    25.944731370452));
#2240 = CARTESIAN_POINT('',(68.966780488862,14.337117053404,
    26.518063122109));
#2241 = CARTESIAN_POINT('',(69.027881462529,14.224668663229,
    27.099400054082));
#2242 = CARTESIAN_POINT('',(69.089515808182,14.149016377478,
    27.685811681521));
#2243 = CARTESIAN_POINT('',(69.201143484958,14.079220490956,
    28.747878081548));
#2244 = CARTESIAN_POINT('',(69.251047871406,14.072014323652,
    29.222686602081));
#2245 = CARTESIAN_POINT('',(69.300949347945,14.088794624247,
    29.697467436675));
#2246 = CARTESIAN_POINT('',(69.350688823489,14.129648096578,
    30.170706934761));
#2247 = CARTESIAN_POINT('',(69.400102304288,14.194651535959,
    30.64084480004));
#2248 = CARTESIAN_POINT('',(69.469154991122,14.320576207571,
    31.29783722912));
#2249 = CARTESIAN_POINT('',(69.489205047329,14.361392775093,
    31.488600771202));
#2250 = CARTESIAN_POINT('',(69.50915900973,14.406312829897,
    31.678450041783));
#2251 = CARTESIAN_POINT('',(69.529004577314,14.45533856907,
    31.867268004582));
#2252 = CARTESIAN_POINT('',(69.548729121466,14.508470726602,
    32.054934506343));
#2253 = CARTESIAN_POINT('',(69.596289359155,14.647427702457,
    32.507439941244));
#2254 = CARTESIAN_POINT('',(69.623985809228,14.737515167941,
    32.770954061321));
#2255 = CARTESIAN_POINT('',(69.651371439526,14.835968359408,
    33.03151092879));
#2256 = CARTESIAN_POINT('',(69.67840672651,14.942775383032,
    33.288734502279));
#2257 = CARTESIAN_POINT('',(69.705050376571,15.057911383054,
    33.542231899352));
#2258 = CARTESIAN_POINT('',(69.770236939366,15.364886842522,
    34.1624406153));
#2259 = CARTESIAN_POINT('',(69.808252878656,15.566766196327,
    34.52413811677));
#2260 = CARTESIAN_POINT('',(69.845166345276,15.786835583231,
    34.875346291462));
#2261 = CARTESIAN_POINT('',(69.880824787767,16.024861434437,
    35.214613709195));
#2262 = CARTESIAN_POINT('',(69.91506735275,16.280469744334,
    35.540409952292));
#2263 = CARTESIAN_POINT('',(69.94772817902,16.553101861033,
    35.851156956797));
#2264 = ORIENTED_EDGE('',*,*,#2265,.T.);
#2265 = EDGE_CURVE('',#2229,#2266,#2268,.T.);
#2266 = VERTEX_POINT('',#2267);
#2267 = CARTESIAN_POINT('',(70.151060502323,18.567187793027,
    37.785734786027));
#2268 = HYPERBOLA('',#2269,2.878060094248,2.878060094248);
#2269 = AXIS2_PLACEMENT_3D('',#2270,#2271,#2272);
#2270 = CARTESIAN_POINT('',(70.645516397947,21.704158941731,
    42.490168383537));
#2271 = DIRECTION('',(0.994521895368,1.734723475977E-18,-0.104528463268)
  );
#2272 = DIRECTION('',(-0.104273837185,6.975647374413E-02,-0.992099290016
    ));
#2273 = ORIENTED_EDGE('',*,*,#2274,.T.);
#2274 = EDGE_CURVE('',#2266,#1785,#2275,.T.);
#2275 = LINE('',#2276,#2277);
#2276 = CARTESIAN_POINT('',(69.942512827954,18.706700740516,
    35.801536205996));
#2277 = VECTOR('',#2278,1.);
#2278 = DIRECTION('',(0.104273837185,-6.975647374413E-02,0.992099290016)
  );
#2279 = FACE_BOUND('',#2280,.T.);
#2280 = EDGE_LOOP('',(#2281,#2291,#2299,#2307));
#2281 = ORIENTED_EDGE('',*,*,#2282,.F.);
#2282 = EDGE_CURVE('',#2283,#2285,#2287,.T.);
#2283 = VERTEX_POINT('',#2284);
#2284 = CARTESIAN_POINT('',(69.803623514332,6.872878247477,
    34.480092657405));
#2285 = VERTEX_POINT('',#2286);
#2286 = CARTESIAN_POINT('',(69.75976746117,0.872878247477,
    34.062830184098));
#2287 = LINE('',#2288,#2289);
#2288 = CARTESIAN_POINT('',(69.678222586337,-10.28337530758,
    33.286982525561));
#2289 = VECTOR('',#2290,1.);
#2290 = DIRECTION('',(-7.291537003444E-03,-0.99756405026,
    -6.937434048221E-02));
#2291 = ORIENTED_EDGE('',*,*,#2292,.F.);
#2292 = EDGE_CURVE('',#2293,#2283,#2295,.T.);
#2293 = VERTEX_POINT('',#2294);
#2294 = CARTESIAN_POINT('',(69.019196201834,6.872878247477,
    27.016765318448));
#2295 = LINE('',#2296,#2297);
#2296 = CARTESIAN_POINT('',(69.696139507781,6.872878247477,
    33.457450646079));
#2297 = VECTOR('',#2298,1.);
#2298 = DIRECTION('',(0.104528463268,0.,0.994521895368));
#2299 = ORIENTED_EDGE('',*,*,#2300,.F.);
#2300 = EDGE_CURVE('',#2301,#2293,#2303,.T.);
#2301 = VERTEX_POINT('',#2302);
#2302 = CARTESIAN_POINT('',(68.975340148672,0.872878247477,
    26.599502845141));
#2303 = LINE('',#2304,#2305);
#2304 = CARTESIAN_POINT('',(69.056111020394,11.923239495062,
    27.367986355991));
#2305 = VECTOR('',#2306,1.);
#2306 = DIRECTION('',(7.291537003444E-03,0.99756405026,
    6.937434048221E-02));
#2307 = ORIENTED_EDGE('',*,*,#2308,.T.);
#2308 = EDGE_CURVE('',#2301,#2285,#2309,.T.);
#2309 = LINE('',#2310,#2311);
#2310 = CARTESIAN_POINT('',(69.696139507781,0.872878247477,
    33.457450646079));
#2311 = VECTOR('',#2312,1.);
#2312 = DIRECTION('',(0.104528463268,0.,0.994521895368));
#2313 = FACE_BOUND('',#2314,.T.);
#2314 = EDGE_LOOP('',(#2315,#2325,#2333,#2341));
#2315 = ORIENTED_EDGE('',*,*,#2316,.F.);
#2316 = EDGE_CURVE('',#2317,#2319,#2321,.T.);
#2317 = VERTEX_POINT('',#2318);
#2318 = CARTESIAN_POINT('',(69.737839434589,-2.127121752523,
    33.854198947445));
#2319 = VERTEX_POINT('',#2320);
#2320 = CARTESIAN_POINT('',(69.693983381427,-8.127121752523,
    33.436936474138));
#2321 = LINE('',#2322,#2323);
#2322 = CARTESIAN_POINT('',(69.678222586337,-10.28337530758,
    33.286982525561));
#2323 = VECTOR('',#2324,1.);
#2324 = DIRECTION('',(-7.291537003444E-03,-0.99756405026,
    -6.937434048221E-02));
#2325 = ORIENTED_EDGE('',*,*,#2326,.F.);
#2326 = EDGE_CURVE('',#2327,#2317,#2329,.T.);
#2327 = VERTEX_POINT('',#2328);
#2328 = CARTESIAN_POINT('',(68.953412122091,-2.127121752523,
    26.390871608488));
#2329 = LINE('',#2330,#2331);
#2330 = CARTESIAN_POINT('',(69.696139507781,-2.127121752523,
    33.457450646079));
#2331 = VECTOR('',#2332,1.);
#2332 = DIRECTION('',(0.104528463268,0.,0.994521895368));
#2333 = ORIENTED_EDGE('',*,*,#2334,.F.);
#2334 = EDGE_CURVE('',#2335,#2327,#2337,.T.);
#2335 = VERTEX_POINT('',#2336);
#2336 = CARTESIAN_POINT('',(68.909556068929,-8.127121752523,
    25.973609135181));
#2337 = LINE('',#2338,#2339);
#2338 = CARTESIAN_POINT('',(69.056111020394,11.923239495062,
    27.367986355991));
#2339 = VECTOR('',#2340,1.);
#2340 = DIRECTION('',(7.291537003444E-03,0.99756405026,
    6.937434048221E-02));
#2341 = ORIENTED_EDGE('',*,*,#2342,.T.);
#2342 = EDGE_CURVE('',#2335,#2319,#2343,.T.);
#2343 = LINE('',#2344,#2345);
#2344 = CARTESIAN_POINT('',(69.696139507781,-8.127121752523,
    33.457450646079));
#2345 = VECTOR('',#2346,1.);
#2346 = DIRECTION('',(0.104528463268,0.,0.994521895368));
#2347 = PLANE('',#2348);
#2348 = AXIS2_PLACEMENT_3D('',#2349,#2350,#2351);
#2349 = CARTESIAN_POINT('',(69.371791118957,0.818389093013,
    30.371481864666));
#2350 = DIRECTION('',(0.994521895368,0.,-0.104528463268));
#2351 = DIRECTION('',(0.104528463268,0.,0.994521895368));
#2352 = ADVANCED_FACE('',(#2353),#2365,.T.);
#2353 = FACE_BOUND('',#2354,.T.);
#2354 = EDGE_LOOP('',(#2355,#2362,#2363,#2364));
#2355 = ORIENTED_EDGE('',*,*,#2356,.T.);
#2356 = EDGE_CURVE('',#660,#826,#2357,.T.);
#2357 = CIRCLE('',#2358,2.5);
#2358 = AXIS2_PLACEMENT_3D('',#2359,#2360,#2361);
#2359 = CARTESIAN_POINT('',(65.444159478738,-28.32737445043,
    16.919493581453));
#2360 = DIRECTION('',(-0.104273837185,6.975647374412E-02,-0.992099290016
    ));
#2361 = DIRECTION('',(7.291537003444E-03,0.99756405026,
    6.937434048221E-02));
#2362 = ORIENTED_EDGE('',*,*,#872,.T.);
#2363 = ORIENTED_EDGE('',*,*,#693,.F.);
#2364 = ORIENTED_EDGE('',*,*,#669,.F.);
#2365 = SPHERICAL_SURFACE('',#2366,2.5);
#2366 = AXIS2_PLACEMENT_3D('',#2367,#2368,#2369);
#2367 = CARTESIAN_POINT('',(65.444159478738,-28.32737445043,
    16.919493581453));
#2368 = DIRECTION('',(-0.462695935982,-0.216383883069,-0.859703719879));
#2369 = DIRECTION('',(-0.85742228347,0.355633786768,0.371956499497));
#2370 = ADVANCED_FACE('',(#2371),#2382,.T.);
#2371 = FACE_BOUND('',#2372,.T.);
#2372 = EDGE_LOOP('',(#2373,#2374,#2381));
#2373 = ORIENTED_EDGE('',*,*,#960,.T.);
#2374 = ORIENTED_EDGE('',*,*,#2375,.T.);
#2375 = EDGE_CURVE('',#953,#726,#2376,.T.);
#2376 = CIRCLE('',#2377,2.5);
#2377 = AXIS2_PLACEMENT_3D('',#2378,#2379,#2380);
#2378 = CARTESIAN_POINT('',(65.453557502505,31.602464130572,
    20.621248710613));
#2379 = DIRECTION('',(-0.707106781195,-1.258843029817E-11,
    -0.707106781178));
#2380 = DIRECTION('',(-3.2585176453E-02,0.998937641974,
    3.258517643596E-02));
#2381 = ORIENTED_EDGE('',*,*,#725,.F.);
#2382 = SPHERICAL_SURFACE('',#2383,2.5);
#2383 = AXIS2_PLACEMENT_3D('',#2384,#2385,#2386);
#2384 = CARTESIAN_POINT('',(65.45355750251,31.602464130579,
    20.621248710608));
#2385 = DIRECTION('',(-0.638809108788,0.470585838295,-0.608664021711));
#2386 = DIRECTION('',(-0.706258323188,-4.48911735799E-02,0.706529520588)
  );
#2387 = ADVANCED_FACE('',(#2388),#2413,.T.);
#2388 = FACE_BOUND('',#2389,.T.);
#2389 = EDGE_LOOP('',(#2390,#2398,#2399,#2407));
#2390 = ORIENTED_EDGE('',*,*,#2391,.F.);
#2391 = EDGE_CURVE('',#750,#2392,#2394,.T.);
#2392 = VERTEX_POINT('',#2393);
#2393 = CARTESIAN_POINT('',(4.,-44.,15.798989873223));
#2394 = LINE('',#2395,#2396);
#2395 = CARTESIAN_POINT('',(4.949747468306,-44.,14.849242404917));
#2396 = VECTOR('',#2397,1.);
#2397 = DIRECTION('',(-0.707106781187,0.,0.707106781187));
#2398 = ORIENTED_EDGE('',*,*,#749,.T.);
#2399 = ORIENTED_EDGE('',*,*,#2400,.T.);
#2400 = EDGE_CURVE('',#752,#2401,#2403,.T.);
#2401 = VERTEX_POINT('',#2402);
#2402 = CARTESIAN_POINT('',(4.,-44.,45.497474683058));
#2403 = LINE('',#2404,#2405);
#2404 = CARTESIAN_POINT('',(49.497474683058,-44.,-7.105427357601E-15));
#2405 = VECTOR('',#2406,1.);
#2406 = DIRECTION('',(-0.707106781187,0.,0.707106781187));
#2407 = ORIENTED_EDGE('',*,*,#2408,.T.);
#2408 = EDGE_CURVE('',#2401,#2392,#2409,.T.);
#2409 = LINE('',#2410,#2411);
#2410 = CARTESIAN_POINT('',(4.,-44.,33.498737341529));
#2411 = VECTOR('',#2412,1.);
#2412 = DIRECTION('',(-2.22044604925E-16,0.,-1.));
#2413 = PLANE('',#2414);
#2414 = AXIS2_PLACEMENT_3D('',#2415,#2416,#2417);
#2415 = CARTESIAN_POINT('',(17.5,-44.,17.5));
#2416 = DIRECTION('',(-0.,-1.,0.));
#2417 = DIRECTION('',(-0.707106781187,0.,-0.707106781187));
#2418 = ADVANCED_FACE('',(#2419),#2437,.T.);
#2419 = FACE_BOUND('',#2420,.T.);
#2420 = EDGE_LOOP('',(#2421,#2429,#2435,#2436));
#2421 = ORIENTED_EDGE('',*,*,#2422,.T.);
#2422 = EDGE_CURVE('',#2392,#2423,#2425,.T.);
#2423 = VERTEX_POINT('',#2424);
#2424 = CARTESIAN_POINT('',(4.,-54.,15.798989873223));
#2425 = LINE('',#2426,#2427);
#2426 = CARTESIAN_POINT('',(4.,-54.,15.798989873223));
#2427 = VECTOR('',#2428,1.);
#2428 = DIRECTION('',(0.,-1.,0.));
#2429 = ORIENTED_EDGE('',*,*,#2430,.T.);
#2430 = EDGE_CURVE('',#2423,#760,#2431,.T.);
#2431 = LINE('',#2432,#2433);
#2432 = CARTESIAN_POINT('',(0.,-54.,19.798989873223));
#2433 = VECTOR('',#2434,1.);
#2434 = DIRECTION('',(0.707106781187,0.,-0.707106781187));
#2435 = ORIENTED_EDGE('',*,*,#759,.T.);
#2436 = ORIENTED_EDGE('',*,*,#2391,.T.);
#2437 = PLANE('',#2438);
#2438 = AXIS2_PLACEMENT_3D('',#2439,#2440,#2441);
#2439 = CARTESIAN_POINT('',(0.,-54.,19.798989873223));
#2440 = DIRECTION('',(0.707106781187,0.,0.707106781187));
#2441 = DIRECTION('',(0.707106781187,0.,-0.707106781187));
#2442 = ADVANCED_FACE('',(#2443),#2461,.T.);
#2443 = FACE_BOUND('',#2444,.T.);
#2444 = EDGE_LOOP('',(#2445,#2446,#2447,#2455));
#2445 = ORIENTED_EDGE('',*,*,#2400,.F.);
#2446 = ORIENTED_EDGE('',*,*,#799,.T.);
#2447 = ORIENTED_EDGE('',*,*,#2448,.T.);
#2448 = EDGE_CURVE('',#792,#2449,#2451,.T.);
#2449 = VERTEX_POINT('',#2450);
#2450 = CARTESIAN_POINT('',(4.,-42.70241760861,45.497474683058));
#2451 = LINE('',#2452,#2453);
#2452 = CARTESIAN_POINT('',(38.632890255163,-42.70241760861,
    10.864584427895));
#2453 = VECTOR('',#2454,1.);
#2454 = DIRECTION('',(-0.707106781187,0.,0.707106781187));
#2455 = ORIENTED_EDGE('',*,*,#2456,.T.);
#2456 = EDGE_CURVE('',#2449,#2401,#2457,.T.);
#2457 = LINE('',#2458,#2459);
#2458 = CARTESIAN_POINT('',(4.,-49.,45.497474683058));
#2459 = VECTOR('',#2460,1.);
#2460 = DIRECTION('',(0.,-1.,-0.));
#2461 = PLANE('',#2462);
#2462 = AXIS2_PLACEMENT_3D('',#2463,#2464,#2465);
#2463 = CARTESIAN_POINT('',(49.497474683058,-44.,-7.105427357601E-15));
#2464 = DIRECTION('',(0.707106781187,0.,0.707106781187));
#2465 = DIRECTION('',(-0.707106781187,0.,0.707106781187));
#2466 = ADVANCED_FACE('',(#2467,#2501,#2527,#2561),#2595,.T.);
#2467 = FACE_BOUND('',#2468,.T.);
#2468 = EDGE_LOOP('',(#2469,#2477,#2485,#2493,#2499,#2500));
#2469 = ORIENTED_EDGE('',*,*,#2470,.F.);
#2470 = EDGE_CURVE('',#2471,#783,#2473,.T.);
#2471 = VERTEX_POINT('',#2472);
#2472 = CARTESIAN_POINT('',(67.799076564986,-32.64125015288,
    39.728676629549));
#2473 = LINE('',#2474,#2475);
#2474 = CARTESIAN_POINT('',(68.314126146195,-32.39376340877,
    40.641068222694));
#2475 = VECTOR('',#2476,1.);
#2476 = DIRECTION('',(-0.478421055229,-0.229886351897,-0.847505492091));
#2477 = ORIENTED_EDGE('',*,*,#2478,.T.);
#2478 = EDGE_CURVE('',#2471,#2479,#2481,.T.);
#2479 = VERTEX_POINT('',#2480);
#2480 = CARTESIAN_POINT('',(65.74915184207,-32.73230351004,
    41.253428533433));
#2481 = LINE('',#2482,#2483);
#2482 = CARTESIAN_POINT('',(41.925222014531,-33.79051251026,
    58.973875512031));
#2483 = VECTOR('',#2484,1.);
#2484 = DIRECTION('',(-0.801869089629,-3.561734330943E-02,0.596437228846
    ));
#2485 = ORIENTED_EDGE('',*,*,#2486,.F.);
#2486 = EDGE_CURVE('',#2487,#2479,#2489,.T.);
#2487 = VERTEX_POINT('',#2488);
#2488 = CARTESIAN_POINT('',(4.,-42.49755046966,46.679096714832));
#2489 = LINE('',#2490,#2491);
#2490 = CARTESIAN_POINT('',(2.542295299904,-42.72807746422,
    46.807179802182));
#2491 = VECTOR('',#2492,1.);
#2492 = DIRECTION('',(0.98402609072,0.155617648242,-8.646271067403E-02)
  );
#2493 = ORIENTED_EDGE('',*,*,#2494,.F.);
#2494 = EDGE_CURVE('',#2449,#2487,#2495,.T.);
#2495 = LINE('',#2496,#2497);
#2496 = CARTESIAN_POINT('',(4.,-43.68026202806,39.857514484495));
#2497 = VECTOR('',#2498,1.);
#2498 = DIRECTION('',(1.665334536938E-16,0.170829348041,0.985300631202)
  );
#2499 = ORIENTED_EDGE('',*,*,#2448,.F.);
#2500 = ORIENTED_EDGE('',*,*,#791,.F.);
#2501 = FACE_BOUND('',#2502,.T.);
#2502 = EDGE_LOOP('',(#2503,#2513,#2521));
#2503 = ORIENTED_EDGE('',*,*,#2504,.F.);
#2504 = EDGE_CURVE('',#2505,#2507,#2509,.T.);
#2505 = VERTEX_POINT('',#2506);
#2506 = CARTESIAN_POINT('',(31.106645544748,-39.64182485224,
    36.043556900151));
#2507 = VERTEX_POINT('',#2508);
#2508 = CARTESIAN_POINT('',(23.306715037788,-40.87533568431,
    36.72890776743));
#2509 = LINE('',#2510,#2511);
#2510 = CARTESIAN_POINT('',(30.428870077486,-39.74901085599,
    36.103110508211));
#2511 = VECTOR('',#2512,1.);
#2512 = DIRECTION('',(-0.98402609072,-0.155617648242,8.646271067403E-02)
  );
#2513 = ORIENTED_EDGE('',*,*,#2514,.F.);
#2514 = EDGE_CURVE('',#2515,#2505,#2517,.T.);
#2515 = VERTEX_POINT('',#2516);
#2516 = CARTESIAN_POINT('',(27.549355724908,-40.87533568431,
    32.486267080311));
#2517 = LINE('',#2518,#2519);
#2518 = CARTESIAN_POINT('',(37.245817419329,-37.51303147561,
    42.182728774732));
#2519 = VECTOR('',#2520,1.);
#2520 = DIRECTION('',(0.686764016079,0.238139397073,0.686764016079));
#2521 = ORIENTED_EDGE('',*,*,#2522,.T.);
#2522 = EDGE_CURVE('',#2515,#2507,#2523,.T.);
#2523 = LINE('',#2524,#2525);
#2524 = CARTESIAN_POINT('',(28.172047463068,-40.87533568431,
    31.86357534215));
#2525 = VECTOR('',#2526,1.);
#2526 = DIRECTION('',(-0.707106781187,-1.174117877147E-32,0.707106781187
    ));
#2527 = FACE_BOUND('',#2528,.T.);
#2528 = EDGE_LOOP('',(#2529,#2539,#2547,#2555));
#2529 = ORIENTED_EDGE('',*,*,#2530,.F.);
#2530 = EDGE_CURVE('',#2531,#2533,#2535,.T.);
#2531 = VERTEX_POINT('',#2532);
#2532 = CARTESIAN_POINT('',(42.806541305186,-37.79155860413,
    35.015530599232));
#2533 = VERTEX_POINT('',#2534);
#2534 = CARTESIAN_POINT('',(35.006610798227,-39.0250694362,
    35.700881466511));
#2535 = LINE('',#2536,#2537);
#2536 = CARTESIAN_POINT('',(30.428870077486,-39.74901085599,
    36.103110508211));
#2537 = VECTOR('',#2538,1.);
#2538 = DIRECTION('',(-0.98402609072,-0.155617648242,8.646271067403E-02)
  );
#2539 = ORIENTED_EDGE('',*,*,#2540,.F.);
#2540 = EDGE_CURVE('',#2541,#2531,#2543,.T.);
#2541 = VERTEX_POINT('',#2542);
#2542 = CARTESIAN_POINT('',(33.913316755587,-40.87533568431,
    26.122306049632));
#2543 = LINE('',#2544,#2545);
#2544 = CARTESIAN_POINT('',(43.609778450008,-37.51303147561,
    35.818767744054));
#2545 = VECTOR('',#2546,1.);
#2546 = DIRECTION('',(0.686764016079,0.238139397073,0.686764016079));
#2547 = ORIENTED_EDGE('',*,*,#2548,.T.);
#2548 = EDGE_CURVE('',#2541,#2549,#2551,.T.);
#2549 = VERTEX_POINT('',#2550);
#2550 = CARTESIAN_POINT('',(29.670676068467,-40.87533568431,
    30.364946736751));
#2551 = LINE('',#2552,#2553);
#2552 = CARTESIAN_POINT('',(28.172047463068,-40.87533568431,
    31.86357534215));
#2553 = VECTOR('',#2554,1.);
#2554 = DIRECTION('',(-0.707106781187,-1.174117877147E-32,0.707106781187
    ));
#2555 = ORIENTED_EDGE('',*,*,#2556,.T.);
#2556 = EDGE_CURVE('',#2549,#2533,#2557,.T.);
#2557 = LINE('',#2558,#2559);
#2558 = CARTESIAN_POINT('',(39.367137762889,-37.51303147561,
    40.061408431173));
#2559 = VECTOR('',#2560,1.);
#2560 = DIRECTION('',(0.686764016079,0.238139397073,0.686764016079));
#2561 = FACE_BOUND('',#2562,.T.);
#2562 = EDGE_LOOP('',(#2563,#2573,#2581,#2589));
#2563 = ORIENTED_EDGE('',*,*,#2564,.F.);
#2564 = EDGE_CURVE('',#2565,#2567,#2569,.T.);
#2565 = VERTEX_POINT('',#2566);
#2566 = CARTESIAN_POINT('',(54.506437065625,-35.94129235603,
    33.987504298313));
#2567 = VERTEX_POINT('',#2568);
#2568 = CARTESIAN_POINT('',(46.706506558666,-37.1748031881,
    34.672855165592));
#2569 = LINE('',#2570,#2571);
#2570 = CARTESIAN_POINT('',(30.428870077486,-39.74901085599,
    36.103110508211));
#2571 = VECTOR('',#2572,1.);
#2572 = DIRECTION('',(-0.98402609072,-0.155617648242,8.646271067403E-02)
  );
#2573 = ORIENTED_EDGE('',*,*,#2574,.F.);
#2574 = EDGE_CURVE('',#2575,#2565,#2577,.T.);
#2575 = VERTEX_POINT('',#2576);
#2576 = CARTESIAN_POINT('',(40.277277786266,-40.87533568431,
    19.758345018953));
#2577 = LINE('',#2578,#2579);
#2578 = CARTESIAN_POINT('',(49.973739480687,-37.51303147561,
    29.454806713375));
#2579 = VECTOR('',#2580,1.);
#2580 = DIRECTION('',(0.686764016079,0.238139397073,0.686764016079));
#2581 = ORIENTED_EDGE('',*,*,#2582,.T.);
#2582 = EDGE_CURVE('',#2575,#2583,#2585,.T.);
#2583 = VERTEX_POINT('',#2584);
#2584 = CARTESIAN_POINT('',(36.034637099146,-40.87533568431,
    24.000985706072));
#2585 = LINE('',#2586,#2587);
#2586 = CARTESIAN_POINT('',(28.172047463068,-40.87533568431,
    31.86357534215));
#2587 = VECTOR('',#2588,1.);
#2588 = DIRECTION('',(-0.707106781187,-1.174117877147E-32,0.707106781187
    ));
#2589 = ORIENTED_EDGE('',*,*,#2590,.T.);
#2590 = EDGE_CURVE('',#2583,#2567,#2591,.T.);
#2591 = LINE('',#2592,#2593);
#2592 = CARTESIAN_POINT('',(45.731098793568,-37.51303147561,
    33.697447400494));
#2593 = VECTOR('',#2594,1.);
#2594 = DIRECTION('',(0.686764016079,0.238139397073,0.686764016079));
#2595 = PLANE('',#2596);
#2596 = AXIS2_PLACEMENT_3D('',#2597,#2598,#2599);
#2597 = CARTESIAN_POINT('',(37.303137052234,-39.39615970059,
    31.264000080757));
#2598 = DIRECTION('',(0.168389982538,-0.971230985689,0.168389982538));
#2599 = DIRECTION('',(-0.686764016079,-0.238139397073,-0.686764016079));
#2600 = ADVANCED_FACE('',(#2601),#2622,.T.);
#2601 = FACE_BOUND('',#2602,.T.);
#2602 = EDGE_LOOP('',(#2603,#2604,#2613,#2620,#2621));
#2603 = ORIENTED_EDGE('',*,*,#849,.F.);
#2604 = ORIENTED_EDGE('',*,*,#2605,.F.);
#2605 = EDGE_CURVE('',#2606,#842,#2608,.T.);
#2606 = VERTEX_POINT('',#2607);
#2607 = CARTESIAN_POINT('',(68.206095550494,-32.58862162159,
    38.929128490511));
#2608 = ELLIPSE('',#2609,2.858252398266,2.5);
#2609 = AXIS2_PLACEMENT_3D('',#2610,#2611,#2612);
#2610 = CARTESIAN_POINT('',(67.310527168823,-30.24564291814,
    39.187996011749));
#2611 = DIRECTION('',(0.104273837185,-6.975647374413E-02,0.992099290016)
  );
#2612 = DIRECTION('',(-0.798819587229,-0.600119201872,4.176374748671E-02
    ));
#2613 = ORIENTED_EDGE('',*,*,#2614,.F.);
#2614 = EDGE_CURVE('',#2471,#2606,#2615,.T.);
#2615 = ELLIPSE('',#2616,8.573096562076,2.5);
#2616 = AXIS2_PLACEMENT_3D('',#2617,#2618,#2619);
#2617 = CARTESIAN_POINT('',(63.457203034594,-32.09720571667,
    32.361972510334));
#2618 = DIRECTION('',(7.291537003444E-03,0.99756405026,
    6.937434048221E-02));
#2619 = DIRECTION('',(-0.497936419312,6.378550953924E-02,-0.864864573847
    ));
#2620 = ORIENTED_EDGE('',*,*,#2470,.T.);
#2621 = ORIENTED_EDGE('',*,*,#782,.T.);
#2622 = CYLINDRICAL_SURFACE('',#2623,2.5);
#2623 = AXIS2_PLACEMENT_3D('',#2624,#2625,#2626);
#2624 = CARTESIAN_POINT('',(67.893151189851,-29.96568594455,
    40.220093266349));
#2625 = DIRECTION('',(-0.478421055229,-0.229886351897,-0.847505492091));
#2626 = DIRECTION('',(0.648150491765,0.558713958386,-0.51743565081));
#2627 = ADVANCED_FACE('',(#2628),#2647,.F.);
#2628 = FACE_BOUND('',#2629,.F.);
#2629 = EDGE_LOOP('',(#2630,#2631,#2639,#2646));
#2630 = ORIENTED_EDGE('',*,*,#807,.F.);
#2631 = ORIENTED_EDGE('',*,*,#2632,.F.);
#2632 = EDGE_CURVE('',#2633,#808,#2635,.T.);
#2633 = VERTEX_POINT('',#2634);
#2634 = CARTESIAN_POINT('',(34.473358543988,-49.,1.9));
#2635 = LINE('',#2636,#2637);
#2636 = CARTESIAN_POINT('',(34.473358543988,-49.,1.9));
#2637 = VECTOR('',#2638,1.);
#2638 = DIRECTION('',(0.707106781187,-1.731912112471E-16,0.707106781187)
  );
#2639 = ORIENTED_EDGE('',*,*,#2640,.T.);
#2640 = EDGE_CURVE('',#2633,#2633,#2641,.T.);
#2641 = CIRCLE('',#2642,2.3);
#2642 = AXIS2_PLACEMENT_3D('',#2643,#2644,#2645);
#2643 = CARTESIAN_POINT('',(32.173358543988,-49.,1.9));
#2644 = DIRECTION('',(-2.22044604925E-16,0.,1.));
#2645 = DIRECTION('',(1.,0.,2.22044604925E-16));
#2646 = ORIENTED_EDGE('',*,*,#2632,.T.);
#2647 = CONICAL_SURFACE('',#2648,2.3,0.785398163397);
#2648 = AXIS2_PLACEMENT_3D('',#2649,#2650,#2651);
#2649 = CARTESIAN_POINT('',(32.173358543988,-49.,1.9));
#2650 = DIRECTION('',(-2.22044604925E-16,0.,1.));
#2651 = DIRECTION('',(1.,0.,2.22044604925E-16));
#2652 = ADVANCED_FACE('',(#2653),#2776,.T.);
#2653 = FACE_BOUND('',#2654,.T.);
#2654 = EDGE_LOOP('',(#2655,#2665,#2673,#2681,#2689,#2697,#2705,#2713,
    #2721,#2729,#2735,#2736,#2737,#2744,#2745,#2754,#2762,#2770));
#2655 = ORIENTED_EDGE('',*,*,#2656,.T.);
#2656 = EDGE_CURVE('',#2657,#2659,#2661,.T.);
#2657 = VERTEX_POINT('',#2658);
#2658 = CARTESIAN_POINT('',(67.364613283954,-29.59592947081,
    39.227993976334));
#2659 = VERTEX_POINT('',#2660);
#2660 = CARTESIAN_POINT('',(66.921907869743,-29.92851523121,
    39.251139424224));
#2661 = LINE('',#2662,#2663);
#2662 = CARTESIAN_POINT('',(-216.3564077597,-242.7434729526,
    54.061447322973));
#2663 = VECTOR('',#2664,1.);
#2664 = DIRECTION('',(-0.798819587229,-0.600119201872,4.176374748671E-02
    ));
#2665 = ORIENTED_EDGE('',*,*,#2666,.T.);
#2666 = EDGE_CURVE('',#2659,#2667,#2669,.T.);
#2667 = VERTEX_POINT('',#2668);
#2668 = CARTESIAN_POINT('',(61.986097371753,-30.70378254408,
    39.715403425743));
#2669 = LINE('',#2670,#2671);
#2670 = CARTESIAN_POINT('',(-238.3668770547,-77.88019733816,
    67.966705584143));
#2671 = VECTOR('',#2672,1.);
#2672 = DIRECTION('',(-0.983650719036,-0.154501930345,9.252251866284E-02
    ));
#2673 = ORIENTED_EDGE('',*,*,#2674,.F.);
#2674 = EDGE_CURVE('',#2675,#2667,#2677,.T.);
#2675 = VERTEX_POINT('',#2676);
#2676 = CARTESIAN_POINT('',(61.973049591656,-32.48886521656,
    39.591262090581));
#2677 = LINE('',#2678,#2679);
#2678 = CARTESIAN_POINT('',(61.973049591656,-32.48886521656,
    39.591262090581));
#2679 = VECTOR('',#2680,1.);
#2680 = DIRECTION('',(7.291537003444E-03,0.99756405026,
    6.937434048221E-02));
#2681 = ORIENTED_EDGE('',*,*,#2682,.F.);
#2682 = EDGE_CURVE('',#2683,#2675,#2685,.T.);
#2683 = VERTEX_POINT('',#2684);
#2684 = CARTESIAN_POINT('',(56.567480974797,-32.48886521656,
    40.159410246232));
#2685 = LINE('',#2686,#2687);
#2686 = CARTESIAN_POINT('',(56.567480974797,-32.48886521656,
    40.159410246232));
#2687 = VECTOR('',#2688,1.);
#2688 = DIRECTION('',(0.994521895368,1.07850667488E-17,-0.104528463268)
  );
#2689 = ORIENTED_EDGE('',*,*,#2690,.T.);
#2690 = EDGE_CURVE('',#2683,#2691,#2693,.T.);
#2691 = VERTEX_POINT('',#2692);
#2692 = CARTESIAN_POINT('',(56.574315608806,-31.55381062092,
    40.224437445107));
#2693 = LINE('',#2694,#2695);
#2694 = CARTESIAN_POINT('',(56.567480974797,-32.48886521656,
    40.159410246232));
#2695 = VECTOR('',#2696,1.);
#2696 = DIRECTION('',(7.291537003444E-03,0.99756405026,
    6.937434048221E-02));
#2697 = ORIENTED_EDGE('',*,*,#2698,.T.);
#2698 = EDGE_CURVE('',#2691,#2699,#2701,.T.);
#2699 = VERTEX_POINT('',#2700);
#2700 = CARTESIAN_POINT('',(54.582985616465,-31.86658864448,
    40.411742616358));
#2701 = LINE('',#2702,#2703);
#2702 = CARTESIAN_POINT('',(-238.3668770547,-77.88019733816,
    67.966705584143));
#2703 = VECTOR('',#2704,1.);
#2704 = DIRECTION('',(-0.983650719036,-0.154501930345,9.252251866284E-02
    ));
#2705 = ORIENTED_EDGE('',*,*,#2706,.F.);
#2706 = EDGE_CURVE('',#2707,#2699,#2709,.T.);
#2707 = VERTEX_POINT('',#2708);
#2708 = CARTESIAN_POINT('',(54.578437184061,-32.48886521656,
    40.368467172767));
#2709 = LINE('',#2710,#2711);
#2710 = CARTESIAN_POINT('',(54.578437184061,-32.48886521656,
    40.368467172767));
#2711 = VECTOR('',#2712,1.);
#2712 = DIRECTION('',(7.291537003444E-03,0.99756405026,
    6.937434048221E-02));
#2713 = ORIENTED_EDGE('',*,*,#2714,.F.);
#2714 = EDGE_CURVE('',#2715,#2707,#2717,.T.);
#2715 = VERTEX_POINT('',#2716);
#2716 = CARTESIAN_POINT('',(50.621204710537,-32.48886521656,
    40.784389065665));
#2717 = LINE('',#2718,#2719);
#2718 = CARTESIAN_POINT('',(49.578975616044,-32.48886521656,
    40.893931757614));
#2719 = VECTOR('',#2720,1.);
#2720 = DIRECTION('',(0.994521895368,1.07850667488E-17,-0.104528463268)
  );
#2721 = ORIENTED_EDGE('',*,*,#2722,.T.);
#2722 = EDGE_CURVE('',#2715,#2723,#2725,.T.);
#2723 = VERTEX_POINT('',#2724);
#2724 = CARTESIAN_POINT('',(49.986096402746,-32.58862162159,
    40.844127567476));
#2725 = LINE('',#2726,#2727);
#2726 = CARTESIAN_POINT('',(-238.3668770547,-77.88019733816,
    67.966705584143));
#2727 = VECTOR('',#2728,1.);
#2728 = DIRECTION('',(-0.983650719036,-0.154501930345,9.252251866284E-02
    ));
#2729 = ORIENTED_EDGE('',*,*,#2730,.T.);
#2730 = EDGE_CURVE('',#2723,#2606,#2731,.T.);
#2731 = LINE('',#2732,#2733);
#2732 = CARTESIAN_POINT('',(15.354416883399,-32.58862162159,
    44.484063759323));
#2733 = VECTOR('',#2734,1.);
#2734 = DIRECTION('',(0.994521895368,1.07850667488E-17,-0.104528463268)
  );
#2735 = ORIENTED_EDGE('',*,*,#2605,.T.);
#2736 = ORIENTED_EDGE('',*,*,#841,.F.);
#2737 = ORIENTED_EDGE('',*,*,#2738,.T.);
#2738 = EDGE_CURVE('',#834,#2036,#2739,.T.);
#2739 = CIRCLE('',#2740,2.5);
#2740 = AXIS2_PLACEMENT_3D('',#2741,#2742,#2743);
#2741 = CARTESIAN_POINT('',(67.782082182839,-29.89138367966,
    39.163342254071));
#2742 = DIRECTION('',(0.104273837185,-6.975647374412E-02,0.992099290016)
  );
#2743 = DIRECTION('',(7.291537003444E-03,0.99756405026,
    6.937434048221E-02));
#2744 = ORIENTED_EDGE('',*,*,#2035,.F.);
#2745 = ORIENTED_EDGE('',*,*,#2746,.F.);
#2746 = EDGE_CURVE('',#2747,#2028,#2749,.T.);
#2747 = VERTEX_POINT('',#2748);
#2748 = CARTESIAN_POINT('',(70.290483295466,-23.88316984934,
    39.322148134367));
#2749 = CIRCLE('',#2750,4.7);
#2750 = AXIS2_PLACEMENT_3D('',#2751,#2752,#2753);
#2751 = CARTESIAN_POINT('',(73.201565623718,-20.19353116918,
    39.27560688444));
#2752 = DIRECTION('',(0.104273837185,-6.975647374413E-02,0.992099290016)
  );
#2753 = DIRECTION('',(0.994521895368,1.07850667488E-17,-0.104528463268)
  );
#2754 = ORIENTED_EDGE('',*,*,#2755,.F.);
#2755 = EDGE_CURVE('',#2756,#2747,#2758,.T.);
#2756 = VERTEX_POINT('',#2757);
#2757 = CARTESIAN_POINT('',(70.277892928536,-25.60567326977,
    39.202358794786));
#2758 = LINE('',#2759,#2760);
#2759 = CARTESIAN_POINT('',(70.277892928536,-25.60567326977,
    39.202358794786));
#2760 = VECTOR('',#2761,1.);
#2761 = DIRECTION('',(7.291537003444E-03,0.99756405026,
    6.937434048221E-02));
#2762 = ORIENTED_EDGE('',*,*,#2763,.F.);
#2763 = EDGE_CURVE('',#2764,#2756,#2766,.T.);
#2764 = VERTEX_POINT('',#2765);
#2765 = CARTESIAN_POINT('',(67.393779431968,-25.60567326977,
    39.505491338263));
#2766 = LINE('',#2767,#2768);
#2767 = CARTESIAN_POINT('',(65.305283451695,-25.60567326977,
    39.725001111125));
#2768 = VECTOR('',#2769,1.);
#2769 = DIRECTION('',(0.994521895368,1.07850667488E-17,-0.104528463268)
  );
#2770 = ORIENTED_EDGE('',*,*,#2771,.T.);
#2771 = EDGE_CURVE('',#2764,#2657,#2772,.T.);
#2772 = LINE('',#2773,#2774);
#2773 = CARTESIAN_POINT('',(65.75764863721,-249.4467182515,
    23.938746662153));
#2774 = VECTOR('',#2775,1.);
#2775 = DIRECTION('',(-7.291537003444E-03,-0.99756405026,
    -6.937434048221E-02));
#2776 = PLANE('',#2777);
#2777 = AXIS2_PLACEMENT_3D('',#2778,#2779,#2780);
#2778 = CARTESIAN_POINT('',(15.354416883399,-32.58862162159,
    44.484063759323));
#2779 = DIRECTION('',(0.104273837185,-6.975647374413E-02,0.992099290016)
  );
#2780 = DIRECTION('',(0.994521895368,1.07850667488E-17,-0.104528463268)
  );
#2781 = ADVANCED_FACE('',(#2782),#2788,.T.);
#2782 = FACE_BOUND('',#2783,.F.);
#2783 = EDGE_LOOP('',(#2784,#2785,#2786,#2787));
#2784 = ORIENTED_EDGE('',*,*,#2043,.F.);
#2785 = ORIENTED_EDGE('',*,*,#2356,.T.);
#2786 = ORIENTED_EDGE('',*,*,#833,.T.);
#2787 = ORIENTED_EDGE('',*,*,#2738,.T.);
#2788 = CYLINDRICAL_SURFACE('',#2789,2.5);
#2789 = AXIS2_PLACEMENT_3D('',#2790,#2791,#2792);
#2790 = CARTESIAN_POINT('',(65.444159478738,-28.32737445043,
    16.919493581453));
#2791 = DIRECTION('',(0.104273837185,-6.975647374412E-02,0.992099290016)
  );
#2792 = DIRECTION('',(7.291537003444E-03,0.99756405026,
    6.937434048221E-02));
#2793 = ADVANCED_FACE('',(#2794),#2819,.T.);
#2794 = FACE_BOUND('',#2795,.T.);
#2795 = EDGE_LOOP('',(#2796,#2804,#2812,#2818));
#2796 = ORIENTED_EDGE('',*,*,#2797,.T.);
#2797 = EDGE_CURVE('',#911,#2798,#2800,.T.);
#2798 = VERTEX_POINT('',#2799);
#2799 = CARTESIAN_POINT('',(58.528131134103,16.563204764033,
    13.211910227865));
#2800 = LINE('',#2801,#2802);
#2801 = CARTESIAN_POINT('',(58.175156445277,16.541204740106,
    13.565357349787));
#2802 = VECTOR('',#2803,1.);
#2803 = DIRECTION('',(-0.705949377652,-4.400004785287E-02,0.706894243845
    ));
#2804 = ORIENTED_EDGE('',*,*,#2805,.T.);
#2805 = EDGE_CURVE('',#2798,#2806,#2808,.T.);
#2806 = VERTEX_POINT('',#2807);
#2807 = CARTESIAN_POINT('',(59.676859951775,16.563204764033,
    14.359103603659));
#2808 = LINE('',#2809,#2810);
#2809 = CARTESIAN_POINT('',(59.831946803775,16.563204764033,
    14.513983159696));
#2810 = VECTOR('',#2811,1.);
#2811 = DIRECTION('',(0.707579514137,6.934253386937E-18,0.706633731981)
  );
#2812 = ORIENTED_EDGE('',*,*,#2813,.T.);
#2813 = EDGE_CURVE('',#2806,#913,#2814,.T.);
#2814 = LINE('',#2815,#2816);
#2815 = CARTESIAN_POINT('',(59.323885262949,16.541204740106,
    14.712550725582));
#2816 = VECTOR('',#2817,1.);
#2817 = DIRECTION('',(0.705949377652,4.400004785287E-02,-0.706894243845)
  );
#2818 = ORIENTED_EDGE('',*,*,#910,.F.);
#2819 = PLANE('',#2820);
#2820 = AXIS2_PLACEMENT_3D('',#2821,#2822,#2823);
#2821 = CARTESIAN_POINT('',(60.024811152561,16.51920471618,
    16.118489735695));
#2822 = DIRECTION('',(-3.109191802162E-02,0.999031528926,
    3.113353248174E-02));
#2823 = DIRECTION('',(0.705949377652,4.400004785287E-02,-0.706894243845)
  );
#2824 = ADVANCED_FACE('',(#2825),#2843,.T.);
#2825 = FACE_BOUND('',#2826,.T.);
#2826 = EDGE_LOOP('',(#2827,#2835,#2836,#2837));
#2827 = ORIENTED_EDGE('',*,*,#2828,.F.);
#2828 = EDGE_CURVE('',#2798,#2829,#2831,.T.);
#2829 = VERTEX_POINT('',#2830);
#2830 = CARTESIAN_POINT('',(56.848851487437,22.557393937591,
    11.907978530844));
#2831 = LINE('',#2832,#2833);
#2832 = CARTESIAN_POINT('',(70.277552186192,-25.37635700333,
    22.33513312995));
#2833 = VECTOR('',#2834,1.);
#2834 = DIRECTION('',(-0.264034671622,0.942471835004,-0.205018370897));
#2835 = ORIENTED_EDGE('',*,*,#2797,.F.);
#2836 = ORIENTED_EDGE('',*,*,#936,.F.);
#2837 = ORIENTED_EDGE('',*,*,#2838,.T.);
#2838 = EDGE_CURVE('',#929,#2829,#2839,.T.);
#2839 = LINE('',#2840,#2841);
#2840 = CARTESIAN_POINT('',(56.495876798611,22.535393913664,
    12.261425652767));
#2841 = VECTOR('',#2842,1.);
#2842 = DIRECTION('',(-0.705949377652,-4.400004785287E-02,0.706894243845
    ));
#2843 = PLANE('',#2844);
#2844 = AXIS2_PLACEMENT_3D('',#2845,#2846,#2847);
#2845 = CARTESIAN_POINT('',(59.647650898546,12.567078648327,
    14.081198025879));
#2846 = DIRECTION('',(0.657207097021,0.331377180887,0.676954943562));
#2847 = DIRECTION('',(-0.264034671622,0.942471835004,-0.205018370897));
#2848 = ADVANCED_FACE('',(#2849),#2867,.F.);
#2849 = FACE_BOUND('',#2850,.F.);
#2850 = EDGE_LOOP('',(#2851,#2852,#2860,#2866));
#2851 = ORIENTED_EDGE('',*,*,#2838,.T.);
#2852 = ORIENTED_EDGE('',*,*,#2853,.T.);
#2853 = EDGE_CURVE('',#2829,#2854,#2856,.T.);
#2854 = VERTEX_POINT('',#2855);
#2855 = CARTESIAN_POINT('',(59.720673531618,22.557393937591,
    14.775961970331));
#2856 = LINE('',#2857,#2858);
#2857 = CARTESIAN_POINT('',(59.645395295646,22.557393937591,
    14.700784354587));
#2858 = VECTOR('',#2859,1.);
#2859 = DIRECTION('',(0.707579514137,6.934253386937E-18,0.706633731981)
  );
#2860 = ORIENTED_EDGE('',*,*,#2861,.T.);
#2861 = EDGE_CURVE('',#2854,#921,#2862,.T.);
#2862 = LINE('',#2863,#2864);
#2863 = CARTESIAN_POINT('',(59.367698842792,22.535393913664,
    15.129409092253));
#2864 = VECTOR('',#2865,1.);
#2865 = DIRECTION('',(0.705949377652,4.400004785287E-02,-0.706894243845)
  );
#2866 = ORIENTED_EDGE('',*,*,#928,.F.);
#2867 = PLANE('',#2868);
#2868 = AXIS2_PLACEMENT_3D('',#2869,#2870,#2871);
#2869 = CARTESIAN_POINT('',(59.838259644431,22.513393889738,
    16.305290930585));
#2870 = DIRECTION('',(-3.109191802162E-02,0.999031528926,
    3.113353248174E-02));
#2871 = DIRECTION('',(0.705949377652,4.400004785287E-02,-0.706894243845)
  );
#2872 = ADVANCED_FACE('',(#2873),#2884,.T.);
#2873 = FACE_BOUND('',#2874,.T.);
#2874 = EDGE_LOOP('',(#2875,#2881,#2882,#2883));
#2875 = ORIENTED_EDGE('',*,*,#2876,.F.);
#2876 = EDGE_CURVE('',#2854,#2806,#2877,.T.);
#2877 = LINE('',#2878,#2879);
#2878 = CARTESIAN_POINT('',(59.787759428136,31.735497074779,
    15.414241639545));
#2879 = VECTOR('',#2880,1.);
#2880 = DIRECTION('',(-7.291537003444E-03,-0.99756405026,
    -6.937434048221E-02));
#2881 = ORIENTED_EDGE('',*,*,#2861,.T.);
#2882 = ORIENTED_EDGE('',*,*,#920,.F.);
#2883 = ORIENTED_EDGE('',*,*,#2813,.F.);
#2884 = PLANE('',#2885);
#2885 = AXIS2_PLACEMENT_3D('',#2886,#2887,#2888);
#2886 = CARTESIAN_POINT('',(59.742727422126,25.574613534669,
    14.985790722262));
#2887 = DIRECTION('',(-0.708224759297,5.412911802496E-02,-0.703908892472
    ));
#2888 = DIRECTION('',(-7.291537003444E-03,-0.99756405026,
    -6.937434048221E-02));
#2889 = ADVANCED_FACE('',(#2890),#2902,.T.);
#2890 = FACE_BOUND('',#2891,.T.);
#2891 = EDGE_LOOP('',(#2892,#2893,#2900,#2901));
#2892 = ORIENTED_EDGE('',*,*,#984,.F.);
#2893 = ORIENTED_EDGE('',*,*,#2894,.T.);
#2894 = EDGE_CURVE('',#977,#1744,#2895,.T.);
#2895 = CIRCLE('',#2896,2.5);
#2896 = AXIS2_PLACEMENT_3D('',#2897,#2898,#2899);
#2897 = CARTESIAN_POINT('',(65.877821571222,31.602464130579,
    21.04551277932));
#2898 = DIRECTION('',(-0.707106781195,-1.258843029817E-11,
    -0.707106781178));
#2899 = DIRECTION('',(-3.2585176453E-02,0.998937641974,
    3.258517643596E-02));
#2900 = ORIENTED_EDGE('',*,*,#1743,.T.);
#2901 = ORIENTED_EDGE('',*,*,#2375,.F.);
#2902 = CYLINDRICAL_SURFACE('',#2903,2.5);
#2903 = AXIS2_PLACEMENT_3D('',#2904,#2905,#2906);
#2904 = CARTESIAN_POINT('',(65.877821571222,31.602464130579,
    21.04551277932));
#2905 = DIRECTION('',(-0.707106781195,-1.258842811705E-11,
    -0.707106781178));
#2906 = DIRECTION('',(-3.2585176453E-02,0.998937641974,
    3.258517643596E-02));
#2907 = ADVANCED_FACE('',(#2908),#2934,.T.);
#2908 = FACE_BOUND('',#2909,.T.);
#2909 = EDGE_LOOP('',(#2910,#2918,#2926,#2932,#2933));
#2910 = ORIENTED_EDGE('',*,*,#2911,.T.);
#2911 = EDGE_CURVE('',#1076,#2912,#2914,.T.);
#2912 = VERTEX_POINT('',#2913);
#2913 = CARTESIAN_POINT('',(68.796340704864,32.503260956378,
    43.443830915919));
#2914 = LINE('',#2915,#2916);
#2915 = CARTESIAN_POINT('',(47.355779000537,42.603544811583,
    2.181380809505));
#2916 = VECTOR('',#2917,1.);
#2917 = DIRECTION('',(0.450576843115,-0.212259085224,0.867137007161));
#2918 = ORIENTED_EDGE('',*,*,#2919,.T.);
#2919 = EDGE_CURVE('',#2912,#2920,#2922,.T.);
#2920 = VERTEX_POINT('',#2921);
#2921 = CARTESIAN_POINT('',(69.189682695133,32.339080133552,
    43.390945126729));
#2922 = LINE('',#2923,#2924);
#2923 = CARTESIAN_POINT('',(54.608319297234,38.42533662235,
    45.351444971269));
#2924 = VECTOR('',#2925,1.);
#2925 = DIRECTION('',(0.915813911362,-0.382260438099,-0.123133412278));
#2926 = ORIENTED_EDGE('',*,*,#2927,.T.);
#2927 = EDGE_CURVE('',#2920,#1000,#2928,.T.);
#2928 = LINE('',#2929,#2930);
#2929 = CARTESIAN_POINT('',(69.296387437034,32.267697448041,
    44.406172930161));
#2930 = VECTOR('',#2931,1.);
#2931 = DIRECTION('',(-0.104273837185,6.975647374413E-02,-0.992099290016
    ));
#2932 = ORIENTED_EDGE('',*,*,#999,.T.);
#2933 = ORIENTED_EDGE('',*,*,#1084,.F.);
#2934 = PLANE('',#2935);
#2935 = AXIS2_PLACEMENT_3D('',#2936,#2937,#2938);
#2936 = CARTESIAN_POINT('',(60.252109856791,36.653451703075,
    22.200489901437));
#2937 = DIRECTION('',(0.38782966188,0.921417924633,2.402418637797E-02));
#2938 = DIRECTION('',(0.674232099118,-0.301367139945,0.674232099118));
#2939 = ADVANCED_FACE('',(#2940),#2958,.T.);
#2940 = FACE_BOUND('',#2941,.T.);
#2941 = EDGE_LOOP('',(#2942,#2949,#2956,#2957));
#2942 = ORIENTED_EDGE('',*,*,#2943,.T.);
#2943 = EDGE_CURVE('',#1000,#2051,#2944,.T.);
#2944 = CIRCLE('',#2945,2.5);
#2945 = AXIS2_PLACEMENT_3D('',#2946,#2947,#2948);
#2946 = CARTESIAN_POINT('',(65.877821571222,31.602464130579,
    21.04551277932));
#2947 = DIRECTION('',(-0.104273837185,6.975647374413E-02,-0.992099290016
    ));
#2948 = DIRECTION('',(-0.915813911362,0.382260438099,0.123133412278));
#2949 = ORIENTED_EDGE('',*,*,#2950,.T.);
#2950 = EDGE_CURVE('',#2051,#1744,#2951,.T.);
#2951 = CIRCLE('',#2952,2.5);
#2952 = AXIS2_PLACEMENT_3D('',#2953,#2954,#2955);
#2953 = CARTESIAN_POINT('',(65.877821571221,31.602464130579,
    21.04551277932));
#2954 = DIRECTION('',(7.29153700344E-03,0.99756405026,6.937434048221E-02
    ));
#2955 = DIRECTION('',(0.104273837185,-6.975647374412E-02,0.992099290016)
  );
#2956 = ORIENTED_EDGE('',*,*,#2894,.F.);
#2957 = ORIENTED_EDGE('',*,*,#1009,.F.);
#2958 = SPHERICAL_SURFACE('',#2959,2.5);
#2959 = AXIS2_PLACEMENT_3D('',#2960,#2961,#2962);
#2960 = CARTESIAN_POINT('',(65.877821571222,31.602464130579,
    21.04551277932));
#2961 = DIRECTION('',(0.435812005982,-0.206277677228,0.876080712788));
#2962 = DIRECTION('',(-0.827026234482,-0.475816756376,0.299376054203));
#2963 = ADVANCED_FACE('',(#2964),#2983,.T.);
#2964 = FACE_BOUND('',#2965,.T.);
#2965 = EDGE_LOOP('',(#2966,#2967,#2968,#2976));
#2966 = ORIENTED_EDGE('',*,*,#2911,.F.);
#2967 = ORIENTED_EDGE('',*,*,#1075,.T.);
#2968 = ORIENTED_EDGE('',*,*,#2969,.T.);
#2969 = EDGE_CURVE('',#1068,#2970,#2972,.T.);
#2970 = VERTEX_POINT('',#2971);
#2971 = CARTESIAN_POINT('',(68.092140806857,32.697223109721,
    43.531483172344));
#2972 = LINE('',#2973,#2974);
#2973 = CARTESIAN_POINT('',(46.77884898397,42.737552288994,
    2.513964481692));
#2974 = VECTOR('',#2975,1.);
#2975 = DIRECTION('',(0.450576843115,-0.212259085224,0.867137007161));
#2976 = ORIENTED_EDGE('',*,*,#2977,.F.);
#2977 = EDGE_CURVE('',#2912,#2970,#2978,.T.);
#2978 = ELLIPSE('',#2979,2.711273754717,2.5);
#2979 = AXIS2_PLACEMENT_3D('',#2980,#2981,#2982);
#2980 = CARTESIAN_POINT('',(67.826766550165,30.199716144795,
    43.383770449974));
#2981 = DIRECTION('',(0.104273837185,-6.975647374413E-02,0.992099290016)
  );
#2982 = DIRECTION('',(0.915813911363,-0.382260438099,-0.123133412278));
#2983 = CYLINDRICAL_SURFACE('',#2984,2.5);
#2984 = AXIS2_PLACEMENT_3D('',#2985,#2986,#2987);
#2985 = CARTESIAN_POINT('',(46.386204845838,40.3,2.12132034356));
#2986 = DIRECTION('',(0.450576843115,-0.212259085224,0.867137007161));
#2987 = DIRECTION('',(0.804094933335,-0.325476710234,-0.497489948924));
#2988 = ADVANCED_FACE('',(#2989),#3014,.T.);
#2989 = FACE_BOUND('',#2990,.T.);
#2990 = EDGE_LOOP('',(#2991,#2999,#3007,#3013));
#2991 = ORIENTED_EDGE('',*,*,#2992,.F.);
#2992 = EDGE_CURVE('',#2993,#1036,#2995,.T.);
#2993 = VERTEX_POINT('',#2994);
#2994 = CARTESIAN_POINT('',(4.,54.,15.798989873223));
#2995 = LINE('',#2996,#2997);
#2996 = CARTESIAN_POINT('',(0.,54.,19.798989873223));
#2997 = VECTOR('',#2998,1.);
#2998 = DIRECTION('',(0.707106781187,0.,-0.707106781187));
#2999 = ORIENTED_EDGE('',*,*,#3000,.T.);
#3000 = EDGE_CURVE('',#2993,#3001,#3003,.T.);
#3001 = VERTEX_POINT('',#3002);
#3002 = CARTESIAN_POINT('',(4.,44.,15.798989873223));
#3003 = LINE('',#3004,#3005);
#3004 = CARTESIAN_POINT('',(4.,-54.,15.798989873223));
#3005 = VECTOR('',#3006,1.);
#3006 = DIRECTION('',(0.,-1.,0.));
#3007 = ORIENTED_EDGE('',*,*,#3008,.F.);
#3008 = EDGE_CURVE('',#1044,#3001,#3009,.T.);
#3009 = LINE('',#3010,#3011);
#3010 = CARTESIAN_POINT('',(4.949747468306,44.,14.849242404917));
#3011 = VECTOR('',#3012,1.);
#3012 = DIRECTION('',(-0.707106781187,0.,0.707106781187));
#3013 = ORIENTED_EDGE('',*,*,#1043,.T.);
#3014 = PLANE('',#3015);
#3015 = AXIS2_PLACEMENT_3D('',#3016,#3017,#3018);
#3016 = CARTESIAN_POINT('',(0.,-54.,19.798989873223));
#3017 = DIRECTION('',(0.707106781187,0.,0.707106781187));
#3018 = DIRECTION('',(0.707106781187,0.,-0.707106781187));
#3019 = ADVANCED_FACE('',(#3020,#3062,#3088,#3122),#3156,.T.);
#3020 = FACE_BOUND('',#3021,.T.);
#3021 = EDGE_LOOP('',(#3022,#3032,#3040,#3046,#3047,#3048,#3056));
#3022 = ORIENTED_EDGE('',*,*,#3023,.F.);
#3023 = EDGE_CURVE('',#3024,#3026,#3028,.T.);
#3024 = VERTEX_POINT('',#3025);
#3025 = CARTESIAN_POINT('',(66.908658533697,32.619563613863,
    45.197079052978));
#3026 = VERTEX_POINT('',#3027);
#3027 = CARTESIAN_POINT('',(4.,42.504059595746,46.742346499816));
#3028 = LINE('',#3029,#3030);
#3029 = CARTESIAN_POINT('',(68.295193351755,32.401704925453,
    45.163020671061));
#3030 = VECTOR('',#3031,1.);
#3031 = DIRECTION('',(-0.987589174044,0.155174525258,2.425881328692E-02)
  );
#3032 = ORIENTED_EDGE('',*,*,#3033,.F.);
#3033 = EDGE_CURVE('',#3034,#3024,#3036,.T.);
#3034 = VERTEX_POINT('',#3035);
#3035 = CARTESIAN_POINT('',(67.886031319733,32.726601260982,
    43.555211788599));
#3036 = LINE('',#3037,#3038);
#3037 = CARTESIAN_POINT('',(58.520388560963,31.700916507962,
    59.288351154862));
#3038 = VECTOR('',#3039,1.);
#3039 = DIRECTION('',(-0.510710540069,-5.593081304166E-02,0.857931517322
    ));
#3040 = ORIENTED_EDGE('',*,*,#3041,.T.);
#3041 = EDGE_CURVE('',#3034,#2970,#3042,.T.);
#3042 = LINE('',#3043,#3044);
#3043 = CARTESIAN_POINT('',(32.553445538081,37.762788891362,
    47.622920563249));
#3044 = VECTOR('',#3045,1.);
#3045 = DIRECTION('',(0.9836257631,-0.140202699334,-0.113241164184));
#3046 = ORIENTED_EDGE('',*,*,#2969,.F.);
#3047 = ORIENTED_EDGE('',*,*,#1067,.F.);
#3048 = ORIENTED_EDGE('',*,*,#3049,.F.);
#3049 = EDGE_CURVE('',#3050,#1060,#3052,.T.);
#3050 = VERTEX_POINT('',#3051);
#3051 = CARTESIAN_POINT('',(4.,42.704585190123,45.497474683058));
#3052 = LINE('',#3053,#3054);
#3053 = CARTESIAN_POINT('',(38.484324751518,42.704585190123,
    11.013149931541));
#3054 = VECTOR('',#3055,1.);
#3055 = DIRECTION('',(0.707106781187,0.,-0.707106781187));
#3056 = ORIENTED_EDGE('',*,*,#3057,.F.);
#3057 = EDGE_CURVE('',#3026,#3050,#3058,.T.);
#3058 = LINE('',#3059,#3060);
#3059 = CARTESIAN_POINT('',(4.,42.15416110092,48.91453193224));
#3060 = VECTOR('',#3061,1.);
#3061 = DIRECTION('',(-1.665334536938E-16,0.159031323769,-0.987273537608
    ));
#3062 = FACE_BOUND('',#3063,.T.);
#3063 = EDGE_LOOP('',(#3064,#3074,#3082));
#3064 = ORIENTED_EDGE('',*,*,#3065,.F.);
#3065 = EDGE_CURVE('',#3066,#3068,#3070,.T.);
#3066 = VERTEX_POINT('',#3067);
#3067 = CARTESIAN_POINT('',(21.976344943645,41.010816961215,
    38.036118306506));
#3068 = VERTEX_POINT('',#3069);
#3069 = CARTESIAN_POINT('',(30.258193728086,39.709535024191,
    37.832685716708));
#3070 = LINE('',#3071,#3072);
#3071 = CARTESIAN_POINT('',(46.626011328093,37.13774870621,
    37.430632067774));
#3072 = VECTOR('',#3073,1.);
#3073 = DIRECTION('',(0.987589174044,-0.155174525258,-2.425881328692E-02
    ));
#3074 = ORIENTED_EDGE('',*,*,#3075,.T.);
#3075 = EDGE_CURVE('',#3066,#3076,#3078,.T.);
#3076 = VERTEX_POINT('',#3077);
#3077 = CARTESIAN_POINT('',(26.218985630765,41.010816961215,
    33.793477619387));
#3078 = LINE('',#3079,#3080);
#3079 = CARTESIAN_POINT('',(38.496073217263,41.010816961215,
    21.516390032889));
#3080 = VECTOR('',#3081,1.);
#3081 = DIRECTION('',(0.707106781187,1.519759269918E-49,-0.707106781187)
  );
#3082 = ORIENTED_EDGE('',*,*,#3083,.F.);
#3083 = EDGE_CURVE('',#3068,#3076,#3084,.T.);
#3084 = LINE('',#3085,#3086);
#3085 = CARTESIAN_POINT('',(28.429170632725,40.29877792999,
    36.003662621347));
#3086 = VECTOR('',#3087,1.);
#3087 = DIRECTION('',(-0.689443901218,0.222113066133,-0.689443901218));
#3088 = FACE_BOUND('',#3089,.T.);
#3089 = EDGE_LOOP('',(#3090,#3100,#3108,#3116));
#3090 = ORIENTED_EDGE('',*,*,#3091,.T.);
#3091 = EDGE_CURVE('',#3092,#3094,#3096,.T.);
#3092 = VERTEX_POINT('',#3093);
#3093 = CARTESIAN_POINT('',(34.399118120306,39.058894055678,
    37.730969421809));
#3094 = VERTEX_POINT('',#3095);
#3095 = CARTESIAN_POINT('',(28.340305974324,41.010816961215,
    31.672157275827));
#3096 = LINE('',#3097,#3098);
#3097 = CARTESIAN_POINT('',(30.550490976284,40.29877792999,
    33.882342277787));
#3098 = VECTOR('',#3099,1.);
#3099 = DIRECTION('',(-0.689443901218,0.222113066133,-0.689443901218));
#3100 = ORIENTED_EDGE('',*,*,#3101,.T.);
#3101 = EDGE_CURVE('',#3094,#3102,#3104,.T.);
#3102 = VERTEX_POINT('',#3103);
#3103 = CARTESIAN_POINT('',(32.582946661444,41.010816961215,
    27.429516588708));
#3104 = LINE('',#3105,#3106);
#3105 = CARTESIAN_POINT('',(38.496073217263,41.010816961215,
    21.516390032889));
#3106 = VECTOR('',#3107,1.);
#3107 = DIRECTION('',(0.707106781187,1.519759269918E-49,-0.707106781187)
  );
#3108 = ORIENTED_EDGE('',*,*,#3109,.F.);
#3109 = EDGE_CURVE('',#3110,#3102,#3112,.T.);
#3110 = VERTEX_POINT('',#3111);
#3111 = CARTESIAN_POINT('',(42.680966904747,37.757612118653,
    37.527536832011));
#3112 = LINE('',#3113,#3114);
#3113 = CARTESIAN_POINT('',(34.793131663404,40.29877792999,
    29.639701590668));
#3114 = VECTOR('',#3115,1.);
#3115 = DIRECTION('',(-0.689443901218,0.222113066133,-0.689443901218));
#3116 = ORIENTED_EDGE('',*,*,#3117,.F.);
#3117 = EDGE_CURVE('',#3092,#3110,#3118,.T.);
#3118 = LINE('',#3119,#3120);
#3119 = CARTESIAN_POINT('',(46.626011328093,37.13774870621,
    37.430632067774));
#3120 = VECTOR('',#3121,1.);
#3121 = DIRECTION('',(0.987589174044,-0.155174525258,-2.425881328692E-02
    ));
#3122 = FACE_BOUND('',#3123,.T.);
#3123 = EDGE_LOOP('',(#3124,#3134,#3142,#3150));
#3124 = ORIENTED_EDGE('',*,*,#3125,.T.);
#3125 = EDGE_CURVE('',#3126,#3128,#3130,.T.);
#3126 = VERTEX_POINT('',#3127);
#3127 = CARTESIAN_POINT('',(46.821891296967,37.106971150141,
    37.425820537112));
#3128 = VERTEX_POINT('',#3129);
#3129 = CARTESIAN_POINT('',(34.704267005003,41.010816961215,
    25.308196245148));
#3130 = LINE('',#3131,#3132);
#3131 = CARTESIAN_POINT('',(36.914452006963,40.29877792999,
    27.518381247109));
#3132 = VECTOR('',#3133,1.);
#3133 = DIRECTION('',(-0.689443901218,0.222113066133,-0.689443901218));
#3134 = ORIENTED_EDGE('',*,*,#3135,.T.);
#3135 = EDGE_CURVE('',#3128,#3136,#3138,.T.);
#3136 = VERTEX_POINT('',#3137);
#3137 = CARTESIAN_POINT('',(38.946907692123,41.010816961215,
    21.065555558029));
#3138 = LINE('',#3139,#3140);
#3139 = CARTESIAN_POINT('',(38.496073217263,41.010816961215,
    21.516390032889));
#3140 = VECTOR('',#3141,1.);
#3141 = DIRECTION('',(0.707106781187,1.519759269918E-49,-0.707106781187)
  );
#3142 = ORIENTED_EDGE('',*,*,#3143,.F.);
#3143 = EDGE_CURVE('',#3144,#3136,#3146,.T.);
#3144 = VERTEX_POINT('',#3145);
#3145 = CARTESIAN_POINT('',(55.103740081408,35.805689213116,
    37.222387947314));
#3146 = LINE('',#3147,#3148);
#3147 = CARTESIAN_POINT('',(41.157092694083,40.29877792999,
    23.275740559989));
#3148 = VECTOR('',#3149,1.);
#3149 = DIRECTION('',(-0.689443901218,0.222113066133,-0.689443901218));
#3150 = ORIENTED_EDGE('',*,*,#3151,.F.);
#3151 = EDGE_CURVE('',#3126,#3144,#3152,.T.);
#3152 = LINE('',#3153,#3154);
#3153 = CARTESIAN_POINT('',(46.626011328093,37.13774870621,
    37.430632067774));
#3154 = VECTOR('',#3155,1.);
#3155 = DIRECTION('',(0.987589174044,-0.155174525258,-2.425881328692E-02
    ));
#3156 = PLANE('',#3157);
#3157 = AXIS2_PLACEMENT_3D('',#3158,#3159,#3160);
#3158 = CARTESIAN_POINT('',(37.838483008662,39.364625832632,
    32.393608051766));
#3159 = DIRECTION('',(0.157057655253,0.975020915598,0.157057655253));
#3160 = DIRECTION('',(0.689443901218,-0.222113066133,0.689443901218));
#3161 = ADVANCED_FACE('',(#3162),#3180,.F.);
#3162 = FACE_BOUND('',#3163,.F.);
#3163 = EDGE_LOOP('',(#3164,#3165,#3166,#3174));
#3164 = ORIENTED_EDGE('',*,*,#3008,.F.);
#3165 = ORIENTED_EDGE('',*,*,#1051,.T.);
#3166 = ORIENTED_EDGE('',*,*,#3167,.T.);
#3167 = EDGE_CURVE('',#1052,#3168,#3170,.T.);
#3168 = VERTEX_POINT('',#3169);
#3169 = CARTESIAN_POINT('',(4.,44.,45.497474683058));
#3170 = LINE('',#3171,#3172);
#3171 = CARTESIAN_POINT('',(49.497474683058,44.,-7.105427357601E-15));
#3172 = VECTOR('',#3173,1.);
#3173 = DIRECTION('',(-0.707106781187,0.,0.707106781187));
#3174 = ORIENTED_EDGE('',*,*,#3175,.T.);
#3175 = EDGE_CURVE('',#3168,#3001,#3176,.T.);
#3176 = LINE('',#3177,#3178);
#3177 = CARTESIAN_POINT('',(4.,44.,33.498737341529));
#3178 = VECTOR('',#3179,1.);
#3179 = DIRECTION('',(-2.22044604925E-16,0.,-1.));
#3180 = PLANE('',#3181);
#3181 = AXIS2_PLACEMENT_3D('',#3182,#3183,#3184);
#3182 = CARTESIAN_POINT('',(17.5,44.,17.5));
#3183 = DIRECTION('',(-0.,-1.,0.));
#3184 = DIRECTION('',(-0.707106781187,0.,-0.707106781187));
#3185 = ADVANCED_FACE('',(#3186),#3197,.T.);
#3186 = FACE_BOUND('',#3187,.T.);
#3187 = EDGE_LOOP('',(#3188,#3194,#3195,#3196));
#3188 = ORIENTED_EDGE('',*,*,#3189,.T.);
#3189 = EDGE_CURVE('',#3168,#3050,#3190,.T.);
#3190 = LINE('',#3191,#3192);
#3191 = CARTESIAN_POINT('',(4.,-7.,45.497474683058));
#3192 = VECTOR('',#3193,1.);
#3193 = DIRECTION('',(0.,-1.,-0.));
#3194 = ORIENTED_EDGE('',*,*,#3049,.T.);
#3195 = ORIENTED_EDGE('',*,*,#1059,.T.);
#3196 = ORIENTED_EDGE('',*,*,#3167,.T.);
#3197 = PLANE('',#3198);
#3198 = AXIS2_PLACEMENT_3D('',#3199,#3200,#3201);
#3199 = CARTESIAN_POINT('',(49.497474683058,40.,-7.105427357601E-15));
#3200 = DIRECTION('',(0.707106781187,0.,0.707106781187));
#3201 = DIRECTION('',(-0.707106781187,0.,0.707106781187));
#3202 = ADVANCED_FACE('',(#3203),#3222,.F.);
#3203 = FACE_BOUND('',#3204,.F.);
#3204 = EDGE_LOOP('',(#3205,#3206,#3214,#3221));
#3205 = ORIENTED_EDGE('',*,*,#1092,.F.);
#3206 = ORIENTED_EDGE('',*,*,#3207,.F.);
#3207 = EDGE_CURVE('',#3208,#1093,#3210,.T.);
#3208 = VERTEX_POINT('',#3209);
#3209 = CARTESIAN_POINT('',(34.473358543988,49.,1.9));
#3210 = LINE('',#3211,#3212);
#3211 = CARTESIAN_POINT('',(34.473358543988,49.,1.9));
#3212 = VECTOR('',#3213,1.);
#3213 = DIRECTION('',(0.707106781187,-1.731912112471E-16,0.707106781187)
  );
#3214 = ORIENTED_EDGE('',*,*,#3215,.T.);
#3215 = EDGE_CURVE('',#3208,#3208,#3216,.T.);
#3216 = CIRCLE('',#3217,2.3);
#3217 = AXIS2_PLACEMENT_3D('',#3218,#3219,#3220);
#3218 = CARTESIAN_POINT('',(32.173358543988,49.,1.9));
#3219 = DIRECTION('',(-2.22044604925E-16,0.,1.));
#3220 = DIRECTION('',(1.,0.,2.22044604925E-16));
#3221 = ORIENTED_EDGE('',*,*,#3207,.T.);
#3222 = CONICAL_SURFACE('',#3223,2.3,0.785398163397);
#3223 = AXIS2_PLACEMENT_3D('',#3224,#3225,#3226);
#3224 = CARTESIAN_POINT('',(32.173358543988,49.,1.9));
#3225 = DIRECTION('',(-2.22044604925E-16,0.,1.));
#3226 = DIRECTION('',(1.,0.,2.22044604925E-16));
#3227 = ADVANCED_FACE('',(#3228),#3253,.T.);
#3228 = FACE_BOUND('',#3229,.T.);
#3229 = EDGE_LOOP('',(#3230,#3238,#3246,#3252));
#3230 = ORIENTED_EDGE('',*,*,#3231,.F.);
#3231 = EDGE_CURVE('',#3232,#1110,#3234,.T.);
#3232 = VERTEX_POINT('',#3233);
#3233 = CARTESIAN_POINT('',(14.142135623731,54.,-1.7763568394E-14));
#3234 = LINE('',#3235,#3236);
#3235 = CARTESIAN_POINT('',(0.,54.,0.));
#3236 = VECTOR('',#3237,1.);
#3237 = DIRECTION('',(1.,0.,2.22044604925E-16));
#3238 = ORIENTED_EDGE('',*,*,#3239,.F.);
#3239 = EDGE_CURVE('',#3240,#3232,#3242,.T.);
#3240 = VERTEX_POINT('',#3241);
#3241 = CARTESIAN_POINT('',(10.142135623731,54.,4.));
#3242 = LINE('',#3243,#3244);
#3243 = CARTESIAN_POINT('',(-169.7056274847,54.,183.8477631085));
#3244 = VECTOR('',#3245,1.);
#3245 = DIRECTION('',(0.707106781187,0.,-0.707106781187));
#3246 = ORIENTED_EDGE('',*,*,#3247,.T.);
#3247 = EDGE_CURVE('',#3240,#1036,#3248,.T.);
#3248 = LINE('',#3249,#3250);
#3249 = CARTESIAN_POINT('',(-8.881784197001E-16,54.,4.));
#3250 = VECTOR('',#3251,1.);
#3251 = DIRECTION('',(1.,0.,2.22044604925E-16));
#3252 = ORIENTED_EDGE('',*,*,#1117,.T.);
#3253 = PLANE('',#3254);
#3254 = AXIS2_PLACEMENT_3D('',#3255,#3256,#3257);
#3255 = CARTESIAN_POINT('',(0.,54.,0.));
#3256 = DIRECTION('',(0.,1.,0.));
#3257 = DIRECTION('',(-2.22044604925E-16,0.,1.));
#3258 = ADVANCED_FACE('',(#3259),#3277,.F.);
#3259 = FACE_BOUND('',#3260,.F.);
#3260 = EDGE_LOOP('',(#3261,#3269,#3275,#3276));
#3261 = ORIENTED_EDGE('',*,*,#3262,.F.);
#3262 = EDGE_CURVE('',#3263,#3232,#3265,.T.);
#3263 = VERTEX_POINT('',#3264);
#3264 = CARTESIAN_POINT('',(14.142135623731,44.,-2.6645352591E-15));
#3265 = LINE('',#3266,#3267);
#3266 = CARTESIAN_POINT('',(14.142135623731,-277.,0.));
#3267 = VECTOR('',#3268,1.);
#3268 = DIRECTION('',(0.,1.,0.));
#3269 = ORIENTED_EDGE('',*,*,#3270,.T.);
#3270 = EDGE_CURVE('',#3263,#1134,#3271,.T.);
#3271 = LINE('',#3272,#3273);
#3272 = CARTESIAN_POINT('',(0.,44.,0.));
#3273 = VECTOR('',#3274,1.);
#3274 = DIRECTION('',(1.,0.,-2.22044604925E-16));
#3275 = ORIENTED_EDGE('',*,*,#1133,.T.);
#3276 = ORIENTED_EDGE('',*,*,#3231,.F.);
#3277 = PLANE('',#3278);
#3278 = AXIS2_PLACEMENT_3D('',#3279,#3280,#3281);
#3279 = CARTESIAN_POINT('',(0.,-54.,0.));
#3280 = DIRECTION('',(-2.22044604925E-16,0.,1.));
#3281 = DIRECTION('',(1.,0.,2.22044604925E-16));
#3282 = ADVANCED_FACE('',(#3283),#3294,.F.);
#3283 = FACE_BOUND('',#3284,.F.);
#3284 = EDGE_LOOP('',(#3285,#3291,#3292,#3293));
#3285 = ORIENTED_EDGE('',*,*,#3286,.T.);
#3286 = EDGE_CURVE('',#1152,#3208,#3287,.T.);
#3287 = LINE('',#3288,#3289);
#3288 = CARTESIAN_POINT('',(34.473358543988,49.,-1.));
#3289 = VECTOR('',#3290,1.);
#3290 = DIRECTION('',(-2.22044604925E-16,0.,1.));
#3291 = ORIENTED_EDGE('',*,*,#3215,.F.);
#3292 = ORIENTED_EDGE('',*,*,#3286,.F.);
#3293 = ORIENTED_EDGE('',*,*,#1151,.T.);
#3294 = CYLINDRICAL_SURFACE('',#3295,2.3);
#3295 = AXIS2_PLACEMENT_3D('',#3296,#3297,#3298);
#3296 = CARTESIAN_POINT('',(32.173358543988,49.,-1.));
#3297 = DIRECTION('',(-2.22044604925E-16,0.,1.));
#3298 = DIRECTION('',(1.,0.,2.22044604925E-16));
#3299 = ADVANCED_FACE('',(#3300),#3311,.F.);
#3300 = FACE_BOUND('',#3301,.F.);
#3301 = EDGE_LOOP('',(#3302,#3308,#3309,#3310));
#3302 = ORIENTED_EDGE('',*,*,#3303,.F.);
#3303 = EDGE_CURVE('',#1319,#3263,#3304,.T.);
#3304 = LINE('',#3305,#3306);
#3305 = CARTESIAN_POINT('',(14.142135623731,-277.,0.));
#3306 = VECTOR('',#3307,1.);
#3307 = DIRECTION('',(0.,1.,0.));
#3308 = ORIENTED_EDGE('',*,*,#1318,.T.);
#3309 = ORIENTED_EDGE('',*,*,#1168,.T.);
#3310 = ORIENTED_EDGE('',*,*,#3270,.F.);
#3311 = PLANE('',#3312);
#3312 = AXIS2_PLACEMENT_3D('',#3313,#3314,#3315);
#3313 = CARTESIAN_POINT('',(0.,-54.,0.));
#3314 = DIRECTION('',(-2.22044604925E-16,0.,1.));
#3315 = DIRECTION('',(1.,0.,2.22044604925E-16));
#3316 = ADVANCED_FACE('',(#3317),#3328,.F.);
#3317 = FACE_BOUND('',#3318,.F.);
#3318 = EDGE_LOOP('',(#3319,#3320,#3321,#3322,#3323,#3324,#3325,#3326,
    #3327));
#3319 = ORIENTED_EDGE('',*,*,#1311,.F.);
#3320 = ORIENTED_EDGE('',*,*,#1244,.T.);
#3321 = ORIENTED_EDGE('',*,*,#1236,.F.);
#3322 = ORIENTED_EDGE('',*,*,#1227,.T.);
#3323 = ORIENTED_EDGE('',*,*,#1219,.F.);
#3324 = ORIENTED_EDGE('',*,*,#1210,.T.);
#3325 = ORIENTED_EDGE('',*,*,#1201,.T.);
#3326 = ORIENTED_EDGE('',*,*,#1192,.T.);
#3327 = ORIENTED_EDGE('',*,*,#1184,.F.);
#3328 = PLANE('',#3329);
#3329 = AXIS2_PLACEMENT_3D('',#3330,#3331,#3332);
#3330 = CARTESIAN_POINT('',(-500.,-500.,-1.110223024625E-13));
#3331 = DIRECTION('',(-2.22044604925E-16,0.,1.));
#3332 = DIRECTION('',(1.,0.,2.22044604925E-16));
#3333 = ADVANCED_FACE('',(#3334),#3359,.F.);
#3334 = FACE_BOUND('',#3335,.F.);
#3335 = EDGE_LOOP('',(#3336,#3346,#3352,#3353));
#3336 = ORIENTED_EDGE('',*,*,#3337,.F.);
#3337 = EDGE_CURVE('',#3338,#3340,#3342,.T.);
#3338 = VERTEX_POINT('',#3339);
#3339 = CARTESIAN_POINT('',(10.142135623731,-40.,4.));
#3340 = VERTEX_POINT('',#3341);
#3341 = CARTESIAN_POINT('',(10.142135623731,-38.,4.));
#3342 = LINE('',#3343,#3344);
#3343 = CARTESIAN_POINT('',(10.142135623731,-277.,4.));
#3344 = VECTOR('',#3345,1.);
#3345 = DIRECTION('',(0.,1.,0.));
#3346 = ORIENTED_EDGE('',*,*,#3347,.F.);
#3347 = EDGE_CURVE('',#1270,#3338,#3348,.T.);
#3348 = LINE('',#3349,#3350);
#3349 = CARTESIAN_POINT('',(-174.655374953,-40.,188.7975105768));
#3350 = VECTOR('',#3351,1.);
#3351 = DIRECTION('',(-0.707106781187,0.,0.707106781187));
#3352 = ORIENTED_EDGE('',*,*,#1269,.T.);
#3353 = ORIENTED_EDGE('',*,*,#3354,.F.);
#3354 = EDGE_CURVE('',#3340,#1272,#3355,.T.);
#3355 = LINE('',#3356,#3357);
#3356 = CARTESIAN_POINT('',(-167.4556274847,-38.,181.5977631085));
#3357 = VECTOR('',#3358,1.);
#3358 = DIRECTION('',(0.707106781187,0.,-0.707106781187));
#3359 = PLANE('',#3360);
#3360 = AXIS2_PLACEMENT_3D('',#3361,#3362,#3363);
#3361 = CARTESIAN_POINT('',(-346.4823227814,-500.,360.62445840513));
#3362 = DIRECTION('',(0.707106781187,0.,0.707106781187));
#3363 = DIRECTION('',(0.707106781187,0.,-0.707106781187));
#3364 = ADVANCED_FACE('',(#3365),#3383,.T.);
#3365 = FACE_BOUND('',#3366,.T.);
#3366 = EDGE_LOOP('',(#3367,#3375,#3376,#3377));
#3367 = ORIENTED_EDGE('',*,*,#3368,.F.);
#3368 = EDGE_CURVE('',#1488,#3369,#3371,.T.);
#3369 = VERTEX_POINT('',#3370);
#3370 = CARTESIAN_POINT('',(41.497474683058,-38.,4.));
#3371 = LINE('',#3372,#3373);
#3372 = CARTESIAN_POINT('',(41.497474683058,-38.,-1.));
#3373 = VECTOR('',#3374,1.);
#3374 = DIRECTION('',(-2.22044604925E-16,0.,1.));
#3375 = ORIENTED_EDGE('',*,*,#1495,.T.);
#3376 = ORIENTED_EDGE('',*,*,#3354,.F.);
#3377 = ORIENTED_EDGE('',*,*,#3378,.F.);
#3378 = EDGE_CURVE('',#3369,#3340,#3379,.T.);
#3379 = LINE('',#3380,#3381);
#3380 = CARTESIAN_POINT('',(4.,-38.,4.));
#3381 = VECTOR('',#3382,1.);
#3382 = DIRECTION('',(-1.,0.,-2.22044604925E-16));
#3383 = PLANE('',#3384);
#3384 = AXIS2_PLACEMENT_3D('',#3385,#3386,#3387);
#3385 = CARTESIAN_POINT('',(8.,-38.,-1.));
#3386 = DIRECTION('',(0.,1.,0.));
#3387 = DIRECTION('',(-2.22044604925E-16,0.,1.));
#3388 = ADVANCED_FACE('',(#3389),#3411,.F.);
#3389 = FACE_BOUND('',#3390,.F.);
#3390 = EDGE_LOOP('',(#3391,#3392,#3393,#3405));
#3391 = ORIENTED_EDGE('',*,*,#3368,.F.);
#3392 = ORIENTED_EDGE('',*,*,#1487,.T.);
#3393 = ORIENTED_EDGE('',*,*,#3394,.F.);
#3394 = EDGE_CURVE('',#3395,#1457,#3397,.T.);
#3395 = VERTEX_POINT('',#3396);
#3396 = CARTESIAN_POINT('',(41.497474683058,-17.52263575351,4.));
#3397 = B_SPLINE_CURVE_WITH_KNOTS('',6,(#3398,#3399,#3400,#3401,#3402,
    #3403,#3404),.UNSPECIFIED.,.F.,.F.,(7,7),(0.,1.),
  .PIECEWISE_BEZIER_KNOTS.);
#3398 = CARTESIAN_POINT('',(41.497474683058,-17.52263575351,4.));
#3399 = CARTESIAN_POINT('',(41.497474683058,-17.5340189669,
    3.317113493109));
#3400 = CARTESIAN_POINT('',(41.497474683058,-17.55825587417,
    2.639558143441));
#3401 = CARTESIAN_POINT('',(41.497474683058,-17.59535788491,
    1.968445937942));
#3402 = CARTESIAN_POINT('',(41.497474683058,-17.64499549504,
    1.304541860358));
#3403 = CARTESIAN_POINT('',(41.497474683058,-17.70655755157,
    0.648307309644));
#3404 = CARTESIAN_POINT('',(41.497474683058,-17.77930508438,
    7.105427357601E-15));
#3405 = ORIENTED_EDGE('',*,*,#3406,.F.);
#3406 = EDGE_CURVE('',#3369,#3395,#3407,.T.);
#3407 = LINE('',#3408,#3409);
#3408 = CARTESIAN_POINT('',(41.497474683058,-46.,4.));
#3409 = VECTOR('',#3410,1.);
#3410 = DIRECTION('',(0.,1.,0.));
#3411 = PLANE('',#3412);
#3412 = AXIS2_PLACEMENT_3D('',#3413,#3414,#3415);
#3413 = CARTESIAN_POINT('',(41.497474683058,-38.,-1.));
#3414 = DIRECTION('',(1.,0.,2.22044604925E-16));
#3415 = DIRECTION('',(-2.22044604925E-16,0.,1.));
#3416 = ADVANCED_FACE('',(#3417),#3488,.F.);
#3417 = FACE_BOUND('',#3418,.F.);
#3418 = EDGE_LOOP('',(#3419,#3463,#3486,#3487));
#3419 = ORIENTED_EDGE('',*,*,#3420,.F.);
#3420 = EDGE_CURVE('',#3421,#1425,#3423,.T.);
#3421 = VERTEX_POINT('',#3422);
#3422 = CARTESIAN_POINT('',(45.696103272257,-17.50070578338,4.));
#3423 = ( BOUNDED_CURVE() B_SPLINE_CURVE(11,(#3424,#3425,#3426,#3427,
    #3428,#3429,#3430,#3431,#3432,#3433,#3434,#3435,#3436,#3437,#3438,
    #3439,#3440,#3441,#3442,#3443,#3444,#3445,#3446,#3447,#3448,#3449,
    #3450,#3451,#3452,#3453,#3454,#3455,#3456,#3457,#3458,#3459,#3460,
#3461,#3462),.UNSPECIFIED.,.F.,.F.) B_SPLINE_CURVE_WITH_KNOTS((12,9,9,9,
12),(0.,0.4,0.5,0.7,1.),.UNSPECIFIED.) CURVE() 
GEOMETRIC_REPRESENTATION_ITEM() RATIONAL_B_SPLINE_CURVE((1.031393471788,
    1.031393471788,1.031393471788,1.031393471788,1.031393471787,
    1.031393471788,1.031393471787,1.031393471788,1.031393471787,
    1.031393471788,1.031393471787,1.031393471788,1.031393471787,
    1.031393471788,1.031393471787,1.031393471788,1.031393471787,
    1.031393471788,1.031393471788,1.031393471787,1.031393471788,
    1.031393471787,1.031393471788,1.031393471787,1.031393471788,
    1.031393471787,1.031393471788,1.031393471788,1.031393471787,
    1.031393471788,1.031393471787,1.031393471788,1.031393471786,
    1.031393471789,1.031393471787,1.031393471788,1.031393471787,
1.031393471788,1.031393471788)) REPRESENTATION_ITEM('') );
#3424 = CARTESIAN_POINT('',(46.272877067147,-17.63327603608,
    7.525150795124));
#3425 = CARTESIAN_POINT('',(45.863823178001,-17.37556107521,
    3.750212844003));
#3426 = CARTESIAN_POINT('',(45.040692595146,-17.39423733898,
    0.368836896974));
#3427 = CARTESIAN_POINT('',(43.835863351619,-17.68435369494,
    -2.633253106408));
#3428 = CARTESIAN_POINT('',(42.290066074175,-18.2357878392,
    -5.266587031703));
#3429 = CARTESIAN_POINT('',(40.45404046283,-19.03633613861,
    -7.522021650228));
#3430 = CARTESIAN_POINT('',(38.415021141545,-20.04009984971,
    -9.449888385257));
#3431 = CARTESIAN_POINT('',(36.172267942697,-21.2526423231,
    -11.0953089537));
#3432 = CARTESIAN_POINT('',(33.783362192221,-22.6504307512,
    -12.47833424345));
#3433 = CARTESIAN_POINT('',(31.275361317857,-24.2243132933,
    -13.64389784021));
#3434 = CARTESIAN_POINT('',(28.035906630038,-26.39744452942,
    -14.87121594777));
#3435 = CARTESIAN_POINT('',(24.719684552124,-28.81295540308,
    -15.82742528981));
#3436 = CARTESIAN_POINT('',(24.054005505716,-29.30547614632,
    -16.00857587116));
#3437 = CARTESIAN_POINT('',(23.386492645335,-29.80717145025,
    -16.18031005163));
#3438 = CARTESIAN_POINT('',(22.71772082173,-30.31782533824,
    -16.34318867958));
#3439 = CARTESIAN_POINT('',(22.048248081214,-30.83724480256,
    -16.49762984044));
#3440 = CARTESIAN_POINT('',(21.378624707179,-31.36525425749,
    -16.64388726729));
#3441 = CARTESIAN_POINT('',(20.709402141357,-31.90168950829,
    -16.78203588694));
#3442 = CARTESIAN_POINT('',(20.041141785042,-32.44639123549,
    -16.91196450151));
#3443 = CARTESIAN_POINT('',(18.040987469909,-34.1048115141,
    -17.27619781385));
#3444 = CARTESIAN_POINT('',(16.060178603877,-35.83463760553,
    -17.55948178985));
#3445 = CARTESIAN_POINT('',(14.753431788439,-37.01723152915,
    -17.71611183088));
#3446 = CARTESIAN_POINT('',(13.465431559506,-38.22728403754,
    -17.84112814756));
#3447 = CARTESIAN_POINT('',(12.201334108756,-39.46273141719,
    -17.93328630479));
#3448 = CARTESIAN_POINT('',(10.966540609491,-40.72108360656,
    -17.99120794033));
#3449 = CARTESIAN_POINT('',(9.766489058582,-41.99937584005,
    -18.01514944507));
#3450 = CARTESIAN_POINT('',(8.606343285782,-43.29427810539,
    -18.00842249144));
#3451 = CARTESIAN_POINT('',(7.490727403506,-44.6022880049,
    -17.97807230502));
#3452 = CARTESIAN_POINT('',(4.823043821084,-47.89639951958,
    -17.86894047624));
#3453 = CARTESIAN_POINT('',(2.481695270559,-51.23005908603,
    -17.74921518612));
#3454 = CARTESIAN_POINT('',(1.209105599898,-53.23433858975,
    -17.66744286473));
#3455 = CARTESIAN_POINT('',(8.177453082276E-02,-55.22946555479,
    -17.58008794411));
#3456 = CARTESIAN_POINT('',(-0.888878708342,-57.2023056553,
    -17.49502038377));
#3457 = CARTESIAN_POINT('',(-1.694338613965,-59.13893911355,
    -17.41968271305));
#3458 = CARTESIAN_POINT('',(-2.330741365835,-61.02494337928,
    -17.359118967));
#3459 = CARTESIAN_POINT('',(-2.799965167256,-62.8490590267,
    -17.31525424298));
#3460 = CARTESIAN_POINT('',(-3.108718888204,-64.60942280646,
    -17.28703058146));
#3461 = CARTESIAN_POINT('',(-3.26406262296,-66.31852261856,
    -17.27133173704));
#3462 = CARTESIAN_POINT('',(-3.26357146197,-68.,-17.264956266));
#3463 = ORIENTED_EDGE('',*,*,#3464,.F.);
#3464 = EDGE_CURVE('',#3395,#3421,#3465,.T.);
#3465 = B_SPLINE_CURVE_WITH_KNOTS('',7,(#3466,#3467,#3468,#3469,#3470,
    #3471,#3472,#3473,#3474,#3475,#3476,#3477,#3478,#3479,#3480,#3481,
    #3482,#3483,#3484,#3485),.UNSPECIFIED.,.F.,.F.,(8,6,6,8),(0.,
    0.27738480571,0.692934617018,1.),.UNSPECIFIED.);
#3466 = CARTESIAN_POINT('',(30.938932925029,-17.79768710355,4.));
#3467 = CARTESIAN_POINT('',(31.542685528759,-17.75969001351,4.));
#3468 = CARTESIAN_POINT('',(32.142023135169,-17.72793033191,4.));
#3469 = CARTESIAN_POINT('',(32.738076698347,-17.70085694046,4.));
#3470 = CARTESIAN_POINT('',(33.331507242919,-17.67746667625,4.));
#3471 = CARTESIAN_POINT('',(33.922774534222,-17.65707331247,4.));
#3472 = CARTESIAN_POINT('',(34.512235945934,-17.63916173261,4.));
#3473 = CARTESIAN_POINT('',(35.980997659863,-17.59964624823,4.));
#3474 = CARTESIAN_POINT('',(36.858365476126,-17.58064784463,4.));
#3475 = CARTESIAN_POINT('',(37.73320759518,-17.56504185232,4.));
#3476 = CARTESIAN_POINT('',(38.606002654711,-17.55212335515,4.));
#3477 = CARTESIAN_POINT('',(39.477117289954,-17.5413701971,4.));
#3478 = CARTESIAN_POINT('',(40.346812727262,-17.53241824562,4.));
#3479 = CARTESIAN_POINT('',(41.857066627112,-17.51949035985,4.));
#3480 = CARTESIAN_POINT('',(42.498166884087,-17.51482536967,4.));
#3481 = CARTESIAN_POINT('',(43.138687419068,-17.51087641556,4.));
#3482 = CARTESIAN_POINT('',(43.778693188844,-17.50755469294,4.));
#3483 = CARTESIAN_POINT('',(44.418236375834,-17.50478963978,4.));
#3484 = CARTESIAN_POINT('',(45.057360290248,-17.50252348275,4.));
#3485 = CARTESIAN_POINT('',(45.696103272257,-17.50070578338,4.));
#3486 = ORIENTED_EDGE('',*,*,#3394,.T.);
#3487 = ORIENTED_EDGE('',*,*,#1456,.T.);
#3488 = B_SPLINE_SURFACE_WITH_KNOTS('',1,11,(
    (#3489,#3490,#3491,#3492,#3493,#3494,#3495,#3496,#3497,#3498,#3499
      ,#3500,#3501,#3502,#3503,#3504,#3505,#3506,#3507,#3508,#3509,#3510
      ,#3511,#3512,#3513,#3514,#3515,#3516,#3517,#3518,#3519,#3520,#3521
      ,#3522,#3523,#3524,#3525,#3526,#3527)
    ,(#3528,#3529,#3530,#3531,#3532,#3533,#3534,#3535,#3536,#3537,#3538
      ,#3539,#3540,#3541,#3542,#3543,#3544,#3545,#3546,#3547,#3548,#3549
      ,#3550,#3551,#3552,#3553,#3554,#3555,#3556,#3557,#3558,#3559,#3560
      ,#3561,#3562,#3563,#3564,#3565,#3566
    )),.UNSPECIFIED.,.F.,.F.,.F.,(2,2),(12,9,9,9,12),(0.,14.),(0.,0.4,
    0.5,0.7,1.),.UNSPECIFIED.);
#3489 = CARTESIAN_POINT('',(46.272877067147,-17.63327603608,
    7.525150795124));
#3490 = CARTESIAN_POINT('',(45.863823178001,-17.37556107521,
    3.750212844002));
#3491 = CARTESIAN_POINT('',(45.040692595145,-17.39423733898,
    0.368836896978));
#3492 = CARTESIAN_POINT('',(43.835863351623,-17.68435369496,
    -2.633253106419));
#3493 = CARTESIAN_POINT('',(42.290066074163,-18.23578783918,
    -5.266587031681));
#3494 = CARTESIAN_POINT('',(40.454040462848,-19.03633613865,
    -7.52202165026));
#3495 = CARTESIAN_POINT('',(38.415021141526,-20.04009984968,
    -9.449888385222));
#3496 = CARTESIAN_POINT('',(36.172267942711,-21.25264232312,
    -11.09530895373));
#3497 = CARTESIAN_POINT('',(33.783362192214,-22.65043075118,
    -12.47833424343));
#3498 = CARTESIAN_POINT('',(31.27536131786,-24.2243132933,
    -13.64389784022));
#3499 = CARTESIAN_POINT('',(28.035906630037,-26.39744452942,
    -14.87121594777));
#3500 = CARTESIAN_POINT('',(24.719684552125,-28.81295540308,
    -15.82742528982));
#3501 = CARTESIAN_POINT('',(24.05400516923,-29.30547478999,
    -16.00859585066));
#3502 = CARTESIAN_POINT('',(23.386491804136,-29.80716805942,
    -16.1803600004));
#3503 = CARTESIAN_POINT('',(22.717719619994,-30.31782049419,
    -16.34326003495));
#3504 = CARTESIAN_POINT('',(22.048246879503,-30.83723995851,
    -16.49770119582));
#3505 = CARTESIAN_POINT('',(21.378623865963,-31.36525086666,
    -16.64393721605));
#3506 = CARTESIAN_POINT('',(20.709401804879,-31.90168815195,
    -16.78205586644));
#3507 = CARTESIAN_POINT('',(20.041141785042,-32.4463912355,
    -16.91196450151));
#3508 = CARTESIAN_POINT('',(18.04098746991,-34.1048115141,
    -17.27619781385));
#3509 = CARTESIAN_POINT('',(16.060178603878,-35.83463760553,
    -17.55948178985));
#3510 = CARTESIAN_POINT('',(14.753431788437,-37.01723152915,
    -17.71611183088));
#3511 = CARTESIAN_POINT('',(13.465431559509,-38.22728403755,
    -17.84112814757));
#3512 = CARTESIAN_POINT('',(12.201334108753,-39.46273141718,
    -17.93328630478));
#3513 = CARTESIAN_POINT('',(10.966540609493,-40.72108360657,
    -17.99120794034));
#3514 = CARTESIAN_POINT('',(9.766489058582,-41.99937584004,
    -18.01514944506));
#3515 = CARTESIAN_POINT('',(8.606343285781,-43.29427810539,
    -18.00842249145));
#3516 = CARTESIAN_POINT('',(7.490727403507,-44.6022880049,
    -17.97807230502));
#3517 = CARTESIAN_POINT('',(4.823043821083,-47.89639951958,
    -17.86894047624));
#3518 = CARTESIAN_POINT('',(2.48169527056,-51.23005908604,
    -17.74921518612));
#3519 = CARTESIAN_POINT('',(1.209105599896,-53.23433858974,
    -17.66744286472));
#3520 = CARTESIAN_POINT('',(8.177453082657E-02,-55.22946555482,
    -17.58008794412));
#3521 = CARTESIAN_POINT('',(-0.888878708346,-57.20230565525,
    -17.49502038376));
#3522 = CARTESIAN_POINT('',(-1.694338613962,-59.1389391136,
    -17.41968271306));
#3523 = CARTESIAN_POINT('',(-2.330741365836,-61.02494337924,
    -17.35911896699));
#3524 = CARTESIAN_POINT('',(-2.799965167256,-62.84905902672,
    -17.31525424298));
#3525 = CARTESIAN_POINT('',(-3.108718888204,-64.60942280645,
    -17.28703058146));
#3526 = CARTESIAN_POINT('',(-3.26406262296,-66.31852261857,
    -17.27133173704));
#3527 = CARTESIAN_POINT('',(-3.26357146197,-68.,-17.264956266));
#3528 = CARTESIAN_POINT('',(32.349570531991,-17.63327603608,
    8.988549280871));
#3529 = CARTESIAN_POINT('',(32.105215539326,-17.47014377884,
    6.780616656073));
#3530 = CARTESIAN_POINT('',(31.65892887897,-17.50978967708,
    5.111814854456));
#3531 = CARTESIAN_POINT('',(31.105429345734,-17.68109106778,
    3.891362846746));
#3532 = CARTESIAN_POINT('',(30.490783577039,-17.93268389139,
    2.971944858185));
#3533 = CARTESIAN_POINT('',(29.916527681128,-18.1603258047,
    2.073316363847));
#3534 = CARTESIAN_POINT('',(28.890787146331,-18.60258720318,
    0.923136447317));
#3535 = CARTESIAN_POINT('',(27.588206659148,-19.26411304002,
    -6.523522436704E-02));
#3536 = CARTESIAN_POINT('',(25.963093596977,-20.15361264178,
    -1.068349374239));
#3537 = CARTESIAN_POINT('',(24.083531994674,-21.28860022739,
    -1.96291249273));
#3538 = CARTESIAN_POINT('',(21.485882387896,-23.00762103122,
    -2.959662857127));
#3539 = CARTESIAN_POINT('',(18.649867224551,-25.06994402401,
    -3.778623090671));
#3540 = CARTESIAN_POINT('',(18.074228965347,-25.49621927918,
    -3.935394913367));
#3541 = CARTESIAN_POINT('',(17.491195301726,-25.93629558851,
    -4.085229187917));
#3542 = CARTESIAN_POINT('',(16.901735233881,-26.39006963115,
    -4.228189764234));
#3543 = CARTESIAN_POINT('',(16.306735691809,-26.85733882127,
    -4.364311545572));
#3544 = CARTESIAN_POINT('',(15.706990286999,-27.33779576091,
    -4.49359036801));
#3545 = CARTESIAN_POINT('',(15.103188064135,-27.83102269355,
    -4.615972879679));
#3546 = CARTESIAN_POINT('',(14.49590225282,-28.33648595703,
    -4.73134642026));
#3547 = CARTESIAN_POINT('',(12.664932552129,-29.88761939663,
    -5.055893860264));
#3548 = CARTESIAN_POINT('',(10.809396741904,-31.53594476116,
    -5.313367001781));
#3549 = CARTESIAN_POINT('',(9.568600060264,-32.67671784463,
    -5.456862693271));
#3550 = CARTESIAN_POINT('',(8.329204274101,-33.85598351162,
    -5.572632736648));
#3551 = CARTESIAN_POINT('',(7.094953831143,-35.06926148692,
    -5.660455825441));
#3552 = CARTESIAN_POINT('',(5.869120719445,-36.31218419317,
    -5.720252319186));
#3553 = CARTESIAN_POINT('',(4.655621538586,-37.58161995652,-5.7528924127
    ));
#3554 = CARTESIAN_POINT('',(3.460040828679,-38.87646114469,
    -5.760831043499));
#3555 = CARTESIAN_POINT('',(2.29030663895,-40.197815012,-5.74837849926)
  );
#3556 = CARTESIAN_POINT('',(-0.543549161669,-43.57411505009,
    -5.680971471173));
#3557 = CARTESIAN_POINT('',(-3.076326748556,-47.14776144485,
    -5.563002920929));
#3558 = CARTESIAN_POINT('',(-4.478842364258,-49.34663203727,
    -5.474380033685));
#3559 = CARTESIAN_POINT('',(-5.750162646126,-51.59045923739,
    -5.373799463727));
#3560 = CARTESIAN_POINT('',(-6.874161763007,-53.8720328631,
    -5.268954844528));
#3561 = CARTESIAN_POINT('',(-7.835446101225,-56.18382210354,
    -5.167493248632));
#3562 = CARTESIAN_POINT('',(-8.621307359658,-58.51747806353,
    -5.076203184102));
#3563 = CARTESIAN_POINT('',(-9.22246128274,-60.86569804183,
    -5.000724996686));
#3564 = CARTESIAN_POINT('',(-9.632338439826,-63.22544080711,
    -4.945554141999));
#3565 = CARTESIAN_POINT('',(-9.844813677093,-65.60044881755,
    -4.914399969616));
#3566 = CARTESIAN_POINT('',(-9.850381082672,-68.,-4.911254836044));
#3567 = ADVANCED_FACE('',(#3568),#3630,.F.);
#3568 = FACE_BOUND('',#3569,.F.);
#3569 = EDGE_LOOP('',(#3570,#3612,#3613,#3628,#3629));
#3570 = ORIENTED_EDGE('',*,*,#3571,.F.);
#3571 = EDGE_CURVE('',#1671,#1410,#3572,.T.);
#3572 = B_SPLINE_CURVE_WITH_KNOTS('',11,(#3573,#3574,#3575,#3576,#3577,
    #3578,#3579,#3580,#3581,#3582,#3583,#3584,#3585,#3586,#3587,#3588,
    #3589,#3590,#3591,#3592,#3593,#3594,#3595,#3596,#3597,#3598,#3599,
    #3600,#3601,#3602,#3603,#3604,#3605,#3606,#3607,#3608,#3609,#3610,
    #3611),.UNSPECIFIED.,.F.,.F.,(12,9,9,9,12),(0.,0.4,0.5,0.7,1.),
  .UNSPECIFIED.);
#3573 = CARTESIAN_POINT('',(49.278317364262,-14.6405838853,
    7.419688426767));
#3574 = CARTESIAN_POINT('',(48.817591754264,-14.3494258858,
    3.121231482854));
#3575 = CARTESIAN_POINT('',(47.865739962687,-14.36145578155,
    -0.841648388515));
#3576 = CARTESIAN_POINT('',(46.435099697156,-14.69333545385,
    -4.457862972239));
#3577 = CARTESIAN_POINT('',(44.564071957793,-15.34922432254,
    -7.692462075156));
#3578 = CARTESIAN_POINT('',(42.282396412027,-16.34958003278,
    -10.44267806174));
#3579 = CARTESIAN_POINT('',(39.86723045976,-17.55833246181,
    -12.67262373177));
#3580 = CARTESIAN_POINT('',(37.267187007126,-18.97690941913,
    -14.58123669226));
#3581 = CARTESIAN_POINT('',(34.571006119734,-20.57395015264,
    -16.13357845443));
#3582 = CARTESIAN_POINT('',(31.79462976868,-22.33050804246,
    -17.42667232469));
#3583 = CARTESIAN_POINT('',(28.260606046441,-24.70877457057,
    -18.76616104782));
#3584 = CARTESIAN_POINT('',(24.696567621622,-27.30589912535,
    -19.79420568093));
#3585 = CARTESIAN_POINT('',(23.983025514764,-27.83370523142,
    -19.98824176281));
#3586 = CARTESIAN_POINT('',(23.269198591218,-28.36958766712,
    -20.17147639775));
#3587 = CARTESIAN_POINT('',(22.555533455825,-28.91330527128,
    -20.34455543102));
#3588 = CARTESIAN_POINT('',(21.842487273845,-29.46467603087,
    -20.507987124));
#3589 = CARTESIAN_POINT('',(21.130541331547,-30.02357252491,
    -20.66213012273));
#3590 = CARTESIAN_POINT('',(20.420214596989,-30.58991736824,
    -20.80718142649));
#3591 = CARTESIAN_POINT('',(19.712077280662,-31.16367865544,
    -20.94316435642));
#3592 = CARTESIAN_POINT('',(17.596138627281,-32.90723890302,
    -21.3234208594));
#3593 = CARTESIAN_POINT('',(15.512040257956,-34.71803677834,
    -21.61735933694));
#3594 = CARTESIAN_POINT('',(14.141217468545,-35.95266624375,
    -21.7790867925));
#3595 = CARTESIAN_POINT('',(12.793828067366,-37.2134827879,
    -21.90776221917));
#3596 = CARTESIAN_POINT('',(11.475448263416,-38.49946535652,
    -22.00279126542));
#3597 = CARTESIAN_POINT('',(10.192084004573,-39.80909380819,
    -22.0633855418));
#3598 = CARTESIAN_POINT('',(8.949554898922,-41.13990293842,
    -22.09018573595));
#3599 = CARTESIAN_POINT('',(7.752800161594,-42.48832410674,
    -22.08657020222));
#3600 = CARTESIAN_POINT('',(6.605355484476,-43.84982620585,
    -22.05929119678));
#3601 = CARTESIAN_POINT('',(3.865091092324,-47.27367998046,
    -21.95626553448));
#3602 = CARTESIAN_POINT('',(1.452491445223,-50.71792348537,
    -21.83448333304));
#3603 = CARTESIAN_POINT('',(0.140198514292,-52.78536203423,
    -21.75019402934));
#3604 = CARTESIAN_POINT('',(-1.023204156972,-54.84159535498,
    -21.65957475879));
#3605 = CARTESIAN_POINT('',(-2.026569160255,-56.87375347455,
    -21.57067035613));
#3606 = CARTESIAN_POINT('',(-2.861622324649,-58.86823219258,
    -21.49108124638));
#3607 = CARTESIAN_POINT('',(-3.524162028337,-60.81117221934,
    -21.42612351952));
#3608 = CARTESIAN_POINT('',(-4.014975464155,-62.69175702007,
    -21.3781538963));
#3609 = CARTESIAN_POINT('',(-4.339104955517,-64.50780412401,
    -21.34671504939));
#3610 = CARTESIAN_POINT('',(-4.501815632953,-66.27022178505,
    -21.32940662737));
#3611 = CARTESIAN_POINT('',(-4.499333992526,-68.,-21.32363720543));
#3612 = ORIENTED_EDGE('',*,*,#1670,.F.);
#3613 = ORIENTED_EDGE('',*,*,#3614,.F.);
#3614 = EDGE_CURVE('',#3421,#1663,#3615,.T.);
#3615 = B_SPLINE_CURVE_WITH_KNOTS('',6,(#3616,#3617,#3618,#3619,#3620,
    #3621,#3622,#3623,#3624,#3625,#3626,#3627),.UNSPECIFIED.,.F.,.F.,(7,
    5,7),(0.,0.550071130927,1.),.UNSPECIFIED.);
#3616 = CARTESIAN_POINT('',(45.696103272257,-17.50070578338,4.));
#3617 = CARTESIAN_POINT('',(45.995105417846,-17.49985489965,4.));
#3618 = CARTESIAN_POINT('',(46.294050693474,-17.46503927807,4.));
#3619 = CARTESIAN_POINT('',(46.587979482003,-17.39615796545,4.));
#3620 = CARTESIAN_POINT('',(46.872032238943,-17.29397238998,4.));
#3621 = CARTESIAN_POINT('',(47.1414254914,-17.15997460527,4.));
#3622 = CARTESIAN_POINT('',(47.596253479665,-16.86323468801,4.));
#3623 = CARTESIAN_POINT('',(47.788096370927,-16.71013341213,4.));
#3624 = CARTESIAN_POINT('',(47.964618773269,-16.53885464963,4.));
#3625 = CARTESIAN_POINT('',(48.123594010483,-16.35120838882,4.));
#3626 = CARTESIAN_POINT('',(48.263049440747,-16.14934723015,4.));
#3627 = CARTESIAN_POINT('',(48.381414524771,-15.93587076726,4.));
#3628 = ORIENTED_EDGE('',*,*,#3420,.T.);
#3629 = ORIENTED_EDGE('',*,*,#1424,.T.);
#3630 = ( BOUNDED_SURFACE() B_SPLINE_SURFACE(6,11,(
    (#3631,#3632,#3633,#3634,#3635,#3636,#3637,#3638,#3639,#3640,#3641
      ,#3642,#3643,#3644,#3645,#3646,#3647,#3648,#3649,#3650,#3651,#3652
      ,#3653,#3654,#3655,#3656,#3657,#3658,#3659,#3660,#3661,#3662,#3663
      ,#3664,#3665,#3666,#3667,#3668,#3669)
    ,(#3670,#3671,#3672,#3673,#3674,#3675,#3676,#3677,#3678,#3679,#3680
      ,#3681,#3682,#3683,#3684,#3685,#3686,#3687,#3688,#3689,#3690,#3691
      ,#3692,#3693,#3694,#3695,#3696,#3697,#3698,#3699,#3700,#3701,#3702
      ,#3703,#3704,#3705,#3706,#3707,#3708)
    ,(#3709,#3710,#3711,#3712,#3713,#3714,#3715,#3716,#3717,#3718,#3719
      ,#3720,#3721,#3722,#3723,#3724,#3725,#3726,#3727,#3728,#3729,#3730
      ,#3731,#3732,#3733,#3734,#3735,#3736,#3737,#3738,#3739,#3740,#3741
      ,#3742,#3743,#3744,#3745,#3746,#3747)
    ,(#3748,#3749,#3750,#3751,#3752,#3753,#3754,#3755,#3756,#3757,#3758
      ,#3759,#3760,#3761,#3762,#3763,#3764,#3765,#3766,#3767,#3768,#3769
      ,#3770,#3771,#3772,#3773,#3774,#3775,#3776,#3777,#3778,#3779,#3780
      ,#3781,#3782,#3783,#3784,#3785,#3786)
    ,(#3787,#3788,#3789,#3790,#3791,#3792,#3793,#3794,#3795,#3796,#3797
      ,#3798,#3799,#3800,#3801,#3802,#3803,#3804,#3805,#3806,#3807,#3808
      ,#3809,#3810,#3811,#3812,#3813,#3814,#3815,#3816,#3817,#3818,#3819
      ,#3820,#3821,#3822,#3823,#3824,#3825)
    ,(#3826,#3827,#3828,#3829,#3830,#3831,#3832,#3833,#3834,#3835,#3836
      ,#3837,#3838,#3839,#3840,#3841,#3842,#3843,#3844,#3845,#3846,#3847
      ,#3848,#3849,#3850,#3851,#3852,#3853,#3854,#3855,#3856,#3857,#3858
      ,#3859,#3860,#3861,#3862,#3863,#3864)
    ,(#3865,#3866,#3867,#3868,#3869,#3870,#3871,#3872,#3873,#3874,#3875
      ,#3876,#3877,#3878,#3879,#3880,#3881,#3882,#3883,#3884,#3885,#3886
      ,#3887,#3888,#3889,#3890,#3891,#3892,#3893,#3894,#3895,#3896,#3897
      ,#3898,#3899,#3900,#3901,#3902,#3903
)),.UNSPECIFIED.,.F.,.F.,.F.) B_SPLINE_SURFACE_WITH_KNOTS((7,7),(12,9,9,
    9,12),(0.,1.570796326795),(0.,0.4,0.5,0.7,1.),.UNSPECIFIED.) 
GEOMETRIC_REPRESENTATION_ITEM() RATIONAL_B_SPLINE_SURFACE((
    (1.031393471788,1.031393471788,1.031393471788,1.031393471788
      ,1.031393471787,1.031393471788,1.031393471787,1.031393471788
      ,1.031393471787,1.031393471788,1.031393471787,1.031393471788
      ,1.031393471787,1.031393471788,1.031393471787,1.031393471788
      ,1.031393471787,1.031393471788,1.031393471788,1.031393471787
      ,1.031393471788,1.031393471787,1.031393471788,1.031393471787
      ,1.031393471788,1.031393471787,1.031393471788,1.031393471788
      ,1.031393471787,1.031393471788,1.031393471787,1.031393471788
      ,1.031393471786,1.031393471789,1.031393471787,1.031393471788
      ,1.031393471787,1.031393471788,1.031393471788)
    ,(1.010025407661,1.010025407661,1.010025407661,1.010025407662
      ,1.010025407661,1.010025407662,1.010025407661,1.010025407662
      ,1.010025407661,1.010025407662,1.010025407661,1.010025407661
      ,1.010025407661,1.010025407661,1.010025407662,1.010025407661
      ,1.010025407662,1.010025407661,1.010025407661,1.010025407661
      ,1.010025407662,1.010025407661,1.010025407662,1.010025407661
      ,1.010025407662,1.010025407661,1.010025407662,1.010025407661
      ,1.010025407661,1.010025407661,1.010025407661,1.010025407662
      ,1.010025407661,1.010025407662,1.010025407661,1.010025407662
      ,1.010025407661,1.010025407661,1.010025407661)
    ,(0.997924642725,0.997924642725,0.997924642725,0.997924642726
      ,0.997924642724,0.997924642726,0.997924642724,0.997924642726
      ,0.997924642724,0.997924642725,0.997924642725,0.997924642725
      ,0.997924642725,0.997924642725,0.997924642725,0.997924642725
      ,0.997924642725,0.997924642725,0.997924642725,0.997924642725
      ,0.997924642725,0.997924642725,0.997924642725,0.997924642724
      ,0.997924642726,0.997924642725,0.997924642725,0.997924642725
      ,0.997924642725,0.997924642725,0.997924642725,0.997924642725
      ,0.997924642725,0.997924642725,0.997924642725,0.997924642725
      ,0.997924642725,0.997924642725,0.997924642725)
    ,(0.993958444137,0.993958444137,0.993958444137,0.993958444137
      ,0.993958444137,0.993958444137,0.993958444137,0.993958444137
      ,0.993958444137,0.993958444137,0.993958444137,0.993958444137
      ,0.993958444137,0.993958444137,0.993958444137,0.993958444137
      ,0.993958444137,0.993958444137,0.993958444137,0.993958444137
      ,0.993958444137,0.993958444137,0.993958444138,0.993958444136
      ,0.993958444138,0.993958444136,0.993958444137,0.993958444137
      ,0.993958444137,0.993958444137,0.993958444137,0.993958444137
      ,0.993958444136,0.993958444138,0.993958444136,0.993958444137
      ,0.993958444137,0.993958444137,0.993958444137)
    ,(0.997924642725,0.997924642725,0.997924642725,0.997924642726
      ,0.997924642724,0.997924642726,0.997924642724,0.997924642726
      ,0.997924642724,0.997924642725,0.997924642725,0.997924642725
      ,0.997924642725,0.997924642725,0.997924642725,0.997924642725
      ,0.997924642725,0.997924642725,0.997924642725,0.997924642725
      ,0.997924642725,0.997924642725,0.997924642725,0.997924642725
      ,0.997924642725,0.997924642725,0.997924642725,0.997924642725
      ,0.997924642725,0.997924642725,0.997924642725,0.997924642726
      ,0.997924642724,0.997924642726,0.997924642724,0.997924642725
      ,0.997924642725,0.997924642725,0.997924642725)
    ,(1.010025407661,1.010025407661,1.010025407661,1.010025407662
      ,1.010025407661,1.010025407662,1.010025407661,1.010025407662
      ,1.010025407661,1.010025407662,1.010025407661,1.010025407661
      ,1.010025407661,1.010025407662,1.010025407661,1.010025407661
      ,1.010025407661,1.010025407661,1.010025407661,1.010025407661
      ,1.010025407662,1.010025407661,1.010025407662,1.010025407661
      ,1.010025407662,1.010025407661,1.010025407662,1.010025407661
      ,1.010025407661,1.010025407661,1.010025407661,1.010025407662
      ,1.010025407661,1.010025407662,1.010025407661,1.010025407662
      ,1.010025407661,1.010025407661,1.010025407661)
    ,(1.031393471788,1.031393471788,1.031393471788,1.031393471788
      ,1.031393471787,1.031393471788,1.031393471787,1.031393471788
      ,1.031393471787,1.031393471788,1.031393471787,1.031393471788
      ,1.031393471787,1.031393471788,1.031393471787,1.031393471788
      ,1.031393471787,1.031393471788,1.031393471788,1.031393471787
      ,1.031393471788,1.031393471787,1.031393471788,1.031393471787
      ,1.031393471788,1.031393471787,1.031393471788,1.031393471788
      ,1.031393471787,1.031393471788,1.031393471787,1.031393471788
      ,1.031393471786,1.031393471789,1.031393471787,1.031393471788
      ,1.031393471787,1.031393471788,1.031393471788
))) REPRESENTATION_ITEM('') SURFACE() );
#3631 = CARTESIAN_POINT('',(49.278317364262,-14.6405838853,
    7.419688426767));
#3632 = CARTESIAN_POINT('',(48.817591754264,-14.3494258858,
    3.121231482853));
#3633 = CARTESIAN_POINT('',(47.865739962691,-14.36145578156,
    -0.841648388513));
#3634 = CARTESIAN_POINT('',(46.435099697144,-14.69333545383,
    -4.457862972244));
#3635 = CARTESIAN_POINT('',(44.564071957818,-15.34922432257,
    -7.692462075149));
#3636 = CARTESIAN_POINT('',(42.282396411991,-16.34958003275,
    -10.44267806175));
#3637 = CARTESIAN_POINT('',(39.867230459795,-17.55833246185,
    -12.67262373176));
#3638 = CARTESIAN_POINT('',(37.2671870071,-18.9769094191,-14.58123669226
    ));
#3639 = CARTESIAN_POINT('',(34.571006119748,-20.57395015265,
    -16.13357845443));
#3640 = CARTESIAN_POINT('',(31.794629768675,-22.33050804245,
    -17.42667232469));
#3641 = CARTESIAN_POINT('',(28.260606046443,-24.70877457057,
    -18.76616104782));
#3642 = CARTESIAN_POINT('',(24.696567621621,-27.30589912535,
    -19.79420568093));
#3643 = CARTESIAN_POINT('',(23.983028997916,-27.8337117487,
    -19.98822327403));
#3644 = CARTESIAN_POINT('',(23.269207299081,-28.36960396031,
    -20.17143017579));
#3645 = CARTESIAN_POINT('',(22.555545895649,-28.91332854727,
    -20.34448939964));
#3646 = CARTESIAN_POINT('',(21.842499713652,-29.46469930686,
    -20.50792109263));
#3647 = CARTESIAN_POINT('',(21.130550039423,-30.0235888181,
    -20.66208390076));
#3648 = CARTESIAN_POINT('',(20.420218080135,-30.58992388552,
    -20.8071629377));
#3649 = CARTESIAN_POINT('',(19.712077280662,-31.16367865544,
    -20.94316435642));
#3650 = CARTESIAN_POINT('',(17.596138627282,-32.90723890302,
    -21.3234208594));
#3651 = CARTESIAN_POINT('',(15.512040257955,-34.71803677834,
    -21.61735933694));
#3652 = CARTESIAN_POINT('',(14.141217468548,-35.95266624376,
    -21.77908679251));
#3653 = CARTESIAN_POINT('',(12.79382806736,-37.21348278789,
    -21.90776221916));
#3654 = CARTESIAN_POINT('',(11.475448263423,-38.49946535654,
    -22.00279126543));
#3655 = CARTESIAN_POINT('',(10.192084004568,-39.80909380817,
    -22.06338554178));
#3656 = CARTESIAN_POINT('',(8.949554898924,-41.13990293843,
    -22.09018573596));
#3657 = CARTESIAN_POINT('',(7.752800161594,-42.48832410674,
    -22.08657020222));
#3658 = CARTESIAN_POINT('',(6.605355484476,-43.84982620585,
    -22.05929119678));
#3659 = CARTESIAN_POINT('',(3.865091092324,-47.27367998046,
    -21.95626553448));
#3660 = CARTESIAN_POINT('',(1.452491445223,-50.71792348537,
    -21.83448333304));
#3661 = CARTESIAN_POINT('',(0.140198514292,-52.78536203424,
    -21.75019402935));
#3662 = CARTESIAN_POINT('',(-1.023204156971,-54.84159535496,
    -21.65957475878));
#3663 = CARTESIAN_POINT('',(-2.026569160258,-56.87375347458,
    -21.57067035614));
#3664 = CARTESIAN_POINT('',(-2.861622324644,-58.86823219255,
    -21.49108124637));
#3665 = CARTESIAN_POINT('',(-3.524162028342,-60.81117221936,
    -21.42612351953));
#3666 = CARTESIAN_POINT('',(-4.014975464151,-62.69175702006,
    -21.37815389629));
#3667 = CARTESIAN_POINT('',(-4.339104955519,-64.50780412402,
    -21.34671504939));
#3668 = CARTESIAN_POINT('',(-4.501815632952,-66.27022178505,
    -21.32940662737));
#3669 = CARTESIAN_POINT('',(-4.499333992526,-68.,-21.32363720543));
#3670 = CARTESIAN_POINT('',(49.272469476122,-15.44064057786,
    7.364049487714));
#3671 = CARTESIAN_POINT('',(48.816122602077,-15.15300482507,
    3.115780249441));
#3672 = CARTESIAN_POINT('',(47.877094672507,-15.16561026348,
    -0.789749532607));
#3673 = CARTESIAN_POINT('',(46.469509630015,-15.49313155311,
    -4.343849748817));
#3674 = CARTESIAN_POINT('',(44.632085588491,-16.13827267768,-7.515892719
    ));
#3675 = CARTESIAN_POINT('',(42.397266350425,-17.11803229251,
    -10.21156205726));
#3676 = CARTESIAN_POINT('',(40.024611080369,-18.30415017326,
    -12.40530183635));
#3677 = CARTESIAN_POINT('',(37.466225294471,-19.69921232336,
    -14.28119379048));
#3678 = CARTESIAN_POINT('',(34.808435379377,-21.27210365074,
    -15.81003479346));
#3679 = CARTESIAN_POINT('',(32.067804607784,-23.00496843627,
    -17.08455978694));
#3680 = CARTESIAN_POINT('',(28.575763286669,-25.35440913149,
    -18.40726958685));
#3681 = CARTESIAN_POINT('',(25.050465935747,-27.92321455011,
    -19.423972519));
#3682 = CARTESIAN_POINT('',(24.344564329898,-28.44538815073,
    -19.61594735708));
#3683 = CARTESIAN_POINT('',(23.638283938093,-28.97566944355,
    -19.79734249321));
#3684 = CARTESIAN_POINT('',(22.932080227504,-29.51381234573,
    -19.96882163731));
#3685 = CARTESIAN_POINT('',(22.226416523789,-30.05962885307,
    -20.13089928262));
#3686 = CARTESIAN_POINT('',(21.521778619226,-30.61298621948,
    -20.28392080214));
#3687 = CARTESIAN_POINT('',(20.818688248831,-31.17380197858,
    -20.4280495212));
#3688 = CARTESIAN_POINT('',(20.117715433503,-31.74203680806,
    -20.56326076668));
#3689 = CARTESIAN_POINT('',(18.023038206097,-33.46898209274,
    -20.94150714429));
#3690 = CARTESIAN_POINT('',(15.959376471223,-35.26280211943,
    -21.23407589284));
#3691 = CARTESIAN_POINT('',(14.601905497301,-36.48591633811,
    -21.3951930423));
#3692 = CARTESIAN_POINT('',(13.267608630222,-37.73492545718,
    -21.52341994047));
#3693 = CARTESIAN_POINT('',(11.962030666749,-39.00866811752,
    -21.6179298332));
#3694 = CARTESIAN_POINT('',(10.691137849682,-40.30547243852,
    -21.67770221038));
#3695 = CARTESIAN_POINT('',(9.460734923917,-41.6227492263,
    -21.70323986041));
#3696 = CARTESIAN_POINT('',(8.275797051268,-42.95686632214,
    -21.69795239037));
#3697 = CARTESIAN_POINT('',(7.139961627684,-44.3033035601,
    -21.66882705284));
#3698 = CARTESIAN_POINT('',(4.428620172778,-47.68776416727,
    -21.56177872178));
#3699 = CARTESIAN_POINT('',(2.04603485523,-51.08869652352,-21.440445771)
  );
#3700 = CARTESIAN_POINT('',(0.751799062791,-53.12810290307,
    -21.35722179388));
#3701 = CARTESIAN_POINT('',(-0.393711711028,-55.15375309277,
    -21.26823285467));
#3702 = CARTESIAN_POINT('',(-1.37954701503,-57.15236707523,
    -21.18148713868));
#3703 = CARTESIAN_POINT('',(-2.197762183693,-59.10989028327,
    -21.10453114196));
#3704 = CARTESIAN_POINT('',(-2.84475257098,-61.01196490888,
    -21.04250828964));
#3705 = CARTESIAN_POINT('',(-3.322236494597,-62.8474293494,
    -20.99744708015));
#3706 = CARTESIAN_POINT('',(-3.636462473938,-64.61425395619,
    -20.9684114797));
#3707 = CARTESIAN_POINT('',(-3.79393083545,-66.32427027594,
    -20.9524187379));
#3708 = CARTESIAN_POINT('',(-3.791634249601,-68.,-20.94630224216));
#3709 = CARTESIAN_POINT('',(49.013157880789,-16.21985318837,
    7.336516246627));
#3710 = CARTESIAN_POINT('',(48.564075688667,-15.93737076086,
    3.165670504451));
#3711 = CARTESIAN_POINT('',(47.644401811953,-15.95091871362,
    -0.652808433454));
#3712 = CARTESIAN_POINT('',(46.271135441489,-16.27203093018,
    -4.113959639234));
#3713 = CARTESIAN_POINT('',(44.48340073983,-16.90124264931,
    -7.193856915186));
#3714 = CARTESIAN_POINT('',(42.317200460412,-17.85050714941,
    -9.81168620367));
#3715 = CARTESIAN_POINT('',(40.004405424942,-19.0043522985,
    -11.95599763818));
#3716 = CARTESIAN_POINT('',(37.503717438728,-20.36647539055,
    -13.78805278588));
#3717 = CARTESIAN_POINT('',(34.897230936465,-21.90658789069,
    -15.28708513669));
#3718 = CARTESIAN_POINT('',(32.202861613897,-23.60838228713,
    -16.53858870034));
#3719 = CARTESIAN_POINT('',(28.763399535124,-25.92147643576,
    -17.8407568809));
#3720 = CARTESIAN_POINT('',(25.284581000598,-28.45626712969,
    -18.84391357791));
#3721 = CARTESIAN_POINT('',(24.587757393903,-28.97174168386,
    -19.03345465867));
#3722 = CARTESIAN_POINT('',(23.890360397327,-29.49543544326,
    -19.21268608255));
#3723 = CARTESIAN_POINT('',(23.1928645897,-30.02710572159,
    -19.38226333181));
#3724 = CARTESIAN_POINT('',(22.495747572145,-30.56656275443,
    -19.54268851535));
#3725 = CARTESIAN_POINT('',(21.799503958016,-31.11366620833,
    -19.69428938116));
#3726 = CARTESIAN_POINT('',(21.104658398462,-31.66831980003,
    -19.83720559559));
#3727 = CARTESIAN_POINT('',(20.411777644691,-32.23046402693,
    -19.97138228888));
#3728 = CARTESIAN_POINT('',(18.34088964851,-33.93927296943,
    -20.34694802463));
#3729 = CARTESIAN_POINT('',(16.299413983237,-35.71507292223,
    -20.63771258009));
#3730 = CARTESIAN_POINT('',(14.956148262587,-36.92621012812,
    -20.79799607889));
#3731 = CARTESIAN_POINT('',(13.635488167003,-38.16315865499,
    -20.92561771131));
#3732 = CARTESIAN_POINT('',(12.342922184096,-39.42457647595,
    -21.01954301192));
#3733 = CARTESIAN_POINT('',(11.084339102591,-40.70860972528,
    -21.07854905402));
#3734 = CARTESIAN_POINT('',(9.865501478692,-42.01254540963,-21.1030155)
  );
#3735 = CARTESIAN_POINT('',(8.691427147836,-43.33272998814,
    -21.09636678985));
#3736 = CARTESIAN_POINT('',(7.565912742153,-44.66473791691,
    -21.06576923265));
#3737 = CARTESIAN_POINT('',(4.879713824621,-48.0123287588,
    -20.95556306278));
#3738 = CARTESIAN_POINT('',(2.522873943977,-51.37544977524,
    -20.83469965762));
#3739 = CARTESIAN_POINT('',(1.243858213361,-53.39109883386,
    -20.7523884673));
#3740 = CARTESIAN_POINT('',(0.1131503999,-55.3914928117,-20.66474647592)
  );
#3741 = CARTESIAN_POINT('',(-0.858405139162,-57.36306023945,
    -20.57974296233));
#3742 = CARTESIAN_POINT('',(-1.663059372721,-59.29142429329,
    -20.5048756245));
#3743 = CARTESIAN_POINT('',(-2.297627973208,-61.16185226766,
    -20.44515149707));
#3744 = CARTESIAN_POINT('',(-2.76453279775,-62.96291855495,
    -20.40234708154));
#3745 = CARTESIAN_POINT('',(-3.070955269236,-64.69272088978,
    -20.37516126615));
#3746 = CARTESIAN_POINT('',(-3.224358556999,-66.36383075683,
    -20.36016840466));
#3747 = CARTESIAN_POINT('',(-3.222352562564,-68.,-20.35377271883));
#3748 = CARTESIAN_POINT('',(48.521704989598,-16.89084751048,
    7.34099108195));
#3749 = CARTESIAN_POINT('',(48.082050555149,-16.61462431488,
    3.266995761823));
#3750 = CARTESIAN_POINT('',(47.186300607528,-16.62938774725,
    -0.443538895413));
#3751 = CARTESIAN_POINT('',(45.855130914212,-16.94269268486,
    -3.790336670755));
#3752 = CARTESIAN_POINT('',(44.128118061974,-17.55241252782,
    -6.757876554752));
#3753 = CARTESIAN_POINT('',(42.045307792596,-18.46438327462,
    -9.282545035231));
#3754 = CARTESIAN_POINT('',(39.803574675444,-19.57962356779,
    -11.36931501008));
#3755 = CARTESIAN_POINT('',(37.370678514282,-20.90276996601,
    -13.15096709166));
#3756 = CARTESIAN_POINT('',(34.82308053445,-22.4048666632,
    -14.61701379263));
#3757 = CARTESIAN_POINT('',(32.180651177401,-24.07145291039,
    -15.84347386539));
#3758 = CARTESIAN_POINT('',(28.798826850018,-26.34450247207,
    -17.12351267685));
#3759 = CARTESIAN_POINT('',(25.369280589776,-28.8432002643,
    -18.11236112227));
#3760 = CARTESIAN_POINT('',(24.682008177803,-29.35163001847,
    -18.2993367615));
#3761 = CARTESIAN_POINT('',(23.99388760023,-29.8684639686,-18.4762829422
    ));
#3762 = CARTESIAN_POINT('',(23.305417643402,-30.39346478065,
    -18.64383864524));
#3763 = CARTESIAN_POINT('',(22.617094645799,-30.92644116859,
    -18.80248804274));
#3764 = CARTESIAN_POINT('',(21.929425502892,-31.46724372657,
    -18.95253873867));
#3765 = CARTESIAN_POINT('',(21.242939917144,-32.01575921157,
    -19.09410744791));
#3766 = CARTESIAN_POINT('',(20.558201892699,-32.57190327581,
    -19.22711311427));
#3767 = CARTESIAN_POINT('',(18.511057640124,-34.26302839719,
    -19.59960617281));
#3768 = CARTESIAN_POINT('',(16.491099495015,-36.02174127537,
    -19.88832000254));
#3769 = CARTESIAN_POINT('',(15.161336341225,-37.22175940968,
    -20.04763266934));
#3770 = CARTESIAN_POINT('',(13.853355214277,-38.44772940168,
    -20.17455501837));
#3771 = CARTESIAN_POINT('',(12.572568923649,-39.69810710656,
    -20.26789342501));
#3772 = CARTESIAN_POINT('',(11.324758553911,-40.97084578799,
    -20.32627567057));
#3773 = CARTESIAN_POINT('',(10.115621030726,-42.26312263206,
    -20.34998721284));
#3774 = CARTESIAN_POINT('',(8.950219039079,-43.57130848714,
    -20.34244876454));
#3775 = CARTESIAN_POINT('',(7.832549964317,-44.89114806934,
    -20.3109281502));
#3776 = CARTESIAN_POINT('',(5.164801366848,-48.20857258152,
    -20.19880630296));
#3777 = CARTESIAN_POINT('',(2.826444542309,-51.54375556599,
    -20.07838106598));
#3778 = CARTESIAN_POINT('',(1.558032787866,-53.54269447109,
    -19.9967239552));
#3779 = CARTESIAN_POINT('',(0.43729892633,-55.52612968396,
    -19.90998712697));
#3780 = CARTESIAN_POINT('',(-0.524913397974,-57.48035285635,
    -19.82610296109));
#3781 = CARTESIAN_POINT('',(-1.320891149979,-59.39083271108,
    -19.75253107409));
#3782 = CARTESIAN_POINT('',(-1.947641606345,-61.2426306866,
    -19.69419464966));
#3783 = CARTESIAN_POINT('',(-2.407977472479,-63.02417003995,
    -19.6527247438));
#3784 = CARTESIAN_POINT('',(-2.709627779121,-64.73363551063,
    -19.62661282487));
#3785 = CARTESIAN_POINT('',(-2.860630877045,-66.3840673253,
    -19.61218331795));
#3786 = CARTESIAN_POINT('',(-2.858991800744,-68.,-19.60560943085));
#3787 = CARTESIAN_POINT('',(47.849189693671,-17.37888418316,
    7.377360458978));
#3788 = CARTESIAN_POINT('',(47.42011929127,-17.10935381232,
    3.409266857162));
#3789 = CARTESIAN_POINT('',(46.550297475199,-17.12547581752,
    -0.184003125747));
#3790 = CARTESIAN_POINT('',(45.264484795361,-17.43041364139,
    -3.407311818024));
#3791 = CARTESIAN_POINT('',(43.602707648563,-18.01917139561,
    -6.254346860962));
#3792 = CARTESIAN_POINT('',(41.609101829541,-18.8910530677,
    -8.680553719767));
#3793 = CARTESIAN_POINT('',(39.4419835232,-19.96550873539,
    -10.70787388657));
#3794 = CARTESIAN_POINT('',(37.079669434957,-21.24783733449,
    -12.43799802214));
#3795 = CARTESIAN_POINT('',(34.592186622228,-22.71078199169,
    -13.87145629128));
#3796 = CARTESIAN_POINT('',(32.001755653513,-24.34182858673,
    -15.07356902811));
#3797 = CARTESIAN_POINT('',(28.67637635499,-26.57547648777,
    -16.33229497887));
#3798 = CARTESIAN_POINT('',(25.293533889037,-29.03993055004,
    -17.30763079599));
#3799 = CARTESIAN_POINT('',(24.61524567813,-29.54173701512,
    -17.49218864939));
#3800 = CARTESIAN_POINT('',(23.935783496227,-30.05218675413,
    -17.66697683657));
#3801 = CARTESIAN_POINT('',(23.255672842748,-30.5710491781,
    -17.83261127261));
#3802 = CARTESIAN_POINT('',(22.575431255973,-31.09813188723,
    -17.98955453924));
#3803 = CARTESIAN_POINT('',(21.895580070914,-31.63327589436,
    -18.13809375305));
#3804 = CARTESIAN_POINT('',(21.216655648186,-32.1763496735,
    -18.27832590641));
#3805 = CARTESIAN_POINT('',(20.539220074666,-32.72724203242,
    -18.41015068114));
#3806 = CARTESIAN_POINT('',(18.513173856382,-34.40307736522,
    -18.77951084223));
#3807 = CARTESIAN_POINT('',(16.511700880903,-36.14751799252,
    -19.06614904693));
#3808 = CARTESIAN_POINT('',(15.193250956902,-37.33850250555,
    -19.22445838295));
#3809 = CARTESIAN_POINT('',(13.895591520234,-38.5557907774,
    -19.35066288938));
#3810 = CARTESIAN_POINT('',(12.624048391215,-39.79763697275,
    -19.44347633175));
#3811 = CARTESIAN_POINT('',(11.384276137205,-41.06181158835,
    -19.50144729462));
#3812 = CARTESIAN_POINT('',(10.181889521313,-42.34540815727,
    -19.52480660711));
#3813 = CARTESIAN_POINT('',(9.021993369312,-43.6448655563,
    -19.51695288426));
#3814 = CARTESIAN_POINT('',(7.908805844541,-44.95615664746,
    -19.48516589834));
#3815 = CARTESIAN_POINT('',(5.250716536639,-48.25349998877,
    -19.37259488911));
#3816 = CARTESIAN_POINT('',(2.921471284906,-51.57379327494,
    -19.25252809912));
#3817 = CARTESIAN_POINT('',(1.657832113901,-53.56498165159,
    -19.17119170352));
#3818 = CARTESIAN_POINT('',(0.541094365801,-55.54170992756,
    -19.08481395269));
#3819 = CARTESIAN_POINT('',(-0.417792329751,-57.4903042531,
    -19.00129639853));
#3820 = CARTESIAN_POINT('',(-1.210985476637,-59.39626558538,
    -18.92807558811));
#3821 = CARTESIAN_POINT('',(-1.835431573451,-61.24464307529,
    -18.87005319265));
#3822 = CARTESIAN_POINT('',(-2.293975011603,-63.02383958926,
    -18.82883855155));
#3823 = CARTESIAN_POINT('',(-2.59444264591,-64.73207649225,
    -18.8028979359));
#3824 = CARTESIAN_POINT('',(-2.744992811979,-66.38253704544,
    -18.78852844301));
#3825 = CARTESIAN_POINT('',(-2.743757704505,-68.,-18.7818980422));
#3826 = CARTESIAN_POINT('',(47.070493919995,-17.63327603608,
    7.44131788577));
#3827 = CARTESIAN_POINT('',(46.65200501517,-17.37014276756,
    3.576611756836));
#3828 = CARTESIAN_POINT('',(45.80728638046,-17.38761775533,
    9.712851060969E-02));
#3829 = CARTESIAN_POINT('',(44.565144767747,-17.6845405993,
    -3.007025215037));
#3830 = CARTESIAN_POINT('',(42.966005122671,-18.2531515894,
    -5.738543305975));
#3831 = CARTESIAN_POINT('',(41.057697199142,-19.08651966394,
    -8.071704535523));
#3832 = CARTESIAN_POINT('',(38.960630729757,-20.1224498511,
    -10.0441221903));
#3833 = CARTESIAN_POINT('',(36.66401837053,-21.3665581135,
    -11.72718275987));
#3834 = CARTESIAN_POINT('',(34.231357645722,-22.79346460579,
    -13.13197181146));
#3835 = CARTESIAN_POINT('',(31.687355714193,-24.39248988344,
    -14.31306006454));
#3836 = CARTESIAN_POINT('',(28.411134289425,-26.59163549574,
    -15.5535865804));
#3837 = CARTESIAN_POINT('',(25.067402860412,-29.02737925052,
    -16.51765843712));
#3838 = CARTESIAN_POINT('',(24.396566206428,-29.52369578873,
    -16.70020608897));
#3839 = CARTESIAN_POINT('',(23.72421459716,-30.02892226516,
    -16.87319558423));
#3840 = CARTESIAN_POINT('',(23.050899830549,-30.54283548265,
    -17.03721578017));
#3841 = CARTESIAN_POINT('',(22.377160784618,-31.06524245122,
    -17.19270639331));
#3842 = CARTESIAN_POINT('',(21.703533803329,-31.59597513624,
    -17.33993593074));
#3843 = CARTESIAN_POINT('',(21.030562773384,-32.1348843995,
    -17.47898698797));
#3844 = CARTESIAN_POINT('',(20.358808891832,-32.68183313325,
    -17.60974891323));
#3845 = CARTESIAN_POINT('',(18.348962590147,-34.34639949438,
    -17.97625568844));
#3846 = CARTESIAN_POINT('',(16.360977275023,-36.08089447341,
    -18.26101827561));
#3847 = CARTESIAN_POINT('',(15.050452410312,-37.26588416465,
    -18.41840073695));
#3848 = CARTESIAN_POINT('',(13.759667805222,-38.47770034199,
    -18.54394673984));
#3849 = CARTESIAN_POINT('',(12.493860525256,-39.7144177282,
    -18.63635323775));
#3850 = CARTESIAN_POINT('',(11.258553717152,-40.97365381794,
    -18.69416746934));
#3851 = CARTESIAN_POINT('',(10.059272533284,-42.25245340719,
    -18.71761066276));
#3852 = CARTESIAN_POINT('',(8.901156702353,-43.54735917143,
    -18.71004356982));
#3853 = CARTESIAN_POINT('',(7.788641065987,-44.85460464235,
    -18.67866809094));
#3854 = CARTESIAN_POINT('',(5.130476900619,-48.144007868,-18.56714599631
    ));
#3855 = CARTESIAN_POINT('',(2.800094640692,-51.46391944016,
    -18.44732006879));
#3856 = CARTESIAN_POINT('',(1.534947966642,-53.45705151052,
    -18.36594019202));
#3857 = CARTESIAN_POINT('',(0.415865528917,-55.4379313211,
    -18.27934292195));
#3858 = CARTESIAN_POINT('',(-0.546003068751,-57.39308517286,
    -18.19540831918));
#3859 = CARTESIAN_POINT('',(-1.342536345256,-59.30822728683,
    -18.12156719548));
#3860 = CARTESIAN_POINT('',(-1.970377149335,-61.16858717458,
    -18.06276365124));
#3861 = CARTESIAN_POINT('',(-2.432043141973,-62.9626787436,
    -18.02070995042));
#3862 = CARTESIAN_POINT('',(-2.735003859894,-64.68870622696,
    -17.99402999804));
#3863 = CARTESIAN_POINT('',(-2.887074733487,-66.35965852,-17.97921653454
    ));
#3864 = CARTESIAN_POINT('',(-2.886236498705,-68.,-17.97265600893));
#3865 = CARTESIAN_POINT('',(46.272877067147,-17.63327603608,
    7.525150795124));
#3866 = CARTESIAN_POINT('',(45.863823178001,-17.37556107521,
    3.750212844003));
#3867 = CARTESIAN_POINT('',(45.040692595146,-17.39423733898,
    0.368836896974));
#3868 = CARTESIAN_POINT('',(43.835863351619,-17.68435369494,
    -2.633253106408));
#3869 = CARTESIAN_POINT('',(42.290066074175,-18.2357878392,
    -5.266587031703));
#3870 = CARTESIAN_POINT('',(40.45404046283,-19.03633613861,
    -7.522021650228));
#3871 = CARTESIAN_POINT('',(38.415021141545,-20.04009984971,
    -9.449888385257));
#3872 = CARTESIAN_POINT('',(36.172267942697,-21.2526423231,
    -11.0953089537));
#3873 = CARTESIAN_POINT('',(33.783362192221,-22.6504307512,
    -12.47833424345));
#3874 = CARTESIAN_POINT('',(31.275361317857,-24.2243132933,
    -13.64389784021));
#3875 = CARTESIAN_POINT('',(28.035906630038,-26.39744452942,
    -14.87121594777));
#3876 = CARTESIAN_POINT('',(24.719684552124,-28.81295540308,
    -15.82742528981));
#3877 = CARTESIAN_POINT('',(24.054005505716,-29.30547614632,
    -16.00857587116));
#3878 = CARTESIAN_POINT('',(23.386492645335,-29.80717145025,
    -16.18031005163));
#3879 = CARTESIAN_POINT('',(22.71772082173,-30.31782533824,
    -16.34318867958));
#3880 = CARTESIAN_POINT('',(22.048248081214,-30.83724480256,
    -16.49762984044));
#3881 = CARTESIAN_POINT('',(21.378624707179,-31.36525425749,
    -16.64388726729));
#3882 = CARTESIAN_POINT('',(20.709402141357,-31.90168950829,
    -16.78203588694));
#3883 = CARTESIAN_POINT('',(20.041141785042,-32.44639123549,
    -16.91196450151));
#3884 = CARTESIAN_POINT('',(18.040987469909,-34.1048115141,
    -17.27619781385));
#3885 = CARTESIAN_POINT('',(16.060178603877,-35.83463760553,
    -17.55948178985));
#3886 = CARTESIAN_POINT('',(14.753431788439,-37.01723152915,
    -17.71611183088));
#3887 = CARTESIAN_POINT('',(13.465431559506,-38.22728403754,
    -17.84112814756));
#3888 = CARTESIAN_POINT('',(12.201334108756,-39.46273141719,
    -17.93328630479));
#3889 = CARTESIAN_POINT('',(10.966540609491,-40.72108360656,
    -17.99120794033));
#3890 = CARTESIAN_POINT('',(9.766489058582,-41.99937584005,
    -18.01514944507));
#3891 = CARTESIAN_POINT('',(8.606343285782,-43.29427810539,
    -18.00842249144));
#3892 = CARTESIAN_POINT('',(7.490727403506,-44.6022880049,
    -17.97807230502));
#3893 = CARTESIAN_POINT('',(4.823043821084,-47.89639951958,
    -17.86894047624));
#3894 = CARTESIAN_POINT('',(2.481695270559,-51.23005908603,
    -17.74921518612));
#3895 = CARTESIAN_POINT('',(1.209105599898,-53.23433858975,
    -17.66744286473));
#3896 = CARTESIAN_POINT('',(8.177453082276E-02,-55.22946555479,
    -17.58008794411));
#3897 = CARTESIAN_POINT('',(-0.888878708342,-57.2023056553,
    -17.49502038377));
#3898 = CARTESIAN_POINT('',(-1.694338613965,-59.13893911355,
    -17.41968271305));
#3899 = CARTESIAN_POINT('',(-2.330741365835,-61.02494337928,
    -17.359118967));
#3900 = CARTESIAN_POINT('',(-2.799965167256,-62.8490590267,
    -17.31525424298));
#3901 = CARTESIAN_POINT('',(-3.108718888204,-64.60942280646,
    -17.28703058146));
#3902 = CARTESIAN_POINT('',(-3.26406262296,-66.31852261856,
    -17.27133173704));
#3903 = CARTESIAN_POINT('',(-3.26357146197,-68.,-17.264956266));
#3904 = ADVANCED_FACE('',(#3905),#3946,.F.);
#3905 = FACE_BOUND('',#3906,.F.);
#3906 = EDGE_LOOP('',(#3907,#3943,#3944,#3945));
#3907 = ORIENTED_EDGE('',*,*,#3908,.F.);
#3908 = EDGE_CURVE('',#1688,#1373,#3909,.T.);
#3909 = ( BOUNDED_CURVE() B_SPLINE_CURVE(8,(#3910,#3911,#3912,#3913,
    #3914,#3915,#3916,#3917,#3918,#3919,#3920,#3921,#3922,#3923,#3924,
    #3925,#3926,#3927,#3928,#3929,#3930,#3931,#3932,#3933,#3934,#3935,
    #3936,#3937,#3938,#3939,#3940,#3941,#3942),.UNSPECIFIED.,.F.,.F.) 
B_SPLINE_CURVE_WITH_KNOTS((9,6,6,6,6,9),(0.,0.2,0.4,0.5,0.7,1.),
.UNSPECIFIED.) CURVE() GEOMETRIC_REPRESENTATION_ITEM() 
RATIONAL_B_SPLINE_CURVE((1.031393471788,1.031393471788,1.031393471788,
    1.031393471787,1.031393471788,1.031393471788,1.031393471788,
    1.031393471788,1.031393471788,1.031393471787,1.031393471788,
    1.031393471788,1.031393471788,1.031393471788,1.031393471788,
    1.031393471787,1.031393471788,1.031393471787,1.031393471788,
    1.031393471788,1.031393471788,1.031393471787,1.031393471788,
    1.031393471787,1.031393471788,1.031393471787,1.031393471788,
    1.031393471787,1.031393471788,1.031393471787,1.031393471788,
1.031393471788,1.031393471788)) REPRESENTATION_ITEM('') );
#3910 = CARTESIAN_POINT('',(49.394981956317,1.320440918852,
    8.529677874483));
#3911 = CARTESIAN_POINT('',(49.018176398791,1.568921537069,
    4.886137555989));
#3912 = CARTESIAN_POINT('',(48.317457511912,1.639646943244,
    1.337221039201));
#3913 = CARTESIAN_POINT('',(47.285474043291,1.512624729073,
    -2.095608148805));
#3914 = CARTESIAN_POINT('',(45.921526241105,1.169070265253,
    -5.371933832569));
#3915 = CARTESIAN_POINT('',(44.25034971038,0.59727293457,-8.406583692568
    ));
#3916 = CARTESIAN_POINT('',(42.355682951435,-0.172040338576,
    -11.1507787012));
#3917 = CARTESIAN_POINT('',(38.241564566376,-2.048787498812,
    -16.05196432967));
#3918 = CARTESIAN_POINT('',(33.676273828462,-4.495731751692,
    -19.83197444595));
#3919 = CARTESIAN_POINT('',(31.33031527428,-5.835254523634,
    -21.45526256607));
#3920 = CARTESIAN_POINT('',(28.953605404416,-7.268452616384,
    -22.84638027616));
#3921 = CARTESIAN_POINT('',(26.561655721792,-8.781899631712,
    -24.03847231502));
#3922 = CARTESIAN_POINT('',(24.161618419907,-10.36728886359,
    -25.05769128578));
#3923 = CARTESIAN_POINT('',(20.561609479158,-12.84315695963,
    -26.35974359629));
#3924 = CARTESIAN_POINT('',(16.986102575447,-15.46664076938,
    -27.36485534031));
#3925 = CARTESIAN_POINT('',(15.797288308161,-16.3561902655,
    -27.66897616018));
#3926 = CARTESIAN_POINT('',(14.611970958581,-17.25983986998,
    -27.94410627722));
#3927 = CARTESIAN_POINT('',(13.431014380023,-18.17720031505,
    -28.19208924618));
#3928 = CARTESIAN_POINT('',(12.255825177488,-19.10852691871,
    -28.41474160074));
#3929 = CARTESIAN_POINT('',(8.753699447151,-21.9470589873,
    -29.01219903966));
#3930 = CARTESIAN_POINT('',(5.346438434498,-24.93188545719,
    -29.41500784897));
#3931 = CARTESIAN_POINT('',(3.124607367489,-26.98164411479,
    -29.60813996833));
#3932 = CARTESIAN_POINT('',(0.969589289319,-29.09748217138,
    -29.73803090118));
#3933 = CARTESIAN_POINT('',(-1.095401364934,-31.28630425038,
    -29.8164476942));
#3934 = CARTESIAN_POINT('',(-3.054296442693,-33.54346947768,
    -29.85212936451));
#3935 = CARTESIAN_POINT('',(-7.687650047878,-39.30863471628,
    -29.84626542229));
#3936 = CARTESIAN_POINT('',(-11.72014512658,-45.26738607862,
    -29.62831610212));
#3937 = CARTESIAN_POINT('',(-13.85209584314,-48.93065600011,
    -29.45588659297));
#3938 = CARTESIAN_POINT('',(-15.65491192849,-52.66145650017,
    -29.26573951245));
#3939 = CARTESIAN_POINT('',(-17.087964433,-56.44633240037,
    -29.08395599358));
#3940 = CARTESIAN_POINT('',(-18.09765833666,-60.27832835767,
    -28.93606896267));
#3941 = CARTESIAN_POINT('',(-18.62633841265,-64.13894715469,
    -28.84983197965));
#3942 = CARTESIAN_POINT('',(-18.61784991248,-68.,-28.85141962909));
#3943 = ORIENTED_EDGE('',*,*,#1687,.F.);
#3944 = ORIENTED_EDGE('',*,*,#3571,.T.);
#3945 = ORIENTED_EDGE('',*,*,#1409,.T.);
#3946 = B_SPLINE_SURFACE_WITH_KNOTS('',1,11,(
    (#3947,#3948,#3949,#3950,#3951,#3952,#3953,#3954,#3955,#3956,#3957
      ,#3958,#3959,#3960,#3961,#3962,#3963,#3964,#3965,#3966,#3967,#3968
      ,#3969,#3970,#3971,#3972,#3973,#3974,#3975,#3976,#3977,#3978,#3979
      ,#3980,#3981,#3982,#3983,#3984,#3985)
    ,(#3986,#3987,#3988,#3989,#3990,#3991,#3992,#3993,#3994,#3995,#3996
      ,#3997,#3998,#3999,#4000,#4001,#4002,#4003,#4004,#4005,#4006,#4007
      ,#4008,#4009,#4010,#4011,#4012,#4013,#4014,#4015,#4016,#4017,#4018
      ,#4019,#4020,#4021,#4022,#4023,#4024
    )),.UNSPECIFIED.,.F.,.F.,.F.,(2,2),(12,9,9,9,12),(0.,16.),(0.,0.4,
    0.5,0.7,1.),.UNSPECIFIED.);
#3947 = CARTESIAN_POINT('',(49.394981956317,1.320440918852,
    8.529677874483));
#3948 = CARTESIAN_POINT('',(48.846901145371,1.681867272622,
    3.229982865764));
#3949 = CARTESIAN_POINT('',(47.639215009189,1.681319376416,
    -1.877023674021));
#3950 = CARTESIAN_POINT('',(45.748626104685,1.262490548832,
    -6.732411643494));
#3951 = CARTESIAN_POINT('',(43.207209054735,0.392185611292,
    -11.21499728998));
#3952 = CARTESIAN_POINT('',(39.990756390442,-1.019059467481,
    -15.05341166884));
#3953 = CARTESIAN_POINT('',(36.72750797201,-2.679368130487,
    -18.00566005708));
#3954 = CARTESIAN_POINT('',(33.29639959805,-4.56706236955,
    -20.56705274996));
#3955 = CARTESIAN_POINT('',(29.834323910034,-6.645880549627,
    -22.58823153873));
#3956 = CARTESIAN_POINT('',(26.344827994181,-8.875112724546,
    -24.25177203525));
#3957 = CARTESIAN_POINT('',(21.973260942907,-11.82845079208,
    -25.92599804927));
#3958 = CARTESIAN_POINT('',(17.636343236953,-14.99053835375,
    -27.18030811069));
#3959 = CARTESIAN_POINT('',(16.770437410304,-15.63083271624,
    -27.41507603263));
#3960 = CARTESIAN_POINT('',(15.906153071979,-16.27863798909,
    -27.63442387413));
#3961 = CARTESIAN_POINT('',(15.043701281796,-16.93369928651,
    -27.83900294824));
#3962 = CARTESIAN_POINT('',(14.183375638743,-17.5958766409,
    -28.02944771215));
#3963 = CARTESIAN_POINT('',(13.325567533902,-18.26514886709,
    -28.20638160816));
#3964 = CARTESIAN_POINT('',(12.470781403604,-18.94161742645,
    -28.37042290471));
#3965 = CARTESIAN_POINT('',(11.619649982382,-19.62551029119,
    -28.52219053734));
#3966 = CARTESIAN_POINT('',(9.079548703424,-21.70053684298,
    -28.9425487744));
#3967 = CARTESIAN_POINT('',(6.587742189831,-23.85004054454,
    -29.26381316366));
#3968 = CARTESIAN_POINT('',(4.950552454075,-25.31439765364,
    -29.43771614485));
#3969 = CARTESIAN_POINT('',(3.34196873545,-26.81077076013,
    -29.57533965522));
#3970 = CARTESIAN_POINT('',(1.768193913906,-28.34093787465,
    -29.68072574581));
#3971 = CARTESIAN_POINT('',(0.236026046823,-29.90640603001,
    -29.75771680154));
#3972 = CARTESIAN_POINT('',(-1.248418737337,-31.50718359627,
    -29.80970458371));
#3973 = CARTESIAN_POINT('',(-2.680918356481,-33.14096911122,
    -29.83944395726));
#3974 = CARTESIAN_POINT('',(-4.059966100321,-34.80301319046,
    -29.848999032));
#3975 = CARTESIAN_POINT('',(-7.377239250871,-39.01275542569,
    -29.8262250774));
#3976 = CARTESIAN_POINT('',(-10.38862078794,-43.32105059665,
    -29.69548038493));
#3977 = CARTESIAN_POINT('',(-12.06115123464,-45.94772720197,
    -29.58993795754));
#3978 = CARTESIAN_POINT('',(-13.58149488458,-48.61408992647,
    -29.4667937928));
#3979 = CARTESIAN_POINT('',(-14.93457506151,-51.31544912911,
    -29.3348238782));
#3980 = CARTESIAN_POINT('',(-16.10554400514,-54.04718536439,
    -29.20270451235));
#3981 = CARTESIAN_POINT('',(-17.07829050702,-56.80538471982,
    -29.07919642876));
#3982 = CARTESIAN_POINT('',(-17.83502594148,-59.58611471625,
    -28.97320433725));
#3983 = CARTESIAN_POINT('',(-18.35672918304,-62.38414410412,
    -28.89382104279));
#3984 = CARTESIAN_POINT('',(-18.62402336715,-65.19196156705,
    -28.85026497495));
#3985 = CARTESIAN_POINT('',(-18.61784991248,-68.,-28.85141962909));
#3986 = CARTESIAN_POINT('',(49.278317364262,-14.6405838853,
    7.419688426767));
#3987 = CARTESIAN_POINT('',(48.817591754264,-14.3494258858,
    3.121231482854));
#3988 = CARTESIAN_POINT('',(47.865739962687,-14.36145578155,
    -0.841648388515));
#3989 = CARTESIAN_POINT('',(46.435099697156,-14.69333545385,
    -4.457862972239));
#3990 = CARTESIAN_POINT('',(44.564071957793,-15.34922432254,
    -7.692462075156));
#3991 = CARTESIAN_POINT('',(42.282396412027,-16.34958003278,
    -10.44267806174));
#3992 = CARTESIAN_POINT('',(39.86723045976,-17.55833246181,
    -12.67262373177));
#3993 = CARTESIAN_POINT('',(37.267187007126,-18.97690941913,
    -14.58123669226));
#3994 = CARTESIAN_POINT('',(34.571006119734,-20.57395015264,
    -16.13357845443));
#3995 = CARTESIAN_POINT('',(31.79462976868,-22.33050804246,
    -17.42667232469));
#3996 = CARTESIAN_POINT('',(28.260606046441,-24.70877457057,
    -18.76616104782));
#3997 = CARTESIAN_POINT('',(24.696567621622,-27.30589912535,
    -19.79420568093));
#3998 = CARTESIAN_POINT('',(23.983025514764,-27.83370523142,
    -19.98824176281));
#3999 = CARTESIAN_POINT('',(23.269198591218,-28.36958766712,
    -20.17147639775));
#4000 = CARTESIAN_POINT('',(22.555533455825,-28.91330527128,
    -20.34455543102));
#4001 = CARTESIAN_POINT('',(21.842487273845,-29.46467603087,
    -20.507987124));
#4002 = CARTESIAN_POINT('',(21.130541331547,-30.02357252491,
    -20.66213012273));
#4003 = CARTESIAN_POINT('',(20.420214596989,-30.58991736824,
    -20.80718142649));
#4004 = CARTESIAN_POINT('',(19.712077280662,-31.16367865544,
    -20.94316435642));
#4005 = CARTESIAN_POINT('',(17.596138627281,-32.90723890302,
    -21.3234208594));
#4006 = CARTESIAN_POINT('',(15.512040257956,-34.71803677834,
    -21.61735933694));
#4007 = CARTESIAN_POINT('',(14.141217468545,-35.95266624375,
    -21.7790867925));
#4008 = CARTESIAN_POINT('',(12.793828067366,-37.2134827879,
    -21.90776221917));
#4009 = CARTESIAN_POINT('',(11.475448263416,-38.49946535652,
    -22.00279126542));
#4010 = CARTESIAN_POINT('',(10.192084004573,-39.80909380819,
    -22.0633855418));
#4011 = CARTESIAN_POINT('',(8.949554898922,-41.13990293842,
    -22.09018573595));
#4012 = CARTESIAN_POINT('',(7.752800161594,-42.48832410674,
    -22.08657020222));
#4013 = CARTESIAN_POINT('',(6.605355484476,-43.84982620585,
    -22.05929119678));
#4014 = CARTESIAN_POINT('',(3.865091092324,-47.27367998046,
    -21.95626553448));
#4015 = CARTESIAN_POINT('',(1.452491445223,-50.71792348537,
    -21.83448333304));
#4016 = CARTESIAN_POINT('',(0.140198514292,-52.78536203423,
    -21.75019402934));
#4017 = CARTESIAN_POINT('',(-1.023204156972,-54.84159535498,
    -21.65957475879));
#4018 = CARTESIAN_POINT('',(-2.026569160255,-56.87375347455,
    -21.57067035613));
#4019 = CARTESIAN_POINT('',(-2.861622324649,-58.86823219258,
    -21.49108124638));
#4020 = CARTESIAN_POINT('',(-3.524162028337,-60.81117221934,
    -21.42612351952));
#4021 = CARTESIAN_POINT('',(-4.014975464155,-62.69175702007,
    -21.3781538963));
#4022 = CARTESIAN_POINT('',(-4.339104955517,-64.50780412401,
    -21.34671504939));
#4023 = CARTESIAN_POINT('',(-4.501815632953,-66.27022178505,
    -21.32940662737));
#4024 = CARTESIAN_POINT('',(-4.499333992526,-68.,-21.32363720543));
#4025 = ADVANCED_FACE('',(#4026),#4090,.F.);
#4026 = FACE_BOUND('',#4027,.F.);
#4027 = EDGE_LOOP('',(#4028,#4072,#4087,#4088,#4089));
#4028 = ORIENTED_EDGE('',*,*,#4029,.F.);
#4029 = EDGE_CURVE('',#4030,#1351,#4032,.T.);
#4030 = VERTEX_POINT('',#4031);
#4031 = CARTESIAN_POINT('',(45.610145197259,4.499279129051,4.));
#4032 = B_SPLINE_CURVE_WITH_KNOTS('',11,(#4033,#4034,#4035,#4036,#4037,
    #4038,#4039,#4040,#4041,#4042,#4043,#4044,#4045,#4046,#4047,#4048,
    #4049,#4050,#4051,#4052,#4053,#4054,#4055,#4056,#4057,#4058,#4059,
    #4060,#4061,#4062,#4063,#4064,#4065,#4066,#4067,#4068,#4069,#4070,
    #4071),.UNSPECIFIED.,.F.,.F.,(12,9,9,9,12),(0.,0.4,0.5,0.7,1.),
  .UNSPECIFIED.);
#4033 = CARTESIAN_POINT('',(46.433290881222,4.313133069631,
    9.051386285732));
#4034 = CARTESIAN_POINT('',(45.904123590772,4.667467017621,
    3.899745995504));
#4035 = CARTESIAN_POINT('',(44.729220784088,4.66457850323,
    -1.054804120598));
#4036 = CARTESIAN_POINT('',(42.89196216197,4.25490705873,-5.76075752938)
  );
#4037 = CARTESIAN_POINT('',(40.424379582471,3.408650819842,
    -10.1100729521));
#4038 = CARTESIAN_POINT('',(37.30303543315,2.043129638646,
    -13.86178035998));
#4039 = CARTESIAN_POINT('',(34.097902720891,0.418476105889,
    -16.78281333255));
#4040 = CARTESIAN_POINT('',(30.712435255213,-1.439102629948,
    -19.32580603304));
#4041 = CARTESIAN_POINT('',(27.270424153886,-3.499335047046,
    -21.35348223436));
#4042 = CARTESIAN_POINT('',(23.78188387792,-5.72314473117,
    -23.02840994223));
#4043 = CARTESIAN_POINT('',(19.390807112679,-8.686999334002,
    -24.71599182476));
#4044 = CARTESIAN_POINT('',(15.011876023204,-11.87933434213,
    -25.98331613074));
#4045 = CARTESIAN_POINT('',(14.136696525598,-12.52652508161,
    -26.22049297165));
#4046 = CARTESIAN_POINT('',(13.262304215183,-13.18211225212,
    -26.44191278043));
#4047 = CARTESIAN_POINT('',(12.388950380704,-13.84586226513,
    -26.64812537112));
#4048 = CARTESIAN_POINT('',(11.516968381235,-14.5176407973,
    -26.83970950452));
#4049 = CARTESIAN_POINT('',(10.646784894203,-15.19741833715,
    -27.01728300852));
#4050 = CARTESIAN_POINT('',(9.778931163973,-15.885275732,-27.181512899)
  );
#4051 = CARTESIAN_POINT('',(8.914054249907,-16.58140973465,
    -27.33312550027));
#4052 = CARTESIAN_POINT('',(6.330676324604,-18.69559618155,
    -27.75249869698));
#4053 = CARTESIAN_POINT('',(3.789268760207,-20.89114278405,
    -28.07335580158));
#4054 = CARTESIAN_POINT('',(2.116267393535,-22.38961221774,
    -28.24672719035));
#4055 = CARTESIAN_POINT('',(0.469124978135,-23.92355499936,
    -28.38404712213));
#4056 = CARTESIAN_POINT('',(-1.14614062184,-25.49475612961,
    -28.49044621531));
#4057 = CARTESIAN_POINT('',(-2.723039082397,-27.10488791158,
    -28.5709134225));
#4058 = CARTESIAN_POINT('',(-4.255724691285,-28.75438674458,
    -28.62948786073));
#4059 = CARTESIAN_POINT('',(-5.740019676567,-30.44166498655,
    -28.66862390462));
#4060 = CARTESIAN_POINT('',(-7.17408977559,-32.16292010873,
    -28.68892057844));
#4061 = CARTESIAN_POINT('',(-10.6351604008,-36.53762825678,
    -28.69013484775));
#4062 = CARTESIAN_POINT('',(-13.79983405004,-41.05935886405,
    -28.55808613248));
#4063 = CARTESIAN_POINT('',(-15.56775030487,-43.8325906954,
    -28.44709076599));
#4064 = CARTESIAN_POINT('',(-17.18587521965,-46.66664559059,
    -28.31501411589));
#4065 = CARTESIAN_POINT('',(-18.63738682255,-49.55963718034,
    -28.17073147659));
#4066 = CARTESIAN_POINT('',(-19.90473092466,-52.50999972477,
    -28.02316470379));
#4067 = CARTESIAN_POINT('',(-20.96766802401,-55.51698556746,
    -27.88209421718));
#4068 = CARTESIAN_POINT('',(-21.80253457359,-58.57880085894,
    -27.7584485993));
#4069 = CARTESIAN_POINT('',(-22.38295220105,-61.68939027911,
    -27.66430132238));
#4070 = CARTESIAN_POINT('',(-22.68209825749,-64.83591481881,
    -27.61251196496));
#4071 = CARTESIAN_POINT('',(-22.6765308519,-68.,-27.61565709853));
#4072 = ORIENTED_EDGE('',*,*,#4073,.F.);
#4073 = EDGE_CURVE('',#1701,#4030,#4074,.T.);
#4074 = B_SPLINE_CURVE_WITH_KNOTS('',6,(#4075,#4076,#4077,#4078,#4079,
    #4080,#4081,#4082,#4083,#4084,#4085,#4086),.UNSPECIFIED.,.F.,.F.,(7,
    5,7),(0.,0.400413331107,1.),.UNSPECIFIED.);
#4075 = CARTESIAN_POINT('',(48.381414524771,2.811172902699,4.));
#4076 = CARTESIAN_POINT('',(48.279824586732,3.015108174148,4.));
#4077 = CARTESIAN_POINT('',(48.159490610197,3.209770232628,4.));
#4078 = CARTESIAN_POINT('',(48.021593838031,3.393019121314,4.));
#4079 = CARTESIAN_POINT('',(47.867623446878,3.563020385807,4.));
#4080 = CARTESIAN_POINT('',(47.699276293329,3.718182694731,4.));
#4081 = CARTESIAN_POINT('',(47.247765677955,4.065346783616,4.));
#4082 = CARTESIAN_POINT('',(46.949039008752,4.237361025819,4.));
#4083 = CARTESIAN_POINT('',(46.628783613536,4.368758953556,4.));
#4084 = CARTESIAN_POINT('',(46.294023644394,4.456919256546,4.));
#4085 = CARTESIAN_POINT('',(45.951984457415,4.500389145135,4.));
#4086 = CARTESIAN_POINT('',(45.610189740978,4.499305965045,4.));
#4087 = ORIENTED_EDGE('',*,*,#1700,.F.);
#4088 = ORIENTED_EDGE('',*,*,#3908,.T.);
#4089 = ORIENTED_EDGE('',*,*,#1372,.T.);
#4090 = ( BOUNDED_SURFACE() B_SPLINE_SURFACE(6,8,(
    (#4091,#4092,#4093,#4094,#4095,#4096,#4097,#4098,#4099,#4100,#4101
      ,#4102,#4103,#4104,#4105,#4106,#4107,#4108,#4109,#4110,#4111,#4112
      ,#4113,#4114,#4115,#4116,#4117,#4118,#4119,#4120,#4121,#4122,#4123
      )
    ,(#4124,#4125,#4126,#4127,#4128,#4129,#4130,#4131,#4132,#4133,#4134
      ,#4135,#4136,#4137,#4138,#4139,#4140,#4141,#4142,#4143,#4144,#4145
      ,#4146,#4147,#4148,#4149,#4150,#4151,#4152,#4153,#4154,#4155,#4156
      )
    ,(#4157,#4158,#4159,#4160,#4161,#4162,#4163,#4164,#4165,#4166,#4167
      ,#4168,#4169,#4170,#4171,#4172,#4173,#4174,#4175,#4176,#4177,#4178
      ,#4179,#4180,#4181,#4182,#4183,#4184,#4185,#4186,#4187,#4188,#4189
      )
    ,(#4190,#4191,#4192,#4193,#4194,#4195,#4196,#4197,#4198,#4199,#4200
      ,#4201,#4202,#4203,#4204,#4205,#4206,#4207,#4208,#4209,#4210,#4211
      ,#4212,#4213,#4214,#4215,#4216,#4217,#4218,#4219,#4220,#4221,#4222
      )
    ,(#4223,#4224,#4225,#4226,#4227,#4228,#4229,#4230,#4231,#4232,#4233
      ,#4234,#4235,#4236,#4237,#4238,#4239,#4240,#4241,#4242,#4243,#4244
      ,#4245,#4246,#4247,#4248,#4249,#4250,#4251,#4252,#4253,#4254,#4255
      )
    ,(#4256,#4257,#4258,#4259,#4260,#4261,#4262,#4263,#4264,#4265,#4266
      ,#4267,#4268,#4269,#4270,#4271,#4272,#4273,#4274,#4275,#4276,#4277
      ,#4278,#4279,#4280,#4281,#4282,#4283,#4284,#4285,#4286,#4287,#4288
      )
    ,(#4289,#4290,#4291,#4292,#4293,#4294,#4295,#4296,#4297,#4298,#4299
      ,#4300,#4301,#4302,#4303,#4304,#4305,#4306,#4307,#4308,#4309,#4310
      ,#4311,#4312,#4313,#4314,#4315,#4316,#4317,#4318,#4319,#4320,#4321
)),.UNSPECIFIED.,.F.,.F.,.F.) B_SPLINE_SURFACE_WITH_KNOTS((7,7),(9,6,6,6
    ,6,9),(4.712388980385,6.28318530718),(0.,0.2,0.4,0.5,0.7,1.),
.UNSPECIFIED.) GEOMETRIC_REPRESENTATION_ITEM() RATIONAL_B_SPLINE_SURFACE
((
    (1.031393471788,1.031393471788,1.031393471788,1.031393471787
      ,1.031393471788,1.031393471788,1.031393471788,1.031393471788
      ,1.031393471788,1.031393471787,1.031393471788,1.031393471788
      ,1.031393471788,1.031393471788,1.031393471788,1.031393471787
      ,1.031393471788,1.031393471787,1.031393471788,1.031393471788
      ,1.031393471788,1.031393471787,1.031393471788,1.031393471787
      ,1.031393471788,1.031393471787,1.031393471788,1.031393471787
      ,1.031393471788,1.031393471787,1.031393471788,1.031393471788
      ,1.031393471788)
    ,(1.010025407661,1.010025407661,1.010025407661,1.010025407661
      ,1.010025407661,1.010025407661,1.010025407661,1.010025407661
      ,1.010025407661,1.010025407661,1.010025407661,1.010025407661
      ,1.010025407661,1.010025407661,1.010025407661,1.010025407661
      ,1.010025407661,1.010025407661,1.010025407661,1.010025407661
      ,1.010025407661,1.010025407661,1.010025407661,1.010025407661
      ,1.010025407661,1.010025407661,1.010025407661,1.010025407661
      ,1.010025407662,1.010025407661,1.010025407661,1.010025407661
      ,1.010025407661)
    ,(0.997924642725,0.997924642725,0.997924642725,0.997924642725
      ,0.997924642725,0.997924642725,0.997924642725,0.997924642725
      ,0.997924642725,0.997924642725,0.997924642725,0.997924642725
      ,0.997924642725,0.997924642725,0.997924642725,0.997924642725
      ,0.997924642725,0.997924642725,0.997924642725,0.997924642725
      ,0.997924642725,0.997924642725,0.997924642725,0.997924642725
      ,0.997924642725,0.997924642725,0.997924642725,0.997924642725
      ,0.997924642725,0.997924642725,0.997924642725,0.997924642725
      ,0.997924642725)
    ,(0.993958444137,0.993958444137,0.993958444137,0.993958444137
      ,0.993958444137,0.993958444137,0.993958444137,0.993958444137
      ,0.993958444137,0.993958444137,0.993958444137,0.993958444137
      ,0.993958444137,0.993958444137,0.993958444137,0.993958444137
      ,0.993958444137,0.993958444137,0.993958444137,0.993958444137
      ,0.993958444137,0.993958444137,0.993958444137,0.993958444137
      ,0.993958444137,0.993958444137,0.993958444137,0.993958444137
      ,0.993958444137,0.993958444137,0.993958444137,0.993958444137
      ,0.993958444137)
    ,(0.997924642725,0.997924642725,0.997924642725,0.997924642725
      ,0.997924642725,0.997924642725,0.997924642725,0.997924642725
      ,0.997924642725,0.997924642725,0.997924642725,0.997924642725
      ,0.997924642725,0.997924642725,0.997924642725,0.997924642725
      ,0.997924642725,0.997924642725,0.997924642725,0.997924642725
      ,0.997924642725,0.997924642725,0.997924642725,0.997924642725
      ,0.997924642725,0.997924642725,0.997924642725,0.997924642725
      ,0.997924642725,0.997924642725,0.997924642725,0.997924642725
      ,0.997924642725)
    ,(1.010025407661,1.010025407661,1.010025407661,1.010025407661
      ,1.010025407661,1.010025407661,1.010025407661,1.010025407661
      ,1.010025407661,1.010025407661,1.010025407661,1.010025407661
      ,1.010025407661,1.010025407661,1.010025407661,1.010025407661
      ,1.010025407661,1.010025407661,1.010025407661,1.010025407661
      ,1.010025407661,1.010025407661,1.010025407661,1.010025407661
      ,1.010025407661,1.010025407661,1.010025407661,1.010025407661
      ,1.010025407661,1.010025407661,1.010025407661,1.010025407661
      ,1.010025407661)
    ,(1.031393471788,1.031393471788,1.031393471788,1.031393471787
      ,1.031393471788,1.031393471788,1.031393471788,1.031393471788
      ,1.031393471788,1.031393471787,1.031393471788,1.031393471788
      ,1.031393471788,1.031393471788,1.031393471788,1.031393471787
      ,1.031393471788,1.031393471787,1.031393471788,1.031393471788
      ,1.031393471788,1.031393471787,1.031393471788,1.031393471787
      ,1.031393471788,1.031393471787,1.031393471788,1.031393471787
      ,1.031393471788,1.031393471787,1.031393471788,1.031393471788
,1.031393471788))) REPRESENTATION_ITEM('') SURFACE() );
#4091 = CARTESIAN_POINT('',(46.433290881222,4.313133069631,
    9.051386285732));
#4092 = CARTESIAN_POINT('',(46.069488369038,4.556737658874,
    5.509633586201));
#4093 = CARTESIAN_POINT('',(45.388583594419,4.624920503198,
    2.064666240033));
#4094 = CARTESIAN_POINT('',(44.385579855234,4.50010236047,
    -1.264728323025));
#4095 = CARTESIAN_POINT('',(43.061003899006,4.16547729076,
    -4.442827619049));
#4096 = CARTESIAN_POINT('',(41.437298796336,3.609934549803,
    -7.393101497784));
#4097 = CARTESIAN_POINT('',(39.591113749138,2.860854897862,
    -10.07022033098));
#4098 = CARTESIAN_POINT('',(35.567457367283,1.027202100819,
    -14.87085578406));
#4099 = CARTESIAN_POINT('',(31.067658691299,-1.380802514105,
    -18.60929829934));
#4100 = CARTESIAN_POINT('',(28.745227647859,-2.70424208115,
    -20.22447107619));
#4101 = CARTESIAN_POINT('',(26.381716419365,-4.126494599614,
    -21.61622329145));
#4102 = CARTESIAN_POINT('',(23.992985962046,-5.635057331661,
    -22.81405006408));
#4103 = CARTESIAN_POINT('',(21.587247745497,-7.222044862694,
    -23.84098174924));
#4104 = CARTESIAN_POINT('',(17.966899741607,-9.71030978646,
    -25.15398823075));
#4105 = CARTESIAN_POINT('',(14.355140465574,-12.36014299683,
    -26.16981256884));
#4106 = CARTESIAN_POINT('',(13.152557433772,-13.26019106636,
    -26.4769649203));
#4107 = CARTESIAN_POINT('',(11.951911470682,-14.17614148761,
    -26.75420556769));
#4108 = CARTESIAN_POINT('',(10.754192295883,-15.10761319335,
    -27.00321846774));
#4109 = CARTESIAN_POINT('',(9.56089802554,-16.05480026949,
    -27.22593657986));
#4110 = CARTESIAN_POINT('',(6.000509200214,-18.94582517485,
    -27.82192610056));
#4111 = CARTESIAN_POINT('',(2.522562155236,-21.99666467154,
    -28.22440186892));
#4112 = CARTESIAN_POINT('',(0.248281942422,-24.09749564224,
    -28.41629349037));
#4113 = CARTESIAN_POINT('',(-1.964641324753,-26.27102680128,
    -28.54714013442));
#4114 = CARTESIAN_POINT('',(-4.094382067155,-28.52456830209,
    -28.63332436685));
#4115 = CARTESIAN_POINT('',(-6.125606405989,-30.85554843435,
    -28.68398728103));
#4116 = CARTESIAN_POINT('',(-10.95444351715,-36.83611684396,
    -28.71706889057));
#4117 = CARTESIAN_POINT('',(-15.20107228262,-43.10547936988,
    -28.48838392322));
#4118 = CARTESIAN_POINT('',(-17.46819509368,-46.99246969549,
    -28.30469427208));
#4119 = CARTESIAN_POINT('',(-19.40810306875,-50.99495677343,
    -28.09624302498));
#4120 = CARTESIAN_POINT('',(-20.97293335609,-55.10577006626,
    -27.88934856056));
#4121 = CARTESIAN_POINT('',(-22.09329691687,-59.33325986895,
    -27.71491501709));
#4122 = CARTESIAN_POINT('',(-22.68418603458,-63.64938287587,
    -27.61133253987));
#4123 = CARTESIAN_POINT('',(-22.6765308519,-68.,-27.61565709853));
#4124 = CARTESIAN_POINT('',(47.230907734071,4.313133069631,
    8.967553376379));
#4125 = CARTESIAN_POINT('',(46.860618648606,4.560462745388,
    5.364085054602));
#4126 = CARTESIAN_POINT('',(46.167259291871,4.630299812462,
    1.853306981934));
#4127 = CARTESIAN_POINT('',(45.144584854048,4.503710600997,
    -1.544396865238));
#4128 = CARTESIAN_POINT('',(43.792304370985,4.162640180253,
    -4.790623276499));
#4129 = CARTESIAN_POINT('',(42.133594621442,3.595207831685,
    -7.803698070803));
#4130 = CARTESIAN_POINT('',(40.249037390161,2.830384047639,
    -10.53538611933));
#4131 = CARTESIAN_POINT('',(36.147077069276,0.960349246951,
    -15.42789014584));
#4132 = CARTESIAN_POINT('',(31.573553798308,-1.488689674186,
    -19.22572126662));
#4133 = CARTESIAN_POINT('',(29.217322722739,-2.832526740641,
    -20.86299784302));
#4134 = CARTESIAN_POINT('',(26.824015680757,-4.274029017323,
    -22.27094595824));
#4135 = CARTESIAN_POINT('',(24.40950243511,-5.800162711851,
    -23.48064891621));
#4136 = CARTESIAN_POINT('',(21.98154646488,-7.40279915843,
    -24.51635105419));
#4137 = CARTESIAN_POINT('',(18.33261158148,-9.91143571776,
    -25.83924638975));
#4138 = CARTESIAN_POINT('',(14.69881172022,-12.57755222077,
    -26.8611792714));
#4139 = CARTESIAN_POINT('',(13.489532488944,-13.4825162756,
    -27.17006092219));
#4140 = CARTESIAN_POINT('',(12.28276724942,-14.40284016303,-27.448814857
    ));
#4141 = CARTESIAN_POINT('',(11.079449155557,-15.3381466122,
    -27.6991858557));
#4142 = CARTESIAN_POINT('',(9.881048022719,-16.28867047531,
    -27.92313370081));
#4143 = CARTESIAN_POINT('',(6.30683859245,-19.18843640742,
    -28.52240536456));
#4144 = CARTESIAN_POINT('',(2.820012176834,-22.24511529799,
    -28.92660196011));
#4145 = CARTESIAN_POINT('',(0.541679175625,-24.34837193418,
    -29.11930029664));
#4146 = CARTESIAN_POINT('',(-1.673291792198,-26.52336750448,
    -29.25045101088));
#4147 = CARTESIAN_POINT('',(-3.802516588572,-28.77784854182,
    -29.33609031271));
#4148 = CARTESIAN_POINT('',(-5.830498961534,-31.10896762575,
    -29.38537864826));
#4149 = CARTESIAN_POINT('',(-10.646587923,-37.08519292561,-29.4146339441
    ));
#4150 = CARTESIAN_POINT('',(-14.87762646576,-43.33245577789,
    -29.18662014754));
#4151 = CARTESIAN_POINT('',(-17.13336329362,-47.20084185456,
    -29.00385787426));
#4152 = CARTESIAN_POINT('',(-19.06073014191,-51.17780351897,
    -28.79710226074));
#4153 = CARTESIAN_POINT('',(-20.61307611371,-55.25542110914,
    -28.59271797484));
#4154 = CARTESIAN_POINT('',(-21.72266348887,-59.44051356109,
    -28.42102101893));
#4155 = CARTESIAN_POINT('',(-22.30732829777,-63.70594474034,
    -28.31928673284));
#4156 = CARTESIAN_POINT('',(-22.29919588864,-68.,-28.32335684146));
#4157 = CARTESIAN_POINT('',(48.005884633538,4.058741216708,
    8.868213225007));
#4158 = CARTESIAN_POINT('',(47.630235173806,4.308928956383,
    5.215608332189));
#4159 = CARTESIAN_POINT('',(46.927021581267,4.380067288421,
    1.652823642907));
#4160 = CARTESIAN_POINT('',(45.88898016608,4.252128936584,
    -1.798482084735));
#4161 = CARTESIAN_POINT('',(44.515179304252,3.906071460594,
    -5.097748154601));
#4162 = CARTESIAN_POINT('',(42.829471947421,3.329458062797,
    -8.159191385119));
#4163 = CARTESIAN_POINT('',(40.915622195099,2.552586505634,
    -10.93237748482));
#4164 = CARTESIAN_POINT('',(36.754606434693,0.655022649461,
    -15.89369261093));
#4165 = CARTESIAN_POINT('',(32.127154233482,-1.824243972365,
    -19.73401486403));
#4166 = CARTESIAN_POINT('',(29.746751090299,-3.18282852187,
    -21.38648091843));
#4167 = CARTESIAN_POINT('',(27.332776664719,-4.637888665994,
    -22.80499927567));
#4168 = CARTESIAN_POINT('',(24.901076791337,-6.175963736345,
    -24.02200528997));
#4169 = CARTESIAN_POINT('',(22.459031033582,-7.788729687718,
    -25.06280505058));
#4170 = CARTESIAN_POINT('',(18.793072653237,-10.30967583726,
    -26.3912561191));
#4171 = CARTESIAN_POINT('',(15.147896230137,-12.9842340321,
    -27.41628546276));
#4172 = CARTESIAN_POINT('',(13.935394834431,-13.8915304479,
    -27.72604380501));
#4173 = CARTESIAN_POINT('',(12.725918474089,-14.81367761639,
    -28.00561102102));
#4174 = CARTESIAN_POINT('',(11.520352497928,-15.75030005992,
    -28.25678535593));
#4175 = CARTESIAN_POINT('',(10.320140377716,-16.70166457759,
    -28.48153429093));
#4176 = CARTESIAN_POINT('',(6.74181753103,-19.60270232421,
    -29.08308375254));
#4177 = CARTESIAN_POINT('',(3.255175050928,-22.65760034275,
    -29.48843748531));
#4178 = CARTESIAN_POINT('',(0.978641909355,-24.75810679687,
    -29.6817704581));
#4179 = CARTESIAN_POINT('',(-1.232750115044,-26.92915882618,
    -29.81303939651));
#4180 = CARTESIAN_POINT('',(-3.356132422225,-29.17875474775,
    -29.89766096893));
#4181 = CARTESIAN_POINT('',(-5.375839830293,-31.50369039306,
    -29.94477413821));
#4182 = CARTESIAN_POINT('',(-10.16694931892,-37.45875649546,
    -29.96820890953));
#4183 = CARTESIAN_POINT('',(-14.3695587008,-43.66511911548,
    -29.74154796394));
#4184 = CARTESIAN_POINT('',(-16.60633634143,-47.50228397929,
    -29.56035119254));
#4185 = CARTESIAN_POINT('',(-18.51382306108,-51.43940695558,
    -29.35626381361));
#4186 = CARTESIAN_POINT('',(-20.04677789344,-55.46754275021,
    -29.15566069289));
#4187 = CARTESIAN_POINT('',(-21.13988890984,-59.59120471338,
    -28.98801545128));
#4188 = CARTESIAN_POINT('',(-21.71518266082,-63.7846632553,
    -28.88896798307));
#4189 = CARTESIAN_POINT('',(-21.70666636531,-68.,-28.89263852849));
#4190 = CARTESIAN_POINT('',(48.671265475377,3.57070454403,8.76396405161)
  );
#4191 = CARTESIAN_POINT('',(48.292012174122,3.822539303644,
    5.080646845849));
#4192 = CARTESIAN_POINT('',(47.582719248212,3.894470555919,
    1.485860874183));
#4193 = CARTESIAN_POINT('',(46.535453618516,3.765767763112,
    -1.997933598015));
#4194 = CARTESIAN_POINT('',(45.14889665326,3.41678018764,-5.328797414706
    ));
#4195 = CARTESIAN_POINT('',(43.447442946746,2.834797128507,
    -8.418361721371));
#4196 = CARTESIAN_POINT('',(41.516912000289,2.051025568968,
    -11.21496527947));
#4197 = CARTESIAN_POINT('',(37.323237434112,0.138114182813,
    -16.2136863237));
#4198 = CARTESIAN_POINT('',(32.668245636991,-2.356886324992,
    -20.07436829772));
#4199 = CARTESIAN_POINT('',(30.276276297977,-3.722758179038,
    -21.73321248675));
#4200 = CARTESIAN_POINT('',(27.85333575682,-5.184005336312,
    -23.1553310636));
#4201 = CARTESIAN_POINT('',(25.415214874506,-6.726895059456,
    -24.37411773591));
#4202 = CARTESIAN_POINT('',(22.969018024952,-8.342978973782,
    -25.41566537152));
#4203 = CARTESIAN_POINT('',(19.299839188356,-10.86656209962,
    -26.74459146777));
#4204 = CARTESIAN_POINT('',(15.655534402161,-13.54054701332,
    -27.76927074995));
#4205 = CARTESIAN_POINT('',(14.443747070743,-14.44725555406,
    -28.07893017939));
#4206 = CARTESIAN_POINT('',(13.235371080091,-15.36839688087,
    -28.35849927813));
#4207 = CARTESIAN_POINT('',(12.031258317752,-16.30359504694,
    -28.60981622701));
#4208 = CARTESIAN_POINT('',(10.832830860356,-17.25313615935,
    -28.83483565493));
#4209 = CARTESIAN_POINT('',(7.26084882631,-20.14761248245,
    -29.43737506225));
#4210 = CARTESIAN_POINT('',(3.783703009161,-23.19308070924,
    -29.84317662628));
#4211 = CARTESIAN_POINT('',(1.51479627651,-25.28581319113,
    -30.03689637497));
#4212 = CARTESIAN_POINT('',(-0.687621063338,-27.44779173503,
    -30.16807899473));
#4213 = CARTESIAN_POINT('',(-2.800326189348,-29.68704831737,
    -30.25130926794));
#4214 = CARTESIAN_POINT('',(-4.807497045458,-31.99997828878,
    -30.29566501404));
#4215 = CARTESIAN_POINT('',(-9.563812581465,-37.91892408828,
    -30.31187369057));
#4216 = CARTESIAN_POINT('',(-13.7279366836,-44.0695796676,
    -30.08711695675));
#4217 = CARTESIAN_POINT('',(-15.94006722495,-47.86600663675,
    -29.90796851936));
#4218 = CARTESIAN_POINT('',(-17.82232961332,-51.75298684225,
    -29.70725387213));
#4219 = CARTESIAN_POINT('',(-19.33093971006,-55.72037880456,
    -29.51131977715));
#4220 = CARTESIAN_POINT('',(-20.40353883903,-59.76984969708,
    -29.34862944343));
#4221 = CARTESIAN_POINT('',(-20.96726439958,-63.87743412189,
    -29.25283325733));
#4222 = CARTESIAN_POINT('',(-20.95850307732,-68.,-29.25599929031));
#4223 = CARTESIAN_POINT('',(49.152909312349,2.899710221918,8.66616229948
    ));
#4224 = CARTESIAN_POINT('',(48.772223941198,3.1517863846,4.974136377262)
  );
#4225 = CARTESIAN_POINT('',(48.061336599041,3.223909417986,
    1.371093517556));
#4226 = CARTESIAN_POINT('',(47.012071709157,3.095117457761,
    -2.12027110362));
#4227 = CARTESIAN_POINT('',(45.623022640198,2.745601742831,
    -5.457578984057));
#4228 = CARTESIAN_POINT('',(43.918930212767,2.162693152493,
    -8.55169994171));
#4229 = CARTESIAN_POINT('',(41.986304120024,1.377985375322,
    -11.35086377731));
#4230 = CARTESIAN_POINT('',(37.790253594837,-0.536268370798,
    -16.35112068692));
#4231 = CARTESIAN_POINT('',(33.137437164409,-3.030615811179,
    -20.20754153471));
#4232 = CARTESIAN_POINT('',(30.747922120366,-4.395429178095,
    -21.86315055668));
#4233 = CARTESIAN_POINT('',(28.328836031553,-5.854728401685,
    -23.28142317826));
#4234 = CARTESIAN_POINT('',(25.895889393813,-7.394695091834,
    -24.49620820429));
#4235 = CARTESIAN_POINT('',(23.456051526633,-9.006842042598,
    -25.53402093028));
#4236 = CARTESIAN_POINT('',(19.797970202596,-11.52298706097,
    -26.85822958994));
#4237 = CARTESIAN_POINT('',(16.166833854799,-14.18734047347,
    -27.87911008435));
#4238 = CARTESIAN_POINT('',(14.959664923653,-15.09057092746,
    -28.1876943536));
#4239 = CARTESIAN_POINT('',(13.75612513723,-16.00795414858,
    -28.46644418847));
#4240 = CARTESIAN_POINT('',(12.557051097965,-16.93911148321,
    -28.71721964438));
#4241 = CARTESIAN_POINT('',(11.36385083654,-17.88433344487,
    -28.94194311234));
#4242 = CARTESIAN_POINT('',(7.808092533597,-20.76504139418,
    -29.5440610797));
#4243 = CARTESIAN_POINT('',(4.348825840324,-23.79437342055,
    -29.94954379492));
#4244 = CARTESIAN_POINT('',(2.092605575108,-25.87510022782,
    -30.14335719652));
#4245 = CARTESIAN_POINT('',(-9.636051790912E-02,-28.02380846413,
    -30.27425600034));
#4246 = CARTESIAN_POINT('',(-2.19466595273,-30.24833939001,
    -30.35586934385));
#4247 = CARTESIAN_POINT('',(-4.18636117271,-32.54468747656,
    -30.39718047099));
#4248 = CARTESIAN_POINT('',(-8.901762425752,-38.41633071453,
    -30.40553213342));
#4249 = CARTESIAN_POINT('',(-13.02144059804,-44.50239764499,
    -30.18302896524));
#4250 = CARTESIAN_POINT('',(-15.20586783332,-48.25291848747,
    -30.00619310131));
#4251 = CARTESIAN_POINT('',(-17.06026063575,-52.08482076321,
    -29.80919468956));
#4252 = CARTESIAN_POINT('',(-18.54217963582,-55.98672521784,
    -29.61831671353));
#4253 = CARTESIAN_POINT('',(-19.59242972422,-59.95721752574,
    -29.46095259316));
#4254 = CARTESIAN_POINT('',(-20.14363071728,-63.97426517374,
    -29.3686228107));
#4255 = CARTESIAN_POINT('',(-20.13479168868,-68.,-29.37123338655));
#4256 = CARTESIAN_POINT('',(49.400829844457,2.120497611408,
    8.585316813536));
#4257 = CARTESIAN_POINT('',(49.021013905964,2.371399774238,
    4.907272447415));
#4258 = CARTESIAN_POINT('',(48.313137478001,2.443099682856,
    1.320334641012));
#4259 = CARTESIAN_POINT('',(47.269230658385,2.31489562932,
    -2.153151951207));
#4260 = CARTESIAN_POINT('',(45.888103872011,1.967282969961,
    -5.47134522369));
#4261 = CARTESIAN_POINT('',(44.194613553281,1.387941481397,
    -8.54623919585));
#4262 = CARTESIAN_POINT('',(42.274535555112,0.60829326735,
    -11.32707149085));
#4263 = CARTESIAN_POINT('',(38.106297051958,-1.293315188104,
    -16.29324493231));
#4264 = CARTESIAN_POINT('',(33.484790156218,-3.770883749647,
    -20.12153110535));
#4265 = CARTESIAN_POINT('',(31.111321338945,-5.12650438874,
    -21.76475349527));
#4266 = CARTESIAN_POINT('',(28.708344137917,-6.576026085086,
    -23.17223673188));
#4267 = CARTESIAN_POINT('',(26.291472284304,-8.105738314318,
    -24.37773806136));
#4268 = CARTESIAN_POINT('',(23.86769316455,-9.707203745897,
    -25.4077893772));
#4269 = CARTESIAN_POINT('',(20.233659964578,-12.20675760554,
    -26.7226589946));
#4270 = CARTESIAN_POINT('',(16.626420883042,-14.85356887193,
    -27.73674315262));
#4271 = CARTESIAN_POINT('',(15.427229519069,-15.75084100819,
    -28.04340371172));
#4272 = CARTESIAN_POINT('',(14.231694990828,-16.66215253965,
    -28.32061133857));
#4273 = CARTESIAN_POINT('',(13.04065823465,-17.58712018717,
    -28.57022774465));
#4274 = CARTESIAN_POINT('',(11.855522019033,-18.5260236655,
    -28.79412741161));
#4275 = CARTESIAN_POINT('',(8.323999815364,-21.38733002696,
    -29.39447456505));
#4276 = CARTESIAN_POINT('',(4.888962455576,-24.39564360096,
    -29.79891516745));
#4277 = CARTESIAN_POINT('',(2.649057014253,-26.46148143195,
    -29.99252237117));
#4278 = CARTESIAN_POINT('',(0.47651104848,-28.59420738822,
    -30.12297287097));
#4279 = CARTESIAN_POINT('',(-1.60527374002,-30.80127088578,
    -30.20292125566));
#4280 = CARTESIAN_POINT('',(-3.580263123891,-33.07830850399,
    -30.24123338487));
#4281 = CARTESIAN_POINT('',(-8.253128511033,-38.89671582366,
    -30.24195470749));
#4282 = CARTESIAN_POINT('',(-12.327279178,-44.91640530164,
    -30.02180652472));
#4283 = CARTESIAN_POINT('',(-14.48398038428,-48.62087966735,
    -29.84729414329));
#4284 = CARTESIAN_POINT('',(-16.31090504765,-52.39878656964,
    -29.65394931934));
#4285 = CARTESIAN_POINT('',(-17.76670228517,-56.23760182124,
    -29.46796289959));
#4286 = CARTESIAN_POINT('',(-18.79520607333,-60.13293048017,
    -29.31571559696));
#4287 = CARTESIAN_POINT('',(-19.33429260562,-64.06463047972,
    -29.22668971645));
#4288 = CARTESIAN_POINT('',(-19.3255496554,-68.,-29.22875459235));
#4289 = CARTESIAN_POINT('',(49.394981956317,1.320440918852,
    8.529677874483));
#4290 = CARTESIAN_POINT('',(49.018176398791,1.568921537069,
    4.886137555989));
#4291 = CARTESIAN_POINT('',(48.317457511912,1.639646943244,
    1.337221039201));
#4292 = CARTESIAN_POINT('',(47.285474043291,1.512624729073,
    -2.095608148805));
#4293 = CARTESIAN_POINT('',(45.921526241105,1.169070265253,
    -5.371933832569));
#4294 = CARTESIAN_POINT('',(44.25034971038,0.59727293457,-8.406583692568
    ));
#4295 = CARTESIAN_POINT('',(42.355682951435,-0.172040338576,
    -11.1507787012));
#4296 = CARTESIAN_POINT('',(38.241564566376,-2.048787498812,
    -16.05196432967));
#4297 = CARTESIAN_POINT('',(33.676273828462,-4.495731751692,
    -19.83197444595));
#4298 = CARTESIAN_POINT('',(31.33031527428,-5.835254523634,
    -21.45526256607));
#4299 = CARTESIAN_POINT('',(28.953605404416,-7.268452616384,
    -22.84638027616));
#4300 = CARTESIAN_POINT('',(26.561655721792,-8.781899631712,
    -24.03847231502));
#4301 = CARTESIAN_POINT('',(24.161618419907,-10.36728886359,
    -25.05769128578));
#4302 = CARTESIAN_POINT('',(20.561609479158,-12.84315695963,
    -26.35974359629));
#4303 = CARTESIAN_POINT('',(16.986102575447,-15.46664076938,
    -27.36485534031));
#4304 = CARTESIAN_POINT('',(15.797288308161,-16.3561902655,
    -27.66897616018));
#4305 = CARTESIAN_POINT('',(14.611970958581,-17.25983986998,
    -27.94410627722));
#4306 = CARTESIAN_POINT('',(13.431014380023,-18.17720031505,
    -28.19208924618));
#4307 = CARTESIAN_POINT('',(12.255825177488,-19.10852691871,
    -28.41474160074));
#4308 = CARTESIAN_POINT('',(8.753699447151,-21.9470589873,
    -29.01219903966));
#4309 = CARTESIAN_POINT('',(5.346438434498,-24.93188545719,
    -29.41500784897));
#4310 = CARTESIAN_POINT('',(3.124607367489,-26.98164411479,
    -29.60813996833));
#4311 = CARTESIAN_POINT('',(0.969589289319,-29.09748217138,
    -29.73803090118));
#4312 = CARTESIAN_POINT('',(-1.095401364934,-31.28630425038,
    -29.8164476942));
#4313 = CARTESIAN_POINT('',(-3.054296442693,-33.54346947768,
    -29.85212936451));
#4314 = CARTESIAN_POINT('',(-7.687650047878,-39.30863471628,
    -29.84626542229));
#4315 = CARTESIAN_POINT('',(-11.72014512658,-45.26738607862,
    -29.62831610212));
#4316 = CARTESIAN_POINT('',(-13.85209584314,-48.93065600011,
    -29.45588659297));
#4317 = CARTESIAN_POINT('',(-15.65491192849,-52.66145650017,
    -29.26573951245));
#4318 = CARTESIAN_POINT('',(-17.087964433,-56.44633240037,
    -29.08395599358));
#4319 = CARTESIAN_POINT('',(-18.09765833666,-60.27832835767,
    -28.93606896267));
#4320 = CARTESIAN_POINT('',(-18.62633841265,-64.13894715469,
    -28.84983197965));
#4321 = CARTESIAN_POINT('',(-18.61784991248,-68.,-28.85141962909));
#4322 = ADVANCED_FACE('',(#4323),#4358,.F.);
#4323 = FACE_BOUND('',#4324,.F.);
#4324 = EDGE_LOOP('',(#4325,#4347,#4348,#4349));
#4325 = ORIENTED_EDGE('',*,*,#4326,.F.);
#4326 = EDGE_CURVE('',#4030,#4327,#4329,.T.);
#4327 = VERTEX_POINT('',#4328);
#4328 = CARTESIAN_POINT('',(41.497474683058,4.479839599693,4.));
#4329 = B_SPLINE_CURVE_WITH_KNOTS('',6,(#4330,#4331,#4332,#4333,#4334,
    #4335,#4336,#4337,#4338,#4339,#4340,#4341,#4342,#4343,#4344,#4345,
    #4346),.UNSPECIFIED.,.F.,.F.,(7,5,5,7),(0.,0.398946107959,
    0.800328244263,1.),.UNSPECIFIED.);
#4330 = CARTESIAN_POINT('',(45.610145197259,4.499279129051,4.));
#4331 = CARTESIAN_POINT('',(44.648862254569,4.496234336639,4.));
#4332 = CARTESIAN_POINT('',(43.686926234831,4.492440663439,4.));
#4333 = CARTESIAN_POINT('',(42.724265583117,4.487807176614,4.));
#4334 = CARTESIAN_POINT('',(41.760796902351,4.482226300814,4.));
#4335 = CARTESIAN_POINT('',(40.796415891802,4.475561501517,4.));
#4336 = CARTESIAN_POINT('',(38.85966562492,4.459660034564,4.));
#4337 = CARTESIAN_POINT('',(37.887284282208,4.450407659747,4.));
#4338 = CARTESIAN_POINT('',(36.913706003211,4.439696078032,4.));
#4339 = CARTESIAN_POINT('',(35.938760871772,4.427296465057,4.));
#4340 = CARTESIAN_POINT('',(34.962236160902,4.41291748441,4.));
#4341 = CARTESIAN_POINT('',(33.497113897768,4.38779982481,4.));
#4342 = CARTESIAN_POINT('',(33.009931315291,4.378863121231,4.));
#4343 = CARTESIAN_POINT('',(32.522246756701,4.369282579476,4.));
#4344 = CARTESIAN_POINT('',(32.034018458724,4.358999589014,4.));
#4345 = CARTESIAN_POINT('',(31.545197785943,4.347945274131,4.));
#4346 = CARTESIAN_POINT('',(31.055727083634,4.336037549077,4.));
#4347 = ORIENTED_EDGE('',*,*,#4029,.T.);
#4348 = ORIENTED_EDGE('',*,*,#1350,.T.);
#4349 = ORIENTED_EDGE('',*,*,#4350,.F.);
#4350 = EDGE_CURVE('',#4327,#1343,#4351,.T.);
#4351 = B_SPLINE_CURVE_WITH_KNOTS('',5,(#4352,#4353,#4354,#4355,#4356,
    #4357),.UNSPECIFIED.,.F.,.F.,(6,6),(0.,1.),
  .PIECEWISE_BEZIER_KNOTS.);
#4352 = CARTESIAN_POINT('',(41.497474683058,4.479839599693,4.));
#4353 = CARTESIAN_POINT('',(41.497474683058,4.47131712137,3.18876857685)
  );
#4354 = CARTESIAN_POINT('',(41.497474683058,4.45063052113,2.382524345672
    ));
#4355 = CARTESIAN_POINT('',(41.497474683058,4.417972203561,
    1.582014216756));
#4356 = CARTESIAN_POINT('',(41.497474683058,4.373754142437,
    0.787734706704));
#4357 = CARTESIAN_POINT('',(41.497474683058,4.318490338877,
    7.105427357601E-15));
#4358 = B_SPLINE_SURFACE_WITH_KNOTS('',1,11,(
    (#4359,#4360,#4361,#4362,#4363,#4364,#4365,#4366,#4367,#4368,#4369
      ,#4370,#4371,#4372,#4373,#4374,#4375,#4376,#4377,#4378,#4379,#4380
      ,#4381,#4382,#4383,#4384,#4385,#4386,#4387,#4388,#4389,#4390,#4391
      ,#4392,#4393,#4394,#4395,#4396,#4397)
    ,(#4398,#4399,#4400,#4401,#4402,#4403,#4404,#4405,#4406,#4407,#4408
      ,#4409,#4410,#4411,#4412,#4413,#4414,#4415,#4416,#4417,#4418,#4419
      ,#4420,#4421,#4422,#4423,#4424,#4425,#4426,#4427,#4428,#4429,#4430
      ,#4431,#4432,#4433,#4434,#4435,#4436
    )),.UNSPECIFIED.,.F.,.F.,.F.,(2,2),(12,9,9,9,12),(0.,14.),(0.,0.4,
    0.5,0.7,1.),.UNSPECIFIED.);
#4359 = CARTESIAN_POINT('',(32.509984346067,4.313133069631,
    10.514784771479));
#4360 = CARTESIAN_POINT('',(32.145515952097,4.572884313993,
    6.930149807576));
#4361 = CARTESIAN_POINT('',(31.347457067914,4.549026165134,
    3.688173836879));
#4362 = CARTESIAN_POINT('',(30.161528156078,4.258169685901,
    0.763858423788));
#4363 = CARTESIAN_POINT('',(28.625097085354,3.711754767646,
    -1.871541062242));
#4364 = CARTESIAN_POINT('',(26.76552265142,2.919139972579,
    -4.266442345871));
#4365 = CARTESIAN_POINT('',(24.573668725706,1.855988752408,
    -6.409788500018));
#4366 = CARTESIAN_POINT('',(22.128373971642,0.549426653136,
    -8.295732303678));
#4367 = CARTESIAN_POINT('',(19.450155558653,-1.002516937634,
    -9.943497365168));
#4368 = CARTESIAN_POINT('',(16.590054554733,-2.787431665259,
    -11.34742459474));
#4369 = CARTESIAN_POINT('',(12.840782870538,-5.297175835804,
    -12.80443873411));
#4370 = CARTESIAN_POINT('',(8.942058695631,-8.136322963065,
    -13.9345139316));
#4371 = CARTESIAN_POINT('',(8.156920321715,-8.717269570811,
    -14.14729203436));
#4372 = CARTESIAN_POINT('',(7.367007712772,-9.311239781207,
    -14.34678196794));
#4373 = CARTESIAN_POINT('',(6.572965994591,-9.918111402109,
    -14.53305510039));
#4374 = CARTESIAN_POINT('',(5.775457193542,-10.53773966005,
    -14.70631985427));
#4375 = CARTESIAN_POINT('',(4.975151315238,-11.16996323141,
    -14.86693616047));
#4376 = CARTESIAN_POINT('',(4.17271742323,-11.8146102736,-15.01542991223
    ));
#4377 = CARTESIAN_POINT('',(3.368814717686,-12.47150445619,
    -15.15250741901));
#4378 = CARTESIAN_POINT('',(0.954621406824,-14.47840406408,
    -15.53219474338));
#4379 = CARTESIAN_POINT('',(-1.461513101769,-16.59244993968,
    -15.82724101351));
#4380 = CARTESIAN_POINT('',(-3.068564334633,-18.04909853322,
    -15.98747805274));
#4381 = CARTESIAN_POINT('',(-4.667102307284,-19.55225447343,
    -16.11555171121));
#4382 = CARTESIAN_POINT('',(-6.252520899435,-21.10128619935,
    -16.21761573598));
#4383 = CARTESIAN_POINT('',(-7.820458972459,-22.69598849818,
    -16.29995780133));
#4384 = CARTESIAN_POINT('',(-9.366592211272,-24.33663086105,
    -16.36723082837));
#4385 = CARTESIAN_POINT('',(-10.88632213367,-26.02384802584,
    -16.42103245667));
#4386 = CARTESIAN_POINT('',(-12.37451054014,-27.75844711583,
    -16.45922677268));
#4387 = CARTESIAN_POINT('',(-16.00175338356,-32.21534378728,
    -16.50216584269));
#4388 = CARTESIAN_POINT('',(-19.35785606916,-36.97706122286,
    -16.37187386728));
#4389 = CARTESIAN_POINT('',(-21.25569826903,-39.94488414292,
    -16.25402793496));
#4390 = CARTESIAN_POINT('',(-23.01781239659,-43.02763927318,
    -16.10872563549));
#4391 = CARTESIAN_POINT('',(-24.62266987723,-46.22936438816,
    -15.94466593736));
#4392 = CARTESIAN_POINT('',(-26.04583841191,-49.55488271474,
    -15.77097523934));
#4393 = CARTESIAN_POINT('',(-27.25823401784,-53.00952025172,
    -15.5991784343));
#4394 = CARTESIAN_POINT('',(-28.22503068907,-56.59543987407,
    -15.44391935299));
#4395 = CARTESIAN_POINT('',(-28.90657175267,-60.30540827976,
    -15.32282488292));
#4396 = CARTESIAN_POINT('',(-29.26284931162,-64.11784101779,
    -15.25558019753));
#4397 = CARTESIAN_POINT('',(-29.26334047261,-68.,-15.26195566857));
#4398 = CARTESIAN_POINT('',(46.433290881222,4.313133069631,
    9.051386285732));
#4399 = CARTESIAN_POINT('',(45.904123590772,4.667467017621,
    3.899745995504));
#4400 = CARTESIAN_POINT('',(44.729220784088,4.66457850323,
    -1.054804120598));
#4401 = CARTESIAN_POINT('',(42.89196216197,4.25490705873,-5.76075752938)
  );
#4402 = CARTESIAN_POINT('',(40.424379582471,3.408650819842,
    -10.1100729521));
#4403 = CARTESIAN_POINT('',(37.30303543315,2.043129638646,
    -13.86178035998));
#4404 = CARTESIAN_POINT('',(34.097902720891,0.418476105889,
    -16.78281333255));
#4405 = CARTESIAN_POINT('',(30.712435255213,-1.439102629948,
    -19.32580603304));
#4406 = CARTESIAN_POINT('',(27.270424153886,-3.499335047046,
    -21.35348223436));
#4407 = CARTESIAN_POINT('',(23.78188387792,-5.72314473117,
    -23.02840994223));
#4408 = CARTESIAN_POINT('',(19.390807112679,-8.686999334002,
    -24.71599182476));
#4409 = CARTESIAN_POINT('',(15.011876023204,-11.87933434213,
    -25.98331613074));
#4410 = CARTESIAN_POINT('',(14.136696525598,-12.52652508161,
    -26.22049297165));
#4411 = CARTESIAN_POINT('',(13.262304215183,-13.18211225212,
    -26.44191278043));
#4412 = CARTESIAN_POINT('',(12.388950380704,-13.84586226513,
    -26.64812537112));
#4413 = CARTESIAN_POINT('',(11.516968381235,-14.5176407973,
    -26.83970950452));
#4414 = CARTESIAN_POINT('',(10.646784894203,-15.19741833715,
    -27.01728300852));
#4415 = CARTESIAN_POINT('',(9.778931163973,-15.885275732,-27.181512899)
  );
#4416 = CARTESIAN_POINT('',(8.914054249907,-16.58140973465,
    -27.33312550027));
#4417 = CARTESIAN_POINT('',(6.330676324604,-18.69559618155,
    -27.75249869698));
#4418 = CARTESIAN_POINT('',(3.789268760207,-20.89114278405,
    -28.07335580158));
#4419 = CARTESIAN_POINT('',(2.116267393535,-22.38961221774,
    -28.24672719035));
#4420 = CARTESIAN_POINT('',(0.469124978135,-23.92355499936,
    -28.38404712213));
#4421 = CARTESIAN_POINT('',(-1.14614062184,-25.49475612961,
    -28.49044621531));
#4422 = CARTESIAN_POINT('',(-2.723039082397,-27.10488791158,
    -28.5709134225));
#4423 = CARTESIAN_POINT('',(-4.255724691285,-28.75438674458,
    -28.62948786073));
#4424 = CARTESIAN_POINT('',(-5.740019676567,-30.44166498655,
    -28.66862390462));
#4425 = CARTESIAN_POINT('',(-7.17408977559,-32.16292010873,
    -28.68892057844));
#4426 = CARTESIAN_POINT('',(-10.6351604008,-36.53762825678,
    -28.69013484775));
#4427 = CARTESIAN_POINT('',(-13.79983405004,-41.05935886405,
    -28.55808613248));
#4428 = CARTESIAN_POINT('',(-15.56775030487,-43.8325906954,
    -28.44709076599));
#4429 = CARTESIAN_POINT('',(-17.18587521965,-46.66664559059,
    -28.31501411589));
#4430 = CARTESIAN_POINT('',(-18.63738682255,-49.55963718034,
    -28.17073147659));
#4431 = CARTESIAN_POINT('',(-19.90473092466,-52.50999972477,
    -28.02316470379));
#4432 = CARTESIAN_POINT('',(-20.96766802401,-55.51698556746,
    -27.88209421718));
#4433 = CARTESIAN_POINT('',(-21.80253457359,-58.57880085894,
    -27.7584485993));
#4434 = CARTESIAN_POINT('',(-22.38295220105,-61.68939027911,
    -27.66430132238));
#4435 = CARTESIAN_POINT('',(-22.68209825749,-64.83591481881,
    -27.61251196496));
#4436 = CARTESIAN_POINT('',(-22.6765308519,-68.,-27.61565709853));
#4437 = ADVANCED_FACE('',(#4438),#4456,.F.);
#4438 = FACE_BOUND('',#4439,.F.);
#4439 = EDGE_LOOP('',(#4440,#4441,#4442,#4450));
#4440 = ORIENTED_EDGE('',*,*,#4350,.T.);
#4441 = ORIENTED_EDGE('',*,*,#1342,.T.);
#4442 = ORIENTED_EDGE('',*,*,#4443,.T.);
#4443 = EDGE_CURVE('',#1335,#4444,#4446,.T.);
#4444 = VERTEX_POINT('',#4445);
#4445 = CARTESIAN_POINT('',(41.497474683058,38.,4.));
#4446 = LINE('',#4447,#4448);
#4447 = CARTESIAN_POINT('',(41.497474683058,38.,-1.));
#4448 = VECTOR('',#4449,1.);
#4449 = DIRECTION('',(-2.22044604925E-16,0.,1.));
#4450 = ORIENTED_EDGE('',*,*,#4451,.F.);
#4451 = EDGE_CURVE('',#4327,#4444,#4452,.T.);
#4452 = LINE('',#4453,#4454);
#4453 = CARTESIAN_POINT('',(41.497474683058,-46.,4.));
#4454 = VECTOR('',#4455,1.);
#4455 = DIRECTION('',(0.,1.,0.));
#4456 = PLANE('',#4457);
#4457 = AXIS2_PLACEMENT_3D('',#4458,#4459,#4460);
#4458 = CARTESIAN_POINT('',(41.497474683058,-38.,-1.));
#4459 = DIRECTION('',(1.,0.,2.22044604925E-16));
#4460 = DIRECTION('',(-2.22044604925E-16,0.,1.));
#4461 = ADVANCED_FACE('',(#4462),#4480,.F.);
#4462 = FACE_BOUND('',#4463,.F.);
#4463 = EDGE_LOOP('',(#4464,#4465,#4466,#4474));
#4464 = ORIENTED_EDGE('',*,*,#4443,.F.);
#4465 = ORIENTED_EDGE('',*,*,#1334,.T.);
#4466 = ORIENTED_EDGE('',*,*,#4467,.F.);
#4467 = EDGE_CURVE('',#4468,#1327,#4470,.T.);
#4468 = VERTEX_POINT('',#4469);
#4469 = CARTESIAN_POINT('',(10.142135623731,38.,4.));
#4470 = LINE('',#4471,#4472);
#4471 = CARTESIAN_POINT('',(-167.4556274847,38.,181.5977631085));
#4472 = VECTOR('',#4473,1.);
#4473 = DIRECTION('',(0.707106781187,0.,-0.707106781187));
#4474 = ORIENTED_EDGE('',*,*,#4475,.F.);
#4475 = EDGE_CURVE('',#4444,#4468,#4476,.T.);
#4476 = LINE('',#4477,#4478);
#4477 = CARTESIAN_POINT('',(4.,38.,4.));
#4478 = VECTOR('',#4479,1.);
#4479 = DIRECTION('',(-1.,0.,-2.22044604925E-16));
#4480 = PLANE('',#4481);
#4481 = AXIS2_PLACEMENT_3D('',#4482,#4483,#4484);
#4482 = CARTESIAN_POINT('',(8.,38.,-1.));
#4483 = DIRECTION('',(0.,1.,0.));
#4484 = DIRECTION('',(-2.22044604925E-16,0.,1.));
#4485 = ADVANCED_FACE('',(#4486),#4504,.F.);
#4486 = FACE_BOUND('',#4487,.F.);
#4487 = EDGE_LOOP('',(#4488,#4496,#4502,#4503));
#4488 = ORIENTED_EDGE('',*,*,#4489,.T.);
#4489 = EDGE_CURVE('',#1319,#4490,#4492,.T.);
#4490 = VERTEX_POINT('',#4491);
#4491 = CARTESIAN_POINT('',(10.142135623731,40.,4.));
#4492 = LINE('',#4493,#4494);
#4493 = CARTESIAN_POINT('',(-174.655374953,40.,188.7975105768));
#4494 = VECTOR('',#4495,1.);
#4495 = DIRECTION('',(-0.707106781187,0.,0.707106781187));
#4496 = ORIENTED_EDGE('',*,*,#4497,.F.);
#4497 = EDGE_CURVE('',#4468,#4490,#4498,.T.);
#4498 = LINE('',#4499,#4500);
#4499 = CARTESIAN_POINT('',(10.142135623731,-277.,4.));
#4500 = VECTOR('',#4501,1.);
#4501 = DIRECTION('',(0.,1.,0.));
#4502 = ORIENTED_EDGE('',*,*,#4467,.T.);
#4503 = ORIENTED_EDGE('',*,*,#1326,.T.);
#4504 = PLANE('',#4505);
#4505 = AXIS2_PLACEMENT_3D('',#4506,#4507,#4508);
#4506 = CARTESIAN_POINT('',(-346.4823227814,-500.,360.62445840513));
#4507 = DIRECTION('',(0.707106781187,0.,0.707106781187));
#4508 = DIRECTION('',(0.707106781187,0.,-0.707106781187));
#4509 = ADVANCED_FACE('',(#4510),#4520,.F.);
#4510 = FACE_BOUND('',#4511,.F.);
#4511 = EDGE_LOOP('',(#4512,#4513,#4514,#4515,#4516,#4517,#4518,#4519));
#4512 = ORIENTED_EDGE('',*,*,#1525,.F.);
#4513 = ORIENTED_EDGE('',*,*,#1295,.T.);
#4514 = ORIENTED_EDGE('',*,*,#1577,.F.);
#4515 = ORIENTED_EDGE('',*,*,#1568,.T.);
#4516 = ORIENTED_EDGE('',*,*,#1559,.T.);
#4517 = ORIENTED_EDGE('',*,*,#1550,.T.);
#4518 = ORIENTED_EDGE('',*,*,#1542,.F.);
#4519 = ORIENTED_EDGE('',*,*,#1533,.T.);
#4520 = PLANE('',#4521);
#4521 = AXIS2_PLACEMENT_3D('',#4522,#4523,#4524);
#4522 = CARTESIAN_POINT('',(-500.,-500.,-1.110223024625E-13));
#4523 = DIRECTION('',(-2.22044604925E-16,0.,1.));
#4524 = DIRECTION('',(1.,0.,2.22044604925E-16));
#4525 = ADVANCED_FACE('',(#4526),#4544,.F.);
#4526 = FACE_BOUND('',#4527,.F.);
#4527 = EDGE_LOOP('',(#4528,#4536,#4542,#4543));
#4528 = ORIENTED_EDGE('',*,*,#4529,.F.);
#4529 = EDGE_CURVE('',#4530,#1270,#4532,.T.);
#4530 = VERTEX_POINT('',#4531);
#4531 = CARTESIAN_POINT('',(14.142135623731,-44.,-2.6645352591E-15));
#4532 = LINE('',#4533,#4534);
#4533 = CARTESIAN_POINT('',(14.142135623731,-277.,0.));
#4534 = VECTOR('',#4535,1.);
#4535 = DIRECTION('',(0.,1.,0.));
#4536 = ORIENTED_EDGE('',*,*,#4537,.T.);
#4537 = EDGE_CURVE('',#4530,#1510,#4538,.T.);
#4538 = LINE('',#4539,#4540);
#4539 = CARTESIAN_POINT('',(0.,-44.,0.));
#4540 = VECTOR('',#4541,1.);
#4541 = DIRECTION('',(1.,0.,-2.22044604925E-16));
#4542 = ORIENTED_EDGE('',*,*,#1509,.T.);
#4543 = ORIENTED_EDGE('',*,*,#1279,.F.);
#4544 = PLANE('',#4545);
#4545 = AXIS2_PLACEMENT_3D('',#4546,#4547,#4548);
#4546 = CARTESIAN_POINT('',(0.,-54.,0.));
#4547 = DIRECTION('',(-2.22044604925E-16,0.,1.));
#4548 = DIRECTION('',(1.,0.,2.22044604925E-16));
#4549 = ADVANCED_FACE('',(#4550),#4568,.F.);
#4550 = FACE_BOUND('',#4551,.F.);
#4551 = EDGE_LOOP('',(#4552,#4560,#4566,#4567));
#4552 = ORIENTED_EDGE('',*,*,#4553,.F.);
#4553 = EDGE_CURVE('',#4554,#4530,#4556,.T.);
#4554 = VERTEX_POINT('',#4555);
#4555 = CARTESIAN_POINT('',(14.142135623731,-54.,-1.7763568394E-14));
#4556 = LINE('',#4557,#4558);
#4557 = CARTESIAN_POINT('',(14.142135623731,-277.,0.));
#4558 = VECTOR('',#4559,1.);
#4559 = DIRECTION('',(0.,1.,0.));
#4560 = ORIENTED_EDGE('',*,*,#4561,.T.);
#4561 = EDGE_CURVE('',#4554,#1593,#4562,.T.);
#4562 = LINE('',#4563,#4564);
#4563 = CARTESIAN_POINT('',(0.,-54.,0.));
#4564 = VECTOR('',#4565,1.);
#4565 = DIRECTION('',(1.,0.,2.22044604925E-16));
#4566 = ORIENTED_EDGE('',*,*,#1592,.T.);
#4567 = ORIENTED_EDGE('',*,*,#4537,.F.);
#4568 = PLANE('',#4569);
#4569 = AXIS2_PLACEMENT_3D('',#4570,#4571,#4572);
#4570 = CARTESIAN_POINT('',(0.,-54.,0.));
#4571 = DIRECTION('',(-2.22044604925E-16,0.,1.));
#4572 = DIRECTION('',(1.,0.,2.22044604925E-16));
#4573 = ADVANCED_FACE('',(#4574),#4585,.F.);
#4574 = FACE_BOUND('',#4575,.F.);
#4575 = EDGE_LOOP('',(#4576,#4582,#4583,#4584));
#4576 = ORIENTED_EDGE('',*,*,#4577,.T.);
#4577 = EDGE_CURVE('',#1611,#2633,#4578,.T.);
#4578 = LINE('',#4579,#4580);
#4579 = CARTESIAN_POINT('',(34.473358543988,-49.,-1.));
#4580 = VECTOR('',#4581,1.);
#4581 = DIRECTION('',(-2.22044604925E-16,0.,1.));
#4582 = ORIENTED_EDGE('',*,*,#2640,.F.);
#4583 = ORIENTED_EDGE('',*,*,#4577,.F.);
#4584 = ORIENTED_EDGE('',*,*,#1610,.T.);
#4585 = CYLINDRICAL_SURFACE('',#4586,2.3);
#4586 = AXIS2_PLACEMENT_3D('',#4587,#4588,#4589);
#4587 = CARTESIAN_POINT('',(32.173358543988,-49.,-1.));
#4588 = DIRECTION('',(-2.22044604925E-16,0.,1.));
#4589 = DIRECTION('',(1.,0.,2.22044604925E-16));
#4590 = ADVANCED_FACE('',(#4591),#4609,.F.);
#4591 = FACE_BOUND('',#4592,.F.);
#4592 = EDGE_LOOP('',(#4593,#4594,#4602,#4608));
#4593 = ORIENTED_EDGE('',*,*,#4561,.F.);
#4594 = ORIENTED_EDGE('',*,*,#4595,.F.);
#4595 = EDGE_CURVE('',#4596,#4554,#4598,.T.);
#4596 = VERTEX_POINT('',#4597);
#4597 = CARTESIAN_POINT('',(10.142135623731,-54.,4.));
#4598 = LINE('',#4599,#4600);
#4599 = CARTESIAN_POINT('',(-169.7056274847,-54.,183.8477631085));
#4600 = VECTOR('',#4601,1.);
#4601 = DIRECTION('',(0.707106781187,0.,-0.707106781187));
#4602 = ORIENTED_EDGE('',*,*,#4603,.T.);
#4603 = EDGE_CURVE('',#4596,#760,#4604,.T.);
#4604 = LINE('',#4605,#4606);
#4605 = CARTESIAN_POINT('',(-8.881784197001E-16,-54.,4.));
#4606 = VECTOR('',#4607,1.);
#4607 = DIRECTION('',(1.,0.,2.22044604925E-16));
#4608 = ORIENTED_EDGE('',*,*,#1628,.T.);
#4609 = PLANE('',#4610);
#4610 = AXIS2_PLACEMENT_3D('',#4611,#4612,#4613);
#4611 = CARTESIAN_POINT('',(0.,-54.,0.));
#4612 = DIRECTION('',(0.,1.,0.));
#4613 = DIRECTION('',(-2.22044604925E-16,0.,1.));
#4614 = ADVANCED_FACE('',(#4615,#4640),#4646,.F.);
#4615 = FACE_BOUND('',#4616,.F.);
#4616 = EDGE_LOOP('',(#4617,#4625,#4633,#4639));
#4617 = ORIENTED_EDGE('',*,*,#4618,.F.);
#4618 = EDGE_CURVE('',#4619,#1647,#4621,.T.);
#4619 = VERTEX_POINT('',#4620);
#4620 = CARTESIAN_POINT('',(47.896950893801,39.136561110626,4.));
#4621 = LINE('',#4622,#4623);
#4622 = CARTESIAN_POINT('',(51.632516961535,-20.79793144976,4.));
#4623 = VECTOR('',#4624,1.);
#4624 = DIRECTION('',(6.22067723489E-02,-0.998063283301,
    6.938893903907E-18));
#4625 = ORIENTED_EDGE('',*,*,#4626,.T.);
#4626 = EDGE_CURVE('',#4619,#4627,#4629,.T.);
#4627 = VERTEX_POINT('',#4628);
#4628 = CARTESIAN_POINT('',(65.45355750251,31.302464130579,
    21.04551277932));
#4629 = LINE('',#4630,#4631);
#4630 = CARTESIAN_POINT('',(45.961940777126,40.,2.12132034356));
#4631 = VECTOR('',#4632,1.);
#4632 = DIRECTION('',(0.683308709099,-0.304905544317,0.663416774822));
#4633 = ORIENTED_EDGE('',*,*,#4634,.T.);
#4634 = EDGE_CURVE('',#4627,#1645,#4635,.T.);
#4635 = LINE('',#4636,#4637);
#4636 = CARTESIAN_POINT('',(65.45355750251,31.302464130579,
    21.04551277932));
#4637 = VECTOR('',#4638,1.);
#4638 = DIRECTION('',(-7.291537003444E-03,-0.99756405026,
    -6.937434048221E-02));
#4639 = ORIENTED_EDGE('',*,*,#1644,.T.);
#4640 = FACE_BOUND('',#4641,.F.);
#4641 = EDGE_LOOP('',(#4642,#4643,#4644,#4645));
#4642 = ORIENTED_EDGE('',*,*,#2876,.F.);
#4643 = ORIENTED_EDGE('',*,*,#2853,.F.);
#4644 = ORIENTED_EDGE('',*,*,#2828,.F.);
#4645 = ORIENTED_EDGE('',*,*,#2805,.T.);
#4646 = PLANE('',#4647);
#4647 = AXIS2_PLACEMENT_3D('',#4648,#4649,#4650);
#4648 = CARTESIAN_POINT('',(59.148147978623,9.654442640598,
    13.401068143143));
#4649 = DIRECTION('',(0.705949377652,4.400004785287E-02,-0.706894243845)
  );
#4650 = DIRECTION('',(-3.111273915344E-02,0.999031528494,
    3.111273915344E-02));
#4651 = ADVANCED_FACE('',(#4652),#4723,.T.);
#4652 = FACE_BOUND('',#4653,.T.);
#4653 = EDGE_LOOP('',(#4654,#4655,#4656,#4657,#4665,#4673,#4681,#4689,
    #4697,#4705,#4713,#4719,#4720,#4721,#4722));
#4654 = ORIENTED_EDGE('',*,*,#4073,.F.);
#4655 = ORIENTED_EDGE('',*,*,#1717,.F.);
#4656 = ORIENTED_EDGE('',*,*,#4618,.F.);
#4657 = ORIENTED_EDGE('',*,*,#4658,.F.);
#4658 = EDGE_CURVE('',#4659,#4619,#4661,.T.);
#4659 = VERTEX_POINT('',#4660);
#4660 = CARTESIAN_POINT('',(46.938129709016,39.54013400188,4.));
#4661 = LINE('',#4662,#4663);
#4662 = CARTESIAN_POINT('',(49.76884354487,38.34867162581,4.));
#4663 = VECTOR('',#4664,1.);
#4664 = DIRECTION('',(0.921683943281,-0.387941630531,1.665334536938E-16)
  );
#4665 = ORIENTED_EDGE('',*,*,#4666,.F.);
#4666 = EDGE_CURVE('',#4667,#4659,#4669,.T.);
#4667 = VERTEX_POINT('',#4668);
#4668 = CARTESIAN_POINT('',(45.497474683058,39.772196613857,4.));
#4669 = LINE('',#4670,#4671);
#4670 = CARTESIAN_POINT('',(26.885727423686,42.770201413505,4.));
#4671 = VECTOR('',#4672,1.);
#4672 = DIRECTION('',(0.987273537608,-0.159031323769,1.665334536938E-16)
  );
#4673 = ORIENTED_EDGE('',*,*,#4674,.F.);
#4674 = EDGE_CURVE('',#4675,#4667,#4677,.T.);
#4675 = VERTEX_POINT('',#4676);
#4676 = CARTESIAN_POINT('',(45.497474683058,40.,4.));
#4677 = LINE('',#4678,#4679);
#4678 = CARTESIAN_POINT('',(45.497474683058,-47.,4.));
#4679 = VECTOR('',#4680,1.);
#4680 = DIRECTION('',(0.,-1.,0.));
#4681 = ORIENTED_EDGE('',*,*,#4682,.F.);
#4682 = EDGE_CURVE('',#4683,#4675,#4685,.T.);
#4683 = VERTEX_POINT('',#4684);
#4684 = CARTESIAN_POINT('',(44.083261120685,40.,4.));
#4685 = LINE('',#4686,#4687);
#4686 = CARTESIAN_POINT('',(8.75,40.,4.));
#4687 = VECTOR('',#4688,1.);
#4688 = DIRECTION('',(1.,0.,2.22044604925E-16));
#4689 = ORIENTED_EDGE('',*,*,#4690,.F.);
#4690 = EDGE_CURVE('',#4691,#4683,#4693,.T.);
#4691 = VERTEX_POINT('',#4692);
#4692 = CARTESIAN_POINT('',(34.31599846393,40.,4.));
#4693 = LINE('',#4694,#4695);
#4694 = CARTESIAN_POINT('',(8.75,40.,4.));
#4695 = VECTOR('',#4696,1.);
#4696 = DIRECTION('',(1.,0.,2.22044604925E-16));
#4697 = ORIENTED_EDGE('',*,*,#4698,.F.);
#4698 = EDGE_CURVE('',#4699,#4691,#4701,.T.);
#4699 = VERTEX_POINT('',#4700);
#4700 = CARTESIAN_POINT('',(16.180405689294,40.,4.));
#4701 = LINE('',#4702,#4703);
#4702 = CARTESIAN_POINT('',(8.75,40.,4.));
#4703 = VECTOR('',#4704,1.);
#4704 = DIRECTION('',(1.,0.,2.22044604925E-16));
#4705 = ORIENTED_EDGE('',*,*,#4706,.F.);
#4706 = EDGE_CURVE('',#4707,#4699,#4709,.T.);
#4707 = VERTEX_POINT('',#4708);
#4708 = CARTESIAN_POINT('',(15.798989873223,40.,4.));
#4709 = LINE('',#4710,#4711);
#4710 = CARTESIAN_POINT('',(8.75,40.,4.));
#4711 = VECTOR('',#4712,1.);
#4712 = DIRECTION('',(1.,0.,2.22044604925E-16));
#4713 = ORIENTED_EDGE('',*,*,#4714,.F.);
#4714 = EDGE_CURVE('',#4490,#4707,#4715,.T.);
#4715 = LINE('',#4716,#4717);
#4716 = CARTESIAN_POINT('',(8.75,40.,4.));
#4717 = VECTOR('',#4718,1.);
#4718 = DIRECTION('',(1.,0.,2.22044604925E-16));
#4719 = ORIENTED_EDGE('',*,*,#4497,.F.);
#4720 = ORIENTED_EDGE('',*,*,#4475,.F.);
#4721 = ORIENTED_EDGE('',*,*,#4451,.F.);
#4722 = ORIENTED_EDGE('',*,*,#4326,.F.);
#4723 = PLANE('',#4724);
#4724 = AXIS2_PLACEMENT_3D('',#4725,#4726,#4727);
#4725 = CARTESIAN_POINT('',(-8.881784197001E-16,-54.,4.));
#4726 = DIRECTION('',(-2.22044604925E-16,0.,1.));
#4727 = DIRECTION('',(1.,0.,2.22044604925E-16));
#4728 = ADVANCED_FACE('',(#4729),#4799,.T.);
#4729 = FACE_BOUND('',#4730,.T.);
#4730 = EDGE_LOOP('',(#4731,#4741,#4749,#4757,#4765,#4771,#4772,#4773,
    #4774,#4775,#4776,#4777,#4785,#4793));
#4731 = ORIENTED_EDGE('',*,*,#4732,.T.);
#4732 = EDGE_CURVE('',#4733,#4735,#4737,.T.);
#4733 = VERTEX_POINT('',#4734);
#4734 = CARTESIAN_POINT('',(34.31599846393,-40.,4.));
#4735 = VERTEX_POINT('',#4736);
#4736 = CARTESIAN_POINT('',(44.083261120685,-40.,4.));
#4737 = LINE('',#4738,#4739);
#4738 = CARTESIAN_POINT('',(8.75,-40.,4.));
#4739 = VECTOR('',#4740,1.);
#4740 = DIRECTION('',(1.,0.,2.22044604925E-16));
#4741 = ORIENTED_EDGE('',*,*,#4742,.T.);
#4742 = EDGE_CURVE('',#4735,#4743,#4745,.T.);
#4743 = VERTEX_POINT('',#4744);
#4744 = CARTESIAN_POINT('',(45.497474683058,-40.,4.));
#4745 = LINE('',#4746,#4747);
#4746 = CARTESIAN_POINT('',(8.75,-40.,4.));
#4747 = VECTOR('',#4748,1.);
#4748 = DIRECTION('',(1.,0.,2.22044604925E-16));
#4749 = ORIENTED_EDGE('',*,*,#4750,.F.);
#4750 = EDGE_CURVE('',#4751,#4743,#4753,.T.);
#4751 = VERTEX_POINT('',#4752);
#4752 = CARTESIAN_POINT('',(45.497474683058,-39.75480663139,4.));
#4753 = LINE('',#4754,#4755);
#4754 = CARTESIAN_POINT('',(45.497474683058,-47.,4.));
#4755 = VECTOR('',#4756,1.);
#4756 = DIRECTION('',(0.,-1.,0.));
#4757 = ORIENTED_EDGE('',*,*,#4758,.F.);
#4758 = EDGE_CURVE('',#4759,#4751,#4761,.T.);
#4759 = VERTEX_POINT('',#4760);
#4760 = CARTESIAN_POINT('',(47.022464764356,-39.49040706327,4.));
#4761 = LINE('',#4762,#4763);
#4762 = CARTESIAN_POINT('',(18.169748939807,-44.49283015876,4.));
#4763 = VECTOR('',#4764,1.);
#4764 = DIRECTION('',(-0.985300631202,-0.170829348041,
    -1.665334536938E-16));
#4765 = ORIENTED_EDGE('',*,*,#4766,.F.);
#4766 = EDGE_CURVE('',#1655,#4759,#4767,.T.);
#4767 = LINE('',#4768,#4769);
#4768 = CARTESIAN_POINT('',(33.696168054479,-49.39845422494,4.));
#4769 = VECTOR('',#4770,1.);
#4770 = DIRECTION('',(-0.802498394318,-0.596654277716,
    -1.110223024625E-16));
#4771 = ORIENTED_EDGE('',*,*,#1662,.F.);
#4772 = ORIENTED_EDGE('',*,*,#3614,.F.);
#4773 = ORIENTED_EDGE('',*,*,#3464,.F.);
#4774 = ORIENTED_EDGE('',*,*,#3406,.F.);
#4775 = ORIENTED_EDGE('',*,*,#3378,.T.);
#4776 = ORIENTED_EDGE('',*,*,#3337,.F.);
#4777 = ORIENTED_EDGE('',*,*,#4778,.T.);
#4778 = EDGE_CURVE('',#3338,#4779,#4781,.T.);
#4779 = VERTEX_POINT('',#4780);
#4780 = CARTESIAN_POINT('',(15.798989873223,-40.,4.));
#4781 = LINE('',#4782,#4783);
#4782 = CARTESIAN_POINT('',(8.75,-40.,4.));
#4783 = VECTOR('',#4784,1.);
#4784 = DIRECTION('',(1.,0.,2.22044604925E-16));
#4785 = ORIENTED_EDGE('',*,*,#4786,.T.);
#4786 = EDGE_CURVE('',#4779,#4787,#4789,.T.);
#4787 = VERTEX_POINT('',#4788);
#4788 = CARTESIAN_POINT('',(16.180405689294,-40.,4.));
#4789 = LINE('',#4790,#4791);
#4790 = CARTESIAN_POINT('',(8.75,-40.,4.));
#4791 = VECTOR('',#4792,1.);
#4792 = DIRECTION('',(1.,0.,2.22044604925E-16));
#4793 = ORIENTED_EDGE('',*,*,#4794,.T.);
#4794 = EDGE_CURVE('',#4787,#4733,#4795,.T.);
#4795 = LINE('',#4796,#4797);
#4796 = CARTESIAN_POINT('',(8.75,-40.,4.));
#4797 = VECTOR('',#4798,1.);
#4798 = DIRECTION('',(1.,0.,2.22044604925E-16));
#4799 = PLANE('',#4800);
#4800 = AXIS2_PLACEMENT_3D('',#4801,#4802,#4803);
#4801 = CARTESIAN_POINT('',(-8.881784197001E-16,-54.,4.));
#4802 = DIRECTION('',(-2.22044604925E-16,0.,1.));
#4803 = DIRECTION('',(1.,0.,2.22044604925E-16));
#4804 = ADVANCED_FACE('',(#4805),#4839,.F.);
#4805 = FACE_BOUND('',#4806,.F.);
#4806 = EDGE_LOOP('',(#4807,#4808,#4816,#4824,#4832,#4838));
#4807 = ORIENTED_EDGE('',*,*,#1654,.F.);
#4808 = ORIENTED_EDGE('',*,*,#4809,.T.);
#4809 = EDGE_CURVE('',#1645,#4810,#4812,.T.);
#4810 = VERTEX_POINT('',#4811);
#4811 = CARTESIAN_POINT('',(66.665978574817,-29.12856109672,
    32.580928733229));
#4812 = LINE('',#4813,#4814);
#4813 = CARTESIAN_POINT('',(65.019895410026,-28.02737445043,
    16.919493581453));
#4814 = VECTOR('',#4815,1.);
#4815 = DIRECTION('',(0.104273837185,-6.975647374413E-02,0.992099290016)
  );
#4816 = ORIENTED_EDGE('',*,*,#4817,.T.);
#4817 = EDGE_CURVE('',#4810,#4818,#4820,.T.);
#4818 = VERTEX_POINT('',#4819);
#4819 = CARTESIAN_POINT('',(66.676405958535,-29.13553674409,
    32.680138662231));
#4820 = LINE('',#4821,#4822);
#4821 = CARTESIAN_POINT('',(65.019895410026,-28.02737445043,
    16.919493581453));
#4822 = VECTOR('',#4823,1.);
#4823 = DIRECTION('',(0.104273837185,-6.975647374413E-02,0.992099290016)
  );
#4824 = ORIENTED_EDGE('',*,*,#4825,.T.);
#4825 = EDGE_CURVE('',#4818,#4826,#4828,.T.);
#4826 = VERTEX_POINT('',#4827);
#4827 = CARTESIAN_POINT('',(63.31184481053,-31.66318852313,
    32.856044066198));
#4828 = LINE('',#4829,#4830);
#4829 = CARTESIAN_POINT('',(-217.0446150852,-242.2830802259,
    47.51359200887));
#4830 = VECTOR('',#4831,1.);
#4831 = DIRECTION('',(-0.798819587229,-0.600119201872,4.176374748671E-02
    ));
#4832 = ORIENTED_EDGE('',*,*,#4833,.T.);
#4833 = EDGE_CURVE('',#4826,#4759,#4834,.T.);
#4834 = LINE('',#4835,#4836);
#4835 = CARTESIAN_POINT('',(67.468887121139,-29.66568594455,
    40.220093266349));
#4836 = VECTOR('',#4837,1.);
#4837 = DIRECTION('',(-0.478421055229,-0.229886351897,-0.847505492091));
#4838 = ORIENTED_EDGE('',*,*,#4766,.F.);
#4839 = PLANE('',#4840);
#4840 = AXIS2_PLACEMENT_3D('',#4841,#4842,#4843);
#4841 = CARTESIAN_POINT('',(58.716089812548,-33.12738058154,
    19.702478908867));
#4842 = DIRECTION('',(0.592464542347,-0.796863211546,-0.11829956951));
#4843 = DIRECTION('',(-0.598086636428,-0.533464854187,0.598086636428));
#4844 = ADVANCED_FACE('',(#4845),#4851,.T.);
#4845 = FACE_BOUND('',#4846,.T.);
#4846 = EDGE_LOOP('',(#4847,#4848,#4849,#4850));
#4847 = ORIENTED_EDGE('',*,*,#2050,.F.);
#4848 = ORIENTED_EDGE('',*,*,#1769,.T.);
#4849 = ORIENTED_EDGE('',*,*,#1751,.T.);
#4850 = ORIENTED_EDGE('',*,*,#2950,.F.);
#4851 = CYLINDRICAL_SURFACE('',#4852,2.5);
#4852 = AXIS2_PLACEMENT_3D('',#4853,#4854,#4855);
#4853 = CARTESIAN_POINT('',(65.444159478738,-27.72737445043,
    16.919493581453));
#4854 = DIRECTION('',(7.29153700344E-03,0.99756405026,6.937434048221E-02
    ));
#4855 = DIRECTION('',(0.104273837185,-6.975647374412E-02,0.992099290016)
  );
#4856 = ADVANCED_FACE('',(#4857),#4884,.T.);
#4857 = FACE_BOUND('',#4858,.T.);
#4858 = EDGE_LOOP('',(#4859,#4860,#4869,#4877));
#4859 = ORIENTED_EDGE('',*,*,#1784,.F.);
#4860 = ORIENTED_EDGE('',*,*,#4861,.F.);
#4861 = EDGE_CURVE('',#4862,#1785,#4864,.T.);
#4862 = VERTEX_POINT('',#4863);
#4863 = CARTESIAN_POINT('',(70.598607012095,18.271610767714,
    42.253749471364));
#4864 = CIRCLE('',#4865,4.5);
#4865 = AXIS2_PLACEMENT_3D('',#4866,#4867,#4868);
#4866 = CARTESIAN_POINT('',(73.507810177863,21.704158941731,
    42.189329184693));
#4867 = DIRECTION('',(0.104273837185,-6.975647374413E-02,0.992099290016)
  );
#4868 = DIRECTION('',(0.994521895368,1.07850667488E-17,-0.104528463268)
  );
#4869 = ORIENTED_EDGE('',*,*,#4870,.F.);
#4870 = EDGE_CURVE('',#4871,#4862,#4873,.T.);
#4871 = VERTEX_POINT('',#4872);
#4872 = CARTESIAN_POINT('',(70.59672784961,18.014520261563,
    42.23587043462));
#4873 = LINE('',#4874,#4875);
#4874 = CARTESIAN_POINT('',(70.277892928536,-25.60567326977,
    39.202358794786));
#4875 = VECTOR('',#4876,1.);
#4876 = DIRECTION('',(7.291537003444E-03,0.99756405026,
    6.937434048221E-02));
#4877 = ORIENTED_EDGE('',*,*,#4878,.T.);
#4878 = EDGE_CURVE('',#4871,#1787,#4879,.T.);
#4879 = CIRCLE('',#4880,4.7);
#4880 = AXIS2_PLACEMENT_3D('',#4881,#4882,#4883);
#4881 = CARTESIAN_POINT('',(73.507810177863,21.704158941731,
    42.189329184693));
#4882 = DIRECTION('',(0.104273837185,-6.975647374413E-02,0.992099290016)
  );
#4883 = DIRECTION('',(0.994521895368,1.07850667488E-17,-0.104528463268)
  );
#4884 = PLANE('',#4885);
#4885 = AXIS2_PLACEMENT_3D('',#4886,#4887,#4888);
#4886 = CARTESIAN_POINT('',(15.354416883399,-32.58862162159,
    44.484063759323));
#4887 = DIRECTION('',(0.104273837185,-6.975647374413E-02,0.992099290016)
  );
#4888 = DIRECTION('',(0.994521895368,1.07850667488E-17,-0.104528463268)
  );
#4889 = ADVANCED_FACE('',(#4890),#4917,.T.);
#4890 = FACE_BOUND('',#4891,.T.);
#4891 = EDGE_LOOP('',(#4892,#4902,#4909,#4910));
#4892 = ORIENTED_EDGE('',*,*,#4893,.T.);
#4893 = EDGE_CURVE('',#4894,#4896,#4898,.T.);
#4894 = VERTEX_POINT('',#4895);
#4895 = CARTESIAN_POINT('',(77.513926439689,22.01806307358,
    37.254504294918));
#4896 = VERTEX_POINT('',#4897);
#4897 = CARTESIAN_POINT('',(77.98315870702,21.704158941731,
    41.718951099989));
#4898 = LINE('',#4899,#4900);
#4899 = CARTESIAN_POINT('',(77.305378765319,22.157576021068,
    35.270305714887));
#4900 = VECTOR('',#4901,1.);
#4901 = DIRECTION('',(0.104273837185,-6.975647374413E-02,0.992099290016)
  );
#4902 = ORIENTED_EDGE('',*,*,#4903,.F.);
#4903 = EDGE_CURVE('',#1785,#4896,#4904,.T.);
#4904 = CIRCLE('',#4905,4.5);
#4905 = AXIS2_PLACEMENT_3D('',#4906,#4907,#4908);
#4906 = CARTESIAN_POINT('',(73.507810177863,21.704158941731,
    42.189329184693));
#4907 = DIRECTION('',(0.104273837185,-6.975647374413E-02,0.992099290016)
  );
#4908 = DIRECTION('',(0.994521895368,1.07850667488E-17,-0.104528463268)
  );
#4909 = ORIENTED_EDGE('',*,*,#2274,.F.);
#4910 = ORIENTED_EDGE('',*,*,#4911,.T.);
#4911 = EDGE_CURVE('',#2266,#4894,#4912,.T.);
#4912 = CIRCLE('',#4913,4.5);
#4913 = AXIS2_PLACEMENT_3D('',#4914,#4915,#4916);
#4914 = CARTESIAN_POINT('',(73.038577910531,22.01806307358,
    37.724882379623));
#4915 = DIRECTION('',(0.104273837185,-6.975647374413E-02,0.992099290016)
  );
#4916 = DIRECTION('',(0.994521895368,1.07850667488E-17,-0.104528463268)
  );
#4917 = CYLINDRICAL_SURFACE('',#4918,4.5);
#4918 = AXIS2_PLACEMENT_3D('',#4919,#4920,#4921);
#4919 = CARTESIAN_POINT('',(72.830030236162,22.157576021068,
    35.740683799591));
#4920 = DIRECTION('',(0.104273837185,-6.975647374413E-02,0.992099290016)
  );
#4921 = DIRECTION('',(0.994521895368,1.07850667488E-17,-0.104528463268)
  );
#4922 = ADVANCED_FACE('',(#4923),#4941,.T.);
#4923 = FACE_BOUND('',#4924,.T.);
#4924 = EDGE_LOOP('',(#4925,#4934,#4939,#4940));
#4925 = ORIENTED_EDGE('',*,*,#4926,.T.);
#4926 = EDGE_CURVE('',#2229,#4927,#4929,.T.);
#4927 = VERTEX_POINT('',#4928);
#4928 = CARTESIAN_POINT('',(79.116372944419,22.143624726319,
    35.280574339008));
#4929 = CIRCLE('',#4930,6.3);
#4930 = AXIS2_PLACEMENT_3D('',#4931,#4932,#4933);
#4931 = CARTESIAN_POINT('',(72.850885003599,22.143624726319,
    35.939103657595));
#4932 = DIRECTION('',(0.104273837185,-6.975647374413E-02,0.992099290016)
  );
#4933 = DIRECTION('',(0.994521895368,1.07850667488E-17,-0.104528463268)
  );
#4934 = ORIENTED_EDGE('',*,*,#4935,.T.);
#4935 = EDGE_CURVE('',#4927,#4894,#4936,.T.);
#4936 = B_SPLINE_CURVE_WITH_KNOTS('',1,(#4937,#4938),.UNSPECIFIED.,.F.,
  .F.,(2,2),(0.,1.),.PIECEWISE_BEZIER_KNOTS.);
#4937 = CARTESIAN_POINT('',(79.116372944419,22.143624726319,
    35.280574339008));
#4938 = CARTESIAN_POINT('',(77.513926439689,22.01806307358,
    37.254504294918));
#4939 = ORIENTED_EDGE('',*,*,#4911,.F.);
#4940 = ORIENTED_EDGE('',*,*,#2265,.F.);
#4941 = CONICAL_SURFACE('',#4942,6.3,0.785398163397);
#4942 = AXIS2_PLACEMENT_3D('',#4943,#4944,#4945);
#4943 = CARTESIAN_POINT('',(72.850885003599,22.143624726319,
    35.939103657595));
#4944 = DIRECTION('',(-0.104273837185,6.975647374413E-02,-0.992099290016
    ));
#4945 = DIRECTION('',(0.994521895368,1.07850667488E-17,-0.104528463268)
  );
#4946 = ADVANCED_FACE('',(#4947),#5066,.T.);
#4947 = FACE_BOUND('',#4948,.T.);
#4948 = EDGE_LOOP('',(#4949,#4950,#4959,#4964,#4965,#4966,#4985,#4995,
    #5056));
#4949 = ORIENTED_EDGE('',*,*,#2159,.F.);
#4950 = ORIENTED_EDGE('',*,*,#4951,.T.);
#4951 = EDGE_CURVE('',#2132,#4952,#4954,.T.);
#4952 = VERTEX_POINT('',#4953);
#4953 = CARTESIAN_POINT('',(71.369412427153,23.001629353372,
    23.757188083056));
#4954 = CIRCLE('',#4955,11.8);
#4955 = AXIS2_PLACEMENT_3D('',#4956,#4957,#4958);
#4956 = CARTESIAN_POINT('',(59.634054061808,23.001629353372,
    24.990623949614));
#4957 = DIRECTION('',(0.104273837185,-6.975647374413E-02,0.992099290016)
  );
#4958 = DIRECTION('',(0.994521895368,1.07850667488E-17,-0.104528463268)
  );
#4959 = ORIENTED_EDGE('',*,*,#4960,.T.);
#4960 = EDGE_CURVE('',#4952,#4927,#4961,.T.);
#4961 = B_SPLINE_CURVE_WITH_KNOTS('',1,(#4962,#4963),.UNSPECIFIED.,.F.,
  .F.,(2,2),(0.,1.),.PIECEWISE_BEZIER_KNOTS.);
#4962 = CARTESIAN_POINT('',(71.369412427153,23.001629353372,
    23.757188083056));
#4963 = CARTESIAN_POINT('',(79.116372944419,22.143624726319,
    35.280574339008));
#4964 = ORIENTED_EDGE('',*,*,#4926,.F.);
#4965 = ORIENTED_EDGE('',*,*,#2228,.F.);
#4966 = ORIENTED_EDGE('',*,*,#4967,.T.);
#4967 = EDGE_CURVE('',#2221,#4968,#4970,.T.);
#4968 = VERTEX_POINT('',#4969);
#4969 = CARTESIAN_POINT('',(70.165660201571,15.872878247477,
    35.074848963608));
#4970 = B_SPLINE_CURVE_WITH_KNOTS('',7,(#4971,#4972,#4973,#4974,#4975,
    #4976,#4977,#4978,#4979,#4980,#4981,#4982,#4983,#4984),
  .UNSPECIFIED.,.F.,.F.,(8,6,8),(0.,0.68931317319,1.),.UNSPECIFIED.);
#4971 = CARTESIAN_POINT('',(66.791632919071,15.872878247477,
    33.776449959718));
#4972 = CARTESIAN_POINT('',(67.118779421947,15.872878247477,
    33.917802595504));
#4973 = CARTESIAN_POINT('',(67.446776409166,15.872878247477,
    34.057076175205));
#4974 = CARTESIAN_POINT('',(67.775734057938,15.872878247477,
    34.19400684164));
#4975 = CARTESIAN_POINT('',(68.105764748117,15.872878247477,
    34.328261337058));
#4976 = CARTESIAN_POINT('',(68.436996749364,15.872878247477,
    34.45940106844));
#4977 = CARTESIAN_POINT('',(68.769583258026,15.872878247477,
    34.586859489688));
#4978 = CARTESIAN_POINT('',(69.254389849591,15.872878247477,
    34.765176558166));
#4979 = CARTESIAN_POINT('',(69.405333501538,15.872878247477,
    34.819653465459));
#4980 = CARTESIAN_POINT('',(69.556620123226,15.872878247477,
    34.873126652932));
#4981 = CARTESIAN_POINT('',(69.708271368963,15.872878247477,
    34.925504583762));
#4982 = CARTESIAN_POINT('',(69.860310164382,15.872878247477,
    34.976677980751));
#4983 = CARTESIAN_POINT('',(70.012762662799,15.872878247477,
    35.02651375984));
#4984 = CARTESIAN_POINT('',(70.165660201571,15.872878247477,
    35.074848963608));
#4985 = ORIENTED_EDGE('',*,*,#4986,.F.);
#4986 = EDGE_CURVE('',#4987,#4968,#4989,.T.);
#4987 = VERTEX_POINT('',#4988);
#4988 = CARTESIAN_POINT('',(71.735207886104,15.603142275931,
    34.890917182017));
#4989 = B_SPLINE_CURVE_WITH_KNOTS('',4,(#4990,#4991,#4992,#4993,#4994),
  .UNSPECIFIED.,.F.,.F.,(5,5),(0.,1.),.PIECEWISE_BEZIER_KNOTS.);
#4990 = CARTESIAN_POINT('',(71.7352078861,15.603142275393,34.89091718198
    ));
#4991 = CARTESIAN_POINT('',(71.336236043763,15.622359121114,
    34.934201986994));
#4992 = CARTESIAN_POINT('',(70.939047439901,15.674006170793,
    34.979579598216));
#4993 = CARTESIAN_POINT('',(70.547594208572,15.757891829357,
    35.026621158187));
#4994 = CARTESIAN_POINT('',(70.165660201571,15.872878247477,
    35.074848963608));
#4995 = ORIENTED_EDGE('',*,*,#4996,.F.);
#4996 = EDGE_CURVE('',#4997,#4987,#4999,.T.);
#4997 = VERTEX_POINT('',#4998);
#4998 = CARTESIAN_POINT('',(70.950996334179,15.632660742483,
    27.429642667787));
#4999 = B_SPLINE_CURVE_WITH_KNOTS('',7,(#5000,#5001,#5002,#5003,#5004,
    #5005,#5006,#5007,#5008,#5009,#5010,#5011,#5012,#5013,#5014,#5015,
    #5016,#5017,#5018,#5019,#5020,#5021,#5022,#5023,#5024,#5025,#5026,
    #5027,#5028,#5029,#5030,#5031,#5032,#5033,#5034,#5035,#5036,#5037,
    #5038,#5039,#5040,#5041,#5042,#5043,#5044,#5045,#5046,#5047,#5048,
    #5049,#5050,#5051,#5052,#5053,#5054,#5055),.UNSPECIFIED.,.F.,.F.,(8,
    6,6,6,6,6,6,6,6,8),(0.,0.191186111523,0.298303005027,0.420806930841,
    0.505659733127,0.565047684742,0.710635046767,0.85464533145,
    0.914357008929,1.),.UNSPECIFIED.);
#5000 = CARTESIAN_POINT('',(70.41594036349,23.107229922855,
    22.338925159246));
#5001 = CARTESIAN_POINT('',(70.412311769891,22.610797617133,
    22.304401397294));
#5002 = CARTESIAN_POINT('',(70.413250961452,22.111104922495,
    22.313337208093));
#5003 = CARTESIAN_POINT('',(70.418801566695,21.613217936718,
    22.366147689316));
#5004 = CARTESIAN_POINT('',(70.428867422467,21.121681056846,
    22.461917909679));
#5005 = CARTESIAN_POINT('',(70.443266981893,20.640593167278,
    22.598920566039));
#5006 = CARTESIAN_POINT('',(70.46174597206,20.173628090809,
    22.77473641323));
#5007 = CARTESIAN_POINT('',(70.496441773296,19.472132958803,
    23.10484491122));
#5008 = CARTESIAN_POINT('',(70.510083915515,19.225613667182,
    23.234641224226));
#5009 = CARTESIAN_POINT('',(70.524856952528,18.984987876654,
    23.375197282467));
#5010 = CARTESIAN_POINT('',(70.540705611751,18.750699072087,
    23.525987202423));
#5011 = CARTESIAN_POINT('',(70.557572996355,18.5231269331,
    23.686469646934));
#5012 = CARTESIAN_POINT('',(70.575401816247,18.302594672452,
    23.856099537179));
#5013 = CARTESIAN_POINT('',(70.615560478505,17.845529883819,
    24.238183685897));
#5014 = CARTESIAN_POINT('',(70.638168805855,17.611251424658,
    24.453287552007));
#5015 = CARTESIAN_POINT('',(70.661876889643,17.386938522812,
    24.678854901671));
#5016 = CARTESIAN_POINT('',(70.686602251846,17.172910980975,
    24.91410100893));
#5017 = CARTESIAN_POINT('',(70.712264709745,16.969421990263,
    25.158262986179));
#5018 = CARTESIAN_POINT('',(70.738787437795,16.776669241838,
    25.410609887169));
#5019 = CARTESIAN_POINT('',(70.785014812947,16.468837810704,
    25.850433982124));
#5020 = CARTESIAN_POINT('',(70.804309420822,16.348095090529,
    26.034009913445));
#5021 = CARTESIAN_POINT('',(70.823957742506,16.232628756562,
    26.220951206858));
#5022 = CARTESIAN_POINT('',(70.843936323594,16.122481536063,
    26.411034708608));
#5023 = CARTESIAN_POINT('',(70.864222426078,16.017689034275,
    26.604044080995));
#5024 = CARTESIAN_POINT('',(70.884794088537,15.918280763705,
    26.799770375068));
#5025 = CARTESIAN_POINT('',(70.920213242339,15.758491441434,
    27.136761112994));
#5026 = CARTESIAN_POINT('',(70.934925785771,15.695351431153,
    27.276741613259));
#5027 = CARTESIAN_POINT('',(70.94976054842,15.634869477126,
    27.417884951689));
#5028 = CARTESIAN_POINT('',(70.964710401835,15.577053131743,
    27.560123305618));
#5029 = CARTESIAN_POINT('',(70.97976835733,15.521909165231,
    27.703390182137));
#5030 = CARTESIAN_POINT('',(70.994927565983,15.469443565653,
    27.847620418098));
#5031 = CARTESIAN_POINT('',(71.047575327838,15.297622745641,
    28.348530412088));
#5032 = CARTESIAN_POINT('',(71.08553630208,15.191715650545,
    28.709704956056));
#5033 = CARTESIAN_POINT('',(71.123967067804,15.10201153596,
    29.075349267417));
#5034 = CARTESIAN_POINT('',(71.162772637101,15.028574262647,
    29.444559596557));
#5035 = CARTESIAN_POINT('',(71.20186011663,14.971457393691,
    29.816452122395));
#5036 = CARTESIAN_POINT('',(71.241138729435,14.930706953362,
    30.190163159876));
#5037 = CARTESIAN_POINT('',(71.319474572137,14.882296320873,
    30.935478917173));
#5038 = CARTESIAN_POINT('',(71.358527584643,14.874283331896,
    31.307043511194));
#5039 = CARTESIAN_POINT('',(71.397593148537,14.882374797303,
    31.678727523684));
#5040 = CARTESIAN_POINT('',(71.43658334096,14.906614590217,
    32.04969442454));
#5041 = CARTESIAN_POINT('',(71.475408133737,14.947042618122,
    32.419087652882));
#5042 = CARTESIAN_POINT('',(71.513975372304,15.003690927411,
    32.786030416599));
#5043 = CARTESIAN_POINT('',(71.568036182553,15.106802075266,33.300384668
    ));
#5044 = CARTESIAN_POINT('',(71.583820921385,15.13981607545,
    33.450566426057));
#5045 = CARTESIAN_POINT('',(71.599538135817,15.175623170223,
    33.600105732377));
#5046 = CARTESIAN_POINT('',(71.615180846786,15.214223982939,
    33.748936185587));
#5047 = CARTESIAN_POINT('',(71.630741931477,15.255618398553,
    33.896990016636));
#5048 = CARTESIAN_POINT('',(71.646214123326,15.299805563623,
    34.044198088794));
#5049 = CARTESIAN_POINT('',(71.683643271181,15.414163739627,
    34.400312642693));
#5050 = CARTESIAN_POINT('',(71.705498332246,15.487285001563,
    34.608249658843));
#5051 = CARTESIAN_POINT('',(71.727133392983,15.566142631798,
    34.814093511682));
#5052 = CARTESIAN_POINT('',(71.748525795948,15.650726939076,
    35.017628630042));
#5053 = CARTESIAN_POINT('',(71.769652083474,15.741022380742,
    35.218631829123));
#5054 = CARTESIAN_POINT('',(71.790488052649,15.83700636228,
    35.416872833615));
#5055 = CARTESIAN_POINT('',(71.811008810304,15.938648036862,
    35.61211480082));
#5056 = ORIENTED_EDGE('',*,*,#5057,.T.);
#5057 = EDGE_CURVE('',#4997,#2160,#5058,.T.);
#5058 = B_SPLINE_CURVE_WITH_KNOTS('',6,(#5059,#5060,#5061,#5062,#5063,
    #5064,#5065),.UNSPECIFIED.,.F.,.F.,(7,7),(0.,1.),
  .PIECEWISE_BEZIER_KNOTS.);
#5059 = CARTESIAN_POINT('',(70.950996334112,15.632660733383,
    27.429642667155));
#5060 = CARTESIAN_POINT('',(70.291968969785,14.986780890435,
    27.453496138294));
#5061 = CARTESIAN_POINT('',(69.561715558405,14.413738938261,
    27.489957145569));
#5062 = CARTESIAN_POINT('',(68.77070803228,13.923913697356,
    27.538654800049));
#5063 = CARTESIAN_POINT('',(67.930913087985,13.525026236614,
    27.598874234947));
#5064 = CARTESIAN_POINT('',(67.055293531168,13.222940918439,
    27.669665339471));
#5065 = CARTESIAN_POINT('',(66.158200298194,13.020806253901,
    27.749741147502));
#5066 = B_SPLINE_SURFACE_WITH_KNOTS('',14,1,(
    (#5067,#5068)
    ,(#5069,#5070)
    ,(#5071,#5072)
    ,(#5073,#5074)
    ,(#5075,#5076)
    ,(#5077,#5078)
    ,(#5079,#5080)
    ,(#5081,#5082)
    ,(#5083,#5084)
    ,(#5085,#5086)
    ,(#5087,#5088)
    ,(#5089,#5090)
    ,(#5091,#5092)
    ,(#5093,#5094)
    ,(#5095,#5096
    )),.UNSPECIFIED.,.T.,.F.,.F.,(15,15),(2,2),(0.,6.28318530718),(0.,1.
    ),.PIECEWISE_BEZIER_KNOTS.);
#5067 = CARTESIAN_POINT('',(71.369412427153,23.001629353372,
    23.757188083056));
#5068 = CARTESIAN_POINT('',(79.116372944419,22.143624726319,
    35.280574339008));
#5069 = CARTESIAN_POINT('',(71.408027150183,28.284556599523,
    24.124582631226));
#5070 = CARTESIAN_POINT('',(79.136989279596,24.964170628926,
    35.476725665574));
#5071 = CARTESIAN_POINT('',(68.901074124184,33.56748579571,
    24.759527268089));
#5072 = CARTESIAN_POINT('',(77.798531308089,27.78471757265,
    35.815721531016));
#5073 = CARTESIAN_POINT('',(63.83877782814,37.513461228524,
    25.569045427722));
#5074 = CARTESIAN_POINT('',(75.095779895782,29.891467168142,
    36.247921904385));
#5075 = CARTESIAN_POINT('',(56.972714717166,38.785677946173,
    26.380149827336));
#5076 = CARTESIAN_POINT('',(71.430000438281,30.570701517387,
    36.680969168576));
#5077 = CARTESIAN_POINT('',(49.819167074757,36.526529884554,
    26.973172789529));
#5078 = CARTESIAN_POINT('',(67.610733476516,29.364546196358,
    36.997583122981));
#5079 = CARTESIAN_POINT('',(44.329273435197,30.839934904369,
    27.150348061984));
#5080 = CARTESIAN_POINT('',(64.679688567527,26.328482774741,
    37.092176700631));
#5081 = CARTESIAN_POINT('',(42.220793663948,23.0016293533,
    26.820831367293));
#5082 = CARTESIAN_POINT('',(63.553974790962,22.143624726264,
    36.916248295855));
#5083 = CARTESIAN_POINT('',(44.214687720248,15.163323802495,
    26.060137808383));
#5084 = CARTESIAN_POINT('',(64.618511448584,17.958766677991,
    36.510115294049));
#5085 = CARTESIAN_POINT('',(49.621450822474,9.476728822123,
    25.092028307278));
#5086 = CARTESIAN_POINT('',(67.505173104451,14.922703256226,
    35.993243272284));
#5087 = CARTESIAN_POINT('',(56.741972692477,7.217580760592,
    24.18478610909));
#5088 = CARTESIAN_POINT('',(71.306807662462,13.716547935273,
    35.508868200363));
#5089 = CARTESIAN_POINT('',(63.626633938048,8.48979747822,
    23.550631140934));
#5090 = CARTESIAN_POINT('',(74.982516632382,14.395782284494,
    35.170293937707));
#5091 = CARTESIAN_POINT('',(68.746615203583,12.435772911031,
    23.289948804167));
#5092 = CARTESIAN_POINT('',(77.716065952194,16.502531879987,
    35.03111607994));
#5093 = CARTESIAN_POINT('',(71.330797704127,17.718702107223,
    23.389793534886));
#5094 = CARTESIAN_POINT('',(79.09575660924,19.323078823714,
    35.084423012443));
#5095 = CARTESIAN_POINT('',(71.369412427153,23.001629353372,
    23.757188083056));
#5096 = CARTESIAN_POINT('',(79.116372944419,22.143624726319,
    35.280574339008));
#5097 = ADVANCED_FACE('',(#5098),#5134,.F.);
#5098 = FACE_BOUND('',#5099,.F.);
#5099 = EDGE_LOOP('',(#5100,#5119,#5127,#5133));
#5100 = ORIENTED_EDGE('',*,*,#5101,.F.);
#5101 = EDGE_CURVE('',#5102,#2221,#5104,.T.);
#5102 = VERTEX_POINT('',#5103);
#5103 = CARTESIAN_POINT('',(66.791632915736,15.872878247478,
    33.776449927985));
#5104 = B_SPLINE_CURVE_WITH_KNOTS('',7,(#5105,#5106,#5107,#5108,#5109,
    #5110,#5111,#5112,#5113,#5114,#5115,#5116,#5117,#5118),
  .UNSPECIFIED.,.F.,.F.,(8,6,8),(0.,0.68931317319,1.),.UNSPECIFIED.);
#5105 = CARTESIAN_POINT('',(66.791632919071,15.872878247477,
    33.776449959718));
#5106 = CARTESIAN_POINT('',(67.118779421947,15.872878247477,
    33.917802595504));
#5107 = CARTESIAN_POINT('',(67.446776409166,15.872878247477,
    34.057076175205));
#5108 = CARTESIAN_POINT('',(67.775734057938,15.872878247477,
    34.19400684164));
#5109 = CARTESIAN_POINT('',(68.105764748117,15.872878247477,
    34.328261337058));
#5110 = CARTESIAN_POINT('',(68.436996749364,15.872878247477,
    34.45940106844));
#5111 = CARTESIAN_POINT('',(68.769583258026,15.872878247477,
    34.586859489688));
#5112 = CARTESIAN_POINT('',(69.254389849591,15.872878247477,
    34.765176558166));
#5113 = CARTESIAN_POINT('',(69.405333501538,15.872878247477,
    34.819653465459));
#5114 = CARTESIAN_POINT('',(69.556620123226,15.872878247477,
    34.873126652932));
#5115 = CARTESIAN_POINT('',(69.708271368963,15.872878247477,
    34.925504583762));
#5116 = CARTESIAN_POINT('',(69.860310164382,15.872878247477,
    34.976677980751));
#5117 = CARTESIAN_POINT('',(70.012762662799,15.872878247477,
    35.02651375984));
#5118 = CARTESIAN_POINT('',(70.165660201571,15.872878247477,
    35.074848963608));
#5119 = ORIENTED_EDGE('',*,*,#5120,.T.);
#5120 = EDGE_CURVE('',#5102,#5121,#5123,.T.);
#5121 = VERTEX_POINT('',#5122);
#5122 = CARTESIAN_POINT('',(66.963474380854,15.872878247477,
    35.411412255473));
#5123 = LINE('',#5124,#5125);
#5124 = CARTESIAN_POINT('',(66.787888497605,15.872878247477,
    33.740824169218));
#5125 = VECTOR('',#5126,1.);
#5126 = DIRECTION('',(0.104528463268,0.,0.994521895368));
#5127 = ORIENTED_EDGE('',*,*,#5128,.F.);
#5128 = EDGE_CURVE('',#2213,#5121,#5129,.T.);
#5129 = LINE('',#5130,#5131);
#5130 = CARTESIAN_POINT('',(66.46621343317,15.872878247477,
    35.463676487107));
#5131 = VECTOR('',#5132,1.);
#5132 = DIRECTION('',(-0.994521895368,0.,0.104528463268));
#5133 = ORIENTED_EDGE('',*,*,#2220,.F.);
#5134 = PLANE('',#5135);
#5135 = AXIS2_PLACEMENT_3D('',#5136,#5137,#5138);
#5136 = CARTESIAN_POINT('',(66.120032788017,15.872878247477,
    36.953373778869));
#5137 = DIRECTION('',(0.,1.,0.));
#5138 = DIRECTION('',(0.994521895368,0.,-0.104528463268));
#5139 = ADVANCED_FACE('',(#5140),#5158,.F.);
#5140 = FACE_BOUND('',#5141,.F.);
#5141 = EDGE_LOOP('',(#5142,#5150,#5156,#5157));
#5142 = ORIENTED_EDGE('',*,*,#5143,.F.);
#5143 = EDGE_CURVE('',#5144,#5121,#5146,.T.);
#5144 = VERTEX_POINT('',#5145);
#5145 = CARTESIAN_POINT('',(66.919618327692,9.872878247477,
    34.994149782167));
#5146 = LINE('',#5147,#5148);
#5147 = CARTESIAN_POINT('',(66.634696423661,-29.1076341546,
    32.283298946224));
#5148 = VECTOR('',#5149,1.);
#5149 = DIRECTION('',(7.291537003444E-03,0.99756405026,
    6.937434048221E-02));
#5150 = ORIENTED_EDGE('',*,*,#5151,.F.);
#5151 = EDGE_CURVE('',#2205,#5144,#5152,.T.);
#5152 = LINE('',#5153,#5154);
#5153 = CARTESIAN_POINT('',(66.422357380008,9.872878247477,35.0464140138
    ));
#5154 = VECTOR('',#5155,1.);
#5155 = DIRECTION('',(-0.994521895368,0.,0.104528463268));
#5156 = ORIENTED_EDGE('',*,*,#2212,.F.);
#5157 = ORIENTED_EDGE('',*,*,#5128,.T.);
#5158 = PLANE('',#5159);
#5159 = AXIS2_PLACEMENT_3D('',#5160,#5161,#5162);
#5160 = CARTESIAN_POINT('',(66.693028719689,-21.12712175252,
    32.838293670082));
#5161 = DIRECTION('',(0.104273837185,-6.975647374413E-02,0.992099290016)
  );
#5162 = DIRECTION('',(7.291537003444E-03,0.99756405026,
    6.937434048221E-02));
#5163 = ADVANCED_FACE('',(#5164),#5182,.T.);
#5164 = FACE_BOUND('',#5165,.T.);
#5165 = EDGE_LOOP('',(#5166,#5174,#5180,#5181));
#5166 = ORIENTED_EDGE('',*,*,#5167,.F.);
#5167 = EDGE_CURVE('',#5168,#2197,#5170,.T.);
#5168 = VERTEX_POINT('',#5169);
#5169 = CARTESIAN_POINT('',(66.135191015194,9.872878247477,
    27.53082244321));
#5170 = LINE('',#5171,#5172);
#5171 = CARTESIAN_POINT('',(65.63793006751,9.872878247477,
    27.583086674844));
#5172 = VECTOR('',#5173,1.);
#5173 = DIRECTION('',(0.994521895368,0.,-0.104528463268));
#5174 = ORIENTED_EDGE('',*,*,#5175,.T.);
#5175 = EDGE_CURVE('',#5168,#5144,#5176,.T.);
#5176 = LINE('',#5177,#5178);
#5177 = CARTESIAN_POINT('',(66.787888497605,9.872878247477,
    33.740824169218));
#5178 = VECTOR('',#5179,1.);
#5179 = DIRECTION('',(0.104528463268,0.,0.994521895368));
#5180 = ORIENTED_EDGE('',*,*,#5151,.F.);
#5181 = ORIENTED_EDGE('',*,*,#2204,.F.);
#5182 = PLANE('',#5183);
#5183 = AXIS2_PLACEMENT_3D('',#5184,#5185,#5186);
#5184 = CARTESIAN_POINT('',(66.120032788017,9.872878247477,
    36.953373778869));
#5185 = DIRECTION('',(0.,1.,0.));
#5186 = DIRECTION('',(0.994521895368,0.,-0.104528463268));
#5187 = ADVANCED_FACE('',(#5188),#5210,.F.);
#5188 = FACE_BOUND('',#5189,.F.);
#5189 = EDGE_LOOP('',(#5190,#5198,#5208,#5209));
#5190 = ORIENTED_EDGE('',*,*,#5191,.F.);
#5191 = EDGE_CURVE('',#5192,#5168,#5194,.T.);
#5192 = VERTEX_POINT('',#5193);
#5193 = CARTESIAN_POINT('',(66.158200298066,13.020806236422,
    27.749741146286));
#5194 = LINE('',#5195,#5196);
#5195 = CARTESIAN_POINT('',(66.287748199987,30.744412340626,
    28.982307099445));
#5196 = VECTOR('',#5197,1.);
#5197 = DIRECTION('',(-7.291537003444E-03,-0.99756405026,
    -6.937434048221E-02));
#5198 = ORIENTED_EDGE('',*,*,#5199,.F.);
#5199 = EDGE_CURVE('',#2160,#5192,#5200,.T.);
#5200 = B_SPLINE_CURVE_WITH_KNOTS('',6,(#5201,#5202,#5203,#5204,#5205,
    #5206,#5207),.UNSPECIFIED.,.F.,.F.,(7,7),(0.,1.),
  .PIECEWISE_BEZIER_KNOTS.);
#5201 = CARTESIAN_POINT('',(70.950996334112,15.632660733383,
    27.429642667155));
#5202 = CARTESIAN_POINT('',(70.291968969785,14.986780890435,
    27.453496138294));
#5203 = CARTESIAN_POINT('',(69.561715558405,14.413738938261,
    27.489957145569));
#5204 = CARTESIAN_POINT('',(68.77070803228,13.923913697356,
    27.538654800049));
#5205 = CARTESIAN_POINT('',(67.930913087985,13.525026236614,
    27.598874234947));
#5206 = CARTESIAN_POINT('',(67.055293531168,13.222940918439,
    27.669665339471));
#5207 = CARTESIAN_POINT('',(66.158200298194,13.020806253901,
    27.749741147502));
#5208 = ORIENTED_EDGE('',*,*,#2196,.F.);
#5209 = ORIENTED_EDGE('',*,*,#5167,.F.);
#5210 = PLANE('',#5211);
#5211 = AXIS2_PLACEMENT_3D('',#5212,#5213,#5214);
#5212 = CARTESIAN_POINT('',(66.22941590396,22.763899938548,
    28.427312375588));
#5213 = DIRECTION('',(-0.104273837185,6.975647374413E-02,-0.992099290016
    ));
#5214 = DIRECTION('',(-7.291537003444E-03,-0.99756405026,
    -6.937434048221E-02));
#5215 = ADVANCED_FACE('',(#5216),#5227,.T.);
#5216 = FACE_BOUND('',#5217,.T.);
#5217 = EDGE_LOOP('',(#5218,#5219,#5226));
#5218 = ORIENTED_EDGE('',*,*,#2131,.F.);
#5219 = ORIENTED_EDGE('',*,*,#5220,.T.);
#5220 = EDGE_CURVE('',#2104,#4952,#5221,.T.);
#5221 = ( BOUNDED_CURVE() B_SPLINE_CURVE(3,(#5222,#5223,#5224,#5225),
.UNSPECIFIED.,.F.,.F.) B_SPLINE_CURVE_WITH_KNOTS((4,4),(0.,1.),
.PIECEWISE_BEZIER_KNOTS.) CURVE() GEOMETRIC_REPRESENTATION_ITEM() 
RATIONAL_B_SPLINE_CURVE((1.,1.,1.,1.)) REPRESENTATION_ITEM('') );
#5222 = CARTESIAN_POINT('',(67.2312904345,23.14114230086,22.186004406667
    ));
#5223 = CARTESIAN_POINT('',(68.625391527272,23.074988565159,
    22.990732039875));
#5224 = CARTESIAN_POINT('',(70.049125035596,23.075066026196,
    22.83997777205));
#5225 = CARTESIAN_POINT('',(71.369412427153,23.001629353372,
    23.757188083056));
#5226 = ORIENTED_EDGE('',*,*,#4951,.F.);
#5227 = ( BOUNDED_SURFACE() B_SPLINE_SURFACE(14,3,(
    (#5228,#5229,#5230,#5231)
    ,(#5232,#5233,#5234,#5235)
    ,(#5236,#5237,#5238,#5239)
    ,(#5240,#5241,#5242,#5243)
    ,(#5244,#5245,#5246,#5247)
    ,(#5248,#5249,#5250,#5251)
    ,(#5252,#5253,#5254,#5255)
    ,(#5256,#5257,#5258,#5259)
    ,(#5260,#5261,#5262,#5263)
    ,(#5264,#5265,#5266,#5267)
    ,(#5268,#5269,#5270,#5271)
    ,(#5272,#5273,#5274,#5275)
    ,(#5276,#5277,#5278,#5279)
    ,(#5280,#5281,#5282,#5283)
    ,(#5284,#5285,#5286,#5287
)),.UNSPECIFIED.,.T.,.F.,.F.) B_SPLINE_SURFACE_WITH_KNOTS((15,15),(4,4),
  (0.,1.),(0.,1.),.PIECEWISE_BEZIER_KNOTS.) 
GEOMETRIC_REPRESENTATION_ITEM() RATIONAL_B_SPLINE_SURFACE((
    (1.,1.,1.,1.)
    ,(1.,1.,1.,1.)
    ,(1.,1.,1.,1.)
    ,(1.,1.,1.,1.)
    ,(1.,1.,1.,1.)
    ,(1.,1.,1.,1.)
    ,(1.,1.,1.,1.)
    ,(1.,1.,1.,1.)
    ,(1.,1.,1.,1.)
    ,(1.,1.,1.,1.)
    ,(1.,1.,1.,1.)
    ,(1.,1.,1.,1.)
    ,(1.,1.,1.,1.)
    ,(1.,1.,1.,1.)
,(1.,1.,1.,1.))) REPRESENTATION_ITEM('') SURFACE() );
#5228 = CARTESIAN_POINT('',(67.2312904345,23.14114230086,22.186004406667
    ));
#5229 = CARTESIAN_POINT('',(68.625391527272,23.074988565159,
    22.990732039875));
#5230 = CARTESIAN_POINT('',(70.049125035596,23.075066026196,
    22.83997777205));
#5231 = CARTESIAN_POINT('',(71.369412427153,23.001629353372,
    23.757188083056));
#5232 = CARTESIAN_POINT('',(67.263360289218,27.528658149355,
    22.491128692434));
#5233 = CARTESIAN_POINT('',(68.658695498839,27.631345441045,
    23.307598163092));
#5234 = CARTESIAN_POINT('',(70.087117671049,28.272884714277,
    23.201453552314));
#5235 = CARTESIAN_POINT('',(71.408027150183,28.284556599523,
    24.124582631226));
#5236 = CARTESIAN_POINT('',(65.181314555764,31.916175617391,
    23.018455594247));
#5237 = CARTESIAN_POINT('',(66.496528176567,32.187703998733,
    23.855217735939));
#5238 = CARTESIAN_POINT('',(67.620551943093,33.470705321031,
    23.826169158948));
#5239 = CARTESIAN_POINT('',(68.901074124184,33.56748579571,
    24.759527268089));
#5240 = CARTESIAN_POINT('',(60.977034581076,35.193341654763,
    23.690767286112));
#5241 = CARTESIAN_POINT('',(62.130458484258,35.590982419633,
    24.553401424852));
#5242 = CARTESIAN_POINT('',(62.639809815412,37.353110641228,
    24.622645889076));
#5243 = CARTESIAN_POINT('',(63.83877782814,37.513461228524,
    25.569045427722));
#5244 = CARTESIAN_POINT('',(55.274710980455,36.24992842038,
    24.364396363824));
#5245 = CARTESIAN_POINT('',(56.208697231732,36.688228911472,
    25.252953195228));
#5246 = CARTESIAN_POINT('',(55.884359761186,38.604831803358,
    25.420683304654));
#5247 = CARTESIAN_POINT('',(56.972714717166,38.785677946173,
    26.380149827336));
#5248 = CARTESIAN_POINT('',(49.333629040113,34.373686809688,
    24.856906959445));
#5249 = CARTESIAN_POINT('',(50.038989706279,34.739785497137,
    25.764416655961));
#5250 = CARTESIAN_POINT('',(48.846056583821,36.382078873076,
    26.004152599608));
#5251 = CARTESIAN_POINT('',(49.819167074757,36.526529884554,
    26.973172789529));
#5252 = CARTESIAN_POINT('',(44.774225847994,29.650921487435,
    25.004052524815));
#5253 = CARTESIAN_POINT('',(45.304130892673,29.83527802701,
    25.917224698197));
#5254 = CARTESIAN_POINT('',(43.444605754562,30.787095584806,
    26.178473558203));
#5255 = CARTESIAN_POINT('',(44.329273435197,30.839934904369,
    27.150348061984));
#5256 = CARTESIAN_POINT('',(43.023115529424,23.14114230064,
    24.730386117268));
#5257 = CARTESIAN_POINT('',(43.485634090621,23.07498856566,
    25.633027020225));
#5258 = CARTESIAN_POINT('',(41.370093831804,23.075066025657,
    25.854265415043));
#5259 = CARTESIAN_POINT('',(42.220793663948,23.0016293533,
    26.820831367293));
#5260 = CARTESIAN_POINT('',(44.679061440666,16.631363114677,
    24.098623670087));
#5261 = CARTESIAN_POINT('',(45.205304354664,16.314699102396,
    24.976952997746));
#5262 = CARTESIAN_POINT('',(43.331866028486,15.363036468556,
    25.105826715591));
#5263 = CARTESIAN_POINT('',(44.214687720248,15.163323802495,
    26.060137808383));
#5264 = CARTESIAN_POINT('',(49.169424017026,11.908597791758,
    23.294600525095));
#5265 = CARTESIAN_POINT('',(49.86846572148,11.410191633865,
    24.141989316545));
#5266 = CARTESIAN_POINT('',(48.65152556284,9.768053178619,24.15331356872
    ));
#5267 = CARTESIAN_POINT('',(49.621450822474,9.476728822123,
    25.092028307278));
#5268 = CARTESIAN_POINT('',(55.083077773514,10.03235618149,
    22.541128190989));
#5269 = CARTESIAN_POINT('',(56.009689567631,9.46174821843,
    23.359521749636));
#5270 = CARTESIAN_POINT('',(55.65733501671,7.545300249434,
    23.260687145242));
#5271 = CARTESIAN_POINT('',(56.741972692477,7.217580760592,
    24.18478610909));
#5272 = CARTESIAN_POINT('',(60.800847282523,11.088942946895,
    22.014457115762));
#5273 = CARTESIAN_POINT('',(61.947491120298,10.558994710885,
    22.812583241011));
#5274 = CARTESIAN_POINT('',(62.431083587499,8.797021410988,
    22.636748485768));
#5275 = CARTESIAN_POINT('',(63.626633938048,8.48979747822,
    23.550631140934));
#5276 = CARTESIAN_POINT('',(65.053035113231,14.366108984348,
    21.797958225891));
#5277 = CARTESIAN_POINT('',(66.363312265736,13.962273131514,
    22.587753009142));
#5278 = CARTESIAN_POINT('',(67.468581373245,12.67942673142,
    22.380265771007));
#5279 = CARTESIAN_POINT('',(68.746615203583,12.435772911031,
    23.289948804167));
#5280 = CARTESIAN_POINT('',(67.199220579782,18.753626452362,
    21.8808801209));
#5281 = CARTESIAN_POINT('',(68.592087555713,18.518631689288,
    22.673865916662));
#5282 = CARTESIAN_POINT('',(70.011132400144,17.877247338104,
    22.47850199179));
#5283 = CARTESIAN_POINT('',(71.330797704127,17.718702107223,
    23.389793534886));
#5284 = CARTESIAN_POINT('',(67.2312904345,23.14114230086,22.186004406667
    ));
#5285 = CARTESIAN_POINT('',(68.625391527272,23.074988565159,
    22.990732039875));
#5286 = CARTESIAN_POINT('',(70.049125035596,23.075066026196,
    22.83997777205));
#5287 = CARTESIAN_POINT('',(71.369412427153,23.001629353372,
    23.757188083056));
#5288 = ADVANCED_FACE('',(#5289),#5300,.T.);
#5289 = FACE_BOUND('',#5290,.T.);
#5290 = EDGE_LOOP('',(#5291,#5292,#5293));
#5291 = ORIENTED_EDGE('',*,*,#5220,.F.);
#5292 = ORIENTED_EDGE('',*,*,#2103,.F.);
#5293 = ORIENTED_EDGE('',*,*,#5294,.F.);
#5294 = EDGE_CURVE('',#4952,#2067,#5295,.T.);
#5295 = CIRCLE('',#5296,11.8);
#5296 = AXIS2_PLACEMENT_3D('',#5297,#5298,#5299);
#5297 = CARTESIAN_POINT('',(59.634054061808,23.001629353372,
    24.990623949614));
#5298 = DIRECTION('',(0.104273837185,-6.975647374413E-02,0.992099290016)
  );
#5299 = DIRECTION('',(0.994521895368,1.07850667488E-17,-0.104528463268)
  );
#5300 = ( BOUNDED_SURFACE() B_SPLINE_SURFACE(14,3,(
    (#5301,#5302,#5303,#5304)
    ,(#5305,#5306,#5307,#5308)
    ,(#5309,#5310,#5311,#5312)
    ,(#5313,#5314,#5315,#5316)
    ,(#5317,#5318,#5319,#5320)
    ,(#5321,#5322,#5323,#5324)
    ,(#5325,#5326,#5327,#5328)
    ,(#5329,#5330,#5331,#5332)
    ,(#5333,#5334,#5335,#5336)
    ,(#5337,#5338,#5339,#5340)
    ,(#5341,#5342,#5343,#5344)
    ,(#5345,#5346,#5347,#5348)
    ,(#5349,#5350,#5351,#5352)
    ,(#5353,#5354,#5355,#5356)
    ,(#5357,#5358,#5359,#5360
)),.UNSPECIFIED.,.T.,.F.,.F.) B_SPLINE_SURFACE_WITH_KNOTS((15,15),(4,4),
  (0.,1.),(0.,1.),.PIECEWISE_BEZIER_KNOTS.) 
GEOMETRIC_REPRESENTATION_ITEM() RATIONAL_B_SPLINE_SURFACE((
    (1.,1.,1.,1.)
    ,(1.,1.,1.,1.)
    ,(1.,1.,1.,1.)
    ,(1.,1.,1.,1.)
    ,(1.,1.,1.,1.)
    ,(1.,1.,1.,1.)
    ,(1.,1.,1.,1.)
    ,(1.,1.,1.,1.)
    ,(1.,1.,1.,1.)
    ,(1.,1.,1.,1.)
    ,(1.,1.,1.,1.)
    ,(1.,1.,1.,1.)
    ,(1.,1.,1.,1.)
    ,(1.,1.,1.,1.)
,(1.,1.,1.,1.))) REPRESENTATION_ITEM('') SURFACE() );
#5301 = CARTESIAN_POINT('',(67.2312904345,23.14114230086,22.186004406667
    ));
#5302 = CARTESIAN_POINT('',(68.625391527272,23.074988565159,
    22.990732039875));
#5303 = CARTESIAN_POINT('',(70.049125035596,23.075066026196,
    22.83997777205));
#5304 = CARTESIAN_POINT('',(71.369412427153,23.001629353372,
    23.757188083056));
#5305 = CARTESIAN_POINT('',(67.263360289218,27.528658149355,
    22.491128692434));
#5306 = CARTESIAN_POINT('',(68.658695498839,27.631345441045,
    23.307598163092));
#5307 = CARTESIAN_POINT('',(70.087117671049,28.272884714277,
    23.201453552314));
#5308 = CARTESIAN_POINT('',(71.408027150183,28.284556599523,
    24.124582631226));
#5309 = CARTESIAN_POINT('',(65.181314555764,31.916175617391,
    23.018455594247));
#5310 = CARTESIAN_POINT('',(66.496528176567,32.187703998733,
    23.855217735939));
#5311 = CARTESIAN_POINT('',(67.620551943093,33.470705321031,
    23.826169158948));
#5312 = CARTESIAN_POINT('',(68.901074124184,33.56748579571,
    24.759527268089));
#5313 = CARTESIAN_POINT('',(60.977034581076,35.193341654763,
    23.690767286112));
#5314 = CARTESIAN_POINT('',(62.130458484258,35.590982419633,
    24.553401424852));
#5315 = CARTESIAN_POINT('',(62.639809815412,37.353110641228,
    24.622645889076));
#5316 = CARTESIAN_POINT('',(63.83877782814,37.513461228524,
    25.569045427722));
#5317 = CARTESIAN_POINT('',(55.274710980455,36.24992842038,
    24.364396363824));
#5318 = CARTESIAN_POINT('',(56.208697231732,36.688228911472,
    25.252953195228));
#5319 = CARTESIAN_POINT('',(55.884359761186,38.604831803358,
    25.420683304654));
#5320 = CARTESIAN_POINT('',(56.972714717166,38.785677946173,
    26.380149827336));
#5321 = CARTESIAN_POINT('',(49.333629040113,34.373686809688,
    24.856906959445));
#5322 = CARTESIAN_POINT('',(50.038989706279,34.739785497137,
    25.764416655961));
#5323 = CARTESIAN_POINT('',(48.846056583821,36.382078873076,
    26.004152599608));
#5324 = CARTESIAN_POINT('',(49.819167074757,36.526529884554,
    26.973172789529));
#5325 = CARTESIAN_POINT('',(44.774225847994,29.650921487435,
    25.004052524815));
#5326 = CARTESIAN_POINT('',(45.304130892673,29.83527802701,
    25.917224698197));
#5327 = CARTESIAN_POINT('',(43.444605754562,30.787095584806,
    26.178473558203));
#5328 = CARTESIAN_POINT('',(44.329273435197,30.839934904369,
    27.150348061984));
#5329 = CARTESIAN_POINT('',(43.023115529424,23.14114230064,
    24.730386117268));
#5330 = CARTESIAN_POINT('',(43.485634090621,23.07498856566,
    25.633027020225));
#5331 = CARTESIAN_POINT('',(41.370093831804,23.075066025657,
    25.854265415043));
#5332 = CARTESIAN_POINT('',(42.220793663948,23.0016293533,
    26.820831367293));
#5333 = CARTESIAN_POINT('',(44.679061440666,16.631363114677,
    24.098623670087));
#5334 = CARTESIAN_POINT('',(45.205304354664,16.314699102396,
    24.976952997746));
#5335 = CARTESIAN_POINT('',(43.331866028486,15.363036468556,
    25.105826715591));
#5336 = CARTESIAN_POINT('',(44.214687720248,15.163323802495,
    26.060137808383));
#5337 = CARTESIAN_POINT('',(49.169424017026,11.908597791758,
    23.294600525095));
#5338 = CARTESIAN_POINT('',(49.86846572148,11.410191633865,
    24.141989316545));
#5339 = CARTESIAN_POINT('',(48.65152556284,9.768053178619,24.15331356872
    ));
#5340 = CARTESIAN_POINT('',(49.621450822474,9.476728822123,
    25.092028307278));
#5341 = CARTESIAN_POINT('',(55.083077773514,10.03235618149,
    22.541128190989));
#5342 = CARTESIAN_POINT('',(56.009689567631,9.46174821843,
    23.359521749636));
#5343 = CARTESIAN_POINT('',(55.65733501671,7.545300249434,
    23.260687145242));
#5344 = CARTESIAN_POINT('',(56.741972692477,7.217580760592,
    24.18478610909));
#5345 = CARTESIAN_POINT('',(60.800847282523,11.088942946895,
    22.014457115762));
#5346 = CARTESIAN_POINT('',(61.947491120298,10.558994710885,
    22.812583241011));
#5347 = CARTESIAN_POINT('',(62.431083587499,8.797021410988,
    22.636748485768));
#5348 = CARTESIAN_POINT('',(63.626633938048,8.48979747822,
    23.550631140934));
#5349 = CARTESIAN_POINT('',(65.053035113231,14.366108984348,
    21.797958225891));
#5350 = CARTESIAN_POINT('',(66.363312265736,13.962273131514,
    22.587753009142));
#5351 = CARTESIAN_POINT('',(67.468581373245,12.67942673142,
    22.380265771007));
#5352 = CARTESIAN_POINT('',(68.746615203583,12.435772911031,
    23.289948804167));
#5353 = CARTESIAN_POINT('',(67.199220579782,18.753626452362,
    21.8808801209));
#5354 = CARTESIAN_POINT('',(68.592087555713,18.518631689288,
    22.673865916662));
#5355 = CARTESIAN_POINT('',(70.011132400144,17.877247338104,
    22.47850199179));
#5356 = CARTESIAN_POINT('',(71.330797704127,17.718702107223,
    23.389793534886));
#5357 = CARTESIAN_POINT('',(67.2312904345,23.14114230086,22.186004406667
    ));
#5358 = CARTESIAN_POINT('',(68.625391527272,23.074988565159,
    22.990732039875));
#5359 = CARTESIAN_POINT('',(70.049125035596,23.075066026196,
    22.83997777205));
#5360 = CARTESIAN_POINT('',(71.369412427153,23.001629353372,
    23.757188083056));
#5361 = ADVANCED_FACE('',(#5362),#5436,.T.);
#5362 = FACE_BOUND('',#5363,.T.);
#5363 = EDGE_LOOP('',(#5364,#5365,#5366,#5367,#5392,#5429));
#5364 = ORIENTED_EDGE('',*,*,#4960,.F.);
#5365 = ORIENTED_EDGE('',*,*,#5294,.T.);
#5366 = ORIENTED_EDGE('',*,*,#2066,.T.);
#5367 = ORIENTED_EDGE('',*,*,#5368,.T.);
#5368 = EDGE_CURVE('',#2059,#5369,#5371,.T.);
#5369 = VERTEX_POINT('',#5370);
#5370 = CARTESIAN_POINT('',(69.501864661627,30.841346887552,
    31.609048955481));
#5371 = B_SPLINE_CURVE_WITH_KNOTS('',7,(#5372,#5373,#5374,#5375,#5376,
    #5377,#5378,#5379,#5380,#5381,#5382,#5383,#5384,#5385,#5386,#5387,
    #5388,#5389,#5390,#5391),.UNSPECIFIED.,.F.,.F.,(8,6,6,8),(0.,
    0.387731263298,0.86381839313,1.),.UNSPECIFIED.);
#5372 = CARTESIAN_POINT('',(69.036906032438,31.152392067099,
    27.185263101241));
#5373 = CARTESIAN_POINT('',(69.062833746614,31.184383708722,
    27.431948823373));
#5374 = CARTESIAN_POINT('',(69.087663991534,31.210713261834,
    27.679005227759));
#5375 = CARTESIAN_POINT('',(69.111849719422,31.23094965488,
    27.926298046593));
#5376 = CARTESIAN_POINT('',(69.135823454052,31.244771981179,
    28.173682962052));
#5377 = CARTESIAN_POINT('',(69.159934709986,31.251992055178,
    28.42101096139));
#5378 = CARTESIAN_POINT('',(69.184416070805,31.252544307144,
    28.66813119792));
#5379 = CARTESIAN_POINT('',(69.240028068024,31.2389513685,
    29.217883010759));
#5380 = CARTESIAN_POINT('',(69.27140378927,31.221428317609,
    29.520341602745));
#5381 = CARTESIAN_POINT('',(69.303713297342,31.193899183026,
    29.822009023305));
#5382 = CARTESIAN_POINT('',(69.336896347572,31.156574504837,
    30.122682783425));
#5383 = CARTESIAN_POINT('',(69.370621521707,31.109719989595,
    30.422202672496));
#5384 = CARTESIAN_POINT('',(69.40437716003,31.053545975559,
    30.720431256071));
#5385 = CARTESIAN_POINT('',(69.446909799507,30.969429867343,
    31.102151052434));
#5386 = CARTESIAN_POINT('',(69.456314067938,30.949965053851,
    31.18693853576));
#5387 = CARTESIAN_POINT('',(69.465645843762,30.929746794374,
    31.271608148898));
#5388 = CARTESIAN_POINT('',(69.474887061205,30.908776228754,
    31.356157032971));
#5389 = CARTESIAN_POINT('',(69.484018184902,30.887053483107,
    31.440582211333));
#5390 = CARTESIAN_POINT('',(69.493018209894,30.86457766982,
    31.524880589566));
#5391 = CARTESIAN_POINT('',(69.501864661627,30.841346887552,
    31.609048955481));
#5392 = ORIENTED_EDGE('',*,*,#5393,.T.);
#5393 = EDGE_CURVE('',#5369,#5394,#5396,.T.);
#5394 = VERTEX_POINT('',#5395);
#5395 = CARTESIAN_POINT('',(70.029454268297,27.734147584702,
    36.628728755599));
#5396 = B_SPLINE_CURVE_WITH_KNOTS('',6,(#5397,#5398,#5399,#5400,#5401,
    #5402,#5403,#5404,#5405,#5406,#5407,#5408,#5409,#5410,#5411,#5412,
    #5413,#5414,#5415,#5416,#5417,#5418,#5419,#5420,#5421,#5422,#5423,
    #5424,#5425,#5426,#5427,#5428),.UNSPECIFIED.,.F.,.F.,(7,5,5,5,5,5,7)
  ,(0.,0.110917548203,0.379501983935,0.595469095912,0.684358147427,
    0.811266063814,1.),.UNSPECIFIED.);
#5397 = CARTESIAN_POINT('',(68.760602609854,30.468728593798,
    24.556411638827));
#5398 = CARTESIAN_POINT('',(68.784416531005,30.559979221191,
    24.782985963741));
#5399 = CARTESIAN_POINT('',(68.808497646618,30.644773522122,
    25.012102474147));
#5400 = CARTESIAN_POINT('',(68.832818696022,30.72310682505,
    25.243501802085));
#5401 = CARTESIAN_POINT('',(68.857353381697,30.794980826215,
    25.476933743365));
#5402 = CARTESIAN_POINT('',(68.882076414995,30.86040214462,
    25.712157692579));
#5403 = CARTESIAN_POINT('',(68.96722724788,31.062196597522,
    26.522313750224));
#5404 = CARTESIAN_POINT('',(69.028448107394,31.167223703245,
    27.104791319847));
#5405 = CARTESIAN_POINT('',(69.09029024429,31.234636988254,
    27.693179948904));
#5406 = CARTESIAN_POINT('',(69.152432436102,31.264638919481,
    28.284423409781));
#5407 = CARTESIAN_POINT('',(69.214567515977,31.257492692055,
    28.875599205109));
#5408 = CARTESIAN_POINT('',(69.326124199051,31.17798407077,
    29.936990145181));
#5409 = CARTESIAN_POINT('',(69.375647751523,31.118675543708,
    30.408175272464));
#5410 = CARTESIAN_POINT('',(69.424819478054,31.035617857765,
    30.876012999527));
#5411 = CARTESIAN_POINT('',(69.473480574495,30.928936972716,
    31.338992405803));
#5412 = CARTESIAN_POINT('',(69.521467525887,30.798775188019,
    31.795557750398));
#5413 = CARTESIAN_POINT('',(69.588016301216,30.582136679739,
    32.428727052861));
#5414 = CARTESIAN_POINT('',(69.607277450583,30.515021942384,
    32.61198464774));
#5415 = CARTESIAN_POINT('',(69.626383745632,30.443971595488,
    32.793768902213));
#5416 = CARTESIAN_POINT('',(69.645322973107,30.368999841367,
    32.973963614889));
#5417 = CARTESIAN_POINT('',(69.664082616614,30.290122767387,
    33.152449700243));
#5418 = CARTESIAN_POINT('',(69.709158517733,30.089194634059,
    33.581318251595));
#5419 = CARTESIAN_POINT('',(69.735274875915,29.963107805288,
    33.829798801558));
#5420 = CARTESIAN_POINT('',(69.76096173838,29.829150502263,
    34.074192972734));
#5421 = CARTESIAN_POINT('',(69.786180139254,29.687387126179,
    34.314130029595));
#5422 = CARTESIAN_POINT('',(69.810889548384,29.537897270752,
    34.54922435351));
#5423 = CARTESIAN_POINT('',(69.870975979071,29.147117450414,
    35.120908553822));
#5424 = CARTESIAN_POINT('',(69.905685099784,28.896586930836,
    35.451143778172));
#5425 = CARTESIAN_POINT('',(69.939037856594,28.62951127561,
    35.768474062009));
#5426 = CARTESIAN_POINT('',(69.970886580514,28.346324893168,
    36.071494428787));
#5427 = CARTESIAN_POINT('',(70.001077424445,28.047612315522,
    36.358741121126));
#5428 = CARTESIAN_POINT('',(70.029454268348,27.734147591606,
    36.628728756079));
#5429 = ORIENTED_EDGE('',*,*,#5430,.F.);
#5430 = EDGE_CURVE('',#4927,#5394,#5431,.T.);
#5431 = CIRCLE('',#5432,6.3);
#5432 = AXIS2_PLACEMENT_3D('',#5433,#5434,#5435);
#5433 = CARTESIAN_POINT('',(72.850885003599,22.143624726319,
    35.939103657595));
#5434 = DIRECTION('',(0.104273837185,-6.975647374413E-02,0.992099290016)
  );
#5435 = DIRECTION('',(0.994521895368,1.07850667488E-17,-0.104528463268)
  );
#5436 = B_SPLINE_SURFACE_WITH_KNOTS('',14,1,(
    (#5437,#5438)
    ,(#5439,#5440)
    ,(#5441,#5442)
    ,(#5443,#5444)
    ,(#5445,#5446)
    ,(#5447,#5448)
    ,(#5449,#5450)
    ,(#5451,#5452)
    ,(#5453,#5454)
    ,(#5455,#5456)
    ,(#5457,#5458)
    ,(#5459,#5460)
    ,(#5461,#5462)
    ,(#5463,#5464)
    ,(#5465,#5466
    )),.UNSPECIFIED.,.T.,.F.,.F.,(15,15),(2,2),(0.,6.28318530718),(0.,1.
    ),.PIECEWISE_BEZIER_KNOTS.);
#5437 = CARTESIAN_POINT('',(71.369412427153,23.001629353372,
    23.757188083056));
#5438 = CARTESIAN_POINT('',(79.116372944419,22.143624726319,
    35.280574339008));
#5439 = CARTESIAN_POINT('',(71.408027150183,28.284556599523,
    24.124582631226));
#5440 = CARTESIAN_POINT('',(79.136989279596,24.964170628926,
    35.476725665574));
#5441 = CARTESIAN_POINT('',(68.901074124184,33.56748579571,
    24.759527268089));
#5442 = CARTESIAN_POINT('',(77.798531308089,27.78471757265,
    35.815721531016));
#5443 = CARTESIAN_POINT('',(63.83877782814,37.513461228524,
    25.569045427722));
#5444 = CARTESIAN_POINT('',(75.095779895782,29.891467168142,
    36.247921904385));
#5445 = CARTESIAN_POINT('',(56.972714717166,38.785677946173,
    26.380149827336));
#5446 = CARTESIAN_POINT('',(71.430000438281,30.570701517387,
    36.680969168576));
#5447 = CARTESIAN_POINT('',(49.819167074757,36.526529884554,
    26.973172789529));
#5448 = CARTESIAN_POINT('',(67.610733476516,29.364546196358,
    36.997583122981));
#5449 = CARTESIAN_POINT('',(44.329273435197,30.839934904369,
    27.150348061984));
#5450 = CARTESIAN_POINT('',(64.679688567527,26.328482774741,
    37.092176700631));
#5451 = CARTESIAN_POINT('',(42.220793663948,23.0016293533,
    26.820831367293));
#5452 = CARTESIAN_POINT('',(63.553974790962,22.143624726264,
    36.916248295855));
#5453 = CARTESIAN_POINT('',(44.214687720248,15.163323802495,
    26.060137808383));
#5454 = CARTESIAN_POINT('',(64.618511448584,17.958766677991,
    36.510115294049));
#5455 = CARTESIAN_POINT('',(49.621450822474,9.476728822123,
    25.092028307278));
#5456 = CARTESIAN_POINT('',(67.505173104451,14.922703256226,
    35.993243272284));
#5457 = CARTESIAN_POINT('',(56.741972692477,7.217580760592,
    24.18478610909));
#5458 = CARTESIAN_POINT('',(71.306807662462,13.716547935273,
    35.508868200363));
#5459 = CARTESIAN_POINT('',(63.626633938048,8.48979747822,
    23.550631140934));
#5460 = CARTESIAN_POINT('',(74.982516632382,14.395782284494,
    35.170293937707));
#5461 = CARTESIAN_POINT('',(68.746615203583,12.435772911031,
    23.289948804167));
#5462 = CARTESIAN_POINT('',(77.716065952194,16.502531879987,
    35.03111607994));
#5463 = CARTESIAN_POINT('',(71.330797704127,17.718702107223,
    23.389793534886));
#5464 = CARTESIAN_POINT('',(79.09575660924,19.323078823714,
    35.084423012443));
#5465 = CARTESIAN_POINT('',(71.369412427153,23.001629353372,
    23.757188083056));
#5466 = CARTESIAN_POINT('',(79.116372944419,22.143624726319,
    35.280574339008));
#5467 = ADVANCED_FACE('',(#5468),#5489,.T.);
#5468 = FACE_BOUND('',#5469,.T.);
#5469 = EDGE_LOOP('',(#5470,#5471,#5480,#5486,#5487,#5488));
#5470 = ORIENTED_EDGE('',*,*,#2927,.F.);
#5471 = ORIENTED_EDGE('',*,*,#5472,.T.);
#5472 = EDGE_CURVE('',#2920,#5473,#5475,.T.);
#5473 = VERTEX_POINT('',#5474);
#5474 = CARTESIAN_POINT('',(70.706413278855,30.035535321969,
    43.069563502615));
#5475 = CIRCLE('',#5476,2.5);
#5476 = AXIS2_PLACEMENT_3D('',#5477,#5478,#5479);
#5477 = CARTESIAN_POINT('',(68.220108540434,30.035535321969,
    43.330884660784));
#5478 = DIRECTION('',(-0.104273837185,6.975647374413E-02,-0.992099290016
    ));
#5479 = DIRECTION('',(-0.915813911362,0.382260438099,0.123133412278));
#5480 = ORIENTED_EDGE('',*,*,#5481,.T.);
#5481 = EDGE_CURVE('',#5473,#5369,#5482,.T.);
#5482 = LINE('',#5483,#5484);
#5483 = CARTESIAN_POINT('',(70.813118020755,29.964152636459,
    44.084791306047));
#5484 = VECTOR('',#5485,1.);
#5485 = DIRECTION('',(-0.104273837185,6.975647374413E-02,-0.992099290016
    ));
#5486 = ORIENTED_EDGE('',*,*,#5368,.F.);
#5487 = ORIENTED_EDGE('',*,*,#2058,.T.);
#5488 = ORIENTED_EDGE('',*,*,#2943,.F.);
#5489 = CYLINDRICAL_SURFACE('',#5490,2.5);
#5490 = AXIS2_PLACEMENT_3D('',#5491,#5492,#5493);
#5491 = CARTESIAN_POINT('',(68.326813282334,29.964152636459,
    44.346112464216));
#5492 = DIRECTION('',(-0.104273837185,6.975647374413E-02,-0.992099290016
    ));
#5493 = DIRECTION('',(-0.915813911362,0.382260438099,0.123133412278));
#5494 = ADVANCED_FACE('',(#5495),#5514,.T.);
#5495 = FACE_BOUND('',#5496,.T.);
#5496 = EDGE_LOOP('',(#5497,#5498,#5507,#5513));
#5497 = ORIENTED_EDGE('',*,*,#2027,.F.);
#5498 = ORIENTED_EDGE('',*,*,#5499,.F.);
#5499 = EDGE_CURVE('',#5500,#2020,#5502,.T.);
#5500 = VERTEX_POINT('',#5501);
#5501 = CARTESIAN_POINT('',(70.29236245795,-23.62607934319,
    39.340027171111));
#5502 = CIRCLE('',#5503,4.5);
#5503 = AXIS2_PLACEMENT_3D('',#5504,#5505,#5506);
#5504 = CARTESIAN_POINT('',(73.201565623718,-20.19353116918,
    39.27560688444));
#5505 = DIRECTION('',(0.104273837185,-6.975647374413E-02,0.992099290016)
  );
#5506 = DIRECTION('',(0.994521895368,1.07850667488E-17,-0.104528463268)
  );
#5507 = ORIENTED_EDGE('',*,*,#5508,.F.);
#5508 = EDGE_CURVE('',#2747,#5500,#5509,.T.);
#5509 = LINE('',#5510,#5511);
#5510 = CARTESIAN_POINT('',(70.277892928536,-25.60567326977,
    39.202358794786));
#5511 = VECTOR('',#5512,1.);
#5512 = DIRECTION('',(7.291537003444E-03,0.99756405026,
    6.937434048221E-02));
#5513 = ORIENTED_EDGE('',*,*,#2746,.T.);
#5514 = PLANE('',#5515);
#5515 = AXIS2_PLACEMENT_3D('',#5516,#5517,#5518);
#5516 = CARTESIAN_POINT('',(15.354416883399,-32.58862162159,
    44.484063759323));
#5517 = DIRECTION('',(0.104273837185,-6.975647374413E-02,0.992099290016)
  );
#5518 = DIRECTION('',(0.994521895368,1.07850667488E-17,-0.104528463268)
  );
#5519 = ADVANCED_FACE('',(#5520),#5547,.T.);
#5520 = FACE_BOUND('',#5521,.T.);
#5521 = EDGE_LOOP('',(#5522,#5532,#5539,#5540));
#5522 = ORIENTED_EDGE('',*,*,#5523,.T.);
#5523 = EDGE_CURVE('',#5524,#5526,#5528,.T.);
#5524 = VERTEX_POINT('',#5525);
#5525 = CARTESIAN_POINT('',(77.207681885544,-19.87962703733,
    34.340781994665));
#5526 = VERTEX_POINT('',#5527);
#5527 = CARTESIAN_POINT('',(77.676914152875,-20.19353116918,
    38.805228799736));
#5528 = LINE('',#5529,#5530);
#5529 = CARTESIAN_POINT('',(76.999134211175,-19.74011408984,
    32.356583414634));
#5530 = VECTOR('',#5531,1.);
#5531 = DIRECTION('',(0.104273837185,-6.975647374413E-02,0.992099290016)
  );
#5532 = ORIENTED_EDGE('',*,*,#5533,.F.);
#5533 = EDGE_CURVE('',#2020,#5526,#5534,.T.);
#5534 = CIRCLE('',#5535,4.5);
#5535 = AXIS2_PLACEMENT_3D('',#5536,#5537,#5538);
#5536 = CARTESIAN_POINT('',(73.201565623718,-20.19353116918,
    39.27560688444));
#5537 = DIRECTION('',(0.104273837185,-6.975647374413E-02,0.992099290016)
  );
#5538 = DIRECTION('',(0.994521895368,1.07850667488E-17,-0.104528463268)
  );
#5539 = ORIENTED_EDGE('',*,*,#2019,.F.);
#5540 = ORIENTED_EDGE('',*,*,#5541,.T.);
#5541 = EDGE_CURVE('',#2011,#5524,#5542,.T.);
#5542 = CIRCLE('',#5543,4.5);
#5543 = AXIS2_PLACEMENT_3D('',#5544,#5545,#5546);
#5544 = CARTESIAN_POINT('',(72.732333356387,-19.87962703733,
    34.81116007937));
#5545 = DIRECTION('',(0.104273837185,-6.975647374413E-02,0.992099290016)
  );
#5546 = DIRECTION('',(0.994521895368,1.07850667488E-17,-0.104528463268)
  );
#5547 = CYLINDRICAL_SURFACE('',#5548,4.5);
#5548 = AXIS2_PLACEMENT_3D('',#5549,#5550,#5551);
#5549 = CARTESIAN_POINT('',(72.523785682017,-19.74011408984,
    32.826961499338));
#5550 = DIRECTION('',(0.104273837185,-6.975647374413E-02,0.992099290016)
  );
#5551 = DIRECTION('',(0.994521895368,1.07850667488E-17,-0.104528463268)
  );
#5552 = ADVANCED_FACE('',(#5553),#5571,.T.);
#5553 = FACE_BOUND('',#5554,.T.);
#5554 = EDGE_LOOP('',(#5555,#5564,#5569,#5570));
#5555 = ORIENTED_EDGE('',*,*,#5556,.T.);
#5556 = EDGE_CURVE('',#1974,#5557,#5559,.T.);
#5557 = VERTEX_POINT('',#5558);
#5558 = CARTESIAN_POINT('',(78.810128390274,-19.75406538459,
    32.366852038755));
#5559 = CIRCLE('',#5560,6.3);
#5560 = AXIS2_PLACEMENT_3D('',#5561,#5562,#5563);
#5561 = CARTESIAN_POINT('',(72.544640449454,-19.75406538459,
    33.025381357342));
#5562 = DIRECTION('',(0.104273837185,-6.975647374413E-02,0.992099290016)
  );
#5563 = DIRECTION('',(0.994521895368,1.07850667488E-17,-0.104528463268)
  );
#5564 = ORIENTED_EDGE('',*,*,#5565,.T.);
#5565 = EDGE_CURVE('',#5557,#5524,#5566,.T.);
#5566 = B_SPLINE_CURVE_WITH_KNOTS('',1,(#5567,#5568),.UNSPECIFIED.,.F.,
  .F.,(2,2),(0.,1.),.PIECEWISE_BEZIER_KNOTS.);
#5567 = CARTESIAN_POINT('',(78.810128390274,-19.75406538459,
    32.366852038755));
#5568 = CARTESIAN_POINT('',(77.207681885544,-19.87962703733,
    34.340781994665));
#5569 = ORIENTED_EDGE('',*,*,#5541,.F.);
#5570 = ORIENTED_EDGE('',*,*,#2010,.F.);
#5571 = CONICAL_SURFACE('',#5572,6.3,0.785398163397);
#5572 = AXIS2_PLACEMENT_3D('',#5573,#5574,#5575);
#5573 = CARTESIAN_POINT('',(72.544640449454,-19.75406538459,
    33.025381357342));
#5574 = DIRECTION('',(-0.104273837185,6.975647374413E-02,-0.992099290016
    ));
#5575 = DIRECTION('',(0.994521895368,1.07850667488E-17,-0.104528463268)
  );
#5576 = ADVANCED_FACE('',(#5577),#5595,.T.);
#5577 = FACE_BOUND('',#5578,.T.);
#5578 = EDGE_LOOP('',(#5579,#5588,#5593,#5594));
#5579 = ORIENTED_EDGE('',*,*,#5580,.T.);
#5580 = EDGE_CURVE('',#1946,#5581,#5583,.T.);
#5581 = VERTEX_POINT('',#5582);
#5582 = CARTESIAN_POINT('',(71.063167873009,-18.89606075754,
    20.843465782803));
#5583 = CIRCLE('',#5584,11.8);
#5584 = AXIS2_PLACEMENT_3D('',#5585,#5586,#5587);
#5585 = CARTESIAN_POINT('',(59.327809507663,-18.89606075754,
    22.076901649361));
#5586 = DIRECTION('',(0.104273837185,-6.975647374413E-02,0.992099290016)
  );
#5587 = DIRECTION('',(0.994521895368,1.07850667488E-17,-0.104528463268)
  );
#5588 = ORIENTED_EDGE('',*,*,#5589,.T.);
#5589 = EDGE_CURVE('',#5581,#5557,#5590,.T.);
#5590 = B_SPLINE_CURVE_WITH_KNOTS('',1,(#5591,#5592),.UNSPECIFIED.,.F.,
  .F.,(2,2),(0.,1.),.PIECEWISE_BEZIER_KNOTS.);
#5591 = CARTESIAN_POINT('',(71.063167873009,-18.89606075754,
    20.843465782803));
#5592 = CARTESIAN_POINT('',(78.810128390274,-19.75406538459,
    32.366852038755));
#5593 = ORIENTED_EDGE('',*,*,#5556,.F.);
#5594 = ORIENTED_EDGE('',*,*,#1973,.F.);
#5595 = B_SPLINE_SURFACE_WITH_KNOTS('',14,1,(
    (#5596,#5597)
    ,(#5598,#5599)
    ,(#5600,#5601)
    ,(#5602,#5603)
    ,(#5604,#5605)
    ,(#5606,#5607)
    ,(#5608,#5609)
    ,(#5610,#5611)
    ,(#5612,#5613)
    ,(#5614,#5615)
    ,(#5616,#5617)
    ,(#5618,#5619)
    ,(#5620,#5621)
    ,(#5622,#5623)
    ,(#5624,#5625
    )),.UNSPECIFIED.,.T.,.F.,.F.,(15,15),(2,2),(0.,6.28318530718),(0.,1.
    ),.PIECEWISE_BEZIER_KNOTS.);
#5596 = CARTESIAN_POINT('',(71.063167873009,-18.89606075754,
    20.843465782803));
#5597 = CARTESIAN_POINT('',(78.810128390274,-19.75406538459,
    32.366852038755));
#5598 = CARTESIAN_POINT('',(71.101782596038,-13.61313351138,
    21.210860330973));
#5599 = CARTESIAN_POINT('',(78.830744725451,-16.93351948198,
    32.563003365321));
#5600 = CARTESIAN_POINT('',(68.594829570039,-8.330204315213,
    21.845804967835));
#5601 = CARTESIAN_POINT('',(77.492286753945,-14.11297253826,
    32.901999230763));
#5602 = CARTESIAN_POINT('',(63.532533273995,-4.384228882343,
    22.655323127472));
#5603 = CARTESIAN_POINT('',(74.789535341637,-12.00622294275,
    33.334199604133));
#5604 = CARTESIAN_POINT('',(56.666470163021,-3.112012164871,
    23.466427527074));
#5605 = CARTESIAN_POINT('',(71.123755884136,-11.32698859359,
    33.767246868318));
#5606 = CARTESIAN_POINT('',(49.512922520615,-5.371160226081,
    24.059450489295));
#5607 = CARTESIAN_POINT('',(67.304488922372,-12.53314391438,
    34.08386082274));
#5608 = CARTESIAN_POINT('',(44.023028881049,-11.05775520699,
    24.236625761699));
#5609 = CARTESIAN_POINT('',(64.37344401338,-15.56920733647,
    34.178454400357));
#5610 = CARTESIAN_POINT('',(41.914549109808,-18.89606075704,
    23.907109067079));
#5611 = CARTESIAN_POINT('',(63.24773023682,-19.75406538424,
    34.00252599563));
#5612 = CARTESIAN_POINT('',(43.908443166099,-26.73436630898,
    23.146415508091));
#5613 = CARTESIAN_POINT('',(64.312266894437,-23.93892343333,
    33.596392993767));
#5614 = CARTESIAN_POINT('',(49.315206268333,-32.42096128833,
    22.178306007056));
#5615 = CARTESIAN_POINT('',(67.198928550309,-26.97498685434,
    33.079520972055));
#5616 = CARTESIAN_POINT('',(56.43572813833,-34.6801093506,
    21.271063808817));
#5617 = CARTESIAN_POINT('',(71.000563108316,-28.18114217585,
    32.595145900095));
#5618 = CARTESIAN_POINT('',(63.320389383905,-33.40789263255,
    20.636908840691));
#5619 = CARTESIAN_POINT('',(74.676272078238,-27.5019078263,
    32.256571637462));
#5620 = CARTESIAN_POINT('',(68.440370649438,-29.46191719993,
    20.37622650391));
#5621 = CARTESIAN_POINT('',(77.409821398049,-25.39515823096,
    32.117393779684));
#5622 = CARTESIAN_POINT('',(71.024553149983,-24.17898800367,
    20.476071234634));
#5623 = CARTESIAN_POINT('',(78.789512055095,-22.57461128719,
    32.170700712191));
#5624 = CARTESIAN_POINT('',(71.063167873009,-18.89606075754,
    20.843465782803));
#5625 = CARTESIAN_POINT('',(78.810128390274,-19.75406538459,
    32.366852038755));
#5626 = ADVANCED_FACE('',(#5627),#5638,.T.);
#5627 = FACE_BOUND('',#5628,.T.);
#5628 = EDGE_LOOP('',(#5629,#5630,#5637));
#5629 = ORIENTED_EDGE('',*,*,#1945,.F.);
#5630 = ORIENTED_EDGE('',*,*,#5631,.T.);
#5631 = EDGE_CURVE('',#1918,#5581,#5632,.T.);
#5632 = ( BOUNDED_CURVE() B_SPLINE_CURVE(3,(#5633,#5634,#5635,#5636),
.UNSPECIFIED.,.F.,.F.) B_SPLINE_CURVE_WITH_KNOTS((4,4),(0.,1.),
.PIECEWISE_BEZIER_KNOTS.) CURVE() GEOMETRIC_REPRESENTATION_ITEM() 
RATIONAL_B_SPLINE_CURVE((1.,1.,1.,1.)) REPRESENTATION_ITEM('') );
#5633 = CARTESIAN_POINT('',(66.925045880355,-18.75654781005,
    19.272282106414));
#5634 = CARTESIAN_POINT('',(68.319146973128,-18.82270154575,
    20.077009739622));
#5635 = CARTESIAN_POINT('',(69.742880481452,-18.82262408471,
    19.926255471797));
#5636 = CARTESIAN_POINT('',(71.063167873009,-18.89606075754,
    20.843465782803));
#5637 = ORIENTED_EDGE('',*,*,#5580,.F.);
#5638 = ( BOUNDED_SURFACE() B_SPLINE_SURFACE(14,3,(
    (#5639,#5640,#5641,#5642)
    ,(#5643,#5644,#5645,#5646)
    ,(#5647,#5648,#5649,#5650)
    ,(#5651,#5652,#5653,#5654)
    ,(#5655,#5656,#5657,#5658)
    ,(#5659,#5660,#5661,#5662)
    ,(#5663,#5664,#5665,#5666)
    ,(#5667,#5668,#5669,#5670)
    ,(#5671,#5672,#5673,#5674)
    ,(#5675,#5676,#5677,#5678)
    ,(#5679,#5680,#5681,#5682)
    ,(#5683,#5684,#5685,#5686)
    ,(#5687,#5688,#5689,#5690)
    ,(#5691,#5692,#5693,#5694)
    ,(#5695,#5696,#5697,#5698
)),.UNSPECIFIED.,.T.,.F.,.F.) B_SPLINE_SURFACE_WITH_KNOTS((15,15),(4,4),
  (0.,1.),(0.,1.),.PIECEWISE_BEZIER_KNOTS.) 
GEOMETRIC_REPRESENTATION_ITEM() RATIONAL_B_SPLINE_SURFACE((
    (1.,1.,1.,1.)
    ,(1.,1.,1.,1.)
    ,(1.,1.,1.,1.)
    ,(1.,1.,1.,1.)
    ,(1.,1.,1.,1.)
    ,(1.,1.,1.,1.)
    ,(1.,1.,1.,1.)
    ,(1.,1.,1.,1.)
    ,(1.,1.,1.,1.)
    ,(1.,1.,1.,1.)
    ,(1.,1.,1.,1.)
    ,(1.,1.,1.,1.)
    ,(1.,1.,1.,1.)
    ,(1.,1.,1.,1.)
,(1.,1.,1.,1.))) REPRESENTATION_ITEM('') SURFACE() );
#5639 = CARTESIAN_POINT('',(66.925045880355,-18.75654781005,
    19.272282106414));
#5640 = CARTESIAN_POINT('',(68.319146973128,-18.82270154575,
    20.077009739622));
#5641 = CARTESIAN_POINT('',(69.742880481452,-18.82262408471,
    19.926255471797));
#5642 = CARTESIAN_POINT('',(71.063167873009,-18.89606075754,
    20.843465782803));
#5643 = CARTESIAN_POINT('',(66.957115735074,-14.36903196155,
    19.577406392181));
#5644 = CARTESIAN_POINT('',(68.352450944694,-14.26634466987,
    20.393875862839));
#5645 = CARTESIAN_POINT('',(69.780873116904,-13.62480539663,
    20.287731252061));
#5646 = CARTESIAN_POINT('',(71.101782596038,-13.61313351138,
    21.210860330973));
#5647 = CARTESIAN_POINT('',(64.875070001619,-9.981514493533,
    20.104733293993));
#5648 = CARTESIAN_POINT('',(66.190283622423,-9.709986112156,
    20.941495435687));
#5649 = CARTESIAN_POINT('',(67.314307388949,-8.42698478988,
    20.912446858695));
#5650 = CARTESIAN_POINT('',(68.594829570039,-8.330204315213,
    21.845804967835));
#5651 = CARTESIAN_POINT('',(60.670790026932,-6.704348456103,
    20.777044985862));
#5652 = CARTESIAN_POINT('',(61.824213930113,-6.306707691335,
    21.639679124595));
#5653 = CARTESIAN_POINT('',(62.333565261267,-4.544579469677,
    21.708923588823));
#5654 = CARTESIAN_POINT('',(63.532533273995,-4.384228882343,
    22.655323127472));
#5655 = CARTESIAN_POINT('',(54.96846642631,-5.647761690659,
    21.450674063562));
#5656 = CARTESIAN_POINT('',(55.902452677588,-5.209461199351,
    22.339230894981));
#5657 = CARTESIAN_POINT('',(55.578115207041,-3.292858307599,
    22.506961004398));
#5658 = CARTESIAN_POINT('',(56.666470163021,-3.112012164871,
    23.466427527074));
#5659 = CARTESIAN_POINT('',(49.02738448597,-7.524003300966,
    21.94318465921));
#5660 = CARTESIAN_POINT('',(49.732745152133,-7.157904613877,
    22.850694355701));
#5661 = CARTESIAN_POINT('',(48.539812029677,-5.515611237718,
    23.090430299363));
#5662 = CARTESIAN_POINT('',(49.512922520615,-5.371160226081,
    24.059450489295));
#5663 = CARTESIAN_POINT('',(44.467981293847,-12.24676862388,
    22.090330224534));
#5664 = CARTESIAN_POINT('',(44.997886338529,-12.06241208382,
    23.00350239795));
#5665 = CARTESIAN_POINT('',(43.138361200415,-11.11059452631,
    23.264751257935));
#5666 = CARTESIAN_POINT('',(44.023028881049,-11.05775520699,
    24.236625761699));
#5667 = CARTESIAN_POINT('',(42.716870975283,-18.75654780977,
    21.81666381705));
#5668 = CARTESIAN_POINT('',(43.179389536476,-18.82270154528,
    22.71930471997));
#5669 = CARTESIAN_POINT('',(41.063849277662,-18.82262408497,
    22.940543114809));
#5670 = CARTESIAN_POINT('',(41.914549109808,-18.89606075704,
    23.907109067079));
#5671 = CARTESIAN_POINT('',(44.372816886518,-25.26632699672,
    21.1849013698));
#5672 = CARTESIAN_POINT('',(44.899059800519,-25.58299100853,
    22.063230697492));
#5673 = CARTESIAN_POINT('',(43.025621474339,-26.53465364264,
    22.192104415318));
#5674 = CARTESIAN_POINT('',(43.908443166099,-26.73436630898,
    23.146415508091));
#5675 = CARTESIAN_POINT('',(48.863179462884,-29.98909231877,
    20.380878224868));
#5676 = CARTESIAN_POINT('',(49.562221167336,-30.48749847701,
    21.228267016294));
#5677 = CARTESIAN_POINT('',(48.345281008697,-32.12963693205,
    21.239591268484));
#5678 = CARTESIAN_POINT('',(49.315206268333,-32.42096128833,
    22.178306007056));
#5679 = CARTESIAN_POINT('',(54.776833219367,-31.86533392966,
    19.627405890719));
#5680 = CARTESIAN_POINT('',(55.703445013486,-32.43594189251,
    20.445799449381));
#5681 = CARTESIAN_POINT('',(55.351090462564,-34.35238986163,
    20.346964844978));
#5682 = CARTESIAN_POINT('',(56.43572813833,-34.6801093506,
    21.271063808817));
#5683 = CARTESIAN_POINT('',(60.49460272838,-30.8087471639,
    19.100734815517));
#5684 = CARTESIAN_POINT('',(61.641246566153,-31.33869540001,
    19.898860940759));
#5685 = CARTESIAN_POINT('',(62.124839033355,-33.10066869984,
    19.723026185521));
#5686 = CARTESIAN_POINT('',(63.320389383905,-33.40789263255,
    20.636908840691));
#5687 = CARTESIAN_POINT('',(64.746790559086,-27.5315811266,
    18.884235925635));
#5688 = CARTESIAN_POINT('',(66.057067711592,-27.9354169794,
    19.674030708889));
#5689 = CARTESIAN_POINT('',(67.1623368191,-29.21826337952,
    19.466543470752));
#5690 = CARTESIAN_POINT('',(68.440370649438,-29.46191719993,
    20.37622650391));
#5691 = CARTESIAN_POINT('',(66.892976025638,-23.14406365854,
    18.967157820648));
#5692 = CARTESIAN_POINT('',(68.285843001568,-23.37905842162,
    19.760143616409));
#5693 = CARTESIAN_POINT('',(69.704887845999,-24.0204427728,
    19.564779691537));
#5694 = CARTESIAN_POINT('',(71.024553149983,-24.17898800367,
    20.476071234634));
#5695 = CARTESIAN_POINT('',(66.925045880355,-18.75654781005,
    19.272282106414));
#5696 = CARTESIAN_POINT('',(68.319146973128,-18.82270154575,
    20.077009739622));
#5697 = CARTESIAN_POINT('',(69.742880481452,-18.82262408471,
    19.926255471797));
#5698 = CARTESIAN_POINT('',(71.063167873009,-18.89606075754,
    20.843465782803));
#5699 = ADVANCED_FACE('',(#5700),#5711,.T.);
#5700 = FACE_BOUND('',#5701,.T.);
#5701 = EDGE_LOOP('',(#5702,#5703,#5704));
#5702 = ORIENTED_EDGE('',*,*,#5631,.F.);
#5703 = ORIENTED_EDGE('',*,*,#1917,.F.);
#5704 = ORIENTED_EDGE('',*,*,#5705,.F.);
#5705 = EDGE_CURVE('',#5581,#1881,#5706,.T.);
#5706 = CIRCLE('',#5707,11.8);
#5707 = AXIS2_PLACEMENT_3D('',#5708,#5709,#5710);
#5708 = CARTESIAN_POINT('',(59.327809507663,-18.89606075754,
    22.076901649361));
#5709 = DIRECTION('',(0.104273837185,-6.975647374413E-02,0.992099290016)
  );
#5710 = DIRECTION('',(0.994521895368,1.07850667488E-17,-0.104528463268)
  );
#5711 = ( BOUNDED_SURFACE() B_SPLINE_SURFACE(14,3,(
    (#5712,#5713,#5714,#5715)
    ,(#5716,#5717,#5718,#5719)
    ,(#5720,#5721,#5722,#5723)
    ,(#5724,#5725,#5726,#5727)
    ,(#5728,#5729,#5730,#5731)
    ,(#5732,#5733,#5734,#5735)
    ,(#5736,#5737,#5738,#5739)
    ,(#5740,#5741,#5742,#5743)
    ,(#5744,#5745,#5746,#5747)
    ,(#5748,#5749,#5750,#5751)
    ,(#5752,#5753,#5754,#5755)
    ,(#5756,#5757,#5758,#5759)
    ,(#5760,#5761,#5762,#5763)
    ,(#5764,#5765,#5766,#5767)
    ,(#5768,#5769,#5770,#5771
)),.UNSPECIFIED.,.T.,.F.,.F.) B_SPLINE_SURFACE_WITH_KNOTS((15,15),(4,4),
  (0.,1.),(0.,1.),.PIECEWISE_BEZIER_KNOTS.) 
GEOMETRIC_REPRESENTATION_ITEM() RATIONAL_B_SPLINE_SURFACE((
    (1.,1.,1.,1.)
    ,(1.,1.,1.,1.)
    ,(1.,1.,1.,1.)
    ,(1.,1.,1.,1.)
    ,(1.,1.,1.,1.)
    ,(1.,1.,1.,1.)
    ,(1.,1.,1.,1.)
    ,(1.,1.,1.,1.)
    ,(1.,1.,1.,1.)
    ,(1.,1.,1.,1.)
    ,(1.,1.,1.,1.)
    ,(1.,1.,1.,1.)
    ,(1.,1.,1.,1.)
    ,(1.,1.,1.,1.)
,(1.,1.,1.,1.))) REPRESENTATION_ITEM('') SURFACE() );
#5712 = CARTESIAN_POINT('',(66.925045880355,-18.75654781005,
    19.272282106414));
#5713 = CARTESIAN_POINT('',(68.319146973128,-18.82270154575,
    20.077009739622));
#5714 = CARTESIAN_POINT('',(69.742880481452,-18.82262408471,
    19.926255471797));
#5715 = CARTESIAN_POINT('',(71.063167873009,-18.89606075754,
    20.843465782803));
#5716 = CARTESIAN_POINT('',(66.957115735074,-14.36903196155,
    19.577406392181));
#5717 = CARTESIAN_POINT('',(68.352450944694,-14.26634466987,
    20.393875862839));
#5718 = CARTESIAN_POINT('',(69.780873116904,-13.62480539663,
    20.287731252061));
#5719 = CARTESIAN_POINT('',(71.101782596038,-13.61313351138,
    21.210860330973));
#5720 = CARTESIAN_POINT('',(64.875070001619,-9.981514493533,
    20.104733293993));
#5721 = CARTESIAN_POINT('',(66.190283622423,-9.709986112156,
    20.941495435687));
#5722 = CARTESIAN_POINT('',(67.314307388949,-8.42698478988,
    20.912446858695));
#5723 = CARTESIAN_POINT('',(68.594829570039,-8.330204315213,
    21.845804967835));
#5724 = CARTESIAN_POINT('',(60.670790026932,-6.704348456103,
    20.777044985862));
#5725 = CARTESIAN_POINT('',(61.824213930113,-6.306707691335,
    21.639679124595));
#5726 = CARTESIAN_POINT('',(62.333565261267,-4.544579469677,
    21.708923588823));
#5727 = CARTESIAN_POINT('',(63.532533273995,-4.384228882343,
    22.655323127472));
#5728 = CARTESIAN_POINT('',(54.96846642631,-5.647761690659,
    21.450674063562));
#5729 = CARTESIAN_POINT('',(55.902452677588,-5.209461199351,
    22.339230894981));
#5730 = CARTESIAN_POINT('',(55.578115207041,-3.292858307599,
    22.506961004398));
#5731 = CARTESIAN_POINT('',(56.666470163021,-3.112012164871,
    23.466427527074));
#5732 = CARTESIAN_POINT('',(49.02738448597,-7.524003300966,
    21.94318465921));
#5733 = CARTESIAN_POINT('',(49.732745152133,-7.157904613877,
    22.850694355701));
#5734 = CARTESIAN_POINT('',(48.539812029677,-5.515611237718,
    23.090430299363));
#5735 = CARTESIAN_POINT('',(49.512922520615,-5.371160226081,
    24.059450489295));
#5736 = CARTESIAN_POINT('',(44.467981293847,-12.24676862388,
    22.090330224534));
#5737 = CARTESIAN_POINT('',(44.997886338529,-12.06241208382,
    23.00350239795));
#5738 = CARTESIAN_POINT('',(43.138361200415,-11.11059452631,
    23.264751257935));
#5739 = CARTESIAN_POINT('',(44.023028881049,-11.05775520699,
    24.236625761699));
#5740 = CARTESIAN_POINT('',(42.716870975283,-18.75654780977,
    21.81666381705));
#5741 = CARTESIAN_POINT('',(43.179389536476,-18.82270154528,
    22.71930471997));
#5742 = CARTESIAN_POINT('',(41.063849277662,-18.82262408497,
    22.940543114809));
#5743 = CARTESIAN_POINT('',(41.914549109808,-18.89606075704,
    23.907109067079));
#5744 = CARTESIAN_POINT('',(44.372816886518,-25.26632699672,
    21.1849013698));
#5745 = CARTESIAN_POINT('',(44.899059800519,-25.58299100853,
    22.063230697492));
#5746 = CARTESIAN_POINT('',(43.025621474339,-26.53465364264,
    22.192104415318));
#5747 = CARTESIAN_POINT('',(43.908443166099,-26.73436630898,
    23.146415508091));
#5748 = CARTESIAN_POINT('',(48.863179462884,-29.98909231877,
    20.380878224868));
#5749 = CARTESIAN_POINT('',(49.562221167336,-30.48749847701,
    21.228267016294));
#5750 = CARTESIAN_POINT('',(48.345281008697,-32.12963693205,
    21.239591268484));
#5751 = CARTESIAN_POINT('',(49.315206268333,-32.42096128833,
    22.178306007056));
#5752 = CARTESIAN_POINT('',(54.776833219367,-31.86533392966,
    19.627405890719));
#5753 = CARTESIAN_POINT('',(55.703445013486,-32.43594189251,
    20.445799449381));
#5754 = CARTESIAN_POINT('',(55.351090462564,-34.35238986163,
    20.346964844978));
#5755 = CARTESIAN_POINT('',(56.43572813833,-34.6801093506,
    21.271063808817));
#5756 = CARTESIAN_POINT('',(60.49460272838,-30.8087471639,
    19.100734815517));
#5757 = CARTESIAN_POINT('',(61.641246566153,-31.33869540001,
    19.898860940759));
#5758 = CARTESIAN_POINT('',(62.124839033355,-33.10066869984,
    19.723026185521));
#5759 = CARTESIAN_POINT('',(63.320389383905,-33.40789263255,
    20.636908840691));
#5760 = CARTESIAN_POINT('',(64.746790559086,-27.5315811266,
    18.884235925635));
#5761 = CARTESIAN_POINT('',(66.057067711592,-27.9354169794,
    19.674030708889));
#5762 = CARTESIAN_POINT('',(67.1623368191,-29.21826337952,
    19.466543470752));
#5763 = CARTESIAN_POINT('',(68.440370649438,-29.46191719993,
    20.37622650391));
#5764 = CARTESIAN_POINT('',(66.892976025638,-23.14406365854,
    18.967157820648));
#5765 = CARTESIAN_POINT('',(68.285843001568,-23.37905842162,
    19.760143616409));
#5766 = CARTESIAN_POINT('',(69.704887845999,-24.0204427728,
    19.564779691537));
#5767 = CARTESIAN_POINT('',(71.024553149983,-24.17898800367,
    20.476071234634));
#5768 = CARTESIAN_POINT('',(66.925045880355,-18.75654781005,
    19.272282106414));
#5769 = CARTESIAN_POINT('',(68.319146973128,-18.82270154575,
    20.077009739622));
#5770 = CARTESIAN_POINT('',(69.742880481452,-18.82262408471,
    19.926255471797));
#5771 = CARTESIAN_POINT('',(71.063167873009,-18.89606075754,
    20.843465782803));
#5772 = ADVANCED_FACE('',(#5773),#5919,.T.);
#5773 = FACE_BOUND('',#5774,.T.);
#5774 = EDGE_LOOP('',(#5775,#5776,#5777,#5778,#5834,#5844,#5899,#5911,
    #5912));
#5775 = ORIENTED_EDGE('',*,*,#5589,.F.);
#5776 = ORIENTED_EDGE('',*,*,#5705,.T.);
#5777 = ORIENTED_EDGE('',*,*,#1880,.T.);
#5778 = ORIENTED_EDGE('',*,*,#5779,.F.);
#5779 = EDGE_CURVE('',#5780,#1873,#5782,.T.);
#5780 = VERTEX_POINT('',#5781);
#5781 = CARTESIAN_POINT('',(69.605858034843,-11.12712175252,
    25.689488884422));
#5782 = B_SPLINE_CURVE_WITH_KNOTS('',8,(#5783,#5784,#5785,#5786,#5787,
    #5788,#5789,#5790,#5791,#5792,#5793,#5794,#5795,#5796,#5797,#5798,
    #5799,#5800,#5801,#5802,#5803,#5804,#5805,#5806,#5807,#5808,#5809,
    #5810,#5811,#5812,#5813,#5814,#5815,#5816,#5817,#5818,#5819,#5820,
    #5821,#5822,#5823,#5824,#5825,#5826,#5827,#5828,#5829,#5830,#5831,
    #5832,#5833),.UNSPECIFIED.,.F.,.F.,(9,7,7,7,7,7,7,9),(0.,
    0.296177189584,0.393744608608,0.439136565539,0.518896406632,
    0.591680542851,0.699246269967,1.),.UNSPECIFIED.);
#5783 = CARTESIAN_POINT('',(69.605858034843,-11.12712175252,
    25.689488884422));
#5784 = CARTESIAN_POINT('',(69.657875209991,-11.12712175252,
    25.923393657531));
#5785 = CARTESIAN_POINT('',(69.70393563235,-11.12712175252,
    26.158126621771));
#5786 = CARTESIAN_POINT('',(69.743269070438,-11.12712175252,
    26.394166546966));
#5787 = CARTESIAN_POINT('',(69.774722719832,-11.12712175252,
    26.631638575341));
#5788 = CARTESIAN_POINT('',(69.796755579287,-11.12712175252,
    26.870319620434));
#5789 = CARTESIAN_POINT('',(69.807252773416,-11.12712175252,
    27.109640994846));
#5790 = CARTESIAN_POINT('',(69.80353905091,-11.12712175252,
    27.348694543242));
#5791 = CARTESIAN_POINT('',(69.774302606327,-11.12712175252,
    27.664537999433));
#5792 = CARTESIAN_POINT('',(69.765079513039,-11.12712175252,
    27.742587434297));
#5793 = CARTESIAN_POINT('',(69.753739037556,-11.12712175252,
    27.820358236422));
#5794 = CARTESIAN_POINT('',(69.740132017206,-11.12712175252,
    27.89776085868));
#5795 = CARTESIAN_POINT('',(69.724100662585,-11.12712175252,
    27.974680601888));
#5796 = CARTESIAN_POINT('',(69.705482375294,-11.12712175252,
    28.050978451659));
#5797 = CARTESIAN_POINT('',(69.68411574208,-11.12712175252,
    28.12649241759));
#5798 = CARTESIAN_POINT('',(69.648558786137,-11.12712175252,
    28.235721364937));
#5799 = CARTESIAN_POINT('',(69.636641672462,-11.12712175252,
    28.270192245295));
#5800 = CARTESIAN_POINT('',(69.624082584368,-11.12712175252,
    28.304432522577));
#5801 = CARTESIAN_POINT('',(69.610867413875,-11.12712175252,
    28.338421268282));
#5802 = CARTESIAN_POINT('',(69.596983073689,-11.12712175252,
    28.372136264956));
#5803 = CARTESIAN_POINT('',(69.582417845845,-11.12712175252,
    28.405554152491));
#5804 = CARTESIAN_POINT('',(69.567161730357,-11.12712175252,
    28.438650574422));
#5805 = CARTESIAN_POINT('',(69.523171800767,-11.12712175252,
    28.528946088213));
#5806 = CARTESIAN_POINT('',(69.492974822192,-11.12712175252,
    28.585430417622));
#5807 = CARTESIAN_POINT('',(69.460577292264,-11.12712175252,
    28.64070529492));
#5808 = CARTESIAN_POINT('',(69.42595881793,-11.12712175252,
    28.694624101368));
#5809 = CARTESIAN_POINT('',(69.389121905133,-11.12712175252,
    28.747044828963));
#5810 = CARTESIAN_POINT('',(69.350096684973,-11.12712175252,
    28.797833292373));
#5811 = CARTESIAN_POINT('',(69.308945639878,-11.12712175252,
    28.846866340876));
#5812 = CARTESIAN_POINT('',(69.226367258024,-11.12712175252,
    28.937078476362));
#5813 = CARTESIAN_POINT('',(69.18527118677,-11.12712175252,
    28.978577817305));
#5814 = CARTESIAN_POINT('',(69.142553911551,-11.12712175252,
    29.018450050453));
#5815 = CARTESIAN_POINT('',(69.098301808267,-11.12712175252,
    29.0566361764));
#5816 = CARTESIAN_POINT('',(69.05261168899,-11.12712175252,
    29.093098659725));
#5817 = CARTESIAN_POINT('',(69.005588657788,-11.12712175252,
    29.127818849711));
#5818 = CARTESIAN_POINT('',(68.957343966549,-11.12712175252,
    29.16079440106));
#5819 = CARTESIAN_POINT('',(68.835058207091,-11.12712175252,
    29.238208844155));
#5820 = CARTESIAN_POINT('',(68.759705168455,-11.12712175252,
    29.280596433742));
#5821 = CARTESIAN_POINT('',(68.682275638795,-11.12712175252,
    29.319255545092));
#5822 = CARTESIAN_POINT('',(68.603097136844,-11.12712175252,
    29.354315402437));
#5823 = CARTESIAN_POINT('',(68.522469239152,-11.12712175252,
    29.385948626452));
#5824 = CARTESIAN_POINT('',(68.440653432218,-11.12712175252,
    29.414348919434));
#5825 = CARTESIAN_POINT('',(68.357866393787,-11.12712175252,
    29.43971618174));
#5826 = CARTESIAN_POINT('',(68.040559962102,-11.12712175252,
    29.525250976604));
#5827 = CARTESIAN_POINT('',(67.801286888261,-11.12712175252,
    29.565900757594));
#5828 = CARTESIAN_POINT('',(67.559029849109,-11.12712175252,
    29.589080962163));
#5829 = CARTESIAN_POINT('',(67.31565123803,-11.12712175252,
    29.598129374097));
#5830 = CARTESIAN_POINT('',(67.072383099165,-11.12712175252,
    29.595714983496));
#5831 = CARTESIAN_POINT('',(66.82981422475,-11.12712175252,
    29.58380755958));
#5832 = CARTESIAN_POINT('',(66.58791720339,-11.12712175252,
    29.563884165977));
#5833 = CARTESIAN_POINT('',(66.346041395267,-11.12712175252,
    29.536929804537));
#5834 = ORIENTED_EDGE('',*,*,#5835,.T.);
#5835 = EDGE_CURVE('',#5780,#5836,#5838,.T.);
#5836 = VERTEX_POINT('',#5837);
#5837 = CARTESIAN_POINT('',(70.748281323759,-12.10102650989,
    25.500938178314));
#5838 = B_SPLINE_CURVE_WITH_KNOTS('',4,(#5839,#5840,#5841,#5842,#5843),
  .UNSPECIFIED.,.F.,.F.,(5,5),(0.,1.),.PIECEWISE_BEZIER_KNOTS.);
#5839 = CARTESIAN_POINT('',(69.605858034843,-11.12712175252,
    25.689488884422));
#5840 = CARTESIAN_POINT('',(69.90952694599,-11.3482137485,
    25.642026577891));
#5841 = CARTESIAN_POINT('',(70.201911790603,-11.58482612448,
    25.594659005766));
#5842 = CARTESIAN_POINT('',(70.481839679718,-11.83610479175,
    25.547569496319));
#5843 = CARTESIAN_POINT('',(70.748281323832,-12.10102649998,
    25.500938179003));
#5844 = ORIENTED_EDGE('',*,*,#5845,.F.);
#5845 = EDGE_CURVE('',#5846,#5836,#5848,.T.);
#5846 = VERTEX_POINT('',#5847);
#5847 = CARTESIAN_POINT('',(71.525290404154,-13.11592387096,
    32.893685753432));
#5848 = B_SPLINE_CURVE_WITH_KNOTS('',7,(#5849,#5850,#5851,#5852,#5853,
    #5854,#5855,#5856,#5857,#5858,#5859,#5860,#5861,#5862,#5863,#5864,
    #5865,#5866,#5867,#5868,#5869,#5870,#5871,#5872,#5873,#5874,#5875,
    #5876,#5877,#5878,#5879,#5880,#5881,#5882,#5883,#5884,#5885,#5886,
    #5887,#5888,#5889,#5890,#5891,#5892,#5893,#5894,#5895,#5896,#5897,
    #5898),.UNSPECIFIED.,.F.,.F.,(8,6,6,6,6,6,6,6,8),(0.,
    8.575415369569E-02,0.288759673426,0.434386420564,0.494761791763,
    0.579615397168,0.702032142014,0.810656086317,1.),.UNSPECIFIED.);
#5849 = CARTESIAN_POINT('',(71.595472852013,-13.54908869513,
    33.561427140651));
#5850 = CARTESIAN_POINT('',(71.576605615583,-13.42094549485,
    33.381917377014));
#5851 = CARTESIAN_POINT('',(71.557342890077,-13.29799891033,
    33.198644786165));
#5852 = CARTESIAN_POINT('',(71.537708973088,-13.1803128811,
    33.011840544274));
#5853 = CARTESIAN_POINT('',(71.517727595891,-13.06794220947,
    32.82173043932));
#5854 = CARTESIAN_POINT('',(71.497421851099,-12.96093368305,
    32.628534182852));
#5855 = CARTESIAN_POINT('',(71.47681412033,-12.85932719727,
    32.432464721747));
#5856 = CARTESIAN_POINT('',(71.406477629271,-12.53549320419,
    31.763257711375));
#5857 = CARTESIAN_POINT('',(71.355464356688,-12.33832392268,
    31.277898844024));
#5858 = CARTESIAN_POINT('',(71.303164857823,-12.17204818722,
    30.780302351048));
#5859 = CARTESIAN_POINT('',(71.249847368438,-12.03699090312,
    30.273020325248));
#5860 = CARTESIAN_POINT('',(71.195769971053,-11.93339628072,
    29.758508257798));
#5861 = CARTESIAN_POINT('',(71.141179996835,-11.86145671257,
    29.239119347537));
#5862 = CARTESIAN_POINT('',(71.046953178493,-11.79262562827,
    28.342611056467));
#5863 = CARTESIAN_POINT('',(71.007454690034,-11.78027196169,
    27.966808041884));
#5864 = CARTESIAN_POINT('',(70.967905498626,-11.78438749667,
    27.590522620958));
#5865 = CARTESIAN_POINT('',(70.928396223426,-11.8050476071,
    27.214616977376));
#5866 = CARTESIAN_POINT('',(70.889019673201,-11.84232304192,
    26.839974127587));
#5867 = CARTESIAN_POINT('',(70.84987086538,-11.89627719025,
    26.467498102028));
#5868 = CARTESIAN_POINT('',(70.79495112466,-11.99627723155,
    25.944971673087));
#5869 = CARTESIAN_POINT('',(70.778911258333,-12.02846188092,
    25.792362539062));
#5870 = CARTESIAN_POINT('',(70.76293453014,-12.06352702651,
    25.640354124244));
#5871 = CARTESIAN_POINT('',(70.747028154747,-12.10147603053,
    25.489015071612));
#5872 = CARTESIAN_POINT('',(70.731199506719,-12.1423116272,
    25.338415545451));
#5873 = CARTESIAN_POINT('',(70.715456120514,-12.18603592277,
    25.188627231357));
#5874 = CARTESIAN_POINT('',(70.677810042471,-12.29816396501,
    24.830448724586));
#5875 = CARTESIAN_POINT('',(70.655998109484,-12.36938590766,
    24.622922044696));
#5876 = CARTESIAN_POINT('',(70.634391181619,-12.44632006925,
    24.417345858249));
#5877 = CARTESIAN_POINT('',(70.61301145266,-12.52896637713,
    24.213931325002));
#5878 = CARTESIAN_POINT('',(70.591881975199,-12.61731973747,
    24.012897775714));
#5879 = CARTESIAN_POINT('',(70.571026615749,-12.71136893261,
    23.814472285079));
#5880 = CARTESIAN_POINT('',(70.520813370438,-12.95496923994,
    23.336725168759));
#5881 = CARTESIAN_POINT('',(70.491778912619,-13.11065781701,
    23.060480755339));
#5882 = CARTESIAN_POINT('',(70.463440469296,-13.27810546269,
    22.7908584775));
#5883 = CARTESIAN_POINT('',(70.435876880988,-13.45721829788,
    22.528608452668));
#5884 = CARTESIAN_POINT('',(70.409171105783,-13.64785195516,
    22.274519974335));
#5885 = CARTESIAN_POINT('',(70.38340932929,-13.84979918267,22.0294130438
    ));
#5886 = CARTESIAN_POINT('',(70.33673708641,-14.25175926791,
    21.585356315139));
#5887 = CARTESIAN_POINT('',(70.315607204322,-14.44942531321,
    21.384318916081));
#5888 = CARTESIAN_POINT('',(70.295352917824,-14.65557013887,
    21.191612252575));
#5889 = CARTESIAN_POINT('',(70.276038337725,-14.86993800248,
    21.007846298237));
#5890 = CARTESIAN_POINT('',(70.257727997047,-15.09221332582,
    20.833635043741));
#5891 = CARTESIAN_POINT('',(70.240485651915,-15.32201115656,
    20.669585088113));
#5892 = CARTESIAN_POINT('',(70.196287037715,-15.97173545498,
    20.24906336424));
#5893 = CARTESIAN_POINT('',(70.171619626268,-16.40625653293,
    20.014368621594));
#5894 = CARTESIAN_POINT('',(70.150724397888,-16.85970030701,
    19.815563803433));
#5895 = CARTESIAN_POINT('',(70.133896238899,-17.32884304647,
    19.655454565715));
#5896 = CARTESIAN_POINT('',(70.121366141083,-17.80996429386,
    19.536238648447));
#5897 = CARTESIAN_POINT('',(70.113289437702,-18.29881151965,
    19.459393948888));
#5898 = CARTESIAN_POINT('',(70.109695809345,-18.79046018805,
    19.425202858993));
#5899 = ORIENTED_EDGE('',*,*,#5900,.F.);
#5900 = EDGE_CURVE('',#1828,#5846,#5901,.T.);
#5901 = B_SPLINE_CURVE_WITH_KNOTS('',8,(#5902,#5903,#5904,#5905,#5906,
    #5907,#5908,#5909,#5910),.UNSPECIFIED.,.F.,.F.,(9,9),(0.,1.),
  .PIECEWISE_BEZIER_KNOTS.);
#5902 = CARTESIAN_POINT('',(66.733965773117,-15.52647365814,
    33.227783716079));
#5903 = CARTESIAN_POINT('',(67.173518627127,-14.99267185869,
    33.219117515415));
#5904 = CARTESIAN_POINT('',(67.676651383394,-14.51065677652,
    33.200127570684));
#5905 = CARTESIAN_POINT('',(68.235652202693,-14.09016171009,
    33.17094006128));
#5906 = CARTESIAN_POINT('',(68.841486789511,-13.7386002255,
    33.131983267352));
#5907 = CARTESIAN_POINT('',(69.4843598651,-13.46192799644,
    33.083867958922));
#5908 = CARTESIAN_POINT('',(70.153662765439,-13.26445453363,
    33.027406141242));
#5909 = CARTESIAN_POINT('',(70.838088919779,-13.1490002721,
    32.963587872388));
#5910 = CARTESIAN_POINT('',(71.525290404158,-13.11592387042,
    32.893685753469));
#5911 = ORIENTED_EDGE('',*,*,#1827,.T.);
#5912 = ORIENTED_EDGE('',*,*,#5913,.F.);
#5913 = EDGE_CURVE('',#5557,#1819,#5914,.T.);
#5914 = CIRCLE('',#5915,6.3);
#5915 = AXIS2_PLACEMENT_3D('',#5916,#5917,#5918);
#5916 = CARTESIAN_POINT('',(72.544640449454,-19.75406538459,
    33.025381357342));
#5917 = DIRECTION('',(0.104273837185,-6.975647374413E-02,0.992099290016)
  );
#5918 = DIRECTION('',(0.994521895368,1.07850667488E-17,-0.104528463268)
  );
#5919 = B_SPLINE_SURFACE_WITH_KNOTS('',14,1,(
    (#5920,#5921)
    ,(#5922,#5923)
    ,(#5924,#5925)
    ,(#5926,#5927)
    ,(#5928,#5929)
    ,(#5930,#5931)
    ,(#5932,#5933)
    ,(#5934,#5935)
    ,(#5936,#5937)
    ,(#5938,#5939)
    ,(#5940,#5941)
    ,(#5942,#5943)
    ,(#5944,#5945)
    ,(#5946,#5947)
    ,(#5948,#5949
    )),.UNSPECIFIED.,.T.,.F.,.F.,(15,15),(2,2),(0.,6.28318530718),(0.,1.
    ),.PIECEWISE_BEZIER_KNOTS.);
#5920 = CARTESIAN_POINT('',(71.063167873009,-18.89606075754,
    20.843465782803));
#5921 = CARTESIAN_POINT('',(78.810128390274,-19.75406538459,
    32.366852038755));
#5922 = CARTESIAN_POINT('',(71.101782596038,-13.61313351138,
    21.210860330973));
#5923 = CARTESIAN_POINT('',(78.830744725451,-16.93351948198,
    32.563003365321));
#5924 = CARTESIAN_POINT('',(68.594829570039,-8.330204315213,
    21.845804967835));
#5925 = CARTESIAN_POINT('',(77.492286753945,-14.11297253826,
    32.901999230763));
#5926 = CARTESIAN_POINT('',(63.532533273995,-4.384228882343,
    22.655323127472));
#5927 = CARTESIAN_POINT('',(74.789535341637,-12.00622294275,
    33.334199604133));
#5928 = CARTESIAN_POINT('',(56.666470163021,-3.112012164871,
    23.466427527074));
#5929 = CARTESIAN_POINT('',(71.123755884136,-11.32698859359,
    33.767246868318));
#5930 = CARTESIAN_POINT('',(49.512922520615,-5.371160226081,
    24.059450489295));
#5931 = CARTESIAN_POINT('',(67.304488922372,-12.53314391438,
    34.08386082274));
#5932 = CARTESIAN_POINT('',(44.023028881049,-11.05775520699,
    24.236625761699));
#5933 = CARTESIAN_POINT('',(64.37344401338,-15.56920733647,
    34.178454400357));
#5934 = CARTESIAN_POINT('',(41.914549109808,-18.89606075704,
    23.907109067079));
#5935 = CARTESIAN_POINT('',(63.24773023682,-19.75406538424,
    34.00252599563));
#5936 = CARTESIAN_POINT('',(43.908443166099,-26.73436630898,
    23.146415508091));
#5937 = CARTESIAN_POINT('',(64.312266894437,-23.93892343333,
    33.596392993767));
#5938 = CARTESIAN_POINT('',(49.315206268333,-32.42096128833,
    22.178306007056));
#5939 = CARTESIAN_POINT('',(67.198928550309,-26.97498685434,
    33.079520972055));
#5940 = CARTESIAN_POINT('',(56.43572813833,-34.6801093506,
    21.271063808817));
#5941 = CARTESIAN_POINT('',(71.000563108316,-28.18114217585,
    32.595145900095));
#5942 = CARTESIAN_POINT('',(63.320389383905,-33.40789263255,
    20.636908840691));
#5943 = CARTESIAN_POINT('',(74.676272078238,-27.5019078263,
    32.256571637462));
#5944 = CARTESIAN_POINT('',(68.440370649438,-29.46191719993,
    20.37622650391));
#5945 = CARTESIAN_POINT('',(77.409821398049,-25.39515823096,
    32.117393779684));
#5946 = CARTESIAN_POINT('',(71.024553149983,-24.17898800367,
    20.476071234634));
#5947 = CARTESIAN_POINT('',(78.789512055095,-22.57461128719,
    32.170700712191));
#5948 = CARTESIAN_POINT('',(71.063167873009,-18.89606075754,
    20.843465782803));
#5949 = CARTESIAN_POINT('',(78.810128390274,-19.75406538459,
    32.366852038755));
#5950 = ADVANCED_FACE('',(#5951),#6024,.F.);
#5951 = FACE_BOUND('',#5952,.F.);
#5952 = EDGE_LOOP('',(#5953,#5954,#6010,#6018));
#5953 = ORIENTED_EDGE('',*,*,#1872,.F.);
#5954 = ORIENTED_EDGE('',*,*,#5955,.T.);
#5955 = EDGE_CURVE('',#1873,#5956,#5958,.T.);
#5956 = VERTEX_POINT('',#5957);
#5957 = CARTESIAN_POINT('',(66.346041393271,-11.12712175252,
    29.536929785545));
#5958 = B_SPLINE_CURVE_WITH_KNOTS('',8,(#5959,#5960,#5961,#5962,#5963,
    #5964,#5965,#5966,#5967,#5968,#5969,#5970,#5971,#5972,#5973,#5974,
    #5975,#5976,#5977,#5978,#5979,#5980,#5981,#5982,#5983,#5984,#5985,
    #5986,#5987,#5988,#5989,#5990,#5991,#5992,#5993,#5994,#5995,#5996,
    #5997,#5998,#5999,#6000,#6001,#6002,#6003,#6004,#6005,#6006,#6007,
    #6008,#6009),.UNSPECIFIED.,.F.,.F.,(9,7,7,7,7,7,7,9),(0.,
    0.296177189584,0.393744608608,0.439136565539,0.518896406632,
    0.591680542851,0.699246269967,1.),.UNSPECIFIED.);
#5959 = CARTESIAN_POINT('',(69.605858034843,-11.12712175252,
    25.689488884422));
#5960 = CARTESIAN_POINT('',(69.657875209991,-11.12712175252,
    25.923393657531));
#5961 = CARTESIAN_POINT('',(69.70393563235,-11.12712175252,
    26.158126621771));
#5962 = CARTESIAN_POINT('',(69.743269070438,-11.12712175252,
    26.394166546966));
#5963 = CARTESIAN_POINT('',(69.774722719832,-11.12712175252,
    26.631638575341));
#5964 = CARTESIAN_POINT('',(69.796755579287,-11.12712175252,
    26.870319620434));
#5965 = CARTESIAN_POINT('',(69.807252773416,-11.12712175252,
    27.109640994846));
#5966 = CARTESIAN_POINT('',(69.80353905091,-11.12712175252,
    27.348694543242));
#5967 = CARTESIAN_POINT('',(69.774302606327,-11.12712175252,
    27.664537999433));
#5968 = CARTESIAN_POINT('',(69.765079513039,-11.12712175252,
    27.742587434297));
#5969 = CARTESIAN_POINT('',(69.753739037556,-11.12712175252,
    27.820358236422));
#5970 = CARTESIAN_POINT('',(69.740132017206,-11.12712175252,
    27.89776085868));
#5971 = CARTESIAN_POINT('',(69.724100662585,-11.12712175252,
    27.974680601888));
#5972 = CARTESIAN_POINT('',(69.705482375294,-11.12712175252,
    28.050978451659));
#5973 = CARTESIAN_POINT('',(69.68411574208,-11.12712175252,
    28.12649241759));
#5974 = CARTESIAN_POINT('',(69.648558786137,-11.12712175252,
    28.235721364937));
#5975 = CARTESIAN_POINT('',(69.636641672462,-11.12712175252,
    28.270192245295));
#5976 = CARTESIAN_POINT('',(69.624082584368,-11.12712175252,
    28.304432522577));
#5977 = CARTESIAN_POINT('',(69.610867413875,-11.12712175252,
    28.338421268282));
#5978 = CARTESIAN_POINT('',(69.596983073689,-11.12712175252,
    28.372136264956));
#5979 = CARTESIAN_POINT('',(69.582417845845,-11.12712175252,
    28.405554152491));
#5980 = CARTESIAN_POINT('',(69.567161730357,-11.12712175252,
    28.438650574422));
#5981 = CARTESIAN_POINT('',(69.523171800767,-11.12712175252,
    28.528946088213));
#5982 = CARTESIAN_POINT('',(69.492974822192,-11.12712175252,
    28.585430417622));
#5983 = CARTESIAN_POINT('',(69.460577292264,-11.12712175252,
    28.64070529492));
#5984 = CARTESIAN_POINT('',(69.42595881793,-11.12712175252,
    28.694624101368));
#5985 = CARTESIAN_POINT('',(69.389121905133,-11.12712175252,
    28.747044828963));
#5986 = CARTESIAN_POINT('',(69.350096684973,-11.12712175252,
    28.797833292373));
#5987 = CARTESIAN_POINT('',(69.308945639878,-11.12712175252,
    28.846866340876));
#5988 = CARTESIAN_POINT('',(69.226367258024,-11.12712175252,
    28.937078476362));
#5989 = CARTESIAN_POINT('',(69.18527118677,-11.12712175252,
    28.978577817305));
#5990 = CARTESIAN_POINT('',(69.142553911551,-11.12712175252,
    29.018450050453));
#5991 = CARTESIAN_POINT('',(69.098301808267,-11.12712175252,
    29.0566361764));
#5992 = CARTESIAN_POINT('',(69.05261168899,-11.12712175252,
    29.093098659725));
#5993 = CARTESIAN_POINT('',(69.005588657788,-11.12712175252,
    29.127818849711));
#5994 = CARTESIAN_POINT('',(68.957343966549,-11.12712175252,
    29.16079440106));
#5995 = CARTESIAN_POINT('',(68.835058207091,-11.12712175252,
    29.238208844155));
#5996 = CARTESIAN_POINT('',(68.759705168455,-11.12712175252,
    29.280596433742));
#5997 = CARTESIAN_POINT('',(68.682275638795,-11.12712175252,
    29.319255545092));
#5998 = CARTESIAN_POINT('',(68.603097136844,-11.12712175252,
    29.354315402437));
#5999 = CARTESIAN_POINT('',(68.522469239152,-11.12712175252,
    29.385948626452));
#6000 = CARTESIAN_POINT('',(68.440653432218,-11.12712175252,
    29.414348919434));
#6001 = CARTESIAN_POINT('',(68.357866393787,-11.12712175252,
    29.43971618174));
#6002 = CARTESIAN_POINT('',(68.040559962102,-11.12712175252,
    29.525250976604));
#6003 = CARTESIAN_POINT('',(67.801286888261,-11.12712175252,
    29.565900757594));
#6004 = CARTESIAN_POINT('',(67.559029849109,-11.12712175252,
    29.589080962163));
#6005 = CARTESIAN_POINT('',(67.31565123803,-11.12712175252,
    29.598129374097));
#6006 = CARTESIAN_POINT('',(67.072383099165,-11.12712175252,
    29.595714983496));
#6007 = CARTESIAN_POINT('',(66.82981422475,-11.12712175252,
    29.58380755958));
#6008 = CARTESIAN_POINT('',(66.58791720339,-11.12712175252,
    29.563884165977));
#6009 = CARTESIAN_POINT('',(66.346041395267,-11.12712175252,
    29.536929804537));
#6010 = ORIENTED_EDGE('',*,*,#6011,.T.);
#6011 = EDGE_CURVE('',#5956,#6012,#6014,.T.);
#6012 = VERTEX_POINT('',#6013);
#6013 = CARTESIAN_POINT('',(66.766122141626,-11.12712175252,
    33.533731125593));
#6014 = LINE('',#6015,#6016);
#6015 = CARTESIAN_POINT('',(66.787888497605,-11.12712175252,
    33.740824169218));
#6016 = VECTOR('',#6017,1.);
#6017 = DIRECTION('',(0.104528463268,0.,0.994521895368));
#6018 = ORIENTED_EDGE('',*,*,#6019,.F.);
#6019 = EDGE_CURVE('',#1865,#6012,#6020,.T.);
#6020 = LINE('',#6021,#6022);
#6021 = CARTESIAN_POINT('',(66.268861193941,-11.12712175252,
    33.585995357227));
#6022 = VECTOR('',#6023,1.);
#6023 = DIRECTION('',(-0.994521895368,0.,0.104528463268));
#6024 = PLANE('',#6025);
#6025 = AXIS2_PLACEMENT_3D('',#6026,#6027,#6028);
#6026 = CARTESIAN_POINT('',(66.120032788017,-11.12712175252,
    36.953373778869));
#6027 = DIRECTION('',(0.,1.,0.));
#6028 = DIRECTION('',(0.994521895368,0.,-0.104528463268));
#6029 = ADVANCED_FACE('',(#6030),#6054,.F.);
#6030 = FACE_BOUND('',#6031,.F.);
#6031 = EDGE_LOOP('',(#6032,#6040,#6052,#6053));
#6032 = ORIENTED_EDGE('',*,*,#6033,.F.);
#6033 = EDGE_CURVE('',#6034,#6012,#6036,.T.);
#6034 = VERTEX_POINT('',#6035);
#6035 = CARTESIAN_POINT('',(66.733965773326,-15.52647362952,
    33.227783718069));
#6036 = LINE('',#6037,#6038);
#6037 = CARTESIAN_POINT('',(66.634696423661,-29.1076341546,
    32.283298946224));
#6038 = VECTOR('',#6039,1.);
#6039 = DIRECTION('',(7.291537003444E-03,0.99756405026,
    6.937434048221E-02));
#6040 = ORIENTED_EDGE('',*,*,#6041,.T.);
#6041 = EDGE_CURVE('',#6034,#1828,#6042,.T.);
#6042 = B_SPLINE_CURVE_WITH_KNOTS('',8,(#6043,#6044,#6045,#6046,#6047,
    #6048,#6049,#6050,#6051),.UNSPECIFIED.,.F.,.F.,(9,9),(0.,1.),
  .PIECEWISE_BEZIER_KNOTS.);
#6043 = CARTESIAN_POINT('',(66.733965773117,-15.52647365814,
    33.227783716079));
#6044 = CARTESIAN_POINT('',(67.173518627127,-14.99267185869,
    33.219117515415));
#6045 = CARTESIAN_POINT('',(67.676651383394,-14.51065677652,
    33.200127570684));
#6046 = CARTESIAN_POINT('',(68.235652202693,-14.09016171009,
    33.17094006128));
#6047 = CARTESIAN_POINT('',(68.841486789511,-13.7386002255,
    33.131983267352));
#6048 = CARTESIAN_POINT('',(69.4843598651,-13.46192799644,
    33.083867958922));
#6049 = CARTESIAN_POINT('',(70.153662765439,-13.26445453363,
    33.027406141242));
#6050 = CARTESIAN_POINT('',(70.838088919779,-13.1490002721,
    32.963587872388));
#6051 = CARTESIAN_POINT('',(71.525290404158,-13.11592387042,
    32.893685753469));
#6052 = ORIENTED_EDGE('',*,*,#1864,.F.);
#6053 = ORIENTED_EDGE('',*,*,#6019,.T.);
#6054 = PLANE('',#6055);
#6055 = AXIS2_PLACEMENT_3D('',#6056,#6057,#6058);
#6056 = CARTESIAN_POINT('',(66.693028719689,-21.12712175252,
    32.838293670082));
#6057 = DIRECTION('',(0.104273837185,-6.975647374413E-02,0.992099290016)
  );
#6058 = DIRECTION('',(7.291537003444E-03,0.99756405026,
    6.937434048221E-02));
#6059 = ADVANCED_FACE('',(#6060),#6072,.T.);
#6060 = FACE_BOUND('',#6061,.T.);
#6061 = EDGE_LOOP('',(#6062,#6063,#6064,#6065));
#6062 = ORIENTED_EDGE('',*,*,#5565,.F.);
#6063 = ORIENTED_EDGE('',*,*,#5913,.T.);
#6064 = ORIENTED_EDGE('',*,*,#1818,.F.);
#6065 = ORIENTED_EDGE('',*,*,#6066,.F.);
#6066 = EDGE_CURVE('',#5524,#1811,#6067,.T.);
#6067 = CIRCLE('',#6068,4.5);
#6068 = AXIS2_PLACEMENT_3D('',#6069,#6070,#6071);
#6069 = CARTESIAN_POINT('',(72.732333356387,-19.87962703733,
    34.81116007937));
#6070 = DIRECTION('',(0.104273837185,-6.975647374413E-02,0.992099290016)
  );
#6071 = DIRECTION('',(0.994521895368,1.07850667488E-17,-0.104528463268)
  );
#6072 = CONICAL_SURFACE('',#6073,6.3,0.785398163397);
#6073 = AXIS2_PLACEMENT_3D('',#6074,#6075,#6076);
#6074 = CARTESIAN_POINT('',(72.544640449454,-19.75406538459,
    33.025381357342));
#6075 = DIRECTION('',(-0.104273837185,6.975647374413E-02,-0.992099290016
    ));
#6076 = DIRECTION('',(0.994521895368,1.07850667488E-17,-0.104528463268)
  );
#6077 = ADVANCED_FACE('',(#6078),#6090,.T.);
#6078 = FACE_BOUND('',#6079,.T.);
#6079 = EDGE_LOOP('',(#6080,#6087,#6088,#6089));
#6080 = ORIENTED_EDGE('',*,*,#6081,.F.);
#6081 = EDGE_CURVE('',#5526,#1803,#6082,.T.);
#6082 = CIRCLE('',#6083,4.5);
#6083 = AXIS2_PLACEMENT_3D('',#6084,#6085,#6086);
#6084 = CARTESIAN_POINT('',(73.201565623718,-20.19353116918,
    39.27560688444));
#6085 = DIRECTION('',(0.104273837185,-6.975647374413E-02,0.992099290016)
  );
#6086 = DIRECTION('',(0.994521895368,1.07850667488E-17,-0.104528463268)
  );
#6087 = ORIENTED_EDGE('',*,*,#5523,.F.);
#6088 = ORIENTED_EDGE('',*,*,#6066,.T.);
#6089 = ORIENTED_EDGE('',*,*,#1810,.T.);
#6090 = CYLINDRICAL_SURFACE('',#6091,4.5);
#6091 = AXIS2_PLACEMENT_3D('',#6092,#6093,#6094);
#6092 = CARTESIAN_POINT('',(72.523785682017,-19.74011408984,
    32.826961499338));
#6093 = DIRECTION('',(0.104273837185,-6.975647374413E-02,0.992099290016)
  );
#6094 = DIRECTION('',(0.994521895368,1.07850667488E-17,-0.104528463268)
  );
#6095 = ADVANCED_FACE('',(#6096),#6123,.T.);
#6096 = FACE_BOUND('',#6097,.T.);
#6097 = EDGE_LOOP('',(#6098,#6099,#6108,#6116));
#6098 = ORIENTED_EDGE('',*,*,#1802,.F.);
#6099 = ORIENTED_EDGE('',*,*,#6100,.T.);
#6100 = EDGE_CURVE('',#1795,#6101,#6103,.T.);
#6101 = VERTEX_POINT('',#6102);
#6102 = CARTESIAN_POINT('',(70.344420958834,-16.50389248901,
    39.835330721465));
#6103 = CIRCLE('',#6104,4.7);
#6104 = AXIS2_PLACEMENT_3D('',#6105,#6106,#6107);
#6105 = CARTESIAN_POINT('',(73.201565623718,-20.19353116918,
    39.27560688444));
#6106 = DIRECTION('',(0.104273837185,-6.975647374413E-02,0.992099290016)
  );
#6107 = DIRECTION('',(0.994521895368,1.07850667488E-17,-0.104528463268)
  );
#6108 = ORIENTED_EDGE('',*,*,#6109,.F.);
#6109 = EDGE_CURVE('',#6110,#6101,#6112,.T.);
#6110 = VERTEX_POINT('',#6111);
#6111 = CARTESIAN_POINT('',(70.34254179635,-16.76098299516,
    39.817451684722));
#6112 = LINE('',#6113,#6114);
#6113 = CARTESIAN_POINT('',(70.277892928536,-25.60567326977,
    39.202358794786));
#6114 = VECTOR('',#6115,1.);
#6115 = DIRECTION('',(7.291537003444E-03,0.99756405026,
    6.937434048221E-02));
#6116 = ORIENTED_EDGE('',*,*,#6117,.F.);
#6117 = EDGE_CURVE('',#1803,#6110,#6118,.T.);
#6118 = CIRCLE('',#6119,4.5);
#6119 = AXIS2_PLACEMENT_3D('',#6120,#6121,#6122);
#6120 = CARTESIAN_POINT('',(73.201565623718,-20.19353116918,
    39.27560688444));
#6121 = DIRECTION('',(0.104273837185,-6.975647374413E-02,0.992099290016)
  );
#6122 = DIRECTION('',(0.994521895368,1.07850667488E-17,-0.104528463268)
  );
#6123 = PLANE('',#6124);
#6124 = AXIS2_PLACEMENT_3D('',#6125,#6126,#6127);
#6125 = CARTESIAN_POINT('',(15.354416883399,-32.58862162159,
    44.484063759323));
#6126 = DIRECTION('',(0.104273837185,-6.975647374413E-02,0.992099290016)
  );
#6127 = DIRECTION('',(0.994521895368,1.07850667488E-17,-0.104528463268)
  );
#6128 = ADVANCED_FACE('',(#6129),#6140,.T.);
#6129 = FACE_BOUND('',#6130,.T.);
#6130 = EDGE_LOOP('',(#6131,#6137,#6138,#6139));
#6131 = ORIENTED_EDGE('',*,*,#6132,.F.);
#6132 = EDGE_CURVE('',#6101,#4871,#6133,.T.);
#6133 = LINE('',#6134,#6135);
#6134 = CARTESIAN_POINT('',(70.277892928536,-25.60567326977,
    39.202358794786));
#6135 = VECTOR('',#6136,1.);
#6136 = DIRECTION('',(7.291537003444E-03,0.99756405026,
    6.937434048221E-02));
#6137 = ORIENTED_EDGE('',*,*,#6100,.F.);
#6138 = ORIENTED_EDGE('',*,*,#1794,.F.);
#6139 = ORIENTED_EDGE('',*,*,#4878,.F.);
#6140 = PLANE('',#6141);
#6141 = AXIS2_PLACEMENT_3D('',#6142,#6143,#6144);
#6142 = CARTESIAN_POINT('',(15.354416883399,-32.58862162159,
    44.484063759323));
#6143 = DIRECTION('',(0.104273837185,-6.975647374413E-02,0.992099290016)
  );
#6144 = DIRECTION('',(0.994521895368,1.07850667488E-17,-0.104528463268)
  );
#6145 = ADVANCED_FACE('',(#6146),#6171,.F.);
#6146 = FACE_BOUND('',#6147,.F.);
#6147 = EDGE_LOOP('',(#6148,#6158,#6164,#6165));
#6148 = ORIENTED_EDGE('',*,*,#6149,.F.);
#6149 = EDGE_CURVE('',#6150,#6152,#6154,.T.);
#6150 = VERTEX_POINT('',#6151);
#6151 = CARTESIAN_POINT('',(66.853834247949,0.872878247477,
    34.368256072207));
#6152 = VERTEX_POINT('',#6153);
#6153 = CARTESIAN_POINT('',(66.897690301111,6.872878247477,
    34.785518545513));
#6154 = LINE('',#6155,#6156);
#6155 = CARTESIAN_POINT('',(66.634696423661,-29.1076341546,
    32.283298946224));
#6156 = VECTOR('',#6157,1.);
#6157 = DIRECTION('',(7.291537003444E-03,0.99756405026,
    6.937434048221E-02));
#6158 = ORIENTED_EDGE('',*,*,#6159,.F.);
#6159 = EDGE_CURVE('',#2285,#6150,#6160,.T.);
#6160 = LINE('',#6161,#6162);
#6161 = CARTESIAN_POINT('',(66.356573300265,0.872878247477,
    34.42052030384));
#6162 = VECTOR('',#6163,1.);
#6163 = DIRECTION('',(-0.994521895368,0.,0.104528463268));
#6164 = ORIENTED_EDGE('',*,*,#2282,.F.);
#6165 = ORIENTED_EDGE('',*,*,#6166,.T.);
#6166 = EDGE_CURVE('',#2283,#6152,#6167,.T.);
#6167 = LINE('',#6168,#6169);
#6168 = CARTESIAN_POINT('',(66.400429353427,6.872878247477,
    34.837782777147));
#6169 = VECTOR('',#6170,1.);
#6170 = DIRECTION('',(-0.994521895368,0.,0.104528463268));
#6171 = PLANE('',#6172);
#6172 = AXIS2_PLACEMENT_3D('',#6173,#6174,#6175);
#6173 = CARTESIAN_POINT('',(66.693028719689,-21.12712175252,
    32.838293670082));
#6174 = DIRECTION('',(0.104273837185,-6.975647374413E-02,0.992099290016)
  );
#6175 = DIRECTION('',(7.291537003444E-03,0.99756405026,
    6.937434048221E-02));
#6176 = ADVANCED_FACE('',(#6177),#6195,.T.);
#6177 = FACE_BOUND('',#6178,.T.);
#6178 = EDGE_LOOP('',(#6179,#6187,#6193,#6194));
#6179 = ORIENTED_EDGE('',*,*,#6180,.F.);
#6180 = EDGE_CURVE('',#6181,#2301,#6183,.T.);
#6181 = VERTEX_POINT('',#6182);
#6182 = CARTESIAN_POINT('',(66.069406935451,0.872878247477,
    26.90492873325));
#6183 = LINE('',#6184,#6185);
#6184 = CARTESIAN_POINT('',(65.572145987767,0.872878247477,
    26.957192964884));
#6185 = VECTOR('',#6186,1.);
#6186 = DIRECTION('',(0.994521895368,0.,-0.104528463268));
#6187 = ORIENTED_EDGE('',*,*,#6188,.T.);
#6188 = EDGE_CURVE('',#6181,#6150,#6189,.T.);
#6189 = LINE('',#6190,#6191);
#6190 = CARTESIAN_POINT('',(66.787888497605,0.872878247477,
    33.740824169218));
#6191 = VECTOR('',#6192,1.);
#6192 = DIRECTION('',(0.104528463268,0.,0.994521895368));
#6193 = ORIENTED_EDGE('',*,*,#6159,.F.);
#6194 = ORIENTED_EDGE('',*,*,#2308,.F.);
#6195 = PLANE('',#6196);
#6196 = AXIS2_PLACEMENT_3D('',#6197,#6198,#6199);
#6197 = CARTESIAN_POINT('',(66.120032788017,0.872878247477,
    36.953373778869));
#6198 = DIRECTION('',(0.,1.,0.));
#6199 = DIRECTION('',(0.994521895368,0.,-0.104528463268));
#6200 = ADVANCED_FACE('',(#6201),#6219,.F.);
#6201 = FACE_BOUND('',#6202,.F.);
#6202 = EDGE_LOOP('',(#6203,#6211,#6217,#6218));
#6203 = ORIENTED_EDGE('',*,*,#6204,.F.);
#6204 = EDGE_CURVE('',#6205,#6181,#6207,.T.);
#6205 = VERTEX_POINT('',#6206);
#6206 = CARTESIAN_POINT('',(66.113262988613,6.872878247477,
    27.322191206557));
#6207 = LINE('',#6208,#6209);
#6208 = CARTESIAN_POINT('',(66.287748199987,30.744412340626,
    28.982307099445));
#6209 = VECTOR('',#6210,1.);
#6210 = DIRECTION('',(-7.291537003444E-03,-0.99756405026,
    -6.937434048221E-02));
#6211 = ORIENTED_EDGE('',*,*,#6212,.T.);
#6212 = EDGE_CURVE('',#6205,#2293,#6213,.T.);
#6213 = LINE('',#6214,#6215);
#6214 = CARTESIAN_POINT('',(65.616002040929,6.872878247477,
    27.37445543819));
#6215 = VECTOR('',#6216,1.);
#6216 = DIRECTION('',(0.994521895368,0.,-0.104528463268));
#6217 = ORIENTED_EDGE('',*,*,#2300,.F.);
#6218 = ORIENTED_EDGE('',*,*,#6180,.F.);
#6219 = PLANE('',#6220);
#6220 = AXIS2_PLACEMENT_3D('',#6221,#6222,#6223);
#6221 = CARTESIAN_POINT('',(66.22941590396,22.763899938548,
    28.427312375588));
#6222 = DIRECTION('',(-0.104273837185,6.975647374413E-02,-0.992099290016
    ));
#6223 = DIRECTION('',(-7.291537003444E-03,-0.99756405026,
    -6.937434048221E-02));
#6224 = ADVANCED_FACE('',(#6225),#6236,.F.);
#6225 = FACE_BOUND('',#6226,.F.);
#6226 = EDGE_LOOP('',(#6227,#6228,#6234,#6235));
#6227 = ORIENTED_EDGE('',*,*,#6212,.F.);
#6228 = ORIENTED_EDGE('',*,*,#6229,.T.);
#6229 = EDGE_CURVE('',#6205,#6152,#6230,.T.);
#6230 = LINE('',#6231,#6232);
#6231 = CARTESIAN_POINT('',(66.787888497605,6.872878247477,
    33.740824169218));
#6232 = VECTOR('',#6233,1.);
#6233 = DIRECTION('',(0.104528463268,0.,0.994521895368));
#6234 = ORIENTED_EDGE('',*,*,#6166,.F.);
#6235 = ORIENTED_EDGE('',*,*,#2292,.F.);
#6236 = PLANE('',#6237);
#6237 = AXIS2_PLACEMENT_3D('',#6238,#6239,#6240);
#6238 = CARTESIAN_POINT('',(66.120032788017,6.872878247477,
    36.953373778869));
#6239 = DIRECTION('',(0.,1.,0.));
#6240 = DIRECTION('',(0.994521895368,0.,-0.104528463268));
#6241 = ADVANCED_FACE('',(#6242),#6267,.F.);
#6242 = FACE_BOUND('',#6243,.F.);
#6243 = EDGE_LOOP('',(#6244,#6254,#6260,#6261));
#6244 = ORIENTED_EDGE('',*,*,#6245,.F.);
#6245 = EDGE_CURVE('',#6246,#6248,#6250,.T.);
#6246 = VERTEX_POINT('',#6247);
#6247 = CARTESIAN_POINT('',(66.788050168207,-8.127121752523,
    33.742362362246));
#6248 = VERTEX_POINT('',#6249);
#6249 = CARTESIAN_POINT('',(66.831906221368,-2.127121752523,
    34.159624835553));
#6250 = LINE('',#6251,#6252);
#6251 = CARTESIAN_POINT('',(66.634696423661,-29.1076341546,
    32.283298946224));
#6252 = VECTOR('',#6253,1.);
#6253 = DIRECTION('',(7.291537003444E-03,0.99756405026,
    6.937434048221E-02));
#6254 = ORIENTED_EDGE('',*,*,#6255,.F.);
#6255 = EDGE_CURVE('',#2319,#6246,#6256,.T.);
#6256 = LINE('',#6257,#6258);
#6257 = CARTESIAN_POINT('',(66.290789220522,-8.127121752523,
    33.79462659388));
#6258 = VECTOR('',#6259,1.);
#6259 = DIRECTION('',(-0.994521895368,0.,0.104528463268));
#6260 = ORIENTED_EDGE('',*,*,#2316,.F.);
#6261 = ORIENTED_EDGE('',*,*,#6262,.T.);
#6262 = EDGE_CURVE('',#2317,#6248,#6263,.T.);
#6263 = LINE('',#6264,#6265);
#6264 = CARTESIAN_POINT('',(66.334645273684,-2.127121752523,
    34.211889067187));
#6265 = VECTOR('',#6266,1.);
#6266 = DIRECTION('',(-0.994521895368,0.,0.104528463268));
#6267 = PLANE('',#6268);
#6268 = AXIS2_PLACEMENT_3D('',#6269,#6270,#6271);
#6269 = CARTESIAN_POINT('',(66.693028719689,-21.12712175252,
    32.838293670082));
#6270 = DIRECTION('',(0.104273837185,-6.975647374413E-02,0.992099290016)
  );
#6271 = DIRECTION('',(7.291537003444E-03,0.99756405026,
    6.937434048221E-02));
#6272 = ADVANCED_FACE('',(#6273),#6291,.T.);
#6273 = FACE_BOUND('',#6274,.T.);
#6274 = EDGE_LOOP('',(#6275,#6283,#6289,#6290));
#6275 = ORIENTED_EDGE('',*,*,#6276,.F.);
#6276 = EDGE_CURVE('',#6277,#2335,#6279,.T.);
#6277 = VERTEX_POINT('',#6278);
#6278 = CARTESIAN_POINT('',(66.003622855708,-8.127121752523,
    26.27903502329));
#6279 = LINE('',#6280,#6281);
#6280 = CARTESIAN_POINT('',(65.506361908024,-8.127121752523,
    26.331299254924));
#6281 = VECTOR('',#6282,1.);
#6282 = DIRECTION('',(0.994521895368,0.,-0.104528463268));
#6283 = ORIENTED_EDGE('',*,*,#6284,.T.);
#6284 = EDGE_CURVE('',#6277,#6246,#6285,.T.);
#6285 = LINE('',#6286,#6287);
#6286 = CARTESIAN_POINT('',(66.787888497605,-8.127121752523,
    33.740824169218));
#6287 = VECTOR('',#6288,1.);
#6288 = DIRECTION('',(0.104528463268,0.,0.994521895368));
#6289 = ORIENTED_EDGE('',*,*,#6255,.F.);
#6290 = ORIENTED_EDGE('',*,*,#2342,.F.);
#6291 = PLANE('',#6292);
#6292 = AXIS2_PLACEMENT_3D('',#6293,#6294,#6295);
#6293 = CARTESIAN_POINT('',(66.120032788017,-8.127121752523,
    36.953373778869));
#6294 = DIRECTION('',(0.,1.,0.));
#6295 = DIRECTION('',(0.994521895368,0.,-0.104528463268));
#6296 = ADVANCED_FACE('',(#6297),#6315,.F.);
#6297 = FACE_BOUND('',#6298,.F.);
#6298 = EDGE_LOOP('',(#6299,#6307,#6313,#6314));
#6299 = ORIENTED_EDGE('',*,*,#6300,.F.);
#6300 = EDGE_CURVE('',#6301,#6277,#6303,.T.);
#6301 = VERTEX_POINT('',#6302);
#6302 = CARTESIAN_POINT('',(66.04747890887,-2.127121752523,
    26.696297496597));
#6303 = LINE('',#6304,#6305);
#6304 = CARTESIAN_POINT('',(66.287748199987,30.744412340626,
    28.982307099445));
#6305 = VECTOR('',#6306,1.);
#6306 = DIRECTION('',(-7.291537003444E-03,-0.99756405026,
    -6.937434048221E-02));
#6307 = ORIENTED_EDGE('',*,*,#6308,.T.);
#6308 = EDGE_CURVE('',#6301,#2327,#6309,.T.);
#6309 = LINE('',#6310,#6311);
#6310 = CARTESIAN_POINT('',(65.550217961186,-2.127121752523,
    26.74856172823));
#6311 = VECTOR('',#6312,1.);
#6312 = DIRECTION('',(0.994521895368,0.,-0.104528463268));
#6313 = ORIENTED_EDGE('',*,*,#2334,.F.);
#6314 = ORIENTED_EDGE('',*,*,#6276,.F.);
#6315 = PLANE('',#6316);
#6316 = AXIS2_PLACEMENT_3D('',#6317,#6318,#6319);
#6317 = CARTESIAN_POINT('',(66.22941590396,22.763899938548,
    28.427312375588));
#6318 = DIRECTION('',(-0.104273837185,6.975647374413E-02,-0.992099290016
    ));
#6319 = DIRECTION('',(-7.291537003444E-03,-0.99756405026,
    -6.937434048221E-02));
#6320 = ADVANCED_FACE('',(#6321),#6332,.F.);
#6321 = FACE_BOUND('',#6322,.F.);
#6322 = EDGE_LOOP('',(#6323,#6324,#6330,#6331));
#6323 = ORIENTED_EDGE('',*,*,#6308,.F.);
#6324 = ORIENTED_EDGE('',*,*,#6325,.T.);
#6325 = EDGE_CURVE('',#6301,#6248,#6326,.T.);
#6326 = LINE('',#6327,#6328);
#6327 = CARTESIAN_POINT('',(66.787888497605,-2.127121752523,
    33.740824169218));
#6328 = VECTOR('',#6329,1.);
#6329 = DIRECTION('',(0.104528463268,0.,0.994521895368));
#6330 = ORIENTED_EDGE('',*,*,#6262,.F.);
#6331 = ORIENTED_EDGE('',*,*,#2326,.F.);
#6332 = PLANE('',#6333);
#6333 = AXIS2_PLACEMENT_3D('',#6334,#6335,#6336);
#6334 = CARTESIAN_POINT('',(66.120032788017,-2.127121752523,
    36.953373778869));
#6335 = DIRECTION('',(0.,1.,0.));
#6336 = DIRECTION('',(0.994521895368,0.,-0.104528463268));
#6337 = ADVANCED_FACE('',(#6338,#6445,#6456),#6467,.T.);
#6338 = FACE_BOUND('',#6339,.T.);
#6339 = EDGE_LOOP('',(#6340,#6348,#6356,#6362,#6363,#6364,#6365,#6366,
    #6375,#6383,#6392,#6400,#6409,#6417,#6426,#6434,#6441,#6442,#6443,
    #6444));
#6340 = ORIENTED_EDGE('',*,*,#6341,.F.);
#6341 = EDGE_CURVE('',#6342,#2993,#6344,.T.);
#6342 = VERTEX_POINT('',#6343);
#6343 = CARTESIAN_POINT('',(4.,54.,49.497474683058));
#6344 = LINE('',#6345,#6346);
#6345 = CARTESIAN_POINT('',(4.,54.,49.497474683058));
#6346 = VECTOR('',#6347,1.);
#6347 = DIRECTION('',(-2.22044604925E-16,0.,-1.));
#6348 = ORIENTED_EDGE('',*,*,#6349,.F.);
#6349 = EDGE_CURVE('',#6350,#6342,#6352,.T.);
#6350 = VERTEX_POINT('',#6351);
#6351 = CARTESIAN_POINT('',(4.,-54.,49.497474683058));
#6352 = LINE('',#6353,#6354);
#6353 = CARTESIAN_POINT('',(4.,-54.,49.497474683058));
#6354 = VECTOR('',#6355,1.);
#6355 = DIRECTION('',(0.,1.,0.));
#6356 = ORIENTED_EDGE('',*,*,#6357,.T.);
#6357 = EDGE_CURVE('',#6350,#2423,#6358,.T.);
#6358 = LINE('',#6359,#6360);
#6359 = CARTESIAN_POINT('',(4.,-54.,49.497474683058));
#6360 = VECTOR('',#6361,1.);
#6361 = DIRECTION('',(-2.22044604925E-16,0.,-1.));
#6362 = ORIENTED_EDGE('',*,*,#2422,.F.);
#6363 = ORIENTED_EDGE('',*,*,#2408,.F.);
#6364 = ORIENTED_EDGE('',*,*,#2456,.F.);
#6365 = ORIENTED_EDGE('',*,*,#2494,.T.);
#6366 = ORIENTED_EDGE('',*,*,#6367,.F.);
#6367 = EDGE_CURVE('',#6368,#2487,#6370,.T.);
#6368 = VERTEX_POINT('',#6369);
#6369 = CARTESIAN_POINT('',(4.,-40.3134171483,48.715783095527));
#6370 = ELLIPSE('',#6371,2.540583043047,2.5);
#6371 = AXIS2_PLACEMENT_3D('',#6372,#6373,#6374);
#6372 = CARTESIAN_POINT('',(4.,-40.00289841632,46.221132255674));
#6373 = DIRECTION('',(1.,-2.698436082292E-18,-6.200466378817E-17));
#6374 = DIRECTION('',(-2.775557561563E-17,0.874137097166,-0.485679251522
    ));
#6375 = ORIENTED_EDGE('',*,*,#6376,.T.);
#6376 = EDGE_CURVE('',#6368,#6377,#6379,.T.);
#6377 = VERTEX_POINT('',#6378);
#6378 = CARTESIAN_POINT('',(4.,-39.5457401548,48.799461246464));
#6379 = LINE('',#6380,#6381);
#6380 = CARTESIAN_POINT('',(4.,-43.80868967207,48.334792204456));
#6381 = VECTOR('',#6382,1.);
#6382 = DIRECTION('',(1.387778780781E-17,0.994111726084,0.108359937536)
  );
#6383 = ORIENTED_EDGE('',*,*,#6384,.F.);
#6384 = EDGE_CURVE('',#6385,#6377,#6387,.T.);
#6385 = VERTEX_POINT('',#6386);
#6386 = CARTESIAN_POINT('',(4.,-39.41294375695,48.811348117284));
#6387 = ELLIPSE('',#6388,2.959276206166,2.5);
#6388 = AXIS2_PLACEMENT_3D('',#6389,#6390,#6391);
#6389 = CARTESIAN_POINT('',(4.,-39.11202407796,46.318239135235));
#6390 = DIRECTION('',(1.,8.792986844649E-19,-1.668560804777E-16));
#6391 = DIRECTION('',(1.040834085586E-17,-0.998367437119,
    5.711795251636E-02));
#6392 = ORIENTED_EDGE('',*,*,#6393,.T.);
#6393 = EDGE_CURVE('',#6385,#6394,#6396,.T.);
#6394 = VERTEX_POINT('',#6395);
#6395 = CARTESIAN_POINT('',(4.,-33.50436491063,49.225730533449));
#6396 = LINE('',#6397,#6398);
#6397 = CARTESIAN_POINT('',(4.,-30.67454029285,49.424192734418));
#6398 = VECTOR('',#6399,1.);
#6399 = DIRECTION('',(1.387778780781E-17,0.997549762973,
    6.996049164739E-02));
#6400 = ORIENTED_EDGE('',*,*,#6401,.F.);
#6401 = EDGE_CURVE('',#6402,#6394,#6404,.T.);
#6402 = VERTEX_POINT('',#6403);
#6403 = CARTESIAN_POINT('',(4.,-30.35848223427,49.336929784542));
#6404 = ELLIPSE('',#6405,10.69099376458,2.5);
#6405 = AXIS2_PLACEMENT_3D('',#6406,#6407,#6408);
#6406 = CARTESIAN_POINT('',(4.,-32.49879958308,46.78203999431));
#6407 = DIRECTION('',(1.,1.50911991587E-18,-1.666711192885E-16));
#6408 = DIRECTION('',(-6.938893903907E-18,-0.998715191981,
    -5.067509552024E-02));
#6409 = ORIENTED_EDGE('',*,*,#6410,.T.);
#6410 = EDGE_CURVE('',#6402,#6411,#6413,.T.);
#6411 = VERTEX_POINT('',#6412);
#6412 = CARTESIAN_POINT('',(4.,38.825008827356,49.336929784542));
#6413 = LINE('',#6414,#6415);
#6414 = CARTESIAN_POINT('',(4.,-26.04940116529,49.336929784542));
#6415 = VECTOR('',#6416,1.);
#6416 = DIRECTION('',(0.,1.,0.));
#6417 = ORIENTED_EDGE('',*,*,#6418,.F.);
#6418 = EDGE_CURVE('',#6419,#6411,#6421,.T.);
#6419 = VERTEX_POINT('',#6420);
#6420 = CARTESIAN_POINT('',(4.,40.421426808454,48.948069650603));
#6421 = ELLIPSE('',#6422,2.983248025229,2.5);
#6422 = AXIS2_PLACEMENT_3D('',#6423,#6424,#6425);
#6423 = CARTESIAN_POINT('',(4.,39.142560862222,46.78203999431));
#6424 = DIRECTION('',(1.,-1.364405990924E-18,-1.755363708936E-16));
#6425 = DIRECTION('',(5.551115123126E-17,-0.946196746131,0.323591899793)
  );
#6426 = ORIENTED_EDGE('',*,*,#6427,.T.);
#6427 = EDGE_CURVE('',#6419,#6428,#6430,.T.);
#6428 = VERTEX_POINT('',#6429);
#6429 = CARTESIAN_POINT('',(4.,41.17682491841,48.560859735673));
#6430 = LINE('',#6431,#6432);
#6431 = CARTESIAN_POINT('',(4.,0.563240720088,69.378998244569));
#6432 = VECTOR('',#6433,1.);
#6433 = DIRECTION('',(-8.326672684689E-17,0.889900549898,-0.45615459144)
  );
#6434 = ORIENTED_EDGE('',*,*,#6435,.F.);
#6435 = EDGE_CURVE('',#3026,#6428,#6436,.T.);
#6436 = ELLIPSE('',#6437,2.531416975505,2.5);
#6437 = AXIS2_PLACEMENT_3D('',#6438,#6439,#6440);
#6438 = CARTESIAN_POINT('',(4.,40.004813265007,46.340057581156));
#6439 = DIRECTION('',(1.,-1.700340651147E-18,-1.688220128378E-16));
#6440 = DIRECTION('',(2.775557561563E-17,0.987999606091,0.154456396318)
  );
#6441 = ORIENTED_EDGE('',*,*,#3057,.T.);
#6442 = ORIENTED_EDGE('',*,*,#3189,.F.);
#6443 = ORIENTED_EDGE('',*,*,#3175,.T.);
#6444 = ORIENTED_EDGE('',*,*,#3000,.F.);
#6445 = FACE_BOUND('',#6446,.T.);
#6446 = EDGE_LOOP('',(#6447));
#6447 = ORIENTED_EDGE('',*,*,#6448,.F.);
#6448 = EDGE_CURVE('',#6449,#6449,#6451,.T.);
#6449 = VERTEX_POINT('',#6450);
#6450 = CARTESIAN_POINT('',(4.,-49.,27.773358543988));
#6451 = CIRCLE('',#6452,4.4);
#6452 = AXIS2_PLACEMENT_3D('',#6453,#6454,#6455);
#6453 = CARTESIAN_POINT('',(4.,-49.,32.173358543988));
#6454 = DIRECTION('',(1.,0.,-2.22044604925E-16));
#6455 = DIRECTION('',(-2.22044604925E-16,0.,-1.));
#6456 = FACE_BOUND('',#6457,.T.);
#6457 = EDGE_LOOP('',(#6458));
#6458 = ORIENTED_EDGE('',*,*,#6459,.F.);
#6459 = EDGE_CURVE('',#6460,#6460,#6462,.T.);
#6460 = VERTEX_POINT('',#6461);
#6461 = CARTESIAN_POINT('',(4.,49.,27.773358543988));
#6462 = CIRCLE('',#6463,4.4);
#6463 = AXIS2_PLACEMENT_3D('',#6464,#6465,#6466);
#6464 = CARTESIAN_POINT('',(4.,49.,32.173358543988));
#6465 = DIRECTION('',(1.,0.,-2.22044604925E-16));
#6466 = DIRECTION('',(-2.22044604925E-16,0.,-1.));
#6467 = PLANE('',#6468);
#6468 = AXIS2_PLACEMENT_3D('',#6469,#6470,#6471);
#6469 = CARTESIAN_POINT('',(4.,-54.,49.497474683058));
#6470 = DIRECTION('',(1.,0.,-2.22044604925E-16));
#6471 = DIRECTION('',(-2.22044604925E-16,0.,-1.));
#6472 = ADVANCED_FACE('',(#6473),#6491,.F.);
#6473 = FACE_BOUND('',#6474,.F.);
#6474 = EDGE_LOOP('',(#6475,#6483,#6489,#6490));
#6475 = ORIENTED_EDGE('',*,*,#6476,.F.);
#6476 = EDGE_CURVE('',#6477,#4596,#6479,.T.);
#6477 = VERTEX_POINT('',#6478);
#6478 = CARTESIAN_POINT('',(4.,-54.,10.142135623731));
#6479 = LINE('',#6480,#6481);
#6480 = CARTESIAN_POINT('',(-2.828427124746,-54.,16.970562748477));
#6481 = VECTOR('',#6482,1.);
#6482 = DIRECTION('',(0.707106781187,0.,-0.707106781187));
#6483 = ORIENTED_EDGE('',*,*,#6484,.F.);
#6484 = EDGE_CURVE('',#2423,#6477,#6485,.T.);
#6485 = LINE('',#6486,#6487);
#6486 = CARTESIAN_POINT('',(4.,-54.,49.497474683058));
#6487 = VECTOR('',#6488,1.);
#6488 = DIRECTION('',(-2.22044604925E-16,0.,-1.));
#6489 = ORIENTED_EDGE('',*,*,#2430,.T.);
#6490 = ORIENTED_EDGE('',*,*,#4603,.F.);
#6491 = PLANE('',#6492);
#6492 = AXIS2_PLACEMENT_3D('',#6493,#6494,#6495);
#6493 = CARTESIAN_POINT('',(-2.828427124746,-54.,16.970562748477));
#6494 = DIRECTION('',(0.,1.,0.));
#6495 = DIRECTION('',(0.707106781187,0.,0.707106781187));
#6496 = ADVANCED_FACE('',(#6497),#6541,.T.);
#6497 = FACE_BOUND('',#6498,.T.);
#6498 = EDGE_LOOP('',(#6499,#6500,#6508,#6516,#6524,#6532,#6539,#6540));
#6499 = ORIENTED_EDGE('',*,*,#2730,.F.);
#6500 = ORIENTED_EDGE('',*,*,#6501,.F.);
#6501 = EDGE_CURVE('',#6502,#2723,#6504,.T.);
#6502 = VERTEX_POINT('',#6503);
#6503 = CARTESIAN_POINT('',(48.595557555638,-32.65038644098,
    41.878422500773));
#6504 = LINE('',#6505,#6506);
#6505 = CARTESIAN_POINT('',(36.081472489801,-33.20623585551,
    51.186508215436));
#6506 = VECTOR('',#6507,1.);
#6507 = DIRECTION('',(0.801869089629,3.561734330943E-02,-0.596437228846)
  );
#6508 = ORIENTED_EDGE('',*,*,#6509,.F.);
#6509 = EDGE_CURVE('',#6510,#6502,#6512,.T.);
#6510 = VERTEX_POINT('',#6511);
#6511 = CARTESIAN_POINT('',(15.446744582551,-32.65038644098,
    45.362503138275));
#6512 = LINE('',#6513,#6514);
#6513 = CARTESIAN_POINT('',(24.858369071709,-32.65038644098,
    44.373301543734));
#6514 = VECTOR('',#6515,1.);
#6515 = DIRECTION('',(0.994521895368,-6.943951729345E-18,-0.104528463268
    ));
#6516 = ORIENTED_EDGE('',*,*,#6517,.T.);
#6517 = EDGE_CURVE('',#6510,#6518,#6520,.T.);
#6518 = VERTEX_POINT('',#6519);
#6519 = CARTESIAN_POINT('',(15.75476594144,-32.85644468545,
    48.293130606428));
#6520 = LINE('',#6521,#6522);
#6521 = CARTESIAN_POINT('',(15.354416883399,-32.58862162159,
    44.484063759323));
#6522 = VECTOR('',#6523,1.);
#6523 = DIRECTION('',(0.104273837185,-6.975647374413E-02,0.992099290016)
  );
#6524 = ORIENTED_EDGE('',*,*,#6525,.F.);
#6525 = EDGE_CURVE('',#6526,#6518,#6528,.T.);
#6526 = VERTEX_POINT('',#6527);
#6527 = CARTESIAN_POINT('',(51.153105988472,-32.85644468545,
    44.57261514611));
#6528 = LINE('',#6529,#6530);
#6529 = CARTESIAN_POINT('',(25.144338065628,-32.85644468545,
    47.306246808843));
#6530 = VECTOR('',#6531,1.);
#6531 = DIRECTION('',(-0.994521895368,6.943951729345E-18,0.104528463268)
  );
#6532 = ORIENTED_EDGE('',*,*,#6533,.T.);
#6533 = EDGE_CURVE('',#6526,#2479,#6534,.T.);
#6534 = ELLIPSE('',#6535,15.983087019982,2.5);
#6535 = AXIS2_PLACEMENT_3D('',#6536,#6537,#6538);
#6536 = CARTESIAN_POINT('',(50.293126576222,-32.6819263857,
    42.153527496916));
#6537 = DIRECTION('',(7.291537003444E-03,0.99756405026,
    6.937434048221E-02));
#6538 = DIRECTION('',(0.995134323239,-4.218650262035E-04,
    -9.852664990515E-02));
#6539 = ORIENTED_EDGE('',*,*,#2478,.F.);
#6540 = ORIENTED_EDGE('',*,*,#2614,.T.);
#6541 = PLANE('',#6542);
#6542 = AXIS2_PLACEMENT_3D('',#6543,#6544,#6545);
#6543 = CARTESIAN_POINT('',(15.354416883399,-32.58862162159,
    44.484063759323));
#6544 = DIRECTION('',(7.291537003444E-03,0.99756405026,
    6.937434048221E-02));
#6545 = DIRECTION('',(0.104273837185,-6.975647374413E-02,0.992099290016)
  );
#6546 = ADVANCED_FACE('',(#6547),#6558,.T.);
#6547 = FACE_BOUND('',#6548,.T.);
#6548 = EDGE_LOOP('',(#6549,#6555,#6556,#6557));
#6549 = ORIENTED_EDGE('',*,*,#6550,.F.);
#6550 = EDGE_CURVE('',#6368,#6526,#6551,.T.);
#6551 = LINE('',#6552,#6553);
#6552 = CARTESIAN_POINT('',(2.381119437047,-40.56943311004,
    48.858028106153));
#6553 = VECTOR('',#6554,1.);
#6554 = DIRECTION('',(0.98402609072,0.155617648242,-8.646271067403E-02)
  );
#6555 = ORIENTED_EDGE('',*,*,#6367,.T.);
#6556 = ORIENTED_EDGE('',*,*,#2486,.T.);
#6557 = ORIENTED_EDGE('',*,*,#6533,.F.);
#6558 = CYLINDRICAL_SURFACE('',#6559,2.5);
#6559 = AXIS2_PLACEMENT_3D('',#6560,#6561,#6562);
#6560 = CARTESIAN_POINT('',(2.12132034356,-40.3,46.386204845838));
#6561 = DIRECTION('',(0.98402609072,0.155617648242,-8.646271067404E-02)
  );
#6562 = DIRECTION('',(-0.14454536224,0.981920605461,0.122223413571));
#6563 = ADVANCED_FACE('',(#6564),#6589,.F.);
#6564 = FACE_BOUND('',#6565,.F.);
#6565 = EDGE_LOOP('',(#6566,#6576,#6582,#6583));
#6566 = ORIENTED_EDGE('',*,*,#6567,.F.);
#6567 = EDGE_CURVE('',#6568,#6570,#6572,.T.);
#6568 = VERTEX_POINT('',#6569);
#6569 = CARTESIAN_POINT('',(22.824646324154,-38.09488482341,
    36.246839053795));
#6570 = VERTEX_POINT('',#6571);
#6571 = CARTESIAN_POINT('',(30.624576831113,-36.86137399134,
    35.561488186516));
#6572 = LINE('',#6573,#6574);
#6573 = CARTESIAN_POINT('',(1.659153858414,-41.44207672458,
    38.106572112295));
#6574 = VECTOR('',#6575,1.);
#6575 = DIRECTION('',(0.98402609072,0.155617648242,-8.646271067403E-02)
  );
#6576 = ORIENTED_EDGE('',*,*,#6577,.T.);
#6577 = EDGE_CURVE('',#6568,#2507,#6578,.T.);
#6578 = LINE('',#6579,#6580);
#6579 = CARTESIAN_POINT('',(22.824646324154,-38.09488482341,
    36.246839053795));
#6580 = VECTOR('',#6581,1.);
#6581 = DIRECTION('',(0.168389982538,-0.971230985689,0.168389982538));
#6582 = ORIENTED_EDGE('',*,*,#2504,.F.);
#6583 = ORIENTED_EDGE('',*,*,#6584,.T.);
#6584 = EDGE_CURVE('',#2505,#6570,#6585,.T.);
#6585 = LINE('',#6586,#6587);
#6586 = CARTESIAN_POINT('',(30.540381839844,-36.3757584985,
    35.477293195247));
#6587 = VECTOR('',#6588,1.);
#6588 = DIRECTION('',(-0.168389982538,0.971230985689,-0.168389982538));
#6589 = PLANE('',#6590);
#6590 = AXIS2_PLACEMENT_3D('',#6591,#6592,#6593);
#6591 = CARTESIAN_POINT('',(22.824646324154,-38.09488482341,
    36.246839053795));
#6592 = DIRECTION('',(5.777081064324E-02,0.180259590574,0.981921083104)
  );
#6593 = DIRECTION('',(0.98402609072,0.155617648242,-8.646271067403E-02)
  );
#6594 = ADVANCED_FACE('',(#6595),#6613,.T.);
#6595 = FACE_BOUND('',#6596,.T.);
#6596 = EDGE_LOOP('',(#6597,#6605,#6606,#6607));
#6597 = ORIENTED_EDGE('',*,*,#6598,.F.);
#6598 = EDGE_CURVE('',#6568,#6599,#6601,.T.);
#6599 = VERTEX_POINT('',#6600);
#6600 = CARTESIAN_POINT('',(27.067287011273,-38.09488482341,
    32.004198366676));
#6601 = LINE('',#6602,#6603);
#6602 = CARTESIAN_POINT('',(7.615432472191,-38.09488482341,
    51.456052905757));
#6603 = VECTOR('',#6604,1.);
#6604 = DIRECTION('',(0.707106781187,-3.487083909577E-17,-0.707106781187
    ));
#6605 = ORIENTED_EDGE('',*,*,#6577,.T.);
#6606 = ORIENTED_EDGE('',*,*,#2522,.F.);
#6607 = ORIENTED_EDGE('',*,*,#6608,.T.);
#6608 = EDGE_CURVE('',#2515,#6599,#6609,.T.);
#6609 = LINE('',#6610,#6611);
#6610 = CARTESIAN_POINT('',(26.983092020004,-37.60926933057,
    31.920003375407));
#6611 = VECTOR('',#6612,1.);
#6612 = DIRECTION('',(-0.168389982538,0.971230985689,-0.168389982538));
#6613 = PLANE('',#6614);
#6614 = AXIS2_PLACEMENT_3D('',#6615,#6616,#6617);
#6615 = CARTESIAN_POINT('',(22.824646324154,-38.09488482341,
    36.246839053795));
#6616 = DIRECTION('',(0.686764016079,0.238139397073,0.686764016079));
#6617 = DIRECTION('',(0.707106781187,-3.487083909577E-17,-0.707106781187
    ));
#6618 = ADVANCED_FACE('',(#6619),#6630,.F.);
#6619 = FACE_BOUND('',#6620,.F.);
#6620 = EDGE_LOOP('',(#6621,#6622,#6623,#6624));
#6621 = ORIENTED_EDGE('',*,*,#6584,.F.);
#6622 = ORIENTED_EDGE('',*,*,#2514,.F.);
#6623 = ORIENTED_EDGE('',*,*,#6608,.T.);
#6624 = ORIENTED_EDGE('',*,*,#6625,.T.);
#6625 = EDGE_CURVE('',#6599,#6570,#6626,.T.);
#6626 = LINE('',#6627,#6628);
#6627 = CARTESIAN_POINT('',(36.669912102544,-34.76511899991,
    41.606823457947));
#6628 = VECTOR('',#6629,1.);
#6629 = DIRECTION('',(0.686764016079,0.238139397073,0.686764016079));
#6630 = PLANE('',#6631);
#6631 = AXIS2_PLACEMENT_3D('',#6632,#6633,#6634);
#6632 = CARTESIAN_POINT('',(42.026063253692,-31.87822140404,
    46.962974609095));
#6633 = DIRECTION('',(0.707106781187,-2.49490857817E-16,-0.707106781187)
  );
#6634 = DIRECTION('',(0.168389982538,-0.971230985689,0.168389982538));
#6635 = ADVANCED_FACE('',(#6636),#6661,.F.);
#6636 = FACE_BOUND('',#6637,.F.);
#6637 = EDGE_LOOP('',(#6638,#6648,#6654,#6655));
#6638 = ORIENTED_EDGE('',*,*,#6639,.F.);
#6639 = EDGE_CURVE('',#6640,#6642,#6644,.T.);
#6640 = VERTEX_POINT('',#6641);
#6641 = CARTESIAN_POINT('',(34.524542084592,-36.24461857531,
    35.218812752876));
#6642 = VERTEX_POINT('',#6643);
#6643 = CARTESIAN_POINT('',(42.324472591552,-35.01110774324,
    34.533461885597));
#6644 = LINE('',#6645,#6646);
#6645 = CARTESIAN_POINT('',(1.659153858414,-41.44207672458,
    38.106572112295));
#6646 = VECTOR('',#6647,1.);
#6647 = DIRECTION('',(0.98402609072,0.155617648242,-8.646271067403E-02)
  );
#6648 = ORIENTED_EDGE('',*,*,#6649,.F.);
#6649 = EDGE_CURVE('',#2533,#6640,#6650,.T.);
#6650 = LINE('',#6651,#6652);
#6651 = CARTESIAN_POINT('',(34.440347093323,-35.75900308246,
    35.134617761607));
#6652 = VECTOR('',#6653,1.);
#6653 = DIRECTION('',(-0.168389982538,0.971230985689,-0.168389982538));
#6654 = ORIENTED_EDGE('',*,*,#2530,.F.);
#6655 = ORIENTED_EDGE('',*,*,#6656,.T.);
#6656 = EDGE_CURVE('',#2531,#6642,#6657,.T.);
#6657 = LINE('',#6658,#6659);
#6658 = CARTESIAN_POINT('',(42.240277600283,-34.52549225039,
    34.449266894328));
#6659 = VECTOR('',#6660,1.);
#6660 = DIRECTION('',(-0.168389982538,0.971230985689,-0.168389982538));
#6661 = PLANE('',#6662);
#6662 = AXIS2_PLACEMENT_3D('',#6663,#6664,#6665);
#6663 = CARTESIAN_POINT('',(22.824646324154,-38.09488482341,
    36.246839053795));
#6664 = DIRECTION('',(5.777081064324E-02,0.180259590574,0.981921083104)
  );
#6665 = DIRECTION('',(0.98402609072,0.155617648242,-8.646271067403E-02)
  );
#6666 = ADVANCED_FACE('',(#6667),#6685,.T.);
#6667 = FACE_BOUND('',#6668,.T.);
#6668 = EDGE_LOOP('',(#6669,#6670,#6671,#6679));
#6669 = ORIENTED_EDGE('',*,*,#6649,.F.);
#6670 = ORIENTED_EDGE('',*,*,#2556,.F.);
#6671 = ORIENTED_EDGE('',*,*,#6672,.T.);
#6672 = EDGE_CURVE('',#2549,#6673,#6675,.T.);
#6673 = VERTEX_POINT('',#6674);
#6674 = CARTESIAN_POINT('',(29.188607354832,-38.09488482341,
    29.882878023117));
#6675 = LINE('',#6676,#6677);
#6676 = CARTESIAN_POINT('',(29.104412363564,-37.60926933057,
    29.798683031848));
#6677 = VECTOR('',#6678,1.);
#6678 = DIRECTION('',(-0.168389982538,0.971230985689,-0.168389982538));
#6679 = ORIENTED_EDGE('',*,*,#6680,.T.);
#6680 = EDGE_CURVE('',#6673,#6640,#6681,.T.);
#6681 = LINE('',#6682,#6683);
#6682 = CARTESIAN_POINT('',(38.791232446103,-34.76511899991,
    39.485503114387));
#6683 = VECTOR('',#6684,1.);
#6684 = DIRECTION('',(0.686764016079,0.238139397073,0.686764016079));
#6685 = PLANE('',#6686);
#6686 = AXIS2_PLACEMENT_3D('',#6687,#6688,#6689);
#6687 = CARTESIAN_POINT('',(44.147383597251,-31.87822140404,
    44.841654265535));
#6688 = DIRECTION('',(0.707106781187,-2.49490857817E-16,-0.707106781187)
  );
#6689 = DIRECTION('',(0.168389982538,-0.971230985689,0.168389982538));
#6690 = ADVANCED_FACE('',(#6691),#6709,.T.);
#6691 = FACE_BOUND('',#6692,.T.);
#6692 = EDGE_LOOP('',(#6693,#6701,#6702,#6703));
#6693 = ORIENTED_EDGE('',*,*,#6694,.F.);
#6694 = EDGE_CURVE('',#6673,#6695,#6697,.T.);
#6695 = VERTEX_POINT('',#6696);
#6696 = CARTESIAN_POINT('',(33.431248041952,-38.09488482341,
    25.640237335997));
#6697 = LINE('',#6698,#6699);
#6698 = CARTESIAN_POINT('',(7.615432472191,-38.09488482341,
    51.456052905757));
#6699 = VECTOR('',#6700,1.);
#6700 = DIRECTION('',(0.707106781187,-3.487083909577E-17,-0.707106781187
    ));
#6701 = ORIENTED_EDGE('',*,*,#6672,.F.);
#6702 = ORIENTED_EDGE('',*,*,#2548,.F.);
#6703 = ORIENTED_EDGE('',*,*,#6704,.T.);
#6704 = EDGE_CURVE('',#2541,#6695,#6705,.T.);
#6705 = LINE('',#6706,#6707);
#6706 = CARTESIAN_POINT('',(33.347053050683,-37.60926933057,
    25.556042344728));
#6707 = VECTOR('',#6708,1.);
#6708 = DIRECTION('',(-0.168389982538,0.971230985689,-0.168389982538));
#6709 = PLANE('',#6710);
#6710 = AXIS2_PLACEMENT_3D('',#6711,#6712,#6713);
#6711 = CARTESIAN_POINT('',(22.824646324154,-38.09488482341,
    36.246839053795));
#6712 = DIRECTION('',(0.686764016079,0.238139397073,0.686764016079));
#6713 = DIRECTION('',(0.707106781187,-3.487083909577E-17,-0.707106781187
    ));
#6714 = ADVANCED_FACE('',(#6715),#6726,.F.);
#6715 = FACE_BOUND('',#6716,.F.);
#6716 = EDGE_LOOP('',(#6717,#6718,#6719,#6720));
#6717 = ORIENTED_EDGE('',*,*,#6656,.F.);
#6718 = ORIENTED_EDGE('',*,*,#2540,.F.);
#6719 = ORIENTED_EDGE('',*,*,#6704,.T.);
#6720 = ORIENTED_EDGE('',*,*,#6721,.T.);
#6721 = EDGE_CURVE('',#6695,#6642,#6722,.T.);
#6722 = LINE('',#6723,#6724);
#6723 = CARTESIAN_POINT('',(43.033873133223,-34.76511899991,
    35.242862427268));
#6724 = VECTOR('',#6725,1.);
#6725 = DIRECTION('',(0.686764016079,0.238139397073,0.686764016079));
#6726 = PLANE('',#6727);
#6727 = AXIS2_PLACEMENT_3D('',#6728,#6729,#6730);
#6728 = CARTESIAN_POINT('',(48.390024284371,-31.87822140404,
    40.599013578416));
#6729 = DIRECTION('',(0.707106781187,-2.49490857817E-16,-0.707106781187)
  );
#6730 = DIRECTION('',(0.168389982538,-0.971230985689,0.168389982538));
#6731 = ADVANCED_FACE('',(#6732),#6757,.F.);
#6732 = FACE_BOUND('',#6733,.F.);
#6733 = EDGE_LOOP('',(#6734,#6744,#6750,#6751));
#6734 = ORIENTED_EDGE('',*,*,#6735,.F.);
#6735 = EDGE_CURVE('',#6736,#6738,#6740,.T.);
#6736 = VERTEX_POINT('',#6737);
#6737 = CARTESIAN_POINT('',(46.224437845031,-34.3943523272,
    34.190786451957));
#6738 = VERTEX_POINT('',#6739);
#6739 = CARTESIAN_POINT('',(54.02436835199,-33.16084149513,
    33.505435584678));
#6740 = LINE('',#6741,#6742);
#6741 = CARTESIAN_POINT('',(1.659153858414,-41.44207672458,
    38.106572112295));
#6742 = VECTOR('',#6743,1.);
#6743 = DIRECTION('',(0.98402609072,0.155617648242,-8.646271067403E-02)
  );
#6744 = ORIENTED_EDGE('',*,*,#6745,.F.);
#6745 = EDGE_CURVE('',#2567,#6736,#6746,.T.);
#6746 = LINE('',#6747,#6748);
#6747 = CARTESIAN_POINT('',(46.140242853762,-33.90873683436,
    34.106591460688));
#6748 = VECTOR('',#6749,1.);
#6749 = DIRECTION('',(-0.168389982538,0.971230985689,-0.168389982538));
#6750 = ORIENTED_EDGE('',*,*,#2564,.F.);
#6751 = ORIENTED_EDGE('',*,*,#6752,.T.);
#6752 = EDGE_CURVE('',#2565,#6738,#6753,.T.);
#6753 = LINE('',#6754,#6755);
#6754 = CARTESIAN_POINT('',(53.940173360721,-32.67522600229,
    33.421240593409));
#6755 = VECTOR('',#6756,1.);
#6756 = DIRECTION('',(-0.168389982538,0.971230985689,-0.168389982538));
#6757 = PLANE('',#6758);
#6758 = AXIS2_PLACEMENT_3D('',#6759,#6760,#6761);
#6759 = CARTESIAN_POINT('',(22.824646324154,-38.09488482341,
    36.246839053795));
#6760 = DIRECTION('',(5.777081064324E-02,0.180259590574,0.981921083104)
  );
#6761 = DIRECTION('',(0.98402609072,0.155617648242,-8.646271067403E-02)
  );
#6762 = ADVANCED_FACE('',(#6763),#6781,.T.);
#6763 = FACE_BOUND('',#6764,.T.);
#6764 = EDGE_LOOP('',(#6765,#6766,#6767,#6775));
#6765 = ORIENTED_EDGE('',*,*,#6745,.F.);
#6766 = ORIENTED_EDGE('',*,*,#2590,.F.);
#6767 = ORIENTED_EDGE('',*,*,#6768,.T.);
#6768 = EDGE_CURVE('',#2583,#6769,#6771,.T.);
#6769 = VERTEX_POINT('',#6770);
#6770 = CARTESIAN_POINT('',(35.552568385511,-38.09488482341,
    23.518916992438));
#6771 = LINE('',#6772,#6773);
#6772 = CARTESIAN_POINT('',(35.468373394243,-37.60926933057,
    23.434722001169));
#6773 = VECTOR('',#6774,1.);
#6774 = DIRECTION('',(-0.168389982538,0.971230985689,-0.168389982538));
#6775 = ORIENTED_EDGE('',*,*,#6776,.T.);
#6776 = EDGE_CURVE('',#6769,#6736,#6777,.T.);
#6777 = LINE('',#6778,#6779);
#6778 = CARTESIAN_POINT('',(45.155193476782,-34.76511899991,
    33.121542083709));
#6779 = VECTOR('',#6780,1.);
#6780 = DIRECTION('',(0.686764016079,0.238139397073,0.686764016079));
#6781 = PLANE('',#6782);
#6782 = AXIS2_PLACEMENT_3D('',#6783,#6784,#6785);
#6783 = CARTESIAN_POINT('',(50.51134462793,-31.87822140404,
    38.477693234856));
#6784 = DIRECTION('',(0.707106781187,-2.49490857817E-16,-0.707106781187)
  );
#6785 = DIRECTION('',(0.168389982538,-0.971230985689,0.168389982538));
#6786 = ADVANCED_FACE('',(#6787),#6805,.T.);
#6787 = FACE_BOUND('',#6788,.T.);
#6788 = EDGE_LOOP('',(#6789,#6797,#6798,#6799));
#6789 = ORIENTED_EDGE('',*,*,#6790,.F.);
#6790 = EDGE_CURVE('',#6769,#6791,#6793,.T.);
#6791 = VERTEX_POINT('',#6792);
#6792 = CARTESIAN_POINT('',(39.795209072631,-38.09488482341,
    19.276276305318));
#6793 = LINE('',#6794,#6795);
#6794 = CARTESIAN_POINT('',(7.615432472191,-38.09488482341,
    51.456052905757));
#6795 = VECTOR('',#6796,1.);
#6796 = DIRECTION('',(0.707106781187,-3.487083909577E-17,-0.707106781187
    ));
#6797 = ORIENTED_EDGE('',*,*,#6768,.F.);
#6798 = ORIENTED_EDGE('',*,*,#2582,.F.);
#6799 = ORIENTED_EDGE('',*,*,#6800,.T.);
#6800 = EDGE_CURVE('',#2575,#6791,#6801,.T.);
#6801 = LINE('',#6802,#6803);
#6802 = CARTESIAN_POINT('',(39.711014081362,-37.60926933057,
    19.192081314049));
#6803 = VECTOR('',#6804,1.);
#6804 = DIRECTION('',(-0.168389982538,0.971230985689,-0.168389982538));
#6805 = PLANE('',#6806);
#6806 = AXIS2_PLACEMENT_3D('',#6807,#6808,#6809);
#6807 = CARTESIAN_POINT('',(22.824646324154,-38.09488482341,
    36.246839053795));
#6808 = DIRECTION('',(0.686764016079,0.238139397073,0.686764016079));
#6809 = DIRECTION('',(0.707106781187,-3.487083909577E-17,-0.707106781187
    ));
#6810 = ADVANCED_FACE('',(#6811),#6822,.F.);
#6811 = FACE_BOUND('',#6812,.F.);
#6812 = EDGE_LOOP('',(#6813,#6814,#6815,#6816));
#6813 = ORIENTED_EDGE('',*,*,#6752,.F.);
#6814 = ORIENTED_EDGE('',*,*,#2574,.F.);
#6815 = ORIENTED_EDGE('',*,*,#6800,.T.);
#6816 = ORIENTED_EDGE('',*,*,#6817,.T.);
#6817 = EDGE_CURVE('',#6791,#6738,#6818,.T.);
#6818 = LINE('',#6819,#6820);
#6819 = CARTESIAN_POINT('',(49.397834163902,-34.76511899991,
    28.878901396589));
#6820 = VECTOR('',#6821,1.);
#6821 = DIRECTION('',(0.686764016079,0.238139397073,0.686764016079));
#6822 = PLANE('',#6823);
#6823 = AXIS2_PLACEMENT_3D('',#6824,#6825,#6826);
#6824 = CARTESIAN_POINT('',(54.75398531505,-31.87822140404,
    34.235052547737));
#6825 = DIRECTION('',(0.707106781187,-2.49490857817E-16,-0.707106781187)
  );
#6826 = DIRECTION('',(0.168389982538,-0.971230985689,0.168389982538));
#6827 = ADVANCED_FACE('',(#6828),#6846,.T.);
#6828 = FACE_BOUND('',#6829,.T.);
#6829 = EDGE_LOOP('',(#6830,#6838,#6839,#6840));
#6830 = ORIENTED_EDGE('',*,*,#6831,.F.);
#6831 = EDGE_CURVE('',#2667,#6832,#6834,.T.);
#6832 = VERTEX_POINT('',#6833);
#6833 = CARTESIAN_POINT('',(61.994195048966,-29.59592947081,
    39.792447677979));
#6834 = LINE('',#6835,#6836);
#6835 = CARTESIAN_POINT('',(61.973049591656,-32.48886521656,
    39.591262090581));
#6836 = VECTOR('',#6837,1.);
#6837 = DIRECTION('',(7.291537003444E-03,0.99756405026,
    6.937434048221E-02));
#6838 = ORIENTED_EDGE('',*,*,#2666,.F.);
#6839 = ORIENTED_EDGE('',*,*,#2656,.F.);
#6840 = ORIENTED_EDGE('',*,*,#6841,.T.);
#6841 = EDGE_CURVE('',#2657,#6832,#6842,.T.);
#6842 = LINE('',#6843,#6844);
#6843 = CARTESIAN_POINT('',(-218.0194276356,-29.59592947081,
    69.223065354222));
#6844 = VECTOR('',#6845,1.);
#6845 = DIRECTION('',(-0.994521895368,-6.938893903907E-18,0.104528463268
    ));
#6846 = PLANE('',#6847);
#6847 = AXIS2_PLACEMENT_3D('',#6848,#6849,#6850);
#6848 = CARTESIAN_POINT('',(15.354416883399,-32.58862162159,
    44.484063759323));
#6849 = DIRECTION('',(0.104273837185,-6.975647374413E-02,0.992099290016)
  );
#6850 = DIRECTION('',(0.994521895368,1.07850667488E-17,-0.104528463268)
  );
#6851 = ADVANCED_FACE('',(#6852),#6899,.F.);
#6852 = FACE_BOUND('',#6853,.F.);
#6853 = EDGE_LOOP('',(#6854,#6860,#6868,#6876,#6884,#6892,#6898));
#6854 = ORIENTED_EDGE('',*,*,#6855,.F.);
#6855 = EDGE_CURVE('',#4818,#2657,#6856,.T.);
#6856 = LINE('',#6857,#6858);
#6857 = CARTESIAN_POINT('',(66.665978574817,-29.12856109672,
    32.580928733229));
#6858 = VECTOR('',#6859,1.);
#6859 = DIRECTION('',(0.104273837185,-6.975647374413E-02,0.992099290016)
  );
#6860 = ORIENTED_EDGE('',*,*,#6861,.F.);
#6861 = EDGE_CURVE('',#6862,#4818,#6864,.T.);
#6862 = VERTEX_POINT('',#6863);
#6863 = CARTESIAN_POINT('',(66.788158548356,-13.84652894291,
    33.743393530485));
#6864 = LINE('',#6865,#6866);
#6865 = CARTESIAN_POINT('',(65.069441311791,-248.9863255248,
    17.39089134805));
#6866 = VECTOR('',#6867,1.);
#6867 = DIRECTION('',(-7.291537003444E-03,-0.99756405026,
    -6.937434048221E-02));
#6868 = ORIENTED_EDGE('',*,*,#6869,.T.);
#6869 = EDGE_CURVE('',#6862,#6870,#6872,.T.);
#6870 = VERTEX_POINT('',#6871);
#6871 = CARTESIAN_POINT('',(66.998149685453,-13.98700752926,
    35.741325740988));
#6872 = LINE('',#6873,#6874);
#6873 = CARTESIAN_POINT('',(66.787115809984,-13.84583137817,
    33.733472537585));
#6874 = VECTOR('',#6875,1.);
#6875 = DIRECTION('',(0.104273837185,-6.975647374413E-02,0.992099290016)
  );
#6876 = ORIENTED_EDGE('',*,*,#6877,.T.);
#6877 = EDGE_CURVE('',#6870,#6878,#6880,.T.);
#6878 = VERTEX_POINT('',#6879);
#6879 = CARTESIAN_POINT('',(66.915563243647,-25.28575912941,
    34.955568234662));
#6880 = LINE('',#6881,#6882);
#6881 = CARTESIAN_POINT('',(66.90098016964,-27.28088722993,
    34.816819553698));
#6882 = VECTOR('',#6883,1.);
#6883 = DIRECTION('',(-7.291537003444E-03,-0.99756405026,
    -6.937434048221E-02));
#6884 = ORIENTED_EDGE('',*,*,#6885,.T.);
#6885 = EDGE_CURVE('',#6878,#6886,#6888,.T.);
#6886 = VERTEX_POINT('',#6887);
#6887 = CARTESIAN_POINT('',(67.124110918016,-25.4252720769,
    36.939766814694));
#6888 = LINE('',#6889,#6890);
#6889 = CARTESIAN_POINT('',(66.805353983239,-25.21203201255,
    33.90699716491));
#6890 = VECTOR('',#6891,1.);
#6891 = DIRECTION('',(0.104273837185,-6.975647374413E-02,0.992099290016)
  );
#6892 = ORIENTED_EDGE('',*,*,#6893,.T.);
#6893 = EDGE_CURVE('',#6886,#2764,#6894,.T.);
#6894 = LINE('',#6895,#6896);
#6895 = CARTESIAN_POINT('',(66.805353983239,-25.21203201255,
    33.90699716491));
#6896 = VECTOR('',#6897,1.);
#6897 = DIRECTION('',(0.104273837185,-6.975647374413E-02,0.992099290016)
  );
#6898 = ORIENTED_EDGE('',*,*,#2771,.T.);
#6899 = PLANE('',#6900);
#6900 = AXIS2_PLACEMENT_3D('',#6901,#6902,#6903);
#6901 = CARTESIAN_POINT('',(66.665978574817,-29.12856109672,
    32.580928733229));
#6902 = DIRECTION('',(0.994521895368,1.07850667488E-17,-0.104528463268)
  );
#6903 = DIRECTION('',(0.104273837185,-6.975647374413E-02,0.992099290016)
  );
#6904 = ADVANCED_FACE('',(#6905),#6956,.T.);
#6905 = FACE_BOUND('',#6906,.T.);
#6906 = EDGE_LOOP('',(#6907,#6915,#6916,#6917,#6924,#6925,#6934,#6942,
    #6950));
#6907 = ORIENTED_EDGE('',*,*,#6908,.T.);
#6908 = EDGE_CURVE('',#6909,#2764,#6911,.T.);
#6909 = VERTEX_POINT('',#6910);
#6910 = CARTESIAN_POINT('',(67.476365873775,-14.30692166962,
    40.291248844589));
#6911 = LINE('',#6912,#6913);
#6912 = CARTESIAN_POINT('',(65.75764863721,-249.4467182515,
    23.938746662153));
#6913 = VECTOR('',#6914,1.);
#6914 = DIRECTION('',(-7.291537003444E-03,-0.99756405026,
    -6.937434048221E-02));
#6915 = ORIENTED_EDGE('',*,*,#2763,.T.);
#6916 = ORIENTED_EDGE('',*,*,#2755,.T.);
#6917 = ORIENTED_EDGE('',*,*,#6918,.F.);
#6918 = EDGE_CURVE('',#6101,#2747,#6919,.T.);
#6919 = CIRCLE('',#6920,4.7);
#6920 = AXIS2_PLACEMENT_3D('',#6921,#6922,#6923);
#6921 = CARTESIAN_POINT('',(73.201565623718,-20.19353116918,
    39.27560688444));
#6922 = DIRECTION('',(0.104273837185,-6.975647374413E-02,0.992099290016)
  );
#6923 = DIRECTION('',(0.994521895368,1.07850667488E-17,-0.104528463268)
  );
#6924 = ORIENTED_EDGE('',*,*,#6132,.T.);
#6925 = ORIENTED_EDGE('',*,*,#6926,.F.);
#6926 = EDGE_CURVE('',#6927,#4871,#6929,.T.);
#6927 = VERTEX_POINT('',#6928);
#6928 = CARTESIAN_POINT('',(70.469649710914,25.244870884033,
    42.757607214104));
#6929 = CIRCLE('',#6930,4.7);
#6930 = AXIS2_PLACEMENT_3D('',#6931,#6932,#6933);
#6931 = CARTESIAN_POINT('',(73.507810177863,21.704158941731,
    42.189329184693));
#6932 = DIRECTION('',(0.104273837185,-6.975647374413E-02,0.992099290016)
  );
#6933 = DIRECTION('',(0.994521895368,1.07850667488E-17,-0.104528463268)
  );
#6934 = ORIENTED_EDGE('',*,*,#6935,.F.);
#6935 = EDGE_CURVE('',#6936,#6927,#6938,.T.);
#6936 = VERTEX_POINT('',#6937);
#6937 = CARTESIAN_POINT('',(67.765463459922,25.244870884033,
    43.041828642031));
#6938 = LINE('',#6939,#6940);
#6939 = CARTESIAN_POINT('',(65.676967479649,25.244870884033,
    43.261338414893));
#6940 = VECTOR('',#6941,1.);
#6941 = DIRECTION('',(0.994521895368,1.07850667488E-17,-0.104528463268)
  );
#6942 = ORIENTED_EDGE('',*,*,#6943,.T.);
#6943 = EDGE_CURVE('',#6936,#6944,#6946,.T.);
#6944 = VERTEX_POINT('',#6945);
#6945 = CARTESIAN_POINT('',(67.582822314025,0.257513464171,
    41.304114215629));
#6946 = LINE('',#6947,#6948);
#6947 = CARTESIAN_POINT('',(65.75764863721,-249.4467182515,
    23.938746662153));
#6948 = VECTOR('',#6949,1.);
#6949 = DIRECTION('',(-7.291537003444E-03,-0.99756405026,
    -6.937434048221E-02));
#6950 = ORIENTED_EDGE('',*,*,#6951,.T.);
#6951 = EDGE_CURVE('',#6944,#6909,#6952,.T.);
#6952 = LINE('',#6953,#6954);
#6953 = CARTESIAN_POINT('',(65.75764863721,-249.4467182515,
    23.938746662153));
#6954 = VECTOR('',#6955,1.);
#6955 = DIRECTION('',(-7.291537003444E-03,-0.99756405026,
    -6.937434048221E-02));
#6956 = PLANE('',#6957);
#6957 = AXIS2_PLACEMENT_3D('',#6958,#6959,#6960);
#6958 = CARTESIAN_POINT('',(15.354416883399,-32.58862162159,
    44.484063759323));
#6959 = DIRECTION('',(0.104273837185,-6.975647374413E-02,0.992099290016)
  );
#6960 = DIRECTION('',(0.994521895368,1.07850667488E-17,-0.104528463268)
  );
#6961 = ADVANCED_FACE('',(#6962),#7068,.T.);
#6962 = FACE_BOUND('',#6963,.T.);
#6963 = EDGE_LOOP('',(#6964,#6974,#6980,#6981,#6989,#6997,#7005,#7013,
    #7021,#7029,#7037,#7045,#7053,#7061));
#6964 = ORIENTED_EDGE('',*,*,#6965,.F.);
#6965 = EDGE_CURVE('',#6966,#6968,#6970,.T.);
#6966 = VERTEX_POINT('',#6967);
#6967 = CARTESIAN_POINT('',(15.354416883399,-32.58862162159,
    44.484063759323));
#6968 = VERTEX_POINT('',#6969);
#6969 = CARTESIAN_POINT('',(15.41749189246,-23.9592528782,45.08418238348
    ));
#6970 = LINE('',#6971,#6972);
#6971 = CARTESIAN_POINT('',(15.354416883399,-32.58862162159,
    44.484063759323));
#6972 = VECTOR('',#6973,1.);
#6973 = DIRECTION('',(7.291537003444E-03,0.99756405026,
    6.937434048221E-02));
#6974 = ORIENTED_EDGE('',*,*,#6975,.T.);
#6975 = EDGE_CURVE('',#6966,#2723,#6976,.T.);
#6976 = LINE('',#6977,#6978);
#6977 = CARTESIAN_POINT('',(15.354416883399,-32.58862162159,
    44.484063759323));
#6978 = VECTOR('',#6979,1.);
#6979 = DIRECTION('',(0.994521895368,1.07850667488E-17,-0.104528463268)
  );
#6980 = ORIENTED_EDGE('',*,*,#2722,.F.);
#6981 = ORIENTED_EDGE('',*,*,#6982,.F.);
#6982 = EDGE_CURVE('',#6983,#2715,#6985,.T.);
#6983 = VERTEX_POINT('',#6984);
#6984 = CARTESIAN_POINT('',(49.578975616044,-32.48886521656,
    40.893931757613));
#6985 = LINE('',#6986,#6987);
#6986 = CARTESIAN_POINT('',(49.578975616044,-32.48886521656,
    40.893931757614));
#6987 = VECTOR('',#6988,1.);
#6988 = DIRECTION('',(0.994521895368,1.07850667488E-17,-0.104528463268)
  );
#6989 = ORIENTED_EDGE('',*,*,#6990,.T.);
#6990 = EDGE_CURVE('',#6983,#6991,#6993,.T.);
#6991 = VERTEX_POINT('',#6992);
#6992 = CARTESIAN_POINT('',(49.600121073354,-29.59592947081,
    41.095117345012));
#6993 = LINE('',#6994,#6995);
#6994 = CARTESIAN_POINT('',(49.578975616044,-32.48886521656,
    40.893931757614));
#6995 = VECTOR('',#6996,1.);
#6996 = DIRECTION('',(7.291537003444E-03,0.99756405026,
    6.937434048221E-02));
#6997 = ORIENTED_EDGE('',*,*,#6998,.T.);
#6998 = EDGE_CURVE('',#6991,#6999,#7001,.T.);
#6999 = VERTEX_POINT('',#7000);
#7000 = CARTESIAN_POINT('',(36.074623296346,-29.59592947081,
    42.516704445452));
#7001 = LINE('',#7002,#7003);
#7002 = CARTESIAN_POINT('',(-218.0194276356,-29.59592947081,
    69.223065354222));
#7003 = VECTOR('',#7004,1.);
#7004 = DIRECTION('',(-0.994521895368,-6.938893903907E-18,0.104528463268
    ));
#7005 = ORIENTED_EDGE('',*,*,#7006,.F.);
#7006 = EDGE_CURVE('',#7007,#6999,#7009,.T.);
#7007 = VERTEX_POINT('',#7008);
#7008 = CARTESIAN_POINT('',(36.053477839036,-32.48886521656,
    42.315518858054));
#7009 = LINE('',#7010,#7011);
#7010 = CARTESIAN_POINT('',(36.053477839036,-32.48886521656,
    42.315518858054));
#7011 = VECTOR('',#7012,1.);
#7012 = DIRECTION('',(7.291537003444E-03,0.99756405026,
    6.937434048221E-02));
#7013 = ORIENTED_EDGE('',*,*,#7014,.F.);
#7014 = EDGE_CURVE('',#7015,#7007,#7017,.T.);
#7015 = VERTEX_POINT('',#7016);
#7016 = CARTESIAN_POINT('',(23.709129958193,-32.48886521656,
    43.612962101923));
#7017 = LINE('',#7018,#7019);
#7018 = CARTESIAN_POINT('',(23.709129958193,-32.48886521656,
    43.612962101923));
#7019 = VECTOR('',#7020,1.);
#7020 = DIRECTION('',(0.994521895368,1.07850667488E-17,-0.104528463268)
  );
#7021 = ORIENTED_EDGE('',*,*,#7022,.T.);
#7022 = EDGE_CURVE('',#7015,#7023,#7025,.T.);
#7023 = VERTEX_POINT('',#7024);
#7024 = CARTESIAN_POINT('',(23.730275415503,-29.59592947081,
    43.814147689322));
#7025 = LINE('',#7026,#7027);
#7026 = CARTESIAN_POINT('',(23.709129958193,-32.48886521656,
    43.612962101923));
#7027 = VECTOR('',#7028,1.);
#7028 = DIRECTION('',(7.291537003444E-03,0.99756405026,
    6.937434048221E-02));
#7029 = ORIENTED_EDGE('',*,*,#7030,.T.);
#7030 = EDGE_CURVE('',#7023,#7031,#7033,.T.);
#7031 = VERTEX_POINT('',#7032);
#7032 = CARTESIAN_POINT('',(18.359857180514,-29.59592947081,
    44.378601390967));
#7033 = LINE('',#7034,#7035);
#7034 = CARTESIAN_POINT('',(-218.0194276356,-29.59592947081,
    69.223065354222));
#7035 = VECTOR('',#7036,1.);
#7036 = DIRECTION('',(-0.994521895368,-6.938893903907E-18,0.104528463268
    ));
#7037 = ORIENTED_EDGE('',*,*,#7038,.T.);
#7038 = EDGE_CURVE('',#7031,#7039,#7041,.T.);
#7039 = VERTEX_POINT('',#7040);
#7040 = CARTESIAN_POINT('',(18.389023328528,-25.60567326977,
    44.656098752896));
#7041 = LINE('',#7042,#7043);
#7042 = CARTESIAN_POINT('',(16.644477010648,-264.2791778967,
    28.05784927732));
#7043 = VECTOR('',#7044,1.);
#7044 = DIRECTION('',(7.291537003444E-03,0.99756405026,
    6.937434048221E-02));
#7045 = ORIENTED_EDGE('',*,*,#7046,.F.);
#7046 = EDGE_CURVE('',#7047,#7039,#7049,.T.);
#7047 = VERTEX_POINT('',#7048);
#7048 = CARTESIAN_POINT('',(15.50490983196,-25.60567326977,
    44.959231296372));
#7049 = LINE('',#7050,#7051);
#7050 = CARTESIAN_POINT('',(15.50490983196,-25.60567326977,
    44.959231296372));
#7051 = VECTOR('',#7052,1.);
#7052 = DIRECTION('',(0.994521895368,1.07850667488E-17,-0.104528463268)
  );
#7053 = ORIENTED_EDGE('',*,*,#7054,.T.);
#7054 = EDGE_CURVE('',#7047,#7055,#7057,.T.);
#7055 = VERTEX_POINT('',#7056);
#7056 = CARTESIAN_POINT('',(15.51750019889,-23.88316984934,
    45.079020635953));
#7057 = LINE('',#7058,#7059);
#7058 = CARTESIAN_POINT('',(15.50490983196,-25.60567326977,
    44.959231296372));
#7059 = VECTOR('',#7060,1.);
#7060 = DIRECTION('',(7.291537003444E-03,0.99756405026,
    6.937434048221E-02));
#7061 = ORIENTED_EDGE('',*,*,#7062,.F.);
#7062 = EDGE_CURVE('',#6968,#7055,#7063,.T.);
#7063 = CIRCLE('',#7064,4.7);
#7064 = AXIS2_PLACEMENT_3D('',#7065,#7066,#7067);
#7065 = CARTESIAN_POINT('',(12.660355534006,-20.19353116918,
    45.638744472978));
#7066 = DIRECTION('',(0.104273837185,-6.975647374413E-02,0.992099290016)
  );
#7067 = DIRECTION('',(0.994521895368,1.07850667488E-17,-0.104528463268)
  );
#7068 = PLANE('',#7069);
#7069 = AXIS2_PLACEMENT_3D('',#7070,#7071,#7072);
#7070 = CARTESIAN_POINT('',(15.354416883399,-32.58862162159,
    44.484063759323));
#7071 = DIRECTION('',(0.104273837185,-6.975647374413E-02,0.992099290016)
  );
#7072 = DIRECTION('',(0.994521895368,1.07850667488E-17,-0.104528463268)
  );
#7073 = ADVANCED_FACE('',(#7074),#7084,.T.);
#7074 = FACE_BOUND('',#7075,.T.);
#7075 = EDGE_LOOP('',(#7076,#7077,#7083));
#7076 = ORIENTED_EDGE('',*,*,#2706,.T.);
#7077 = ORIENTED_EDGE('',*,*,#7078,.T.);
#7078 = EDGE_CURVE('',#2699,#2715,#7079,.T.);
#7079 = LINE('',#7080,#7081);
#7080 = CARTESIAN_POINT('',(-238.3668770547,-77.88019733816,
    67.966705584143));
#7081 = VECTOR('',#7082,1.);
#7082 = DIRECTION('',(-0.983650719036,-0.154501930345,9.252251866284E-02
    ));
#7083 = ORIENTED_EDGE('',*,*,#2714,.T.);
#7084 = PLANE('',#7085);
#7085 = AXIS2_PLACEMENT_3D('',#7086,#7087,#7088);
#7086 = CARTESIAN_POINT('',(15.354416883399,-32.58862162159,
    44.484063759323));
#7087 = DIRECTION('',(0.104273837185,-6.975647374413E-02,0.992099290016)
  );
#7088 = DIRECTION('',(0.994521895368,1.07850667488E-17,-0.104528463268)
  );
#7089 = ADVANCED_FACE('',(#7090),#7115,.T.);
#7090 = FACE_BOUND('',#7091,.T.);
#7091 = EDGE_LOOP('',(#7092,#7100,#7101,#7109));
#7092 = ORIENTED_EDGE('',*,*,#7093,.F.);
#7093 = EDGE_CURVE('',#2699,#7094,#7096,.T.);
#7094 = VERTEX_POINT('',#7095);
#7095 = CARTESIAN_POINT('',(54.599582641371,-29.59592947081,
    40.569652760165));
#7096 = LINE('',#7097,#7098);
#7097 = CARTESIAN_POINT('',(54.578437184061,-32.48886521656,
    40.368467172767));
#7098 = VECTOR('',#7099,1.);
#7099 = DIRECTION('',(7.291537003444E-03,0.99756405026,
    6.937434048221E-02));
#7100 = ORIENTED_EDGE('',*,*,#2698,.F.);
#7101 = ORIENTED_EDGE('',*,*,#7102,.T.);
#7102 = EDGE_CURVE('',#2691,#7103,#7105,.T.);
#7103 = VERTEX_POINT('',#7104);
#7104 = CARTESIAN_POINT('',(56.588626432107,-29.59592947081,
    40.36059583363));
#7105 = LINE('',#7106,#7107);
#7106 = CARTESIAN_POINT('',(56.567480974797,-32.48886521656,
    40.159410246232));
#7107 = VECTOR('',#7108,1.);
#7108 = DIRECTION('',(7.291537003444E-03,0.99756405026,
    6.937434048221E-02));
#7109 = ORIENTED_EDGE('',*,*,#7110,.T.);
#7110 = EDGE_CURVE('',#7103,#7094,#7111,.T.);
#7111 = LINE('',#7112,#7113);
#7112 = CARTESIAN_POINT('',(-218.0194276356,-29.59592947081,
    69.223065354222));
#7113 = VECTOR('',#7114,1.);
#7114 = DIRECTION('',(-0.994521895368,-6.938893903907E-18,0.104528463268
    ));
#7115 = PLANE('',#7116);
#7116 = AXIS2_PLACEMENT_3D('',#7117,#7118,#7119);
#7117 = CARTESIAN_POINT('',(15.354416883399,-32.58862162159,
    44.484063759323));
#7118 = DIRECTION('',(0.104273837185,-6.975647374413E-02,0.992099290016)
  );
#7119 = DIRECTION('',(0.994521895368,1.07850667488E-17,-0.104528463268)
  );
#7120 = ADVANCED_FACE('',(#7121),#7132,.T.);
#7121 = FACE_BOUND('',#7122,.T.);
#7122 = EDGE_LOOP('',(#7123,#7124,#7130,#7131));
#7123 = ORIENTED_EDGE('',*,*,#2674,.T.);
#7124 = ORIENTED_EDGE('',*,*,#7125,.T.);
#7125 = EDGE_CURVE('',#2667,#2691,#7126,.T.);
#7126 = LINE('',#7127,#7128);
#7127 = CARTESIAN_POINT('',(-238.3668770547,-77.88019733816,
    67.966705584143));
#7128 = VECTOR('',#7129,1.);
#7129 = DIRECTION('',(-0.983650719036,-0.154501930345,9.252251866284E-02
    ));
#7130 = ORIENTED_EDGE('',*,*,#2690,.F.);
#7131 = ORIENTED_EDGE('',*,*,#2682,.T.);
#7132 = PLANE('',#7133);
#7133 = AXIS2_PLACEMENT_3D('',#7134,#7135,#7136);
#7134 = CARTESIAN_POINT('',(15.354416883399,-32.58862162159,
    44.484063759323));
#7135 = DIRECTION('',(0.104273837185,-6.975647374413E-02,0.992099290016)
  );
#7136 = DIRECTION('',(0.994521895368,1.07850667488E-17,-0.104528463268)
  );
#7137 = ADVANCED_FACE('',(#7138),#7270,.T.);
#7138 = FACE_BOUND('',#7139,.T.);
#7139 = EDGE_LOOP('',(#7140,#7148,#7149,#7158,#7164,#7165,#7166,#7167,
    #7168,#7176,#7184,#7192,#7200,#7208,#7216,#7224,#7232,#7240,#7248,
    #7256,#7264));
#7140 = ORIENTED_EDGE('',*,*,#7141,.T.);
#7141 = EDGE_CURVE('',#7142,#6936,#7144,.T.);
#7142 = VERTEX_POINT('',#7143);
#7143 = CARTESIAN_POINT('',(67.798275376438,29.733909110203,
    43.354013174201));
#7144 = LINE('',#7145,#7146);
#7145 = CARTESIAN_POINT('',(65.75764863721,-249.4467182515,
    23.938746662153));
#7146 = VECTOR('',#7147,1.);
#7147 = DIRECTION('',(-7.291537003444E-03,-0.99756405026,
    -6.937434048221E-02));
#7148 = ORIENTED_EDGE('',*,*,#6935,.T.);
#7149 = ORIENTED_EDGE('',*,*,#7150,.F.);
#7150 = EDGE_CURVE('',#7151,#6927,#7153,.T.);
#7151 = VERTEX_POINT('',#7152);
#7152 = CARTESIAN_POINT('',(70.672609899126,25.41085380713,
    42.747945828092));
#7153 = CIRCLE('',#7154,4.7);
#7154 = AXIS2_PLACEMENT_3D('',#7155,#7156,#7157);
#7155 = CARTESIAN_POINT('',(73.507810177863,21.704158941731,
    42.189329184693));
#7156 = DIRECTION('',(0.104273837185,-6.975647374413E-02,0.992099290016)
  );
#7157 = DIRECTION('',(0.994521895368,1.07850667488E-17,-0.104528463268)
  );
#7158 = ORIENTED_EDGE('',*,*,#7159,.F.);
#7159 = EDGE_CURVE('',#5473,#7151,#7160,.T.);
#7160 = LINE('',#7161,#7162);
#7161 = CARTESIAN_POINT('',(70.368035993111,-16.25827290021,
    39.850118683018));
#7162 = VECTOR('',#7163,1.);
#7163 = DIRECTION('',(-7.291537003444E-03,-0.99756405026,
    -6.937434048221E-02));
#7164 = ORIENTED_EDGE('',*,*,#5472,.F.);
#7165 = ORIENTED_EDGE('',*,*,#2919,.F.);
#7166 = ORIENTED_EDGE('',*,*,#2977,.T.);
#7167 = ORIENTED_EDGE('',*,*,#3041,.F.);
#7168 = ORIENTED_EDGE('',*,*,#7169,.F.);
#7169 = EDGE_CURVE('',#7170,#3034,#7172,.T.);
#7170 = VERTEX_POINT('',#7171);
#7171 = CARTESIAN_POINT('',(15.831828197903,32.726601260982,
    49.026329000083));
#7172 = LINE('',#7173,#7174);
#7173 = CARTESIAN_POINT('',(15.831828197903,32.726601260982,
    49.026329000083));
#7174 = VECTOR('',#7175,1.);
#7175 = DIRECTION('',(0.994521895368,1.07850667488E-17,-0.104528463268)
  );
#7176 = ORIENTED_EDGE('',*,*,#7177,.F.);
#7177 = EDGE_CURVE('',#7178,#7170,#7180,.T.);
#7178 = VERTEX_POINT('',#7179);
#7179 = CARTESIAN_POINT('',(15.812953530904,30.144335100905,
    48.846748539302));
#7180 = LINE('',#7181,#7182);
#7181 = CARTESIAN_POINT('',(15.354416883399,-32.58862162159,
    44.484063759323));
#7182 = VECTOR('',#7183,1.);
#7183 = DIRECTION('',(7.291537003444E-03,0.99756405026,
    6.937434048221E-02));
#7184 = ORIENTED_EDGE('',*,*,#7185,.T.);
#7185 = EDGE_CURVE('',#7178,#7186,#7188,.T.);
#7186 = VERTEX_POINT('',#7187);
#7187 = CARTESIAN_POINT('',(16.091044597975,31.39336738938,
    48.905341934107));
#7188 = LINE('',#7189,#7190);
#7189 = CARTESIAN_POINT('',(-54.50441581653,-285.6826552461,
    34.030978197395));
#7190 = VECTOR('',#7191,1.);
#7191 = DIRECTION('',(0.217096422073,0.975077853946,4.574190930822E-02)
  );
#7192 = ORIENTED_EDGE('',*,*,#7193,.T.);
#7193 = EDGE_CURVE('',#7186,#7194,#7196,.T.);
#7194 = VERTEX_POINT('',#7195);
#7195 = CARTESIAN_POINT('',(24.176067056405,31.39336738938,
    48.055571831508));
#7196 = LINE('',#7197,#7198);
#7197 = CARTESIAN_POINT('',(-209.7128037638,31.39336738938,
    72.63828273622));
#7198 = VECTOR('',#7199,1.);
#7199 = DIRECTION('',(0.994521895368,3.232322620284E-16,-0.104528463268)
  );
#7200 = ORIENTED_EDGE('',*,*,#7201,.T.);
#7201 = EDGE_CURVE('',#7194,#7202,#7204,.T.);
#7202 = VERTEX_POINT('',#7203);
#7203 = CARTESIAN_POINT('',(24.185082965296,32.626844855956,
    48.141352474587));
#7204 = LINE('',#7205,#7206);
#7205 = CARTESIAN_POINT('',(24.155187663582,28.536832249891,
    47.85691767861));
#7206 = VECTOR('',#7207,1.);
#7207 = DIRECTION('',(7.291537003444E-03,0.99756405026,
    6.937434048221E-02));
#7208 = ORIENTED_EDGE('',*,*,#7209,.T.);
#7209 = EDGE_CURVE('',#7202,#7210,#7212,.T.);
#7210 = VERTEX_POINT('',#7211);
#7211 = CARTESIAN_POINT('',(28.56529950803,32.626844855956,
    47.680973164565));
#7212 = LINE('',#7213,#7214);
#7213 = CARTESIAN_POINT('',(24.185082965296,32.626844855956,
    48.141352474587));
#7214 = VECTOR('',#7215,1.);
#7215 = DIRECTION('',(0.994521895368,1.07850667488E-17,-0.104528463268)
  );
#7216 = ORIENTED_EDGE('',*,*,#7217,.F.);
#7217 = EDGE_CURVE('',#7218,#7210,#7220,.T.);
#7218 = VERTEX_POINT('',#7219);
#7219 = CARTESIAN_POINT('',(28.556283599138,31.39336738938,
    47.595192521486));
#7220 = LINE('',#7221,#7222);
#7221 = CARTESIAN_POINT('',(28.535404206316,28.536832249891,
    47.396538368588));
#7222 = VECTOR('',#7223,1.);
#7223 = DIRECTION('',(7.291537003444E-03,0.99756405026,
    6.937434048221E-02));
#7224 = ORIENTED_EDGE('',*,*,#7225,.T.);
#7225 = EDGE_CURVE('',#7218,#7226,#7228,.T.);
#7226 = VERTEX_POINT('',#7227);
#7227 = CARTESIAN_POINT('',(39.354802339047,31.39336738938,
    46.460222467326));
#7228 = LINE('',#7229,#7230);
#7229 = CARTESIAN_POINT('',(-209.7128037638,31.39336738938,
    72.63828273622));
#7230 = VECTOR('',#7231,1.);
#7231 = DIRECTION('',(0.994521895368,3.232322620284E-16,-0.104528463268)
  );
#7232 = ORIENTED_EDGE('',*,*,#7233,.T.);
#7233 = EDGE_CURVE('',#7226,#7234,#7236,.T.);
#7234 = VERTEX_POINT('',#7235);
#7235 = CARTESIAN_POINT('',(39.363818247939,32.626844855956,
    46.546003110405));
#7236 = LINE('',#7237,#7238);
#7237 = CARTESIAN_POINT('',(39.333922946225,28.536832249891,
    46.261568314428));
#7238 = VECTOR('',#7239,1.);
#7239 = DIRECTION('',(7.291537003444E-03,0.99756405026,
    6.937434048221E-02));
#7240 = ORIENTED_EDGE('',*,*,#7241,.T.);
#7241 = EDGE_CURVE('',#7234,#7242,#7244,.T.);
#7242 = VERTEX_POINT('',#7243);
#7243 = CARTESIAN_POINT('',(62.449002598759,32.626844855956,
    44.119652463245));
#7244 = LINE('',#7245,#7246);
#7245 = CARTESIAN_POINT('',(39.363818247939,32.626844855956,
    46.546003110405));
#7246 = VECTOR('',#7247,1.);
#7247 = DIRECTION('',(0.994521895368,1.07850667488E-17,-0.104528463268)
  );
#7248 = ORIENTED_EDGE('',*,*,#7249,.F.);
#7249 = EDGE_CURVE('',#7250,#7242,#7252,.T.);
#7250 = VERTEX_POINT('',#7251);
#7251 = CARTESIAN_POINT('',(62.434217926957,30.604135915768,
    43.978985707384));
#7252 = LINE('',#7253,#7254);
#7253 = CARTESIAN_POINT('',(62.419107297045,28.536832249891,
    43.835217667267));
#7254 = VECTOR('',#7255,1.);
#7255 = DIRECTION('',(7.291537003444E-03,0.99756405026,
    6.937434048221E-02));
#7256 = ORIENTED_EDGE('',*,*,#7257,.T.);
#7257 = EDGE_CURVE('',#7250,#7258,#7260,.T.);
#7258 = VERTEX_POINT('',#7259);
#7259 = CARTESIAN_POINT('',(67.413894345934,29.894349631246,
    43.405694140513));
#7260 = LINE('',#7261,#7262);
#7261 = CARTESIAN_POINT('',(-165.6490389043,63.114354212521,
    70.237360084413));
#7262 = VECTOR('',#7263,1.);
#7263 = DIRECTION('',(0.9836257631,-0.140202699334,-0.113241164184));
#7264 = ORIENTED_EDGE('',*,*,#7265,.T.);
#7265 = EDGE_CURVE('',#7258,#7142,#7266,.T.);
#7266 = LINE('',#7267,#7268);
#7267 = CARTESIAN_POINT('',(-64.41223545087,84.918534679987,
    61.130038560204));
#7268 = VECTOR('',#7269,1.);
#7269 = DIRECTION('',(0.915813911362,-0.382260438099,-0.123133412278));
#7270 = PLANE('',#7271);
#7271 = AXIS2_PLACEMENT_3D('',#7272,#7273,#7274);
#7272 = CARTESIAN_POINT('',(15.354416883399,-32.58862162159,
    44.484063759323));
#7273 = DIRECTION('',(0.104273837185,-6.975647374413E-02,0.992099290016)
  );
#7274 = DIRECTION('',(0.994521895368,1.07850667488E-17,-0.104528463268)
  );
#7275 = ADVANCED_FACE('',(#7276),#7294,.T.);
#7276 = FACE_BOUND('',#7277,.T.);
#7277 = EDGE_LOOP('',(#7278,#7286,#7292,#7293));
#7278 = ORIENTED_EDGE('',*,*,#7279,.F.);
#7279 = EDGE_CURVE('',#7280,#3240,#7282,.T.);
#7280 = VERTEX_POINT('',#7281);
#7281 = CARTESIAN_POINT('',(4.,54.,10.142135623731));
#7282 = LINE('',#7283,#7284);
#7283 = CARTESIAN_POINT('',(-2.828427124746,54.,16.970562748477));
#7284 = VECTOR('',#7285,1.);
#7285 = DIRECTION('',(0.707106781187,0.,-0.707106781187));
#7286 = ORIENTED_EDGE('',*,*,#7287,.F.);
#7287 = EDGE_CURVE('',#2993,#7280,#7288,.T.);
#7288 = LINE('',#7289,#7290);
#7289 = CARTESIAN_POINT('',(4.,54.,49.497474683058));
#7290 = VECTOR('',#7291,1.);
#7291 = DIRECTION('',(-2.22044604925E-16,0.,-1.));
#7292 = ORIENTED_EDGE('',*,*,#2992,.T.);
#7293 = ORIENTED_EDGE('',*,*,#3247,.F.);
#7294 = PLANE('',#7295);
#7295 = AXIS2_PLACEMENT_3D('',#7296,#7297,#7298);
#7296 = CARTESIAN_POINT('',(-2.828427124746,54.,16.970562748477));
#7297 = DIRECTION('',(0.,1.,0.));
#7298 = DIRECTION('',(0.707106781187,0.,0.707106781187));
#7299 = ADVANCED_FACE('',(#7300),#7319,.T.);
#7300 = FACE_BOUND('',#7301,.F.);
#7301 = EDGE_LOOP('',(#7302,#7303,#7312,#7318));
#7302 = ORIENTED_EDGE('',*,*,#3023,.F.);
#7303 = ORIENTED_EDGE('',*,*,#7304,.F.);
#7304 = EDGE_CURVE('',#7305,#3024,#7307,.T.);
#7305 = VERTEX_POINT('',#7306);
#7306 = CARTESIAN_POINT('',(58.984022239056,32.53748401435,
    47.210250429377));
#7307 = ELLIPSE('',#7308,16.747229316064,2.5);
#7308 = AXIS2_PLACEMENT_3D('',#7309,#7310,#7311);
#7309 = CARTESIAN_POINT('',(50.229903284761,32.740959545789,
    45.204481552649));
#7310 = DIRECTION('',(7.291537003444E-03,0.99756405026,
    6.937434048221E-02));
#7311 = DIRECTION('',(-0.999881108738,6.33066979119E-03,
    1.406026347594E-02));
#7312 = ORIENTED_EDGE('',*,*,#7313,.T.);
#7313 = EDGE_CURVE('',#7305,#6428,#7314,.T.);
#7314 = LINE('',#7315,#7316);
#7315 = CARTESIAN_POINT('',(68.135363857563,31.099583388818,
    46.985459905662));
#7316 = VECTOR('',#7317,1.);
#7317 = DIRECTION('',(-0.987589174044,0.155174525258,2.425881328692E-02)
  );
#7318 = ORIENTED_EDGE('',*,*,#6435,.F.);
#7319 = CYLINDRICAL_SURFACE('',#7320,2.5);
#7320 = AXIS2_PLACEMENT_3D('',#7321,#7322,#7323);
#7321 = CARTESIAN_POINT('',(67.902549213622,29.964152636459,
    44.770376532928));
#7322 = DIRECTION('',(-0.987589174044,0.155174525258,2.425881328692E-02)
  );
#7323 = DIRECTION('',(7.184967497089E-04,0.158918472363,-0.987291447803)
  );
#7324 = ADVANCED_FACE('',(#7325),#7353,.F.);
#7325 = FACE_BOUND('',#7326,.F.);
#7326 = EDGE_LOOP('',(#7327,#7328,#7336,#7345,#7351,#7352));
#7327 = ORIENTED_EDGE('',*,*,#7169,.F.);
#7328 = ORIENTED_EDGE('',*,*,#7329,.T.);
#7329 = EDGE_CURVE('',#7170,#7330,#7332,.T.);
#7330 = VERTEX_POINT('',#7331);
#7331 = CARTESIAN_POINT('',(16.110934331576,32.539886547003,
    51.68184647726));
#7332 = LINE('',#7333,#7334);
#7333 = CARTESIAN_POINT('',(15.831828197903,32.726601260982,
    49.026329000083));
#7334 = VECTOR('',#7335,1.);
#7335 = DIRECTION('',(0.104273837185,-6.975647374413E-02,0.992099290016)
  );
#7336 = ORIENTED_EDGE('',*,*,#7337,.T.);
#7337 = EDGE_CURVE('',#7330,#7338,#7340,.T.);
#7338 = VERTEX_POINT('',#7339);
#7339 = CARTESIAN_POINT('',(16.796701317924,32.53748401435,51.6443165327
    ));
#7340 = ELLIPSE('',#7341,5.033468030586,2.5);
#7341 = AXIS2_PLACEMENT_3D('',#7342,#7343,#7344);
#7342 = CARTESIAN_POINT('',(14.390661391416,32.740959545789,
    48.971337664351));
#7343 = DIRECTION('',(7.291537003444E-03,0.99756405026,
    6.937434048221E-02));
#7344 = DIRECTION('',(0.969695903352,-2.399627276072E-02,0.243133777816)
  );
#7345 = ORIENTED_EDGE('',*,*,#7346,.F.);
#7346 = EDGE_CURVE('',#7305,#7338,#7347,.T.);
#7347 = LINE('',#7348,#7349);
#7348 = CARTESIAN_POINT('',(25.445088410515,32.53748401435,
    50.735334421052));
#7349 = VECTOR('',#7350,1.);
#7350 = DIRECTION('',(-0.994521895368,-2.024034543191E-17,0.104528463268
    ));
#7351 = ORIENTED_EDGE('',*,*,#7304,.T.);
#7352 = ORIENTED_EDGE('',*,*,#3033,.F.);
#7353 = PLANE('',#7354);
#7354 = AXIS2_PLACEMENT_3D('',#7355,#7356,#7357);
#7355 = CARTESIAN_POINT('',(15.831828197903,32.726601260982,
    49.026329000083));
#7356 = DIRECTION('',(7.291537003444E-03,0.99756405026,
    6.937434048221E-02));
#7357 = DIRECTION('',(0.104273837185,-6.975647374413E-02,0.992099290016)
  );
#7358 = ADVANCED_FACE('',(#7359),#7384,.F.);
#7359 = FACE_BOUND('',#7360,.F.);
#7360 = EDGE_LOOP('',(#7361,#7371,#7377,#7378));
#7361 = ORIENTED_EDGE('',*,*,#7362,.F.);
#7362 = EDGE_CURVE('',#7363,#7365,#7367,.T.);
#7363 = VERTEX_POINT('',#7364);
#7364 = CARTESIAN_POINT('',(29.809143873095,36.921813533908,
    37.383635861717));
#7365 = VERTEX_POINT('',#7366);
#7366 = CARTESIAN_POINT('',(21.527295088655,38.223095470933,
    37.587068451515));
#7367 = LINE('',#7368,#7369);
#7368 = CARTESIAN_POINT('',(67.90829718762,30.93550041536,
    36.447780881795));
#7369 = VECTOR('',#7370,1.);
#7370 = DIRECTION('',(-0.987589174044,0.155174525258,2.425881328692E-02)
  );
#7371 = ORIENTED_EDGE('',*,*,#7372,.T.);
#7372 = EDGE_CURVE('',#7363,#3068,#7373,.T.);
#7373 = LINE('',#7374,#7375);
#7374 = CARTESIAN_POINT('',(29.730615045469,36.43430307611,
    37.305107034091));
#7375 = VECTOR('',#7376,1.);
#7376 = DIRECTION('',(0.157057655253,0.975020915598,0.157057655253));
#7377 = ORIENTED_EDGE('',*,*,#3065,.F.);
#7378 = ORIENTED_EDGE('',*,*,#7379,.F.);
#7379 = EDGE_CURVE('',#7365,#3066,#7380,.T.);
#7380 = LINE('',#7381,#7382);
#7381 = CARTESIAN_POINT('',(21.527295088655,38.223095470933,
    37.587068451515));
#7382 = VECTOR('',#7383,1.);
#7383 = DIRECTION('',(0.157057655253,0.975020915598,0.157057655253));
#7384 = PLANE('',#7385);
#7385 = AXIS2_PLACEMENT_3D('',#7386,#7387,#7388);
#7386 = CARTESIAN_POINT('',(54.968312618317,32.968689939063,
    36.765634375791));
#7387 = DIRECTION('',(-7.184967497114E-04,-0.158918472363,0.987291447803
    ));
#7388 = DIRECTION('',(-0.987589174044,0.155174525258,2.425881328692E-02)
  );
#7389 = ADVANCED_FACE('',(#7390),#7408,.F.);
#7390 = FACE_BOUND('',#7391,.F.);
#7391 = EDGE_LOOP('',(#7392,#7393,#7401,#7407));
#7392 = ORIENTED_EDGE('',*,*,#7372,.F.);
#7393 = ORIENTED_EDGE('',*,*,#7394,.T.);
#7394 = EDGE_CURVE('',#7363,#7395,#7397,.T.);
#7395 = VERTEX_POINT('',#7396);
#7396 = CARTESIAN_POINT('',(25.769935775774,38.223095470933,
    33.344427764396));
#7397 = LINE('',#7398,#7399);
#7398 = CARTESIAN_POINT('',(27.883402672452,37.542215399671,
    35.457894661075));
#7399 = VECTOR('',#7400,1.);
#7400 = DIRECTION('',(-0.689443901218,0.222113066133,-0.689443901218));
#7401 = ORIENTED_EDGE('',*,*,#7402,.T.);
#7402 = EDGE_CURVE('',#7395,#3076,#7403,.T.);
#7403 = LINE('',#7404,#7405);
#7404 = CARTESIAN_POINT('',(25.691406948147,37.735585013134,
    33.26589893677));
#7405 = VECTOR('',#7406,1.);
#7406 = DIRECTION('',(0.157057655253,0.975020915598,0.157057655253));
#7407 = ORIENTED_EDGE('',*,*,#3083,.F.);
#7408 = PLANE('',#7409);
#7409 = AXIS2_PLACEMENT_3D('',#7410,#7411,#7412);
#7410 = CARTESIAN_POINT('',(24.923434219303,37.470187621469,
    32.497926207925));
#7411 = DIRECTION('',(0.707106781187,-2.23111974924E-16,-0.707106781187)
  );
#7412 = DIRECTION('',(0.157057655253,0.975020915598,0.157057655253));
#7413 = ADVANCED_FACE('',(#7414),#7425,.T.);
#7414 = FACE_BOUND('',#7415,.T.);
#7415 = EDGE_LOOP('',(#7416,#7422,#7423,#7424));
#7416 = ORIENTED_EDGE('',*,*,#7417,.F.);
#7417 = EDGE_CURVE('',#7395,#7365,#7418,.T.);
#7418 = LINE('',#7419,#7420);
#7419 = CARTESIAN_POINT('',(51.477491986868,38.223095470933,
    7.636871553302));
#7420 = VECTOR('',#7421,1.);
#7421 = DIRECTION('',(-0.707106781187,1.689874414246E-16,0.707106781187)
  );
#7422 = ORIENTED_EDGE('',*,*,#7402,.T.);
#7423 = ORIENTED_EDGE('',*,*,#3075,.F.);
#7424 = ORIENTED_EDGE('',*,*,#7379,.F.);
#7425 = PLANE('',#7426);
#7426 = AXIS2_PLACEMENT_3D('',#7427,#7428,#7429);
#7427 = CARTESIAN_POINT('',(43.814427476012,38.223095470933,
    15.299936064158));
#7428 = DIRECTION('',(0.689443901218,-0.222113066133,0.689443901218));
#7429 = DIRECTION('',(-0.707106781187,1.689874414246E-16,0.707106781187)
  );
#7430 = ADVANCED_FACE('',(#7431),#7456,.T.);
#7431 = FACE_BOUND('',#7432,.T.);
#7432 = EDGE_LOOP('',(#7433,#7441,#7449,#7455));
#7433 = ORIENTED_EDGE('',*,*,#7434,.F.);
#7434 = EDGE_CURVE('',#7435,#3092,#7437,.T.);
#7435 = VERTEX_POINT('',#7436);
#7436 = CARTESIAN_POINT('',(33.950068265315,36.271172565396,
    37.281919566818));
#7437 = LINE('',#7438,#7439);
#7438 = CARTESIAN_POINT('',(33.871539437689,35.783662107597,
    37.203390739192));
#7439 = VECTOR('',#7440,1.);
#7440 = DIRECTION('',(0.157057655253,0.975020915598,0.157057655253));
#7441 = ORIENTED_EDGE('',*,*,#7442,.T.);
#7442 = EDGE_CURVE('',#7435,#7443,#7445,.T.);
#7443 = VERTEX_POINT('',#7444);
#7444 = CARTESIAN_POINT('',(27.891256119334,38.223095470933,
    31.223107420837));
#7445 = LINE('',#7446,#7447);
#7446 = CARTESIAN_POINT('',(30.004723016012,37.542215399671,
    33.336574317515));
#7447 = VECTOR('',#7448,1.);
#7448 = DIRECTION('',(-0.689443901218,0.222113066133,-0.689443901218));
#7449 = ORIENTED_EDGE('',*,*,#7450,.T.);
#7450 = EDGE_CURVE('',#7443,#3094,#7451,.T.);
#7451 = LINE('',#7452,#7453);
#7452 = CARTESIAN_POINT('',(27.812727291707,37.735585013134,
    31.14457859321));
#7453 = VECTOR('',#7454,1.);
#7454 = DIRECTION('',(0.157057655253,0.975020915598,0.157057655253));
#7455 = ORIENTED_EDGE('',*,*,#3091,.F.);
#7456 = PLANE('',#7457);
#7457 = AXIS2_PLACEMENT_3D('',#7458,#7459,#7460);
#7458 = CARTESIAN_POINT('',(27.044754562863,37.470187621469,
    30.376605864366));
#7459 = DIRECTION('',(0.707106781187,-2.23111974924E-16,-0.707106781187)
  );
#7460 = DIRECTION('',(0.157057655253,0.975020915598,0.157057655253));
#7461 = ADVANCED_FACE('',(#7462),#7480,.F.);
#7462 = FACE_BOUND('',#7463,.F.);
#7463 = EDGE_LOOP('',(#7464,#7472,#7478,#7479));
#7464 = ORIENTED_EDGE('',*,*,#7465,.F.);
#7465 = EDGE_CURVE('',#7466,#7435,#7468,.T.);
#7466 = VERTEX_POINT('',#7467);
#7467 = CARTESIAN_POINT('',(42.231917049756,34.969890628371,
    37.07848697702));
#7468 = LINE('',#7469,#7470);
#7469 = CARTESIAN_POINT('',(67.90829718762,30.93550041536,
    36.447780881795));
#7470 = VECTOR('',#7471,1.);
#7471 = DIRECTION('',(-0.987589174044,0.155174525258,2.425881328692E-02)
  );
#7472 = ORIENTED_EDGE('',*,*,#7473,.T.);
#7473 = EDGE_CURVE('',#7466,#3110,#7474,.T.);
#7474 = LINE('',#7475,#7476);
#7475 = CARTESIAN_POINT('',(42.15338822213,34.482380170572,
    36.999958149394));
#7476 = VECTOR('',#7477,1.);
#7477 = DIRECTION('',(0.157057655253,0.975020915598,0.157057655253));
#7478 = ORIENTED_EDGE('',*,*,#3117,.F.);
#7479 = ORIENTED_EDGE('',*,*,#7434,.F.);
#7480 = PLANE('',#7481);
#7481 = AXIS2_PLACEMENT_3D('',#7482,#7483,#7484);
#7482 = CARTESIAN_POINT('',(54.968312618317,32.968689939063,
    36.765634375791));
#7483 = DIRECTION('',(-7.184967497114E-04,-0.158918472363,0.987291447803
    ));
#7484 = DIRECTION('',(-0.987589174044,0.155174525258,2.425881328692E-02)
  );
#7485 = ADVANCED_FACE('',(#7486),#7504,.F.);
#7486 = FACE_BOUND('',#7487,.F.);
#7487 = EDGE_LOOP('',(#7488,#7489,#7497,#7503));
#7488 = ORIENTED_EDGE('',*,*,#7473,.F.);
#7489 = ORIENTED_EDGE('',*,*,#7490,.T.);
#7490 = EDGE_CURVE('',#7466,#7491,#7493,.T.);
#7491 = VERTEX_POINT('',#7492);
#7492 = CARTESIAN_POINT('',(32.133896806453,38.223095470933,
    26.980466733717));
#7493 = LINE('',#7494,#7495);
#7494 = CARTESIAN_POINT('',(34.247363703131,37.542215399671,
    29.093933630396));
#7495 = VECTOR('',#7496,1.);
#7496 = DIRECTION('',(-0.689443901218,0.222113066133,-0.689443901218));
#7497 = ORIENTED_EDGE('',*,*,#7498,.T.);
#7498 = EDGE_CURVE('',#7491,#3102,#7499,.T.);
#7499 = LINE('',#7500,#7501);
#7500 = CARTESIAN_POINT('',(32.055367978826,37.735585013134,
    26.901937906091));
#7501 = VECTOR('',#7502,1.);
#7502 = DIRECTION('',(0.157057655253,0.975020915598,0.157057655253));
#7503 = ORIENTED_EDGE('',*,*,#3109,.F.);
#7504 = PLANE('',#7505);
#7505 = AXIS2_PLACEMENT_3D('',#7506,#7507,#7508);
#7506 = CARTESIAN_POINT('',(31.287395249982,37.470187621469,
    26.133965177246));
#7507 = DIRECTION('',(0.707106781187,-2.23111974924E-16,-0.707106781187)
  );
#7508 = DIRECTION('',(0.157057655253,0.975020915598,0.157057655253));
#7509 = ADVANCED_FACE('',(#7510),#7521,.T.);
#7510 = FACE_BOUND('',#7511,.T.);
#7511 = EDGE_LOOP('',(#7512,#7518,#7519,#7520));
#7512 = ORIENTED_EDGE('',*,*,#7513,.F.);
#7513 = EDGE_CURVE('',#7491,#7443,#7514,.T.);
#7514 = LINE('',#7515,#7516);
#7515 = CARTESIAN_POINT('',(51.477491986868,38.223095470933,
    7.636871553302));
#7516 = VECTOR('',#7517,1.);
#7517 = DIRECTION('',(-0.707106781187,1.689874414246E-16,0.707106781187)
  );
#7518 = ORIENTED_EDGE('',*,*,#7498,.T.);
#7519 = ORIENTED_EDGE('',*,*,#3101,.F.);
#7520 = ORIENTED_EDGE('',*,*,#7450,.F.);
#7521 = PLANE('',#7522);
#7522 = AXIS2_PLACEMENT_3D('',#7523,#7524,#7525);
#7523 = CARTESIAN_POINT('',(43.814427476012,38.223095470933,
    15.299936064158));
#7524 = DIRECTION('',(0.689443901218,-0.222113066133,0.689443901218));
#7525 = DIRECTION('',(-0.707106781187,1.689874414246E-16,0.707106781187)
  );
#7526 = ADVANCED_FACE('',(#7527),#7552,.T.);
#7527 = FACE_BOUND('',#7528,.T.);
#7528 = EDGE_LOOP('',(#7529,#7537,#7545,#7551));
#7529 = ORIENTED_EDGE('',*,*,#7530,.F.);
#7530 = EDGE_CURVE('',#7531,#3126,#7533,.T.);
#7531 = VERTEX_POINT('',#7532);
#7532 = CARTESIAN_POINT('',(46.372841441976,34.319249659859,
    36.976770682122));
#7533 = LINE('',#7534,#7535);
#7534 = CARTESIAN_POINT('',(46.29431261435,33.83173920206,
    36.898241854495));
#7535 = VECTOR('',#7536,1.);
#7536 = DIRECTION('',(0.157057655253,0.975020915598,0.157057655253));
#7537 = ORIENTED_EDGE('',*,*,#7538,.T.);
#7538 = EDGE_CURVE('',#7531,#7539,#7541,.T.);
#7539 = VERTEX_POINT('',#7540);
#7540 = CARTESIAN_POINT('',(34.255217150012,38.223095470933,
    24.859146390158));
#7541 = LINE('',#7542,#7543);
#7542 = CARTESIAN_POINT('',(36.368684046691,37.542215399671,
    26.972613286836));
#7543 = VECTOR('',#7544,1.);
#7544 = DIRECTION('',(-0.689443901218,0.222113066133,-0.689443901218));
#7545 = ORIENTED_EDGE('',*,*,#7546,.T.);
#7546 = EDGE_CURVE('',#7539,#3128,#7547,.T.);
#7547 = LINE('',#7548,#7549);
#7548 = CARTESIAN_POINT('',(34.176688322386,37.735585013134,
    24.780617562531));
#7549 = VECTOR('',#7550,1.);
#7550 = DIRECTION('',(0.157057655253,0.975020915598,0.157057655253));
#7551 = ORIENTED_EDGE('',*,*,#3125,.F.);
#7552 = PLANE('',#7553);
#7553 = AXIS2_PLACEMENT_3D('',#7554,#7555,#7556);
#7554 = CARTESIAN_POINT('',(33.408715593542,37.470187621469,
    24.012644833687));
#7555 = DIRECTION('',(0.707106781187,-2.23111974924E-16,-0.707106781187)
  );
#7556 = DIRECTION('',(0.157057655253,0.975020915598,0.157057655253));
#7557 = ADVANCED_FACE('',(#7558),#7576,.F.);
#7558 = FACE_BOUND('',#7559,.F.);
#7559 = EDGE_LOOP('',(#7560,#7568,#7574,#7575));
#7560 = ORIENTED_EDGE('',*,*,#7561,.F.);
#7561 = EDGE_CURVE('',#7562,#7531,#7564,.T.);
#7562 = VERTEX_POINT('',#7563);
#7563 = CARTESIAN_POINT('',(54.654690226417,33.017967722834,
    36.773338092323));
#7564 = LINE('',#7565,#7566);
#7565 = CARTESIAN_POINT('',(67.90829718762,30.93550041536,
    36.447780881795));
#7566 = VECTOR('',#7567,1.);
#7567 = DIRECTION('',(-0.987589174044,0.155174525258,2.425881328692E-02)
  );
#7568 = ORIENTED_EDGE('',*,*,#7569,.T.);
#7569 = EDGE_CURVE('',#7562,#3144,#7570,.T.);
#7570 = LINE('',#7571,#7572);
#7571 = CARTESIAN_POINT('',(54.57616139879,32.530457265035,
    36.694809264697));
#7572 = VECTOR('',#7573,1.);
#7573 = DIRECTION('',(0.157057655253,0.975020915598,0.157057655253));
#7574 = ORIENTED_EDGE('',*,*,#3151,.F.);
#7575 = ORIENTED_EDGE('',*,*,#7530,.F.);
#7576 = PLANE('',#7577);
#7577 = AXIS2_PLACEMENT_3D('',#7578,#7579,#7580);
#7578 = CARTESIAN_POINT('',(54.968312618317,32.968689939063,
    36.765634375791));
#7579 = DIRECTION('',(-7.184967497114E-04,-0.158918472363,0.987291447803
    ));
#7580 = DIRECTION('',(-0.987589174044,0.155174525258,2.425881328692E-02)
  );
#7581 = ADVANCED_FACE('',(#7582),#7600,.F.);
#7582 = FACE_BOUND('',#7583,.F.);
#7583 = EDGE_LOOP('',(#7584,#7585,#7593,#7599));
#7584 = ORIENTED_EDGE('',*,*,#7569,.F.);
#7585 = ORIENTED_EDGE('',*,*,#7586,.T.);
#7586 = EDGE_CURVE('',#7562,#7587,#7589,.T.);
#7587 = VERTEX_POINT('',#7588);
#7588 = CARTESIAN_POINT('',(38.497857837132,38.223095470933,
    20.616505703038));
#7589 = LINE('',#7590,#7591);
#7590 = CARTESIAN_POINT('',(40.61132473381,37.542215399671,
    22.729972599717));
#7591 = VECTOR('',#7592,1.);
#7592 = DIRECTION('',(-0.689443901218,0.222113066133,-0.689443901218));
#7593 = ORIENTED_EDGE('',*,*,#7594,.T.);
#7594 = EDGE_CURVE('',#7587,#3136,#7595,.T.);
#7595 = LINE('',#7596,#7597);
#7596 = CARTESIAN_POINT('',(38.419329009505,37.735585013134,
    20.537976875412));
#7597 = VECTOR('',#7598,1.);
#7598 = DIRECTION('',(0.157057655253,0.975020915598,0.157057655253));
#7599 = ORIENTED_EDGE('',*,*,#3143,.F.);
#7600 = PLANE('',#7601);
#7601 = AXIS2_PLACEMENT_3D('',#7602,#7603,#7604);
#7602 = CARTESIAN_POINT('',(37.651356280661,37.470187621469,
    19.770004146568));
#7603 = DIRECTION('',(0.707106781187,-2.23111974924E-16,-0.707106781187)
  );
#7604 = DIRECTION('',(0.157057655253,0.975020915598,0.157057655253));
#7605 = ADVANCED_FACE('',(#7606),#7617,.T.);
#7606 = FACE_BOUND('',#7607,.T.);
#7607 = EDGE_LOOP('',(#7608,#7614,#7615,#7616));
#7608 = ORIENTED_EDGE('',*,*,#7609,.F.);
#7609 = EDGE_CURVE('',#7587,#7539,#7610,.T.);
#7610 = LINE('',#7611,#7612);
#7611 = CARTESIAN_POINT('',(51.477491986868,38.223095470933,
    7.636871553302));
#7612 = VECTOR('',#7613,1.);
#7613 = DIRECTION('',(-0.707106781187,1.689874414246E-16,0.707106781187)
  );
#7614 = ORIENTED_EDGE('',*,*,#7594,.T.);
#7615 = ORIENTED_EDGE('',*,*,#3135,.F.);
#7616 = ORIENTED_EDGE('',*,*,#7546,.F.);
#7617 = PLANE('',#7618);
#7618 = AXIS2_PLACEMENT_3D('',#7619,#7620,#7621);
#7619 = CARTESIAN_POINT('',(43.814427476012,38.223095470933,
    15.299936064158));
#7620 = DIRECTION('',(0.689443901218,-0.222113066133,0.689443901218));
#7621 = DIRECTION('',(-0.707106781187,1.689874414246E-16,0.707106781187)
  );
#7622 = ADVANCED_FACE('',(#7623),#7689,.F.);
#7623 = FACE_BOUND('',#7624,.F.);
#7624 = EDGE_LOOP('',(#7625,#7633,#7641,#7649,#7657,#7665,#7671,#7672,
    #7673,#7674,#7675,#7683));
#7625 = ORIENTED_EDGE('',*,*,#7626,.F.);
#7626 = EDGE_CURVE('',#7280,#7627,#7629,.T.);
#7627 = VERTEX_POINT('',#7628);
#7628 = CARTESIAN_POINT('',(4.,44.,10.142135623731));
#7629 = LINE('',#7630,#7631);
#7630 = CARTESIAN_POINT('',(4.,-277.,10.142135623731));
#7631 = VECTOR('',#7632,1.);
#7632 = DIRECTION('',(0.,-1.,0.));
#7633 = ORIENTED_EDGE('',*,*,#7634,.F.);
#7634 = EDGE_CURVE('',#7635,#7280,#7637,.T.);
#7635 = VERTEX_POINT('',#7636);
#7636 = CARTESIAN_POINT('',(2.6645352591E-15,54.,14.142135623731));
#7637 = LINE('',#7638,#7639);
#7638 = CARTESIAN_POINT('',(-182.0799961555,54.,196.22213177926));
#7639 = VECTOR('',#7640,1.);
#7640 = DIRECTION('',(0.707106781187,0.,-0.707106781187));
#7641 = ORIENTED_EDGE('',*,*,#7642,.T.);
#7642 = EDGE_CURVE('',#7635,#7643,#7645,.T.);
#7643 = VERTEX_POINT('',#7644);
#7644 = CARTESIAN_POINT('',(-1.7763568394E-15,44.,14.142135623731));
#7645 = LINE('',#7646,#7647);
#7646 = CARTESIAN_POINT('',(-1.95399252334E-14,-277.,14.142135623731));
#7647 = VECTOR('',#7648,1.);
#7648 = DIRECTION('',(0.,-1.,0.));
#7649 = ORIENTED_EDGE('',*,*,#7650,.T.);
#7650 = EDGE_CURVE('',#7643,#7651,#7653,.T.);
#7651 = VERTEX_POINT('',#7652);
#7652 = CARTESIAN_POINT('',(0.,40.,14.142135623731));
#7653 = LINE('',#7654,#7655);
#7654 = CARTESIAN_POINT('',(-1.95399252334E-14,-277.,14.142135623731));
#7655 = VECTOR('',#7656,1.);
#7656 = DIRECTION('',(0.,-1.,0.));
#7657 = ORIENTED_EDGE('',*,*,#7658,.F.);
#7658 = EDGE_CURVE('',#7659,#7651,#7661,.T.);
#7659 = VERTEX_POINT('',#7660);
#7660 = CARTESIAN_POINT('',(4.,40.,10.142135623731));
#7661 = LINE('',#7662,#7663);
#7662 = CARTESIAN_POINT('',(-174.655374953,40.,188.7975105768));
#7663 = VECTOR('',#7664,1.);
#7664 = DIRECTION('',(-0.707106781187,0.,0.707106781187));
#7665 = ORIENTED_EDGE('',*,*,#7666,.F.);
#7666 = EDGE_CURVE('',#4490,#7659,#7667,.T.);
#7667 = LINE('',#7668,#7669);
#7668 = CARTESIAN_POINT('',(-169.7056274847,40.,183.8477631085));
#7669 = VECTOR('',#7670,1.);
#7670 = DIRECTION('',(-0.707106781187,0.,0.707106781187));
#7671 = ORIENTED_EDGE('',*,*,#4489,.F.);
#7672 = ORIENTED_EDGE('',*,*,#3303,.T.);
#7673 = ORIENTED_EDGE('',*,*,#3262,.T.);
#7674 = ORIENTED_EDGE('',*,*,#3239,.F.);
#7675 = ORIENTED_EDGE('',*,*,#7676,.F.);
#7676 = EDGE_CURVE('',#7677,#3240,#7679,.T.);
#7677 = VERTEX_POINT('',#7678);
#7678 = CARTESIAN_POINT('',(10.142135623731,44.,4.));
#7679 = LINE('',#7680,#7681);
#7680 = CARTESIAN_POINT('',(10.142135623731,-277.,4.));
#7681 = VECTOR('',#7682,1.);
#7682 = DIRECTION('',(0.,1.,0.));
#7683 = ORIENTED_EDGE('',*,*,#7684,.T.);
#7684 = EDGE_CURVE('',#7677,#7627,#7685,.T.);
#7685 = LINE('',#7686,#7687);
#7686 = CARTESIAN_POINT('',(-169.7056274847,44.,183.8477631085));
#7687 = VECTOR('',#7688,1.);
#7688 = DIRECTION('',(-0.707106781187,0.,0.707106781187));
#7689 = PLANE('',#7690);
#7690 = AXIS2_PLACEMENT_3D('',#7691,#7692,#7693);
#7691 = CARTESIAN_POINT('',(-346.4823227814,-500.,360.62445840513));
#7692 = DIRECTION('',(0.707106781187,0.,0.707106781187));
#7693 = DIRECTION('',(0.707106781187,0.,-0.707106781187));
#7694 = ADVANCED_FACE('',(#7695),#7761,.F.);
#7695 = FACE_BOUND('',#7696,.F.);
#7696 = EDGE_LOOP('',(#7697,#7707,#7715,#7721,#7729,#7737,#7743,#7744,
    #7745,#7746,#7747,#7755));
#7697 = ORIENTED_EDGE('',*,*,#7698,.T.);
#7698 = EDGE_CURVE('',#7699,#7701,#7703,.T.);
#7699 = VERTEX_POINT('',#7700);
#7700 = CARTESIAN_POINT('',(0.,-40.,14.142135623731));
#7701 = VERTEX_POINT('',#7702);
#7702 = CARTESIAN_POINT('',(-1.7763568394E-15,-44.,14.142135623731));
#7703 = LINE('',#7704,#7705);
#7704 = CARTESIAN_POINT('',(-1.95399252334E-14,-277.,14.142135623731));
#7705 = VECTOR('',#7706,1.);
#7706 = DIRECTION('',(0.,-1.,0.));
#7707 = ORIENTED_EDGE('',*,*,#7708,.T.);
#7708 = EDGE_CURVE('',#7701,#7709,#7711,.T.);
#7709 = VERTEX_POINT('',#7710);
#7710 = CARTESIAN_POINT('',(2.6645352591E-15,-54.,14.142135623731));
#7711 = LINE('',#7712,#7713);
#7712 = CARTESIAN_POINT('',(-1.95399252334E-14,-277.,14.142135623731));
#7713 = VECTOR('',#7714,1.);
#7714 = DIRECTION('',(0.,-1.,0.));
#7715 = ORIENTED_EDGE('',*,*,#7716,.T.);
#7716 = EDGE_CURVE('',#7709,#6477,#7717,.T.);
#7717 = LINE('',#7718,#7719);
#7718 = CARTESIAN_POINT('',(-182.0799961555,-54.,196.22213177926));
#7719 = VECTOR('',#7720,1.);
#7720 = DIRECTION('',(0.707106781187,0.,-0.707106781187));
#7721 = ORIENTED_EDGE('',*,*,#7722,.F.);
#7722 = EDGE_CURVE('',#7723,#6477,#7725,.T.);
#7723 = VERTEX_POINT('',#7724);
#7724 = CARTESIAN_POINT('',(4.,-44.,10.142135623731));
#7725 = LINE('',#7726,#7727);
#7726 = CARTESIAN_POINT('',(4.,-277.,10.142135623731));
#7727 = VECTOR('',#7728,1.);
#7728 = DIRECTION('',(0.,-1.,0.));
#7729 = ORIENTED_EDGE('',*,*,#7730,.F.);
#7730 = EDGE_CURVE('',#7731,#7723,#7733,.T.);
#7731 = VERTEX_POINT('',#7732);
#7732 = CARTESIAN_POINT('',(10.142135623731,-44.,4.));
#7733 = LINE('',#7734,#7735);
#7734 = CARTESIAN_POINT('',(-169.7056274847,-44.,183.8477631085));
#7735 = VECTOR('',#7736,1.);
#7736 = DIRECTION('',(-0.707106781187,0.,0.707106781187));
#7737 = ORIENTED_EDGE('',*,*,#7738,.F.);
#7738 = EDGE_CURVE('',#4596,#7731,#7739,.T.);
#7739 = LINE('',#7740,#7741);
#7740 = CARTESIAN_POINT('',(10.142135623731,-277.,4.));
#7741 = VECTOR('',#7742,1.);
#7742 = DIRECTION('',(0.,1.,0.));
#7743 = ORIENTED_EDGE('',*,*,#4595,.T.);
#7744 = ORIENTED_EDGE('',*,*,#4553,.T.);
#7745 = ORIENTED_EDGE('',*,*,#4529,.T.);
#7746 = ORIENTED_EDGE('',*,*,#3347,.T.);
#7747 = ORIENTED_EDGE('',*,*,#7748,.T.);
#7748 = EDGE_CURVE('',#3338,#7749,#7751,.T.);
#7749 = VERTEX_POINT('',#7750);
#7750 = CARTESIAN_POINT('',(4.,-40.,10.142135623731));
#7751 = LINE('',#7752,#7753);
#7752 = CARTESIAN_POINT('',(-169.7056274847,-40.,183.8477631085));
#7753 = VECTOR('',#7754,1.);
#7754 = DIRECTION('',(-0.707106781187,0.,0.707106781187));
#7755 = ORIENTED_EDGE('',*,*,#7756,.T.);
#7756 = EDGE_CURVE('',#7749,#7699,#7757,.T.);
#7757 = LINE('',#7758,#7759);
#7758 = CARTESIAN_POINT('',(-174.655374953,-40.,188.7975105768));
#7759 = VECTOR('',#7760,1.);
#7760 = DIRECTION('',(-0.707106781187,0.,0.707106781187));
#7761 = PLANE('',#7762);
#7762 = AXIS2_PLACEMENT_3D('',#7763,#7764,#7765);
#7763 = CARTESIAN_POINT('',(-346.4823227814,-500.,360.62445840513));
#7764 = DIRECTION('',(0.707106781187,0.,0.707106781187));
#7765 = DIRECTION('',(0.707106781187,0.,-0.707106781187));
#7766 = ADVANCED_FACE('',(#7767),#7801,.F.);
#7767 = FACE_BOUND('',#7768,.F.);
#7768 = EDGE_LOOP('',(#7769,#7777,#7785,#7793,#7799,#7800));
#7769 = ORIENTED_EDGE('',*,*,#7770,.F.);
#7770 = EDGE_CURVE('',#7771,#4659,#7773,.T.);
#7771 = VERTEX_POINT('',#7772);
#7772 = CARTESIAN_POINT('',(64.18877221919,31.41364979684,
    37.198933204067));
#7773 = LINE('',#7774,#7775);
#7774 = CARTESIAN_POINT('',(67.902549213622,29.664152636459,
    44.346112464216));
#7775 = VECTOR('',#7776,1.);
#7776 = DIRECTION('',(-0.450576843115,0.212259085224,-0.867137007161));
#7777 = ORIENTED_EDGE('',*,*,#7778,.T.);
#7778 = EDGE_CURVE('',#7771,#7779,#7781,.T.);
#7779 = VERTEX_POINT('',#7780);
#7780 = CARTESIAN_POINT('',(67.110068051019,30.194301836914,
    36.806157860098));
#7781 = LINE('',#7782,#7783);
#7782 = CARTESIAN_POINT('',(-65.10044277629,85.378927406698,
    54.5821832461));
#7783 = VECTOR('',#7784,1.);
#7784 = DIRECTION('',(0.915813911362,-0.382260438099,-0.123133412278));
#7785 = ORIENTED_EDGE('',*,*,#7786,.T.);
#7786 = EDGE_CURVE('',#7779,#7787,#7789,.T.);
#7787 = VERTEX_POINT('',#7788);
#7788 = CARTESIAN_POINT('',(67.0996406673,30.201277484288,
    36.706947931096));
#7789 = LINE('',#7790,#7791);
#7790 = CARTESIAN_POINT('',(67.902549213622,29.664152636459,
    44.346112464216));
#7791 = VECTOR('',#7792,1.);
#7792 = DIRECTION('',(-0.104273837185,6.975647374413E-02,-0.992099290016
    ));
#7793 = ORIENTED_EDGE('',*,*,#7794,.T.);
#7794 = EDGE_CURVE('',#7787,#4627,#7795,.T.);
#7795 = LINE('',#7796,#7797);
#7796 = CARTESIAN_POINT('',(67.902549213622,29.664152636459,
    44.346112464216));
#7797 = VECTOR('',#7798,1.);
#7798 = DIRECTION('',(-0.104273837185,6.975647374413E-02,-0.992099290016
    ));
#7799 = ORIENTED_EDGE('',*,*,#4626,.F.);
#7800 = ORIENTED_EDGE('',*,*,#4658,.F.);
#7801 = PLANE('',#7802);
#7802 = AXIS2_PLACEMENT_3D('',#7803,#7804,#7805);
#7803 = CARTESIAN_POINT('',(58.858271633379,34.049906891492,
    22.140429435492));
#7804 = DIRECTION('',(0.38782966188,0.921417924633,2.402418637797E-02));
#7805 = DIRECTION('',(0.674232099118,-0.301367139945,0.674232099118));
#7806 = ADVANCED_FACE('',(#7807,#7818,#7920,#7973,#7979,#8081,#8087),
  #8138,.F.);
#7807 = FACE_BOUND('',#7808,.F.);
#7808 = EDGE_LOOP('',(#7809,#7810,#7816,#7817));
#7809 = ORIENTED_EDGE('',*,*,#7794,.F.);
#7810 = ORIENTED_EDGE('',*,*,#7811,.F.);
#7811 = EDGE_CURVE('',#4810,#7787,#7812,.T.);
#7812 = LINE('',#7813,#7814);
#7813 = CARTESIAN_POINT('',(66.665978574817,-29.12856109672,
    32.580928733229));
#7814 = VECTOR('',#7815,1.);
#7815 = DIRECTION('',(7.291537003444E-03,0.99756405026,
    6.937434048221E-02));
#7816 = ORIENTED_EDGE('',*,*,#4809,.F.);
#7817 = ORIENTED_EDGE('',*,*,#4634,.F.);
#7818 = FACE_BOUND('',#7819,.F.);
#7819 = EDGE_LOOP('',(#7820,#7914));
#7820 = ORIENTED_EDGE('',*,*,#7821,.F.);
#7821 = EDGE_CURVE('',#7822,#7824,#7826,.T.);
#7822 = VERTEX_POINT('',#7823);
#7823 = CARTESIAN_POINT('',(65.847658360949,29.509540270312,
    24.795131978231));
#7824 = VERTEX_POINT('',#7825);
#7825 = CARTESIAN_POINT('',(65.752521265233,16.493718436433,
    23.889962976477));
#7826 = B_SPLINE_CURVE_WITH_KNOTS('',6,(#7827,#7828,#7829,#7830,#7831,
    #7832,#7833,#7834,#7835,#7836,#7837,#7838,#7839,#7840,#7841,#7842,
    #7843,#7844,#7845,#7846,#7847,#7848,#7849,#7850,#7851,#7852,#7853,
    #7854,#7855,#7856,#7857,#7858,#7859,#7860,#7861,#7862,#7863,#7864,
    #7865,#7866,#7867,#7868,#7869,#7870,#7871,#7872,#7873,#7874,#7875,
    #7876,#7877,#7878,#7879,#7880,#7881,#7882,#7883,#7884,#7885,#7886,
    #7887,#7888,#7889,#7890,#7891,#7892,#7893,#7894,#7895,#7896,#7897,
    #7898,#7899,#7900,#7901,#7902,#7903,#7904,#7905,#7906,#7907,#7908,
    #7909,#7910,#7911,#7912,#7913),.UNSPECIFIED.,.F.,.F.,(7,5,5,5,5,5,5,
    5,5,5,5,5,5,5,5,5,5,7),(0.,9.607221933229E-02,0.173209671184,
    0.205122539389,0.251453224177,0.320222131656,0.383106125965,
    0.419952749335,0.444257845291,0.499786698695,0.57954292534,
    0.616638053675,0.679261838577,0.748279331483,0.794696952172,
    0.827086750975,0.903846191905,1.),.UNSPECIFIED.);
#7827 = CARTESIAN_POINT('',(65.847658360976,29.50954027404,
    24.795131978491));
#7828 = CARTESIAN_POINT('',(65.894912187787,29.617007536259,
    25.244722108629));
#7829 = CARTESIAN_POINT('',(65.942867170341,29.695475505814,
    25.70098329004));
#7830 = CARTESIAN_POINT('',(65.991271487636,29.74504477393,
    26.161519605946));
#7831 = CARTESIAN_POINT('',(66.039883073076,29.76585386617,
    26.624027946514));
#7832 = CARTESIAN_POINT('',(66.088469236655,29.758097140759,
    27.08629441424));
#7833 = CARTESIAN_POINT('',(66.175617650985,29.692948471375,
    27.915456189782));
#7834 = CARTESIAN_POINT('',(66.214265617829,29.645642618924,
    28.283167031754));
#7835 = CARTESIAN_POINT('',(66.25263402763,29.580145270366,
    28.648218066124));
#7836 = CARTESIAN_POINT('',(66.290603051496,29.496567766807,
    29.009469197162));
#7837 = CARTESIAN_POINT('',(66.328049854144,29.395041289905,
    29.365751725201));
#7838 = CARTESIAN_POINT('',(66.380072904556,29.226363998296,
    29.860717986842));
#7839 = CARTESIAN_POINT('',(66.395186038184,29.173957572263,
    30.00450984822));
#7840 = CARTESIAN_POINT('',(66.410179069785,29.118518650424,
    30.147159015149));
#7841 = CARTESIAN_POINT('',(66.425042778407,29.060060431809,
    30.288577756122));
#7842 = CARTESIAN_POINT('',(66.439767749831,28.998597698579,
    30.428676500827));
#7843 = CARTESIAN_POINT('',(66.475506532679,28.840577867447,
    30.768708305989));
#7844 = CARTESIAN_POINT('',(66.496355951678,28.740711300528,
    30.967077277001));
#7845 = CARTESIAN_POINT('',(66.516863311301,28.634597508079,
    31.162191770454));
#7846 = CARTESIAN_POINT('',(66.536998097703,28.522296688211,
    31.353761466487));
#7847 = CARTESIAN_POINT('',(66.55672876713,28.403881445812,
    31.541486246339));
#7848 = CARTESIAN_POINT('',(66.604661313587,28.094729325884,
    31.997533962551));
#7849 = CARTESIAN_POINT('',(66.632337769955,27.89674237016,
    32.260857855237));
#7850 = CARTESIAN_POINT('',(66.658946285939,27.685766157654,
    32.5140209739));
#7851 = CARTESIAN_POINT('',(66.684374597784,27.462173025399,
    32.755955200249));
#7852 = CARTESIAN_POINT('',(66.708506954439,27.226447339995,
    32.985559236599));
#7853 = CARTESIAN_POINT('',(66.752002587858,26.753135445853,
    33.399392545119));
#7854 = CARTESIAN_POINT('',(66.77159728168,26.517434247697,
    33.585823603506));
#7855 = CARTESIAN_POINT('',(66.789921200201,26.27259715675,
    33.760164042549));
#7856 = CARTESIAN_POINT('',(66.806884399664,26.019210672686,
    33.921558104544));
#7857 = CARTESIAN_POINT('',(66.822400165693,25.757978624927,
    34.06918075733));
#7858 = CARTESIAN_POINT('',(66.844584752641,25.332568137025,
    34.280253002824));
#7859 = CARTESIAN_POINT('',(66.852256708482,25.1729892276,
    34.353246786776));
#7860 = CARTESIAN_POINT('',(66.859388174129,25.011173567899,
    34.421098150028));
#7861 = CARTESIAN_POINT('',(66.865964042531,24.847303531726,
    34.483663358608));
#7862 = CARTESIAN_POINT('',(66.871970468514,24.681575421073,
    34.540810684479));
#7863 = CARTESIAN_POINT('',(66.880973413793,24.403794979537,
    34.626467987025));
#7864 = CARTESIAN_POINT('',(66.884298577336,24.292672633081,
    34.658104804841));
#7865 = CARTESIAN_POINT('',(66.88736708748,24.180893782557,
    34.687299728686));
#7866 = CARTESIAN_POINT('',(66.890175745635,24.068520961834,34.714022326
    ));
#7867 = CARTESIAN_POINT('',(66.89272170015,23.955618800404,
    34.738245465136));
#7868 = CARTESIAN_POINT('',(66.9002131733,23.583254178442,
    34.809522070982));
#7869 = CARTESIAN_POINT('',(66.904039793926,23.321829948996,
    34.845929934248));
#7870 = CARTESIAN_POINT('',(66.906452299464,23.058793918931,
    34.868883391186));
#7871 = CARTESIAN_POINT('',(66.907431902827,22.794979627004,
    34.878203694605));
#7872 = CARTESIAN_POINT('',(66.906971908495,22.531242196536,
    34.873827140881));
#7873 = CARTESIAN_POINT('',(66.902359193634,21.891022773314,
    34.829940090572));
#7874 = CARTESIAN_POINT('',(66.896682486601,21.515490402199,
    34.775929830957));
#7875 = CARTESIAN_POINT('',(66.888066147007,21.144518428105,
    34.693950835799));
#7876 = CARTESIAN_POINT('',(66.876585369612,20.780534387673,
    34.584718535445));
#7877 = CARTESIAN_POINT('',(66.862356399489,20.425779604115,
    34.449338927892));
#7878 = CARTESIAN_POINT('',(66.837717787399,19.922546280906,
    34.214918192822));
#7879 = CARTESIAN_POINT('',(66.829335696317,19.765219415295,
    34.135167923375));
#7880 = CARTESIAN_POINT('',(66.82040869576,19.610517215922,
    34.050233186593));
#7881 = CARTESIAN_POINT('',(66.810953649207,19.458619742202,
    33.960274427757));
#7882 = CARTESIAN_POINT('',(66.800988503645,19.309691176394,
    33.865462401042));
#7883 = CARTESIAN_POINT('',(66.772879452949,18.917725447615,
    33.598022648259));
#7884 = CARTESIAN_POINT('',(66.753826377447,18.680455254533,
    33.416744743951));
#7885 = CARTESIAN_POINT('',(66.733463129861,18.452788297623,
    33.223001384951));
#7886 = CARTESIAN_POINT('',(66.711884581819,18.23530099602,
    33.017695214489));
#7887 = CARTESIAN_POINT('',(66.689187115749,18.02845105733,
    32.801743250105));
#7888 = CARTESIAN_POINT('',(66.639322179504,17.616753303813,
    32.327310073188));
#7889 = CARTESIAN_POINT('',(66.611934895988,17.414265629849,
    32.066737476404));
#7890 = CARTESIAN_POINT('',(66.583429552865,17.225607935641,
    31.795527253043));
#7891 = CARTESIAN_POINT('',(66.553929238363,17.051111461653,
    31.514850509355));
#7892 = CARTESIAN_POINT('',(66.523551905729,16.890999203064,
    31.225829495522));
#7893 = CARTESIAN_POINT('',(66.471462135855,16.647506375121,
    30.730228440609));
#7894 = CARTESIAN_POINT('',(66.450169656992,16.556168244102,
    30.52764403657));
#7895 = CARTESIAN_POINT('',(66.428564099301,16.471447001846,
    30.322080886462));
#7896 = CARTESIAN_POINT('',(66.406677956021,16.393372897239,
    30.113848142799));
#7897 = CARTESIAN_POINT('',(66.384542510229,16.321965147867,
    29.903243444176));
#7898 = CARTESIAN_POINT('',(66.34658873268,16.212066482604,
    29.542137372166));
#7899 = CARTESIAN_POINT('',(66.330882987905,16.170149672777,
    29.392707192348));
#7900 = CARTESIAN_POINT('',(66.315080675571,16.131487925621,
    29.242358233579));
#7901 = CARTESIAN_POINT('',(66.299191767361,16.096083443887,
    29.091185370091));
#7902 = CARTESIAN_POINT('',(66.283226007626,16.06393704143,
    28.939281313188));
#7903 = CARTESIAN_POINT('',(66.229196649257,15.966585362988,
    28.425226306432));
#7904 = CARTESIAN_POINT('',(66.190823224304,15.916419456777,
    28.060127556073));
#7905 = CARTESIAN_POINT('',(66.152197575194,15.884541729487,
    27.692629053165));
#7906 = CARTESIAN_POINT('',(66.113441409543,15.87091893729,
    27.323888768313));
#7907 = CARTESIAN_POINT('',(66.074673240742,15.875502531651,
    26.955034281112));
#7908 = CARTESIAN_POINT('',(65.987574387307,15.926717690876,
    26.126344045992));
#7909 = CARTESIAN_POINT('',(65.939306571141,15.983678728812,
    25.667106451579));
#7910 = CARTESIAN_POINT('',(65.891429211243,16.069009141831,
    25.211583800403));
#7911 = CARTESIAN_POINT('',(65.844176136799,16.18259137713,
    24.76200082856));
#7912 = CARTESIAN_POINT('',(65.797789670127,16.324239877061,
    24.320663078896));
#7913 = CARTESIAN_POINT('',(65.752521265206,16.493718432705,
    23.889962976218));
#7914 = ORIENTED_EDGE('',*,*,#7915,.T.);
#7915 = EDGE_CURVE('',#7822,#7824,#7916,.T.);
#7916 = LINE('',#7917,#7918);
#7917 = CARTESIAN_POINT('',(65.721020385826,12.184044792355,
    23.590252129165));
#7918 = VECTOR('',#7919,1.);
#7919 = DIRECTION('',(-7.291537003444E-03,-0.99756405026,
    -6.937434048221E-02));
#7920 = FACE_BOUND('',#7921,.F.);
#7921 = EDGE_LOOP('',(#7922,#7923,#7924,#7925,#7972));
#7922 = ORIENTED_EDGE('',*,*,#5175,.T.);
#7923 = ORIENTED_EDGE('',*,*,#5143,.T.);
#7924 = ORIENTED_EDGE('',*,*,#5120,.F.);
#7925 = ORIENTED_EDGE('',*,*,#7926,.F.);
#7926 = EDGE_CURVE('',#5192,#5102,#7927,.T.);
#7927 = B_SPLINE_CURVE_WITH_KNOTS('',7,(#7928,#7929,#7930,#7931,#7932,
    #7933,#7934,#7935,#7936,#7937,#7938,#7939,#7940,#7941,#7942,#7943,
    #7944,#7945,#7946,#7947,#7948,#7949,#7950,#7951,#7952,#7953,#7954,
    #7955,#7956,#7957,#7958,#7959,#7960,#7961,#7962,#7963,#7964,#7965,
    #7966,#7967,#7968,#7969,#7970,#7971),.UNSPECIFIED.,.F.,.F.,(8,6,6,6,
    6,6,6,8),(0.,8.60594219718E-02,0.293979742754,0.452118195198,
    0.517207496089,0.60939226416,0.745062477706,1.),.UNSPECIFIED.);
#7928 = CARTESIAN_POINT('',(65.235983182107,14.636332452357,
    18.975431399124));
#7929 = CARTESIAN_POINT('',(65.258838005454,14.506646709029,
    19.192880517989));
#7930 = CARTESIAN_POINT('',(65.282021813231,14.382296227906,
    19.413459714618));
#7931 = CARTESIAN_POINT('',(65.305514753228,14.263313757509,
    19.636980107848));
#7932 = CARTESIAN_POINT('',(65.329297456729,14.14972745976,
    19.863257416668));
#7933 = CARTESIAN_POINT('',(65.35335106649,14.041561463596,
    20.092112226373));
#7934 = CARTESIAN_POINT('',(65.377657264707,13.93883641859,
    20.323370254705));
#7935 = CARTESIAN_POINT('',(65.461489660612,13.60657364269,
    21.120982222409));
#7936 = CARTESIAN_POINT('',(65.522147140374,13.403458522634,
    21.698099591743));
#7937 = CARTESIAN_POINT('',(65.58392621888,13.232441657368,
    22.285888260292));
#7938 = CARTESIAN_POINT('',(65.646590387952,13.093710373308,
    22.88209800307));
#7939 = CARTESIAN_POINT('',(65.709910748845,12.987410696253,
    23.484550993973));
#7940 = CARTESIAN_POINT('',(65.773666205712,12.913661055101,
    24.091143646554));
#7941 = CARTESIAN_POINT('',(65.886304194357,12.841354862166,
    25.162822521911));
#7942 = CARTESIAN_POINT('',(65.935089665384,12.829024471161,
    25.626985273335));
#7943 = CARTESIAN_POINT('',(65.983905771086,12.83565520179,
    26.091439494225));
#7944 = CARTESIAN_POINT('',(66.032655538532,12.861302962982,
    26.555262548759));
#7945 = CARTESIAN_POINT('',(66.081239897464,12.906021244999,
    27.017511846415));
#7946 = CARTESIAN_POINT('',(66.129557657563,12.96985781929,
    27.477224625607));
#7947 = CARTESIAN_POINT('',(66.197240664369,13.087011356791,
    28.121185419721));
#7948 = CARTESIAN_POINT('',(66.21691297644,13.124416377259,
    28.308354966422));
#7949 = CARTESIAN_POINT('',(66.236515106198,13.165069125357,
    28.494856773018));
#7950 = CARTESIAN_POINT('',(66.256039595353,13.20897163059,
    28.680619878617));
#7951 = CARTESIAN_POINT('',(66.275478843042,13.256125326344,
    28.865571965846));
#7952 = CARTESIAN_POINT('',(66.294825105832,13.306531049886,
    29.049639360854));
#7953 = CARTESIAN_POINT('',(66.341327388834,13.436183860617,
    29.492079029291));
#7954 = CARTESIAN_POINT('',(66.368381857753,13.518701886032,
    29.749485106705));
#7955 = CARTESIAN_POINT('',(66.395211562842,13.607743553502,
    30.004752699121));
#7956 = CARTESIAN_POINT('',(66.421793347305,13.703305617337,
    30.257661484347));
#7957 = CARTESIAN_POINT('',(66.448103277729,13.805380188958,
    30.507983751163));
#7958 = CARTESIAN_POINT('',(66.474116682628,13.9139537746,
    30.755484766063));
#7959 = CARTESIAN_POINT('',(66.537618910685,14.198331493092,
    31.359668107457));
#7960 = CARTESIAN_POINT('',(66.574732044913,14.381688278225,
    31.712775992543));
#7961 = CARTESIAN_POINT('',(66.611066880957,14.579012623359,
    32.058478865047));
#7962 = CARTESIAN_POINT('',(66.646537858089,14.790203695781,
    32.395962669031));
#7963 = CARTESIAN_POINT('',(66.681055337383,15.01511269465,
    32.724374547071));
#7964 = CARTESIAN_POINT('',(66.714526371519,15.253531670551,
    33.042830164503));
#7965 = CARTESIAN_POINT('',(66.807605002597,15.978058430052,
    33.928414183478));
#7966 = CARTESIAN_POINT('',(66.864345936052,16.497839178188,
    34.468268103846));
#7967 = CARTESIAN_POINT('',(66.916405868513,17.06247604408,
    34.963585274736));
#7968 = CARTESIAN_POINT('',(66.963100737542,17.668946517143,
    35.407857276824));
#7969 = CARTESIAN_POINT('',(67.003769831419,18.313041983606,
    35.794797857994));
#7970 = CARTESIAN_POINT('',(67.037798672817,18.989218095873,
    36.118560657004));
#7971 = CARTESIAN_POINT('',(67.064723200876,19.689941602489,
    36.37473042972));
#7972 = ORIENTED_EDGE('',*,*,#5191,.T.);
#7973 = FACE_BOUND('',#7974,.F.);
#7974 = EDGE_LOOP('',(#7975,#7976,#7977,#7978));
#7975 = ORIENTED_EDGE('',*,*,#6188,.T.);
#7976 = ORIENTED_EDGE('',*,*,#6149,.T.);
#7977 = ORIENTED_EDGE('',*,*,#6229,.F.);
#7978 = ORIENTED_EDGE('',*,*,#6204,.T.);
#7979 = FACE_BOUND('',#7980,.F.);
#7980 = EDGE_LOOP('',(#7981,#8075));
#7981 = ORIENTED_EDGE('',*,*,#7982,.F.);
#7982 = EDGE_CURVE('',#7983,#7985,#7987,.T.);
#7983 = VERTEX_POINT('',#7984);
#7984 = CARTESIAN_POINT('',(65.541413806804,-12.3881498406,
    21.881409677978));
#7985 = VERTEX_POINT('',#7986);
#7986 = CARTESIAN_POINT('',(65.446276711089,-25.40397167448,
    20.976240676224));
#7987 = B_SPLINE_CURVE_WITH_KNOTS('',6,(#7988,#7989,#7990,#7991,#7992,
    #7993,#7994,#7995,#7996,#7997,#7998,#7999,#8000,#8001,#8002,#8003,
    #8004,#8005,#8006,#8007,#8008,#8009,#8010,#8011,#8012,#8013,#8014,
    #8015,#8016,#8017,#8018,#8019,#8020,#8021,#8022,#8023,#8024,#8025,
    #8026,#8027,#8028,#8029,#8030,#8031,#8032,#8033,#8034,#8035,#8036,
    #8037,#8038,#8039,#8040,#8041,#8042,#8043,#8044,#8045,#8046,#8047,
    #8048,#8049,#8050,#8051,#8052,#8053,#8054,#8055,#8056,#8057,#8058,
    #8059,#8060,#8061,#8062,#8063,#8064,#8065,#8066,#8067,#8068,#8069,
    #8070,#8071,#8072,#8073,#8074),.UNSPECIFIED.,.F.,.F.,(7,5,5,5,5,5,5,
    5,5,5,5,5,5,5,5,5,5,7),(0.,9.60722193322E-02,0.173209671184,
    0.205122539389,0.251453224177,0.320222131656,0.383106125965,
    0.419952749334,0.444257845291,0.499786698694,0.57954292534,
    0.616638053674,0.679261838577,0.748279331483,0.794696952171,
    0.827086750975,0.903846191904,1.),.UNSPECIFIED.);
#7988 = CARTESIAN_POINT('',(65.541413806831,-12.38814983687,
    21.881409678238));
#7989 = CARTESIAN_POINT('',(65.588667633643,-12.28068257465,
    22.330999808376));
#7990 = CARTESIAN_POINT('',(65.636622616196,-12.20221460509,
    22.787260989787));
#7991 = CARTESIAN_POINT('',(65.685026933492,-12.15264533698,
    23.247797305693));
#7992 = CARTESIAN_POINT('',(65.733638518931,-12.13183624474,
    23.71030564626));
#7993 = CARTESIAN_POINT('',(65.78222468251,-12.13959297015,
    24.172572113988));
#7994 = CARTESIAN_POINT('',(65.86937309684,-12.20474163953,
    25.001733889529));
#7995 = CARTESIAN_POINT('',(65.908021063684,-12.25204749198,
    25.3694447315));
#7996 = CARTESIAN_POINT('',(65.946389473485,-12.31754484054,
    25.734495765871));
#7997 = CARTESIAN_POINT('',(65.984358497352,-12.4011223441,
    26.095746896909));
#7998 = CARTESIAN_POINT('',(66.0218053,-12.502648821,26.452029424948));
#7999 = CARTESIAN_POINT('',(66.073828350412,-12.67132611261,
    26.946995686589));
#8000 = CARTESIAN_POINT('',(66.088941484039,-12.72373253865,
    27.090787547967));
#8001 = CARTESIAN_POINT('',(66.103934515641,-12.77917146048,
    27.233436714896));
#8002 = CARTESIAN_POINT('',(66.118798224263,-12.8376296791,
    27.374855455869));
#8003 = CARTESIAN_POINT('',(66.133523195687,-12.89909241233,
    27.514954200574));
#8004 = CARTESIAN_POINT('',(66.169261978534,-13.05711224346,
    27.854986005736));
#8005 = CARTESIAN_POINT('',(66.190111397533,-13.15697881038,
    28.053354976748));
#8006 = CARTESIAN_POINT('',(66.210618757157,-13.26309260283,
    28.248469470201));
#8007 = CARTESIAN_POINT('',(66.230753543558,-13.3753934227,
    28.440039166234));
#8008 = CARTESIAN_POINT('',(66.250484212985,-13.4938086651,
    28.627763946086));
#8009 = CARTESIAN_POINT('',(66.298416759442,-13.80296078502,
    29.083811662298));
#8010 = CARTESIAN_POINT('',(66.32609321581,-14.00094774075,
    29.347135554984));
#8011 = CARTESIAN_POINT('',(66.352701731795,-14.21192395325,
    29.600298673647));
#8012 = CARTESIAN_POINT('',(66.37813004364,-14.43551708551,
    29.842232899996));
#8013 = CARTESIAN_POINT('',(66.402262400294,-14.67124277091,
    30.071836936346));
#8014 = CARTESIAN_POINT('',(66.445758033714,-15.14455466505,
    30.485670244866));
#8015 = CARTESIAN_POINT('',(66.465352727535,-15.38025586321,
    30.672101303253));
#8016 = CARTESIAN_POINT('',(66.483676646057,-15.62509295416,
    30.846441742296));
#8017 = CARTESIAN_POINT('',(66.500639845519,-15.87847943822,
    31.007835804291));
#8018 = CARTESIAN_POINT('',(66.516155611548,-16.13971148598,
    31.155458457077));
#8019 = CARTESIAN_POINT('',(66.538340198496,-16.56512197388,
    31.366530702571));
#8020 = CARTESIAN_POINT('',(66.546012154338,-16.72470088331,
    31.439524486523));
#8021 = CARTESIAN_POINT('',(66.553143619984,-16.88651654301,
    31.507375849775));
#8022 = CARTESIAN_POINT('',(66.559719488386,-17.05038657918,
    31.569941058355));
#8023 = CARTESIAN_POINT('',(66.565725914369,-17.21611468984,
    31.627088384226));
#8024 = CARTESIAN_POINT('',(66.574728859648,-17.49389513137,
    31.712745686772));
#8025 = CARTESIAN_POINT('',(66.578054023191,-17.60501747783,
    31.744382504588));
#8026 = CARTESIAN_POINT('',(66.581122533336,-17.71679632835,
    31.773577428433));
#8027 = CARTESIAN_POINT('',(66.58393119149,-17.82916914907,
    31.800300025747));
#8028 = CARTESIAN_POINT('',(66.586477146005,-17.9420713105,
    31.824523164883));
#8029 = CARTESIAN_POINT('',(66.593968619155,-18.31443593247,
    31.895799770729));
#8030 = CARTESIAN_POINT('',(66.597795239781,-18.57586016191,
    31.932207633995));
#8031 = CARTESIAN_POINT('',(66.600207745319,-18.83889619198,
    31.955161090933));
#8032 = CARTESIAN_POINT('',(66.601187348683,-19.1027104839,
    31.964481394352));
#8033 = CARTESIAN_POINT('',(66.60072735435,-19.36644791437,
    31.960104840628));
#8034 = CARTESIAN_POINT('',(66.596114639489,-20.00666733759,
    31.916217790319));
#8035 = CARTESIAN_POINT('',(66.590437932456,-20.38219970871,
    31.862207530704));
#8036 = CARTESIAN_POINT('',(66.581821592862,-20.7531716828,
    31.780228535547));
#8037 = CARTESIAN_POINT('',(66.570340815467,-21.11715572323,
    31.670996235193));
#8038 = CARTESIAN_POINT('',(66.556111845345,-21.47191050679,
    31.535616627642));
#8039 = CARTESIAN_POINT('',(66.531473233255,-21.97514382999,
    31.301195892573));
#8040 = CARTESIAN_POINT('',(66.523091142173,-22.13247069561,
    31.221445623126));
#8041 = CARTESIAN_POINT('',(66.514164141616,-22.28717289498,
    31.136510886344));
#8042 = CARTESIAN_POINT('',(66.504709095063,-22.4390703687,
    31.046552127509));
#8043 = CARTESIAN_POINT('',(66.494743949501,-22.58799893451,
    30.951740100794));
#8044 = CARTESIAN_POINT('',(66.466634898805,-22.97996466329,
    30.684300348011));
#8045 = CARTESIAN_POINT('',(66.447581823302,-23.21723485637,
    30.503022443703));
#8046 = CARTESIAN_POINT('',(66.427218575717,-23.44490181328,
    30.309279084702));
#8047 = CARTESIAN_POINT('',(66.405640027675,-23.66238911488,
    30.103972914241));
#8048 = CARTESIAN_POINT('',(66.382942561604,-23.86923905357,
    29.888020949857));
#8049 = CARTESIAN_POINT('',(66.33307762536,-24.28093680709,
    29.413587772939));
#8050 = CARTESIAN_POINT('',(66.305690341844,-24.48342448106,
    29.153015176156));
#8051 = CARTESIAN_POINT('',(66.277184998721,-24.67208217526,
    28.881804952795));
#8052 = CARTESIAN_POINT('',(66.247684684219,-24.84657864925,
    28.601128209106));
#8053 = CARTESIAN_POINT('',(66.217307351584,-25.00669090784,
    28.312107195274));
#8054 = CARTESIAN_POINT('',(66.165217581711,-25.25018373579,
    27.81650614036));
#8055 = CARTESIAN_POINT('',(66.143925102848,-25.3415218668,
    27.613921736321));
#8056 = CARTESIAN_POINT('',(66.122319545157,-25.42624310906,
    27.408358586213));
#8057 = CARTESIAN_POINT('',(66.100433401877,-25.50431721367,
    27.20012584255));
#8058 = CARTESIAN_POINT('',(66.078297956085,-25.57572496304,
    26.989521143927));
#8059 = CARTESIAN_POINT('',(66.040344178536,-25.6856236283,
    26.628415071917));
#8060 = CARTESIAN_POINT('',(66.024638433761,-25.72754043813,
    26.478984892099));
#8061 = CARTESIAN_POINT('',(66.008836121426,-25.76620218529,
    26.32863593333));
#8062 = CARTESIAN_POINT('',(65.992947213217,-25.80160666702,
    26.177463069842));
#8063 = CARTESIAN_POINT('',(65.976981453482,-25.83375306948,
    26.025559012939));
#8064 = CARTESIAN_POINT('',(65.922952095112,-25.93110474792,
    25.511504006183));
#8065 = CARTESIAN_POINT('',(65.884578670159,-25.98127065413,
    25.146405255824));
#8066 = CARTESIAN_POINT('',(65.84595302105,-26.01314838142,
    24.778906752917));
#8067 = CARTESIAN_POINT('',(65.807196855399,-26.02677117362,
    24.410166468064));
#8068 = CARTESIAN_POINT('',(65.768428686597,-26.02218757926,
    24.041311980863));
#8069 = CARTESIAN_POINT('',(65.681329833163,-25.97097242003,
    23.212621745742));
#8070 = CARTESIAN_POINT('',(65.633062016997,-25.9140113821,
    22.753384151329));
#8071 = CARTESIAN_POINT('',(65.585184657099,-25.82868096908,
    22.297861500153));
#8072 = CARTESIAN_POINT('',(65.537931582655,-25.71509873378,
    21.848278528308));
#8073 = CARTESIAN_POINT('',(65.491545115982,-25.57345023385,
    21.406940778644));
#8074 = CARTESIAN_POINT('',(65.446276711061,-25.4039716782,
    20.976240675965));
#8075 = ORIENTED_EDGE('',*,*,#8076,.T.);
#8076 = EDGE_CURVE('',#7983,#7985,#8077,.T.);
#8077 = LINE('',#8078,#8079);
#8078 = CARTESIAN_POINT('',(65.567898108753,-8.764800263102,
    22.133390979039));
#8079 = VECTOR('',#8080,1.);
#8080 = DIRECTION('',(-7.291537003444E-03,-0.99756405026,
    -6.937434048221E-02));
#8081 = FACE_BOUND('',#8082,.F.);
#8082 = EDGE_LOOP('',(#8083,#8084,#8085,#8086));
#8083 = ORIENTED_EDGE('',*,*,#6284,.T.);
#8084 = ORIENTED_EDGE('',*,*,#6245,.T.);
#8085 = ORIENTED_EDGE('',*,*,#6325,.F.);
#8086 = ORIENTED_EDGE('',*,*,#6300,.T.);
#8087 = FACE_BOUND('',#8088,.F.);
#8088 = EDGE_LOOP('',(#8089,#8136,#8137));
#8089 = ORIENTED_EDGE('',*,*,#8090,.T.);
#8090 = EDGE_CURVE('',#5956,#6034,#8091,.T.);
#8091 = B_SPLINE_CURVE_WITH_KNOTS('',7,(#8092,#8093,#8094,#8095,#8096,
    #8097,#8098,#8099,#8100,#8101,#8102,#8103,#8104,#8105,#8106,#8107,
    #8108,#8109,#8110,#8111,#8112,#8113,#8114,#8115,#8116,#8117,#8118,
    #8119,#8120,#8121,#8122,#8123,#8124,#8125,#8126,#8127,#8128,#8129,
    #8130,#8131,#8132,#8133,#8134,#8135),.UNSPECIFIED.,.F.,.F.,(8,6,6,6,
    6,6,6,8),(0.,8.605942197188E-02,0.293979742754,0.452118195199,
    0.51720749609,0.60939226416,0.745062477707,1.),.UNSPECIFIED.);
#8092 = CARTESIAN_POINT('',(65.056923052958,-9.861101708582,
    17.271788071181));
#8093 = CARTESIAN_POINT('',(65.081442064619,-9.763107823606,
    17.505070884183));
#8094 = CARTESIAN_POINT('',(65.10620924406,-9.670835300591,
    17.740714855893));
#8095 = CARTESIAN_POINT('',(65.131204455861,-9.584290137377,
    17.978528410578));
#8096 = CARTESIAN_POINT('',(65.156408110115,-9.503474433583,
    18.218325162729));
#8097 = CARTESIAN_POINT('',(65.181801182077,-9.428386976086,
    18.459924103986));
#8098 = CARTESIAN_POINT('',(65.20736523181,-9.359023824492,
    18.703149790075));
#8099 = CARTESIAN_POINT('',(65.29521538607,-9.141612190797,
    19.538988175056));
#8100 = CARTESIAN_POINT('',(65.358237378849,-9.021235407719,
    20.138602382989));
#8101 = CARTESIAN_POINT('',(65.421903104071,-8.93413783989,
    20.744341295995));
#8102 = CARTESIAN_POINT('',(65.485975630101,-8.880190094857,
    21.353950660146));
#8103 = CARTESIAN_POINT('',(65.5502261615,-8.85923201296,21.965253632258
    ));
#8104 = CARTESIAN_POINT('',(65.614434031263,-8.87108649529,
    22.576150706014));
#8105 = CARTESIAN_POINT('',(65.72702771273,-8.949454407256,
    23.647408026725));
#8106 = CARTESIAN_POINT('',(65.775517783891,-9.002198813418,
    24.108760236163));
#8107 = CARTESIAN_POINT('',(65.82376235372,-9.073760601033,
    24.567776656459));
#8108 = CARTESIAN_POINT('',(65.871664579682,-9.164066021542,
    25.02353589243));
#8109 = CARTESIAN_POINT('',(65.919125577513,-9.273036138806,
    25.475097123152));
#8110 = CARTESIAN_POINT('',(65.966044446712,-9.40058353079,
    25.921500344491));
#8111 = CARTESIAN_POINT('',(66.031364470161,-9.606712621876,
    26.542978853742));
#8112 = CARTESIAN_POINT('',(66.050301181224,-9.669946070464,
    26.723149624358));
#8113 = CARTESIAN_POINT('',(66.069121146502,-9.736302196666,
    26.902209633027));
#8114 = CARTESIAN_POINT('',(66.087816950763,-9.805773079991,
    27.08008832854));
#8115 = CARTESIAN_POINT('',(66.106381046266,-9.878350019803,
    27.256713898915));
#8116 = CARTESIAN_POINT('',(66.124805752754,-9.954023535322,
    27.432013271403));
#8117 = CARTESIAN_POINT('',(66.16896934794,-10.14432945062,
    27.852201811609));
#8118 = CARTESIAN_POINT('',(66.194560089496,-10.26206574691,
    28.095681453429));
#8119 = CARTESIAN_POINT('',(66.219833351597,-10.38596293865,
    28.336140480002));
#8120 = CARTESIAN_POINT('',(66.244766250023,-10.51598697992,
    28.573361162535));
#8121 = CARTESIAN_POINT('',(66.269335199041,-10.65209819308,
    28.807119097741));
#8122 = CARTESIAN_POINT('',(66.293515963565,-10.79425036714,
    29.037183704205));
#8123 = CARTESIAN_POINT('',(66.35226319312,-11.16040977997,
    29.596126256866));
#8124 = CARTESIAN_POINT('',(66.386347752809,-11.39139596285,
    29.920419180013));
#8125 = CARTESIAN_POINT('',(66.419458394876,-11.63517751913,
    30.235445895949));
#8126 = CARTESIAN_POINT('',(66.451511858133,-11.89154067862,
    30.540414227397));
#8127 = CARTESIAN_POINT('',(66.482421540701,-12.16021874001,
    30.834500212512));
#8128 = CARTESIAN_POINT('',(66.512098424972,-12.44088202408,
    31.116856905335));
#8129 = CARTESIAN_POINT('',(66.593731131681,-13.2822861056,
    31.89354022835));
#8130 = CARTESIAN_POINT('',(66.642358329658,-13.87255538176,
    32.356197112286));
#8131 = CARTESIAN_POINT('',(66.685697535184,-14.50101177941,
    32.768542108825));
#8132 = CARTESIAN_POINT('',(66.723115313204,-15.16375141657,
    33.124548485971));
#8133 = CARTESIAN_POINT('',(66.754018607012,-15.85572694113,
    33.418573686095));
#8134 = CARTESIAN_POINT('',(66.777879576011,-16.57062982464,
    33.645595641383));
#8135 = CARTESIAN_POINT('',(66.794348265905,-17.30038226076,
    33.802284759121));
#8136 = ORIENTED_EDGE('',*,*,#6033,.T.);
#8137 = ORIENTED_EDGE('',*,*,#6011,.F.);
#8138 = PLANE('',#8139);
#8139 = AXIS2_PLACEMENT_3D('',#8140,#8141,#8142);
#8140 = CARTESIAN_POINT('',(66.461222311824,0.818389093013,
    30.632803022835));
#8141 = DIRECTION('',(0.994521895368,0.,-0.104528463268));
#8142 = DIRECTION('',(0.104528463268,0.,0.994521895368));
#8143 = ADVANCED_FACE('',(#8144),#8178,.T.);
#8144 = FACE_BOUND('',#8145,.T.);
#8145 = EDGE_LOOP('',(#8146,#8147,#8148,#8156,#8164,#8172));
#8146 = ORIENTED_EDGE('',*,*,#7666,.F.);
#8147 = ORIENTED_EDGE('',*,*,#4714,.T.);
#8148 = ORIENTED_EDGE('',*,*,#8149,.T.);
#8149 = EDGE_CURVE('',#4707,#8150,#8152,.T.);
#8150 = VERTEX_POINT('',#8151);
#8151 = CARTESIAN_POINT('',(15.191020894902,40.,4.607968978322));
#8152 = LINE('',#8153,#8154);
#8153 = CARTESIAN_POINT('',(-171.8269478283,40.,191.62593770155));
#8154 = VECTOR('',#8155,1.);
#8155 = DIRECTION('',(-0.707106781187,0.,0.707106781187));
#8156 = ORIENTED_EDGE('',*,*,#8157,.F.);
#8157 = EDGE_CURVE('',#8158,#8150,#8160,.T.);
#8158 = VERTEX_POINT('',#8159);
#8159 = CARTESIAN_POINT('',(4.607968978322,40.,15.191020894902));
#8160 = LINE('',#8161,#8162);
#8161 = CARTESIAN_POINT('',(-166.87720036,40.,186.67619023324));
#8162 = VECTOR('',#8163,1.);
#8163 = DIRECTION('',(0.707106781187,0.,-0.707106781187));
#8164 = ORIENTED_EDGE('',*,*,#8165,.T.);
#8165 = EDGE_CURVE('',#8158,#8166,#8168,.T.);
#8166 = VERTEX_POINT('',#8167);
#8167 = CARTESIAN_POINT('',(4.,40.,15.798989873223));
#8168 = LINE('',#8169,#8170);
#8169 = CARTESIAN_POINT('',(-171.8269478283,40.,191.62593770155));
#8170 = VECTOR('',#8171,1.);
#8171 = DIRECTION('',(-0.707106781187,0.,0.707106781187));
#8172 = ORIENTED_EDGE('',*,*,#8173,.T.);
#8173 = EDGE_CURVE('',#8166,#7659,#8174,.T.);
#8174 = LINE('',#8175,#8176);
#8175 = CARTESIAN_POINT('',(4.,40.,33.498737341529));
#8176 = VECTOR('',#8177,1.);
#8177 = DIRECTION('',(-2.22044604925E-16,0.,-1.));
#8178 = PLANE('',#8179);
#8179 = AXIS2_PLACEMENT_3D('',#8180,#8181,#8182);
#8180 = CARTESIAN_POINT('',(17.5,40.,17.5));
#8181 = DIRECTION('',(-0.,-1.,0.));
#8182 = DIRECTION('',(-0.707106781187,0.,-0.707106781187));
#8183 = ADVANCED_FACE('',(#8184),#8195,.T.);
#8184 = FACE_BOUND('',#8185,.T.);
#8185 = EDGE_LOOP('',(#8186,#8187,#8188));
#8186 = ORIENTED_EDGE('',*,*,#8149,.F.);
#8187 = ORIENTED_EDGE('',*,*,#4706,.T.);
#8188 = ORIENTED_EDGE('',*,*,#8189,.F.);
#8189 = EDGE_CURVE('',#8150,#4699,#8190,.T.);
#8190 = CIRCLE('',#8191,2.5);
#8191 = AXIS2_PLACEMENT_3D('',#8192,#8193,#8194);
#8192 = CARTESIAN_POINT('',(16.958787847868,40.,6.375735931288));
#8193 = DIRECTION('',(0.,-1.,-0.));
#8194 = DIRECTION('',(-0.707106781187,-0.,0.707106781187));
#8195 = PLANE('',#8196);
#8196 = AXIS2_PLACEMENT_3D('',#8197,#8198,#8199);
#8197 = CARTESIAN_POINT('',(17.5,40.,17.5));
#8198 = DIRECTION('',(-0.,-1.,0.));
#8199 = DIRECTION('',(-0.707106781187,0.,-0.707106781187));
#8200 = ADVANCED_FACE('',(#8201),#8245,.F.);
#8201 = FACE_BOUND('',#8202,.F.);
#8202 = EDGE_LOOP('',(#8203,#8211,#8212,#8213,#8214,#8223,#8231,#8239));
#8203 = ORIENTED_EDGE('',*,*,#8204,.T.);
#8204 = EDGE_CURVE('',#8205,#4691,#8207,.T.);
#8205 = VERTEX_POINT('',#8206);
#8206 = CARTESIAN_POINT('',(16.958787847868,40.,6.8));
#8207 = LINE('',#8208,#8209);
#8208 = CARTESIAN_POINT('',(16.958787847868,40.,6.8));
#8209 = VECTOR('',#8210,1.);
#8210 = DIRECTION('',(0.987237097741,0.,-0.159257379243));
#8211 = ORIENTED_EDGE('',*,*,#4698,.F.);
#8212 = ORIENTED_EDGE('',*,*,#8189,.F.);
#8213 = ORIENTED_EDGE('',*,*,#8157,.F.);
#8214 = ORIENTED_EDGE('',*,*,#8215,.F.);
#8215 = EDGE_CURVE('',#8216,#8158,#8218,.T.);
#8216 = VERTEX_POINT('',#8217);
#8217 = CARTESIAN_POINT('',(4.,40.,16.180405689294));
#8218 = CIRCLE('',#8219,2.5);
#8219 = AXIS2_PLACEMENT_3D('',#8220,#8221,#8222);
#8220 = CARTESIAN_POINT('',(6.375735931288,40.,16.958787847868));
#8221 = DIRECTION('',(0.,-1.,0.));
#8222 = DIRECTION('',(-0.159257379243,0.,0.987237097741));
#8223 = ORIENTED_EDGE('',*,*,#8224,.F.);
#8224 = EDGE_CURVE('',#8225,#8216,#8227,.T.);
#8225 = VERTEX_POINT('',#8226);
#8226 = CARTESIAN_POINT('',(4.,40.,34.31599846393));
#8227 = LINE('',#8228,#8229);
#8228 = CARTESIAN_POINT('',(4.,40.,33.498737341529));
#8229 = VECTOR('',#8230,1.);
#8230 = DIRECTION('',(-2.22044604925E-16,0.,-1.));
#8231 = ORIENTED_EDGE('',*,*,#8232,.T.);
#8232 = EDGE_CURVE('',#8225,#8233,#8235,.T.);
#8233 = VERTEX_POINT('',#8234);
#8234 = CARTESIAN_POINT('',(6.8,40.,16.958787847868));
#8235 = LINE('',#8236,#8237);
#8236 = CARTESIAN_POINT('',(2.12132034356,40.,45.961940777126));
#8237 = VECTOR('',#8238,1.);
#8238 = DIRECTION('',(0.159257379243,0.,-0.987237097741));
#8239 = ORIENTED_EDGE('',*,*,#8240,.T.);
#8240 = EDGE_CURVE('',#8233,#8205,#8241,.T.);
#8241 = LINE('',#8242,#8243);
#8242 = CARTESIAN_POINT('',(6.8,40.,16.958787847868));
#8243 = VECTOR('',#8244,1.);
#8244 = DIRECTION('',(0.707106781187,0.,-0.707106781187));
#8245 = PLANE('',#8246);
#8246 = AXIS2_PLACEMENT_3D('',#8247,#8248,#8249);
#8247 = CARTESIAN_POINT('',(-707.1067811865,40.,5.684341886081E-14));
#8248 = DIRECTION('',(0.,1.,0.));
#8249 = DIRECTION('',(0.707106781187,0.,0.707106781187));
#8250 = ADVANCED_FACE('',(#8251),#8271,.F.);
#8251 = FACE_BOUND('',#8252,.F.);
#8252 = EDGE_LOOP('',(#8253,#8254,#8262,#8268,#8269,#8270));
#8253 = ORIENTED_EDGE('',*,*,#8232,.F.);
#8254 = ORIENTED_EDGE('',*,*,#8255,.F.);
#8255 = EDGE_CURVE('',#8256,#8225,#8258,.T.);
#8256 = VERTEX_POINT('',#8257);
#8257 = CARTESIAN_POINT('',(4.,40.,44.083261120685));
#8258 = LINE('',#8259,#8260);
#8259 = CARTESIAN_POINT('',(4.,40.,33.498737341529));
#8260 = VECTOR('',#8261,1.);
#8261 = DIRECTION('',(-2.22044604925E-16,0.,-1.));
#8262 = ORIENTED_EDGE('',*,*,#8263,.F.);
#8263 = EDGE_CURVE('',#4683,#8256,#8264,.T.);
#8264 = LINE('',#8265,#8266);
#8265 = CARTESIAN_POINT('',(45.961940777126,40.,2.12132034356));
#8266 = VECTOR('',#8267,1.);
#8267 = DIRECTION('',(-0.707106781187,0.,0.707106781187));
#8268 = ORIENTED_EDGE('',*,*,#4690,.F.);
#8269 = ORIENTED_EDGE('',*,*,#8204,.F.);
#8270 = ORIENTED_EDGE('',*,*,#8240,.F.);
#8271 = PLANE('',#8272);
#8272 = AXIS2_PLACEMENT_3D('',#8273,#8274,#8275);
#8273 = CARTESIAN_POINT('',(20.104218141273,40.,20.104218141273));
#8274 = DIRECTION('',(0.,1.,0.));
#8275 = DIRECTION('',(0.707106781187,0.,0.707106781187));
#8276 = ADVANCED_FACE('',(#8277),#8295,.F.);
#8277 = FACE_BOUND('',#8278,.F.);
#8278 = EDGE_LOOP('',(#8279,#8287,#8293,#8294));
#8279 = ORIENTED_EDGE('',*,*,#8280,.F.);
#8280 = EDGE_CURVE('',#8281,#8256,#8283,.T.);
#8281 = VERTEX_POINT('',#8282);
#8282 = CARTESIAN_POINT('',(4.,40.,45.497474683058));
#8283 = LINE('',#8284,#8285);
#8284 = CARTESIAN_POINT('',(4.,40.,33.498737341529));
#8285 = VECTOR('',#8286,1.);
#8286 = DIRECTION('',(-2.22044604925E-16,0.,-1.));
#8287 = ORIENTED_EDGE('',*,*,#8288,.T.);
#8288 = EDGE_CURVE('',#8281,#4675,#8289,.T.);
#8289 = LINE('',#8290,#8291);
#8290 = CARTESIAN_POINT('',(-328.8046532517,40.,378.3021279348));
#8291 = VECTOR('',#8292,1.);
#8292 = DIRECTION('',(0.707106781187,0.,-0.707106781187));
#8293 = ORIENTED_EDGE('',*,*,#4682,.F.);
#8294 = ORIENTED_EDGE('',*,*,#8263,.T.);
#8295 = PLANE('',#8296);
#8296 = AXIS2_PLACEMENT_3D('',#8297,#8298,#8299);
#8297 = CARTESIAN_POINT('',(-707.1067811865,40.,5.684341886081E-14));
#8298 = DIRECTION('',(0.,1.,0.));
#8299 = DIRECTION('',(0.707106781187,0.,0.707106781187));
#8300 = ADVANCED_FACE('',(#8301),#8469,.F.);
#8301 = FACE_BOUND('',#8302,.F.);
#8302 = EDGE_LOOP('',(#8303,#8304,#8312,#8320,#8328,#8336,#8342,#8343,
    #8351,#8359,#8394,#8402,#8411,#8419,#8454,#8462,#8468));
#8303 = ORIENTED_EDGE('',*,*,#8288,.F.);
#8304 = ORIENTED_EDGE('',*,*,#8305,.F.);
#8305 = EDGE_CURVE('',#8306,#8281,#8308,.T.);
#8306 = VERTEX_POINT('',#8307);
#8307 = CARTESIAN_POINT('',(4.,-35.14844653691,45.497474683058));
#8308 = LINE('',#8309,#8310);
#8309 = CARTESIAN_POINT('',(4.,-47.,45.497474683058));
#8310 = VECTOR('',#8311,1.);
#8311 = DIRECTION('',(0.,1.,0.));
#8312 = ORIENTED_EDGE('',*,*,#8313,.F.);
#8313 = EDGE_CURVE('',#8314,#8306,#8316,.T.);
#8314 = VERTEX_POINT('',#8315);
#8315 = CARTESIAN_POINT('',(4.361921857458,-39.75480663139,45.1355528256
    ));
#8316 = LINE('',#8317,#8318);
#8317 = CARTESIAN_POINT('',(18.70088230982,-222.2539120684,
    30.796592373238));
#8318 = VECTOR('',#8319,1.);
#8319 = DIRECTION('',(-7.808944463118E-02,0.993883331822,
    7.808944463118E-02));
#8320 = ORIENTED_EDGE('',*,*,#8321,.T.);
#8321 = EDGE_CURVE('',#8314,#8322,#8324,.T.);
#8322 = VERTEX_POINT('',#8323);
#8323 = CARTESIAN_POINT('',(4.,-39.75480663139,45.497474683058));
#8324 = LINE('',#8325,#8326);
#8325 = CARTESIAN_POINT('',(-150.5181737122,-39.75480663139,
    200.01564839529));
#8326 = VECTOR('',#8327,1.);
#8327 = DIRECTION('',(-0.707106781187,0.,0.707106781187));
#8328 = ORIENTED_EDGE('',*,*,#8329,.F.);
#8329 = EDGE_CURVE('',#8330,#8322,#8332,.T.);
#8330 = VERTEX_POINT('',#8331);
#8331 = CARTESIAN_POINT('',(4.,-40.,45.497474683058));
#8332 = LINE('',#8333,#8334);
#8333 = CARTESIAN_POINT('',(4.,-47.,45.497474683058));
#8334 = VECTOR('',#8335,1.);
#8335 = DIRECTION('',(0.,1.,0.));
#8336 = ORIENTED_EDGE('',*,*,#8337,.T.);
#8337 = EDGE_CURVE('',#8330,#4743,#8338,.T.);
#8338 = LINE('',#8339,#8340);
#8339 = CARTESIAN_POINT('',(-328.8046532517,-40.,378.3021279348));
#8340 = VECTOR('',#8341,1.);
#8341 = DIRECTION('',(0.707106781187,0.,-0.707106781187));
#8342 = ORIENTED_EDGE('',*,*,#4750,.F.);
#8343 = ORIENTED_EDGE('',*,*,#8344,.T.);
#8344 = EDGE_CURVE('',#4751,#8345,#8347,.T.);
#8345 = VERTEX_POINT('',#8346);
#8346 = CARTESIAN_POINT('',(11.795815511841,-39.75480663139,
    37.701659171217));
#8347 = LINE('',#8348,#8349);
#8348 = CARTESIAN_POINT('',(-150.5181737122,-39.75480663139,
    200.01564839529));
#8349 = VECTOR('',#8350,1.);
#8350 = DIRECTION('',(-0.707106781187,0.,0.707106781187));
#8351 = ORIENTED_EDGE('',*,*,#8352,.T.);
#8352 = EDGE_CURVE('',#8345,#8353,#8355,.T.);
#8353 = VERTEX_POINT('',#8354);
#8354 = CARTESIAN_POINT('',(10.471286932103,-22.89687040016,
    39.026187750955));
#8355 = LINE('',#8356,#8357);
#8356 = CARTESIAN_POINT('',(26.044112771645,-221.0999963718,
    23.453361911414));
#8357 = VECTOR('',#8358,1.);
#8358 = DIRECTION('',(-7.808944463118E-02,0.993883331822,
    7.808944463118E-02));
#8359 = ORIENTED_EDGE('',*,*,#8360,.T.);
#8360 = EDGE_CURVE('',#8353,#8361,#8363,.T.);
#8361 = VERTEX_POINT('',#8362);
#8362 = CARTESIAN_POINT('',(10.353881349007,-22.83614965627,
    39.143593334051));
#8363 = B_SPLINE_CURVE_WITH_KNOTS('',8,(#8364,#8365,#8366,#8367,#8368,
    #8369,#8370,#8371,#8372,#8373,#8374,#8375,#8376,#8377,#8378,#8379,
    #8380,#8381,#8382,#8383,#8384,#8385,#8386,#8387,#8388,#8389,#8390,
    #8391,#8392,#8393),.UNSPECIFIED.,.F.,.F.,(9,7,7,7,9),(0.,
    0.253420867568,0.505990764254,0.823500311054,1.),.UNSPECIFIED.);
#8364 = CARTESIAN_POINT('',(24.364531822124,-27.69608712952,
    25.132942860934));
#8365 = CARTESIAN_POINT('',(23.912200426339,-27.56577941851,
    25.585274256719));
#8366 = CARTESIAN_POINT('',(23.459975471992,-27.43475608975,
    26.037499211067));
#8367 = CARTESIAN_POINT('',(23.007865420875,-27.30296422005,
    26.489609262184));
#8368 = CARTESIAN_POINT('',(22.555879992658,-27.1703454401,26.9415946904
    ));
#8369 = CARTESIAN_POINT('',(22.104030505937,-27.03683372872,
    27.393444177122));
#8370 = CARTESIAN_POINT('',(21.652330219272,-26.90235320703,
    27.845144463786));
#8371 = CARTESIAN_POINT('',(21.20079467224,-26.76681593269,
    28.296680010818));
#8372 = CARTESIAN_POINT('',(20.2996049937,-26.49388247264,
    29.197869689358));
#8373 = CARTESIAN_POINT('',(19.849950887696,-26.35649414779,
    29.647523795363));
#8374 = CARTESIAN_POINT('',(19.400496819322,-26.21785294846,
    30.096977863736));
#8375 = CARTESIAN_POINT('',(18.951264135172,-26.07784129263,
    30.546210547886));
#8376 = CARTESIAN_POINT('',(18.502278776509,-25.93632359546,
    30.995195906549));
#8377 = CARTESIAN_POINT('',(18.053572236258,-25.79314051351,
    31.4439024468));
#8378 = CARTESIAN_POINT('',(17.605183114055,-25.64809962495,
    31.892291569003));
#8379 = CARTESIAN_POINT('',(16.593941523485,-25.31599423468,
    32.903533159573));
#8380 = CARTESIAN_POINT('',(16.031339655652,-25.12772553172,
    33.466135027406));
#8381 = CARTESIAN_POINT('',(15.469410058656,-24.93567177878,
    34.028064624402));
#8382 = CARTESIAN_POINT('',(14.908265827462,-24.73923199205,
    34.589208855596));
#8383 = CARTESIAN_POINT('',(14.348080253321,-24.53766940141,
    35.149394429738));
#8384 = CARTESIAN_POINT('',(13.789115870978,-24.32996837078,
    35.70835881208));
#8385 = CARTESIAN_POINT('',(13.231730899686,-24.1148004382,
    36.265743783373));
#8386 = CARTESIAN_POINT('',(12.367869664008,-23.76482234002,
    37.129605019051));
#8387 = CARTESIAN_POINT('',(12.05995034442,-23.63678501475,
    37.437524338638));
#8388 = CARTESIAN_POINT('',(11.752817456738,-23.50533745441,
    37.74465722632));
#8389 = CARTESIAN_POINT('',(11.446595236368,-23.37000240762,
    38.05087944669));
#8390 = CARTESIAN_POINT('',(11.141487456132,-23.2301638764,
    38.355987226926));
#8391 = CARTESIAN_POINT('',(10.837780518663,-23.08505424841,
    38.659694164395));
#8392 = CARTESIAN_POINT('',(10.535873588688,-22.93363639092,
    38.961601094371));
#8393 = CARTESIAN_POINT('',(10.236380302917,-22.77421390721,
    39.261094380142));
#8394 = ORIENTED_EDGE('',*,*,#8395,.T.);
#8395 = EDGE_CURVE('',#8361,#8396,#8398,.T.);
#8396 = VERTEX_POINT('',#8397);
#8397 = CARTESIAN_POINT('',(10.442674999996,-23.96627076427,
    39.054799683062));
#8398 = LINE('',#8399,#8400);
#8399 = CARTESIAN_POINT('',(8.836443966534,-3.522966822833,
    40.661030716524));
#8400 = VECTOR('',#8401,1.);
#8401 = DIRECTION('',(7.808944463118E-02,-0.993883331822,
    -7.808944463118E-02));
#8402 = ORIENTED_EDGE('',*,*,#8403,.F.);
#8403 = EDGE_CURVE('',#8404,#8396,#8406,.T.);
#8404 = VERTEX_POINT('',#8405);
#8405 = CARTESIAN_POINT('',(9.803806176259,-15.83506842147,
    39.693668506799));
#8406 = ELLIPSE('',#8407,5.804557657236,4.5);
#8407 = AXIS2_PLACEMENT_3D('',#8408,#8409,#8410);
#8408 = CARTESIAN_POINT('',(11.823250698783,-19.63352989718,
    37.674223984275));
#8409 = DIRECTION('',(0.707106781187,-6.938893903907E-18,0.707106781187)
  );
#8410 = DIRECTION('',(-0.70278164364,-0.110435151676,0.70278164364));
#8411 = ORIENTED_EDGE('',*,*,#8412,.T.);
#8412 = EDGE_CURVE('',#8404,#8413,#8415,.T.);
#8413 = VERTEX_POINT('',#8414);
#8414 = CARTESIAN_POINT('',(9.893918244893,-16.98196968878,
    39.603556438165));
#8415 = LINE('',#8416,#8417);
#8416 = CARTESIAN_POINT('',(8.836443966534,-3.522966822833,
    40.661030716524));
#8417 = VECTOR('',#8418,1.);
#8418 = DIRECTION('',(7.808944463118E-02,-0.993883331822,
    -7.808944463118E-02));
#8419 = ORIENTED_EDGE('',*,*,#8420,.F.);
#8420 = EDGE_CURVE('',#8421,#8413,#8423,.T.);
#8421 = VERTEX_POINT('',#8422);
#8422 = CARTESIAN_POINT('',(10.000353216724,-16.9030619883,
    39.497121466334));
#8423 = B_SPLINE_CURVE_WITH_KNOTS('',8,(#8424,#8425,#8426,#8427,#8428,
    #8429,#8430,#8431,#8432,#8433,#8434,#8435,#8436,#8437,#8438,#8439,
    #8440,#8441,#8442,#8443,#8444,#8445,#8446,#8447,#8448,#8449,#8450,
    #8451,#8452,#8453),.UNSPECIFIED.,.F.,.F.,(9,7,7,7,9),(0.,
    0.253232582206,0.505293927646,0.820510199475,1.),.UNSPECIFIED.);
#8424 = CARTESIAN_POINT('',(22.967974913631,-9.921410412994,
    26.529499769428));
#8425 = CARTESIAN_POINT('',(22.543572779919,-10.12222963653,
    26.95390190314));
#8426 = CARTESIAN_POINT('',(22.119341009221,-10.32375335899,
    27.378133673838));
#8427 = CARTESIAN_POINT('',(21.695292827916,-10.52603361189,
    27.802181855142));
#8428 = CARTESIAN_POINT('',(21.271443230454,-10.72912770909,
    28.226031452604));
#8429 = CARTESIAN_POINT('',(20.847809523394,-10.93310043766,
    28.649665159664));
#8430 = CARTESIAN_POINT('',(20.424411869448,-11.13802624861,
    29.07306281361));
#8431 = CARTESIAN_POINT('',(20.001273831522,-11.34399144775,
    29.496200851537));
#8432 = CARTESIAN_POINT('',(19.157527747706,-11.75724343541,
    30.339946935353));
#8433 = CARTESIAN_POINT('',(18.736918361407,-11.96451937345,
    30.760556321652));
#8434 = CARTESIAN_POINT('',(18.316621018884,-12.17302392897,
    31.180853664174));
#8435 = CARTESIAN_POINT('',(17.896667734325,-12.38287209018,
    31.600806948734));
#8436 = CARTESIAN_POINT('',(17.477096827422,-12.59419624295,
    32.020377855636));
#8437 = CARTESIAN_POINT('',(17.057954412568,-12.8071518694,
    32.43952027049));
#8438 = CARTESIAN_POINT('',(16.639296824875,-13.02192680714,
    32.858177858183));
#8439 = CARTESIAN_POINT('',(15.698333887953,-13.50990822439,
    33.799140795105));
#8440 = CARTESIAN_POINT('',(15.176380249719,-13.78425221477,
    34.32109443334));
#8441 = CARTESIAN_POINT('',(14.655430765559,-14.06226018685,
    34.842043917499));
#8442 = CARTESIAN_POINT('',(14.135651204045,-14.34451220759,
    35.361823479014));
#8443 = CARTESIAN_POINT('',(13.61728037354,-14.6317123981,
    35.880194309518));
#8444 = CARTESIAN_POINT('',(13.100672361405,-14.92482836309,
    36.396802321653));
#8445 = CARTESIAN_POINT('',(12.586305236675,-15.22512168957,
    36.911169446383));
#8446 = CARTESIAN_POINT('',(11.78381101265,-15.71112666115,
    37.713663670409));
#8447 = CARTESIAN_POINT('',(11.493694786041,-15.89046347273,
    38.003779897017));
#8448 = CARTESIAN_POINT('',(11.204725040045,-16.07323456002,
    38.292749643013));
#8449 = CARTESIAN_POINT('',(10.917087258811,-16.25994970876,
    38.580387424247));
#8450 = CARTESIAN_POINT('',(10.63105613622,-16.45121230841,
    38.866418546838));
#8451 = CARTESIAN_POINT('',(10.347039371165,-16.64783452156,
    39.150435311894));
#8452 = CARTESIAN_POINT('',(10.065585068721,-16.85085899883,
    39.431889614338));
#8453 = CARTESIAN_POINT('',(9.787578736067,-17.06209239457,
    39.709895946991));
#8454 = ORIENTED_EDGE('',*,*,#8455,.T.);
#8455 = EDGE_CURVE('',#8421,#8456,#8458,.T.);
#8456 = VERTEX_POINT('',#8457);
#8457 = CARTESIAN_POINT('',(5.547376366357,39.772196613857,
    43.950098316702));
#8458 = LINE('',#8459,#8460);
#8459 = CARTESIAN_POINT('',(26.044112771645,-221.0999963718,
    23.453361911414));
#8460 = VECTOR('',#8461,1.);
#8461 = DIRECTION('',(-7.808944463118E-02,0.993883331822,
    7.808944463118E-02));
#8462 = ORIENTED_EDGE('',*,*,#8463,.T.);
#8463 = EDGE_CURVE('',#8456,#4667,#8464,.T.);
#8464 = LINE('',#8465,#8466);
#8465 = CARTESIAN_POINT('',(-150.6667392158,39.772196613857,
    200.16421389894));
#8466 = VECTOR('',#8467,1.);
#8467 = DIRECTION('',(0.707106781187,0.,-0.707106781187));
#8468 = ORIENTED_EDGE('',*,*,#4674,.F.);
#8469 = PLANE('',#8470);
#8470 = AXIS2_PLACEMENT_3D('',#8471,#8472,#8473);
#8471 = CARTESIAN_POINT('',(-328.8046532517,-40.,378.3021279348));
#8472 = DIRECTION('',(0.707106781187,0.,0.707106781187));
#8473 = DIRECTION('',(0.707106781187,0.,-0.707106781187));
#8474 = ADVANCED_FACE('',(#8475,#8486,#8491,#8497),#8503,.F.);
#8475 = FACE_BOUND('',#8476,.F.);
#8476 = EDGE_LOOP('',(#8477,#8478,#8484,#8485));
#8477 = ORIENTED_EDGE('',*,*,#8463,.F.);
#8478 = ORIENTED_EDGE('',*,*,#8479,.T.);
#8479 = EDGE_CURVE('',#8456,#7771,#8480,.T.);
#8480 = LINE('',#8481,#8482);
#8481 = CARTESIAN_POINT('',(-166.2356219421,64.25756591395,
    63.726833987095));
#8482 = VECTOR('',#8483,1.);
#8483 = DIRECTION('',(0.9836257631,-0.140202699334,-0.113241164184));
#8484 = ORIENTED_EDGE('',*,*,#7770,.T.);
#8485 = ORIENTED_EDGE('',*,*,#4666,.F.);
#8486 = FACE_BOUND('',#8487,.F.);
#8487 = EDGE_LOOP('',(#8488,#8489,#8490));
#8488 = ORIENTED_EDGE('',*,*,#7417,.F.);
#8489 = ORIENTED_EDGE('',*,*,#7394,.F.);
#8490 = ORIENTED_EDGE('',*,*,#7362,.T.);
#8491 = FACE_BOUND('',#8492,.F.);
#8492 = EDGE_LOOP('',(#8493,#8494,#8495,#8496));
#8493 = ORIENTED_EDGE('',*,*,#7513,.F.);
#8494 = ORIENTED_EDGE('',*,*,#7490,.F.);
#8495 = ORIENTED_EDGE('',*,*,#7465,.T.);
#8496 = ORIENTED_EDGE('',*,*,#7442,.T.);
#8497 = FACE_BOUND('',#8498,.F.);
#8498 = EDGE_LOOP('',(#8499,#8500,#8501,#8502));
#8499 = ORIENTED_EDGE('',*,*,#7609,.F.);
#8500 = ORIENTED_EDGE('',*,*,#7586,.F.);
#8501 = ORIENTED_EDGE('',*,*,#7561,.T.);
#8502 = ORIENTED_EDGE('',*,*,#7538,.T.);
#8503 = PLANE('',#8504);
#8504 = AXIS2_PLACEMENT_3D('',#8505,#8506,#8507);
#8505 = CARTESIAN_POINT('',(37.195996943107,36.639222262275,
    31.751121986212));
#8506 = DIRECTION('',(0.157057655253,0.975020915598,0.157057655253));
#8507 = DIRECTION('',(0.689443901218,-0.222113066133,0.689443901218));
#8508 = ADVANCED_FACE('',(#8509),#8558,.F.);
#8509 = FACE_BOUND('',#8510,.F.);
#8510 = EDGE_LOOP('',(#8511,#8519,#8527,#8535,#8543,#8551,#8557));
#8511 = ORIENTED_EDGE('',*,*,#8512,.F.);
#8512 = EDGE_CURVE('',#8513,#4735,#8515,.T.);
#8513 = VERTEX_POINT('',#8514);
#8514 = CARTESIAN_POINT('',(10.234769427881,-40.,37.848491692804));
#8515 = LINE('',#8516,#8517);
#8516 = CARTESIAN_POINT('',(2.12132034356,-40.,45.961940777126));
#8517 = VECTOR('',#8518,1.);
#8518 = DIRECTION('',(0.707106781187,0.,-0.707106781187));
#8519 = ORIENTED_EDGE('',*,*,#8520,.T.);
#8520 = EDGE_CURVE('',#8513,#8521,#8523,.T.);
#8521 = VERTEX_POINT('',#8522);
#8522 = CARTESIAN_POINT('',(4.,-40.,38.503792365579));
#8523 = LINE('',#8524,#8525);
#8524 = CARTESIAN_POINT('',(-216.6626641622,-40.,61.696372934035));
#8525 = VECTOR('',#8526,1.);
#8526 = DIRECTION('',(-0.994521895368,0.,0.104528463268));
#8527 = ORIENTED_EDGE('',*,*,#8528,.T.);
#8528 = EDGE_CURVE('',#8521,#8529,#8531,.T.);
#8529 = VERTEX_POINT('',#8530);
#8530 = CARTESIAN_POINT('',(4.,-40.,34.31599846393));
#8531 = LINE('',#8532,#8533);
#8532 = CARTESIAN_POINT('',(4.,-40.,33.498737341529));
#8533 = VECTOR('',#8534,1.);
#8534 = DIRECTION('',(-2.22044604925E-16,0.,-1.));
#8535 = ORIENTED_EDGE('',*,*,#8536,.F.);
#8536 = EDGE_CURVE('',#8537,#8529,#8539,.T.);
#8537 = VERTEX_POINT('',#8538);
#8538 = CARTESIAN_POINT('',(6.8,-40.,16.958787847868));
#8539 = LINE('',#8540,#8541);
#8540 = CARTESIAN_POINT('',(6.8,-40.,16.958787847868));
#8541 = VECTOR('',#8542,1.);
#8542 = DIRECTION('',(-0.159257379243,0.,0.987237097741));
#8543 = ORIENTED_EDGE('',*,*,#8544,.T.);
#8544 = EDGE_CURVE('',#8537,#8545,#8547,.T.);
#8545 = VERTEX_POINT('',#8546);
#8546 = CARTESIAN_POINT('',(16.958787847868,-40.,6.8));
#8547 = LINE('',#8548,#8549);
#8548 = CARTESIAN_POINT('',(6.8,-40.,16.958787847868));
#8549 = VECTOR('',#8550,1.);
#8550 = DIRECTION('',(0.707106781187,0.,-0.707106781187));
#8551 = ORIENTED_EDGE('',*,*,#8552,.T.);
#8552 = EDGE_CURVE('',#8545,#4733,#8553,.T.);
#8553 = LINE('',#8554,#8555);
#8554 = CARTESIAN_POINT('',(16.958787847868,-40.,6.8));
#8555 = VECTOR('',#8556,1.);
#8556 = DIRECTION('',(0.987237097741,0.,-0.159257379243));
#8557 = ORIENTED_EDGE('',*,*,#4732,.T.);
#8558 = PLANE('',#8559);
#8559 = AXIS2_PLACEMENT_3D('',#8560,#8561,#8562);
#8560 = CARTESIAN_POINT('',(20.104218141273,-40.,20.104218141273));
#8561 = DIRECTION('',(-0.,-1.,0.));
#8562 = DIRECTION('',(-0.707106781187,0.,-0.707106781187));
#8563 = ADVANCED_FACE('',(#8564),#8602,.T.);
#8564 = FACE_BOUND('',#8565,.T.);
#8565 = EDGE_LOOP('',(#8566,#8574,#8575,#8576,#8577,#8578,#8587,#8595));
#8566 = ORIENTED_EDGE('',*,*,#8567,.F.);
#8567 = EDGE_CURVE('',#8529,#8568,#8570,.T.);
#8568 = VERTEX_POINT('',#8569);
#8569 = CARTESIAN_POINT('',(4.,-40.,16.180405689294));
#8570 = LINE('',#8571,#8572);
#8571 = CARTESIAN_POINT('',(4.,-40.,33.498737341529));
#8572 = VECTOR('',#8573,1.);
#8573 = DIRECTION('',(-2.22044604925E-16,0.,-1.));
#8574 = ORIENTED_EDGE('',*,*,#8536,.F.);
#8575 = ORIENTED_EDGE('',*,*,#8544,.T.);
#8576 = ORIENTED_EDGE('',*,*,#8552,.T.);
#8577 = ORIENTED_EDGE('',*,*,#4794,.F.);
#8578 = ORIENTED_EDGE('',*,*,#8579,.F.);
#8579 = EDGE_CURVE('',#8580,#4787,#8582,.T.);
#8580 = VERTEX_POINT('',#8581);
#8581 = CARTESIAN_POINT('',(15.191020894902,-40.,4.607968978322));
#8582 = CIRCLE('',#8583,2.5);
#8583 = AXIS2_PLACEMENT_3D('',#8584,#8585,#8586);
#8584 = CARTESIAN_POINT('',(16.958787847868,-40.,6.375735931288));
#8585 = DIRECTION('',(0.,-1.,-0.));
#8586 = DIRECTION('',(-0.707106781187,-0.,0.707106781187));
#8587 = ORIENTED_EDGE('',*,*,#8588,.F.);
#8588 = EDGE_CURVE('',#8589,#8580,#8591,.T.);
#8589 = VERTEX_POINT('',#8590);
#8590 = CARTESIAN_POINT('',(4.607968978322,-40.,15.191020894902));
#8591 = LINE('',#8592,#8593);
#8592 = CARTESIAN_POINT('',(-166.87720036,-40.,186.67619023324));
#8593 = VECTOR('',#8594,1.);
#8594 = DIRECTION('',(0.707106781187,0.,-0.707106781187));
#8595 = ORIENTED_EDGE('',*,*,#8596,.F.);
#8596 = EDGE_CURVE('',#8568,#8589,#8597,.T.);
#8597 = CIRCLE('',#8598,2.5);
#8598 = AXIS2_PLACEMENT_3D('',#8599,#8600,#8601);
#8599 = CARTESIAN_POINT('',(6.375735931288,-40.,16.958787847868));
#8600 = DIRECTION('',(0.,-1.,0.));
#8601 = DIRECTION('',(-0.159257379243,0.,0.987237097741));
#8602 = PLANE('',#8603);
#8603 = AXIS2_PLACEMENT_3D('',#8604,#8605,#8606);
#8604 = CARTESIAN_POINT('',(-707.1067811865,-40.,5.684341886081E-14));
#8605 = DIRECTION('',(0.,1.,0.));
#8606 = DIRECTION('',(0.707106781187,0.,0.707106781187));
#8607 = ADVANCED_FACE('',(#8608),#8618,.F.);
#8608 = FACE_BOUND('',#8609,.F.);
#8609 = EDGE_LOOP('',(#8610,#8616,#8617));
#8610 = ORIENTED_EDGE('',*,*,#8611,.F.);
#8611 = EDGE_CURVE('',#4779,#8580,#8612,.T.);
#8612 = LINE('',#8613,#8614);
#8613 = CARTESIAN_POINT('',(-171.8269478283,-40.,191.62593770155));
#8614 = VECTOR('',#8615,1.);
#8615 = DIRECTION('',(-0.707106781187,0.,0.707106781187));
#8616 = ORIENTED_EDGE('',*,*,#4786,.T.);
#8617 = ORIENTED_EDGE('',*,*,#8579,.F.);
#8618 = PLANE('',#8619);
#8619 = AXIS2_PLACEMENT_3D('',#8620,#8621,#8622);
#8620 = CARTESIAN_POINT('',(17.5,-40.,17.5));
#8621 = DIRECTION('',(-0.,-1.,0.));
#8622 = DIRECTION('',(-0.707106781187,0.,-0.707106781187));
#8623 = ADVANCED_FACE('',(#8624),#8644,.F.);
#8624 = FACE_BOUND('',#8625,.F.);
#8625 = EDGE_LOOP('',(#8626,#8627,#8628,#8629,#8630,#8638));
#8626 = ORIENTED_EDGE('',*,*,#7748,.F.);
#8627 = ORIENTED_EDGE('',*,*,#4778,.T.);
#8628 = ORIENTED_EDGE('',*,*,#8611,.T.);
#8629 = ORIENTED_EDGE('',*,*,#8588,.F.);
#8630 = ORIENTED_EDGE('',*,*,#8631,.T.);
#8631 = EDGE_CURVE('',#8589,#8632,#8634,.T.);
#8632 = VERTEX_POINT('',#8633);
#8633 = CARTESIAN_POINT('',(4.,-40.,15.798989873223));
#8634 = LINE('',#8635,#8636);
#8635 = CARTESIAN_POINT('',(-171.8269478283,-40.,191.62593770155));
#8636 = VECTOR('',#8637,1.);
#8637 = DIRECTION('',(-0.707106781187,0.,0.707106781187));
#8638 = ORIENTED_EDGE('',*,*,#8639,.T.);
#8639 = EDGE_CURVE('',#8632,#7749,#8640,.T.);
#8640 = LINE('',#8641,#8642);
#8641 = CARTESIAN_POINT('',(4.,-40.,33.498737341529));
#8642 = VECTOR('',#8643,1.);
#8643 = DIRECTION('',(-2.22044604925E-16,0.,-1.));
#8644 = PLANE('',#8645);
#8645 = AXIS2_PLACEMENT_3D('',#8646,#8647,#8648);
#8646 = CARTESIAN_POINT('',(17.5,-40.,17.5));
#8647 = DIRECTION('',(-0.,-1.,0.));
#8648 = DIRECTION('',(-0.707106781187,0.,-0.707106781187));
#8649 = ADVANCED_FACE('',(#8650,#8661,#8666,#8672),#8678,.F.);
#8650 = FACE_BOUND('',#8651,.F.);
#8651 = EDGE_LOOP('',(#8652,#8653,#8659,#8660));
#8652 = ORIENTED_EDGE('',*,*,#4833,.F.);
#8653 = ORIENTED_EDGE('',*,*,#8654,.T.);
#8654 = EDGE_CURVE('',#4826,#8345,#8655,.T.);
#8655 = LINE('',#8656,#8657);
#8656 = CARTESIAN_POINT('',(-238.8023439819,-79.11623709995,
    61.273006642361));
#8657 = VECTOR('',#8658,1.);
#8658 = DIRECTION('',(-0.983650719036,-0.154501930345,9.252251866284E-02
    ));
#8659 = ORIENTED_EDGE('',*,*,#8344,.F.);
#8660 = ORIENTED_EDGE('',*,*,#4758,.F.);
#8661 = FACE_BOUND('',#8662,.F.);
#8662 = EDGE_LOOP('',(#8663,#8664,#8665));
#8663 = ORIENTED_EDGE('',*,*,#6598,.F.);
#8664 = ORIENTED_EDGE('',*,*,#6567,.T.);
#8665 = ORIENTED_EDGE('',*,*,#6625,.F.);
#8666 = FACE_BOUND('',#8667,.F.);
#8667 = EDGE_LOOP('',(#8668,#8669,#8670,#8671));
#8668 = ORIENTED_EDGE('',*,*,#6680,.T.);
#8669 = ORIENTED_EDGE('',*,*,#6639,.T.);
#8670 = ORIENTED_EDGE('',*,*,#6721,.F.);
#8671 = ORIENTED_EDGE('',*,*,#6694,.F.);
#8672 = FACE_BOUND('',#8673,.F.);
#8673 = EDGE_LOOP('',(#8674,#8675,#8676,#8677));
#8674 = ORIENTED_EDGE('',*,*,#6776,.T.);
#8675 = ORIENTED_EDGE('',*,*,#6735,.T.);
#8676 = ORIENTED_EDGE('',*,*,#6817,.F.);
#8677 = ORIENTED_EDGE('',*,*,#6790,.F.);
#8678 = PLANE('',#8679);
#8679 = AXIS2_PLACEMENT_3D('',#8680,#8681,#8682);
#8680 = CARTESIAN_POINT('',(36.633395132299,-36.6807856101,
    30.594258160821));
#8681 = DIRECTION('',(0.168389982538,-0.971230985689,0.168389982538));
#8682 = DIRECTION('',(-0.686764016079,-0.238139397073,-0.686764016079));
#8683 = ADVANCED_FACE('',(#8684),#8696,.T.);
#8684 = FACE_BOUND('',#8685,.T.);
#8685 = EDGE_LOOP('',(#8686,#8692,#8693,#8694,#8695));
#8686 = ORIENTED_EDGE('',*,*,#8687,.F.);
#8687 = EDGE_CURVE('',#8330,#8521,#8688,.T.);
#8688 = LINE('',#8689,#8690);
#8689 = CARTESIAN_POINT('',(4.,-40.,33.498737341529));
#8690 = VECTOR('',#8691,1.);
#8691 = DIRECTION('',(-2.22044604925E-16,0.,-1.));
#8692 = ORIENTED_EDGE('',*,*,#8337,.T.);
#8693 = ORIENTED_EDGE('',*,*,#4742,.F.);
#8694 = ORIENTED_EDGE('',*,*,#8512,.F.);
#8695 = ORIENTED_EDGE('',*,*,#8520,.T.);
#8696 = PLANE('',#8697);
#8697 = AXIS2_PLACEMENT_3D('',#8698,#8699,#8700);
#8698 = CARTESIAN_POINT('',(-707.1067811865,-40.,5.684341886081E-14));
#8699 = DIRECTION('',(0.,1.,0.));
#8700 = DIRECTION('',(0.707106781187,0.,0.707106781187));
#8701 = ADVANCED_FACE('',(#8702,#8840),#8968,.F.);
#8702 = FACE_BOUND('',#8703,.F.);
#8703 = EDGE_LOOP('',(#8704,#8705,#8706,#8761,#8814,#8815,#8816,#8817,
    #8825,#8833,#8839));
#8704 = ORIENTED_EDGE('',*,*,#8479,.F.);
#8705 = ORIENTED_EDGE('',*,*,#8455,.F.);
#8706 = ORIENTED_EDGE('',*,*,#8707,.T.);
#8707 = EDGE_CURVE('',#8421,#8708,#8710,.T.);
#8708 = VERTEX_POINT('',#8709);
#8709 = CARTESIAN_POINT('',(15.738288500883,-19.73313844247,
    38.69505186355));
#8710 = B_SPLINE_CURVE_WITH_KNOTS('',7,(#8711,#8712,#8713,#8714,#8715,
    #8716,#8717,#8718,#8719,#8720,#8721,#8722,#8723,#8724,#8725,#8726,
    #8727,#8728,#8729,#8730,#8731,#8732,#8733,#8734,#8735,#8736,#8737,
    #8738,#8739,#8740,#8741,#8742,#8743,#8744,#8745,#8746,#8747,#8748,
    #8749,#8750,#8751,#8752,#8753,#8754,#8755,#8756,#8757,#8758,#8759,
    #8760),.UNSPECIFIED.,.T.,.F.,(8,6,6,6,6,6,6,6,8),(0.,0.125000002363,
    0.250999058208,0.374999978344,0.499999981802,0.62499998526,
    0.749999992901,0.874999997623,1.),.UNSPECIFIED.);
#8711 = CARTESIAN_POINT('',(15.738288500883,-19.73313844247,
    38.69505186355));
#8712 = CARTESIAN_POINT('',(15.735352483209,-20.13487753717,
    38.667113376887));
#8713 = CARTESIAN_POINT('',(15.679995989085,-20.53691095945,
    38.644663809555));
#8714 = CARTESIAN_POINT('',(15.57216203534,-20.9304389534,
    38.628327879065));
#8715 = CARTESIAN_POINT('',(15.413764415486,-21.30734311043,
    38.618475259061));
#8716 = CARTESIAN_POINT('',(15.207985092906,-21.66005277963,
    38.615303819234));
#8717 = CARTESIAN_POINT('',(14.959286601191,-21.98151162355,
    38.618840673521));
#8718 = CARTESIAN_POINT('',(14.386441467794,-22.55192690769,
    38.638942090367));
#8719 = CARTESIAN_POINT('',(14.061277634467,-22.80071134165,
    38.655625658177));
#8720 = CARTESIAN_POINT('',(13.704829228784,-23.00546689297,
    38.678693125324));
#8721 = CARTESIAN_POINT('',(13.324345276265,-23.16167756001,
    38.70770011758));
#8722 = CARTESIAN_POINT('',(12.927588023515,-23.26615645852,
    38.742054866119));
#8723 = CARTESIAN_POINT('',(12.522869102268,-23.31703103834,
    38.78101544597));
#8724 = CARTESIAN_POINT('',(11.721894021297,-23.31198261794,
    38.865556283798));
#8725 = CARTESIAN_POINT('',(11.325027704828,-23.25773712094,
    38.911082723248));
#8726 = CARTESIAN_POINT('',(10.9371383896,-23.1516867364,38.959308146497
    ));
#8727 = CARTESIAN_POINT('',(10.566104882748,-22.99567993526,
    39.00927448788));
#8728 = CARTESIAN_POINT('',(10.219264185121,-22.79280166897,
    39.059993688464));
#8729 = CARTESIAN_POINT('',(9.903441399193,-22.54738595277,
    39.110443667842));
#8730 = CARTESIAN_POINT('',(9.343428862275,-21.98151161482,
    39.209091107145));
#8731 = CARTESIAN_POINT('',(9.099429709275,-21.66005276445,
    39.257338862476));
#8732 = CARTESIAN_POINT('',(8.898806501259,-21.30734310646,
    39.303224928702));
#8733 = CARTESIAN_POINT('',(8.745918735817,-20.93043894075,
    39.345794961687));
#8734 = CARTESIAN_POINT('',(8.643837401858,-20.53691101482,
    39.384193873181));
#8735 = CARTESIAN_POINT('',(8.594358384581,-20.13487752732,
    39.417662101352));
#8736 = CARTESIAN_POINT('',(8.600231281469,-19.33139935761,
    39.473538982742));
#8737 = CARTESIAN_POINT('',(8.655587499412,-18.92936587012,
    39.495988583686));
#8738 = CARTESIAN_POINT('',(8.763421693918,-18.53583794418,
    39.51232448409));
#8739 = CARTESIAN_POINT('',(8.921819302402,-18.15893377847,
    39.522177105899));
#8740 = CARTESIAN_POINT('',(9.127598661589,-17.80622412048,
    39.52534854109));
#8741 = CARTESIAN_POINT('',(9.376297120066,-17.48476527011,
    39.521811690749));
#8742 = CARTESIAN_POINT('',(9.946862159032,-16.91662040454,
    39.501790283841));
#8743 = CARTESIAN_POINT('',(10.269146863314,-16.66951804394,
    39.485291054766));
#8744 = CARTESIAN_POINT('',(10.622270724482,-16.4656951791,
    39.462507432286));
#8745 = CARTESIAN_POINT('',(10.999166620128,-16.30957636968,
    39.433871101313));
#8746 = CARTESIAN_POINT('',(11.392263972654,-16.20429751587,
    39.399957270235));
#8747 = CARTESIAN_POINT('',(11.793455744099,-16.15171953789,
    39.361487178079));
#8748 = CARTESIAN_POINT('',(12.594483653712,-16.15171953815,
    39.277295752194));
#8749 = CARTESIAN_POINT('',(12.994906797497,-16.20429751437,
    39.231512721831));
#8750 = CARTESIAN_POINT('',(13.38646509891,-16.30957637364,
    39.182955920071));
#8751 = CARTESIAN_POINT('',(13.761078719932,-16.46569520533,
    39.132605416434));
#8752 = CARTESIAN_POINT('',(14.11122294342,-16.66951807922,
    39.081472584052));
#8753 = CARTESIAN_POINT('',(14.429895335926,-16.91662042335,
    39.030604508791));
#8754 = CARTESIAN_POINT('',(14.992154859108,-17.48476526138,
    38.931561258341));
#8755 = CARTESIAN_POINT('',(15.236154045449,-17.8062241053,
    38.883313499959));
#8756 = CARTESIAN_POINT('',(15.436777216678,-18.1589337745,
    38.83742743681));
#8757 = CARTESIAN_POINT('',(15.589664993635,-18.53583793153,
    38.794857403225));
#8758 = CARTESIAN_POINT('',(15.691746085826,-18.92936592548,
    38.75645851236));
#8759 = CARTESIAN_POINT('',(15.741225380242,-19.33139934776,
    38.722990259646));
#8760 = CARTESIAN_POINT('',(15.738288500883,-19.73313844247,
    38.69505186355));
#8761 = ORIENTED_EDGE('',*,*,#8762,.T.);
#8762 = EDGE_CURVE('',#8708,#8353,#8763,.T.);
#8763 = B_SPLINE_CURVE_WITH_KNOTS('',7,(#8764,#8765,#8766,#8767,#8768,
    #8769,#8770,#8771,#8772,#8773,#8774,#8775,#8776,#8777,#8778,#8779,
    #8780,#8781,#8782,#8783,#8784,#8785,#8786,#8787,#8788,#8789,#8790,
    #8791,#8792,#8793,#8794,#8795,#8796,#8797,#8798,#8799,#8800,#8801,
    #8802,#8803,#8804,#8805,#8806,#8807,#8808,#8809,#8810,#8811,#8812,
    #8813),.UNSPECIFIED.,.T.,.F.,(8,6,6,6,6,6,6,6,8),(0.,0.125000002363,
    0.250999058208,0.374999978344,0.499999981802,0.62499998526,
    0.749999992901,0.874999997623,1.),.UNSPECIFIED.);
#8764 = CARTESIAN_POINT('',(15.738288500883,-19.73313844247,
    38.69505186355));
#8765 = CARTESIAN_POINT('',(15.735352483209,-20.13487753717,
    38.667113376887));
#8766 = CARTESIAN_POINT('',(15.679995989085,-20.53691095945,
    38.644663809555));
#8767 = CARTESIAN_POINT('',(15.57216203534,-20.9304389534,
    38.628327879065));
#8768 = CARTESIAN_POINT('',(15.413764415486,-21.30734311043,
    38.618475259061));
#8769 = CARTESIAN_POINT('',(15.207985092906,-21.66005277963,
    38.615303819234));
#8770 = CARTESIAN_POINT('',(14.959286601191,-21.98151162355,
    38.618840673521));
#8771 = CARTESIAN_POINT('',(14.386441467794,-22.55192690769,
    38.638942090367));
#8772 = CARTESIAN_POINT('',(14.061277634467,-22.80071134165,
    38.655625658177));
#8773 = CARTESIAN_POINT('',(13.704829228784,-23.00546689297,
    38.678693125324));
#8774 = CARTESIAN_POINT('',(13.324345276265,-23.16167756001,
    38.70770011758));
#8775 = CARTESIAN_POINT('',(12.927588023515,-23.26615645852,
    38.742054866119));
#8776 = CARTESIAN_POINT('',(12.522869102268,-23.31703103834,
    38.78101544597));
#8777 = CARTESIAN_POINT('',(11.721894021297,-23.31198261794,
    38.865556283798));
#8778 = CARTESIAN_POINT('',(11.325027704828,-23.25773712094,
    38.911082723248));
#8779 = CARTESIAN_POINT('',(10.9371383896,-23.1516867364,38.959308146497
    ));
#8780 = CARTESIAN_POINT('',(10.566104882748,-22.99567993526,
    39.00927448788));
#8781 = CARTESIAN_POINT('',(10.219264185121,-22.79280166897,
    39.059993688464));
#8782 = CARTESIAN_POINT('',(9.903441399193,-22.54738595277,
    39.110443667842));
#8783 = CARTESIAN_POINT('',(9.343428862275,-21.98151161482,
    39.209091107145));
#8784 = CARTESIAN_POINT('',(9.099429709275,-21.66005276445,
    39.257338862476));
#8785 = CARTESIAN_POINT('',(8.898806501259,-21.30734310646,
    39.303224928702));
#8786 = CARTESIAN_POINT('',(8.745918735817,-20.93043894075,
    39.345794961687));
#8787 = CARTESIAN_POINT('',(8.643837401858,-20.53691101482,
    39.384193873181));
#8788 = CARTESIAN_POINT('',(8.594358384581,-20.13487752732,
    39.417662101352));
#8789 = CARTESIAN_POINT('',(8.600231281469,-19.33139935761,
    39.473538982742));
#8790 = CARTESIAN_POINT('',(8.655587499412,-18.92936587012,
    39.495988583686));
#8791 = CARTESIAN_POINT('',(8.763421693918,-18.53583794418,
    39.51232448409));
#8792 = CARTESIAN_POINT('',(8.921819302402,-18.15893377847,
    39.522177105899));
#8793 = CARTESIAN_POINT('',(9.127598661589,-17.80622412048,
    39.52534854109));
#8794 = CARTESIAN_POINT('',(9.376297120066,-17.48476527011,
    39.521811690749));
#8795 = CARTESIAN_POINT('',(9.946862159032,-16.91662040454,
    39.501790283841));
#8796 = CARTESIAN_POINT('',(10.269146863314,-16.66951804394,
    39.485291054766));
#8797 = CARTESIAN_POINT('',(10.622270724482,-16.4656951791,
    39.462507432286));
#8798 = CARTESIAN_POINT('',(10.999166620128,-16.30957636968,
    39.433871101313));
#8799 = CARTESIAN_POINT('',(11.392263972654,-16.20429751587,
    39.399957270235));
#8800 = CARTESIAN_POINT('',(11.793455744099,-16.15171953789,
    39.361487178079));
#8801 = CARTESIAN_POINT('',(12.594483653712,-16.15171953815,
    39.277295752194));
#8802 = CARTESIAN_POINT('',(12.994906797497,-16.20429751437,
    39.231512721831));
#8803 = CARTESIAN_POINT('',(13.38646509891,-16.30957637364,
    39.182955920071));
#8804 = CARTESIAN_POINT('',(13.761078719932,-16.46569520533,
    39.132605416434));
#8805 = CARTESIAN_POINT('',(14.11122294342,-16.66951807922,
    39.081472584052));
#8806 = CARTESIAN_POINT('',(14.429895335926,-16.91662042335,
    39.030604508791));
#8807 = CARTESIAN_POINT('',(14.992154859108,-17.48476526138,
    38.931561258341));
#8808 = CARTESIAN_POINT('',(15.236154045449,-17.8062241053,
    38.883313499959));
#8809 = CARTESIAN_POINT('',(15.436777216678,-18.1589337745,
    38.83742743681));
#8810 = CARTESIAN_POINT('',(15.589664993635,-18.53583793153,
    38.794857403225));
#8811 = CARTESIAN_POINT('',(15.691746085826,-18.92936592548,
    38.75645851236));
#8812 = CARTESIAN_POINT('',(15.741225380242,-19.33139934776,
    38.722990259646));
#8813 = CARTESIAN_POINT('',(15.738288500883,-19.73313844247,
    38.69505186355));
#8814 = ORIENTED_EDGE('',*,*,#8352,.F.);
#8815 = ORIENTED_EDGE('',*,*,#8654,.F.);
#8816 = ORIENTED_EDGE('',*,*,#4825,.F.);
#8817 = ORIENTED_EDGE('',*,*,#8818,.T.);
#8818 = EDGE_CURVE('',#4818,#8819,#8821,.T.);
#8819 = VERTEX_POINT('',#8820);
#8820 = CARTESIAN_POINT('',(17.671649855095,-29.13553674409,
    37.830746076864));
#8821 = LINE('',#8822,#8823);
#8822 = CARTESIAN_POINT('',(-218.7076349611,-29.13553674409,
    62.675210040119));
#8823 = VECTOR('',#8824,1.);
#8824 = DIRECTION('',(-0.994521895368,-6.938893903907E-18,0.104528463268
    ));
#8825 = ORIENTED_EDGE('',*,*,#8826,.T.);
#8826 = EDGE_CURVE('',#8819,#8827,#8829,.T.);
#8827 = VERTEX_POINT('',#8828);
#8828 = CARTESIAN_POINT('',(18.105311947578,30.194301836914,
    41.956765274731));
#8829 = LINE('',#8830,#8831);
#8830 = CARTESIAN_POINT('',(15.956269685229,-263.81878517,
    21.509993963216));
#8831 = VECTOR('',#8832,1.);
#8832 = DIRECTION('',(7.291537003444E-03,0.99756405026,
    6.937434048221E-02));
#8833 = ORIENTED_EDGE('',*,*,#8834,.F.);
#8834 = EDGE_CURVE('',#7779,#8827,#8835,.T.);
#8835 = LINE('',#8836,#8837);
#8836 = CARTESIAN_POINT('',(-218.2739728686,30.194301836914,
    66.801229237986));
#8837 = VECTOR('',#8838,1.);
#8838 = DIRECTION('',(-0.994521895368,-6.938893903907E-18,0.104528463268
    ));
#8839 = ORIENTED_EDGE('',*,*,#7778,.F.);
#8840 = FACE_BOUND('',#8841,.F.);
#8841 = EDGE_LOOP('',(#8842,#8852,#8907,#8962));
#8842 = ORIENTED_EDGE('',*,*,#8843,.F.);
#8843 = EDGE_CURVE('',#8844,#8846,#8848,.T.);
#8844 = VERTEX_POINT('',#8845);
#8845 = CARTESIAN_POINT('',(8.903774097214,22.187004085773,
    42.360876847386));
#8846 = VERTEX_POINT('',#8847);
#8847 = CARTESIAN_POINT('',(8.890686607097,22.164551668443,
    42.36067372392));
#8848 = LINE('',#8849,#8850);
#8849 = CARTESIAN_POINT('',(10.606049719074,25.107365616709,
    42.387296895947));
#8850 = VECTOR('',#8851,1.);
#8851 = DIRECTION('',(-0.503575603962,-0.863915809427,
    -7.815709594563E-03));
#8852 = ORIENTED_EDGE('',*,*,#8853,.T.);
#8853 = EDGE_CURVE('',#8844,#8854,#8856,.T.);
#8854 = VERTEX_POINT('',#8855);
#8855 = CARTESIAN_POINT('',(16.044533055027,22.164551668443,
    41.608774163803));
#8856 = B_SPLINE_CURVE_WITH_KNOTS('',7,(#8857,#8858,#8859,#8860,#8861,
    #8862,#8863,#8864,#8865,#8866,#8867,#8868,#8869,#8870,#8871,#8872,
    #8873,#8874,#8875,#8876,#8877,#8878,#8879,#8880,#8881,#8882,#8883,
    #8884,#8885,#8886,#8887,#8888,#8889,#8890,#8891,#8892,#8893,#8894,
    #8895,#8896,#8897,#8898,#8899,#8900,#8901,#8902,#8903,#8904,#8905,
    #8906),.UNSPECIFIED.,.T.,.F.,(8,6,6,6,6,6,6,6,8),(0.,0.125999058113,
    0.251998118404,0.375999043133,0.500999051145,0.624999971591,
    0.749999983787,0.874999993066,1.),.UNSPECIFIED.);
#8857 = CARTESIAN_POINT('',(16.044533055028,22.164551668443,
    41.608774163803));
#8858 = CARTESIAN_POINT('',(16.041573594594,21.759601704456,
    41.580612378469));
#8859 = CARTESIAN_POINT('',(15.985352172324,21.354345506409,
    41.558027118977));
#8860 = CARTESIAN_POINT('',(15.875807699544,20.957804832044,
    41.541659143731));
#8861 = CARTESIAN_POINT('',(15.714919060436,20.578291298682,
    41.531884869962));
#8862 = CARTESIAN_POINT('',(15.50596885099,20.223547274113,
    41.528903664204));
#8863 = CARTESIAN_POINT('',(15.253557120313,19.900782377372,
    41.532738964462));
#8864 = CARTESIAN_POINT('',(14.674882229096,19.331706257156,
    41.553547272823));
#8865 = CARTESIAN_POINT('',(14.348181328725,19.084964573765,
    41.570536022744));
#8866 = CARTESIAN_POINT('',(13.990473725993,18.882450098451,
    41.593893411344));
#8867 = CARTESIAN_POINT('',(13.609036258306,18.728633267123,
    41.623168937431));
#8868 = CARTESIAN_POINT('',(13.2116506253,18.626652126799,
    41.657765353741));
#8869 = CARTESIAN_POINT('',(12.806639642247,18.578326893745,
    41.696935880164));
#8870 = CARTESIAN_POINT('',(12.005748894751,18.58842348326,
    41.781822800996));
#8871 = CARTESIAN_POINT('',(11.609248505062,18.645171604085,
    41.827486744448));
#8872 = CARTESIAN_POINT('',(11.222049048084,18.753669399653,
    41.87581174301));
#8873 = CARTESIAN_POINT('',(10.852017233168,18.912018695525,
    41.925837507791));
#8874 = CARTESIAN_POINT('',(10.50647025345,19.117088219077,
    41.976574804798));
#8875 = CARTESIAN_POINT('',(10.192205612744,19.364500826692,
    42.02700142192));
#8876 = CARTESIAN_POINT('',(9.635774745939,19.933919465724,
    42.125521619381));
#8877 = CARTESIAN_POINT('',(9.393805371027,20.2569245508,42.173664755275
    ));
#8878 = CARTESIAN_POINT('',(9.195404851804,20.61090789518,
    42.219406762918));
#8879 = CARTESIAN_POINT('',(9.044888195669,20.988785537927,
    42.261796029379));
#8880 = CARTESIAN_POINT('',(8.94527876368,21.38296717773,42.299981097428
    ));
#8881 = CARTESIAN_POINT('',(8.898321468049,21.785323084055,
    42.333206951883));
#8882 = CARTESIAN_POINT('',(8.90918366342,22.585574471348,
    42.388332555383));
#8883 = CARTESIAN_POINT('',(8.966176326602,22.984052470435,
    42.410360165543));
#8884 = CARTESIAN_POINT('',(9.074752840897,23.373905830691,
    42.426359678973));
#8885 = CARTESIAN_POINT('',(9.233012528866,23.747218086355,
    42.435974242476));
#8886 = CARTESIAN_POINT('',(9.437825899077,24.096607171899,
    42.439013731148));
#8887 = CARTESIAN_POINT('',(9.684821873584,24.4151953325,42.435453975177
    ));
#8888 = CARTESIAN_POINT('',(10.253106713176,24.981069706365,
    42.415512584094));
#8889 = CARTESIAN_POINT('',(10.57539141746,25.228172066966,
    42.399013355018));
#8890 = CARTESIAN_POINT('',(10.928515278624,25.431994931809,
    42.376229732539));
#8891 = CARTESIAN_POINT('',(11.305411174274,25.588113741228,
    42.347593401565));
#8892 = CARTESIAN_POINT('',(11.698508526797,25.693392595041,
    42.313679570488));
#8893 = CARTESIAN_POINT('',(12.099700298244,25.74597057302,
    42.275209478332));
#8894 = CARTESIAN_POINT('',(12.900728207856,25.74597057276,
    42.191018052447));
#8895 = CARTESIAN_POINT('',(13.301151351643,25.693392596537,
    42.145235022084));
#8896 = CARTESIAN_POINT('',(13.692709653051,25.588113737273,
    42.096678220324));
#8897 = CARTESIAN_POINT('',(14.067323274081,25.43199490558,
    42.046327716687));
#8898 = CARTESIAN_POINT('',(14.417467497562,25.228172031684,
    41.995194884306));
#8899 = CARTESIAN_POINT('',(14.736139890071,24.981069687555,
    41.944326809044));
#8900 = CARTESIAN_POINT('',(15.298399413255,24.412924849532,
    41.845283558593));
#8901 = CARTESIAN_POINT('',(15.542398599587,24.09146600561,
    41.797035800212));
#8902 = CARTESIAN_POINT('',(15.743021770832,23.738756336409,
    41.751149737062));
#8903 = CARTESIAN_POINT('',(15.89590954777,23.361852179375,
    41.708579703479));
#8904 = CARTESIAN_POINT('',(15.997990639975,22.968324185429,
    41.670180812613));
#8905 = CARTESIAN_POINT('',(16.047469934386,22.566290763144,
    41.636712559899));
#8906 = CARTESIAN_POINT('',(16.044533055027,22.164551668443,
    41.608774163803));
#8907 = ORIENTED_EDGE('',*,*,#8908,.T.);
#8908 = EDGE_CURVE('',#8854,#8909,#8911,.T.);
#8909 = VERTEX_POINT('',#8910);
#8910 = CARTESIAN_POINT('',(8.903445872411,22.142099251112,
    42.357753996991));
#8911 = B_SPLINE_CURVE_WITH_KNOTS('',7,(#8912,#8913,#8914,#8915,#8916,
    #8917,#8918,#8919,#8920,#8921,#8922,#8923,#8924,#8925,#8926,#8927,
    #8928,#8929,#8930,#8931,#8932,#8933,#8934,#8935,#8936,#8937,#8938,
    #8939,#8940,#8941,#8942,#8943,#8944,#8945,#8946,#8947,#8948,#8949,
    #8950,#8951,#8952,#8953,#8954,#8955,#8956,#8957,#8958,#8959,#8960,
    #8961),.UNSPECIFIED.,.T.,.F.,(8,6,6,6,6,6,6,6,8),(0.,0.125999058113,
    0.251998118404,0.375999043133,0.500999051145,0.624999971591,
    0.749999983787,0.874999993066,1.),.UNSPECIFIED.);
#8912 = CARTESIAN_POINT('',(16.044533055028,22.164551668443,
    41.608774163803));
#8913 = CARTESIAN_POINT('',(16.041573594594,21.759601704456,
    41.580612378469));
#8914 = CARTESIAN_POINT('',(15.985352172324,21.354345506409,
    41.558027118977));
#8915 = CARTESIAN_POINT('',(15.875807699544,20.957804832044,
    41.541659143731));
#8916 = CARTESIAN_POINT('',(15.714919060436,20.578291298682,
    41.531884869962));
#8917 = CARTESIAN_POINT('',(15.50596885099,20.223547274113,
    41.528903664204));
#8918 = CARTESIAN_POINT('',(15.253557120313,19.900782377372,
    41.532738964462));
#8919 = CARTESIAN_POINT('',(14.674882229096,19.331706257156,
    41.553547272823));
#8920 = CARTESIAN_POINT('',(14.348181328725,19.084964573765,
    41.570536022744));
#8921 = CARTESIAN_POINT('',(13.990473725993,18.882450098451,
    41.593893411344));
#8922 = CARTESIAN_POINT('',(13.609036258306,18.728633267123,
    41.623168937431));
#8923 = CARTESIAN_POINT('',(13.2116506253,18.626652126799,
    41.657765353741));
#8924 = CARTESIAN_POINT('',(12.806639642247,18.578326893745,
    41.696935880164));
#8925 = CARTESIAN_POINT('',(12.005748894751,18.58842348326,
    41.781822800996));
#8926 = CARTESIAN_POINT('',(11.609248505062,18.645171604085,
    41.827486744448));
#8927 = CARTESIAN_POINT('',(11.222049048084,18.753669399653,
    41.87581174301));
#8928 = CARTESIAN_POINT('',(10.852017233168,18.912018695525,
    41.925837507791));
#8929 = CARTESIAN_POINT('',(10.50647025345,19.117088219077,
    41.976574804798));
#8930 = CARTESIAN_POINT('',(10.192205612744,19.364500826692,
    42.02700142192));
#8931 = CARTESIAN_POINT('',(9.635774745939,19.933919465724,
    42.125521619381));
#8932 = CARTESIAN_POINT('',(9.393805371027,20.2569245508,42.173664755275
    ));
#8933 = CARTESIAN_POINT('',(9.195404851804,20.61090789518,
    42.219406762918));
#8934 = CARTESIAN_POINT('',(9.044888195669,20.988785537927,
    42.261796029379));
#8935 = CARTESIAN_POINT('',(8.94527876368,21.38296717773,42.299981097428
    ));
#8936 = CARTESIAN_POINT('',(8.898321468049,21.785323084055,
    42.333206951883));
#8937 = CARTESIAN_POINT('',(8.90918366342,22.585574471348,
    42.388332555383));
#8938 = CARTESIAN_POINT('',(8.966176326602,22.984052470435,
    42.410360165543));
#8939 = CARTESIAN_POINT('',(9.074752840897,23.373905830691,
    42.426359678973));
#8940 = CARTESIAN_POINT('',(9.233012528866,23.747218086355,
    42.435974242476));
#8941 = CARTESIAN_POINT('',(9.437825899077,24.096607171899,
    42.439013731148));
#8942 = CARTESIAN_POINT('',(9.684821873584,24.4151953325,42.435453975177
    ));
#8943 = CARTESIAN_POINT('',(10.253106713176,24.981069706365,
    42.415512584094));
#8944 = CARTESIAN_POINT('',(10.57539141746,25.228172066966,
    42.399013355018));
#8945 = CARTESIAN_POINT('',(10.928515278624,25.431994931809,
    42.376229732539));
#8946 = CARTESIAN_POINT('',(11.305411174274,25.588113741228,
    42.347593401565));
#8947 = CARTESIAN_POINT('',(11.698508526797,25.693392595041,
    42.313679570488));
#8948 = CARTESIAN_POINT('',(12.099700298244,25.74597057302,
    42.275209478332));
#8949 = CARTESIAN_POINT('',(12.900728207856,25.74597057276,
    42.191018052447));
#8950 = CARTESIAN_POINT('',(13.301151351643,25.693392596537,
    42.145235022084));
#8951 = CARTESIAN_POINT('',(13.692709653051,25.588113737273,
    42.096678220324));
#8952 = CARTESIAN_POINT('',(14.067323274081,25.43199490558,
    42.046327716687));
#8953 = CARTESIAN_POINT('',(14.417467497562,25.228172031684,
    41.995194884306));
#8954 = CARTESIAN_POINT('',(14.736139890071,24.981069687555,
    41.944326809044));
#8955 = CARTESIAN_POINT('',(15.298399413255,24.412924849532,
    41.845283558593));
#8956 = CARTESIAN_POINT('',(15.542398599587,24.09146600561,
    41.797035800212));
#8957 = CARTESIAN_POINT('',(15.743021770832,23.738756336409,
    41.751149737062));
#8958 = CARTESIAN_POINT('',(15.89590954777,23.361852179375,
    41.708579703479));
#8959 = CARTESIAN_POINT('',(15.997990639975,22.968324185429,
    41.670180812613));
#8960 = CARTESIAN_POINT('',(16.047469934386,22.566290763144,
    41.636712559899));
#8961 = CARTESIAN_POINT('',(16.044533055027,22.164551668443,
    41.608774163803));
#8962 = ORIENTED_EDGE('',*,*,#8963,.F.);
#8963 = EDGE_CURVE('',#8846,#8909,#8964,.T.);
#8964 = LINE('',#8965,#8966);
#8965 = CARTESIAN_POINT('',(8.890686607097,22.164551668443,
    42.36067372392));
#8966 = VECTOR('',#8967,1.);
#8967 = DIRECTION('',(0.490946291407,-0.863915809427,-0.112344172862));
#8968 = PLANE('',#8969);
#8969 = AXIS2_PLACEMENT_3D('',#8970,#8971,#8972);
#8970 = CARTESIAN_POINT('',(-458.517680117,-498.502033596,
    54.878169776079));
#8971 = DIRECTION('',(0.104273837185,-6.975647374413E-02,0.992099290016)
  );
#8972 = DIRECTION('',(0.994521895368,1.07850667488E-17,-0.104528463268)
  );
#8973 = ADVANCED_FACE('',(#8974),#9010,.F.);
#8974 = FACE_BOUND('',#8975,.F.);
#8975 = EDGE_LOOP('',(#8976,#8977,#8985,#8993,#9001,#9007,#9008,#9009));
#8976 = ORIENTED_EDGE('',*,*,#7786,.F.);
#8977 = ORIENTED_EDGE('',*,*,#8978,.T.);
#8978 = EDGE_CURVE('',#7779,#8979,#8981,.T.);
#8979 = VERTEX_POINT('',#8980);
#8980 = CARTESIAN_POINT('',(66.894614988606,0.717906190882,
    34.756258901526));
#8981 = LINE('',#8982,#8983);
#8982 = CARTESIAN_POINT('',(65.069441311791,-248.9863255248,
    17.39089134805));
#8983 = VECTOR('',#8984,1.);
#8984 = DIRECTION('',(-7.291537003444E-03,-0.99756405026,
    -6.937434048221E-02));
#8985 = ORIENTED_EDGE('',*,*,#8986,.F.);
#8986 = EDGE_CURVE('',#8987,#8979,#8989,.T.);
#8987 = VERTEX_POINT('',#8988);
#8988 = CARTESIAN_POINT('',(66.893572250234,0.718603755619,
    34.746337908625));
#8989 = LINE('',#8990,#8991);
#8990 = CARTESIAN_POINT('',(66.893572250234,0.718603755619,
    34.746337908625));
#8991 = VECTOR('',#8992,1.);
#8992 = DIRECTION('',(0.104273837185,-6.975647374413E-02,0.992099290016)
  );
#8993 = ORIENTED_EDGE('',*,*,#8994,.F.);
#8994 = EDGE_CURVE('',#8995,#8987,#8997,.T.);
#8995 = VERTEX_POINT('',#8996);
#8996 = CARTESIAN_POINT('',(66.787115809984,-13.84583137817,
    33.733472537585));
#8997 = LINE('',#8998,#8999);
#8998 = CARTESIAN_POINT('',(66.787115809984,-13.84583137817,
    33.733472537585));
#8999 = VECTOR('',#9000,1.);
#9000 = DIRECTION('',(7.291537003444E-03,0.99756405026,
    6.937434048221E-02));
#9001 = ORIENTED_EDGE('',*,*,#9002,.T.);
#9002 = EDGE_CURVE('',#8995,#6862,#9003,.T.);
#9003 = LINE('',#9004,#9005);
#9004 = CARTESIAN_POINT('',(66.787115809984,-13.84583137817,
    33.733472537585));
#9005 = VECTOR('',#9006,1.);
#9006 = DIRECTION('',(0.104273837185,-6.975647374413E-02,0.992099290016)
  );
#9007 = ORIENTED_EDGE('',*,*,#6861,.T.);
#9008 = ORIENTED_EDGE('',*,*,#4817,.F.);
#9009 = ORIENTED_EDGE('',*,*,#7811,.T.);
#9010 = PLANE('',#9011);
#9011 = AXIS2_PLACEMENT_3D('',#9012,#9013,#9014);
#9012 = CARTESIAN_POINT('',(66.461222311824,0.818389093013,
    30.632803022835));
#9013 = DIRECTION('',(0.994521895368,0.,-0.104528463268));
#9014 = DIRECTION('',(0.104528463268,0.,0.994521895368));
#9015 = ADVANCED_FACE('',(#9016),#9043,.T.);
#9016 = FACE_BOUND('',#9017,.T.);
#9017 = EDGE_LOOP('',(#9018,#9026,#9027,#9028,#9037));
#9018 = ORIENTED_EDGE('',*,*,#9019,.F.);
#9019 = EDGE_CURVE('',#6927,#9020,#9022,.T.);
#9020 = VERTEX_POINT('',#9021);
#9021 = CARTESIAN_POINT('',(70.64957695649,25.244870884033,
    42.738696098555));
#9022 = LINE('',#9023,#9024);
#9023 = CARTESIAN_POINT('',(65.676967479649,25.244870884033,
    43.261338414893));
#9024 = VECTOR('',#9025,1.);
#9025 = DIRECTION('',(0.994521895368,1.07850667488E-17,-0.104528463268)
  );
#9026 = ORIENTED_EDGE('',*,*,#6926,.T.);
#9027 = ORIENTED_EDGE('',*,*,#4870,.T.);
#9028 = ORIENTED_EDGE('',*,*,#9029,.F.);
#9029 = EDGE_CURVE('',#9030,#4862,#9032,.T.);
#9030 = VERTEX_POINT('',#9031);
#9031 = CARTESIAN_POINT('',(70.648786350495,25.136707115749,
    42.731173984975));
#9032 = CIRCLE('',#9033,4.5);
#9033 = AXIS2_PLACEMENT_3D('',#9034,#9035,#9036);
#9034 = CARTESIAN_POINT('',(73.507810177863,21.704158941731,
    42.189329184693));
#9035 = DIRECTION('',(0.104273837185,-6.975647374413E-02,0.992099290016)
  );
#9036 = DIRECTION('',(0.994521895368,1.07850667488E-17,-0.104528463268)
  );
#9037 = ORIENTED_EDGE('',*,*,#9038,.T.);
#9038 = EDGE_CURVE('',#9030,#9020,#9039,.T.);
#9039 = LINE('',#9040,#9041);
#9040 = CARTESIAN_POINT('',(70.277892928536,-25.60567326977,
    39.202358794786));
#9041 = VECTOR('',#9042,1.);
#9042 = DIRECTION('',(7.291537003444E-03,0.99756405026,
    6.937434048221E-02));
#9043 = PLANE('',#9044);
#9044 = AXIS2_PLACEMENT_3D('',#9045,#9046,#9047);
#9045 = CARTESIAN_POINT('',(15.354416883399,-32.58862162159,
    44.484063759323));
#9046 = DIRECTION('',(0.104273837185,-6.975647374413E-02,0.992099290016)
  );
#9047 = DIRECTION('',(0.994521895368,1.07850667488E-17,-0.104528463268)
  );
#9048 = ADVANCED_FACE('',(#9049),#9073,.T.);
#9049 = FACE_BOUND('',#9050,.T.);
#9050 = EDGE_LOOP('',(#9051,#9059,#9066,#9072));
#9051 = ORIENTED_EDGE('',*,*,#9052,.F.);
#9052 = EDGE_CURVE('',#9053,#1785,#9055,.T.);
#9053 = VERTEX_POINT('',#9054);
#9054 = CARTESIAN_POINT('',(70.670740026241,25.155034222284,
    42.730155175976));
#9055 = LINE('',#9056,#9057);
#9056 = CARTESIAN_POINT('',(70.368035993111,-16.25827290021,
    39.850118683018));
#9057 = VECTOR('',#9058,1.);
#9058 = DIRECTION('',(-7.291537003444E-03,-0.99756405026,
    -6.937434048221E-02));
#9059 = ORIENTED_EDGE('',*,*,#9060,.T.);
#9060 = EDGE_CURVE('',#9053,#9030,#9061,.T.);
#9061 = CIRCLE('',#9062,4.5);
#9062 = AXIS2_PLACEMENT_3D('',#9063,#9064,#9065);
#9063 = CARTESIAN_POINT('',(73.507810177863,21.704158941731,
    42.189329184693));
#9064 = DIRECTION('',(0.104273837185,-6.975647374413E-02,0.992099290016)
  );
#9065 = DIRECTION('',(0.994521895368,1.07850667488E-17,-0.104528463268)
  );
#9066 = ORIENTED_EDGE('',*,*,#9067,.F.);
#9067 = EDGE_CURVE('',#4862,#9030,#9068,.T.);
#9068 = LINE('',#9069,#9070);
#9069 = CARTESIAN_POINT('',(70.277892928536,-25.60567326977,
    39.202358794786));
#9070 = VECTOR('',#9071,1.);
#9071 = DIRECTION('',(7.291537003444E-03,0.99756405026,
    6.937434048221E-02));
#9072 = ORIENTED_EDGE('',*,*,#4861,.T.);
#9073 = PLANE('',#9074);
#9074 = AXIS2_PLACEMENT_3D('',#9075,#9076,#9077);
#9075 = CARTESIAN_POINT('',(15.354416883399,-32.58862162159,
    44.484063759323));
#9076 = DIRECTION('',(0.104273837185,-6.975647374413E-02,0.992099290016)
  );
#9077 = DIRECTION('',(0.994521895368,1.07850667488E-17,-0.104528463268)
  );
#9078 = ADVANCED_FACE('',(#9079),#9104,.T.);
#9079 = FACE_BOUND('',#9080,.T.);
#9080 = EDGE_LOOP('',(#9081,#9088,#9089,#9098));
#9081 = ORIENTED_EDGE('',*,*,#9082,.F.);
#9082 = EDGE_CURVE('',#4896,#9053,#9083,.T.);
#9083 = CIRCLE('',#9084,4.5);
#9084 = AXIS2_PLACEMENT_3D('',#9085,#9086,#9087);
#9085 = CARTESIAN_POINT('',(73.507810177863,21.704158941731,
    42.189329184693));
#9086 = DIRECTION('',(0.104273837185,-6.975647374413E-02,0.992099290016)
  );
#9087 = DIRECTION('',(0.994521895368,1.07850667488E-17,-0.104528463268)
  );
#9088 = ORIENTED_EDGE('',*,*,#4893,.F.);
#9089 = ORIENTED_EDGE('',*,*,#9090,.T.);
#9090 = EDGE_CURVE('',#4894,#9091,#9093,.T.);
#9091 = VERTEX_POINT('',#9092);
#9092 = CARTESIAN_POINT('',(70.201507758909,25.468938354132,
    38.265708370906));
#9093 = CIRCLE('',#9094,4.5);
#9094 = AXIS2_PLACEMENT_3D('',#9095,#9096,#9097);
#9095 = CARTESIAN_POINT('',(73.038577910531,22.01806307358,
    37.724882379623));
#9096 = DIRECTION('',(0.104273837185,-6.975647374413E-02,0.992099290016)
  );
#9097 = DIRECTION('',(0.994521895368,1.07850667488E-17,-0.104528463268)
  );
#9098 = ORIENTED_EDGE('',*,*,#9099,.T.);
#9099 = EDGE_CURVE('',#9091,#9053,#9100,.T.);
#9100 = LINE('',#9101,#9102);
#9101 = CARTESIAN_POINT('',(69.99296008454,25.608451301621,
    36.281509790874));
#9102 = VECTOR('',#9103,1.);
#9103 = DIRECTION('',(0.104273837185,-6.975647374413E-02,0.992099290016)
  );
#9104 = CYLINDRICAL_SURFACE('',#9105,4.5);
#9105 = AXIS2_PLACEMENT_3D('',#9106,#9107,#9108);
#9106 = CARTESIAN_POINT('',(72.830030236162,22.157576021068,
    35.740683799591));
#9107 = DIRECTION('',(0.104273837185,-6.975647374413E-02,0.992099290016)
  );
#9108 = DIRECTION('',(0.994521895368,1.07850667488E-17,-0.104528463268)
  );
#9109 = ADVANCED_FACE('',(#9110,#9115),#9126,.T.);
#9110 = FACE_BOUND('',#9111,.T.);
#9111 = EDGE_LOOP('',(#9112,#9113,#9114));
#9112 = ORIENTED_EDGE('',*,*,#4903,.T.);
#9113 = ORIENTED_EDGE('',*,*,#9082,.T.);
#9114 = ORIENTED_EDGE('',*,*,#9052,.T.);
#9115 = FACE_BOUND('',#9116,.T.);
#9116 = EDGE_LOOP('',(#9117));
#9117 = ORIENTED_EDGE('',*,*,#9118,.F.);
#9118 = EDGE_CURVE('',#9119,#9119,#9121,.T.);
#9119 = VERTEX_POINT('',#9120);
#9120 = CARTESIAN_POINT('',(75.198497399989,21.704158941731,
    42.011630797138));
#9121 = CIRCLE('',#9122,1.7);
#9122 = AXIS2_PLACEMENT_3D('',#9123,#9124,#9125);
#9123 = CARTESIAN_POINT('',(73.507810177863,21.704158941731,
    42.189329184693));
#9124 = DIRECTION('',(0.104273837185,-6.975647374413E-02,0.992099290016)
  );
#9125 = DIRECTION('',(0.994521895368,1.387778780781E-17,-0.104528463268)
  );
#9126 = PLANE('',#9127);
#9127 = AXIS2_PLACEMENT_3D('',#9128,#9129,#9130);
#9128 = CARTESIAN_POINT('',(73.507810177863,21.704158941731,
    42.189329184693));
#9129 = DIRECTION('',(0.104273837185,-6.975647374413E-02,0.992099290016)
  );
#9130 = DIRECTION('',(0.994521895368,1.07850667488E-17,-0.104528463268)
  );
#9131 = ADVANCED_FACE('',(#9132),#9144,.T.);
#9132 = FACE_BOUND('',#9133,.T.);
#9133 = EDGE_LOOP('',(#9134,#9135,#9136,#9143));
#9134 = ORIENTED_EDGE('',*,*,#4935,.F.);
#9135 = ORIENTED_EDGE('',*,*,#5430,.T.);
#9136 = ORIENTED_EDGE('',*,*,#9137,.F.);
#9137 = EDGE_CURVE('',#9091,#5394,#9138,.T.);
#9138 = HYPERBOLA('',#9139,2.878060094248,2.878060094248);
#9139 = AXIS2_PLACEMENT_3D('',#9140,#9141,#9142);
#9140 = CARTESIAN_POINT('',(70.645516397947,21.704158941731,
    42.490168383537));
#9141 = DIRECTION('',(0.994521895368,1.734723475977E-18,-0.104528463268)
  );
#9142 = DIRECTION('',(-0.104273837185,6.975647374413E-02,-0.992099290016
    ));
#9143 = ORIENTED_EDGE('',*,*,#9090,.F.);
#9144 = CONICAL_SURFACE('',#9145,6.3,0.785398163397);
#9145 = AXIS2_PLACEMENT_3D('',#9146,#9147,#9148);
#9146 = CARTESIAN_POINT('',(72.850885003599,22.143624726319,
    35.939103657595));
#9147 = DIRECTION('',(-0.104273837185,6.975647374413E-02,-0.992099290016
    ));
#9148 = DIRECTION('',(0.994521895368,1.07850667488E-17,-0.104528463268)
  );
#9149 = ADVANCED_FACE('',(#9150),#9191,.T.);
#9150 = FACE_BOUND('',#9151,.T.);
#9151 = EDGE_LOOP('',(#9152,#9187,#9188,#9189,#9190));
#9152 = ORIENTED_EDGE('',*,*,#9153,.F.);
#9153 = EDGE_CURVE('',#2160,#2221,#9154,.T.);
#9154 = B_SPLINE_CURVE_WITH_KNOTS('',6,(#9155,#9156,#9157,#9158,#9159,
    #9160,#9161,#9162,#9163,#9164,#9165,#9166,#9167,#9168,#9169,#9170,
    #9171,#9172,#9173,#9174,#9175,#9176,#9177,#9178,#9179,#9180,#9181,
    #9182,#9183,#9184,#9185,#9186),.UNSPECIFIED.,.F.,.F.,(7,5,5,5,5,5,7)
  ,(0.,0.110917548204,0.379501983935,0.595469095912,0.684358147427,
    0.811266063814,1.),.UNSPECIFIED.);
#9155 = CARTESIAN_POINT('',(68.651443442769,15.534530112946,
    23.517831539664));
#9156 = CARTESIAN_POINT('',(68.673698135378,15.412460786127,
    23.729570795962));
#9157 = CARTESIAN_POINT('',(68.696311345865,15.296429200556,
    23.944721122017));
#9158 = CARTESIAN_POINT('',(68.719256146818,15.186476278187,
    24.163026320612));
#9159 = CARTESIAN_POINT('',(68.742506471966,15.08263535279,
    24.38423838775));
#9160 = CARTESIAN_POINT('',(68.766037182479,14.984933540023,
    24.608118143436));
#9161 = CARTESIAN_POINT('',(68.847423718343,14.671729936905,
    25.382459307314));
#9162 = CARTESIAN_POINT('',(68.906520893551,14.486213208314,
    25.944731370452));
#9163 = CARTESIAN_POINT('',(68.966780488862,14.337117053404,
    26.518063122109));
#9164 = CARTESIAN_POINT('',(69.027881462529,14.224668663229,
    27.099400054082));
#9165 = CARTESIAN_POINT('',(69.089515808182,14.149016377478,
    27.685811681521));
#9166 = CARTESIAN_POINT('',(69.201143484958,14.079220490956,
    28.747878081548));
#9167 = CARTESIAN_POINT('',(69.251047871406,14.072014323652,
    29.222686602081));
#9168 = CARTESIAN_POINT('',(69.300949347945,14.088794624247,
    29.697467436675));
#9169 = CARTESIAN_POINT('',(69.350688823489,14.129648096578,
    30.170706934761));
#9170 = CARTESIAN_POINT('',(69.400102304288,14.194651535959,
    30.64084480004));
#9171 = CARTESIAN_POINT('',(69.469154991122,14.320576207571,
    31.29783722912));
#9172 = CARTESIAN_POINT('',(69.489205047329,14.361392775093,
    31.488600771202));
#9173 = CARTESIAN_POINT('',(69.50915900973,14.406312829897,
    31.678450041783));
#9174 = CARTESIAN_POINT('',(69.529004577314,14.45533856907,
    31.867268004582));
#9175 = CARTESIAN_POINT('',(69.548729121466,14.508470726602,
    32.054934506343));
#9176 = CARTESIAN_POINT('',(69.596289359155,14.647427702457,
    32.507439941244));
#9177 = CARTESIAN_POINT('',(69.623985809228,14.737515167941,
    32.770954061321));
#9178 = CARTESIAN_POINT('',(69.651371439526,14.835968359408,
    33.03151092879));
#9179 = CARTESIAN_POINT('',(69.67840672651,14.942775383032,
    33.288734502279));
#9180 = CARTESIAN_POINT('',(69.705050376571,15.057911383054,
    33.542231899352));
#9181 = CARTESIAN_POINT('',(69.770236939366,15.364886842522,
    34.1624406153));
#9182 = CARTESIAN_POINT('',(69.808252878656,15.566766196327,
    34.52413811677));
#9183 = CARTESIAN_POINT('',(69.845166345276,15.786835583231,
    34.875346291462));
#9184 = CARTESIAN_POINT('',(69.880824787767,16.024861434437,
    35.214613709195));
#9185 = CARTESIAN_POINT('',(69.91506735275,16.280469744334,
    35.540409952292));
#9186 = CARTESIAN_POINT('',(69.94772817902,16.553101861033,
    35.851156956797));
#9187 = ORIENTED_EDGE('',*,*,#5057,.F.);
#9188 = ORIENTED_EDGE('',*,*,#4996,.T.);
#9189 = ORIENTED_EDGE('',*,*,#4986,.T.);
#9190 = ORIENTED_EDGE('',*,*,#4967,.F.);
#9191 = B_SPLINE_SURFACE_WITH_KNOTS('',14,1,(
    (#9192,#9193)
    ,(#9194,#9195)
    ,(#9196,#9197)
    ,(#9198,#9199)
    ,(#9200,#9201)
    ,(#9202,#9203)
    ,(#9204,#9205)
    ,(#9206,#9207)
    ,(#9208,#9209)
    ,(#9210,#9211)
    ,(#9212,#9213)
    ,(#9214,#9215)
    ,(#9216,#9217)
    ,(#9218,#9219)
    ,(#9220,#9221
    )),.UNSPECIFIED.,.T.,.F.,.F.,(15,15),(2,2),(0.,6.28318530718),(0.,1.
    ),.PIECEWISE_BEZIER_KNOTS.);
#9192 = CARTESIAN_POINT('',(71.369412427153,23.001629353372,
    23.757188083056));
#9193 = CARTESIAN_POINT('',(79.116372944419,22.143624726319,
    35.280574339008));
#9194 = CARTESIAN_POINT('',(71.408027150183,28.284556599523,
    24.124582631226));
#9195 = CARTESIAN_POINT('',(79.136989279596,24.964170628926,
    35.476725665574));
#9196 = CARTESIAN_POINT('',(68.901074124184,33.56748579571,
    24.759527268089));
#9197 = CARTESIAN_POINT('',(77.798531308089,27.78471757265,
    35.815721531016));
#9198 = CARTESIAN_POINT('',(63.83877782814,37.513461228524,
    25.569045427722));
#9199 = CARTESIAN_POINT('',(75.095779895782,29.891467168142,
    36.247921904385));
#9200 = CARTESIAN_POINT('',(56.972714717166,38.785677946173,
    26.380149827336));
#9201 = CARTESIAN_POINT('',(71.430000438281,30.570701517387,
    36.680969168576));
#9202 = CARTESIAN_POINT('',(49.819167074757,36.526529884554,
    26.973172789529));
#9203 = CARTESIAN_POINT('',(67.610733476516,29.364546196358,
    36.997583122981));
#9204 = CARTESIAN_POINT('',(44.329273435197,30.839934904369,
    27.150348061984));
#9205 = CARTESIAN_POINT('',(64.679688567527,26.328482774741,
    37.092176700631));
#9206 = CARTESIAN_POINT('',(42.220793663948,23.0016293533,
    26.820831367293));
#9207 = CARTESIAN_POINT('',(63.553974790962,22.143624726264,
    36.916248295855));
#9208 = CARTESIAN_POINT('',(44.214687720248,15.163323802495,
    26.060137808383));
#9209 = CARTESIAN_POINT('',(64.618511448584,17.958766677991,
    36.510115294049));
#9210 = CARTESIAN_POINT('',(49.621450822474,9.476728822123,
    25.092028307278));
#9211 = CARTESIAN_POINT('',(67.505173104451,14.922703256226,
    35.993243272284));
#9212 = CARTESIAN_POINT('',(56.741972692477,7.217580760592,
    24.18478610909));
#9213 = CARTESIAN_POINT('',(71.306807662462,13.716547935273,
    35.508868200363));
#9214 = CARTESIAN_POINT('',(63.626633938048,8.48979747822,
    23.550631140934));
#9215 = CARTESIAN_POINT('',(74.982516632382,14.395782284494,
    35.170293937707));
#9216 = CARTESIAN_POINT('',(68.746615203583,12.435772911031,
    23.289948804167));
#9217 = CARTESIAN_POINT('',(77.716065952194,16.502531879987,
    35.03111607994));
#9218 = CARTESIAN_POINT('',(71.330797704127,17.718702107223,
    23.389793534886));
#9219 = CARTESIAN_POINT('',(79.09575660924,19.323078823714,
    35.084423012443));
#9220 = CARTESIAN_POINT('',(71.369412427153,23.001629353372,
    23.757188083056));
#9221 = CARTESIAN_POINT('',(79.116372944419,22.143624726319,
    35.280574339008));
#9222 = ADVANCED_FACE('',(#9223),#9229,.T.);
#9223 = FACE_BOUND('',#9224,.T.);
#9224 = EDGE_LOOP('',(#9225,#9226,#9227,#9228));
#9225 = ORIENTED_EDGE('',*,*,#7926,.F.);
#9226 = ORIENTED_EDGE('',*,*,#5199,.F.);
#9227 = ORIENTED_EDGE('',*,*,#9153,.T.);
#9228 = ORIENTED_EDGE('',*,*,#5101,.F.);
#9229 = B_SPLINE_SURFACE_WITH_KNOTS('',14,1,(
    (#9230,#9231)
    ,(#9232,#9233)
    ,(#9234,#9235)
    ,(#9236,#9237)
    ,(#9238,#9239)
    ,(#9240,#9241)
    ,(#9242,#9243)
    ,(#9244,#9245)
    ,(#9246,#9247)
    ,(#9248,#9249)
    ,(#9250,#9251)
    ,(#9252,#9253)
    ,(#9254,#9255)
    ,(#9256,#9257)
    ,(#9258,#9259
    )),.UNSPECIFIED.,.T.,.F.,.F.,(15,15),(2,2),(0.,6.28318530718),(0.,1.
    ),.PIECEWISE_BEZIER_KNOTS.);
#9230 = CARTESIAN_POINT('',(68.346208322854,23.336460427344,
    19.26025686122));
#9231 = CARTESIAN_POINT('',(79.116372944419,22.143624726319,
    35.280574339008));
#9232 = CARTESIAN_POINT('',(68.391846806996,29.580316978291,
    19.694478032456));
#9233 = CARTESIAN_POINT('',(79.136989279596,24.964170628926,
    35.476725665574));
#9234 = CARTESIAN_POINT('',(65.428895710957,35.824175833983,
    20.444914872799));
#9235 = CARTESIAN_POINT('',(77.798531308089,27.78471757265,
    35.815721531016));
#9236 = CARTESIAN_POINT('',(59.445801411483,40.487897935002,
    21.401678997808));
#9237 = CARTESIAN_POINT('',(75.095779895782,29.891467168142,
    36.247921904385));
#9238 = CARTESIAN_POINT('',(51.330847118718,41.991522406203,
    22.360317889281));
#9239 = CARTESIAN_POINT('',(71.430000438281,30.570701517387,
    36.680969168576));
#9240 = CARTESIAN_POINT('',(42.876116771565,39.321450348236,
    23.061207781374));
#9241 = CARTESIAN_POINT('',(67.610733476516,29.364546196358,
    36.997583122981));
#9242 = CARTESIAN_POINT('',(36.387648017801,32.600501589076,
    23.270610056621));
#9243 = CARTESIAN_POINT('',(64.679688567527,26.328482774741,
    37.092176700631));
#9244 = CARTESIAN_POINT('',(33.895649809384,23.336460427328,
    22.881156468393));
#9245 = CARTESIAN_POINT('',(63.553974790962,22.143624726264,
    36.916248295855));
#9246 = CARTESIAN_POINT('',(36.252219923943,14.07241926563,
    21.982097813918));
#9247 = CARTESIAN_POINT('',(64.618511448584,17.958766677991,
    36.510115294049));
#9248 = CARTESIAN_POINT('',(42.642437248924,7.351470506458,
    20.837895638059));
#9249 = CARTESIAN_POINT('',(67.505173104451,14.922703256226,
    35.993243272284));
#9250 = CARTESIAN_POINT('',(51.058134655471,4.681398448462,
    19.765632122214));
#9251 = CARTESIAN_POINT('',(71.306807662462,13.716547935273,
    35.508868200363));
#9252 = CARTESIAN_POINT('',(59.19506995974,6.185022919707,
    19.016128586116));
#9253 = CARTESIAN_POINT('',(74.982516632382,14.395782284494,
    35.170293937707));
#9254 = CARTESIAN_POINT('',(65.246341740721,10.848745020694,
    18.708029867272));
#9255 = CARTESIAN_POINT('',(77.716065952194,16.502531879987,
    35.03111607994));
#9256 = CARTESIAN_POINT('',(68.300569838715,17.0926038764,
    18.826035689987));
#9257 = CARTESIAN_POINT('',(79.09575660924,19.323078823714,
    35.084423012443));
#9258 = CARTESIAN_POINT('',(68.346208322854,23.336460427344,
    19.26025686122));
#9259 = CARTESIAN_POINT('',(79.116372944419,22.143624726319,
    35.280574339008));
#9260 = ADVANCED_FACE('',(#9261),#9274,.T.);
#9261 = FACE_BOUND('',#9262,.T.);
#9262 = EDGE_LOOP('',(#9263,#9269,#9270,#9271,#9272,#9273));
#9263 = ORIENTED_EDGE('',*,*,#9264,.T.);
#9264 = EDGE_CURVE('',#7151,#9053,#9265,.T.);
#9265 = LINE('',#9266,#9267);
#9266 = CARTESIAN_POINT('',(70.368035993111,-16.25827290021,
    39.850118683018));
#9267 = VECTOR('',#9268,1.);
#9268 = DIRECTION('',(-7.291537003444E-03,-0.99756405026,
    -6.937434048221E-02));
#9269 = ORIENTED_EDGE('',*,*,#9099,.F.);
#9270 = ORIENTED_EDGE('',*,*,#9137,.T.);
#9271 = ORIENTED_EDGE('',*,*,#5393,.F.);
#9272 = ORIENTED_EDGE('',*,*,#5481,.F.);
#9273 = ORIENTED_EDGE('',*,*,#7159,.T.);
#9274 = PLANE('',#9275);
#9275 = AXIS2_PLACEMENT_3D('',#9276,#9277,#9278);
#9276 = CARTESIAN_POINT('',(69.371791118957,0.818389093013,
    30.371481864666));
#9277 = DIRECTION('',(0.994521895368,0.,-0.104528463268));
#9278 = DIRECTION('',(0.104528463268,0.,0.994521895368));
#9279 = ADVANCED_FACE('',(#9280),#9292,.T.);
#9280 = FACE_BOUND('',#9281,.T.);
#9281 = EDGE_LOOP('',(#9282,#9283,#9284,#9285));
#9282 = ORIENTED_EDGE('',*,*,#6109,.T.);
#9283 = ORIENTED_EDGE('',*,*,#6918,.T.);
#9284 = ORIENTED_EDGE('',*,*,#5508,.T.);
#9285 = ORIENTED_EDGE('',*,*,#9286,.F.);
#9286 = EDGE_CURVE('',#6110,#5500,#9287,.T.);
#9287 = CIRCLE('',#9288,4.5);
#9288 = AXIS2_PLACEMENT_3D('',#9289,#9290,#9291);
#9289 = CARTESIAN_POINT('',(73.201565623718,-20.19353116918,
    39.27560688444));
#9290 = DIRECTION('',(0.104273837185,-6.975647374413E-02,0.992099290016)
  );
#9291 = DIRECTION('',(0.994521895368,1.07850667488E-17,-0.104528463268)
  );
#9292 = PLANE('',#9293);
#9293 = AXIS2_PLACEMENT_3D('',#9294,#9295,#9296);
#9294 = CARTESIAN_POINT('',(15.354416883399,-32.58862162159,
    44.484063759323));
#9295 = DIRECTION('',(0.104273837185,-6.975647374413E-02,0.992099290016)
  );
#9296 = DIRECTION('',(0.994521895368,1.07850667488E-17,-0.104528463268)
  );
#9297 = ADVANCED_FACE('',(#9298),#9314,.T.);
#9298 = FACE_BOUND('',#9299,.T.);
#9299 = EDGE_LOOP('',(#9300,#9306,#9307,#9313));
#9300 = ORIENTED_EDGE('',*,*,#9301,.F.);
#9301 = EDGE_CURVE('',#1803,#2020,#9302,.T.);
#9302 = LINE('',#9303,#9304);
#9303 = CARTESIAN_POINT('',(70.368035993111,-16.25827290021,
    39.850118683018));
#9304 = VECTOR('',#9305,1.);
#9305 = DIRECTION('',(-7.291537003444E-03,-0.99756405026,
    -6.937434048221E-02));
#9306 = ORIENTED_EDGE('',*,*,#6117,.T.);
#9307 = ORIENTED_EDGE('',*,*,#9308,.F.);
#9308 = EDGE_CURVE('',#5500,#6110,#9309,.T.);
#9309 = LINE('',#9310,#9311);
#9310 = CARTESIAN_POINT('',(70.277892928536,-25.60567326977,
    39.202358794786));
#9311 = VECTOR('',#9312,1.);
#9312 = DIRECTION('',(7.291537003444E-03,0.99756405026,
    6.937434048221E-02));
#9313 = ORIENTED_EDGE('',*,*,#5499,.T.);
#9314 = PLANE('',#9315);
#9315 = AXIS2_PLACEMENT_3D('',#9316,#9317,#9318);
#9316 = CARTESIAN_POINT('',(15.354416883399,-32.58862162159,
    44.484063759323));
#9317 = DIRECTION('',(0.104273837185,-6.975647374413E-02,0.992099290016)
  );
#9318 = DIRECTION('',(0.994521895368,1.07850667488E-17,-0.104528463268)
  );
#9319 = ADVANCED_FACE('',(#9320,#9325),#9336,.T.);
#9320 = FACE_BOUND('',#9321,.T.);
#9321 = EDGE_LOOP('',(#9322,#9323,#9324));
#9322 = ORIENTED_EDGE('',*,*,#5533,.T.);
#9323 = ORIENTED_EDGE('',*,*,#6081,.T.);
#9324 = ORIENTED_EDGE('',*,*,#9301,.T.);
#9325 = FACE_BOUND('',#9326,.T.);
#9326 = EDGE_LOOP('',(#9327));
#9327 = ORIENTED_EDGE('',*,*,#9328,.F.);
#9328 = EDGE_CURVE('',#9329,#9329,#9331,.T.);
#9329 = VERTEX_POINT('',#9330);
#9330 = CARTESIAN_POINT('',(74.892252845844,-20.19353116918,
    39.097908496885));
#9331 = CIRCLE('',#9332,1.7);
#9332 = AXIS2_PLACEMENT_3D('',#9333,#9334,#9335);
#9333 = CARTESIAN_POINT('',(73.201565623718,-20.19353116918,
    39.27560688444));
#9334 = DIRECTION('',(0.104273837185,-6.975647374413E-02,0.992099290016)
  );
#9335 = DIRECTION('',(0.994521895368,1.387778780781E-17,-0.104528463268)
  );
#9336 = PLANE('',#9337);
#9337 = AXIS2_PLACEMENT_3D('',#9338,#9339,#9340);
#9338 = CARTESIAN_POINT('',(73.201565623718,-20.19353116918,
    39.27560688444));
#9339 = DIRECTION('',(0.104273837185,-6.975647374413E-02,0.992099290016)
  );
#9340 = DIRECTION('',(0.994521895368,1.07850667488E-17,-0.104528463268)
  );
#9341 = ADVANCED_FACE('',(#9342),#9383,.T.);
#9342 = FACE_BOUND('',#9343,.T.);
#9343 = EDGE_LOOP('',(#9344,#9345,#9380,#9381,#9382));
#9344 = ORIENTED_EDGE('',*,*,#5779,.T.);
#9345 = ORIENTED_EDGE('',*,*,#9346,.T.);
#9346 = EDGE_CURVE('',#1873,#1828,#9347,.T.);
#9347 = B_SPLINE_CURVE_WITH_KNOTS('',6,(#9348,#9349,#9350,#9351,#9352,
    #9353,#9354,#9355,#9356,#9357,#9358,#9359,#9360,#9361,#9362,#9363,
    #9364,#9365,#9366,#9367,#9368,#9369,#9370,#9371,#9372,#9373,#9374,
    #9375,#9376,#9377,#9378,#9379),.UNSPECIFIED.,.F.,.F.,(7,5,5,5,5,5,7)
  ,(0.,0.110917548204,0.379501983935,0.595469095912,0.684358147427,
    0.811266063814,1.),.UNSPECIFIED.);
#9348 = CARTESIAN_POINT('',(68.454358055709,-11.42896151711,
    21.642689338574));
#9349 = CARTESIAN_POINT('',(68.47817197686,-11.33771088972,
    21.869263663488));
#9350 = CARTESIAN_POINT('',(68.502253092473,-11.25291658879,
    22.098380173894));
#9351 = CARTESIAN_POINT('',(68.526574141877,-11.17458328586,
    22.329779501832));
#9352 = CARTESIAN_POINT('',(68.551108827552,-11.10270928469,
    22.563211443112));
#9353 = CARTESIAN_POINT('',(68.57583186085,-11.03728796629,
    22.798435392326));
#9354 = CARTESIAN_POINT('',(68.660982693735,-10.83549351339,
    23.608591449971));
#9355 = CARTESIAN_POINT('',(68.72220355325,-10.73046640766,
    24.191069019594));
#9356 = CARTESIAN_POINT('',(68.784045690146,-10.66305312265,
    24.77945764865));
#9357 = CARTESIAN_POINT('',(68.846187881957,-10.63305119143,
    25.370701109529));
#9358 = CARTESIAN_POINT('',(68.908322961833,-10.64019741885,
    25.961876904856));
#9359 = CARTESIAN_POINT('',(69.019879644907,-10.71970604014,
    27.023267844928));
#9360 = CARTESIAN_POINT('',(69.069403197378,-10.7790145672,
    27.494452972212));
#9361 = CARTESIAN_POINT('',(69.11857492391,-10.86207225314,
    27.962290699274));
#9362 = CARTESIAN_POINT('',(69.16723602035,-10.96875313819,
    28.42527010555));
#9363 = CARTESIAN_POINT('',(69.215222971743,-11.09891492289,
    28.881835450145));
#9364 = CARTESIAN_POINT('',(69.281771747072,-11.31555343117,
    29.515004752608));
#9365 = CARTESIAN_POINT('',(69.301032896438,-11.38266816852,
    29.698262347487));
#9366 = CARTESIAN_POINT('',(69.320139191488,-11.45371851542,
    29.88004660196));
#9367 = CARTESIAN_POINT('',(69.339078418963,-11.52869026954,
    30.060241314636));
#9368 = CARTESIAN_POINT('',(69.357838062469,-11.60756734352,
    30.23872739999));
#9369 = CARTESIAN_POINT('',(69.402913963589,-11.80849547685,
    30.667595951342));
#9370 = CARTESIAN_POINT('',(69.429030321771,-11.93458230562,
    30.916076501305));
#9371 = CARTESIAN_POINT('',(69.454717184236,-12.06853960865,
    31.160470672481));
#9372 = CARTESIAN_POINT('',(69.479935585109,-12.21030298473,
    31.400407729342));
#9373 = CARTESIAN_POINT('',(69.504644994239,-12.35979284016,
    31.635502053257));
#9374 = CARTESIAN_POINT('',(69.564731424927,-12.75057266049,
    32.207186253569));
#9375 = CARTESIAN_POINT('',(69.59944054564,-13.00110318007,
    32.537421477919));
#9376 = CARTESIAN_POINT('',(69.632793302449,-13.2681788353,
    32.854751761756));
#9377 = CARTESIAN_POINT('',(69.664642026369,-13.55136521774,
    33.157772128534));
#9378 = CARTESIAN_POINT('',(69.6948328703,-13.85007779539,
    33.445018820873));
#9379 = CARTESIAN_POINT('',(69.723209714203,-14.1635425193,
    33.715006455826));
#9380 = ORIENTED_EDGE('',*,*,#5900,.T.);
#9381 = ORIENTED_EDGE('',*,*,#5845,.T.);
#9382 = ORIENTED_EDGE('',*,*,#5835,.F.);
#9383 = B_SPLINE_SURFACE_WITH_KNOTS('',14,1,(
    (#9384,#9385)
    ,(#9386,#9387)
    ,(#9388,#9389)
    ,(#9390,#9391)
    ,(#9392,#9393)
    ,(#9394,#9395)
    ,(#9396,#9397)
    ,(#9398,#9399)
    ,(#9400,#9401)
    ,(#9402,#9403)
    ,(#9404,#9405)
    ,(#9406,#9407)
    ,(#9408,#9409)
    ,(#9410,#9411)
    ,(#9412,#9413
    )),.UNSPECIFIED.,.T.,.F.,.F.,(15,15),(2,2),(0.,6.28318530718),(0.,1.
    ),.PIECEWISE_BEZIER_KNOTS.);
#9384 = CARTESIAN_POINT('',(71.063167873009,-18.89606075754,
    20.843465782803));
#9385 = CARTESIAN_POINT('',(78.810128390274,-19.75406538459,
    32.366852038755));
#9386 = CARTESIAN_POINT('',(71.101782596038,-13.61313351138,
    21.210860330973));
#9387 = CARTESIAN_POINT('',(78.830744725451,-16.93351948198,
    32.563003365321));
#9388 = CARTESIAN_POINT('',(68.594829570039,-8.330204315213,
    21.845804967835));
#9389 = CARTESIAN_POINT('',(77.492286753945,-14.11297253826,
    32.901999230763));
#9390 = CARTESIAN_POINT('',(63.532533273995,-4.384228882343,
    22.655323127472));
#9391 = CARTESIAN_POINT('',(74.789535341637,-12.00622294275,
    33.334199604133));
#9392 = CARTESIAN_POINT('',(56.666470163021,-3.112012164871,
    23.466427527074));
#9393 = CARTESIAN_POINT('',(71.123755884136,-11.32698859359,
    33.767246868318));
#9394 = CARTESIAN_POINT('',(49.512922520615,-5.371160226081,
    24.059450489295));
#9395 = CARTESIAN_POINT('',(67.304488922372,-12.53314391438,
    34.08386082274));
#9396 = CARTESIAN_POINT('',(44.023028881049,-11.05775520699,
    24.236625761699));
#9397 = CARTESIAN_POINT('',(64.37344401338,-15.56920733647,
    34.178454400357));
#9398 = CARTESIAN_POINT('',(41.914549109808,-18.89606075704,
    23.907109067079));
#9399 = CARTESIAN_POINT('',(63.24773023682,-19.75406538424,
    34.00252599563));
#9400 = CARTESIAN_POINT('',(43.908443166099,-26.73436630898,
    23.146415508091));
#9401 = CARTESIAN_POINT('',(64.312266894437,-23.93892343333,
    33.596392993767));
#9402 = CARTESIAN_POINT('',(49.315206268333,-32.42096128833,
    22.178306007056));
#9403 = CARTESIAN_POINT('',(67.198928550309,-26.97498685434,
    33.079520972055));
#9404 = CARTESIAN_POINT('',(56.43572813833,-34.6801093506,
    21.271063808817));
#9405 = CARTESIAN_POINT('',(71.000563108316,-28.18114217585,
    32.595145900095));
#9406 = CARTESIAN_POINT('',(63.320389383905,-33.40789263255,
    20.636908840691));
#9407 = CARTESIAN_POINT('',(74.676272078238,-27.5019078263,
    32.256571637462));
#9408 = CARTESIAN_POINT('',(68.440370649438,-29.46191719993,
    20.37622650391));
#9409 = CARTESIAN_POINT('',(77.409821398049,-25.39515823096,
    32.117393779684));
#9410 = CARTESIAN_POINT('',(71.024553149983,-24.17898800367,
    20.476071234634));
#9411 = CARTESIAN_POINT('',(78.789512055095,-22.57461128719,
    32.170700712191));
#9412 = CARTESIAN_POINT('',(71.063167873009,-18.89606075754,
    20.843465782803));
#9413 = CARTESIAN_POINT('',(78.810128390274,-19.75406538459,
    32.366852038755));
#9414 = ADVANCED_FACE('',(#9415),#9421,.T.);
#9415 = FACE_BOUND('',#9416,.T.);
#9416 = EDGE_LOOP('',(#9417,#9418,#9419,#9420));
#9417 = ORIENTED_EDGE('',*,*,#6041,.T.);
#9418 = ORIENTED_EDGE('',*,*,#9346,.F.);
#9419 = ORIENTED_EDGE('',*,*,#5955,.T.);
#9420 = ORIENTED_EDGE('',*,*,#8090,.T.);
#9421 = B_SPLINE_SURFACE_WITH_KNOTS('',14,1,(
    (#9422,#9423)
    ,(#9424,#9425)
    ,(#9426,#9427)
    ,(#9428,#9429)
    ,(#9430,#9431)
    ,(#9432,#9433)
    ,(#9434,#9435)
    ,(#9436,#9437)
    ,(#9438,#9439)
    ,(#9440,#9441)
    ,(#9442,#9443)
    ,(#9444,#9445)
    ,(#9446,#9447)
    ,(#9448,#9449)
    ,(#9450,#9451
    )),.UNSPECIFIED.,.T.,.F.,.F.,(15,15),(2,2),(0.,6.28318530718),(0.,1.
    ),.PIECEWISE_BEZIER_KNOTS.);
#9422 = CARTESIAN_POINT('',(68.03996376871,-18.56122968356,
    16.346534560967));
#9423 = CARTESIAN_POINT('',(78.810128390274,-19.75406538459,
    32.366852038755));
#9424 = CARTESIAN_POINT('',(68.085602252851,-12.31737313261,
    16.780755732203));
#9425 = CARTESIAN_POINT('',(78.830744725451,-16.93351948198,
    32.563003365321));
#9426 = CARTESIAN_POINT('',(65.122651156812,-6.073514276949,
    17.531192572545));
#9427 = CARTESIAN_POINT('',(77.492286753945,-14.11297253826,
    32.901999230763));
#9428 = CARTESIAN_POINT('',(59.139556857339,-1.409792175843,
    18.48795669756));
#9429 = CARTESIAN_POINT('',(74.789535341637,-12.00622294275,
    33.334199604133));
#9430 = CARTESIAN_POINT('',(51.024602564573,9.383229511704E-02,
    19.446595589016));
#9431 = CARTESIAN_POINT('',(71.123755884136,-11.32698859359,
    33.767246868318));
#9432 = CARTESIAN_POINT('',(42.569872217423,-2.57623976234,
    20.147485481145));
#9433 = CARTESIAN_POINT('',(67.304488922372,-12.53314391438,
    34.08386082274));
#9434 = CARTESIAN_POINT('',(36.081403463653,-9.297188522348,
    20.356887756332));
#9435 = CARTESIAN_POINT('',(64.37344401338,-15.56920733647,
    34.178454400357));
#9436 = CARTESIAN_POINT('',(33.589405255244,-18.56122968296,
    19.967434168183));
#9437 = CARTESIAN_POINT('',(63.24773023682,-19.75406538424,
    34.00252599563));
#9438 = CARTESIAN_POINT('',(35.945975369794,-27.82527084588,
    19.068375513624));
#9439 = CARTESIAN_POINT('',(64.312266894437,-23.93892343333,
    33.596392993767));
#9440 = CARTESIAN_POINT('',(42.336192694783,-34.54621960398,
    17.924173337839));
#9441 = CARTESIAN_POINT('',(67.198928550309,-26.97498685434,
    33.079520972055));
#9442 = CARTESIAN_POINT('',(50.751890101325,-37.21629166274,
    16.851909821941));
#9443 = CARTESIAN_POINT('',(71.000563108316,-28.18114217585,
    32.595145900095));
#9444 = CARTESIAN_POINT('',(58.888825405597,-35.71266719106,
    16.102406285873));
#9445 = CARTESIAN_POINT('',(74.676272078238,-27.5019078263,
    32.256571637462));
#9446 = CARTESIAN_POINT('',(64.940097186576,-31.04894509027,
    15.794307567015));
#9447 = CARTESIAN_POINT('',(77.409821398049,-25.39515823096,
    32.117393779684));
#9448 = CARTESIAN_POINT('',(67.99432528457,-24.8050862345,
    15.912313389735));
#9449 = CARTESIAN_POINT('',(78.789512055095,-22.57461128719,
    32.170700712191));
#9450 = CARTESIAN_POINT('',(68.03996376871,-18.56122968356,
    16.346534560967));
#9451 = CARTESIAN_POINT('',(78.810128390274,-19.75406538459,
    32.366852038755));
#9452 = ADVANCED_FACE('',(#9453),#9478,.T.);
#9453 = FACE_BOUND('',#9454,.T.);
#9454 = EDGE_LOOP('',(#9455,#9465,#9471,#9472));
#9455 = ORIENTED_EDGE('',*,*,#9456,.F.);
#9456 = EDGE_CURVE('',#9457,#9459,#9461,.T.);
#9457 = VERTEX_POINT('',#9458);
#9458 = CARTESIAN_POINT('',(7.105427357601E-15,54.,49.497474683058));
#9459 = VERTEX_POINT('',#9460);
#9460 = CARTESIAN_POINT('',(0.,54.,19.798989873223));
#9461 = LINE('',#9462,#9463);
#9462 = CARTESIAN_POINT('',(1.099064721079E-14,54.,49.497474683058));
#9463 = VECTOR('',#9464,1.);
#9464 = DIRECTION('',(-2.22044604925E-16,0.,-1.));
#9465 = ORIENTED_EDGE('',*,*,#9466,.T.);
#9466 = EDGE_CURVE('',#9457,#6342,#9467,.T.);
#9467 = LINE('',#9468,#9469);
#9468 = CARTESIAN_POINT('',(1.099064721079E-14,54.,49.497474683058));
#9469 = VECTOR('',#9470,1.);
#9470 = DIRECTION('',(1.,0.,-2.22044604925E-16));
#9471 = ORIENTED_EDGE('',*,*,#6341,.T.);
#9472 = ORIENTED_EDGE('',*,*,#9473,.F.);
#9473 = EDGE_CURVE('',#9459,#2993,#9474,.T.);
#9474 = LINE('',#9475,#9476);
#9475 = CARTESIAN_POINT('',(0.,54.,19.798989873223));
#9476 = VECTOR('',#9477,1.);
#9477 = DIRECTION('',(0.707106781187,0.,-0.707106781187));
#9478 = PLANE('',#9479);
#9479 = AXIS2_PLACEMENT_3D('',#9480,#9481,#9482);
#9480 = CARTESIAN_POINT('',(1.099064721079E-14,54.,49.497474683058));
#9481 = DIRECTION('',(0.,1.,0.));
#9482 = DIRECTION('',(1.,0.,-2.22044604925E-16));
#9483 = ADVANCED_FACE('',(#9484),#9534,.F.);
#9484 = FACE_BOUND('',#9485,.F.);
#9485 = EDGE_LOOP('',(#9486,#9494,#9502,#9510,#9518,#9526,#9532,#9533));
#9486 = ORIENTED_EDGE('',*,*,#9487,.F.);
#9487 = EDGE_CURVE('',#9488,#6350,#9490,.T.);
#9488 = VERTEX_POINT('',#9489);
#9489 = CARTESIAN_POINT('',(7.105427357601E-15,-54.,49.497474683058));
#9490 = LINE('',#9491,#9492);
#9491 = CARTESIAN_POINT('',(1.099064721079E-14,-54.,49.497474683058));
#9492 = VECTOR('',#9493,1.);
#9493 = DIRECTION('',(1.,0.,-2.22044604925E-16));
#9494 = ORIENTED_EDGE('',*,*,#9495,.T.);
#9495 = EDGE_CURVE('',#9488,#9496,#9498,.T.);
#9496 = VERTEX_POINT('',#9497);
#9497 = CARTESIAN_POINT('',(0.,-44.,49.497474683058));
#9498 = LINE('',#9499,#9500);
#9499 = CARTESIAN_POINT('',(1.099064721079E-14,-54.,49.497474683058));
#9500 = VECTOR('',#9501,1.);
#9501 = DIRECTION('',(0.,1.,0.));
#9502 = ORIENTED_EDGE('',*,*,#9503,.T.);
#9503 = EDGE_CURVE('',#9496,#9504,#9506,.T.);
#9504 = VERTEX_POINT('',#9505);
#9505 = CARTESIAN_POINT('',(0.,-40.,49.497474683058));
#9506 = LINE('',#9507,#9508);
#9507 = CARTESIAN_POINT('',(1.099064721079E-14,-54.,49.497474683058));
#9508 = VECTOR('',#9509,1.);
#9509 = DIRECTION('',(0.,1.,0.));
#9510 = ORIENTED_EDGE('',*,*,#9511,.T.);
#9511 = EDGE_CURVE('',#9504,#9512,#9514,.T.);
#9512 = VERTEX_POINT('',#9513);
#9513 = CARTESIAN_POINT('',(0.,40.,49.497474683058));
#9514 = LINE('',#9515,#9516);
#9515 = CARTESIAN_POINT('',(1.099064721079E-14,-54.,49.497474683058));
#9516 = VECTOR('',#9517,1.);
#9517 = DIRECTION('',(0.,1.,0.));
#9518 = ORIENTED_EDGE('',*,*,#9519,.T.);
#9519 = EDGE_CURVE('',#9512,#9520,#9522,.T.);
#9520 = VERTEX_POINT('',#9521);
#9521 = CARTESIAN_POINT('',(0.,44.,49.497474683058));
#9522 = LINE('',#9523,#9524);
#9523 = CARTESIAN_POINT('',(1.099064721079E-14,-54.,49.497474683058));
#9524 = VECTOR('',#9525,1.);
#9525 = DIRECTION('',(0.,1.,0.));
#9526 = ORIENTED_EDGE('',*,*,#9527,.T.);
#9527 = EDGE_CURVE('',#9520,#9457,#9528,.T.);
#9528 = LINE('',#9529,#9530);
#9529 = CARTESIAN_POINT('',(1.099064721079E-14,-54.,49.497474683058));
#9530 = VECTOR('',#9531,1.);
#9531 = DIRECTION('',(0.,1.,0.));
#9532 = ORIENTED_EDGE('',*,*,#9466,.T.);
#9533 = ORIENTED_EDGE('',*,*,#6349,.F.);
#9534 = PLANE('',#9535);
#9535 = AXIS2_PLACEMENT_3D('',#9536,#9537,#9538);
#9536 = CARTESIAN_POINT('',(1.099064721079E-14,-54.,49.497474683058));
#9537 = DIRECTION('',(-2.22044604925E-16,0.,-1.));
#9538 = DIRECTION('',(1.,0.,-2.22044604925E-16));
#9539 = ADVANCED_FACE('',(#9540),#9558,.F.);
#9540 = FACE_BOUND('',#9541,.F.);
#9541 = EDGE_LOOP('',(#9542,#9550,#9551,#9552));
#9542 = ORIENTED_EDGE('',*,*,#9543,.F.);
#9543 = EDGE_CURVE('',#9488,#9544,#9546,.T.);
#9544 = VERTEX_POINT('',#9545);
#9545 = CARTESIAN_POINT('',(0.,-54.,19.798989873223));
#9546 = LINE('',#9547,#9548);
#9547 = CARTESIAN_POINT('',(1.099064721079E-14,-54.,49.497474683058));
#9548 = VECTOR('',#9549,1.);
#9549 = DIRECTION('',(-2.22044604925E-16,0.,-1.));
#9550 = ORIENTED_EDGE('',*,*,#9487,.T.);
#9551 = ORIENTED_EDGE('',*,*,#6357,.T.);
#9552 = ORIENTED_EDGE('',*,*,#9553,.F.);
#9553 = EDGE_CURVE('',#9544,#2423,#9554,.T.);
#9554 = LINE('',#9555,#9556);
#9555 = CARTESIAN_POINT('',(0.,-54.,19.798989873223));
#9556 = VECTOR('',#9557,1.);
#9557 = DIRECTION('',(0.707106781187,0.,-0.707106781187));
#9558 = PLANE('',#9559);
#9559 = AXIS2_PLACEMENT_3D('',#9560,#9561,#9562);
#9560 = CARTESIAN_POINT('',(1.099064721079E-14,-54.,49.497474683058));
#9561 = DIRECTION('',(0.,1.,0.));
#9562 = DIRECTION('',(1.,0.,-2.22044604925E-16));
#9563 = ADVANCED_FACE('',(#9564),#9575,.T.);
#9564 = FACE_BOUND('',#9565,.T.);
#9565 = EDGE_LOOP('',(#9566,#9567,#9568,#9569));
#9566 = ORIENTED_EDGE('',*,*,#7346,.F.);
#9567 = ORIENTED_EDGE('',*,*,#7313,.T.);
#9568 = ORIENTED_EDGE('',*,*,#6427,.F.);
#9569 = ORIENTED_EDGE('',*,*,#9570,.T.);
#9570 = EDGE_CURVE('',#6419,#7338,#9571,.T.);
#9571 = LINE('',#9572,#9573);
#9572 = CARTESIAN_POINT('',(2.354134987501,41.43543075236,
    48.601288218571));
#9573 = VECTOR('',#9574,1.);
#9574 = DIRECTION('',(0.838012789704,-0.516292810984,0.176568110426));
#9575 = PLANE('',#9576);
#9576 = AXIS2_PLACEMENT_3D('',#9577,#9578,#9579);
#9577 = CARTESIAN_POINT('',(34.676736926357,34.393745367852,
    48.813547078965));
#9578 = DIRECTION('',(9.312585757637E-02,0.454172300944,0.886033349094)
  );
#9579 = DIRECTION('',(0.994521895368,0.,-0.104528463268));
#9580 = ADVANCED_FACE('',(#9581),#9601,.T.);
#9581 = FACE_BOUND('',#9582,.T.);
#9582 = EDGE_LOOP('',(#9583,#9584,#9585,#9593,#9600));
#9583 = ORIENTED_EDGE('',*,*,#9570,.F.);
#9584 = ORIENTED_EDGE('',*,*,#6418,.T.);
#9585 = ORIENTED_EDGE('',*,*,#9586,.T.);
#9586 = EDGE_CURVE('',#6411,#9587,#9589,.T.);
#9587 = VERTEX_POINT('',#9588);
#9588 = CARTESIAN_POINT('',(16.133166434222,31.349864436453,
    51.893370804418));
#9589 = LINE('',#9590,#9591);
#9590 = CARTESIAN_POINT('',(1.605890608819,40.3,48.832494319417));
#9591 = VECTOR('',#9592,1.);
#9592 = DIRECTION('',(0.838012789704,-0.516292810984,0.176568110426));
#9593 = ORIENTED_EDGE('',*,*,#9594,.F.);
#9594 = EDGE_CURVE('',#7330,#9587,#9595,.T.);
#9595 = ELLIPSE('',#9596,3.06761386101,2.5);
#9596 = AXIS2_PLACEMENT_3D('',#9597,#9598,#9599);
#9597 = CARTESIAN_POINT('',(15.858555347946,31.83660211073,
    49.280620846416));
#9598 = DIRECTION('',(0.994521895368,2.775557561563E-17,-0.104528463268)
  );
#9599 = DIRECTION('',(4.74739326764E-02,-0.890913868483,0.451684297559)
  );
#9600 = ORIENTED_EDGE('',*,*,#7337,.T.);
#9601 = CYLINDRICAL_SURFACE('',#9602,2.5);
#9602 = AXIS2_PLACEMENT_3D('',#9603,#9604,#9605);
#9603 = CARTESIAN_POINT('',(2.12132034356,40.3,46.386204845838));
#9604 = DIRECTION('',(0.838012789704,-0.516292810984,0.176568110426));
#9605 = DIRECTION('',(0.537644993415,0.72606422194,-0.428682407704));
#9606 = ADVANCED_FACE('',(#9607),#9626,.T.);
#9607 = FACE_BOUND('',#9608,.T.);
#9608 = EDGE_LOOP('',(#9609,#9617,#9623,#9624,#9625));
#9609 = ORIENTED_EDGE('',*,*,#9610,.T.);
#9610 = EDGE_CURVE('',#6518,#9611,#9613,.T.);
#9611 = VERTEX_POINT('',#9612);
#9612 = CARTESIAN_POINT('',(15.763254882676,-32.10729075367,
    48.373897487177));
#9613 = LINE('',#9614,#9615);
#9614 = CARTESIAN_POINT('',(15.750200048694,-33.25938733839,
    48.249689038789));
#9615 = VECTOR('',#9616,1.);
#9616 = DIRECTION('',(1.12653715784E-02,0.994175501546,0.107182850909));
#9617 = ORIENTED_EDGE('',*,*,#9618,.T.);
#9618 = EDGE_CURVE('',#9611,#6377,#9619,.T.);
#9619 = LINE('',#9620,#9621);
#9620 = CARTESIAN_POINT('',(18.723930111186,-30.23511905459,
    48.26678801001));
#9621 = VECTOR('',#9622,1.);
#9622 = DIRECTION('',(-0.844801169553,-0.534206800449,3.056269418203E-02
    ));
#9623 = ORIENTED_EDGE('',*,*,#6376,.F.);
#9624 = ORIENTED_EDGE('',*,*,#6550,.T.);
#9625 = ORIENTED_EDGE('',*,*,#6525,.T.);
#9626 = PLANE('',#9627);
#9627 = AXIS2_PLACEMENT_3D('',#9628,#9629,#9630);
#9628 = CARTESIAN_POINT('',(34.526428934426,-33.51666976352,
    46.2481836209));
#9629 = DIRECTION('',(0.103919637395,-0.107773244016,0.988729304126));
#9630 = DIRECTION('',(0.994521895368,-6.938893903907E-18,-0.104528463268
    ));
#9631 = ADVANCED_FACE('',(#9632),#9659,.T.);
#9632 = FACE_BOUND('',#9633,.T.);
#9633 = EDGE_LOOP('',(#9634,#9642,#9651,#9657,#9658));
#9634 = ORIENTED_EDGE('',*,*,#9635,.F.);
#9635 = EDGE_CURVE('',#9636,#6402,#9638,.T.);
#9636 = VERTEX_POINT('',#9637);
#9637 = CARTESIAN_POINT('',(15.471538734848,17.276979433775,
    51.753966783239));
#9638 = LINE('',#9639,#9640);
#9639 = CARTESIAN_POINT('',(18.382363375442,29.364152636459,
    52.367273421141));
#9640 = VECTOR('',#9641,1.);
#9641 = DIRECTION('',(-0.233841685352,-0.97102550028,-4.927011261507E-02
    ));
#9642 = ORIENTED_EDGE('',*,*,#9643,.F.);
#9643 = EDGE_CURVE('',#9644,#9636,#9646,.T.);
#9644 = VERTEX_POINT('',#9645);
#9645 = CARTESIAN_POINT('',(16.133166434222,25.232809625619,
    51.893370804418));
#9646 = ELLIPSE('',#9647,4.951087023726,4.7);
#9647 = AXIS2_PLACEMENT_3D('',#9648,#9649,#9650);
#9648 = CARTESIAN_POINT('',(13.253982826896,21.511907395121,
    51.286730887507));
#9649 = DIRECTION('',(-0.206171893896,-3.469446951954E-17,0.978515789432
    ));
#9650 = DIRECTION('',(0.954129076011,-0.2218629729,0.201033647844));
#9651 = ORIENTED_EDGE('',*,*,#9652,.T.);
#9652 = EDGE_CURVE('',#9644,#9587,#9653,.T.);
#9653 = LINE('',#9654,#9655);
#9654 = CARTESIAN_POINT('',(16.133166434222,-15.34371197609,
    51.893370804418));
#9655 = VECTOR('',#9656,1.);
#9656 = DIRECTION('',(-1.109006692395E-17,1.,-2.336661427276E-18));
#9657 = ORIENTED_EDGE('',*,*,#9586,.F.);
#9658 = ORIENTED_EDGE('',*,*,#6410,.F.);
#9659 = PLANE('',#9660);
#9660 = AXIS2_PLACEMENT_3D('',#9661,#9662,#9663);
#9661 = CARTESIAN_POINT('',(6.114326429681,1.901197669402,
    49.782415375096));
#9662 = DIRECTION('',(-0.206171893896,0.,0.978515789432));
#9663 = DIRECTION('',(-0.978515789432,0.,-0.206171893896));
#9664 = ADVANCED_FACE('',(#9665),#9684,.T.);
#9665 = FACE_BOUND('',#9666,.T.);
#9666 = EDGE_LOOP('',(#9667,#9668,#9677,#9683));
#9667 = ORIENTED_EDGE('',*,*,#9618,.F.);
#9668 = ORIENTED_EDGE('',*,*,#9669,.F.);
#9669 = EDGE_CURVE('',#9670,#9611,#9672,.T.);
#9670 = VERTEX_POINT('',#9671);
#9671 = CARTESIAN_POINT('',(15.764499510575,-31.97370732011,
    48.38573933062));
#9672 = ELLIPSE('',#9673,2.964305264294,2.5);
#9673 = AXIS2_PLACEMENT_3D('',#9674,#9675,#9676);
#9674 = CARTESIAN_POINT('',(15.503455789188,-31.83785764363,
    45.902074226862));
#9675 = DIRECTION('',(0.994521895368,8.673617379884E-18,-0.104528463268)
  );
#9676 = DIRECTION('',(-1.126537157841E-02,-0.994175501546,
    -0.107182850909));
#9677 = ORIENTED_EDGE('',*,*,#9678,.T.);
#9678 = EDGE_CURVE('',#9670,#6385,#9679,.T.);
#9679 = LINE('',#9680,#9681);
#9680 = CARTESIAN_POINT('',(18.664306203943,-30.14002560729,
    48.280831917668));
#9681 = VECTOR('',#9682,1.);
#9682 = DIRECTION('',(-0.844801169553,-0.534206800449,3.056269418203E-02
    ));
#9683 = ORIENTED_EDGE('',*,*,#6384,.T.);
#9684 = CYLINDRICAL_SURFACE('',#9685,2.5);
#9685 = AXIS2_PLACEMENT_3D('',#9686,#9687,#9688);
#9686 = CARTESIAN_POINT('',(18.464131017699,-29.96568594455,
    45.794964749694));
#9687 = DIRECTION('',(-0.844801169553,-0.534206800449,3.0562694182E-02)
  );
#9688 = DIRECTION('',(0.524892077369,-0.838455736595,-0.146561539588));
#9689 = ADVANCED_FACE('',(#9690),#9721,.T.);
#9690 = FACE_BOUND('',#9691,.T.);
#9691 = EDGE_LOOP('',(#9692,#9700,#9709,#9719,#9720));
#9692 = ORIENTED_EDGE('',*,*,#9693,.F.);
#9693 = EDGE_CURVE('',#9694,#6394,#9696,.T.);
#9694 = VERTEX_POINT('',#9695);
#9695 = CARTESIAN_POINT('',(16.121214236811,16.828868450102,
    51.779653242223));
#9696 = LINE('',#9697,#9698);
#9697 = CARTESIAN_POINT('',(19.097968296426,29.18981297372,
    52.406851115535));
#9698 = VECTOR('',#9699,1.);
#9699 = DIRECTION('',(-0.233841685352,-0.97102550028,-4.927011261507E-02
    ));
#9700 = ORIENTED_EDGE('',*,*,#9701,.F.);
#9701 = EDGE_CURVE('',#9702,#9694,#9704,.T.);
#9702 = VERTEX_POINT('',#9703);
#9703 = CARTESIAN_POINT('',(16.126583756771,17.668942903422,
    51.830740812061));
#9704 = ELLIPSE('',#9705,10.993333568931,2.5);
#9705 = AXIS2_PLACEMENT_3D('',#9706,#9707,#9708);
#9706 = CARTESIAN_POINT('',(15.858555347946,16.743745098341,
    49.280620846416));
#9707 = DIRECTION('',(0.994521895368,1.040834085586E-17,-0.104528463268)
  );
#9708 = DIRECTION('',(-7.883472201606E-03,-0.997151902507,
    -7.500622769081E-02));
#9709 = ORIENTED_EDGE('',*,*,#9710,.F.);
#9710 = EDGE_CURVE('',#9636,#9702,#9711,.T.);
#9711 = B_SPLINE_CURVE_WITH_KNOTS('',6,(#9712,#9713,#9714,#9715,#9716,
    #9717,#9718),.UNSPECIFIED.,.F.,.F.,(7,7),(0.,1.),
  .PIECEWISE_BEZIER_KNOTS.);
#9712 = CARTESIAN_POINT('',(15.471538734848,17.276979433775,
    51.753966783239));
#9713 = CARTESIAN_POINT('',(15.63413044634,17.35526374309,
    51.788224627059));
#9714 = CARTESIAN_POINT('',(15.79287652719,17.442053329946,
    51.811691732516));
#9715 = CARTESIAN_POINT('',(15.946605578328,17.536748249333,
    51.826180272547));
#9716 = CARTESIAN_POINT('',(16.094404903612,17.638533683115,
    51.833358733821));
#9717 = CARTESIAN_POINT('',(16.235513441308,17.746398545106,
    51.834797790787));
#9718 = CARTESIAN_POINT('',(16.369310150754,17.859084506706,
    51.831926700656));
#9719 = ORIENTED_EDGE('',*,*,#9635,.T.);
#9720 = ORIENTED_EDGE('',*,*,#6401,.T.);
#9721 = CYLINDRICAL_SURFACE('',#9722,2.5);
#9722 = AXIS2_PLACEMENT_3D('',#9723,#9724,#9725);
#9723 = CARTESIAN_POINT('',(18.897793110182,29.364152636459,
    49.920983947561));
#9724 = DIRECTION('',(-0.233841685352,-0.97102550028,-4.927011261507E-02
    ));
#9725 = DIRECTION('',(0.968972058091,-0.228574685661,-9.405723637001E-02
    ));
#9726 = ADVANCED_FACE('',(#9727),#9755,.T.);
#9727 = FACE_BOUND('',#9728,.T.);
#9728 = EDGE_LOOP('',(#9729,#9730,#9738,#9747,#9753,#9754));
#9729 = ORIENTED_EDGE('',*,*,#9678,.F.);
#9730 = ORIENTED_EDGE('',*,*,#9731,.T.);
#9731 = EDGE_CURVE('',#9670,#9732,#9734,.T.);
#9732 = VERTEX_POINT('',#9733);
#9733 = CARTESIAN_POINT('',(15.821106323279,-24.22926039117,
    48.92431717728));
#9734 = LINE('',#9735,#9736);
#9735 = CARTESIAN_POINT('',(15.851015278417,-20.13737984357,
    49.208881876908));
#9736 = VECTOR('',#9737,1.);
#9737 = DIRECTION('',(7.291537003444E-03,0.99756405026,
    6.937434048221E-02));
#9738 = ORIENTED_EDGE('',*,*,#9739,.F.);
#9739 = EDGE_CURVE('',#9740,#9732,#9742,.T.);
#9740 = VERTEX_POINT('',#9741);
#9741 = CARTESIAN_POINT('',(15.876156220434,-16.69781697313,
    49.448081961977));
#9742 = ELLIPSE('',#9743,4.701388964618,4.7);
#9743 = AXIS2_PLACEMENT_3D('',#9744,#9745,#9746);
#9744 = CARTESIAN_POINT('',(13.056871292478,-20.45878985574,
    49.411339910925));
#9745 = DIRECTION('',(8.00700744977E-02,-6.973586509535E-02,
    0.994346867189));
#9746 = DIRECTION('',(0.996762567846,-1.695508365731E-03,
    -8.038350946135E-02));
#9747 = ORIENTED_EDGE('',*,*,#9748,.T.);
#9748 = EDGE_CURVE('',#9740,#9694,#9749,.T.);
#9749 = LINE('',#9750,#9751);
#9750 = CARTESIAN_POINT('',(15.851015278417,-20.13737984357,
    49.208881876908));
#9751 = VECTOR('',#9752,1.);
#9752 = DIRECTION('',(7.291537003444E-03,0.99756405026,
    6.937434048221E-02));
#9753 = ORIENTED_EDGE('',*,*,#9693,.T.);
#9754 = ORIENTED_EDGE('',*,*,#6393,.F.);
#9755 = PLANE('',#9756);
#9756 = AXIS2_PLACEMENT_3D('',#9757,#9758,#9759);
#9757 = CARTESIAN_POINT('',(13.909709448919,-7.412670194557,
    50.257619668781));
#9758 = DIRECTION('',(8.00700744977E-02,-6.973586509535E-02,
    0.994346867189));
#9759 = DIRECTION('',(0.996773521155,-6.938893903907E-18,
    -8.026548152338E-02));
#9760 = ADVANCED_FACE('',(#9761),#9780,.F.);
#9761 = FACE_BOUND('',#9762,.F.);
#9762 = EDGE_LOOP('',(#9763,#9764,#9772,#9779));
#9763 = ORIENTED_EDGE('',*,*,#6448,.F.);
#9764 = ORIENTED_EDGE('',*,*,#9765,.F.);
#9765 = EDGE_CURVE('',#9766,#6449,#9768,.T.);
#9766 = VERTEX_POINT('',#9767);
#9767 = CARTESIAN_POINT('',(1.9,-49.,29.873358543988));
#9768 = LINE('',#9769,#9770);
#9769 = CARTESIAN_POINT('',(1.9,-49.,29.873358543988));
#9770 = VECTOR('',#9771,1.);
#9771 = DIRECTION('',(0.707106781187,-1.731912112471E-16,-0.707106781187
    ));
#9772 = ORIENTED_EDGE('',*,*,#9773,.T.);
#9773 = EDGE_CURVE('',#9766,#9766,#9774,.T.);
#9774 = CIRCLE('',#9775,2.3);
#9775 = AXIS2_PLACEMENT_3D('',#9776,#9777,#9778);
#9776 = CARTESIAN_POINT('',(1.9,-49.,32.173358543988));
#9777 = DIRECTION('',(1.,0.,-2.22044604925E-16));
#9778 = DIRECTION('',(-2.22044604925E-16,0.,-1.));
#9779 = ORIENTED_EDGE('',*,*,#9765,.T.);
#9780 = CONICAL_SURFACE('',#9781,2.3,0.785398163397);
#9781 = AXIS2_PLACEMENT_3D('',#9782,#9783,#9784);
#9782 = CARTESIAN_POINT('',(1.9,-49.,32.173358543988));
#9783 = DIRECTION('',(1.,0.,-2.22044604925E-16));
#9784 = DIRECTION('',(-2.22044604925E-16,0.,-1.));
#9785 = ADVANCED_FACE('',(#9786),#9805,.F.);
#9786 = FACE_BOUND('',#9787,.F.);
#9787 = EDGE_LOOP('',(#9788,#9789,#9797,#9804));
#9788 = ORIENTED_EDGE('',*,*,#6459,.F.);
#9789 = ORIENTED_EDGE('',*,*,#9790,.F.);
#9790 = EDGE_CURVE('',#9791,#6460,#9793,.T.);
#9791 = VERTEX_POINT('',#9792);
#9792 = CARTESIAN_POINT('',(1.9,49.,29.873358543988));
#9793 = LINE('',#9794,#9795);
#9794 = CARTESIAN_POINT('',(1.9,49.,29.873358543988));
#9795 = VECTOR('',#9796,1.);
#9796 = DIRECTION('',(0.707106781187,-1.731912112471E-16,-0.707106781187
    ));
#9797 = ORIENTED_EDGE('',*,*,#9798,.T.);
#9798 = EDGE_CURVE('',#9791,#9791,#9799,.T.);
#9799 = CIRCLE('',#9800,2.3);
#9800 = AXIS2_PLACEMENT_3D('',#9801,#9802,#9803);
#9801 = CARTESIAN_POINT('',(1.9,49.,32.173358543988));
#9802 = DIRECTION('',(1.,0.,-2.22044604925E-16));
#9803 = DIRECTION('',(-2.22044604925E-16,0.,-1.));
#9804 = ORIENTED_EDGE('',*,*,#9790,.T.);
#9805 = CONICAL_SURFACE('',#9806,2.3,0.785398163397);
#9806 = AXIS2_PLACEMENT_3D('',#9807,#9808,#9809);
#9807 = CARTESIAN_POINT('',(1.9,49.,32.173358543988));
#9808 = DIRECTION('',(1.,0.,-2.22044604925E-16));
#9809 = DIRECTION('',(-2.22044604925E-16,0.,-1.));
#9810 = ADVANCED_FACE('',(#9811),#9817,.F.);
#9811 = FACE_BOUND('',#9812,.F.);
#9812 = EDGE_LOOP('',(#9813,#9814,#9815,#9816));
#9813 = ORIENTED_EDGE('',*,*,#6476,.T.);
#9814 = ORIENTED_EDGE('',*,*,#7738,.T.);
#9815 = ORIENTED_EDGE('',*,*,#7730,.T.);
#9816 = ORIENTED_EDGE('',*,*,#7722,.T.);
#9817 = PLANE('',#9818);
#9818 = AXIS2_PLACEMENT_3D('',#9819,#9820,#9821);
#9819 = CARTESIAN_POINT('',(-2.828427124746,-54.,16.970562748477));
#9820 = DIRECTION('',(0.707106781187,0.,0.707106781187));
#9821 = DIRECTION('',(0.707106781187,0.,-0.707106781187));
#9822 = ADVANCED_FACE('',(#9823),#9834,.F.);
#9823 = FACE_BOUND('',#9824,.F.);
#9824 = EDGE_LOOP('',(#9825,#9831,#9832,#9833));
#9825 = ORIENTED_EDGE('',*,*,#9826,.F.);
#9826 = EDGE_CURVE('',#9544,#7709,#9827,.T.);
#9827 = LINE('',#9828,#9829);
#9828 = CARTESIAN_POINT('',(1.099064721079E-14,-54.,49.497474683058));
#9829 = VECTOR('',#9830,1.);
#9830 = DIRECTION('',(-2.22044604925E-16,0.,-1.));
#9831 = ORIENTED_EDGE('',*,*,#9553,.T.);
#9832 = ORIENTED_EDGE('',*,*,#6484,.T.);
#9833 = ORIENTED_EDGE('',*,*,#7716,.F.);
#9834 = PLANE('',#9835);
#9835 = AXIS2_PLACEMENT_3D('',#9836,#9837,#9838);
#9836 = CARTESIAN_POINT('',(1.099064721079E-14,-54.,49.497474683058));
#9837 = DIRECTION('',(0.,1.,0.));
#9838 = DIRECTION('',(1.,0.,-2.22044604925E-16));
#9839 = ADVANCED_FACE('',(#9840),#9868,.T.);
#9840 = FACE_BOUND('',#9841,.T.);
#9841 = EDGE_LOOP('',(#9842,#9843,#9844,#9852,#9860,#9866,#9867));
#9842 = ORIENTED_EDGE('',*,*,#9610,.F.);
#9843 = ORIENTED_EDGE('',*,*,#6517,.F.);
#9844 = ORIENTED_EDGE('',*,*,#9845,.F.);
#9845 = EDGE_CURVE('',#9846,#6510,#9848,.T.);
#9846 = VERTEX_POINT('',#9847);
#9847 = CARTESIAN_POINT('',(15.459032752673,-31.5659483815,
    45.479417267288));
#9848 = LINE('',#9849,#9850);
#9849 = CARTESIAN_POINT('',(15.444872401611,-32.81560748246,
    45.34469052649));
#9850 = VECTOR('',#9851,1.);
#9851 = DIRECTION('',(-1.12653715784E-02,-0.994175501546,-0.107182850909
    ));
#9852 = ORIENTED_EDGE('',*,*,#9853,.F.);
#9853 = EDGE_CURVE('',#9854,#9846,#9856,.T.);
#9854 = VERTEX_POINT('',#9855);
#9855 = CARTESIAN_POINT('',(15.514160009272,-24.02392132365,
    46.003918077939));
#9856 = LINE('',#9857,#9858);
#9857 = CARTESIAN_POINT('',(15.545052724638,-19.79745134218,
    46.29784263091));
#9858 = VECTOR('',#9859,1.);
#9859 = DIRECTION('',(-7.291537003444E-03,-0.99756405026,
    -6.937434048221E-02));
#9860 = ORIENTED_EDGE('',*,*,#9861,.T.);
#9861 = EDGE_CURVE('',#9854,#9732,#9862,.T.);
#9862 = LINE('',#9863,#9864);
#9863 = CARTESIAN_POINT('',(15.41749189246,-23.9592528782,45.08418238348
    ));
#9864 = VECTOR('',#9865,1.);
#9865 = DIRECTION('',(0.104273837185,-6.975647374413E-02,0.992099290016)
  );
#9866 = ORIENTED_EDGE('',*,*,#9731,.F.);
#9867 = ORIENTED_EDGE('',*,*,#9669,.T.);
#9868 = PLANE('',#9869);
#9869 = AXIS2_PLACEMENT_3D('',#9870,#9871,#9872);
#9870 = CARTESIAN_POINT('',(15.354416883399,-32.58862162159,
    44.484063759323));
#9871 = DIRECTION('',(0.994521895368,1.07850667488E-17,-0.104528463268)
  );
#9872 = DIRECTION('',(0.104273837185,-6.975647374413E-02,0.992099290016)
  );
#9873 = ADVANCED_FACE('',(#9874),#9900,.F.);
#9874 = FACE_BOUND('',#9875,.F.);
#9875 = EDGE_LOOP('',(#9876,#9877,#9885,#9893,#9899));
#9876 = ORIENTED_EDGE('',*,*,#9845,.F.);
#9877 = ORIENTED_EDGE('',*,*,#9878,.T.);
#9878 = EDGE_CURVE('',#9846,#9879,#9881,.T.);
#9879 = VERTEX_POINT('',#9880);
#9880 = CARTESIAN_POINT('',(4.,-38.81202407796,45.893975066524));
#9881 = LINE('',#9882,#9883);
#9882 = CARTESIAN_POINT('',(18.464131017699,-29.66568594455,
    45.370700680982));
#9883 = VECTOR('',#9884,1.);
#9884 = DIRECTION('',(-0.844801169553,-0.534206800449,3.056269418203E-02
    ));
#9885 = ORIENTED_EDGE('',*,*,#9886,.F.);
#9886 = EDGE_CURVE('',#9887,#9879,#9889,.T.);
#9887 = VERTEX_POINT('',#9888);
#9888 = CARTESIAN_POINT('',(4.,-39.70289841632,45.796868186962));
#9889 = LINE('',#9890,#9891);
#9890 = CARTESIAN_POINT('',(4.,-43.36170256594,45.398052059252));
#9891 = VECTOR('',#9892,1.);
#9892 = DIRECTION('',(2.081668171172E-17,0.994111726084,0.108359937536)
  );
#9893 = ORIENTED_EDGE('',*,*,#9894,.T.);
#9894 = EDGE_CURVE('',#9887,#6502,#9895,.T.);
#9895 = LINE('',#9896,#9897);
#9896 = CARTESIAN_POINT('',(2.12132034356,-40.,45.961940777126));
#9897 = VECTOR('',#9898,1.);
#9898 = DIRECTION('',(0.98402609072,0.155617648242,-8.646271067403E-02)
  );
#9899 = ORIENTED_EDGE('',*,*,#6509,.F.);
#9900 = PLANE('',#9901);
#9901 = AXIS2_PLACEMENT_3D('',#9902,#9903,#9904);
#9902 = CARTESIAN_POINT('',(34.266629840939,-32.94723665348,
    43.352096291872));
#9903 = DIRECTION('',(0.103919637395,-0.107773244016,0.988729304126));
#9904 = DIRECTION('',(0.994521895368,-6.938893903907E-18,-0.104528463268
    ));
#9905 = ADVANCED_FACE('',(#9906),#9923,.F.);
#9906 = FACE_BOUND('',#9907,.F.);
#9907 = EDGE_LOOP('',(#9908,#9909,#9915,#9916,#9922));
#9908 = ORIENTED_EDGE('',*,*,#9894,.F.);
#9909 = ORIENTED_EDGE('',*,*,#9910,.F.);
#9910 = EDGE_CURVE('',#8322,#9887,#9911,.T.);
#9911 = LINE('',#9912,#9913);
#9912 = CARTESIAN_POINT('',(4.,-40.83541416895,39.264802715115));
#9913 = VECTOR('',#9914,1.);
#9914 = DIRECTION('',(1.665334536938E-16,0.170829348041,0.985300631202)
  );
#9915 = ORIENTED_EDGE('',*,*,#8321,.F.);
#9916 = ORIENTED_EDGE('',*,*,#9917,.F.);
#9917 = EDGE_CURVE('',#2723,#8314,#9918,.T.);
#9918 = LINE('',#9919,#9920);
#9919 = CARTESIAN_POINT('',(-238.3668770547,-77.88019733816,
    67.966705584143));
#9920 = VECTOR('',#9921,1.);
#9921 = DIRECTION('',(-0.983650719036,-0.154501930345,9.252251866284E-02
    ));
#9922 = ORIENTED_EDGE('',*,*,#6501,.F.);
#9923 = PLANE('',#9924);
#9924 = AXIS2_PLACEMENT_3D('',#9925,#9926,#9927);
#9925 = CARTESIAN_POINT('',(36.633395132299,-36.6807856101,
    30.594258160821));
#9926 = DIRECTION('',(0.168389982538,-0.971230985689,0.168389982538));
#9927 = DIRECTION('',(-0.686764016079,-0.238139397073,-0.686764016079));
#9928 = ADVANCED_FACE('',(#9929),#9940,.T.);
#9929 = FACE_BOUND('',#9930,.T.);
#9930 = EDGE_LOOP('',(#9931,#9932,#9933,#9934));
#9931 = ORIENTED_EDGE('',*,*,#7102,.F.);
#9932 = ORIENTED_EDGE('',*,*,#7125,.F.);
#9933 = ORIENTED_EDGE('',*,*,#6831,.T.);
#9934 = ORIENTED_EDGE('',*,*,#9935,.T.);
#9935 = EDGE_CURVE('',#6832,#7103,#9936,.T.);
#9936 = LINE('',#9937,#9938);
#9937 = CARTESIAN_POINT('',(-218.0194276356,-29.59592947081,
    69.223065354222));
#9938 = VECTOR('',#9939,1.);
#9939 = DIRECTION('',(-0.994521895368,-6.938893903907E-18,0.104528463268
    ));
#9940 = PLANE('',#9941);
#9941 = AXIS2_PLACEMENT_3D('',#9942,#9943,#9944);
#9942 = CARTESIAN_POINT('',(15.354416883399,-32.58862162159,
    44.484063759323));
#9943 = DIRECTION('',(0.104273837185,-6.975647374413E-02,0.992099290016)
  );
#9944 = DIRECTION('',(0.994521895368,1.07850667488E-17,-0.104528463268)
  );
#9945 = ADVANCED_FACE('',(#9946),#10074,.T.);
#9946 = FACE_BOUND('',#9947,.T.);
#9947 = EDGE_LOOP('',(#9948,#9949,#9950,#9956,#9957,#9965,#9973,#9981,
    #9989,#9995,#9996,#10004,#10012,#10020,#10028,#10034,#10035,#10043,
    #10051,#10059,#10067,#10073));
#9948 = ORIENTED_EDGE('',*,*,#6855,.F.);
#9949 = ORIENTED_EDGE('',*,*,#8818,.T.);
#9950 = ORIENTED_EDGE('',*,*,#9951,.T.);
#9951 = EDGE_CURVE('',#8819,#7031,#9952,.T.);
#9952 = LINE('',#9953,#9954);
#9953 = CARTESIAN_POINT('',(17.661222471376,-29.12856109672,
    37.731536147862));
#9954 = VECTOR('',#9955,1.);
#9955 = DIRECTION('',(0.104273837185,-6.975647374413E-02,0.992099290016)
  );
#9956 = ORIENTED_EDGE('',*,*,#7030,.F.);
#9957 = ORIENTED_EDGE('',*,*,#9958,.T.);
#9958 = EDGE_CURVE('',#7023,#9959,#9961,.T.);
#9959 = VERTEX_POINT('',#9960);
#9960 = CARTESIAN_POINT('',(23.460606901551,-29.41552827794,
    41.248423165752));
#9961 = LINE('',#9962,#9963);
#9962 = CARTESIAN_POINT('',(23.141849966773,-29.20228821358,
    38.215653515969));
#9963 = VECTOR('',#9964,1.);
#9964 = DIRECTION('',(-0.104273837185,6.975647374413E-02,-0.992099290016
    ));
#9965 = ORIENTED_EDGE('',*,*,#9966,.T.);
#9966 = EDGE_CURVE('',#9959,#9967,#9969,.T.);
#9967 = VERTEX_POINT('',#9968);
#9968 = CARTESIAN_POINT('',(23.252059227181,-29.27601533045,
    39.264224585721));
#9969 = LINE('',#9970,#9971);
#9970 = CARTESIAN_POINT('',(23.141849966773,-29.20228821358,
    38.215653515969));
#9971 = VECTOR('',#9972,1.);
#9972 = DIRECTION('',(-0.104273837185,6.975647374413E-02,-0.992099290016
    ));
#9973 = ORIENTED_EDGE('',*,*,#9974,.T.);
#9974 = EDGE_CURVE('',#9967,#9975,#9977,.T.);
#9975 = VERTEX_POINT('',#9976);
#9976 = CARTESIAN_POINT('',(35.596407108024,-29.27601533045,
    37.966781341852));
#9977 = LINE('',#9978,#9979);
#9978 = CARTESIAN_POINT('',(20.566850109687,-29.27601533045,
    39.546451436544));
#9979 = VECTOR('',#9980,1.);
#9980 = DIRECTION('',(0.994521895368,6.938893903907E-18,-0.104528463268)
  );
#9981 = ORIENTED_EDGE('',*,*,#9982,.F.);
#9982 = EDGE_CURVE('',#9983,#9975,#9985,.T.);
#9983 = VERTEX_POINT('',#9984);
#9984 = CARTESIAN_POINT('',(35.804954782394,-29.41552827794,
    39.950979921883));
#9985 = LINE('',#9986,#9987);
#9986 = CARTESIAN_POINT('',(35.486197847616,-29.20228821358,
    36.918210272099));
#9987 = VECTOR('',#9988,1.);
#9988 = DIRECTION('',(-0.104273837185,6.975647374413E-02,-0.992099290016
    ));
#9989 = ORIENTED_EDGE('',*,*,#9990,.F.);
#9990 = EDGE_CURVE('',#6999,#9983,#9991,.T.);
#9991 = LINE('',#9992,#9993);
#9992 = CARTESIAN_POINT('',(35.486197847616,-29.20228821358,
    36.918210272099));
#9993 = VECTOR('',#9994,1.);
#9994 = DIRECTION('',(-0.104273837185,6.975647374413E-02,-0.992099290016
    ));
#9995 = ORIENTED_EDGE('',*,*,#6998,.F.);
#9996 = ORIENTED_EDGE('',*,*,#9997,.T.);
#9997 = EDGE_CURVE('',#6991,#9998,#10000,.T.);
#9998 = VERTEX_POINT('',#9999);
#9999 = CARTESIAN_POINT('',(49.330452559402,-29.41552827794,
    38.529392821443));
#10000 = LINE('',#10001,#10002);
#10001 = CARTESIAN_POINT('',(49.011695624625,-29.20228821358,
    35.496623171659));
#10002 = VECTOR('',#10003,1.);
#10003 = DIRECTION('',(-0.104273837185,6.975647374413E-02,
    -0.992099290016));
#10004 = ORIENTED_EDGE('',*,*,#10005,.T.);
#10005 = EDGE_CURVE('',#9998,#10006,#10008,.T.);
#10006 = VERTEX_POINT('',#10007);
#10007 = CARTESIAN_POINT('',(49.121904885033,-29.27601533045,
    36.545194241412));
#10008 = LINE('',#10009,#10010);
#10009 = CARTESIAN_POINT('',(49.011695624625,-29.20228821358,
    35.496623171659));
#10010 = VECTOR('',#10011,1.);
#10011 = DIRECTION('',(-0.104273837185,6.975647374413E-02,
    -0.992099290016));
#10012 = ORIENTED_EDGE('',*,*,#10013,.T.);
#10013 = EDGE_CURVE('',#10006,#10014,#10016,.T.);
#10014 = VERTEX_POINT('',#10015);
#10015 = CARTESIAN_POINT('',(54.121366453049,-29.27601533045,
    36.019729656565));
#10016 = LINE('',#10017,#10018);
#10017 = CARTESIAN_POINT('',(33.501772938613,-29.27601533045,
    38.186936264389));
#10018 = VECTOR('',#10019,1.);
#10019 = DIRECTION('',(0.994521895368,6.938893903907E-18,-0.104528463268
    ));
#10020 = ORIENTED_EDGE('',*,*,#10021,.F.);
#10021 = EDGE_CURVE('',#10022,#10014,#10024,.T.);
#10022 = VERTEX_POINT('',#10023);
#10023 = CARTESIAN_POINT('',(54.329914127418,-29.41552827794,
    38.003928236596));
#10024 = LINE('',#10025,#10026);
#10025 = CARTESIAN_POINT('',(54.011157192641,-29.20228821358,
    34.971158586813));
#10026 = VECTOR('',#10027,1.);
#10027 = DIRECTION('',(-0.104273837185,6.975647374413E-02,
    -0.992099290016));
#10028 = ORIENTED_EDGE('',*,*,#10029,.F.);
#10029 = EDGE_CURVE('',#7094,#10022,#10030,.T.);
#10030 = LINE('',#10031,#10032);
#10031 = CARTESIAN_POINT('',(54.011157192641,-29.20228821358,
    34.971158586813));
#10032 = VECTOR('',#10033,1.);
#10033 = DIRECTION('',(-0.104273837185,6.975647374413E-02,
    -0.992099290016));
#10034 = ORIENTED_EDGE('',*,*,#7110,.F.);
#10035 = ORIENTED_EDGE('',*,*,#10036,.T.);
#10036 = EDGE_CURVE('',#7103,#10037,#10039,.T.);
#10037 = VERTEX_POINT('',#10038);
#10038 = CARTESIAN_POINT('',(56.318957918155,-29.41552827794,
    37.794871310061));
#10039 = LINE('',#10040,#10041);
#10040 = CARTESIAN_POINT('',(56.000200983378,-29.20228821358,
    34.762101660278));
#10041 = VECTOR('',#10042,1.);
#10042 = DIRECTION('',(-0.104273837185,6.975647374413E-02,
    -0.992099290016));
#10043 = ORIENTED_EDGE('',*,*,#10044,.T.);
#10044 = EDGE_CURVE('',#10037,#10045,#10047,.T.);
#10045 = VERTEX_POINT('',#10046);
#10046 = CARTESIAN_POINT('',(56.110410243786,-29.27601533045,
    35.81067273003));
#10047 = LINE('',#10048,#10049);
#10048 = CARTESIAN_POINT('',(56.000200983378,-29.20228821358,
    34.762101660278));
#10049 = VECTOR('',#10050,1.);
#10050 = DIRECTION('',(-0.104273837185,6.975647374413E-02,
    -0.992099290016));
#10051 = ORIENTED_EDGE('',*,*,#10052,.T.);
#10052 = EDGE_CURVE('',#10045,#10053,#10055,.T.);
#10053 = VERTEX_POINT('',#10054);
#10054 = CARTESIAN_POINT('',(61.515978860644,-29.27601533045,
    35.242524574379));
#10055 = LINE('',#10056,#10057);
#10056 = CARTESIAN_POINT('',(36.996025617989,-29.27601533045,
    37.819675508698));
#10057 = VECTOR('',#10058,1.);
#10058 = DIRECTION('',(0.994521895368,6.938893903907E-18,-0.104528463268
    ));
#10059 = ORIENTED_EDGE('',*,*,#10060,.F.);
#10060 = EDGE_CURVE('',#10061,#10053,#10063,.T.);
#10061 = VERTEX_POINT('',#10062);
#10062 = CARTESIAN_POINT('',(61.724526535014,-29.41552827794,
    37.22672315441));
#10063 = LINE('',#10064,#10065);
#10064 = CARTESIAN_POINT('',(61.405769600236,-29.20228821358,
    34.193953504626));
#10065 = VECTOR('',#10066,1.);
#10066 = DIRECTION('',(-0.104273837185,6.975647374413E-02,
    -0.992099290016));
#10067 = ORIENTED_EDGE('',*,*,#10068,.F.);
#10068 = EDGE_CURVE('',#6832,#10061,#10069,.T.);
#10069 = LINE('',#10070,#10071);
#10070 = CARTESIAN_POINT('',(61.405769600236,-29.20228821358,
    34.193953504626));
#10071 = VECTOR('',#10072,1.);
#10072 = DIRECTION('',(-0.104273837185,6.975647374413E-02,
    -0.992099290016));
#10073 = ORIENTED_EDGE('',*,*,#6841,.F.);
#10074 = PLANE('',#10075);
#10075 = AXIS2_PLACEMENT_3D('',#10076,#10077,#10078);
#10076 = CARTESIAN_POINT('',(17.661222471376,-29.12856109672,
    37.731536147862));
#10077 = DIRECTION('',(7.291537003444E-03,0.99756405026,
    6.937434048221E-02));
#10078 = DIRECTION('',(0.104273837185,-6.975647374413E-02,0.992099290016
    ));
#10079 = ADVANCED_FACE('',(#10080),#10105,.F.);
#10080 = FACE_BOUND('',#10081,.F.);
#10081 = EDGE_LOOP('',(#10082,#10090,#10098,#10104));
#10082 = ORIENTED_EDGE('',*,*,#10083,.F.);
#10083 = EDGE_CURVE('',#10084,#6886,#10086,.T.);
#10084 = VERTEX_POINT('',#10085);
#10085 = CARTESIAN_POINT('',(65.035614937743,-25.4252720769,
    37.159276587556));
#10086 = LINE('',#10087,#10088);
#10087 = CARTESIAN_POINT('',(63.941640852838,-25.4252720769,
    37.27425789715));
#10088 = VECTOR('',#10089,1.);
#10089 = DIRECTION('',(0.994521895368,1.07850667488E-17,-0.104528463268)
  );
#10090 = ORIENTED_EDGE('',*,*,#10091,.T.);
#10091 = EDGE_CURVE('',#10084,#10092,#10094,.T.);
#10092 = VERTEX_POINT('',#10093);
#10093 = CARTESIAN_POINT('',(65.305283451695,-25.60567326977,
    39.725001111125));
#10094 = LINE('',#10095,#10096);
#10095 = CARTESIAN_POINT('',(64.827067263373,-25.28575912941,
    35.175078007524));
#10096 = VECTOR('',#10097,1.);
#10097 = DIRECTION('',(0.104273837185,-6.975647374413E-02,0.992099290016
    ));
#10098 = ORIENTED_EDGE('',*,*,#10099,.T.);
#10099 = EDGE_CURVE('',#10092,#2764,#10100,.T.);
#10100 = LINE('',#10101,#10102);
#10101 = CARTESIAN_POINT('',(65.305283451695,-25.60567326977,
    39.725001111125));
#10102 = VECTOR('',#10103,1.);
#10103 = DIRECTION('',(0.994521895368,1.07850667488E-17,-0.104528463268)
  );
#10104 = ORIENTED_EDGE('',*,*,#6893,.F.);
#10105 = PLANE('',#10106);
#10106 = AXIS2_PLACEMENT_3D('',#10107,#10108,#10109);
#10107 = CARTESIAN_POINT('',(64.827067263373,-25.28575912941,
    35.175078007524));
#10108 = DIRECTION('',(7.291537003444E-03,0.99756405026,
    6.937434048221E-02));
#10109 = DIRECTION('',(0.104273837185,-6.975647374413E-02,0.992099290016
    ));
#10110 = ADVANCED_FACE('',(#10111),#10129,.F.);
#10111 = FACE_BOUND('',#10112,.F.);
#10112 = EDGE_LOOP('',(#10113,#10121,#10127,#10128));
#10113 = ORIENTED_EDGE('',*,*,#10114,.F.);
#10114 = EDGE_CURVE('',#10115,#6878,#10117,.T.);
#10115 = VERTEX_POINT('',#10116);
#10116 = CARTESIAN_POINT('',(64.827067263373,-25.28575912941,
    35.175078007524));
#10117 = LINE('',#10118,#10119);
#10118 = CARTESIAN_POINT('',(63.733093178468,-25.28575912941,
    35.290059317119));
#10119 = VECTOR('',#10120,1.);
#10120 = DIRECTION('',(0.994521895368,1.07850667488E-17,-0.104528463268)
  );
#10121 = ORIENTED_EDGE('',*,*,#10122,.T.);
#10122 = EDGE_CURVE('',#10115,#10084,#10123,.T.);
#10123 = LINE('',#10124,#10125);
#10124 = CARTESIAN_POINT('',(64.827067263373,-25.28575912941,
    35.175078007524));
#10125 = VECTOR('',#10126,1.);
#10126 = DIRECTION('',(0.104273837185,-6.975647374413E-02,0.992099290016
    ));
#10127 = ORIENTED_EDGE('',*,*,#10083,.T.);
#10128 = ORIENTED_EDGE('',*,*,#6885,.F.);
#10129 = PLANE('',#10130);
#10130 = AXIS2_PLACEMENT_3D('',#10131,#10132,#10133);
#10131 = CARTESIAN_POINT('',(63.733093178468,-25.28575912941,
    35.290059317119));
#10132 = DIRECTION('',(7.291537003444E-03,0.99756405026,
    6.937434048221E-02));
#10133 = DIRECTION('',(0.104273837185,-6.975647374413E-02,0.992099290016
    ));
#10134 = ADVANCED_FACE('',(#10135),#10153,.F.);
#10135 = FACE_BOUND('',#10136,.F.);
#10136 = EDGE_LOOP('',(#10137,#10145,#10146,#10147));
#10137 = ORIENTED_EDGE('',*,*,#10138,.F.);
#10138 = EDGE_CURVE('',#10115,#10139,#10141,.T.);
#10139 = VERTEX_POINT('',#10140);
#10140 = CARTESIAN_POINT('',(64.90965370518,-13.98700752926,
    35.96083551385));
#10141 = LINE('',#10142,#10143);
#10142 = CARTESIAN_POINT('',(64.827067263373,-25.28575912941,
    35.175078007524));
#10143 = VECTOR('',#10144,1.);
#10144 = DIRECTION('',(7.291537003444E-03,0.99756405026,
    6.937434048221E-02));
#10145 = ORIENTED_EDGE('',*,*,#10114,.T.);
#10146 = ORIENTED_EDGE('',*,*,#6877,.F.);
#10147 = ORIENTED_EDGE('',*,*,#10148,.T.);
#10148 = EDGE_CURVE('',#6870,#10139,#10149,.T.);
#10149 = LINE('',#10150,#10151);
#10150 = CARTESIAN_POINT('',(57.375746571876,-13.98700752926,
    36.752681061659));
#10151 = VECTOR('',#10152,1.);
#10152 = DIRECTION('',(-0.994521895368,-1.07850667488E-17,0.104528463268
    ));
#10153 = PLANE('',#10154);
#10154 = AXIS2_PLACEMENT_3D('',#10155,#10156,#10157);
#10155 = CARTESIAN_POINT('',(63.733093178468,-25.28575912941,
    35.290059317119));
#10156 = DIRECTION('',(0.104273837185,-6.975647374413E-02,0.992099290016
    ));
#10157 = DIRECTION('',(0.994521895368,1.07850667488E-17,-0.104528463268)
  );
#10158 = ADVANCED_FACE('',(#10159),#10182,.F.);
#10159 = FACE_BOUND('',#10160,.F.);
#10160 = EDGE_LOOP('',(#10161,#10162,#10168,#10176));
#10161 = ORIENTED_EDGE('',*,*,#6869,.F.);
#10162 = ORIENTED_EDGE('',*,*,#10163,.F.);
#10163 = EDGE_CURVE('',#8979,#6862,#10164,.T.);
#10164 = LINE('',#10165,#10166);
#10165 = CARTESIAN_POINT('',(65.069441311791,-248.9863255248,
    17.39089134805));
#10166 = VECTOR('',#10167,1.);
#10167 = DIRECTION('',(-7.291537003444E-03,-0.99756405026,
    -6.937434048221E-02));
#10168 = ORIENTED_EDGE('',*,*,#10169,.T.);
#10169 = EDGE_CURVE('',#8979,#10170,#10172,.T.);
#10170 = VERTEX_POINT('',#10171);
#10171 = CARTESIAN_POINT('',(67.104606125704,0.577427604528,
    36.754191112029));
#10172 = LINE('',#10173,#10174);
#10173 = CARTESIAN_POINT('',(66.893572250234,0.718603755619,
    34.746337908625));
#10174 = VECTOR('',#10175,1.);
#10175 = DIRECTION('',(0.104273837185,-6.975647374413E-02,0.992099290016
    ));
#10176 = ORIENTED_EDGE('',*,*,#10177,.F.);
#10177 = EDGE_CURVE('',#6870,#10170,#10178,.T.);
#10178 = LINE('',#10179,#10180);
#10179 = CARTESIAN_POINT('',(66.95685646455,-19.63638332934,
    35.348446987825));
#10180 = VECTOR('',#10181,1.);
#10181 = DIRECTION('',(7.291537003444E-03,0.99756405026,
    6.937434048221E-02));
#10182 = PLANE('',#10183);
#10183 = AXIS2_PLACEMENT_3D('',#10184,#10185,#10186);
#10184 = CARTESIAN_POINT('',(66.665978574817,-29.12856109672,
    32.580928733229));
#10185 = DIRECTION('',(0.994521895368,1.07850667488E-17,-0.104528463268)
  );
#10186 = DIRECTION('',(0.104273837185,-6.975647374413E-02,0.992099290016
    ));
#10187 = ADVANCED_FACE('',(#10188),#10206,.T.);
#10188 = FACE_BOUND('',#10189,.T.);
#10189 = EDGE_LOOP('',(#10190,#10198,#10199,#10200));
#10190 = ORIENTED_EDGE('',*,*,#10191,.F.);
#10191 = EDGE_CURVE('',#10092,#10192,#10194,.T.);
#10192 = VERTEX_POINT('',#10193);
#10193 = CARTESIAN_POINT('',(65.387869893501,-14.30692166962,
    40.510758617451));
#10194 = LINE('',#10195,#10196);
#10195 = CARTESIAN_POINT('',(65.305283451695,-25.60567326977,
    39.725001111125));
#10196 = VECTOR('',#10197,1.);
#10197 = DIRECTION('',(7.291537003444E-03,0.99756405026,
    6.937434048221E-02));
#10198 = ORIENTED_EDGE('',*,*,#10099,.T.);
#10199 = ORIENTED_EDGE('',*,*,#6908,.F.);
#10200 = ORIENTED_EDGE('',*,*,#10201,.T.);
#10201 = EDGE_CURVE('',#6909,#10192,#10202,.T.);
#10202 = LINE('',#10203,#10204);
#10203 = CARTESIAN_POINT('',(58.40094980265,-14.30692166962,
    41.245113510462));
#10204 = VECTOR('',#10205,1.);
#10205 = DIRECTION('',(-0.994521895368,-1.07850667488E-17,0.104528463268
    ));
#10206 = PLANE('',#10207);
#10207 = AXIS2_PLACEMENT_3D('',#10208,#10209,#10210);
#10208 = CARTESIAN_POINT('',(65.305283451695,-25.60567326977,
    39.725001111125));
#10209 = DIRECTION('',(0.104273837185,-6.975647374413E-02,0.992099290016
    ));
#10210 = DIRECTION('',(0.994521895368,1.07850667488E-17,-0.104528463268)
  );
#10211 = ADVANCED_FACE('',(#10212),#10237,.F.);
#10212 = FACE_BOUND('',#10213,.F.);
#10213 = EDGE_LOOP('',(#10214,#10215,#10223,#10231));
#10214 = ORIENTED_EDGE('',*,*,#6951,.T.);
#10215 = ORIENTED_EDGE('',*,*,#10216,.F.);
#10216 = EDGE_CURVE('',#10217,#6909,#10219,.T.);
#10217 = VERTEX_POINT('',#10218);
#10218 = CARTESIAN_POINT('',(67.206697359823,-14.12652047675,
    37.72552432102));
#10219 = LINE('',#10220,#10221);
#10220 = CARTESIAN_POINT('',(66.787115809984,-13.84583137817,
    33.733472537585));
#10221 = VECTOR('',#10222,1.);
#10222 = DIRECTION('',(0.104273837185,-6.975647374413E-02,0.992099290016
    ));
#10223 = ORIENTED_EDGE('',*,*,#10224,.T.);
#10224 = EDGE_CURVE('',#10217,#10225,#10227,.T.);
#10225 = VERTEX_POINT('',#10226);
#10226 = CARTESIAN_POINT('',(67.313153800073,0.437914657039,
    38.73838969206));
#10227 = LINE('',#10228,#10229);
#10228 = CARTESIAN_POINT('',(67.165404138919,-19.77589627682,
    37.332645567857));
#10229 = VECTOR('',#10230,1.);
#10230 = DIRECTION('',(7.291537003444E-03,0.99756405026,
    6.937434048221E-02));
#10231 = ORIENTED_EDGE('',*,*,#10232,.T.);
#10232 = EDGE_CURVE('',#10225,#6944,#10233,.T.);
#10233 = LINE('',#10234,#10235);
#10234 = CARTESIAN_POINT('',(66.893572250234,0.718603755619,
    34.746337908625));
#10235 = VECTOR('',#10236,1.);
#10236 = DIRECTION('',(0.104273837185,-6.975647374413E-02,0.992099290016
    ));
#10237 = PLANE('',#10238);
#10238 = AXIS2_PLACEMENT_3D('',#10239,#10240,#10241);
#10239 = CARTESIAN_POINT('',(66.665978574817,-29.12856109672,
    32.580928733229));
#10240 = DIRECTION('',(0.994521895368,1.07850667488E-17,-0.104528463268)
  );
#10241 = DIRECTION('',(0.104273837185,-6.975647374413E-02,0.992099290016
    ));
#10242 = ADVANCED_FACE('',(#10243),#10268,.T.);
#10243 = FACE_BOUND('',#10244,.T.);
#10244 = EDGE_LOOP('',(#10245,#10253,#10254,#10262));
#10245 = ORIENTED_EDGE('',*,*,#10246,.F.);
#10246 = EDGE_CURVE('',#6944,#10247,#10249,.T.);
#10247 = VERTEX_POINT('',#10248);
#10248 = CARTESIAN_POINT('',(65.494326333752,0.257513464171,
    41.523623988491));
#10249 = LINE('',#10250,#10251);
#10250 = CARTESIAN_POINT('',(58.5074062429,0.257513464171,
    42.257978881502));
#10251 = VECTOR('',#10252,1.);
#10252 = DIRECTION('',(-0.994521895368,-1.07850667488E-17,0.104528463268
    ));
#10253 = ORIENTED_EDGE('',*,*,#6943,.F.);
#10254 = ORIENTED_EDGE('',*,*,#10255,.F.);
#10255 = EDGE_CURVE('',#10256,#6936,#10258,.T.);
#10256 = VERTEX_POINT('',#10257);
#10257 = CARTESIAN_POINT('',(65.676967479649,25.244870884033,
    43.261338414893));
#10258 = LINE('',#10259,#10260);
#10259 = CARTESIAN_POINT('',(65.676967479649,25.244870884033,
    43.261338414893));
#10260 = VECTOR('',#10261,1.);
#10261 = DIRECTION('',(0.994521895368,1.07850667488E-17,-0.104528463268)
  );
#10262 = ORIENTED_EDGE('',*,*,#10263,.F.);
#10263 = EDGE_CURVE('',#10247,#10256,#10264,.T.);
#10264 = LINE('',#10265,#10266);
#10265 = CARTESIAN_POINT('',(65.305283451695,-25.60567326977,
    39.725001111125));
#10266 = VECTOR('',#10267,1.);
#10267 = DIRECTION('',(7.291537003444E-03,0.99756405026,
    6.937434048221E-02));
#10268 = PLANE('',#10269);
#10269 = AXIS2_PLACEMENT_3D('',#10270,#10271,#10272);
#10270 = CARTESIAN_POINT('',(65.305283451695,-25.60567326977,
    39.725001111125));
#10271 = DIRECTION('',(0.104273837185,-6.975647374413E-02,0.992099290016
    ));
#10272 = DIRECTION('',(0.994521895368,1.07850667488E-17,-0.104528463268)
  );
#10273 = ADVANCED_FACE('',(#10274),#10320,.T.);
#10274 = FACE_BOUND('',#10275,.T.);
#10275 = EDGE_LOOP('',(#10276,#10286,#10292,#10293,#10294,#10295,#10296,
    #10305,#10313));
#10276 = ORIENTED_EDGE('',*,*,#10277,.F.);
#10277 = EDGE_CURVE('',#10278,#10280,#10282,.T.);
#10278 = VERTEX_POINT('',#10279);
#10279 = CARTESIAN_POINT('',(4.,-22.91296205623,46.357775925598));
#10280 = VERTEX_POINT('',#10281);
#10281 = CARTESIAN_POINT('',(12.889948106248,17.015800649113,
    48.230875427413));
#10282 = LINE('',#10283,#10284);
#10283 = CARTESIAN_POINT('',(-54.50441581653,-285.6826552461,
    34.030978197395));
#10284 = VECTOR('',#10285,1.);
#10285 = DIRECTION('',(0.217096422073,0.975077853946,4.574190930822E-02)
  );
#10286 = ORIENTED_EDGE('',*,*,#10287,.F.);
#10287 = EDGE_CURVE('',#8306,#10278,#10288,.T.);
#10288 = LINE('',#10289,#10290);
#10289 = CARTESIAN_POINT('',(4.,-274.5968260768,28.661383004991));
#10290 = VECTOR('',#10291,1.);
#10291 = DIRECTION('',(1.387778780781E-17,0.997537239893,
    7.013882681267E-02));
#10292 = ORIENTED_EDGE('',*,*,#8313,.F.);
#10293 = ORIENTED_EDGE('',*,*,#9917,.F.);
#10294 = ORIENTED_EDGE('',*,*,#6975,.F.);
#10295 = ORIENTED_EDGE('',*,*,#6965,.T.);
#10296 = ORIENTED_EDGE('',*,*,#10297,.F.);
#10297 = EDGE_CURVE('',#10298,#6968,#10300,.T.);
#10298 = VERTEX_POINT('',#10299);
#10299 = CARTESIAN_POINT('',(15.472541789614,-16.42780946016,
    45.607947168177));
#10300 = CIRCLE('',#10301,4.7);
#10301 = AXIS2_PLACEMENT_3D('',#10302,#10303,#10304);
#10302 = CARTESIAN_POINT('',(12.660355534006,-20.19353116918,
    45.638744472978));
#10303 = DIRECTION('',(0.104273837185,-6.975647374413E-02,0.992099290016
    ));
#10304 = DIRECTION('',(0.994521895368,1.07850667488E-17,-0.104528463268)
  );
#10305 = ORIENTED_EDGE('',*,*,#10306,.T.);
#10306 = EDGE_CURVE('',#10298,#10307,#10309,.T.);
#10307 = VERTEX_POINT('',#10308);
#10308 = CARTESIAN_POINT('',(15.723736446604,17.938437232712,
    47.997904683733));
#10309 = LINE('',#10310,#10311);
#10310 = CARTESIAN_POINT('',(15.354416883399,-32.58862162159,
    44.484063759323));
#10311 = VECTOR('',#10312,1.);
#10312 = DIRECTION('',(7.291537003444E-03,0.99756405026,
    6.937434048221E-02));
#10313 = ORIENTED_EDGE('',*,*,#10314,.F.);
#10314 = EDGE_CURVE('',#10280,#10307,#10315,.T.);
#10315 = CIRCLE('',#10316,4.7);
#10316 = AXIS2_PLACEMENT_3D('',#10317,#10318,#10319);
#10317 = CARTESIAN_POINT('',(12.96660008815,21.704158941731,
    48.552466773231));
#10318 = DIRECTION('',(0.104273837185,-6.975647374413E-02,0.992099290016
    ));
#10319 = DIRECTION('',(0.994521895368,1.07850667488E-17,-0.104528463268)
  );
#10320 = PLANE('',#10321);
#10321 = AXIS2_PLACEMENT_3D('',#10322,#10323,#10324);
#10322 = CARTESIAN_POINT('',(-457.8294727916,-498.9624263227,
    61.426025090182));
#10323 = DIRECTION('',(0.104273837185,-6.975647374413E-02,0.992099290016
    ));
#10324 = DIRECTION('',(0.994521895368,1.07850667488E-17,-0.104528463268)
  );
#10325 = ADVANCED_FACE('',(#10326),#10352,.T.);
#10326 = FACE_BOUND('',#10327,.T.);
#10327 = EDGE_LOOP('',(#10328,#10336,#10337,#10345));
#10328 = ORIENTED_EDGE('',*,*,#10329,.F.);
#10329 = EDGE_CURVE('',#6968,#10330,#10332,.T.);
#10330 = VERTEX_POINT('',#10331);
#10331 = CARTESIAN_POINT('',(15.419330338505,-23.70773283763,
    45.101674029182));
#10332 = LINE('',#10333,#10334);
#10333 = CARTESIAN_POINT('',(15.354416883399,-32.58862162159,
    44.484063759323));
#10334 = VECTOR('',#10335,1.);
#10335 = DIRECTION('',(7.291537003444E-03,0.99756405026,
    6.937434048221E-02));
#10336 = ORIENTED_EDGE('',*,*,#7062,.T.);
#10337 = ORIENTED_EDGE('',*,*,#10338,.T.);
#10338 = EDGE_CURVE('',#7055,#10339,#10341,.T.);
#10339 = VERTEX_POINT('',#10340);
#10340 = CARTESIAN_POINT('',(15.519379361374,-23.62607934319,
    45.096899672696));
#10341 = LINE('',#10342,#10343);
#10342 = CARTESIAN_POINT('',(15.50490983196,-25.60567326977,
    44.959231296372));
#10343 = VECTOR('',#10344,1.);
#10344 = DIRECTION('',(7.291537003444E-03,0.99756405026,
    6.937434048221E-02));
#10345 = ORIENTED_EDGE('',*,*,#10346,.F.);
#10346 = EDGE_CURVE('',#10330,#10339,#10347,.T.);
#10347 = CIRCLE('',#10348,4.5);
#10348 = AXIS2_PLACEMENT_3D('',#10349,#10350,#10351);
#10349 = CARTESIAN_POINT('',(12.660355534006,-20.19353116918,
    45.638744472978));
#10350 = DIRECTION('',(0.104273837185,-6.975647374413E-02,0.992099290016
    ));
#10351 = DIRECTION('',(0.994521895368,1.07850667488E-17,-0.104528463268)
  );
#10352 = PLANE('',#10353);
#10353 = AXIS2_PLACEMENT_3D('',#10354,#10355,#10356);
#10354 = CARTESIAN_POINT('',(15.354416883399,-32.58862162159,
    44.484063759323));
#10355 = DIRECTION('',(0.104273837185,-6.975647374413E-02,0.992099290016
    ));
#10356 = DIRECTION('',(0.994521895368,1.07850667488E-17,-0.104528463268)
  );
#10357 = ADVANCED_FACE('',(#10358),#10402,.T.);
#10358 = FACE_BOUND('',#10359,.T.);
#10359 = EDGE_LOOP('',(#10360,#10369,#10370,#10371,#10379,#10387,#10395)
  );
#10360 = ORIENTED_EDGE('',*,*,#10361,.F.);
#10361 = EDGE_CURVE('',#7055,#10362,#10364,.T.);
#10362 = VERTEX_POINT('',#10363);
#10363 = CARTESIAN_POINT('',(17.334608442237,-20.19353116918,
    45.14746069562));
#10364 = CIRCLE('',#10365,4.7);
#10365 = AXIS2_PLACEMENT_3D('',#10366,#10367,#10368);
#10366 = CARTESIAN_POINT('',(12.660355534006,-20.19353116918,
    45.638744472978));
#10367 = DIRECTION('',(0.104273837185,-6.975647374413E-02,0.992099290016
    ));
#10368 = DIRECTION('',(0.994521895368,1.07850667488E-17,-0.104528463268)
  );
#10369 = ORIENTED_EDGE('',*,*,#7054,.F.);
#10370 = ORIENTED_EDGE('',*,*,#7046,.T.);
#10371 = ORIENTED_EDGE('',*,*,#10372,.T.);
#10372 = EDGE_CURVE('',#7039,#10373,#10375,.T.);
#10373 = VERTEX_POINT('',#10374);
#10374 = CARTESIAN_POINT('',(18.569032112902,-0.978452433077,
    46.368767932394));
#10375 = LINE('',#10376,#10377);
#10376 = CARTESIAN_POINT('',(16.644477010648,-264.2791778967,
    28.05784927732));
#10377 = VECTOR('',#10378,1.);
#10378 = DIRECTION('',(7.291537003444E-03,0.99756405026,
    6.937434048221E-02));
#10379 = ORIENTED_EDGE('',*,*,#10380,.F.);
#10380 = EDGE_CURVE('',#10381,#10373,#10383,.T.);
#10381 = VERTEX_POINT('',#10382);
#10382 = CARTESIAN_POINT('',(15.684918616334,-0.978452433077,
    46.67190047587));
#10383 = LINE('',#10384,#10385);
#10384 = CARTESIAN_POINT('',(15.684918616334,-0.978452433077,
    46.67190047587));
#10385 = VECTOR('',#10386,1.);
#10386 = DIRECTION('',(0.994521895368,1.07850667488E-17,-0.104528463268)
  );
#10387 = ORIENTED_EDGE('',*,*,#10388,.F.);
#10388 = EDGE_CURVE('',#10389,#10381,#10391,.T.);
#10389 = VERTEX_POINT('',#10390);
#10390 = CARTESIAN_POINT('',(15.571437862258,-16.50389248901,
    45.592203223051));
#10391 = LINE('',#10392,#10393);
#10392 = CARTESIAN_POINT('',(15.50490983196,-25.60567326977,
    44.959231296372));
#10393 = VECTOR('',#10394,1.);
#10394 = DIRECTION('',(7.291537003444E-03,0.99756405026,
    6.937434048221E-02));
#10395 = ORIENTED_EDGE('',*,*,#10396,.F.);
#10396 = EDGE_CURVE('',#10362,#10389,#10397,.T.);
#10397 = CIRCLE('',#10398,4.7);
#10398 = AXIS2_PLACEMENT_3D('',#10399,#10400,#10401);
#10399 = CARTESIAN_POINT('',(12.660355534006,-20.19353116918,
    45.638744472978));
#10400 = DIRECTION('',(0.104273837185,-6.975647374413E-02,0.992099290016
    ));
#10401 = DIRECTION('',(0.994521895368,1.07850667488E-17,-0.104528463268)
  );
#10402 = PLANE('',#10403);
#10403 = AXIS2_PLACEMENT_3D('',#10404,#10405,#10406);
#10404 = CARTESIAN_POINT('',(15.354416883399,-32.58862162159,
    44.484063759323));
#10405 = DIRECTION('',(0.104273837185,-6.975647374413E-02,0.992099290016
    ));
#10406 = DIRECTION('',(0.994521895368,1.07850667488E-17,-0.104528463268)
  );
#10407 = ADVANCED_FACE('',(#10408),#10513,.T.);
#10408 = FACE_BOUND('',#10409,.T.);
#10409 = EDGE_LOOP('',(#10410,#10411,#10412,#10420,#10428,#10436,#10444,
    #10452,#10460,#10468,#10474,#10482,#10490,#10498,#10506,#10512));
#10410 = ORIENTED_EDGE('',*,*,#9951,.F.);
#10411 = ORIENTED_EDGE('',*,*,#8826,.T.);
#10412 = ORIENTED_EDGE('',*,*,#10413,.T.);
#10413 = EDGE_CURVE('',#8827,#10414,#10416,.T.);
#10414 = VERTEX_POINT('',#10415);
#10415 = CARTESIAN_POINT('',(18.793519272997,29.733909110203,
    48.504620588834));
#10416 = LINE('',#10417,#10418);
#10417 = CARTESIAN_POINT('',(18.09488456386,30.201277484288,
    41.857555345729));
#10418 = VECTOR('',#10419,1.);
#10419 = DIRECTION('',(0.104273837185,-6.975647374413E-02,0.992099290016
    ));
#10420 = ORIENTED_EDGE('',*,*,#10421,.F.);
#10421 = EDGE_CURVE('',#10422,#10414,#10424,.T.);
#10422 = VERTEX_POINT('',#10423);
#10423 = CARTESIAN_POINT('',(18.760707356482,25.244870884033,
    48.192436056664));
#10424 = LINE('',#10425,#10426);
#10425 = CARTESIAN_POINT('',(16.644477010648,-264.2791778967,
    28.05784927732));
#10426 = VECTOR('',#10427,1.);
#10427 = DIRECTION('',(7.291537003444E-03,0.99756405026,
    6.937434048221E-02));
#10428 = ORIENTED_EDGE('',*,*,#10429,.F.);
#10429 = EDGE_CURVE('',#10430,#10422,#10432,.T.);
#10430 = VERTEX_POINT('',#10431);
#10431 = CARTESIAN_POINT('',(18.49103884253,25.425272076902,
    45.626711533095));
#10432 = LINE('',#10433,#10434);
#10433 = CARTESIAN_POINT('',(18.172281907752,25.638512141255,
    42.593941883311));
#10434 = VECTOR('',#10435,1.);
#10435 = DIRECTION('',(0.104273837185,-6.975647374413E-02,0.992099290016
    ));
#10436 = ORIENTED_EDGE('',*,*,#10437,.F.);
#10437 = EDGE_CURVE('',#10438,#10430,#10440,.T.);
#10438 = VERTEX_POINT('',#10439);
#10439 = CARTESIAN_POINT('',(18.28249116816,25.56478502439,
    43.642512953064));
#10440 = LINE('',#10441,#10442);
#10441 = CARTESIAN_POINT('',(18.172281907752,25.638512141255,
    42.593941883311));
#10442 = VECTOR('',#10443,1.);
#10443 = DIRECTION('',(0.104273837185,-6.975647374413E-02,0.992099290016
    ));
#10444 = ORIENTED_EDGE('',*,*,#10445,.T.);
#10445 = EDGE_CURVE('',#10438,#10446,#10448,.T.);
#10446 = VERTEX_POINT('',#10447);
#10447 = CARTESIAN_POINT('',(18.255604660858,21.886409243152,
    43.386704923692));
#10448 = LINE('',#10449,#10450);
#10449 = CARTESIAN_POINT('',(18.068622826525,-3.69480304365,
    41.607691605529));
#10450 = VECTOR('',#10451,1.);
#10451 = DIRECTION('',(-7.291537003444E-03,-0.99756405026,
    -6.937434048221E-02));
#10452 = ORIENTED_EDGE('',*,*,#10453,.T.);
#10453 = EDGE_CURVE('',#10446,#10454,#10456,.T.);
#10454 = VERTEX_POINT('',#10455);
#10455 = CARTESIAN_POINT('',(18.464152335228,21.746896295664,
    45.370903503723));
#10456 = LINE('',#10457,#10458);
#10457 = CARTESIAN_POINT('',(18.14539540045,21.960136360017,
    42.338133853939));
#10458 = VECTOR('',#10459,1.);
#10459 = DIRECTION('',(0.104273837185,-6.975647374413E-02,0.992099290016
    ));
#10460 = ORIENTED_EDGE('',*,*,#10461,.T.);
#10461 = EDGE_CURVE('',#10454,#10462,#10464,.T.);
#10462 = VERTEX_POINT('',#10463);
#10463 = CARTESIAN_POINT('',(18.73382084918,21.566495102796,
    47.936628027292));
#10464 = LINE('',#10465,#10466);
#10465 = CARTESIAN_POINT('',(18.14539540045,21.960136360017,
    42.338133853939));
#10466 = VECTOR('',#10467,1.);
#10467 = DIRECTION('',(0.104273837185,-6.975647374413E-02,0.992099290016
    ));
#10468 = ORIENTED_EDGE('',*,*,#10469,.F.);
#10469 = EDGE_CURVE('',#10373,#10462,#10470,.T.);
#10470 = LINE('',#10471,#10472);
#10471 = CARTESIAN_POINT('',(16.644477010648,-264.2791778967,
    28.05784927732));
#10472 = VECTOR('',#10473,1.);
#10473 = DIRECTION('',(7.291537003444E-03,0.99756405026,
    6.937434048221E-02));
#10474 = ORIENTED_EDGE('',*,*,#10475,.F.);
#10475 = EDGE_CURVE('',#10476,#10373,#10478,.T.);
#10476 = VERTEX_POINT('',#10477);
#10477 = CARTESIAN_POINT('',(18.29936359895,-0.798051240208,
    43.803043408825));
#10478 = LINE('',#10479,#10480);
#10479 = CARTESIAN_POINT('',(17.980606664173,-0.584811175855,
    40.770273759041));
#10480 = VECTOR('',#10481,1.);
#10481 = DIRECTION('',(0.104273837185,-6.975647374413E-02,0.992099290016
    ));
#10482 = ORIENTED_EDGE('',*,*,#10483,.F.);
#10483 = EDGE_CURVE('',#10484,#10476,#10486,.T.);
#10484 = VERTEX_POINT('',#10485);
#10485 = CARTESIAN_POINT('',(18.090815924581,-0.65853829272,
    41.818844828794));
#10486 = LINE('',#10487,#10488);
#10487 = CARTESIAN_POINT('',(17.980606664173,-0.584811175855,
    40.770273759041));
#10488 = VECTOR('',#10489,1.);
#10489 = DIRECTION('',(0.104273837185,-6.975647374413E-02,0.992099290016
    ));
#10490 = ORIENTED_EDGE('',*,*,#10491,.T.);
#10491 = EDGE_CURVE('',#10484,#10492,#10494,.T.);
#10492 = VERTEX_POINT('',#10493);
#10493 = CARTESIAN_POINT('',(17.910807140206,-25.28575912941,
    40.106175649295));
#10494 = LINE('',#10495,#10496);
#10495 = CARTESIAN_POINT('',(17.896224066199,-27.28088722993,
    39.967426968331));
#10496 = VECTOR('',#10497,1.);
#10497 = DIRECTION('',(-7.291537003444E-03,-0.99756405026,
    -6.937434048221E-02));
#10498 = ORIENTED_EDGE('',*,*,#10499,.T.);
#10499 = EDGE_CURVE('',#10492,#10500,#10502,.T.);
#10500 = VERTEX_POINT('',#10501);
#10501 = CARTESIAN_POINT('',(18.119354814576,-25.4252720769,
    42.090374229327));
#10502 = LINE('',#10503,#10504);
#10503 = CARTESIAN_POINT('',(17.800597879798,-25.21203201255,
    39.057604579543));
#10504 = VECTOR('',#10505,1.);
#10505 = DIRECTION('',(0.104273837185,-6.975647374413E-02,0.992099290016
    ));
#10506 = ORIENTED_EDGE('',*,*,#10507,.T.);
#10507 = EDGE_CURVE('',#10500,#7039,#10508,.T.);
#10508 = LINE('',#10509,#10510);
#10509 = CARTESIAN_POINT('',(17.800597879798,-25.21203201255,
    39.057604579543));
#10510 = VECTOR('',#10511,1.);
#10511 = DIRECTION('',(0.104273837185,-6.975647374413E-02,0.992099290016
    ));
#10512 = ORIENTED_EDGE('',*,*,#7038,.F.);
#10513 = PLANE('',#10514);
#10514 = AXIS2_PLACEMENT_3D('',#10515,#10516,#10517);
#10515 = CARTESIAN_POINT('',(17.661222471376,-29.12856109672,
    37.731536147862));
#10516 = DIRECTION('',(0.994521895368,1.07850667488E-17,-0.104528463268)
  );
#10517 = DIRECTION('',(0.104273837185,-6.975647374413E-02,0.992099290016
    ));
#10518 = ADVANCED_FACE('',(#10519),#10530,.T.);
#10519 = FACE_BOUND('',#10520,.T.);
#10520 = EDGE_LOOP('',(#10521,#10522,#10528,#10529));
#10521 = ORIENTED_EDGE('',*,*,#7006,.T.);
#10522 = ORIENTED_EDGE('',*,*,#10523,.T.);
#10523 = EDGE_CURVE('',#6999,#7023,#10524,.T.);
#10524 = LINE('',#10525,#10526);
#10525 = CARTESIAN_POINT('',(-218.0194276356,-29.59592947081,
    69.223065354222));
#10526 = VECTOR('',#10527,1.);
#10527 = DIRECTION('',(-0.994521895368,-6.938893903907E-18,
    0.104528463268));
#10528 = ORIENTED_EDGE('',*,*,#7022,.F.);
#10529 = ORIENTED_EDGE('',*,*,#7014,.T.);
#10530 = PLANE('',#10531);
#10531 = AXIS2_PLACEMENT_3D('',#10532,#10533,#10534);
#10532 = CARTESIAN_POINT('',(15.354416883399,-32.58862162159,
    44.484063759323));
#10533 = DIRECTION('',(0.104273837185,-6.975647374413E-02,0.992099290016
    ));
#10534 = DIRECTION('',(0.994521895368,1.07850667488E-17,-0.104528463268)
  );
#10535 = ADVANCED_FACE('',(#10536),#10548,.T.);
#10536 = FACE_BOUND('',#10537,.T.);
#10537 = EDGE_LOOP('',(#10538,#10539,#10540,#10541,#10547));
#10538 = ORIENTED_EDGE('',*,*,#6982,.T.);
#10539 = ORIENTED_EDGE('',*,*,#7078,.F.);
#10540 = ORIENTED_EDGE('',*,*,#7093,.T.);
#10541 = ORIENTED_EDGE('',*,*,#10542,.T.);
#10542 = EDGE_CURVE('',#7094,#6991,#10543,.T.);
#10543 = LINE('',#10544,#10545);
#10544 = CARTESIAN_POINT('',(-218.0194276356,-29.59592947081,
    69.223065354222));
#10545 = VECTOR('',#10546,1.);
#10546 = DIRECTION('',(-0.994521895368,-6.938893903907E-18,
    0.104528463268));
#10547 = ORIENTED_EDGE('',*,*,#6990,.F.);
#10548 = PLANE('',#10549);
#10549 = AXIS2_PLACEMENT_3D('',#10550,#10551,#10552);
#10550 = CARTESIAN_POINT('',(15.354416883399,-32.58862162159,
    44.484063759323));
#10551 = DIRECTION('',(0.104273837185,-6.975647374413E-02,0.992099290016
    ));
#10552 = DIRECTION('',(0.994521895368,1.07850667488E-17,-0.104528463268)
  );
#10553 = ADVANCED_FACE('',(#10554),#10587,.F.);
#10554 = FACE_BOUND('',#10555,.F.);
#10555 = EDGE_LOOP('',(#10556,#10557,#10558,#10564,#10565,#10573,#10581)
  );
#10556 = ORIENTED_EDGE('',*,*,#10169,.F.);
#10557 = ORIENTED_EDGE('',*,*,#8978,.F.);
#10558 = ORIENTED_EDGE('',*,*,#10559,.T.);
#10559 = EDGE_CURVE('',#7779,#7142,#10560,.T.);
#10560 = LINE('',#10561,#10562);
#10561 = CARTESIAN_POINT('',(67.0996406673,30.201277484288,
    36.706947931096));
#10562 = VECTOR('',#10563,1.);
#10563 = DIRECTION('',(0.104273837185,-6.975647374413E-02,0.992099290016
    ));
#10564 = ORIENTED_EDGE('',*,*,#7141,.T.);
#10565 = ORIENTED_EDGE('',*,*,#10566,.F.);
#10566 = EDGE_CURVE('',#10567,#6936,#10569,.T.);
#10567 = VERTEX_POINT('',#10568);
#10568 = CARTESIAN_POINT('',(67.49579494597,25.425272076902,
    40.476104118462));
#10569 = LINE('',#10570,#10571);
#10570 = CARTESIAN_POINT('',(67.177038011193,25.638512141255,
    37.443334468678));
#10571 = VECTOR('',#10572,1.);
#10572 = DIRECTION('',(0.104273837185,-6.975647374413E-02,0.992099290016
    ));
#10573 = ORIENTED_EDGE('',*,*,#10574,.F.);
#10574 = EDGE_CURVE('',#10575,#10567,#10577,.T.);
#10575 = VERTEX_POINT('',#10576);
#10576 = CARTESIAN_POINT('',(67.287247271601,25.56478502439,
    38.49190553843));
#10577 = LINE('',#10578,#10579);
#10578 = CARTESIAN_POINT('',(67.177038011193,25.638512141255,
    37.443334468678));
#10579 = VECTOR('',#10580,1.);
#10580 = DIRECTION('',(0.104273837185,-6.975647374413E-02,0.992099290016
    ));
#10581 = ORIENTED_EDGE('',*,*,#10582,.T.);
#10582 = EDGE_CURVE('',#10575,#10170,#10583,.T.);
#10583 = LINE('',#10584,#10585);
#10584 = CARTESIAN_POINT('',(66.90098016964,-27.28088722993,
    34.816819553698));
#10585 = VECTOR('',#10586,1.);
#10586 = DIRECTION('',(-7.291537003444E-03,-0.99756405026,
    -6.937434048221E-02));
#10587 = PLANE('',#10588);
#10588 = AXIS2_PLACEMENT_3D('',#10589,#10590,#10591);
#10589 = CARTESIAN_POINT('',(66.665978574817,-29.12856109672,
    32.580928733229));
#10590 = DIRECTION('',(0.994521895368,1.07850667488E-17,-0.104528463268)
  );
#10591 = DIRECTION('',(0.104273837185,-6.975647374413E-02,0.992099290016
    ));
#10592 = ADVANCED_FACE('',(#10593),#10611,.T.);
#10593 = FACE_BOUND('',#10594,.T.);
#10594 = EDGE_LOOP('',(#10595,#10603,#10609,#10610));
#10595 = ORIENTED_EDGE('',*,*,#10596,.F.);
#10596 = EDGE_CURVE('',#10597,#7250,#10599,.T.);
#10597 = VERTEX_POINT('',#10598);
#10598 = CARTESIAN_POINT('',(62.427857141449,29.733909110203,
    43.918466875846));
#10599 = LINE('',#10600,#10601);
#10600 = CARTESIAN_POINT('',(62.419107297045,28.536832249891,
    43.835217667267));
#10601 = VECTOR('',#10602,1.);
#10602 = DIRECTION('',(7.291537003444E-03,0.99756405026,
    6.937434048221E-02));
#10603 = ORIENTED_EDGE('',*,*,#10604,.F.);
#10604 = EDGE_CURVE('',#7142,#10597,#10605,.T.);
#10605 = LINE('',#10606,#10607);
#10606 = CARTESIAN_POINT('',(-217.5857655432,29.733909110203,
    73.349084552089));
#10607 = VECTOR('',#10608,1.);
#10608 = DIRECTION('',(-0.994521895368,-6.938893903907E-18,
    0.104528463268));
#10609 = ORIENTED_EDGE('',*,*,#7265,.F.);
#10610 = ORIENTED_EDGE('',*,*,#7257,.F.);
#10611 = PLANE('',#10612);
#10612 = AXIS2_PLACEMENT_3D('',#10613,#10614,#10615);
#10613 = CARTESIAN_POINT('',(15.354416883399,-32.58862162159,
    44.484063759323));
#10614 = DIRECTION('',(0.104273837185,-6.975647374413E-02,0.992099290016
    ));
#10615 = DIRECTION('',(0.994521895368,1.07850667488E-17,-0.104528463268)
  );
#10616 = ADVANCED_FACE('',(#10617),#10636,.T.);
#10617 = FACE_BOUND('',#10618,.T.);
#10618 = EDGE_LOOP('',(#10619,#10627,#10628,#10629,#10630));
#10619 = ORIENTED_EDGE('',*,*,#10620,.T.);
#10620 = EDGE_CURVE('',#10621,#7250,#10623,.T.);
#10621 = VERTEX_POINT('',#10622);
#10622 = CARTESIAN_POINT('',(56.897174673298,31.39336738938,
    44.616444838389));
#10623 = LINE('',#10624,#10625);
#10624 = CARTESIAN_POINT('',(-165.6490389043,63.114354212521,
    70.237360084413));
#10625 = VECTOR('',#10626,1.);
#10626 = DIRECTION('',(0.9836257631,-0.140202699334,-0.113241164184));
#10627 = ORIENTED_EDGE('',*,*,#7249,.T.);
#10628 = ORIENTED_EDGE('',*,*,#7241,.F.);
#10629 = ORIENTED_EDGE('',*,*,#7233,.F.);
#10630 = ORIENTED_EDGE('',*,*,#10631,.T.);
#10631 = EDGE_CURVE('',#7226,#10621,#10632,.T.);
#10632 = LINE('',#10633,#10634);
#10633 = CARTESIAN_POINT('',(-209.7128037638,31.39336738938,
    72.63828273622));
#10634 = VECTOR('',#10635,1.);
#10635 = DIRECTION('',(0.994521895368,3.232322620284E-16,-0.104528463268
    ));
#10636 = PLANE('',#10637);
#10637 = AXIS2_PLACEMENT_3D('',#10638,#10639,#10640);
#10638 = CARTESIAN_POINT('',(15.354416883399,-32.58862162159,
    44.484063759323));
#10639 = DIRECTION('',(0.104273837185,-6.975647374413E-02,0.992099290016
    ));
#10640 = DIRECTION('',(0.994521895368,1.07850667488E-17,-0.104528463268)
  );
#10641 = ADVANCED_FACE('',(#10642),#10667,.T.);
#10642 = FACE_BOUND('',#10643,.T.);
#10643 = EDGE_LOOP('',(#10644,#10652,#10660,#10666));
#10644 = ORIENTED_EDGE('',*,*,#10645,.F.);
#10645 = EDGE_CURVE('',#10646,#7218,#10648,.T.);
#10646 = VERTEX_POINT('',#10647);
#10647 = CARTESIAN_POINT('',(28.54415405072,29.733909110203,
    47.479787577166));
#10648 = LINE('',#10649,#10650);
#10649 = CARTESIAN_POINT('',(28.535404206316,28.536832249891,
    47.396538368588));
#10650 = VECTOR('',#10651,1.);
#10651 = DIRECTION('',(7.291537003444E-03,0.99756405026,
    6.937434048221E-02));
#10652 = ORIENTED_EDGE('',*,*,#10653,.F.);
#10653 = EDGE_CURVE('',#10654,#10646,#10656,.T.);
#10654 = VERTEX_POINT('',#10655);
#10655 = CARTESIAN_POINT('',(39.342672790629,29.733909110203,
    46.344817523006));
#10656 = LINE('',#10657,#10658);
#10657 = CARTESIAN_POINT('',(-217.5857655432,29.733909110203,
    73.349084552089));
#10658 = VECTOR('',#10659,1.);
#10659 = DIRECTION('',(-0.994521895368,-6.938893903907E-18,
    0.104528463268));
#10660 = ORIENTED_EDGE('',*,*,#10661,.T.);
#10661 = EDGE_CURVE('',#10654,#7226,#10662,.T.);
#10662 = LINE('',#10663,#10664);
#10663 = CARTESIAN_POINT('',(39.333922946225,28.536832249891,
    46.261568314428));
#10664 = VECTOR('',#10665,1.);
#10665 = DIRECTION('',(7.291537003444E-03,0.99756405026,
    6.937434048221E-02));
#10666 = ORIENTED_EDGE('',*,*,#7225,.F.);
#10667 = PLANE('',#10668);
#10668 = AXIS2_PLACEMENT_3D('',#10669,#10670,#10671);
#10669 = CARTESIAN_POINT('',(15.354416883399,-32.58862162159,
    44.484063759323));
#10670 = DIRECTION('',(0.104273837185,-6.975647374413E-02,0.992099290016
    ));
#10671 = DIRECTION('',(0.994521895368,1.07850667488E-17,-0.104528463268)
  );
#10672 = ADVANCED_FACE('',(#10673),#10684,.T.);
#10673 = FACE_BOUND('',#10674,.T.);
#10674 = EDGE_LOOP('',(#10675,#10681,#10682,#10683));
#10675 = ORIENTED_EDGE('',*,*,#10676,.T.);
#10676 = EDGE_CURVE('',#7194,#7218,#10677,.T.);
#10677 = LINE('',#10678,#10679);
#10678 = CARTESIAN_POINT('',(-209.7128037638,31.39336738938,
    72.63828273622));
#10679 = VECTOR('',#10680,1.);
#10680 = DIRECTION('',(0.994521895368,3.232322620284E-16,-0.104528463268
    ));
#10681 = ORIENTED_EDGE('',*,*,#7217,.T.);
#10682 = ORIENTED_EDGE('',*,*,#7209,.F.);
#10683 = ORIENTED_EDGE('',*,*,#7201,.F.);
#10684 = PLANE('',#10685);
#10685 = AXIS2_PLACEMENT_3D('',#10686,#10687,#10688);
#10686 = CARTESIAN_POINT('',(15.354416883399,-32.58862162159,
    44.484063759323));
#10687 = DIRECTION('',(0.104273837185,-6.975647374413E-02,0.992099290016
    ));
#10688 = DIRECTION('',(0.994521895368,1.07850667488E-17,-0.104528463268)
  );
#10689 = ADVANCED_FACE('',(#10690),#10732,.T.);
#10690 = FACE_BOUND('',#10691,.T.);
#10691 = EDGE_LOOP('',(#10692,#10700,#10701,#10709,#10715,#10716,#10717,
    #10725));
#10692 = ORIENTED_EDGE('',*,*,#10693,.T.);
#10693 = EDGE_CURVE('',#10694,#10422,#10696,.T.);
#10694 = VERTEX_POINT('',#10695);
#10695 = CARTESIAN_POINT('',(16.05652110549,25.244870884034,
    48.47665748459));
#10696 = LINE('',#10697,#10698);
#10697 = CARTESIAN_POINT('',(15.876593859914,25.244870884033,
    48.49556860014));
#10698 = VECTOR('',#10699,1.);
#10699 = DIRECTION('',(0.994521895368,1.07850667488E-17,-0.104528463268)
  );
#10700 = ORIENTED_EDGE('',*,*,#10421,.T.);
#10701 = ORIENTED_EDGE('',*,*,#10702,.F.);
#10702 = EDGE_CURVE('',#10703,#10414,#10705,.T.);
#10703 = VERTEX_POINT('',#10704);
#10704 = CARTESIAN_POINT('',(24.163937507986,29.733909110203,
    47.940166887189));
#10705 = LINE('',#10706,#10707);
#10706 = CARTESIAN_POINT('',(-217.5857655432,29.733909110203,
    73.349084552089));
#10707 = VECTOR('',#10708,1.);
#10708 = DIRECTION('',(-0.994521895368,-6.938893903907E-18,
    0.104528463268));
#10709 = ORIENTED_EDGE('',*,*,#10710,.T.);
#10710 = EDGE_CURVE('',#10703,#7194,#10711,.T.);
#10711 = LINE('',#10712,#10713);
#10712 = CARTESIAN_POINT('',(24.155187663582,28.536832249891,
    47.85691767861));
#10713 = VECTOR('',#10714,1.);
#10714 = DIRECTION('',(7.291537003444E-03,0.99756405026,
    6.937434048221E-02));
#10715 = ORIENTED_EDGE('',*,*,#7193,.F.);
#10716 = ORIENTED_EDGE('',*,*,#7185,.F.);
#10717 = ORIENTED_EDGE('',*,*,#10718,.F.);
#10718 = EDGE_CURVE('',#10719,#7178,#10721,.T.);
#10719 = VERTEX_POINT('',#10720);
#10720 = CARTESIAN_POINT('',(15.778786343759,25.469880650751,
    48.52166946843));
#10721 = LINE('',#10722,#10723);
#10722 = CARTESIAN_POINT('',(15.354416883399,-32.58862162159,
    44.484063759323));
#10723 = VECTOR('',#10724,1.);
#10724 = DIRECTION('',(7.291537003444E-03,0.99756405026,
    6.937434048221E-02));
#10725 = ORIENTED_EDGE('',*,*,#10726,.F.);
#10726 = EDGE_CURVE('',#10694,#10719,#10727,.T.);
#10727 = CIRCLE('',#10728,4.7);
#10728 = AXIS2_PLACEMENT_3D('',#10729,#10730,#10731);
#10729 = CARTESIAN_POINT('',(12.96660008815,21.704158941731,
    48.552466773231));
#10730 = DIRECTION('',(0.104273837185,-6.975647374413E-02,0.992099290016
    ));
#10731 = DIRECTION('',(0.994521895368,1.07850667488E-17,-0.104528463268)
  );
#10732 = PLANE('',#10733);
#10733 = AXIS2_PLACEMENT_3D('',#10734,#10735,#10736);
#10734 = CARTESIAN_POINT('',(15.354416883399,-32.58862162159,
    44.484063759323));
#10735 = DIRECTION('',(0.104273837185,-6.975647374413E-02,0.992099290016
    ));
#10736 = DIRECTION('',(0.994521895368,1.07850667488E-17,-0.104528463268)
  );
#10737 = ADVANCED_FACE('',(#10738),#10758,.T.);
#10738 = FACE_BOUND('',#10739,.T.);
#10739 = EDGE_LOOP('',(#10740,#10741,#10749,#10755,#10756,#10757));
#10740 = ORIENTED_EDGE('',*,*,#9652,.F.);
#10741 = ORIENTED_EDGE('',*,*,#10742,.F.);
#10742 = EDGE_CURVE('',#10743,#9644,#10745,.T.);
#10743 = VERTEX_POINT('',#10744);
#10744 = CARTESIAN_POINT('',(15.812953530904,25.4470236949,
    48.846748539302));
#10745 = LINE('',#10746,#10747);
#10746 = CARTESIAN_POINT('',(15.778786343759,25.469880650751,
    48.52166946843));
#10747 = VECTOR('',#10748,1.);
#10748 = DIRECTION('',(0.104273837185,-6.975647374413E-02,0.992099290016
    ));
#10749 = ORIENTED_EDGE('',*,*,#10750,.F.);
#10750 = EDGE_CURVE('',#7178,#10743,#10751,.T.);
#10751 = LINE('',#10752,#10753);
#10752 = CARTESIAN_POINT('',(15.812953530904,-15.34371197609,
    48.846748539302));
#10753 = VECTOR('',#10754,1.);
#10754 = DIRECTION('',(1.109006692395E-17,-1.,2.336661427276E-18));
#10755 = ORIENTED_EDGE('',*,*,#7177,.T.);
#10756 = ORIENTED_EDGE('',*,*,#7329,.T.);
#10757 = ORIENTED_EDGE('',*,*,#9594,.T.);
#10758 = PLANE('',#10759);
#10759 = AXIS2_PLACEMENT_3D('',#10760,#10761,#10762);
#10760 = CARTESIAN_POINT('',(15.354416883399,-32.58862162159,
    44.484063759323));
#10761 = DIRECTION('',(0.994521895368,1.07850667488E-17,-0.104528463268)
  );
#10762 = DIRECTION('',(0.104273837185,-6.975647374413E-02,0.992099290016
    ));
#10763 = ADVANCED_FACE('',(#10764),#10771,.T.);
#10764 = FACE_BOUND('',#10765,.T.);
#10765 = EDGE_LOOP('',(#10766,#10767,#10768,#10769,#10770));
#10766 = ORIENTED_EDGE('',*,*,#9264,.F.);
#10767 = ORIENTED_EDGE('',*,*,#7150,.T.);
#10768 = ORIENTED_EDGE('',*,*,#9019,.T.);
#10769 = ORIENTED_EDGE('',*,*,#9038,.F.);
#10770 = ORIENTED_EDGE('',*,*,#9060,.F.);
#10771 = PLANE('',#10772);
#10772 = AXIS2_PLACEMENT_3D('',#10773,#10774,#10775);
#10773 = CARTESIAN_POINT('',(15.354416883399,-32.58862162159,
    44.484063759323));
#10774 = DIRECTION('',(0.104273837185,-6.975647374413E-02,0.992099290016
    ));
#10775 = DIRECTION('',(0.994521895368,1.07850667488E-17,-0.104528463268)
  );
#10776 = ADVANCED_FACE('',(#10777),#10783,.F.);
#10777 = FACE_BOUND('',#10778,.F.);
#10778 = EDGE_LOOP('',(#10779,#10780,#10781,#10782));
#10779 = ORIENTED_EDGE('',*,*,#7279,.F.);
#10780 = ORIENTED_EDGE('',*,*,#7626,.T.);
#10781 = ORIENTED_EDGE('',*,*,#7684,.F.);
#10782 = ORIENTED_EDGE('',*,*,#7676,.T.);
#10783 = PLANE('',#10784);
#10784 = AXIS2_PLACEMENT_3D('',#10785,#10786,#10787);
#10785 = CARTESIAN_POINT('',(-2.828427124746,-54.,16.970562748477));
#10786 = DIRECTION('',(0.707106781187,0.,0.707106781187));
#10787 = DIRECTION('',(0.707106781187,0.,-0.707106781187));
#10788 = ADVANCED_FACE('',(#10789),#10800,.T.);
#10789 = FACE_BOUND('',#10790,.T.);
#10790 = EDGE_LOOP('',(#10791,#10797,#10798,#10799));
#10791 = ORIENTED_EDGE('',*,*,#10792,.F.);
#10792 = EDGE_CURVE('',#9459,#7635,#10793,.T.);
#10793 = LINE('',#10794,#10795);
#10794 = CARTESIAN_POINT('',(1.099064721079E-14,54.,49.497474683058));
#10795 = VECTOR('',#10796,1.);
#10796 = DIRECTION('',(-2.22044604925E-16,0.,-1.));
#10797 = ORIENTED_EDGE('',*,*,#9473,.T.);
#10798 = ORIENTED_EDGE('',*,*,#7287,.T.);
#10799 = ORIENTED_EDGE('',*,*,#7634,.F.);
#10800 = PLANE('',#10801);
#10801 = AXIS2_PLACEMENT_3D('',#10802,#10803,#10804);
#10802 = CARTESIAN_POINT('',(1.099064721079E-14,54.,49.497474683058));
#10803 = DIRECTION('',(0.,1.,0.));
#10804 = DIRECTION('',(1.,0.,-2.22044604925E-16));
#10805 = ADVANCED_FACE('',(#10806),#10831,.F.);
#10806 = FACE_BOUND('',#10807,.F.);
#10807 = EDGE_LOOP('',(#10808,#10809,#10817,#10825));
#10808 = ORIENTED_EDGE('',*,*,#7658,.T.);
#10809 = ORIENTED_EDGE('',*,*,#10810,.T.);
#10810 = EDGE_CURVE('',#7651,#10811,#10813,.T.);
#10811 = VERTEX_POINT('',#10812);
#10812 = CARTESIAN_POINT('',(3.552713678801E-15,38.,14.142135623731));
#10813 = LINE('',#10814,#10815);
#10814 = CARTESIAN_POINT('',(-1.95399252334E-14,-277.,14.142135623731));
#10815 = VECTOR('',#10816,1.);
#10816 = DIRECTION('',(0.,-1.,0.));
#10817 = ORIENTED_EDGE('',*,*,#10818,.T.);
#10818 = EDGE_CURVE('',#10811,#10819,#10821,.T.);
#10819 = VERTEX_POINT('',#10820);
#10820 = CARTESIAN_POINT('',(4.,38.,10.142135623731));
#10821 = LINE('',#10822,#10823);
#10822 = CARTESIAN_POINT('',(-180.3299961555,38.,194.47213177926));
#10823 = VECTOR('',#10824,1.);
#10824 = DIRECTION('',(0.707106781187,0.,-0.707106781187));
#10825 = ORIENTED_EDGE('',*,*,#10826,.F.);
#10826 = EDGE_CURVE('',#7659,#10819,#10827,.T.);
#10827 = LINE('',#10828,#10829);
#10828 = CARTESIAN_POINT('',(4.,-277.,10.142135623731));
#10829 = VECTOR('',#10830,1.);
#10830 = DIRECTION('',(0.,-1.,0.));
#10831 = PLANE('',#10832);
#10832 = AXIS2_PLACEMENT_3D('',#10833,#10834,#10835);
#10833 = CARTESIAN_POINT('',(-346.4823227814,-500.,360.62445840513));
#10834 = DIRECTION('',(0.707106781187,0.,0.707106781187));
#10835 = DIRECTION('',(0.707106781187,0.,-0.707106781187));
#10836 = ADVANCED_FACE('',(#10837),#10862,.F.);
#10837 = FACE_BOUND('',#10838,.F.);
#10838 = EDGE_LOOP('',(#10839,#10849,#10855,#10856));
#10839 = ORIENTED_EDGE('',*,*,#10840,.F.);
#10840 = EDGE_CURVE('',#10841,#10843,#10845,.T.);
#10841 = VERTEX_POINT('',#10842);
#10842 = CARTESIAN_POINT('',(0.,40.,19.798989873223));
#10843 = VERTEX_POINT('',#10844);
#10844 = CARTESIAN_POINT('',(-1.7763568394E-15,44.,19.798989873223));
#10845 = LINE('',#10846,#10847);
#10846 = CARTESIAN_POINT('',(0.,-54.,19.798989873223));
#10847 = VECTOR('',#10848,1.);
#10848 = DIRECTION('',(0.,1.,0.));
#10849 = ORIENTED_EDGE('',*,*,#10850,.T.);
#10850 = EDGE_CURVE('',#10841,#7651,#10851,.T.);
#10851 = LINE('',#10852,#10853);
#10852 = CARTESIAN_POINT('',(0.,40.,49.497474683058));
#10853 = VECTOR('',#10854,1.);
#10854 = DIRECTION('',(0.,0.,-1.));
#10855 = ORIENTED_EDGE('',*,*,#7650,.F.);
#10856 = ORIENTED_EDGE('',*,*,#10857,.F.);
#10857 = EDGE_CURVE('',#10843,#7643,#10858,.T.);
#10858 = LINE('',#10859,#10860);
#10859 = CARTESIAN_POINT('',(0.,44.,49.497474683058));
#10860 = VECTOR('',#10861,1.);
#10861 = DIRECTION('',(0.,0.,-1.));
#10862 = PLANE('',#10863);
#10863 = AXIS2_PLACEMENT_3D('',#10864,#10865,#10866);
#10864 = CARTESIAN_POINT('',(1.099064721079E-14,-54.,49.497474683058));
#10865 = DIRECTION('',(1.,0.,-2.22044604925E-16));
#10866 = DIRECTION('',(-2.22044604925E-16,0.,-1.));
#10867 = ADVANCED_FACE('',(#10868),#10879,.F.);
#10868 = FACE_BOUND('',#10869,.F.);
#10869 = EDGE_LOOP('',(#10870,#10876,#10877,#10878));
#10870 = ORIENTED_EDGE('',*,*,#10871,.F.);
#10871 = EDGE_CURVE('',#10843,#9459,#10872,.T.);
#10872 = LINE('',#10873,#10874);
#10873 = CARTESIAN_POINT('',(0.,-54.,19.798989873223));
#10874 = VECTOR('',#10875,1.);
#10875 = DIRECTION('',(0.,1.,0.));
#10876 = ORIENTED_EDGE('',*,*,#10857,.T.);
#10877 = ORIENTED_EDGE('',*,*,#7642,.F.);
#10878 = ORIENTED_EDGE('',*,*,#10792,.F.);
#10879 = PLANE('',#10880);
#10880 = AXIS2_PLACEMENT_3D('',#10881,#10882,#10883);
#10881 = CARTESIAN_POINT('',(1.099064721079E-14,-54.,49.497474683058));
#10882 = DIRECTION('',(1.,0.,-2.22044604925E-16));
#10883 = DIRECTION('',(-2.22044604925E-16,0.,-1.));
#10884 = ADVANCED_FACE('',(#10885),#10910,.F.);
#10885 = FACE_BOUND('',#10886,.F.);
#10886 = EDGE_LOOP('',(#10887,#10897,#10903,#10904));
#10887 = ORIENTED_EDGE('',*,*,#10888,.F.);
#10888 = EDGE_CURVE('',#10889,#10891,#10893,.T.);
#10889 = VERTEX_POINT('',#10890);
#10890 = CARTESIAN_POINT('',(-1.7763568394E-15,-44.,19.798989873223));
#10891 = VERTEX_POINT('',#10892);
#10892 = CARTESIAN_POINT('',(0.,-40.,19.798989873223));
#10893 = LINE('',#10894,#10895);
#10894 = CARTESIAN_POINT('',(0.,-54.,19.798989873223));
#10895 = VECTOR('',#10896,1.);
#10896 = DIRECTION('',(0.,1.,0.));
#10897 = ORIENTED_EDGE('',*,*,#10898,.T.);
#10898 = EDGE_CURVE('',#10889,#7701,#10899,.T.);
#10899 = LINE('',#10900,#10901);
#10900 = CARTESIAN_POINT('',(0.,-44.,49.497474683058));
#10901 = VECTOR('',#10902,1.);
#10902 = DIRECTION('',(0.,0.,-1.));
#10903 = ORIENTED_EDGE('',*,*,#7698,.F.);
#10904 = ORIENTED_EDGE('',*,*,#10905,.F.);
#10905 = EDGE_CURVE('',#10891,#7699,#10906,.T.);
#10906 = LINE('',#10907,#10908);
#10907 = CARTESIAN_POINT('',(0.,-40.,49.497474683058));
#10908 = VECTOR('',#10909,1.);
#10909 = DIRECTION('',(0.,0.,-1.));
#10910 = PLANE('',#10911);
#10911 = AXIS2_PLACEMENT_3D('',#10912,#10913,#10914);
#10912 = CARTESIAN_POINT('',(1.099064721079E-14,-54.,49.497474683058));
#10913 = DIRECTION('',(1.,0.,-2.22044604925E-16));
#10914 = DIRECTION('',(-2.22044604925E-16,0.,-1.));
#10915 = ADVANCED_FACE('',(#10916),#10941,.F.);
#10916 = FACE_BOUND('',#10917,.F.);
#10917 = EDGE_LOOP('',(#10918,#10926,#10927,#10935));
#10918 = ORIENTED_EDGE('',*,*,#10919,.T.);
#10919 = EDGE_CURVE('',#10920,#7699,#10922,.T.);
#10920 = VERTEX_POINT('',#10921);
#10921 = CARTESIAN_POINT('',(3.552713678801E-15,-38.,14.142135623731));
#10922 = LINE('',#10923,#10924);
#10923 = CARTESIAN_POINT('',(-1.95399252334E-14,-277.,14.142135623731));
#10924 = VECTOR('',#10925,1.);
#10925 = DIRECTION('',(0.,-1.,0.));
#10926 = ORIENTED_EDGE('',*,*,#7756,.F.);
#10927 = ORIENTED_EDGE('',*,*,#10928,.F.);
#10928 = EDGE_CURVE('',#10929,#7749,#10931,.T.);
#10929 = VERTEX_POINT('',#10930);
#10930 = CARTESIAN_POINT('',(4.,-38.,10.142135623731));
#10931 = LINE('',#10932,#10933);
#10932 = CARTESIAN_POINT('',(4.,-277.,10.142135623731));
#10933 = VECTOR('',#10934,1.);
#10934 = DIRECTION('',(0.,-1.,0.));
#10935 = ORIENTED_EDGE('',*,*,#10936,.F.);
#10936 = EDGE_CURVE('',#10920,#10929,#10937,.T.);
#10937 = LINE('',#10938,#10939);
#10938 = CARTESIAN_POINT('',(-180.3299961555,-38.,194.47213177926));
#10939 = VECTOR('',#10940,1.);
#10940 = DIRECTION('',(0.707106781187,0.,-0.707106781187));
#10941 = PLANE('',#10942);
#10942 = AXIS2_PLACEMENT_3D('',#10943,#10944,#10945);
#10943 = CARTESIAN_POINT('',(-346.4823227814,-500.,360.62445840513));
#10944 = DIRECTION('',(0.707106781187,0.,0.707106781187));
#10945 = DIRECTION('',(0.707106781187,0.,-0.707106781187));
#10946 = ADVANCED_FACE('',(#10947),#10958,.F.);
#10947 = FACE_BOUND('',#10948,.F.);
#10948 = EDGE_LOOP('',(#10949,#10955,#10956,#10957));
#10949 = ORIENTED_EDGE('',*,*,#10950,.F.);
#10950 = EDGE_CURVE('',#9544,#10889,#10951,.T.);
#10951 = LINE('',#10952,#10953);
#10952 = CARTESIAN_POINT('',(0.,-54.,19.798989873223));
#10953 = VECTOR('',#10954,1.);
#10954 = DIRECTION('',(0.,1.,0.));
#10955 = ORIENTED_EDGE('',*,*,#9826,.T.);
#10956 = ORIENTED_EDGE('',*,*,#7708,.F.);
#10957 = ORIENTED_EDGE('',*,*,#10898,.F.);
#10958 = PLANE('',#10959);
#10959 = AXIS2_PLACEMENT_3D('',#10960,#10961,#10962);
#10960 = CARTESIAN_POINT('',(1.099064721079E-14,-54.,49.497474683058));
#10961 = DIRECTION('',(1.,0.,-2.22044604925E-16));
#10962 = DIRECTION('',(-2.22044604925E-16,0.,-1.));
#10963 = ADVANCED_FACE('',(#10964),#11059,.F.);
#10964 = FACE_BOUND('',#10965,.F.);
#10965 = EDGE_LOOP('',(#10966,#10975,#10982,#10996,#11003,#11010,#11017,
    #11018,#11025,#11050,#11051,#11058));
#10966 = ORIENTED_EDGE('',*,*,#10967,.T.);
#10967 = EDGE_CURVE('',#7824,#10968,#10970,.T.);
#10968 = VERTEX_POINT('',#10969);
#10969 = CARTESIAN_POINT('',(68.584751120122,23.001629353372,
    24.049867780205));
#10970 = CIRCLE('',#10971,9.);
#10971 = AXIS2_PLACEMENT_3D('',#10972,#10973,#10974);
#10972 = CARTESIAN_POINT('',(59.634054061808,23.001629353372,
    24.990623949614));
#10973 = DIRECTION('',(0.104273837185,-6.975647374413E-02,0.992099290016
    ));
#10974 = DIRECTION('',(0.994521895368,1.07850667488E-17,-0.104528463268)
  );
#10975 = ORIENTED_EDGE('',*,*,#10976,.T.);
#10976 = EDGE_CURVE('',#10968,#10977,#10979,.T.);
#10977 = VERTEX_POINT('',#10978);
#10978 = CARTESIAN_POINT('',(76.194455841644,22.164551668443,
    35.286762528026));
#10979 = B_SPLINE_CURVE_WITH_KNOTS('',1,(#10980,#10981),.UNSPECIFIED.,
  .F.,.F.,(2,2),(0.,1.),.PIECEWISE_BEZIER_KNOTS.);
#10980 = CARTESIAN_POINT('',(68.584751120122,23.001629353372,
    24.049867780205));
#10981 = CARTESIAN_POINT('',(76.321284253669,22.150600373694,
    35.474044107156));
#10982 = ORIENTED_EDGE('',*,*,#10983,.T.);
#10983 = EDGE_CURVE('',#10977,#10984,#10986,.T.);
#10984 = VERTEX_POINT('',#10985);
#10985 = CARTESIAN_POINT('',(76.19422156524,22.142099332221,
    35.285208483065));
#10986 = B_SPLINE_CURVE_WITH_KNOTS('',8,(#10987,#10988,#10989,#10990,
    #10991,#10992,#10993,#10994,#10995),.UNSPECIFIED.,.F.,.F.,(9,9),(0.,
    1.),.PIECEWISE_BEZIER_KNOTS.);
#10987 = CARTESIAN_POINT('',(76.194455841644,22.164551668443,
    35.286762528026));
#10988 = CARTESIAN_POINT('',(76.191301796617,21.733042930133,
    35.256753794126));
#10989 = CARTESIAN_POINT('',(76.128906237262,21.300941689242,
    35.23292993425));
#10990 = CARTESIAN_POINT('',(76.007065505893,20.878746719657,
    35.216050543353));
#10991 = CARTESIAN_POINT('',(75.828112912017,20.475917794343,
    35.206535516168));
#10992 = CARTESIAN_POINT('',(75.595696889967,20.101264899077,
    35.204620834413));
#10993 = CARTESIAN_POINT('',(75.315050242287,19.762762859983,
    35.210317234261));
#10994 = CARTESIAN_POINT('',(74.992684214791,19.467669863828,
    35.223450693742));
#10995 = CARTESIAN_POINT('',(74.637401612105,19.221737720176,
    35.243500421975));
#10996 = ORIENTED_EDGE('',*,*,#10997,.F.);
#10997 = EDGE_CURVE('',#10998,#10984,#11000,.T.);
#10998 = VERTEX_POINT('',#10999);
#10999 = CARTESIAN_POINT('',(76.209838408646,22.162859565523,
    35.309477244651));
#11000 = B_SPLINE_CURVE_WITH_KNOTS('',1,(#11001,#11002),.UNSPECIFIED.,
  .F.,.F.,(2,2),(0.,1.),.PIECEWISE_BEZIER_KNOTS.);
#11001 = CARTESIAN_POINT('',(76.209838408646,22.162859565523,
    35.309477244651));
#11002 = CARTESIAN_POINT('',(76.19422156524,22.142099332221,
    35.285208483065));
#11003 = ORIENTED_EDGE('',*,*,#11004,.T.);
#11004 = EDGE_CURVE('',#10998,#11005,#11007,.T.);
#11005 = VERTEX_POINT('',#11006);
#11006 = CARTESIAN_POINT('',(76.321284253669,22.150600373694,
    35.474044107156));
#11007 = B_SPLINE_CURVE_WITH_KNOTS('',1,(#11008,#11009),.UNSPECIFIED.,
  .F.,.F.,(2,2),(0.,1.),.PIECEWISE_BEZIER_KNOTS.);
#11008 = CARTESIAN_POINT('',(68.584751120122,23.001629353372,
    24.049867780205));
#11009 = CARTESIAN_POINT('',(76.321284253669,22.150600373694,
    35.474044107156));
#11010 = ORIENTED_EDGE('',*,*,#11011,.F.);
#11011 = EDGE_CURVE('',#11005,#11005,#11012,.T.);
#11012 = CIRCLE('',#11013,3.5);
#11013 = AXIS2_PLACEMENT_3D('',#11014,#11015,#11016);
#11014 = CARTESIAN_POINT('',(72.840457619881,22.150600373694,
    35.839893728593));
#11015 = DIRECTION('',(0.104273837185,-6.975647374413E-02,0.992099290016
    ));
#11016 = DIRECTION('',(0.994521895368,1.07850667488E-17,-0.104528463268)
  );
#11017 = ORIENTED_EDGE('',*,*,#11004,.F.);
#11018 = ORIENTED_EDGE('',*,*,#11019,.F.);
#11019 = EDGE_CURVE('',#11020,#10998,#11022,.T.);
#11020 = VERTEX_POINT('',#11021);
#11021 = CARTESIAN_POINT('',(76.194549788857,22.187004004664,
    35.288331322179));
#11022 = B_SPLINE_CURVE_WITH_KNOTS('',1,(#11023,#11024),.UNSPECIFIED.,
  .F.,.F.,(2,2),(0.,1.),.PIECEWISE_BEZIER_KNOTS.);
#11023 = CARTESIAN_POINT('',(76.194549788857,22.187004004664,
    35.288331322179));
#11024 = CARTESIAN_POINT('',(76.209838408646,22.162859565523,
    35.309477244651));
#11025 = ORIENTED_EDGE('',*,*,#11026,.T.);
#11026 = EDGE_CURVE('',#11020,#10977,#11027,.T.);
#11027 = B_SPLINE_CURVE_WITH_KNOTS('',6,(#11028,#11029,#11030,#11031,
    #11032,#11033,#11034,#11035,#11036,#11037,#11038,#11039,#11040,
    #11041,#11042,#11043,#11044,#11045,#11046,#11047,#11048,#11049),
  .UNSPECIFIED.,.F.,.F.,(7,5,5,5,7),(0.,0.10088610021,0.289834339774,
    0.804536327992,1.),.UNSPECIFIED.);
#11028 = CARTESIAN_POINT('',(74.680421680425,25.107365616709,
    35.65280903082));
#11029 = CARTESIAN_POINT('',(74.727751711314,25.074268110196,
    35.645507292626));
#11030 = CARTESIAN_POINT('',(74.774432948637,25.040242095294,
    35.638208460111));
#11031 = CARTESIAN_POINT('',(74.820442944671,25.005303270514,
    35.630915996422));
#11032 = CARTESIAN_POINT('',(74.865759812864,24.969468030706,
    35.623633354681));
#11033 = CARTESIAN_POINT('',(74.910362227833,24.93275346705,
    35.616363977992));
#11034 = CARTESIAN_POINT('',(75.036387718034,24.824801587575,
    35.595527853926));
#11035 = CARTESIAN_POINT('',(75.115967289347,24.751403597038,
    35.582002945283));
#11036 = CARTESIAN_POINT('',(75.192831280165,24.675100661551,
    35.568559203196));
#11037 = CARTESIAN_POINT('',(75.266850695304,24.596017732736,
    35.555218971202));
#11038 = CARTESIAN_POINT('',(75.337904403532,24.514287447738,
    35.542004306687));
#11039 = CARTESIAN_POINT('',(75.591044825461,24.20058456014,
    35.49334110244));
#11040 = CARTESIAN_POINT('',(75.753390272605,23.952482544779,
    35.45883336235));
#11041 = CARTESIAN_POINT('',(75.890566176143,23.688632339951,
    35.425863761378));
#11042 = CARTESIAN_POINT('',(76.000828099865,23.412225058009,
    35.394840020612));
#11043 = CARTESIAN_POINT('',(76.082897860798,23.126669321708,
    35.36613614954));
#11044 = CARTESIAN_POINT('',(76.156328482953,22.725122012989,
    35.330184690452));
#11045 = CARTESIAN_POINT('',(76.172379711125,22.613806297342,
    35.320670809085));
#11046 = CARTESIAN_POINT('',(76.184235356009,22.50189253122,
    35.311555851174));
#11047 = CARTESIAN_POINT('',(76.191871885202,22.389578996571,
    35.302856231671));
#11048 = CARTESIAN_POINT('',(76.195278241249,22.277065159134,
    35.294587137594));
#11049 = CARTESIAN_POINT('',(76.194455841644,22.164551668443,
    35.286762528026));
#11050 = ORIENTED_EDGE('',*,*,#10976,.F.);
#11051 = ORIENTED_EDGE('',*,*,#11052,.T.);
#11052 = EDGE_CURVE('',#10968,#7822,#11053,.T.);
#11053 = CIRCLE('',#11054,9.);
#11054 = AXIS2_PLACEMENT_3D('',#11055,#11056,#11057);
#11055 = CARTESIAN_POINT('',(59.634054061808,23.001629353372,
    24.990623949614));
#11056 = DIRECTION('',(0.104273837185,-6.975647374413E-02,0.992099290016
    ));
#11057 = DIRECTION('',(0.994521895368,1.07850667488E-17,-0.104528463268)
  );
#11058 = ORIENTED_EDGE('',*,*,#7821,.T.);
#11059 = B_SPLINE_SURFACE_WITH_KNOTS('',14,1,(
    (#11060,#11061)
    ,(#11062,#11063)
    ,(#11064,#11065)
    ,(#11066,#11067)
    ,(#11068,#11069)
    ,(#11070,#11071)
    ,(#11072,#11073)
    ,(#11074,#11075)
    ,(#11076,#11077)
    ,(#11078,#11079)
    ,(#11080,#11081)
    ,(#11082,#11083)
    ,(#11084,#11085)
    ,(#11086,#11087)
    ,(#11088,#11089
    )),.UNSPECIFIED.,.T.,.F.,.F.,(15,15),(2,2),(0.,6.28318530718),(0.,1.
    ),.PIECEWISE_BEZIER_KNOTS.);
#11060 = CARTESIAN_POINT('',(68.584751120122,23.001629353372,
    24.049867780205));
#11061 = CARTESIAN_POINT('',(76.321284253669,22.150600373694,
    35.474044107156));
#11062 = CARTESIAN_POINT('',(68.614203027517,27.030980642809,
    24.330083961013));
#11063 = CARTESIAN_POINT('',(76.332737773209,23.71757031958,
    35.58301706636));
#11064 = CARTESIAN_POINT('',(66.702120211079,31.060333419563,
    24.81436376879));
#11065 = CARTESIAN_POINT('',(75.589145794203,25.284540843903,
    35.771348545948));
#11066 = CARTESIAN_POINT('',(62.841046764938,34.069975698824,
    25.431792873595));
#11067 = CARTESIAN_POINT('',(74.08765096835,26.454957285759,
    36.011456318629));
#11068 = CARTESIAN_POINT('',(57.604218968449,35.040310483483,
    26.05043182245));
#11069 = CARTESIAN_POINT('',(72.050972645791,26.832309702154,
    36.252052234912));
#11070 = CARTESIAN_POINT('',(52.148123308946,33.317231453412,
    26.502737471593));
#11071 = CARTESIAN_POINT('',(69.929501550022,26.162223412517,
    36.427912732672));
#11072 = CARTESIAN_POINT('',(47.960916295792,28.979997993982,
    26.637871153946));
#11073 = CARTESIAN_POINT('',(68.300520290727,24.475521511744,
    36.480530197753));
#11074 = CARTESIAN_POINT('',(46.352753758298,23.001629353296,
    26.386544861427));
#11075 = CARTESIAN_POINT('',(67.675955214279,22.1506003737,
    36.382704804461));
#11076 = CARTESIAN_POINT('',(47.873520411526,17.023260712891,
    25.806354858819));
#11077 = CARTESIAN_POINT('',(68.266533002346,19.825679235638,
    36.157162749657));
#11078 = CARTESIAN_POINT('',(51.997322777518,12.686027253254,
    25.067966256328));
#11079 = CARTESIAN_POINT('',(69.870856898992,18.138977334862,
    35.869946148943));
#11080 = CARTESIAN_POINT('',(57.428229288624,10.962948223293,
    24.376001867844));
#11081 = CARTESIAN_POINT('',(71.982532214678,17.46889104525,
    35.600885030356));
#11082 = CARTESIAN_POINT('',(62.67924210299,11.933283007915,
    23.89232434978));
#11083 = CARTESIAN_POINT('',(74.024726933191,17.846243461616,
    35.412774114915));
#11084 = CARTESIAN_POINT('',(66.584312559779,14.94292528718,
    23.693498838677));
#11085 = CARTESIAN_POINT('',(75.543331707569,19.016659903491,
    35.335456628685));
#11086 = CARTESIAN_POINT('',(68.555299212728,18.972278063936,
    23.769651599398));
#11087 = CARTESIAN_POINT('',(76.309830734129,20.583630427806,
    35.365071147953));
#11088 = CARTESIAN_POINT('',(68.584751120122,23.001629353372,
    24.049867780205));
#11089 = CARTESIAN_POINT('',(76.321284253669,22.150600373694,
    35.474044107156));
#11090 = ADVANCED_FACE('',(#11091),#11096,.T.);
#11091 = FACE_BOUND('',#11092,.T.);
#11092 = EDGE_LOOP('',(#11093,#11094,#11095));
#11093 = ORIENTED_EDGE('',*,*,#7915,.T.);
#11094 = ORIENTED_EDGE('',*,*,#10967,.T.);
#11095 = ORIENTED_EDGE('',*,*,#11052,.T.);
#11096 = PLANE('',#11097);
#11097 = AXIS2_PLACEMENT_3D('',#11098,#11099,#11100);
#11098 = CARTESIAN_POINT('',(59.634054061808,23.001629353372,
    24.990623949614));
#11099 = DIRECTION('',(0.104273837185,-6.975647374413E-02,0.992099290016
    ));
#11100 = DIRECTION('',(0.994521895368,1.07850667488E-17,-0.104528463268)
  );
#11101 = ADVANCED_FACE('',(#11102),#11197,.F.);
#11102 = FACE_BOUND('',#11103,.F.);
#11103 = EDGE_LOOP('',(#11104,#11113,#11120,#11121,#11128,#11129,#11143,
    #11150,#11157,#11164,#11165,#11172));
#11104 = ORIENTED_EDGE('',*,*,#11105,.F.);
#11105 = EDGE_CURVE('',#11106,#11108,#11110,.T.);
#11106 = VERTEX_POINT('',#11107);
#11107 = CARTESIAN_POINT('',(68.278506565978,-18.89606075754,
    21.136145479952));
#11108 = VERTEX_POINT('',#11109);
#11109 = CARTESIAN_POINT('',(75.888211287499,-19.73313844247,
    32.373040227773));
#11110 = B_SPLINE_CURVE_WITH_KNOTS('',1,(#11111,#11112),.UNSPECIFIED.,
  .F.,.F.,(2,2),(0.,1.),.PIECEWISE_BEZIER_KNOTS.);
#11111 = CARTESIAN_POINT('',(68.278506565978,-18.89606075754,
    21.136145479952));
#11112 = CARTESIAN_POINT('',(76.015039699525,-19.74708973721,
    32.560321806903));
#11113 = ORIENTED_EDGE('',*,*,#11114,.T.);
#11114 = EDGE_CURVE('',#11106,#7983,#11115,.T.);
#11115 = CIRCLE('',#11116,9.);
#11116 = AXIS2_PLACEMENT_3D('',#11117,#11118,#11119);
#11117 = CARTESIAN_POINT('',(59.327809507663,-18.89606075754,
    22.076901649361));
#11118 = DIRECTION('',(0.104273837185,-6.975647374413E-02,0.992099290016
    ));
#11119 = DIRECTION('',(0.994521895368,1.07850667488E-17,-0.104528463268)
  );
#11120 = ORIENTED_EDGE('',*,*,#7982,.T.);
#11121 = ORIENTED_EDGE('',*,*,#11122,.T.);
#11122 = EDGE_CURVE('',#7985,#11106,#11123,.T.);
#11123 = CIRCLE('',#11124,9.);
#11124 = AXIS2_PLACEMENT_3D('',#11125,#11126,#11127);
#11125 = CARTESIAN_POINT('',(59.327809507663,-18.89606075754,
    22.076901649361));
#11126 = DIRECTION('',(0.104273837185,-6.975647374413E-02,0.992099290016
    ));
#11127 = DIRECTION('',(0.994521895368,1.07850667488E-17,-0.104528463268)
  );
#11128 = ORIENTED_EDGE('',*,*,#11105,.T.);
#11129 = ORIENTED_EDGE('',*,*,#11130,.T.);
#11130 = EDGE_CURVE('',#11108,#11131,#11133,.T.);
#11131 = VERTEX_POINT('',#11132);
#11132 = CARTESIAN_POINT('',(75.887977011095,-19.75559077869,
    32.371486182812));
#11133 = B_SPLINE_CURVE_WITH_KNOTS('',8,(#11134,#11135,#11136,#11137,
    #11138,#11139,#11140,#11141,#11142),.UNSPECIFIED.,.F.,.F.,(9,9),(0.,
    1.),.PIECEWISE_BEZIER_KNOTS.);
#11134 = CARTESIAN_POINT('',(75.8882112875,-19.73313844247,
    32.373040227773));
#11135 = CARTESIAN_POINT('',(75.885057242472,-20.16464718077,
    32.343031493873));
#11136 = CARTESIAN_POINT('',(75.822661683117,-20.59674842167,
    32.319207633997));
#11137 = CARTESIAN_POINT('',(75.700820951754,-21.01894339125,
    32.302328243099));
#11138 = CARTESIAN_POINT('',(75.521868357861,-21.42177231657,
    32.292813215915));
#11139 = CARTESIAN_POINT('',(75.289452335836,-21.79642521182,
    32.290898534159));
#11140 = CARTESIAN_POINT('',(75.008805688134,-22.13492725093,
    32.296594934008));
#11141 = CARTESIAN_POINT('',(74.686439660648,-22.43002024708,
    32.309728393489));
#11142 = CARTESIAN_POINT('',(74.33115705796,-22.67595239073,
    32.329778121722));
#11143 = ORIENTED_EDGE('',*,*,#11144,.F.);
#11144 = EDGE_CURVE('',#11145,#11131,#11147,.T.);
#11145 = VERTEX_POINT('',#11146);
#11146 = CARTESIAN_POINT('',(75.903593854501,-19.73483054538,
    32.395754944398));
#11147 = B_SPLINE_CURVE_WITH_KNOTS('',1,(#11148,#11149),.UNSPECIFIED.,
  .F.,.F.,(2,2),(0.,1.),.PIECEWISE_BEZIER_KNOTS.);
#11148 = CARTESIAN_POINT('',(75.903593854501,-19.73483054538,
    32.395754944398));
#11149 = CARTESIAN_POINT('',(75.887977011095,-19.75559077869,
    32.371486182812));
#11150 = ORIENTED_EDGE('',*,*,#11151,.T.);
#11151 = EDGE_CURVE('',#11145,#11152,#11154,.T.);
#11152 = VERTEX_POINT('',#11153);
#11153 = CARTESIAN_POINT('',(76.015039699525,-19.74708973721,
    32.560321806903));
#11154 = B_SPLINE_CURVE_WITH_KNOTS('',1,(#11155,#11156),.UNSPECIFIED.,
  .F.,.F.,(2,2),(0.,1.),.PIECEWISE_BEZIER_KNOTS.);
#11155 = CARTESIAN_POINT('',(68.278506565978,-18.89606075754,
    21.136145479952));
#11156 = CARTESIAN_POINT('',(76.015039699525,-19.74708973721,
    32.560321806903));
#11157 = ORIENTED_EDGE('',*,*,#11158,.F.);
#11158 = EDGE_CURVE('',#11152,#11152,#11159,.T.);
#11159 = CIRCLE('',#11160,3.5);
#11160 = AXIS2_PLACEMENT_3D('',#11161,#11162,#11163);
#11161 = CARTESIAN_POINT('',(72.534213065736,-19.74708973721,
    32.92617142834));
#11162 = DIRECTION('',(0.104273837185,-6.975647374413E-02,0.992099290016
    ));
#11163 = DIRECTION('',(0.994521895368,1.07850667488E-17,-0.104528463268)
  );
#11164 = ORIENTED_EDGE('',*,*,#11151,.F.);
#11165 = ORIENTED_EDGE('',*,*,#11166,.F.);
#11166 = EDGE_CURVE('',#11167,#11145,#11169,.T.);
#11167 = VERTEX_POINT('',#11168);
#11168 = CARTESIAN_POINT('',(75.888305234712,-19.71068610624,
    32.374609021926));
#11169 = B_SPLINE_CURVE_WITH_KNOTS('',1,(#11170,#11171),.UNSPECIFIED.,
  .F.,.F.,(2,2),(0.,1.),.PIECEWISE_BEZIER_KNOTS.);
#11170 = CARTESIAN_POINT('',(75.888305234712,-19.71068610624,
    32.374609021926));
#11171 = CARTESIAN_POINT('',(75.903593854501,-19.73483054538,
    32.395754944398));
#11172 = ORIENTED_EDGE('',*,*,#11173,.T.);
#11173 = EDGE_CURVE('',#11167,#11108,#11174,.T.);
#11174 = B_SPLINE_CURVE_WITH_KNOTS('',6,(#11175,#11176,#11177,#11178,
    #11179,#11180,#11181,#11182,#11183,#11184,#11185,#11186,#11187,
    #11188,#11189,#11190,#11191,#11192,#11193,#11194,#11195,#11196),
  .UNSPECIFIED.,.F.,.F.,(7,5,5,5,7),(0.,0.10088610021,0.289834339774,
    0.804536327992,1.),.UNSPECIFIED.);
#11175 = CARTESIAN_POINT('',(74.374177126281,-16.7903244942,
    32.739086730567));
#11176 = CARTESIAN_POINT('',(74.421507157169,-16.82342200071,
    32.731784992373));
#11177 = CARTESIAN_POINT('',(74.468188394492,-16.85744801561,
    32.724486159858));
#11178 = CARTESIAN_POINT('',(74.514198390526,-16.89238684039,
    32.717193696169));
#11179 = CARTESIAN_POINT('',(74.55951525872,-16.9282220802,
    32.709911054428));
#11180 = CARTESIAN_POINT('',(74.604117673688,-16.96493664386,
    32.702641677739));
#11181 = CARTESIAN_POINT('',(74.73014316389,-17.07288852333,
    32.681805553673));
#11182 = CARTESIAN_POINT('',(74.809722735202,-17.14628651387,
    32.66828064503));
#11183 = CARTESIAN_POINT('',(74.88658672602,-17.22258944936,
    32.654836902943));
#11184 = CARTESIAN_POINT('',(74.96060614116,-17.30167237817,
    32.641496670949));
#11185 = CARTESIAN_POINT('',(75.031659849387,-17.38340266317,
    32.628282006434));
#11186 = CARTESIAN_POINT('',(75.284800271317,-17.69710555077,
    32.579618802187));
#11187 = CARTESIAN_POINT('',(75.44714571846,-17.94520756613,
    32.545111062097));
#11188 = CARTESIAN_POINT('',(75.584321621999,-18.20905777096,
    32.512141461124));
#11189 = CARTESIAN_POINT('',(75.69458354572,-18.4854650529,
    32.481117720359));
#11190 = CARTESIAN_POINT('',(75.776653306654,-18.7710207892,
    32.452413849287));
#11191 = CARTESIAN_POINT('',(75.850083928808,-19.17256809792,
    32.416462390199));
#11192 = CARTESIAN_POINT('',(75.866135156981,-19.28388381357,
    32.406948508832));
#11193 = CARTESIAN_POINT('',(75.877990801865,-19.39579757969,
    32.397833550921));
#11194 = CARTESIAN_POINT('',(75.885627331057,-19.50811111434,
    32.389133931418));
#11195 = CARTESIAN_POINT('',(75.889033687104,-19.62062495177,
    32.380864837341));
#11196 = CARTESIAN_POINT('',(75.8882112875,-19.73313844247,
    32.373040227773));
#11197 = B_SPLINE_SURFACE_WITH_KNOTS('',14,1,(
    (#11198,#11199)
    ,(#11200,#11201)
    ,(#11202,#11203)
    ,(#11204,#11205)
    ,(#11206,#11207)
    ,(#11208,#11209)
    ,(#11210,#11211)
    ,(#11212,#11213)
    ,(#11214,#11215)
    ,(#11216,#11217)
    ,(#11218,#11219)
    ,(#11220,#11221)
    ,(#11222,#11223)
    ,(#11224,#11225)
    ,(#11226,#11227
    )),.UNSPECIFIED.,.T.,.F.,.F.,(15,15),(2,2),(0.,6.28318530718),(0.,1.
    ),.PIECEWISE_BEZIER_KNOTS.);
#11198 = CARTESIAN_POINT('',(68.278506565978,-18.89606075754,
    21.136145479952));
#11199 = CARTESIAN_POINT('',(76.015039699525,-19.74708973721,
    32.560321806903));
#11200 = CARTESIAN_POINT('',(68.307958473373,-14.8667094681,
    21.41636166076));
#11201 = CARTESIAN_POINT('',(76.026493219065,-18.18011979132,
    32.669294766107));
#11202 = CARTESIAN_POINT('',(66.395875656934,-10.83735669136,
    21.900641468536));
#11203 = CARTESIAN_POINT('',(75.282901240058,-16.61314926702,
    32.857626245694));
#11204 = CARTESIAN_POINT('',(62.534802210794,-7.827714412027,
    22.518070573346));
#11205 = CARTESIAN_POINT('',(73.781406414206,-15.44273282511,
    33.097734018379));
#11206 = CARTESIAN_POINT('',(57.297974414304,-6.857379627592,
    23.136709522186));
#11207 = CARTESIAN_POINT('',(71.744728091646,-15.06538040882,
    33.338329934654));
#11208 = CARTESIAN_POINT('',(51.841878754804,-8.580458657179,
    23.589015171362));
#11209 = CARTESIAN_POINT('',(69.623256995878,-15.73546669832,
    33.514190432423));
#11210 = CARTESIAN_POINT('',(47.654671741644,-12.91769211742,
    23.724148853658));
#11211 = CARTESIAN_POINT('',(67.994275736582,-17.4221685992,
    33.566807897497));
#11212 = CARTESIAN_POINT('',(46.046509204158,-18.896060757,
    23.472822561217));
#11213 = CARTESIAN_POINT('',(67.369710660134,-19.74708973722,
    33.468982504207));
#11214 = CARTESIAN_POINT('',(47.567275857377,-24.87442939862,
    22.892632558524));
#11215 = CARTESIAN_POINT('',(67.960288448202,-22.07201087522,
    33.243440449408));
#11216 = CARTESIAN_POINT('',(51.691078223377,-29.21166285718,
    22.154243956108));
#11217 = CARTESIAN_POINT('',(69.564612344847,-23.7587127761,
    32.956223848686));
#11218 = CARTESIAN_POINT('',(57.121984734478,-30.93474188791,
    21.462279567571));
#11219 = CARTESIAN_POINT('',(71.676287660533,-24.42879906562,
    32.687162730106));
#11220 = CARTESIAN_POINT('',(62.372997548846,-29.96440710285,
    20.978602049538));
#11221 = CARTESIAN_POINT('',(73.718482379046,-24.05144664931,
    32.499051814661));
#11222 = CARTESIAN_POINT('',(66.278068005634,-26.95476482378,
    20.77977653842));
#11223 = CARTESIAN_POINT('',(75.237087153424,-22.88103020741,
    32.421734328433));
#11224 = CARTESIAN_POINT('',(68.249054658583,-22.92541204696,
    20.855929299146));
#11225 = CARTESIAN_POINT('',(76.003586179984,-21.3140596831,
    32.4513488477));
#11226 = CARTESIAN_POINT('',(68.278506565978,-18.89606075754,
    21.136145479952));
#11227 = CARTESIAN_POINT('',(76.015039699525,-19.74708973721,
    32.560321806903));
#11228 = ADVANCED_FACE('',(#11229),#11234,.T.);
#11229 = FACE_BOUND('',#11230,.T.);
#11230 = EDGE_LOOP('',(#11231,#11232,#11233));
#11231 = ORIENTED_EDGE('',*,*,#11122,.T.);
#11232 = ORIENTED_EDGE('',*,*,#11114,.T.);
#11233 = ORIENTED_EDGE('',*,*,#8076,.T.);
#11234 = PLANE('',#11235);
#11235 = AXIS2_PLACEMENT_3D('',#11236,#11237,#11238);
#11236 = CARTESIAN_POINT('',(59.327809507663,-18.89606075754,
    22.076901649361));
#11237 = DIRECTION('',(0.104273837185,-6.975647374413E-02,0.992099290016
    ));
#11238 = DIRECTION('',(0.994521895368,1.07850667488E-17,-0.104528463268)
  );
#11239 = ADVANCED_FACE('',(#11240),#11305,.T.);
#11240 = FACE_BOUND('',#11241,.T.);
#11241 = EDGE_LOOP('',(#11242,#11243,#11244,#11245,#11253,#11259,#11260,
    #11261,#11262,#11263,#11264,#11265,#11271,#11272,#11273,#11281,
    #11289,#11295,#11296,#11297,#11303,#11304));
#11242 = ORIENTED_EDGE('',*,*,#8280,.F.);
#11243 = ORIENTED_EDGE('',*,*,#8305,.F.);
#11244 = ORIENTED_EDGE('',*,*,#10287,.T.);
#11245 = ORIENTED_EDGE('',*,*,#11246,.F.);
#11246 = EDGE_CURVE('',#11247,#10278,#11249,.T.);
#11247 = VERTEX_POINT('',#11248);
#11248 = CARTESIAN_POINT('',(4.,-32.19879958308,46.357775925598));
#11249 = LINE('',#11250,#11251);
#11250 = CARTESIAN_POINT('',(4.,-26.04940116529,46.357775925598));
#11251 = VECTOR('',#11252,1.);
#11252 = DIRECTION('',(0.,1.,0.));
#11253 = ORIENTED_EDGE('',*,*,#11254,.F.);
#11254 = EDGE_CURVE('',#9879,#11247,#11255,.T.);
#11255 = LINE('',#11256,#11257);
#11256 = CARTESIAN_POINT('',(4.,-30.33353702014,46.488591139835));
#11257 = VECTOR('',#11258,1.);
#11258 = DIRECTION('',(1.387778780781E-17,0.997549762973,
    6.996049164739E-02));
#11259 = ORIENTED_EDGE('',*,*,#9886,.F.);
#11260 = ORIENTED_EDGE('',*,*,#9910,.F.);
#11261 = ORIENTED_EDGE('',*,*,#8329,.F.);
#11262 = ORIENTED_EDGE('',*,*,#8687,.T.);
#11263 = ORIENTED_EDGE('',*,*,#8528,.T.);
#11264 = ORIENTED_EDGE('',*,*,#8567,.T.);
#11265 = ORIENTED_EDGE('',*,*,#11266,.T.);
#11266 = EDGE_CURVE('',#8568,#8632,#11267,.T.);
#11267 = LINE('',#11268,#11269);
#11268 = CARTESIAN_POINT('',(4.,-40.,33.498737341529));
#11269 = VECTOR('',#11270,1.);
#11270 = DIRECTION('',(-2.22044604925E-16,0.,-1.));
#11271 = ORIENTED_EDGE('',*,*,#8639,.T.);
#11272 = ORIENTED_EDGE('',*,*,#10928,.F.);
#11273 = ORIENTED_EDGE('',*,*,#11274,.T.);
#11274 = EDGE_CURVE('',#10929,#11275,#11277,.T.);
#11275 = VERTEX_POINT('',#11276);
#11276 = CARTESIAN_POINT('',(4.,-38.,41.497474683058));
#11277 = LINE('',#11278,#11279);
#11278 = CARTESIAN_POINT('',(4.,-38.,45.497474683058));
#11279 = VECTOR('',#11280,1.);
#11280 = DIRECTION('',(2.22044604925E-16,0.,1.));
#11281 = ORIENTED_EDGE('',*,*,#11282,.T.);
#11282 = EDGE_CURVE('',#11275,#11283,#11285,.T.);
#11283 = VERTEX_POINT('',#11284);
#11284 = CARTESIAN_POINT('',(4.,38.,41.497474683058));
#11285 = LINE('',#11286,#11287);
#11286 = CARTESIAN_POINT('',(4.,-46.,41.497474683058));
#11287 = VECTOR('',#11288,1.);
#11288 = DIRECTION('',(0.,1.,0.));
#11289 = ORIENTED_EDGE('',*,*,#11290,.F.);
#11290 = EDGE_CURVE('',#10819,#11283,#11291,.T.);
#11291 = LINE('',#11292,#11293);
#11292 = CARTESIAN_POINT('',(4.,38.,45.497474683058));
#11293 = VECTOR('',#11294,1.);
#11294 = DIRECTION('',(2.22044604925E-16,0.,1.));
#11295 = ORIENTED_EDGE('',*,*,#10826,.F.);
#11296 = ORIENTED_EDGE('',*,*,#8173,.F.);
#11297 = ORIENTED_EDGE('',*,*,#11298,.F.);
#11298 = EDGE_CURVE('',#8216,#8166,#11299,.T.);
#11299 = LINE('',#11300,#11301);
#11300 = CARTESIAN_POINT('',(4.,40.,33.498737341529));
#11301 = VECTOR('',#11302,1.);
#11302 = DIRECTION('',(-2.22044604925E-16,0.,-1.));
#11303 = ORIENTED_EDGE('',*,*,#8224,.F.);
#11304 = ORIENTED_EDGE('',*,*,#8255,.F.);
#11305 = PLANE('',#11306);
#11306 = AXIS2_PLACEMENT_3D('',#11307,#11308,#11309);
#11307 = CARTESIAN_POINT('',(4.,-54.,49.497474683058));
#11308 = DIRECTION('',(1.,0.,-2.22044604925E-16));
#11309 = DIRECTION('',(-2.22044604925E-16,0.,-1.));
#11310 = ADVANCED_FACE('',(#11311),#11316,.T.);
#11311 = FACE_BOUND('',#11312,.T.);
#11312 = EDGE_LOOP('',(#11313,#11314,#11315));
#11313 = ORIENTED_EDGE('',*,*,#8165,.F.);
#11314 = ORIENTED_EDGE('',*,*,#8215,.F.);
#11315 = ORIENTED_EDGE('',*,*,#11298,.T.);
#11316 = PLANE('',#11317);
#11317 = AXIS2_PLACEMENT_3D('',#11318,#11319,#11320);
#11318 = CARTESIAN_POINT('',(17.5,40.,17.5));
#11319 = DIRECTION('',(-0.,-1.,0.));
#11320 = DIRECTION('',(-0.707106781187,0.,-0.707106781187));
#11321 = ADVANCED_FACE('',(#11322),#11362,.F.);
#11322 = FACE_BOUND('',#11323,.F.);
#11323 = EDGE_LOOP('',(#11324,#11325,#11332,#11339,#11340,#11341,#11342,
    #11361));
#11324 = ORIENTED_EDGE('',*,*,#8762,.F.);
#11325 = ORIENTED_EDGE('',*,*,#11326,.T.);
#11326 = EDGE_CURVE('',#8708,#11327,#11329,.T.);
#11327 = VERTEX_POINT('',#11328);
#11328 = CARTESIAN_POINT('',(15.473829609813,-19.74708973721,
    38.923459395441));
#11329 = B_SPLINE_CURVE_WITH_KNOTS('',1,(#11330,#11331),.UNSPECIFIED.,
  .F.,.F.,(2,2),(0.,1.),.PIECEWISE_BEZIER_KNOTS.);
#11330 = CARTESIAN_POINT('',(31.605821965104,-18.89606075754,
    24.990599950066));
#11331 = CARTESIAN_POINT('',(15.473829609813,-19.74708973721,
    38.923459395441));
#11332 = ORIENTED_EDGE('',*,*,#11333,.F.);
#11333 = EDGE_CURVE('',#11327,#11327,#11334,.T.);
#11334 = CIRCLE('',#11335,3.5);
#11335 = AXIS2_PLACEMENT_3D('',#11336,#11337,#11338);
#11336 = CARTESIAN_POINT('',(11.993002976024,-19.74708973721,
    39.289309016878));
#11337 = DIRECTION('',(0.104273837185,-6.975647374413E-02,0.992099290016
    ));
#11338 = DIRECTION('',(0.994521895368,1.07850667488E-17,-0.104528463268)
  );
#11339 = ORIENTED_EDGE('',*,*,#11326,.F.);
#11340 = ORIENTED_EDGE('',*,*,#8707,.F.);
#11341 = ORIENTED_EDGE('',*,*,#8420,.T.);
#11342 = ORIENTED_EDGE('',*,*,#11343,.F.);
#11343 = EDGE_CURVE('',#8361,#8413,#11344,.T.);
#11344 = B_SPLINE_CURVE_WITH_KNOTS('',8,(#11345,#11346,#11347,#11348,
    #11349,#11350,#11351,#11352,#11353,#11354,#11355,#11356,#11357,
    #11358,#11359,#11360),.UNSPECIFIED.,.F.,.F.,(9,7,9),(0.,0.5,1.),
  .UNSPECIFIED.);
#11345 = CARTESIAN_POINT('',(10.450556986352,-22.88792661966,
    39.129791773872));
#11346 = CARTESIAN_POINT('',(10.0219753235,-22.66698300716,
    39.190372506508));
#11347 = CARTESIAN_POINT('',(9.62740882157,-22.37792515064,
    39.252167349601));
#11348 = CARTESIAN_POINT('',(9.281045844406,-22.0273891388,
    39.313218449429));
#11349 = CARTESIAN_POINT('',(8.993089884802,-21.62514202564,
    39.371766634697));
#11350 = CARTESIAN_POINT('',(8.771954428326,-21.18209609085,
    39.426160348355));
#11351 = CARTESIAN_POINT('',(8.623360317341,-20.71080767675,
    39.474915444248));
#11352 = CARTESIAN_POINT('',(8.55119234815,-20.22490184433,39.5166656087
    ));
#11353 = CARTESIAN_POINT('',(8.558279307327,-19.25532633535,
    39.584093521189));
#11354 = CARTESIAN_POINT('',(8.637550580525,-18.76942050292,
    39.609926779881));
#11355 = CARTESIAN_POINT('',(8.79303430809,-18.29813208884,
    39.62672200709));
#11356 = CARTESIAN_POINT('',(9.02064651326,-17.85508615403,
    39.633950440945));
#11357 = CARTESIAN_POINT('',(9.31448279645,-17.45283904088,
    39.63134979745));
#11358 = CARTESIAN_POINT('',(9.665970148943,-17.10230302903,
    39.61905387205));
#11359 = CARTESIAN_POINT('',(10.064762296445,-16.81324517252,
    39.597463361003));
#11360 = CARTESIAN_POINT('',(10.496573864236,-16.59230156002,
    39.567613121104));
#11361 = ORIENTED_EDGE('',*,*,#8360,.F.);
#11362 = B_SPLINE_SURFACE_WITH_KNOTS('',14,1,(
    (#11363,#11364)
    ,(#11365,#11366)
    ,(#11367,#11368)
    ,(#11369,#11370)
    ,(#11371,#11372)
    ,(#11373,#11374)
    ,(#11375,#11376)
    ,(#11377,#11378)
    ,(#11379,#11380)
    ,(#11381,#11382)
    ,(#11383,#11384)
    ,(#11385,#11386)
    ,(#11387,#11388)
    ,(#11389,#11390)
    ,(#11391,#11392
    )),.UNSPECIFIED.,.T.,.F.,.F.,(15,15),(2,2),(0.,6.28318530718),(0.,1.
    ),.PIECEWISE_BEZIER_KNOTS.);
#11363 = CARTESIAN_POINT('',(31.605821965104,-18.89606075754,
    24.990599950066));
#11364 = CARTESIAN_POINT('',(15.473829609813,-19.74708973721,
    38.923459395441));
#11365 = CARTESIAN_POINT('',(31.635273872499,-14.8667094681,
    25.270816130874));
#11366 = CARTESIAN_POINT('',(15.485283129356,-18.18011979132,
    39.032432354644));
#11367 = CARTESIAN_POINT('',(29.723191056058,-10.83735669136,
    25.75509593865));
#11368 = CARTESIAN_POINT('',(14.741691150334,-16.61314926702,
    39.220763834233));
#11369 = CARTESIAN_POINT('',(25.862117609938,-7.827714412027,
    26.372525043458));
#11370 = CARTESIAN_POINT('',(13.240196324522,-15.44273282511,
    39.460871606914));
#11371 = CARTESIAN_POINT('',(20.625289813366,-6.857379627592,
    26.991163992306));
#11372 = CARTESIAN_POINT('',(11.20351800189,-15.06538040882,
    39.701467523197));
#11373 = CARTESIAN_POINT('',(15.169194154079,-8.580458657179,
    27.443469641461));
#11374 = CARTESIAN_POINT('',(9.082046906208,-15.73546669832,
    39.877328020957));
#11375 = CARTESIAN_POINT('',(10.981987140518,-12.91769211742,
    27.578603323799));
#11376 = CARTESIAN_POINT('',(7.453065646852,-17.4221685992,
    39.929945486037));
#11377 = CARTESIAN_POINT('',(9.373824603611,-18.896060757,
    27.327277031297));
#11378 = CARTESIAN_POINT('',(6.828500570409,-19.74708973722,
    39.832120092746));
#11379 = CARTESIAN_POINT('',(10.894591256168,-24.87442939862,
    26.747087028673));
#11380 = CARTESIAN_POINT('',(7.419078358517,-22.07201087522,
    39.606578037943));
#11381 = CARTESIAN_POINT('',(15.018393622777,-29.21166285718,
    26.008698426193));
#11382 = CARTESIAN_POINT('',(9.023402255109,-23.7587127761,
    39.319361437227));
#11383 = CARTESIAN_POINT('',(20.449300133426,-30.93474188791,
    25.316734037703));
#11384 = CARTESIAN_POINT('',(11.135077570836,-24.42879906562,
    39.050300318642));
#11385 = CARTESIAN_POINT('',(25.700312948062,-29.96440710285,
    24.833056519642));
#11386 = CARTESIAN_POINT('',(13.177272289327,-24.05144664931,
    38.862189403199));
#11387 = CARTESIAN_POINT('',(29.605383404727,-26.95476482378,
    24.634231008538));
#11388 = CARTESIAN_POINT('',(14.695877063714,-22.88103020741,
    38.78487191697));
#11389 = CARTESIAN_POINT('',(31.576370057717,-22.92541204696,
    24.710383769259));
#11390 = CARTESIAN_POINT('',(15.462376090271,-21.3140596831,
    38.814486436238));
#11391 = CARTESIAN_POINT('',(31.605821965104,-18.89606075754,
    24.990599950066));
#11392 = CARTESIAN_POINT('',(15.473829609813,-19.74708973721,
    38.923459395441));
#11393 = ADVANCED_FACE('',(#11394),#11406,.F.);
#11394 = FACE_BOUND('',#11395,.F.);
#11395 = EDGE_LOOP('',(#11396,#11397,#11404,#11405));
#11396 = ORIENTED_EDGE('',*,*,#8412,.F.);
#11397 = ORIENTED_EDGE('',*,*,#11398,.T.);
#11398 = EDGE_CURVE('',#8404,#8396,#11399,.T.);
#11399 = CIRCLE('',#11400,4.5);
#11400 = AXIS2_PLACEMENT_3D('',#11401,#11402,#11403);
#11401 = CARTESIAN_POINT('',(11.982575592305,-19.74011408984,
    39.190099087876));
#11402 = DIRECTION('',(0.104273837185,-6.975647374413E-02,0.992099290016
    ));
#11403 = DIRECTION('',(0.994521895368,1.07850667488E-17,-0.104528463268)
  );
#11404 = ORIENTED_EDGE('',*,*,#8395,.F.);
#11405 = ORIENTED_EDGE('',*,*,#11343,.T.);
#11406 = PLANE('',#11407);
#11407 = AXIS2_PLACEMENT_3D('',#11408,#11409,#11410);
#11408 = CARTESIAN_POINT('',(11.982575592305,-19.74011408984,
    39.190099087876));
#11409 = DIRECTION('',(0.104273837185,-6.975647374413E-02,0.992099290016
    ));
#11410 = DIRECTION('',(0.994521895368,1.07850667488E-17,-0.104528463268)
  );
#11411 = ADVANCED_FACE('',(#11412),#11416,.T.);
#11412 = FACE_BOUND('',#11413,.T.);
#11413 = EDGE_LOOP('',(#11414,#11415));
#11414 = ORIENTED_EDGE('',*,*,#8403,.F.);
#11415 = ORIENTED_EDGE('',*,*,#11398,.T.);
#11416 = CYLINDRICAL_SURFACE('',#11417,4.5);
#11417 = AXIS2_PLACEMENT_3D('',#11418,#11419,#11420);
#11418 = CARTESIAN_POINT('',(11.982575592305,-19.74011408984,
    39.190099087876));
#11419 = DIRECTION('',(0.104273837185,-6.975647374413E-02,0.992099290016
    ));
#11420 = DIRECTION('',(0.994521895368,1.07850667488E-17,-0.104528463268)
  );
#11421 = ADVANCED_FACE('',(#11422),#11427,.F.);
#11422 = FACE_BOUND('',#11423,.F.);
#11423 = EDGE_LOOP('',(#11424,#11425,#11426));
#11424 = ORIENTED_EDGE('',*,*,#8631,.F.);
#11425 = ORIENTED_EDGE('',*,*,#8596,.F.);
#11426 = ORIENTED_EDGE('',*,*,#11266,.T.);
#11427 = PLANE('',#11428);
#11428 = AXIS2_PLACEMENT_3D('',#11429,#11430,#11431);
#11429 = CARTESIAN_POINT('',(17.5,-40.,17.5));
#11430 = DIRECTION('',(-0.,-1.,0.));
#11431 = DIRECTION('',(-0.707106781187,0.,-0.707106781187));
#11432 = ADVANCED_FACE('',(#11433),#11517,.F.);
#11433 = FACE_BOUND('',#11434,.F.);
#11434 = EDGE_LOOP('',(#11435,#11436,#11437,#11438,#11439,#11447,#11455,
    #11463,#11471,#11477,#11478,#11486,#11494,#11502,#11510,#11516));
#11435 = ORIENTED_EDGE('',*,*,#10559,.F.);
#11436 = ORIENTED_EDGE('',*,*,#8834,.T.);
#11437 = ORIENTED_EDGE('',*,*,#10413,.T.);
#11438 = ORIENTED_EDGE('',*,*,#10702,.F.);
#11439 = ORIENTED_EDGE('',*,*,#11440,.T.);
#11440 = EDGE_CURVE('',#10703,#11441,#11443,.T.);
#11441 = VERTEX_POINT('',#11442);
#11442 = CARTESIAN_POINT('',(23.894268994034,29.914310303071,
    45.374442363619));
#11443 = LINE('',#11444,#11445);
#11444 = CARTESIAN_POINT('',(23.575512059256,30.127550367424,
    42.341672713836));
#11445 = VECTOR('',#11446,1.);
#11446 = DIRECTION('',(-0.104273837185,6.975647374413E-02,
    -0.992099290016));
#11447 = ORIENTED_EDGE('',*,*,#11448,.T.);
#11448 = EDGE_CURVE('',#11441,#11449,#11451,.T.);
#11449 = VERTEX_POINT('',#11450);
#11450 = CARTESIAN_POINT('',(23.685721319665,30.05382325056,
    43.390243783588));
#11451 = LINE('',#11452,#11453);
#11452 = CARTESIAN_POINT('',(23.575512059256,30.127550367424,
    42.341672713836));
#11453 = VECTOR('',#11454,1.);
#11454 = DIRECTION('',(-0.104273837185,6.975647374413E-02,
    -0.992099290016));
#11455 = ORIENTED_EDGE('',*,*,#11456,.T.);
#11456 = EDGE_CURVE('',#11449,#11457,#11459,.T.);
#11457 = VERTEX_POINT('',#11458);
#11458 = CARTESIAN_POINT('',(28.065937862398,30.05382325056,
    42.929864473566));
#11459 = LINE('',#11460,#11461);
#11460 = CARTESIAN_POINT('',(21.00051220217,30.05382325056,
    43.672470634411));
#11461 = VECTOR('',#11462,1.);
#11462 = DIRECTION('',(0.994521895368,6.938893903907E-18,-0.104528463268
    ));
#11463 = ORIENTED_EDGE('',*,*,#11464,.F.);
#11464 = EDGE_CURVE('',#11465,#11457,#11467,.T.);
#11465 = VERTEX_POINT('',#11466);
#11466 = CARTESIAN_POINT('',(28.274485536768,29.914310303071,
    44.914063053597));
#11467 = LINE('',#11468,#11469);
#11468 = CARTESIAN_POINT('',(27.95572860199,30.127550367424,
    41.881293403814));
#11469 = VECTOR('',#11470,1.);
#11470 = DIRECTION('',(-0.104273837185,6.975647374413E-02,
    -0.992099290016));
#11471 = ORIENTED_EDGE('',*,*,#11472,.F.);
#11472 = EDGE_CURVE('',#10646,#11465,#11473,.T.);
#11473 = LINE('',#11474,#11475);
#11474 = CARTESIAN_POINT('',(27.95572860199,30.127550367424,
    41.881293403814));
#11475 = VECTOR('',#11476,1.);
#11476 = DIRECTION('',(-0.104273837185,6.975647374413E-02,
    -0.992099290016));
#11477 = ORIENTED_EDGE('',*,*,#10653,.F.);
#11478 = ORIENTED_EDGE('',*,*,#11479,.T.);
#11479 = EDGE_CURVE('',#10654,#11480,#11482,.T.);
#11480 = VERTEX_POINT('',#11481);
#11481 = CARTESIAN_POINT('',(39.073004276677,29.914310303071,
    43.779092999437));
#11482 = LINE('',#11483,#11484);
#11483 = CARTESIAN_POINT('',(38.754247341899,30.127550367424,
    40.746323349654));
#11484 = VECTOR('',#11485,1.);
#11485 = DIRECTION('',(-0.104273837185,6.975647374413E-02,
    -0.992099290016));
#11486 = ORIENTED_EDGE('',*,*,#11487,.T.);
#11487 = EDGE_CURVE('',#11480,#11488,#11490,.T.);
#11488 = VERTEX_POINT('',#11489);
#11489 = CARTESIAN_POINT('',(38.864456602307,30.05382325056,
    41.794894419406));
#11490 = LINE('',#11491,#11492);
#11491 = CARTESIAN_POINT('',(38.754247341899,30.127550367424,
    40.746323349654));
#11492 = VECTOR('',#11493,1.);
#11493 = DIRECTION('',(-0.104273837185,6.975647374413E-02,
    -0.992099290016));
#11494 = ORIENTED_EDGE('',*,*,#11495,.T.);
#11495 = EDGE_CURVE('',#11488,#11496,#11498,.T.);
#11496 = VERTEX_POINT('',#11497);
#11497 = CARTESIAN_POINT('',(61.949640953127,30.05382325056,
    39.368543772246));
#11498 = LINE('',#11499,#11500);
#11499 = CARTESIAN_POINT('',(28.589879843491,30.05382325056,
    42.87479595232));
#11500 = VECTOR('',#11501,1.);
#11501 = DIRECTION('',(0.994521895368,6.938893903907E-18,-0.104528463268
    ));
#11502 = ORIENTED_EDGE('',*,*,#11503,.F.);
#11503 = EDGE_CURVE('',#11504,#11496,#11506,.T.);
#11504 = VERTEX_POINT('',#11505);
#11505 = CARTESIAN_POINT('',(62.158188627497,29.914310303071,
    41.352742352277));
#11506 = LINE('',#11507,#11508);
#11507 = CARTESIAN_POINT('',(61.839431692719,30.127550367424,
    38.319972702493));
#11508 = VECTOR('',#11509,1.);
#11509 = DIRECTION('',(-0.104273837185,6.975647374413E-02,
    -0.992099290016));
#11510 = ORIENTED_EDGE('',*,*,#11511,.F.);
#11511 = EDGE_CURVE('',#10597,#11504,#11512,.T.);
#11512 = LINE('',#11513,#11514);
#11513 = CARTESIAN_POINT('',(61.839431692719,30.127550367424,
    38.319972702493));
#11514 = VECTOR('',#11515,1.);
#11515 = DIRECTION('',(-0.104273837185,6.975647374413E-02,
    -0.992099290016));
#11516 = ORIENTED_EDGE('',*,*,#10604,.F.);
#11517 = PLANE('',#11518);
#11518 = AXIS2_PLACEMENT_3D('',#11519,#11520,#11521);
#11519 = CARTESIAN_POINT('',(18.09488456386,30.201277484288,
    41.857555345729));
#11520 = DIRECTION('',(7.291537003444E-03,0.99756405026,
    6.937434048221E-02));
#11521 = DIRECTION('',(0.104273837185,-6.975647374413E-02,0.992099290016
    ));
#11522 = ADVANCED_FACE('',(#11523),#11539,.T.);
#11523 = FACE_BOUND('',#11524,.T.);
#11524 = EDGE_LOOP('',(#11525,#11526,#11533));
#11525 = ORIENTED_EDGE('',*,*,#8843,.F.);
#11526 = ORIENTED_EDGE('',*,*,#11527,.F.);
#11527 = EDGE_CURVE('',#11528,#8844,#11530,.T.);
#11528 = VERTEX_POINT('',#11529);
#11529 = CARTESIAN_POINT('',(8.893216016843,22.162859559383,
    42.384739450104));
#11530 = B_SPLINE_CURVE_WITH_KNOTS('',1,(#11531,#11532),.UNSPECIFIED.,
  .F.,.F.,(2,2),(0.,1.),.PIECEWISE_BEZIER_KNOTS.);
#11531 = CARTESIAN_POINT('',(8.893216016843,22.162859559383,
    42.384739450104));
#11532 = CARTESIAN_POINT('',(8.903774097214,22.187004085773,
    42.360876847386));
#11533 = ORIENTED_EDGE('',*,*,#11534,.F.);
#11534 = EDGE_CURVE('',#8846,#11528,#11535,.T.);
#11535 = LINE('',#11536,#11537);
#11536 = CARTESIAN_POINT('',(8.890686607097,22.164551668443,
    42.36067372392));
#11537 = VECTOR('',#11538,1.);
#11538 = DIRECTION('',(0.104273837185,-6.975647374413E-02,0.992099290016
    ));
#11539 = PLANE('',#11540);
#11540 = AXIS2_PLACEMENT_3D('',#11541,#11542,#11543);
#11541 = CARTESIAN_POINT('',(10.606049719074,25.107365616709,
    42.387296895947));
#11542 = DIRECTION('',(0.857635457507,-0.49878202513,-0.125211474849));
#11543 = DIRECTION('',(-0.503575603962,-0.863915809427,
    -7.815709594563E-03));
#11544 = ADVANCED_FACE('',(#11545),#11554,.T.);
#11545 = FACE_BOUND('',#11546,.T.);
#11546 = EDGE_LOOP('',(#11547,#11548,#11549));
#11547 = ORIENTED_EDGE('',*,*,#8963,.F.);
#11548 = ORIENTED_EDGE('',*,*,#11534,.T.);
#11549 = ORIENTED_EDGE('',*,*,#11550,.F.);
#11550 = EDGE_CURVE('',#8909,#11528,#11551,.T.);
#11551 = B_SPLINE_CURVE_WITH_KNOTS('',1,(#11552,#11553),.UNSPECIFIED.,
  .F.,.F.,(2,2),(0.,1.),.PIECEWISE_BEZIER_KNOTS.);
#11552 = CARTESIAN_POINT('',(8.903445872411,22.142099251112,
    42.357753996991));
#11553 = CARTESIAN_POINT('',(8.893216016843,22.162859559383,
    42.384739450104));
#11554 = PLANE('',#11555);
#11555 = AXIS2_PLACEMENT_3D('',#11556,#11557,#11558);
#11556 = CARTESIAN_POINT('',(8.890686607097,22.164551668443,
    42.36067372392));
#11557 = DIRECTION('',(0.86492699451,0.49878202513,-5.583713436723E-02)
  );
#11558 = DIRECTION('',(0.490946291407,-0.863915809427,-0.112344172862));
#11559 = ADVANCED_FACE('',(#11560),#11581,.F.);
#11560 = FACE_BOUND('',#11561,.F.);
#11561 = EDGE_LOOP('',(#11562,#11563,#11570,#11577,#11578,#11579,#11580)
  );
#11562 = ORIENTED_EDGE('',*,*,#8908,.F.);
#11563 = ORIENTED_EDGE('',*,*,#11564,.T.);
#11564 = EDGE_CURVE('',#8854,#11565,#11567,.T.);
#11565 = VERTEX_POINT('',#11566);
#11566 = CARTESIAN_POINT('',(15.780074163957,22.150600373694,
    41.837181695694));
#11567 = B_SPLINE_CURVE_WITH_KNOTS('',1,(#11568,#11569),.UNSPECIFIED.,
  .F.,.F.,(2,2),(0.,1.),.PIECEWISE_BEZIER_KNOTS.);
#11568 = CARTESIAN_POINT('',(31.912066519248,23.001629353372,
    27.904322250319));
#11569 = CARTESIAN_POINT('',(15.780074163957,22.150600373694,
    41.837181695694));
#11570 = ORIENTED_EDGE('',*,*,#11571,.F.);
#11571 = EDGE_CURVE('',#11565,#11565,#11572,.T.);
#11572 = CIRCLE('',#11573,3.5);
#11573 = AXIS2_PLACEMENT_3D('',#11574,#11575,#11576);
#11574 = CARTESIAN_POINT('',(12.299247530168,22.150600373694,
    42.203031317131));
#11575 = DIRECTION('',(0.104273837185,-6.975647374413E-02,0.992099290016
    ));
#11576 = DIRECTION('',(0.994521895368,1.07850667488E-17,-0.104528463268)
  );
#11577 = ORIENTED_EDGE('',*,*,#11564,.F.);
#11578 = ORIENTED_EDGE('',*,*,#8853,.F.);
#11579 = ORIENTED_EDGE('',*,*,#11527,.F.);
#11580 = ORIENTED_EDGE('',*,*,#11550,.F.);
#11581 = B_SPLINE_SURFACE_WITH_KNOTS('',14,1,(
    (#11582,#11583)
    ,(#11584,#11585)
    ,(#11586,#11587)
    ,(#11588,#11589)
    ,(#11590,#11591)
    ,(#11592,#11593)
    ,(#11594,#11595)
    ,(#11596,#11597)
    ,(#11598,#11599)
    ,(#11600,#11601)
    ,(#11602,#11603)
    ,(#11604,#11605)
    ,(#11606,#11607)
    ,(#11608,#11609)
    ,(#11610,#11611
    )),.UNSPECIFIED.,.T.,.F.,.F.,(15,15),(2,2),(0.,6.28318530718),(0.,1.
    ),.PIECEWISE_BEZIER_KNOTS.);
#11582 = CARTESIAN_POINT('',(31.912066519248,23.001629353372,
    27.904322250319));
#11583 = CARTESIAN_POINT('',(15.780074163957,22.150600373694,
    41.837181695694));
#11584 = CARTESIAN_POINT('',(31.941518426643,27.030980642809,
    28.184538431127));
#11585 = CARTESIAN_POINT('',(15.7915276835,23.71757031958,
    41.946154654897));
#11586 = CARTESIAN_POINT('',(30.029435610202,31.060333419563,
    28.668818238905));
#11587 = CARTESIAN_POINT('',(15.047935704479,25.284540843903,
    42.134486134487));
#11588 = CARTESIAN_POINT('',(26.168362164083,34.069975698824,
    29.286247343707));
#11589 = CARTESIAN_POINT('',(13.546440878666,26.454957285759,
    42.374593907164));
#11590 = CARTESIAN_POINT('',(20.931534367512,35.040310483483,
    29.904886292571));
#11591 = CARTESIAN_POINT('',(11.509762556035,26.832309702154,
    42.615189823454));
#11592 = CARTESIAN_POINT('',(15.475438708221,33.317231453412,
    30.357191941691));
#11593 = CARTESIAN_POINT('',(9.388291460352,26.162223412517,
    42.791050321205));
#11594 = CARTESIAN_POINT('',(11.288231694667,28.979997993982,
    30.492325624086));
#11595 = CARTESIAN_POINT('',(7.759310200997,24.475521511744,
    42.843667786293));
#11596 = CARTESIAN_POINT('',(9.680069157752,23.001629353296,
    30.240999331507));
#11597 = CARTESIAN_POINT('',(7.134745124554,22.1506003737,42.745842393)
  );
#11598 = CARTESIAN_POINT('',(11.200835810317,17.023260712891,
    29.660809328968));
#11599 = CARTESIAN_POINT('',(7.725322912661,19.825679235638,
    42.520300338192));
#11600 = CARTESIAN_POINT('',(15.324638176918,12.686027253254,
    28.922420726413));
#11601 = CARTESIAN_POINT('',(9.329646809255,18.138977334862,
    42.233083737484));
#11602 = CARTESIAN_POINT('',(20.755544687573,10.962948223293,
    28.230456337977));
#11603 = CARTESIAN_POINT('',(11.44132212498,17.46889104525,
    41.964022618893));
#11604 = CARTESIAN_POINT('',(26.006557502206,11.933283007915,
    27.746778819885));
#11605 = CARTESIAN_POINT('',(13.483516843472,17.846243461616,
    41.775911703454));
#11606 = CARTESIAN_POINT('',(29.911627958872,14.94292528718,
    27.547953308795));
#11607 = CARTESIAN_POINT('',(15.002121617859,19.016659903491,
    41.698594217223));
#11608 = CARTESIAN_POINT('',(31.882614611861,18.972278063936,
    27.624106069512));
#11609 = CARTESIAN_POINT('',(15.768620644416,20.583630427806,
    41.728208736491));
#11610 = CARTESIAN_POINT('',(31.912066519248,23.001629353372,
    27.904322250319));
#11611 = CARTESIAN_POINT('',(15.780074163957,22.150600373694,
    41.837181695694));
#11612 = ADVANCED_FACE('',(#11613),#11619,.F.);
#11613 = FACE_BOUND('',#11614,.F.);
#11614 = EDGE_LOOP('',(#11615,#11616,#11617,#11618));
#11615 = ORIENTED_EDGE('',*,*,#8986,.T.);
#11616 = ORIENTED_EDGE('',*,*,#10163,.T.);
#11617 = ORIENTED_EDGE('',*,*,#9002,.F.);
#11618 = ORIENTED_EDGE('',*,*,#8994,.T.);
#11619 = PLANE('',#11620);
#11620 = AXIS2_PLACEMENT_3D('',#11621,#11622,#11623);
#11621 = CARTESIAN_POINT('',(66.461222311824,0.818389093013,
    30.632803022835));
#11622 = DIRECTION('',(0.994521895368,0.,-0.104528463268));
#11623 = DIRECTION('',(0.104528463268,0.,0.994521895368));
#11624 = ADVANCED_FACE('',(#11625),#11629,.T.);
#11625 = FACE_BOUND('',#11626,.T.);
#11626 = EDGE_LOOP('',(#11627,#11628));
#11627 = ORIENTED_EDGE('',*,*,#9067,.T.);
#11628 = ORIENTED_EDGE('',*,*,#9029,.T.);
#11629 = PLANE('',#11630);
#11630 = AXIS2_PLACEMENT_3D('',#11631,#11632,#11633);
#11631 = CARTESIAN_POINT('',(15.354416883399,-32.58862162159,
    44.484063759323));
#11632 = DIRECTION('',(0.104273837185,-6.975647374413E-02,0.992099290016
    ));
#11633 = DIRECTION('',(0.994521895368,1.07850667488E-17,-0.104528463268)
  );
#11634 = ADVANCED_FACE('',(#11635),#11654,.F.);
#11635 = FACE_BOUND('',#11636,.F.);
#11636 = EDGE_LOOP('',(#11637,#11646,#11652,#11653));
#11637 = ORIENTED_EDGE('',*,*,#11638,.T.);
#11638 = EDGE_CURVE('',#11639,#11639,#11641,.T.);
#11639 = VERTEX_POINT('',#11640);
#11640 = CARTESIAN_POINT('',(74.812684202405,21.962257894585,
    38.34086342408));
#11641 = CIRCLE('',#11642,1.7);
#11642 = AXIS2_PLACEMENT_3D('',#11643,#11644,#11645);
#11643 = CARTESIAN_POINT('',(73.121996980279,21.962257894585,
    38.518561811635));
#11644 = DIRECTION('',(0.104273837185,-6.975647374413E-02,0.992099290016
    ));
#11645 = DIRECTION('',(0.994521895368,1.07850667488E-17,-0.104528463268)
  );
#11646 = ORIENTED_EDGE('',*,*,#11647,.T.);
#11647 = EDGE_CURVE('',#11639,#9119,#11648,.T.);
#11648 = LINE('',#11649,#11650);
#11649 = CARTESIAN_POINT('',(74.468580539696,22.19245425794,
    35.066935767029));
#11650 = VECTOR('',#11651,1.);
#11651 = DIRECTION('',(0.104273837185,-6.975647374413E-02,0.992099290016
    ));
#11652 = ORIENTED_EDGE('',*,*,#9118,.F.);
#11653 = ORIENTED_EDGE('',*,*,#11647,.F.);
#11654 = CYLINDRICAL_SURFACE('',#11655,1.7);
#11655 = AXIS2_PLACEMENT_3D('',#11656,#11657,#11658);
#11656 = CARTESIAN_POINT('',(72.77789331757,22.19245425794,
    35.244634154584));
#11657 = DIRECTION('',(0.104273837185,-6.975647374413E-02,0.992099290016
    ));
#11658 = DIRECTION('',(0.994521895368,1.07850667488E-17,-0.104528463268)
  );
#11659 = ADVANCED_FACE('',(#11660),#11664,.T.);
#11660 = FACE_BOUND('',#11661,.T.);
#11661 = EDGE_LOOP('',(#11662,#11663));
#11662 = ORIENTED_EDGE('',*,*,#9308,.T.);
#11663 = ORIENTED_EDGE('',*,*,#9286,.T.);
#11664 = PLANE('',#11665);
#11665 = AXIS2_PLACEMENT_3D('',#11666,#11667,#11668);
#11666 = CARTESIAN_POINT('',(15.354416883399,-32.58862162159,
    44.484063759323));
#11667 = DIRECTION('',(0.104273837185,-6.975647374413E-02,0.992099290016
    ));
#11668 = DIRECTION('',(0.994521895368,1.07850667488E-17,-0.104528463268)
  );
#11669 = ADVANCED_FACE('',(#11670),#11689,.F.);
#11670 = FACE_BOUND('',#11671,.F.);
#11671 = EDGE_LOOP('',(#11672,#11681,#11687,#11688));
#11672 = ORIENTED_EDGE('',*,*,#11673,.T.);
#11673 = EDGE_CURVE('',#11674,#11674,#11676,.T.);
#11674 = VERTEX_POINT('',#11675);
#11675 = CARTESIAN_POINT('',(74.506439648261,-19.93543221632,
    35.427141123827));
#11676 = CIRCLE('',#11677,1.7);
#11677 = AXIS2_PLACEMENT_3D('',#11678,#11679,#11680);
#11678 = CARTESIAN_POINT('',(72.815752426135,-19.93543221632,
    35.604839511382));
#11679 = DIRECTION('',(0.104273837185,-6.975647374413E-02,0.992099290016
    ));
#11680 = DIRECTION('',(0.994521895368,1.07850667488E-17,-0.104528463268)
  );
#11681 = ORIENTED_EDGE('',*,*,#11682,.T.);
#11682 = EDGE_CURVE('',#11674,#9329,#11683,.T.);
#11683 = LINE('',#11684,#11685);
#11684 = CARTESIAN_POINT('',(74.162335985551,-19.70523585297,
    32.153213466776));
#11685 = VECTOR('',#11686,1.);
#11686 = DIRECTION('',(0.104273837185,-6.975647374413E-02,0.992099290016
    ));
#11687 = ORIENTED_EDGE('',*,*,#9328,.F.);
#11688 = ORIENTED_EDGE('',*,*,#11682,.F.);
#11689 = CYLINDRICAL_SURFACE('',#11690,1.7);
#11690 = AXIS2_PLACEMENT_3D('',#11691,#11692,#11693);
#11691 = CARTESIAN_POINT('',(72.471648763425,-19.70523585297,
    32.330911854331));
#11692 = DIRECTION('',(0.104273837185,-6.975647374413E-02,0.992099290016
    ));
#11693 = DIRECTION('',(0.994521895368,1.07850667488E-17,-0.104528463268)
  );
#11694 = ADVANCED_FACE('',(#11695,#11706),#11717,.F.);
#11695 = FACE_BOUND('',#11696,.F.);
#11696 = EDGE_LOOP('',(#11697,#11698,#11704,#11705));
#11697 = ORIENTED_EDGE('',*,*,#9527,.F.);
#11698 = ORIENTED_EDGE('',*,*,#11699,.T.);
#11699 = EDGE_CURVE('',#9520,#10843,#11700,.T.);
#11700 = LINE('',#11701,#11702);
#11701 = CARTESIAN_POINT('',(0.,44.,49.497474683058));
#11702 = VECTOR('',#11703,1.);
#11703 = DIRECTION('',(0.,0.,-1.));
#11704 = ORIENTED_EDGE('',*,*,#10871,.T.);
#11705 = ORIENTED_EDGE('',*,*,#9456,.F.);
#11706 = FACE_BOUND('',#11707,.F.);
#11707 = EDGE_LOOP('',(#11708));
#11708 = ORIENTED_EDGE('',*,*,#11709,.F.);
#11709 = EDGE_CURVE('',#11710,#11710,#11712,.T.);
#11710 = VERTEX_POINT('',#11711);
#11711 = CARTESIAN_POINT('',(3.552713678801E-15,49.,29.873358543988));
#11712 = CIRCLE('',#11713,2.3);
#11713 = AXIS2_PLACEMENT_3D('',#11714,#11715,#11716);
#11714 = CARTESIAN_POINT('',(7.105427357601E-15,49.,32.173358543988));
#11715 = DIRECTION('',(1.,0.,-2.22044604925E-16));
#11716 = DIRECTION('',(-2.22044604925E-16,0.,-1.));
#11717 = PLANE('',#11718);
#11718 = AXIS2_PLACEMENT_3D('',#11719,#11720,#11721);
#11719 = CARTESIAN_POINT('',(1.099064721079E-14,-54.,49.497474683058));
#11720 = DIRECTION('',(1.,0.,-2.22044604925E-16));
#11721 = DIRECTION('',(-2.22044604925E-16,0.,-1.));
#11722 = ADVANCED_FACE('',(#11723,#11734),#11745,.F.);
#11723 = FACE_BOUND('',#11724,.F.);
#11724 = EDGE_LOOP('',(#11725,#11726,#11727,#11728));
#11725 = ORIENTED_EDGE('',*,*,#9495,.F.);
#11726 = ORIENTED_EDGE('',*,*,#9543,.T.);
#11727 = ORIENTED_EDGE('',*,*,#10950,.T.);
#11728 = ORIENTED_EDGE('',*,*,#11729,.F.);
#11729 = EDGE_CURVE('',#9496,#10889,#11730,.T.);
#11730 = LINE('',#11731,#11732);
#11731 = CARTESIAN_POINT('',(0.,-44.,49.497474683058));
#11732 = VECTOR('',#11733,1.);
#11733 = DIRECTION('',(0.,0.,-1.));
#11734 = FACE_BOUND('',#11735,.F.);
#11735 = EDGE_LOOP('',(#11736));
#11736 = ORIENTED_EDGE('',*,*,#11737,.F.);
#11737 = EDGE_CURVE('',#11738,#11738,#11740,.T.);
#11738 = VERTEX_POINT('',#11739);
#11739 = CARTESIAN_POINT('',(5.329070518201E-15,-49.,29.873358543988));
#11740 = CIRCLE('',#11741,2.3);
#11741 = AXIS2_PLACEMENT_3D('',#11742,#11743,#11744);
#11742 = CARTESIAN_POINT('',(7.105427357601E-15,-49.,32.173358543988));
#11743 = DIRECTION('',(1.,0.,-2.22044604925E-16));
#11744 = DIRECTION('',(-2.22044604925E-16,0.,-1.));
#11745 = PLANE('',#11746);
#11746 = AXIS2_PLACEMENT_3D('',#11747,#11748,#11749);
#11747 = CARTESIAN_POINT('',(1.099064721079E-14,-54.,49.497474683058));
#11748 = DIRECTION('',(1.,0.,-2.22044604925E-16));
#11749 = DIRECTION('',(-2.22044604925E-16,0.,-1.));
#11750 = ADVANCED_FACE('',(#11751),#11813,.F.);
#11751 = FACE_BOUND('',#11752,.F.);
#11752 = EDGE_LOOP('',(#11753,#11754,#11755,#11756,#11764,#11772,#11781,
    #11790,#11799,#11807));
#11753 = ORIENTED_EDGE('',*,*,#9503,.F.);
#11754 = ORIENTED_EDGE('',*,*,#11729,.T.);
#11755 = ORIENTED_EDGE('',*,*,#10888,.T.);
#11756 = ORIENTED_EDGE('',*,*,#11757,.F.);
#11757 = EDGE_CURVE('',#11758,#10891,#11760,.T.);
#11758 = VERTEX_POINT('',#11759);
#11759 = CARTESIAN_POINT('',(0.,-40.,40.784139331206));
#11760 = LINE('',#11761,#11762);
#11761 = CARTESIAN_POINT('',(0.,-40.,49.497474683058));
#11762 = VECTOR('',#11763,1.);
#11763 = DIRECTION('',(0.,0.,-1.));
#11764 = ORIENTED_EDGE('',*,*,#11765,.T.);
#11765 = EDGE_CURVE('',#11758,#11766,#11768,.T.);
#11766 = VERTEX_POINT('',#11767);
#11767 = CARTESIAN_POINT('',(3.552713678801E-15,-40.3,40.784139331206));
#11768 = LINE('',#11769,#11770);
#11769 = CARTESIAN_POINT('',(0.,-250.,40.784139331206));
#11770 = VECTOR('',#11771,1.);
#11771 = DIRECTION('',(0.,-1.,0.));
#11772 = ORIENTED_EDGE('',*,*,#11773,.F.);
#11773 = EDGE_CURVE('',#11774,#11766,#11776,.T.);
#11774 = VERTEX_POINT('',#11775);
#11775 = CARTESIAN_POINT('',(3.552713678801E-15,-42.11522834959,
    45.68817803525));
#11776 = ELLIPSE('',#11777,15.697859728005,2.5);
#11777 = AXIS2_PLACEMENT_3D('',#11778,#11779,#11780);
#11778 = CARTESIAN_POINT('',(1.06581410364E-14,-40.3,56.481999059212));
#11779 = DIRECTION('',(1.,3.936808494544E-32,-2.22044604925E-16));
#11780 = DIRECTION('',(2.22044604925E-16,-8.434319074657E-16,1.));
#11781 = ORIENTED_EDGE('',*,*,#11782,.F.);
#11782 = EDGE_CURVE('',#11783,#11774,#11785,.T.);
#11783 = VERTEX_POINT('',#11784);
#11784 = CARTESIAN_POINT('',(1.06581410364E-14,-41.,47.658997051973));
#11785 = CIRCLE('',#11786,1.835755975069);
#11786 = AXIS2_PLACEMENT_3D('',#11787,#11788,#11789);
#11787 = CARTESIAN_POINT('',(7.105427357601E-15,-40.3,45.961940777126));
#11788 = DIRECTION('',(1.,0.,-2.22044604925E-16));
#11789 = DIRECTION('',(2.22044604925E-16,0.,1.));
#11790 = ORIENTED_EDGE('',*,*,#11791,.F.);
#11791 = EDGE_CURVE('',#11792,#11783,#11794,.T.);
#11792 = VERTEX_POINT('',#11793);
#11793 = CARTESIAN_POINT('',(7.105427357601E-15,-40.3,47.800418408211));
#11794 = ELLIPSE('',#11795,3.535533905933,2.5);
#11795 = AXIS2_PLACEMENT_3D('',#11796,#11797,#11798);
#11796 = CARTESIAN_POINT('',(7.105427357601E-15,-40.3,44.264884502278));
#11797 = DIRECTION('',(1.,0.,-2.22044604925E-16));
#11798 = DIRECTION('',(2.22044604925E-16,0.,1.));
#11799 = ORIENTED_EDGE('',*,*,#11800,.T.);
#11800 = EDGE_CURVE('',#11792,#11801,#11803,.T.);
#11801 = VERTEX_POINT('',#11802);
#11802 = CARTESIAN_POINT('',(3.552713678801E-15,-40.,47.800418408211));
#11803 = LINE('',#11804,#11805);
#11804 = CARTESIAN_POINT('',(3.552713678801E-15,-250.,47.800418408211));
#11805 = VECTOR('',#11806,1.);
#11806 = DIRECTION('',(0.,1.,0.));
#11807 = ORIENTED_EDGE('',*,*,#11808,.F.);
#11808 = EDGE_CURVE('',#9504,#11801,#11809,.T.);
#11809 = LINE('',#11810,#11811);
#11810 = CARTESIAN_POINT('',(0.,-40.,49.497474683058));
#11811 = VECTOR('',#11812,1.);
#11812 = DIRECTION('',(0.,0.,-1.));
#11813 = PLANE('',#11814);
#11814 = AXIS2_PLACEMENT_3D('',#11815,#11816,#11817);
#11815 = CARTESIAN_POINT('',(1.099064721079E-14,-54.,49.497474683058));
#11816 = DIRECTION('',(1.,0.,-2.22044604925E-16));
#11817 = DIRECTION('',(-2.22044604925E-16,0.,-1.));
#11818 = ADVANCED_FACE('',(#11819),#11878,.F.);
#11819 = FACE_BOUND('',#11820,.F.);
#11820 = EDGE_LOOP('',(#11821,#11822,#11823,#11829,#11830,#11831,#11832,
    #11840,#11848,#11854,#11855,#11856,#11864,#11872));
#11821 = ORIENTED_EDGE('',*,*,#9511,.F.);
#11822 = ORIENTED_EDGE('',*,*,#11808,.T.);
#11823 = ORIENTED_EDGE('',*,*,#11824,.F.);
#11824 = EDGE_CURVE('',#11758,#11801,#11825,.T.);
#11825 = LINE('',#11826,#11827);
#11826 = CARTESIAN_POINT('',(5.684341886081E-14,-40.,250.));
#11827 = VECTOR('',#11828,1.);
#11828 = DIRECTION('',(2.22044604925E-16,0.,1.));
#11829 = ORIENTED_EDGE('',*,*,#11757,.T.);
#11830 = ORIENTED_EDGE('',*,*,#10905,.T.);
#11831 = ORIENTED_EDGE('',*,*,#10919,.F.);
#11832 = ORIENTED_EDGE('',*,*,#11833,.T.);
#11833 = EDGE_CURVE('',#10920,#11834,#11836,.T.);
#11834 = VERTEX_POINT('',#11835);
#11835 = CARTESIAN_POINT('',(7.105427357601E-15,-38.,41.497474683058));
#11836 = LINE('',#11837,#11838);
#11837 = CARTESIAN_POINT('',(1.010246879109E-14,-38.,45.497474683058));
#11838 = VECTOR('',#11839,1.);
#11839 = DIRECTION('',(2.22044604925E-16,0.,1.));
#11840 = ORIENTED_EDGE('',*,*,#11841,.T.);
#11841 = EDGE_CURVE('',#11834,#11842,#11844,.T.);
#11842 = VERTEX_POINT('',#11843);
#11843 = CARTESIAN_POINT('',(7.105427357601E-15,38.,41.497474683058));
#11844 = LINE('',#11845,#11846);
#11845 = CARTESIAN_POINT('',(9.214290371386E-15,-46.,41.497474683058));
#11846 = VECTOR('',#11847,1.);
#11847 = DIRECTION('',(0.,1.,0.));
#11848 = ORIENTED_EDGE('',*,*,#11849,.F.);
#11849 = EDGE_CURVE('',#10811,#11842,#11850,.T.);
#11850 = LINE('',#11851,#11852);
#11851 = CARTESIAN_POINT('',(1.010246879109E-14,38.,45.497474683058));
#11852 = VECTOR('',#11853,1.);
#11853 = DIRECTION('',(2.22044604925E-16,0.,1.));
#11854 = ORIENTED_EDGE('',*,*,#10810,.F.);
#11855 = ORIENTED_EDGE('',*,*,#10850,.F.);
#11856 = ORIENTED_EDGE('',*,*,#11857,.F.);
#11857 = EDGE_CURVE('',#11858,#10841,#11860,.T.);
#11858 = VERTEX_POINT('',#11859);
#11859 = CARTESIAN_POINT('',(0.,40.,40.784139331206));
#11860 = LINE('',#11861,#11862);
#11861 = CARTESIAN_POINT('',(0.,40.,49.497474683058));
#11862 = VECTOR('',#11863,1.);
#11863 = DIRECTION('',(0.,0.,-1.));
#11864 = ORIENTED_EDGE('',*,*,#11865,.T.);
#11865 = EDGE_CURVE('',#11858,#11866,#11868,.T.);
#11866 = VERTEX_POINT('',#11867);
#11867 = CARTESIAN_POINT('',(3.552713678801E-15,40.,47.800418408211));
#11868 = LINE('',#11869,#11870);
#11869 = CARTESIAN_POINT('',(5.684341886081E-14,40.,250.));
#11870 = VECTOR('',#11871,1.);
#11871 = DIRECTION('',(2.22044604925E-16,0.,1.));
#11872 = ORIENTED_EDGE('',*,*,#11873,.F.);
#11873 = EDGE_CURVE('',#9512,#11866,#11874,.T.);
#11874 = LINE('',#11875,#11876);
#11875 = CARTESIAN_POINT('',(0.,40.,49.497474683058));
#11876 = VECTOR('',#11877,1.);
#11877 = DIRECTION('',(0.,0.,-1.));
#11878 = PLANE('',#11879);
#11879 = AXIS2_PLACEMENT_3D('',#11880,#11881,#11882);
#11880 = CARTESIAN_POINT('',(1.099064721079E-14,-54.,49.497474683058));
#11881 = DIRECTION('',(1.,0.,-2.22044604925E-16));
#11882 = DIRECTION('',(-2.22044604925E-16,0.,-1.));
#11883 = ADVANCED_FACE('',(#11884),#11932,.F.);
#11884 = FACE_BOUND('',#11885,.F.);
#11885 = EDGE_LOOP('',(#11886,#11887,#11888,#11896,#11905,#11914,#11923,
    #11929,#11930,#11931));
#11886 = ORIENTED_EDGE('',*,*,#9519,.F.);
#11887 = ORIENTED_EDGE('',*,*,#11873,.T.);
#11888 = ORIENTED_EDGE('',*,*,#11889,.T.);
#11889 = EDGE_CURVE('',#11866,#11890,#11892,.T.);
#11890 = VERTEX_POINT('',#11891);
#11891 = CARTESIAN_POINT('',(7.105427357601E-15,40.3,47.800418408211));
#11892 = LINE('',#11893,#11894);
#11893 = CARTESIAN_POINT('',(3.552713678801E-15,-250.,47.800418408211));
#11894 = VECTOR('',#11895,1.);
#11895 = DIRECTION('',(0.,1.,0.));
#11896 = ORIENTED_EDGE('',*,*,#11897,.F.);
#11897 = EDGE_CURVE('',#11898,#11890,#11900,.T.);
#11898 = VERTEX_POINT('',#11899);
#11899 = CARTESIAN_POINT('',(1.06581410364E-14,41.,47.658997051973));
#11900 = ELLIPSE('',#11901,3.535533905933,2.5);
#11901 = AXIS2_PLACEMENT_3D('',#11902,#11903,#11904);
#11902 = CARTESIAN_POINT('',(7.105427357601E-15,40.3,44.264884502278));
#11903 = DIRECTION('',(1.,0.,-2.22044604925E-16));
#11904 = DIRECTION('',(2.22044604925E-16,0.,1.));
#11905 = ORIENTED_EDGE('',*,*,#11906,.F.);
#11906 = EDGE_CURVE('',#11907,#11898,#11909,.T.);
#11907 = VERTEX_POINT('',#11908);
#11908 = CARTESIAN_POINT('',(1.42108547152E-14,42.115228349591,
    45.68817803525));
#11909 = CIRCLE('',#11910,1.835755975069);
#11910 = AXIS2_PLACEMENT_3D('',#11911,#11912,#11913);
#11911 = CARTESIAN_POINT('',(7.105427357601E-15,40.3,45.961940777126));
#11912 = DIRECTION('',(1.,0.,-2.22044604925E-16));
#11913 = DIRECTION('',(2.22044604925E-16,0.,1.));
#11914 = ORIENTED_EDGE('',*,*,#11915,.F.);
#11915 = EDGE_CURVE('',#11916,#11907,#11918,.T.);
#11916 = VERTEX_POINT('',#11917);
#11917 = CARTESIAN_POINT('',(7.105427357601E-15,40.3,40.784139331206));
#11918 = ELLIPSE('',#11919,15.697859728005,2.5);
#11919 = AXIS2_PLACEMENT_3D('',#11920,#11921,#11922);
#11920 = CARTESIAN_POINT('',(1.06581410364E-14,40.3,56.481999059212));
#11921 = DIRECTION('',(1.,-1.523731824203E-31,-2.22044604925E-16));
#11922 = DIRECTION('',(-2.22044604925E-16,-1.574406227269E-15,-1.));
#11923 = ORIENTED_EDGE('',*,*,#11924,.T.);
#11924 = EDGE_CURVE('',#11916,#11858,#11925,.T.);
#11925 = LINE('',#11926,#11927);
#11926 = CARTESIAN_POINT('',(0.,-250.,40.784139331206));
#11927 = VECTOR('',#11928,1.);
#11928 = DIRECTION('',(0.,-1.,0.));
#11929 = ORIENTED_EDGE('',*,*,#11857,.T.);
#11930 = ORIENTED_EDGE('',*,*,#10840,.T.);
#11931 = ORIENTED_EDGE('',*,*,#11699,.F.);
#11932 = PLANE('',#11933);
#11933 = AXIS2_PLACEMENT_3D('',#11934,#11935,#11936);
#11934 = CARTESIAN_POINT('',(1.099064721079E-14,-54.,49.497474683058));
#11935 = DIRECTION('',(1.,0.,-2.22044604925E-16));
#11936 = DIRECTION('',(-2.22044604925E-16,0.,-1.));
#11937 = ADVANCED_FACE('',(#11938),#11974,.F.);
#11938 = FACE_BOUND('',#11939,.F.);
#11939 = EDGE_LOOP('',(#11940,#11949,#11955,#11956,#11957,#11958,#11967)
  );
#11940 = ORIENTED_EDGE('',*,*,#11941,.T.);
#11941 = EDGE_CURVE('',#10280,#11942,#11944,.T.);
#11942 = VERTEX_POINT('',#11943);
#11943 = CARTESIAN_POINT('',(15.812953530904,17.878753333408,
    48.846748539302));
#11944 = ELLIPSE('',#11945,4.951087023726,4.7);
#11945 = AXIS2_PLACEMENT_3D('',#11946,#11947,#11948);
#11946 = CARTESIAN_POINT('',(12.933769923577,21.726121464401,
    48.240108622391));
#11947 = DIRECTION('',(-0.206171893896,-2.775557561563E-17,
    0.978515789432));
#11948 = DIRECTION('',(0.954129076011,-0.2218629729,0.201033647844));
#11949 = ORIENTED_EDGE('',*,*,#11950,.T.);
#11950 = EDGE_CURVE('',#11942,#9702,#11951,.T.);
#11951 = LINE('',#11952,#11953);
#11952 = CARTESIAN_POINT('',(15.723736446604,17.938437232711,
    47.997904683733));
#11953 = VECTOR('',#11954,1.);
#11954 = DIRECTION('',(0.104273837185,-6.975647374413E-02,0.992099290016
    ));
#11955 = ORIENTED_EDGE('',*,*,#9710,.F.);
#11956 = ORIENTED_EDGE('',*,*,#9643,.F.);
#11957 = ORIENTED_EDGE('',*,*,#10742,.F.);
#11958 = ORIENTED_EDGE('',*,*,#11959,.T.);
#11959 = EDGE_CURVE('',#10743,#11960,#11962,.T.);
#11960 = VERTEX_POINT('',#11961);
#11961 = CARTESIAN_POINT('',(14.888479332306,25.992104912174,
    48.651963132217));
#11962 = ELLIPSE('',#11963,4.951087023726,4.7);
#11963 = AXIS2_PLACEMENT_3D('',#11964,#11965,#11966);
#11964 = CARTESIAN_POINT('',(12.933769923577,21.726121464401,
    48.240108622391));
#11965 = DIRECTION('',(-0.206171893896,-2.775557561563E-17,
    0.978515789432));
#11966 = DIRECTION('',(0.954129076011,-0.2218629729,0.201033647844));
#11967 = ORIENTED_EDGE('',*,*,#11968,.T.);
#11968 = EDGE_CURVE('',#11960,#10280,#11969,.T.);
#11969 = CIRCLE('',#11970,4.7);
#11970 = AXIS2_PLACEMENT_3D('',#11971,#11972,#11973);
#11971 = CARTESIAN_POINT('',(12.96660008815,21.704158941731,
    48.552466773231));
#11972 = DIRECTION('',(0.104273837185,-6.975647374413E-02,0.992099290016
    ));
#11973 = DIRECTION('',(0.994521895368,1.07850667488E-17,-0.104528463268)
  );
#11974 = CYLINDRICAL_SURFACE('',#11975,4.7);
#11975 = AXIS2_PLACEMENT_3D('',#11976,#11977,#11978);
#11976 = CARTESIAN_POINT('',(12.96660008815,21.704158941731,
    48.552466773231));
#11977 = DIRECTION('',(0.104273837185,-6.975647374413E-02,0.992099290016
    ));
#11978 = DIRECTION('',(0.994521895368,1.07850667488E-17,-0.104528463268)
  );
#11979 = ADVANCED_FACE('',(#11980),#12007,.T.);
#11980 = FACE_BOUND('',#11981,.T.);
#11981 = EDGE_LOOP('',(#11982,#11983,#11991,#11999,#12005,#12006));
#11982 = ORIENTED_EDGE('',*,*,#9748,.F.);
#11983 = ORIENTED_EDGE('',*,*,#11984,.F.);
#11984 = EDGE_CURVE('',#11985,#9740,#11987,.T.);
#11985 = VERTEX_POINT('',#11986);
#11986 = CARTESIAN_POINT('',(15.569209906427,-16.49247790561,
    46.527682862636));
#11987 = LINE('',#11988,#11989);
#11988 = CARTESIAN_POINT('',(15.472541789614,-16.42780946016,
    45.607947168177));
#11989 = VECTOR('',#11990,1.);
#11990 = DIRECTION('',(0.104273837185,-6.975647374413E-02,0.992099290016
    ));
#11991 = ORIENTED_EDGE('',*,*,#11992,.F.);
#11992 = EDGE_CURVE('',#11993,#11985,#11995,.T.);
#11993 = VERTEX_POINT('',#11994);
#11994 = CARTESIAN_POINT('',(15.812953530904,16.854383962236,
    48.846748539302));
#11995 = LINE('',#11996,#11997);
#11996 = CARTESIAN_POINT('',(15.545052724638,-19.79745134218,
    46.29784263091));
#11997 = VECTOR('',#11998,1.);
#11998 = DIRECTION('',(-7.291537003444E-03,-0.99756405026,
    -6.937434048221E-02));
#11999 = ORIENTED_EDGE('',*,*,#12000,.F.);
#12000 = EDGE_CURVE('',#11942,#11993,#12001,.T.);
#12001 = LINE('',#12002,#12003);
#12002 = CARTESIAN_POINT('',(15.812953530904,-15.34371197609,
    48.846748539302));
#12003 = VECTOR('',#12004,1.);
#12004 = DIRECTION('',(1.109006692395E-17,-1.,2.336661427276E-18));
#12005 = ORIENTED_EDGE('',*,*,#11950,.T.);
#12006 = ORIENTED_EDGE('',*,*,#9701,.T.);
#12007 = PLANE('',#12008);
#12008 = AXIS2_PLACEMENT_3D('',#12009,#12010,#12011);
#12009 = CARTESIAN_POINT('',(15.354416883399,-32.58862162159,
    44.484063759323));
#12010 = DIRECTION('',(0.994521895368,1.07850667488E-17,-0.104528463268)
  );
#12011 = DIRECTION('',(0.104273837185,-6.975647374413E-02,0.992099290016
    ));
#12012 = ADVANCED_FACE('',(#12013),#12025,.F.);
#12013 = FACE_BOUND('',#12014,.F.);
#12014 = EDGE_LOOP('',(#12015,#12022,#12023,#12024));
#12015 = ORIENTED_EDGE('',*,*,#12016,.T.);
#12016 = EDGE_CURVE('',#11985,#9854,#12017,.T.);
#12017 = ELLIPSE('',#12018,4.701388964618,4.7);
#12018 = AXIS2_PLACEMENT_3D('',#12019,#12020,#12021);
#12019 = CARTESIAN_POINT('',(12.749924978471,-20.25345078823,
    46.490940811584));
#12020 = DIRECTION('',(8.00700744977E-02,-6.973586509535E-02,
    0.994346867189));
#12021 = DIRECTION('',(0.996762567846,-1.695508365733E-03,
    -8.038350946135E-02));
#12022 = ORIENTED_EDGE('',*,*,#9861,.T.);
#12023 = ORIENTED_EDGE('',*,*,#9739,.F.);
#12024 = ORIENTED_EDGE('',*,*,#11984,.F.);
#12025 = CYLINDRICAL_SURFACE('',#12026,4.7);
#12026 = AXIS2_PLACEMENT_3D('',#12027,#12028,#12029);
#12027 = CARTESIAN_POINT('',(12.660355534006,-20.19353116918,
    45.638744472978));
#12028 = DIRECTION('',(0.104273837185,-6.975647374413E-02,0.992099290016
    ));
#12029 = DIRECTION('',(0.994521895368,1.07850667488E-17,-0.104528463268)
  );
#12030 = ADVANCED_FACE('',(#12031),#12042,.F.);
#12031 = FACE_BOUND('',#12032,.F.);
#12032 = EDGE_LOOP('',(#12033,#12039,#12040,#12041));
#12033 = ORIENTED_EDGE('',*,*,#12034,.T.);
#12034 = EDGE_CURVE('',#11738,#9766,#12035,.T.);
#12035 = LINE('',#12036,#12037);
#12036 = CARTESIAN_POINT('',(-1.,-49.,29.873358543988));
#12037 = VECTOR('',#12038,1.);
#12038 = DIRECTION('',(1.,0.,-2.22044604925E-16));
#12039 = ORIENTED_EDGE('',*,*,#9773,.F.);
#12040 = ORIENTED_EDGE('',*,*,#12034,.F.);
#12041 = ORIENTED_EDGE('',*,*,#11737,.T.);
#12042 = CYLINDRICAL_SURFACE('',#12043,2.3);
#12043 = AXIS2_PLACEMENT_3D('',#12044,#12045,#12046);
#12044 = CARTESIAN_POINT('',(-1.,-49.,32.173358543988));
#12045 = DIRECTION('',(1.,0.,-2.22044604925E-16));
#12046 = DIRECTION('',(-2.22044604925E-16,0.,-1.));
#12047 = ADVANCED_FACE('',(#12048),#12059,.F.);
#12048 = FACE_BOUND('',#12049,.F.);
#12049 = EDGE_LOOP('',(#12050,#12056,#12057,#12058));
#12050 = ORIENTED_EDGE('',*,*,#12051,.T.);
#12051 = EDGE_CURVE('',#11710,#9791,#12052,.T.);
#12052 = LINE('',#12053,#12054);
#12053 = CARTESIAN_POINT('',(-1.,49.,29.873358543988));
#12054 = VECTOR('',#12055,1.);
#12055 = DIRECTION('',(1.,0.,-2.22044604925E-16));
#12056 = ORIENTED_EDGE('',*,*,#9798,.F.);
#12057 = ORIENTED_EDGE('',*,*,#12051,.F.);
#12058 = ORIENTED_EDGE('',*,*,#11709,.T.);
#12059 = CYLINDRICAL_SURFACE('',#12060,2.3);
#12060 = AXIS2_PLACEMENT_3D('',#12061,#12062,#12063);
#12061 = CARTESIAN_POINT('',(-1.,49.,32.173358543988));
#12062 = DIRECTION('',(1.,0.,-2.22044604925E-16));
#12063 = DIRECTION('',(-2.22044604925E-16,0.,-1.));
#12064 = ADVANCED_FACE('',(#12065),#12078,.F.);
#12065 = FACE_BOUND('',#12066,.F.);
#12066 = EDGE_LOOP('',(#12067,#12073,#12074,#12075,#12076,#12077));
#12067 = ORIENTED_EDGE('',*,*,#12068,.F.);
#12068 = EDGE_CURVE('',#11247,#11993,#12069,.T.);
#12069 = LINE('',#12070,#12071);
#12070 = CARTESIAN_POINT('',(2.12132034356,-40.,45.961940777126));
#12071 = VECTOR('',#12072,1.);
#12072 = DIRECTION('',(0.233841685352,0.97102550028,4.927011261507E-02)
  );
#12073 = ORIENTED_EDGE('',*,*,#11254,.F.);
#12074 = ORIENTED_EDGE('',*,*,#9878,.F.);
#12075 = ORIENTED_EDGE('',*,*,#9853,.F.);
#12076 = ORIENTED_EDGE('',*,*,#12016,.F.);
#12077 = ORIENTED_EDGE('',*,*,#11992,.F.);
#12078 = PLANE('',#12079);
#12079 = AXIS2_PLACEMENT_3D('',#12080,#12081,#12082);
#12080 = CARTESIAN_POINT('',(13.709534262674,-6.938330531818,
    47.347488432096));
#12081 = DIRECTION('',(8.00700744977E-02,-6.973586509535E-02,
    0.994346867189));
#12082 = DIRECTION('',(0.996773521155,0.,-8.026548152338E-02));
#12083 = ADVANCED_FACE('',(#12084),#12109,.T.);
#12084 = FACE_BOUND('',#12085,.T.);
#12085 = EDGE_LOOP('',(#12086,#12094,#12095,#12103));
#12086 = ORIENTED_EDGE('',*,*,#12087,.F.);
#12087 = EDGE_CURVE('',#7103,#12088,#12090,.T.);
#12088 = VERTEX_POINT('',#12089);
#12089 = CARTESIAN_POINT('',(56.59373050801,-28.89763463562,
    40.409157871968));
#12090 = LINE('',#12091,#12092);
#12091 = CARTESIAN_POINT('',(56.567480974797,-32.48886521656,
    40.159410246232));
#12092 = VECTOR('',#12093,1.);
#12093 = DIRECTION('',(7.291537003444E-03,0.99756405026,
    6.937434048221E-02));
#12094 = ORIENTED_EDGE('',*,*,#9935,.F.);
#12095 = ORIENTED_EDGE('',*,*,#12096,.T.);
#12096 = EDGE_CURVE('',#6832,#12097,#12099,.T.);
#12097 = VERTEX_POINT('',#12098);
#12098 = CARTESIAN_POINT('',(61.999299124868,-28.89763463562,
    39.841009716317));
#12099 = LINE('',#12100,#12101);
#12100 = CARTESIAN_POINT('',(61.973049591656,-32.48886521656,
    39.591262090581));
#12101 = VECTOR('',#12102,1.);
#12102 = DIRECTION('',(7.291537003444E-03,0.99756405026,
    6.937434048221E-02));
#12103 = ORIENTED_EDGE('',*,*,#12104,.F.);
#12104 = EDGE_CURVE('',#12088,#12097,#12105,.T.);
#12105 = LINE('',#12106,#12107);
#12106 = CARTESIAN_POINT('',(56.59373050801,-28.89763463562,
    40.409157871968));
#12107 = VECTOR('',#12108,1.);
#12108 = DIRECTION('',(0.994521895368,1.07850667488E-17,-0.104528463268)
  );
#12109 = PLANE('',#12110);
#12110 = AXIS2_PLACEMENT_3D('',#12111,#12112,#12113);
#12111 = CARTESIAN_POINT('',(56.567480974797,-32.48886521656,
    40.159410246232));
#12112 = DIRECTION('',(0.104273837185,-6.975647374413E-02,0.992099290016
    ));
#12113 = DIRECTION('',(0.994521895368,1.07850667488E-17,-0.104528463268)
  );
#12114 = ADVANCED_FACE('',(#12115),#12133,.T.);
#12115 = FACE_BOUND('',#12116,.T.);
#12116 = EDGE_LOOP('',(#12117,#12118,#12126,#12132));
#12117 = ORIENTED_EDGE('',*,*,#10068,.T.);
#12118 = ORIENTED_EDGE('',*,*,#12119,.T.);
#12119 = EDGE_CURVE('',#10061,#12120,#12122,.T.);
#12120 = VERTEX_POINT('',#12121);
#12121 = CARTESIAN_POINT('',(61.729630610916,-28.71723344276,
    37.275285192748));
#12122 = LINE('',#12123,#12124);
#12123 = CARTESIAN_POINT('',(61.703381077704,-32.30846402369,
    37.025537567012));
#12124 = VECTOR('',#12125,1.);
#12125 = DIRECTION('',(7.291537003444E-03,0.99756405026,
    6.937434048221E-02));
#12126 = ORIENTED_EDGE('',*,*,#12127,.T.);
#12127 = EDGE_CURVE('',#12120,#12097,#12128,.T.);
#12128 = LINE('',#12129,#12130);
#12129 = CARTESIAN_POINT('',(61.521082936547,-28.57772049527,
    35.291086612716));
#12130 = VECTOR('',#12131,1.);
#12131 = DIRECTION('',(0.104273837185,-6.975647374413E-02,0.992099290016
    ));
#12132 = ORIENTED_EDGE('',*,*,#12096,.F.);
#12133 = PLANE('',#12134);
#12134 = AXIS2_PLACEMENT_3D('',#12135,#12136,#12137);
#12135 = CARTESIAN_POINT('',(61.494833403334,-32.1689510762,
    35.04133898698));
#12136 = DIRECTION('',(0.994521895368,1.07850667488E-17,-0.104528463268)
  );
#12137 = DIRECTION('',(0.104273837185,-6.975647374413E-02,0.992099290016
    ));
#12138 = ADVANCED_FACE('',(#12139),#12157,.T.);
#12139 = FACE_BOUND('',#12140,.T.);
#12140 = EDGE_LOOP('',(#12141,#12142,#12150,#12156));
#12141 = ORIENTED_EDGE('',*,*,#10060,.T.);
#12142 = ORIENTED_EDGE('',*,*,#12143,.T.);
#12143 = EDGE_CURVE('',#10053,#12144,#12146,.T.);
#12144 = VERTEX_POINT('',#12145);
#12145 = CARTESIAN_POINT('',(61.521082936547,-28.57772049527,
    35.291086612716));
#12146 = LINE('',#12147,#12148);
#12147 = CARTESIAN_POINT('',(61.494833403334,-32.1689510762,
    35.04133898698));
#12148 = VECTOR('',#12149,1.);
#12149 = DIRECTION('',(7.291537003444E-03,0.99756405026,
    6.937434048221E-02));
#12150 = ORIENTED_EDGE('',*,*,#12151,.T.);
#12151 = EDGE_CURVE('',#12144,#12120,#12152,.T.);
#12152 = LINE('',#12153,#12154);
#12153 = CARTESIAN_POINT('',(61.521082936547,-28.57772049527,
    35.291086612716));
#12154 = VECTOR('',#12155,1.);
#12155 = DIRECTION('',(0.104273837185,-6.975647374413E-02,0.992099290016
    ));
#12156 = ORIENTED_EDGE('',*,*,#12119,.F.);
#12157 = PLANE('',#12158);
#12158 = AXIS2_PLACEMENT_3D('',#12159,#12160,#12161);
#12159 = CARTESIAN_POINT('',(61.494833403334,-32.1689510762,
    35.04133898698));
#12160 = DIRECTION('',(0.994521895368,1.07850667488E-17,-0.104528463268)
  );
#12161 = DIRECTION('',(0.104273837185,-6.975647374413E-02,0.992099290016
    ));
#12162 = ADVANCED_FACE('',(#12163),#12181,.F.);
#12163 = FACE_BOUND('',#12164,.F.);
#12164 = EDGE_LOOP('',(#12165,#12173,#12179,#12180));
#12165 = ORIENTED_EDGE('',*,*,#12166,.F.);
#12166 = EDGE_CURVE('',#12167,#12144,#12169,.T.);
#12167 = VERTEX_POINT('',#12168);
#12168 = CARTESIAN_POINT('',(56.115514319688,-28.57772049527,
    35.859234768367));
#12169 = LINE('',#12170,#12171);
#12170 = CARTESIAN_POINT('',(56.115514319688,-28.57772049527,
    35.859234768367));
#12171 = VECTOR('',#12172,1.);
#12172 = DIRECTION('',(0.994521895368,1.07850667488E-17,-0.104528463268)
  );
#12173 = ORIENTED_EDGE('',*,*,#12174,.F.);
#12174 = EDGE_CURVE('',#10045,#12167,#12175,.T.);
#12175 = LINE('',#12176,#12177);
#12176 = CARTESIAN_POINT('',(56.089264786476,-32.1689510762,
    35.609487142631));
#12177 = VECTOR('',#12178,1.);
#12178 = DIRECTION('',(7.291537003444E-03,0.99756405026,
    6.937434048221E-02));
#12179 = ORIENTED_EDGE('',*,*,#10052,.T.);
#12180 = ORIENTED_EDGE('',*,*,#12143,.T.);
#12181 = PLANE('',#12182);
#12182 = AXIS2_PLACEMENT_3D('',#12183,#12184,#12185);
#12183 = CARTESIAN_POINT('',(56.089264786476,-32.1689510762,
    35.609487142631));
#12184 = DIRECTION('',(0.104273837185,-6.975647374413E-02,0.992099290016
    ));
#12185 = DIRECTION('',(0.994521895368,1.07850667488E-17,-0.104528463268)
  );
#12186 = ADVANCED_FACE('',(#12187),#12205,.F.);
#12187 = FACE_BOUND('',#12188,.F.);
#12188 = EDGE_LOOP('',(#12189,#12190,#12191,#12199));
#12189 = ORIENTED_EDGE('',*,*,#10044,.T.);
#12190 = ORIENTED_EDGE('',*,*,#12174,.T.);
#12191 = ORIENTED_EDGE('',*,*,#12192,.T.);
#12192 = EDGE_CURVE('',#12167,#12193,#12195,.T.);
#12193 = VERTEX_POINT('',#12194);
#12194 = CARTESIAN_POINT('',(56.324061994057,-28.71723344276,
    37.843433348399));
#12195 = LINE('',#12196,#12197);
#12196 = CARTESIAN_POINT('',(56.115514319688,-28.57772049527,
    35.859234768367));
#12197 = VECTOR('',#12198,1.);
#12198 = DIRECTION('',(0.104273837185,-6.975647374413E-02,0.992099290016
    ));
#12199 = ORIENTED_EDGE('',*,*,#12200,.F.);
#12200 = EDGE_CURVE('',#10037,#12193,#12201,.T.);
#12201 = LINE('',#12202,#12203);
#12202 = CARTESIAN_POINT('',(56.297812460845,-32.30846402369,
    37.593685722663));
#12203 = VECTOR('',#12204,1.);
#12204 = DIRECTION('',(7.291537003444E-03,0.99756405026,
    6.937434048221E-02));
#12205 = PLANE('',#12206);
#12206 = AXIS2_PLACEMENT_3D('',#12207,#12208,#12209);
#12207 = CARTESIAN_POINT('',(56.089264786476,-32.1689510762,
    35.609487142631));
#12208 = DIRECTION('',(0.994521895368,1.07850667488E-17,-0.104528463268)
  );
#12209 = DIRECTION('',(0.104273837185,-6.975647374413E-02,0.992099290016
    ));
#12210 = ADVANCED_FACE('',(#12211),#12222,.F.);
#12211 = FACE_BOUND('',#12212,.F.);
#12212 = EDGE_LOOP('',(#12213,#12214,#12215,#12221));
#12213 = ORIENTED_EDGE('',*,*,#10036,.T.);
#12214 = ORIENTED_EDGE('',*,*,#12200,.T.);
#12215 = ORIENTED_EDGE('',*,*,#12216,.T.);
#12216 = EDGE_CURVE('',#12193,#12088,#12217,.T.);
#12217 = LINE('',#12218,#12219);
#12218 = CARTESIAN_POINT('',(56.115514319688,-28.57772049527,
    35.859234768367));
#12219 = VECTOR('',#12220,1.);
#12220 = DIRECTION('',(0.104273837185,-6.975647374413E-02,0.992099290016
    ));
#12221 = ORIENTED_EDGE('',*,*,#12087,.F.);
#12222 = PLANE('',#12223);
#12223 = AXIS2_PLACEMENT_3D('',#12224,#12225,#12226);
#12224 = CARTESIAN_POINT('',(56.089264786476,-32.1689510762,
    35.609487142631));
#12225 = DIRECTION('',(0.994521895368,1.07850667488E-17,-0.104528463268)
  );
#12226 = DIRECTION('',(0.104273837185,-6.975647374413E-02,0.992099290016
    ));
#12227 = ADVANCED_FACE('',(#12228),#12253,.T.);
#12228 = FACE_BOUND('',#12229,.T.);
#12229 = EDGE_LOOP('',(#12230,#12231,#12239,#12247));
#12230 = ORIENTED_EDGE('',*,*,#10029,.T.);
#12231 = ORIENTED_EDGE('',*,*,#12232,.T.);
#12232 = EDGE_CURVE('',#10022,#12233,#12235,.T.);
#12233 = VERTEX_POINT('',#12234);
#12234 = CARTESIAN_POINT('',(54.335018203321,-28.71723344276,
    38.052490274934));
#12235 = LINE('',#12236,#12237);
#12236 = CARTESIAN_POINT('',(54.308768670108,-32.30846402369,
    37.802742649198));
#12237 = VECTOR('',#12238,1.);
#12238 = DIRECTION('',(7.291537003444E-03,0.99756405026,
    6.937434048221E-02));
#12239 = ORIENTED_EDGE('',*,*,#12240,.T.);
#12240 = EDGE_CURVE('',#12233,#12241,#12243,.T.);
#12241 = VERTEX_POINT('',#12242);
#12242 = CARTESIAN_POINT('',(54.604686717273,-28.89763463562,
    40.618214798503));
#12243 = LINE('',#12244,#12245);
#12244 = CARTESIAN_POINT('',(54.126470528951,-28.57772049527,
    36.068291694903));
#12245 = VECTOR('',#12246,1.);
#12246 = DIRECTION('',(0.104273837185,-6.975647374413E-02,0.992099290016
    ));
#12247 = ORIENTED_EDGE('',*,*,#12248,.F.);
#12248 = EDGE_CURVE('',#7094,#12241,#12249,.T.);
#12249 = LINE('',#12250,#12251);
#12250 = CARTESIAN_POINT('',(54.578437184061,-32.48886521656,
    40.368467172767));
#12251 = VECTOR('',#12252,1.);
#12252 = DIRECTION('',(7.291537003444E-03,0.99756405026,
    6.937434048221E-02));
#12253 = PLANE('',#12254);
#12254 = AXIS2_PLACEMENT_3D('',#12255,#12256,#12257);
#12255 = CARTESIAN_POINT('',(54.100220995739,-32.1689510762,
    35.818544069167));
#12256 = DIRECTION('',(0.994521895368,1.07850667488E-17,-0.104528463268)
  );
#12257 = DIRECTION('',(0.104273837185,-6.975647374413E-02,0.992099290016
    ));
#12258 = ADVANCED_FACE('',(#12259),#12277,.T.);
#12259 = FACE_BOUND('',#12260,.T.);
#12260 = EDGE_LOOP('',(#12261,#12262,#12270,#12276));
#12261 = ORIENTED_EDGE('',*,*,#10021,.T.);
#12262 = ORIENTED_EDGE('',*,*,#12263,.T.);
#12263 = EDGE_CURVE('',#10014,#12264,#12266,.T.);
#12264 = VERTEX_POINT('',#12265);
#12265 = CARTESIAN_POINT('',(54.126470528951,-28.57772049527,
    36.068291694903));
#12266 = LINE('',#12267,#12268);
#12267 = CARTESIAN_POINT('',(54.100220995739,-32.1689510762,
    35.818544069167));
#12268 = VECTOR('',#12269,1.);
#12269 = DIRECTION('',(7.291537003444E-03,0.99756405026,
    6.937434048221E-02));
#12270 = ORIENTED_EDGE('',*,*,#12271,.T.);
#12271 = EDGE_CURVE('',#12264,#12233,#12272,.T.);
#12272 = LINE('',#12273,#12274);
#12273 = CARTESIAN_POINT('',(54.126470528951,-28.57772049527,
    36.068291694903));
#12274 = VECTOR('',#12275,1.);
#12275 = DIRECTION('',(0.104273837185,-6.975647374413E-02,0.992099290016
    ));
#12276 = ORIENTED_EDGE('',*,*,#12232,.F.);
#12277 = PLANE('',#12278);
#12278 = AXIS2_PLACEMENT_3D('',#12279,#12280,#12281);
#12279 = CARTESIAN_POINT('',(54.100220995739,-32.1689510762,
    35.818544069167));
#12280 = DIRECTION('',(0.994521895368,1.07850667488E-17,-0.104528463268)
  );
#12281 = DIRECTION('',(0.104273837185,-6.975647374413E-02,0.992099290016
    ));
#12282 = ADVANCED_FACE('',(#12283),#12301,.F.);
#12283 = FACE_BOUND('',#12284,.F.);
#12284 = EDGE_LOOP('',(#12285,#12293,#12299,#12300));
#12285 = ORIENTED_EDGE('',*,*,#12286,.F.);
#12286 = EDGE_CURVE('',#12287,#12264,#12289,.T.);
#12287 = VERTEX_POINT('',#12288);
#12288 = CARTESIAN_POINT('',(49.127008960935,-28.57772049527,
    36.593756279749));
#12289 = LINE('',#12290,#12291);
#12290 = CARTESIAN_POINT('',(49.127008960935,-28.57772049527,
    36.593756279749));
#12291 = VECTOR('',#12292,1.);
#12292 = DIRECTION('',(0.994521895368,1.07850667488E-17,-0.104528463268)
  );
#12293 = ORIENTED_EDGE('',*,*,#12294,.F.);
#12294 = EDGE_CURVE('',#10006,#12287,#12295,.T.);
#12295 = LINE('',#12296,#12297);
#12296 = CARTESIAN_POINT('',(49.100759427723,-32.1689510762,
    36.344008654013));
#12297 = VECTOR('',#12298,1.);
#12298 = DIRECTION('',(7.291537003444E-03,0.99756405026,
    6.937434048221E-02));
#12299 = ORIENTED_EDGE('',*,*,#10013,.T.);
#12300 = ORIENTED_EDGE('',*,*,#12263,.T.);
#12301 = PLANE('',#12302);
#12302 = AXIS2_PLACEMENT_3D('',#12303,#12304,#12305);
#12303 = CARTESIAN_POINT('',(49.100759427723,-32.1689510762,
    36.344008654013));
#12304 = DIRECTION('',(0.104273837185,-6.975647374413E-02,0.992099290016
    ));
#12305 = DIRECTION('',(0.994521895368,1.07850667488E-17,-0.104528463268)
  );
#12306 = ADVANCED_FACE('',(#12307),#12325,.F.);
#12307 = FACE_BOUND('',#12308,.F.);
#12308 = EDGE_LOOP('',(#12309,#12310,#12311,#12319));
#12309 = ORIENTED_EDGE('',*,*,#10005,.T.);
#12310 = ORIENTED_EDGE('',*,*,#12294,.T.);
#12311 = ORIENTED_EDGE('',*,*,#12312,.T.);
#12312 = EDGE_CURVE('',#12287,#12313,#12315,.T.);
#12313 = VERTEX_POINT('',#12314);
#12314 = CARTESIAN_POINT('',(49.335556635305,-28.71723344276,
    38.57795485978));
#12315 = LINE('',#12316,#12317);
#12316 = CARTESIAN_POINT('',(49.127008960935,-28.57772049527,
    36.593756279749));
#12317 = VECTOR('',#12318,1.);
#12318 = DIRECTION('',(0.104273837185,-6.975647374413E-02,0.992099290016
    ));
#12319 = ORIENTED_EDGE('',*,*,#12320,.F.);
#12320 = EDGE_CURVE('',#9998,#12313,#12321,.T.);
#12321 = LINE('',#12322,#12323);
#12322 = CARTESIAN_POINT('',(49.309307102092,-32.30846402369,
    38.328207234044));
#12323 = VECTOR('',#12324,1.);
#12324 = DIRECTION('',(7.291537003444E-03,0.99756405026,
    6.937434048221E-02));
#12325 = PLANE('',#12326);
#12326 = AXIS2_PLACEMENT_3D('',#12327,#12328,#12329);
#12327 = CARTESIAN_POINT('',(49.100759427723,-32.1689510762,
    36.344008654013));
#12328 = DIRECTION('',(0.994521895368,1.07850667488E-17,-0.104528463268)
  );
#12329 = DIRECTION('',(0.104273837185,-6.975647374413E-02,0.992099290016
    ));
#12330 = ADVANCED_FACE('',(#12331),#12349,.F.);
#12331 = FACE_BOUND('',#12332,.F.);
#12332 = EDGE_LOOP('',(#12333,#12334,#12335,#12343));
#12333 = ORIENTED_EDGE('',*,*,#9997,.T.);
#12334 = ORIENTED_EDGE('',*,*,#12320,.T.);
#12335 = ORIENTED_EDGE('',*,*,#12336,.T.);
#12336 = EDGE_CURVE('',#12313,#12337,#12339,.T.);
#12337 = VERTEX_POINT('',#12338);
#12338 = CARTESIAN_POINT('',(49.605225149257,-28.89763463562,
    41.143679383349));
#12339 = LINE('',#12340,#12341);
#12340 = CARTESIAN_POINT('',(49.127008960935,-28.57772049527,
    36.593756279749));
#12341 = VECTOR('',#12342,1.);
#12342 = DIRECTION('',(0.104273837185,-6.975647374413E-02,0.992099290016
    ));
#12343 = ORIENTED_EDGE('',*,*,#12344,.F.);
#12344 = EDGE_CURVE('',#6991,#12337,#12345,.T.);
#12345 = LINE('',#12346,#12347);
#12346 = CARTESIAN_POINT('',(49.578975616044,-32.48886521656,
    40.893931757614));
#12347 = VECTOR('',#12348,1.);
#12348 = DIRECTION('',(7.291537003444E-03,0.99756405026,
    6.937434048221E-02));
#12349 = PLANE('',#12350);
#12350 = AXIS2_PLACEMENT_3D('',#12351,#12352,#12353);
#12351 = CARTESIAN_POINT('',(49.100759427723,-32.1689510762,
    36.344008654013));
#12352 = DIRECTION('',(0.994521895368,1.07850667488E-17,-0.104528463268)
  );
#12353 = DIRECTION('',(0.104273837185,-6.975647374413E-02,0.992099290016
    ));
#12354 = ADVANCED_FACE('',(#12355),#12380,.T.);
#12355 = FACE_BOUND('',#12356,.T.);
#12356 = EDGE_LOOP('',(#12357,#12358,#12366,#12374));
#12357 = ORIENTED_EDGE('',*,*,#9990,.T.);
#12358 = ORIENTED_EDGE('',*,*,#12359,.T.);
#12359 = EDGE_CURVE('',#9983,#12360,#12362,.T.);
#12360 = VERTEX_POINT('',#12361);
#12361 = CARTESIAN_POINT('',(35.810058858296,-28.71723344276,
    39.999541960221));
#12362 = LINE('',#12363,#12364);
#12363 = CARTESIAN_POINT('',(35.783809325084,-32.30846402369,
    39.749794334485));
#12364 = VECTOR('',#12365,1.);
#12365 = DIRECTION('',(7.291537003444E-03,0.99756405026,
    6.937434048221E-02));
#12366 = ORIENTED_EDGE('',*,*,#12367,.T.);
#12367 = EDGE_CURVE('',#12360,#12368,#12370,.T.);
#12368 = VERTEX_POINT('',#12369);
#12369 = CARTESIAN_POINT('',(36.079727372248,-28.89763463562,
    42.56526648379));
#12370 = LINE('',#12371,#12372);
#12371 = CARTESIAN_POINT('',(35.601511183927,-28.57772049527,
    38.015343380189));
#12372 = VECTOR('',#12373,1.);
#12373 = DIRECTION('',(0.104273837185,-6.975647374413E-02,0.992099290016
    ));
#12374 = ORIENTED_EDGE('',*,*,#12375,.F.);
#12375 = EDGE_CURVE('',#6999,#12368,#12376,.T.);
#12376 = LINE('',#12377,#12378);
#12377 = CARTESIAN_POINT('',(36.053477839036,-32.48886521656,
    42.315518858054));
#12378 = VECTOR('',#12379,1.);
#12379 = DIRECTION('',(7.291537003444E-03,0.99756405026,
    6.937434048221E-02));
#12380 = PLANE('',#12381);
#12381 = AXIS2_PLACEMENT_3D('',#12382,#12383,#12384);
#12382 = CARTESIAN_POINT('',(35.575261650714,-32.1689510762,
    37.765595754453));
#12383 = DIRECTION('',(0.994521895368,1.07850667488E-17,-0.104528463268)
  );
#12384 = DIRECTION('',(0.104273837185,-6.975647374413E-02,0.992099290016
    ));
#12385 = ADVANCED_FACE('',(#12386),#12404,.T.);
#12386 = FACE_BOUND('',#12387,.T.);
#12387 = EDGE_LOOP('',(#12388,#12389,#12397,#12403));
#12388 = ORIENTED_EDGE('',*,*,#9982,.T.);
#12389 = ORIENTED_EDGE('',*,*,#12390,.T.);
#12390 = EDGE_CURVE('',#9975,#12391,#12393,.T.);
#12391 = VERTEX_POINT('',#12392);
#12392 = CARTESIAN_POINT('',(35.601511183927,-28.57772049527,
    38.015343380189));
#12393 = LINE('',#12394,#12395);
#12394 = CARTESIAN_POINT('',(35.575261650714,-32.1689510762,
    37.765595754453));
#12395 = VECTOR('',#12396,1.);
#12396 = DIRECTION('',(7.291537003444E-03,0.99756405026,
    6.937434048221E-02));
#12397 = ORIENTED_EDGE('',*,*,#12398,.T.);
#12398 = EDGE_CURVE('',#12391,#12360,#12399,.T.);
#12399 = LINE('',#12400,#12401);
#12400 = CARTESIAN_POINT('',(35.601511183927,-28.57772049527,
    38.015343380189));
#12401 = VECTOR('',#12402,1.);
#12402 = DIRECTION('',(0.104273837185,-6.975647374413E-02,0.992099290016
    ));
#12403 = ORIENTED_EDGE('',*,*,#12359,.F.);
#12404 = PLANE('',#12405);
#12405 = AXIS2_PLACEMENT_3D('',#12406,#12407,#12408);
#12406 = CARTESIAN_POINT('',(35.575261650714,-32.1689510762,
    37.765595754453));
#12407 = DIRECTION('',(0.994521895368,1.07850667488E-17,-0.104528463268)
  );
#12408 = DIRECTION('',(0.104273837185,-6.975647374413E-02,0.992099290016
    ));
#12409 = ADVANCED_FACE('',(#12410),#12428,.F.);
#12410 = FACE_BOUND('',#12411,.F.);
#12411 = EDGE_LOOP('',(#12412,#12420,#12426,#12427));
#12412 = ORIENTED_EDGE('',*,*,#12413,.F.);
#12413 = EDGE_CURVE('',#12414,#12391,#12416,.T.);
#12414 = VERTEX_POINT('',#12415);
#12415 = CARTESIAN_POINT('',(23.257163303084,-28.57772049527,
    39.312786624059));
#12416 = LINE('',#12417,#12418);
#12417 = CARTESIAN_POINT('',(23.257163303084,-28.57772049527,
    39.312786624059));
#12418 = VECTOR('',#12419,1.);
#12419 = DIRECTION('',(0.994521895368,1.07850667488E-17,-0.104528463268)
  );
#12420 = ORIENTED_EDGE('',*,*,#12421,.F.);
#12421 = EDGE_CURVE('',#9967,#12414,#12422,.T.);
#12422 = LINE('',#12423,#12424);
#12423 = CARTESIAN_POINT('',(23.230913769871,-32.1689510762,
    39.063038998323));
#12424 = VECTOR('',#12425,1.);
#12425 = DIRECTION('',(7.291537003444E-03,0.99756405026,
    6.937434048221E-02));
#12426 = ORIENTED_EDGE('',*,*,#9974,.T.);
#12427 = ORIENTED_EDGE('',*,*,#12390,.T.);
#12428 = PLANE('',#12429);
#12429 = AXIS2_PLACEMENT_3D('',#12430,#12431,#12432);
#12430 = CARTESIAN_POINT('',(23.230913769871,-32.1689510762,
    39.063038998323));
#12431 = DIRECTION('',(0.104273837185,-6.975647374413E-02,0.992099290016
    ));
#12432 = DIRECTION('',(0.994521895368,1.07850667488E-17,-0.104528463268)
  );
#12433 = ADVANCED_FACE('',(#12434),#12452,.F.);
#12434 = FACE_BOUND('',#12435,.F.);
#12435 = EDGE_LOOP('',(#12436,#12437,#12438,#12446));
#12436 = ORIENTED_EDGE('',*,*,#9966,.T.);
#12437 = ORIENTED_EDGE('',*,*,#12421,.T.);
#12438 = ORIENTED_EDGE('',*,*,#12439,.T.);
#12439 = EDGE_CURVE('',#12414,#12440,#12442,.T.);
#12440 = VERTEX_POINT('',#12441);
#12441 = CARTESIAN_POINT('',(23.465710977453,-28.71723344276,
    41.29698520409));
#12442 = LINE('',#12443,#12444);
#12443 = CARTESIAN_POINT('',(23.257163303084,-28.57772049527,
    39.312786624059));
#12444 = VECTOR('',#12445,1.);
#12445 = DIRECTION('',(0.104273837185,-6.975647374413E-02,0.992099290016
    ));
#12446 = ORIENTED_EDGE('',*,*,#12447,.F.);
#12447 = EDGE_CURVE('',#9959,#12440,#12448,.T.);
#12448 = LINE('',#12449,#12450);
#12449 = CARTESIAN_POINT('',(23.439461444241,-32.30846402369,
    41.047237578354));
#12450 = VECTOR('',#12451,1.);
#12451 = DIRECTION('',(7.291537003444E-03,0.99756405026,
    6.937434048221E-02));
#12452 = PLANE('',#12453);
#12453 = AXIS2_PLACEMENT_3D('',#12454,#12455,#12456);
#12454 = CARTESIAN_POINT('',(23.230913769871,-32.1689510762,
    39.063038998323));
#12455 = DIRECTION('',(0.994521895368,1.07850667488E-17,-0.104528463268)
  );
#12456 = DIRECTION('',(0.104273837185,-6.975647374413E-02,0.992099290016
    ));
#12457 = ADVANCED_FACE('',(#12458),#12476,.F.);
#12458 = FACE_BOUND('',#12459,.F.);
#12459 = EDGE_LOOP('',(#12460,#12461,#12462,#12470));
#12460 = ORIENTED_EDGE('',*,*,#9958,.T.);
#12461 = ORIENTED_EDGE('',*,*,#12447,.T.);
#12462 = ORIENTED_EDGE('',*,*,#12463,.T.);
#12463 = EDGE_CURVE('',#12440,#12464,#12466,.T.);
#12464 = VERTEX_POINT('',#12465);
#12465 = CARTESIAN_POINT('',(23.735379491405,-28.89763463562,
    43.862709727659));
#12466 = LINE('',#12467,#12468);
#12467 = CARTESIAN_POINT('',(23.257163303084,-28.57772049527,
    39.312786624059));
#12468 = VECTOR('',#12469,1.);
#12469 = DIRECTION('',(0.104273837185,-6.975647374413E-02,0.992099290016
    ));
#12470 = ORIENTED_EDGE('',*,*,#12471,.F.);
#12471 = EDGE_CURVE('',#7023,#12464,#12472,.T.);
#12472 = LINE('',#12473,#12474);
#12473 = CARTESIAN_POINT('',(23.709129958193,-32.48886521656,
    43.612962101923));
#12474 = VECTOR('',#12475,1.);
#12475 = DIRECTION('',(7.291537003444E-03,0.99756405026,
    6.937434048221E-02));
#12476 = PLANE('',#12477);
#12477 = AXIS2_PLACEMENT_3D('',#12478,#12479,#12480);
#12478 = CARTESIAN_POINT('',(23.230913769871,-32.1689510762,
    39.063038998323));
#12479 = DIRECTION('',(0.994521895368,1.07850667488E-17,-0.104528463268)
  );
#12480 = DIRECTION('',(0.104273837185,-6.975647374413E-02,0.992099290016
    ));
#12481 = ADVANCED_FACE('',(#12482),#12500,.F.);
#12482 = FACE_BOUND('',#12483,.F.);
#12483 = EDGE_LOOP('',(#12484,#12485,#12486,#12494));
#12484 = ORIENTED_EDGE('',*,*,#10191,.F.);
#12485 = ORIENTED_EDGE('',*,*,#10091,.F.);
#12486 = ORIENTED_EDGE('',*,*,#12487,.T.);
#12487 = EDGE_CURVE('',#10084,#12488,#12490,.T.);
#12488 = VERTEX_POINT('',#12489);
#12489 = CARTESIAN_POINT('',(65.118201379549,-14.12652047675,
    37.945034093882));
#12490 = LINE('',#12491,#12492);
#12491 = CARTESIAN_POINT('',(65.035614937743,-25.4252720769,
    37.159276587556));
#12492 = VECTOR('',#12493,1.);
#12493 = DIRECTION('',(7.291537003444E-03,0.99756405026,
    6.937434048221E-02));
#12494 = ORIENTED_EDGE('',*,*,#12495,.T.);
#12495 = EDGE_CURVE('',#12488,#10192,#12496,.T.);
#12496 = LINE('',#12497,#12498);
#12497 = CARTESIAN_POINT('',(64.804136767445,-13.91641945372,
    34.956908912149));
#12498 = VECTOR('',#12499,1.);
#12499 = DIRECTION('',(0.104273837185,-6.975647374413E-02,0.992099290016
    ));
#12500 = PLANE('',#12501);
#12501 = AXIS2_PLACEMENT_3D('',#12502,#12503,#12504);
#12502 = CARTESIAN_POINT('',(64.827067263373,-25.28575912941,
    35.175078007524));
#12503 = DIRECTION('',(0.994521895368,1.07850667488E-17,-0.104528463268)
  );
#12504 = DIRECTION('',(0.104273837185,-6.975647374413E-02,0.992099290016
    ));
#12505 = ADVANCED_FACE('',(#12506),#12531,.F.);
#12506 = FACE_BOUND('',#12507,.F.);
#12507 = EDGE_LOOP('',(#12508,#12516,#12524,#12530));
#12508 = ORIENTED_EDGE('',*,*,#12509,.F.);
#12509 = EDGE_CURVE('',#12510,#10115,#12512,.T.);
#12510 = VERTEX_POINT('',#12511);
#12511 = CARTESIAN_POINT('',(63.733093178468,-25.28575912941,
    35.290059317119));
#12512 = LINE('',#12513,#12514);
#12513 = CARTESIAN_POINT('',(63.733093178468,-25.28575912941,
    35.290059317119));
#12514 = VECTOR('',#12515,1.);
#12515 = DIRECTION('',(0.994521895368,1.07850667488E-17,-0.104528463268)
  );
#12516 = ORIENTED_EDGE('',*,*,#12517,.T.);
#12517 = EDGE_CURVE('',#12510,#12518,#12520,.T.);
#12518 = VERTEX_POINT('',#12519);
#12519 = CARTESIAN_POINT('',(63.941640852838,-25.4252720769,
    37.27425789715));
#12520 = LINE('',#12521,#12522);
#12521 = CARTESIAN_POINT('',(63.733093178468,-25.28575912941,
    35.290059317119));
#12522 = VECTOR('',#12523,1.);
#12523 = DIRECTION('',(0.104273837185,-6.975647374413E-02,0.992099290016
    ));
#12524 = ORIENTED_EDGE('',*,*,#12525,.T.);
#12525 = EDGE_CURVE('',#12518,#10084,#12526,.T.);
#12526 = LINE('',#12527,#12528);
#12527 = CARTESIAN_POINT('',(63.941640852838,-25.4252720769,
    37.27425789715));
#12528 = VECTOR('',#12529,1.);
#12529 = DIRECTION('',(0.994521895368,1.07850667488E-17,-0.104528463268)
  );
#12530 = ORIENTED_EDGE('',*,*,#10122,.F.);
#12531 = PLANE('',#12532);
#12532 = AXIS2_PLACEMENT_3D('',#12533,#12534,#12535);
#12533 = CARTESIAN_POINT('',(63.733093178468,-25.28575912941,
    35.290059317119));
#12534 = DIRECTION('',(7.291537003444E-03,0.99756405026,
    6.937434048221E-02));
#12535 = DIRECTION('',(0.104273837185,-6.975647374413E-02,0.992099290016
    ));
#12536 = ADVANCED_FACE('',(#12537),#12555,.F.);
#12537 = FACE_BOUND('',#12538,.F.);
#12538 = EDGE_LOOP('',(#12539,#12547,#12548,#12549));
#12539 = ORIENTED_EDGE('',*,*,#12540,.F.);
#12540 = EDGE_CURVE('',#12510,#12541,#12543,.T.);
#12541 = VERTEX_POINT('',#12542);
#12542 = CARTESIAN_POINT('',(63.815679620275,-13.98700752926,
    36.075816823445));
#12543 = LINE('',#12544,#12545);
#12544 = CARTESIAN_POINT('',(63.733093178468,-25.28575912941,
    35.290059317119));
#12545 = VECTOR('',#12546,1.);
#12546 = DIRECTION('',(7.291537003444E-03,0.99756405026,
    6.937434048221E-02));
#12547 = ORIENTED_EDGE('',*,*,#12509,.T.);
#12548 = ORIENTED_EDGE('',*,*,#10138,.T.);
#12549 = ORIENTED_EDGE('',*,*,#12550,.T.);
#12550 = EDGE_CURVE('',#10139,#12541,#12551,.T.);
#12551 = LINE('',#12552,#12553);
#12552 = CARTESIAN_POINT('',(57.375746571876,-13.98700752926,
    36.752681061659));
#12553 = VECTOR('',#12554,1.);
#12554 = DIRECTION('',(-0.994521895368,-1.07850667488E-17,0.104528463268
    ));
#12555 = PLANE('',#12556);
#12556 = AXIS2_PLACEMENT_3D('',#12557,#12558,#12559);
#12557 = CARTESIAN_POINT('',(63.733093178468,-25.28575912941,
    35.290059317119));
#12558 = DIRECTION('',(0.104273837185,-6.975647374413E-02,0.992099290016
    ));
#12559 = DIRECTION('',(0.994521895368,1.07850667488E-17,-0.104528463268)
  );
#12560 = ADVANCED_FACE('',(#12561),#12582,.T.);
#12561 = FACE_BOUND('',#12562,.T.);
#12562 = EDGE_LOOP('',(#12563,#12569,#12570,#12576));
#12563 = ORIENTED_EDGE('',*,*,#12564,.F.);
#12564 = EDGE_CURVE('',#6870,#10217,#12565,.T.);
#12565 = LINE('',#12566,#12567);
#12566 = CARTESIAN_POINT('',(66.787115809984,-13.84583137817,
    33.733472537585));
#12567 = VECTOR('',#12568,1.);
#12568 = DIRECTION('',(0.104273837185,-6.975647374413E-02,0.992099290016
    ));
#12569 = ORIENTED_EDGE('',*,*,#10148,.T.);
#12570 = ORIENTED_EDGE('',*,*,#12571,.T.);
#12571 = EDGE_CURVE('',#10139,#12488,#12572,.T.);
#12572 = LINE('',#12573,#12574);
#12573 = CARTESIAN_POINT('',(64.804136767445,-13.91641945372,
    34.956908912149));
#12574 = VECTOR('',#12575,1.);
#12575 = DIRECTION('',(0.104273837185,-6.975647374413E-02,0.992099290016
    ));
#12576 = ORIENTED_EDGE('',*,*,#12577,.F.);
#12577 = EDGE_CURVE('',#10217,#12488,#12578,.T.);
#12578 = LINE('',#12579,#12580);
#12579 = CARTESIAN_POINT('',(57.584294246245,-14.12652047675,
    38.73687964169));
#12580 = VECTOR('',#12581,1.);
#12581 = DIRECTION('',(-0.994521895368,-1.07850667488E-17,0.104528463268
    ));
#12582 = PLANE('',#12583);
#12583 = AXIS2_PLACEMENT_3D('',#12584,#12585,#12586);
#12584 = CARTESIAN_POINT('',(50.724779648007,-13.84583137817,
    35.42169209647));
#12585 = DIRECTION('',(7.291537003444E-03,0.99756405026,
    6.937434048221E-02));
#12586 = DIRECTION('',(0.104273837185,-6.975647374413E-02,0.992099290016
    ));
#12587 = ADVANCED_FACE('',(#12588),#12599,.F.);
#12588 = FACE_BOUND('',#12589,.F.);
#12589 = EDGE_LOOP('',(#12590,#12591,#12592,#12593));
#12590 = ORIENTED_EDGE('',*,*,#10224,.F.);
#12591 = ORIENTED_EDGE('',*,*,#12564,.F.);
#12592 = ORIENTED_EDGE('',*,*,#10177,.T.);
#12593 = ORIENTED_EDGE('',*,*,#12594,.T.);
#12594 = EDGE_CURVE('',#10170,#10225,#12595,.T.);
#12595 = LINE('',#12596,#12597);
#12596 = CARTESIAN_POINT('',(66.893572250234,0.718603755619,
    34.746337908625));
#12597 = VECTOR('',#12598,1.);
#12598 = DIRECTION('',(0.104273837185,-6.975647374413E-02,0.992099290016
    ));
#12599 = PLANE('',#12600);
#12600 = AXIS2_PLACEMENT_3D('',#12601,#12602,#12603);
#12601 = CARTESIAN_POINT('',(66.665978574817,-29.12856109672,
    32.580928733229));
#12602 = DIRECTION('',(0.994521895368,1.07850667488E-17,-0.104528463268)
  );
#12603 = DIRECTION('',(0.104273837185,-6.975647374413E-02,0.992099290016
    ));
#12604 = ADVANCED_FACE('',(#12605),#12611,.T.);
#12605 = FACE_BOUND('',#12606,.T.);
#12606 = EDGE_LOOP('',(#12607,#12608,#12609,#12610));
#12607 = ORIENTED_EDGE('',*,*,#10216,.F.);
#12608 = ORIENTED_EDGE('',*,*,#12577,.T.);
#12609 = ORIENTED_EDGE('',*,*,#12495,.T.);
#12610 = ORIENTED_EDGE('',*,*,#10201,.F.);
#12611 = PLANE('',#12612);
#12612 = AXIS2_PLACEMENT_3D('',#12613,#12614,#12615);
#12613 = CARTESIAN_POINT('',(50.724779648007,-13.84583137817,
    35.42169209647));
#12614 = DIRECTION('',(7.291537003444E-03,0.99756405026,
    6.937434048221E-02));
#12615 = DIRECTION('',(0.104273837185,-6.975647374413E-02,0.992099290016
    ));
#12616 = ADVANCED_FACE('',(#12617),#12635,.F.);
#12617 = FACE_BOUND('',#12618,.F.);
#12618 = EDGE_LOOP('',(#12619,#12620,#12628,#12634));
#12619 = ORIENTED_EDGE('',*,*,#10232,.F.);
#12620 = ORIENTED_EDGE('',*,*,#12621,.T.);
#12621 = EDGE_CURVE('',#10225,#12622,#12624,.T.);
#12622 = VERTEX_POINT('',#12623);
#12623 = CARTESIAN_POINT('',(65.2246578198,0.437914657039,
    38.957899464922));
#12624 = LINE('',#12625,#12626);
#12625 = CARTESIAN_POINT('',(57.690750686495,0.437914657039,
    39.749745012731));
#12626 = VECTOR('',#12627,1.);
#12627 = DIRECTION('',(-0.994521895368,-1.07850667488E-17,0.104528463268
    ));
#12628 = ORIENTED_EDGE('',*,*,#12629,.T.);
#12629 = EDGE_CURVE('',#12622,#10247,#12630,.T.);
#12630 = LINE('',#12631,#12632);
#12631 = CARTESIAN_POINT('',(64.910593207695,0.648015680073,
    35.969774283189));
#12632 = VECTOR('',#12633,1.);
#12633 = DIRECTION('',(0.104273837185,-6.975647374413E-02,0.992099290016
    ));
#12634 = ORIENTED_EDGE('',*,*,#10246,.F.);
#12635 = PLANE('',#12636);
#12636 = AXIS2_PLACEMENT_3D('',#12637,#12638,#12639);
#12637 = CARTESIAN_POINT('',(50.831236088257,0.718603755619,
    36.43455746751));
#12638 = DIRECTION('',(7.291537003444E-03,0.99756405026,
    6.937434048221E-02));
#12639 = DIRECTION('',(0.104273837185,-6.975647374413E-02,0.992099290016
    ));
#12640 = ADVANCED_FACE('',(#12641),#12659,.F.);
#12641 = FACE_BOUND('',#12642,.F.);
#12642 = EDGE_LOOP('',(#12643,#12644,#12645,#12653));
#12643 = ORIENTED_EDGE('',*,*,#10263,.F.);
#12644 = ORIENTED_EDGE('',*,*,#12629,.F.);
#12645 = ORIENTED_EDGE('',*,*,#12646,.T.);
#12646 = EDGE_CURVE('',#12622,#12647,#12649,.T.);
#12647 = VERTEX_POINT('',#12648);
#12648 = CARTESIAN_POINT('',(65.407298965697,25.425272076902,
    40.695613891324));
#12649 = LINE('',#12650,#12651);
#12650 = CARTESIAN_POINT('',(65.035614937743,-25.4252720769,
    37.159276587556));
#12651 = VECTOR('',#12652,1.);
#12652 = DIRECTION('',(7.291537003444E-03,0.99756405026,
    6.937434048221E-02));
#12653 = ORIENTED_EDGE('',*,*,#12654,.T.);
#12654 = EDGE_CURVE('',#12647,#10256,#12655,.T.);
#12655 = LINE('',#12656,#12657);
#12656 = CARTESIAN_POINT('',(65.198751291327,25.56478502439,
    38.711415311293));
#12657 = VECTOR('',#12658,1.);
#12658 = DIRECTION('',(0.104273837185,-6.975647374413E-02,0.992099290016
    ));
#12659 = PLANE('',#12660);
#12660 = AXIS2_PLACEMENT_3D('',#12661,#12662,#12663);
#12661 = CARTESIAN_POINT('',(64.827067263373,-25.28575912941,
    35.175078007524));
#12662 = DIRECTION('',(0.994521895368,1.07850667488E-17,-0.104528463268)
  );
#12663 = DIRECTION('',(0.104273837185,-6.975647374413E-02,0.992099290016
    ));
#12664 = ADVANCED_FACE('',(#12665),#12676,.T.);
#12665 = FACE_BOUND('',#12666,.T.);
#12666 = EDGE_LOOP('',(#12667,#12673,#12674,#12675));
#12667 = ORIENTED_EDGE('',*,*,#12668,.F.);
#12668 = EDGE_CURVE('',#12647,#10567,#12669,.T.);
#12669 = LINE('',#12670,#12671);
#12670 = CARTESIAN_POINT('',(64.313324880792,25.425272076902,
    40.810595200918));
#12671 = VECTOR('',#12672,1.);
#12672 = DIRECTION('',(0.994521895368,1.07850667488E-17,-0.104528463268)
  );
#12673 = ORIENTED_EDGE('',*,*,#12654,.T.);
#12674 = ORIENTED_EDGE('',*,*,#10255,.T.);
#12675 = ORIENTED_EDGE('',*,*,#10566,.F.);
#12676 = PLANE('',#12677);
#12677 = AXIS2_PLACEMENT_3D('',#12678,#12679,#12680);
#12678 = CARTESIAN_POINT('',(65.198751291327,25.56478502439,
    38.711415311293));
#12679 = DIRECTION('',(7.291537003444E-03,0.99756405026,
    6.937434048221E-02));
#12680 = DIRECTION('',(0.104273837185,-6.975647374413E-02,0.992099290016
    ));
#12681 = ADVANCED_FACE('',(#12682),#12689,.F.);
#12682 = FACE_BOUND('',#12683,.F.);
#12683 = EDGE_LOOP('',(#12684,#12685,#12686,#12687,#12688));
#12684 = ORIENTED_EDGE('',*,*,#10277,.F.);
#12685 = ORIENTED_EDGE('',*,*,#11246,.F.);
#12686 = ORIENTED_EDGE('',*,*,#12068,.T.);
#12687 = ORIENTED_EDGE('',*,*,#12000,.F.);
#12688 = ORIENTED_EDGE('',*,*,#11941,.F.);
#12689 = PLANE('',#12690);
#12690 = AXIS2_PLACEMENT_3D('',#12691,#12692,#12693);
#12691 = CARTESIAN_POINT('',(6.602650315828,1.901197669402,
    46.906150668815));
#12692 = DIRECTION('',(-0.206171893896,0.,0.978515789432));
#12693 = DIRECTION('',(-0.978515789432,0.,-0.206171893896));
#12694 = ADVANCED_FACE('',(#12695),#12721,.T.);
#12695 = FACE_BOUND('',#12696,.T.);
#12696 = EDGE_LOOP('',(#12697,#12705,#12706,#12714));
#12697 = ORIENTED_EDGE('',*,*,#12698,.F.);
#12698 = EDGE_CURVE('',#10280,#12699,#12701,.T.);
#12699 = VERTEX_POINT('',#12700);
#12700 = CARTESIAN_POINT('',(12.934325773251,17.215120747951,
    48.240225739132));
#12701 = LINE('',#12702,#12703);
#12702 = CARTESIAN_POINT('',(-54.50441581653,-285.6826552461,
    34.030978197395));
#12703 = VECTOR('',#12704,1.);
#12704 = DIRECTION('',(0.217096422073,0.975077853946,4.574190930822E-02)
  );
#12705 = ORIENTED_EDGE('',*,*,#10314,.T.);
#12706 = ORIENTED_EDGE('',*,*,#12707,.T.);
#12707 = EDGE_CURVE('',#10307,#12708,#12710,.T.);
#12708 = VERTEX_POINT('',#12709);
#12709 = CARTESIAN_POINT('',(15.725574892649,18.189957273281,
    48.015396329435));
#12710 = LINE('',#12711,#12712);
#12711 = CARTESIAN_POINT('',(15.354416883399,-32.58862162159,
    44.484063759323));
#12712 = VECTOR('',#12713,1.);
#12713 = DIRECTION('',(7.291537003444E-03,0.99756405026,
    6.937434048221E-02));
#12714 = ORIENTED_EDGE('',*,*,#12715,.F.);
#12715 = EDGE_CURVE('',#12699,#12708,#12716,.T.);
#12716 = CIRCLE('',#12717,4.5);
#12717 = AXIS2_PLACEMENT_3D('',#12718,#12719,#12720);
#12718 = CARTESIAN_POINT('',(12.96660008815,21.704158941731,
    48.552466773231));
#12719 = DIRECTION('',(0.104273837185,-6.975647374413E-02,0.992099290016
    ));
#12720 = DIRECTION('',(0.994521895368,1.07850667488E-17,-0.104528463268)
  );
#12721 = PLANE('',#12722);
#12722 = AXIS2_PLACEMENT_3D('',#12723,#12724,#12725);
#12723 = CARTESIAN_POINT('',(12.96660008815,21.704158941731,
    48.552466773231));
#12724 = DIRECTION('',(0.104273837185,-6.975647374413E-02,0.992099290016
    ));
#12725 = DIRECTION('',(0.994521895368,1.07850667488E-17,-0.104528463268)
  );
#12726 = ADVANCED_FACE('',(#12727),#12755,.T.);
#12727 = FACE_BOUND('',#12728,.T.);
#12728 = EDGE_LOOP('',(#12729,#12736,#12737,#12738,#12739,#12747,#12754)
  );
#12729 = ORIENTED_EDGE('',*,*,#12730,.F.);
#12730 = EDGE_CURVE('',#10389,#10298,#12731,.T.);
#12731 = CIRCLE('',#12732,4.7);
#12732 = AXIS2_PLACEMENT_3D('',#12733,#12734,#12735);
#12733 = CARTESIAN_POINT('',(12.660355534006,-20.19353116918,
    45.638744472978));
#12734 = DIRECTION('',(0.104273837185,-6.975647374413E-02,0.992099290016
    ));
#12735 = DIRECTION('',(0.994521895368,1.07850667488E-17,-0.104528463268)
  );
#12736 = ORIENTED_EDGE('',*,*,#10388,.T.);
#12737 = ORIENTED_EDGE('',*,*,#10380,.T.);
#12738 = ORIENTED_EDGE('',*,*,#10469,.T.);
#12739 = ORIENTED_EDGE('',*,*,#12740,.F.);
#12740 = EDGE_CURVE('',#12741,#10462,#12743,.T.);
#12741 = VERTEX_POINT('',#12742);
#12742 = CARTESIAN_POINT('',(17.63783147079,21.566495102795,
    48.051821152767));
#12743 = LINE('',#12744,#12745);
#12744 = CARTESIAN_POINT('',(15.849707352612,21.566495102795,
    48.239760570768));
#12745 = VECTOR('',#12746,1.);
#12746 = DIRECTION('',(0.994521895368,1.07850667488E-17,-0.104528463268)
  );
#12747 = ORIENTED_EDGE('',*,*,#12748,.F.);
#12748 = EDGE_CURVE('',#10307,#12741,#12749,.T.);
#12749 = CIRCLE('',#12750,4.7);
#12750 = AXIS2_PLACEMENT_3D('',#12751,#12752,#12753);
#12751 = CARTESIAN_POINT('',(12.96660008815,21.704158941731,
    48.552466773231));
#12752 = DIRECTION('',(0.104273837185,-6.975647374413E-02,0.992099290016
    ));
#12753 = DIRECTION('',(0.994521895368,1.07850667488E-17,-0.104528463268)
  );
#12754 = ORIENTED_EDGE('',*,*,#10306,.F.);
#12755 = PLANE('',#12756);
#12756 = AXIS2_PLACEMENT_3D('',#12757,#12758,#12759);
#12757 = CARTESIAN_POINT('',(15.354416883399,-32.58862162159,
    44.484063759323));
#12758 = DIRECTION('',(0.104273837185,-6.975647374413E-02,0.992099290016
    ));
#12759 = DIRECTION('',(0.994521895368,1.07850667488E-17,-0.104528463268)
  );
#12760 = ADVANCED_FACE('',(#12761),#12780,.T.);
#12761 = FACE_BOUND('',#12762,.T.);
#12762 = EDGE_LOOP('',(#12763,#12764,#12765,#12774));
#12763 = ORIENTED_EDGE('',*,*,#10297,.T.);
#12764 = ORIENTED_EDGE('',*,*,#10329,.T.);
#12765 = ORIENTED_EDGE('',*,*,#12766,.F.);
#12766 = EDGE_CURVE('',#12767,#10330,#12769,.T.);
#12767 = VERTEX_POINT('',#12768);
#12768 = CARTESIAN_POINT('',(15.470703343569,-16.67932950073,
    45.590455522475));
#12769 = CIRCLE('',#12770,4.5);
#12770 = AXIS2_PLACEMENT_3D('',#12771,#12772,#12773);
#12771 = CARTESIAN_POINT('',(12.660355534006,-20.19353116918,
    45.638744472978));
#12772 = DIRECTION('',(0.104273837185,-6.975647374413E-02,0.992099290016
    ));
#12773 = DIRECTION('',(0.994521895368,1.07850667488E-17,-0.104528463268)
  );
#12774 = ORIENTED_EDGE('',*,*,#12775,.T.);
#12775 = EDGE_CURVE('',#12767,#10298,#12776,.T.);
#12776 = LINE('',#12777,#12778);
#12777 = CARTESIAN_POINT('',(15.354416883399,-32.58862162159,
    44.484063759323));
#12778 = VECTOR('',#12779,1.);
#12779 = DIRECTION('',(7.291537003444E-03,0.99756405026,
    6.937434048221E-02));
#12780 = PLANE('',#12781);
#12781 = AXIS2_PLACEMENT_3D('',#12782,#12783,#12784);
#12782 = CARTESIAN_POINT('',(12.660355534006,-20.19353116918,
    45.638744472978));
#12783 = DIRECTION('',(0.104273837185,-6.975647374413E-02,0.992099290016
    ));
#12784 = DIRECTION('',(0.994521895368,1.07850667488E-17,-0.104528463268)
  );
#12785 = ADVANCED_FACE('',(#12786),#12810,.T.);
#12786 = FACE_BOUND('',#12787,.T.);
#12787 = EDGE_LOOP('',(#12788,#12794,#12795,#12803));
#12788 = ORIENTED_EDGE('',*,*,#12789,.F.);
#12789 = EDGE_CURVE('',#10330,#12767,#12790,.T.);
#12790 = LINE('',#12791,#12792);
#12791 = CARTESIAN_POINT('',(15.354416883399,-32.58862162159,
    44.484063759323));
#12792 = VECTOR('',#12793,1.);
#12793 = DIRECTION('',(7.291537003444E-03,0.99756405026,
    6.937434048221E-02));
#12794 = ORIENTED_EDGE('',*,*,#10346,.T.);
#12795 = ORIENTED_EDGE('',*,*,#12796,.T.);
#12796 = EDGE_CURVE('',#10339,#12797,#12799,.T.);
#12797 = VERTEX_POINT('',#12798);
#12798 = CARTESIAN_POINT('',(15.569558699774,-16.76098299516,
    45.574324186308));
#12799 = LINE('',#12800,#12801);
#12800 = CARTESIAN_POINT('',(15.50490983196,-25.60567326977,
    44.959231296372));
#12801 = VECTOR('',#12802,1.);
#12802 = DIRECTION('',(7.291537003444E-03,0.99756405026,
    6.937434048221E-02));
#12803 = ORIENTED_EDGE('',*,*,#12804,.T.);
#12804 = EDGE_CURVE('',#12797,#12767,#12805,.T.);
#12805 = CIRCLE('',#12806,4.5);
#12806 = AXIS2_PLACEMENT_3D('',#12807,#12808,#12809);
#12807 = CARTESIAN_POINT('',(12.660355534006,-20.19353116918,
    45.638744472978));
#12808 = DIRECTION('',(0.104273837185,-6.975647374413E-02,0.992099290016
    ));
#12809 = DIRECTION('',(0.994521895368,1.07850667488E-17,-0.104528463268)
  );
#12810 = PLANE('',#12811);
#12811 = AXIS2_PLACEMENT_3D('',#12812,#12813,#12814);
#12812 = CARTESIAN_POINT('',(15.354416883399,-32.58862162159,
    44.484063759323));
#12813 = DIRECTION('',(0.104273837185,-6.975647374413E-02,0.992099290016
    ));
#12814 = DIRECTION('',(0.994521895368,1.07850667488E-17,-0.104528463268)
  );
#12815 = ADVANCED_FACE('',(#12816),#12843,.T.);
#12816 = FACE_BOUND('',#12817,.T.);
#12817 = EDGE_LOOP('',(#12818,#12819,#12820,#12821,#12827,#12836));
#12818 = ORIENTED_EDGE('',*,*,#10338,.F.);
#12819 = ORIENTED_EDGE('',*,*,#10361,.T.);
#12820 = ORIENTED_EDGE('',*,*,#10396,.T.);
#12821 = ORIENTED_EDGE('',*,*,#12822,.F.);
#12822 = EDGE_CURVE('',#12797,#10389,#12823,.T.);
#12823 = LINE('',#12824,#12825);
#12824 = CARTESIAN_POINT('',(15.50490983196,-25.60567326977,
    44.959231296372));
#12825 = VECTOR('',#12826,1.);
#12826 = DIRECTION('',(7.291537003444E-03,0.99756405026,
    6.937434048221E-02));
#12827 = ORIENTED_EDGE('',*,*,#12828,.F.);
#12828 = EDGE_CURVE('',#12829,#12797,#12831,.T.);
#12829 = VERTEX_POINT('',#12830);
#12830 = CARTESIAN_POINT('',(17.135704063163,-20.19353116918,
    45.168366388274));
#12831 = CIRCLE('',#12832,4.5);
#12832 = AXIS2_PLACEMENT_3D('',#12833,#12834,#12835);
#12833 = CARTESIAN_POINT('',(12.660355534006,-20.19353116918,
    45.638744472978));
#12834 = DIRECTION('',(0.104273837185,-6.975647374413E-02,0.992099290016
    ));
#12835 = DIRECTION('',(0.994521895368,1.07850667488E-17,-0.104528463268)
  );
#12836 = ORIENTED_EDGE('',*,*,#12837,.F.);
#12837 = EDGE_CURVE('',#10339,#12829,#12838,.T.);
#12838 = CIRCLE('',#12839,4.5);
#12839 = AXIS2_PLACEMENT_3D('',#12840,#12841,#12842);
#12840 = CARTESIAN_POINT('',(12.660355534006,-20.19353116918,
    45.638744472978));
#12841 = DIRECTION('',(0.104273837185,-6.975647374413E-02,0.992099290016
    ));
#12842 = DIRECTION('',(0.994521895368,1.07850667488E-17,-0.104528463268)
  );
#12843 = PLANE('',#12844);
#12844 = AXIS2_PLACEMENT_3D('',#12845,#12846,#12847);
#12845 = CARTESIAN_POINT('',(15.354416883399,-32.58862162159,
    44.484063759323));
#12846 = DIRECTION('',(0.104273837185,-6.975647374413E-02,0.992099290016
    ));
#12847 = DIRECTION('',(0.994521895368,1.07850667488E-17,-0.104528463268)
  );
#12848 = ADVANCED_FACE('',(#12849),#12874,.T.);
#12849 = FACE_BOUND('',#12850,.T.);
#12850 = EDGE_LOOP('',(#12851,#12852,#12860,#12868));
#12851 = ORIENTED_EDGE('',*,*,#10372,.F.);
#12852 = ORIENTED_EDGE('',*,*,#12853,.T.);
#12853 = EDGE_CURVE('',#7039,#12854,#12856,.T.);
#12854 = VERTEX_POINT('',#12855);
#12855 = CARTESIAN_POINT('',(20.477519308801,-25.60567326977,
    44.436588980034));
#12856 = LINE('',#12857,#12858);
#12857 = CARTESIAN_POINT('',(15.50490983196,-25.60567326977,
    44.959231296372));
#12858 = VECTOR('',#12859,1.);
#12859 = DIRECTION('',(0.994521895368,1.07850667488E-17,-0.104528463268)
  );
#12860 = ORIENTED_EDGE('',*,*,#12861,.T.);
#12861 = EDGE_CURVE('',#12854,#12862,#12864,.T.);
#12862 = VERTEX_POINT('',#12863);
#12863 = CARTESIAN_POINT('',(20.657528093175,-0.978452433077,
    46.149258159532));
#12864 = LINE('',#12865,#12866);
#12865 = CARTESIAN_POINT('',(20.477519308801,-25.60567326977,
    44.436588980034));
#12866 = VECTOR('',#12867,1.);
#12867 = DIRECTION('',(7.291537003444E-03,0.99756405026,
    6.937434048221E-02));
#12868 = ORIENTED_EDGE('',*,*,#12869,.F.);
#12869 = EDGE_CURVE('',#10373,#12862,#12870,.T.);
#12870 = LINE('',#12871,#12872);
#12871 = CARTESIAN_POINT('',(15.684918616334,-0.978452433077,
    46.67190047587));
#12872 = VECTOR('',#12873,1.);
#12873 = DIRECTION('',(0.994521895368,1.07850667488E-17,-0.104528463268)
  );
#12874 = PLANE('',#12875);
#12875 = AXIS2_PLACEMENT_3D('',#12876,#12877,#12878);
#12876 = CARTESIAN_POINT('',(15.50490983196,-25.60567326977,
    44.959231296372));
#12877 = DIRECTION('',(0.104273837185,-6.975647374413E-02,0.992099290016
    ));
#12878 = DIRECTION('',(0.994521895368,1.07850667488E-17,-0.104528463268)
  );
#12879 = ADVANCED_FACE('',(#12880),#12898,.F.);
#12880 = FACE_BOUND('',#12881,.F.);
#12881 = EDGE_LOOP('',(#12882,#12890,#12891,#12892));
#12882 = ORIENTED_EDGE('',*,*,#12883,.F.);
#12883 = EDGE_CURVE('',#10500,#12884,#12886,.T.);
#12884 = VERTEX_POINT('',#12885);
#12885 = CARTESIAN_POINT('',(20.207850794849,-25.4252720769,
    41.870864456465));
#12886 = LINE('',#12887,#12888);
#12887 = CARTESIAN_POINT('',(15.235241318008,-25.4252720769,
    42.393506772803));
#12888 = VECTOR('',#12889,1.);
#12889 = DIRECTION('',(0.994521895368,1.07850667488E-17,-0.104528463268)
  );
#12890 = ORIENTED_EDGE('',*,*,#10507,.T.);
#12891 = ORIENTED_EDGE('',*,*,#12853,.T.);
#12892 = ORIENTED_EDGE('',*,*,#12893,.F.);
#12893 = EDGE_CURVE('',#12884,#12854,#12894,.T.);
#12894 = LINE('',#12895,#12896);
#12895 = CARTESIAN_POINT('',(19.99930312048,-25.28575912941,
    39.886665876433));
#12896 = VECTOR('',#12897,1.);
#12897 = DIRECTION('',(0.104273837185,-6.975647374413E-02,0.992099290016
    ));
#12898 = PLANE('',#12899);
#12899 = AXIS2_PLACEMENT_3D('',#12900,#12901,#12902);
#12900 = CARTESIAN_POINT('',(15.026693643638,-25.28575912941,
    40.409308192772));
#12901 = DIRECTION('',(7.291537003444E-03,0.99756405026,
    6.937434048221E-02));
#12902 = DIRECTION('',(0.104273837185,-6.975647374413E-02,0.992099290016
    ));
#12903 = ADVANCED_FACE('',(#12904),#12922,.F.);
#12904 = FACE_BOUND('',#12905,.F.);
#12905 = EDGE_LOOP('',(#12906,#12914,#12920,#12921));
#12906 = ORIENTED_EDGE('',*,*,#12907,.F.);
#12907 = EDGE_CURVE('',#12908,#12884,#12910,.T.);
#12908 = VERTEX_POINT('',#12909);
#12909 = CARTESIAN_POINT('',(19.99930312048,-25.28575912941,
    39.886665876433));
#12910 = LINE('',#12911,#12912);
#12911 = CARTESIAN_POINT('',(19.99930312048,-25.28575912941,
    39.886665876433));
#12912 = VECTOR('',#12913,1.);
#12913 = DIRECTION('',(0.104273837185,-6.975647374413E-02,0.992099290016
    ));
#12914 = ORIENTED_EDGE('',*,*,#12915,.F.);
#12915 = EDGE_CURVE('',#10492,#12908,#12916,.T.);
#12916 = LINE('',#12917,#12918);
#12917 = CARTESIAN_POINT('',(15.026693643638,-25.28575912941,
    40.409308192772));
#12918 = VECTOR('',#12919,1.);
#12919 = DIRECTION('',(0.994521895368,1.07850667488E-17,-0.104528463268)
  );
#12920 = ORIENTED_EDGE('',*,*,#10499,.T.);
#12921 = ORIENTED_EDGE('',*,*,#12883,.T.);
#12922 = PLANE('',#12923);
#12923 = AXIS2_PLACEMENT_3D('',#12924,#12925,#12926);
#12924 = CARTESIAN_POINT('',(15.026693643638,-25.28575912941,
    40.409308192772));
#12925 = DIRECTION('',(7.291537003444E-03,0.99756405026,
    6.937434048221E-02));
#12926 = DIRECTION('',(0.104273837185,-6.975647374413E-02,0.992099290016
    ));
#12927 = ADVANCED_FACE('',(#12928),#12946,.F.);
#12928 = FACE_BOUND('',#12929,.F.);
#12929 = EDGE_LOOP('',(#12930,#12931,#12932,#12940));
#12930 = ORIENTED_EDGE('',*,*,#10491,.T.);
#12931 = ORIENTED_EDGE('',*,*,#12915,.T.);
#12932 = ORIENTED_EDGE('',*,*,#12933,.T.);
#12933 = EDGE_CURVE('',#12908,#12934,#12936,.T.);
#12934 = VERTEX_POINT('',#12935);
#12935 = CARTESIAN_POINT('',(20.179311904854,-0.65853829272,
    41.599335055932));
#12936 = LINE('',#12937,#12938);
#12937 = CARTESIAN_POINT('',(19.99930312048,-25.28575912941,
    39.886665876433));
#12938 = VECTOR('',#12939,1.);
#12939 = DIRECTION('',(7.291537003444E-03,0.99756405026,
    6.937434048221E-02));
#12940 = ORIENTED_EDGE('',*,*,#12941,.F.);
#12941 = EDGE_CURVE('',#10484,#12934,#12942,.T.);
#12942 = LINE('',#12943,#12944);
#12943 = CARTESIAN_POINT('',(15.206702428013,-0.65853829272,
    42.12197737227));
#12944 = VECTOR('',#12945,1.);
#12945 = DIRECTION('',(0.994521895368,1.07850667488E-17,-0.104528463268)
  );
#12946 = PLANE('',#12947);
#12947 = AXIS2_PLACEMENT_3D('',#12948,#12949,#12950);
#12948 = CARTESIAN_POINT('',(15.026693643638,-25.28575912941,
    40.409308192772));
#12949 = DIRECTION('',(0.104273837185,-6.975647374413E-02,0.992099290016
    ));
#12950 = DIRECTION('',(0.994521895368,1.07850667488E-17,-0.104528463268)
  );
#12951 = ADVANCED_FACE('',(#12952),#12970,.T.);
#12952 = FACE_BOUND('',#12953,.T.);
#12953 = EDGE_LOOP('',(#12954,#12962,#12963,#12964));
#12954 = ORIENTED_EDGE('',*,*,#12955,.F.);
#12955 = EDGE_CURVE('',#12934,#12956,#12958,.T.);
#12956 = VERTEX_POINT('',#12957);
#12957 = CARTESIAN_POINT('',(20.387859579223,-0.798051240208,
    43.583533635963));
#12958 = LINE('',#12959,#12960);
#12959 = CARTESIAN_POINT('',(20.179311904854,-0.65853829272,
    41.599335055932));
#12960 = VECTOR('',#12961,1.);
#12961 = DIRECTION('',(0.104273837185,-6.975647374413E-02,0.992099290016
    ));
#12962 = ORIENTED_EDGE('',*,*,#12941,.F.);
#12963 = ORIENTED_EDGE('',*,*,#10483,.T.);
#12964 = ORIENTED_EDGE('',*,*,#12965,.T.);
#12965 = EDGE_CURVE('',#10476,#12956,#12966,.T.);
#12966 = LINE('',#12967,#12968);
#12967 = CARTESIAN_POINT('',(15.415250102382,-0.798051240208,
    44.106175952301));
#12968 = VECTOR('',#12969,1.);
#12969 = DIRECTION('',(0.994521895368,1.07850667488E-17,-0.104528463268)
  );
#12970 = PLANE('',#12971);
#12971 = AXIS2_PLACEMENT_3D('',#12972,#12973,#12974);
#12972 = CARTESIAN_POINT('',(15.206702428013,-0.65853829272,
    42.12197737227));
#12973 = DIRECTION('',(7.291537003444E-03,0.99756405026,
    6.937434048221E-02));
#12974 = DIRECTION('',(0.104273837185,-6.975647374413E-02,0.992099290016
    ));
#12975 = ADVANCED_FACE('',(#12976),#12987,.T.);
#12976 = FACE_BOUND('',#12977,.T.);
#12977 = EDGE_LOOP('',(#12978,#12979,#12980,#12981));
#12978 = ORIENTED_EDGE('',*,*,#12965,.F.);
#12979 = ORIENTED_EDGE('',*,*,#10475,.T.);
#12980 = ORIENTED_EDGE('',*,*,#12869,.T.);
#12981 = ORIENTED_EDGE('',*,*,#12982,.F.);
#12982 = EDGE_CURVE('',#12956,#12862,#12983,.T.);
#12983 = LINE('',#12984,#12985);
#12984 = CARTESIAN_POINT('',(20.179311904854,-0.65853829272,
    41.599335055932));
#12985 = VECTOR('',#12986,1.);
#12986 = DIRECTION('',(0.104273837185,-6.975647374413E-02,0.992099290016
    ));
#12987 = PLANE('',#12988);
#12988 = AXIS2_PLACEMENT_3D('',#12989,#12990,#12991);
#12989 = CARTESIAN_POINT('',(15.206702428013,-0.65853829272,
    42.12197737227));
#12990 = DIRECTION('',(7.291537003444E-03,0.99756405026,
    6.937434048221E-02));
#12991 = DIRECTION('',(0.104273837185,-6.975647374413E-02,0.992099290016
    ));
#12992 = ADVANCED_FACE('',(#12993),#13018,.F.);
#12993 = FACE_BOUND('',#12994,.F.);
#12994 = EDGE_LOOP('',(#12995,#13003,#13004,#13012));
#12995 = ORIENTED_EDGE('',*,*,#12996,.F.);
#12996 = EDGE_CURVE('',#10454,#12997,#12999,.T.);
#12997 = VERTEX_POINT('',#12998);
#12998 = CARTESIAN_POINT('',(20.552648315501,21.746896295664,
    45.151393730861));
#12999 = LINE('',#13000,#13001);
#13000 = CARTESIAN_POINT('',(15.58003883866,21.746896295664,
    45.674036047199));
#13001 = VECTOR('',#13002,1.);
#13002 = DIRECTION('',(0.994521895368,1.07850667488E-17,-0.104528463268)
  );
#13003 = ORIENTED_EDGE('',*,*,#10461,.T.);
#13004 = ORIENTED_EDGE('',*,*,#13005,.T.);
#13005 = EDGE_CURVE('',#10462,#13006,#13008,.T.);
#13006 = VERTEX_POINT('',#13007);
#13007 = CARTESIAN_POINT('',(20.822316829453,21.566495102795,
    47.71711825443));
#13008 = LINE('',#13009,#13010);
#13009 = CARTESIAN_POINT('',(15.849707352612,21.566495102795,
    48.239760570768));
#13010 = VECTOR('',#13011,1.);
#13011 = DIRECTION('',(0.994521895368,1.07850667488E-17,-0.104528463268)
  );
#13012 = ORIENTED_EDGE('',*,*,#13013,.F.);
#13013 = EDGE_CURVE('',#12997,#13006,#13014,.T.);
#13014 = LINE('',#13015,#13016);
#13015 = CARTESIAN_POINT('',(20.344100641132,21.886409243152,
    43.16719515083));
#13016 = VECTOR('',#13017,1.);
#13017 = DIRECTION('',(0.104273837185,-6.975647374413E-02,0.992099290016
    ));
#13018 = PLANE('',#13019);
#13019 = AXIS2_PLACEMENT_3D('',#13020,#13021,#13022);
#13020 = CARTESIAN_POINT('',(15.37149116429,21.886409243152,
    43.689837467168));
#13021 = DIRECTION('',(7.291537003444E-03,0.99756405026,
    6.937434048221E-02));
#13022 = DIRECTION('',(0.104273837185,-6.975647374413E-02,0.992099290016
    ));
#13023 = ADVANCED_FACE('',(#13024),#13042,.F.);
#13024 = FACE_BOUND('',#13025,.F.);
#13025 = EDGE_LOOP('',(#13026,#13034,#13040,#13041));
#13026 = ORIENTED_EDGE('',*,*,#13027,.F.);
#13027 = EDGE_CURVE('',#13028,#12997,#13030,.T.);
#13028 = VERTEX_POINT('',#13029);
#13029 = CARTESIAN_POINT('',(20.344100641132,21.886409243152,
    43.16719515083));
#13030 = LINE('',#13031,#13032);
#13031 = CARTESIAN_POINT('',(20.344100641132,21.886409243152,
    43.16719515083));
#13032 = VECTOR('',#13033,1.);
#13033 = DIRECTION('',(0.104273837185,-6.975647374413E-02,0.992099290016
    ));
#13034 = ORIENTED_EDGE('',*,*,#13035,.F.);
#13035 = EDGE_CURVE('',#10446,#13028,#13036,.T.);
#13036 = LINE('',#13037,#13038);
#13037 = CARTESIAN_POINT('',(15.37149116429,21.886409243152,
    43.689837467168));
#13038 = VECTOR('',#13039,1.);
#13039 = DIRECTION('',(0.994521895368,1.07850667488E-17,-0.104528463268)
  );
#13040 = ORIENTED_EDGE('',*,*,#10453,.T.);
#13041 = ORIENTED_EDGE('',*,*,#12996,.T.);
#13042 = PLANE('',#13043);
#13043 = AXIS2_PLACEMENT_3D('',#13044,#13045,#13046);
#13044 = CARTESIAN_POINT('',(15.37149116429,21.886409243152,
    43.689837467168));
#13045 = DIRECTION('',(7.291537003444E-03,0.99756405026,
    6.937434048221E-02));
#13046 = DIRECTION('',(0.104273837185,-6.975647374413E-02,0.992099290016
    ));
#13047 = ADVANCED_FACE('',(#13048),#13066,.F.);
#13048 = FACE_BOUND('',#13049,.F.);
#13049 = EDGE_LOOP('',(#13050,#13051,#13052,#13060));
#13050 = ORIENTED_EDGE('',*,*,#10445,.T.);
#13051 = ORIENTED_EDGE('',*,*,#13035,.T.);
#13052 = ORIENTED_EDGE('',*,*,#13053,.T.);
#13053 = EDGE_CURVE('',#13028,#13054,#13056,.T.);
#13054 = VERTEX_POINT('',#13055);
#13055 = CARTESIAN_POINT('',(20.370987148434,25.56478502439,
    43.423003180201));
#13056 = LINE('',#13057,#13058);
#13057 = CARTESIAN_POINT('',(20.344100641132,21.886409243152,
    43.16719515083));
#13058 = VECTOR('',#13059,1.);
#13059 = DIRECTION('',(7.291537003444E-03,0.99756405026,
    6.937434048221E-02));
#13060 = ORIENTED_EDGE('',*,*,#13061,.F.);
#13061 = EDGE_CURVE('',#10438,#13054,#13062,.T.);
#13062 = LINE('',#13063,#13064);
#13063 = CARTESIAN_POINT('',(15.398377671592,25.56478502439,
    43.94564549654));
#13064 = VECTOR('',#13065,1.);
#13065 = DIRECTION('',(0.994521895368,1.07850667488E-17,-0.104528463268)
  );
#13066 = PLANE('',#13067);
#13067 = AXIS2_PLACEMENT_3D('',#13068,#13069,#13070);
#13068 = CARTESIAN_POINT('',(15.37149116429,21.886409243152,
    43.689837467168));
#13069 = DIRECTION('',(0.104273837185,-6.975647374413E-02,0.992099290016
    ));
#13070 = DIRECTION('',(0.994521895368,1.07850667488E-17,-0.104528463268)
  );
#13071 = ADVANCED_FACE('',(#13072),#13090,.T.);
#13072 = FACE_BOUND('',#13073,.T.);
#13073 = EDGE_LOOP('',(#13074,#13082,#13083,#13084));
#13074 = ORIENTED_EDGE('',*,*,#13075,.F.);
#13075 = EDGE_CURVE('',#13054,#13076,#13078,.T.);
#13076 = VERTEX_POINT('',#13077);
#13077 = CARTESIAN_POINT('',(20.579534822803,25.425272076902,
    45.407201760233));
#13078 = LINE('',#13079,#13080);
#13079 = CARTESIAN_POINT('',(20.370987148434,25.56478502439,
    43.423003180201));
#13080 = VECTOR('',#13081,1.);
#13081 = DIRECTION('',(0.104273837185,-6.975647374413E-02,0.992099290016
    ));
#13082 = ORIENTED_EDGE('',*,*,#13061,.F.);
#13083 = ORIENTED_EDGE('',*,*,#10437,.T.);
#13084 = ORIENTED_EDGE('',*,*,#13085,.T.);
#13085 = EDGE_CURVE('',#10430,#13076,#13086,.T.);
#13086 = LINE('',#13087,#13088);
#13087 = CARTESIAN_POINT('',(15.606925345962,25.425272076902,
    45.929844076571));
#13088 = VECTOR('',#13089,1.);
#13089 = DIRECTION('',(0.994521895368,1.07850667488E-17,-0.104528463268)
  );
#13090 = PLANE('',#13091);
#13091 = AXIS2_PLACEMENT_3D('',#13092,#13093,#13094);
#13092 = CARTESIAN_POINT('',(15.398377671592,25.56478502439,
    43.94564549654));
#13093 = DIRECTION('',(7.291537003444E-03,0.99756405026,
    6.937434048221E-02));
#13094 = DIRECTION('',(0.104273837185,-6.975647374413E-02,0.992099290016
    ));
#13095 = ADVANCED_FACE('',(#13096),#13114,.T.);
#13096 = FACE_BOUND('',#13097,.T.);
#13097 = EDGE_LOOP('',(#13098,#13099,#13100,#13108));
#13098 = ORIENTED_EDGE('',*,*,#13085,.F.);
#13099 = ORIENTED_EDGE('',*,*,#10429,.T.);
#13100 = ORIENTED_EDGE('',*,*,#13101,.T.);
#13101 = EDGE_CURVE('',#10422,#13102,#13104,.T.);
#13102 = VERTEX_POINT('',#13103);
#13103 = CARTESIAN_POINT('',(20.849203336755,25.244870884033,
    47.972926283802));
#13104 = LINE('',#13105,#13106);
#13105 = CARTESIAN_POINT('',(15.876593859914,25.244870884033,
    48.49556860014));
#13106 = VECTOR('',#13107,1.);
#13107 = DIRECTION('',(0.994521895368,1.07850667488E-17,-0.104528463268)
  );
#13108 = ORIENTED_EDGE('',*,*,#13109,.F.);
#13109 = EDGE_CURVE('',#13076,#13102,#13110,.T.);
#13110 = LINE('',#13111,#13112);
#13111 = CARTESIAN_POINT('',(20.370987148434,25.56478502439,
    43.423003180201));
#13112 = VECTOR('',#13113,1.);
#13113 = DIRECTION('',(0.104273837185,-6.975647374413E-02,0.992099290016
    ));
#13114 = PLANE('',#13115);
#13115 = AXIS2_PLACEMENT_3D('',#13116,#13117,#13118);
#13116 = CARTESIAN_POINT('',(15.398377671592,25.56478502439,
    43.94564549654));
#13117 = DIRECTION('',(7.291537003444E-03,0.99756405026,
    6.937434048221E-02));
#13118 = DIRECTION('',(0.104273837185,-6.975647374413E-02,0.992099290016
    ));
#13119 = ADVANCED_FACE('',(#13120),#13131,.T.);
#13120 = FACE_BOUND('',#13121,.T.);
#13121 = EDGE_LOOP('',(#13122,#13123,#13124,#13125));
#13122 = ORIENTED_EDGE('',*,*,#12471,.F.);
#13123 = ORIENTED_EDGE('',*,*,#10523,.F.);
#13124 = ORIENTED_EDGE('',*,*,#12375,.T.);
#13125 = ORIENTED_EDGE('',*,*,#13126,.F.);
#13126 = EDGE_CURVE('',#12464,#12368,#13127,.T.);
#13127 = LINE('',#13128,#13129);
#13128 = CARTESIAN_POINT('',(23.735379491405,-28.89763463562,
    43.862709727659));
#13129 = VECTOR('',#13130,1.);
#13130 = DIRECTION('',(0.994521895368,1.07850667488E-17,-0.104528463268)
  );
#13131 = PLANE('',#13132);
#13132 = AXIS2_PLACEMENT_3D('',#13133,#13134,#13135);
#13133 = CARTESIAN_POINT('',(23.709129958193,-32.48886521656,
    43.612962101923));
#13134 = DIRECTION('',(0.104273837185,-6.975647374413E-02,0.992099290016
    ));
#13135 = DIRECTION('',(0.994521895368,1.07850667488E-17,-0.104528463268)
  );
#13136 = ADVANCED_FACE('',(#13137),#13148,.T.);
#13137 = FACE_BOUND('',#13138,.T.);
#13138 = EDGE_LOOP('',(#13139,#13140,#13141,#13142));
#13139 = ORIENTED_EDGE('',*,*,#12344,.F.);
#13140 = ORIENTED_EDGE('',*,*,#10542,.F.);
#13141 = ORIENTED_EDGE('',*,*,#12248,.T.);
#13142 = ORIENTED_EDGE('',*,*,#13143,.F.);
#13143 = EDGE_CURVE('',#12337,#12241,#13144,.T.);
#13144 = LINE('',#13145,#13146);
#13145 = CARTESIAN_POINT('',(49.605225149257,-28.89763463562,
    41.143679383349));
#13146 = VECTOR('',#13147,1.);
#13147 = DIRECTION('',(0.994521895368,1.07850667488E-17,-0.104528463268)
  );
#13148 = PLANE('',#13149);
#13149 = AXIS2_PLACEMENT_3D('',#13150,#13151,#13152);
#13150 = CARTESIAN_POINT('',(49.578975616044,-32.48886521656,
    40.893931757614));
#13151 = DIRECTION('',(0.104273837185,-6.975647374413E-02,0.992099290016
    ));
#13152 = DIRECTION('',(0.994521895368,1.07850667488E-17,-0.104528463268)
  );
#13153 = ADVANCED_FACE('',(#13154),#13179,.F.);
#13154 = FACE_BOUND('',#13155,.F.);
#13155 = EDGE_LOOP('',(#13156,#13164,#13165,#13173));
#13156 = ORIENTED_EDGE('',*,*,#13157,.F.);
#13157 = EDGE_CURVE('',#10170,#13158,#13160,.T.);
#13158 = VERTEX_POINT('',#13159);
#13159 = CARTESIAN_POINT('',(65.01611014543,0.577427604528,
    36.973700884891));
#13160 = LINE('',#13161,#13162);
#13161 = CARTESIAN_POINT('',(57.482203012126,0.577427604528,
    37.765546432699));
#13162 = VECTOR('',#13163,1.);
#13163 = DIRECTION('',(-0.994521895368,-1.07850667488E-17,0.104528463268
    ));
#13164 = ORIENTED_EDGE('',*,*,#10582,.F.);
#13165 = ORIENTED_EDGE('',*,*,#13166,.F.);
#13166 = EDGE_CURVE('',#13167,#10575,#13169,.T.);
#13167 = VERTEX_POINT('',#13168);
#13168 = CARTESIAN_POINT('',(65.198751291327,25.56478502439,
    38.711415311293));
#13169 = LINE('',#13170,#13171);
#13170 = CARTESIAN_POINT('',(64.104777206422,25.56478502439,
    38.826396620887));
#13171 = VECTOR('',#13172,1.);
#13172 = DIRECTION('',(0.994521895368,1.07850667488E-17,-0.104528463268)
  );
#13173 = ORIENTED_EDGE('',*,*,#13174,.F.);
#13174 = EDGE_CURVE('',#13158,#13167,#13175,.T.);
#13175 = LINE('',#13176,#13177);
#13176 = CARTESIAN_POINT('',(64.827067263373,-25.28575912941,
    35.175078007524));
#13177 = VECTOR('',#13178,1.);
#13178 = DIRECTION('',(7.291537003444E-03,0.99756405026,
    6.937434048221E-02));
#13179 = PLANE('',#13180);
#13180 = AXIS2_PLACEMENT_3D('',#13181,#13182,#13183);
#13181 = CARTESIAN_POINT('',(63.733093178468,-25.28575912941,
    35.290059317119));
#13182 = DIRECTION('',(0.104273837185,-6.975647374413E-02,0.992099290016
    ));
#13183 = DIRECTION('',(0.994521895368,1.07850667488E-17,-0.104528463268)
  );
#13184 = ADVANCED_FACE('',(#13185),#13196,.T.);
#13185 = FACE_BOUND('',#13186,.T.);
#13186 = EDGE_LOOP('',(#13187,#13188,#13194,#13195));
#13187 = ORIENTED_EDGE('',*,*,#13166,.F.);
#13188 = ORIENTED_EDGE('',*,*,#13189,.T.);
#13189 = EDGE_CURVE('',#13167,#12647,#13190,.T.);
#13190 = LINE('',#13191,#13192);
#13191 = CARTESIAN_POINT('',(65.198751291327,25.56478502439,
    38.711415311293));
#13192 = VECTOR('',#13193,1.);
#13193 = DIRECTION('',(0.104273837185,-6.975647374413E-02,0.992099290016
    ));
#13194 = ORIENTED_EDGE('',*,*,#12668,.T.);
#13195 = ORIENTED_EDGE('',*,*,#10574,.F.);
#13196 = PLANE('',#13197);
#13197 = AXIS2_PLACEMENT_3D('',#13198,#13199,#13200);
#13198 = CARTESIAN_POINT('',(64.104777206422,25.56478502439,
    38.826396620887));
#13199 = DIRECTION('',(7.291537003444E-03,0.99756405026,
    6.937434048221E-02));
#13200 = DIRECTION('',(0.104273837185,-6.975647374413E-02,0.992099290016
    ));
#13201 = ADVANCED_FACE('',(#13202),#13214,.T.);
#13202 = FACE_BOUND('',#13203,.T.);
#13203 = EDGE_LOOP('',(#13204,#13205,#13211,#13212,#13213));
#13204 = ORIENTED_EDGE('',*,*,#10661,.F.);
#13205 = ORIENTED_EDGE('',*,*,#13206,.F.);
#13206 = EDGE_CURVE('',#10597,#10654,#13207,.T.);
#13207 = LINE('',#13208,#13209);
#13208 = CARTESIAN_POINT('',(-217.5857655432,29.733909110203,
    73.349084552089));
#13209 = VECTOR('',#13210,1.);
#13210 = DIRECTION('',(-0.994521895368,-6.938893903907E-18,
    0.104528463268));
#13211 = ORIENTED_EDGE('',*,*,#10596,.T.);
#13212 = ORIENTED_EDGE('',*,*,#10620,.F.);
#13213 = ORIENTED_EDGE('',*,*,#10631,.F.);
#13214 = PLANE('',#13215);
#13215 = AXIS2_PLACEMENT_3D('',#13216,#13217,#13218);
#13216 = CARTESIAN_POINT('',(15.354416883399,-32.58862162159,
    44.484063759323));
#13217 = DIRECTION('',(0.104273837185,-6.975647374413E-02,0.992099290016
    ));
#13218 = DIRECTION('',(0.994521895368,1.07850667488E-17,-0.104528463268)
  );
#13219 = ADVANCED_FACE('',(#13220),#13231,.T.);
#13220 = FACE_BOUND('',#13221,.T.);
#13221 = EDGE_LOOP('',(#13222,#13223,#13229,#13230));
#13222 = ORIENTED_EDGE('',*,*,#10710,.F.);
#13223 = ORIENTED_EDGE('',*,*,#13224,.F.);
#13224 = EDGE_CURVE('',#10646,#10703,#13225,.T.);
#13225 = LINE('',#13226,#13227);
#13226 = CARTESIAN_POINT('',(-217.5857655432,29.733909110203,
    73.349084552089));
#13227 = VECTOR('',#13228,1.);
#13228 = DIRECTION('',(-0.994521895368,-6.938893903907E-18,
    0.104528463268));
#13229 = ORIENTED_EDGE('',*,*,#10645,.T.);
#13230 = ORIENTED_EDGE('',*,*,#10676,.F.);
#13231 = PLANE('',#13232);
#13232 = AXIS2_PLACEMENT_3D('',#13233,#13234,#13235);
#13233 = CARTESIAN_POINT('',(15.354416883399,-32.58862162159,
    44.484063759323));
#13234 = DIRECTION('',(0.104273837185,-6.975647374413E-02,0.992099290016
    ));
#13235 = DIRECTION('',(0.994521895368,1.07850667488E-17,-0.104528463268)
  );
#13236 = ADVANCED_FACE('',(#13237),#13263,.T.);
#13237 = FACE_BOUND('',#13238,.T.);
#13238 = EDGE_LOOP('',(#13239,#13240,#13246,#13247,#13256));
#13239 = ORIENTED_EDGE('',*,*,#12740,.T.);
#13240 = ORIENTED_EDGE('',*,*,#13241,.T.);
#13241 = EDGE_CURVE('',#10462,#10422,#13242,.T.);
#13242 = LINE('',#13243,#13244);
#13243 = CARTESIAN_POINT('',(16.644477010648,-264.2791778967,
    28.05784927732));
#13244 = VECTOR('',#13245,1.);
#13245 = DIRECTION('',(7.291537003444E-03,0.99756405026,
    6.937434048221E-02));
#13246 = ORIENTED_EDGE('',*,*,#10693,.F.);
#13247 = ORIENTED_EDGE('',*,*,#13248,.F.);
#13248 = EDGE_CURVE('',#13249,#10694,#13251,.T.);
#13249 = VERTEX_POINT('',#13250);
#13250 = CARTESIAN_POINT('',(17.640852996381,21.704158941731,
    48.061182995873));
#13251 = CIRCLE('',#13252,4.7);
#13252 = AXIS2_PLACEMENT_3D('',#13253,#13254,#13255);
#13253 = CARTESIAN_POINT('',(12.96660008815,21.704158941731,
    48.552466773231));
#13254 = DIRECTION('',(0.104273837185,-6.975647374413E-02,0.992099290016
    ));
#13255 = DIRECTION('',(0.994521895368,1.07850667488E-17,-0.104528463268)
  );
#13256 = ORIENTED_EDGE('',*,*,#13257,.F.);
#13257 = EDGE_CURVE('',#12741,#13249,#13258,.T.);
#13258 = CIRCLE('',#13259,4.7);
#13259 = AXIS2_PLACEMENT_3D('',#13260,#13261,#13262);
#13260 = CARTESIAN_POINT('',(12.96660008815,21.704158941731,
    48.552466773231));
#13261 = DIRECTION('',(0.104273837185,-6.975647374413E-02,0.992099290016
    ));
#13262 = DIRECTION('',(0.994521895368,1.07850667488E-17,-0.104528463268)
  );
#13263 = PLANE('',#13264);
#13264 = AXIS2_PLACEMENT_3D('',#13265,#13266,#13267);
#13265 = CARTESIAN_POINT('',(15.354416883399,-32.58862162159,
    44.484063759323));
#13266 = DIRECTION('',(0.104273837185,-6.975647374413E-02,0.992099290016
    ));
#13267 = DIRECTION('',(0.994521895368,1.07850667488E-17,-0.104528463268)
  );
#13268 = ADVANCED_FACE('',(#13269),#13303,.T.);
#13269 = FACE_BOUND('',#13270,.T.);
#13270 = EDGE_LOOP('',(#13271,#13279,#13288,#13296,#13302));
#13271 = ORIENTED_EDGE('',*,*,#13272,.F.);
#13272 = EDGE_CURVE('',#13273,#10719,#13275,.T.);
#13273 = VERTEX_POINT('',#13274);
#13274 = CARTESIAN_POINT('',(15.776947897714,25.218360610182,
    48.504177822728));
#13275 = LINE('',#13276,#13277);
#13276 = CARTESIAN_POINT('',(15.354416883399,-32.58862162159,
    44.484063759323));
#13277 = VECTOR('',#13278,1.);
#13278 = DIRECTION('',(7.291537003444E-03,0.99756405026,
    6.937434048221E-02));
#13279 = ORIENTED_EDGE('',*,*,#13280,.F.);
#13280 = EDGE_CURVE('',#13281,#13273,#13283,.T.);
#13281 = VERTEX_POINT('',#13282);
#13282 = CARTESIAN_POINT('',(15.875803253919,25.136707115749,
    48.488046486561));
#13283 = CIRCLE('',#13284,4.5);
#13284 = AXIS2_PLACEMENT_3D('',#13285,#13286,#13287);
#13285 = CARTESIAN_POINT('',(12.96660008815,21.704158941731,
    48.552466773231));
#13286 = DIRECTION('',(0.104273837185,-6.975647374413E-02,0.992099290016
    ));
#13287 = DIRECTION('',(0.994521895368,1.07850667488E-17,-0.104528463268)
  );
#13288 = ORIENTED_EDGE('',*,*,#13289,.T.);
#13289 = EDGE_CURVE('',#13281,#13290,#13292,.T.);
#13290 = VERTEX_POINT('',#13291);
#13291 = CARTESIAN_POINT('',(15.876593859914,25.244870884033,
    48.49556860014));
#13292 = LINE('',#13293,#13294);
#13293 = CARTESIAN_POINT('',(15.849707352612,21.566495102795,
    48.239760570768));
#13294 = VECTOR('',#13295,1.);
#13295 = DIRECTION('',(7.291537003444E-03,0.99756405026,
    6.937434048221E-02));
#13296 = ORIENTED_EDGE('',*,*,#13297,.T.);
#13297 = EDGE_CURVE('',#13290,#10694,#13298,.T.);
#13298 = LINE('',#13299,#13300);
#13299 = CARTESIAN_POINT('',(15.876593859914,25.244870884033,
    48.49556860014));
#13300 = VECTOR('',#13301,1.);
#13301 = DIRECTION('',(0.994521895368,1.07850667488E-17,-0.104528463268)
  );
#13302 = ORIENTED_EDGE('',*,*,#10726,.T.);
#13303 = PLANE('',#13304);
#13304 = AXIS2_PLACEMENT_3D('',#13305,#13306,#13307);
#13305 = CARTESIAN_POINT('',(15.354416883399,-32.58862162159,
    44.484063759323));
#13306 = DIRECTION('',(0.104273837185,-6.975647374413E-02,0.992099290016
    ));
#13307 = DIRECTION('',(0.994521895368,1.07850667488E-17,-0.104528463268)
  );
#13308 = ADVANCED_FACE('',(#13309),#13325,.T.);
#13309 = FACE_BOUND('',#13310,.T.);
#13310 = EDGE_LOOP('',(#13311,#13317,#13324));
#13311 = ORIENTED_EDGE('',*,*,#13312,.F.);
#13312 = EDGE_CURVE('',#11960,#7178,#13313,.T.);
#13313 = LINE('',#13314,#13315);
#13314 = CARTESIAN_POINT('',(-54.50441581653,-285.6826552461,
    34.030978197395));
#13315 = VECTOR('',#13316,1.);
#13316 = DIRECTION('',(0.217096422073,0.975077853946,4.574190930822E-02)
  );
#13317 = ORIENTED_EDGE('',*,*,#13318,.F.);
#13318 = EDGE_CURVE('',#10719,#11960,#13319,.T.);
#13319 = CIRCLE('',#13320,4.7);
#13320 = AXIS2_PLACEMENT_3D('',#13321,#13322,#13323);
#13321 = CARTESIAN_POINT('',(12.96660008815,21.704158941731,
    48.552466773231));
#13322 = DIRECTION('',(0.104273837185,-6.975647374413E-02,0.992099290016
    ));
#13323 = DIRECTION('',(0.994521895368,1.07850667488E-17,-0.104528463268)
  );
#13324 = ORIENTED_EDGE('',*,*,#10718,.T.);
#13325 = PLANE('',#13326);
#13326 = AXIS2_PLACEMENT_3D('',#13327,#13328,#13329);
#13327 = CARTESIAN_POINT('',(-457.8294727916,-498.9624263227,
    61.426025090182));
#13328 = DIRECTION('',(0.104273837185,-6.975647374413E-02,0.992099290016
    ));
#13329 = DIRECTION('',(0.994521895368,1.07850667488E-17,-0.104528463268)
  );
#13330 = ADVANCED_FACE('',(#13331),#13336,.F.);
#13331 = FACE_BOUND('',#13332,.F.);
#13332 = EDGE_LOOP('',(#13333,#13334,#13335));
#13333 = ORIENTED_EDGE('',*,*,#13312,.F.);
#13334 = ORIENTED_EDGE('',*,*,#11959,.F.);
#13335 = ORIENTED_EDGE('',*,*,#10750,.F.);
#13336 = PLANE('',#13337);
#13337 = AXIS2_PLACEMENT_3D('',#13338,#13339,#13340);
#13338 = CARTESIAN_POINT('',(6.602650315828,1.901197669402,
    46.906150668815));
#13339 = DIRECTION('',(-0.206171893896,0.,0.978515789432));
#13340 = DIRECTION('',(-0.978515789432,0.,-0.206171893896));
#13341 = ADVANCED_FACE('',(#13342),#13353,.F.);
#13342 = FACE_BOUND('',#13343,.F.);
#13343 = EDGE_LOOP('',(#13344,#13345,#13346,#13352));
#13344 = ORIENTED_EDGE('',*,*,#10818,.F.);
#13345 = ORIENTED_EDGE('',*,*,#11849,.T.);
#13346 = ORIENTED_EDGE('',*,*,#13347,.T.);
#13347 = EDGE_CURVE('',#11842,#11283,#13348,.T.);
#13348 = LINE('',#13349,#13350);
#13349 = CARTESIAN_POINT('',(-1.,38.,41.497474683058));
#13350 = VECTOR('',#13351,1.);
#13351 = DIRECTION('',(1.,0.,-2.22044604925E-16));
#13352 = ORIENTED_EDGE('',*,*,#11290,.F.);
#13353 = PLANE('',#13354);
#13354 = AXIS2_PLACEMENT_3D('',#13355,#13356,#13357);
#13355 = CARTESIAN_POINT('',(-1.,38.,41.497474683058));
#13356 = DIRECTION('',(0.,1.,0.));
#13357 = DIRECTION('',(1.,0.,-2.22044604925E-16));
#13358 = ADVANCED_FACE('',(#13359),#13370,.T.);
#13359 = FACE_BOUND('',#13360,.T.);
#13360 = EDGE_LOOP('',(#13361,#13362,#13363,#13369));
#13361 = ORIENTED_EDGE('',*,*,#10936,.F.);
#13362 = ORIENTED_EDGE('',*,*,#11833,.T.);
#13363 = ORIENTED_EDGE('',*,*,#13364,.T.);
#13364 = EDGE_CURVE('',#11834,#11275,#13365,.T.);
#13365 = LINE('',#13366,#13367);
#13366 = CARTESIAN_POINT('',(-1.,-38.,41.497474683058));
#13367 = VECTOR('',#13368,1.);
#13368 = DIRECTION('',(1.,0.,-2.22044604925E-16));
#13369 = ORIENTED_EDGE('',*,*,#11274,.F.);
#13370 = PLANE('',#13371);
#13371 = AXIS2_PLACEMENT_3D('',#13372,#13373,#13374);
#13372 = CARTESIAN_POINT('',(-1.,-38.,41.497474683058));
#13373 = DIRECTION('',(0.,1.,0.));
#13374 = DIRECTION('',(1.,0.,-2.22044604925E-16));
#13375 = ADVANCED_FACE('',(#13376),#13394,.T.);
#13376 = FACE_BOUND('',#13377,.T.);
#13377 = EDGE_LOOP('',(#13378,#13386,#13392,#13393));
#13378 = ORIENTED_EDGE('',*,*,#13379,.T.);
#13379 = EDGE_CURVE('',#10984,#13380,#13382,.T.);
#13380 = VERTEX_POINT('',#13381);
#13381 = CARTESIAN_POINT('',(76.207309008078,22.164551668443,
    35.285411605797));
#13382 = LINE('',#13383,#13384);
#13383 = CARTESIAN_POINT('',(74.491945896101,19.221737720176,
    35.258788433771));
#13384 = VECTOR('',#13385,1.);
#13385 = DIRECTION('',(0.503575603962,0.863915809427,7.815709594563E-03)
  );
#13386 = ORIENTED_EDGE('',*,*,#13387,.T.);
#13387 = EDGE_CURVE('',#13380,#11020,#13388,.T.);
#13388 = LINE('',#13389,#13390);
#13389 = CARTESIAN_POINT('',(76.207309008078,22.164551668443,
    35.285411605797));
#13390 = VECTOR('',#13391,1.);
#13391 = DIRECTION('',(-0.490946291407,0.863915809427,0.112344172862));
#13392 = ORIENTED_EDGE('',*,*,#11026,.T.);
#13393 = ORIENTED_EDGE('',*,*,#10983,.T.);
#13394 = PLANE('',#13395);
#13395 = AXIS2_PLACEMENT_3D('',#13396,#13397,#13398);
#13396 = CARTESIAN_POINT('',(72.819602852444,22.164551668443,
    35.64147387059));
#13397 = DIRECTION('',(0.104273837185,-6.975647374413E-02,0.992099290016
    ));
#13398 = DIRECTION('',(0.994521895368,1.07850667488E-17,-0.104528463268)
  );
#13399 = ADVANCED_FACE('',(#13400),#13410,.T.);
#13400 = FACE_BOUND('',#13401,.T.);
#13401 = EDGE_LOOP('',(#13402,#13403,#13409));
#13402 = ORIENTED_EDGE('',*,*,#13387,.F.);
#13403 = ORIENTED_EDGE('',*,*,#13404,.T.);
#13404 = EDGE_CURVE('',#13380,#10998,#13405,.T.);
#13405 = LINE('',#13406,#13407);
#13406 = CARTESIAN_POINT('',(76.207309008078,22.164551668443,
    35.285411605797));
#13407 = VECTOR('',#13408,1.);
#13408 = DIRECTION('',(0.104273837185,-6.975647374413E-02,0.992099290016
    ));
#13409 = ORIENTED_EDGE('',*,*,#11019,.F.);
#13410 = PLANE('',#13411);
#13411 = AXIS2_PLACEMENT_3D('',#13412,#13413,#13414);
#13412 = CARTESIAN_POINT('',(76.207309008078,22.164551668443,
    35.285411605797));
#13413 = DIRECTION('',(-0.86492699451,-0.49878202513,5.583713436723E-02)
  );
#13414 = DIRECTION('',(-0.490946291407,0.863915809427,0.112344172862));
#13415 = ADVANCED_FACE('',(#13416,#13419),#13469,.F.);
#13416 = FACE_BOUND('',#13417,.F.);
#13417 = EDGE_LOOP('',(#13418));
#13418 = ORIENTED_EDGE('',*,*,#11011,.T.);
#13419 = FACE_BOUND('',#13420,.F.);
#13420 = EDGE_LOOP('',(#13421,#13431,#13439,#13447,#13455,#13463));
#13421 = ORIENTED_EDGE('',*,*,#13422,.F.);
#13422 = EDGE_CURVE('',#13423,#13425,#13427,.T.);
#13423 = VERTEX_POINT('',#13424);
#13424 = CARTESIAN_POINT('',(76.228163775515,22.150600373694,
    35.4838314638));
#13425 = VERTEX_POINT('',#13426);
#13426 = CARTESIAN_POINT('',(74.555820731858,25.09341432196,
    35.866516900619));
#13427 = LINE('',#13428,#13429);
#13428 = CARTESIAN_POINT('',(75.810078014601,22.88630386076,
    35.579502823005));
#13429 = VECTOR('',#13430,1.);
#13430 = DIRECTION('',(-0.490946291407,0.863915809427,0.112344172862));
#13431 = ORIENTED_EDGE('',*,*,#13432,.F.);
#13432 = EDGE_CURVE('',#13433,#13423,#13435,.T.);
#13433 = VERTEX_POINT('',#13434);
#13434 = CARTESIAN_POINT('',(74.512800663538,19.207786425427,
    35.457208291774));
#13435 = LINE('',#13436,#13437);
#13436 = CARTESIAN_POINT('',(74.941641441532,19.943489912494,
    35.463864084781));
#13437 = VECTOR('',#13438,1.);
#13438 = DIRECTION('',(0.503575603962,0.863915809427,7.815709594563E-03)
  );
#13439 = ORIENTED_EDGE('',*,*,#13440,.F.);
#13440 = EDGE_CURVE('',#13441,#13433,#13443,.T.);
#13441 = VERTEX_POINT('',#13442);
#13442 = CARTESIAN_POINT('',(71.125094507903,19.207786425427,
    35.813270556567));
#13443 = LINE('',#13444,#13445);
#13444 = CARTESIAN_POINT('',(71.972021046812,19.207786425427,
    35.724254990369));
#13445 = VECTOR('',#13446,1.);
#13446 = DIRECTION('',(0.994521895368,6.938893903907E-18,-0.104528463268
    ));
#13447 = ORIENTED_EDGE('',*,*,#13448,.F.);
#13448 = EDGE_CURVE('',#13449,#13441,#13451,.T.);
#13449 = VERTEX_POINT('',#13450);
#13450 = CARTESIAN_POINT('',(69.452751464246,22.150600373694,
    36.195955993386));
#13451 = LINE('',#13452,#13453);
#13452 = CARTESIAN_POINT('',(69.87083722516,21.414896886627,
    36.100284634181));
#13453 = VECTOR('',#13454,1.);
#13454 = DIRECTION('',(0.490946291407,-0.863915809427,-0.112344172862));
#13455 = ORIENTED_EDGE('',*,*,#13456,.F.);
#13456 = EDGE_CURVE('',#13457,#13449,#13459,.T.);
#13457 = VERTEX_POINT('',#13458);
#13458 = CARTESIAN_POINT('',(71.168114576223,25.09341432196,
    36.222579165412));
#13459 = LINE('',#13460,#13461);
#13460 = CARTESIAN_POINT('',(70.739273798229,24.357710834894,
    36.215923372405));
#13461 = VECTOR('',#13462,1.);
#13462 = DIRECTION('',(-0.503575603962,-0.863915809427,
    -7.815709594563E-03));
#13463 = ORIENTED_EDGE('',*,*,#13464,.F.);
#13464 = EDGE_CURVE('',#13425,#13457,#13465,.T.);
#13465 = LINE('',#13466,#13467);
#13466 = CARTESIAN_POINT('',(73.708894192949,25.09341432196,
    35.955532466817));
#13467 = VECTOR('',#13468,1.);
#13468 = DIRECTION('',(-0.994521895368,-6.938893903907E-18,
    0.104528463268));
#13469 = PLANE('',#13470);
#13470 = AXIS2_PLACEMENT_3D('',#13471,#13472,#13473);
#13471 = CARTESIAN_POINT('',(72.840457619881,22.150600373694,
    35.839893728593));
#13472 = DIRECTION('',(0.104273837185,-6.975647374413E-02,0.992099290016
    ));
#13473 = DIRECTION('',(0.994521895368,1.07850667488E-17,-0.104528463268)
  );
#13474 = ADVANCED_FACE('',(#13475),#13480,.T.);
#13475 = FACE_BOUND('',#13476,.T.);
#13476 = EDGE_LOOP('',(#13477,#13478,#13479));
#13477 = ORIENTED_EDGE('',*,*,#13379,.F.);
#13478 = ORIENTED_EDGE('',*,*,#10997,.F.);
#13479 = ORIENTED_EDGE('',*,*,#13404,.F.);
#13480 = PLANE('',#13481);
#13481 = AXIS2_PLACEMENT_3D('',#13482,#13483,#13484);
#13482 = CARTESIAN_POINT('',(74.491945896101,19.221737720176,
    35.258788433771));
#13483 = DIRECTION('',(-0.857635457507,0.49878202513,0.125211474849));
#13484 = DIRECTION('',(0.503575603962,0.863915809427,7.815709594563E-03)
  );
#13485 = ADVANCED_FACE('',(#13486),#13504,.T.);
#13486 = FACE_BOUND('',#13487,.T.);
#13487 = EDGE_LOOP('',(#13488,#13496,#13502,#13503));
#13488 = ORIENTED_EDGE('',*,*,#13489,.T.);
#13489 = EDGE_CURVE('',#11131,#13490,#13492,.T.);
#13490 = VERTEX_POINT('',#13491);
#13491 = CARTESIAN_POINT('',(75.901064453933,-19.73313844247,
    32.371689305544));
#13492 = LINE('',#13493,#13494);
#13493 = CARTESIAN_POINT('',(74.185701341956,-22.67595239073,
    32.345066133518));
#13494 = VECTOR('',#13495,1.);
#13495 = DIRECTION('',(0.503575603962,0.863915809427,7.815709594563E-03)
  );
#13496 = ORIENTED_EDGE('',*,*,#13497,.T.);
#13497 = EDGE_CURVE('',#13490,#11167,#13498,.T.);
#13498 = LINE('',#13499,#13500);
#13499 = CARTESIAN_POINT('',(75.901064453933,-19.73313844247,
    32.371689305544));
#13500 = VECTOR('',#13501,1.);
#13501 = DIRECTION('',(-0.490946291407,0.863915809427,0.112344172862));
#13502 = ORIENTED_EDGE('',*,*,#11173,.T.);
#13503 = ORIENTED_EDGE('',*,*,#11130,.T.);
#13504 = PLANE('',#13505);
#13505 = AXIS2_PLACEMENT_3D('',#13506,#13507,#13508);
#13506 = CARTESIAN_POINT('',(72.513358298299,-19.73313844247,
    32.727751570337));
#13507 = DIRECTION('',(0.104273837185,-6.975647374413E-02,0.992099290016
    ));
#13508 = DIRECTION('',(0.994521895368,1.07850667488E-17,-0.104528463268)
  );
#13509 = ADVANCED_FACE('',(#13510),#13520,.T.);
#13510 = FACE_BOUND('',#13511,.T.);
#13511 = EDGE_LOOP('',(#13512,#13513,#13519));
#13512 = ORIENTED_EDGE('',*,*,#13497,.F.);
#13513 = ORIENTED_EDGE('',*,*,#13514,.T.);
#13514 = EDGE_CURVE('',#13490,#11145,#13515,.T.);
#13515 = LINE('',#13516,#13517);
#13516 = CARTESIAN_POINT('',(75.901064453933,-19.73313844247,
    32.371689305544));
#13517 = VECTOR('',#13518,1.);
#13518 = DIRECTION('',(0.104273837185,-6.975647374413E-02,0.992099290016
    ));
#13519 = ORIENTED_EDGE('',*,*,#11166,.F.);
#13520 = PLANE('',#13521);
#13521 = AXIS2_PLACEMENT_3D('',#13522,#13523,#13524);
#13522 = CARTESIAN_POINT('',(75.901064453933,-19.73313844247,
    32.371689305544));
#13523 = DIRECTION('',(-0.86492699451,-0.49878202513,5.583713436723E-02)
  );
#13524 = DIRECTION('',(-0.490946291407,0.863915809427,0.112344172862));
#13525 = ADVANCED_FACE('',(#13526,#13529),#13579,.F.);
#13526 = FACE_BOUND('',#13527,.F.);
#13527 = EDGE_LOOP('',(#13528));
#13528 = ORIENTED_EDGE('',*,*,#11158,.T.);
#13529 = FACE_BOUND('',#13530,.F.);
#13530 = EDGE_LOOP('',(#13531,#13541,#13549,#13557,#13565,#13573));
#13531 = ORIENTED_EDGE('',*,*,#13532,.F.);
#13532 = EDGE_CURVE('',#13533,#13535,#13537,.T.);
#13533 = VERTEX_POINT('',#13534);
#13534 = CARTESIAN_POINT('',(75.92191922137,-19.74708973721,
    32.570109163547));
#13535 = VERTEX_POINT('',#13536);
#13536 = CARTESIAN_POINT('',(74.249576177713,-16.80427578895,
    32.952794600366));
#13537 = LINE('',#13538,#13539);
#13538 = CARTESIAN_POINT('',(75.503833460456,-19.01138625015,
    32.665780522752));
#13539 = VECTOR('',#13540,1.);
#13540 = DIRECTION('',(-0.490946291407,0.863915809427,0.112344172862));
#13541 = ORIENTED_EDGE('',*,*,#13542,.F.);
#13542 = EDGE_CURVE('',#13543,#13533,#13545,.T.);
#13543 = VERTEX_POINT('',#13544);
#13544 = CARTESIAN_POINT('',(74.206556109393,-22.68990368548,
    32.543485991521));
#13545 = LINE('',#13546,#13547);
#13546 = CARTESIAN_POINT('',(74.635396887387,-21.95420019841,
    32.550141784528));
#13547 = VECTOR('',#13548,1.);
#13548 = DIRECTION('',(0.503575603962,0.863915809427,7.815709594563E-03)
  );
#13549 = ORIENTED_EDGE('',*,*,#13550,.F.);
#13550 = EDGE_CURVE('',#13551,#13543,#13553,.T.);
#13551 = VERTEX_POINT('',#13552);
#13552 = CARTESIAN_POINT('',(70.818849953758,-22.68990368548,
    32.899548256314));
#13553 = LINE('',#13554,#13555);
#13554 = CARTESIAN_POINT('',(71.665776492667,-22.68990368548,
    32.810532690116));
#13555 = VECTOR('',#13556,1.);
#13556 = DIRECTION('',(0.994521895368,6.938893903907E-18,-0.104528463268
    ));
#13557 = ORIENTED_EDGE('',*,*,#13558,.F.);
#13558 = EDGE_CURVE('',#13559,#13551,#13561,.T.);
#13559 = VERTEX_POINT('',#13560);
#13560 = CARTESIAN_POINT('',(69.146506910101,-19.74708973721,
    33.282233693133));
#13561 = LINE('',#13562,#13563);
#13562 = CARTESIAN_POINT('',(69.564592671016,-20.48279322428,
    33.186562333928));
#13563 = VECTOR('',#13564,1.);
#13564 = DIRECTION('',(0.490946291407,-0.863915809427,-0.112344172862));
#13565 = ORIENTED_EDGE('',*,*,#13566,.F.);
#13566 = EDGE_CURVE('',#13567,#13559,#13569,.T.);
#13567 = VERTEX_POINT('',#13568);
#13568 = CARTESIAN_POINT('',(70.861870022079,-16.80427578895,
    33.308856865159));
#13569 = LINE('',#13570,#13571);
#13570 = CARTESIAN_POINT('',(70.433029244084,-17.53997927601,
    33.302201072152));
#13571 = VECTOR('',#13572,1.);
#13572 = DIRECTION('',(-0.503575603962,-0.863915809427,
    -7.815709594563E-03));
#13573 = ORIENTED_EDGE('',*,*,#13574,.F.);
#13574 = EDGE_CURVE('',#13535,#13567,#13575,.T.);
#13575 = LINE('',#13576,#13577);
#13576 = CARTESIAN_POINT('',(73.402649638805,-16.80427578895,
    33.041810166564));
#13577 = VECTOR('',#13578,1.);
#13578 = DIRECTION('',(-0.994521895368,-6.938893903907E-18,
    0.104528463268));
#13579 = PLANE('',#13580);
#13580 = AXIS2_PLACEMENT_3D('',#13581,#13582,#13583);
#13581 = CARTESIAN_POINT('',(72.534213065736,-19.74708973721,
    32.92617142834));
#13582 = DIRECTION('',(0.104273837185,-6.975647374413E-02,0.992099290016
    ));
#13583 = DIRECTION('',(0.994521895368,1.07850667488E-17,-0.104528463268)
  );
#13584 = ADVANCED_FACE('',(#13585),#13590,.T.);
#13585 = FACE_BOUND('',#13586,.T.);
#13586 = EDGE_LOOP('',(#13587,#13588,#13589));
#13587 = ORIENTED_EDGE('',*,*,#13489,.F.);
#13588 = ORIENTED_EDGE('',*,*,#11144,.F.);
#13589 = ORIENTED_EDGE('',*,*,#13514,.F.);
#13590 = PLANE('',#13591);
#13591 = AXIS2_PLACEMENT_3D('',#13592,#13593,#13594);
#13592 = CARTESIAN_POINT('',(74.185701341956,-22.67595239073,
    32.345066133518));
#13593 = DIRECTION('',(-0.857635457507,0.49878202513,0.125211474849));
#13594 = DIRECTION('',(0.503575603962,0.863915809427,7.815709594563E-03)
  );
#13595 = ADVANCED_FACE('',(#13596),#13602,.T.);
#13596 = FACE_BOUND('',#13597,.T.);
#13597 = EDGE_LOOP('',(#13598,#13599,#13600,#13601));
#13598 = ORIENTED_EDGE('',*,*,#13364,.F.);
#13599 = ORIENTED_EDGE('',*,*,#11841,.T.);
#13600 = ORIENTED_EDGE('',*,*,#13347,.T.);
#13601 = ORIENTED_EDGE('',*,*,#11282,.F.);
#13602 = PLANE('',#13603);
#13603 = AXIS2_PLACEMENT_3D('',#13604,#13605,#13606);
#13604 = CARTESIAN_POINT('',(-1.,-38.,41.497474683058));
#13605 = DIRECTION('',(-2.22044604925E-16,0.,-1.));
#13606 = DIRECTION('',(1.,0.,-2.22044604925E-16));
#13607 = ADVANCED_FACE('',(#13608,#13611),#13661,.F.);
#13608 = FACE_BOUND('',#13609,.F.);
#13609 = EDGE_LOOP('',(#13610));
#13610 = ORIENTED_EDGE('',*,*,#11333,.T.);
#13611 = FACE_BOUND('',#13612,.F.);
#13612 = EDGE_LOOP('',(#13613,#13623,#13631,#13639,#13647,#13655));
#13613 = ORIENTED_EDGE('',*,*,#13614,.F.);
#13614 = EDGE_CURVE('',#13615,#13617,#13619,.T.);
#13615 = VERTEX_POINT('',#13616);
#13616 = CARTESIAN_POINT('',(10.277639864046,-22.68990368548,
    39.262685844852));
#13617 = VERTEX_POINT('',#13618);
#13618 = CARTESIAN_POINT('',(13.665346019681,-22.68990368548,
    38.906623580059));
#13619 = LINE('',#13620,#13621);
#13620 = CARTESIAN_POINT('',(11.124566402955,-22.68990368548,
    39.173670278653));
#13621 = VECTOR('',#13622,1.);
#13622 = DIRECTION('',(0.994521895368,6.938893903907E-18,-0.104528463268
    ));
#13623 = ORIENTED_EDGE('',*,*,#13624,.F.);
#13624 = EDGE_CURVE('',#13625,#13615,#13627,.T.);
#13625 = VERTEX_POINT('',#13626);
#13626 = CARTESIAN_POINT('',(8.605296820389,-19.74708973721,
    39.645371281671));
#13627 = LINE('',#13628,#13629);
#13628 = CARTESIAN_POINT('',(9.023382581303,-20.48279322428,
    39.549699922466));
#13629 = VECTOR('',#13630,1.);
#13630 = DIRECTION('',(0.490946291407,-0.863915809427,-0.112344172862));
#13631 = ORIENTED_EDGE('',*,*,#13632,.F.);
#13632 = EDGE_CURVE('',#13633,#13625,#13635,.T.);
#13633 = VERTEX_POINT('',#13634);
#13634 = CARTESIAN_POINT('',(10.320659932367,-16.80427578895,
    39.671994453697));
#13635 = LINE('',#13636,#13637);
#13636 = CARTESIAN_POINT('',(9.891819154372,-17.53997927601,
    39.66533866069));
#13637 = VECTOR('',#13638,1.);
#13638 = DIRECTION('',(-0.503575603962,-0.863915809427,
    -7.815709594563E-03));
#13639 = ORIENTED_EDGE('',*,*,#13640,.F.);
#13640 = EDGE_CURVE('',#13641,#13633,#13643,.T.);
#13641 = VERTEX_POINT('',#13642);
#13642 = CARTESIAN_POINT('',(13.708366088001,-16.80427578895,
    39.315932188904));
#13643 = LINE('',#13644,#13645);
#13644 = CARTESIAN_POINT('',(12.861439549092,-16.80427578895,
    39.404947755102));
#13645 = VECTOR('',#13646,1.);
#13646 = DIRECTION('',(-0.994521895368,-6.938893903907E-18,
    0.104528463268));
#13647 = ORIENTED_EDGE('',*,*,#13648,.F.);
#13648 = EDGE_CURVE('',#13649,#13641,#13651,.T.);
#13649 = VERTEX_POINT('',#13650);
#13650 = CARTESIAN_POINT('',(15.380709131658,-19.74708973721,
    38.933246752085));
#13651 = LINE('',#13652,#13653);
#13652 = CARTESIAN_POINT('',(14.962623370744,-19.01138625015,
    39.02891811129));
#13653 = VECTOR('',#13654,1.);
#13654 = DIRECTION('',(-0.490946291407,0.863915809427,0.112344172862));
#13655 = ORIENTED_EDGE('',*,*,#13656,.F.);
#13656 = EDGE_CURVE('',#13617,#13649,#13657,.T.);
#13657 = LINE('',#13658,#13659);
#13658 = CARTESIAN_POINT('',(14.094186797675,-21.95420019841,
    38.913279373065));
#13659 = VECTOR('',#13660,1.);
#13660 = DIRECTION('',(0.503575603962,0.863915809427,7.815709594563E-03)
  );
#13661 = PLANE('',#13662);
#13662 = AXIS2_PLACEMENT_3D('',#13663,#13664,#13665);
#13663 = CARTESIAN_POINT('',(11.993002976024,-19.74708973721,
    39.289309016878));
#13664 = DIRECTION('',(0.104273837185,-6.975647374413E-02,0.992099290016
    ));
#13665 = DIRECTION('',(0.994521895368,1.07850667488E-17,-0.104528463268)
  );
#13666 = ADVANCED_FACE('',(#13667),#13692,.T.);
#13667 = FACE_BOUND('',#13668,.T.);
#13668 = EDGE_LOOP('',(#13669,#13679,#13685,#13686));
#13669 = ORIENTED_EDGE('',*,*,#13670,.F.);
#13670 = EDGE_CURVE('',#13671,#13673,#13675,.T.);
#13671 = VERTEX_POINT('',#13672);
#13672 = CARTESIAN_POINT('',(62.149438783093,28.71723344276,
    41.269493143698));
#13673 = VERTEX_POINT('',#13674);
#13674 = CARTESIAN_POINT('',(62.419107297045,28.536832249891,
    43.835217667267));
#13675 = LINE('',#13676,#13677);
#13676 = CARTESIAN_POINT('',(61.940891108723,28.856746390248,
    39.285294563667));
#13677 = VECTOR('',#13678,1.);
#13678 = DIRECTION('',(0.104273837185,-6.975647374413E-02,0.992099290016
    ));
#13679 = ORIENTED_EDGE('',*,*,#13680,.T.);
#13680 = EDGE_CURVE('',#13671,#11504,#13681,.T.);
#13681 = LINE('',#13682,#13683);
#13682 = CARTESIAN_POINT('',(62.141418092389,27.619912987474,
    41.193181369168));
#13683 = VECTOR('',#13684,1.);
#13684 = DIRECTION('',(7.291537003444E-03,0.99756405026,
    6.937434048221E-02));
#13685 = ORIENTED_EDGE('',*,*,#11511,.F.);
#13686 = ORIENTED_EDGE('',*,*,#13687,.F.);
#13687 = EDGE_CURVE('',#13673,#10597,#13688,.T.);
#13688 = LINE('',#13689,#13690);
#13689 = CARTESIAN_POINT('',(62.419107297045,28.536832249891,
    43.835217667267));
#13690 = VECTOR('',#13691,1.);
#13691 = DIRECTION('',(7.291537003444E-03,0.99756405026,
    6.937434048221E-02));
#13692 = PLANE('',#13693);
#13693 = AXIS2_PLACEMENT_3D('',#13694,#13695,#13696);
#13694 = CARTESIAN_POINT('',(61.940891108723,28.856746390248,
    39.285294563667));
#13695 = DIRECTION('',(0.994521895368,1.07850667488E-17,-0.104528463268)
  );
#13696 = DIRECTION('',(0.104273837185,-6.975647374413E-02,0.992099290016
    ));
#13697 = ADVANCED_FACE('',(#13698),#13716,.T.);
#13698 = FACE_BOUND('',#13699,.T.);
#13699 = EDGE_LOOP('',(#13700,#13701,#13709,#13715));
#13700 = ORIENTED_EDGE('',*,*,#13680,.F.);
#13701 = ORIENTED_EDGE('',*,*,#13702,.F.);
#13702 = EDGE_CURVE('',#13703,#13671,#13705,.T.);
#13703 = VERTEX_POINT('',#13704);
#13704 = CARTESIAN_POINT('',(61.940891108723,28.856746390248,
    39.285294563667));
#13705 = LINE('',#13706,#13707);
#13706 = CARTESIAN_POINT('',(61.940891108723,28.856746390248,
    39.285294563667));
#13707 = VECTOR('',#13708,1.);
#13708 = DIRECTION('',(0.104273837185,-6.975647374413E-02,0.992099290016
    ));
#13709 = ORIENTED_EDGE('',*,*,#13710,.T.);
#13710 = EDGE_CURVE('',#13703,#11496,#13711,.T.);
#13711 = LINE('',#13712,#13713);
#13712 = CARTESIAN_POINT('',(61.93287041802,27.759425934962,
    39.208982789137));
#13713 = VECTOR('',#13714,1.);
#13714 = DIRECTION('',(7.291537003444E-03,0.99756405026,
    6.937434048221E-02));
#13715 = ORIENTED_EDGE('',*,*,#11503,.F.);
#13716 = PLANE('',#13717);
#13717 = AXIS2_PLACEMENT_3D('',#13718,#13719,#13720);
#13718 = CARTESIAN_POINT('',(61.93287041802,27.759425934962,
    39.208982789137));
#13719 = DIRECTION('',(0.994521895368,1.07850667488E-17,-0.104528463268)
  );
#13720 = DIRECTION('',(0.104273837185,-6.975647374413E-02,0.992099290016
    ));
#13721 = ADVANCED_FACE('',(#13722),#13740,.F.);
#13722 = FACE_BOUND('',#13723,.F.);
#13723 = EDGE_LOOP('',(#13724,#13732,#13738,#13739));
#13724 = ORIENTED_EDGE('',*,*,#13725,.F.);
#13725 = EDGE_CURVE('',#13726,#11488,#13728,.T.);
#13726 = VERTEX_POINT('',#13727);
#13727 = CARTESIAN_POINT('',(38.855706757903,28.856746390248,
    41.711645210827));
#13728 = LINE('',#13729,#13730);
#13729 = CARTESIAN_POINT('',(38.847686067199,27.759425934962,
    41.635333436297));
#13730 = VECTOR('',#13731,1.);
#13731 = DIRECTION('',(7.291537003444E-03,0.99756405026,
    6.937434048221E-02));
#13732 = ORIENTED_EDGE('',*,*,#13733,.T.);
#13733 = EDGE_CURVE('',#13726,#13703,#13734,.T.);
#13734 = LINE('',#13735,#13736);
#13735 = CARTESIAN_POINT('',(38.855706757903,28.856746390248,
    41.711645210827));
#13736 = VECTOR('',#13737,1.);
#13737 = DIRECTION('',(0.994521895368,1.07850667488E-17,-0.104528463268)
  );
#13738 = ORIENTED_EDGE('',*,*,#13710,.T.);
#13739 = ORIENTED_EDGE('',*,*,#11495,.F.);
#13740 = PLANE('',#13741);
#13741 = AXIS2_PLACEMENT_3D('',#13742,#13743,#13744);
#13742 = CARTESIAN_POINT('',(38.847686067199,27.759425934962,
    41.635333436297));
#13743 = DIRECTION('',(0.104273837185,-6.975647374413E-02,0.992099290016
    ));
#13744 = DIRECTION('',(0.994521895368,1.07850667488E-17,-0.104528463268)
  );
#13745 = ADVANCED_FACE('',(#13746),#13764,.F.);
#13746 = FACE_BOUND('',#13747,.F.);
#13747 = EDGE_LOOP('',(#13748,#13756,#13762,#13763));
#13748 = ORIENTED_EDGE('',*,*,#13749,.F.);
#13749 = EDGE_CURVE('',#13750,#11480,#13752,.T.);
#13750 = VERTEX_POINT('',#13751);
#13751 = CARTESIAN_POINT('',(39.064254432272,28.71723344276,
    43.695843790859));
#13752 = LINE('',#13753,#13754);
#13753 = CARTESIAN_POINT('',(39.056233741569,27.619912987474,
    43.619532016328));
#13754 = VECTOR('',#13755,1.);
#13755 = DIRECTION('',(7.291537003444E-03,0.99756405026,
    6.937434048221E-02));
#13756 = ORIENTED_EDGE('',*,*,#13757,.F.);
#13757 = EDGE_CURVE('',#13726,#13750,#13758,.T.);
#13758 = LINE('',#13759,#13760);
#13759 = CARTESIAN_POINT('',(38.855706757903,28.856746390248,
    41.711645210827));
#13760 = VECTOR('',#13761,1.);
#13761 = DIRECTION('',(0.104273837185,-6.975647374413E-02,0.992099290016
    ));
#13762 = ORIENTED_EDGE('',*,*,#13725,.T.);
#13763 = ORIENTED_EDGE('',*,*,#11487,.F.);
#13764 = PLANE('',#13765);
#13765 = AXIS2_PLACEMENT_3D('',#13766,#13767,#13768);
#13766 = CARTESIAN_POINT('',(38.847686067199,27.759425934962,
    41.635333436297));
#13767 = DIRECTION('',(0.994521895368,1.07850667488E-17,-0.104528463268)
  );
#13768 = DIRECTION('',(0.104273837185,-6.975647374413E-02,0.992099290016
    ));
#13769 = ADVANCED_FACE('',(#13770),#13788,.F.);
#13770 = FACE_BOUND('',#13771,.F.);
#13771 = EDGE_LOOP('',(#13772,#13780,#13781,#13782));
#13772 = ORIENTED_EDGE('',*,*,#13773,.F.);
#13773 = EDGE_CURVE('',#13750,#13774,#13776,.T.);
#13774 = VERTEX_POINT('',#13775);
#13775 = CARTESIAN_POINT('',(39.333922946225,28.536832249891,
    46.261568314428));
#13776 = LINE('',#13777,#13778);
#13777 = CARTESIAN_POINT('',(38.855706757903,28.856746390248,
    41.711645210827));
#13778 = VECTOR('',#13779,1.);
#13779 = DIRECTION('',(0.104273837185,-6.975647374413E-02,0.992099290016
    ));
#13780 = ORIENTED_EDGE('',*,*,#13749,.T.);
#13781 = ORIENTED_EDGE('',*,*,#11479,.F.);
#13782 = ORIENTED_EDGE('',*,*,#13783,.F.);
#13783 = EDGE_CURVE('',#13774,#10654,#13784,.T.);
#13784 = LINE('',#13785,#13786);
#13785 = CARTESIAN_POINT('',(39.333922946225,28.536832249891,
    46.261568314428));
#13786 = VECTOR('',#13787,1.);
#13787 = DIRECTION('',(7.291537003444E-03,0.99756405026,
    6.937434048221E-02));
#13788 = PLANE('',#13789);
#13789 = AXIS2_PLACEMENT_3D('',#13790,#13791,#13792);
#13790 = CARTESIAN_POINT('',(38.855706757903,28.856746390248,
    41.711645210827));
#13791 = DIRECTION('',(0.994521895368,1.07850667488E-17,-0.104528463268)
  );
#13792 = DIRECTION('',(0.104273837185,-6.975647374413E-02,0.992099290016
    ));
#13793 = ADVANCED_FACE('',(#13794),#13819,.T.);
#13794 = FACE_BOUND('',#13795,.T.);
#13795 = EDGE_LOOP('',(#13796,#13806,#13812,#13813));
#13796 = ORIENTED_EDGE('',*,*,#13797,.F.);
#13797 = EDGE_CURVE('',#13798,#13800,#13802,.T.);
#13798 = VERTEX_POINT('',#13799);
#13799 = CARTESIAN_POINT('',(28.265735692364,28.71723344276,
    44.830813845019));
#13800 = VERTEX_POINT('',#13801);
#13801 = CARTESIAN_POINT('',(28.535404206316,28.536832249891,
    47.396538368588));
#13802 = LINE('',#13803,#13804);
#13803 = CARTESIAN_POINT('',(28.057188017994,28.856746390248,
    42.846615264987));
#13804 = VECTOR('',#13805,1.);
#13805 = DIRECTION('',(0.104273837185,-6.975647374413E-02,0.992099290016
    ));
#13806 = ORIENTED_EDGE('',*,*,#13807,.T.);
#13807 = EDGE_CURVE('',#13798,#11465,#13808,.T.);
#13808 = LINE('',#13809,#13810);
#13809 = CARTESIAN_POINT('',(28.25771500166,27.619912987474,
    44.754502070488));
#13810 = VECTOR('',#13811,1.);
#13811 = DIRECTION('',(7.291537003444E-03,0.99756405026,
    6.937434048221E-02));
#13812 = ORIENTED_EDGE('',*,*,#11472,.F.);
#13813 = ORIENTED_EDGE('',*,*,#13814,.F.);
#13814 = EDGE_CURVE('',#13800,#10646,#13815,.T.);
#13815 = LINE('',#13816,#13817);
#13816 = CARTESIAN_POINT('',(28.535404206316,28.536832249891,
    47.396538368588));
#13817 = VECTOR('',#13818,1.);
#13818 = DIRECTION('',(7.291537003444E-03,0.99756405026,
    6.937434048221E-02));
#13819 = PLANE('',#13820);
#13820 = AXIS2_PLACEMENT_3D('',#13821,#13822,#13823);
#13821 = CARTESIAN_POINT('',(28.057188017994,28.856746390248,
    42.846615264987));
#13822 = DIRECTION('',(0.994521895368,1.07850667488E-17,-0.104528463268)
  );
#13823 = DIRECTION('',(0.104273837185,-6.975647374413E-02,0.992099290016
    ));
#13824 = ADVANCED_FACE('',(#13825),#13843,.T.);
#13825 = FACE_BOUND('',#13826,.T.);
#13826 = EDGE_LOOP('',(#13827,#13828,#13836,#13842));
#13827 = ORIENTED_EDGE('',*,*,#13807,.F.);
#13828 = ORIENTED_EDGE('',*,*,#13829,.F.);
#13829 = EDGE_CURVE('',#13830,#13798,#13832,.T.);
#13830 = VERTEX_POINT('',#13831);
#13831 = CARTESIAN_POINT('',(28.057188017994,28.856746390248,
    42.846615264987));
#13832 = LINE('',#13833,#13834);
#13833 = CARTESIAN_POINT('',(28.057188017994,28.856746390248,
    42.846615264987));
#13834 = VECTOR('',#13835,1.);
#13835 = DIRECTION('',(0.104273837185,-6.975647374413E-02,0.992099290016
    ));
#13836 = ORIENTED_EDGE('',*,*,#13837,.T.);
#13837 = EDGE_CURVE('',#13830,#11457,#13838,.T.);
#13838 = LINE('',#13839,#13840);
#13839 = CARTESIAN_POINT('',(28.04916732729,27.759425934962,
    42.770303490457));
#13840 = VECTOR('',#13841,1.);
#13841 = DIRECTION('',(7.291537003444E-03,0.99756405026,
    6.937434048221E-02));
#13842 = ORIENTED_EDGE('',*,*,#11464,.F.);
#13843 = PLANE('',#13844);
#13844 = AXIS2_PLACEMENT_3D('',#13845,#13846,#13847);
#13845 = CARTESIAN_POINT('',(28.04916732729,27.759425934962,
    42.770303490457));
#13846 = DIRECTION('',(0.994521895368,1.07850667488E-17,-0.104528463268)
  );
#13847 = DIRECTION('',(0.104273837185,-6.975647374413E-02,0.992099290016
    ));
#13848 = ADVANCED_FACE('',(#13849),#13867,.F.);
#13849 = FACE_BOUND('',#13850,.F.);
#13850 = EDGE_LOOP('',(#13851,#13859,#13865,#13866));
#13851 = ORIENTED_EDGE('',*,*,#13852,.F.);
#13852 = EDGE_CURVE('',#13853,#11449,#13855,.T.);
#13853 = VERTEX_POINT('',#13854);
#13854 = CARTESIAN_POINT('',(23.67697147526,28.856746390248,
    43.30699457501));
#13855 = LINE('',#13856,#13857);
#13856 = CARTESIAN_POINT('',(23.668950784557,27.759425934962,
    43.230682800479));
#13857 = VECTOR('',#13858,1.);
#13858 = DIRECTION('',(7.291537003444E-03,0.99756405026,
    6.937434048221E-02));
#13859 = ORIENTED_EDGE('',*,*,#13860,.T.);
#13860 = EDGE_CURVE('',#13853,#13830,#13861,.T.);
#13861 = LINE('',#13862,#13863);
#13862 = CARTESIAN_POINT('',(23.67697147526,28.856746390248,
    43.30699457501));
#13863 = VECTOR('',#13864,1.);
#13864 = DIRECTION('',(0.994521895368,1.07850667488E-17,-0.104528463268)
  );
#13865 = ORIENTED_EDGE('',*,*,#13837,.T.);
#13866 = ORIENTED_EDGE('',*,*,#11456,.F.);
#13867 = PLANE('',#13868);
#13868 = AXIS2_PLACEMENT_3D('',#13869,#13870,#13871);
#13869 = CARTESIAN_POINT('',(23.668950784557,27.759425934962,
    43.230682800479));
#13870 = DIRECTION('',(0.104273837185,-6.975647374413E-02,0.992099290016
    ));
#13871 = DIRECTION('',(0.994521895368,1.07850667488E-17,-0.104528463268)
  );
#13872 = ADVANCED_FACE('',(#13873),#13891,.F.);
#13873 = FACE_BOUND('',#13874,.F.);
#13874 = EDGE_LOOP('',(#13875,#13883,#13889,#13890));
#13875 = ORIENTED_EDGE('',*,*,#13876,.F.);
#13876 = EDGE_CURVE('',#13877,#11441,#13879,.T.);
#13877 = VERTEX_POINT('',#13878);
#13878 = CARTESIAN_POINT('',(23.88551914963,28.71723344276,
    45.291193155041));
#13879 = LINE('',#13880,#13881);
#13880 = CARTESIAN_POINT('',(23.877498458926,27.619912987474,
    45.21488138051));
#13881 = VECTOR('',#13882,1.);
#13882 = DIRECTION('',(7.291537003444E-03,0.99756405026,
    6.937434048221E-02));
#13883 = ORIENTED_EDGE('',*,*,#13884,.F.);
#13884 = EDGE_CURVE('',#13853,#13877,#13885,.T.);
#13885 = LINE('',#13886,#13887);
#13886 = CARTESIAN_POINT('',(23.67697147526,28.856746390248,
    43.30699457501));
#13887 = VECTOR('',#13888,1.);
#13888 = DIRECTION('',(0.104273837185,-6.975647374413E-02,0.992099290016
    ));
#13889 = ORIENTED_EDGE('',*,*,#13852,.T.);
#13890 = ORIENTED_EDGE('',*,*,#11448,.F.);
#13891 = PLANE('',#13892);
#13892 = AXIS2_PLACEMENT_3D('',#13893,#13894,#13895);
#13893 = CARTESIAN_POINT('',(23.668950784557,27.759425934962,
    43.230682800479));
#13894 = DIRECTION('',(0.994521895368,1.07850667488E-17,-0.104528463268)
  );
#13895 = DIRECTION('',(0.104273837185,-6.975647374413E-02,0.992099290016
    ));
#13896 = ADVANCED_FACE('',(#13897),#13915,.F.);
#13897 = FACE_BOUND('',#13898,.F.);
#13898 = EDGE_LOOP('',(#13899,#13907,#13908,#13909));
#13899 = ORIENTED_EDGE('',*,*,#13900,.F.);
#13900 = EDGE_CURVE('',#13877,#13901,#13903,.T.);
#13901 = VERTEX_POINT('',#13902);
#13902 = CARTESIAN_POINT('',(24.155187663582,28.536832249891,
    47.85691767861));
#13903 = LINE('',#13904,#13905);
#13904 = CARTESIAN_POINT('',(23.67697147526,28.856746390248,
    43.30699457501));
#13905 = VECTOR('',#13906,1.);
#13906 = DIRECTION('',(0.104273837185,-6.975647374413E-02,0.992099290016
    ));
#13907 = ORIENTED_EDGE('',*,*,#13876,.T.);
#13908 = ORIENTED_EDGE('',*,*,#11440,.F.);
#13909 = ORIENTED_EDGE('',*,*,#13910,.F.);
#13910 = EDGE_CURVE('',#13901,#10703,#13911,.T.);
#13911 = LINE('',#13912,#13913);
#13912 = CARTESIAN_POINT('',(24.155187663582,28.536832249891,
    47.85691767861));
#13913 = VECTOR('',#13914,1.);
#13914 = DIRECTION('',(7.291537003444E-03,0.99756405026,
    6.937434048221E-02));
#13915 = PLANE('',#13916);
#13916 = AXIS2_PLACEMENT_3D('',#13917,#13918,#13919);
#13917 = CARTESIAN_POINT('',(23.67697147526,28.856746390248,
    43.30699457501));
#13918 = DIRECTION('',(0.994521895368,1.07850667488E-17,-0.104528463268)
  );
#13919 = DIRECTION('',(0.104273837185,-6.975647374413E-02,0.992099290016
    ));
#13920 = ADVANCED_FACE('',(#13921,#13924),#13974,.F.);
#13921 = FACE_BOUND('',#13922,.F.);
#13922 = EDGE_LOOP('',(#13923));
#13923 = ORIENTED_EDGE('',*,*,#11571,.T.);
#13924 = FACE_BOUND('',#13925,.F.);
#13925 = EDGE_LOOP('',(#13926,#13936,#13944,#13952,#13960,#13968));
#13926 = ORIENTED_EDGE('',*,*,#13927,.F.);
#13927 = EDGE_CURVE('',#13928,#13930,#13932,.T.);
#13928 = VERTEX_POINT('',#13929);
#13929 = CARTESIAN_POINT('',(15.686953685803,22.150600373694,
    41.846969052338));
#13930 = VERTEX_POINT('',#13931);
#13931 = CARTESIAN_POINT('',(14.014610642146,25.09341432196,
    42.229654489157));
#13932 = LINE('',#13933,#13934);
#13933 = CARTESIAN_POINT('',(15.268867924888,22.88630386076,
    41.942640411543));
#13934 = VECTOR('',#13935,1.);
#13935 = DIRECTION('',(-0.490946291407,0.863915809427,0.112344172862));
#13936 = ORIENTED_EDGE('',*,*,#13937,.F.);
#13937 = EDGE_CURVE('',#13938,#13928,#13940,.T.);
#13938 = VERTEX_POINT('',#13939);
#13939 = CARTESIAN_POINT('',(13.971590573825,19.207786425427,
    41.820345880312));
#13940 = LINE('',#13941,#13942);
#13941 = CARTESIAN_POINT('',(14.40043135182,19.943489912494,
    41.827001673318));
#13942 = VECTOR('',#13943,1.);
#13943 = DIRECTION('',(0.503575603962,0.863915809427,7.815709594563E-03)
  );
#13944 = ORIENTED_EDGE('',*,*,#13945,.F.);
#13945 = EDGE_CURVE('',#13946,#13938,#13948,.T.);
#13946 = VERTEX_POINT('',#13947);
#13947 = CARTESIAN_POINT('',(10.583884418191,19.207786425427,
    42.176408145105));
#13948 = LINE('',#13949,#13950);
#13949 = CARTESIAN_POINT('',(11.430810957099,19.207786425427,
    42.087392578906));
#13950 = VECTOR('',#13951,1.);
#13951 = DIRECTION('',(0.994521895368,6.938893903907E-18,-0.104528463268
    ));
#13952 = ORIENTED_EDGE('',*,*,#13953,.F.);
#13953 = EDGE_CURVE('',#13954,#13946,#13956,.T.);
#13954 = VERTEX_POINT('',#13955);
#13955 = CARTESIAN_POINT('',(8.911541374534,22.150600373694,
    42.559093581924));
#13956 = LINE('',#13957,#13958);
#13957 = CARTESIAN_POINT('',(9.329627135448,21.414896886627,
    42.463422222719));
#13958 = VECTOR('',#13959,1.);
#13959 = DIRECTION('',(0.490946291407,-0.863915809427,-0.112344172862));
#13960 = ORIENTED_EDGE('',*,*,#13961,.F.);
#13961 = EDGE_CURVE('',#13962,#13954,#13964,.T.);
#13962 = VERTEX_POINT('',#13963);
#13963 = CARTESIAN_POINT('',(10.626904486511,25.09341432196,
    42.58571675395));
#13964 = LINE('',#13965,#13966);
#13965 = CARTESIAN_POINT('',(10.198063708517,24.357710834894,
    42.579060960943));
#13966 = VECTOR('',#13967,1.);
#13967 = DIRECTION('',(-0.503575603962,-0.863915809427,
    -7.815709594563E-03));
#13968 = ORIENTED_EDGE('',*,*,#13969,.F.);
#13969 = EDGE_CURVE('',#13930,#13962,#13970,.T.);
#13970 = LINE('',#13971,#13972);
#13971 = CARTESIAN_POINT('',(13.167684103237,25.09341432196,
    42.318670055355));
#13972 = VECTOR('',#13973,1.);
#13973 = DIRECTION('',(-0.994521895368,-6.938893903907E-18,
    0.104528463268));
#13974 = PLANE('',#13975);
#13975 = AXIS2_PLACEMENT_3D('',#13976,#13977,#13978);
#13976 = CARTESIAN_POINT('',(12.299247530168,22.150600373694,
    42.203031317131));
#13977 = DIRECTION('',(0.104273837185,-6.975647374413E-02,0.992099290016
    ));
#13978 = DIRECTION('',(0.994521895368,1.07850667488E-17,-0.104528463268)
  );
#13979 = ADVANCED_FACE('',(#13980,#14030),#14033,.F.);
#13980 = FACE_BOUND('',#13981,.F.);
#13981 = EDGE_LOOP('',(#13982,#13992,#14000,#14008,#14016,#14024));
#13982 = ORIENTED_EDGE('',*,*,#13983,.T.);
#13983 = EDGE_CURVE('',#13984,#13986,#13988,.T.);
#13984 = VERTEX_POINT('',#13985);
#13985 = CARTESIAN_POINT('',(76.509703135914,21.962257894585,
    38.162499546842));
#13986 = VERTEX_POINT('',#13987);
#13987 = CARTESIAN_POINT('',(74.837360092257,24.905071842851,
    38.545184983661));
#13988 = LINE('',#13989,#13990);
#13989 = CARTESIAN_POINT('',(76.509703135914,21.962257894585,
    38.162499546842));
#13990 = VECTOR('',#13991,1.);
#13991 = DIRECTION('',(-0.490946291407,0.863915809427,0.112344172862));
#13992 = ORIENTED_EDGE('',*,*,#13993,.T.);
#13993 = EDGE_CURVE('',#13986,#13994,#13996,.T.);
#13994 = VERTEX_POINT('',#13995);
#13995 = CARTESIAN_POINT('',(71.449653936622,24.905071842851,
    38.901247248454));
#13996 = LINE('',#13997,#13998);
#13997 = CARTESIAN_POINT('',(74.837360092257,24.905071842851,
    38.545184983661));
#13998 = VECTOR('',#13999,1.);
#13999 = DIRECTION('',(-0.994521895368,-1.07850667488E-17,0.104528463268
    ));
#14000 = ORIENTED_EDGE('',*,*,#14001,.T.);
#14001 = EDGE_CURVE('',#13994,#14002,#14004,.T.);
#14002 = VERTEX_POINT('',#14003);
#14003 = CARTESIAN_POINT('',(69.734290824645,21.962257894585,
    38.874624076428));
#14004 = LINE('',#14005,#14006);
#14005 = CARTESIAN_POINT('',(71.449653936622,24.905071842851,
    38.901247248454));
#14006 = VECTOR('',#14007,1.);
#14007 = DIRECTION('',(-0.503575603962,-0.863915809427,
    -7.815709594563E-03));
#14008 = ORIENTED_EDGE('',*,*,#14009,.T.);
#14009 = EDGE_CURVE('',#14002,#14010,#14012,.T.);
#14010 = VERTEX_POINT('',#14011);
#14011 = CARTESIAN_POINT('',(71.406633868302,19.019443946318,
    38.491938639609));
#14012 = LINE('',#14013,#14014);
#14013 = CARTESIAN_POINT('',(69.734290824645,21.962257894585,
    38.874624076428));
#14014 = VECTOR('',#14015,1.);
#14015 = DIRECTION('',(0.490946291407,-0.863915809427,-0.112344172862));
#14016 = ORIENTED_EDGE('',*,*,#14017,.T.);
#14017 = EDGE_CURVE('',#14010,#14018,#14020,.T.);
#14018 = VERTEX_POINT('',#14019);
#14019 = CARTESIAN_POINT('',(74.794340023936,19.019443946318,
    38.135876374816));
#14020 = LINE('',#14021,#14022);
#14021 = CARTESIAN_POINT('',(71.406633868302,19.019443946318,
    38.491938639609));
#14022 = VECTOR('',#14023,1.);
#14023 = DIRECTION('',(0.994521895368,1.07850667488E-17,-0.104528463268)
  );
#14024 = ORIENTED_EDGE('',*,*,#14025,.T.);
#14025 = EDGE_CURVE('',#14018,#13984,#14026,.T.);
#14026 = LINE('',#14027,#14028);
#14027 = CARTESIAN_POINT('',(74.794340023936,19.019443946318,
    38.135876374816));
#14028 = VECTOR('',#14029,1.);
#14029 = DIRECTION('',(0.503575603962,0.863915809427,7.815709594563E-03)
  );
#14030 = FACE_BOUND('',#14031,.F.);
#14031 = EDGE_LOOP('',(#14032));
#14032 = ORIENTED_EDGE('',*,*,#11638,.F.);
#14033 = PLANE('',#14034);
#14034 = AXIS2_PLACEMENT_3D('',#14035,#14036,#14037);
#14035 = CARTESIAN_POINT('',(73.121996980279,21.962257894585,
    38.518561811635));
#14036 = DIRECTION('',(0.104273837185,-6.975647374413E-02,0.992099290016
    ));
#14037 = DIRECTION('',(0.994521895368,1.07850667488E-17,-0.104528463268)
  );
#14038 = ADVANCED_FACE('',(#14039,#14089),#14092,.F.);
#14039 = FACE_BOUND('',#14040,.F.);
#14040 = EDGE_LOOP('',(#14041,#14051,#14059,#14067,#14075,#14083));
#14041 = ORIENTED_EDGE('',*,*,#14042,.T.);
#14042 = EDGE_CURVE('',#14043,#14045,#14047,.T.);
#14043 = VERTEX_POINT('',#14044);
#14044 = CARTESIAN_POINT('',(76.203458581769,-19.93543221632,
    35.248777246589));
#14045 = VERTEX_POINT('',#14046);
#14046 = CARTESIAN_POINT('',(74.531115538112,-16.99261826806,
    35.631462683408));
#14047 = LINE('',#14048,#14049);
#14048 = CARTESIAN_POINT('',(76.203458581769,-19.93543221632,
    35.248777246589));
#14049 = VECTOR('',#14050,1.);
#14050 = DIRECTION('',(-0.490946291407,0.863915809427,0.112344172862));
#14051 = ORIENTED_EDGE('',*,*,#14052,.T.);
#14052 = EDGE_CURVE('',#14045,#14053,#14055,.T.);
#14053 = VERTEX_POINT('',#14054);
#14054 = CARTESIAN_POINT('',(71.143409382478,-16.99261826806,
    35.987524948201));
#14055 = LINE('',#14056,#14057);
#14056 = CARTESIAN_POINT('',(74.531115538112,-16.99261826806,
    35.631462683408));
#14057 = VECTOR('',#14058,1.);
#14058 = DIRECTION('',(-0.994521895368,-1.07850667488E-17,0.104528463268
    ));
#14059 = ORIENTED_EDGE('',*,*,#14060,.T.);
#14060 = EDGE_CURVE('',#14053,#14061,#14063,.T.);
#14061 = VERTEX_POINT('',#14062);
#14062 = CARTESIAN_POINT('',(69.4280462705,-19.93543221632,
    35.960901776175));
#14063 = LINE('',#14064,#14065);
#14064 = CARTESIAN_POINT('',(71.143409382478,-16.99261826806,
    35.987524948201));
#14065 = VECTOR('',#14066,1.);
#14066 = DIRECTION('',(-0.503575603962,-0.863915809427,
    -7.815709594563E-03));
#14067 = ORIENTED_EDGE('',*,*,#14068,.T.);
#14068 = EDGE_CURVE('',#14061,#14069,#14071,.T.);
#14069 = VERTEX_POINT('',#14070);
#14070 = CARTESIAN_POINT('',(71.100389314157,-22.87824616459,
    35.578216339356));
#14071 = LINE('',#14072,#14073);
#14072 = CARTESIAN_POINT('',(69.4280462705,-19.93543221632,
    35.960901776175));
#14073 = VECTOR('',#14074,1.);
#14074 = DIRECTION('',(0.490946291407,-0.863915809427,-0.112344172862));
#14075 = ORIENTED_EDGE('',*,*,#14076,.T.);
#14076 = EDGE_CURVE('',#14069,#14077,#14079,.T.);
#14077 = VERTEX_POINT('',#14078);
#14078 = CARTESIAN_POINT('',(74.488095469792,-22.87824616459,
    35.222154074563));
#14079 = LINE('',#14080,#14081);
#14080 = CARTESIAN_POINT('',(71.100389314157,-22.87824616459,
    35.578216339356));
#14081 = VECTOR('',#14082,1.);
#14082 = DIRECTION('',(0.994521895368,1.07850667488E-17,-0.104528463268)
  );
#14083 = ORIENTED_EDGE('',*,*,#14084,.T.);
#14084 = EDGE_CURVE('',#14077,#14043,#14085,.T.);
#14085 = LINE('',#14086,#14087);
#14086 = CARTESIAN_POINT('',(74.488095469792,-22.87824616459,
    35.222154074563));
#14087 = VECTOR('',#14088,1.);
#14088 = DIRECTION('',(0.503575603962,0.863915809427,7.815709594563E-03)
  );
#14089 = FACE_BOUND('',#14090,.F.);
#14090 = EDGE_LOOP('',(#14091));
#14091 = ORIENTED_EDGE('',*,*,#11673,.F.);
#14092 = PLANE('',#14093);
#14093 = AXIS2_PLACEMENT_3D('',#14094,#14095,#14096);
#14094 = CARTESIAN_POINT('',(72.815752426135,-19.93543221632,
    35.604839511382));
#14095 = DIRECTION('',(0.104273837185,-6.975647374413E-02,0.992099290016
    ));
#14096 = DIRECTION('',(0.994521895368,1.07850667488E-17,-0.104528463268)
  );
#14097 = ADVANCED_FACE('',(#14098),#14106,.F.);
#14098 = FACE_BOUND('',#14099,.F.);
#14099 = EDGE_LOOP('',(#14100,#14101,#14102,#14103,#14104,#14105));
#14100 = ORIENTED_EDGE('',*,*,#11791,.T.);
#14101 = ORIENTED_EDGE('',*,*,#11782,.T.);
#14102 = ORIENTED_EDGE('',*,*,#11773,.T.);
#14103 = ORIENTED_EDGE('',*,*,#11765,.F.);
#14104 = ORIENTED_EDGE('',*,*,#11824,.T.);
#14105 = ORIENTED_EDGE('',*,*,#11800,.F.);
#14106 = PLANE('',#14107);
#14107 = AXIS2_PLACEMENT_3D('',#14108,#14109,#14110);
#14108 = CARTESIAN_POINT('',(1.110223024625E-13,-500.,500.));
#14109 = DIRECTION('',(1.,0.,-2.22044604925E-16));
#14110 = DIRECTION('',(-2.22044604925E-16,0.,-1.));
#14111 = ADVANCED_FACE('',(#14112),#14120,.F.);
#14112 = FACE_BOUND('',#14113,.F.);
#14113 = EDGE_LOOP('',(#14114,#14115,#14116,#14117,#14118,#14119));
#14114 = ORIENTED_EDGE('',*,*,#11889,.F.);
#14115 = ORIENTED_EDGE('',*,*,#11865,.F.);
#14116 = ORIENTED_EDGE('',*,*,#11924,.F.);
#14117 = ORIENTED_EDGE('',*,*,#11915,.T.);
#14118 = ORIENTED_EDGE('',*,*,#11906,.T.);
#14119 = ORIENTED_EDGE('',*,*,#11897,.T.);
#14120 = PLANE('',#14121);
#14121 = AXIS2_PLACEMENT_3D('',#14122,#14123,#14124);
#14122 = CARTESIAN_POINT('',(1.110223024625E-13,-500.,500.));
#14123 = DIRECTION('',(1.,0.,-2.22044604925E-16));
#14124 = DIRECTION('',(-2.22044604925E-16,0.,-1.));
#14125 = ADVANCED_FACE('',(#14126),#14145,.T.);
#14126 = FACE_BOUND('',#14127,.T.);
#14127 = EDGE_LOOP('',(#14128,#14136,#14137,#14138));
#14128 = ORIENTED_EDGE('',*,*,#14129,.T.);
#14129 = EDGE_CURVE('',#14130,#11960,#14132,.T.);
#14130 = VERTEX_POINT('',#14131);
#14131 = CARTESIAN_POINT('',(14.844101665303,25.792784813336,
    48.642612820499));
#14132 = LINE('',#14133,#14134);
#14133 = CARTESIAN_POINT('',(-54.50441581653,-285.6826552461,
    34.030978197395));
#14134 = VECTOR('',#14135,1.);
#14135 = DIRECTION('',(0.217096422073,0.975077853946,4.574190930822E-02)
  );
#14136 = ORIENTED_EDGE('',*,*,#11968,.T.);
#14137 = ORIENTED_EDGE('',*,*,#12698,.T.);
#14138 = ORIENTED_EDGE('',*,*,#14139,.F.);
#14139 = EDGE_CURVE('',#14130,#12699,#14140,.T.);
#14140 = CIRCLE('',#14141,4.5);
#14141 = AXIS2_PLACEMENT_3D('',#14142,#14143,#14144);
#14142 = CARTESIAN_POINT('',(12.96660008815,21.704158941731,
    48.552466773231));
#14143 = DIRECTION('',(0.104273837185,-6.975647374413E-02,0.992099290016
    ));
#14144 = DIRECTION('',(0.994521895368,1.07850667488E-17,-0.104528463268)
  );
#14145 = PLANE('',#14146);
#14146 = AXIS2_PLACEMENT_3D('',#14147,#14148,#14149);
#14147 = CARTESIAN_POINT('',(12.96660008815,21.704158941731,
    48.552466773231));
#14148 = DIRECTION('',(0.104273837185,-6.975647374413E-02,0.992099290016
    ));
#14149 = DIRECTION('',(0.994521895368,1.07850667488E-17,-0.104528463268)
  );
#14150 = ADVANCED_FACE('',(#14151),#14162,.T.);
#14151 = FACE_BOUND('',#14152,.T.);
#14152 = EDGE_LOOP('',(#14153,#14159,#14160,#14161));
#14153 = ORIENTED_EDGE('',*,*,#14154,.T.);
#14154 = EDGE_CURVE('',#12120,#12193,#14155,.T.);
#14155 = LINE('',#14156,#14157);
#14156 = CARTESIAN_POINT('',(56.324061994057,-28.71723344276,
    37.843433348399));
#14157 = VECTOR('',#14158,1.);
#14158 = DIRECTION('',(-0.994521895368,-6.938893903907E-18,
    0.104528463268));
#14159 = ORIENTED_EDGE('',*,*,#12216,.T.);
#14160 = ORIENTED_EDGE('',*,*,#12104,.T.);
#14161 = ORIENTED_EDGE('',*,*,#12127,.F.);
#14162 = PLANE('',#14163);
#14163 = AXIS2_PLACEMENT_3D('',#14164,#14165,#14166);
#14164 = CARTESIAN_POINT('',(56.115514319688,-28.57772049527,
    35.859234768367));
#14165 = DIRECTION('',(7.291537003444E-03,0.99756405026,
    6.937434048221E-02));
#14166 = DIRECTION('',(0.104273837185,-6.975647374413E-02,0.992099290016
    ));
#14167 = ADVANCED_FACE('',(#14168),#14193,.T.);
#14168 = FACE_BOUND('',#14169,.T.);
#14169 = EDGE_LOOP('',(#14170,#14171,#14179,#14187));
#14170 = ORIENTED_EDGE('',*,*,#12151,.F.);
#14171 = ORIENTED_EDGE('',*,*,#14172,.T.);
#14172 = EDGE_CURVE('',#12144,#14173,#14175,.T.);
#14173 = VERTEX_POINT('',#14174);
#14174 = CARTESIAN_POINT('',(61.52910362725,-27.48040003998,
    35.367398387247));
#14175 = LINE('',#14176,#14177);
#14176 = CARTESIAN_POINT('',(61.494833403334,-32.1689510762,
    35.04133898698));
#14177 = VECTOR('',#14178,1.);
#14178 = DIRECTION('',(7.291537003444E-03,0.99756405026,
    6.937434048221E-02));
#14179 = ORIENTED_EDGE('',*,*,#14180,.T.);
#14180 = EDGE_CURVE('',#14173,#14181,#14183,.T.);
#14181 = VERTEX_POINT('',#14182);
#14182 = CARTESIAN_POINT('',(61.73765130162,-27.61991298747,
    37.351596967278));
#14183 = LINE('',#14184,#14185);
#14184 = CARTESIAN_POINT('',(61.52910362725,-27.48040003998,
    35.367398387247));
#14185 = VECTOR('',#14186,1.);
#14186 = DIRECTION('',(0.104273837185,-6.975647374413E-02,0.992099290016
    ));
#14187 = ORIENTED_EDGE('',*,*,#14188,.F.);
#14188 = EDGE_CURVE('',#12120,#14181,#14189,.T.);
#14189 = LINE('',#14190,#14191);
#14190 = CARTESIAN_POINT('',(61.703381077704,-32.30846402369,
    37.025537567012));
#14191 = VECTOR('',#14192,1.);
#14192 = DIRECTION('',(7.291537003444E-03,0.99756405026,
    6.937434048221E-02));
#14193 = PLANE('',#14194);
#14194 = AXIS2_PLACEMENT_3D('',#14195,#14196,#14197);
#14195 = CARTESIAN_POINT('',(61.494833403334,-32.1689510762,
    35.04133898698));
#14196 = DIRECTION('',(0.994521895368,1.07850667488E-17,-0.104528463268)
  );
#14197 = DIRECTION('',(0.104273837185,-6.975647374413E-02,0.992099290016
    ));
#14198 = ADVANCED_FACE('',(#14199),#14217,.F.);
#14199 = FACE_BOUND('',#14200,.F.);
#14200 = EDGE_LOOP('',(#14201,#14209,#14210,#14211));
#14201 = ORIENTED_EDGE('',*,*,#14202,.F.);
#14202 = EDGE_CURVE('',#12167,#14203,#14205,.T.);
#14203 = VERTEX_POINT('',#14204);
#14204 = CARTESIAN_POINT('',(56.123535010392,-27.48040003998,
    35.935546542898));
#14205 = LINE('',#14206,#14207);
#14206 = CARTESIAN_POINT('',(56.089264786476,-32.1689510762,
    35.609487142631));
#14207 = VECTOR('',#14208,1.);
#14208 = DIRECTION('',(7.291537003444E-03,0.99756405026,
    6.937434048221E-02));
#14209 = ORIENTED_EDGE('',*,*,#12166,.T.);
#14210 = ORIENTED_EDGE('',*,*,#14172,.T.);
#14211 = ORIENTED_EDGE('',*,*,#14212,.F.);
#14212 = EDGE_CURVE('',#14203,#14173,#14213,.T.);
#14213 = LINE('',#14214,#14215);
#14214 = CARTESIAN_POINT('',(56.123535010392,-27.48040003998,
    35.935546542898));
#14215 = VECTOR('',#14216,1.);
#14216 = DIRECTION('',(0.994521895368,1.07850667488E-17,-0.104528463268)
  );
#14217 = PLANE('',#14218);
#14218 = AXIS2_PLACEMENT_3D('',#14219,#14220,#14221);
#14219 = CARTESIAN_POINT('',(56.089264786476,-32.1689510762,
    35.609487142631));
#14220 = DIRECTION('',(0.104273837185,-6.975647374413E-02,0.992099290016
    ));
#14221 = DIRECTION('',(0.994521895368,1.07850667488E-17,-0.104528463268)
  );
#14222 = ADVANCED_FACE('',(#14223),#14241,.F.);
#14223 = FACE_BOUND('',#14224,.F.);
#14224 = EDGE_LOOP('',(#14225,#14226,#14227,#14235));
#14225 = ORIENTED_EDGE('',*,*,#12192,.F.);
#14226 = ORIENTED_EDGE('',*,*,#14202,.T.);
#14227 = ORIENTED_EDGE('',*,*,#14228,.T.);
#14228 = EDGE_CURVE('',#14203,#14229,#14231,.T.);
#14229 = VERTEX_POINT('',#14230);
#14230 = CARTESIAN_POINT('',(56.332082684761,-27.61991298747,
    37.919745122929));
#14231 = LINE('',#14232,#14233);
#14232 = CARTESIAN_POINT('',(56.123535010392,-27.48040003998,
    35.935546542898));
#14233 = VECTOR('',#14234,1.);
#14234 = DIRECTION('',(0.104273837185,-6.975647374413E-02,0.992099290016
    ));
#14235 = ORIENTED_EDGE('',*,*,#14236,.F.);
#14236 = EDGE_CURVE('',#12193,#14229,#14237,.T.);
#14237 = LINE('',#14238,#14239);
#14238 = CARTESIAN_POINT('',(56.297812460845,-32.30846402369,
    37.593685722663));
#14239 = VECTOR('',#14240,1.);
#14240 = DIRECTION('',(7.291537003444E-03,0.99756405026,
    6.937434048221E-02));
#14241 = PLANE('',#14242);
#14242 = AXIS2_PLACEMENT_3D('',#14243,#14244,#14245);
#14243 = CARTESIAN_POINT('',(56.089264786476,-32.1689510762,
    35.609487142631));
#14244 = DIRECTION('',(0.994521895368,1.07850667488E-17,-0.104528463268)
  );
#14245 = DIRECTION('',(0.104273837185,-6.975647374413E-02,0.992099290016
    ));
#14246 = ADVANCED_FACE('',(#14247),#14258,.T.);
#14247 = FACE_BOUND('',#14248,.T.);
#14248 = EDGE_LOOP('',(#14249,#14255,#14256,#14257));
#14249 = ORIENTED_EDGE('',*,*,#14250,.T.);
#14250 = EDGE_CURVE('',#12233,#12313,#14251,.T.);
#14251 = LINE('',#14252,#14253);
#14252 = CARTESIAN_POINT('',(49.335556635305,-28.71723344276,
    38.57795485978));
#14253 = VECTOR('',#14254,1.);
#14254 = DIRECTION('',(-0.994521895368,-6.938893903907E-18,
    0.104528463268));
#14255 = ORIENTED_EDGE('',*,*,#12336,.T.);
#14256 = ORIENTED_EDGE('',*,*,#13143,.T.);
#14257 = ORIENTED_EDGE('',*,*,#12240,.F.);
#14258 = PLANE('',#14259);
#14259 = AXIS2_PLACEMENT_3D('',#14260,#14261,#14262);
#14260 = CARTESIAN_POINT('',(49.127008960935,-28.57772049527,
    36.593756279749));
#14261 = DIRECTION('',(7.291537003444E-03,0.99756405026,
    6.937434048221E-02));
#14262 = DIRECTION('',(0.104273837185,-6.975647374413E-02,0.992099290016
    ));
#14263 = ADVANCED_FACE('',(#14264),#14289,.T.);
#14264 = FACE_BOUND('',#14265,.T.);
#14265 = EDGE_LOOP('',(#14266,#14267,#14275,#14283));
#14266 = ORIENTED_EDGE('',*,*,#12271,.F.);
#14267 = ORIENTED_EDGE('',*,*,#14268,.T.);
#14268 = EDGE_CURVE('',#12264,#14269,#14271,.T.);
#14269 = VERTEX_POINT('',#14270);
#14270 = CARTESIAN_POINT('',(54.134491219655,-27.48040003998,
    36.144603469433));
#14271 = LINE('',#14272,#14273);
#14272 = CARTESIAN_POINT('',(54.100220995739,-32.1689510762,
    35.818544069167));
#14273 = VECTOR('',#14274,1.);
#14274 = DIRECTION('',(7.291537003444E-03,0.99756405026,
    6.937434048221E-02));
#14275 = ORIENTED_EDGE('',*,*,#14276,.T.);
#14276 = EDGE_CURVE('',#14269,#14277,#14279,.T.);
#14277 = VERTEX_POINT('',#14278);
#14278 = CARTESIAN_POINT('',(54.343038894025,-27.61991298747,
    38.128802049464));
#14279 = LINE('',#14280,#14281);
#14280 = CARTESIAN_POINT('',(54.134491219655,-27.48040003998,
    36.144603469433));
#14281 = VECTOR('',#14282,1.);
#14282 = DIRECTION('',(0.104273837185,-6.975647374413E-02,0.992099290016
    ));
#14283 = ORIENTED_EDGE('',*,*,#14284,.F.);
#14284 = EDGE_CURVE('',#12233,#14277,#14285,.T.);
#14285 = LINE('',#14286,#14287);
#14286 = CARTESIAN_POINT('',(54.308768670108,-32.30846402369,
    37.802742649198));
#14287 = VECTOR('',#14288,1.);
#14288 = DIRECTION('',(7.291537003444E-03,0.99756405026,
    6.937434048221E-02));
#14289 = PLANE('',#14290);
#14290 = AXIS2_PLACEMENT_3D('',#14291,#14292,#14293);
#14291 = CARTESIAN_POINT('',(54.100220995739,-32.1689510762,
    35.818544069167));
#14292 = DIRECTION('',(0.994521895368,1.07850667488E-17,-0.104528463268)
  );
#14293 = DIRECTION('',(0.104273837185,-6.975647374413E-02,0.992099290016
    ));
#14294 = ADVANCED_FACE('',(#14295),#14313,.F.);
#14295 = FACE_BOUND('',#14296,.F.);
#14296 = EDGE_LOOP('',(#14297,#14305,#14306,#14307));
#14297 = ORIENTED_EDGE('',*,*,#14298,.F.);
#14298 = EDGE_CURVE('',#12287,#14299,#14301,.T.);
#14299 = VERTEX_POINT('',#14300);
#14300 = CARTESIAN_POINT('',(49.135029651639,-27.48040003998,
    36.67006805428));
#14301 = LINE('',#14302,#14303);
#14302 = CARTESIAN_POINT('',(49.100759427723,-32.1689510762,
    36.344008654013));
#14303 = VECTOR('',#14304,1.);
#14304 = DIRECTION('',(7.291537003444E-03,0.99756405026,
    6.937434048221E-02));
#14305 = ORIENTED_EDGE('',*,*,#12286,.T.);
#14306 = ORIENTED_EDGE('',*,*,#14268,.T.);
#14307 = ORIENTED_EDGE('',*,*,#14308,.F.);
#14308 = EDGE_CURVE('',#14299,#14269,#14309,.T.);
#14309 = LINE('',#14310,#14311);
#14310 = CARTESIAN_POINT('',(49.135029651639,-27.48040003998,
    36.67006805428));
#14311 = VECTOR('',#14312,1.);
#14312 = DIRECTION('',(0.994521895368,1.07850667488E-17,-0.104528463268)
  );
#14313 = PLANE('',#14314);
#14314 = AXIS2_PLACEMENT_3D('',#14315,#14316,#14317);
#14315 = CARTESIAN_POINT('',(49.100759427723,-32.1689510762,
    36.344008654013));
#14316 = DIRECTION('',(0.104273837185,-6.975647374413E-02,0.992099290016
    ));
#14317 = DIRECTION('',(0.994521895368,1.07850667488E-17,-0.104528463268)
  );
#14318 = ADVANCED_FACE('',(#14319),#14337,.F.);
#14319 = FACE_BOUND('',#14320,.F.);
#14320 = EDGE_LOOP('',(#14321,#14322,#14323,#14331));
#14321 = ORIENTED_EDGE('',*,*,#12312,.F.);
#14322 = ORIENTED_EDGE('',*,*,#14298,.T.);
#14323 = ORIENTED_EDGE('',*,*,#14324,.T.);
#14324 = EDGE_CURVE('',#14299,#14325,#14327,.T.);
#14325 = VERTEX_POINT('',#14326);
#14326 = CARTESIAN_POINT('',(49.343577326008,-27.61991298747,
    38.654266634311));
#14327 = LINE('',#14328,#14329);
#14328 = CARTESIAN_POINT('',(49.135029651639,-27.48040003998,
    36.67006805428));
#14329 = VECTOR('',#14330,1.);
#14330 = DIRECTION('',(0.104273837185,-6.975647374413E-02,0.992099290016
    ));
#14331 = ORIENTED_EDGE('',*,*,#14332,.F.);
#14332 = EDGE_CURVE('',#12313,#14325,#14333,.T.);
#14333 = LINE('',#14334,#14335);
#14334 = CARTESIAN_POINT('',(49.309307102092,-32.30846402369,
    38.328207234044));
#14335 = VECTOR('',#14336,1.);
#14336 = DIRECTION('',(7.291537003444E-03,0.99756405026,
    6.937434048221E-02));
#14337 = PLANE('',#14338);
#14338 = AXIS2_PLACEMENT_3D('',#14339,#14340,#14341);
#14339 = CARTESIAN_POINT('',(49.100759427723,-32.1689510762,
    36.344008654013));
#14340 = DIRECTION('',(0.994521895368,1.07850667488E-17,-0.104528463268)
  );
#14341 = DIRECTION('',(0.104273837185,-6.975647374413E-02,0.992099290016
    ));
#14342 = ADVANCED_FACE('',(#14343),#14354,.T.);
#14343 = FACE_BOUND('',#14344,.T.);
#14344 = EDGE_LOOP('',(#14345,#14351,#14352,#14353));
#14345 = ORIENTED_EDGE('',*,*,#14346,.T.);
#14346 = EDGE_CURVE('',#12360,#12440,#14347,.T.);
#14347 = LINE('',#14348,#14349);
#14348 = CARTESIAN_POINT('',(23.465710977453,-28.71723344276,
    41.29698520409));
#14349 = VECTOR('',#14350,1.);
#14350 = DIRECTION('',(-0.994521895368,-6.938893903907E-18,
    0.104528463268));
#14351 = ORIENTED_EDGE('',*,*,#12463,.T.);
#14352 = ORIENTED_EDGE('',*,*,#13126,.T.);
#14353 = ORIENTED_EDGE('',*,*,#12367,.F.);
#14354 = PLANE('',#14355);
#14355 = AXIS2_PLACEMENT_3D('',#14356,#14357,#14358);
#14356 = CARTESIAN_POINT('',(23.257163303084,-28.57772049527,
    39.312786624059));
#14357 = DIRECTION('',(7.291537003444E-03,0.99756405026,
    6.937434048221E-02));
#14358 = DIRECTION('',(0.104273837185,-6.975647374413E-02,0.992099290016
    ));
#14359 = ADVANCED_FACE('',(#14360),#14385,.T.);
#14360 = FACE_BOUND('',#14361,.T.);
#14361 = EDGE_LOOP('',(#14362,#14363,#14371,#14379));
#14362 = ORIENTED_EDGE('',*,*,#12398,.F.);
#14363 = ORIENTED_EDGE('',*,*,#14364,.T.);
#14364 = EDGE_CURVE('',#12391,#14365,#14367,.T.);
#14365 = VERTEX_POINT('',#14366);
#14366 = CARTESIAN_POINT('',(35.60953187463,-27.48040003998,
    38.09165515472));
#14367 = LINE('',#14368,#14369);
#14368 = CARTESIAN_POINT('',(35.575261650714,-32.1689510762,
    37.765595754453));
#14369 = VECTOR('',#14370,1.);
#14370 = DIRECTION('',(7.291537003444E-03,0.99756405026,
    6.937434048221E-02));
#14371 = ORIENTED_EDGE('',*,*,#14372,.T.);
#14372 = EDGE_CURVE('',#14365,#14373,#14375,.T.);
#14373 = VERTEX_POINT('',#14374);
#14374 = CARTESIAN_POINT('',(35.818079549,-27.61991298747,
    40.075853734751));
#14375 = LINE('',#14376,#14377);
#14376 = CARTESIAN_POINT('',(35.60953187463,-27.48040003998,
    38.09165515472));
#14377 = VECTOR('',#14378,1.);
#14378 = DIRECTION('',(0.104273837185,-6.975647374413E-02,0.992099290016
    ));
#14379 = ORIENTED_EDGE('',*,*,#14380,.F.);
#14380 = EDGE_CURVE('',#12360,#14373,#14381,.T.);
#14381 = LINE('',#14382,#14383);
#14382 = CARTESIAN_POINT('',(35.783809325084,-32.30846402369,
    39.749794334485));
#14383 = VECTOR('',#14384,1.);
#14384 = DIRECTION('',(7.291537003444E-03,0.99756405026,
    6.937434048221E-02));
#14385 = PLANE('',#14386);
#14386 = AXIS2_PLACEMENT_3D('',#14387,#14388,#14389);
#14387 = CARTESIAN_POINT('',(35.575261650714,-32.1689510762,
    37.765595754453));
#14388 = DIRECTION('',(0.994521895368,1.07850667488E-17,-0.104528463268)
  );
#14389 = DIRECTION('',(0.104273837185,-6.975647374413E-02,0.992099290016
    ));
#14390 = ADVANCED_FACE('',(#14391),#14409,.F.);
#14391 = FACE_BOUND('',#14392,.F.);
#14392 = EDGE_LOOP('',(#14393,#14401,#14402,#14403));
#14393 = ORIENTED_EDGE('',*,*,#14394,.F.);
#14394 = EDGE_CURVE('',#12414,#14395,#14397,.T.);
#14395 = VERTEX_POINT('',#14396);
#14396 = CARTESIAN_POINT('',(23.265183993787,-27.48040003998,
    39.389098398589));
#14397 = LINE('',#14398,#14399);
#14398 = CARTESIAN_POINT('',(23.230913769871,-32.1689510762,
    39.063038998323));
#14399 = VECTOR('',#14400,1.);
#14400 = DIRECTION('',(7.291537003444E-03,0.99756405026,
    6.937434048221E-02));
#14401 = ORIENTED_EDGE('',*,*,#12413,.T.);
#14402 = ORIENTED_EDGE('',*,*,#14364,.T.);
#14403 = ORIENTED_EDGE('',*,*,#14404,.F.);
#14404 = EDGE_CURVE('',#14395,#14365,#14405,.T.);
#14405 = LINE('',#14406,#14407);
#14406 = CARTESIAN_POINT('',(23.265183993787,-27.48040003998,
    39.389098398589));
#14407 = VECTOR('',#14408,1.);
#14408 = DIRECTION('',(0.994521895368,1.07850667488E-17,-0.104528463268)
  );
#14409 = PLANE('',#14410);
#14410 = AXIS2_PLACEMENT_3D('',#14411,#14412,#14413);
#14411 = CARTESIAN_POINT('',(23.230913769871,-32.1689510762,
    39.063038998323));
#14412 = DIRECTION('',(0.104273837185,-6.975647374413E-02,0.992099290016
    ));
#14413 = DIRECTION('',(0.994521895368,1.07850667488E-17,-0.104528463268)
  );
#14414 = ADVANCED_FACE('',(#14415),#14433,.F.);
#14415 = FACE_BOUND('',#14416,.F.);
#14416 = EDGE_LOOP('',(#14417,#14418,#14419,#14427));
#14417 = ORIENTED_EDGE('',*,*,#12439,.F.);
#14418 = ORIENTED_EDGE('',*,*,#14394,.T.);
#14419 = ORIENTED_EDGE('',*,*,#14420,.T.);
#14420 = EDGE_CURVE('',#14395,#14421,#14423,.T.);
#14421 = VERTEX_POINT('',#14422);
#14422 = CARTESIAN_POINT('',(23.473731668157,-27.61991298747,
    41.37329697862));
#14423 = LINE('',#14424,#14425);
#14424 = CARTESIAN_POINT('',(23.265183993787,-27.48040003998,
    39.389098398589));
#14425 = VECTOR('',#14426,1.);
#14426 = DIRECTION('',(0.104273837185,-6.975647374413E-02,0.992099290016
    ));
#14427 = ORIENTED_EDGE('',*,*,#14428,.F.);
#14428 = EDGE_CURVE('',#12440,#14421,#14429,.T.);
#14429 = LINE('',#14430,#14431);
#14430 = CARTESIAN_POINT('',(23.439461444241,-32.30846402369,
    41.047237578354));
#14431 = VECTOR('',#14432,1.);
#14432 = DIRECTION('',(7.291537003444E-03,0.99756405026,
    6.937434048221E-02));
#14433 = PLANE('',#14434);
#14434 = AXIS2_PLACEMENT_3D('',#14435,#14436,#14437);
#14435 = CARTESIAN_POINT('',(23.230913769871,-32.1689510762,
    39.063038998323));
#14436 = DIRECTION('',(0.994521895368,1.07850667488E-17,-0.104528463268)
  );
#14437 = DIRECTION('',(0.104273837185,-6.975647374413E-02,0.992099290016
    ));
#14438 = ADVANCED_FACE('',(#14439),#14457,.T.);
#14439 = FACE_BOUND('',#14440,.T.);
#14440 = EDGE_LOOP('',(#14441,#14449,#14450,#14451));
#14441 = ORIENTED_EDGE('',*,*,#14442,.F.);
#14442 = EDGE_CURVE('',#12518,#14443,#14445,.T.);
#14443 = VERTEX_POINT('',#14444);
#14444 = CARTESIAN_POINT('',(64.024227294644,-14.12652047675,
    38.060015403476));
#14445 = LINE('',#14446,#14447);
#14446 = CARTESIAN_POINT('',(63.941640852838,-25.4252720769,
    37.27425789715));
#14447 = VECTOR('',#14448,1.);
#14448 = DIRECTION('',(7.291537003444E-03,0.99756405026,
    6.937434048221E-02));
#14449 = ORIENTED_EDGE('',*,*,#12525,.T.);
#14450 = ORIENTED_EDGE('',*,*,#12487,.T.);
#14451 = ORIENTED_EDGE('',*,*,#14452,.T.);
#14452 = EDGE_CURVE('',#12488,#14443,#14453,.T.);
#14453 = LINE('',#14454,#14455);
#14454 = CARTESIAN_POINT('',(57.584294246245,-14.12652047675,
    38.73687964169));
#14455 = VECTOR('',#14456,1.);
#14456 = DIRECTION('',(-0.994521895368,-1.07850667488E-17,0.104528463268
    ));
#14457 = PLANE('',#14458);
#14458 = AXIS2_PLACEMENT_3D('',#14459,#14460,#14461);
#14459 = CARTESIAN_POINT('',(63.941640852838,-25.4252720769,
    37.27425789715));
#14460 = DIRECTION('',(0.104273837185,-6.975647374413E-02,0.992099290016
    ));
#14461 = DIRECTION('',(0.994521895368,1.07850667488E-17,-0.104528463268)
  );
#14462 = ADVANCED_FACE('',(#14463),#14474,.F.);
#14463 = FACE_BOUND('',#14464,.F.);
#14464 = EDGE_LOOP('',(#14465,#14466,#14467,#14468));
#14465 = ORIENTED_EDGE('',*,*,#14442,.F.);
#14466 = ORIENTED_EDGE('',*,*,#12517,.F.);
#14467 = ORIENTED_EDGE('',*,*,#12540,.T.);
#14468 = ORIENTED_EDGE('',*,*,#14469,.T.);
#14469 = EDGE_CURVE('',#12541,#14443,#14470,.T.);
#14470 = LINE('',#14471,#14472);
#14471 = CARTESIAN_POINT('',(63.71016268254,-13.91641945372,
    35.071890221743));
#14472 = VECTOR('',#14473,1.);
#14473 = DIRECTION('',(0.104273837185,-6.975647374413E-02,0.992099290016
    ));
#14474 = PLANE('',#14475);
#14475 = AXIS2_PLACEMENT_3D('',#14476,#14477,#14478);
#14476 = CARTESIAN_POINT('',(63.733093178468,-25.28575912941,
    35.290059317119));
#14477 = DIRECTION('',(0.994521895368,1.07850667488E-17,-0.104528463268)
  );
#14478 = DIRECTION('',(0.104273837185,-6.975647374413E-02,0.992099290016
    ));
#14479 = ADVANCED_FACE('',(#14480),#14486,.T.);
#14480 = FACE_BOUND('',#14481,.T.);
#14481 = EDGE_LOOP('',(#14482,#14483,#14484,#14485));
#14482 = ORIENTED_EDGE('',*,*,#12571,.F.);
#14483 = ORIENTED_EDGE('',*,*,#12550,.T.);
#14484 = ORIENTED_EDGE('',*,*,#14469,.T.);
#14485 = ORIENTED_EDGE('',*,*,#14452,.F.);
#14486 = PLANE('',#14487);
#14487 = AXIS2_PLACEMENT_3D('',#14488,#14489,#14490);
#14488 = CARTESIAN_POINT('',(50.724779648007,-13.84583137817,
    35.42169209647));
#14489 = DIRECTION('',(7.291537003444E-03,0.99756405026,
    6.937434048221E-02));
#14490 = DIRECTION('',(0.104273837185,-6.975647374413E-02,0.992099290016
    ));
#14491 = ADVANCED_FACE('',(#14492),#14503,.F.);
#14492 = FACE_BOUND('',#14493,.F.);
#14493 = EDGE_LOOP('',(#14494,#14495,#14496,#14502));
#14494 = ORIENTED_EDGE('',*,*,#12594,.F.);
#14495 = ORIENTED_EDGE('',*,*,#13157,.T.);
#14496 = ORIENTED_EDGE('',*,*,#14497,.T.);
#14497 = EDGE_CURVE('',#13158,#12622,#14498,.T.);
#14498 = LINE('',#14499,#14500);
#14499 = CARTESIAN_POINT('',(64.910593207695,0.648015680073,
    35.969774283189));
#14500 = VECTOR('',#14501,1.);
#14501 = DIRECTION('',(0.104273837185,-6.975647374413E-02,0.992099290016
    ));
#14502 = ORIENTED_EDGE('',*,*,#12621,.F.);
#14503 = PLANE('',#14504);
#14504 = AXIS2_PLACEMENT_3D('',#14505,#14506,#14507);
#14505 = CARTESIAN_POINT('',(50.831236088257,0.718603755619,
    36.43455746751));
#14506 = DIRECTION('',(7.291537003444E-03,0.99756405026,
    6.937434048221E-02));
#14507 = DIRECTION('',(0.104273837185,-6.975647374413E-02,0.992099290016
    ));
#14508 = ADVANCED_FACE('',(#14509),#14534,.T.);
#14509 = FACE_BOUND('',#14510,.T.);
#14510 = EDGE_LOOP('',(#14511,#14519,#14520,#14528));
#14511 = ORIENTED_EDGE('',*,*,#14512,.F.);
#14512 = EDGE_CURVE('',#12622,#14513,#14515,.T.);
#14513 = VERTEX_POINT('',#14514);
#14514 = CARTESIAN_POINT('',(64.130683734895,0.437914657039,
    39.072880774516));
#14515 = LINE('',#14516,#14517);
#14516 = CARTESIAN_POINT('',(57.690750686495,0.437914657039,
    39.749745012731));
#14517 = VECTOR('',#14518,1.);
#14518 = DIRECTION('',(-0.994521895368,-1.07850667488E-17,0.104528463268
    ));
#14519 = ORIENTED_EDGE('',*,*,#12646,.T.);
#14520 = ORIENTED_EDGE('',*,*,#14521,.F.);
#14521 = EDGE_CURVE('',#14522,#12647,#14524,.T.);
#14522 = VERTEX_POINT('',#14523);
#14523 = CARTESIAN_POINT('',(64.313324880792,25.425272076902,
    40.810595200918));
#14524 = LINE('',#14525,#14526);
#14525 = CARTESIAN_POINT('',(64.313324880792,25.425272076902,
    40.810595200918));
#14526 = VECTOR('',#14527,1.);
#14527 = DIRECTION('',(0.994521895368,1.07850667488E-17,-0.104528463268)
  );
#14528 = ORIENTED_EDGE('',*,*,#14529,.F.);
#14529 = EDGE_CURVE('',#14513,#14522,#14530,.T.);
#14530 = LINE('',#14531,#14532);
#14531 = CARTESIAN_POINT('',(63.941640852838,-25.4252720769,
    37.27425789715));
#14532 = VECTOR('',#14533,1.);
#14533 = DIRECTION('',(7.291537003444E-03,0.99756405026,
    6.937434048221E-02));
#14534 = PLANE('',#14535);
#14535 = AXIS2_PLACEMENT_3D('',#14536,#14537,#14538);
#14536 = CARTESIAN_POINT('',(63.941640852838,-25.4252720769,
    37.27425789715));
#14537 = DIRECTION('',(0.104273837185,-6.975647374413E-02,0.992099290016
    ));
#14538 = DIRECTION('',(0.994521895368,1.07850667488E-17,-0.104528463268)
  );
#14539 = ADVANCED_FACE('',(#14540),#14588,.T.);
#14540 = FACE_BOUND('',#14541,.T.);
#14541 = EDGE_LOOP('',(#14542,#14550,#14551,#14557,#14564,#14572,#14581)
  );
#14542 = ORIENTED_EDGE('',*,*,#14543,.F.);
#14543 = EDGE_CURVE('',#12699,#14544,#14546,.T.);
#14544 = VERTEX_POINT('',#14545);
#14545 = CARTESIAN_POINT('',(13.583240973715,20.129691310742,
    48.376951254757));
#14546 = LINE('',#14547,#14548);
#14547 = CARTESIAN_POINT('',(-54.50441581653,-285.6826552461,
    34.030978197395));
#14548 = VECTOR('',#14549,1.);
#14549 = DIRECTION('',(0.217096422073,0.975077853946,4.574190930822E-02)
  );
#14550 = ORIENTED_EDGE('',*,*,#12715,.T.);
#14551 = ORIENTED_EDGE('',*,*,#14552,.T.);
#14552 = EDGE_CURVE('',#12708,#13273,#14553,.T.);
#14553 = LINE('',#14554,#14555);
#14554 = CARTESIAN_POINT('',(15.354416883399,-32.58862162159,
    44.484063759323));
#14555 = VECTOR('',#14556,1.);
#14556 = DIRECTION('',(7.291537003444E-03,0.99756405026,
    6.937434048221E-02));
#14557 = ORIENTED_EDGE('',*,*,#14558,.T.);
#14558 = EDGE_CURVE('',#13273,#14130,#14559,.T.);
#14559 = CIRCLE('',#14560,4.5);
#14560 = AXIS2_PLACEMENT_3D('',#14561,#14562,#14563);
#14561 = CARTESIAN_POINT('',(12.96660008815,21.704158941731,
    48.552466773231));
#14562 = DIRECTION('',(0.104273837185,-6.975647374413E-02,0.992099290016
    ));
#14563 = DIRECTION('',(0.994521895368,1.07850667488E-17,-0.104528463268)
  );
#14564 = ORIENTED_EDGE('',*,*,#14565,.F.);
#14565 = EDGE_CURVE('',#14566,#14130,#14568,.T.);
#14566 = VERTEX_POINT('',#14567);
#14567 = CARTESIAN_POINT('',(14.195186464839,22.878214250545,
    48.505887304874));
#14568 = LINE('',#14569,#14570);
#14569 = CARTESIAN_POINT('',(-54.50441581653,-285.6826552461,
    34.030978197395));
#14570 = VECTOR('',#14571,1.);
#14571 = DIRECTION('',(0.217096422073,0.975077853946,4.574190930822E-02)
  );
#14572 = ORIENTED_EDGE('',*,*,#14573,.F.);
#14573 = EDGE_CURVE('',#14574,#14566,#14576,.T.);
#14574 = VERTEX_POINT('',#14575);
#14575 = CARTESIAN_POINT('',(14.657287310276,21.704158941731,
    48.374768385676));
#14576 = CIRCLE('',#14577,1.7);
#14577 = AXIS2_PLACEMENT_3D('',#14578,#14579,#14580);
#14578 = CARTESIAN_POINT('',(12.96660008815,21.704158941731,
    48.552466773231));
#14579 = DIRECTION('',(0.104273837185,-6.975647374413E-02,0.992099290016
    ));
#14580 = DIRECTION('',(0.994521895368,1.387778780781E-17,-0.104528463268
    ));
#14581 = ORIENTED_EDGE('',*,*,#14582,.F.);
#14582 = EDGE_CURVE('',#14544,#14574,#14583,.T.);
#14583 = CIRCLE('',#14584,1.7);
#14584 = AXIS2_PLACEMENT_3D('',#14585,#14586,#14587);
#14585 = CARTESIAN_POINT('',(12.96660008815,21.704158941731,
    48.552466773231));
#14586 = DIRECTION('',(0.104273837185,-6.975647374413E-02,0.992099290016
    ));
#14587 = DIRECTION('',(0.994521895368,1.387778780781E-17,-0.104528463268
    ));
#14588 = PLANE('',#14589);
#14589 = AXIS2_PLACEMENT_3D('',#14590,#14591,#14592);
#14590 = CARTESIAN_POINT('',(12.96660008815,21.704158941731,
    48.552466773231));
#14591 = DIRECTION('',(0.104273837185,-6.975647374413E-02,0.992099290016
    ));
#14592 = DIRECTION('',(0.994521895368,1.07850667488E-17,-0.104528463268)
  );
#14593 = ADVANCED_FACE('',(#14594),#14613,.T.);
#14594 = FACE_BOUND('',#14595,.T.);
#14595 = EDGE_LOOP('',(#14596,#14597,#14598,#14606));
#14596 = ORIENTED_EDGE('',*,*,#12707,.F.);
#14597 = ORIENTED_EDGE('',*,*,#12748,.T.);
#14598 = ORIENTED_EDGE('',*,*,#14599,.F.);
#14599 = EDGE_CURVE('',#14600,#12741,#14602,.T.);
#14600 = VERTEX_POINT('',#14601);
#14601 = CARTESIAN_POINT('',(17.438837481868,21.566495102796,
    48.072736263795));
#14602 = LINE('',#14603,#14604);
#14603 = CARTESIAN_POINT('',(15.849707352612,21.566495102795,
    48.239760570768));
#14604 = VECTOR('',#14605,1.);
#14605 = DIRECTION('',(0.994521895368,1.07850667488E-17,-0.104528463268)
  );
#14606 = ORIENTED_EDGE('',*,*,#14607,.F.);
#14607 = EDGE_CURVE('',#12708,#14600,#14608,.T.);
#14608 = CIRCLE('',#14609,4.5);
#14609 = AXIS2_PLACEMENT_3D('',#14610,#14611,#14612);
#14610 = CARTESIAN_POINT('',(12.96660008815,21.704158941731,
    48.552466773231));
#14611 = DIRECTION('',(0.104273837185,-6.975647374413E-02,0.992099290016
    ));
#14612 = DIRECTION('',(0.994521895368,1.07850667488E-17,-0.104528463268)
  );
#14613 = PLANE('',#14614);
#14614 = AXIS2_PLACEMENT_3D('',#14615,#14616,#14617);
#14615 = CARTESIAN_POINT('',(15.354416883399,-32.58862162159,
    44.484063759323));
#14616 = DIRECTION('',(0.104273837185,-6.975647374413E-02,0.992099290016
    ));
#14617 = DIRECTION('',(0.994521895368,1.07850667488E-17,-0.104528463268)
  );
#14618 = ADVANCED_FACE('',(#14619),#14625,.T.);
#14619 = FACE_BOUND('',#14620,.T.);
#14620 = EDGE_LOOP('',(#14621,#14622,#14623,#14624));
#14621 = ORIENTED_EDGE('',*,*,#12775,.F.);
#14622 = ORIENTED_EDGE('',*,*,#12804,.F.);
#14623 = ORIENTED_EDGE('',*,*,#12822,.T.);
#14624 = ORIENTED_EDGE('',*,*,#12730,.T.);
#14625 = PLANE('',#14626);
#14626 = AXIS2_PLACEMENT_3D('',#14627,#14628,#14629);
#14627 = CARTESIAN_POINT('',(15.354416883399,-32.58862162159,
    44.484063759323));
#14628 = DIRECTION('',(0.104273837185,-6.975647374413E-02,0.992099290016
    ));
#14629 = DIRECTION('',(0.994521895368,1.07850667488E-17,-0.104528463268)
  );
#14630 = ADVANCED_FACE('',(#14631,#14635),#14646,.T.);
#14631 = FACE_BOUND('',#14632,.T.);
#14632 = EDGE_LOOP('',(#14633,#14634));
#14633 = ORIENTED_EDGE('',*,*,#12766,.T.);
#14634 = ORIENTED_EDGE('',*,*,#12789,.T.);
#14635 = FACE_BOUND('',#14636,.T.);
#14636 = EDGE_LOOP('',(#14637));
#14637 = ORIENTED_EDGE('',*,*,#14638,.F.);
#14638 = EDGE_CURVE('',#14639,#14639,#14641,.T.);
#14639 = VERTEX_POINT('',#14640);
#14640 = CARTESIAN_POINT('',(14.351042756132,-20.19353116918,
    45.461046085423));
#14641 = CIRCLE('',#14642,1.7);
#14642 = AXIS2_PLACEMENT_3D('',#14643,#14644,#14645);
#14643 = CARTESIAN_POINT('',(12.660355534006,-20.19353116918,
    45.638744472978));
#14644 = DIRECTION('',(0.104273837185,-6.975647374413E-02,0.992099290016
    ));
#14645 = DIRECTION('',(0.994521895368,1.387778780781E-17,-0.104528463268
    ));
#14646 = PLANE('',#14647);
#14647 = AXIS2_PLACEMENT_3D('',#14648,#14649,#14650);
#14648 = CARTESIAN_POINT('',(12.660355534006,-20.19353116918,
    45.638744472978));
#14649 = DIRECTION('',(0.104273837185,-6.975647374413E-02,0.992099290016
    ));
#14650 = DIRECTION('',(0.994521895368,1.07850667488E-17,-0.104528463268)
  );
#14651 = ADVANCED_FACE('',(#14652),#14657,.T.);
#14652 = FACE_BOUND('',#14653,.T.);
#14653 = EDGE_LOOP('',(#14654,#14655,#14656));
#14654 = ORIENTED_EDGE('',*,*,#12796,.F.);
#14655 = ORIENTED_EDGE('',*,*,#12837,.T.);
#14656 = ORIENTED_EDGE('',*,*,#12828,.T.);
#14657 = PLANE('',#14658);
#14658 = AXIS2_PLACEMENT_3D('',#14659,#14660,#14661);
#14659 = CARTESIAN_POINT('',(15.354416883399,-32.58862162159,
    44.484063759323));
#14660 = DIRECTION('',(0.104273837185,-6.975647374413E-02,0.992099290016
    ));
#14661 = DIRECTION('',(0.994521895368,1.07850667488E-17,-0.104528463268)
  );
#14662 = ADVANCED_FACE('',(#14663),#14674,.T.);
#14663 = FACE_BOUND('',#14664,.T.);
#14664 = EDGE_LOOP('',(#14665,#14666,#14672,#14673));
#14665 = ORIENTED_EDGE('',*,*,#12893,.F.);
#14666 = ORIENTED_EDGE('',*,*,#14667,.T.);
#14667 = EDGE_CURVE('',#12884,#12956,#14668,.T.);
#14668 = LINE('',#14669,#14670);
#14669 = CARTESIAN_POINT('',(20.207850794849,-25.4252720769,
    41.870864456465));
#14670 = VECTOR('',#14671,1.);
#14671 = DIRECTION('',(7.291537003444E-03,0.99756405026,
    6.937434048221E-02));
#14672 = ORIENTED_EDGE('',*,*,#12982,.T.);
#14673 = ORIENTED_EDGE('',*,*,#12861,.F.);
#14674 = PLANE('',#14675);
#14675 = AXIS2_PLACEMENT_3D('',#14676,#14677,#14678);
#14676 = CARTESIAN_POINT('',(19.99930312048,-25.28575912941,
    39.886665876433));
#14677 = DIRECTION('',(0.994521895368,1.07850667488E-17,-0.104528463268)
  );
#14678 = DIRECTION('',(0.104273837185,-6.975647374413E-02,0.992099290016
    ));
#14679 = ADVANCED_FACE('',(#14680),#14705,.F.);
#14680 = FACE_BOUND('',#14681,.F.);
#14681 = EDGE_LOOP('',(#14682,#14690,#14691,#14699));
#14682 = ORIENTED_EDGE('',*,*,#14683,.F.);
#14683 = EDGE_CURVE('',#12908,#14684,#14686,.T.);
#14684 = VERTEX_POINT('',#14685);
#14685 = CARTESIAN_POINT('',(21.093277205385,-25.28575912941,
    39.771684566839));
#14686 = LINE('',#14687,#14688);
#14687 = CARTESIAN_POINT('',(15.026693643638,-25.28575912941,
    40.409308192772));
#14688 = VECTOR('',#14689,1.);
#14689 = DIRECTION('',(0.994521895368,1.07850667488E-17,-0.104528463268)
  );
#14690 = ORIENTED_EDGE('',*,*,#12907,.T.);
#14691 = ORIENTED_EDGE('',*,*,#14692,.T.);
#14692 = EDGE_CURVE('',#12884,#14693,#14695,.T.);
#14693 = VERTEX_POINT('',#14694);
#14694 = CARTESIAN_POINT('',(21.301824879754,-25.4252720769,
    41.75588314687));
#14695 = LINE('',#14696,#14697);
#14696 = CARTESIAN_POINT('',(15.235241318008,-25.4252720769,
    42.393506772803));
#14697 = VECTOR('',#14698,1.);
#14698 = DIRECTION('',(0.994521895368,1.07850667488E-17,-0.104528463268)
  );
#14699 = ORIENTED_EDGE('',*,*,#14700,.F.);
#14700 = EDGE_CURVE('',#14684,#14693,#14701,.T.);
#14701 = LINE('',#14702,#14703);
#14702 = CARTESIAN_POINT('',(21.093277205385,-25.28575912941,
    39.771684566839));
#14703 = VECTOR('',#14704,1.);
#14704 = DIRECTION('',(0.104273837185,-6.975647374413E-02,0.992099290016
    ));
#14705 = PLANE('',#14706);
#14706 = AXIS2_PLACEMENT_3D('',#14707,#14708,#14709);
#14707 = CARTESIAN_POINT('',(15.026693643638,-25.28575912941,
    40.409308192772));
#14708 = DIRECTION('',(7.291537003444E-03,0.99756405026,
    6.937434048221E-02));
#14709 = DIRECTION('',(0.104273837185,-6.975647374413E-02,0.992099290016
    ));
#14710 = ADVANCED_FACE('',(#14711),#14729,.F.);
#14711 = FACE_BOUND('',#14712,.F.);
#14712 = EDGE_LOOP('',(#14713,#14714,#14715,#14723));
#14713 = ORIENTED_EDGE('',*,*,#12933,.F.);
#14714 = ORIENTED_EDGE('',*,*,#14683,.T.);
#14715 = ORIENTED_EDGE('',*,*,#14716,.T.);
#14716 = EDGE_CURVE('',#14684,#14717,#14719,.T.);
#14717 = VERTEX_POINT('',#14718);
#14718 = CARTESIAN_POINT('',(21.273285989759,-0.65853829272,
    41.484353746337));
#14719 = LINE('',#14720,#14721);
#14720 = CARTESIAN_POINT('',(21.093277205385,-25.28575912941,
    39.771684566839));
#14721 = VECTOR('',#14722,1.);
#14722 = DIRECTION('',(7.291537003444E-03,0.99756405026,
    6.937434048221E-02));
#14723 = ORIENTED_EDGE('',*,*,#14724,.F.);
#14724 = EDGE_CURVE('',#12934,#14717,#14725,.T.);
#14725 = LINE('',#14726,#14727);
#14726 = CARTESIAN_POINT('',(15.206702428013,-0.65853829272,
    42.12197737227));
#14727 = VECTOR('',#14728,1.);
#14728 = DIRECTION('',(0.994521895368,1.07850667488E-17,-0.104528463268)
  );
#14729 = PLANE('',#14730);
#14730 = AXIS2_PLACEMENT_3D('',#14731,#14732,#14733);
#14731 = CARTESIAN_POINT('',(15.026693643638,-25.28575912941,
    40.409308192772));
#14732 = DIRECTION('',(0.104273837185,-6.975647374413E-02,0.992099290016
    ));
#14733 = DIRECTION('',(0.994521895368,1.07850667488E-17,-0.104528463268)
  );
#14734 = ADVANCED_FACE('',(#14735),#14753,.T.);
#14735 = FACE_BOUND('',#14736,.T.);
#14736 = EDGE_LOOP('',(#14737,#14738,#14739,#14747));
#14737 = ORIENTED_EDGE('',*,*,#14724,.F.);
#14738 = ORIENTED_EDGE('',*,*,#12955,.T.);
#14739 = ORIENTED_EDGE('',*,*,#14740,.T.);
#14740 = EDGE_CURVE('',#12956,#14741,#14743,.T.);
#14741 = VERTEX_POINT('',#14742);
#14742 = CARTESIAN_POINT('',(21.481833664128,-0.798051240208,
    43.468552326368));
#14743 = LINE('',#14744,#14745);
#14744 = CARTESIAN_POINT('',(15.415250102382,-0.798051240208,
    44.106175952301));
#14745 = VECTOR('',#14746,1.);
#14746 = DIRECTION('',(0.994521895368,1.07850667488E-17,-0.104528463268)
  );
#14747 = ORIENTED_EDGE('',*,*,#14748,.F.);
#14748 = EDGE_CURVE('',#14717,#14741,#14749,.T.);
#14749 = LINE('',#14750,#14751);
#14750 = CARTESIAN_POINT('',(21.273285989759,-0.65853829272,
    41.484353746337));
#14751 = VECTOR('',#14752,1.);
#14752 = DIRECTION('',(0.104273837185,-6.975647374413E-02,0.992099290016
    ));
#14753 = PLANE('',#14754);
#14754 = AXIS2_PLACEMENT_3D('',#14755,#14756,#14757);
#14755 = CARTESIAN_POINT('',(15.206702428013,-0.65853829272,
    42.12197737227));
#14756 = DIRECTION('',(7.291537003444E-03,0.99756405026,
    6.937434048221E-02));
#14757 = DIRECTION('',(0.104273837185,-6.975647374413E-02,0.992099290016
    ));
#14758 = ADVANCED_FACE('',(#14759),#14775,.T.);
#14759 = FACE_BOUND('',#14760,.T.);
#14760 = EDGE_LOOP('',(#14761,#14762,#14768,#14769));
#14761 = ORIENTED_EDGE('',*,*,#13013,.F.);
#14762 = ORIENTED_EDGE('',*,*,#14763,.T.);
#14763 = EDGE_CURVE('',#12997,#13076,#14764,.T.);
#14764 = LINE('',#14765,#14766);
#14765 = CARTESIAN_POINT('',(20.552648315501,21.746896295664,
    45.151393730861));
#14766 = VECTOR('',#14767,1.);
#14767 = DIRECTION('',(7.291537003444E-03,0.99756405026,
    6.937434048221E-02));
#14768 = ORIENTED_EDGE('',*,*,#13109,.T.);
#14769 = ORIENTED_EDGE('',*,*,#14770,.F.);
#14770 = EDGE_CURVE('',#13006,#13102,#14771,.T.);
#14771 = LINE('',#14772,#14773);
#14772 = CARTESIAN_POINT('',(20.822316829453,21.566495102795,
    47.71711825443));
#14773 = VECTOR('',#14774,1.);
#14774 = DIRECTION('',(7.291537003444E-03,0.99756405026,
    6.937434048221E-02));
#14775 = PLANE('',#14776);
#14776 = AXIS2_PLACEMENT_3D('',#14777,#14778,#14779);
#14777 = CARTESIAN_POINT('',(20.344100641132,21.886409243152,
    43.16719515083));
#14778 = DIRECTION('',(0.994521895368,1.07850667488E-17,-0.104528463268)
  );
#14779 = DIRECTION('',(0.104273837185,-6.975647374413E-02,0.992099290016
    ));
#14780 = ADVANCED_FACE('',(#14781),#14787,.T.);
#14781 = FACE_BOUND('',#14782,.T.);
#14782 = EDGE_LOOP('',(#14783,#14784,#14785,#14786));
#14783 = ORIENTED_EDGE('',*,*,#13241,.F.);
#14784 = ORIENTED_EDGE('',*,*,#13005,.T.);
#14785 = ORIENTED_EDGE('',*,*,#14770,.T.);
#14786 = ORIENTED_EDGE('',*,*,#13101,.F.);
#14787 = PLANE('',#14788);
#14788 = AXIS2_PLACEMENT_3D('',#14789,#14790,#14791);
#14789 = CARTESIAN_POINT('',(15.849707352612,21.566495102795,
    48.239760570768));
#14790 = DIRECTION('',(0.104273837185,-6.975647374413E-02,0.992099290016
    ));
#14791 = DIRECTION('',(0.994521895368,1.07850667488E-17,-0.104528463268)
  );
#14792 = ADVANCED_FACE('',(#14793),#14818,.F.);
#14793 = FACE_BOUND('',#14794,.F.);
#14794 = EDGE_LOOP('',(#14795,#14803,#14804,#14812));
#14795 = ORIENTED_EDGE('',*,*,#14796,.F.);
#14796 = EDGE_CURVE('',#13028,#14797,#14799,.T.);
#14797 = VERTEX_POINT('',#14798);
#14798 = CARTESIAN_POINT('',(21.438074726037,21.886409243152,
    43.052213841235));
#14799 = LINE('',#14800,#14801);
#14800 = CARTESIAN_POINT('',(15.37149116429,21.886409243152,
    43.689837467168));
#14801 = VECTOR('',#14802,1.);
#14802 = DIRECTION('',(0.994521895368,1.07850667488E-17,-0.104528463268)
  );
#14803 = ORIENTED_EDGE('',*,*,#13027,.T.);
#14804 = ORIENTED_EDGE('',*,*,#14805,.T.);
#14805 = EDGE_CURVE('',#12997,#14806,#14808,.T.);
#14806 = VERTEX_POINT('',#14807);
#14807 = CARTESIAN_POINT('',(21.646622400406,21.746896295664,
    45.036412421267));
#14808 = LINE('',#14809,#14810);
#14809 = CARTESIAN_POINT('',(15.58003883866,21.746896295664,
    45.674036047199));
#14810 = VECTOR('',#14811,1.);
#14811 = DIRECTION('',(0.994521895368,1.07850667488E-17,-0.104528463268)
  );
#14812 = ORIENTED_EDGE('',*,*,#14813,.F.);
#14813 = EDGE_CURVE('',#14797,#14806,#14814,.T.);
#14814 = LINE('',#14815,#14816);
#14815 = CARTESIAN_POINT('',(21.438074726037,21.886409243152,
    43.052213841235));
#14816 = VECTOR('',#14817,1.);
#14817 = DIRECTION('',(0.104273837185,-6.975647374413E-02,0.992099290016
    ));
#14818 = PLANE('',#14819);
#14819 = AXIS2_PLACEMENT_3D('',#14820,#14821,#14822);
#14820 = CARTESIAN_POINT('',(15.37149116429,21.886409243152,
    43.689837467168));
#14821 = DIRECTION('',(7.291537003444E-03,0.99756405026,
    6.937434048221E-02));
#14822 = DIRECTION('',(0.104273837185,-6.975647374413E-02,0.992099290016
    ));
#14823 = ADVANCED_FACE('',(#14824),#14842,.F.);
#14824 = FACE_BOUND('',#14825,.F.);
#14825 = EDGE_LOOP('',(#14826,#14827,#14828,#14836));
#14826 = ORIENTED_EDGE('',*,*,#13053,.F.);
#14827 = ORIENTED_EDGE('',*,*,#14796,.T.);
#14828 = ORIENTED_EDGE('',*,*,#14829,.T.);
#14829 = EDGE_CURVE('',#14797,#14830,#14832,.T.);
#14830 = VERTEX_POINT('',#14831);
#14831 = CARTESIAN_POINT('',(21.464961233339,25.56478502439,
    43.308021870607));
#14832 = LINE('',#14833,#14834);
#14833 = CARTESIAN_POINT('',(21.438074726037,21.886409243152,
    43.052213841235));
#14834 = VECTOR('',#14835,1.);
#14835 = DIRECTION('',(7.291537003444E-03,0.99756405026,
    6.937434048221E-02));
#14836 = ORIENTED_EDGE('',*,*,#14837,.F.);
#14837 = EDGE_CURVE('',#13054,#14830,#14838,.T.);
#14838 = LINE('',#14839,#14840);
#14839 = CARTESIAN_POINT('',(15.398377671592,25.56478502439,
    43.94564549654));
#14840 = VECTOR('',#14841,1.);
#14841 = DIRECTION('',(0.994521895368,1.07850667488E-17,-0.104528463268)
  );
#14842 = PLANE('',#14843);
#14843 = AXIS2_PLACEMENT_3D('',#14844,#14845,#14846);
#14844 = CARTESIAN_POINT('',(15.37149116429,21.886409243152,
    43.689837467168));
#14845 = DIRECTION('',(0.104273837185,-6.975647374413E-02,0.992099290016
    ));
#14846 = DIRECTION('',(0.994521895368,1.07850667488E-17,-0.104528463268)
  );
#14847 = ADVANCED_FACE('',(#14848),#14866,.T.);
#14848 = FACE_BOUND('',#14849,.T.);
#14849 = EDGE_LOOP('',(#14850,#14851,#14852,#14860));
#14850 = ORIENTED_EDGE('',*,*,#14837,.F.);
#14851 = ORIENTED_EDGE('',*,*,#13075,.T.);
#14852 = ORIENTED_EDGE('',*,*,#14853,.T.);
#14853 = EDGE_CURVE('',#13076,#14854,#14856,.T.);
#14854 = VERTEX_POINT('',#14855);
#14855 = CARTESIAN_POINT('',(21.673508907708,25.425272076902,
    45.292220450638));
#14856 = LINE('',#14857,#14858);
#14857 = CARTESIAN_POINT('',(15.606925345962,25.425272076902,
    45.929844076571));
#14858 = VECTOR('',#14859,1.);
#14859 = DIRECTION('',(0.994521895368,1.07850667488E-17,-0.104528463268)
  );
#14860 = ORIENTED_EDGE('',*,*,#14861,.F.);
#14861 = EDGE_CURVE('',#14830,#14854,#14862,.T.);
#14862 = LINE('',#14863,#14864);
#14863 = CARTESIAN_POINT('',(21.464961233339,25.56478502439,
    43.308021870607));
#14864 = VECTOR('',#14865,1.);
#14865 = DIRECTION('',(0.104273837185,-6.975647374413E-02,0.992099290016
    ));
#14866 = PLANE('',#14867);
#14867 = AXIS2_PLACEMENT_3D('',#14868,#14869,#14870);
#14868 = CARTESIAN_POINT('',(15.398377671592,25.56478502439,
    43.94564549654));
#14869 = DIRECTION('',(7.291537003444E-03,0.99756405026,
    6.937434048221E-02));
#14870 = DIRECTION('',(0.104273837185,-6.975647374413E-02,0.992099290016
    ));
#14871 = ADVANCED_FACE('',(#14872),#14897,.F.);
#14872 = FACE_BOUND('',#14873,.F.);
#14873 = EDGE_LOOP('',(#14874,#14882,#14883,#14891));
#14874 = ORIENTED_EDGE('',*,*,#14875,.F.);
#14875 = EDGE_CURVE('',#13158,#14876,#14878,.T.);
#14876 = VERTEX_POINT('',#14877);
#14877 = CARTESIAN_POINT('',(63.922136060525,0.577427604528,
    37.088682194485));
#14878 = LINE('',#14879,#14880);
#14879 = CARTESIAN_POINT('',(57.482203012126,0.577427604528,
    37.765546432699));
#14880 = VECTOR('',#14881,1.);
#14881 = DIRECTION('',(-0.994521895368,-1.07850667488E-17,0.104528463268
    ));
#14882 = ORIENTED_EDGE('',*,*,#13174,.T.);
#14883 = ORIENTED_EDGE('',*,*,#14884,.F.);
#14884 = EDGE_CURVE('',#14885,#13167,#14887,.T.);
#14885 = VERTEX_POINT('',#14886);
#14886 = CARTESIAN_POINT('',(64.104777206422,25.56478502439,
    38.826396620887));
#14887 = LINE('',#14888,#14889);
#14888 = CARTESIAN_POINT('',(64.104777206422,25.56478502439,
    38.826396620887));
#14889 = VECTOR('',#14890,1.);
#14890 = DIRECTION('',(0.994521895368,1.07850667488E-17,-0.104528463268)
  );
#14891 = ORIENTED_EDGE('',*,*,#14892,.F.);
#14892 = EDGE_CURVE('',#14876,#14885,#14893,.T.);
#14893 = LINE('',#14894,#14895);
#14894 = CARTESIAN_POINT('',(63.733093178468,-25.28575912941,
    35.290059317119));
#14895 = VECTOR('',#14896,1.);
#14896 = DIRECTION('',(7.291537003444E-03,0.99756405026,
    6.937434048221E-02));
#14897 = PLANE('',#14898);
#14898 = AXIS2_PLACEMENT_3D('',#14899,#14900,#14901);
#14899 = CARTESIAN_POINT('',(63.733093178468,-25.28575912941,
    35.290059317119));
#14900 = DIRECTION('',(0.104273837185,-6.975647374413E-02,0.992099290016
    ));
#14901 = DIRECTION('',(0.994521895368,1.07850667488E-17,-0.104528463268)
  );
#14902 = ADVANCED_FACE('',(#14903),#14914,.T.);
#14903 = FACE_BOUND('',#14904,.T.);
#14904 = EDGE_LOOP('',(#14905,#14906,#14912,#14913));
#14905 = ORIENTED_EDGE('',*,*,#14884,.F.);
#14906 = ORIENTED_EDGE('',*,*,#14907,.T.);
#14907 = EDGE_CURVE('',#14885,#14522,#14908,.T.);
#14908 = LINE('',#14909,#14910);
#14909 = CARTESIAN_POINT('',(64.104777206422,25.56478502439,
    38.826396620887));
#14910 = VECTOR('',#14911,1.);
#14911 = DIRECTION('',(0.104273837185,-6.975647374413E-02,0.992099290016
    ));
#14912 = ORIENTED_EDGE('',*,*,#14521,.T.);
#14913 = ORIENTED_EDGE('',*,*,#13189,.F.);
#14914 = PLANE('',#14915);
#14915 = AXIS2_PLACEMENT_3D('',#14916,#14917,#14918);
#14916 = CARTESIAN_POINT('',(64.104777206422,25.56478502439,
    38.826396620887));
#14917 = DIRECTION('',(7.291537003444E-03,0.99756405026,
    6.937434048221E-02));
#14918 = DIRECTION('',(0.104273837185,-6.975647374413E-02,0.992099290016
    ));
#14919 = ADVANCED_FACE('',(#14920),#14931,.T.);
#14920 = FACE_BOUND('',#14921,.T.);
#14921 = EDGE_LOOP('',(#14922,#14923,#14929,#14930));
#14922 = ORIENTED_EDGE('',*,*,#13783,.F.);
#14923 = ORIENTED_EDGE('',*,*,#14924,.T.);
#14924 = EDGE_CURVE('',#13774,#13673,#14925,.T.);
#14925 = LINE('',#14926,#14927);
#14926 = CARTESIAN_POINT('',(39.333922946225,28.536832249891,
    46.261568314428));
#14927 = VECTOR('',#14928,1.);
#14928 = DIRECTION('',(0.994521895368,1.07850667488E-17,-0.104528463268)
  );
#14929 = ORIENTED_EDGE('',*,*,#13687,.T.);
#14930 = ORIENTED_EDGE('',*,*,#13206,.T.);
#14931 = PLANE('',#14932);
#14932 = AXIS2_PLACEMENT_3D('',#14933,#14934,#14935);
#14933 = CARTESIAN_POINT('',(39.333922946225,28.536832249891,
    46.261568314428));
#14934 = DIRECTION('',(0.104273837185,-6.975647374413E-02,0.992099290016
    ));
#14935 = DIRECTION('',(0.994521895368,1.07850667488E-17,-0.104528463268)
  );
#14936 = ADVANCED_FACE('',(#14937),#14948,.T.);
#14937 = FACE_BOUND('',#14938,.T.);
#14938 = EDGE_LOOP('',(#14939,#14940,#14946,#14947));
#14939 = ORIENTED_EDGE('',*,*,#13910,.F.);
#14940 = ORIENTED_EDGE('',*,*,#14941,.T.);
#14941 = EDGE_CURVE('',#13901,#13800,#14942,.T.);
#14942 = LINE('',#14943,#14944);
#14943 = CARTESIAN_POINT('',(24.155187663582,28.536832249891,
    47.85691767861));
#14944 = VECTOR('',#14945,1.);
#14945 = DIRECTION('',(0.994521895368,1.07850667488E-17,-0.104528463268)
  );
#14946 = ORIENTED_EDGE('',*,*,#13814,.T.);
#14947 = ORIENTED_EDGE('',*,*,#13224,.T.);
#14948 = PLANE('',#14949);
#14949 = AXIS2_PLACEMENT_3D('',#14950,#14951,#14952);
#14950 = CARTESIAN_POINT('',(24.155187663582,28.536832249891,
    47.85691767861));
#14951 = DIRECTION('',(0.104273837185,-6.975647374413E-02,0.992099290016
    ));
#14952 = DIRECTION('',(0.994521895368,1.07850667488E-17,-0.104528463268)
  );
#14953 = ADVANCED_FACE('',(#14954),#14977,.T.);
#14954 = FACE_BOUND('',#14955,.T.);
#14955 = EDGE_LOOP('',(#14956,#14957,#14958,#14959,#14960,#14961,#14970)
  );
#14956 = ORIENTED_EDGE('',*,*,#14599,.T.);
#14957 = ORIENTED_EDGE('',*,*,#13257,.T.);
#14958 = ORIENTED_EDGE('',*,*,#13248,.T.);
#14959 = ORIENTED_EDGE('',*,*,#13297,.F.);
#14960 = ORIENTED_EDGE('',*,*,#13289,.F.);
#14961 = ORIENTED_EDGE('',*,*,#14962,.F.);
#14962 = EDGE_CURVE('',#14963,#13281,#14965,.T.);
#14963 = VERTEX_POINT('',#14964);
#14964 = CARTESIAN_POINT('',(17.441948617308,21.704158941731,
    48.082088688527));
#14965 = CIRCLE('',#14966,4.5);
#14966 = AXIS2_PLACEMENT_3D('',#14967,#14968,#14969);
#14967 = CARTESIAN_POINT('',(12.96660008815,21.704158941731,
    48.552466773231));
#14968 = DIRECTION('',(0.104273837185,-6.975647374413E-02,0.992099290016
    ));
#14969 = DIRECTION('',(0.994521895368,1.07850667488E-17,-0.104528463268)
  );
#14970 = ORIENTED_EDGE('',*,*,#14971,.F.);
#14971 = EDGE_CURVE('',#14600,#14963,#14972,.T.);
#14972 = CIRCLE('',#14973,4.5);
#14973 = AXIS2_PLACEMENT_3D('',#14974,#14975,#14976);
#14974 = CARTESIAN_POINT('',(12.96660008815,21.704158941731,
    48.552466773231));
#14975 = DIRECTION('',(0.104273837185,-6.975647374413E-02,0.992099290016
    ));
#14976 = DIRECTION('',(0.994521895368,1.07850667488E-17,-0.104528463268)
  );
#14977 = PLANE('',#14978);
#14978 = AXIS2_PLACEMENT_3D('',#14979,#14980,#14981);
#14979 = CARTESIAN_POINT('',(15.354416883399,-32.58862162159,
    44.484063759323));
#14980 = DIRECTION('',(0.104273837185,-6.975647374413E-02,0.992099290016
    ));
#14981 = DIRECTION('',(0.994521895368,1.07850667488E-17,-0.104528463268)
  );
#14982 = ADVANCED_FACE('',(#14983),#14989,.T.);
#14983 = FACE_BOUND('',#14984,.T.);
#14984 = EDGE_LOOP('',(#14985,#14986,#14987,#14988));
#14985 = ORIENTED_EDGE('',*,*,#14129,.F.);
#14986 = ORIENTED_EDGE('',*,*,#14558,.F.);
#14987 = ORIENTED_EDGE('',*,*,#13272,.T.);
#14988 = ORIENTED_EDGE('',*,*,#13318,.T.);
#14989 = PLANE('',#14990);
#14990 = AXIS2_PLACEMENT_3D('',#14991,#14992,#14993);
#14991 = CARTESIAN_POINT('',(12.96660008815,21.704158941731,
    48.552466773231));
#14992 = DIRECTION('',(0.104273837185,-6.975647374413E-02,0.992099290016
    ));
#14993 = DIRECTION('',(0.994521895368,1.07850667488E-17,-0.104528463268)
  );
#14994 = ADVANCED_FACE('',(#14995),#15014,.T.);
#14995 = FACE_BOUND('',#14996,.T.);
#14996 = EDGE_LOOP('',(#14997,#14998,#14999,#15007,#15013));
#14997 = ORIENTED_EDGE('',*,*,#14552,.F.);
#14998 = ORIENTED_EDGE('',*,*,#14607,.T.);
#14999 = ORIENTED_EDGE('',*,*,#15000,.F.);
#15000 = EDGE_CURVE('',#15001,#14600,#15003,.T.);
#15001 = VERTEX_POINT('',#15002);
#15002 = CARTESIAN_POINT('',(15.849707352612,21.566495102795,
    48.239760570768));
#15003 = LINE('',#15004,#15005);
#15004 = CARTESIAN_POINT('',(15.849707352612,21.566495102795,
    48.239760570768));
#15005 = VECTOR('',#15006,1.);
#15006 = DIRECTION('',(0.994521895368,1.07850667488E-17,-0.104528463268)
  );
#15007 = ORIENTED_EDGE('',*,*,#15008,.T.);
#15008 = EDGE_CURVE('',#15001,#13281,#15009,.T.);
#15009 = LINE('',#15010,#15011);
#15010 = CARTESIAN_POINT('',(15.849707352612,21.566495102795,
    48.239760570768));
#15011 = VECTOR('',#15012,1.);
#15012 = DIRECTION('',(7.291537003444E-03,0.99756405026,
    6.937434048221E-02));
#15013 = ORIENTED_EDGE('',*,*,#13280,.T.);
#15014 = PLANE('',#15015);
#15015 = AXIS2_PLACEMENT_3D('',#15016,#15017,#15018);
#15016 = CARTESIAN_POINT('',(15.354416883399,-32.58862162159,
    44.484063759323));
#15017 = DIRECTION('',(0.104273837185,-6.975647374413E-02,0.992099290016
    ));
#15018 = DIRECTION('',(0.994521895368,1.07850667488E-17,-0.104528463268)
  );
#15019 = ADVANCED_FACE('',(#15020),#15036,.T.);
#15020 = FACE_BOUND('',#15021,.T.);
#15021 = EDGE_LOOP('',(#15022,#15023,#15029,#15030));
#15022 = ORIENTED_EDGE('',*,*,#13422,.F.);
#15023 = ORIENTED_EDGE('',*,*,#15024,.T.);
#15024 = EDGE_CURVE('',#13423,#13984,#15025,.T.);
#15025 = LINE('',#15026,#15027);
#15026 = CARTESIAN_POINT('',(76.207309008078,22.164551668443,
    35.285411605797));
#15027 = VECTOR('',#15028,1.);
#15028 = DIRECTION('',(0.104273837185,-6.975647374413E-02,0.992099290016
    ));
#15029 = ORIENTED_EDGE('',*,*,#13983,.T.);
#15030 = ORIENTED_EDGE('',*,*,#15031,.F.);
#15031 = EDGE_CURVE('',#13425,#13986,#15032,.T.);
#15032 = LINE('',#15033,#15034);
#15033 = CARTESIAN_POINT('',(74.534965964421,25.107365616709,
    35.668097042616));
#15034 = VECTOR('',#15035,1.);
#15035 = DIRECTION('',(0.104273837185,-6.975647374413E-02,0.992099290016
    ));
#15036 = PLANE('',#15037);
#15037 = AXIS2_PLACEMENT_3D('',#15038,#15039,#15040);
#15038 = CARTESIAN_POINT('',(76.207309008078,22.164551668443,
    35.285411605797));
#15039 = DIRECTION('',(-0.86492699451,-0.49878202513,5.583713436723E-02)
  );
#15040 = DIRECTION('',(-0.490946291407,0.863915809427,0.112344172862));
#15041 = ADVANCED_FACE('',(#15042),#15053,.T.);
#15042 = FACE_BOUND('',#15043,.T.);
#15043 = EDGE_LOOP('',(#15044,#15045,#15046,#15047));
#15044 = ORIENTED_EDGE('',*,*,#13464,.F.);
#15045 = ORIENTED_EDGE('',*,*,#15031,.T.);
#15046 = ORIENTED_EDGE('',*,*,#13993,.T.);
#15047 = ORIENTED_EDGE('',*,*,#15048,.F.);
#15048 = EDGE_CURVE('',#13457,#13994,#15049,.T.);
#15049 = LINE('',#15050,#15051);
#15050 = CARTESIAN_POINT('',(71.147259808786,25.107365616709,
    36.024159307409));
#15051 = VECTOR('',#15052,1.);
#15052 = DIRECTION('',(0.104273837185,-6.975647374413E-02,0.992099290016
    ));
#15053 = PLANE('',#15054);
#15054 = AXIS2_PLACEMENT_3D('',#15055,#15056,#15057);
#15055 = CARTESIAN_POINT('',(74.534965964421,25.107365616709,
    35.668097042616));
#15056 = DIRECTION('',(-7.291537003444E-03,-0.99756405026,
    -6.937434048221E-02));
#15057 = DIRECTION('',(-0.994521895368,-1.07850667488E-17,0.104528463268
    ));
#15058 = ADVANCED_FACE('',(#15059),#15070,.T.);
#15059 = FACE_BOUND('',#15060,.T.);
#15060 = EDGE_LOOP('',(#15061,#15062,#15063,#15064));
#15061 = ORIENTED_EDGE('',*,*,#13456,.F.);
#15062 = ORIENTED_EDGE('',*,*,#15048,.T.);
#15063 = ORIENTED_EDGE('',*,*,#14001,.T.);
#15064 = ORIENTED_EDGE('',*,*,#15065,.F.);
#15065 = EDGE_CURVE('',#13449,#14002,#15066,.T.);
#15066 = LINE('',#15067,#15068);
#15067 = CARTESIAN_POINT('',(69.431896696809,22.164551668443,
    35.997536135383));
#15068 = VECTOR('',#15069,1.);
#15069 = DIRECTION('',(0.104273837185,-6.975647374413E-02,0.992099290016
    ));
#15070 = PLANE('',#15071);
#15071 = AXIS2_PLACEMENT_3D('',#15072,#15073,#15074);
#15072 = CARTESIAN_POINT('',(71.147259808786,25.107365616709,
    36.024159307409));
#15073 = DIRECTION('',(0.857635457507,-0.49878202513,-0.125211474849));
#15074 = DIRECTION('',(-0.503575603962,-0.863915809427,
    -7.815709594563E-03));
#15075 = ADVANCED_FACE('',(#15076),#15087,.T.);
#15076 = FACE_BOUND('',#15077,.T.);
#15077 = EDGE_LOOP('',(#15078,#15079,#15080,#15081));
#15078 = ORIENTED_EDGE('',*,*,#13448,.F.);
#15079 = ORIENTED_EDGE('',*,*,#15065,.T.);
#15080 = ORIENTED_EDGE('',*,*,#14009,.T.);
#15081 = ORIENTED_EDGE('',*,*,#15082,.F.);
#15082 = EDGE_CURVE('',#13441,#14010,#15083,.T.);
#15083 = LINE('',#15084,#15085);
#15084 = CARTESIAN_POINT('',(71.104239740466,19.221737720176,
    35.614850698564));
#15085 = VECTOR('',#15086,1.);
#15086 = DIRECTION('',(0.104273837185,-6.975647374413E-02,0.992099290016
    ));
#15087 = PLANE('',#15088);
#15088 = AXIS2_PLACEMENT_3D('',#15089,#15090,#15091);
#15089 = CARTESIAN_POINT('',(69.431896696809,22.164551668443,
    35.997536135383));
#15090 = DIRECTION('',(0.86492699451,0.49878202513,-5.583713436723E-02)
  );
#15091 = DIRECTION('',(0.490946291407,-0.863915809427,-0.112344172862));
#15092 = ADVANCED_FACE('',(#15093),#15104,.T.);
#15093 = FACE_BOUND('',#15094,.T.);
#15094 = EDGE_LOOP('',(#15095,#15096,#15097,#15098));
#15095 = ORIENTED_EDGE('',*,*,#13440,.F.);
#15096 = ORIENTED_EDGE('',*,*,#15082,.T.);
#15097 = ORIENTED_EDGE('',*,*,#14017,.T.);
#15098 = ORIENTED_EDGE('',*,*,#15099,.F.);
#15099 = EDGE_CURVE('',#13433,#14018,#15100,.T.);
#15100 = LINE('',#15101,#15102);
#15101 = CARTESIAN_POINT('',(74.491945896101,19.221737720176,
    35.258788433771));
#15102 = VECTOR('',#15103,1.);
#15103 = DIRECTION('',(0.104273837185,-6.975647374413E-02,0.992099290016
    ));
#15104 = PLANE('',#15105);
#15105 = AXIS2_PLACEMENT_3D('',#15106,#15107,#15108);
#15106 = CARTESIAN_POINT('',(71.104239740466,19.221737720176,
    35.614850698564));
#15107 = DIRECTION('',(7.291537003444E-03,0.99756405026,
    6.937434048221E-02));
#15108 = DIRECTION('',(0.994521895368,1.07850667488E-17,-0.104528463268)
  );
#15109 = ADVANCED_FACE('',(#15110),#15116,.T.);
#15110 = FACE_BOUND('',#15111,.T.);
#15111 = EDGE_LOOP('',(#15112,#15113,#15114,#15115));
#15112 = ORIENTED_EDGE('',*,*,#13432,.F.);
#15113 = ORIENTED_EDGE('',*,*,#15099,.T.);
#15114 = ORIENTED_EDGE('',*,*,#14025,.T.);
#15115 = ORIENTED_EDGE('',*,*,#15024,.F.);
#15116 = PLANE('',#15117);
#15117 = AXIS2_PLACEMENT_3D('',#15118,#15119,#15120);
#15118 = CARTESIAN_POINT('',(74.491945896101,19.221737720176,
    35.258788433771));
#15119 = DIRECTION('',(-0.857635457507,0.49878202513,0.125211474849));
#15120 = DIRECTION('',(0.503575603962,0.863915809427,7.815709594563E-03)
  );
#15121 = ADVANCED_FACE('',(#15122),#15138,.T.);
#15122 = FACE_BOUND('',#15123,.T.);
#15123 = EDGE_LOOP('',(#15124,#15125,#15131,#15132));
#15124 = ORIENTED_EDGE('',*,*,#13532,.F.);
#15125 = ORIENTED_EDGE('',*,*,#15126,.T.);
#15126 = EDGE_CURVE('',#13533,#14043,#15127,.T.);
#15127 = LINE('',#15128,#15129);
#15128 = CARTESIAN_POINT('',(75.901064453933,-19.73313844247,
    32.371689305544));
#15129 = VECTOR('',#15130,1.);
#15130 = DIRECTION('',(0.104273837185,-6.975647374413E-02,0.992099290016
    ));
#15131 = ORIENTED_EDGE('',*,*,#14042,.T.);
#15132 = ORIENTED_EDGE('',*,*,#15133,.F.);
#15133 = EDGE_CURVE('',#13535,#14045,#15134,.T.);
#15134 = LINE('',#15135,#15136);
#15135 = CARTESIAN_POINT('',(74.228721410276,-16.7903244942,
    32.754374742363));
#15136 = VECTOR('',#15137,1.);
#15137 = DIRECTION('',(0.104273837185,-6.975647374413E-02,0.992099290016
    ));
#15138 = PLANE('',#15139);
#15139 = AXIS2_PLACEMENT_3D('',#15140,#15141,#15142);
#15140 = CARTESIAN_POINT('',(75.901064453933,-19.73313844247,
    32.371689305544));
#15141 = DIRECTION('',(-0.86492699451,-0.49878202513,5.583713436723E-02)
  );
#15142 = DIRECTION('',(-0.490946291407,0.863915809427,0.112344172862));
#15143 = ADVANCED_FACE('',(#15144),#15155,.T.);
#15144 = FACE_BOUND('',#15145,.T.);
#15145 = EDGE_LOOP('',(#15146,#15147,#15148,#15149));
#15146 = ORIENTED_EDGE('',*,*,#13574,.F.);
#15147 = ORIENTED_EDGE('',*,*,#15133,.T.);
#15148 = ORIENTED_EDGE('',*,*,#14052,.T.);
#15149 = ORIENTED_EDGE('',*,*,#15150,.F.);
#15150 = EDGE_CURVE('',#13567,#14053,#15151,.T.);
#15151 = LINE('',#15152,#15153);
#15152 = CARTESIAN_POINT('',(70.841015254642,-16.7903244942,
    33.110437007156));
#15153 = VECTOR('',#15154,1.);
#15154 = DIRECTION('',(0.104273837185,-6.975647374413E-02,0.992099290016
    ));
#15155 = PLANE('',#15156);
#15156 = AXIS2_PLACEMENT_3D('',#15157,#15158,#15159);
#15157 = CARTESIAN_POINT('',(74.228721410276,-16.7903244942,
    32.754374742363));
#15158 = DIRECTION('',(-7.291537003444E-03,-0.99756405026,
    -6.937434048221E-02));
#15159 = DIRECTION('',(-0.994521895368,-1.07850667488E-17,0.104528463268
    ));
#15160 = ADVANCED_FACE('',(#15161),#15172,.T.);
#15161 = FACE_BOUND('',#15162,.T.);
#15162 = EDGE_LOOP('',(#15163,#15164,#15165,#15166));
#15163 = ORIENTED_EDGE('',*,*,#13566,.F.);
#15164 = ORIENTED_EDGE('',*,*,#15150,.T.);
#15165 = ORIENTED_EDGE('',*,*,#14060,.T.);
#15166 = ORIENTED_EDGE('',*,*,#15167,.F.);
#15167 = EDGE_CURVE('',#13559,#14061,#15168,.T.);
#15168 = LINE('',#15169,#15170);
#15169 = CARTESIAN_POINT('',(69.125652142664,-19.73313844247,
    33.08381383513));
#15170 = VECTOR('',#15171,1.);
#15171 = DIRECTION('',(0.104273837185,-6.975647374413E-02,0.992099290016
    ));
#15172 = PLANE('',#15173);
#15173 = AXIS2_PLACEMENT_3D('',#15174,#15175,#15176);
#15174 = CARTESIAN_POINT('',(70.841015254642,-16.7903244942,
    33.110437007156));
#15175 = DIRECTION('',(0.857635457507,-0.49878202513,-0.125211474849));
#15176 = DIRECTION('',(-0.503575603962,-0.863915809427,
    -7.815709594563E-03));
#15177 = ADVANCED_FACE('',(#15178),#15189,.T.);
#15178 = FACE_BOUND('',#15179,.T.);
#15179 = EDGE_LOOP('',(#15180,#15181,#15182,#15183));
#15180 = ORIENTED_EDGE('',*,*,#13558,.F.);
#15181 = ORIENTED_EDGE('',*,*,#15167,.T.);
#15182 = ORIENTED_EDGE('',*,*,#14068,.T.);
#15183 = ORIENTED_EDGE('',*,*,#15184,.F.);
#15184 = EDGE_CURVE('',#13551,#14069,#15185,.T.);
#15185 = LINE('',#15186,#15187);
#15186 = CARTESIAN_POINT('',(70.797995186322,-22.67595239073,
    32.701128398311));
#15187 = VECTOR('',#15188,1.);
#15188 = DIRECTION('',(0.104273837185,-6.975647374413E-02,0.992099290016
    ));
#15189 = PLANE('',#15190);
#15190 = AXIS2_PLACEMENT_3D('',#15191,#15192,#15193);
#15191 = CARTESIAN_POINT('',(69.125652142664,-19.73313844247,
    33.08381383513));
#15192 = DIRECTION('',(0.86492699451,0.49878202513,-5.583713436723E-02)
  );
#15193 = DIRECTION('',(0.490946291407,-0.863915809427,-0.112344172862));
#15194 = ADVANCED_FACE('',(#15195),#15206,.T.);
#15195 = FACE_BOUND('',#15196,.T.);
#15196 = EDGE_LOOP('',(#15197,#15198,#15199,#15200));
#15197 = ORIENTED_EDGE('',*,*,#13550,.F.);
#15198 = ORIENTED_EDGE('',*,*,#15184,.T.);
#15199 = ORIENTED_EDGE('',*,*,#14076,.T.);
#15200 = ORIENTED_EDGE('',*,*,#15201,.F.);
#15201 = EDGE_CURVE('',#13543,#14077,#15202,.T.);
#15202 = LINE('',#15203,#15204);
#15203 = CARTESIAN_POINT('',(74.185701341956,-22.67595239073,
    32.345066133518));
#15204 = VECTOR('',#15205,1.);
#15205 = DIRECTION('',(0.104273837185,-6.975647374413E-02,0.992099290016
    ));
#15206 = PLANE('',#15207);
#15207 = AXIS2_PLACEMENT_3D('',#15208,#15209,#15210);
#15208 = CARTESIAN_POINT('',(70.797995186322,-22.67595239073,
    32.701128398311));
#15209 = DIRECTION('',(7.291537003444E-03,0.99756405026,
    6.937434048221E-02));
#15210 = DIRECTION('',(0.994521895368,1.07850667488E-17,-0.104528463268)
  );
#15211 = ADVANCED_FACE('',(#15212),#15218,.T.);
#15212 = FACE_BOUND('',#15213,.T.);
#15213 = EDGE_LOOP('',(#15214,#15215,#15216,#15217));
#15214 = ORIENTED_EDGE('',*,*,#13542,.F.);
#15215 = ORIENTED_EDGE('',*,*,#15201,.T.);
#15216 = ORIENTED_EDGE('',*,*,#14084,.T.);
#15217 = ORIENTED_EDGE('',*,*,#15126,.F.);
#15218 = PLANE('',#15219);
#15219 = AXIS2_PLACEMENT_3D('',#15220,#15221,#15222);
#15220 = CARTESIAN_POINT('',(74.185701341956,-22.67595239073,
    32.345066133518));
#15221 = DIRECTION('',(-0.857635457507,0.49878202513,0.125211474849));
#15222 = DIRECTION('',(0.503575603962,0.863915809427,7.815709594563E-03)
  );
#15223 = ADVANCED_FACE('',(#15224),#15249,.T.);
#15224 = FACE_BOUND('',#15225,.T.);
#15225 = EDGE_LOOP('',(#15226,#15227,#15235,#15243));
#15226 = ORIENTED_EDGE('',*,*,#13614,.F.);
#15227 = ORIENTED_EDGE('',*,*,#15228,.T.);
#15228 = EDGE_CURVE('',#13615,#15229,#15231,.T.);
#15229 = VERTEX_POINT('',#15230);
#15230 = CARTESIAN_POINT('',(10.559179224445,-22.87824616459,
    41.941353927894));
#15231 = LINE('',#15232,#15233);
#15232 = CARTESIAN_POINT('',(10.256785096609,-22.67595239073,
    39.064265986849));
#15233 = VECTOR('',#15234,1.);
#15234 = DIRECTION('',(0.104273837185,-6.975647374413E-02,0.992099290016
    ));
#15235 = ORIENTED_EDGE('',*,*,#15236,.T.);
#15236 = EDGE_CURVE('',#15229,#15237,#15239,.T.);
#15237 = VERTEX_POINT('',#15238);
#15238 = CARTESIAN_POINT('',(13.946885380079,-22.87824616459,
    41.585291663101));
#15239 = LINE('',#15240,#15241);
#15240 = CARTESIAN_POINT('',(10.559179224445,-22.87824616459,
    41.941353927894));
#15241 = VECTOR('',#15242,1.);
#15242 = DIRECTION('',(0.994521895368,1.07850667488E-17,-0.104528463268)
  );
#15243 = ORIENTED_EDGE('',*,*,#15244,.F.);
#15244 = EDGE_CURVE('',#13617,#15237,#15245,.T.);
#15245 = LINE('',#15246,#15247);
#15246 = CARTESIAN_POINT('',(13.644491252244,-22.67595239073,
    38.708203722056));
#15247 = VECTOR('',#15248,1.);
#15248 = DIRECTION('',(0.104273837185,-6.975647374413E-02,0.992099290016
    ));
#15249 = PLANE('',#15250);
#15250 = AXIS2_PLACEMENT_3D('',#15251,#15252,#15253);
#15251 = CARTESIAN_POINT('',(10.256785096609,-22.67595239073,
    39.064265986849));
#15252 = DIRECTION('',(7.291537003444E-03,0.99756405026,
    6.937434048221E-02));
#15253 = DIRECTION('',(0.994521895368,1.07850667488E-17,-0.104528463268)
  );
#15254 = ADVANCED_FACE('',(#15255),#15273,.T.);
#15255 = FACE_BOUND('',#15256,.T.);
#15256 = EDGE_LOOP('',(#15257,#15258,#15259,#15267));
#15257 = ORIENTED_EDGE('',*,*,#13656,.F.);
#15258 = ORIENTED_EDGE('',*,*,#15244,.T.);
#15259 = ORIENTED_EDGE('',*,*,#15260,.T.);
#15260 = EDGE_CURVE('',#15237,#15261,#15263,.T.);
#15261 = VERTEX_POINT('',#15262);
#15262 = CARTESIAN_POINT('',(15.662248492057,-19.93543221632,
    41.611914835127));
#15263 = LINE('',#15264,#15265);
#15264 = CARTESIAN_POINT('',(13.946885380079,-22.87824616459,
    41.585291663101));
#15265 = VECTOR('',#15266,1.);
#15266 = DIRECTION('',(0.503575603962,0.863915809427,7.815709594563E-03)
  );
#15267 = ORIENTED_EDGE('',*,*,#15268,.F.);
#15268 = EDGE_CURVE('',#13649,#15261,#15269,.T.);
#15269 = LINE('',#15270,#15271);
#15270 = CARTESIAN_POINT('',(15.359854364221,-19.73313844247,
    38.734826894082));
#15271 = VECTOR('',#15272,1.);
#15272 = DIRECTION('',(0.104273837185,-6.975647374413E-02,0.992099290016
    ));
#15273 = PLANE('',#15274);
#15274 = AXIS2_PLACEMENT_3D('',#15275,#15276,#15277);
#15275 = CARTESIAN_POINT('',(13.644491252244,-22.67595239073,
    38.708203722056));
#15276 = DIRECTION('',(-0.857635457507,0.49878202513,0.125211474849));
#15277 = DIRECTION('',(0.503575603962,0.863915809427,7.815709594563E-03)
  );
#15278 = ADVANCED_FACE('',(#15279),#15297,.T.);
#15279 = FACE_BOUND('',#15280,.T.);
#15280 = EDGE_LOOP('',(#15281,#15282,#15283,#15291));
#15281 = ORIENTED_EDGE('',*,*,#13648,.F.);
#15282 = ORIENTED_EDGE('',*,*,#15268,.T.);
#15283 = ORIENTED_EDGE('',*,*,#15284,.T.);
#15284 = EDGE_CURVE('',#15261,#15285,#15287,.T.);
#15285 = VERTEX_POINT('',#15286);
#15286 = CARTESIAN_POINT('',(13.9899054484,-16.99261826806,
    41.994600271946));
#15287 = LINE('',#15288,#15289);
#15288 = CARTESIAN_POINT('',(15.662248492057,-19.93543221632,
    41.611914835127));
#15289 = VECTOR('',#15290,1.);
#15290 = DIRECTION('',(-0.490946291407,0.863915809427,0.112344172862));
#15291 = ORIENTED_EDGE('',*,*,#15292,.F.);
#15292 = EDGE_CURVE('',#13641,#15285,#15293,.T.);
#15293 = LINE('',#15294,#15295);
#15294 = CARTESIAN_POINT('',(13.687511320564,-16.7903244942,
    39.117512330901));
#15295 = VECTOR('',#15296,1.);
#15296 = DIRECTION('',(0.104273837185,-6.975647374413E-02,0.992099290016
    ));
#15297 = PLANE('',#15298);
#15298 = AXIS2_PLACEMENT_3D('',#15299,#15300,#15301);
#15299 = CARTESIAN_POINT('',(15.359854364221,-19.73313844247,
    38.734826894082));
#15300 = DIRECTION('',(-0.86492699451,-0.49878202513,5.583713436723E-02)
  );
#15301 = DIRECTION('',(-0.490946291407,0.863915809427,0.112344172862));
#15302 = ADVANCED_FACE('',(#15303),#15321,.T.);
#15303 = FACE_BOUND('',#15304,.T.);
#15304 = EDGE_LOOP('',(#15305,#15306,#15307,#15315));
#15305 = ORIENTED_EDGE('',*,*,#13640,.F.);
#15306 = ORIENTED_EDGE('',*,*,#15292,.T.);
#15307 = ORIENTED_EDGE('',*,*,#15308,.T.);
#15308 = EDGE_CURVE('',#15285,#15309,#15311,.T.);
#15309 = VERTEX_POINT('',#15310);
#15310 = CARTESIAN_POINT('',(10.602199292765,-16.99261826806,
    42.350662536739));
#15311 = LINE('',#15312,#15313);
#15312 = CARTESIAN_POINT('',(13.9899054484,-16.99261826806,
    41.994600271946));
#15313 = VECTOR('',#15314,1.);
#15314 = DIRECTION('',(-0.994521895368,-1.07850667488E-17,0.104528463268
    ));
#15315 = ORIENTED_EDGE('',*,*,#15316,.F.);
#15316 = EDGE_CURVE('',#13633,#15309,#15317,.T.);
#15317 = LINE('',#15318,#15319);
#15318 = CARTESIAN_POINT('',(10.29980516493,-16.7903244942,
    39.473574595694));
#15319 = VECTOR('',#15320,1.);
#15320 = DIRECTION('',(0.104273837185,-6.975647374413E-02,0.992099290016
    ));
#15321 = PLANE('',#15322);
#15322 = AXIS2_PLACEMENT_3D('',#15323,#15324,#15325);
#15323 = CARTESIAN_POINT('',(13.687511320564,-16.7903244942,
    39.117512330901));
#15324 = DIRECTION('',(-7.291537003444E-03,-0.99756405026,
    -6.937434048221E-02));
#15325 = DIRECTION('',(-0.994521895368,-1.07850667488E-17,0.104528463268
    ));
#15326 = ADVANCED_FACE('',(#15327),#15345,.T.);
#15327 = FACE_BOUND('',#15328,.T.);
#15328 = EDGE_LOOP('',(#15329,#15330,#15331,#15339));
#15329 = ORIENTED_EDGE('',*,*,#13632,.F.);
#15330 = ORIENTED_EDGE('',*,*,#15316,.T.);
#15331 = ORIENTED_EDGE('',*,*,#15332,.T.);
#15332 = EDGE_CURVE('',#15309,#15333,#15335,.T.);
#15333 = VERTEX_POINT('',#15334);
#15334 = CARTESIAN_POINT('',(8.886836180788,-19.93543221632,
    42.324039364713));
#15335 = LINE('',#15336,#15337);
#15336 = CARTESIAN_POINT('',(10.602199292765,-16.99261826806,
    42.350662536739));
#15337 = VECTOR('',#15338,1.);
#15338 = DIRECTION('',(-0.503575603962,-0.863915809427,
    -7.815709594563E-03));
#15339 = ORIENTED_EDGE('',*,*,#15340,.F.);
#15340 = EDGE_CURVE('',#13625,#15333,#15341,.T.);
#15341 = LINE('',#15342,#15343);
#15342 = CARTESIAN_POINT('',(8.584442052952,-19.73313844247,
    39.446951423667));
#15343 = VECTOR('',#15344,1.);
#15344 = DIRECTION('',(0.104273837185,-6.975647374413E-02,0.992099290016
    ));
#15345 = PLANE('',#15346);
#15346 = AXIS2_PLACEMENT_3D('',#15347,#15348,#15349);
#15347 = CARTESIAN_POINT('',(10.29980516493,-16.7903244942,
    39.473574595694));
#15348 = DIRECTION('',(0.857635457507,-0.49878202513,-0.125211474849));
#15349 = DIRECTION('',(-0.503575603962,-0.863915809427,
    -7.815709594563E-03));
#15350 = ADVANCED_FACE('',(#15351),#15362,.T.);
#15351 = FACE_BOUND('',#15352,.T.);
#15352 = EDGE_LOOP('',(#15353,#15354,#15355,#15356));
#15353 = ORIENTED_EDGE('',*,*,#15228,.F.);
#15354 = ORIENTED_EDGE('',*,*,#13624,.F.);
#15355 = ORIENTED_EDGE('',*,*,#15340,.T.);
#15356 = ORIENTED_EDGE('',*,*,#15357,.T.);
#15357 = EDGE_CURVE('',#15333,#15229,#15358,.T.);
#15358 = LINE('',#15359,#15360);
#15359 = CARTESIAN_POINT('',(8.886836180788,-19.93543221632,
    42.324039364713));
#15360 = VECTOR('',#15361,1.);
#15361 = DIRECTION('',(0.490946291407,-0.863915809427,-0.112344172862));
#15362 = PLANE('',#15363);
#15363 = AXIS2_PLACEMENT_3D('',#15364,#15365,#15366);
#15364 = CARTESIAN_POINT('',(8.584442052952,-19.73313844247,
    39.446951423667));
#15365 = DIRECTION('',(0.86492699451,0.49878202513,-5.583713436723E-02)
  );
#15366 = DIRECTION('',(0.490946291407,-0.863915809427,-0.112344172862));
#15367 = ADVANCED_FACE('',(#15368),#15379,.F.);
#15368 = FACE_BOUND('',#15369,.F.);
#15369 = EDGE_LOOP('',(#15370,#15376,#15377,#15378));
#15370 = ORIENTED_EDGE('',*,*,#15371,.T.);
#15371 = EDGE_CURVE('',#13671,#13750,#15372,.T.);
#15372 = LINE('',#15373,#15374);
#15373 = CARTESIAN_POINT('',(39.064254432272,28.71723344276,
    43.695843790859));
#15374 = VECTOR('',#15375,1.);
#15375 = DIRECTION('',(-0.994521895368,-6.938893903907E-18,
    0.104528463268));
#15376 = ORIENTED_EDGE('',*,*,#13773,.T.);
#15377 = ORIENTED_EDGE('',*,*,#14924,.T.);
#15378 = ORIENTED_EDGE('',*,*,#13670,.F.);
#15379 = PLANE('',#15380);
#15380 = AXIS2_PLACEMENT_3D('',#15381,#15382,#15383);
#15381 = CARTESIAN_POINT('',(38.855706757903,28.856746390248,
    41.711645210827));
#15382 = DIRECTION('',(7.291537003444E-03,0.99756405026,
    6.937434048221E-02));
#15383 = DIRECTION('',(0.104273837185,-6.975647374413E-02,0.992099290016
    ));
#15384 = ADVANCED_FACE('',(#15385),#15410,.T.);
#15385 = FACE_BOUND('',#15386,.T.);
#15386 = EDGE_LOOP('',(#15387,#15395,#15403,#15409));
#15387 = ORIENTED_EDGE('',*,*,#15388,.F.);
#15388 = EDGE_CURVE('',#15389,#13671,#15391,.T.);
#15389 = VERTEX_POINT('',#15390);
#15390 = CARTESIAN_POINT('',(62.141418092389,27.619912987474,
    41.193181369168));
#15391 = LINE('',#15392,#15393);
#15392 = CARTESIAN_POINT('',(62.141418092389,27.619912987474,
    41.193181369168));
#15393 = VECTOR('',#15394,1.);
#15394 = DIRECTION('',(7.291537003444E-03,0.99756405026,
    6.937434048221E-02));
#15395 = ORIENTED_EDGE('',*,*,#15396,.F.);
#15396 = EDGE_CURVE('',#15397,#15389,#15399,.T.);
#15397 = VERTEX_POINT('',#15398);
#15398 = CARTESIAN_POINT('',(61.93287041802,27.759425934962,
    39.208982789137));
#15399 = LINE('',#15400,#15401);
#15400 = CARTESIAN_POINT('',(61.93287041802,27.759425934962,
    39.208982789137));
#15401 = VECTOR('',#15402,1.);
#15402 = DIRECTION('',(0.104273837185,-6.975647374413E-02,0.992099290016
    ));
#15403 = ORIENTED_EDGE('',*,*,#15404,.T.);
#15404 = EDGE_CURVE('',#15397,#13703,#15405,.T.);
#15405 = LINE('',#15406,#15407);
#15406 = CARTESIAN_POINT('',(61.93287041802,27.759425934962,
    39.208982789137));
#15407 = VECTOR('',#15408,1.);
#15408 = DIRECTION('',(7.291537003444E-03,0.99756405026,
    6.937434048221E-02));
#15409 = ORIENTED_EDGE('',*,*,#13702,.T.);
#15410 = PLANE('',#15411);
#15411 = AXIS2_PLACEMENT_3D('',#15412,#15413,#15414);
#15412 = CARTESIAN_POINT('',(61.93287041802,27.759425934962,
    39.208982789137));
#15413 = DIRECTION('',(0.994521895368,1.07850667488E-17,-0.104528463268)
  );
#15414 = DIRECTION('',(0.104273837185,-6.975647374413E-02,0.992099290016
    ));
#15415 = ADVANCED_FACE('',(#15416),#15434,.F.);
#15416 = FACE_BOUND('',#15417,.F.);
#15417 = EDGE_LOOP('',(#15418,#15426,#15432,#15433));
#15418 = ORIENTED_EDGE('',*,*,#15419,.F.);
#15419 = EDGE_CURVE('',#15420,#13726,#15422,.T.);
#15420 = VERTEX_POINT('',#15421);
#15421 = CARTESIAN_POINT('',(38.847686067199,27.759425934962,
    41.635333436297));
#15422 = LINE('',#15423,#15424);
#15423 = CARTESIAN_POINT('',(38.847686067199,27.759425934962,
    41.635333436297));
#15424 = VECTOR('',#15425,1.);
#15425 = DIRECTION('',(7.291537003444E-03,0.99756405026,
    6.937434048221E-02));
#15426 = ORIENTED_EDGE('',*,*,#15427,.T.);
#15427 = EDGE_CURVE('',#15420,#15397,#15428,.T.);
#15428 = LINE('',#15429,#15430);
#15429 = CARTESIAN_POINT('',(38.847686067199,27.759425934962,
    41.635333436297));
#15430 = VECTOR('',#15431,1.);
#15431 = DIRECTION('',(0.994521895368,1.07850667488E-17,-0.104528463268)
  );
#15432 = ORIENTED_EDGE('',*,*,#15404,.T.);
#15433 = ORIENTED_EDGE('',*,*,#13733,.F.);
#15434 = PLANE('',#15435);
#15435 = AXIS2_PLACEMENT_3D('',#15436,#15437,#15438);
#15436 = CARTESIAN_POINT('',(38.847686067199,27.759425934962,
    41.635333436297));
#15437 = DIRECTION('',(0.104273837185,-6.975647374413E-02,0.992099290016
    ));
#15438 = DIRECTION('',(0.994521895368,1.07850667488E-17,-0.104528463268)
  );
#15439 = ADVANCED_FACE('',(#15440),#15458,.F.);
#15440 = FACE_BOUND('',#15441,.F.);
#15441 = EDGE_LOOP('',(#15442,#15450,#15456,#15457));
#15442 = ORIENTED_EDGE('',*,*,#15443,.F.);
#15443 = EDGE_CURVE('',#15444,#13750,#15446,.T.);
#15444 = VERTEX_POINT('',#15445);
#15445 = CARTESIAN_POINT('',(39.056233741569,27.619912987474,
    43.619532016328));
#15446 = LINE('',#15447,#15448);
#15447 = CARTESIAN_POINT('',(39.056233741569,27.619912987474,
    43.619532016328));
#15448 = VECTOR('',#15449,1.);
#15449 = DIRECTION('',(7.291537003444E-03,0.99756405026,
    6.937434048221E-02));
#15450 = ORIENTED_EDGE('',*,*,#15451,.F.);
#15451 = EDGE_CURVE('',#15420,#15444,#15452,.T.);
#15452 = LINE('',#15453,#15454);
#15453 = CARTESIAN_POINT('',(38.847686067199,27.759425934962,
    41.635333436297));
#15454 = VECTOR('',#15455,1.);
#15455 = DIRECTION('',(0.104273837185,-6.975647374413E-02,0.992099290016
    ));
#15456 = ORIENTED_EDGE('',*,*,#15419,.T.);
#15457 = ORIENTED_EDGE('',*,*,#13757,.T.);
#15458 = PLANE('',#15459);
#15459 = AXIS2_PLACEMENT_3D('',#15460,#15461,#15462);
#15460 = CARTESIAN_POINT('',(38.847686067199,27.759425934962,
    41.635333436297));
#15461 = DIRECTION('',(0.994521895368,1.07850667488E-17,-0.104528463268)
  );
#15462 = DIRECTION('',(0.104273837185,-6.975647374413E-02,0.992099290016
    ));
#15463 = ADVANCED_FACE('',(#15464),#15475,.F.);
#15464 = FACE_BOUND('',#15465,.F.);
#15465 = EDGE_LOOP('',(#15466,#15472,#15473,#15474));
#15466 = ORIENTED_EDGE('',*,*,#15467,.T.);
#15467 = EDGE_CURVE('',#13798,#13877,#15468,.T.);
#15468 = LINE('',#15469,#15470);
#15469 = CARTESIAN_POINT('',(23.88551914963,28.71723344276,
    45.291193155041));
#15470 = VECTOR('',#15471,1.);
#15471 = DIRECTION('',(-0.994521895368,-6.938893903907E-18,
    0.104528463268));
#15472 = ORIENTED_EDGE('',*,*,#13900,.T.);
#15473 = ORIENTED_EDGE('',*,*,#14941,.T.);
#15474 = ORIENTED_EDGE('',*,*,#13797,.F.);
#15475 = PLANE('',#15476);
#15476 = AXIS2_PLACEMENT_3D('',#15477,#15478,#15479);
#15477 = CARTESIAN_POINT('',(23.67697147526,28.856746390248,
    43.30699457501));
#15478 = DIRECTION('',(7.291537003444E-03,0.99756405026,
    6.937434048221E-02));
#15479 = DIRECTION('',(0.104273837185,-6.975647374413E-02,0.992099290016
    ));
#15480 = ADVANCED_FACE('',(#15481),#15506,.T.);
#15481 = FACE_BOUND('',#15482,.T.);
#15482 = EDGE_LOOP('',(#15483,#15491,#15499,#15505));
#15483 = ORIENTED_EDGE('',*,*,#15484,.F.);
#15484 = EDGE_CURVE('',#15485,#13798,#15487,.T.);
#15485 = VERTEX_POINT('',#15486);
#15486 = CARTESIAN_POINT('',(28.25771500166,27.619912987474,
    44.754502070488));
#15487 = LINE('',#15488,#15489);
#15488 = CARTESIAN_POINT('',(28.25771500166,27.619912987474,
    44.754502070488));
#15489 = VECTOR('',#15490,1.);
#15490 = DIRECTION('',(7.291537003444E-03,0.99756405026,
    6.937434048221E-02));
#15491 = ORIENTED_EDGE('',*,*,#15492,.F.);
#15492 = EDGE_CURVE('',#15493,#15485,#15495,.T.);
#15493 = VERTEX_POINT('',#15494);
#15494 = CARTESIAN_POINT('',(28.04916732729,27.759425934962,
    42.770303490457));
#15495 = LINE('',#15496,#15497);
#15496 = CARTESIAN_POINT('',(28.04916732729,27.759425934962,
    42.770303490457));
#15497 = VECTOR('',#15498,1.);
#15498 = DIRECTION('',(0.104273837185,-6.975647374413E-02,0.992099290016
    ));
#15499 = ORIENTED_EDGE('',*,*,#15500,.T.);
#15500 = EDGE_CURVE('',#15493,#13830,#15501,.T.);
#15501 = LINE('',#15502,#15503);
#15502 = CARTESIAN_POINT('',(28.04916732729,27.759425934962,
    42.770303490457));
#15503 = VECTOR('',#15504,1.);
#15504 = DIRECTION('',(7.291537003444E-03,0.99756405026,
    6.937434048221E-02));
#15505 = ORIENTED_EDGE('',*,*,#13829,.T.);
#15506 = PLANE('',#15507);
#15507 = AXIS2_PLACEMENT_3D('',#15508,#15509,#15510);
#15508 = CARTESIAN_POINT('',(28.04916732729,27.759425934962,
    42.770303490457));
#15509 = DIRECTION('',(0.994521895368,1.07850667488E-17,-0.104528463268)
  );
#15510 = DIRECTION('',(0.104273837185,-6.975647374413E-02,0.992099290016
    ));
#15511 = ADVANCED_FACE('',(#15512),#15530,.F.);
#15512 = FACE_BOUND('',#15513,.F.);
#15513 = EDGE_LOOP('',(#15514,#15522,#15528,#15529));
#15514 = ORIENTED_EDGE('',*,*,#15515,.F.);
#15515 = EDGE_CURVE('',#15516,#13853,#15518,.T.);
#15516 = VERTEX_POINT('',#15517);
#15517 = CARTESIAN_POINT('',(23.668950784557,27.759425934962,
    43.230682800479));
#15518 = LINE('',#15519,#15520);
#15519 = CARTESIAN_POINT('',(23.668950784557,27.759425934962,
    43.230682800479));
#15520 = VECTOR('',#15521,1.);
#15521 = DIRECTION('',(7.291537003444E-03,0.99756405026,
    6.937434048221E-02));
#15522 = ORIENTED_EDGE('',*,*,#15523,.T.);
#15523 = EDGE_CURVE('',#15516,#15493,#15524,.T.);
#15524 = LINE('',#15525,#15526);
#15525 = CARTESIAN_POINT('',(23.668950784557,27.759425934962,
    43.230682800479));
#15526 = VECTOR('',#15527,1.);
#15527 = DIRECTION('',(0.994521895368,1.07850667488E-17,-0.104528463268)
  );
#15528 = ORIENTED_EDGE('',*,*,#15500,.T.);
#15529 = ORIENTED_EDGE('',*,*,#13860,.F.);
#15530 = PLANE('',#15531);
#15531 = AXIS2_PLACEMENT_3D('',#15532,#15533,#15534);
#15532 = CARTESIAN_POINT('',(23.668950784557,27.759425934962,
    43.230682800479));
#15533 = DIRECTION('',(0.104273837185,-6.975647374413E-02,0.992099290016
    ));
#15534 = DIRECTION('',(0.994521895368,1.07850667488E-17,-0.104528463268)
  );
#15535 = ADVANCED_FACE('',(#15536),#15554,.F.);
#15536 = FACE_BOUND('',#15537,.F.);
#15537 = EDGE_LOOP('',(#15538,#15546,#15552,#15553));
#15538 = ORIENTED_EDGE('',*,*,#15539,.F.);
#15539 = EDGE_CURVE('',#15540,#13877,#15542,.T.);
#15540 = VERTEX_POINT('',#15541);
#15541 = CARTESIAN_POINT('',(23.877498458926,27.619912987474,
    45.21488138051));
#15542 = LINE('',#15543,#15544);
#15543 = CARTESIAN_POINT('',(23.877498458926,27.619912987474,
    45.21488138051));
#15544 = VECTOR('',#15545,1.);
#15545 = DIRECTION('',(7.291537003444E-03,0.99756405026,
    6.937434048221E-02));
#15546 = ORIENTED_EDGE('',*,*,#15547,.F.);
#15547 = EDGE_CURVE('',#15516,#15540,#15548,.T.);
#15548 = LINE('',#15549,#15550);
#15549 = CARTESIAN_POINT('',(23.668950784557,27.759425934962,
    43.230682800479));
#15550 = VECTOR('',#15551,1.);
#15551 = DIRECTION('',(0.104273837185,-6.975647374413E-02,0.992099290016
    ));
#15552 = ORIENTED_EDGE('',*,*,#15515,.T.);
#15553 = ORIENTED_EDGE('',*,*,#13884,.T.);
#15554 = PLANE('',#15555);
#15555 = AXIS2_PLACEMENT_3D('',#15556,#15557,#15558);
#15556 = CARTESIAN_POINT('',(23.668950784557,27.759425934962,
    43.230682800479));
#15557 = DIRECTION('',(0.994521895368,1.07850667488E-17,-0.104528463268)
  );
#15558 = DIRECTION('',(0.104273837185,-6.975647374413E-02,0.992099290016
    ));
#15559 = ADVANCED_FACE('',(#15560),#15585,.T.);
#15560 = FACE_BOUND('',#15561,.T.);
#15561 = EDGE_LOOP('',(#15562,#15563,#15571,#15579));
#15562 = ORIENTED_EDGE('',*,*,#13927,.F.);
#15563 = ORIENTED_EDGE('',*,*,#15564,.T.);
#15564 = EDGE_CURVE('',#13928,#15565,#15567,.T.);
#15565 = VERTEX_POINT('',#15566);
#15566 = CARTESIAN_POINT('',(15.968493046201,21.962257894585,
    44.52563713538));
#15567 = LINE('',#15568,#15569);
#15568 = CARTESIAN_POINT('',(15.666098918366,22.164551668443,
    41.648549194335));
#15569 = VECTOR('',#15570,1.);
#15570 = DIRECTION('',(0.104273837185,-6.975647374413E-02,0.992099290016
    ));
#15571 = ORIENTED_EDGE('',*,*,#15572,.T.);
#15572 = EDGE_CURVE('',#15565,#15573,#15575,.T.);
#15573 = VERTEX_POINT('',#15574);
#15574 = CARTESIAN_POINT('',(14.296150002544,24.905071842851,
    44.908322572199));
#15575 = LINE('',#15576,#15577);
#15576 = CARTESIAN_POINT('',(15.968493046201,21.962257894585,
    44.52563713538));
#15577 = VECTOR('',#15578,1.);
#15578 = DIRECTION('',(-0.490946291407,0.863915809427,0.112344172862));
#15579 = ORIENTED_EDGE('',*,*,#15580,.F.);
#15580 = EDGE_CURVE('',#13930,#15573,#15581,.T.);
#15581 = LINE('',#15582,#15583);
#15582 = CARTESIAN_POINT('',(13.993755874709,25.107365616709,
    42.031234631154));
#15583 = VECTOR('',#15584,1.);
#15584 = DIRECTION('',(0.104273837185,-6.975647374413E-02,0.992099290016
    ));
#15585 = PLANE('',#15586);
#15586 = AXIS2_PLACEMENT_3D('',#15587,#15588,#15589);
#15587 = CARTESIAN_POINT('',(15.666098918366,22.164551668443,
    41.648549194335));
#15588 = DIRECTION('',(-0.86492699451,-0.49878202513,5.583713436723E-02)
  );
#15589 = DIRECTION('',(-0.490946291407,0.863915809427,0.112344172862));
#15590 = ADVANCED_FACE('',(#15591),#15609,.T.);
#15591 = FACE_BOUND('',#15592,.T.);
#15592 = EDGE_LOOP('',(#15593,#15594,#15595,#15603));
#15593 = ORIENTED_EDGE('',*,*,#13969,.F.);
#15594 = ORIENTED_EDGE('',*,*,#15580,.T.);
#15595 = ORIENTED_EDGE('',*,*,#15596,.T.);
#15596 = EDGE_CURVE('',#15573,#15597,#15599,.T.);
#15597 = VERTEX_POINT('',#15598);
#15598 = CARTESIAN_POINT('',(10.90844384691,24.905071842851,
    45.264384836992));
#15599 = LINE('',#15600,#15601);
#15600 = CARTESIAN_POINT('',(14.296150002544,24.905071842851,
    44.908322572199));
#15601 = VECTOR('',#15602,1.);
#15602 = DIRECTION('',(-0.994521895368,-1.07850667488E-17,0.104528463268
    ));
#15603 = ORIENTED_EDGE('',*,*,#15604,.F.);
#15604 = EDGE_CURVE('',#13962,#15597,#15605,.T.);
#15605 = LINE('',#15606,#15607);
#15606 = CARTESIAN_POINT('',(10.606049719074,25.107365616709,
    42.387296895947));
#15607 = VECTOR('',#15608,1.);
#15608 = DIRECTION('',(0.104273837185,-6.975647374413E-02,0.992099290016
    ));
#15609 = PLANE('',#15610);
#15610 = AXIS2_PLACEMENT_3D('',#15611,#15612,#15613);
#15611 = CARTESIAN_POINT('',(13.993755874709,25.107365616709,
    42.031234631154));
#15612 = DIRECTION('',(-7.291537003444E-03,-0.99756405026,
    -6.937434048221E-02));
#15613 = DIRECTION('',(-0.994521895368,-1.07850667488E-17,0.104528463268
    ));
#15614 = ADVANCED_FACE('',(#15615),#15633,.T.);
#15615 = FACE_BOUND('',#15616,.T.);
#15616 = EDGE_LOOP('',(#15617,#15618,#15619,#15627));
#15617 = ORIENTED_EDGE('',*,*,#13961,.F.);
#15618 = ORIENTED_EDGE('',*,*,#15604,.T.);
#15619 = ORIENTED_EDGE('',*,*,#15620,.T.);
#15620 = EDGE_CURVE('',#15597,#15621,#15623,.T.);
#15621 = VERTEX_POINT('',#15622);
#15622 = CARTESIAN_POINT('',(9.193080734932,21.962257894585,
    45.237761664966));
#15623 = LINE('',#15624,#15625);
#15624 = CARTESIAN_POINT('',(10.90844384691,24.905071842851,
    45.264384836992));
#15625 = VECTOR('',#15626,1.);
#15626 = DIRECTION('',(-0.503575603962,-0.863915809427,
    -7.815709594563E-03));
#15627 = ORIENTED_EDGE('',*,*,#15628,.F.);
#15628 = EDGE_CURVE('',#13954,#15621,#15629,.T.);
#15629 = LINE('',#15630,#15631);
#15630 = CARTESIAN_POINT('',(8.890686607097,22.164551668443,
    42.36067372392));
#15631 = VECTOR('',#15632,1.);
#15632 = DIRECTION('',(0.104273837185,-6.975647374413E-02,0.992099290016
    ));
#15633 = PLANE('',#15634);
#15634 = AXIS2_PLACEMENT_3D('',#15635,#15636,#15637);
#15635 = CARTESIAN_POINT('',(10.606049719074,25.107365616709,
    42.387296895947));
#15636 = DIRECTION('',(0.857635457507,-0.49878202513,-0.125211474849));
#15637 = DIRECTION('',(-0.503575603962,-0.863915809427,
    -7.815709594563E-03));
#15638 = ADVANCED_FACE('',(#15639),#15657,.T.);
#15639 = FACE_BOUND('',#15640,.T.);
#15640 = EDGE_LOOP('',(#15641,#15642,#15643,#15651));
#15641 = ORIENTED_EDGE('',*,*,#13953,.F.);
#15642 = ORIENTED_EDGE('',*,*,#15628,.T.);
#15643 = ORIENTED_EDGE('',*,*,#15644,.T.);
#15644 = EDGE_CURVE('',#15621,#15645,#15647,.T.);
#15645 = VERTEX_POINT('',#15646);
#15646 = CARTESIAN_POINT('',(10.86542377859,19.019443946318,
    44.855076228147));
#15647 = LINE('',#15648,#15649);
#15648 = CARTESIAN_POINT('',(9.193080734932,21.962257894585,
    45.237761664966));
#15649 = VECTOR('',#15650,1.);
#15650 = DIRECTION('',(0.490946291407,-0.863915809427,-0.112344172862));
#15651 = ORIENTED_EDGE('',*,*,#15652,.F.);
#15652 = EDGE_CURVE('',#13946,#15645,#15653,.T.);
#15653 = LINE('',#15654,#15655);
#15654 = CARTESIAN_POINT('',(10.563029650754,19.221737720176,
    41.977988287102));
#15655 = VECTOR('',#15656,1.);
#15656 = DIRECTION('',(0.104273837185,-6.975647374413E-02,0.992099290016
    ));
#15657 = PLANE('',#15658);
#15658 = AXIS2_PLACEMENT_3D('',#15659,#15660,#15661);
#15659 = CARTESIAN_POINT('',(8.890686607097,22.164551668443,
    42.36067372392));
#15660 = DIRECTION('',(0.86492699451,0.49878202513,-5.583713436723E-02)
  );
#15661 = DIRECTION('',(0.490946291407,-0.863915809427,-0.112344172862));
#15662 = ADVANCED_FACE('',(#15663),#15681,.T.);
#15663 = FACE_BOUND('',#15664,.T.);
#15664 = EDGE_LOOP('',(#15665,#15666,#15667,#15675));
#15665 = ORIENTED_EDGE('',*,*,#13945,.F.);
#15666 = ORIENTED_EDGE('',*,*,#15652,.T.);
#15667 = ORIENTED_EDGE('',*,*,#15668,.T.);
#15668 = EDGE_CURVE('',#15645,#15669,#15671,.T.);
#15669 = VERTEX_POINT('',#15670);
#15670 = CARTESIAN_POINT('',(14.253129934224,19.019443946318,
    44.499013963354));
#15671 = LINE('',#15672,#15673);
#15672 = CARTESIAN_POINT('',(10.86542377859,19.019443946318,
    44.855076228147));
#15673 = VECTOR('',#15674,1.);
#15674 = DIRECTION('',(0.994521895368,1.07850667488E-17,-0.104528463268)
  );
#15675 = ORIENTED_EDGE('',*,*,#15676,.F.);
#15676 = EDGE_CURVE('',#13938,#15669,#15677,.T.);
#15677 = LINE('',#15678,#15679);
#15678 = CARTESIAN_POINT('',(13.950735806388,19.221737720176,
    41.621926022309));
#15679 = VECTOR('',#15680,1.);
#15680 = DIRECTION('',(0.104273837185,-6.975647374413E-02,0.992099290016
    ));
#15681 = PLANE('',#15682);
#15682 = AXIS2_PLACEMENT_3D('',#15683,#15684,#15685);
#15683 = CARTESIAN_POINT('',(10.563029650754,19.221737720176,
    41.977988287102));
#15684 = DIRECTION('',(7.291537003444E-03,0.99756405026,
    6.937434048221E-02));
#15685 = DIRECTION('',(0.994521895368,1.07850667488E-17,-0.104528463268)
  );
#15686 = ADVANCED_FACE('',(#15687),#15698,.T.);
#15687 = FACE_BOUND('',#15688,.T.);
#15688 = EDGE_LOOP('',(#15689,#15690,#15691,#15697));
#15689 = ORIENTED_EDGE('',*,*,#13937,.F.);
#15690 = ORIENTED_EDGE('',*,*,#15676,.T.);
#15691 = ORIENTED_EDGE('',*,*,#15692,.T.);
#15692 = EDGE_CURVE('',#15669,#15565,#15693,.T.);
#15693 = LINE('',#15694,#15695);
#15694 = CARTESIAN_POINT('',(14.253129934224,19.019443946318,
    44.499013963354));
#15695 = VECTOR('',#15696,1.);
#15696 = DIRECTION('',(0.503575603962,0.863915809427,7.815709594563E-03)
  );
#15697 = ORIENTED_EDGE('',*,*,#15564,.F.);
#15698 = PLANE('',#15699);
#15699 = AXIS2_PLACEMENT_3D('',#15700,#15701,#15702);
#15700 = CARTESIAN_POINT('',(13.950735806388,19.221737720176,
    41.621926022309));
#15701 = DIRECTION('',(-0.857635457507,0.49878202513,0.125211474849));
#15702 = DIRECTION('',(0.503575603962,0.863915809427,7.815709594563E-03)
  );
#15703 = ADVANCED_FACE('',(#15704),#15716,.T.);
#15704 = FACE_BOUND('',#15705,.T.);
#15705 = EDGE_LOOP('',(#15706,#15707,#15708,#15715));
#15706 = ORIENTED_EDGE('',*,*,#14139,.T.);
#15707 = ORIENTED_EDGE('',*,*,#14543,.T.);
#15708 = ORIENTED_EDGE('',*,*,#15709,.F.);
#15709 = EDGE_CURVE('',#14566,#14544,#15710,.T.);
#15710 = CIRCLE('',#15711,1.7);
#15711 = AXIS2_PLACEMENT_3D('',#15712,#15713,#15714);
#15712 = CARTESIAN_POINT('',(12.96660008815,21.704158941731,
    48.552466773231));
#15713 = DIRECTION('',(0.104273837185,-6.975647374413E-02,0.992099290016
    ));
#15714 = DIRECTION('',(0.994521895368,1.387778780781E-17,-0.104528463268
    ));
#15715 = ORIENTED_EDGE('',*,*,#14565,.T.);
#15716 = PLANE('',#15717);
#15717 = AXIS2_PLACEMENT_3D('',#15718,#15719,#15720);
#15718 = CARTESIAN_POINT('',(12.96660008815,21.704158941731,
    48.552466773231));
#15719 = DIRECTION('',(0.104273837185,-6.975647374413E-02,0.992099290016
    ));
#15720 = DIRECTION('',(0.994521895368,1.07850667488E-17,-0.104528463268)
  );
#15721 = ADVANCED_FACE('',(#15722),#15733,.T.);
#15722 = FACE_BOUND('',#15723,.T.);
#15723 = EDGE_LOOP('',(#15724,#15725,#15726,#15727));
#15724 = ORIENTED_EDGE('',*,*,#14236,.F.);
#15725 = ORIENTED_EDGE('',*,*,#14154,.F.);
#15726 = ORIENTED_EDGE('',*,*,#14188,.T.);
#15727 = ORIENTED_EDGE('',*,*,#15728,.F.);
#15728 = EDGE_CURVE('',#14229,#14181,#15729,.T.);
#15729 = LINE('',#15730,#15731);
#15730 = CARTESIAN_POINT('',(56.332082684761,-27.61991298747,
    37.919745122929));
#15731 = VECTOR('',#15732,1.);
#15732 = DIRECTION('',(0.994521895368,1.07850667488E-17,-0.104528463268)
  );
#15733 = PLANE('',#15734);
#15734 = AXIS2_PLACEMENT_3D('',#15735,#15736,#15737);
#15735 = CARTESIAN_POINT('',(56.297812460845,-32.30846402369,
    37.593685722663));
#15736 = DIRECTION('',(0.104273837185,-6.975647374413E-02,0.992099290016
    ));
#15737 = DIRECTION('',(0.994521895368,1.07850667488E-17,-0.104528463268)
  );
#15738 = ADVANCED_FACE('',(#15739),#15745,.T.);
#15739 = FACE_BOUND('',#15740,.T.);
#15740 = EDGE_LOOP('',(#15741,#15742,#15743,#15744));
#15741 = ORIENTED_EDGE('',*,*,#14212,.F.);
#15742 = ORIENTED_EDGE('',*,*,#14228,.T.);
#15743 = ORIENTED_EDGE('',*,*,#15728,.T.);
#15744 = ORIENTED_EDGE('',*,*,#14180,.F.);
#15745 = PLANE('',#15746);
#15746 = AXIS2_PLACEMENT_3D('',#15747,#15748,#15749);
#15747 = CARTESIAN_POINT('',(56.123535010392,-27.48040003998,
    35.935546542898));
#15748 = DIRECTION('',(7.291537003444E-03,0.99756405026,
    6.937434048221E-02));
#15749 = DIRECTION('',(0.104273837185,-6.975647374413E-02,0.992099290016
    ));
#15750 = ADVANCED_FACE('',(#15751),#15762,.T.);
#15751 = FACE_BOUND('',#15752,.T.);
#15752 = EDGE_LOOP('',(#15753,#15754,#15755,#15756));
#15753 = ORIENTED_EDGE('',*,*,#14332,.F.);
#15754 = ORIENTED_EDGE('',*,*,#14250,.F.);
#15755 = ORIENTED_EDGE('',*,*,#14284,.T.);
#15756 = ORIENTED_EDGE('',*,*,#15757,.F.);
#15757 = EDGE_CURVE('',#14325,#14277,#15758,.T.);
#15758 = LINE('',#15759,#15760);
#15759 = CARTESIAN_POINT('',(49.343577326008,-27.61991298747,
    38.654266634311));
#15760 = VECTOR('',#15761,1.);
#15761 = DIRECTION('',(0.994521895368,1.07850667488E-17,-0.104528463268)
  );
#15762 = PLANE('',#15763);
#15763 = AXIS2_PLACEMENT_3D('',#15764,#15765,#15766);
#15764 = CARTESIAN_POINT('',(49.309307102092,-32.30846402369,
    38.328207234044));
#15765 = DIRECTION('',(0.104273837185,-6.975647374413E-02,0.992099290016
    ));
#15766 = DIRECTION('',(0.994521895368,1.07850667488E-17,-0.104528463268)
  );
#15767 = ADVANCED_FACE('',(#15768),#15774,.T.);
#15768 = FACE_BOUND('',#15769,.T.);
#15769 = EDGE_LOOP('',(#15770,#15771,#15772,#15773));
#15770 = ORIENTED_EDGE('',*,*,#14308,.F.);
#15771 = ORIENTED_EDGE('',*,*,#14324,.T.);
#15772 = ORIENTED_EDGE('',*,*,#15757,.T.);
#15773 = ORIENTED_EDGE('',*,*,#14276,.F.);
#15774 = PLANE('',#15775);
#15775 = AXIS2_PLACEMENT_3D('',#15776,#15777,#15778);
#15776 = CARTESIAN_POINT('',(49.135029651639,-27.48040003998,
    36.67006805428));
#15777 = DIRECTION('',(7.291537003444E-03,0.99756405026,
    6.937434048221E-02));
#15778 = DIRECTION('',(0.104273837185,-6.975647374413E-02,0.992099290016
    ));
#15779 = ADVANCED_FACE('',(#15780),#15791,.T.);
#15780 = FACE_BOUND('',#15781,.T.);
#15781 = EDGE_LOOP('',(#15782,#15783,#15784,#15785));
#15782 = ORIENTED_EDGE('',*,*,#14428,.F.);
#15783 = ORIENTED_EDGE('',*,*,#14346,.F.);
#15784 = ORIENTED_EDGE('',*,*,#14380,.T.);
#15785 = ORIENTED_EDGE('',*,*,#15786,.F.);
#15786 = EDGE_CURVE('',#14421,#14373,#15787,.T.);
#15787 = LINE('',#15788,#15789);
#15788 = CARTESIAN_POINT('',(23.473731668157,-27.61991298747,
    41.37329697862));
#15789 = VECTOR('',#15790,1.);
#15790 = DIRECTION('',(0.994521895368,1.07850667488E-17,-0.104528463268)
  );
#15791 = PLANE('',#15792);
#15792 = AXIS2_PLACEMENT_3D('',#15793,#15794,#15795);
#15793 = CARTESIAN_POINT('',(23.439461444241,-32.30846402369,
    41.047237578354));
#15794 = DIRECTION('',(0.104273837185,-6.975647374413E-02,0.992099290016
    ));
#15795 = DIRECTION('',(0.994521895368,1.07850667488E-17,-0.104528463268)
  );
#15796 = ADVANCED_FACE('',(#15797),#15803,.T.);
#15797 = FACE_BOUND('',#15798,.T.);
#15798 = EDGE_LOOP('',(#15799,#15800,#15801,#15802));
#15799 = ORIENTED_EDGE('',*,*,#14404,.F.);
#15800 = ORIENTED_EDGE('',*,*,#14420,.T.);
#15801 = ORIENTED_EDGE('',*,*,#15786,.T.);
#15802 = ORIENTED_EDGE('',*,*,#14372,.F.);
#15803 = PLANE('',#15804);
#15804 = AXIS2_PLACEMENT_3D('',#15805,#15806,#15807);
#15805 = CARTESIAN_POINT('',(23.265183993787,-27.48040003998,
    39.389098398589));
#15806 = DIRECTION('',(7.291537003444E-03,0.99756405026,
    6.937434048221E-02));
#15807 = DIRECTION('',(0.104273837185,-6.975647374413E-02,0.992099290016
    ));
#15808 = ADVANCED_FACE('',(#15809),#15820,.F.);
#15809 = FACE_BOUND('',#15810,.F.);
#15810 = EDGE_LOOP('',(#15811,#15812,#15813,#15819));
#15811 = ORIENTED_EDGE('',*,*,#14497,.F.);
#15812 = ORIENTED_EDGE('',*,*,#14875,.T.);
#15813 = ORIENTED_EDGE('',*,*,#15814,.T.);
#15814 = EDGE_CURVE('',#14876,#14513,#15815,.T.);
#15815 = LINE('',#15816,#15817);
#15816 = CARTESIAN_POINT('',(63.81661912279,0.648015680073,
    36.084755592784));
#15817 = VECTOR('',#15818,1.);
#15818 = DIRECTION('',(0.104273837185,-6.975647374413E-02,0.992099290016
    ));
#15819 = ORIENTED_EDGE('',*,*,#14512,.F.);
#15820 = PLANE('',#15821);
#15821 = AXIS2_PLACEMENT_3D('',#15822,#15823,#15824);
#15822 = CARTESIAN_POINT('',(50.831236088257,0.718603755619,
    36.43455746751));
#15823 = DIRECTION('',(7.291537003444E-03,0.99756405026,
    6.937434048221E-02));
#15824 = DIRECTION('',(0.104273837185,-6.975647374413E-02,0.992099290016
    ));
#15825 = ADVANCED_FACE('',(#15826),#15832,.F.);
#15826 = FACE_BOUND('',#15827,.F.);
#15827 = EDGE_LOOP('',(#15828,#15829,#15830,#15831));
#15828 = ORIENTED_EDGE('',*,*,#14529,.F.);
#15829 = ORIENTED_EDGE('',*,*,#15814,.F.);
#15830 = ORIENTED_EDGE('',*,*,#14892,.T.);
#15831 = ORIENTED_EDGE('',*,*,#14907,.T.);
#15832 = PLANE('',#15833);
#15833 = AXIS2_PLACEMENT_3D('',#15834,#15835,#15836);
#15834 = CARTESIAN_POINT('',(63.733093178468,-25.28575912941,
    35.290059317119));
#15835 = DIRECTION('',(0.994521895368,1.07850667488E-17,-0.104528463268)
  );
#15836 = DIRECTION('',(0.104273837185,-6.975647374413E-02,0.992099290016
    ));
#15837 = ADVANCED_FACE('',(#15838),#15859,.F.);
#15838 = FACE_BOUND('',#15839,.F.);
#15839 = EDGE_LOOP('',(#15840,#15849,#15855,#15856,#15857,#15858));
#15840 = ORIENTED_EDGE('',*,*,#15841,.T.);
#15841 = EDGE_CURVE('',#15842,#15842,#15844,.T.);
#15842 = VERTEX_POINT('',#15843);
#15843 = CARTESIAN_POINT('',(14.271474112693,21.962257894585,
    44.704001012618));
#15844 = CIRCLE('',#15845,1.7);
#15845 = AXIS2_PLACEMENT_3D('',#15846,#15847,#15848);
#15846 = CARTESIAN_POINT('',(12.580786890567,21.962257894585,
    44.881699400173));
#15847 = DIRECTION('',(0.104273837185,-6.975647374413E-02,0.992099290016
    ));
#15848 = DIRECTION('',(0.994521895368,1.07850667488E-17,-0.104528463268)
  );
#15849 = ORIENTED_EDGE('',*,*,#15850,.T.);
#15850 = EDGE_CURVE('',#15842,#14574,#15851,.T.);
#15851 = LINE('',#15852,#15853);
#15852 = CARTESIAN_POINT('',(13.927370449983,22.19245425794,
    41.430073355566));
#15853 = VECTOR('',#15854,1.);
#15854 = DIRECTION('',(0.104273837185,-6.975647374413E-02,0.992099290016
    ));
#15855 = ORIENTED_EDGE('',*,*,#14582,.F.);
#15856 = ORIENTED_EDGE('',*,*,#15709,.F.);
#15857 = ORIENTED_EDGE('',*,*,#14573,.F.);
#15858 = ORIENTED_EDGE('',*,*,#15850,.F.);
#15859 = CYLINDRICAL_SURFACE('',#15860,1.7);
#15860 = AXIS2_PLACEMENT_3D('',#15861,#15862,#15863);
#15861 = CARTESIAN_POINT('',(12.236683227857,22.19245425794,
    41.607771743121));
#15862 = DIRECTION('',(0.104273837185,-6.975647374413E-02,0.992099290016
    ));
#15863 = DIRECTION('',(0.994521895368,1.07850667488E-17,-0.104528463268)
  );
#15864 = ADVANCED_FACE('',(#15865),#15884,.F.);
#15865 = FACE_BOUND('',#15866,.F.);
#15866 = EDGE_LOOP('',(#15867,#15876,#15882,#15883));
#15867 = ORIENTED_EDGE('',*,*,#15868,.T.);
#15868 = EDGE_CURVE('',#15869,#15869,#15871,.T.);
#15869 = VERTEX_POINT('',#15870);
#15870 = CARTESIAN_POINT('',(13.965229558548,-19.93543221632,
    41.790278712365));
#15871 = CIRCLE('',#15872,1.7);
#15872 = AXIS2_PLACEMENT_3D('',#15873,#15874,#15875);
#15873 = CARTESIAN_POINT('',(12.274542336422,-19.93543221632,
    41.96797709992));
#15874 = DIRECTION('',(0.104273837185,-6.975647374413E-02,0.992099290016
    ));
#15875 = DIRECTION('',(0.994521895368,1.07850667488E-17,-0.104528463268)
  );
#15876 = ORIENTED_EDGE('',*,*,#15877,.T.);
#15877 = EDGE_CURVE('',#15869,#14639,#15878,.T.);
#15878 = LINE('',#15879,#15880);
#15879 = CARTESIAN_POINT('',(13.621125895839,-19.70523585297,
    38.516351055313));
#15880 = VECTOR('',#15881,1.);
#15881 = DIRECTION('',(0.104273837185,-6.975647374413E-02,0.992099290016
    ));
#15882 = ORIENTED_EDGE('',*,*,#14638,.F.);
#15883 = ORIENTED_EDGE('',*,*,#15877,.F.);
#15884 = CYLINDRICAL_SURFACE('',#15885,1.7);
#15885 = AXIS2_PLACEMENT_3D('',#15886,#15887,#15888);
#15886 = CARTESIAN_POINT('',(11.930438673713,-19.70523585297,
    38.694049442868));
#15887 = DIRECTION('',(0.104273837185,-6.975647374413E-02,0.992099290016
    ));
#15888 = DIRECTION('',(0.994521895368,1.07850667488E-17,-0.104528463268)
  );
#15889 = ADVANCED_FACE('',(#15890),#15901,.T.);
#15890 = FACE_BOUND('',#15891,.T.);
#15891 = EDGE_LOOP('',(#15892,#15893,#15894,#15900));
#15892 = ORIENTED_EDGE('',*,*,#14667,.F.);
#15893 = ORIENTED_EDGE('',*,*,#14692,.T.);
#15894 = ORIENTED_EDGE('',*,*,#15895,.T.);
#15895 = EDGE_CURVE('',#14693,#14741,#15896,.T.);
#15896 = LINE('',#15897,#15898);
#15897 = CARTESIAN_POINT('',(21.301824879754,-25.4252720769,
    41.75588314687));
#15898 = VECTOR('',#15899,1.);
#15899 = DIRECTION('',(7.291537003444E-03,0.99756405026,
    6.937434048221E-02));
#15900 = ORIENTED_EDGE('',*,*,#14740,.F.);
#15901 = PLANE('',#15902);
#15902 = AXIS2_PLACEMENT_3D('',#15903,#15904,#15905);
#15903 = CARTESIAN_POINT('',(15.235241318008,-25.4252720769,
    42.393506772803));
#15904 = DIRECTION('',(0.104273837185,-6.975647374413E-02,0.992099290016
    ));
#15905 = DIRECTION('',(0.994521895368,1.07850667488E-17,-0.104528463268)
  );
#15906 = ADVANCED_FACE('',(#15907),#15913,.T.);
#15907 = FACE_BOUND('',#15908,.T.);
#15908 = EDGE_LOOP('',(#15909,#15910,#15911,#15912));
#15909 = ORIENTED_EDGE('',*,*,#14700,.F.);
#15910 = ORIENTED_EDGE('',*,*,#14716,.T.);
#15911 = ORIENTED_EDGE('',*,*,#14748,.T.);
#15912 = ORIENTED_EDGE('',*,*,#15895,.F.);
#15913 = PLANE('',#15914);
#15914 = AXIS2_PLACEMENT_3D('',#15915,#15916,#15917);
#15915 = CARTESIAN_POINT('',(21.093277205385,-25.28575912941,
    39.771684566839));
#15916 = DIRECTION('',(0.994521895368,1.07850667488E-17,-0.104528463268)
  );
#15917 = DIRECTION('',(0.104273837185,-6.975647374413E-02,0.992099290016
    ));
#15918 = ADVANCED_FACE('',(#15919),#15930,.T.);
#15919 = FACE_BOUND('',#15920,.T.);
#15920 = EDGE_LOOP('',(#15921,#15922,#15923,#15929));
#15921 = ORIENTED_EDGE('',*,*,#14763,.F.);
#15922 = ORIENTED_EDGE('',*,*,#14805,.T.);
#15923 = ORIENTED_EDGE('',*,*,#15924,.T.);
#15924 = EDGE_CURVE('',#14806,#14854,#15925,.T.);
#15925 = LINE('',#15926,#15927);
#15926 = CARTESIAN_POINT('',(21.646622400406,21.746896295664,
    45.036412421267));
#15927 = VECTOR('',#15928,1.);
#15928 = DIRECTION('',(7.291537003444E-03,0.99756405026,
    6.937434048221E-02));
#15929 = ORIENTED_EDGE('',*,*,#14853,.F.);
#15930 = PLANE('',#15931);
#15931 = AXIS2_PLACEMENT_3D('',#15932,#15933,#15934);
#15932 = CARTESIAN_POINT('',(15.58003883866,21.746896295664,
    45.674036047199));
#15933 = DIRECTION('',(0.104273837185,-6.975647374413E-02,0.992099290016
    ));
#15934 = DIRECTION('',(0.994521895368,1.07850667488E-17,-0.104528463268)
  );
#15935 = ADVANCED_FACE('',(#15936),#15942,.T.);
#15936 = FACE_BOUND('',#15937,.T.);
#15937 = EDGE_LOOP('',(#15938,#15939,#15940,#15941));
#15938 = ORIENTED_EDGE('',*,*,#14813,.F.);
#15939 = ORIENTED_EDGE('',*,*,#14829,.T.);
#15940 = ORIENTED_EDGE('',*,*,#14861,.T.);
#15941 = ORIENTED_EDGE('',*,*,#15924,.F.);
#15942 = PLANE('',#15943);
#15943 = AXIS2_PLACEMENT_3D('',#15944,#15945,#15946);
#15944 = CARTESIAN_POINT('',(21.438074726037,21.886409243152,
    43.052213841235));
#15945 = DIRECTION('',(0.994521895368,1.07850667488E-17,-0.104528463268)
  );
#15946 = DIRECTION('',(0.104273837185,-6.975647374413E-02,0.992099290016
    ));
#15947 = ADVANCED_FACE('',(#15948),#15954,.T.);
#15948 = FACE_BOUND('',#15949,.T.);
#15949 = EDGE_LOOP('',(#15950,#15951,#15952,#15953));
#15950 = ORIENTED_EDGE('',*,*,#15000,.T.);
#15951 = ORIENTED_EDGE('',*,*,#14971,.T.);
#15952 = ORIENTED_EDGE('',*,*,#14962,.T.);
#15953 = ORIENTED_EDGE('',*,*,#15008,.F.);
#15954 = PLANE('',#15955);
#15955 = AXIS2_PLACEMENT_3D('',#15956,#15957,#15958);
#15956 = CARTESIAN_POINT('',(15.354416883399,-32.58862162159,
    44.484063759323));
#15957 = DIRECTION('',(0.104273837185,-6.975647374413E-02,0.992099290016
    ));
#15958 = DIRECTION('',(0.994521895368,1.07850667488E-17,-0.104528463268)
  );
#15959 = ADVANCED_FACE('',(#15960,#15968),#15971,.F.);
#15960 = FACE_BOUND('',#15961,.F.);
#15961 = EDGE_LOOP('',(#15962,#15963,#15964,#15965,#15966,#15967));
#15962 = ORIENTED_EDGE('',*,*,#15284,.T.);
#15963 = ORIENTED_EDGE('',*,*,#15308,.T.);
#15964 = ORIENTED_EDGE('',*,*,#15332,.T.);
#15965 = ORIENTED_EDGE('',*,*,#15357,.T.);
#15966 = ORIENTED_EDGE('',*,*,#15236,.T.);
#15967 = ORIENTED_EDGE('',*,*,#15260,.T.);
#15968 = FACE_BOUND('',#15969,.F.);
#15969 = EDGE_LOOP('',(#15970));
#15970 = ORIENTED_EDGE('',*,*,#15868,.F.);
#15971 = PLANE('',#15972);
#15972 = AXIS2_PLACEMENT_3D('',#15973,#15974,#15975);
#15973 = CARTESIAN_POINT('',(12.274542336422,-19.93543221632,
    41.96797709992));
#15974 = DIRECTION('',(0.104273837185,-6.975647374413E-02,0.992099290016
    ));
#15975 = DIRECTION('',(0.994521895368,1.07850667488E-17,-0.104528463268)
  );
#15976 = ADVANCED_FACE('',(#15977),#15988,.T.);
#15977 = FACE_BOUND('',#15978,.T.);
#15978 = EDGE_LOOP('',(#15979,#15980,#15986,#15987));
#15979 = ORIENTED_EDGE('',*,*,#15443,.F.);
#15980 = ORIENTED_EDGE('',*,*,#15981,.T.);
#15981 = EDGE_CURVE('',#15444,#15389,#15982,.T.);
#15982 = LINE('',#15983,#15984);
#15983 = CARTESIAN_POINT('',(39.056233741569,27.619912987474,
    43.619532016328));
#15984 = VECTOR('',#15985,1.);
#15985 = DIRECTION('',(0.994521895368,1.07850667488E-17,-0.104528463268)
  );
#15986 = ORIENTED_EDGE('',*,*,#15388,.T.);
#15987 = ORIENTED_EDGE('',*,*,#15371,.T.);
#15988 = PLANE('',#15989);
#15989 = AXIS2_PLACEMENT_3D('',#15990,#15991,#15992);
#15990 = CARTESIAN_POINT('',(39.056233741569,27.619912987474,
    43.619532016328));
#15991 = DIRECTION('',(0.104273837185,-6.975647374413E-02,0.992099290016
    ));
#15992 = DIRECTION('',(0.994521895368,1.07850667488E-17,-0.104528463268)
  );
#15993 = ADVANCED_FACE('',(#15994),#16000,.F.);
#15994 = FACE_BOUND('',#15995,.F.);
#15995 = EDGE_LOOP('',(#15996,#15997,#15998,#15999));
#15996 = ORIENTED_EDGE('',*,*,#15427,.F.);
#15997 = ORIENTED_EDGE('',*,*,#15451,.T.);
#15998 = ORIENTED_EDGE('',*,*,#15981,.T.);
#15999 = ORIENTED_EDGE('',*,*,#15396,.F.);
#16000 = PLANE('',#16001);
#16001 = AXIS2_PLACEMENT_3D('',#16002,#16003,#16004);
#16002 = CARTESIAN_POINT('',(38.847686067199,27.759425934962,
    41.635333436297));
#16003 = DIRECTION('',(7.291537003444E-03,0.99756405026,
    6.937434048221E-02));
#16004 = DIRECTION('',(0.104273837185,-6.975647374413E-02,0.992099290016
    ));
#16005 = ADVANCED_FACE('',(#16006),#16017,.T.);
#16006 = FACE_BOUND('',#16007,.T.);
#16007 = EDGE_LOOP('',(#16008,#16009,#16015,#16016));
#16008 = ORIENTED_EDGE('',*,*,#15539,.F.);
#16009 = ORIENTED_EDGE('',*,*,#16010,.T.);
#16010 = EDGE_CURVE('',#15540,#15485,#16011,.T.);
#16011 = LINE('',#16012,#16013);
#16012 = CARTESIAN_POINT('',(23.877498458926,27.619912987474,
    45.21488138051));
#16013 = VECTOR('',#16014,1.);
#16014 = DIRECTION('',(0.994521895368,1.07850667488E-17,-0.104528463268)
  );
#16015 = ORIENTED_EDGE('',*,*,#15484,.T.);
#16016 = ORIENTED_EDGE('',*,*,#15467,.T.);
#16017 = PLANE('',#16018);
#16018 = AXIS2_PLACEMENT_3D('',#16019,#16020,#16021);
#16019 = CARTESIAN_POINT('',(23.877498458926,27.619912987474,
    45.21488138051));
#16020 = DIRECTION('',(0.104273837185,-6.975647374413E-02,0.992099290016
    ));
#16021 = DIRECTION('',(0.994521895368,1.07850667488E-17,-0.104528463268)
  );
#16022 = ADVANCED_FACE('',(#16023),#16029,.F.);
#16023 = FACE_BOUND('',#16024,.F.);
#16024 = EDGE_LOOP('',(#16025,#16026,#16027,#16028));
#16025 = ORIENTED_EDGE('',*,*,#15523,.F.);
#16026 = ORIENTED_EDGE('',*,*,#15547,.T.);
#16027 = ORIENTED_EDGE('',*,*,#16010,.T.);
#16028 = ORIENTED_EDGE('',*,*,#15492,.F.);
#16029 = PLANE('',#16030);
#16030 = AXIS2_PLACEMENT_3D('',#16031,#16032,#16033);
#16031 = CARTESIAN_POINT('',(23.668950784557,27.759425934962,
    43.230682800479));
#16032 = DIRECTION('',(7.291537003444E-03,0.99756405026,
    6.937434048221E-02));
#16033 = DIRECTION('',(0.104273837185,-6.975647374413E-02,0.992099290016
    ));
#16034 = ADVANCED_FACE('',(#16035,#16043),#16046,.F.);
#16035 = FACE_BOUND('',#16036,.F.);
#16036 = EDGE_LOOP('',(#16037,#16038,#16039,#16040,#16041,#16042));
#16037 = ORIENTED_EDGE('',*,*,#15572,.T.);
#16038 = ORIENTED_EDGE('',*,*,#15596,.T.);
#16039 = ORIENTED_EDGE('',*,*,#15620,.T.);
#16040 = ORIENTED_EDGE('',*,*,#15644,.T.);
#16041 = ORIENTED_EDGE('',*,*,#15668,.T.);
#16042 = ORIENTED_EDGE('',*,*,#15692,.T.);
#16043 = FACE_BOUND('',#16044,.F.);
#16044 = EDGE_LOOP('',(#16045));
#16045 = ORIENTED_EDGE('',*,*,#15841,.F.);
#16046 = PLANE('',#16047);
#16047 = AXIS2_PLACEMENT_3D('',#16048,#16049,#16050);
#16048 = CARTESIAN_POINT('',(12.580786890567,21.962257894585,
    44.881699400173));
#16049 = DIRECTION('',(0.104273837185,-6.975647374413E-02,0.992099290016
    ));
#16050 = DIRECTION('',(0.994521895368,1.07850667488E-17,-0.104528463268)
  );
#16051 = ( GEOMETRIC_REPRESENTATION_CONTEXT(3) 
GLOBAL_UNCERTAINTY_ASSIGNED_CONTEXT((#16055)) 
GLOBAL_UNIT_ASSIGNED_CONTEXT((#16052,#16053,#16054)) 
REPRESENTATION_CONTEXT('Context #1',
  '3D Context with UNIT and UNCERTAINTY') );
#16052 = ( LENGTH_UNIT() NAMED_UNIT(*) SI_UNIT(.MILLI.,.METRE.) );
#16053 = ( NAMED_UNIT(*) PLANE_ANGLE_UNIT() SI_UNIT($,.RADIAN.) );
#16054 = ( NAMED_UNIT(*) SI_UNIT($,.STERADIAN.) SOLID_ANGLE_UNIT() );
#16055 = UNCERTAINTY_MEASURE_WITH_UNIT(LENGTH_MEASURE(2.E-06),#16052,
  'distance_accuracy_value','confusion accuracy');
#16056 = PRODUCT_RELATED_PRODUCT_CATEGORY('part',$,(#7));
ENDSEC;
END-ISO-10303-21;
