ISO-10303-21;
HEADER;
FILE_DESCRIPTION(('FreeCAD Model'),'2;1');
FILE_NAME('Open CASCADE Shape Model','2026-09-16T19:18:17',('FreeCAD'),(
    'FreeCAD'),'Open CASCADE STEP processor 7.9','FreeCAD','Unknown');
FILE_SCHEMA(('AUTOMOTIVE_DESIGN { 1 0 10303 214 1 1 1 1 }'));
ENDSEC;
DATA;
#1 = APPLICATION_PROTOCOL_DEFINITION('international standard',
  'automotive_design',2000,#2);
#2 = APPLICATION_CONTEXT(
  'core data for automotive mechanical design processes');
#3 = SHAPE_DEFINITION_REPRESENTATION(#4,#10);
#4 = PRODUCT_DEFINITION_SHAPE('','',#5);
#5 = PRODUCT_DEFINITION('design','',#6,#9);
#6 = PRODUCT_DEFINITION_FORMATION('','',#7);
#7 = PRODUCT('Open CASCADE STEP translator 7.9 4',
  'Open CASCADE STEP translator 7.9 4','',(#8));
#8 = PRODUCT_CONTEXT('',#2,'mechanical');
#9 = PRODUCT_DEFINITION_CONTEXT('part definition',#2,'design');
#10 = ADVANCED_BREP_SHAPE_REPRESENTATION('',(#11,#15),#16375);
#11 = AXIS2_PLACEMENT_3D('',#12,#13,#14);
#12 = CARTESIAN_POINT('',(0.,0.,0.));
#13 = DIRECTION('',(0.,0.,1.));
#14 = DIRECTION('',(1.,0.,-0.));
#15 = MANIFOLD_SOLID_BREP('',#16);
#16 = CLOSED_SHELL('',(#17,#76,#127,#224,#248,#290,#390,#421,#445,#469,
    #493,#517,#548,#607,#621,#709,#726,#750,#775,#851,#884,#989,#1016,
    #1484,#1527,#1588,#1623,#1640,#1779,#1867,#1884,#1901,#1918,#1958,
    #1989,#2020,#2044,#2068,#2085,#2116,#2140,#2164,#2189,#2358,#2383,
    #2424,#2651,#2684,#2708,#2751,#2776,#2887,#2913,#2956,#2980,#3144,
    #3184,#3208,#3232,#3259,#3294,#3318,#3342,#3371,#3472,#3490,#3508,
    #3711,#3743,#3774,#3798,#3822,#3839,#3870,#3894,#3918,#3935,#3952,
    #4163,#4188,#4217,#4241,#4258,#4275,#4292,#4323,#4363,#4407,#4423,
    #4449,#4466,#4516,#4542,#4566,#4590,#4808,#5299,#5385,#5553,#5570,
    #5601,#5632,#5649,#5678,#5695,#5707,#5777,#5788,#5812,#5893,#5959,
    #5994,#6018,#6065,#6077,#6101,#6135,#6165,#6182,#6207,#6224,#6254,
    #6278,#6301,#6313,#6343,#6367,#6390,#6402,#6432,#6456,#6479,#6491,
    #6523,#6542,#6576,#6593,#6743,#6775,#6823,#6939,#7080,#7097,#7114,
    #7131,#7179,#7237,#7267,#7278,#7310,#7332,#7350,#7385,#7429,#7521,
    #7619,#7657,#7699,#7786,#7824,#7879,#7974,#7991,#8008,#8048,#8103,
    #8696,#8721,#8746,#8780,#8798,#8809,#8834,#8866,#8888,#8905,#8922,
    #8934,#8956,#8973,#8990,#9002,#9024,#9041,#9058,#9070,#9092,#9109,
    #9126,#9138,#9160,#9177,#9194,#9211,#9223,#9234,#9353,#9994,#10168,
    #10179,#10290,#10432,#10498,#10515,#10539,#10567,#10579,#10607,
    #10621,#10635,#10660,#10685,#10703,#10715,#10727,#10739,#10751,
    #10763,#10797,#10821,#10841,#10992,#11013,#11067,#11078,#11109,
    #11133,#11157,#11181,#11205,#11222,#11253,#11277,#11301,#11325,
    #11349,#11380,#11404,#11428,#11452,#11476,#11507,#11531,#11555,
    #11579,#11603,#11634,#11658,#11682,#11706,#11730,#11747,#11764,
    #11781,#11812,#11836,#11860,#11877,#11901,#11932,#11963,#11973,
    #12010,#12020,#12045,#12078,#12103,#12134,#12158,#12175,#12206,
    #12230,#12254,#12278,#12302,#12333,#12357,#12381,#12405,#12429,
    #12446,#12463,#12475,#12492,#12521,#12550,#12567,#12593,#12611,
    #12862,#12889,#12906,#12923,#12944,#12969,#12986,#13003,#13029,
    #13051,#13068,#13085,#13097,#13119,#13136,#13153,#13165,#13176,
    #13193,#13413,#13424,#13511,#13643,#13775,#13799,#13815,#13874,
    #13885,#13909,#13925,#13984,#13995,#14012,#14033,#14058,#14083,
    #14108,#14125,#14142,#14173,#14197,#14221,#14238,#14269,#14293,
    #14317,#14334,#14365,#14389,#14413,#14430,#14461,#14485,#14509,
    #14526,#14557,#14581,#14605,#14629,#14660,#14684,#14711,#14728,
    #14740,#14764,#14781,#14798,#14816,#14827,#14886,#14945,#14962,
    #14993,#15017,#15034,#15065,#15089,#15113,#15130,#15161,#15185,
    #15209,#15234,#15272,#15310,#15369,#15392,#15408,#15419,#15478,
    #15501,#15517,#15528,#15550,#15567,#15584,#15601,#15618,#15630,
    #15652,#15669,#15686,#15703,#15720,#15732,#15744,#15803,#15820,
    #15832,#15849,#15861,#15878,#15890,#15907,#15919,#15936,#15948,
    #15972,#15989,#16001,#16025,#16042,#16054,#16071,#16083,#16100,
    #16112,#16171,#16193,#16210,#16227,#16244,#16261,#16273,#16295,
    #16312,#16329,#16346,#16363));
#17 = ADVANCED_FACE('',(#18),#71,.F.);
#18 = FACE_BOUND('',#19,.F.);
#19 = EDGE_LOOP('',(#20,#30,#39,#48,#57,#65));
#20 = ORIENTED_EDGE('',*,*,#21,.F.);
#21 = EDGE_CURVE('',#22,#24,#26,.T.);
#22 = VERTEX_POINT('',#23);
#23 = CARTESIAN_POINT('',(47.800418408211,40.3,-2.13162820728E-14));
#24 = VERTEX_POINT('',#25);
#25 = CARTESIAN_POINT('',(47.800418408211,40.,-1.42108547152E-14));
#26 = LINE('',#27,#28);
#27 = CARTESIAN_POINT('',(47.800418408211,-250.,-1.42108547152E-14));
#28 = VECTOR('',#29,1.);
#29 = DIRECTION('',(0.,-1.,0.));
#30 = ORIENTED_EDGE('',*,*,#31,.T.);
#31 = EDGE_CURVE('',#22,#32,#34,.T.);
#32 = VERTEX_POINT('',#33);
#33 = CARTESIAN_POINT('',(47.658997051973,41.,-7.105427357601E-15));
#34 = ELLIPSE('',#35,3.535533905933,2.5);
#35 = AXIS2_PLACEMENT_3D('',#36,#37,#38);
#36 = CARTESIAN_POINT('',(44.264884502278,40.3,-2.13162820728E-14));
#37 = DIRECTION('',(-2.22044604925E-16,0.,1.));
#38 = DIRECTION('',(-1.,0.,-2.22044604925E-16));
#39 = ORIENTED_EDGE('',*,*,#40,.T.);
#40 = EDGE_CURVE('',#32,#41,#43,.T.);
#41 = VERTEX_POINT('',#42);
#42 = CARTESIAN_POINT('',(45.68817803525,42.115228349591,
    -1.7763568394E-14));
#43 = CIRCLE('',#44,1.835755975069);
#44 = AXIS2_PLACEMENT_3D('',#45,#46,#47);
#45 = CARTESIAN_POINT('',(45.961940777126,40.3,-2.48689957516E-14));
#46 = DIRECTION('',(-2.22044604925E-16,0.,1.));
#47 = DIRECTION('',(-1.,0.,-2.22044604925E-16));
#48 = ORIENTED_EDGE('',*,*,#49,.T.);
#49 = EDGE_CURVE('',#41,#50,#52,.T.);
#50 = VERTEX_POINT('',#51);
#51 = CARTESIAN_POINT('',(40.784139331207,40.3,0.));
#52 = ELLIPSE('',#53,15.697859728005,2.5);
#53 = AXIS2_PLACEMENT_3D('',#54,#55,#56);
#54 = CARTESIAN_POINT('',(56.481999059212,40.3,-2.13162820728E-14));
#55 = DIRECTION('',(-2.22044604925E-16,7.618659121013E-32,1.));
#56 = DIRECTION('',(-1.,7.872031136346E-16,-2.22044604925E-16));
#57 = ORIENTED_EDGE('',*,*,#58,.F.);
#58 = EDGE_CURVE('',#59,#50,#61,.T.);
#59 = VERTEX_POINT('',#60);
#60 = CARTESIAN_POINT('',(40.784139331207,40.,-1.42108547152E-14));
#61 = LINE('',#62,#63);
#62 = CARTESIAN_POINT('',(40.784139331207,-250.,-1.42108547152E-14));
#63 = VECTOR('',#64,1.);
#64 = DIRECTION('',(0.,1.,0.));
#65 = ORIENTED_EDGE('',*,*,#66,.F.);
#66 = EDGE_CURVE('',#24,#59,#67,.T.);
#67 = LINE('',#68,#69);
#68 = CARTESIAN_POINT('',(-603.5533905932,40.,-5.684341886081E-14));
#69 = VECTOR('',#70,1.);
#70 = DIRECTION('',(-1.,0.,-2.22044604925E-16));
#71 = PLANE('',#72);
#72 = AXIS2_PLACEMENT_3D('',#73,#74,#75);
#73 = CARTESIAN_POINT('',(-500.,-500.,-1.110223024625E-13));
#74 = DIRECTION('',(-2.22044604925E-16,0.,1.));
#75 = DIRECTION('',(1.,0.,2.22044604925E-16));
#76 = ADVANCED_FACE('',(#77),#122,.F.);
#77 = FACE_BOUND('',#78,.F.);
#78 = EDGE_LOOP('',(#79,#89,#95,#96,#97,#98,#99,#100,#108,#116));
#79 = ORIENTED_EDGE('',*,*,#80,.F.);
#80 = EDGE_CURVE('',#81,#83,#85,.T.);
#81 = VERTEX_POINT('',#82);
#82 = CARTESIAN_POINT('',(19.798989873223,40.,-3.552713678801E-15));
#83 = VERTEX_POINT('',#84);
#84 = CARTESIAN_POINT('',(19.798989873223,44.,-3.552713678801E-15));
#85 = LINE('',#86,#87);
#86 = CARTESIAN_POINT('',(19.798989873223,-54.,-3.552713678801E-15));
#87 = VECTOR('',#88,1.);
#88 = DIRECTION('',(0.,1.,0.));
#89 = ORIENTED_EDGE('',*,*,#90,.T.);
#90 = EDGE_CURVE('',#81,#59,#91,.T.);
#91 = LINE('',#92,#93);
#92 = CARTESIAN_POINT('',(0.,40.,0.));
#93 = VECTOR('',#94,1.);
#94 = DIRECTION('',(1.,0.,-2.22044604925E-16));
#95 = ORIENTED_EDGE('',*,*,#58,.T.);
#96 = ORIENTED_EDGE('',*,*,#49,.F.);
#97 = ORIENTED_EDGE('',*,*,#40,.F.);
#98 = ORIENTED_EDGE('',*,*,#31,.F.);
#99 = ORIENTED_EDGE('',*,*,#21,.T.);
#100 = ORIENTED_EDGE('',*,*,#101,.T.);
#101 = EDGE_CURVE('',#24,#102,#104,.T.);
#102 = VERTEX_POINT('',#103);
#103 = CARTESIAN_POINT('',(49.497474683058,40.,-7.105427357601E-15));
#104 = LINE('',#105,#106);
#105 = CARTESIAN_POINT('',(0.,40.,0.));
#106 = VECTOR('',#107,1.);
#107 = DIRECTION('',(1.,0.,-2.22044604925E-16));
#108 = ORIENTED_EDGE('',*,*,#109,.T.);
#109 = EDGE_CURVE('',#102,#110,#112,.T.);
#110 = VERTEX_POINT('',#111);
#111 = CARTESIAN_POINT('',(49.497474683058,44.,-7.105427357601E-15));
#112 = LINE('',#113,#114);
#113 = CARTESIAN_POINT('',(49.497474683058,-54.,1.099064721079E-14));
#114 = VECTOR('',#115,1.);
#115 = DIRECTION('',(0.,1.,0.));
#116 = ORIENTED_EDGE('',*,*,#117,.F.);
#117 = EDGE_CURVE('',#83,#110,#118,.T.);
#118 = LINE('',#119,#120);
#119 = CARTESIAN_POINT('',(0.,44.,0.));
#120 = VECTOR('',#121,1.);
#121 = DIRECTION('',(1.,0.,-2.22044604925E-16));
#122 = PLANE('',#123);
#123 = AXIS2_PLACEMENT_3D('',#124,#125,#126);
#124 = CARTESIAN_POINT('',(0.,-54.,0.));
#125 = DIRECTION('',(-2.22044604925E-16,0.,1.));
#126 = DIRECTION('',(1.,0.,2.22044604925E-16));
#127 = ADVANCED_FACE('',(#128),#219,.F.);
#128 = FACE_BOUND('',#129,.F.);
#129 = EDGE_LOOP('',(#130,#140,#148,#156,#164,#172,#178,#179,#180,#181,
    #189,#197,#205,#213));
#130 = ORIENTED_EDGE('',*,*,#131,.F.);
#131 = EDGE_CURVE('',#132,#134,#136,.T.);
#132 = VERTEX_POINT('',#133);
#133 = CARTESIAN_POINT('',(14.142135623731,-40.,-9.769962616701E-15));
#134 = VERTEX_POINT('',#135);
#135 = CARTESIAN_POINT('',(14.142135623731,-38.,2.6645352591E-15));
#136 = LINE('',#137,#138);
#137 = CARTESIAN_POINT('',(14.142135623731,-277.,0.));
#138 = VECTOR('',#139,1.);
#139 = DIRECTION('',(0.,1.,0.));
#140 = ORIENTED_EDGE('',*,*,#141,.T.);
#141 = EDGE_CURVE('',#132,#142,#144,.T.);
#142 = VERTEX_POINT('',#143);
#143 = CARTESIAN_POINT('',(19.798989873223,-40.,-3.552713678801E-15));
#144 = LINE('',#145,#146);
#145 = CARTESIAN_POINT('',(0.,-40.,0.));
#146 = VECTOR('',#147,1.);
#147 = DIRECTION('',(1.,0.,-2.22044604925E-16));
#148 = ORIENTED_EDGE('',*,*,#149,.T.);
#149 = EDGE_CURVE('',#142,#150,#152,.T.);
#150 = VERTEX_POINT('',#151);
#151 = CARTESIAN_POINT('',(40.784139331207,-40.,-1.42108547152E-14));
#152 = LINE('',#153,#154);
#153 = CARTESIAN_POINT('',(0.,-40.,0.));
#154 = VECTOR('',#155,1.);
#155 = DIRECTION('',(1.,0.,-2.22044604925E-16));
#156 = ORIENTED_EDGE('',*,*,#157,.F.);
#157 = EDGE_CURVE('',#158,#150,#160,.T.);
#158 = VERTEX_POINT('',#159);
#159 = CARTESIAN_POINT('',(47.800418408211,-40.,-1.42108547152E-14));
#160 = LINE('',#161,#162);
#161 = CARTESIAN_POINT('',(-603.5533905932,-40.,-5.684341886081E-14));
#162 = VECTOR('',#163,1.);
#163 = DIRECTION('',(-1.,0.,-2.22044604925E-16));
#164 = ORIENTED_EDGE('',*,*,#165,.T.);
#165 = EDGE_CURVE('',#158,#166,#168,.T.);
#166 = VERTEX_POINT('',#167);
#167 = CARTESIAN_POINT('',(49.497474683058,-40.,-7.105427357601E-15));
#168 = LINE('',#169,#170);
#169 = CARTESIAN_POINT('',(0.,-40.,0.));
#170 = VECTOR('',#171,1.);
#171 = DIRECTION('',(1.,0.,-2.22044604925E-16));
#172 = ORIENTED_EDGE('',*,*,#173,.T.);
#173 = EDGE_CURVE('',#166,#102,#174,.T.);
#174 = LINE('',#175,#176);
#175 = CARTESIAN_POINT('',(49.497474683058,-54.,1.099064721079E-14));
#176 = VECTOR('',#177,1.);
#177 = DIRECTION('',(0.,1.,0.));
#178 = ORIENTED_EDGE('',*,*,#101,.F.);
#179 = ORIENTED_EDGE('',*,*,#66,.T.);
#180 = ORIENTED_EDGE('',*,*,#90,.F.);
#181 = ORIENTED_EDGE('',*,*,#182,.F.);
#182 = EDGE_CURVE('',#183,#81,#185,.T.);
#183 = VERTEX_POINT('',#184);
#184 = CARTESIAN_POINT('',(14.142135623731,40.,-9.769962616701E-15));
#185 = LINE('',#186,#187);
#186 = CARTESIAN_POINT('',(0.,40.,0.));
#187 = VECTOR('',#188,1.);
#188 = DIRECTION('',(1.,0.,-2.22044604925E-16));
#189 = ORIENTED_EDGE('',*,*,#190,.F.);
#190 = EDGE_CURVE('',#191,#183,#193,.T.);
#191 = VERTEX_POINT('',#192);
#192 = CARTESIAN_POINT('',(14.142135623731,38.,2.6645352591E-15));
#193 = LINE('',#194,#195);
#194 = CARTESIAN_POINT('',(14.142135623731,-277.,0.));
#195 = VECTOR('',#196,1.);
#196 = DIRECTION('',(0.,1.,0.));
#197 = ORIENTED_EDGE('',*,*,#198,.F.);
#198 = EDGE_CURVE('',#199,#191,#201,.T.);
#199 = VERTEX_POINT('',#200);
#200 = CARTESIAN_POINT('',(41.497474683058,38.,7.105427357601E-15));
#201 = LINE('',#202,#203);
#202 = CARTESIAN_POINT('',(4.,38.,8.881784197001E-16));
#203 = VECTOR('',#204,1.);
#204 = DIRECTION('',(-1.,0.,-2.22044604925E-16));
#205 = ORIENTED_EDGE('',*,*,#206,.F.);
#206 = EDGE_CURVE('',#207,#199,#209,.T.);
#207 = VERTEX_POINT('',#208);
#208 = CARTESIAN_POINT('',(41.497474683058,-38.,7.105427357601E-15));
#209 = LINE('',#210,#211);
#210 = CARTESIAN_POINT('',(41.497474683058,-46.,9.214290371386E-15));
#211 = VECTOR('',#212,1.);
#212 = DIRECTION('',(0.,1.,0.));
#213 = ORIENTED_EDGE('',*,*,#214,.T.);
#214 = EDGE_CURVE('',#207,#134,#215,.T.);
#215 = LINE('',#216,#217);
#216 = CARTESIAN_POINT('',(4.,-38.,8.881784197001E-16));
#217 = VECTOR('',#218,1.);
#218 = DIRECTION('',(-1.,0.,-2.22044604925E-16));
#219 = PLANE('',#220);
#220 = AXIS2_PLACEMENT_3D('',#221,#222,#223);
#221 = CARTESIAN_POINT('',(0.,-54.,0.));
#222 = DIRECTION('',(-2.22044604925E-16,0.,1.));
#223 = DIRECTION('',(1.,0.,2.22044604925E-16));
#224 = ADVANCED_FACE('',(#225),#243,.F.);
#225 = FACE_BOUND('',#226,.F.);
#226 = EDGE_LOOP('',(#227,#235,#236,#237));
#227 = ORIENTED_EDGE('',*,*,#228,.F.);
#228 = EDGE_CURVE('',#183,#229,#231,.T.);
#229 = VERTEX_POINT('',#230);
#230 = CARTESIAN_POINT('',(14.142135623731,44.,-2.6645352591E-15));
#231 = LINE('',#232,#233);
#232 = CARTESIAN_POINT('',(14.142135623731,-277.,0.));
#233 = VECTOR('',#234,1.);
#234 = DIRECTION('',(0.,1.,0.));
#235 = ORIENTED_EDGE('',*,*,#182,.T.);
#236 = ORIENTED_EDGE('',*,*,#80,.T.);
#237 = ORIENTED_EDGE('',*,*,#238,.F.);
#238 = EDGE_CURVE('',#229,#83,#239,.T.);
#239 = LINE('',#240,#241);
#240 = CARTESIAN_POINT('',(0.,44.,0.));
#241 = VECTOR('',#242,1.);
#242 = DIRECTION('',(1.,0.,-2.22044604925E-16));
#243 = PLANE('',#244);
#244 = AXIS2_PLACEMENT_3D('',#245,#246,#247);
#245 = CARTESIAN_POINT('',(0.,-54.,0.));
#246 = DIRECTION('',(-2.22044604925E-16,0.,1.));
#247 = DIRECTION('',(1.,0.,2.22044604925E-16));
#248 = ADVANCED_FACE('',(#249,#274),#285,.F.);
#249 = FACE_BOUND('',#250,.F.);
#250 = EDGE_LOOP('',(#251,#259,#260,#268));
#251 = ORIENTED_EDGE('',*,*,#252,.F.);
#252 = EDGE_CURVE('',#83,#253,#255,.T.);
#253 = VERTEX_POINT('',#254);
#254 = CARTESIAN_POINT('',(19.798989873223,54.,-3.552713678801E-15));
#255 = LINE('',#256,#257);
#256 = CARTESIAN_POINT('',(19.798989873223,-54.,-3.552713678801E-15));
#257 = VECTOR('',#258,1.);
#258 = DIRECTION('',(0.,1.,0.));
#259 = ORIENTED_EDGE('',*,*,#117,.T.);
#260 = ORIENTED_EDGE('',*,*,#261,.T.);
#261 = EDGE_CURVE('',#110,#262,#264,.T.);
#262 = VERTEX_POINT('',#263);
#263 = CARTESIAN_POINT('',(49.497474683058,54.,1.42108547152E-14));
#264 = LINE('',#265,#266);
#265 = CARTESIAN_POINT('',(49.497474683058,-54.,1.099064721079E-14));
#266 = VECTOR('',#267,1.);
#267 = DIRECTION('',(0.,1.,0.));
#268 = ORIENTED_EDGE('',*,*,#269,.F.);
#269 = EDGE_CURVE('',#253,#262,#270,.T.);
#270 = LINE('',#271,#272);
#271 = CARTESIAN_POINT('',(0.,54.,0.));
#272 = VECTOR('',#273,1.);
#273 = DIRECTION('',(1.,0.,2.22044604925E-16));
#274 = FACE_BOUND('',#275,.F.);
#275 = EDGE_LOOP('',(#276));
#276 = ORIENTED_EDGE('',*,*,#277,.F.);
#277 = EDGE_CURVE('',#278,#278,#280,.T.);
#278 = VERTEX_POINT('',#279);
#279 = CARTESIAN_POINT('',(34.473358543988,49.,3.552713678801E-15));
#280 = CIRCLE('',#281,2.3);
#281 = AXIS2_PLACEMENT_3D('',#282,#283,#284);
#282 = CARTESIAN_POINT('',(32.173358543988,49.,7.105427357601E-15));
#283 = DIRECTION('',(-2.22044604925E-16,0.,1.));
#284 = DIRECTION('',(1.,0.,2.22044604925E-16));
#285 = PLANE('',#286);
#286 = AXIS2_PLACEMENT_3D('',#287,#288,#289);
#287 = CARTESIAN_POINT('',(0.,-54.,0.));
#288 = DIRECTION('',(-2.22044604925E-16,0.,1.));
#289 = DIRECTION('',(1.,0.,2.22044604925E-16));
#290 = ADVANCED_FACE('',(#291),#385,.T.);
#291 = FACE_BOUND('',#292,.T.);
#292 = EDGE_LOOP('',(#293,#303,#311,#319,#325,#326,#327,#328,#336,#344,
    #353,#361,#370,#378));
#293 = ORIENTED_EDGE('',*,*,#294,.F.);
#294 = EDGE_CURVE('',#295,#297,#299,.T.);
#295 = VERTEX_POINT('',#296);
#296 = CARTESIAN_POINT('',(49.497474683058,-54.,4.));
#297 = VERTEX_POINT('',#298);
#298 = CARTESIAN_POINT('',(49.497474683058,-40.78965551233,4.));
#299 = LINE('',#300,#301);
#300 = CARTESIAN_POINT('',(49.497474683058,-54.,4.));
#301 = VECTOR('',#302,1.);
#302 = DIRECTION('',(0.,1.,0.));
#303 = ORIENTED_EDGE('',*,*,#304,.F.);
#304 = EDGE_CURVE('',#305,#295,#307,.T.);
#305 = VERTEX_POINT('',#306);
#306 = CARTESIAN_POINT('',(49.497474683058,-54.,1.42108547152E-14));
#307 = LINE('',#308,#309);
#308 = CARTESIAN_POINT('',(49.497474683058,-54.,1.099064721079E-14));
#309 = VECTOR('',#310,1.);
#310 = DIRECTION('',(-2.22044604925E-16,0.,1.));
#311 = ORIENTED_EDGE('',*,*,#312,.T.);
#312 = EDGE_CURVE('',#305,#313,#315,.T.);
#313 = VERTEX_POINT('',#314);
#314 = CARTESIAN_POINT('',(49.497474683058,-44.,-7.105427357601E-15));
#315 = LINE('',#316,#317);
#316 = CARTESIAN_POINT('',(49.497474683058,-54.,1.099064721079E-14));
#317 = VECTOR('',#318,1.);
#318 = DIRECTION('',(0.,1.,0.));
#319 = ORIENTED_EDGE('',*,*,#320,.T.);
#320 = EDGE_CURVE('',#313,#166,#321,.T.);
#321 = LINE('',#322,#323);
#322 = CARTESIAN_POINT('',(49.497474683058,-54.,1.099064721079E-14));
#323 = VECTOR('',#324,1.);
#324 = DIRECTION('',(0.,1.,0.));
#325 = ORIENTED_EDGE('',*,*,#173,.T.);
#326 = ORIENTED_EDGE('',*,*,#109,.T.);
#327 = ORIENTED_EDGE('',*,*,#261,.T.);
#328 = ORIENTED_EDGE('',*,*,#329,.T.);
#329 = EDGE_CURVE('',#262,#330,#332,.T.);
#330 = VERTEX_POINT('',#331);
#331 = CARTESIAN_POINT('',(49.497474683058,54.,4.));
#332 = LINE('',#333,#334);
#333 = CARTESIAN_POINT('',(49.497474683058,54.,1.099064721079E-14));
#334 = VECTOR('',#335,1.);
#335 = DIRECTION('',(-2.22044604925E-16,0.,1.));
#336 = ORIENTED_EDGE('',*,*,#337,.F.);
#337 = EDGE_CURVE('',#338,#330,#340,.T.);
#338 = VERTEX_POINT('',#339);
#339 = CARTESIAN_POINT('',(49.497474683058,41.404632304846,4.));
#340 = LINE('',#341,#342);
#341 = CARTESIAN_POINT('',(49.497474683058,-54.,4.));
#342 = VECTOR('',#343,1.);
#343 = DIRECTION('',(0.,1.,0.));
#344 = ORIENTED_EDGE('',*,*,#345,.F.);
#345 = EDGE_CURVE('',#346,#338,#348,.T.);
#346 = VERTEX_POINT('',#347);
#347 = CARTESIAN_POINT('',(49.497474683058,39.7258058582,2.177316367496)
  );
#348 = ELLIPSE('',#349,4.505690603595,2.5);
#349 = AXIS2_PLACEMENT_3D('',#350,#351,#352);
#350 = CARTESIAN_POINT('',(49.497474683058,38.640182891037,
    6.481088660933));
#351 = DIRECTION('',(1.,3.212780339481E-17,7.162946370777E-17));
#352 = DIRECTION('',(-5.551115123126E-17,-0.355799325332,0.93456237892)
  );
#353 = ORIENTED_EDGE('',*,*,#354,.T.);
#354 = EDGE_CURVE('',#346,#355,#357,.T.);
#355 = VERTEX_POINT('',#356);
#356 = CARTESIAN_POINT('',(49.497474683058,-37.03426611707,
    2.177316367496));
#357 = LINE('',#358,#359);
#358 = CARTESIAN_POINT('',(49.497474683058,-24.71716643477,
    2.177316367496));
#359 = VECTOR('',#360,1.);
#360 = DIRECTION('',(0.,-1.,0.));
#361 = ORIENTED_EDGE('',*,*,#362,.F.);
#362 = EDGE_CURVE('',#363,#355,#365,.T.);
#363 = VERTEX_POINT('',#364);
#364 = CARTESIAN_POINT('',(49.497474683058,-37.78649880368,
    2.236475979127));
#365 = ELLIPSE('',#366,8.721374278396,2.5);
#366 = AXIS2_PLACEMENT_3D('',#367,#368,#369);
#367 = CARTESIAN_POINT('',(49.497474683058,-30.85977660239,
    6.481088660932));
#368 = DIRECTION('',(1.,2.904551053473E-17,1.357043026645E-16));
#369 = DIRECTION('',(-8.326672684689E-17,0.907859020452,0.419275564497)
  );
#370 = ORIENTED_EDGE('',*,*,#371,.T.);
#371 = EDGE_CURVE('',#363,#372,#374,.T.);
#372 = VERTEX_POINT('',#373);
#373 = CARTESIAN_POINT('',(49.497474683058,-39.68198002767,
    2.575478009629));
#374 = LINE('',#375,#376);
#375 = CARTESIAN_POINT('',(49.497474683058,-33.04939646554,
    1.389257187932));
#376 = VECTOR('',#377,1.);
#377 = DIRECTION('',(-2.775557561563E-17,-0.984380515765,0.176053969518)
  );
#378 = ORIENTED_EDGE('',*,*,#379,.F.);
#379 = EDGE_CURVE('',#297,#372,#380,.T.);
#380 = ELLIPSE('',#381,5.595708738952,2.5);
#381 = AXIS2_PLACEMENT_3D('',#382,#383,#384);
#382 = CARTESIAN_POINT('',(49.497474683058,-37.44478082466,
    7.658800037844));
#383 = DIRECTION('',(1.,-2.312827066933E-17,1.368370656647E-16));
#384 = DIRECTION('',(1.110223024625E-16,-0.458283580525,-0.888806030482)
  );
#385 = PLANE('',#386);
#386 = AXIS2_PLACEMENT_3D('',#387,#388,#389);
#387 = CARTESIAN_POINT('',(49.497474683058,-54.,1.099064721079E-14));
#388 = DIRECTION('',(1.,0.,2.22044604925E-16));
#389 = DIRECTION('',(-2.22044604925E-16,0.,1.));
#390 = ADVANCED_FACE('',(#391),#416,.F.);
#391 = FACE_BOUND('',#392,.F.);
#392 = EDGE_LOOP('',(#393,#403,#409,#410));
#393 = ORIENTED_EDGE('',*,*,#394,.F.);
#394 = EDGE_CURVE('',#395,#397,#399,.T.);
#395 = VERTEX_POINT('',#396);
#396 = CARTESIAN_POINT('',(10.142135623731,-40.,4.));
#397 = VERTEX_POINT('',#398);
#398 = CARTESIAN_POINT('',(10.142135623731,-38.,4.));
#399 = LINE('',#400,#401);
#400 = CARTESIAN_POINT('',(10.142135623731,-277.,4.));
#401 = VECTOR('',#402,1.);
#402 = DIRECTION('',(0.,1.,0.));
#403 = ORIENTED_EDGE('',*,*,#404,.F.);
#404 = EDGE_CURVE('',#132,#395,#405,.T.);
#405 = LINE('',#406,#407);
#406 = CARTESIAN_POINT('',(-174.655374953,-40.,188.7975105768));
#407 = VECTOR('',#408,1.);
#408 = DIRECTION('',(-0.707106781187,0.,0.707106781187));
#409 = ORIENTED_EDGE('',*,*,#131,.T.);
#410 = ORIENTED_EDGE('',*,*,#411,.F.);
#411 = EDGE_CURVE('',#397,#134,#412,.T.);
#412 = LINE('',#413,#414);
#413 = CARTESIAN_POINT('',(-167.4556274847,-38.,181.5977631085));
#414 = VECTOR('',#415,1.);
#415 = DIRECTION('',(0.707106781187,0.,-0.707106781187));
#416 = PLANE('',#417);
#417 = AXIS2_PLACEMENT_3D('',#418,#419,#420);
#418 = CARTESIAN_POINT('',(-346.4823227814,-500.,360.62445840513));
#419 = DIRECTION('',(0.707106781187,0.,0.707106781187));
#420 = DIRECTION('',(0.707106781187,0.,-0.707106781187));
#421 = ADVANCED_FACE('',(#422),#440,.T.);
#422 = FACE_BOUND('',#423,.T.);
#423 = EDGE_LOOP('',(#424,#432,#433,#434));
#424 = ORIENTED_EDGE('',*,*,#425,.F.);
#425 = EDGE_CURVE('',#207,#426,#428,.T.);
#426 = VERTEX_POINT('',#427);
#427 = CARTESIAN_POINT('',(41.497474683058,-38.,4.));
#428 = LINE('',#429,#430);
#429 = CARTESIAN_POINT('',(41.497474683058,-38.,-1.));
#430 = VECTOR('',#431,1.);
#431 = DIRECTION('',(-2.22044604925E-16,0.,1.));
#432 = ORIENTED_EDGE('',*,*,#214,.T.);
#433 = ORIENTED_EDGE('',*,*,#411,.F.);
#434 = ORIENTED_EDGE('',*,*,#435,.F.);
#435 = EDGE_CURVE('',#426,#397,#436,.T.);
#436 = LINE('',#437,#438);
#437 = CARTESIAN_POINT('',(4.,-38.,4.));
#438 = VECTOR('',#439,1.);
#439 = DIRECTION('',(-1.,0.,-2.22044604925E-16));
#440 = PLANE('',#441);
#441 = AXIS2_PLACEMENT_3D('',#442,#443,#444);
#442 = CARTESIAN_POINT('',(8.,-38.,-1.));
#443 = DIRECTION('',(0.,1.,0.));
#444 = DIRECTION('',(-2.22044604925E-16,0.,1.));
#445 = ADVANCED_FACE('',(#446),#464,.F.);
#446 = FACE_BOUND('',#447,.F.);
#447 = EDGE_LOOP('',(#448,#449,#450,#458));
#448 = ORIENTED_EDGE('',*,*,#425,.F.);
#449 = ORIENTED_EDGE('',*,*,#206,.T.);
#450 = ORIENTED_EDGE('',*,*,#451,.T.);
#451 = EDGE_CURVE('',#199,#452,#454,.T.);
#452 = VERTEX_POINT('',#453);
#453 = CARTESIAN_POINT('',(41.497474683058,38.,4.));
#454 = LINE('',#455,#456);
#455 = CARTESIAN_POINT('',(41.497474683058,38.,-1.));
#456 = VECTOR('',#457,1.);
#457 = DIRECTION('',(-2.22044604925E-16,0.,1.));
#458 = ORIENTED_EDGE('',*,*,#459,.F.);
#459 = EDGE_CURVE('',#426,#452,#460,.T.);
#460 = LINE('',#461,#462);
#461 = CARTESIAN_POINT('',(41.497474683058,-46.,4.));
#462 = VECTOR('',#463,1.);
#463 = DIRECTION('',(0.,1.,0.));
#464 = PLANE('',#465);
#465 = AXIS2_PLACEMENT_3D('',#466,#467,#468);
#466 = CARTESIAN_POINT('',(41.497474683058,-38.,-1.));
#467 = DIRECTION('',(1.,0.,2.22044604925E-16));
#468 = DIRECTION('',(-2.22044604925E-16,0.,1.));
#469 = ADVANCED_FACE('',(#470),#488,.F.);
#470 = FACE_BOUND('',#471,.F.);
#471 = EDGE_LOOP('',(#472,#473,#474,#482));
#472 = ORIENTED_EDGE('',*,*,#451,.F.);
#473 = ORIENTED_EDGE('',*,*,#198,.T.);
#474 = ORIENTED_EDGE('',*,*,#475,.F.);
#475 = EDGE_CURVE('',#476,#191,#478,.T.);
#476 = VERTEX_POINT('',#477);
#477 = CARTESIAN_POINT('',(10.142135623731,38.,4.));
#478 = LINE('',#479,#480);
#479 = CARTESIAN_POINT('',(-167.4556274847,38.,181.5977631085));
#480 = VECTOR('',#481,1.);
#481 = DIRECTION('',(0.707106781187,0.,-0.707106781187));
#482 = ORIENTED_EDGE('',*,*,#483,.F.);
#483 = EDGE_CURVE('',#452,#476,#484,.T.);
#484 = LINE('',#485,#486);
#485 = CARTESIAN_POINT('',(4.,38.,4.));
#486 = VECTOR('',#487,1.);
#487 = DIRECTION('',(-1.,0.,-2.22044604925E-16));
#488 = PLANE('',#489);
#489 = AXIS2_PLACEMENT_3D('',#490,#491,#492);
#490 = CARTESIAN_POINT('',(8.,38.,-1.));
#491 = DIRECTION('',(0.,1.,0.));
#492 = DIRECTION('',(-2.22044604925E-16,0.,1.));
#493 = ADVANCED_FACE('',(#494),#512,.F.);
#494 = FACE_BOUND('',#495,.F.);
#495 = EDGE_LOOP('',(#496,#504,#510,#511));
#496 = ORIENTED_EDGE('',*,*,#497,.T.);
#497 = EDGE_CURVE('',#183,#498,#500,.T.);
#498 = VERTEX_POINT('',#499);
#499 = CARTESIAN_POINT('',(10.142135623731,40.,4.));
#500 = LINE('',#501,#502);
#501 = CARTESIAN_POINT('',(-174.655374953,40.,188.7975105768));
#502 = VECTOR('',#503,1.);
#503 = DIRECTION('',(-0.707106781187,0.,0.707106781187));
#504 = ORIENTED_EDGE('',*,*,#505,.F.);
#505 = EDGE_CURVE('',#476,#498,#506,.T.);
#506 = LINE('',#507,#508);
#507 = CARTESIAN_POINT('',(10.142135623731,-277.,4.));
#508 = VECTOR('',#509,1.);
#509 = DIRECTION('',(0.,1.,0.));
#510 = ORIENTED_EDGE('',*,*,#475,.T.);
#511 = ORIENTED_EDGE('',*,*,#190,.T.);
#512 = PLANE('',#513);
#513 = AXIS2_PLACEMENT_3D('',#514,#515,#516);
#514 = CARTESIAN_POINT('',(-346.4823227814,-500.,360.62445840513));
#515 = DIRECTION('',(0.707106781187,0.,0.707106781187));
#516 = DIRECTION('',(0.707106781187,0.,-0.707106781187));
#517 = ADVANCED_FACE('',(#518),#543,.F.);
#518 = FACE_BOUND('',#519,.F.);
#519 = EDGE_LOOP('',(#520,#528,#536,#542));
#520 = ORIENTED_EDGE('',*,*,#521,.F.);
#521 = EDGE_CURVE('',#522,#132,#524,.T.);
#522 = VERTEX_POINT('',#523);
#523 = CARTESIAN_POINT('',(14.142135623731,-44.,-2.6645352591E-15));
#524 = LINE('',#525,#526);
#525 = CARTESIAN_POINT('',(14.142135623731,-277.,0.));
#526 = VECTOR('',#527,1.);
#527 = DIRECTION('',(0.,1.,0.));
#528 = ORIENTED_EDGE('',*,*,#529,.T.);
#529 = EDGE_CURVE('',#522,#530,#532,.T.);
#530 = VERTEX_POINT('',#531);
#531 = CARTESIAN_POINT('',(19.798989873223,-44.,-3.552713678801E-15));
#532 = LINE('',#533,#534);
#533 = CARTESIAN_POINT('',(0.,-44.,0.));
#534 = VECTOR('',#535,1.);
#535 = DIRECTION('',(1.,0.,-2.22044604925E-16));
#536 = ORIENTED_EDGE('',*,*,#537,.T.);
#537 = EDGE_CURVE('',#530,#142,#538,.T.);
#538 = LINE('',#539,#540);
#539 = CARTESIAN_POINT('',(19.798989873223,-54.,-3.552713678801E-15));
#540 = VECTOR('',#541,1.);
#541 = DIRECTION('',(0.,1.,0.));
#542 = ORIENTED_EDGE('',*,*,#141,.F.);
#543 = PLANE('',#544);
#544 = AXIS2_PLACEMENT_3D('',#545,#546,#547);
#545 = CARTESIAN_POINT('',(0.,-54.,0.));
#546 = DIRECTION('',(-2.22044604925E-16,0.,1.));
#547 = DIRECTION('',(1.,0.,2.22044604925E-16));
#548 = ADVANCED_FACE('',(#549),#602,.F.);
#549 = FACE_BOUND('',#550,.F.);
#550 = EDGE_LOOP('',(#551,#552,#558,#559,#560,#568,#577,#586,#595,#601)
  );
#551 = ORIENTED_EDGE('',*,*,#537,.F.);
#552 = ORIENTED_EDGE('',*,*,#553,.T.);
#553 = EDGE_CURVE('',#530,#313,#554,.T.);
#554 = LINE('',#555,#556);
#555 = CARTESIAN_POINT('',(0.,-44.,0.));
#556 = VECTOR('',#557,1.);
#557 = DIRECTION('',(1.,0.,-2.22044604925E-16));
#558 = ORIENTED_EDGE('',*,*,#320,.T.);
#559 = ORIENTED_EDGE('',*,*,#165,.F.);
#560 = ORIENTED_EDGE('',*,*,#561,.T.);
#561 = EDGE_CURVE('',#158,#562,#564,.T.);
#562 = VERTEX_POINT('',#563);
#563 = CARTESIAN_POINT('',(47.800418408211,-40.3,-2.13162820728E-14));
#564 = LINE('',#565,#566);
#565 = CARTESIAN_POINT('',(47.800418408211,-250.,-1.42108547152E-14));
#566 = VECTOR('',#567,1.);
#567 = DIRECTION('',(0.,-1.,0.));
#568 = ORIENTED_EDGE('',*,*,#569,.F.);
#569 = EDGE_CURVE('',#570,#562,#572,.T.);
#570 = VERTEX_POINT('',#571);
#571 = CARTESIAN_POINT('',(47.658997051973,-41.,-7.105427357601E-15));
#572 = ELLIPSE('',#573,3.535533905933,2.5);
#573 = AXIS2_PLACEMENT_3D('',#574,#575,#576);
#574 = CARTESIAN_POINT('',(44.264884502278,-40.3,-2.13162820728E-14));
#575 = DIRECTION('',(-2.22044604925E-16,0.,1.));
#576 = DIRECTION('',(1.,0.,2.22044604925E-16));
#577 = ORIENTED_EDGE('',*,*,#578,.F.);
#578 = EDGE_CURVE('',#579,#570,#581,.T.);
#579 = VERTEX_POINT('',#580);
#580 = CARTESIAN_POINT('',(45.68817803525,-42.11522834959,
    -2.13162820728E-14));
#581 = CIRCLE('',#582,1.835755975069);
#582 = AXIS2_PLACEMENT_3D('',#583,#584,#585);
#583 = CARTESIAN_POINT('',(45.961940777126,-40.3,-2.48689957516E-14));
#584 = DIRECTION('',(-2.22044604925E-16,0.,1.));
#585 = DIRECTION('',(-1.,0.,-2.22044604925E-16));
#586 = ORIENTED_EDGE('',*,*,#587,.F.);
#587 = EDGE_CURVE('',#588,#579,#590,.T.);
#588 = VERTEX_POINT('',#589);
#589 = CARTESIAN_POINT('',(40.784139331207,-40.3,-3.552713678801E-15));
#590 = ELLIPSE('',#591,15.697859728005,2.5);
#591 = AXIS2_PLACEMENT_3D('',#592,#593,#594);
#592 = CARTESIAN_POINT('',(56.481999059211,-40.3,-1.7763568394E-14));
#593 = DIRECTION('',(-2.22044604925E-16,-1.424374607894E-31,1.));
#594 = DIRECTION('',(1.,2.417838134735E-15,2.22044604925E-16));
#595 = ORIENTED_EDGE('',*,*,#596,.T.);
#596 = EDGE_CURVE('',#588,#150,#597,.T.);
#597 = LINE('',#598,#599);
#598 = CARTESIAN_POINT('',(40.784139331207,-250.,-1.42108547152E-14));
#599 = VECTOR('',#600,1.);
#600 = DIRECTION('',(0.,1.,0.));
#601 = ORIENTED_EDGE('',*,*,#149,.F.);
#602 = PLANE('',#603);
#603 = AXIS2_PLACEMENT_3D('',#604,#605,#606);
#604 = CARTESIAN_POINT('',(0.,-54.,0.));
#605 = DIRECTION('',(-2.22044604925E-16,0.,1.));
#606 = DIRECTION('',(1.,0.,2.22044604925E-16));
#607 = ADVANCED_FACE('',(#608),#616,.F.);
#608 = FACE_BOUND('',#609,.F.);
#609 = EDGE_LOOP('',(#610,#611,#612,#613,#614,#615));
#610 = ORIENTED_EDGE('',*,*,#561,.F.);
#611 = ORIENTED_EDGE('',*,*,#157,.T.);
#612 = ORIENTED_EDGE('',*,*,#596,.F.);
#613 = ORIENTED_EDGE('',*,*,#587,.T.);
#614 = ORIENTED_EDGE('',*,*,#578,.T.);
#615 = ORIENTED_EDGE('',*,*,#569,.T.);
#616 = PLANE('',#617);
#617 = AXIS2_PLACEMENT_3D('',#618,#619,#620);
#618 = CARTESIAN_POINT('',(-500.,-500.,-1.110223024625E-13));
#619 = DIRECTION('',(-2.22044604925E-16,0.,1.));
#620 = DIRECTION('',(1.,0.,2.22044604925E-16));
#621 = ADVANCED_FACE('',(#622),#704,.F.);
#622 = FACE_BOUND('',#623,.F.);
#623 = EDGE_LOOP('',(#624,#634,#642,#650,#658,#666,#672,#673,#674,#682,
    #690,#698));
#624 = ORIENTED_EDGE('',*,*,#625,.F.);
#625 = EDGE_CURVE('',#626,#628,#630,.T.);
#626 = VERTEX_POINT('',#627);
#627 = CARTESIAN_POINT('',(4.,54.,10.142135623731));
#628 = VERTEX_POINT('',#629);
#629 = CARTESIAN_POINT('',(4.,44.,10.142135623731));
#630 = LINE('',#631,#632);
#631 = CARTESIAN_POINT('',(4.,-277.,10.142135623731));
#632 = VECTOR('',#633,1.);
#633 = DIRECTION('',(0.,-1.,0.));
#634 = ORIENTED_EDGE('',*,*,#635,.F.);
#635 = EDGE_CURVE('',#636,#626,#638,.T.);
#636 = VERTEX_POINT('',#637);
#637 = CARTESIAN_POINT('',(2.6645352591E-15,54.,14.142135623731));
#638 = LINE('',#639,#640);
#639 = CARTESIAN_POINT('',(-182.0799961555,54.,196.22213177926));
#640 = VECTOR('',#641,1.);
#641 = DIRECTION('',(0.707106781187,0.,-0.707106781187));
#642 = ORIENTED_EDGE('',*,*,#643,.T.);
#643 = EDGE_CURVE('',#636,#644,#646,.T.);
#644 = VERTEX_POINT('',#645);
#645 = CARTESIAN_POINT('',(-1.7763568394E-15,44.,14.142135623731));
#646 = LINE('',#647,#648);
#647 = CARTESIAN_POINT('',(-1.95399252334E-14,-277.,14.142135623731));
#648 = VECTOR('',#649,1.);
#649 = DIRECTION('',(0.,-1.,0.));
#650 = ORIENTED_EDGE('',*,*,#651,.T.);
#651 = EDGE_CURVE('',#644,#652,#654,.T.);
#652 = VERTEX_POINT('',#653);
#653 = CARTESIAN_POINT('',(0.,40.,14.142135623731));
#654 = LINE('',#655,#656);
#655 = CARTESIAN_POINT('',(-1.95399252334E-14,-277.,14.142135623731));
#656 = VECTOR('',#657,1.);
#657 = DIRECTION('',(0.,-1.,0.));
#658 = ORIENTED_EDGE('',*,*,#659,.F.);
#659 = EDGE_CURVE('',#660,#652,#662,.T.);
#660 = VERTEX_POINT('',#661);
#661 = CARTESIAN_POINT('',(4.,40.,10.142135623731));
#662 = LINE('',#663,#664);
#663 = CARTESIAN_POINT('',(-174.655374953,40.,188.7975105768));
#664 = VECTOR('',#665,1.);
#665 = DIRECTION('',(-0.707106781187,0.,0.707106781187));
#666 = ORIENTED_EDGE('',*,*,#667,.F.);
#667 = EDGE_CURVE('',#498,#660,#668,.T.);
#668 = LINE('',#669,#670);
#669 = CARTESIAN_POINT('',(-169.7056274847,40.,183.8477631085));
#670 = VECTOR('',#671,1.);
#671 = DIRECTION('',(-0.707106781187,0.,0.707106781187));
#672 = ORIENTED_EDGE('',*,*,#497,.F.);
#673 = ORIENTED_EDGE('',*,*,#228,.T.);
#674 = ORIENTED_EDGE('',*,*,#675,.T.);
#675 = EDGE_CURVE('',#229,#676,#678,.T.);
#676 = VERTEX_POINT('',#677);
#677 = CARTESIAN_POINT('',(14.142135623731,54.,-1.7763568394E-14));
#678 = LINE('',#679,#680);
#679 = CARTESIAN_POINT('',(14.142135623731,-277.,0.));
#680 = VECTOR('',#681,1.);
#681 = DIRECTION('',(0.,1.,0.));
#682 = ORIENTED_EDGE('',*,*,#683,.F.);
#683 = EDGE_CURVE('',#684,#676,#686,.T.);
#684 = VERTEX_POINT('',#685);
#685 = CARTESIAN_POINT('',(10.142135623731,54.,4.));
#686 = LINE('',#687,#688);
#687 = CARTESIAN_POINT('',(-169.7056274847,54.,183.8477631085));
#688 = VECTOR('',#689,1.);
#689 = DIRECTION('',(0.707106781187,0.,-0.707106781187));
#690 = ORIENTED_EDGE('',*,*,#691,.F.);
#691 = EDGE_CURVE('',#692,#684,#694,.T.);
#692 = VERTEX_POINT('',#693);
#693 = CARTESIAN_POINT('',(10.142135623731,44.,4.));
#694 = LINE('',#695,#696);
#695 = CARTESIAN_POINT('',(10.142135623731,-277.,4.));
#696 = VECTOR('',#697,1.);
#697 = DIRECTION('',(0.,1.,0.));
#698 = ORIENTED_EDGE('',*,*,#699,.T.);
#699 = EDGE_CURVE('',#692,#628,#700,.T.);
#700 = LINE('',#701,#702);
#701 = CARTESIAN_POINT('',(-169.7056274847,44.,183.8477631085));
#702 = VECTOR('',#703,1.);
#703 = DIRECTION('',(-0.707106781187,0.,0.707106781187));
#704 = PLANE('',#705);
#705 = AXIS2_PLACEMENT_3D('',#706,#707,#708);
#706 = CARTESIAN_POINT('',(-346.4823227814,-500.,360.62445840513));
#707 = DIRECTION('',(0.707106781187,0.,0.707106781187));
#708 = DIRECTION('',(0.707106781187,0.,-0.707106781187));
#709 = ADVANCED_FACE('',(#710),#721,.F.);
#710 = FACE_BOUND('',#711,.F.);
#711 = EDGE_LOOP('',(#712,#713,#714,#715));
#712 = ORIENTED_EDGE('',*,*,#675,.F.);
#713 = ORIENTED_EDGE('',*,*,#238,.T.);
#714 = ORIENTED_EDGE('',*,*,#252,.T.);
#715 = ORIENTED_EDGE('',*,*,#716,.F.);
#716 = EDGE_CURVE('',#676,#253,#717,.T.);
#717 = LINE('',#718,#719);
#718 = CARTESIAN_POINT('',(0.,54.,0.));
#719 = VECTOR('',#720,1.);
#720 = DIRECTION('',(1.,0.,2.22044604925E-16));
#721 = PLANE('',#722);
#722 = AXIS2_PLACEMENT_3D('',#723,#724,#725);
#723 = CARTESIAN_POINT('',(0.,-54.,0.));
#724 = DIRECTION('',(-2.22044604925E-16,0.,1.));
#725 = DIRECTION('',(1.,0.,2.22044604925E-16));
#726 = ADVANCED_FACE('',(#727),#745,.T.);
#727 = FACE_BOUND('',#728,.T.);
#728 = EDGE_LOOP('',(#729,#730,#738,#744));
#729 = ORIENTED_EDGE('',*,*,#269,.F.);
#730 = ORIENTED_EDGE('',*,*,#731,.F.);
#731 = EDGE_CURVE('',#732,#253,#734,.T.);
#732 = VERTEX_POINT('',#733);
#733 = CARTESIAN_POINT('',(15.798989873223,54.,4.));
#734 = LINE('',#735,#736);
#735 = CARTESIAN_POINT('',(0.,54.,19.798989873223));
#736 = VECTOR('',#737,1.);
#737 = DIRECTION('',(0.707106781187,0.,-0.707106781187));
#738 = ORIENTED_EDGE('',*,*,#739,.T.);
#739 = EDGE_CURVE('',#732,#330,#740,.T.);
#740 = LINE('',#741,#742);
#741 = CARTESIAN_POINT('',(-8.881784197001E-16,54.,4.));
#742 = VECTOR('',#743,1.);
#743 = DIRECTION('',(1.,0.,2.22044604925E-16));
#744 = ORIENTED_EDGE('',*,*,#329,.F.);
#745 = PLANE('',#746);
#746 = AXIS2_PLACEMENT_3D('',#747,#748,#749);
#747 = CARTESIAN_POINT('',(0.,54.,0.));
#748 = DIRECTION('',(0.,1.,0.));
#749 = DIRECTION('',(-2.22044604925E-16,0.,1.));
#750 = ADVANCED_FACE('',(#751),#770,.F.);
#751 = FACE_BOUND('',#752,.F.);
#752 = EDGE_LOOP('',(#753,#761,#768,#769));
#753 = ORIENTED_EDGE('',*,*,#754,.T.);
#754 = EDGE_CURVE('',#278,#755,#757,.T.);
#755 = VERTEX_POINT('',#756);
#756 = CARTESIAN_POINT('',(34.473358543988,49.,1.9));
#757 = LINE('',#758,#759);
#758 = CARTESIAN_POINT('',(34.473358543988,49.,-1.));
#759 = VECTOR('',#760,1.);
#760 = DIRECTION('',(-2.22044604925E-16,0.,1.));
#761 = ORIENTED_EDGE('',*,*,#762,.F.);
#762 = EDGE_CURVE('',#755,#755,#763,.T.);
#763 = CIRCLE('',#764,2.3);
#764 = AXIS2_PLACEMENT_3D('',#765,#766,#767);
#765 = CARTESIAN_POINT('',(32.173358543988,49.,1.9));
#766 = DIRECTION('',(-2.22044604925E-16,0.,1.));
#767 = DIRECTION('',(1.,0.,2.22044604925E-16));
#768 = ORIENTED_EDGE('',*,*,#754,.F.);
#769 = ORIENTED_EDGE('',*,*,#277,.T.);
#770 = CYLINDRICAL_SURFACE('',#771,2.3);
#771 = AXIS2_PLACEMENT_3D('',#772,#773,#774);
#772 = CARTESIAN_POINT('',(32.173358543988,49.,-1.));
#773 = DIRECTION('',(-2.22044604925E-16,0.,1.));
#774 = DIRECTION('',(1.,0.,2.22044604925E-16));
#775 = ADVANCED_FACE('',(#776,#835),#846,.T.);
#776 = FACE_BOUND('',#777,.T.);
#777 = EDGE_LOOP('',(#778,#788,#796,#802,#803,#812,#820,#829));
#778 = ORIENTED_EDGE('',*,*,#779,.F.);
#779 = EDGE_CURVE('',#780,#782,#784,.T.);
#780 = VERTEX_POINT('',#781);
#781 = CARTESIAN_POINT('',(15.798989873223,-44.,4.));
#782 = VERTEX_POINT('',#783);
#783 = CARTESIAN_POINT('',(45.497474683058,-44.,4.));
#784 = LINE('',#785,#786);
#785 = CARTESIAN_POINT('',(8.75,-44.,4.));
#786 = VECTOR('',#787,1.);
#787 = DIRECTION('',(1.,0.,2.22044604925E-16));
#788 = ORIENTED_EDGE('',*,*,#789,.F.);
#789 = EDGE_CURVE('',#790,#780,#792,.T.);
#790 = VERTEX_POINT('',#791);
#791 = CARTESIAN_POINT('',(15.798989873223,-54.,4.));
#792 = LINE('',#793,#794);
#793 = CARTESIAN_POINT('',(15.798989873223,-54.,4.));
#794 = VECTOR('',#795,1.);
#795 = DIRECTION('',(0.,1.,0.));
#796 = ORIENTED_EDGE('',*,*,#797,.T.);
#797 = EDGE_CURVE('',#790,#295,#798,.T.);
#798 = LINE('',#799,#800);
#799 = CARTESIAN_POINT('',(-8.881784197001E-16,-54.,4.));
#800 = VECTOR('',#801,1.);
#801 = DIRECTION('',(1.,0.,2.22044604925E-16));
#802 = ORIENTED_EDGE('',*,*,#294,.T.);
#803 = ORIENTED_EDGE('',*,*,#804,.F.);
#804 = EDGE_CURVE('',#805,#297,#807,.T.);
#805 = VERTEX_POINT('',#806);
#806 = CARTESIAN_POINT('',(47.769413624425,-41.98219504464,4.));
#807 = ELLIPSE('',#808,3.143986213682,2.5);
#808 = AXIS2_PLACEMENT_3D('',#809,#810,#811);
#809 = CARTESIAN_POINT('',(47.441753519888,-39.3313206593,4.));
#810 = DIRECTION('',(-1.568648648903E-16,6.731823757307E-18,1.));
#811 = DIRECTION('',(-0.736773986032,-0.676139108103,-1.110223024625E-16
    ));
#812 = ORIENTED_EDGE('',*,*,#813,.T.);
#813 = EDGE_CURVE('',#805,#814,#816,.T.);
#814 = VERTEX_POINT('',#815);
#815 = CARTESIAN_POINT('',(46.003200569841,-42.56527649044,4.));
#816 = LINE('',#817,#818);
#817 = CARTESIAN_POINT('',(18.153389894303,-51.75935861532,4.));
#818 = VECTOR('',#819,1.);
#819 = DIRECTION('',(-0.949591660839,-0.313489517633,-1.665334536938E-16
    ));
#820 = ORIENTED_EDGE('',*,*,#821,.F.);
#821 = EDGE_CURVE('',#822,#814,#824,.T.);
#822 = VERTEX_POINT('',#823);
#823 = CARTESIAN_POINT('',(45.497474683058,-42.7,4.));
#824 = ELLIPSE('',#825,3.535533905933,2.5);
#825 = AXIS2_PLACEMENT_3D('',#826,#827,#828);
#826 = CARTESIAN_POINT('',(44.507525189397,-40.3,4.));
#827 = DIRECTION('',(-2.22044604925E-16,0.,1.));
#828 = DIRECTION('',(1.,0.,2.22044604925E-16));
#829 = ORIENTED_EDGE('',*,*,#830,.F.);
#830 = EDGE_CURVE('',#782,#822,#831,.T.);
#831 = LINE('',#832,#833);
#832 = CARTESIAN_POINT('',(45.497474683058,-49.,4.));
#833 = VECTOR('',#834,1.);
#834 = DIRECTION('',(0.,1.,0.));
#835 = FACE_BOUND('',#836,.T.);
#836 = EDGE_LOOP('',(#837));
#837 = ORIENTED_EDGE('',*,*,#838,.F.);
#838 = EDGE_CURVE('',#839,#839,#841,.T.);
#839 = VERTEX_POINT('',#840);
#840 = CARTESIAN_POINT('',(36.573358543988,-49.,4.));
#841 = CIRCLE('',#842,4.4);
#842 = AXIS2_PLACEMENT_3D('',#843,#844,#845);
#843 = CARTESIAN_POINT('',(32.173358543988,-49.,4.));
#844 = DIRECTION('',(-2.22044604925E-16,0.,1.));
#845 = DIRECTION('',(1.,0.,2.22044604925E-16));
#846 = PLANE('',#847);
#847 = AXIS2_PLACEMENT_3D('',#848,#849,#850);
#848 = CARTESIAN_POINT('',(-8.881784197001E-16,-54.,4.));
#849 = DIRECTION('',(-2.22044604925E-16,0.,1.));
#850 = DIRECTION('',(1.,0.,2.22044604925E-16));
#851 = ADVANCED_FACE('',(#852),#879,.T.);
#852 = FACE_BOUND('',#853,.T.);
#853 = EDGE_LOOP('',(#854,#862,#871,#877,#878));
#854 = ORIENTED_EDGE('',*,*,#855,.F.);
#855 = EDGE_CURVE('',#856,#372,#858,.T.);
#856 = VERTEX_POINT('',#857);
#857 = CARTESIAN_POINT('',(58.843424447533,-31.10518136496,
    19.209524476908));
#858 = LINE('',#859,#860);
#859 = CARTESIAN_POINT('',(60.140757540471,-29.91461593105,
    21.518535277876));
#860 = VECTOR('',#861,1.);
#861 = DIRECTION('',(-0.446770930481,-0.41000266593,-0.795168881187));
#862 = ORIENTED_EDGE('',*,*,#863,.F.);
#863 = EDGE_CURVE('',#864,#856,#866,.T.);
#864 = VERTEX_POINT('',#865);
#865 = CARTESIAN_POINT('',(56.881776229079,-33.61975983246,
    20.218304914144));
#866 = ELLIPSE('',#867,3.368617727172,2.5);
#867 = AXIS2_PLACEMENT_3D('',#868,#869,#870);
#868 = CARTESIAN_POINT('',(57.101871757755,-30.46620889729,
    21.193207720728));
#869 = DIRECTION('',(0.683012701892,-0.258819045103,0.683012701892));
#870 = DIRECTION('',(8.970359515122E-02,-0.898310244807,-0.430106927509)
  );
#871 = ORIENTED_EDGE('',*,*,#872,.T.);
#872 = EDGE_CURVE('',#864,#805,#873,.T.);
#873 = LINE('',#874,#875);
#874 = CARTESIAN_POINT('',(58.672898632328,-31.976042862,23.406168537965
    ));
#875 = VECTOR('',#876,1.);
#876 = DIRECTION('',(-0.446770930481,-0.41000266593,-0.795168881187));
#877 = ORIENTED_EDGE('',*,*,#804,.T.);
#878 = ORIENTED_EDGE('',*,*,#379,.T.);
#879 = CYLINDRICAL_SURFACE('',#880,2.5);
#880 = AXIS2_PLACEMENT_3D('',#881,#882,#883);
#881 = CARTESIAN_POINT('',(57.925060942106,-29.71076637155,
    22.658330847743));
#882 = DIRECTION('',(-0.446770930481,-0.41000266593,-0.795168881187));
#883 = DIRECTION('',(-0.122089758443,0.908432204991,-0.399806227838));
#884 = ADVANCED_FACE('',(#885),#984,.T.);
#885 = FACE_BOUND('',#886,.T.);
#886 = EDGE_LOOP('',(#887,#897,#903,#904,#905,#913,#968,#977));
#887 = ORIENTED_EDGE('',*,*,#888,.T.);
#888 = EDGE_CURVE('',#889,#891,#893,.T.);
#889 = VERTEX_POINT('',#890);
#890 = CARTESIAN_POINT('',(60.243193174879,-23.71731838826,
    20.609293204254));
#891 = VERTEX_POINT('',#892);
#892 = CARTESIAN_POINT('',(60.200202488083,-23.94421965924,
    20.566302517458));
#893 = LINE('',#894,#895);
#894 = CARTESIAN_POINT('',(17.961898680205,-246.8744757826,
    -21.67200129042));
#895 = VECTOR('',#896,1.);
#896 = DIRECTION('',(-0.183012701892,-0.965925826289,-0.183012701892));
#897 = ORIENTED_EDGE('',*,*,#898,.T.);
#898 = EDGE_CURVE('',#891,#856,#899,.T.);
#899 = LINE('',#900,#901);
#900 = CARTESIAN_POINT('',(17.961898680205,-246.8744757826,
    -21.67200129042));
#901 = VECTOR('',#902,1.);
#902 = DIRECTION('',(-0.183012701892,-0.965925826289,-0.183012701892));
#903 = ORIENTED_EDGE('',*,*,#855,.T.);
#904 = ORIENTED_EDGE('',*,*,#371,.F.);
#905 = ORIENTED_EDGE('',*,*,#906,.T.);
#906 = EDGE_CURVE('',#363,#907,#909,.T.);
#907 = VERTEX_POINT('',#908);
#908 = CARTESIAN_POINT('',(54.640349234352,-22.18197486003,
    9.443096652371));
#909 = LINE('',#910,#911);
#910 = CARTESIAN_POINT('',(48.601901444202,-40.50384955949,
    0.981524773693));
#911 = VECTOR('',#912,1.);
#912 = DIRECTION('',(0.28665207113,0.869760493441,0.401680562345));
#913 = ORIENTED_EDGE('',*,*,#914,.T.);
#914 = EDGE_CURVE('',#907,#915,#917,.T.);
#915 = VERTEX_POINT('',#916);
#916 = CARTESIAN_POINT('',(56.962756383717,-24.49463567966,
    14.371335240688));
#917 = B_SPLINE_CURVE_WITH_KNOTS('',7,(#918,#919,#920,#921,#922,#923,
    #924,#925,#926,#927,#928,#929,#930,#931,#932,#933,#934,#935,#936,
    #937,#938,#939,#940,#941,#942,#943,#944,#945,#946,#947,#948,#949,
    #950,#951,#952,#953,#954,#955,#956,#957,#958,#959,#960,#961,#962,
    #963,#964,#965,#966,#967),.UNSPECIFIED.,.F.,.F.,(8,6,6,6,6,6,6,6,8),
  (0.,0.326664453126,0.464589291335,0.587019545023,0.656049505044,
    0.700478983697,0.800036716506,0.936578449986,1.),.UNSPECIFIED.);
#918 = CARTESIAN_POINT('',(54.664740530323,-16.42562478294,
    8.461003244048));
#919 = CARTESIAN_POINT('',(54.559096202744,-16.98320676143,
    8.355358916469));
#920 = CARTESIAN_POINT('',(54.474288289412,-17.55256901428,
    8.292326244167));
#921 = CARTESIAN_POINT('',(54.411127137733,-18.12926723711,
    8.272685642966));
#922 = CARTESIAN_POINT('',(54.37062189997,-18.70837204857,8.297517239034
    ));
#923 = CARTESIAN_POINT('',(54.353787804634,-19.28443767814,
    8.367820615511));
#924 = CARTESIAN_POINT('',(54.361584174574,-19.85150972027,
    8.484395710078));
#925 = CARTESIAN_POINT('',(54.409015982011,-20.63598124877,8.71690114958
    ));
#926 = CARTESIAN_POINT('',(54.427649613902,-20.86605465229,
    8.794271898412));
#927 = CARTESIAN_POINT('',(54.450899147742,-21.09279114824,
    8.880018895896));
#928 = CARTESIAN_POINT('',(54.478821780959,-21.3156294796,8.974152951125
    ));
#929 = CARTESIAN_POINT('',(54.511463340857,-21.53397220847,
    9.076656299462));
#930 = CARTESIAN_POINT('',(54.548853293954,-21.74719028431,
    9.187473718013));
#931 = CARTESIAN_POINT('',(54.628411450174,-22.1387612679,9.412161649248
    ));
#932 = CARTESIAN_POINT('',(54.6695708035,-22.3183388902,9.524290053441)
  );
#933 = CARTESIAN_POINT('',(54.714481664893,-22.49289615099,9.64281329314
    ));
#934 = CARTESIAN_POINT('',(54.763133614057,-22.66194981,9.767624685594)
  );
#935 = CARTESIAN_POINT('',(54.815497534351,-22.8250048673,9.898579100248
    ));
#936 = CARTESIAN_POINT('',(54.871521186327,-22.98156171572,
    10.035485633157));
#937 = CARTESIAN_POINT('',(54.964731129789,-23.21545073208,
    10.258510826746));
#938 = CARTESIAN_POINT('',(54.999475605618,-23.29755456116,10.3407361387
    ));
#939 = CARTESIAN_POINT('',(55.035343726938,-23.37734556838,
    10.424732110084));
#940 = CARTESIAN_POINT('',(55.072318436749,-23.45473565904,
    10.510449827566));
#941 = CARTESIAN_POINT('',(55.110379844835,-23.52963845142,
    10.597835176563));
#942 = CARTESIAN_POINT('',(55.149504969737,-23.60196987223,
    10.686828446152));
#943 = CARTESIAN_POINT('',(55.215517117946,-23.7164958925,
    10.835634929967));
#944 = CARTESIAN_POINT('',(55.241796547201,-23.76024434999,
    10.894544920118));
#945 = CARTESIAN_POINT('',(55.268498786483,-23.80287243553,
    10.95407645279));
#946 = CARTESIAN_POINT('',(55.29561632822,-23.84435920592,
    11.014211188055));
#947 = CARTESIAN_POINT('',(55.323141139268,-23.88468446375,
    11.074929897694));
#948 = CARTESIAN_POINT('',(55.351064660914,-23.92382875747,
    11.136212465202));
#949 = CARTESIAN_POINT('',(55.4428220109,-24.04679982859,11.336576506752
    ));
#950 = CARTESIAN_POINT('',(55.508224443791,-24.12580503296,
    11.47784493106));
#951 = CARTESIAN_POINT('',(55.575480143428,-24.19857586068,
    11.621600996109));
#952 = CARTESIAN_POINT('',(55.644474133092,-24.26492681008,11.7675880173
    ));
#953 = CARTESIAN_POINT('',(55.71508102575,-24.32470200075,
    11.915534370688));
#954 = CARTESIAN_POINT('',(55.787164626356,-24.37777716277,
    12.065153075627));
#955 = CARTESIAN_POINT('',(55.961262085763,-24.48753997832,
    12.423219259581));
#956 = CARTESIAN_POINT('',(56.064458692419,-24.53825285926,
    12.632897358961));
#957 = CARTESIAN_POINT('',(56.169780729523,-24.57595804136,
    12.844380777987));
#958 = CARTESIAN_POINT('',(56.276834463009,-24.60056253732,
    13.056887489887));
#959 = CARTESIAN_POINT('',(56.385222489068,-24.61209884108,
    13.269650776124));
#960 = CARTESIAN_POINT('',(56.494545657872,-24.61071283889,
    13.481920803928));
#961 = CARTESIAN_POINT('',(56.655430762549,-24.590137636,13.790992309756
    ));
#962 = CARTESIAN_POINT('',(56.706575838283,-24.58087946608,
    13.888759575581));
#963 = CARTESIAN_POINT('',(56.757800142235,-24.56891416865,
    13.986196693559));
#964 = CARTESIAN_POINT('',(56.809066188856,-24.55427156494,
    14.083236127397));
#965 = CARTESIAN_POINT('',(56.860337584983,-24.53698551148,
    14.179813186055));
#966 = CARTESIAN_POINT('',(56.91157904156,-24.51709340229,
    14.275865957476));
#967 = CARTESIAN_POINT('',(56.962756385343,-24.49463567108,
    14.371335242315));
#968 = ORIENTED_EDGE('',*,*,#969,.T.);
#969 = EDGE_CURVE('',#915,#970,#972,.T.);
#970 = VERTEX_POINT('',#971);
#971 = CARTESIAN_POINT('',(58.114929812191,-23.1382902162,
    16.368514718421));
#972 = HYPERBOLA('',#973,2.856071792181,2.556929963815);
#973 = AXIS2_PLACEMENT_3D('',#974,#975,#976);
#974 = CARTESIAN_POINT('',(61.341828545885,-20.28063420292,
    22.130334470699));
#975 = DIRECTION('',(0.886278639346,-8.153982379808E-02,-0.455918227947)
  );
#976 = DIRECTION('',(-0.425460367585,0.245639075155,-0.871002250498));
#977 = ORIENTED_EDGE('',*,*,#978,.F.);
#978 = EDGE_CURVE('',#889,#970,#979,.T.);
#979 = ELLIPSE('',#980,14.283642626522,4.5);
#980 = AXIS2_PLACEMENT_3D('',#981,#982,#983);
#981 = CARTESIAN_POINT('',(57.681197860578,-18.167173104,14.636293173163
    ));
#982 = DIRECTION('',(0.886278639346,-8.153982379808E-02,-0.455918227947)
  );
#983 = DIRECTION('',(0.425460367585,-0.245639075155,0.871002250498));
#984 = PLANE('',#985);
#985 = AXIS2_PLACEMENT_3D('',#986,#987,#988);
#986 = CARTESIAN_POINT('',(61.052428187781,-9.096136382768,
    19.567437737232));
#987 = DIRECTION('',(0.886278639346,-8.153982379808E-02,-0.455918227947)
  );
#988 = DIRECTION('',(0.457441469433,0.,0.889239732605));
#989 = ADVANCED_FACE('',(#990),#1011,.T.);
#990 = FACE_BOUND('',#991,.T.);
#991 = EDGE_LOOP('',(#992,#993,#994,#1002));
#992 = ORIENTED_EDGE('',*,*,#906,.F.);
#993 = ORIENTED_EDGE('',*,*,#362,.T.);
#994 = ORIENTED_EDGE('',*,*,#995,.T.);
#995 = EDGE_CURVE('',#355,#996,#998,.T.);
#996 = VERTEX_POINT('',#997);
#997 = CARTESIAN_POINT('',(54.517086292723,-21.80374692599,
    9.211210824199));
#998 = LINE('',#999,#1000);
#999 = CARTESIAN_POINT('',(48.421167598111,-40.3,0.669105966528));
#1000 = VECTOR('',#1001,1.);
#1001 = DIRECTION('',(0.28665207113,0.869760493441,0.401680562345));
#1002 = ORIENTED_EDGE('',*,*,#1003,.F.);
#1003 = EDGE_CURVE('',#907,#996,#1004,.T.);
#1004 = B_SPLINE_CURVE_WITH_KNOTS('',5,(#1005,#1006,#1007,#1008,#1009,
    #1010),.UNSPECIFIED.,.F.,.F.,(6,6),(0.,1.),
  .PIECEWISE_BEZIER_KNOTS.);
#1005 = CARTESIAN_POINT('',(54.640349234353,-22.18197486003,
    9.443096652371));
#1006 = CARTESIAN_POINT('',(54.62274102973,-22.1058947745,9.395260590845
    ));
#1007 = CARTESIAN_POINT('',(54.601784960606,-22.02982992423,
    9.34819004936));
#1008 = CARTESIAN_POINT('',(54.577333953103,-21.95394932353,
    9.301846696937));
#1009 = CARTESIAN_POINT('',(54.549192178549,-21.87848504771,
    9.25620024368));
#1010 = CARTESIAN_POINT('',(54.517086292724,-21.80374692599,
    9.211210824199));
#1011 = CYLINDRICAL_SURFACE('',#1012,2.5);
#1012 = AXIS2_PLACEMENT_3D('',#1013,#1014,#1015);
#1013 = CARTESIAN_POINT('',(46.386204845838,-40.3,2.12132034356));
#1014 = DIRECTION('',(0.28665207113,0.869760493441,0.401680562345));
#1015 = DIRECTION('',(0.363786700631,-0.486690806553,0.794223706055));
#1016 = ADVANCED_FACE('',(#1017,#1411,#1445),#1479,.T.);
#1017 = FACE_BOUND('',#1018,.T.);
#1018 = EDGE_LOOP('',(#1019,#1020,#1028,#1036,#1044,#1053,#1062,#1114,
    #1122,#1130,#1138,#1146,#1203,#1211,#1219,#1227,#1235,#1292,#1301,
    #1310,#1318,#1365,#1410));
#1019 = ORIENTED_EDGE('',*,*,#354,.F.);
#1020 = ORIENTED_EDGE('',*,*,#1021,.T.);
#1021 = EDGE_CURVE('',#346,#1022,#1024,.T.);
#1022 = VERTEX_POINT('',#1023);
#1023 = CARTESIAN_POINT('',(69.939145341416,28.820472515325,
    30.821873976841));
#1024 = LINE('',#1025,#1026);
#1025 = CARTESIAN_POINT('',(48.421167598111,40.3,0.669105966528));
#1026 = VECTOR('',#1027,1.);
#1027 = DIRECTION('',(0.554853899201,-0.296006467794,0.777507119945));
#1028 = ORIENTED_EDGE('',*,*,#1029,.T.);
#1029 = EDGE_CURVE('',#1022,#1030,#1032,.T.);
#1030 = VERTEX_POINT('',#1031);
#1031 = CARTESIAN_POINT('',(69.2287178894,24.318575454569,
    29.826364342788));
#1032 = LINE('',#1033,#1034);
#1033 = CARTESIAN_POINT('',(29.026003877037,-230.4413997307,
    -26.50899967054));
#1034 = VECTOR('',#1035,1.);
#1035 = DIRECTION('',(-0.152286747966,-0.965023608131,-0.213396771632));
#1036 = ORIENTED_EDGE('',*,*,#1037,.T.);
#1037 = EDGE_CURVE('',#1030,#1038,#1040,.T.);
#1038 = VERTEX_POINT('',#1039);
#1039 = CARTESIAN_POINT('',(69.192992902536,24.092190321364,
    29.776303539959));
#1040 = LINE('',#1041,#1042);
#1041 = CARTESIAN_POINT('',(29.026003877037,-230.4413997307,
    -26.50899967054));
#1042 = VECTOR('',#1043,1.);
#1043 = DIRECTION('',(-0.152286747966,-0.965023608131,-0.213396771632));
#1044 = ORIENTED_EDGE('',*,*,#1045,.F.);
#1045 = EDGE_CURVE('',#1046,#1038,#1048,.T.);
#1046 = VERTEX_POINT('',#1047);
#1047 = CARTESIAN_POINT('',(66.694361794383,25.645317217138,
    26.275015219734));
#1048 = ELLIPSE('',#1049,28.264588748892,4.5);
#1049 = AXIS2_PLACEMENT_3D('',#1050,#1051,#1052);
#1050 = CARTESIAN_POINT('',(60.151446530983,24.378356909254,
    17.106541843568));
#1051 = DIRECTION('',(0.81398510091,2.775557561563E-17,-0.580885750813)
  );
#1052 = DIRECTION('',(0.560568463161,-0.262162994622,0.785514839045));
#1053 = ORIENTED_EDGE('',*,*,#1054,.T.);
#1054 = EDGE_CURVE('',#1046,#1055,#1057,.T.);
#1055 = VERTEX_POINT('',#1056);
#1056 = CARTESIAN_POINT('',(65.972270854032,28.02417592145,
    25.263161742308));
#1057 = HYPERBOLA('',#1058,2.499440567508,2.435261354708);
#1058 = AXIS2_PLACEMENT_3D('',#1059,#1060,#1061);
#1059 = CARTESIAN_POINT('',(68.839579801304,20.315147532521,
    29.281071907117));
#1060 = DIRECTION('',(0.81398510091,1.387778780781E-17,-0.580885750813)
  );
#1061 = DIRECTION('',(-0.560568463161,0.262162994622,-0.785514839045));
#1062 = ORIENTED_EDGE('',*,*,#1063,.T.);
#1063 = EDGE_CURVE('',#1055,#1064,#1066,.T.);
#1064 = VERTEX_POINT('',#1065);
#1065 = CARTESIAN_POINT('',(58.854857073528,25.982072970214,
    15.289653588258));
#1066 = B_SPLINE_CURVE_WITH_KNOTS('',6,(#1067,#1068,#1069,#1070,#1071,
    #1072,#1073,#1074,#1075,#1076,#1077,#1078,#1079,#1080,#1081,#1082,
    #1083,#1084,#1085,#1086,#1087,#1088,#1089,#1090,#1091,#1092,#1093,
    #1094,#1095,#1096,#1097,#1098,#1099,#1100,#1101,#1102,#1103,#1104,
    #1105,#1106,#1107,#1108,#1109,#1110,#1111,#1112,#1113),
  .UNSPECIFIED.,.F.,.F.,(7,5,5,5,5,5,5,5,5,7),(0.,0.200303132009,
    0.300064540672,0.362588289151,0.404258682284,0.502072514242,
    0.635469316451,0.696274626141,0.794084336006,1.),.UNSPECIFIED.);
#1067 = CARTESIAN_POINT('',(65.972270853823,28.024175920123,
    25.263161742015));
#1068 = CARTESIAN_POINT('',(65.779123110717,28.449332898127,
    24.992507168473));
#1069 = CARTESIAN_POINT('',(65.564971030261,28.846648708991,
    24.692419582272));
#1070 = CARTESIAN_POINT('',(65.33124066499,29.211800051997,
    24.364897286029));
#1071 = CARTESIAN_POINT('',(65.079709243889,29.540663683857,
    24.012430679816));
#1072 = CARTESIAN_POINT('',(64.812527639582,29.829367765959,
    23.638033744035));
#1073 = CARTESIAN_POINT('',(64.392799587594,30.196721434301,
    23.049876123929));
#1074 = CARTESIAN_POINT('',(64.250026916557,30.308069880422,
    22.849811262846));
#1075 = CARTESIAN_POINT('',(64.1043542218,30.408223866542,
    22.645682648956));
#1076 = CARTESIAN_POINT('',(63.956131226463,30.496813249844,
    22.437980343214));
#1077 = CARTESIAN_POINT('',(63.805731733053,30.573515993559,
    22.227228148572));
#1078 = CARTESIAN_POINT('',(63.558181025224,30.678522094233,
    21.880339646641));
#1079 = CARTESIAN_POINT('',(63.462108259755,30.714204943754,
    21.745714551111));
#1080 = CARTESIAN_POINT('',(63.365434860497,30.745049173063,
    21.610247797899));
#1081 = CARTESIAN_POINT('',(63.268261509119,30.770999160214,
    21.474080470474));
#1082 = CARTESIAN_POINT('',(63.170691521169,30.792009336187,
    21.337357343119));
#1083 = CARTESIAN_POINT('',(63.007609343807,30.818730979347,
    21.108833124009));
#1084 = CARTESIAN_POINT('',(62.942258624759,30.827207899288,
    21.017258297868));
#1085 = CARTESIAN_POINT('',(62.876810015971,30.833464525869,
    20.925546300535));
#1086 = CARTESIAN_POINT('',(62.811295148362,30.837492678255,
    20.833741455871));
#1087 = CARTESIAN_POINT('',(62.745745956741,30.839286413616,
    20.741888513564));
#1088 = CARTESIAN_POINT('',(62.526324723086,30.83779890892,
    20.434417354616));
#1089 = CARTESIAN_POINT('',(62.372440751029,30.824423825025,
    20.218782420641));
#1090 = CARTESIAN_POINT('',(62.218963966763,30.798669526184,
    20.003718071838));
#1091 = CARTESIAN_POINT('',(62.066314190599,30.760559274451,
    19.789812595105));
#1092 = CARTESIAN_POINT('',(61.914909418653,30.710188939685,
    19.577651721133));
#1093 = CARTESIAN_POINT('',(61.560947068938,30.562547448012,
    19.081650435944));
#1094 = CARTESIAN_POINT('',(61.359803699208,30.454874998207,
    18.799791729859));
#1095 = CARTESIAN_POINT('',(61.162800198283,30.325144973365,
    18.523734149938));
#1096 = CARTESIAN_POINT('',(60.970928276915,30.174036972855,
    18.254867363212));
#1097 = CARTESIAN_POINT('',(60.785116208827,30.002430166352,
    17.994492143505));
#1098 = CARTESIAN_POINT('',(60.524680538499,29.724354362783,
    17.629548167695));
#1099 = CARTESIAN_POINT('',(60.444572888101,29.633254146148,
    17.517294710279));
#1100 = CARTESIAN_POINT('',(60.365980620735,29.53822212855,
    17.407164732751));
#1101 = CARTESIAN_POINT('',(60.28897921894,29.439366602506,
    17.299264007484));
#1102 = CARTESIAN_POINT('',(60.21363986554,29.33680217136,
    17.193692281729));
#1103 = CARTESIAN_POINT('',(60.021621790666,29.059895950675,
    16.924620692637));
#1104 = CARTESIAN_POINT('',(59.907686750863,28.879856228613,
    16.764965502711));
#1105 = CARTESIAN_POINT('',(59.798503771736,28.691033774152,
    16.611969292771));
#1106 = CARTESIAN_POINT('',(59.694318792641,28.493961198021,
    16.46597669336));
#1107 = CARTESIAN_POINT('',(59.59534726818,28.2891951021,16.327289617264
    ));
#1108 = CARTESIAN_POINT('',(59.304787092358,27.631237070673,
    15.920132695777));
#1109 = CARTESIAN_POINT('',(59.131730464283,27.153598872525,
    15.677631452341));
#1110 = CARTESIAN_POINT('',(58.984362714082,26.649769689907,
    15.471127586735));
#1111 = CARTESIAN_POINT('',(58.86379797563,26.125280043926,
    15.302182315384));
#1112 = CARTESIAN_POINT('',(58.770719440014,25.585627094572,
    15.171752982077));
#1113 = CARTESIAN_POINT('',(58.705407547997,25.036258189272,
    15.080232563579));
#1114 = ORIENTED_EDGE('',*,*,#1115,.T.);
#1115 = EDGE_CURVE('',#1064,#1116,#1118,.T.);
#1116 = VERTEX_POINT('',#1117);
#1117 = CARTESIAN_POINT('',(56.362345547352,27.311791539959,
    11.796940528331));
#1118 = LINE('',#1119,#1120);
#1119 = CARTESIAN_POINT('',(55.956109848944,27.528512363857,
    11.227689508661));
#1120 = VECTOR('',#1121,1.);
#1121 = DIRECTION('',(-0.554853899201,0.296006467794,-0.777507119945));
#1122 = ORIENTED_EDGE('',*,*,#1123,.F.);
#1123 = EDGE_CURVE('',#1124,#1116,#1126,.T.);
#1124 = VERTEX_POINT('',#1125);
#1125 = CARTESIAN_POINT('',(52.925094920038,27.311791539959,
    6.980380998663));
#1126 = LINE('',#1127,#1128);
#1127 = CARTESIAN_POINT('',(59.767708705337,27.311791539959,
    16.568816701758));
#1128 = VECTOR('',#1129,1.);
#1129 = DIRECTION('',(0.580885750813,0.,0.81398510091));
#1130 = ORIENTED_EDGE('',*,*,#1131,.T.);
#1131 = EDGE_CURVE('',#1124,#1132,#1134,.T.);
#1132 = VERTEX_POINT('',#1133);
#1133 = CARTESIAN_POINT('',(52.925094920038,21.311791539959,
    6.980380998663));
#1134 = LINE('',#1135,#1136);
#1135 = CARTESIAN_POINT('',(52.925094920038,-2.561270664798,
    6.980380998663));
#1136 = VECTOR('',#1137,1.);
#1137 = DIRECTION('',(0.,-1.,0.));
#1138 = ORIENTED_EDGE('',*,*,#1139,.T.);
#1139 = EDGE_CURVE('',#1132,#1140,#1142,.T.);
#1140 = VERTEX_POINT('',#1141);
#1141 = CARTESIAN_POINT('',(58.788074342401,21.311791539751,
    15.196072106527));
#1142 = LINE('',#1143,#1144);
#1143 = CARTESIAN_POINT('',(59.767708705337,21.311791539959,
    16.568816701758));
#1144 = VECTOR('',#1145,1.);
#1145 = DIRECTION('',(0.580885750813,0.,0.81398510091));
#1146 = ORIENTED_EDGE('',*,*,#1147,.T.);
#1147 = EDGE_CURVE('',#1140,#1148,#1150,.T.);
#1148 = VERTEX_POINT('',#1149);
#1149 = CARTESIAN_POINT('',(59.730466569588,18.311791540348,
    16.516629936512));
#1150 = B_SPLINE_CURVE_WITH_KNOTS('',6,(#1151,#1152,#1153,#1154,#1155,
    #1156,#1157,#1158,#1159,#1160,#1161,#1162,#1163,#1164,#1165,#1166,
    #1167,#1168,#1169,#1170,#1171,#1172,#1173,#1174,#1175,#1176,#1177,
    #1178,#1179,#1180,#1181,#1182,#1183,#1184,#1185,#1186,#1187,#1188,
    #1189,#1190,#1191,#1192,#1193,#1194,#1195,#1196,#1197,#1198,#1199,
    #1200,#1201,#1202),.UNSPECIFIED.,.F.,.F.,(7,5,5,5,5,5,5,5,5,5,7),(0.
    ,6.796795108978E-02,0.214326893518,0.33801643212,0.390342977668,
    0.46845849323,0.58941158767,0.705567946239,0.77496328106,
    0.924686350652,1.),.UNSPECIFIED.);
#1151 = CARTESIAN_POINT('',(58.705407547997,25.036258189272,
    15.080232563579));
#1152 = CARTESIAN_POINT('',(58.684867028662,24.863482263282,
    15.051449491038));
#1153 = CARTESIAN_POINT('',(58.667072370506,24.689740273424,
    15.026514146016));
#1154 = CARTESIAN_POINT('',(58.652032196191,24.515199028849,
    15.005438611301));
#1155 = CARTESIAN_POINT('',(58.639751699727,24.340024002844,
    14.988230165165));
#1156 = CARTESIAN_POINT('',(58.630232646469,24.164379332834,
    14.974891281373));
#1157 = CARTESIAN_POINT('',(58.608918276446,23.60954222991,
    14.94502382532));
#1158 = CARTESIAN_POINT('',(58.607160456967,23.229235496278,
    14.942560623453));
#1159 = CARTESIAN_POINT('',(58.618183749098,22.849128125384,
    14.958007371018));
#1160 = CARTESIAN_POINT('',(58.641905566659,22.470813012525,
    14.991248341441));
#1161 = CARTESIAN_POINT('',(58.678181073006,22.095855713782,
    15.042080577647));
#1162 = CARTESIAN_POINT('',(58.767901949179,21.413052133079,
    15.167804881166));
#1163 = CARTESIAN_POINT('',(58.81781749608,21.103807308071,15.237750669)
  );
#1164 = CARTESIAN_POINT('',(58.876431003237,20.798988941316,
    15.319884757279));
#1165 = CARTESIAN_POINT('',(58.943589121531,20.499515983171,
    15.413992260553));
#1166 = CARTESIAN_POINT('',(59.01910643198,20.20629644534,
    15.519813354427));
#1167 = CARTESIAN_POINT('',(59.138154746789,19.799204923719,
    15.686633687697));
#1168 = CARTESIAN_POINT('',(59.175002518848,19.67946323073,
    15.738267829894));
#1169 = CARTESIAN_POINT('',(59.213290444342,19.561069063799,
    15.791920034055));
#1170 = CARTESIAN_POINT('',(59.253000749778,19.444089943983,
    15.847565394494));
#1171 = CARTESIAN_POINT('',(59.294114496382,19.328592981419,
    15.905177372634));
#1172 = CARTESIAN_POINT('',(59.400053215102,19.044537810881,
    16.053627456884));
#1173 = CARTESIAN_POINT('',(59.466577667793,18.877882250049,
    16.146847015568));
#1174 = CARTESIAN_POINT('',(59.536118156987,18.71490057336,
    16.244292893754));
#1175 = CARTESIAN_POINT('',(59.608601418987,18.555812101165,
    16.345862428299));
#1176 = CARTESIAN_POINT('',(59.683947707585,18.400833093629,
    16.451443872226));
#1177 = CARTESIAN_POINT('',(59.883035611192,18.016902339899,
    16.730422289378));
#1178 = CARTESIAN_POINT('',(60.01065851818,17.79398962153,
    16.909258049555));
#1179 = CARTESIAN_POINT('',(60.144616608587,17.582231204702,
    17.096971192088));
#1180 = CARTESIAN_POINT('',(60.284548870539,17.382394667154,
    17.293055837314));
#1181 = CARTESIAN_POINT('',(60.43005125644,17.195211978338,
    17.496945800366));
#1182 = CARTESIAN_POINT('',(60.725318968641,16.854420102967,
    17.910699310716));
#1183 = CARTESIAN_POINT('',(60.874688678471,16.699771263846,
    18.120008487536));
#1184 = CARTESIAN_POINT('',(61.028378051191,16.558031655851,
    18.335370732843));
#1185 = CARTESIAN_POINT('',(61.185950233146,16.429762004214,
    18.556173891209));
#1186 = CARTESIAN_POINT('',(61.346931244107,16.31546219094,
    18.781753782381));
#1187 = CARTESIAN_POINT('',(61.608711149104,16.15587370043,
    19.148581410855));
#1188 = CARTESIAN_POINT('',(61.707649285596,16.10132622795,
    19.287221700969));
#1189 = CARTESIAN_POINT('',(61.807511940087,16.052007785421,
    19.427157502079));
#1190 = CARTESIAN_POINT('',(61.908186049347,16.007998301973,
    19.568230380645));
#1191 = CARTESIAN_POINT('',(62.009554829651,15.969366370094,
    19.710276689664));
#1192 = CARTESIAN_POINT('',(62.33144355565,15.864545189223,
    20.161333763706));
#1193 = CARTESIAN_POINT('',(62.554077724737,15.818213920482,
    20.473307153201));
#1194 = CARTESIAN_POINT('',(62.778163281706,15.797759856488,
    20.787314347294));
#1195 = CARTESIAN_POINT('',(63.002439620664,15.803456785092,
    21.101588880872));
#1196 = CARTESIAN_POINT('',(63.225624481945,15.835293209008,
    21.414333945761));
#1197 = CARTESIAN_POINT('',(63.557479183935,15.921879665418,
    21.879356168648));
#1198 = CARTESIAN_POINT('',(63.667940288057,15.95737991829,
    22.034143392917));
#1199 = CARTESIAN_POINT('',(63.777636951634,15.999356744022,
    22.187859419942));
#1200 = CARTESIAN_POINT('',(63.886409914337,16.047744824352,
    22.340281080998));
#1201 = CARTESIAN_POINT('',(63.994103486607,16.102459078449,
    22.49119021101));
#1202 = CARTESIAN_POINT('',(64.100565549646,16.163394662922,
    22.640373648552));
#1203 = ORIENTED_EDGE('',*,*,#1204,.F.);
#1204 = EDGE_CURVE('',#1205,#1148,#1207,.T.);
#1205 = VERTEX_POINT('',#1206);
#1206 = CARTESIAN_POINT('',(52.925094920038,18.311791539959,
    6.980380998663));
#1207 = LINE('',#1208,#1209);
#1208 = CARTESIAN_POINT('',(59.767708705337,18.311791539959,
    16.568816701758));
#1209 = VECTOR('',#1210,1.);
#1210 = DIRECTION('',(0.580885750813,0.,0.81398510091));
#1211 = ORIENTED_EDGE('',*,*,#1212,.T.);
#1212 = EDGE_CURVE('',#1205,#1213,#1215,.T.);
#1213 = VERTEX_POINT('',#1214);
#1214 = CARTESIAN_POINT('',(52.925094920038,12.311791539959,
    6.980380998663));
#1215 = LINE('',#1216,#1217);
#1216 = CARTESIAN_POINT('',(52.925094920038,-2.561270664798,
    6.980380998663));
#1217 = VECTOR('',#1218,1.);
#1218 = DIRECTION('',(0.,-1.,0.));
#1219 = ORIENTED_EDGE('',*,*,#1220,.T.);
#1220 = EDGE_CURVE('',#1213,#1221,#1223,.T.);
#1221 = VERTEX_POINT('',#1222);
#1222 = CARTESIAN_POINT('',(60.175764055286,12.311791539959,
    17.140617567487));
#1223 = LINE('',#1224,#1225);
#1224 = CARTESIAN_POINT('',(59.767708705337,12.311791539959,
    16.568816701758));
#1225 = VECTOR('',#1226,1.);
#1226 = DIRECTION('',(0.580885750813,0.,0.81398510091));
#1227 = ORIENTED_EDGE('',*,*,#1228,.T.);
#1228 = EDGE_CURVE('',#1221,#1229,#1231,.T.);
#1229 = VERTEX_POINT('',#1230);
#1230 = CARTESIAN_POINT('',(61.470570139626,16.240495683079,
    18.955006818807));
#1231 = LINE('',#1232,#1233);
#1232 = CARTESIAN_POINT('',(60.414637170838,13.036580996507,
    17.475346310265));
#1233 = VECTOR('',#1234,1.);
#1234 = DIRECTION('',(0.28665207113,0.869760493441,0.401680562345));
#1235 = ORIENTED_EDGE('',*,*,#1236,.T.);
#1236 = EDGE_CURVE('',#1229,#1237,#1239,.T.);
#1237 = VERTEX_POINT('',#1238);
#1238 = CARTESIAN_POINT('',(64.100565548854,16.163394657902,
    22.640373647442));
#1239 = B_SPLINE_CURVE_WITH_KNOTS('',6,(#1240,#1241,#1242,#1243,#1244,
    #1245,#1246,#1247,#1248,#1249,#1250,#1251,#1252,#1253,#1254,#1255,
    #1256,#1257,#1258,#1259,#1260,#1261,#1262,#1263,#1264,#1265,#1266,
    #1267,#1268,#1269,#1270,#1271,#1272,#1273,#1274,#1275,#1276,#1277,
    #1278,#1279,#1280,#1281,#1282,#1283,#1284,#1285,#1286,#1287,#1288,
    #1289,#1290,#1291),.UNSPECIFIED.,.F.,.F.,(7,5,5,5,5,5,5,5,5,5,7),(0.
    ,6.796795108978E-02,0.214326893518,0.33801643212,0.390342977668,
    0.46845849323,0.58941158767,0.705567946239,0.77496328106,
    0.924686350652,1.),.UNSPECIFIED.);
#1240 = CARTESIAN_POINT('',(58.705407547997,25.036258189272,
    15.080232563579));
#1241 = CARTESIAN_POINT('',(58.684867028662,24.863482263282,
    15.051449491038));
#1242 = CARTESIAN_POINT('',(58.667072370506,24.689740273424,
    15.026514146016));
#1243 = CARTESIAN_POINT('',(58.652032196191,24.515199028849,
    15.005438611301));
#1244 = CARTESIAN_POINT('',(58.639751699727,24.340024002844,
    14.988230165165));
#1245 = CARTESIAN_POINT('',(58.630232646469,24.164379332834,
    14.974891281373));
#1246 = CARTESIAN_POINT('',(58.608918276446,23.60954222991,
    14.94502382532));
#1247 = CARTESIAN_POINT('',(58.607160456967,23.229235496278,
    14.942560623453));
#1248 = CARTESIAN_POINT('',(58.618183749098,22.849128125384,
    14.958007371018));
#1249 = CARTESIAN_POINT('',(58.641905566659,22.470813012525,
    14.991248341441));
#1250 = CARTESIAN_POINT('',(58.678181073006,22.095855713782,
    15.042080577647));
#1251 = CARTESIAN_POINT('',(58.767901949179,21.413052133079,
    15.167804881166));
#1252 = CARTESIAN_POINT('',(58.81781749608,21.103807308071,15.237750669)
  );
#1253 = CARTESIAN_POINT('',(58.876431003237,20.798988941316,
    15.319884757279));
#1254 = CARTESIAN_POINT('',(58.943589121531,20.499515983171,
    15.413992260553));
#1255 = CARTESIAN_POINT('',(59.01910643198,20.20629644534,
    15.519813354427));
#1256 = CARTESIAN_POINT('',(59.138154746789,19.799204923719,
    15.686633687697));
#1257 = CARTESIAN_POINT('',(59.175002518848,19.67946323073,
    15.738267829894));
#1258 = CARTESIAN_POINT('',(59.213290444342,19.561069063799,
    15.791920034055));
#1259 = CARTESIAN_POINT('',(59.253000749778,19.444089943983,
    15.847565394494));
#1260 = CARTESIAN_POINT('',(59.294114496382,19.328592981419,
    15.905177372634));
#1261 = CARTESIAN_POINT('',(59.400053215102,19.044537810881,
    16.053627456884));
#1262 = CARTESIAN_POINT('',(59.466577667793,18.877882250049,
    16.146847015568));
#1263 = CARTESIAN_POINT('',(59.536118156987,18.71490057336,
    16.244292893754));
#1264 = CARTESIAN_POINT('',(59.608601418987,18.555812101165,
    16.345862428299));
#1265 = CARTESIAN_POINT('',(59.683947707585,18.400833093629,
    16.451443872226));
#1266 = CARTESIAN_POINT('',(59.883035611192,18.016902339899,
    16.730422289378));
#1267 = CARTESIAN_POINT('',(60.01065851818,17.79398962153,
    16.909258049555));
#1268 = CARTESIAN_POINT('',(60.144616608587,17.582231204702,
    17.096971192088));
#1269 = CARTESIAN_POINT('',(60.284548870539,17.382394667154,
    17.293055837314));
#1270 = CARTESIAN_POINT('',(60.43005125644,17.195211978338,
    17.496945800366));
#1271 = CARTESIAN_POINT('',(60.725318968641,16.854420102967,
    17.910699310716));
#1272 = CARTESIAN_POINT('',(60.874688678471,16.699771263846,
    18.120008487536));
#1273 = CARTESIAN_POINT('',(61.028378051191,16.558031655851,
    18.335370732843));
#1274 = CARTESIAN_POINT('',(61.185950233146,16.429762004214,
    18.556173891209));
#1275 = CARTESIAN_POINT('',(61.346931244107,16.31546219094,
    18.781753782381));
#1276 = CARTESIAN_POINT('',(61.608711149104,16.15587370043,
    19.148581410855));
#1277 = CARTESIAN_POINT('',(61.707649285596,16.10132622795,
    19.287221700969));
#1278 = CARTESIAN_POINT('',(61.807511940087,16.052007785421,
    19.427157502079));
#1279 = CARTESIAN_POINT('',(61.908186049347,16.007998301973,
    19.568230380645));
#1280 = CARTESIAN_POINT('',(62.009554829651,15.969366370094,
    19.710276689664));
#1281 = CARTESIAN_POINT('',(62.33144355565,15.864545189223,
    20.161333763706));
#1282 = CARTESIAN_POINT('',(62.554077724737,15.818213920482,
    20.473307153201));
#1283 = CARTESIAN_POINT('',(62.778163281706,15.797759856488,
    20.787314347294));
#1284 = CARTESIAN_POINT('',(63.002439620664,15.803456785092,
    21.101588880872));
#1285 = CARTESIAN_POINT('',(63.225624481945,15.835293209008,
    21.414333945761));
#1286 = CARTESIAN_POINT('',(63.557479183935,15.921879665418,
    21.879356168648));
#1287 = CARTESIAN_POINT('',(63.667940288057,15.95737991829,
    22.034143392917));
#1288 = CARTESIAN_POINT('',(63.777636951634,15.999356744022,
    22.187859419942));
#1289 = CARTESIAN_POINT('',(63.886409914337,16.047744824352,
    22.340281080998));
#1290 = CARTESIAN_POINT('',(63.994103486607,16.102459078449,
    22.49119021101));
#1291 = CARTESIAN_POINT('',(64.100565549646,16.163394662922,
    22.640373648552));
#1292 = ORIENTED_EDGE('',*,*,#1293,.T.);
#1293 = EDGE_CURVE('',#1237,#1294,#1296,.T.);
#1294 = VERTEX_POINT('',#1295);
#1295 = CARTESIAN_POINT('',(65.422594294381,17.586272829182,
    24.49290953824));
#1296 = HYPERBOLA('',#1297,2.499440567508,2.435261354708);
#1297 = AXIS2_PLACEMENT_3D('',#1298,#1299,#1300);
#1298 = CARTESIAN_POINT('',(68.839579801304,20.315147532521,
    29.281071907117));
#1299 = DIRECTION('',(0.81398510091,1.387778780781E-17,-0.580885750813)
  );
#1300 = DIRECTION('',(-0.560568463161,0.262162994622,-0.785514839045));
#1301 = ORIENTED_EDGE('',*,*,#1302,.F.);
#1302 = EDGE_CURVE('',#1303,#1294,#1305,.T.);
#1303 = VERTEX_POINT('',#1304);
#1304 = CARTESIAN_POINT('',(67.295562603697,16.968740633093,
    27.11746745884));
#1305 = ELLIPSE('',#1306,28.264588748892,4.5);
#1306 = AXIS2_PLACEMENT_3D('',#1307,#1308,#1309);
#1307 = CARTESIAN_POINT('',(60.151446530983,24.378356909254,
    17.106541843568));
#1308 = DIRECTION('',(0.81398510091,2.775557561563E-17,-0.580885750813)
  );
#1309 = DIRECTION('',(0.560568463161,-0.262162994622,0.785514839045));
#1310 = ORIENTED_EDGE('',*,*,#1311,.F.);
#1311 = EDGE_CURVE('',#1312,#1303,#1314,.T.);
#1312 = VERTEX_POINT('',#1313);
#1313 = CARTESIAN_POINT('',(58.037017253042,-11.12356283779,
    14.143628866682));
#1314 = LINE('',#1315,#1316);
#1315 = CARTESIAN_POINT('',(48.421167598111,-40.3,0.669105966528));
#1316 = VECTOR('',#1317,1.);
#1317 = DIRECTION('',(0.28665207113,0.869760493441,0.401680562345));
#1318 = ORIENTED_EDGE('',*,*,#1319,.T.);
#1319 = EDGE_CURVE('',#1312,#1320,#1322,.T.);
#1320 = VERTEX_POINT('',#1321);
#1321 = CARTESIAN_POINT('',(53.801340228089,-16.21414831153,
    8.208248310776));
#1322 = B_SPLINE_CURVE_WITH_KNOTS('',6,(#1323,#1324,#1325,#1326,#1327,
    #1328,#1329,#1330,#1331,#1332,#1333,#1334,#1335,#1336,#1337,#1338,
    #1339,#1340,#1341,#1342,#1343,#1344,#1345,#1346,#1347,#1348,#1349,
    #1350,#1351,#1352,#1353,#1354,#1355,#1356,#1357,#1358,#1359,#1360,
    #1361,#1362,#1363,#1364),.UNSPECIFIED.,.F.,.F.,(7,5,5,5,5,5,5,5,7),(
    0.,0.154988390879,0.244644821964,0.303799791453,0.437298294798,
    0.58954237965,0.657704697304,0.768000349566,1.),.UNSPECIFIED.);
#1323 = CARTESIAN_POINT('',(59.603544412308,-12.3337111047,
    16.338776132782));
#1324 = CARTESIAN_POINT('',(59.451266145489,-12.13339190667,
    16.125391245633));
#1325 = CARTESIAN_POINT('',(59.291952080373,-11.94867027124,
    15.902147216686));
#1326 = CARTESIAN_POINT('',(59.126202424021,-11.78066388912,
    15.669885105655));
#1327 = CARTESIAN_POINT('',(58.954692961572,-11.63040569243,
    15.429551878506));
#1328 = CARTESIAN_POINT('',(58.778178732381,-11.49883019799,
    15.182205558753));
#1329 = CARTESIAN_POINT('',(58.492995668201,-11.32187306108,
    14.7825834903));
#1330 = CARTESIAN_POINT('',(58.387090817298,-11.26353657029,
    14.634180864434));
#1331 = CARTESIAN_POINT('',(58.279957560378,-11.2118660962,
    14.484056894578));
#1332 = CARTESIAN_POINT('',(58.171766827524,-11.16699551701,
    14.332451102085));
#1333 = CARTESIAN_POINT('',(58.062697026633,-11.12903834678,
    14.179613486839));
#1334 = CARTESIAN_POINT('',(57.880513300656,-11.07766288839,
    13.924322599834));
#1335 = CARTESIAN_POINT('',(57.807790374356,-11.06028935664,
    13.822417227875));
#1336 = CARTESIAN_POINT('',(57.734818889513,-11.04599107391,
    13.720163555151));
#1337 = CARTESIAN_POINT('',(57.661653107418,-11.03478953773,
    13.617637617067));
#1338 = CARTESIAN_POINT('',(57.588348198429,-11.02670154876,
    13.514916722887));
#1339 = CARTESIAN_POINT('',(57.349341318741,-11.01054041025,
    13.18000053875));
#1340 = CARTESIAN_POINT('',(57.183293789993,-11.01526021547,
    12.947321024311));
#1341 = CARTESIAN_POINT('',(57.017471624069,-11.03603661268,
    12.714957306878));
#1342 = CARTESIAN_POINT('',(56.852529329283,-11.07287692548,
    12.483826537569));
#1343 = CARTESIAN_POINT('',(56.689120721935,-11.12565218117,
    12.254844897797));
#1344 = CARTESIAN_POINT('',(56.344036065328,-11.27214087652,
    11.771283769576));
#1345 = CARTESIAN_POINT('',(56.163001582933,-11.37056812332,
    11.517603297617));
#1346 = CARTESIAN_POINT('',(55.985766085256,-11.48897261973,
    11.269246276878));
#1347 = CARTESIAN_POINT('',(55.813233462037,-11.62672748088,
    11.027479312335));
#1348 = CARTESIAN_POINT('',(55.646248775818,-11.78302307953,
    10.793486575428));
#1349 = CARTESIAN_POINT('',(55.413665389973,-12.03467682261,
    10.467571521509));
#1350 = CARTESIAN_POINT('',(55.343004108574,-12.11601915744,
    10.368555096696));
#1351 = CARTESIAN_POINT('',(55.273678382748,-12.20078918436,
    10.271410162683));
#1352 = CARTESIAN_POINT('',(55.205753218581,-12.28889269318,
    10.176227811367));
#1353 = CARTESIAN_POINT('',(55.139289931504,-12.38023011639,
    10.083093962993));
#1354 = CARTESIAN_POINT('',(54.969258505531,-12.62755568896,
    9.844831882654));
#1355 = CARTESIAN_POINT('',(54.868148595254,-12.7886093632,
    9.703148323702));
#1356 = CARTESIAN_POINT('',(54.771261501526,-12.95741303688,
    9.567382124145));
#1357 = CARTESIAN_POINT('',(54.678812956545,-13.13349661044,
    9.437835585759));
#1358 = CARTESIAN_POINT('',(54.590991976469,-13.31636911714,9.3147735736
    ));
#1359 = CARTESIAN_POINT('',(54.333318558161,-13.90339711894,
    8.953700293511));
#1360 = CARTESIAN_POINT('',(54.179871811025,-14.32907786927,
    8.738678035214));
#1361 = CARTESIAN_POINT('',(54.049159903065,-14.77783935787,
    8.555513711694));
#1362 = CARTESIAN_POINT('',(53.942159692543,-15.24481965287,
    8.40557617744));
#1363 = CARTESIAN_POINT('',(53.859470704305,-15.72518565715,
    8.289705536199));
#1364 = CARTESIAN_POINT('',(53.801340228089,-16.21414831153,
    8.208248310776));
#1365 = ORIENTED_EDGE('',*,*,#1366,.T.);
#1366 = EDGE_CURVE('',#1320,#996,#1367,.T.);
#1367 = B_SPLINE_CURVE_WITH_KNOTS('',6,(#1368,#1369,#1370,#1371,#1372,
    #1373,#1374,#1375,#1376,#1377,#1378,#1379,#1380,#1381,#1382,#1383,
    #1384,#1385,#1386,#1387,#1388,#1389,#1390,#1391,#1392,#1393,#1394,
    #1395,#1396,#1397,#1398,#1399,#1400,#1401,#1402,#1403,#1404,#1405,
    #1406,#1407,#1408,#1409),.UNSPECIFIED.,.F.,.F.,(7,5,5,5,5,5,5,5,7),(
    0.,7.778213701555E-02,0.244643381238,0.382108381087,0.441497588783,
    0.528114517676,0.664017927584,0.792998434186,1.),.UNSPECIFIED.);
#1368 = CARTESIAN_POINT('',(53.801340228089,-16.21414831153,
    8.208248310776));
#1369 = CARTESIAN_POINT('',(53.782810039397,-16.37001440517,
    8.182282279606));
#1370 = CARTESIAN_POINT('',(53.766774869975,-16.5267585043,
    8.159812475549));
#1371 = CARTESIAN_POINT('',(53.753242634437,-16.68422778176,
    8.140849989217));
#1372 = CARTESIAN_POINT('',(53.742218074851,-16.84227068554,
    8.125401465589));
#1373 = CARTESIAN_POINT('',(53.733702760738,-17.0007369388,
    8.113469104005));
#1374 = CARTESIAN_POINT('',(53.714807199795,-17.50001400775,
    8.086991083053));
#1375 = CARTESIAN_POINT('',(53.713459980437,-17.84181105383,
    8.085103247994));
#1376 = CARTESIAN_POINT('',(53.723638033244,-18.18340142417,
    8.099365576394));
#1377 = CARTESIAN_POINT('',(53.745265488036,-18.52334300139,
    8.12967175269));
#1378 = CARTESIAN_POINT('',(53.778209739817,-18.86021855455,
    8.175835959804));
#1379 = CARTESIAN_POINT('',(53.858595782556,-19.46648993636,
    8.288479523567));
#1380 = CARTESIAN_POINT('',(53.902460937045,-19.73731775819,
    8.34994700173));
#1381 = CARTESIAN_POINT('',(53.953776446282,-20.00434021128,
    8.421854532439));
#1382 = CARTESIAN_POINT('',(54.012413085115,-20.26678674677,
    8.504021034733));
#1383 = CARTESIAN_POINT('',(54.078215232831,-20.52389595815,
    8.596228440017));
#1384 = CARTESIAN_POINT('',(54.182444593685,-20.88336531889,
    8.742283230816));
#1385 = CARTESIAN_POINT('',(54.21519287132,-20.99067758638,
    8.788172822766));
#1386 = CARTESIAN_POINT('',(54.249229535334,-21.09679266058,
    8.835867808147));
#1387 = CARTESIAN_POINT('',(54.28453874953,-21.20165024391,
    8.885345995965));
#1388 = CARTESIAN_POINT('',(54.321103638255,-21.30519041244,
    8.936583738666));
#1389 = CARTESIAN_POINT('',(54.414040028953,-21.55635481106,
    9.06681388677));
#1390 = CARTESIAN_POINT('',(54.471806563587,-21.70242725383,
    9.147761127184));
#1391 = CARTESIAN_POINT('',(54.532150390446,-21.84538583262,
    9.232319882371));
#1392 = CARTESIAN_POINT('',(54.595010756128,-21.98504793396,
    9.320405019649));
#1393 = CARTESIAN_POINT('',(54.660321653703,-22.12123344247,
    9.411924044653));
#1394 = CARTESIAN_POINT('',(54.834218829838,-22.46170856422,
    9.655603133469));
#1395 = CARTESIAN_POINT('',(54.946283750421,-22.66065800431,
    9.812637757854));
#1396 = CARTESIAN_POINT('',(55.063929029627,-22.8499259924,
    9.977492041733));
#1397 = CARTESIAN_POINT('',(55.186844592029,-23.02884678958,
    10.149731481804));
#1398 = CARTESIAN_POINT('',(55.314683681671,-23.19678477547,
    10.328870174975));
#1399 = CARTESIAN_POINT('',(55.572690555037,-23.50153681707,
    10.690410719838));
#1400 = CARTESIAN_POINT('',(55.702409766727,-23.63950262066,
    10.87218399534));
#1401 = CARTESIAN_POINT('',(55.835883108561,-23.7665291288,
    11.059217868127));
#1402 = CARTESIAN_POINT('',(55.972749507595,-23.88214375025,
    11.251006372963));
#1403 = CARTESIAN_POINT('',(56.112617526703,-23.98592251624,
    11.44700099581));
#1404 = CARTESIAN_POINT('',(56.483674164661,-24.22447265159,
    11.96695620984));
#1405 = CARTESIAN_POINT('',(56.718958006502,-24.34004032637,
    12.296655365786));
#1406 = CARTESIAN_POINT('',(56.959112323713,-24.42264338044,
    12.633179434167));
#1407 = CARTESIAN_POINT('',(57.202224961433,-24.47125141038,
    12.973848945634));
#1408 = CARTESIAN_POINT('',(57.446280862169,-24.48531746312,
    13.315840235161));
#1409 = CARTESIAN_POINT('',(57.689153545551,-24.46498586292,
    13.656173502786));
#1410 = ORIENTED_EDGE('',*,*,#995,.F.);
#1411 = FACE_BOUND('',#1412,.T.);
#1412 = EDGE_LOOP('',(#1413,#1423,#1431,#1439));
#1413 = ORIENTED_EDGE('',*,*,#1414,.T.);
#1414 = EDGE_CURVE('',#1415,#1417,#1419,.T.);
#1415 = VERTEX_POINT('',#1416);
#1416 = CARTESIAN_POINT('',(52.925094920038,3.311791539959,
    6.980380998663));
#1417 = VERTEX_POINT('',#1418);
#1418 = CARTESIAN_POINT('',(57.20958122723,3.311791539959,
    12.984157152968));
#1419 = LINE('',#1420,#1421);
#1420 = CARTESIAN_POINT('',(59.767708705337,3.311791539959,
    16.568816701758));
#1421 = VECTOR('',#1422,1.);
#1422 = DIRECTION('',(0.580885750813,0.,0.81398510091));
#1423 = ORIENTED_EDGE('',*,*,#1424,.T.);
#1424 = EDGE_CURVE('',#1417,#1425,#1427,.T.);
#1425 = VERTEX_POINT('',#1426);
#1426 = CARTESIAN_POINT('',(59.187036445934,9.311791539959,
    15.755130762647));
#1427 = LINE('',#1428,#1429);
#1428 = CARTESIAN_POINT('',(60.414637170838,13.036580996507,
    17.475346310265));
#1429 = VECTOR('',#1430,1.);
#1430 = DIRECTION('',(0.28665207113,0.869760493441,0.401680562345));
#1431 = ORIENTED_EDGE('',*,*,#1432,.F.);
#1432 = EDGE_CURVE('',#1433,#1425,#1435,.T.);
#1433 = VERTEX_POINT('',#1434);
#1434 = CARTESIAN_POINT('',(52.925094920038,9.311791539959,
    6.980380998663));
#1435 = LINE('',#1436,#1437);
#1436 = CARTESIAN_POINT('',(59.767708705337,9.311791539959,
    16.568816701758));
#1437 = VECTOR('',#1438,1.);
#1438 = DIRECTION('',(0.580885750813,0.,0.81398510091));
#1439 = ORIENTED_EDGE('',*,*,#1440,.T.);
#1440 = EDGE_CURVE('',#1433,#1415,#1441,.T.);
#1441 = LINE('',#1442,#1443);
#1442 = CARTESIAN_POINT('',(52.925094920038,-2.561270664798,
    6.980380998663));
#1443 = VECTOR('',#1444,1.);
#1444 = DIRECTION('',(0.,-1.,0.));
#1445 = FACE_BOUND('',#1446,.T.);
#1446 = EDGE_LOOP('',(#1447,#1457,#1465,#1473));
#1447 = ORIENTED_EDGE('',*,*,#1448,.T.);
#1448 = EDGE_CURVE('',#1449,#1451,#1453,.T.);
#1449 = VERTEX_POINT('',#1450);
#1450 = CARTESIAN_POINT('',(52.925094920038,-5.688208460041,
    6.980380998663));
#1451 = VERTEX_POINT('',#1452);
#1452 = CARTESIAN_POINT('',(54.243398399174,-5.688208460041,
    8.827696738449));
#1453 = LINE('',#1454,#1455);
#1454 = CARTESIAN_POINT('',(59.767708705337,-5.688208460041,
    16.568816701758));
#1455 = VECTOR('',#1456,1.);
#1456 = DIRECTION('',(0.580885750813,0.,0.81398510091));
#1457 = ORIENTED_EDGE('',*,*,#1458,.T.);
#1458 = EDGE_CURVE('',#1451,#1459,#1461,.T.);
#1459 = VERTEX_POINT('',#1460);
#1460 = CARTESIAN_POINT('',(56.220853617878,0.311791539959,
    11.598670348128));
#1461 = LINE('',#1462,#1463);
#1462 = CARTESIAN_POINT('',(60.414637170838,13.036580996507,
    17.475346310265));
#1463 = VECTOR('',#1464,1.);
#1464 = DIRECTION('',(0.28665207113,0.869760493441,0.401680562345));
#1465 = ORIENTED_EDGE('',*,*,#1466,.F.);
#1466 = EDGE_CURVE('',#1467,#1459,#1469,.T.);
#1467 = VERTEX_POINT('',#1468);
#1468 = CARTESIAN_POINT('',(52.925094920038,0.311791539959,
    6.980380998663));
#1469 = LINE('',#1470,#1471);
#1470 = CARTESIAN_POINT('',(59.767708705337,0.311791539959,
    16.568816701758));
#1471 = VECTOR('',#1472,1.);
#1472 = DIRECTION('',(0.580885750813,0.,0.81398510091));
#1473 = ORIENTED_EDGE('',*,*,#1474,.T.);
#1474 = EDGE_CURVE('',#1467,#1449,#1475,.T.);
#1475 = LINE('',#1476,#1477);
#1476 = CARTESIAN_POINT('',(52.925094920038,-2.561270664798,
    6.980380998663));
#1477 = VECTOR('',#1478,1.);
#1478 = DIRECTION('',(0.,-1.,0.));
#1479 = PLANE('',#1480);
#1480 = AXIS2_PLACEMENT_3D('',#1481,#1482,#1483);
#1481 = CARTESIAN_POINT('',(55.144594355268,4.565667130445,
    10.090526959769));
#1482 = DIRECTION('',(0.81398510091,0.,-0.580885750813));
#1483 = DIRECTION('',(0.580885750813,0.,0.81398510091));
#1484 = ADVANCED_FACE('',(#1485),#1522,.T.);
#1485 = FACE_BOUND('',#1486,.T.);
#1486 = EDGE_LOOP('',(#1487,#1488,#1489,#1498,#1506,#1515));
#1487 = ORIENTED_EDGE('',*,*,#1021,.F.);
#1488 = ORIENTED_EDGE('',*,*,#345,.T.);
#1489 = ORIENTED_EDGE('',*,*,#1490,.T.);
#1490 = EDGE_CURVE('',#338,#1491,#1493,.T.);
#1491 = VERTEX_POINT('',#1492);
#1492 = CARTESIAN_POINT('',(47.878630983399,42.17154364173,4.));
#1493 = ELLIPSE('',#1494,3.21540463858,2.5);
#1494 = AXIS2_PLACEMENT_3D('',#1495,#1496,#1497);
#1495 = CARTESIAN_POINT('',(47.72689061705,39.584763682604,4.));
#1496 = DIRECTION('',(-1.86125043472E-16,4.920080438162E-18,1.));
#1497 = DIRECTION('',(0.882297216225,-0.470692704683,1.665334536938E-16)
  );
#1498 = ORIENTED_EDGE('',*,*,#1499,.T.);
#1499 = EDGE_CURVE('',#1491,#1500,#1502,.T.);
#1500 = VERTEX_POINT('',#1501);
#1501 = CARTESIAN_POINT('',(68.59798865966,31.118068322311,
    33.033675598506));
#1502 = LINE('',#1503,#1504);
#1503 = CARTESIAN_POINT('',(46.916083617974,42.685048631302,
    2.651199115696));
#1504 = VECTOR('',#1505,1.);
#1505 = DIRECTION('',(0.554853899201,-0.296006467794,0.777507119945));
#1506 = ORIENTED_EDGE('',*,*,#1507,.F.);
#1507 = EDGE_CURVE('',#1508,#1500,#1510,.T.);
#1508 = VERTEX_POINT('',#1509);
#1509 = CARTESIAN_POINT('',(69.967746810938,29.056309872898,
    30.882640098167));
#1510 = ELLIPSE('',#1511,2.533873810981,2.5);
#1511 = AXIS2_PLACEMENT_3D('',#1512,#1513,#1514);
#1512 = CARTESIAN_POINT('',(68.128020409487,28.701058300783,
    32.587748398943));
#1513 = DIRECTION('',(0.683012701892,-0.258819045103,0.683012701892));
#1514 = DIRECTION('',(-0.730383597457,-0.249421988397,0.63586828217));
#1515 = ORIENTED_EDGE('',*,*,#1516,.F.);
#1516 = EDGE_CURVE('',#1022,#1508,#1517,.T.);
#1517 = ELLIPSE('',#1518,2.533873810981,2.5);
#1518 = AXIS2_PLACEMENT_3D('',#1519,#1520,#1521);
#1519 = CARTESIAN_POINT('',(68.128020409487,28.701058300783,
    32.587748398943));
#1520 = DIRECTION('',(0.683012701892,-0.258819045103,0.683012701892));
#1521 = DIRECTION('',(-0.730383597457,-0.249421988397,0.63586828217));
#1522 = CYLINDRICAL_SURFACE('',#1523,2.5);
#1523 = AXIS2_PLACEMENT_3D('',#1524,#1525,#1526);
#1524 = CARTESIAN_POINT('',(46.386204845838,40.3,2.12132034356));
#1525 = DIRECTION('',(0.554853899201,-0.296006467794,0.777507119945));
#1526 = DIRECTION('',(-0.17194593929,-0.955185935315,-0.240944854557));
#1527 = ADVANCED_FACE('',(#1528,#1572),#1583,.T.);
#1528 = FACE_BOUND('',#1529,.T.);
#1529 = EDGE_LOOP('',(#1530,#1531,#1532,#1533,#1541,#1549,#1557,#1566));
#1530 = ORIENTED_EDGE('',*,*,#1490,.F.);
#1531 = ORIENTED_EDGE('',*,*,#337,.T.);
#1532 = ORIENTED_EDGE('',*,*,#739,.F.);
#1533 = ORIENTED_EDGE('',*,*,#1534,.F.);
#1534 = EDGE_CURVE('',#1535,#732,#1537,.T.);
#1535 = VERTEX_POINT('',#1536);
#1536 = CARTESIAN_POINT('',(15.798989873223,44.,4.));
#1537 = LINE('',#1538,#1539);
#1538 = CARTESIAN_POINT('',(15.798989873223,-54.,4.));
#1539 = VECTOR('',#1540,1.);
#1540 = DIRECTION('',(0.,1.,0.));
#1541 = ORIENTED_EDGE('',*,*,#1542,.T.);
#1542 = EDGE_CURVE('',#1535,#1543,#1545,.T.);
#1543 = VERTEX_POINT('',#1544);
#1544 = CARTESIAN_POINT('',(45.497474683058,44.,4.));
#1545 = LINE('',#1546,#1547);
#1546 = CARTESIAN_POINT('',(8.75,44.,4.));
#1547 = VECTOR('',#1548,1.);
#1548 = DIRECTION('',(1.,0.,2.22044604925E-16));
#1549 = ORIENTED_EDGE('',*,*,#1550,.F.);
#1550 = EDGE_CURVE('',#1551,#1543,#1553,.T.);
#1551 = VERTEX_POINT('',#1552);
#1552 = CARTESIAN_POINT('',(45.497474683058,42.7,4.));
#1553 = LINE('',#1554,#1555);
#1554 = CARTESIAN_POINT('',(45.497474683058,-7.,4.));
#1555 = VECTOR('',#1556,1.);
#1556 = DIRECTION('',(0.,1.,0.));
#1557 = ORIENTED_EDGE('',*,*,#1558,.F.);
#1558 = EDGE_CURVE('',#1559,#1551,#1561,.T.);
#1559 = VERTEX_POINT('',#1560);
#1560 = CARTESIAN_POINT('',(45.567282733671,42.685048631302,4.));
#1561 = ELLIPSE('',#1562,3.535533905933,2.5);
#1562 = AXIS2_PLACEMENT_3D('',#1563,#1564,#1565);
#1563 = CARTESIAN_POINT('',(44.507525189397,40.3,4.));
#1564 = DIRECTION('',(-2.22044604925E-16,0.,1.));
#1565 = DIRECTION('',(-1.,0.,-2.22044604925E-16));
#1566 = ORIENTED_EDGE('',*,*,#1567,.T.);
#1567 = EDGE_CURVE('',#1559,#1491,#1568,.T.);
#1568 = LINE('',#1569,#1570);
#1569 = CARTESIAN_POINT('',(30.77050460559,45.972402408155,4.));
#1570 = VECTOR('',#1571,1.);
#1571 = DIRECTION('',(0.97619850296,-0.216878958912,1.665334536938E-16)
  );
#1572 = FACE_BOUND('',#1573,.T.);
#1573 = EDGE_LOOP('',(#1574));
#1574 = ORIENTED_EDGE('',*,*,#1575,.F.);
#1575 = EDGE_CURVE('',#1576,#1576,#1578,.T.);
#1576 = VERTEX_POINT('',#1577);
#1577 = CARTESIAN_POINT('',(36.573358543988,49.,4.));
#1578 = CIRCLE('',#1579,4.4);
#1579 = AXIS2_PLACEMENT_3D('',#1580,#1581,#1582);
#1580 = CARTESIAN_POINT('',(32.173358543988,49.,4.));
#1581 = DIRECTION('',(-2.22044604925E-16,0.,1.));
#1582 = DIRECTION('',(1.,0.,2.22044604925E-16));
#1583 = PLANE('',#1584);
#1584 = AXIS2_PLACEMENT_3D('',#1585,#1586,#1587);
#1585 = CARTESIAN_POINT('',(-8.881784197001E-16,-54.,4.));
#1586 = DIRECTION('',(-2.22044604925E-16,0.,1.));
#1587 = DIRECTION('',(1.,0.,2.22044604925E-16));
#1588 = ADVANCED_FACE('',(#1589,#1607),#1618,.F.);
#1589 = FACE_BOUND('',#1590,.F.);
#1590 = EDGE_LOOP('',(#1591,#1599,#1605,#1606));
#1591 = ORIENTED_EDGE('',*,*,#1592,.F.);
#1592 = EDGE_CURVE('',#1593,#530,#1595,.T.);
#1593 = VERTEX_POINT('',#1594);
#1594 = CARTESIAN_POINT('',(19.798989873223,-54.,-3.552713678801E-15));
#1595 = LINE('',#1596,#1597);
#1596 = CARTESIAN_POINT('',(19.798989873223,-54.,-3.552713678801E-15));
#1597 = VECTOR('',#1598,1.);
#1598 = DIRECTION('',(0.,1.,0.));
#1599 = ORIENTED_EDGE('',*,*,#1600,.T.);
#1600 = EDGE_CURVE('',#1593,#305,#1601,.T.);
#1601 = LINE('',#1602,#1603);
#1602 = CARTESIAN_POINT('',(0.,-54.,0.));
#1603 = VECTOR('',#1604,1.);
#1604 = DIRECTION('',(1.,0.,2.22044604925E-16));
#1605 = ORIENTED_EDGE('',*,*,#312,.T.);
#1606 = ORIENTED_EDGE('',*,*,#553,.F.);
#1607 = FACE_BOUND('',#1608,.F.);
#1608 = EDGE_LOOP('',(#1609));
#1609 = ORIENTED_EDGE('',*,*,#1610,.F.);
#1610 = EDGE_CURVE('',#1611,#1611,#1613,.T.);
#1611 = VERTEX_POINT('',#1612);
#1612 = CARTESIAN_POINT('',(34.473358543988,-49.,3.552713678801E-15));
#1613 = CIRCLE('',#1614,2.3);
#1614 = AXIS2_PLACEMENT_3D('',#1615,#1616,#1617);
#1615 = CARTESIAN_POINT('',(32.173358543988,-49.,7.105427357601E-15));
#1616 = DIRECTION('',(-2.22044604925E-16,0.,1.));
#1617 = DIRECTION('',(1.,0.,2.22044604925E-16));
#1618 = PLANE('',#1619);
#1619 = AXIS2_PLACEMENT_3D('',#1620,#1621,#1622);
#1620 = CARTESIAN_POINT('',(0.,-54.,0.));
#1621 = DIRECTION('',(-2.22044604925E-16,0.,1.));
#1622 = DIRECTION('',(1.,0.,2.22044604925E-16));
#1623 = ADVANCED_FACE('',(#1624),#1635,.F.);
#1624 = FACE_BOUND('',#1625,.F.);
#1625 = EDGE_LOOP('',(#1626,#1627,#1633,#1634));
#1626 = ORIENTED_EDGE('',*,*,#1600,.F.);
#1627 = ORIENTED_EDGE('',*,*,#1628,.F.);
#1628 = EDGE_CURVE('',#790,#1593,#1629,.T.);
#1629 = LINE('',#1630,#1631);
#1630 = CARTESIAN_POINT('',(0.,-54.,19.798989873223));
#1631 = VECTOR('',#1632,1.);
#1632 = DIRECTION('',(0.707106781187,0.,-0.707106781187));
#1633 = ORIENTED_EDGE('',*,*,#797,.T.);
#1634 = ORIENTED_EDGE('',*,*,#304,.F.);
#1635 = PLANE('',#1636);
#1636 = AXIS2_PLACEMENT_3D('',#1637,#1638,#1639);
#1637 = CARTESIAN_POINT('',(0.,-54.,0.));
#1638 = DIRECTION('',(0.,1.,0.));
#1639 = DIRECTION('',(-2.22044604925E-16,0.,1.));
#1640 = ADVANCED_FACE('',(#1641),#1774,.T.);
#1641 = FACE_BOUND('',#1642,.T.);
#1642 = EDGE_LOOP('',(#1643,#1653,#1661,#1669,#1677,#1685,#1693,#1701,
    #1709,#1717,#1725,#1733,#1739,#1740,#1741,#1742,#1743,#1744,#1752,
    #1760,#1768));
#1643 = ORIENTED_EDGE('',*,*,#1644,.T.);
#1644 = EDGE_CURVE('',#1645,#1647,#1649,.T.);
#1645 = VERTEX_POINT('',#1646);
#1646 = CARTESIAN_POINT('',(44.083261120685,-40.,4.));
#1647 = VERTEX_POINT('',#1648);
#1648 = CARTESIAN_POINT('',(45.497474683058,-40.,4.));
#1649 = LINE('',#1650,#1651);
#1650 = CARTESIAN_POINT('',(8.75,-40.,4.));
#1651 = VECTOR('',#1652,1.);
#1652 = DIRECTION('',(1.,0.,2.22044604925E-16));
#1653 = ORIENTED_EDGE('',*,*,#1654,.F.);
#1654 = EDGE_CURVE('',#1655,#1647,#1657,.T.);
#1655 = VERTEX_POINT('',#1656);
#1656 = CARTESIAN_POINT('',(45.497474683058,-39.5331244515,4.));
#1657 = LINE('',#1658,#1659);
#1658 = CARTESIAN_POINT('',(45.497474683058,-47.,4.));
#1659 = VECTOR('',#1660,1.);
#1660 = DIRECTION('',(0.,-1.,0.));
#1661 = ORIENTED_EDGE('',*,*,#1662,.F.);
#1662 = EDGE_CURVE('',#1663,#1655,#1665,.T.);
#1663 = VERTEX_POINT('',#1664);
#1664 = CARTESIAN_POINT('',(47.017489451176,-39.0313206593,4.));
#1665 = LINE('',#1666,#1667);
#1666 = CARTESIAN_POINT('',(17.147553170153,-48.89230860037,4.));
#1667 = VECTOR('',#1668,1.);
#1668 = DIRECTION('',(-0.949591660839,-0.313489517633,
    -1.665334536938E-16));
#1669 = ORIENTED_EDGE('',*,*,#1670,.F.);
#1670 = EDGE_CURVE('',#1671,#1663,#1673,.T.);
#1671 = VERTEX_POINT('',#1672);
#1672 = CARTESIAN_POINT('',(47.302626548338,-35.93208758854,4.));
#1673 = LINE('',#1674,#1675);
#1674 = CARTESIAN_POINT('',(47.573674497068,-32.98599332429,4.));
#1675 = VECTOR('',#1676,1.);
#1676 = DIRECTION('',(-9.16155490749E-02,-0.995794452268,
    -1.387778780781E-17));
#1677 = ORIENTED_EDGE('',*,*,#1678,.F.);
#1678 = EDGE_CURVE('',#1679,#1671,#1681,.T.);
#1679 = VERTEX_POINT('',#1680);
#1680 = CARTESIAN_POINT('',(47.302626548338,39.284763682604,4.));
#1681 = LINE('',#1682,#1683);
#1682 = CARTESIAN_POINT('',(47.302626548338,-24.71716643477,4.));
#1683 = VECTOR('',#1684,1.);
#1684 = DIRECTION('',(0.,-1.,0.));
#1685 = ORIENTED_EDGE('',*,*,#1686,.F.);
#1686 = EDGE_CURVE('',#1687,#1679,#1689,.T.);
#1687 = VERTEX_POINT('',#1688);
#1688 = CARTESIAN_POINT('',(45.497474683058,39.685808609462,4.));
#1689 = LINE('',#1690,#1691);
#1690 = CARTESIAN_POINT('',(30.060013698962,43.115500886511,4.));
#1691 = VECTOR('',#1692,1.);
#1692 = DIRECTION('',(0.97619850296,-0.216878958912,1.665334536938E-16)
  );
#1693 = ORIENTED_EDGE('',*,*,#1694,.F.);
#1694 = EDGE_CURVE('',#1695,#1687,#1697,.T.);
#1695 = VERTEX_POINT('',#1696);
#1696 = CARTESIAN_POINT('',(45.497474683058,40.,4.));
#1697 = LINE('',#1698,#1699);
#1698 = CARTESIAN_POINT('',(45.497474683058,-47.,4.));
#1699 = VECTOR('',#1700,1.);
#1700 = DIRECTION('',(0.,-1.,0.));
#1701 = ORIENTED_EDGE('',*,*,#1702,.F.);
#1702 = EDGE_CURVE('',#1703,#1695,#1705,.T.);
#1703 = VERTEX_POINT('',#1704);
#1704 = CARTESIAN_POINT('',(44.083261120685,40.,4.));
#1705 = LINE('',#1706,#1707);
#1706 = CARTESIAN_POINT('',(8.75,40.,4.));
#1707 = VECTOR('',#1708,1.);
#1708 = DIRECTION('',(1.,0.,2.22044604925E-16));
#1709 = ORIENTED_EDGE('',*,*,#1710,.F.);
#1710 = EDGE_CURVE('',#1711,#1703,#1713,.T.);
#1711 = VERTEX_POINT('',#1712);
#1712 = CARTESIAN_POINT('',(34.315998463931,40.,4.));
#1713 = LINE('',#1714,#1715);
#1714 = CARTESIAN_POINT('',(8.75,40.,4.));
#1715 = VECTOR('',#1716,1.);
#1716 = DIRECTION('',(1.,0.,2.22044604925E-16));
#1717 = ORIENTED_EDGE('',*,*,#1718,.F.);
#1718 = EDGE_CURVE('',#1719,#1711,#1721,.T.);
#1719 = VERTEX_POINT('',#1720);
#1720 = CARTESIAN_POINT('',(16.180405689294,40.,4.));
#1721 = LINE('',#1722,#1723);
#1722 = CARTESIAN_POINT('',(8.75,40.,4.));
#1723 = VECTOR('',#1724,1.);
#1724 = DIRECTION('',(1.,0.,2.22044604925E-16));
#1725 = ORIENTED_EDGE('',*,*,#1726,.F.);
#1726 = EDGE_CURVE('',#1727,#1719,#1729,.T.);
#1727 = VERTEX_POINT('',#1728);
#1728 = CARTESIAN_POINT('',(15.798989873223,40.,4.));
#1729 = LINE('',#1730,#1731);
#1730 = CARTESIAN_POINT('',(8.75,40.,4.));
#1731 = VECTOR('',#1732,1.);
#1732 = DIRECTION('',(1.,0.,2.22044604925E-16));
#1733 = ORIENTED_EDGE('',*,*,#1734,.F.);
#1734 = EDGE_CURVE('',#498,#1727,#1735,.T.);
#1735 = LINE('',#1736,#1737);
#1736 = CARTESIAN_POINT('',(8.75,40.,4.));
#1737 = VECTOR('',#1738,1.);
#1738 = DIRECTION('',(1.,0.,2.22044604925E-16));
#1739 = ORIENTED_EDGE('',*,*,#505,.F.);
#1740 = ORIENTED_EDGE('',*,*,#483,.F.);
#1741 = ORIENTED_EDGE('',*,*,#459,.F.);
#1742 = ORIENTED_EDGE('',*,*,#435,.T.);
#1743 = ORIENTED_EDGE('',*,*,#394,.F.);
#1744 = ORIENTED_EDGE('',*,*,#1745,.T.);
#1745 = EDGE_CURVE('',#395,#1746,#1748,.T.);
#1746 = VERTEX_POINT('',#1747);
#1747 = CARTESIAN_POINT('',(15.798989873223,-40.,4.));
#1748 = LINE('',#1749,#1750);
#1749 = CARTESIAN_POINT('',(8.75,-40.,4.));
#1750 = VECTOR('',#1751,1.);
#1751 = DIRECTION('',(1.,0.,2.22044604925E-16));
#1752 = ORIENTED_EDGE('',*,*,#1753,.T.);
#1753 = EDGE_CURVE('',#1746,#1754,#1756,.T.);
#1754 = VERTEX_POINT('',#1755);
#1755 = CARTESIAN_POINT('',(16.180405689294,-40.,4.));
#1756 = LINE('',#1757,#1758);
#1757 = CARTESIAN_POINT('',(8.75,-40.,4.));
#1758 = VECTOR('',#1759,1.);
#1759 = DIRECTION('',(1.,0.,2.22044604925E-16));
#1760 = ORIENTED_EDGE('',*,*,#1761,.T.);
#1761 = EDGE_CURVE('',#1754,#1762,#1764,.T.);
#1762 = VERTEX_POINT('',#1763);
#1763 = CARTESIAN_POINT('',(34.31599846393,-40.,4.));
#1764 = LINE('',#1765,#1766);
#1765 = CARTESIAN_POINT('',(8.75,-40.,4.));
#1766 = VECTOR('',#1767,1.);
#1767 = DIRECTION('',(1.,0.,2.22044604925E-16));
#1768 = ORIENTED_EDGE('',*,*,#1769,.T.);
#1769 = EDGE_CURVE('',#1762,#1645,#1770,.T.);
#1770 = LINE('',#1771,#1772);
#1771 = CARTESIAN_POINT('',(8.75,-40.,4.));
#1772 = VECTOR('',#1773,1.);
#1773 = DIRECTION('',(1.,0.,2.22044604925E-16));
#1774 = PLANE('',#1775);
#1775 = AXIS2_PLACEMENT_3D('',#1776,#1777,#1778);
#1776 = CARTESIAN_POINT('',(-8.881784197001E-16,-54.,4.));
#1777 = DIRECTION('',(-2.22044604925E-16,0.,1.));
#1778 = DIRECTION('',(1.,0.,2.22044604925E-16));
#1779 = ADVANCED_FACE('',(#1780),#1862,.F.);
#1780 = FACE_BOUND('',#1781,.F.);
#1781 = EDGE_LOOP('',(#1782,#1792,#1800,#1808,#1816,#1824,#1832,#1840,
    #1846,#1847,#1848,#1856));
#1782 = ORIENTED_EDGE('',*,*,#1783,.T.);
#1783 = EDGE_CURVE('',#1784,#1786,#1788,.T.);
#1784 = VERTEX_POINT('',#1785);
#1785 = CARTESIAN_POINT('',(0.,-40.,14.142135623731));
#1786 = VERTEX_POINT('',#1787);
#1787 = CARTESIAN_POINT('',(-1.7763568394E-15,-44.,14.142135623731));
#1788 = LINE('',#1789,#1790);
#1789 = CARTESIAN_POINT('',(-1.95399252334E-14,-277.,14.142135623731));
#1790 = VECTOR('',#1791,1.);
#1791 = DIRECTION('',(0.,-1.,0.));
#1792 = ORIENTED_EDGE('',*,*,#1793,.T.);
#1793 = EDGE_CURVE('',#1786,#1794,#1796,.T.);
#1794 = VERTEX_POINT('',#1795);
#1795 = CARTESIAN_POINT('',(2.6645352591E-15,-54.,14.142135623731));
#1796 = LINE('',#1797,#1798);
#1797 = CARTESIAN_POINT('',(-1.95399252334E-14,-277.,14.142135623731));
#1798 = VECTOR('',#1799,1.);
#1799 = DIRECTION('',(0.,-1.,0.));
#1800 = ORIENTED_EDGE('',*,*,#1801,.T.);
#1801 = EDGE_CURVE('',#1794,#1802,#1804,.T.);
#1802 = VERTEX_POINT('',#1803);
#1803 = CARTESIAN_POINT('',(4.,-54.,10.142135623731));
#1804 = LINE('',#1805,#1806);
#1805 = CARTESIAN_POINT('',(-182.0799961555,-54.,196.22213177926));
#1806 = VECTOR('',#1807,1.);
#1807 = DIRECTION('',(0.707106781187,0.,-0.707106781187));
#1808 = ORIENTED_EDGE('',*,*,#1809,.F.);
#1809 = EDGE_CURVE('',#1810,#1802,#1812,.T.);
#1810 = VERTEX_POINT('',#1811);
#1811 = CARTESIAN_POINT('',(4.,-44.,10.142135623731));
#1812 = LINE('',#1813,#1814);
#1813 = CARTESIAN_POINT('',(4.,-277.,10.142135623731));
#1814 = VECTOR('',#1815,1.);
#1815 = DIRECTION('',(0.,-1.,0.));
#1816 = ORIENTED_EDGE('',*,*,#1817,.F.);
#1817 = EDGE_CURVE('',#1818,#1810,#1820,.T.);
#1818 = VERTEX_POINT('',#1819);
#1819 = CARTESIAN_POINT('',(10.142135623731,-44.,4.));
#1820 = LINE('',#1821,#1822);
#1821 = CARTESIAN_POINT('',(-169.7056274847,-44.,183.8477631085));
#1822 = VECTOR('',#1823,1.);
#1823 = DIRECTION('',(-0.707106781187,0.,0.707106781187));
#1824 = ORIENTED_EDGE('',*,*,#1825,.F.);
#1825 = EDGE_CURVE('',#1826,#1818,#1828,.T.);
#1826 = VERTEX_POINT('',#1827);
#1827 = CARTESIAN_POINT('',(10.142135623731,-54.,4.));
#1828 = LINE('',#1829,#1830);
#1829 = CARTESIAN_POINT('',(10.142135623731,-277.,4.));
#1830 = VECTOR('',#1831,1.);
#1831 = DIRECTION('',(0.,1.,0.));
#1832 = ORIENTED_EDGE('',*,*,#1833,.T.);
#1833 = EDGE_CURVE('',#1826,#1834,#1836,.T.);
#1834 = VERTEX_POINT('',#1835);
#1835 = CARTESIAN_POINT('',(14.142135623731,-54.,-1.7763568394E-14));
#1836 = LINE('',#1837,#1838);
#1837 = CARTESIAN_POINT('',(-169.7056274847,-54.,183.8477631085));
#1838 = VECTOR('',#1839,1.);
#1839 = DIRECTION('',(0.707106781187,0.,-0.707106781187));
#1840 = ORIENTED_EDGE('',*,*,#1841,.T.);
#1841 = EDGE_CURVE('',#1834,#522,#1842,.T.);
#1842 = LINE('',#1843,#1844);
#1843 = CARTESIAN_POINT('',(14.142135623731,-277.,0.));
#1844 = VECTOR('',#1845,1.);
#1845 = DIRECTION('',(0.,1.,0.));
#1846 = ORIENTED_EDGE('',*,*,#521,.T.);
#1847 = ORIENTED_EDGE('',*,*,#404,.T.);
#1848 = ORIENTED_EDGE('',*,*,#1849,.T.);
#1849 = EDGE_CURVE('',#395,#1850,#1852,.T.);
#1850 = VERTEX_POINT('',#1851);
#1851 = CARTESIAN_POINT('',(4.,-40.,10.142135623731));
#1852 = LINE('',#1853,#1854);
#1853 = CARTESIAN_POINT('',(-169.7056274847,-40.,183.8477631085));
#1854 = VECTOR('',#1855,1.);
#1855 = DIRECTION('',(-0.707106781187,0.,0.707106781187));
#1856 = ORIENTED_EDGE('',*,*,#1857,.T.);
#1857 = EDGE_CURVE('',#1850,#1784,#1858,.T.);
#1858 = LINE('',#1859,#1860);
#1859 = CARTESIAN_POINT('',(-174.655374953,-40.,188.7975105768));
#1860 = VECTOR('',#1861,1.);
#1861 = DIRECTION('',(-0.707106781187,0.,0.707106781187));
#1862 = PLANE('',#1863);
#1863 = AXIS2_PLACEMENT_3D('',#1864,#1865,#1866);
#1864 = CARTESIAN_POINT('',(-346.4823227814,-500.,360.62445840513));
#1865 = DIRECTION('',(0.707106781187,0.,0.707106781187));
#1866 = DIRECTION('',(0.707106781187,0.,-0.707106781187));
#1867 = ADVANCED_FACE('',(#1868),#1879,.F.);
#1868 = FACE_BOUND('',#1869,.F.);
#1869 = EDGE_LOOP('',(#1870,#1871,#1877,#1878));
#1870 = ORIENTED_EDGE('',*,*,#1841,.F.);
#1871 = ORIENTED_EDGE('',*,*,#1872,.T.);
#1872 = EDGE_CURVE('',#1834,#1593,#1873,.T.);
#1873 = LINE('',#1874,#1875);
#1874 = CARTESIAN_POINT('',(0.,-54.,0.));
#1875 = VECTOR('',#1876,1.);
#1876 = DIRECTION('',(1.,0.,2.22044604925E-16));
#1877 = ORIENTED_EDGE('',*,*,#1592,.T.);
#1878 = ORIENTED_EDGE('',*,*,#529,.F.);
#1879 = PLANE('',#1880);
#1880 = AXIS2_PLACEMENT_3D('',#1881,#1882,#1883);
#1881 = CARTESIAN_POINT('',(0.,-54.,0.));
#1882 = DIRECTION('',(-2.22044604925E-16,0.,1.));
#1883 = DIRECTION('',(1.,0.,2.22044604925E-16));
#1884 = ADVANCED_FACE('',(#1885),#1896,.F.);
#1885 = FACE_BOUND('',#1886,.F.);
#1886 = EDGE_LOOP('',(#1887,#1893,#1894,#1895));
#1887 = ORIENTED_EDGE('',*,*,#1888,.F.);
#1888 = EDGE_CURVE('',#626,#684,#1889,.T.);
#1889 = LINE('',#1890,#1891);
#1890 = CARTESIAN_POINT('',(-2.828427124746,54.,16.970562748477));
#1891 = VECTOR('',#1892,1.);
#1892 = DIRECTION('',(0.707106781187,0.,-0.707106781187));
#1893 = ORIENTED_EDGE('',*,*,#625,.T.);
#1894 = ORIENTED_EDGE('',*,*,#699,.F.);
#1895 = ORIENTED_EDGE('',*,*,#691,.T.);
#1896 = PLANE('',#1897);
#1897 = AXIS2_PLACEMENT_3D('',#1898,#1899,#1900);
#1898 = CARTESIAN_POINT('',(-2.828427124746,-54.,16.970562748477));
#1899 = DIRECTION('',(0.707106781187,0.,0.707106781187));
#1900 = DIRECTION('',(0.707106781187,0.,-0.707106781187));
#1901 = ADVANCED_FACE('',(#1902),#1913,.T.);
#1902 = FACE_BOUND('',#1903,.T.);
#1903 = EDGE_LOOP('',(#1904,#1905,#1906,#1912));
#1904 = ORIENTED_EDGE('',*,*,#716,.F.);
#1905 = ORIENTED_EDGE('',*,*,#683,.F.);
#1906 = ORIENTED_EDGE('',*,*,#1907,.T.);
#1907 = EDGE_CURVE('',#684,#732,#1908,.T.);
#1908 = LINE('',#1909,#1910);
#1909 = CARTESIAN_POINT('',(-8.881784197001E-16,54.,4.));
#1910 = VECTOR('',#1911,1.);
#1911 = DIRECTION('',(1.,0.,2.22044604925E-16));
#1912 = ORIENTED_EDGE('',*,*,#731,.T.);
#1913 = PLANE('',#1914);
#1914 = AXIS2_PLACEMENT_3D('',#1915,#1916,#1917);
#1915 = CARTESIAN_POINT('',(0.,54.,0.));
#1916 = DIRECTION('',(0.,1.,0.));
#1917 = DIRECTION('',(-2.22044604925E-16,0.,1.));
#1918 = ADVANCED_FACE('',(#1919),#1953,.T.);
#1919 = FACE_BOUND('',#1920,.T.);
#1920 = EDGE_LOOP('',(#1921,#1922,#1923,#1931,#1939,#1947));
#1921 = ORIENTED_EDGE('',*,*,#667,.F.);
#1922 = ORIENTED_EDGE('',*,*,#1734,.T.);
#1923 = ORIENTED_EDGE('',*,*,#1924,.T.);
#1924 = EDGE_CURVE('',#1727,#1925,#1927,.T.);
#1925 = VERTEX_POINT('',#1926);
#1926 = CARTESIAN_POINT('',(15.191020894902,40.,4.607968978322));
#1927 = LINE('',#1928,#1929);
#1928 = CARTESIAN_POINT('',(-171.8269478283,40.,191.62593770155));
#1929 = VECTOR('',#1930,1.);
#1930 = DIRECTION('',(-0.707106781187,0.,0.707106781187));
#1931 = ORIENTED_EDGE('',*,*,#1932,.F.);
#1932 = EDGE_CURVE('',#1933,#1925,#1935,.T.);
#1933 = VERTEX_POINT('',#1934);
#1934 = CARTESIAN_POINT('',(4.607968978322,40.,15.191020894902));
#1935 = LINE('',#1936,#1937);
#1936 = CARTESIAN_POINT('',(-166.87720036,40.,186.67619023324));
#1937 = VECTOR('',#1938,1.);
#1938 = DIRECTION('',(0.707106781187,0.,-0.707106781187));
#1939 = ORIENTED_EDGE('',*,*,#1940,.T.);
#1940 = EDGE_CURVE('',#1933,#1941,#1943,.T.);
#1941 = VERTEX_POINT('',#1942);
#1942 = CARTESIAN_POINT('',(4.,40.,15.798989873223));
#1943 = LINE('',#1944,#1945);
#1944 = CARTESIAN_POINT('',(-171.8269478283,40.,191.62593770155));
#1945 = VECTOR('',#1946,1.);
#1946 = DIRECTION('',(-0.707106781187,0.,0.707106781187));
#1947 = ORIENTED_EDGE('',*,*,#1948,.T.);
#1948 = EDGE_CURVE('',#1941,#660,#1949,.T.);
#1949 = LINE('',#1950,#1951);
#1950 = CARTESIAN_POINT('',(4.,40.,33.498737341529));
#1951 = VECTOR('',#1952,1.);
#1952 = DIRECTION('',(-2.22044604925E-16,0.,-1.));
#1953 = PLANE('',#1954);
#1954 = AXIS2_PLACEMENT_3D('',#1955,#1956,#1957);
#1955 = CARTESIAN_POINT('',(17.5,40.,17.5));
#1956 = DIRECTION('',(-0.,-1.,0.));
#1957 = DIRECTION('',(-0.707106781187,0.,-0.707106781187));
#1958 = ADVANCED_FACE('',(#1959),#1984,.F.);
#1959 = FACE_BOUND('',#1960,.F.);
#1960 = EDGE_LOOP('',(#1961,#1962,#1970,#1978));
#1961 = ORIENTED_EDGE('',*,*,#659,.T.);
#1962 = ORIENTED_EDGE('',*,*,#1963,.T.);
#1963 = EDGE_CURVE('',#652,#1964,#1966,.T.);
#1964 = VERTEX_POINT('',#1965);
#1965 = CARTESIAN_POINT('',(3.552713678801E-15,38.,14.142135623731));
#1966 = LINE('',#1967,#1968);
#1967 = CARTESIAN_POINT('',(-1.95399252334E-14,-277.,14.142135623731));
#1968 = VECTOR('',#1969,1.);
#1969 = DIRECTION('',(0.,-1.,0.));
#1970 = ORIENTED_EDGE('',*,*,#1971,.T.);
#1971 = EDGE_CURVE('',#1964,#1972,#1974,.T.);
#1972 = VERTEX_POINT('',#1973);
#1973 = CARTESIAN_POINT('',(4.,38.,10.142135623731));
#1974 = LINE('',#1975,#1976);
#1975 = CARTESIAN_POINT('',(-180.3299961555,38.,194.47213177926));
#1976 = VECTOR('',#1977,1.);
#1977 = DIRECTION('',(0.707106781187,0.,-0.707106781187));
#1978 = ORIENTED_EDGE('',*,*,#1979,.F.);
#1979 = EDGE_CURVE('',#660,#1972,#1980,.T.);
#1980 = LINE('',#1981,#1982);
#1981 = CARTESIAN_POINT('',(4.,-277.,10.142135623731));
#1982 = VECTOR('',#1983,1.);
#1983 = DIRECTION('',(0.,-1.,0.));
#1984 = PLANE('',#1985);
#1985 = AXIS2_PLACEMENT_3D('',#1986,#1987,#1988);
#1986 = CARTESIAN_POINT('',(-346.4823227814,-500.,360.62445840513));
#1987 = DIRECTION('',(0.707106781187,0.,0.707106781187));
#1988 = DIRECTION('',(0.707106781187,0.,-0.707106781187));
#1989 = ADVANCED_FACE('',(#1990),#2015,.F.);
#1990 = FACE_BOUND('',#1991,.F.);
#1991 = EDGE_LOOP('',(#1992,#2002,#2008,#2009));
#1992 = ORIENTED_EDGE('',*,*,#1993,.F.);
#1993 = EDGE_CURVE('',#1994,#1996,#1998,.T.);
#1994 = VERTEX_POINT('',#1995);
#1995 = CARTESIAN_POINT('',(0.,40.,19.798989873223));
#1996 = VERTEX_POINT('',#1997);
#1997 = CARTESIAN_POINT('',(-1.7763568394E-15,44.,19.798989873223));
#1998 = LINE('',#1999,#2000);
#1999 = CARTESIAN_POINT('',(0.,-54.,19.798989873223));
#2000 = VECTOR('',#2001,1.);
#2001 = DIRECTION('',(0.,1.,0.));
#2002 = ORIENTED_EDGE('',*,*,#2003,.T.);
#2003 = EDGE_CURVE('',#1994,#652,#2004,.T.);
#2004 = LINE('',#2005,#2006);
#2005 = CARTESIAN_POINT('',(0.,40.,49.497474683058));
#2006 = VECTOR('',#2007,1.);
#2007 = DIRECTION('',(0.,0.,-1.));
#2008 = ORIENTED_EDGE('',*,*,#651,.F.);
#2009 = ORIENTED_EDGE('',*,*,#2010,.F.);
#2010 = EDGE_CURVE('',#1996,#644,#2011,.T.);
#2011 = LINE('',#2012,#2013);
#2012 = CARTESIAN_POINT('',(0.,44.,49.497474683058));
#2013 = VECTOR('',#2014,1.);
#2014 = DIRECTION('',(0.,0.,-1.));
#2015 = PLANE('',#2016);
#2016 = AXIS2_PLACEMENT_3D('',#2017,#2018,#2019);
#2017 = CARTESIAN_POINT('',(1.099064721079E-14,-54.,49.497474683058));
#2018 = DIRECTION('',(1.,0.,-2.22044604925E-16));
#2019 = DIRECTION('',(-2.22044604925E-16,0.,-1.));
#2020 = ADVANCED_FACE('',(#2021),#2039,.F.);
#2021 = FACE_BOUND('',#2022,.F.);
#2022 = EDGE_LOOP('',(#2023,#2031,#2032,#2033));
#2023 = ORIENTED_EDGE('',*,*,#2024,.F.);
#2024 = EDGE_CURVE('',#1996,#2025,#2027,.T.);
#2025 = VERTEX_POINT('',#2026);
#2026 = CARTESIAN_POINT('',(0.,54.,19.798989873223));
#2027 = LINE('',#2028,#2029);
#2028 = CARTESIAN_POINT('',(0.,-54.,19.798989873223));
#2029 = VECTOR('',#2030,1.);
#2030 = DIRECTION('',(0.,1.,0.));
#2031 = ORIENTED_EDGE('',*,*,#2010,.T.);
#2032 = ORIENTED_EDGE('',*,*,#643,.F.);
#2033 = ORIENTED_EDGE('',*,*,#2034,.F.);
#2034 = EDGE_CURVE('',#2025,#636,#2035,.T.);
#2035 = LINE('',#2036,#2037);
#2036 = CARTESIAN_POINT('',(1.099064721079E-14,54.,49.497474683058));
#2037 = VECTOR('',#2038,1.);
#2038 = DIRECTION('',(-2.22044604925E-16,0.,-1.));
#2039 = PLANE('',#2040);
#2040 = AXIS2_PLACEMENT_3D('',#2041,#2042,#2043);
#2041 = CARTESIAN_POINT('',(1.099064721079E-14,-54.,49.497474683058));
#2042 = DIRECTION('',(1.,0.,-2.22044604925E-16));
#2043 = DIRECTION('',(-2.22044604925E-16,0.,-1.));
#2044 = ADVANCED_FACE('',(#2045),#2063,.T.);
#2045 = FACE_BOUND('',#2046,.T.);
#2046 = EDGE_LOOP('',(#2047,#2048,#2056,#2062));
#2047 = ORIENTED_EDGE('',*,*,#2034,.F.);
#2048 = ORIENTED_EDGE('',*,*,#2049,.T.);
#2049 = EDGE_CURVE('',#2025,#2050,#2052,.T.);
#2050 = VERTEX_POINT('',#2051);
#2051 = CARTESIAN_POINT('',(4.,54.,15.798989873223));
#2052 = LINE('',#2053,#2054);
#2053 = CARTESIAN_POINT('',(0.,54.,19.798989873223));
#2054 = VECTOR('',#2055,1.);
#2055 = DIRECTION('',(0.707106781187,0.,-0.707106781187));
#2056 = ORIENTED_EDGE('',*,*,#2057,.T.);
#2057 = EDGE_CURVE('',#2050,#626,#2058,.T.);
#2058 = LINE('',#2059,#2060);
#2059 = CARTESIAN_POINT('',(4.,54.,49.497474683058));
#2060 = VECTOR('',#2061,1.);
#2061 = DIRECTION('',(-2.22044604925E-16,0.,-1.));
#2062 = ORIENTED_EDGE('',*,*,#635,.F.);
#2063 = PLANE('',#2064);
#2064 = AXIS2_PLACEMENT_3D('',#2065,#2066,#2067);
#2065 = CARTESIAN_POINT('',(1.099064721079E-14,54.,49.497474683058));
#2066 = DIRECTION('',(0.,1.,0.));
#2067 = DIRECTION('',(1.,0.,-2.22044604925E-16));
#2068 = ADVANCED_FACE('',(#2069),#2080,.F.);
#2069 = FACE_BOUND('',#2070,.F.);
#2070 = EDGE_LOOP('',(#2071,#2072,#2078,#2079));
#2071 = ORIENTED_EDGE('',*,*,#1575,.F.);
#2072 = ORIENTED_EDGE('',*,*,#2073,.F.);
#2073 = EDGE_CURVE('',#755,#1576,#2074,.T.);
#2074 = LINE('',#2075,#2076);
#2075 = CARTESIAN_POINT('',(34.473358543988,49.,1.9));
#2076 = VECTOR('',#2077,1.);
#2077 = DIRECTION('',(0.707106781187,-1.731912112471E-16,0.707106781187)
  );
#2078 = ORIENTED_EDGE('',*,*,#762,.T.);
#2079 = ORIENTED_EDGE('',*,*,#2073,.T.);
#2080 = CONICAL_SURFACE('',#2081,2.3,0.785398163397);
#2081 = AXIS2_PLACEMENT_3D('',#2082,#2083,#2084);
#2082 = CARTESIAN_POINT('',(32.173358543988,49.,1.9));
#2083 = DIRECTION('',(-2.22044604925E-16,0.,1.));
#2084 = DIRECTION('',(1.,0.,2.22044604925E-16));
#2085 = ADVANCED_FACE('',(#2086),#2111,.T.);
#2086 = FACE_BOUND('',#2087,.T.);
#2087 = EDGE_LOOP('',(#2088,#2096,#2097,#2105));
#2088 = ORIENTED_EDGE('',*,*,#2089,.F.);
#2089 = EDGE_CURVE('',#780,#2090,#2092,.T.);
#2090 = VERTEX_POINT('',#2091);
#2091 = CARTESIAN_POINT('',(4.,-44.,15.798989873223));
#2092 = LINE('',#2093,#2094);
#2093 = CARTESIAN_POINT('',(4.949747468306,-44.,14.849242404917));
#2094 = VECTOR('',#2095,1.);
#2095 = DIRECTION('',(-0.707106781187,0.,0.707106781187));
#2096 = ORIENTED_EDGE('',*,*,#779,.T.);
#2097 = ORIENTED_EDGE('',*,*,#2098,.T.);
#2098 = EDGE_CURVE('',#782,#2099,#2101,.T.);
#2099 = VERTEX_POINT('',#2100);
#2100 = CARTESIAN_POINT('',(4.,-44.,45.497474683058));
#2101 = LINE('',#2102,#2103);
#2102 = CARTESIAN_POINT('',(49.497474683058,-44.,-7.105427357601E-15));
#2103 = VECTOR('',#2104,1.);
#2104 = DIRECTION('',(-0.707106781187,0.,0.707106781187));
#2105 = ORIENTED_EDGE('',*,*,#2106,.T.);
#2106 = EDGE_CURVE('',#2099,#2090,#2107,.T.);
#2107 = LINE('',#2108,#2109);
#2108 = CARTESIAN_POINT('',(4.,-44.,33.498737341529));
#2109 = VECTOR('',#2110,1.);
#2110 = DIRECTION('',(-2.22044604925E-16,0.,-1.));
#2111 = PLANE('',#2112);
#2112 = AXIS2_PLACEMENT_3D('',#2113,#2114,#2115);
#2113 = CARTESIAN_POINT('',(17.5,-44.,17.5));
#2114 = DIRECTION('',(-0.,-1.,0.));
#2115 = DIRECTION('',(-0.707106781187,0.,-0.707106781187));
#2116 = ADVANCED_FACE('',(#2117),#2135,.T.);
#2117 = FACE_BOUND('',#2118,.T.);
#2118 = EDGE_LOOP('',(#2119,#2127,#2133,#2134));
#2119 = ORIENTED_EDGE('',*,*,#2120,.T.);
#2120 = EDGE_CURVE('',#2090,#2121,#2123,.T.);
#2121 = VERTEX_POINT('',#2122);
#2122 = CARTESIAN_POINT('',(4.,-54.,15.798989873223));
#2123 = LINE('',#2124,#2125);
#2124 = CARTESIAN_POINT('',(4.,-54.,15.798989873223));
#2125 = VECTOR('',#2126,1.);
#2126 = DIRECTION('',(0.,-1.,0.));
#2127 = ORIENTED_EDGE('',*,*,#2128,.T.);
#2128 = EDGE_CURVE('',#2121,#790,#2129,.T.);
#2129 = LINE('',#2130,#2131);
#2130 = CARTESIAN_POINT('',(0.,-54.,19.798989873223));
#2131 = VECTOR('',#2132,1.);
#2132 = DIRECTION('',(0.707106781187,0.,-0.707106781187));
#2133 = ORIENTED_EDGE('',*,*,#789,.T.);
#2134 = ORIENTED_EDGE('',*,*,#2089,.T.);
#2135 = PLANE('',#2136);
#2136 = AXIS2_PLACEMENT_3D('',#2137,#2138,#2139);
#2137 = CARTESIAN_POINT('',(0.,-54.,19.798989873223));
#2138 = DIRECTION('',(0.707106781187,0.,0.707106781187));
#2139 = DIRECTION('',(0.707106781187,0.,-0.707106781187));
#2140 = ADVANCED_FACE('',(#2141),#2159,.T.);
#2141 = FACE_BOUND('',#2142,.T.);
#2142 = EDGE_LOOP('',(#2143,#2144,#2145,#2153));
#2143 = ORIENTED_EDGE('',*,*,#2098,.F.);
#2144 = ORIENTED_EDGE('',*,*,#830,.T.);
#2145 = ORIENTED_EDGE('',*,*,#2146,.F.);
#2146 = EDGE_CURVE('',#2147,#822,#2149,.T.);
#2147 = VERTEX_POINT('',#2148);
#2148 = CARTESIAN_POINT('',(4.,-42.7,45.497474683058));
#2149 = LINE('',#2150,#2151);
#2150 = CARTESIAN_POINT('',(2.61629509039,-42.7,46.881179592668));
#2151 = VECTOR('',#2152,1.);
#2152 = DIRECTION('',(0.707106781187,0.,-0.707106781187));
#2153 = ORIENTED_EDGE('',*,*,#2154,.T.);
#2154 = EDGE_CURVE('',#2147,#2099,#2155,.T.);
#2155 = LINE('',#2156,#2157);
#2156 = CARTESIAN_POINT('',(4.,-49.,45.497474683058));
#2157 = VECTOR('',#2158,1.);
#2158 = DIRECTION('',(0.,-1.,-0.));
#2159 = PLANE('',#2160);
#2160 = AXIS2_PLACEMENT_3D('',#2161,#2162,#2163);
#2161 = CARTESIAN_POINT('',(49.497474683058,-44.,-7.105427357601E-15));
#2162 = DIRECTION('',(0.707106781187,0.,0.707106781187));
#2163 = DIRECTION('',(-0.707106781187,0.,0.707106781187));
#2164 = ADVANCED_FACE('',(#2165),#2184,.T.);
#2165 = FACE_BOUND('',#2166,.T.);
#2166 = EDGE_LOOP('',(#2167,#2175,#2182,#2183));
#2167 = ORIENTED_EDGE('',*,*,#2168,.F.);
#2168 = EDGE_CURVE('',#2169,#814,#2171,.T.);
#2169 = VERTEX_POINT('',#2170);
#2170 = CARTESIAN_POINT('',(4.,-42.56527649044,46.003200569841));
#2171 = LINE('',#2172,#2173);
#2172 = CARTESIAN_POINT('',(2.869158033782,-42.56527649044,
    47.134042536059));
#2173 = VECTOR('',#2174,1.);
#2174 = DIRECTION('',(0.707106781187,0.,-0.707106781187));
#2175 = ORIENTED_EDGE('',*,*,#2176,.T.);
#2176 = EDGE_CURVE('',#2169,#2147,#2177,.T.);
#2177 = ELLIPSE('',#2178,3.535533905933,2.5);
#2178 = AXIS2_PLACEMENT_3D('',#2179,#2180,#2181);
#2179 = CARTESIAN_POINT('',(4.,-40.3,44.507525189397));
#2180 = DIRECTION('',(1.,0.,-2.22044604925E-16));
#2181 = DIRECTION('',(-2.22044604925E-16,0.,-1.));
#2182 = ORIENTED_EDGE('',*,*,#2146,.T.);
#2183 = ORIENTED_EDGE('',*,*,#821,.T.);
#2184 = CYLINDRICAL_SURFACE('',#2185,2.5);
#2185 = AXIS2_PLACEMENT_3D('',#2186,#2187,#2188);
#2186 = CARTESIAN_POINT('',(2.12132034356,-40.3,46.386204845838));
#2187 = DIRECTION('',(0.707106781187,0.,-0.707106781187));
#2188 = DIRECTION('',(0.640716947063,0.423040881586,0.640716947063));
#2189 = ADVANCED_FACE('',(#2190,#2217,#2251,#2285,#2319),#2353,.T.);
#2190 = FACE_BOUND('',#2191,.T.);
#2191 = EDGE_LOOP('',(#2192,#2193,#2201,#2209,#2215,#2216));
#2192 = ORIENTED_EDGE('',*,*,#872,.F.);
#2193 = ORIENTED_EDGE('',*,*,#2194,.T.);
#2194 = EDGE_CURVE('',#864,#2195,#2197,.T.);
#2195 = VERTEX_POINT('',#2196);
#2196 = CARTESIAN_POINT('',(20.218304914144,-33.61975983246,
    56.881776229079));
#2197 = LINE('',#2198,#2199);
#2198 = CARTESIAN_POINT('',(-138.226654725,-33.61975983246,
    215.32673586824));
#2199 = VECTOR('',#2200,1.);
#2200 = DIRECTION('',(-0.707106781187,0.,0.707106781187));
#2201 = ORIENTED_EDGE('',*,*,#2202,.F.);
#2202 = EDGE_CURVE('',#2203,#2195,#2205,.T.);
#2203 = VERTEX_POINT('',#2204);
#2204 = CARTESIAN_POINT('',(4.,-41.98219504464,47.769413624425));
#2205 = LINE('',#2206,#2207);
#2206 = CARTESIAN_POINT('',(2.869158033782,-42.56527649044,
    47.134042536059));
#2207 = VECTOR('',#2208,1.);
#2208 = DIRECTION('',(0.795168881187,0.41000266593,0.446770930481));
#2209 = ORIENTED_EDGE('',*,*,#2210,.F.);
#2210 = EDGE_CURVE('',#2169,#2203,#2211,.T.);
#2211 = LINE('',#2212,#2213);
#2212 = CARTESIAN_POINT('',(4.,-44.39198045768,40.46992830222));
#2213 = VECTOR('',#2214,1.);
#2214 = DIRECTION('',(1.665334536938E-16,0.313489517633,0.949591660839)
  );
#2215 = ORIENTED_EDGE('',*,*,#2168,.T.);
#2216 = ORIENTED_EDGE('',*,*,#813,.F.);
#2217 = FACE_BOUND('',#2218,.T.);
#2218 = EDGE_LOOP('',(#2219,#2229,#2237,#2245));
#2219 = ORIENTED_EDGE('',*,*,#2220,.F.);
#2220 = EDGE_CURVE('',#2221,#2223,#2225,.T.);
#2221 = VERTEX_POINT('',#2222);
#2222 = CARTESIAN_POINT('',(22.798547263367,-35.42167738607,
    48.84334218227));
#2223 = VERTEX_POINT('',#2224);
#2224 = CARTESIAN_POINT('',(15.38882484621,-39.24225690913,
    44.680140304983));
#2225 = LINE('',#2226,#2227);
#2226 = CARTESIAN_POINT('',(18.839442963265,-37.46305923104,
    46.618893069791));
#2227 = VECTOR('',#2228,1.);
#2228 = DIRECTION('',(-0.795168881187,-0.41000266593,-0.446770930481));
#2229 = ORIENTED_EDGE('',*,*,#2230,.T.);
#2230 = EDGE_CURVE('',#2221,#2231,#2233,.T.);
#2231 = VERTEX_POINT('',#2232);
#2232 = CARTESIAN_POINT('',(25.417927680551,-35.42167738607,
    46.223961765086));
#2233 = LINE('',#2234,#2235);
#2234 = CARTESIAN_POINT('',(42.332143452545,-35.42167738607,
    29.309745993093));
#2235 = VECTOR('',#2236,1.);
#2236 = DIRECTION('',(0.707106781187,0.,-0.707106781187));
#2237 = ORIENTED_EDGE('',*,*,#2238,.F.);
#2238 = EDGE_CURVE('',#2239,#2231,#2241,.T.);
#2239 = VERTEX_POINT('',#2240);
#2240 = CARTESIAN_POINT('',(19.631465533329,-39.24225690913,
    40.437499617864));
#2241 = LINE('',#2242,#2243);
#2242 = CARTESIAN_POINT('',(24.027232760058,-36.33990002382,
    44.833266844593));
#2243 = VECTOR('',#2244,1.);
#2244 = DIRECTION('',(0.640716947063,0.423040881586,0.640716947063));
#2245 = ORIENTED_EDGE('',*,*,#2246,.T.);
#2246 = EDGE_CURVE('',#2239,#2223,#2247,.T.);
#2247 = LINE('',#2248,#2249);
#2248 = CARTESIAN_POINT('',(22.711653710903,-39.24225690913,
    37.35731144029));
#2249 = VECTOR('',#2250,1.);
#2250 = DIRECTION('',(-0.707106781187,0.,0.707106781187));
#2251 = FACE_BOUND('',#2252,.T.);
#2252 = EDGE_LOOP('',(#2253,#2263,#2271,#2279));
#2253 = ORIENTED_EDGE('',*,*,#2254,.F.);
#2254 = EDGE_CURVE('',#2255,#2257,#2259,.T.);
#2255 = VERTEX_POINT('',#2256);
#2256 = CARTESIAN_POINT('',(25.995426564008,-39.24225690913,
    34.073538587185));
#2257 = VERTEX_POINT('',#2258);
#2258 = CARTESIAN_POINT('',(31.78188871123,-35.42167738607,
    39.860000734407));
#2259 = LINE('',#2260,#2261);
#2260 = CARTESIAN_POINT('',(30.391193790737,-36.33990002382,
    38.469305813914));
#2261 = VECTOR('',#2262,1.);
#2262 = DIRECTION('',(0.640716947063,0.423040881586,0.640716947063));
#2263 = ORIENTED_EDGE('',*,*,#2264,.T.);
#2264 = EDGE_CURVE('',#2255,#2265,#2267,.T.);
#2265 = VERTEX_POINT('',#2266);
#2266 = CARTESIAN_POINT('',(21.752785876889,-39.24225690913,
    38.316179274305));
#2267 = LINE('',#2268,#2269);
#2268 = CARTESIAN_POINT('',(22.711653710903,-39.24225690913,
    37.35731144029));
#2269 = VECTOR('',#2270,1.);
#2270 = DIRECTION('',(-0.707106781187,0.,0.707106781187));
#2271 = ORIENTED_EDGE('',*,*,#2272,.T.);
#2272 = EDGE_CURVE('',#2265,#2273,#2275,.T.);
#2273 = VERTEX_POINT('',#2274);
#2274 = CARTESIAN_POINT('',(27.539248024111,-35.42167738607,
    44.102641421527));
#2275 = LINE('',#2276,#2277);
#2276 = CARTESIAN_POINT('',(26.148553103618,-36.33990002382,
    42.711946501034));
#2277 = VECTOR('',#2278,1.);
#2278 = DIRECTION('',(0.640716947063,0.423040881586,0.640716947063));
#2279 = ORIENTED_EDGE('',*,*,#2280,.T.);
#2280 = EDGE_CURVE('',#2273,#2257,#2281,.T.);
#2281 = LINE('',#2282,#2283);
#2282 = CARTESIAN_POINT('',(42.332143452545,-35.42167738607,
    29.309745993093));
#2283 = VECTOR('',#2284,1.);
#2284 = DIRECTION('',(0.707106781187,0.,-0.707106781187));
#2285 = FACE_BOUND('',#2286,.T.);
#2286 = EDGE_LOOP('',(#2287,#2297,#2305,#2313));
#2287 = ORIENTED_EDGE('',*,*,#2288,.F.);
#2288 = EDGE_CURVE('',#2289,#2291,#2293,.T.);
#2289 = VERTEX_POINT('',#2290);
#2290 = CARTESIAN_POINT('',(32.359387594687,-39.24225690913,
    27.709577556506));
#2291 = VERTEX_POINT('',#2292);
#2292 = CARTESIAN_POINT('',(38.145849741909,-35.42167738607,
    33.496039703729));
#2293 = LINE('',#2294,#2295);
#2294 = CARTESIAN_POINT('',(36.755154821416,-36.33990002382,
    32.105344783235));
#2295 = VECTOR('',#2296,1.);
#2296 = DIRECTION('',(0.640716947063,0.423040881586,0.640716947063));
#2297 = ORIENTED_EDGE('',*,*,#2298,.T.);
#2298 = EDGE_CURVE('',#2289,#2299,#2301,.T.);
#2299 = VERTEX_POINT('',#2300);
#2300 = CARTESIAN_POINT('',(28.116746907568,-39.24225690913,
    31.952218243626));
#2301 = LINE('',#2302,#2303);
#2302 = CARTESIAN_POINT('',(22.711653710903,-39.24225690913,
    37.35731144029));
#2303 = VECTOR('',#2304,1.);
#2304 = DIRECTION('',(-0.707106781187,0.,0.707106781187));
#2305 = ORIENTED_EDGE('',*,*,#2306,.T.);
#2306 = EDGE_CURVE('',#2299,#2307,#2309,.T.);
#2307 = VERTEX_POINT('',#2308);
#2308 = CARTESIAN_POINT('',(33.90320905479,-35.42167738607,
    37.738680390848));
#2309 = LINE('',#2310,#2311);
#2310 = CARTESIAN_POINT('',(32.512514134297,-36.33990002382,
    36.347985470355));
#2311 = VECTOR('',#2312,1.);
#2312 = DIRECTION('',(0.640716947063,0.423040881586,0.640716947063));
#2313 = ORIENTED_EDGE('',*,*,#2314,.T.);
#2314 = EDGE_CURVE('',#2307,#2291,#2315,.T.);
#2315 = LINE('',#2316,#2317);
#2316 = CARTESIAN_POINT('',(42.332143452545,-35.42167738607,
    29.309745993093));
#2317 = VECTOR('',#2318,1.);
#2318 = DIRECTION('',(0.707106781187,0.,-0.707106781187));
#2319 = FACE_BOUND('',#2320,.T.);
#2320 = EDGE_LOOP('',(#2321,#2331,#2339,#2347));
#2321 = ORIENTED_EDGE('',*,*,#2322,.F.);
#2322 = EDGE_CURVE('',#2323,#2325,#2327,.T.);
#2323 = VERTEX_POINT('',#2324);
#2324 = CARTESIAN_POINT('',(38.723348625366,-39.24225690913,
    21.345616525827));
#2325 = VERTEX_POINT('',#2326);
#2326 = CARTESIAN_POINT('',(44.509810772588,-35.42167738607,
    27.13207867305));
#2327 = LINE('',#2328,#2329);
#2328 = CARTESIAN_POINT('',(43.119115852095,-36.33990002382,
    25.741383752556));
#2329 = VECTOR('',#2330,1.);
#2330 = DIRECTION('',(0.640716947063,0.423040881586,0.640716947063));
#2331 = ORIENTED_EDGE('',*,*,#2332,.T.);
#2332 = EDGE_CURVE('',#2323,#2333,#2335,.T.);
#2333 = VERTEX_POINT('',#2334);
#2334 = CARTESIAN_POINT('',(34.480707938247,-39.24225690913,
    25.588257212947));
#2335 = LINE('',#2336,#2337);
#2336 = CARTESIAN_POINT('',(22.711653710903,-39.24225690913,
    37.35731144029));
#2337 = VECTOR('',#2338,1.);
#2338 = DIRECTION('',(-0.707106781187,0.,0.707106781187));
#2339 = ORIENTED_EDGE('',*,*,#2340,.T.);
#2340 = EDGE_CURVE('',#2333,#2341,#2343,.T.);
#2341 = VERTEX_POINT('',#2342);
#2342 = CARTESIAN_POINT('',(40.267170085469,-35.42167738607,
    31.374719360169));
#2343 = LINE('',#2344,#2345);
#2344 = CARTESIAN_POINT('',(38.876475164976,-36.33990002382,
    29.984024439676));
#2345 = VECTOR('',#2346,1.);
#2346 = DIRECTION('',(0.640716947063,0.423040881586,0.640716947063));
#2347 = ORIENTED_EDGE('',*,*,#2348,.T.);
#2348 = EDGE_CURVE('',#2341,#2325,#2349,.T.);
#2349 = LINE('',#2350,#2351);
#2350 = CARTESIAN_POINT('',(42.332143452545,-35.42167738607,
    29.309745993093));
#2351 = VECTOR('',#2352,1.);
#2352 = DIRECTION('',(0.707106781187,0.,-0.707106781187));
#2353 = PLANE('',#2354);
#2354 = AXIS2_PLACEMENT_3D('',#2355,#2356,#2357);
#2355 = CARTESIAN_POINT('',(32.39883793477,-37.68116354315,
    32.39883793477));
#2356 = DIRECTION('',(0.299135076089,-0.906110596178,0.299135076089));
#2357 = DIRECTION('',(-0.640716947063,-0.423040881586,-0.640716947063));
#2358 = ADVANCED_FACE('',(#2359),#2378,.F.);
#2359 = FACE_BOUND('',#2360,.F.);
#2360 = EDGE_LOOP('',(#2361,#2362,#2370,#2377));
#2361 = ORIENTED_EDGE('',*,*,#838,.F.);
#2362 = ORIENTED_EDGE('',*,*,#2363,.F.);
#2363 = EDGE_CURVE('',#2364,#839,#2366,.T.);
#2364 = VERTEX_POINT('',#2365);
#2365 = CARTESIAN_POINT('',(34.473358543988,-49.,1.9));
#2366 = LINE('',#2367,#2368);
#2367 = CARTESIAN_POINT('',(34.473358543988,-49.,1.9));
#2368 = VECTOR('',#2369,1.);
#2369 = DIRECTION('',(0.707106781187,-1.731912112471E-16,0.707106781187)
  );
#2370 = ORIENTED_EDGE('',*,*,#2371,.T.);
#2371 = EDGE_CURVE('',#2364,#2364,#2372,.T.);
#2372 = CIRCLE('',#2373,2.3);
#2373 = AXIS2_PLACEMENT_3D('',#2374,#2375,#2376);
#2374 = CARTESIAN_POINT('',(32.173358543988,-49.,1.9));
#2375 = DIRECTION('',(-2.22044604925E-16,0.,1.));
#2376 = DIRECTION('',(1.,0.,2.22044604925E-16));
#2377 = ORIENTED_EDGE('',*,*,#2363,.T.);
#2378 = CONICAL_SURFACE('',#2379,2.3,0.785398163397);
#2379 = AXIS2_PLACEMENT_3D('',#2380,#2381,#2382);
#2380 = CARTESIAN_POINT('',(32.173358543988,-49.,1.9));
#2381 = DIRECTION('',(-2.22044604925E-16,0.,1.));
#2382 = DIRECTION('',(1.,0.,2.22044604925E-16));
#2383 = ADVANCED_FACE('',(#2384),#2419,.T.);
#2384 = FACE_BOUND('',#2385,.T.);
#2385 = EDGE_LOOP('',(#2386,#2394,#2403,#2412,#2418));
#2386 = ORIENTED_EDGE('',*,*,#2387,.F.);
#2387 = EDGE_CURVE('',#2388,#856,#2390,.T.);
#2388 = VERTEX_POINT('',#2389);
#2389 = CARTESIAN_POINT('',(59.018813533652,-30.94422641472,
    19.521684319608));
#2390 = LINE('',#2391,#2392);
#2391 = CARTESIAN_POINT('',(60.140757540471,-29.91461593105,
    21.518535277876));
#2392 = VECTOR('',#2393,1.);
#2393 = DIRECTION('',(-0.446770930481,-0.41000266593,-0.795168881187));
#2394 = ORIENTED_EDGE('',*,*,#2395,.T.);
#2395 = EDGE_CURVE('',#2388,#2396,#2398,.T.);
#2396 = VERTEX_POINT('',#2397);
#2397 = CARTESIAN_POINT('',(58.545562999797,-32.20749349206,
    19.278280699505));
#2398 = ELLIPSE('',#2399,3.576670186333,2.5);
#2399 = AXIS2_PLACEMENT_3D('',#2400,#2401,#2402);
#2400 = CARTESIAN_POINT('',(56.086711002707,-31.39782415585,
    19.386411023038));
#2401 = DIRECTION('',(1.703708685547E-02,0.183012701892,-0.982962913145)
  );
#2402 = DIRECTION('',(-0.64137786403,-0.752186420755,-0.151162243843));
#2403 = ORIENTED_EDGE('',*,*,#2404,.T.);
#2404 = EDGE_CURVE('',#2396,#2405,#2407,.T.);
#2405 = VERTEX_POINT('',#2406);
#2406 = CARTESIAN_POINT('',(57.413601822003,-33.13170231566,
    21.16485522183));
#2407 = ELLIPSE('',#2408,2.589248709087,2.5);
#2408 = AXIS2_PLACEMENT_3D('',#2409,#2410,#2411);
#2409 = CARTESIAN_POINT('',(56.565479720551,-30.95845705006,
    20.238529994399));
#2410 = DIRECTION('',(-0.612372435696,-0.5,-0.612372435696));
#2411 = DIRECTION('',(0.555130085276,0.279547547269,-0.783379701828));
#2412 = ORIENTED_EDGE('',*,*,#2413,.T.);
#2413 = EDGE_CURVE('',#2405,#864,#2414,.T.);
#2414 = LINE('',#2415,#2416);
#2415 = CARTESIAN_POINT('',(58.672898632328,-31.976042862,
    23.406168537965));
#2416 = VECTOR('',#2417,1.);
#2417 = DIRECTION('',(-0.446770930481,-0.41000266593,-0.795168881187));
#2418 = ORIENTED_EDGE('',*,*,#863,.T.);
#2419 = CYLINDRICAL_SURFACE('',#2420,2.5);
#2420 = AXIS2_PLACEMENT_3D('',#2421,#2422,#2423);
#2421 = CARTESIAN_POINT('',(57.925060942106,-29.71076637155,
    22.658330847743));
#2422 = DIRECTION('',(-0.446770930481,-0.41000266593,-0.795168881187));
#2423 = DIRECTION('',(-0.122089758443,0.908432204991,-0.399806227838));
#2424 = ADVANCED_FACE('',(#2425),#2646,.T.);
#2425 = FACE_BOUND('',#2426,.T.);
#2426 = EDGE_LOOP('',(#2427,#2437,#2444,#2445,#2454,#2462,#2470,#2478,
    #2486,#2494,#2502,#2510,#2518,#2526,#2534,#2542,#2550,#2558,#2566,
    #2574,#2582,#2590,#2598,#2606,#2615,#2623,#2632,#2640));
#2427 = ORIENTED_EDGE('',*,*,#2428,.T.);
#2428 = EDGE_CURVE('',#2429,#2431,#2433,.T.);
#2429 = VERTEX_POINT('',#2430);
#2430 = CARTESIAN_POINT('',(58.390066409385,-32.04972480532,
    19.304959696614));
#2431 = VERTEX_POINT('',#2432);
#2432 = CARTESIAN_POINT('',(59.973206949524,-23.69404064485,
    20.888100236753));
#2433 = LINE('',#2434,#2435);
#2434 = CARTESIAN_POINT('',(58.390066409385,-32.04972480532,
    19.304959696614));
#2435 = VECTOR('',#2436,1.);
#2436 = DIRECTION('',(0.183012701892,0.965925826289,0.183012701892));
#2437 = ORIENTED_EDGE('',*,*,#2438,.T.);
#2438 = EDGE_CURVE('',#2431,#891,#2439,.T.);
#2439 = CIRCLE('',#2440,4.7);
#2440 = AXIS2_PLACEMENT_3D('',#2441,#2442,#2443);
#2441 = CARTESIAN_POINT('',(62.643963736265,-20.04775061223,
    19.59905904885));
#2442 = DIRECTION('',(0.683012701892,-0.258819045103,0.683012701892));
#2443 = DIRECTION('',(0.707106781187,0.,-0.707106781187));
#2444 = ORIENTED_EDGE('',*,*,#888,.F.);
#2445 = ORIENTED_EDGE('',*,*,#2446,.F.);
#2446 = EDGE_CURVE('',#2447,#889,#2449,.T.);
#2447 = VERTEX_POINT('',#2448);
#2448 = CARTESIAN_POINT('',(59.963620154953,-23.37143386886,
    21.01993479842));
#2449 = CIRCLE('',#2450,4.5);
#2450 = AXIS2_PLACEMENT_3D('',#2451,#2452,#2453);
#2451 = CARTESIAN_POINT('',(62.643963736265,-20.04775061223,
    19.59905904885));
#2452 = DIRECTION('',(0.683012701892,-0.258819045103,0.683012701892));
#2453 = DIRECTION('',(0.707106781187,0.,-0.707106781187));
#2454 = ORIENTED_EDGE('',*,*,#2455,.F.);
#2455 = EDGE_CURVE('',#2456,#2447,#2458,.T.);
#2456 = VERTEX_POINT('',#2457);
#2457 = CARTESIAN_POINT('',(59.600444644512,-25.2882440213,
    20.656759287978));
#2458 = LINE('',#2459,#2460);
#2459 = CARTESIAN_POINT('',(59.600444644512,-25.2882440213,
    20.656759287978));
#2460 = VECTOR('',#2461,1.);
#2461 = DIRECTION('',(0.183012701892,0.965925826289,0.183012701892));
#2462 = ORIENTED_EDGE('',*,*,#2463,.F.);
#2463 = EDGE_CURVE('',#2464,#2456,#2466,.T.);
#2464 = VERTEX_POINT('',#2465);
#2465 = CARTESIAN_POINT('',(57.549834979071,-25.2882440213,
    22.707368953419));
#2466 = LINE('',#2467,#2468);
#2467 = CARTESIAN_POINT('',(56.064910738579,-25.2882440213,
    24.192293193911));
#2468 = VECTOR('',#2469,1.);
#2469 = DIRECTION('',(0.707106781187,0.,-0.707106781187));
#2470 = ORIENTED_EDGE('',*,*,#2471,.F.);
#2471 = EDGE_CURVE('',#2472,#2464,#2474,.T.);
#2472 = VERTEX_POINT('',#2473);
#2473 = CARTESIAN_POINT('',(56.817784171502,-29.15194732645,
    21.97531814585));
#2474 = LINE('',#2475,#2476);
#2475 = CARTESIAN_POINT('',(13.762889228069,-256.3921035781,
    -21.07957679758));
#2476 = VECTOR('',#2477,1.);
#2477 = DIRECTION('',(0.183012701892,0.965925826289,0.183012701892));
#2478 = ORIENTED_EDGE('',*,*,#2479,.T.);
#2479 = EDGE_CURVE('',#2472,#2480,#2482,.T.);
#2480 = VERTEX_POINT('',#2481);
#2481 = CARTESIAN_POINT('',(52.999407553094,-29.15194732645,
    25.793694764258));
#2482 = LINE('',#2483,#2484);
#2483 = CARTESIAN_POINT('',(-146.0907606443,-29.15194732645,
    224.88386296172));
#2484 = VECTOR('',#2485,1.);
#2485 = DIRECTION('',(-0.707106781187,0.,0.707106781187));
#2486 = ORIENTED_EDGE('',*,*,#2487,.F.);
#2487 = EDGE_CURVE('',#2488,#2480,#2490,.T.);
#2488 = VERTEX_POINT('',#2489);
#2489 = CARTESIAN_POINT('',(52.468670717607,-31.95313222269,
    25.26295792877));
#2490 = LINE('',#2491,#2492);
#2491 = CARTESIAN_POINT('',(52.468670717607,-31.95313222269,
    25.26295792877));
#2492 = VECTOR('',#2493,1.);
#2493 = DIRECTION('',(0.183012701892,0.965925826289,0.183012701892));
#2494 = ORIENTED_EDGE('',*,*,#2495,.F.);
#2495 = EDGE_CURVE('',#2496,#2488,#2498,.T.);
#2496 = VERTEX_POINT('',#2497);
#2497 = CARTESIAN_POINT('',(48.625302117125,-31.95313222269,
    29.106326529252));
#2498 = LINE('',#2499,#2500);
#2499 = CARTESIAN_POINT('',(48.625302117125,-31.95313222269,
    29.106326529252));
#2500 = VECTOR('',#2501,1.);
#2501 = DIRECTION('',(0.707106781187,0.,-0.707106781187));
#2502 = ORIENTED_EDGE('',*,*,#2503,.T.);
#2503 = EDGE_CURVE('',#2496,#2504,#2506,.T.);
#2504 = VERTEX_POINT('',#2505);
#2505 = CARTESIAN_POINT('',(49.156038952613,-29.15194732645,
    29.637063364739));
#2506 = LINE('',#2507,#2508);
#2507 = CARTESIAN_POINT('',(48.625302117125,-31.95313222269,
    29.106326529252));
#2508 = VECTOR('',#2509,1.);
#2509 = DIRECTION('',(0.183012701892,0.965925826289,0.183012701892));
#2510 = ORIENTED_EDGE('',*,*,#2511,.T.);
#2511 = EDGE_CURVE('',#2504,#2512,#2514,.T.);
#2512 = VERTEX_POINT('',#2513);
#2513 = CARTESIAN_POINT('',(47.74182539024,-29.15194732645,
    31.051276927112));
#2514 = LINE('',#2515,#2516);
#2515 = CARTESIAN_POINT('',(-146.0907606443,-29.15194732645,
    224.88386296172));
#2516 = VECTOR('',#2517,1.);
#2517 = DIRECTION('',(-0.707106781187,0.,0.707106781187));
#2518 = ORIENTED_EDGE('',*,*,#2519,.F.);
#2519 = EDGE_CURVE('',#2520,#2512,#2522,.T.);
#2520 = VERTEX_POINT('',#2521);
#2521 = CARTESIAN_POINT('',(47.211088554752,-31.95313222269,
    30.520540091625));
#2522 = LINE('',#2523,#2524);
#2523 = CARTESIAN_POINT('',(47.211088554752,-31.95313222269,
    30.520540091625));
#2524 = VECTOR('',#2525,1.);
#2525 = DIRECTION('',(0.183012701892,0.965925826289,0.183012701892));
#2526 = ORIENTED_EDGE('',*,*,#2527,.F.);
#2527 = EDGE_CURVE('',#2528,#2520,#2530,.T.);
#2528 = VERTEX_POINT('',#2529);
#2529 = CARTESIAN_POINT('',(43.656462765728,-31.95313222269,
    34.07516588065));
#2530 = LINE('',#2531,#2532);
#2531 = CARTESIAN_POINT('',(43.656462765728,-31.95313222269,
    34.07516588065));
#2532 = VECTOR('',#2533,1.);
#2533 = DIRECTION('',(0.707106781187,0.,-0.707106781187));
#2534 = ORIENTED_EDGE('',*,*,#2535,.T.);
#2535 = EDGE_CURVE('',#2528,#2536,#2538,.T.);
#2536 = VERTEX_POINT('',#2537);
#2537 = CARTESIAN_POINT('',(44.187199601215,-29.15194732645,
    34.605902716137));
#2538 = LINE('',#2539,#2540);
#2539 = CARTESIAN_POINT('',(43.656462765728,-31.95313222269,
    34.07516588065));
#2540 = VECTOR('',#2541,1.);
#2541 = DIRECTION('',(0.183012701892,0.965925826289,0.183012701892));
#2542 = ORIENTED_EDGE('',*,*,#2543,.T.);
#2543 = EDGE_CURVE('',#2536,#2544,#2546,.T.);
#2544 = VERTEX_POINT('',#2545);
#2545 = CARTESIAN_POINT('',(34.570547377078,-29.15194732645,
    44.222554940274));
#2546 = LINE('',#2547,#2548);
#2547 = CARTESIAN_POINT('',(-146.0907606443,-29.15194732645,
    224.88386296172));
#2548 = VECTOR('',#2549,1.);
#2549 = DIRECTION('',(-0.707106781187,0.,0.707106781187));
#2550 = ORIENTED_EDGE('',*,*,#2551,.F.);
#2551 = EDGE_CURVE('',#2552,#2544,#2554,.T.);
#2552 = VERTEX_POINT('',#2553);
#2553 = CARTESIAN_POINT('',(34.039810541591,-31.95313222269,
    43.691818104787));
#2554 = LINE('',#2555,#2556);
#2555 = CARTESIAN_POINT('',(34.039810541591,-31.95313222269,
    43.691818104787));
#2556 = VECTOR('',#2557,1.);
#2557 = DIRECTION('',(0.183012701892,0.965925826289,0.183012701892));
#2558 = ORIENTED_EDGE('',*,*,#2559,.F.);
#2559 = EDGE_CURVE('',#2560,#2552,#2562,.T.);
#2560 = VERTEX_POINT('',#2561);
#2561 = CARTESIAN_POINT('',(25.26295792877,-31.95313222269,
    52.468670717607));
#2562 = LINE('',#2563,#2564);
#2563 = CARTESIAN_POINT('',(25.26295792877,-31.95313222269,
    52.468670717607));
#2564 = VECTOR('',#2565,1.);
#2565 = DIRECTION('',(0.707106781187,0.,-0.707106781187));
#2566 = ORIENTED_EDGE('',*,*,#2567,.T.);
#2567 = EDGE_CURVE('',#2560,#2568,#2570,.T.);
#2568 = VERTEX_POINT('',#2569);
#2569 = CARTESIAN_POINT('',(25.793694764258,-29.15194732645,
    52.999407553094));
#2570 = LINE('',#2571,#2572);
#2571 = CARTESIAN_POINT('',(25.26295792877,-31.95313222269,
    52.468670717607));
#2572 = VECTOR('',#2573,1.);
#2573 = DIRECTION('',(0.183012701892,0.965925826289,0.183012701892));
#2574 = ORIENTED_EDGE('',*,*,#2575,.T.);
#2575 = EDGE_CURVE('',#2568,#2576,#2578,.T.);
#2576 = VERTEX_POINT('',#2577);
#2577 = CARTESIAN_POINT('',(21.97531814585,-29.15194732645,
    56.817784171502));
#2578 = LINE('',#2579,#2580);
#2579 = CARTESIAN_POINT('',(-146.0907606443,-29.15194732645,
    224.88386296172));
#2580 = VECTOR('',#2581,1.);
#2581 = DIRECTION('',(-0.707106781187,0.,0.707106781187));
#2582 = ORIENTED_EDGE('',*,*,#2583,.T.);
#2583 = EDGE_CURVE('',#2576,#2584,#2586,.T.);
#2584 = VERTEX_POINT('',#2585);
#2585 = CARTESIAN_POINT('',(22.707368953419,-25.2882440213,
    57.549834979071));
#2586 = LINE('',#2587,#2588);
#2587 = CARTESIAN_POINT('',(-21.07957679758,-256.3921035781,
    13.762889228069));
#2588 = VECTOR('',#2589,1.);
#2589 = DIRECTION('',(0.183012701892,0.965925826289,0.183012701892));
#2590 = ORIENTED_EDGE('',*,*,#2591,.F.);
#2591 = EDGE_CURVE('',#2592,#2584,#2594,.T.);
#2592 = VERTEX_POINT('',#2593);
#2593 = CARTESIAN_POINT('',(20.656759287978,-25.2882440213,
    59.600444644512));
#2594 = LINE('',#2595,#2596);
#2595 = CARTESIAN_POINT('',(20.656759287978,-25.2882440213,
    59.600444644512));
#2596 = VECTOR('',#2597,1.);
#2597 = DIRECTION('',(0.707106781187,0.,-0.707106781187));
#2598 = ORIENTED_EDGE('',*,*,#2599,.T.);
#2599 = EDGE_CURVE('',#2592,#2600,#2602,.T.);
#2600 = VERTEX_POINT('',#2601);
#2601 = CARTESIAN_POINT('',(21.01993479842,-23.37143386886,
    59.963620154953));
#2602 = LINE('',#2603,#2604);
#2603 = CARTESIAN_POINT('',(20.656759287978,-25.2882440213,
    59.600444644512));
#2604 = VECTOR('',#2605,1.);
#2605 = DIRECTION('',(0.183012701892,0.965925826289,0.183012701892));
#2606 = ORIENTED_EDGE('',*,*,#2607,.F.);
#2607 = EDGE_CURVE('',#2608,#2600,#2610,.T.);
#2608 = VERTEX_POINT('',#2609);
#2609 = CARTESIAN_POINT('',(20.609293204254,-23.71731838826,
    60.243193174879));
#2610 = CIRCLE('',#2611,4.5);
#2611 = AXIS2_PLACEMENT_3D('',#2612,#2613,#2614);
#2612 = CARTESIAN_POINT('',(19.59905904885,-20.04775061223,
    62.643963736265));
#2613 = DIRECTION('',(0.683012701892,-0.258819045103,0.683012701892));
#2614 = DIRECTION('',(0.707106781187,0.,-0.707106781187));
#2615 = ORIENTED_EDGE('',*,*,#2616,.F.);
#2616 = EDGE_CURVE('',#2617,#2608,#2619,.T.);
#2617 = VERTEX_POINT('',#2618);
#2618 = CARTESIAN_POINT('',(20.566302517458,-23.94421965924,
    60.200202488083));
#2619 = LINE('',#2620,#2621);
#2620 = CARTESIAN_POINT('',(-21.67200129042,-246.8744757826,
    17.961898680204));
#2621 = VECTOR('',#2622,1.);
#2622 = DIRECTION('',(0.183012701892,0.965925826289,0.183012701892));
#2623 = ORIENTED_EDGE('',*,*,#2624,.T.);
#2624 = EDGE_CURVE('',#2617,#2625,#2627,.T.);
#2625 = VERTEX_POINT('',#2626);
#2626 = CARTESIAN_POINT('',(20.888100236753,-23.69404064485,
    59.973206949524));
#2627 = CIRCLE('',#2628,4.7);
#2628 = AXIS2_PLACEMENT_3D('',#2629,#2630,#2631);
#2629 = CARTESIAN_POINT('',(19.59905904885,-20.04775061223,
    62.643963736265));
#2630 = DIRECTION('',(0.683012701892,-0.258819045103,0.683012701892));
#2631 = DIRECTION('',(0.707106781187,0.,-0.707106781187));
#2632 = ORIENTED_EDGE('',*,*,#2633,.T.);
#2633 = EDGE_CURVE('',#2625,#2634,#2636,.T.);
#2634 = VERTEX_POINT('',#2635);
#2635 = CARTESIAN_POINT('',(19.304959696614,-32.04972480532,
    58.390066409385));
#2636 = LINE('',#2637,#2638);
#2637 = CARTESIAN_POINT('',(31.2876643774,31.193994348018,
    70.372771090171));
#2638 = VECTOR('',#2639,1.);
#2639 = DIRECTION('',(-0.183012701892,-0.965925826289,-0.183012701892));
#2640 = ORIENTED_EDGE('',*,*,#2641,.T.);
#2641 = EDGE_CURVE('',#2634,#2429,#2642,.T.);
#2642 = LINE('',#2643,#2644);
#2643 = CARTESIAN_POINT('',(19.304959696614,-32.04972480532,
    58.390066409385));
#2644 = VECTOR('',#2645,1.);
#2645 = DIRECTION('',(0.707106781187,0.,-0.707106781187));
#2646 = PLANE('',#2647);
#2647 = AXIS2_PLACEMENT_3D('',#2648,#2649,#2650);
#2648 = CARTESIAN_POINT('',(-400.2666293214,-483.6322598297,
    306.84015186508));
#2649 = DIRECTION('',(0.683012701892,-0.258819045103,0.683012701892));
#2650 = DIRECTION('',(0.707106781187,0.,-0.707106781187));
#2651 = ADVANCED_FACE('',(#2652),#2679,.T.);
#2652 = FACE_BOUND('',#2653,.T.);
#2653 = EDGE_LOOP('',(#2654,#2664,#2671,#2672));
#2654 = ORIENTED_EDGE('',*,*,#2655,.T.);
#2655 = EDGE_CURVE('',#2656,#2658,#2660,.T.);
#2656 = VERTEX_POINT('',#2657);
#2657 = CARTESIAN_POINT('',(62.75238709309,-18.88306490927,
    13.343521374995));
#2658 = VERTEX_POINT('',#2659);
#2659 = CARTESIAN_POINT('',(65.825944251605,-20.04775061223,
    16.41707853351));
#2660 = LINE('',#2661,#2662);
#2661 = CARTESIAN_POINT('',(61.386361689305,-18.36542681907,
    11.977495971211));
#2662 = VECTOR('',#2663,1.);
#2663 = DIRECTION('',(0.683012701892,-0.258819045103,0.683012701892));
#2664 = ORIENTED_EDGE('',*,*,#2665,.F.);
#2665 = EDGE_CURVE('',#889,#2658,#2666,.T.);
#2666 = CIRCLE('',#2667,4.5);
#2667 = AXIS2_PLACEMENT_3D('',#2668,#2669,#2670);
#2668 = CARTESIAN_POINT('',(62.643963736265,-20.04775061223,
    19.59905904885));
#2669 = DIRECTION('',(0.683012701892,-0.258819045103,0.683012701892));
#2670 = DIRECTION('',(0.707106781187,0.,-0.707106781187));
#2671 = ORIENTED_EDGE('',*,*,#978,.T.);
#2672 = ORIENTED_EDGE('',*,*,#2673,.T.);
#2673 = EDGE_CURVE('',#970,#2656,#2674,.T.);
#2674 = CIRCLE('',#2675,4.5);
#2675 = AXIS2_PLACEMENT_3D('',#2676,#2677,#2678);
#2676 = CARTESIAN_POINT('',(59.57040657775,-18.88306490927,
    16.525501890335));
#2677 = DIRECTION('',(0.683012701892,-0.258819045103,0.683012701892));
#2678 = DIRECTION('',(0.707106781187,0.,-0.707106781187));
#2679 = CYLINDRICAL_SURFACE('',#2680,4.5);
#2680 = AXIS2_PLACEMENT_3D('',#2681,#2682,#2683);
#2681 = CARTESIAN_POINT('',(58.204381173966,-18.36542681907,
    15.15947648655));
#2682 = DIRECTION('',(0.683012701892,-0.258819045103,0.683012701892));
#2683 = DIRECTION('',(0.707106781187,0.,-0.707106781187));
#2684 = ADVANCED_FACE('',(#2685),#2703,.T.);
#2685 = FACE_BOUND('',#2686,.T.);
#2686 = EDGE_LOOP('',(#2687,#2696,#2701,#2702));
#2687 = ORIENTED_EDGE('',*,*,#2688,.T.);
#2688 = EDGE_CURVE('',#915,#2689,#2691,.T.);
#2689 = VERTEX_POINT('',#2690);
#2690 = CARTESIAN_POINT('',(62.79575643582,-18.41719062809,
    10.841306305454));
#2691 = CIRCLE('',#2692,6.3);
#2692 = AXIS2_PLACEMENT_3D('',#2693,#2694,#2695);
#2693 = CARTESIAN_POINT('',(58.340983714344,-18.41719062809,
    15.296079026929));
#2694 = DIRECTION('',(0.683012701892,-0.258819045103,0.683012701892));
#2695 = DIRECTION('',(0.707106781187,0.,-0.707106781187));
#2696 = ORIENTED_EDGE('',*,*,#2697,.T.);
#2697 = EDGE_CURVE('',#2689,#2656,#2698,.T.);
#2698 = B_SPLINE_CURVE_WITH_KNOTS('',1,(#2699,#2700),.UNSPECIFIED.,.F.,
  .F.,(2,2),(0.,1.),.PIECEWISE_BEZIER_KNOTS.);
#2699 = CARTESIAN_POINT('',(62.79575643582,-18.41719062809,
    10.841306305454));
#2700 = CARTESIAN_POINT('',(62.75238709309,-18.88306490927,
    13.343521374995));
#2701 = ORIENTED_EDGE('',*,*,#2673,.F.);
#2702 = ORIENTED_EDGE('',*,*,#969,.F.);
#2703 = CONICAL_SURFACE('',#2704,6.3,0.785398163397);
#2704 = AXIS2_PLACEMENT_3D('',#2705,#2706,#2707);
#2705 = CARTESIAN_POINT('',(58.340983714344,-18.41719062809,
    15.296079026929));
#2706 = DIRECTION('',(-0.683012701892,0.258819045103,-0.683012701892));
#2707 = DIRECTION('',(0.707106781187,0.,-0.707106781187));
#2708 = ADVANCED_FACE('',(#2709),#2720,.T.);
#2709 = FACE_BOUND('',#2710,.T.);
#2710 = EDGE_LOOP('',(#2711,#2712,#2717,#2718,#2719));
#2711 = ORIENTED_EDGE('',*,*,#1366,.F.);
#2712 = ORIENTED_EDGE('',*,*,#2713,.T.);
#2713 = EDGE_CURVE('',#1320,#2689,#2714,.T.);
#2714 = B_SPLINE_CURVE_WITH_KNOTS('',1,(#2715,#2716),.UNSPECIFIED.,.F.,
  .F.,(2,2),(0.,1.),.PIECEWISE_BEZIER_KNOTS.);
#2715 = CARTESIAN_POINT('',(49.798506124833,-15.23371637333,
    7.036444149892));
#2716 = CARTESIAN_POINT('',(62.79575643582,-18.41719062809,
    10.841306305454));
#2717 = ORIENTED_EDGE('',*,*,#2688,.F.);
#2718 = ORIENTED_EDGE('',*,*,#914,.F.);
#2719 = ORIENTED_EDGE('',*,*,#1003,.T.);
#2720 = B_SPLINE_SURFACE_WITH_KNOTS('',14,1,(
    (#2721,#2722)
    ,(#2723,#2724)
    ,(#2725,#2726)
    ,(#2727,#2728)
    ,(#2729,#2730)
    ,(#2731,#2732)
    ,(#2733,#2734)
    ,(#2735,#2736)
    ,(#2737,#2738)
    ,(#2739,#2740)
    ,(#2741,#2742)
    ,(#2743,#2744)
    ,(#2745,#2746)
    ,(#2747,#2748)
    ,(#2749,#2750
    )),.UNSPECIFIED.,.T.,.F.,.F.,(15,15),(2,2),(0.,6.28318530718),(0.,1.
    ),.PIECEWISE_BEZIER_KNOTS.);
#2721 = CARTESIAN_POINT('',(49.798506124833,-15.23371637333,
    7.036444149892));
#2722 = CARTESIAN_POINT('',(62.79575643582,-18.41719062809,
    10.841306305454));
#2723 = CARTESIAN_POINT('',(50.767709845604,-10.1183397074,8.00564787066
    ));
#2724 = CARTESIAN_POINT('',(63.313212659621,-15.68609969628,
    11.358762529253));
#2725 = CARTESIAN_POINT('',(49.927010858375,-5.002961153303,
    10.784755014933));
#2726 = CARTESIAN_POINT('',(62.864364895254,-12.95500775637,
    12.842523123229));
#2727 = CARTESIAN_POINT('',(47.031129488661,-1.182134230442,
    15.128490535728));
#2728 = CARTESIAN_POINT('',(61.318258740228,-10.91507473824,
    15.161636155528));
#2729 = CARTESIAN_POINT('',(42.376135503931,4.973352153411E-02,
    20.250285261303));
#2730 = CARTESIAN_POINT('',(58.832965341637,-10.25738263337,
    17.896153678464));
#2731 = CARTESIAN_POINT('',(36.88722909485,-2.13776457162,
    24.910266869976));
#2732 = CARTESIAN_POINT('',(55.902447512964,-11.42528415766,
    20.384109961164));
#2733 = CARTESIAN_POINT('',(31.970197793461,-7.644006455795,
    27.740777287182));
#2734 = CARTESIAN_POINT('',(53.277252835288,-14.36505736708,
    21.895314675239));
#2735 = CARTESIAN_POINT('',(29.073787960725,-15.23371637286,
    27.761162314297));
#2736 = CARTESIAN_POINT('',(51.730864534493,-18.41719062776,
    21.90619820695));
#2737 = CARTESIAN_POINT('',(29.0941729873,-22.82342629169,
    24.864752480973));
#2738 = CARTESIAN_POINT('',(51.741748065933,-22.46932388968,
    20.359809905781));
#2739 = CARTESIAN_POINT('',(31.924683404905,-28.32966817441,
    19.947721180103));
#2740 = CARTESIAN_POINT('',(53.252952780142,-25.40909709808,
    17.734615228497));
#2741 = CARTESIAN_POINT('',(36.584665013345,-30.51716626856,
    14.458814770651));
#2742 = CARTESIAN_POINT('',(55.740909062815,-26.57699862305,
    14.804097399502));
#2743 = CARTESIAN_POINT('',(41.706459739025,-29.28529851604,
    9.803820786134));
#2744 = CARTESIAN_POINT('',(58.475426585731,-25.91930651781,
    12.318804001117));
#2745 = CARTESIAN_POINT('',(46.050195259784,-25.46447159341,
    6.907939416325));
#2746 = CARTESIAN_POINT('',(60.794539618053,-23.87937349984,
    10.772697845992));
#2747 = CARTESIAN_POINT('',(48.829302404066,-20.34909303924,
    6.067240429126));
#2748 = CARTESIAN_POINT('',(62.278300212018,-21.14828155988,
    10.323850081658));
#2749 = CARTESIAN_POINT('',(49.798506124833,-15.23371637333,
    7.036444149892));
#2750 = CARTESIAN_POINT('',(62.79575643582,-18.41719062809,
    10.841306305454));
#2751 = ADVANCED_FACE('',(#2752),#2771,.T.);
#2752 = FACE_BOUND('',#2753,.T.);
#2753 = EDGE_LOOP('',(#2754,#2755,#2764,#2770));
#2754 = ORIENTED_EDGE('',*,*,#898,.F.);
#2755 = ORIENTED_EDGE('',*,*,#2756,.T.);
#2756 = EDGE_CURVE('',#891,#2757,#2759,.T.);
#2757 = VERTEX_POINT('',#2758);
#2758 = CARTESIAN_POINT('',(60.279347980846,-24.29123039377,
    20.782218766802));
#2759 = HYPERBOLA('',#2760,1.008624865595,0.90298260294);
#2760 = AXIS2_PLACEMENT_3D('',#2761,#2762,#2763);
#2761 = CARTESIAN_POINT('',(58.973953575987,-18.91354419407,
    17.282822023446));
#2762 = DIRECTION('',(0.886278639346,-8.153982379808E-02,-0.455918227947
    ));
#2763 = DIRECTION('',(0.425460367585,-0.245639075155,0.871002250498));
#2764 = ORIENTED_EDGE('',*,*,#2765,.F.);
#2765 = EDGE_CURVE('',#2388,#2757,#2766,.T.);
#2766 = LINE('',#2767,#2768);
#2767 = CARTESIAN_POINT('',(63.868556950202,-5.347683833323,
    24.371427736158));
#2768 = VECTOR('',#2769,1.);
#2769 = DIRECTION('',(0.183012701892,0.965925826289,0.183012701892));
#2770 = ORIENTED_EDGE('',*,*,#2387,.T.);
#2771 = PLANE('',#2772);
#2772 = AXIS2_PLACEMENT_3D('',#2773,#2774,#2775);
#2773 = CARTESIAN_POINT('',(61.052428187781,-9.096136382768,
    19.567437737232));
#2774 = DIRECTION('',(0.886278639346,-8.153982379808E-02,-0.455918227947
    ));
#2775 = DIRECTION('',(0.457441469433,0.,0.889239732605));
#2776 = ADVANCED_FACE('',(#2777),#2856,.T.);
#2777 = FACE_BOUND('',#2778,.T.);
#2778 = EDGE_LOOP('',(#2779,#2780,#2781,#2794,#2849));
#2779 = ORIENTED_EDGE('',*,*,#2713,.F.);
#2780 = ORIENTED_EDGE('',*,*,#1319,.F.);
#2781 = ORIENTED_EDGE('',*,*,#2782,.T.);
#2782 = EDGE_CURVE('',#1312,#2783,#2785,.T.);
#2783 = VERTEX_POINT('',#2784);
#2784 = CARTESIAN_POINT('',(58.258712551331,-11.20312704768,
    14.513446244486));
#2785 = B_SPLINE_CURVE_WITH_KNOTS('',4,(#2786,#2787,#2788,#2789,#2790,
    #2791,#2792,#2793),.UNSPECIFIED.,.F.,.F.,(5,3,5),(0.,0.465792922161,
    1.),.UNSPECIFIED.);
#2786 = CARTESIAN_POINT('',(58.037017253043,-11.1235628378,
    14.143628866682));
#2787 = CARTESIAN_POINT('',(58.066236550235,-11.13303219698,
    14.184573359709));
#2788 = CARTESIAN_POINT('',(58.094426397766,-11.14236876714,
    14.226228106627));
#2789 = CARTESIAN_POINT('',(58.121570646614,-11.15162458432,
    14.268554098506));
#2790 = CARTESIAN_POINT('',(58.177554963893,-11.17141970629,14.360791982
    ));
#2791 = CARTESIAN_POINT('',(58.206058434379,-11.18194784185,
    14.41090467161));
#2792 = CARTESIAN_POINT('',(58.233125502553,-11.19249786508,
    14.461805500575));
#2793 = CARTESIAN_POINT('',(58.258712551332,-11.20312704768,
    14.513446244486));
#2794 = ORIENTED_EDGE('',*,*,#2795,.F.);
#2795 = EDGE_CURVE('',#2796,#2783,#2798,.T.);
#2796 = VERTEX_POINT('',#2797);
#2797 = CARTESIAN_POINT('',(59.265727500585,-12.33974557651,
    16.674306357556));
#2798 = B_SPLINE_CURVE_WITH_KNOTS('',7,(#2799,#2800,#2801,#2802,#2803,
    #2804,#2805,#2806,#2807,#2808,#2809,#2810,#2811,#2812,#2813,#2814,
    #2815,#2816,#2817,#2818,#2819,#2820,#2821,#2822,#2823,#2824,#2825,
    #2826,#2827,#2828,#2829,#2830,#2831,#2832,#2833,#2834,#2835,#2836,
    #2837,#2838,#2839,#2840,#2841,#2842,#2843,#2844,#2845,#2846,#2847,
    #2848),.UNSPECIFIED.,.F.,.F.,(8,6,6,6,6,6,6,6,8),(0.,
    6.410953456058E-02,0.199678673442,0.299264196162,0.343686972151,
    0.412679041227,0.534919513566,0.674269515793,1.),.UNSPECIFIED.);
#2799 = CARTESIAN_POINT('',(59.265727498958,-12.33974558509,
    16.67430635593));
#2800 = CARTESIAN_POINT('',(59.231951168406,-12.26767582296,
    16.595757629877));
#2801 = CARTESIAN_POINT('',(59.19722678092,-12.19764245954,
    16.515730140801));
#2802 = CARTESIAN_POINT('',(59.161568410627,-12.12971576753,
    16.434263816085));
#2803 = CARTESIAN_POINT('',(59.124992149463,-12.06396468119,
    16.351402266236));
#2804 = CARTESIAN_POINT('',(59.087516276475,-12.00045636146,
    16.267193036231));
#2805 = CARTESIAN_POINT('',(59.049161427123,-11.93925576121,
    16.181687856865));
#2806 = CARTESIAN_POINT('',(58.927033984858,-11.75601920491,
    15.911507784387));
#2807 = CARTESIAN_POINT('',(58.84028191278,-11.64219881379,
    15.722510289316));
#2808 = CARTESIAN_POINT('',(58.749923504028,-11.53957382583,
    15.52850455413));
#2809 = CARTESIAN_POINT('',(58.656224160691,-11.44866440832,
    15.330099535727));
#2810 = CARTESIAN_POINT('',(58.559485564671,-11.3699003027,
    15.127958544433));
#2811 = CARTESIAN_POINT('',(58.460048166918,-11.30360954542,
    14.92280206567));
#2812 = CARTESIAN_POINT('',(58.283552108407,-11.21061410406,
    14.56307194646));
#2813 = CARTESIAN_POINT('',(58.207552738271,-11.17806930961,
    14.40951301666));
#2814 = CARTESIAN_POINT('',(58.130447576433,-11.15244342729,
    14.255041921773));
#2815 = CARTESIAN_POINT('',(58.052388487175,-11.13377889659,
    14.09996146737));
#2816 = CARTESIAN_POINT('',(57.97352948258,-11.12208148348,
    13.944572075251));
#2817 = CARTESIAN_POINT('',(57.894026362424,-11.11732228379,
    13.789171441724));
#2818 = CARTESIAN_POINT('',(57.778354679417,-11.12038426845,
    13.564860015095));
#2819 = CARTESIAN_POINT('',(57.742575654418,-11.12269717885,
    13.49572132014));
#2820 = CARTESIAN_POINT('',(57.706712957502,-11.12637292811,
    13.426663712109));
#2821 = CARTESIAN_POINT('',(57.67078010075,-11.13140484001,
    13.357712263684));
#2822 = CARTESIAN_POINT('',(57.634790429905,-11.13778509185,
    13.288891519146));
#2823 = CARTESIAN_POINT('',(57.59875712437,-11.14550471442,
    13.22022549437));
#2824 = CARTESIAN_POINT('',(57.506683078556,-11.16860721153,
    13.045370703284));
#2825 = CARTESIAN_POINT('',(57.450598882728,-11.18586721779,
    12.939433182172));
#2826 = CARTESIAN_POINT('',(57.394489413344,-11.20629600791,
    12.834013259724));
#2827 = CARTESIAN_POINT('',(57.338401783777,-11.22985016469,
    12.729194756549));
#2828 = CARTESIAN_POINT('',(57.28238142064,-11.25648120126,
    12.625057307602));
#2829 = CARTESIAN_POINT('',(57.226472067289,-11.28613630562,
    12.521676502138));
#2830 = CARTESIAN_POINT('',(57.071926548322,-11.37656027948,
    12.237421060203));
#2831 = CARTESIAN_POINT('',(56.973617490833,-11.44367829453,
    12.058317831639));
#2832 = CARTESIAN_POINT('',(56.876021566697,-11.51979893956,
    11.882210990666));
#2833 = CARTESIAN_POINT('',(56.779350612865,-11.60457738742,
    11.709450664586));
#2834 = CARTESIAN_POINT('',(56.683796450623,-11.69764846108,
    11.540344431884));
#2835 = CARTESIAN_POINT('',(56.589531984834,-11.7986369201,
    11.375161298796));
#2836 = CARTESIAN_POINT('',(56.390901006807,-12.03088921753,
    11.030571914345));
#2837 = CARTESIAN_POINT('',(56.286968015769,-12.16441112433,
    10.852412252923));
#2838 = CARTESIAN_POINT('',(56.18513808702,-12.307181597,10.679994905483
    ));
#2839 = CARTESIAN_POINT('',(56.085608488071,-12.45864812728,
    10.513604533942));
#2840 = CARTESIAN_POINT('',(55.988551568269,-12.61826687875,
    10.353478911678));
#2841 = CARTESIAN_POINT('',(55.89411733008,-12.78551199639,
    10.199815586958));
#2842 = CARTESIAN_POINT('',(55.588130988231,-13.36748143362,
    9.709079618027));
#2843 = CARTESIAN_POINT('',(55.388985428587,-13.8137982898,
    9.401774822488));
#2844 = CARTESIAN_POINT('',(55.2064603133,-14.29271714035,9.132609992889
    ));
#2845 = CARTESIAN_POINT('',(55.041806153144,-14.7985131591,
    8.902992179077));
#2846 = CARTESIAN_POINT('',(54.896058222412,-15.32580741689,
    8.713971886436));
#2847 = CARTESIAN_POINT('',(54.770082915361,-15.86963643208,
    8.566345629086));
#2848 = CARTESIAN_POINT('',(54.664740530323,-16.42562478294,
    8.461003244048));
#2849 = ORIENTED_EDGE('',*,*,#2850,.F.);
#2850 = EDGE_CURVE('',#2689,#2796,#2851,.T.);
#2851 = CIRCLE('',#2852,6.3);
#2852 = AXIS2_PLACEMENT_3D('',#2853,#2854,#2855);
#2853 = CARTESIAN_POINT('',(58.340983714344,-18.41719062809,
    15.296079026929));
#2854 = DIRECTION('',(0.683012701892,-0.258819045103,0.683012701892));
#2855 = DIRECTION('',(0.707106781187,0.,-0.707106781187));
#2856 = B_SPLINE_SURFACE_WITH_KNOTS('',14,1,(
    (#2857,#2858)
    ,(#2859,#2860)
    ,(#2861,#2862)
    ,(#2863,#2864)
    ,(#2865,#2866)
    ,(#2867,#2868)
    ,(#2869,#2870)
    ,(#2871,#2872)
    ,(#2873,#2874)
    ,(#2875,#2876)
    ,(#2877,#2878)
    ,(#2879,#2880)
    ,(#2881,#2882)
    ,(#2883,#2884)
    ,(#2885,#2886
    )),.UNSPECIFIED.,.T.,.F.,.F.,(15,15),(2,2),(0.,6.28318530718),(0.,1.
    ),.PIECEWISE_BEZIER_KNOTS.);
#2857 = CARTESIAN_POINT('',(49.798506124833,-15.23371637333,
    7.036444149892));
#2858 = CARTESIAN_POINT('',(62.79575643582,-18.41719062809,
    10.841306305454));
#2859 = CARTESIAN_POINT('',(50.767709845604,-10.1183397074,8.00564787066
    ));
#2860 = CARTESIAN_POINT('',(63.313212659621,-15.68609969628,
    11.358762529253));
#2861 = CARTESIAN_POINT('',(49.927010858375,-5.002961153303,
    10.784755014933));
#2862 = CARTESIAN_POINT('',(62.864364895254,-12.95500775637,
    12.842523123229));
#2863 = CARTESIAN_POINT('',(47.031129488661,-1.182134230442,
    15.128490535728));
#2864 = CARTESIAN_POINT('',(61.318258740228,-10.91507473824,
    15.161636155528));
#2865 = CARTESIAN_POINT('',(42.376135503931,4.973352153411E-02,
    20.250285261303));
#2866 = CARTESIAN_POINT('',(58.832965341637,-10.25738263337,
    17.896153678464));
#2867 = CARTESIAN_POINT('',(36.88722909485,-2.13776457162,
    24.910266869976));
#2868 = CARTESIAN_POINT('',(55.902447512964,-11.42528415766,
    20.384109961164));
#2869 = CARTESIAN_POINT('',(31.970197793461,-7.644006455795,
    27.740777287182));
#2870 = CARTESIAN_POINT('',(53.277252835288,-14.36505736708,
    21.895314675239));
#2871 = CARTESIAN_POINT('',(29.073787960725,-15.23371637286,
    27.761162314297));
#2872 = CARTESIAN_POINT('',(51.730864534493,-18.41719062776,
    21.90619820695));
#2873 = CARTESIAN_POINT('',(29.0941729873,-22.82342629169,
    24.864752480973));
#2874 = CARTESIAN_POINT('',(51.741748065933,-22.46932388968,
    20.359809905781));
#2875 = CARTESIAN_POINT('',(31.924683404905,-28.32966817441,
    19.947721180103));
#2876 = CARTESIAN_POINT('',(53.252952780142,-25.40909709808,
    17.734615228497));
#2877 = CARTESIAN_POINT('',(36.584665013345,-30.51716626856,
    14.458814770651));
#2878 = CARTESIAN_POINT('',(55.740909062815,-26.57699862305,
    14.804097399502));
#2879 = CARTESIAN_POINT('',(41.706459739025,-29.28529851604,
    9.803820786134));
#2880 = CARTESIAN_POINT('',(58.475426585731,-25.91930651781,
    12.318804001117));
#2881 = CARTESIAN_POINT('',(46.050195259784,-25.46447159341,
    6.907939416325));
#2882 = CARTESIAN_POINT('',(60.794539618053,-23.87937349984,
    10.772697845992));
#2883 = CARTESIAN_POINT('',(48.829302404066,-20.34909303924,
    6.067240429126));
#2884 = CARTESIAN_POINT('',(62.278300212018,-21.14828155988,
    10.323850081658));
#2885 = CARTESIAN_POINT('',(49.798506124833,-15.23371637333,
    7.036444149892));
#2886 = CARTESIAN_POINT('',(62.79575643582,-18.41719062809,
    10.841306305454));
#2887 = ADVANCED_FACE('',(#2888),#2908,.T.);
#2888 = FACE_BOUND('',#2889,.T.);
#2889 = EDGE_LOOP('',(#2890,#2898,#2899,#2900));
#2890 = ORIENTED_EDGE('',*,*,#2891,.F.);
#2891 = EDGE_CURVE('',#2783,#2892,#2894,.T.);
#2892 = VERTEX_POINT('',#2893);
#2893 = CARTESIAN_POINT('',(67.524463005303,16.911038167275,
    27.497381222623));
#2894 = LINE('',#2895,#2896);
#2895 = CARTESIAN_POINT('',(48.601901444202,-40.50384955949,
    0.981524773693));
#2896 = VECTOR('',#2897,1.);
#2897 = DIRECTION('',(0.28665207113,0.869760493441,0.401680562345));
#2898 = ORIENTED_EDGE('',*,*,#2782,.F.);
#2899 = ORIENTED_EDGE('',*,*,#1311,.T.);
#2900 = ORIENTED_EDGE('',*,*,#2901,.F.);
#2901 = EDGE_CURVE('',#2892,#1303,#2902,.T.);
#2902 = B_SPLINE_CURVE_WITH_KNOTS('',4,(#2903,#2904,#2905,#2906,#2907),
  .UNSPECIFIED.,.F.,.F.,(5,5),(0.,1.),.PIECEWISE_BEZIER_KNOTS.);
#2903 = CARTESIAN_POINT('',(67.524463005305,16.911038167274,
    27.497381222623));
#2904 = CARTESIAN_POINT('',(67.473829642085,16.920103336313,
    27.397331613394));
#2905 = CARTESIAN_POINT('',(67.418828417727,16.932898992475,
    27.30036375992));
#2906 = CARTESIAN_POINT('',(67.359384864261,16.949163451503,
    27.206900482684));
#2907 = CARTESIAN_POINT('',(67.295562603699,16.968740633092,
    27.11746745884));
#2908 = CYLINDRICAL_SURFACE('',#2909,2.5);
#2909 = AXIS2_PLACEMENT_3D('',#2910,#2911,#2912);
#2910 = CARTESIAN_POINT('',(46.386204845838,-40.3,2.12132034356));
#2911 = DIRECTION('',(0.28665207113,0.869760493441,0.401680562345));
#2912 = DIRECTION('',(0.363786700631,-0.486690806553,0.794223706055));
#2913 = ADVANCED_FACE('',(#2914),#2951,.T.);
#2914 = FACE_BOUND('',#2915,.T.);
#2915 = EDGE_LOOP('',(#2916,#2926,#2935,#2942,#2943,#2944));
#2916 = ORIENTED_EDGE('',*,*,#2917,.T.);
#2917 = EDGE_CURVE('',#2918,#2920,#2922,.T.);
#2918 = VERTEX_POINT('',#2919);
#2919 = CARTESIAN_POINT('',(70.438920572563,21.685819794866,
    21.030054854469));
#2920 = VERTEX_POINT('',#2921);
#2921 = CARTESIAN_POINT('',(73.512477731078,20.521134091904,
    24.103612012984));
#2922 = LINE('',#2923,#2924);
#2923 = CARTESIAN_POINT('',(69.072895168779,22.203457885071,
    19.664029450684));
#2924 = VECTOR('',#2925,1.);
#2925 = DIRECTION('',(0.683012701892,-0.258819045103,0.683012701892));
#2926 = ORIENTED_EDGE('',*,*,#2927,.F.);
#2927 = EDGE_CURVE('',#2928,#2920,#2930,.T.);
#2928 = VERTEX_POINT('',#2929);
#2929 = CARTESIAN_POINT('',(67.929726654352,16.85156631588,
    28.295826683727));
#2930 = CIRCLE('',#2931,4.5);
#2931 = AXIS2_PLACEMENT_3D('',#2932,#2933,#2934);
#2932 = CARTESIAN_POINT('',(70.330497215738,20.521134091904,
    27.285592528323));
#2933 = DIRECTION('',(0.683012701892,-0.258819045103,0.683012701892));
#2934 = DIRECTION('',(0.707106781187,0.,-0.707106781187));
#2935 = ORIENTED_EDGE('',*,*,#2936,.T.);
#2936 = EDGE_CURVE('',#2928,#2892,#2937,.T.);
#2937 = ELLIPSE('',#2938,14.283642626522,4.5);
#2938 = AXIS2_PLACEMENT_3D('',#2939,#2940,#2941);
#2939 = CARTESIAN_POINT('',(65.367731340051,22.401711600133,
    22.322826652636));
#2940 = DIRECTION('',(0.886278639346,-8.153982379808E-02,-0.455918227947
    ));
#2941 = DIRECTION('',(0.425460367585,-0.245639075155,0.871002250498));
#2942 = ORIENTED_EDGE('',*,*,#2901,.T.);
#2943 = ORIENTED_EDGE('',*,*,#1302,.T.);
#2944 = ORIENTED_EDGE('',*,*,#2945,.T.);
#2945 = EDGE_CURVE('',#1294,#2918,#2946,.T.);
#2946 = CIRCLE('',#2947,4.5);
#2947 = AXIS2_PLACEMENT_3D('',#2948,#2949,#2950);
#2948 = CARTESIAN_POINT('',(67.256940057223,21.685819794866,
    24.212035369808));
#2949 = DIRECTION('',(0.683012701892,-0.258819045103,0.683012701892));
#2950 = DIRECTION('',(0.707106781187,0.,-0.707106781187));
#2951 = CYLINDRICAL_SURFACE('',#2952,4.5);
#2952 = AXIS2_PLACEMENT_3D('',#2953,#2954,#2955);
#2953 = CARTESIAN_POINT('',(65.890914653439,22.203457885071,
    22.846009966024));
#2954 = DIRECTION('',(0.683012701892,-0.258819045103,0.683012701892));
#2955 = DIRECTION('',(0.707106781187,0.,-0.707106781187));
#2956 = ADVANCED_FACE('',(#2957),#2975,.T.);
#2957 = FACE_BOUND('',#2958,.T.);
#2958 = EDGE_LOOP('',(#2959,#2968,#2973,#2974));
#2959 = ORIENTED_EDGE('',*,*,#2960,.T.);
#2960 = EDGE_CURVE('',#1237,#2961,#2963,.T.);
#2961 = VERTEX_POINT('',#2962);
#2962 = CARTESIAN_POINT('',(70.482289915293,22.15169407605,
    18.527839784927));
#2963 = CIRCLE('',#2964,6.3);
#2964 = AXIS2_PLACEMENT_3D('',#2965,#2966,#2967);
#2965 = CARTESIAN_POINT('',(66.027517193817,22.15169407605,
    22.982612506402));
#2966 = DIRECTION('',(0.683012701892,-0.258819045103,0.683012701892));
#2967 = DIRECTION('',(0.707106781187,0.,-0.707106781187));
#2968 = ORIENTED_EDGE('',*,*,#2969,.T.);
#2969 = EDGE_CURVE('',#2961,#2918,#2970,.T.);
#2970 = B_SPLINE_CURVE_WITH_KNOTS('',1,(#2971,#2972),.UNSPECIFIED.,.F.,
  .F.,(2,2),(0.,1.),.PIECEWISE_BEZIER_KNOTS.);
#2971 = CARTESIAN_POINT('',(70.482289915293,22.15169407605,
    18.527839784927));
#2972 = CARTESIAN_POINT('',(70.438920572563,21.685819794866,
    21.030054854469));
#2973 = ORIENTED_EDGE('',*,*,#2945,.F.);
#2974 = ORIENTED_EDGE('',*,*,#1293,.F.);
#2975 = CONICAL_SURFACE('',#2976,6.3,0.785398163397);
#2976 = AXIS2_PLACEMENT_3D('',#2977,#2978,#2979);
#2977 = CARTESIAN_POINT('',(66.027517193817,22.15169407605,
    22.982612506402));
#2978 = DIRECTION('',(-0.683012701892,0.258819045103,-0.683012701892));
#2979 = DIRECTION('',(0.707106781187,0.,-0.707106781187));
#2980 = ADVANCED_FACE('',(#2981),#3113,.T.);
#2981 = FACE_BOUND('',#2982,.T.);
#2982 = EDGE_LOOP('',(#2983,#2984,#2996,#3038,#3043,#3044,#3045,#3062,
    #3104));
#2983 = ORIENTED_EDGE('',*,*,#1147,.F.);
#2984 = ORIENTED_EDGE('',*,*,#2985,.T.);
#2985 = EDGE_CURVE('',#1140,#2986,#2988,.T.);
#2986 = VERTEX_POINT('',#2987);
#2987 = CARTESIAN_POINT('',(61.766183665194,21.31179153996,
    16.004288260676));
#2988 = B_SPLINE_CURVE_WITH_KNOTS('',6,(#2989,#2990,#2991,#2992,#2993,
    #2994,#2995),.UNSPECIFIED.,.F.,.F.,(7,7),(0.,1.),
  .PIECEWISE_BEZIER_KNOTS.);
#2989 = CARTESIAN_POINT('',(54.467517694911,21.311791539959,
    14.040037364989));
#2990 = CARTESIAN_POINT('',(55.685008984657,21.311791539959,
    14.363624534682));
#2991 = CARTESIAN_POINT('',(56.902171871573,21.311791539959,
    14.688411797806));
#2992 = CARTESIAN_POINT('',(58.118955438005,21.311791539959,
    15.014584505571));
#2993 = CARTESIAN_POINT('',(59.335289590615,21.311791539959,
    15.342384055963));
#2994 = CARTESIAN_POINT('',(60.551081204204,21.311791539959,
    15.672121892354));
#2995 = CARTESIAN_POINT('',(61.766183663825,21.311791539959,
    16.004288258757));
#2996 = ORIENTED_EDGE('',*,*,#2997,.F.);
#2997 = EDGE_CURVE('',#2998,#2986,#3000,.T.);
#2998 = VERTEX_POINT('',#2999);
#2999 = CARTESIAN_POINT('',(61.74089542072,24.292762660431,
    15.968852283461));
#3000 = B_SPLINE_CURVE_WITH_KNOTS('',6,(#3001,#3002,#3003,#3004,#3005,
    #3006,#3007,#3008,#3009,#3010,#3011,#3012,#3013,#3014,#3015,#3016,
    #3017,#3018,#3019,#3020,#3021,#3022,#3023,#3024,#3025,#3026,#3027,
    #3028,#3029,#3030,#3031,#3032,#3033,#3034,#3035,#3036,#3037),
  .UNSPECIFIED.,.F.,.F.,(7,5,5,5,5,5,5,7),(0.,0.240984177775,
    0.382105077725,0.442864935787,0.530126177938,0.667041043586,
    0.796645678026,1.),.UNSPECIFIED.);
#3001 = CARTESIAN_POINT('',(61.74089542072,24.292762660431,
    15.968852283461));
#3002 = CARTESIAN_POINT('',(61.684881434972,23.821602798394,
    15.890360859325));
#3003 = CARTESIAN_POINT('',(61.651910123031,23.342337272432,
    15.84415873328));
#3004 = CARTESIAN_POINT('',(61.642204989748,22.859254035208,
    15.830559098784));
#3005 = CARTESIAN_POINT('',(61.655705708399,22.376541888443,
    15.849477421049));
#3006 = CARTESIAN_POINT('',(61.692127137158,21.89828783834,
    15.900514135795));
#3007 = CARTESIAN_POINT('',(61.785419917542,21.153356436219,
    16.031243686569));
#3008 = CARTESIAN_POINT('',(61.827562401126,20.881130801332,
    16.09029721595));
#3009 = CARTESIAN_POINT('',(61.877290531926,20.612602090708,
    16.159980380859));
#3010 = CARTESIAN_POINT('',(61.934476946869,20.348563423814,
    16.240114709637));
#3011 = CARTESIAN_POINT('',(61.998966944809,20.089799182958,
    16.330483422259));
#3012 = CARTESIAN_POINT('',(62.10140886298,19.728277077253,
    16.474033500709));
#3013 = CARTESIAN_POINT('',(62.13356055028,19.62059154826,
    16.519087100999));
#3014 = CARTESIAN_POINT('',(62.167017422879,19.514089376266,
    16.565969634752));
#3015 = CARTESIAN_POINT('',(62.201763756963,19.408832135698,
    16.614659068459));
#3016 = CARTESIAN_POINT('',(62.237782761072,19.304881050737,
    16.665131872539));
#3017 = CARTESIAN_POINT('',(62.328587961829,19.054969263069,
    16.792375621242));
#3018 = CARTESIAN_POINT('',(62.384707422231,18.910460931587,
    16.871014845176));
#3019 = CARTESIAN_POINT('',(62.443362132209,18.768952673011,
    16.953206670253));
#3020 = CARTESIAN_POINT('',(62.504494173116,18.630622904596,
    17.038869936079));
#3021 = CARTESIAN_POINT('',(62.568040532755,18.495647788714,
    17.127916344759));
#3022 = CARTESIAN_POINT('',(62.737320044479,18.157958609083,
    17.365124780738));
#3023 = CARTESIAN_POINT('',(62.84648351248,17.960401176353,
    17.518093650075));
#3024 = CARTESIAN_POINT('',(62.961158224348,17.772201649268,
    17.678785329602));
#3025 = CARTESIAN_POINT('',(63.081047249251,17.594013209531,
    17.846783735308));
#3026 = CARTESIAN_POINT('',(63.20581789664,17.426461024878,
    18.021622673712));
#3027 = CARTESIAN_POINT('',(63.457474737336,17.122153219053,
    18.374265028222));
#3028 = CARTESIAN_POINT('',(63.583893947615,16.984228953283,
    18.551414069134));
#3029 = CARTESIAN_POINT('',(63.714037411481,16.856861695059,
    18.733781841832));
#3030 = CARTESIAN_POINT('',(63.847560228114,16.740515826415,
    18.920885042795));
#3031 = CARTESIAN_POINT('',(63.984087912851,16.635610098367,
    19.112198913177));
#3032 = CARTESIAN_POINT('',(64.341507546665,16.396428346081,
    19.613044830451));
#3033 = CARTESIAN_POINT('',(64.566226827663,16.279388354045,
    19.927940051005));
#3034 = CARTESIAN_POINT('',(64.795761228341,16.192834518329,
    20.249582615032));
#3035 = CARTESIAN_POINT('',(65.028397014105,16.137758673678,
    20.575571096046));
#3036 = CARTESIAN_POINT('',(65.26232307645,16.11473082366,
    20.903367619195));
#3037 = CARTESIAN_POINT('',(65.495621508361,16.123723108146,
    21.230284654732));
#3038 = ORIENTED_EDGE('',*,*,#3039,.T.);
#3039 = EDGE_CURVE('',#2998,#2961,#3040,.T.);
#3040 = B_SPLINE_CURVE_WITH_KNOTS('',1,(#3041,#3042),.UNSPECIFIED.,.F.,
  .F.,(2,2),(0.,1.),.PIECEWISE_BEZIER_KNOTS.);
#3041 = CARTESIAN_POINT('',(57.485039604306,25.335168330811,
    14.722977629365));
#3042 = CARTESIAN_POINT('',(70.482289915293,22.15169407605,
    18.527839784927));
#3043 = ORIENTED_EDGE('',*,*,#2960,.F.);
#3044 = ORIENTED_EDGE('',*,*,#1236,.F.);
#3045 = ORIENTED_EDGE('',*,*,#3046,.F.);
#3046 = EDGE_CURVE('',#3047,#1229,#3049,.T.);
#3047 = VERTEX_POINT('',#3048);
#3048 = CARTESIAN_POINT('',(63.382419186778,17.213833623911,
    18.269090990454));
#3049 = B_SPLINE_CURVE_WITH_KNOTS('',6,(#3050,#3051,#3052,#3053,#3054,
    #3055,#3056,#3057,#3058,#3059,#3060,#3061),.UNSPECIFIED.,.F.,.F.,(7,
    5,7),(0.,0.342825407621,1.),.UNSPECIFIED.);
#3050 = CARTESIAN_POINT('',(63.382419185119,17.21383361888,
    18.26909098813));
#3051 = CARTESIAN_POINT('',(63.131324641819,17.066069002738,
    18.345284467891));
#3052 = CARTESIAN_POINT('',(62.878481522827,16.923876414749,
    18.426609628865));
#3053 = CARTESIAN_POINT('',(62.624117785984,16.787312569776,
    18.512943324729));
#3054 = CARTESIAN_POINT('',(62.368452908491,16.656446903927,
    18.604177328234));
#3055 = CARTESIAN_POINT('',(62.111697886918,16.531361574557,
    18.700218331208));
#3056 = CARTESIAN_POINT('',(61.360170596368,16.183633221755,
    18.994156910742));
#3057 = CARTESIAN_POINT('',(60.863084152913,15.976732118301,
    19.204678464638));
#3058 = CARTESIAN_POINT('',(60.364140603652,15.792068012526,
    19.432025047285));
#3059 = CARTESIAN_POINT('',(59.864816359944,15.63058310853,
    19.67579978403));
#3060 = CARTESIAN_POINT('',(59.366724379287,15.493439879446,
    19.935661889513));
#3061 = CARTESIAN_POINT('',(58.87162050981,15.382175884535,
    20.211430051392));
#3062 = ORIENTED_EDGE('',*,*,#3063,.F.);
#3063 = EDGE_CURVE('',#3064,#3047,#3066,.T.);
#3064 = VERTEX_POINT('',#3065);
#3065 = CARTESIAN_POINT('',(62.660480599831,18.31179153996,
    17.257451003203));
#3066 = B_SPLINE_CURVE_WITH_KNOTS('',6,(#3067,#3068,#3069,#3070,#3071,
    #3072,#3073,#3074,#3075,#3076,#3077,#3078,#3079,#3080,#3081,#3082,
    #3083,#3084,#3085,#3086,#3087,#3088,#3089,#3090,#3091,#3092,#3093,
    #3094,#3095,#3096,#3097,#3098,#3099,#3100,#3101,#3102,#3103),
  .UNSPECIFIED.,.F.,.F.,(7,5,5,5,5,5,5,7),(0.,0.240984177775,
    0.382105077725,0.442864935787,0.530126177938,0.667041043586,
    0.796645678026,1.),.UNSPECIFIED.);
#3067 = CARTESIAN_POINT('',(61.74089542072,24.292762660431,
    15.968852283461));
#3068 = CARTESIAN_POINT('',(61.684881434972,23.821602798394,
    15.890360859325));
#3069 = CARTESIAN_POINT('',(61.651910123031,23.342337272432,
    15.84415873328));
#3070 = CARTESIAN_POINT('',(61.642204989748,22.859254035208,
    15.830559098784));
#3071 = CARTESIAN_POINT('',(61.655705708399,22.376541888443,
    15.849477421049));
#3072 = CARTESIAN_POINT('',(61.692127137158,21.89828783834,
    15.900514135795));
#3073 = CARTESIAN_POINT('',(61.785419917542,21.153356436219,
    16.031243686569));
#3074 = CARTESIAN_POINT('',(61.827562401126,20.881130801332,
    16.09029721595));
#3075 = CARTESIAN_POINT('',(61.877290531926,20.612602090708,
    16.159980380859));
#3076 = CARTESIAN_POINT('',(61.934476946869,20.348563423814,
    16.240114709637));
#3077 = CARTESIAN_POINT('',(61.998966944809,20.089799182958,
    16.330483422259));
#3078 = CARTESIAN_POINT('',(62.10140886298,19.728277077253,
    16.474033500709));
#3079 = CARTESIAN_POINT('',(62.13356055028,19.62059154826,
    16.519087100999));
#3080 = CARTESIAN_POINT('',(62.167017422879,19.514089376266,
    16.565969634752));
#3081 = CARTESIAN_POINT('',(62.201763756963,19.408832135698,
    16.614659068459));
#3082 = CARTESIAN_POINT('',(62.237782761072,19.304881050737,
    16.665131872539));
#3083 = CARTESIAN_POINT('',(62.328587961829,19.054969263069,
    16.792375621242));
#3084 = CARTESIAN_POINT('',(62.384707422231,18.910460931587,
    16.871014845176));
#3085 = CARTESIAN_POINT('',(62.443362132209,18.768952673011,
    16.953206670253));
#3086 = CARTESIAN_POINT('',(62.504494173116,18.630622904596,
    17.038869936079));
#3087 = CARTESIAN_POINT('',(62.568040532755,18.495647788714,
    17.127916344759));
#3088 = CARTESIAN_POINT('',(62.737320044479,18.157958609083,
    17.365124780738));
#3089 = CARTESIAN_POINT('',(62.84648351248,17.960401176353,
    17.518093650075));
#3090 = CARTESIAN_POINT('',(62.961158224348,17.772201649268,
    17.678785329602));
#3091 = CARTESIAN_POINT('',(63.081047249251,17.594013209531,
    17.846783735308));
#3092 = CARTESIAN_POINT('',(63.20581789664,17.426461024878,
    18.021622673712));
#3093 = CARTESIAN_POINT('',(63.457474737336,17.122153219053,
    18.374265028222));
#3094 = CARTESIAN_POINT('',(63.583893947615,16.984228953283,
    18.551414069134));
#3095 = CARTESIAN_POINT('',(63.714037411481,16.856861695059,
    18.733781841832));
#3096 = CARTESIAN_POINT('',(63.847560228114,16.740515826415,
    18.920885042795));
#3097 = CARTESIAN_POINT('',(63.984087912851,16.635610098367,
    19.112198913177));
#3098 = CARTESIAN_POINT('',(64.341507546665,16.396428346081,
    19.613044830451));
#3099 = CARTESIAN_POINT('',(64.566226827663,16.279388354045,
    19.927940051005));
#3100 = CARTESIAN_POINT('',(64.795761228341,16.192834518329,
    20.249582615032));
#3101 = CARTESIAN_POINT('',(65.028397014105,16.137758673678,
    20.575571096046));
#3102 = CARTESIAN_POINT('',(65.26232307645,16.11473082366,
    20.903367619195));
#3103 = CARTESIAN_POINT('',(65.495621508361,16.123723108146,
    21.230284654732));
#3104 = ORIENTED_EDGE('',*,*,#3105,.F.);
#3105 = EDGE_CURVE('',#1148,#3064,#3106,.T.);
#3106 = B_SPLINE_CURVE_WITH_KNOTS('',5,(#3107,#3108,#3109,#3110,#3111,
    #3112),.UNSPECIFIED.,.F.,.F.,(6,6),(0.,1.),
  .PIECEWISE_BEZIER_KNOTS.);
#3107 = CARTESIAN_POINT('',(55.46546569639,18.311791539959,
    15.438444544971));
#3108 = CARTESIAN_POINT('',(56.904480838314,18.311791539959,
    15.802199320082));
#3109 = CARTESIAN_POINT('',(58.343491419349,18.311791539959,
    16.165971599174));
#3110 = CARTESIAN_POINT('',(59.782496265631,18.311791539959,
    16.529765909223));
#3111 = CARTESIAN_POINT('',(61.221493826636,18.311791539959,
    16.893588028649));
#3112 = CARTESIAN_POINT('',(62.66048059782,18.311791539959,
    17.257451000385));
#3113 = B_SPLINE_SURFACE_WITH_KNOTS('',14,1,(
    (#3114,#3115)
    ,(#3116,#3117)
    ,(#3118,#3119)
    ,(#3120,#3121)
    ,(#3122,#3123)
    ,(#3124,#3125)
    ,(#3126,#3127)
    ,(#3128,#3129)
    ,(#3130,#3131)
    ,(#3132,#3133)
    ,(#3134,#3135)
    ,(#3136,#3137)
    ,(#3138,#3139)
    ,(#3140,#3141)
    ,(#3142,#3143
    )),.UNSPECIFIED.,.T.,.F.,.F.,(15,15),(2,2),(0.,6.28318530718),(0.,1.
    ),.PIECEWISE_BEZIER_KNOTS.);
#3114 = CARTESIAN_POINT('',(57.485039604306,25.335168330811,
    14.722977629365));
#3115 = CARTESIAN_POINT('',(70.482289915293,22.15169407605,
    18.527839784927));
#3116 = CARTESIAN_POINT('',(58.454243325077,30.450544996735,
    15.692181350133));
#3117 = CARTESIAN_POINT('',(70.999746139095,24.882785007857,
    19.045296008727));
#3118 = CARTESIAN_POINT('',(57.61354433785,35.565923550848,
    18.471288494409));
#3119 = CARTESIAN_POINT('',(70.550898374727,27.613876947763,
    20.529056602702));
#3120 = CARTESIAN_POINT('',(54.717662968126,39.386750473656,
    22.815024015193));
#3121 = CARTESIAN_POINT('',(69.004792219699,29.653809965878,
    22.848169634998));
#3122 = CARTESIAN_POINT('',(50.062668983428,40.618618225802,
    27.9368187408));
#3123 = CARTESIAN_POINT('',(66.519498821123,30.311502070829,
    25.582687157949));
#3124 = CARTESIAN_POINT('',(44.573762574272,38.431120132253,
    32.596800349398));
#3125 = CARTESIAN_POINT('',(63.588980992407,29.143600546312,
    28.070643440606));
#3126 = CARTESIAN_POINT('',(39.656731273016,32.924878248779,
    35.427310766738));
#3127 = CARTESIAN_POINT('',(60.963786314816,26.203827337344,
    29.581848154768));
#3128 = CARTESIAN_POINT('',(36.760321440095,25.335168330726,
    35.447695793667));
#3129 = CARTESIAN_POINT('',(59.417398013893,22.151694075991,
    29.59273168635));
#3130 = CARTESIAN_POINT('',(36.780706466876,17.745458412988,
    32.551285960549));
#3131 = CARTESIAN_POINT('',(59.428281545482,18.099560814858,
    28.04634338533));
#3132 = CARTESIAN_POINT('',(39.611216884295,12.239216529286,
    27.634254659494));
#3133 = CARTESIAN_POINT('',(60.939486259553,15.159787605727,
    25.421148707908));
#3134 = CARTESIAN_POINT('',(44.271198492871,10.051718435851,
    22.145348250177));
#3135 = CARTESIAN_POINT('',(63.427442542328,13.991886081295,
    22.490630879016));
#3136 = CARTESIAN_POINT('',(49.392993218473,11.283586187963,
    17.490354265581));
#3137 = CARTESIAN_POINT('',(66.161960065185,14.649578186218,
    20.00533748057));
#3138 = CARTESIAN_POINT('',(53.736728739266,15.104413110772,
    14.594472895808));
#3139 = CARTESIAN_POINT('',(68.481073097533,16.689511204337,
    18.459231325472));
#3140 = CARTESIAN_POINT('',(56.515835883537,20.219791664889,
    13.753773908597));
#3141 = CARTESIAN_POINT('',(69.964833691489,19.420603144244,
    18.01038356113));
#3142 = CARTESIAN_POINT('',(57.485039604306,25.335168330811,
    14.722977629365));
#3143 = CARTESIAN_POINT('',(70.482289915293,22.15169407605,
    18.527839784927));
#3144 = ADVANCED_FACE('',(#3145),#3179,.T.);
#3145 = FACE_BOUND('',#3146,.T.);
#3146 = EDGE_LOOP('',(#3147,#3157,#3172,#3173));
#3147 = ORIENTED_EDGE('',*,*,#3148,.F.);
#3148 = EDGE_CURVE('',#3149,#3151,#3153,.T.);
#3149 = VERTEX_POINT('',#3150);
#3150 = CARTESIAN_POINT('',(58.871620510311,15.382175886054,
    20.211430052094));
#3151 = VERTEX_POINT('',#3152);
#3152 = CARTESIAN_POINT('',(57.859695918876,12.311791539959,
    18.79343771966));
#3153 = LINE('',#3154,#3155);
#3154 = CARTESIAN_POINT('',(64.343573524746,31.985190597118,
    27.879182653007));
#3155 = VECTOR('',#3156,1.);
#3156 = DIRECTION('',(-0.28665207113,-0.869760493441,-0.401680562345));
#3157 = ORIENTED_EDGE('',*,*,#3158,.F.);
#3158 = EDGE_CURVE('',#1229,#3149,#3159,.T.);
#3159 = B_SPLINE_CURVE_WITH_KNOTS('',6,(#3160,#3161,#3162,#3163,#3164,
    #3165,#3166,#3167,#3168,#3169,#3170,#3171),.UNSPECIFIED.,.F.,.F.,(7,
    5,7),(0.,0.342825407621,1.),.UNSPECIFIED.);
#3160 = CARTESIAN_POINT('',(63.382419185119,17.21383361888,
    18.26909098813));
#3161 = CARTESIAN_POINT('',(63.131324641819,17.066069002738,
    18.345284467891));
#3162 = CARTESIAN_POINT('',(62.878481522827,16.923876414749,
    18.426609628865));
#3163 = CARTESIAN_POINT('',(62.624117785984,16.787312569776,
    18.512943324729));
#3164 = CARTESIAN_POINT('',(62.368452908491,16.656446903927,
    18.604177328234));
#3165 = CARTESIAN_POINT('',(62.111697886918,16.531361574557,
    18.700218331208));
#3166 = CARTESIAN_POINT('',(61.360170596368,16.183633221755,
    18.994156910742));
#3167 = CARTESIAN_POINT('',(60.863084152913,15.976732118301,
    19.204678464638));
#3168 = CARTESIAN_POINT('',(60.364140603652,15.792068012526,
    19.432025047285));
#3169 = CARTESIAN_POINT('',(59.864816359944,15.63058310853,
    19.67579978403));
#3170 = CARTESIAN_POINT('',(59.366724379287,15.493439879446,
    19.935661889513));
#3171 = CARTESIAN_POINT('',(58.87162050981,15.382175884535,
    20.211430051392));
#3172 = ORIENTED_EDGE('',*,*,#1228,.F.);
#3173 = ORIENTED_EDGE('',*,*,#3174,.F.);
#3174 = EDGE_CURVE('',#3151,#1221,#3175,.T.);
#3175 = LINE('',#3176,#3177);
#3176 = CARTESIAN_POINT('',(57.452703368421,12.311791539959,
    19.083880595067));
#3177 = VECTOR('',#3178,1.);
#3178 = DIRECTION('',(0.81398510091,0.,-0.580885750813));
#3179 = PLANE('',#3180);
#3180 = AXIS2_PLACEMENT_3D('',#3181,#3182,#3183);
#3181 = CARTESIAN_POINT('',(61.493869168184,23.338609891953,
    23.885941495011));
#3182 = DIRECTION('',(-0.50523147726,0.493474096634,-0.707972083021));
#3183 = DIRECTION('',(-0.28665207113,-0.869760493441,-0.401680562345));
#3184 = ADVANCED_FACE('',(#3185),#3203,.T.);
#3185 = FACE_BOUND('',#3186,.T.);
#3186 = EDGE_LOOP('',(#3187,#3195,#3201,#3202));
#3187 = ORIENTED_EDGE('',*,*,#3188,.T.);
#3188 = EDGE_CURVE('',#1213,#3189,#3191,.T.);
#3189 = VERTEX_POINT('',#3190);
#3190 = CARTESIAN_POINT('',(50.609026783628,12.311791539959,
    8.633201150836));
#3191 = LINE('',#3192,#3193);
#3192 = CARTESIAN_POINT('',(50.202034233173,12.311791539959,
    8.923644026242));
#3193 = VECTOR('',#3194,1.);
#3194 = DIRECTION('',(-0.81398510091,0.,0.580885750813));
#3195 = ORIENTED_EDGE('',*,*,#3196,.T.);
#3196 = EDGE_CURVE('',#3189,#3151,#3197,.T.);
#3197 = LINE('',#3198,#3199);
#3198 = CARTESIAN_POINT('',(57.36650400651,12.311791539959,
    18.102336469556));
#3199 = VECTOR('',#3200,1.);
#3200 = DIRECTION('',(0.580885750813,0.,0.81398510091));
#3201 = ORIENTED_EDGE('',*,*,#3174,.T.);
#3202 = ORIENTED_EDGE('',*,*,#1220,.F.);
#3203 = PLANE('',#3204);
#3204 = AXIS2_PLACEMENT_3D('',#3205,#3206,#3207);
#3205 = CARTESIAN_POINT('',(61.260769818087,12.311791539959,
    25.280812346733));
#3206 = DIRECTION('',(0.,1.,0.));
#3207 = DIRECTION('',(0.81398510091,0.,-0.580885750813));
#3208 = ADVANCED_FACE('',(#3209),#3227,.T.);
#3209 = FACE_BOUND('',#3210,.T.);
#3210 = EDGE_LOOP('',(#3211,#3219,#3220,#3221));
#3211 = ORIENTED_EDGE('',*,*,#3212,.F.);
#3212 = EDGE_CURVE('',#3189,#3213,#3215,.T.);
#3213 = VERTEX_POINT('',#3214);
#3214 = CARTESIAN_POINT('',(50.609026783628,18.311791539959,
    8.633201150836));
#3215 = LINE('',#3216,#3217);
#3216 = CARTESIAN_POINT('',(50.609026783628,-40.,8.633201150836));
#3217 = VECTOR('',#3218,1.);
#3218 = DIRECTION('',(0.,1.,0.));
#3219 = ORIENTED_EDGE('',*,*,#3188,.F.);
#3220 = ORIENTED_EDGE('',*,*,#1212,.F.);
#3221 = ORIENTED_EDGE('',*,*,#3222,.T.);
#3222 = EDGE_CURVE('',#1205,#3213,#3223,.T.);
#3223 = LINE('',#3224,#3225);
#3224 = CARTESIAN_POINT('',(50.202034233173,18.311791539959,
    8.923644026242));
#3225 = VECTOR('',#3226,1.);
#3226 = DIRECTION('',(-0.81398510091,0.,0.580885750813));
#3227 = PLANE('',#3228);
#3228 = AXIS2_PLACEMENT_3D('',#3229,#3230,#3231);
#3229 = CARTESIAN_POINT('',(50.609026783628,-9.688208460041,
    8.633201150836));
#3230 = DIRECTION('',(0.580885750813,0.,0.81398510091));
#3231 = DIRECTION('',(0.,1.,0.));
#3232 = ADVANCED_FACE('',(#3233),#3254,.F.);
#3233 = FACE_BOUND('',#3234,.F.);
#3234 = EDGE_LOOP('',(#3235,#3236,#3237,#3245));
#3235 = ORIENTED_EDGE('',*,*,#1204,.F.);
#3236 = ORIENTED_EDGE('',*,*,#3222,.T.);
#3237 = ORIENTED_EDGE('',*,*,#3238,.T.);
#3238 = EDGE_CURVE('',#3213,#3239,#3241,.T.);
#3239 = VERTEX_POINT('',#3240);
#3240 = CARTESIAN_POINT('',(55.465465696625,18.311791539959,
    15.438444545301));
#3241 = LINE('',#3242,#3243);
#3242 = CARTESIAN_POINT('',(57.36650400651,18.311791539959,
    18.102336469556));
#3243 = VECTOR('',#3244,1.);
#3244 = DIRECTION('',(0.580885750813,0.,0.81398510091));
#3245 = ORIENTED_EDGE('',*,*,#3246,.T.);
#3246 = EDGE_CURVE('',#3239,#1148,#3247,.T.);
#3247 = B_SPLINE_CURVE_WITH_KNOTS('',5,(#3248,#3249,#3250,#3251,#3252,
    #3253),.UNSPECIFIED.,.F.,.F.,(6,6),(0.,1.),
  .PIECEWISE_BEZIER_KNOTS.);
#3248 = CARTESIAN_POINT('',(55.46546569639,18.311791539959,
    15.438444544971));
#3249 = CARTESIAN_POINT('',(56.904480838314,18.311791539959,
    15.802199320082));
#3250 = CARTESIAN_POINT('',(58.343491419349,18.311791539959,
    16.165971599174));
#3251 = CARTESIAN_POINT('',(59.782496265631,18.311791539959,
    16.529765909223));
#3252 = CARTESIAN_POINT('',(61.221493826636,18.311791539959,
    16.893588028649));
#3253 = CARTESIAN_POINT('',(62.66048059782,18.311791539959,
    17.257451000385));
#3254 = PLANE('',#3255);
#3255 = AXIS2_PLACEMENT_3D('',#3256,#3257,#3258);
#3256 = CARTESIAN_POINT('',(61.260769818087,18.311791539959,
    25.280812346733));
#3257 = DIRECTION('',(0.,1.,0.));
#3258 = DIRECTION('',(0.81398510091,0.,-0.580885750813));
#3259 = ADVANCED_FACE('',(#3260),#3289,.T.);
#3260 = FACE_BOUND('',#3261,.T.);
#3261 = EDGE_LOOP('',(#3262,#3263,#3271,#3279));
#3262 = ORIENTED_EDGE('',*,*,#1139,.F.);
#3263 = ORIENTED_EDGE('',*,*,#3264,.T.);
#3264 = EDGE_CURVE('',#1132,#3265,#3267,.T.);
#3265 = VERTEX_POINT('',#3266);
#3266 = CARTESIAN_POINT('',(50.609026783628,21.311791539959,
    8.633201150836));
#3267 = LINE('',#3268,#3269);
#3268 = CARTESIAN_POINT('',(50.202034233173,21.311791539959,
    8.923644026242));
#3269 = VECTOR('',#3270,1.);
#3270 = DIRECTION('',(-0.81398510091,0.,0.580885750813));
#3271 = ORIENTED_EDGE('',*,*,#3272,.T.);
#3272 = EDGE_CURVE('',#3265,#3273,#3275,.T.);
#3273 = VERTEX_POINT('',#3274);
#3274 = CARTESIAN_POINT('',(54.467517691037,21.311791539959,
    14.04003735956));
#3275 = LINE('',#3276,#3277);
#3276 = CARTESIAN_POINT('',(57.36650400651,21.311791539959,
    18.102336469556));
#3277 = VECTOR('',#3278,1.);
#3278 = DIRECTION('',(0.580885750813,0.,0.81398510091));
#3279 = ORIENTED_EDGE('',*,*,#3280,.T.);
#3280 = EDGE_CURVE('',#3273,#1140,#3281,.T.);
#3281 = B_SPLINE_CURVE_WITH_KNOTS('',6,(#3282,#3283,#3284,#3285,#3286,
    #3287,#3288),.UNSPECIFIED.,.F.,.F.,(7,7),(0.,1.),
  .PIECEWISE_BEZIER_KNOTS.);
#3282 = CARTESIAN_POINT('',(54.467517694911,21.311791539959,
    14.040037364989));
#3283 = CARTESIAN_POINT('',(55.685008984657,21.311791539959,
    14.363624534682));
#3284 = CARTESIAN_POINT('',(56.902171871573,21.311791539959,
    14.688411797806));
#3285 = CARTESIAN_POINT('',(58.118955438005,21.311791539959,
    15.014584505571));
#3286 = CARTESIAN_POINT('',(59.335289590615,21.311791539959,
    15.342384055963));
#3287 = CARTESIAN_POINT('',(60.551081204204,21.311791539959,
    15.672121892354));
#3288 = CARTESIAN_POINT('',(61.766183663825,21.311791539959,
    16.004288258757));
#3289 = PLANE('',#3290);
#3290 = AXIS2_PLACEMENT_3D('',#3291,#3292,#3293);
#3291 = CARTESIAN_POINT('',(61.260769818087,21.311791539959,
    25.280812346733));
#3292 = DIRECTION('',(0.,1.,0.));
#3293 = DIRECTION('',(0.81398510091,0.,-0.580885750813));
#3294 = ADVANCED_FACE('',(#3295),#3313,.T.);
#3295 = FACE_BOUND('',#3296,.T.);
#3296 = EDGE_LOOP('',(#3297,#3305,#3306,#3307));
#3297 = ORIENTED_EDGE('',*,*,#3298,.F.);
#3298 = EDGE_CURVE('',#3265,#3299,#3301,.T.);
#3299 = VERTEX_POINT('',#3300);
#3300 = CARTESIAN_POINT('',(50.609026783628,27.311791539959,
    8.633201150836));
#3301 = LINE('',#3302,#3303);
#3302 = CARTESIAN_POINT('',(50.609026783628,-40.,8.633201150836));
#3303 = VECTOR('',#3304,1.);
#3304 = DIRECTION('',(0.,1.,0.));
#3305 = ORIENTED_EDGE('',*,*,#3264,.F.);
#3306 = ORIENTED_EDGE('',*,*,#1131,.F.);
#3307 = ORIENTED_EDGE('',*,*,#3308,.T.);
#3308 = EDGE_CURVE('',#1124,#3299,#3309,.T.);
#3309 = LINE('',#3310,#3311);
#3310 = CARTESIAN_POINT('',(50.202034233173,27.311791539959,
    8.923644026242));
#3311 = VECTOR('',#3312,1.);
#3312 = DIRECTION('',(-0.81398510091,0.,0.580885750813));
#3313 = PLANE('',#3314);
#3314 = AXIS2_PLACEMENT_3D('',#3315,#3316,#3317);
#3315 = CARTESIAN_POINT('',(50.609026783628,-9.688208460041,
    8.633201150836));
#3316 = DIRECTION('',(0.580885750813,0.,0.81398510091));
#3317 = DIRECTION('',(0.,1.,0.));
#3318 = ADVANCED_FACE('',(#3319),#3337,.F.);
#3319 = FACE_BOUND('',#3320,.F.);
#3320 = EDGE_LOOP('',(#3321,#3322,#3323,#3331));
#3321 = ORIENTED_EDGE('',*,*,#1123,.F.);
#3322 = ORIENTED_EDGE('',*,*,#3308,.T.);
#3323 = ORIENTED_EDGE('',*,*,#3324,.T.);
#3324 = EDGE_CURVE('',#3299,#3325,#3327,.T.);
#3325 = VERTEX_POINT('',#3326);
#3326 = CARTESIAN_POINT('',(54.046277410942,27.311791539959,
    13.449760680505));
#3327 = LINE('',#3328,#3329);
#3328 = CARTESIAN_POINT('',(57.36650400651,27.311791539959,
    18.102336469556));
#3329 = VECTOR('',#3330,1.);
#3330 = DIRECTION('',(0.580885750813,0.,0.81398510091));
#3331 = ORIENTED_EDGE('',*,*,#3332,.T.);
#3332 = EDGE_CURVE('',#3325,#1116,#3333,.T.);
#3333 = LINE('',#3334,#3335);
#3334 = CARTESIAN_POINT('',(53.639284860487,27.311791539959,
    13.740203555911));
#3335 = VECTOR('',#3336,1.);
#3336 = DIRECTION('',(0.81398510091,0.,-0.580885750813));
#3337 = PLANE('',#3338);
#3338 = AXIS2_PLACEMENT_3D('',#3339,#3340,#3341);
#3339 = CARTESIAN_POINT('',(61.260769818087,27.311791539959,
    25.280812346733));
#3340 = DIRECTION('',(0.,1.,0.));
#3341 = DIRECTION('',(0.81398510091,0.,-0.580885750813));
#3342 = ADVANCED_FACE('',(#3343),#3366,.T.);
#3343 = FACE_BOUND('',#3344,.T.);
#3344 = EDGE_LOOP('',(#3345,#3353,#3354,#3355));
#3345 = ORIENTED_EDGE('',*,*,#3346,.F.);
#3346 = EDGE_CURVE('',#3325,#3347,#3349,.T.);
#3347 = VERTEX_POINT('',#3348);
#3348 = CARTESIAN_POINT('',(54.437969724545,27.102829399874,
    13.99863230796));
#3349 = LINE('',#3350,#3351);
#3350 = CARTESIAN_POINT('',(44.586373262807,32.358512517477,
    0.193761507103));
#3351 = VECTOR('',#3352,1.);
#3352 = DIRECTION('',(0.554853899201,-0.296006467794,0.777507119945));
#3353 = ORIENTED_EDGE('',*,*,#3332,.T.);
#3354 = ORIENTED_EDGE('',*,*,#1115,.F.);
#3355 = ORIENTED_EDGE('',*,*,#3356,.F.);
#3356 = EDGE_CURVE('',#3347,#1064,#3357,.T.);
#3357 = B_SPLINE_CURVE_WITH_KNOTS('',4,(#3358,#3359,#3360,#3361,#3362,
    #3363,#3364,#3365),.UNSPECIFIED.,.F.,.F.,(5,3,5),(0.,0.501784355716,
    1.),.UNSPECIFIED.);
#3358 = CARTESIAN_POINT('',(54.437969727356,27.102829398375,
    13.998632311898));
#3359 = CARTESIAN_POINT('',(55.37282488012,26.865640648391,
    14.271785315221));
#3360 = CARTESIAN_POINT('',(56.307665067931,26.628443747989,
    14.544981308996));
#3361 = CARTESIAN_POINT('',(57.242487665605,26.391237286067,
    14.818227760711));
#3362 = CARTESIAN_POINT('',(59.105440366986,25.918487586204,
    15.362903065706));
#3363 = CARTESIAN_POINT('',(60.033570716967,25.68294448606,
    15.634331196958));
#3364 = CARTESIAN_POINT('',(60.96167496425,25.447387307287,
    15.905833768318));
#3365 = CARTESIAN_POINT('',(61.889745174176,25.211811909911,
    16.177432854456));
#3366 = PLANE('',#3367);
#3367 = AXIS2_PLACEMENT_3D('',#3368,#3369,#3370);
#3368 = CARTESIAN_POINT('',(50.609026783628,29.145514649012,
    8.633201150836));
#3369 = DIRECTION('',(-0.17194593929,-0.955185935315,-0.240944854557));
#3370 = DIRECTION('',(0.554853899201,-0.296006467794,0.777507119945));
#3371 = ADVANCED_FACE('',(#3372),#3441,.T.);
#3372 = FACE_BOUND('',#3373,.T.);
#3373 = EDGE_LOOP('',(#3374,#3375,#3422,#3433,#3434));
#3374 = ORIENTED_EDGE('',*,*,#3039,.F.);
#3375 = ORIENTED_EDGE('',*,*,#3376,.F.);
#3376 = EDGE_CURVE('',#3377,#2998,#3379,.T.);
#3377 = VERTEX_POINT('',#3378);
#3378 = CARTESIAN_POINT('',(61.88974518268,25.211811905374,
    16.177432866373));
#3379 = B_SPLINE_CURVE_WITH_KNOTS('',6,(#3380,#3381,#3382,#3383,#3384,
    #3385,#3386,#3387,#3388,#3389,#3390,#3391,#3392,#3393,#3394,#3395,
    #3396,#3397,#3398,#3399,#3400,#3401,#3402,#3403,#3404,#3405,#3406,
    #3407,#3408,#3409,#3410,#3411,#3412,#3413,#3414,#3415,#3416,#3417,
    #3418,#3419,#3420,#3421),.UNSPECIFIED.,.F.,.F.,(7,5,5,5,5,5,5,5,7),(
    0.,0.149002106696,0.236467180751,0.293258097053,0.424213209925,
    0.578755200079,0.648456521308,0.761749356863,1.),.UNSPECIFIED.);
#3380 = CARTESIAN_POINT('',(67.40592964154,28.229126053216,
    23.907166221165));
#3381 = CARTESIAN_POINT('',(67.260203305813,28.411124619466,
    23.702962441118));
#3382 = CARTESIAN_POINT('',(67.108373590833,28.578901534046,
    23.490206101861));
#3383 = CARTESIAN_POINT('',(66.95096602198,28.731523589725,
    23.269633612971));
#3384 = CARTESIAN_POINT('',(66.788566401403,28.868124007596,
    23.042065848816));
#3385 = CARTESIAN_POINT('',(66.62182732507,28.987927984423,
    22.808417280771));
#3386 = CARTESIAN_POINT('',(66.351476751355,29.150358415267,
    22.429579723268));
#3387 = CARTESIAN_POINT('',(66.250232536663,29.204425286614,
    22.287707965874));
#3388 = CARTESIAN_POINT('',(66.147888545078,29.252346449623,
    22.144295110247));
#3389 = CARTESIAN_POINT('',(66.04459738719,29.294005361758,
    21.99955500695));
#3390 = CARTESIAN_POINT('',(65.940518012081,29.32930320698,
    21.853710388567));
#3391 = CARTESIAN_POINT('',(65.767833046241,29.376897918204,
    21.611729948958));
#3392 = CARTESIAN_POINT('',(65.699587423347,29.392920029418,
    21.516098544399));
#3393 = CARTESIAN_POINT('',(65.631124257172,29.406205343725,
    21.420162300225));
#3394 = CARTESIAN_POINT('',(65.56248947225,29.416735902881,
    21.323985569684));
#3395 = CARTESIAN_POINT('',(65.49372971637,29.424497540675,
    21.227633719514));
#3396 = CARTESIAN_POINT('',(65.266159163705,29.440968748311,
    20.908743061555));
#3397 = CARTESIAN_POINT('',(65.107008531596,29.437679598862,
    20.685728048438));
#3398 = CARTESIAN_POINT('',(64.948029390712,29.41948606628,
    20.462953342992));
#3399 = CARTESIAN_POINT('',(64.789811432094,29.386376406175,
    20.24124526902));
#3400 = CARTESIAN_POINT('',(64.63294410875,29.338458230463,
    20.021429816767));
#3401 = CARTESIAN_POINT('',(64.295182336625,29.202212012899,
    19.548130119225));
#3402 = CARTESIAN_POINT('',(64.115034292946,29.108154579227,
    19.295691798424));
#3403 = CARTESIAN_POINT('',(63.938544268279,28.994170775825,
    19.04837939605));
#3404 = CARTESIAN_POINT('',(63.766617973334,28.860868912038,
    18.807462068772));
#3405 = CARTESIAN_POINT('',(63.600103031029,28.709041491861,
    18.574127575843));
#3406 = CARTESIAN_POINT('',(63.367477587346,28.463296725411,
    18.248153587007));
#3407 = CARTESIAN_POINT('',(63.296429335102,28.383343460525,
    18.148594906679));
#3408 = CARTESIAN_POINT('',(63.226710072472,28.299910949068,
    18.050898516387));
#3409 = CARTESIAN_POINT('',(63.158386518214,28.213094178025,
    17.955157907963));
#3410 = CARTESIAN_POINT('',(63.091521598899,28.122993699776,
    17.86146125932));
#3411 = CARTESIAN_POINT('',(62.91995890255,27.878101048653,
    17.621053436431));
#3412 = CARTESIAN_POINT('',(62.817752300753,27.718089672593,
    17.477833102722));
#3413 = CARTESIAN_POINT('',(62.719809566359,27.550137119693,
    17.340587652258));
#3414 = CARTESIAN_POINT('',(62.626354826974,27.374726044884,
    17.209631151151));
#3415 = CARTESIAN_POINT('',(62.537584241231,27.192361017275,
    17.085238473087));
#3416 = CARTESIAN_POINT('',(62.277197808395,26.606528978388,
    16.720363492919));
#3417 = CARTESIAN_POINT('',(62.122192782039,26.18103360245,
    16.50315764505));
#3418 = CARTESIAN_POINT('',(61.990245026027,25.731932193015,
    16.318261549145));
#3419 = CARTESIAN_POINT('',(61.882362063684,25.264220452573,
    16.167087030117));
#3420 = CARTESIAN_POINT('',(61.799160811612,24.782860145327,
    16.050498562473));
#3421 = CARTESIAN_POINT('',(61.74089542072,24.292762660431,
    15.968852283461));
#3422 = ORIENTED_EDGE('',*,*,#3423,.F.);
#3423 = EDGE_CURVE('',#1064,#3377,#3424,.T.);
#3424 = B_SPLINE_CURVE_WITH_KNOTS('',4,(#3425,#3426,#3427,#3428,#3429,
    #3430,#3431,#3432),.UNSPECIFIED.,.F.,.F.,(5,3,5),(0.,0.501784355716,
    1.),.UNSPECIFIED.);
#3425 = CARTESIAN_POINT('',(54.437969727356,27.102829398375,
    13.998632311898));
#3426 = CARTESIAN_POINT('',(55.37282488012,26.865640648391,
    14.271785315221));
#3427 = CARTESIAN_POINT('',(56.307665067931,26.628443747989,
    14.544981308996));
#3428 = CARTESIAN_POINT('',(57.242487665605,26.391237286067,
    14.818227760711));
#3429 = CARTESIAN_POINT('',(59.105440366986,25.918487586204,
    15.362903065706));
#3430 = CARTESIAN_POINT('',(60.033570716967,25.68294448606,
    15.634331196958));
#3431 = CARTESIAN_POINT('',(60.96167496425,25.447387307287,
    15.905833768318));
#3432 = CARTESIAN_POINT('',(61.889745174176,25.211811909911,
    16.177432854456));
#3433 = ORIENTED_EDGE('',*,*,#1063,.F.);
#3434 = ORIENTED_EDGE('',*,*,#3435,.F.);
#3435 = EDGE_CURVE('',#2961,#1055,#3436,.T.);
#3436 = CIRCLE('',#3437,6.3);
#3437 = AXIS2_PLACEMENT_3D('',#3438,#3439,#3440);
#3438 = CARTESIAN_POINT('',(66.027517193817,22.15169407605,
    22.982612506402));
#3439 = DIRECTION('',(0.683012701892,-0.258819045103,0.683012701892));
#3440 = DIRECTION('',(0.707106781187,0.,-0.707106781187));
#3441 = B_SPLINE_SURFACE_WITH_KNOTS('',14,1,(
    (#3442,#3443)
    ,(#3444,#3445)
    ,(#3446,#3447)
    ,(#3448,#3449)
    ,(#3450,#3451)
    ,(#3452,#3453)
    ,(#3454,#3455)
    ,(#3456,#3457)
    ,(#3458,#3459)
    ,(#3460,#3461)
    ,(#3462,#3463)
    ,(#3464,#3465)
    ,(#3466,#3467)
    ,(#3468,#3469)
    ,(#3470,#3471
    )),.UNSPECIFIED.,.T.,.F.,.F.,(15,15),(2,2),(0.,6.28318530718),(0.,1.
    ),.PIECEWISE_BEZIER_KNOTS.);
#3442 = CARTESIAN_POINT('',(57.485039604306,25.335168330811,
    14.722977629365));
#3443 = CARTESIAN_POINT('',(70.482289915293,22.15169407605,
    18.527839784927));
#3444 = CARTESIAN_POINT('',(58.454243325077,30.450544996735,
    15.692181350133));
#3445 = CARTESIAN_POINT('',(70.999746139095,24.882785007857,
    19.045296008727));
#3446 = CARTESIAN_POINT('',(57.61354433785,35.565923550848,
    18.471288494409));
#3447 = CARTESIAN_POINT('',(70.550898374727,27.613876947763,
    20.529056602702));
#3448 = CARTESIAN_POINT('',(54.717662968126,39.386750473656,
    22.815024015193));
#3449 = CARTESIAN_POINT('',(69.004792219699,29.653809965878,
    22.848169634998));
#3450 = CARTESIAN_POINT('',(50.062668983428,40.618618225802,
    27.9368187408));
#3451 = CARTESIAN_POINT('',(66.519498821123,30.311502070829,
    25.582687157949));
#3452 = CARTESIAN_POINT('',(44.573762574272,38.431120132253,
    32.596800349398));
#3453 = CARTESIAN_POINT('',(63.588980992407,29.143600546312,
    28.070643440606));
#3454 = CARTESIAN_POINT('',(39.656731273016,32.924878248779,
    35.427310766738));
#3455 = CARTESIAN_POINT('',(60.963786314816,26.203827337344,
    29.581848154768));
#3456 = CARTESIAN_POINT('',(36.760321440095,25.335168330726,
    35.447695793667));
#3457 = CARTESIAN_POINT('',(59.417398013893,22.151694075991,
    29.59273168635));
#3458 = CARTESIAN_POINT('',(36.780706466876,17.745458412988,
    32.551285960549));
#3459 = CARTESIAN_POINT('',(59.428281545482,18.099560814858,
    28.04634338533));
#3460 = CARTESIAN_POINT('',(39.611216884295,12.239216529286,
    27.634254659494));
#3461 = CARTESIAN_POINT('',(60.939486259553,15.159787605727,
    25.421148707908));
#3462 = CARTESIAN_POINT('',(44.271198492871,10.051718435851,
    22.145348250177));
#3463 = CARTESIAN_POINT('',(63.427442542328,13.991886081295,
    22.490630879016));
#3464 = CARTESIAN_POINT('',(49.392993218473,11.283586187963,
    17.490354265581));
#3465 = CARTESIAN_POINT('',(66.161960065185,14.649578186218,
    20.00533748057));
#3466 = CARTESIAN_POINT('',(53.736728739266,15.104413110772,
    14.594472895808));
#3467 = CARTESIAN_POINT('',(68.481073097533,16.689511204337,
    18.459231325472));
#3468 = CARTESIAN_POINT('',(56.515835883537,20.219791664889,
    13.753773908597));
#3469 = CARTESIAN_POINT('',(69.964833691489,19.420603144244,
    18.01038356113));
#3470 = CARTESIAN_POINT('',(57.485039604306,25.335168330811,
    14.722977629365));
#3471 = CARTESIAN_POINT('',(70.482289915293,22.15169407605,
    18.527839784927));
#3472 = ADVANCED_FACE('',(#3473),#3485,.T.);
#3473 = FACE_BOUND('',#3474,.T.);
#3474 = EDGE_LOOP('',(#3475,#3476,#3477,#3478));
#3475 = ORIENTED_EDGE('',*,*,#2969,.F.);
#3476 = ORIENTED_EDGE('',*,*,#3435,.T.);
#3477 = ORIENTED_EDGE('',*,*,#1054,.F.);
#3478 = ORIENTED_EDGE('',*,*,#3479,.F.);
#3479 = EDGE_CURVE('',#2918,#1046,#3480,.T.);
#3480 = CIRCLE('',#3481,4.5);
#3481 = AXIS2_PLACEMENT_3D('',#3482,#3483,#3484);
#3482 = CARTESIAN_POINT('',(67.256940057223,21.685819794866,
    24.212035369808));
#3483 = DIRECTION('',(0.683012701892,-0.258819045103,0.683012701892));
#3484 = DIRECTION('',(0.707106781187,0.,-0.707106781187));
#3485 = CONICAL_SURFACE('',#3486,6.3,0.785398163397);
#3486 = AXIS2_PLACEMENT_3D('',#3487,#3488,#3489);
#3487 = CARTESIAN_POINT('',(66.027517193817,22.15169407605,
    22.982612506402));
#3488 = DIRECTION('',(-0.683012701892,0.258819045103,-0.683012701892));
#3489 = DIRECTION('',(0.707106781187,0.,-0.707106781187));
#3490 = ADVANCED_FACE('',(#3491),#3503,.T.);
#3491 = FACE_BOUND('',#3492,.T.);
#3492 = EDGE_LOOP('',(#3493,#3500,#3501,#3502));
#3493 = ORIENTED_EDGE('',*,*,#3494,.F.);
#3494 = EDGE_CURVE('',#2920,#1038,#3495,.T.);
#3495 = CIRCLE('',#3496,4.5);
#3496 = AXIS2_PLACEMENT_3D('',#3497,#3498,#3499);
#3497 = CARTESIAN_POINT('',(70.330497215738,20.521134091904,
    27.285592528323));
#3498 = DIRECTION('',(0.683012701892,-0.258819045103,0.683012701892));
#3499 = DIRECTION('',(0.707106781187,0.,-0.707106781187));
#3500 = ORIENTED_EDGE('',*,*,#2917,.F.);
#3501 = ORIENTED_EDGE('',*,*,#3479,.T.);
#3502 = ORIENTED_EDGE('',*,*,#1045,.T.);
#3503 = CYLINDRICAL_SURFACE('',#3504,4.5);
#3504 = AXIS2_PLACEMENT_3D('',#3505,#3506,#3507);
#3505 = CARTESIAN_POINT('',(65.890914653439,22.203457885071,
    22.846009966024));
#3506 = DIRECTION('',(0.683012701892,-0.258819045103,0.683012701892));
#3507 = DIRECTION('',(0.707106781187,0.,-0.707106781187));
#3508 = ADVANCED_FACE('',(#3509),#3706,.T.);
#3509 = FACE_BOUND('',#3510,.T.);
#3510 = EDGE_LOOP('',(#3511,#3521,#3528,#3529,#3538,#3544,#3545,#3553,
    #3562,#3570,#3579,#3587,#3596,#3604,#3612,#3620,#3628,#3636,#3644,
    #3652,#3660,#3668,#3676,#3684,#3692,#3700));
#3511 = ORIENTED_EDGE('',*,*,#3512,.F.);
#3512 = EDGE_CURVE('',#3513,#3515,#3517,.T.);
#3513 = VERTEX_POINT('',#3514);
#3514 = CARTESIAN_POINT('',(68.909621466168,23.844817348535,
    29.965936109635));
#3515 = VERTEX_POINT('',#3516);
#3516 = CARTESIAN_POINT('',(68.92946514786,23.94955065085,
    29.985779791327));
#3517 = LINE('',#3518,#3519);
#3518 = CARTESIAN_POINT('',(59.600444644512,-25.2882440213,
    20.656759287978));
#3519 = VECTOR('',#3520,1.);
#3520 = DIRECTION('',(0.183012701892,0.965925826289,0.183012701892));
#3521 = ORIENTED_EDGE('',*,*,#3522,.F.);
#3522 = EDGE_CURVE('',#1038,#3513,#3523,.T.);
#3523 = CIRCLE('',#3524,4.5);
#3524 = AXIS2_PLACEMENT_3D('',#3525,#3526,#3527);
#3525 = CARTESIAN_POINT('',(70.330497215738,20.521134091904,
    27.285592528323));
#3526 = DIRECTION('',(0.683012701892,-0.258819045103,0.683012701892));
#3527 = DIRECTION('',(0.707106781187,0.,-0.707106781187));
#3528 = ORIENTED_EDGE('',*,*,#1037,.F.);
#3529 = ORIENTED_EDGE('',*,*,#3530,.T.);
#3530 = EDGE_CURVE('',#1030,#3531,#3533,.T.);
#3531 = VERTEX_POINT('',#3532);
#3532 = CARTESIAN_POINT('',(69.041456027835,24.167424124522,
    29.956349315064));
#3533 = CIRCLE('',#3534,4.7);
#3534 = AXIS2_PLACEMENT_3D('',#3535,#3536,#3537);
#3535 = CARTESIAN_POINT('',(70.330497215738,20.521134091904,
    27.285592528323));
#3536 = DIRECTION('',(0.683012701892,-0.258819045103,0.683012701892));
#3537 = DIRECTION('',(0.707106781187,0.,-0.707106781187));
#3538 = ORIENTED_EDGE('',*,*,#3539,.T.);
#3539 = EDGE_CURVE('',#3531,#1508,#3540,.T.);
#3540 = LINE('',#3541,#3542);
#3541 = CARTESIAN_POINT('',(58.390066409385,-32.04972480532,
    19.304959696614));
#3542 = VECTOR('',#3543,1.);
#3543 = DIRECTION('',(0.183012701892,0.965925826289,0.183012701892));
#3544 = ORIENTED_EDGE('',*,*,#1507,.T.);
#3545 = ORIENTED_EDGE('',*,*,#3546,.F.);
#3546 = EDGE_CURVE('',#3547,#1500,#3549,.T.);
#3547 = VERTEX_POINT('',#3548);
#3548 = CARTESIAN_POINT('',(33.033675598506,31.118068322311,
    68.59798865966));
#3549 = LINE('',#3550,#3551);
#3550 = CARTESIAN_POINT('',(-125.9608631675,31.118068322311,
    227.59252742572));
#3551 = VECTOR('',#3552,1.);
#3552 = DIRECTION('',(0.707106781187,0.,-0.707106781187));
#3553 = ORIENTED_EDGE('',*,*,#3554,.T.);
#3554 = EDGE_CURVE('',#3547,#3555,#3557,.T.);
#3555 = VERTEX_POINT('',#3556);
#3556 = CARTESIAN_POINT('',(30.882640098167,29.056309872898,
    69.967746810938));
#3557 = ELLIPSE('',#3558,2.533873810981,2.5);
#3558 = AXIS2_PLACEMENT_3D('',#3559,#3560,#3561);
#3559 = CARTESIAN_POINT('',(32.587748398943,28.701058300783,
    68.128020409487));
#3560 = DIRECTION('',(0.683012701892,-0.258819045103,0.683012701892));
#3561 = DIRECTION('',(-0.63586828217,0.249421988397,0.730383597457));
#3562 = ORIENTED_EDGE('',*,*,#3563,.T.);
#3563 = EDGE_CURVE('',#3555,#3564,#3566,.T.);
#3564 = VERTEX_POINT('',#3565);
#3565 = CARTESIAN_POINT('',(29.956349315064,24.167424124522,
    69.041456027835));
#3566 = LINE('',#3567,#3568);
#3567 = CARTESIAN_POINT('',(31.2876643774,31.193994348018,
    70.372771090171));
#3568 = VECTOR('',#3569,1.);
#3569 = DIRECTION('',(-0.183012701892,-0.965925826289,-0.183012701892));
#3570 = ORIENTED_EDGE('',*,*,#3571,.T.);
#3571 = EDGE_CURVE('',#3564,#3572,#3574,.T.);
#3572 = VERTEX_POINT('',#3573);
#3573 = CARTESIAN_POINT('',(29.826364342788,24.318575454569,
    69.2287178894));
#3574 = CIRCLE('',#3575,4.7);
#3575 = AXIS2_PLACEMENT_3D('',#3576,#3577,#3578);
#3576 = CARTESIAN_POINT('',(27.285592528323,20.521134091904,
    70.330497215738));
#3577 = DIRECTION('',(0.683012701892,-0.258819045103,0.683012701892));
#3578 = DIRECTION('',(0.707106781187,0.,-0.707106781187));
#3579 = ORIENTED_EDGE('',*,*,#3580,.F.);
#3580 = EDGE_CURVE('',#3581,#3572,#3583,.T.);
#3581 = VERTEX_POINT('',#3582);
#3582 = CARTESIAN_POINT('',(29.776303539959,24.092190321364,
    69.192992902536));
#3583 = LINE('',#3584,#3585);
#3584 = CARTESIAN_POINT('',(-31.11957692406,-251.2913679038,
    25.735748777035));
#3585 = VECTOR('',#3586,1.);
#3586 = DIRECTION('',(0.213396771632,0.965023608131,0.152286747966));
#3587 = ORIENTED_EDGE('',*,*,#3588,.F.);
#3588 = EDGE_CURVE('',#3589,#3581,#3591,.T.);
#3589 = VERTEX_POINT('',#3590);
#3590 = CARTESIAN_POINT('',(29.965936109635,23.844817348535,
    68.909621466168));
#3591 = CIRCLE('',#3592,4.5);
#3592 = AXIS2_PLACEMENT_3D('',#3593,#3594,#3595);
#3593 = CARTESIAN_POINT('',(27.285592528323,20.521134091904,
    70.330497215738));
#3594 = DIRECTION('',(0.683012701892,-0.258819045103,0.683012701892));
#3595 = DIRECTION('',(0.707106781187,0.,-0.707106781187));
#3596 = ORIENTED_EDGE('',*,*,#3597,.T.);
#3597 = EDGE_CURVE('',#3589,#3598,#3600,.T.);
#3598 = VERTEX_POINT('',#3599);
#3599 = CARTESIAN_POINT('',(29.985779791327,23.94955065085,
    68.92946514786));
#3600 = LINE('',#3601,#3602);
#3601 = CARTESIAN_POINT('',(29.310946440903,20.387836327876,
    68.254631797436));
#3602 = VECTOR('',#3603,1.);
#3603 = DIRECTION('',(0.183012701892,0.965925826289,0.183012701892));
#3604 = ORIENTED_EDGE('',*,*,#3605,.T.);
#3605 = EDGE_CURVE('',#3598,#3606,#3608,.T.);
#3606 = VERTEX_POINT('',#3607);
#3607 = CARTESIAN_POINT('',(32.036389456768,23.94955065085,
    66.878855482419));
#3608 = LINE('',#3609,#3610);
#3609 = CARTESIAN_POINT('',(29.985779791327,23.94955065085,
    68.92946514786));
#3610 = VECTOR('',#3611,1.);
#3611 = DIRECTION('',(0.707106781187,0.,-0.707106781187));
#3612 = ORIENTED_EDGE('',*,*,#3613,.T.);
#3613 = EDGE_CURVE('',#3606,#3614,#3616,.T.);
#3614 = VERTEX_POINT('',#3615);
#3615 = CARTESIAN_POINT('',(32.859946615283,28.296216869151,
    67.702412640934));
#3616 = LINE('',#3617,#3618);
#3617 = CARTESIAN_POINT('',(-21.07957679758,-256.3921035781,
    13.762889228069));
#3618 = VECTOR('',#3619,1.);
#3619 = DIRECTION('',(0.183012701892,0.965925826289,0.183012701892));
#3620 = ORIENTED_EDGE('',*,*,#3621,.F.);
#3621 = EDGE_CURVE('',#3622,#3614,#3624,.T.);
#3622 = VERTEX_POINT('',#3623);
#3623 = CARTESIAN_POINT('',(36.67832323369,28.296216869151,
    63.884036022527));
#3624 = LINE('',#3625,#3626);
#3625 = CARTESIAN_POINT('',(-135.2061321749,28.296216869151,
    235.76849143115));
#3626 = VECTOR('',#3627,1.);
#3627 = DIRECTION('',(-0.707106781187,0.,0.707106781187));
#3628 = ORIENTED_EDGE('',*,*,#3629,.T.);
#3629 = EDGE_CURVE('',#3622,#3630,#3632,.T.);
#3630 = VERTEX_POINT('',#3631);
#3631 = CARTESIAN_POINT('',(37.209060069178,31.097401765389,
    64.414772858014));
#3632 = LINE('',#3633,#3634);
#3633 = CARTESIAN_POINT('',(36.45870799142,27.137105877604,
    63.664420780256));
#3634 = VECTOR('',#3635,1.);
#3635 = DIRECTION('',(0.183012701892,0.965925826289,0.183012701892));
#3636 = ORIENTED_EDGE('',*,*,#3637,.T.);
#3637 = EDGE_CURVE('',#3630,#3638,#3640,.T.);
#3638 = VERTEX_POINT('',#3639);
#3639 = CARTESIAN_POINT('',(40.323401578256,31.097401765389,
    61.300431348936));
#3640 = LINE('',#3641,#3642);
#3641 = CARTESIAN_POINT('',(37.209060069178,31.097401765389,
    64.414772858014));
#3642 = VECTOR('',#3643,1.);
#3643 = DIRECTION('',(0.707106781187,0.,-0.707106781187));
#3644 = ORIENTED_EDGE('',*,*,#3645,.F.);
#3645 = EDGE_CURVE('',#3646,#3638,#3648,.T.);
#3646 = VERTEX_POINT('',#3647);
#3647 = CARTESIAN_POINT('',(39.792664742768,28.296216869151,
    60.769694513449));
#3648 = LINE('',#3649,#3650);
#3649 = CARTESIAN_POINT('',(39.573049500498,27.137105877604,
    60.550079271178));
#3650 = VECTOR('',#3651,1.);
#3651 = DIRECTION('',(0.183012701892,0.965925826289,0.183012701892));
#3652 = ORIENTED_EDGE('',*,*,#3653,.F.);
#3653 = EDGE_CURVE('',#3654,#3646,#3656,.T.);
#3654 = VERTEX_POINT('',#3655);
#3655 = CARTESIAN_POINT('',(47.470430172892,28.296216869151,
    53.091929083325));
#3656 = LINE('',#3657,#3658);
#3657 = CARTESIAN_POINT('',(-135.2061321749,28.296216869151,
    235.76849143115));
#3658 = VECTOR('',#3659,1.);
#3659 = DIRECTION('',(-0.707106781187,0.,0.707106781187));
#3660 = ORIENTED_EDGE('',*,*,#3661,.T.);
#3661 = EDGE_CURVE('',#3654,#3662,#3664,.T.);
#3662 = VERTEX_POINT('',#3663);
#3663 = CARTESIAN_POINT('',(48.001167008379,31.097401765389,
    53.622665918813));
#3664 = LINE('',#3665,#3666);
#3665 = CARTESIAN_POINT('',(47.250814930621,27.137105877604,
    52.872313841054));
#3666 = VECTOR('',#3667,1.);
#3667 = DIRECTION('',(0.183012701892,0.965925826289,0.183012701892));
#3668 = ORIENTED_EDGE('',*,*,#3669,.T.);
#3669 = EDGE_CURVE('',#3662,#3670,#3672,.T.);
#3670 = VERTEX_POINT('',#3671);
#3671 = CARTESIAN_POINT('',(64.414772858014,31.097401765389,
    37.209060069178));
#3672 = LINE('',#3673,#3674);
#3673 = CARTESIAN_POINT('',(48.001167008379,31.097401765389,
    53.622665918812));
#3674 = VECTOR('',#3675,1.);
#3675 = DIRECTION('',(0.707106781187,0.,-0.707106781187));
#3676 = ORIENTED_EDGE('',*,*,#3677,.F.);
#3677 = EDGE_CURVE('',#3678,#3670,#3680,.T.);
#3678 = VERTEX_POINT('',#3679);
#3679 = CARTESIAN_POINT('',(63.884036022527,28.296216869151,
    36.67832323369));
#3680 = LINE('',#3681,#3682);
#3681 = CARTESIAN_POINT('',(63.664420780256,27.137105877604,
    36.45870799142));
#3682 = VECTOR('',#3683,1.);
#3683 = DIRECTION('',(0.183012701892,0.965925826289,0.183012701892));
#3684 = ORIENTED_EDGE('',*,*,#3685,.F.);
#3685 = EDGE_CURVE('',#3686,#3678,#3688,.T.);
#3686 = VERTEX_POINT('',#3687);
#3687 = CARTESIAN_POINT('',(67.702412640934,28.296216869151,
    32.859946615283));
#3688 = LINE('',#3689,#3690);
#3689 = CARTESIAN_POINT('',(-135.2061321749,28.296216869151,
    235.76849143115));
#3690 = VECTOR('',#3691,1.);
#3691 = DIRECTION('',(-0.707106781187,0.,0.707106781187));
#3692 = ORIENTED_EDGE('',*,*,#3693,.F.);
#3693 = EDGE_CURVE('',#3694,#3686,#3696,.T.);
#3694 = VERTEX_POINT('',#3695);
#3695 = CARTESIAN_POINT('',(66.878855482419,23.94955065085,
    32.036389456768));
#3696 = LINE('',#3697,#3698);
#3697 = CARTESIAN_POINT('',(13.762889228069,-256.3921035781,
    -21.07957679758));
#3698 = VECTOR('',#3699,1.);
#3699 = DIRECTION('',(0.183012701892,0.965925826289,0.183012701892));
#3700 = ORIENTED_EDGE('',*,*,#3701,.T.);
#3701 = EDGE_CURVE('',#3694,#3515,#3702,.T.);
#3702 = LINE('',#3703,#3704);
#3703 = CARTESIAN_POINT('',(65.393931241928,23.94955065085,
    33.52131369726));
#3704 = VECTOR('',#3705,1.);
#3705 = DIRECTION('',(0.707106781187,0.,-0.707106781187));
#3706 = PLANE('',#3707);
#3707 = AXIS2_PLACEMENT_3D('',#3708,#3709,#3710);
#3708 = CARTESIAN_POINT('',(-400.2666293214,-483.6322598297,
    306.84015186508));
#3709 = DIRECTION('',(0.683012701892,-0.258819045103,0.683012701892));
#3710 = DIRECTION('',(0.707106781187,0.,-0.707106781187));
#3711 = ADVANCED_FACE('',(#3712),#3738,.T.);
#3712 = FACE_BOUND('',#3713,.T.);
#3713 = EDGE_LOOP('',(#3714,#3715,#3723,#3731));
#3714 = ORIENTED_EDGE('',*,*,#1029,.F.);
#3715 = ORIENTED_EDGE('',*,*,#3716,.T.);
#3716 = EDGE_CURVE('',#1022,#3717,#3719,.T.);
#3717 = VERTEX_POINT('',#3718);
#3718 = CARTESIAN_POINT('',(69.950175695166,28.814587982376,
    30.837330619731));
#3719 = LINE('',#3720,#3721);
#3720 = CARTESIAN_POINT('',(48.421167598111,40.3,0.669105966528));
#3721 = VECTOR('',#3722,1.);
#3722 = DIRECTION('',(0.554853899201,-0.296006467794,0.777507119945));
#3723 = ORIENTED_EDGE('',*,*,#3724,.F.);
#3724 = EDGE_CURVE('',#3725,#3717,#3727,.T.);
#3725 = VERTEX_POINT('',#3726);
#3726 = CARTESIAN_POINT('',(69.364353956759,24.460052286784,
    30.016428805243));
#3727 = LINE('',#3728,#3729);
#3728 = CARTESIAN_POINT('',(66.031248517702,-0.315618638288,
    25.345806116777));
#3729 = VECTOR('',#3730,1.);
#3730 = DIRECTION('',(0.131062391374,0.974214209152,0.183655449834));
#3731 = ORIENTED_EDGE('',*,*,#3732,.T.);
#3732 = EDGE_CURVE('',#3725,#1030,#3733,.T.);
#3733 = HYPERBOLA('',#3734,1.71119384116,1.667254779315);
#3734 = AXIS2_PLACEMENT_3D('',#3735,#3736,#3737);
#3735 = CARTESIAN_POINT('',(66.099609626603,21.596558873649,
    25.441599349868));
#3736 = DIRECTION('',(0.81398510091,1.387778780781E-17,-0.580885750813)
  );
#3737 = DIRECTION('',(0.560568463161,-0.262162994622,0.785514839045));
#3738 = PLANE('',#3739);
#3739 = AXIS2_PLACEMENT_3D('',#3740,#3741,#3742);
#3740 = CARTESIAN_POINT('',(55.144594355268,4.565667130445,
    10.090526959769));
#3741 = DIRECTION('',(0.81398510091,0.,-0.580885750813));
#3742 = DIRECTION('',(0.580885750813,0.,0.81398510091));
#3743 = ADVANCED_FACE('',(#3744),#3769,.T.);
#3744 = FACE_BOUND('',#3745,.T.);
#3745 = EDGE_LOOP('',(#3746,#3754,#3762,#3768));
#3746 = ORIENTED_EDGE('',*,*,#3747,.T.);
#3747 = EDGE_CURVE('',#1415,#3748,#3750,.T.);
#3748 = VERTEX_POINT('',#3749);
#3749 = CARTESIAN_POINT('',(50.609026783628,3.311791539959,
    8.633201150836));
#3750 = LINE('',#3751,#3752);
#3751 = CARTESIAN_POINT('',(50.202034233173,3.311791539959,
    8.923644026242));
#3752 = VECTOR('',#3753,1.);
#3753 = DIRECTION('',(-0.81398510091,0.,0.580885750813));
#3754 = ORIENTED_EDGE('',*,*,#3755,.T.);
#3755 = EDGE_CURVE('',#3748,#3756,#3758,.T.);
#3756 = VERTEX_POINT('',#3757);
#3757 = CARTESIAN_POINT('',(54.89351309082,3.311791539959,
    14.636977305141));
#3758 = LINE('',#3759,#3760);
#3759 = CARTESIAN_POINT('',(57.36650400651,3.311791539959,
    18.102336469556));
#3760 = VECTOR('',#3761,1.);
#3761 = DIRECTION('',(0.580885750813,0.,0.81398510091));
#3762 = ORIENTED_EDGE('',*,*,#3763,.T.);
#3763 = EDGE_CURVE('',#3756,#1417,#3764,.T.);
#3764 = LINE('',#3765,#3766);
#3765 = CARTESIAN_POINT('',(54.486520540365,3.311791539959,
    14.927420180548));
#3766 = VECTOR('',#3767,1.);
#3767 = DIRECTION('',(0.81398510091,0.,-0.580885750813));
#3768 = ORIENTED_EDGE('',*,*,#1414,.F.);
#3769 = PLANE('',#3770);
#3770 = AXIS2_PLACEMENT_3D('',#3771,#3772,#3773);
#3771 = CARTESIAN_POINT('',(61.260769818087,3.311791539959,
    25.280812346733));
#3772 = DIRECTION('',(0.,1.,0.));
#3773 = DIRECTION('',(0.81398510091,0.,-0.580885750813));
#3774 = ADVANCED_FACE('',(#3775),#3793,.T.);
#3775 = FACE_BOUND('',#3776,.T.);
#3776 = EDGE_LOOP('',(#3777,#3785,#3786,#3787));
#3777 = ORIENTED_EDGE('',*,*,#3778,.F.);
#3778 = EDGE_CURVE('',#3748,#3779,#3781,.T.);
#3779 = VERTEX_POINT('',#3780);
#3780 = CARTESIAN_POINT('',(50.609026783628,9.311791539959,
    8.633201150836));
#3781 = LINE('',#3782,#3783);
#3782 = CARTESIAN_POINT('',(50.609026783628,-40.,8.633201150836));
#3783 = VECTOR('',#3784,1.);
#3784 = DIRECTION('',(0.,1.,0.));
#3785 = ORIENTED_EDGE('',*,*,#3747,.F.);
#3786 = ORIENTED_EDGE('',*,*,#1440,.F.);
#3787 = ORIENTED_EDGE('',*,*,#3788,.T.);
#3788 = EDGE_CURVE('',#1433,#3779,#3789,.T.);
#3789 = LINE('',#3790,#3791);
#3790 = CARTESIAN_POINT('',(50.202034233173,9.311791539959,
    8.923644026242));
#3791 = VECTOR('',#3792,1.);
#3792 = DIRECTION('',(-0.81398510091,0.,0.580885750813));
#3793 = PLANE('',#3794);
#3794 = AXIS2_PLACEMENT_3D('',#3795,#3796,#3797);
#3795 = CARTESIAN_POINT('',(50.609026783628,-9.688208460041,
    8.633201150836));
#3796 = DIRECTION('',(0.580885750813,0.,0.81398510091));
#3797 = DIRECTION('',(0.,1.,0.));
#3798 = ADVANCED_FACE('',(#3799),#3817,.F.);
#3799 = FACE_BOUND('',#3800,.F.);
#3800 = EDGE_LOOP('',(#3801,#3802,#3810,#3816));
#3801 = ORIENTED_EDGE('',*,*,#3788,.T.);
#3802 = ORIENTED_EDGE('',*,*,#3803,.T.);
#3803 = EDGE_CURVE('',#3779,#3804,#3806,.T.);
#3804 = VERTEX_POINT('',#3805);
#3805 = CARTESIAN_POINT('',(56.870968309524,9.311791539959,
    17.407950914821));
#3806 = LINE('',#3807,#3808);
#3807 = CARTESIAN_POINT('',(57.36650400651,9.311791539959,
    18.102336469556));
#3808 = VECTOR('',#3809,1.);
#3809 = DIRECTION('',(0.580885750813,0.,0.81398510091));
#3810 = ORIENTED_EDGE('',*,*,#3811,.T.);
#3811 = EDGE_CURVE('',#3804,#1425,#3812,.T.);
#3812 = LINE('',#3813,#3814);
#3813 = CARTESIAN_POINT('',(56.463975759069,9.311791539959,
    17.698393790227));
#3814 = VECTOR('',#3815,1.);
#3815 = DIRECTION('',(0.81398510091,0.,-0.580885750813));
#3816 = ORIENTED_EDGE('',*,*,#1432,.F.);
#3817 = PLANE('',#3818);
#3818 = AXIS2_PLACEMENT_3D('',#3819,#3820,#3821);
#3819 = CARTESIAN_POINT('',(61.260769818087,9.311791539959,
    25.280812346733));
#3820 = DIRECTION('',(0.,1.,0.));
#3821 = DIRECTION('',(0.81398510091,0.,-0.580885750813));
#3822 = ADVANCED_FACE('',(#3823),#3834,.T.);
#3823 = FACE_BOUND('',#3824,.T.);
#3824 = EDGE_LOOP('',(#3825,#3831,#3832,#3833));
#3825 = ORIENTED_EDGE('',*,*,#3826,.F.);
#3826 = EDGE_CURVE('',#3804,#3756,#3827,.T.);
#3827 = LINE('',#3828,#3829);
#3828 = CARTESIAN_POINT('',(64.343573524746,31.985190597118,
    27.879182653007));
#3829 = VECTOR('',#3830,1.);
#3830 = DIRECTION('',(-0.28665207113,-0.869760493441,-0.401680562345));
#3831 = ORIENTED_EDGE('',*,*,#3811,.T.);
#3832 = ORIENTED_EDGE('',*,*,#1424,.F.);
#3833 = ORIENTED_EDGE('',*,*,#3763,.F.);
#3834 = PLANE('',#3835);
#3835 = AXIS2_PLACEMENT_3D('',#3836,#3837,#3838);
#3836 = CARTESIAN_POINT('',(61.493869168184,23.338609891953,
    23.885941495011));
#3837 = DIRECTION('',(-0.50523147726,0.493474096634,-0.707972083021));
#3838 = DIRECTION('',(-0.28665207113,-0.869760493441,-0.401680562345));
#3839 = ADVANCED_FACE('',(#3840),#3865,.T.);
#3840 = FACE_BOUND('',#3841,.T.);
#3841 = EDGE_LOOP('',(#3842,#3850,#3858,#3864));
#3842 = ORIENTED_EDGE('',*,*,#3843,.T.);
#3843 = EDGE_CURVE('',#1449,#3844,#3846,.T.);
#3844 = VERTEX_POINT('',#3845);
#3845 = CARTESIAN_POINT('',(50.609026783628,-5.688208460041,
    8.633201150836));
#3846 = LINE('',#3847,#3848);
#3847 = CARTESIAN_POINT('',(50.202034233173,-5.688208460041,
    8.923644026242));
#3848 = VECTOR('',#3849,1.);
#3849 = DIRECTION('',(-0.81398510091,0.,0.580885750813));
#3850 = ORIENTED_EDGE('',*,*,#3851,.T.);
#3851 = EDGE_CURVE('',#3844,#3852,#3854,.T.);
#3852 = VERTEX_POINT('',#3853);
#3853 = CARTESIAN_POINT('',(51.927330262764,-5.688208460041,
    10.480516890622));
#3854 = LINE('',#3855,#3856);
#3855 = CARTESIAN_POINT('',(57.36650400651,-5.688208460041,
    18.102336469556));
#3856 = VECTOR('',#3857,1.);
#3857 = DIRECTION('',(0.580885750813,0.,0.81398510091));
#3858 = ORIENTED_EDGE('',*,*,#3859,.T.);
#3859 = EDGE_CURVE('',#3852,#1451,#3860,.T.);
#3860 = LINE('',#3861,#3862);
#3861 = CARTESIAN_POINT('',(51.520337712309,-5.688208460041,
    10.770959766029));
#3862 = VECTOR('',#3863,1.);
#3863 = DIRECTION('',(0.81398510091,0.,-0.580885750813));
#3864 = ORIENTED_EDGE('',*,*,#1448,.F.);
#3865 = PLANE('',#3866);
#3866 = AXIS2_PLACEMENT_3D('',#3867,#3868,#3869);
#3867 = CARTESIAN_POINT('',(61.260769818087,-5.688208460041,
    25.280812346733));
#3868 = DIRECTION('',(0.,1.,0.));
#3869 = DIRECTION('',(0.81398510091,0.,-0.580885750813));
#3870 = ADVANCED_FACE('',(#3871),#3889,.T.);
#3871 = FACE_BOUND('',#3872,.T.);
#3872 = EDGE_LOOP('',(#3873,#3881,#3882,#3883));
#3873 = ORIENTED_EDGE('',*,*,#3874,.F.);
#3874 = EDGE_CURVE('',#3844,#3875,#3877,.T.);
#3875 = VERTEX_POINT('',#3876);
#3876 = CARTESIAN_POINT('',(50.609026783628,0.311791539959,
    8.633201150836));
#3877 = LINE('',#3878,#3879);
#3878 = CARTESIAN_POINT('',(50.609026783628,-40.,8.633201150836));
#3879 = VECTOR('',#3880,1.);
#3880 = DIRECTION('',(0.,1.,0.));
#3881 = ORIENTED_EDGE('',*,*,#3843,.F.);
#3882 = ORIENTED_EDGE('',*,*,#1474,.F.);
#3883 = ORIENTED_EDGE('',*,*,#3884,.T.);
#3884 = EDGE_CURVE('',#1467,#3875,#3885,.T.);
#3885 = LINE('',#3886,#3887);
#3886 = CARTESIAN_POINT('',(50.202034233173,0.311791539959,
    8.923644026242));
#3887 = VECTOR('',#3888,1.);
#3888 = DIRECTION('',(-0.81398510091,0.,0.580885750813));
#3889 = PLANE('',#3890);
#3890 = AXIS2_PLACEMENT_3D('',#3891,#3892,#3893);
#3891 = CARTESIAN_POINT('',(50.609026783628,-9.688208460041,
    8.633201150836));
#3892 = DIRECTION('',(0.580885750813,0.,0.81398510091));
#3893 = DIRECTION('',(0.,1.,0.));
#3894 = ADVANCED_FACE('',(#3895),#3913,.F.);
#3895 = FACE_BOUND('',#3896,.F.);
#3896 = EDGE_LOOP('',(#3897,#3898,#3906,#3912));
#3897 = ORIENTED_EDGE('',*,*,#3884,.T.);
#3898 = ORIENTED_EDGE('',*,*,#3899,.T.);
#3899 = EDGE_CURVE('',#3875,#3900,#3902,.T.);
#3900 = VERTEX_POINT('',#3901);
#3901 = CARTESIAN_POINT('',(53.904785481468,0.311791539959,
    13.251490500302));
#3902 = LINE('',#3903,#3904);
#3903 = CARTESIAN_POINT('',(57.36650400651,0.311791539959,
    18.102336469556));
#3904 = VECTOR('',#3905,1.);
#3905 = DIRECTION('',(0.580885750813,0.,0.81398510091));
#3906 = ORIENTED_EDGE('',*,*,#3907,.T.);
#3907 = EDGE_CURVE('',#3900,#1459,#3908,.T.);
#3908 = LINE('',#3909,#3910);
#3909 = CARTESIAN_POINT('',(53.497792931013,0.311791539959,
    13.541933375708));
#3910 = VECTOR('',#3911,1.);
#3911 = DIRECTION('',(0.81398510091,0.,-0.580885750813));
#3912 = ORIENTED_EDGE('',*,*,#1466,.F.);
#3913 = PLANE('',#3914);
#3914 = AXIS2_PLACEMENT_3D('',#3915,#3916,#3917);
#3915 = CARTESIAN_POINT('',(61.260769818087,0.311791539959,
    25.280812346733));
#3916 = DIRECTION('',(0.,1.,0.));
#3917 = DIRECTION('',(0.81398510091,0.,-0.580885750813));
#3918 = ADVANCED_FACE('',(#3919),#3930,.T.);
#3919 = FACE_BOUND('',#3920,.T.);
#3920 = EDGE_LOOP('',(#3921,#3927,#3928,#3929));
#3921 = ORIENTED_EDGE('',*,*,#3922,.F.);
#3922 = EDGE_CURVE('',#3900,#3852,#3923,.T.);
#3923 = LINE('',#3924,#3925);
#3924 = CARTESIAN_POINT('',(64.343573524746,31.985190597118,
    27.879182653007));
#3925 = VECTOR('',#3926,1.);
#3926 = DIRECTION('',(-0.28665207113,-0.869760493441,-0.401680562345));
#3927 = ORIENTED_EDGE('',*,*,#3907,.T.);
#3928 = ORIENTED_EDGE('',*,*,#1458,.F.);
#3929 = ORIENTED_EDGE('',*,*,#3859,.F.);
#3930 = PLANE('',#3931);
#3931 = AXIS2_PLACEMENT_3D('',#3932,#3933,#3934);
#3932 = CARTESIAN_POINT('',(61.493869168184,23.338609891953,
    23.885941495011));
#3933 = DIRECTION('',(-0.50523147726,0.493474096634,-0.707972083021));
#3934 = DIRECTION('',(-0.28665207113,-0.869760493441,-0.401680562345));
#3935 = ADVANCED_FACE('',(#3936),#3947,.T.);
#3936 = FACE_BOUND('',#3937,.T.);
#3937 = EDGE_LOOP('',(#3938,#3939,#3940));
#3938 = ORIENTED_EDGE('',*,*,#3716,.F.);
#3939 = ORIENTED_EDGE('',*,*,#1516,.T.);
#3940 = ORIENTED_EDGE('',*,*,#3941,.T.);
#3941 = EDGE_CURVE('',#1508,#3717,#3942,.T.);
#3942 = ELLIPSE('',#3943,3.090309296534,2.5);
#3943 = AXIS2_PLACEMENT_3D('',#3944,#3945,#3946);
#3944 = CARTESIAN_POINT('',(66.912375950209,29.349586900838,
    30.884286958425));
#3945 = DIRECTION('',(1.703708685547E-02,0.183012701892,-0.982962913145)
  );
#3946 = DIRECTION('',(0.967339685788,-0.25169076734,-3.009468285236E-02)
  );
#3947 = CYLINDRICAL_SURFACE('',#3948,2.5);
#3948 = AXIS2_PLACEMENT_3D('',#3949,#3950,#3951);
#3949 = CARTESIAN_POINT('',(46.386204845838,40.3,2.12132034356));
#3950 = DIRECTION('',(0.554853899201,-0.296006467794,0.777507119945));
#3951 = DIRECTION('',(-0.17194593929,-0.955185935315,-0.240944854557));
#3952 = ADVANCED_FACE('',(#3953,#3980,#4014,#4048,#4082,#4116),#4158,.T.
  );
#3953 = FACE_BOUND('',#3954,.T.);
#3954 = EDGE_LOOP('',(#3955,#3963,#3964,#3965,#3966,#3974));
#3955 = ORIENTED_EDGE('',*,*,#3956,.F.);
#3956 = EDGE_CURVE('',#3547,#3957,#3959,.T.);
#3957 = VERTEX_POINT('',#3958);
#3958 = CARTESIAN_POINT('',(4.,42.17154364173,47.878630983399));
#3959 = LINE('',#3960,#3961);
#3960 = CARTESIAN_POINT('',(34.072838089312,30.722446455351,
    69.339568183675));
#3961 = VECTOR('',#3962,1.);
#3962 = DIRECTION('',(-0.777507119945,0.296006467794,-0.554853899201));
#3963 = ORIENTED_EDGE('',*,*,#3546,.T.);
#3964 = ORIENTED_EDGE('',*,*,#1499,.F.);
#3965 = ORIENTED_EDGE('',*,*,#1567,.F.);
#3966 = ORIENTED_EDGE('',*,*,#3967,.T.);
#3967 = EDGE_CURVE('',#1559,#3968,#3970,.T.);
#3968 = VERTEX_POINT('',#3969);
#3969 = CARTESIAN_POINT('',(4.,42.685048631302,45.567282733671));
#3970 = LINE('',#3971,#3972);
#3971 = CARTESIAN_POINT('',(46.916083617974,42.685048631302,
    2.651199115696));
#3972 = VECTOR('',#3973,1.);
#3973 = DIRECTION('',(-0.707106781187,0.,0.707106781187));
#3974 = ORIENTED_EDGE('',*,*,#3975,.F.);
#3975 = EDGE_CURVE('',#3957,#3968,#3976,.T.);
#3976 = LINE('',#3977,#3978);
#3977 = CARTESIAN_POINT('',(4.,40.73267608774,54.355148388373));
#3978 = VECTOR('',#3979,1.);
#3979 = DIRECTION('',(-1.665334536938E-16,0.216878958912,-0.97619850296)
  );
#3980 = FACE_BOUND('',#3981,.T.);
#3981 = EDGE_LOOP('',(#3982,#3992,#4000,#4008));
#3982 = ORIENTED_EDGE('',*,*,#3983,.F.);
#3983 = EDGE_CURVE('',#3984,#3986,#3988,.T.);
#3984 = VERTEX_POINT('',#3985);
#3985 = CARTESIAN_POINT('',(14.757823589612,40.345925660852,
    45.33813538565));
#3986 = VERTEX_POINT('',#3987);
#3987 = CARTESIAN_POINT('',(33.582243920039,33.179238659105,
    58.771842618173));
#3988 = LINE('',#3989,#3990);
#3989 = CARTESIAN_POINT('',(29.65400000428,34.674769151763,
    55.968522368415));
#3990 = VECTOR('',#3991,1.);
#3991 = DIRECTION('',(0.777507119945,-0.296006467794,0.554853899201));
#3992 = ORIENTED_EDGE('',*,*,#3993,.T.);
#3993 = EDGE_CURVE('',#3984,#3994,#3996,.T.);
#3994 = VERTEX_POINT('',#3995);
#3995 = CARTESIAN_POINT('',(19.000464276732,40.345925660852,
    41.09549469853));
#3996 = LINE('',#3997,#3998);
#3997 = CARTESIAN_POINT('',(37.69305743664,40.345925660852,
    22.402901538622));
#3998 = VECTOR('',#3999,1.);
#3999 = DIRECTION('',(0.707106781187,0.,-0.707106781187));
#4000 = ORIENTED_EDGE('',*,*,#4001,.F.);
#4001 = EDGE_CURVE('',#4002,#3994,#4004,.T.);
#4002 = VERTEX_POINT('',#4003);
#4003 = CARTESIAN_POINT('',(35.129528058207,33.179238659105,
    57.224558480005));
#4004 = LINE('',#4005,#4006);
#4005 = CARTESIAN_POINT('',(22.318550812764,38.871587908169,
    44.413581234563));
#4006 = VECTOR('',#4007,1.);
#4007 = DIRECTION('',(-0.674593624261,0.299744698388,-0.674593624261));
#4008 = ORIENTED_EDGE('',*,*,#4009,.T.);
#4009 = EDGE_CURVE('',#4002,#3986,#4010,.T.);
#4010 = LINE('',#4011,#4012);
#4011 = CARTESIAN_POINT('',(39.879643594572,33.179238659105,
    52.474442943639));
#4012 = VECTOR('',#4013,1.);
#4013 = DIRECTION('',(-0.707106781187,0.,0.707106781187));
#4014 = FACE_BOUND('',#4015,.T.);
#4015 = EDGE_LOOP('',(#4016,#4026,#4034,#4042));
#4016 = ORIENTED_EDGE('',*,*,#4017,.T.);
#4017 = EDGE_CURVE('',#4018,#4020,#4022,.T.);
#4018 = VERTEX_POINT('',#4019);
#4019 = CARTESIAN_POINT('',(37.250848401766,33.179238659105,
    55.103238136446));
#4020 = VERTEX_POINT('',#4021);
#4021 = CARTESIAN_POINT('',(21.121784620291,40.345925660852,
    38.974174354971));
#4022 = LINE('',#4023,#4024);
#4023 = CARTESIAN_POINT('',(24.439871156324,38.871587908169,
    42.292260891004));
#4024 = VECTOR('',#4025,1.);
#4025 = DIRECTION('',(-0.674593624261,0.299744698388,-0.674593624261));
#4026 = ORIENTED_EDGE('',*,*,#4027,.T.);
#4027 = EDGE_CURVE('',#4020,#4028,#4030,.T.);
#4028 = VERTEX_POINT('',#4029);
#4029 = CARTESIAN_POINT('',(25.364425307411,40.345925660852,
    34.731533667851));
#4030 = LINE('',#4031,#4032);
#4031 = CARTESIAN_POINT('',(37.69305743664,40.345925660852,
    22.402901538622));
#4032 = VECTOR('',#4033,1.);
#4033 = DIRECTION('',(0.707106781187,0.,-0.707106781187));
#4034 = ORIENTED_EDGE('',*,*,#4035,.F.);
#4035 = EDGE_CURVE('',#4036,#4028,#4038,.T.);
#4036 = VERTEX_POINT('',#4037);
#4037 = CARTESIAN_POINT('',(41.493489088885,33.179238659105,
    50.860597449326));
#4038 = LINE('',#4039,#4040);
#4039 = CARTESIAN_POINT('',(28.682511843443,38.871587908169,
    38.049620203884));
#4040 = VECTOR('',#4041,1.);
#4041 = DIRECTION('',(-0.674593624261,0.299744698388,-0.674593624261));
#4042 = ORIENTED_EDGE('',*,*,#4043,.T.);
#4043 = EDGE_CURVE('',#4036,#4018,#4044,.T.);
#4044 = LINE('',#4045,#4046);
#4045 = CARTESIAN_POINT('',(39.879643594572,33.179238659105,
    52.474442943639));
#4046 = VECTOR('',#4047,1.);
#4047 = DIRECTION('',(-0.707106781187,0.,0.707106781187));
#4048 = FACE_BOUND('',#4049,.T.);
#4049 = EDGE_LOOP('',(#4050,#4060,#4068,#4076));
#4050 = ORIENTED_EDGE('',*,*,#4051,.T.);
#4051 = EDGE_CURVE('',#4052,#4054,#4056,.T.);
#4052 = VERTEX_POINT('',#4053);
#4053 = CARTESIAN_POINT('',(43.614809432445,33.179238659105,
    48.739277105767));
#4054 = VERTEX_POINT('',#4055);
#4055 = CARTESIAN_POINT('',(27.48574565097,40.345925660852,
    32.610213324292));
#4056 = LINE('',#4057,#4058);
#4057 = CARTESIAN_POINT('',(30.803832187003,38.871587908169,
    35.928299860325));
#4058 = VECTOR('',#4059,1.);
#4059 = DIRECTION('',(-0.674593624261,0.299744698388,-0.674593624261));
#4060 = ORIENTED_EDGE('',*,*,#4061,.T.);
#4061 = EDGE_CURVE('',#4054,#4062,#4064,.T.);
#4062 = VERTEX_POINT('',#4063);
#4063 = CARTESIAN_POINT('',(31.728386338089,40.345925660852,
    28.367572637173));
#4064 = LINE('',#4065,#4066);
#4065 = CARTESIAN_POINT('',(37.69305743664,40.345925660852,
    22.402901538622));
#4066 = VECTOR('',#4067,1.);
#4067 = DIRECTION('',(0.707106781187,0.,-0.707106781187));
#4068 = ORIENTED_EDGE('',*,*,#4069,.F.);
#4069 = EDGE_CURVE('',#4070,#4062,#4072,.T.);
#4070 = VERTEX_POINT('',#4071);
#4071 = CARTESIAN_POINT('',(47.857450119564,33.179238659105,
    44.496636418647));
#4072 = LINE('',#4073,#4074);
#4073 = CARTESIAN_POINT('',(35.046472874122,38.871587908169,
    31.685659173205));
#4074 = VECTOR('',#4075,1.);
#4075 = DIRECTION('',(-0.674593624261,0.299744698388,-0.674593624261));
#4076 = ORIENTED_EDGE('',*,*,#4077,.T.);
#4077 = EDGE_CURVE('',#4070,#4052,#4078,.T.);
#4078 = LINE('',#4079,#4080);
#4079 = CARTESIAN_POINT('',(39.879643594572,33.179238659105,
    52.474442943639));
#4080 = VECTOR('',#4081,1.);
#4081 = DIRECTION('',(-0.707106781187,0.,0.707106781187));
#4082 = FACE_BOUND('',#4083,.T.);
#4083 = EDGE_LOOP('',(#4084,#4094,#4102,#4110));
#4084 = ORIENTED_EDGE('',*,*,#4085,.T.);
#4085 = EDGE_CURVE('',#4086,#4088,#4090,.T.);
#4086 = VERTEX_POINT('',#4087);
#4087 = CARTESIAN_POINT('',(49.978770463124,33.179238659105,
    42.375316075088));
#4088 = VERTEX_POINT('',#4089);
#4089 = CARTESIAN_POINT('',(33.849706681649,40.345925660852,
    26.246252293613));
#4090 = LINE('',#4091,#4092);
#4091 = CARTESIAN_POINT('',(37.167793217682,38.871587908169,
    29.564338829646));
#4092 = VECTOR('',#4093,1.);
#4093 = DIRECTION('',(-0.674593624261,0.299744698388,-0.674593624261));
#4094 = ORIENTED_EDGE('',*,*,#4095,.T.);
#4095 = EDGE_CURVE('',#4088,#4096,#4098,.T.);
#4096 = VERTEX_POINT('',#4097);
#4097 = CARTESIAN_POINT('',(38.092347368768,40.345925660852,
    22.003611606494));
#4098 = LINE('',#4099,#4100);
#4099 = CARTESIAN_POINT('',(37.69305743664,40.345925660852,
    22.402901538622));
#4100 = VECTOR('',#4101,1.);
#4101 = DIRECTION('',(0.707106781187,0.,-0.707106781187));
#4102 = ORIENTED_EDGE('',*,*,#4103,.F.);
#4103 = EDGE_CURVE('',#4104,#4096,#4106,.T.);
#4104 = VERTEX_POINT('',#4105);
#4105 = CARTESIAN_POINT('',(54.221411150243,33.179238659105,
    38.132675387968));
#4106 = LINE('',#4107,#4108);
#4107 = CARTESIAN_POINT('',(41.410433904801,38.871587908169,
    25.321698142526));
#4108 = VECTOR('',#4109,1.);
#4109 = DIRECTION('',(-0.674593624261,0.299744698388,-0.674593624261));
#4110 = ORIENTED_EDGE('',*,*,#4111,.T.);
#4111 = EDGE_CURVE('',#4104,#4086,#4112,.T.);
#4112 = LINE('',#4113,#4114);
#4113 = CARTESIAN_POINT('',(39.879643594572,33.179238659105,
    52.474442943639));
#4114 = VECTOR('',#4115,1.);
#4115 = DIRECTION('',(-0.707106781187,0.,0.707106781187));
#4116 = FACE_BOUND('',#4117,.T.);
#4117 = EDGE_LOOP('',(#4118,#4128,#4136,#4144,#4152));
#4118 = ORIENTED_EDGE('',*,*,#4119,.T.);
#4119 = EDGE_CURVE('',#4120,#4122,#4124,.T.);
#4120 = VERTEX_POINT('',#4121);
#4121 = CARTESIAN_POINT('',(56.342731493803,33.179238659105,
    36.011355044409));
#4122 = VERTEX_POINT('',#4123);
#4123 = CARTESIAN_POINT('',(40.213667712328,40.345925660852,
    19.882291262934));
#4124 = LINE('',#4125,#4126);
#4125 = CARTESIAN_POINT('',(43.531754248361,38.871587908169,
    23.200377798967));
#4126 = VECTOR('',#4127,1.);
#4127 = DIRECTION('',(-0.674593624261,0.299744698388,-0.674593624261));
#4128 = ORIENTED_EDGE('',*,*,#4129,.T.);
#4129 = EDGE_CURVE('',#4122,#4130,#4132,.T.);
#4130 = VERTEX_POINT('',#4131);
#4131 = CARTESIAN_POINT('',(44.456308399447,40.345925660852,
    15.639650575815));
#4132 = LINE('',#4133,#4134);
#4133 = CARTESIAN_POINT('',(37.69305743664,40.345925660852,
    22.402901538622));
#4134 = VECTOR('',#4135,1.);
#4135 = DIRECTION('',(0.707106781187,0.,-0.707106781187));
#4136 = ORIENTED_EDGE('',*,*,#4137,.F.);
#4137 = EDGE_CURVE('',#4138,#4130,#4140,.T.);
#4138 = VERTEX_POINT('',#4139);
#4139 = CARTESIAN_POINT('',(49.733177506139,38.001234750752,
    20.916519682506));
#4140 = LINE('',#4141,#4142);
#4141 = CARTESIAN_POINT('',(47.77439493548,38.871587908169,
    18.957737111847));
#4142 = VECTOR('',#4143,1.);
#4143 = DIRECTION('',(-0.674593624261,0.299744698388,-0.674593624261));
#4144 = ORIENTED_EDGE('',*,*,#4145,.F.);
#4145 = EDGE_CURVE('',#4146,#4138,#4148,.T.);
#4146 = VERTEX_POINT('',#4147);
#4147 = CARTESIAN_POINT('',(58.771842618173,33.179238659105,
    33.582243920039));
#4148 = LINE('',#4149,#4150);
#4149 = CARTESIAN_POINT('',(49.251668752153,38.258112652636,
    20.241789839067));
#4150 = VECTOR('',#4151,1.);
#4151 = DIRECTION('',(-0.554853899201,0.296006467794,-0.777507119945));
#4152 = ORIENTED_EDGE('',*,*,#4153,.T.);
#4153 = EDGE_CURVE('',#4146,#4120,#4154,.T.);
#4154 = LINE('',#4155,#4156);
#4155 = CARTESIAN_POINT('',(39.879643594572,33.179238659105,
    52.474442943639));
#4156 = VECTOR('',#4157,1.);
#4157 = DIRECTION('',(-0.707106781187,0.,0.707106781187));
#4158 = PLANE('',#4159);
#4159 = AXIS2_PLACEMENT_3D('',#4160,#4161,#4162);
#4160 = CARTESIAN_POINT('',(37.358746183958,37.097505457099,
    37.358746183958));
#4161 = DIRECTION('',(0.211951508855,0.954019452521,0.211951508855));
#4162 = DIRECTION('',(0.674593624261,-0.299744698388,0.674593624261));
#4163 = ADVANCED_FACE('',(#4164),#4183,.T.);
#4164 = FACE_BOUND('',#4165,.T.);
#4165 = EDGE_LOOP('',(#4166,#4167,#4168,#4176));
#4166 = ORIENTED_EDGE('',*,*,#3967,.F.);
#4167 = ORIENTED_EDGE('',*,*,#1558,.T.);
#4168 = ORIENTED_EDGE('',*,*,#4169,.T.);
#4169 = EDGE_CURVE('',#1551,#4170,#4172,.T.);
#4170 = VERTEX_POINT('',#4171);
#4171 = CARTESIAN_POINT('',(4.,42.7,45.497474683058));
#4172 = LINE('',#4173,#4174);
#4173 = CARTESIAN_POINT('',(46.881179592668,42.7,2.61629509039));
#4174 = VECTOR('',#4175,1.);
#4175 = DIRECTION('',(-0.707106781187,0.,0.707106781187));
#4176 = ORIENTED_EDGE('',*,*,#4177,.T.);
#4177 = EDGE_CURVE('',#4170,#3968,#4178,.T.);
#4178 = ELLIPSE('',#4179,3.535533905933,2.5);
#4179 = AXIS2_PLACEMENT_3D('',#4180,#4181,#4182);
#4180 = CARTESIAN_POINT('',(4.,40.3,44.507525189397));
#4181 = DIRECTION('',(1.,0.,-2.22044604925E-16));
#4182 = DIRECTION('',(2.22044604925E-16,0.,1.));
#4183 = CYLINDRICAL_SURFACE('',#4184,2.5);
#4184 = AXIS2_PLACEMENT_3D('',#4185,#4186,#4187);
#4185 = CARTESIAN_POINT('',(46.386204845838,40.3,2.12132034356));
#4186 = DIRECTION('',(-0.707106781187,0.,0.707106781187));
#4187 = DIRECTION('',(0.674593624261,-0.299744698388,0.674593624261));
#4188 = ADVANCED_FACE('',(#4189),#4212,.T.);
#4189 = FACE_BOUND('',#4190,.T.);
#4190 = EDGE_LOOP('',(#4191,#4197,#4205,#4211));
#4191 = ORIENTED_EDGE('',*,*,#4192,.F.);
#4192 = EDGE_CURVE('',#2050,#732,#4193,.T.);
#4193 = LINE('',#4194,#4195);
#4194 = CARTESIAN_POINT('',(0.,54.,19.798989873223));
#4195 = VECTOR('',#4196,1.);
#4196 = DIRECTION('',(0.707106781187,0.,-0.707106781187));
#4197 = ORIENTED_EDGE('',*,*,#4198,.T.);
#4198 = EDGE_CURVE('',#2050,#4199,#4201,.T.);
#4199 = VERTEX_POINT('',#4200);
#4200 = CARTESIAN_POINT('',(4.,44.,15.798989873223));
#4201 = LINE('',#4202,#4203);
#4202 = CARTESIAN_POINT('',(4.,-54.,15.798989873223));
#4203 = VECTOR('',#4204,1.);
#4204 = DIRECTION('',(0.,-1.,0.));
#4205 = ORIENTED_EDGE('',*,*,#4206,.F.);
#4206 = EDGE_CURVE('',#1535,#4199,#4207,.T.);
#4207 = LINE('',#4208,#4209);
#4208 = CARTESIAN_POINT('',(4.949747468306,44.,14.849242404917));
#4209 = VECTOR('',#4210,1.);
#4210 = DIRECTION('',(-0.707106781187,0.,0.707106781187));
#4211 = ORIENTED_EDGE('',*,*,#1534,.T.);
#4212 = PLANE('',#4213);
#4213 = AXIS2_PLACEMENT_3D('',#4214,#4215,#4216);
#4214 = CARTESIAN_POINT('',(0.,-54.,19.798989873223));
#4215 = DIRECTION('',(0.707106781187,0.,0.707106781187));
#4216 = DIRECTION('',(0.707106781187,0.,-0.707106781187));
#4217 = ADVANCED_FACE('',(#4218),#4236,.T.);
#4218 = FACE_BOUND('',#4219,.T.);
#4219 = EDGE_LOOP('',(#4220,#4228,#4229,#4230));
#4220 = ORIENTED_EDGE('',*,*,#4221,.T.);
#4221 = EDGE_CURVE('',#4222,#4170,#4224,.T.);
#4222 = VERTEX_POINT('',#4223);
#4223 = CARTESIAN_POINT('',(4.,44.,45.497474683058));
#4224 = LINE('',#4225,#4226);
#4225 = CARTESIAN_POINT('',(4.,-7.,45.497474683058));
#4226 = VECTOR('',#4227,1.);
#4227 = DIRECTION('',(0.,-1.,-0.));
#4228 = ORIENTED_EDGE('',*,*,#4169,.F.);
#4229 = ORIENTED_EDGE('',*,*,#1550,.T.);
#4230 = ORIENTED_EDGE('',*,*,#4231,.T.);
#4231 = EDGE_CURVE('',#1543,#4222,#4232,.T.);
#4232 = LINE('',#4233,#4234);
#4233 = CARTESIAN_POINT('',(49.497474683058,44.,-7.105427357601E-15));
#4234 = VECTOR('',#4235,1.);
#4235 = DIRECTION('',(-0.707106781187,0.,0.707106781187));
#4236 = PLANE('',#4237);
#4237 = AXIS2_PLACEMENT_3D('',#4238,#4239,#4240);
#4238 = CARTESIAN_POINT('',(49.497474683058,40.,-7.105427357601E-15));
#4239 = DIRECTION('',(0.707106781187,0.,0.707106781187));
#4240 = DIRECTION('',(-0.707106781187,0.,0.707106781187));
#4241 = ADVANCED_FACE('',(#4242),#4253,.F.);
#4242 = FACE_BOUND('',#4243,.F.);
#4243 = EDGE_LOOP('',(#4244,#4245,#4246,#4247));
#4244 = ORIENTED_EDGE('',*,*,#4206,.F.);
#4245 = ORIENTED_EDGE('',*,*,#1542,.T.);
#4246 = ORIENTED_EDGE('',*,*,#4231,.T.);
#4247 = ORIENTED_EDGE('',*,*,#4248,.T.);
#4248 = EDGE_CURVE('',#4222,#4199,#4249,.T.);
#4249 = LINE('',#4250,#4251);
#4250 = CARTESIAN_POINT('',(4.,44.,33.498737341529));
#4251 = VECTOR('',#4252,1.);
#4252 = DIRECTION('',(-2.22044604925E-16,0.,-1.));
#4253 = PLANE('',#4254);
#4254 = AXIS2_PLACEMENT_3D('',#4255,#4256,#4257);
#4255 = CARTESIAN_POINT('',(17.5,44.,17.5));
#4256 = DIRECTION('',(-0.,-1.,0.));
#4257 = DIRECTION('',(-0.707106781187,0.,-0.707106781187));
#4258 = ADVANCED_FACE('',(#4259),#4270,.F.);
#4259 = FACE_BOUND('',#4260,.F.);
#4260 = EDGE_LOOP('',(#4261,#4267,#4268,#4269));
#4261 = ORIENTED_EDGE('',*,*,#4262,.T.);
#4262 = EDGE_CURVE('',#1611,#2364,#4263,.T.);
#4263 = LINE('',#4264,#4265);
#4264 = CARTESIAN_POINT('',(34.473358543988,-49.,-1.));
#4265 = VECTOR('',#4266,1.);
#4266 = DIRECTION('',(-2.22044604925E-16,0.,1.));
#4267 = ORIENTED_EDGE('',*,*,#2371,.F.);
#4268 = ORIENTED_EDGE('',*,*,#4262,.F.);
#4269 = ORIENTED_EDGE('',*,*,#1610,.T.);
#4270 = CYLINDRICAL_SURFACE('',#4271,2.3);
#4271 = AXIS2_PLACEMENT_3D('',#4272,#4273,#4274);
#4272 = CARTESIAN_POINT('',(32.173358543988,-49.,-1.));
#4273 = DIRECTION('',(-2.22044604925E-16,0.,1.));
#4274 = DIRECTION('',(1.,0.,2.22044604925E-16));
#4275 = ADVANCED_FACE('',(#4276),#4287,.F.);
#4276 = FACE_BOUND('',#4277,.F.);
#4277 = EDGE_LOOP('',(#4278,#4279,#4280,#4286));
#4278 = ORIENTED_EDGE('',*,*,#1872,.F.);
#4279 = ORIENTED_EDGE('',*,*,#1833,.F.);
#4280 = ORIENTED_EDGE('',*,*,#4281,.T.);
#4281 = EDGE_CURVE('',#1826,#790,#4282,.T.);
#4282 = LINE('',#4283,#4284);
#4283 = CARTESIAN_POINT('',(-8.881784197001E-16,-54.,4.));
#4284 = VECTOR('',#4285,1.);
#4285 = DIRECTION('',(1.,0.,2.22044604925E-16));
#4286 = ORIENTED_EDGE('',*,*,#1628,.T.);
#4287 = PLANE('',#4288);
#4288 = AXIS2_PLACEMENT_3D('',#4289,#4290,#4291);
#4289 = CARTESIAN_POINT('',(0.,-54.,0.));
#4290 = DIRECTION('',(0.,1.,0.));
#4291 = DIRECTION('',(-2.22044604925E-16,0.,1.));
#4292 = ADVANCED_FACE('',(#4293),#4318,.T.);
#4293 = FACE_BOUND('',#4294,.T.);
#4294 = EDGE_LOOP('',(#4295,#4305,#4311,#4312));
#4295 = ORIENTED_EDGE('',*,*,#4296,.F.);
#4296 = EDGE_CURVE('',#4297,#4299,#4301,.T.);
#4297 = VERTEX_POINT('',#4298);
#4298 = CARTESIAN_POINT('',(4.,-40.,45.497474683058));
#4299 = VERTEX_POINT('',#4300);
#4300 = CARTESIAN_POINT('',(4.,-40.,44.083261120685));
#4301 = LINE('',#4302,#4303);
#4302 = CARTESIAN_POINT('',(4.,-40.,33.498737341529));
#4303 = VECTOR('',#4304,1.);
#4304 = DIRECTION('',(-2.22044604925E-16,0.,-1.));
#4305 = ORIENTED_EDGE('',*,*,#4306,.T.);
#4306 = EDGE_CURVE('',#4297,#1647,#4307,.T.);
#4307 = LINE('',#4308,#4309);
#4308 = CARTESIAN_POINT('',(-328.8046532517,-40.,378.3021279348));
#4309 = VECTOR('',#4310,1.);
#4310 = DIRECTION('',(0.707106781187,0.,-0.707106781187));
#4311 = ORIENTED_EDGE('',*,*,#1644,.F.);
#4312 = ORIENTED_EDGE('',*,*,#4313,.F.);
#4313 = EDGE_CURVE('',#4299,#1645,#4314,.T.);
#4314 = LINE('',#4315,#4316);
#4315 = CARTESIAN_POINT('',(2.12132034356,-40.,45.961940777126));
#4316 = VECTOR('',#4317,1.);
#4317 = DIRECTION('',(0.707106781187,0.,-0.707106781187));
#4318 = PLANE('',#4319);
#4319 = AXIS2_PLACEMENT_3D('',#4320,#4321,#4322);
#4320 = CARTESIAN_POINT('',(-707.1067811865,-40.,5.684341886081E-14));
#4321 = DIRECTION('',(0.,1.,0.));
#4322 = DIRECTION('',(0.707106781187,0.,0.707106781187));
#4323 = ADVANCED_FACE('',(#4324),#4358,.F.);
#4324 = FACE_BOUND('',#4325,.F.);
#4325 = EDGE_LOOP('',(#4326,#4327,#4335,#4343,#4351,#4357));
#4326 = ORIENTED_EDGE('',*,*,#4313,.F.);
#4327 = ORIENTED_EDGE('',*,*,#4328,.T.);
#4328 = EDGE_CURVE('',#4299,#4329,#4331,.T.);
#4329 = VERTEX_POINT('',#4330);
#4330 = CARTESIAN_POINT('',(4.,-40.,34.31599846393));
#4331 = LINE('',#4332,#4333);
#4332 = CARTESIAN_POINT('',(4.,-40.,33.498737341529));
#4333 = VECTOR('',#4334,1.);
#4334 = DIRECTION('',(-2.22044604925E-16,0.,-1.));
#4335 = ORIENTED_EDGE('',*,*,#4336,.F.);
#4336 = EDGE_CURVE('',#4337,#4329,#4339,.T.);
#4337 = VERTEX_POINT('',#4338);
#4338 = CARTESIAN_POINT('',(6.8,-40.,16.958787847868));
#4339 = LINE('',#4340,#4341);
#4340 = CARTESIAN_POINT('',(6.8,-40.,16.958787847868));
#4341 = VECTOR('',#4342,1.);
#4342 = DIRECTION('',(-0.159257379243,0.,0.987237097741));
#4343 = ORIENTED_EDGE('',*,*,#4344,.T.);
#4344 = EDGE_CURVE('',#4337,#4345,#4347,.T.);
#4345 = VERTEX_POINT('',#4346);
#4346 = CARTESIAN_POINT('',(16.958787847868,-40.,6.8));
#4347 = LINE('',#4348,#4349);
#4348 = CARTESIAN_POINT('',(6.8,-40.,16.958787847868));
#4349 = VECTOR('',#4350,1.);
#4350 = DIRECTION('',(0.707106781187,0.,-0.707106781187));
#4351 = ORIENTED_EDGE('',*,*,#4352,.T.);
#4352 = EDGE_CURVE('',#4345,#1762,#4353,.T.);
#4353 = LINE('',#4354,#4355);
#4354 = CARTESIAN_POINT('',(16.958787847868,-40.,6.8));
#4355 = VECTOR('',#4356,1.);
#4356 = DIRECTION('',(0.987237097741,0.,-0.159257379243));
#4357 = ORIENTED_EDGE('',*,*,#1769,.T.);
#4358 = PLANE('',#4359);
#4359 = AXIS2_PLACEMENT_3D('',#4360,#4361,#4362);
#4360 = CARTESIAN_POINT('',(20.104218141273,-40.,20.104218141273));
#4361 = DIRECTION('',(-0.,-1.,0.));
#4362 = DIRECTION('',(-0.707106781187,0.,-0.707106781187));
#4363 = ADVANCED_FACE('',(#4364),#4402,.T.);
#4364 = FACE_BOUND('',#4365,.T.);
#4365 = EDGE_LOOP('',(#4366,#4374,#4375,#4376,#4377,#4378,#4387,#4395));
#4366 = ORIENTED_EDGE('',*,*,#4367,.F.);
#4367 = EDGE_CURVE('',#4329,#4368,#4370,.T.);
#4368 = VERTEX_POINT('',#4369);
#4369 = CARTESIAN_POINT('',(4.,-40.,16.180405689294));
#4370 = LINE('',#4371,#4372);
#4371 = CARTESIAN_POINT('',(4.,-40.,33.498737341529));
#4372 = VECTOR('',#4373,1.);
#4373 = DIRECTION('',(-2.22044604925E-16,0.,-1.));
#4374 = ORIENTED_EDGE('',*,*,#4336,.F.);
#4375 = ORIENTED_EDGE('',*,*,#4344,.T.);
#4376 = ORIENTED_EDGE('',*,*,#4352,.T.);
#4377 = ORIENTED_EDGE('',*,*,#1761,.F.);
#4378 = ORIENTED_EDGE('',*,*,#4379,.F.);
#4379 = EDGE_CURVE('',#4380,#1754,#4382,.T.);
#4380 = VERTEX_POINT('',#4381);
#4381 = CARTESIAN_POINT('',(15.191020894902,-40.,4.607968978322));
#4382 = CIRCLE('',#4383,2.5);
#4383 = AXIS2_PLACEMENT_3D('',#4384,#4385,#4386);
#4384 = CARTESIAN_POINT('',(16.958787847868,-40.,6.375735931288));
#4385 = DIRECTION('',(0.,-1.,-0.));
#4386 = DIRECTION('',(-0.707106781187,-0.,0.707106781187));
#4387 = ORIENTED_EDGE('',*,*,#4388,.F.);
#4388 = EDGE_CURVE('',#4389,#4380,#4391,.T.);
#4389 = VERTEX_POINT('',#4390);
#4390 = CARTESIAN_POINT('',(4.607968978322,-40.,15.191020894902));
#4391 = LINE('',#4392,#4393);
#4392 = CARTESIAN_POINT('',(-166.87720036,-40.,186.67619023324));
#4393 = VECTOR('',#4394,1.);
#4394 = DIRECTION('',(0.707106781187,0.,-0.707106781187));
#4395 = ORIENTED_EDGE('',*,*,#4396,.F.);
#4396 = EDGE_CURVE('',#4368,#4389,#4397,.T.);
#4397 = CIRCLE('',#4398,2.5);
#4398 = AXIS2_PLACEMENT_3D('',#4399,#4400,#4401);
#4399 = CARTESIAN_POINT('',(6.375735931288,-40.,16.958787847868));
#4400 = DIRECTION('',(0.,-1.,0.));
#4401 = DIRECTION('',(-0.159257379243,0.,0.987237097741));
#4402 = PLANE('',#4403);
#4403 = AXIS2_PLACEMENT_3D('',#4404,#4405,#4406);
#4404 = CARTESIAN_POINT('',(-707.1067811865,-40.,5.684341886081E-14));
#4405 = DIRECTION('',(0.,1.,0.));
#4406 = DIRECTION('',(0.707106781187,0.,0.707106781187));
#4407 = ADVANCED_FACE('',(#4408),#4418,.F.);
#4408 = FACE_BOUND('',#4409,.F.);
#4409 = EDGE_LOOP('',(#4410,#4416,#4417));
#4410 = ORIENTED_EDGE('',*,*,#4411,.F.);
#4411 = EDGE_CURVE('',#1746,#4380,#4412,.T.);
#4412 = LINE('',#4413,#4414);
#4413 = CARTESIAN_POINT('',(-171.8269478283,-40.,191.62593770155));
#4414 = VECTOR('',#4415,1.);
#4415 = DIRECTION('',(-0.707106781187,0.,0.707106781187));
#4416 = ORIENTED_EDGE('',*,*,#1753,.T.);
#4417 = ORIENTED_EDGE('',*,*,#4379,.F.);
#4418 = PLANE('',#4419);
#4419 = AXIS2_PLACEMENT_3D('',#4420,#4421,#4422);
#4420 = CARTESIAN_POINT('',(17.5,-40.,17.5));
#4421 = DIRECTION('',(-0.,-1.,0.));
#4422 = DIRECTION('',(-0.707106781187,0.,-0.707106781187));
#4423 = ADVANCED_FACE('',(#4424),#4444,.F.);
#4424 = FACE_BOUND('',#4425,.F.);
#4425 = EDGE_LOOP('',(#4426,#4427,#4428,#4429,#4430,#4438));
#4426 = ORIENTED_EDGE('',*,*,#1849,.F.);
#4427 = ORIENTED_EDGE('',*,*,#1745,.T.);
#4428 = ORIENTED_EDGE('',*,*,#4411,.T.);
#4429 = ORIENTED_EDGE('',*,*,#4388,.F.);
#4430 = ORIENTED_EDGE('',*,*,#4431,.T.);
#4431 = EDGE_CURVE('',#4389,#4432,#4434,.T.);
#4432 = VERTEX_POINT('',#4433);
#4433 = CARTESIAN_POINT('',(4.,-40.,15.798989873223));
#4434 = LINE('',#4435,#4436);
#4435 = CARTESIAN_POINT('',(-171.8269478283,-40.,191.62593770155));
#4436 = VECTOR('',#4437,1.);
#4437 = DIRECTION('',(-0.707106781187,0.,0.707106781187));
#4438 = ORIENTED_EDGE('',*,*,#4439,.T.);
#4439 = EDGE_CURVE('',#4432,#1850,#4440,.T.);
#4440 = LINE('',#4441,#4442);
#4441 = CARTESIAN_POINT('',(4.,-40.,33.498737341529));
#4442 = VECTOR('',#4443,1.);
#4443 = DIRECTION('',(-2.22044604925E-16,0.,-1.));
#4444 = PLANE('',#4445);
#4445 = AXIS2_PLACEMENT_3D('',#4446,#4447,#4448);
#4446 = CARTESIAN_POINT('',(17.5,-40.,17.5));
#4447 = DIRECTION('',(-0.,-1.,0.));
#4448 = DIRECTION('',(-0.707106781187,0.,-0.707106781187));
#4449 = ADVANCED_FACE('',(#4450),#4461,.T.);
#4450 = FACE_BOUND('',#4451,.T.);
#4451 = EDGE_LOOP('',(#4452,#4453,#4454));
#4452 = ORIENTED_EDGE('',*,*,#1924,.F.);
#4453 = ORIENTED_EDGE('',*,*,#1726,.T.);
#4454 = ORIENTED_EDGE('',*,*,#4455,.F.);
#4455 = EDGE_CURVE('',#1925,#1719,#4456,.T.);
#4456 = CIRCLE('',#4457,2.5);
#4457 = AXIS2_PLACEMENT_3D('',#4458,#4459,#4460);
#4458 = CARTESIAN_POINT('',(16.958787847868,40.,6.375735931288));
#4459 = DIRECTION('',(0.,-1.,-0.));
#4460 = DIRECTION('',(-0.707106781187,-0.,0.707106781187));
#4461 = PLANE('',#4462);
#4462 = AXIS2_PLACEMENT_3D('',#4463,#4464,#4465);
#4463 = CARTESIAN_POINT('',(17.5,40.,17.5));
#4464 = DIRECTION('',(-0.,-1.,0.));
#4465 = DIRECTION('',(-0.707106781187,0.,-0.707106781187));
#4466 = ADVANCED_FACE('',(#4467),#4511,.F.);
#4467 = FACE_BOUND('',#4468,.F.);
#4468 = EDGE_LOOP('',(#4469,#4479,#4487,#4495,#4501,#4502,#4503,#4504));
#4469 = ORIENTED_EDGE('',*,*,#4470,.F.);
#4470 = EDGE_CURVE('',#4471,#4473,#4475,.T.);
#4471 = VERTEX_POINT('',#4472);
#4472 = CARTESIAN_POINT('',(4.,40.,34.31599846393));
#4473 = VERTEX_POINT('',#4474);
#4474 = CARTESIAN_POINT('',(4.,40.,16.180405689294));
#4475 = LINE('',#4476,#4477);
#4476 = CARTESIAN_POINT('',(4.,40.,33.498737341529));
#4477 = VECTOR('',#4478,1.);
#4478 = DIRECTION('',(-2.22044604925E-16,0.,-1.));
#4479 = ORIENTED_EDGE('',*,*,#4480,.T.);
#4480 = EDGE_CURVE('',#4471,#4481,#4483,.T.);
#4481 = VERTEX_POINT('',#4482);
#4482 = CARTESIAN_POINT('',(6.8,40.,16.958787847868));
#4483 = LINE('',#4484,#4485);
#4484 = CARTESIAN_POINT('',(2.12132034356,40.,45.961940777126));
#4485 = VECTOR('',#4486,1.);
#4486 = DIRECTION('',(0.159257379243,0.,-0.987237097741));
#4487 = ORIENTED_EDGE('',*,*,#4488,.F.);
#4488 = EDGE_CURVE('',#4489,#4481,#4491,.T.);
#4489 = VERTEX_POINT('',#4490);
#4490 = CARTESIAN_POINT('',(16.958787847868,40.,6.8));
#4491 = LINE('',#4492,#4493);
#4492 = CARTESIAN_POINT('',(16.958787847868,40.,6.8));
#4493 = VECTOR('',#4494,1.);
#4494 = DIRECTION('',(-0.707106781187,0.,0.707106781187));
#4495 = ORIENTED_EDGE('',*,*,#4496,.F.);
#4496 = EDGE_CURVE('',#1711,#4489,#4497,.T.);
#4497 = LINE('',#4498,#4499);
#4498 = CARTESIAN_POINT('',(45.961940777126,40.,2.12132034356));
#4499 = VECTOR('',#4500,1.);
#4500 = DIRECTION('',(-0.987237097741,0.,0.159257379243));
#4501 = ORIENTED_EDGE('',*,*,#1718,.F.);
#4502 = ORIENTED_EDGE('',*,*,#4455,.F.);
#4503 = ORIENTED_EDGE('',*,*,#1932,.F.);
#4504 = ORIENTED_EDGE('',*,*,#4505,.F.);
#4505 = EDGE_CURVE('',#4473,#1933,#4506,.T.);
#4506 = CIRCLE('',#4507,2.5);
#4507 = AXIS2_PLACEMENT_3D('',#4508,#4509,#4510);
#4508 = CARTESIAN_POINT('',(6.375735931288,40.,16.958787847868));
#4509 = DIRECTION('',(0.,-1.,0.));
#4510 = DIRECTION('',(-0.159257379243,0.,0.987237097741));
#4511 = PLANE('',#4512);
#4512 = AXIS2_PLACEMENT_3D('',#4513,#4514,#4515);
#4513 = CARTESIAN_POINT('',(-707.1067811865,40.,5.684341886081E-14));
#4514 = DIRECTION('',(0.,1.,0.));
#4515 = DIRECTION('',(0.707106781187,0.,0.707106781187));
#4516 = ADVANCED_FACE('',(#4517),#4537,.F.);
#4517 = FACE_BOUND('',#4518,.F.);
#4518 = EDGE_LOOP('',(#4519,#4527,#4528,#4529,#4530,#4531));
#4519 = ORIENTED_EDGE('',*,*,#4520,.F.);
#4520 = EDGE_CURVE('',#1703,#4521,#4523,.T.);
#4521 = VERTEX_POINT('',#4522);
#4522 = CARTESIAN_POINT('',(4.,40.,44.083261120685));
#4523 = LINE('',#4524,#4525);
#4524 = CARTESIAN_POINT('',(45.961940777126,40.,2.12132034356));
#4525 = VECTOR('',#4526,1.);
#4526 = DIRECTION('',(-0.707106781187,0.,0.707106781187));
#4527 = ORIENTED_EDGE('',*,*,#1710,.F.);
#4528 = ORIENTED_EDGE('',*,*,#4496,.T.);
#4529 = ORIENTED_EDGE('',*,*,#4488,.T.);
#4530 = ORIENTED_EDGE('',*,*,#4480,.F.);
#4531 = ORIENTED_EDGE('',*,*,#4532,.F.);
#4532 = EDGE_CURVE('',#4521,#4471,#4533,.T.);
#4533 = LINE('',#4534,#4535);
#4534 = CARTESIAN_POINT('',(4.,40.,33.498737341529));
#4535 = VECTOR('',#4536,1.);
#4536 = DIRECTION('',(-2.22044604925E-16,0.,-1.));
#4537 = PLANE('',#4538);
#4538 = AXIS2_PLACEMENT_3D('',#4539,#4540,#4541);
#4539 = CARTESIAN_POINT('',(20.104218141273,40.,20.104218141273));
#4540 = DIRECTION('',(0.,1.,0.));
#4541 = DIRECTION('',(0.707106781187,0.,0.707106781187));
#4542 = ADVANCED_FACE('',(#4543),#4561,.F.);
#4543 = FACE_BOUND('',#4544,.F.);
#4544 = EDGE_LOOP('',(#4545,#4553,#4559,#4560));
#4545 = ORIENTED_EDGE('',*,*,#4546,.F.);
#4546 = EDGE_CURVE('',#4547,#4521,#4549,.T.);
#4547 = VERTEX_POINT('',#4548);
#4548 = CARTESIAN_POINT('',(4.,40.,45.497474683058));
#4549 = LINE('',#4550,#4551);
#4550 = CARTESIAN_POINT('',(4.,40.,33.498737341529));
#4551 = VECTOR('',#4552,1.);
#4552 = DIRECTION('',(-2.22044604925E-16,0.,-1.));
#4553 = ORIENTED_EDGE('',*,*,#4554,.T.);
#4554 = EDGE_CURVE('',#4547,#1695,#4555,.T.);
#4555 = LINE('',#4556,#4557);
#4556 = CARTESIAN_POINT('',(-328.8046532517,40.,378.3021279348));
#4557 = VECTOR('',#4558,1.);
#4558 = DIRECTION('',(0.707106781187,0.,-0.707106781187));
#4559 = ORIENTED_EDGE('',*,*,#1702,.F.);
#4560 = ORIENTED_EDGE('',*,*,#4520,.T.);
#4561 = PLANE('',#4562);
#4562 = AXIS2_PLACEMENT_3D('',#4563,#4564,#4565);
#4563 = CARTESIAN_POINT('',(-707.1067811865,40.,5.684341886081E-14));
#4564 = DIRECTION('',(0.,1.,0.));
#4565 = DIRECTION('',(0.707106781187,0.,0.707106781187));
#4566 = ADVANCED_FACE('',(#4567),#4585,.F.);
#4567 = FACE_BOUND('',#4568,.F.);
#4568 = EDGE_LOOP('',(#4569,#4570,#4578,#4584));
#4569 = ORIENTED_EDGE('',*,*,#4554,.F.);
#4570 = ORIENTED_EDGE('',*,*,#4571,.F.);
#4571 = EDGE_CURVE('',#4572,#4547,#4574,.T.);
#4572 = VERTEX_POINT('',#4573);
#4573 = CARTESIAN_POINT('',(4.,39.685808609462,45.497474683058));
#4574 = LINE('',#4575,#4576);
#4575 = CARTESIAN_POINT('',(4.,-47.,45.497474683058));
#4576 = VECTOR('',#4577,1.);
#4577 = DIRECTION('',(0.,1.,0.));
#4578 = ORIENTED_EDGE('',*,*,#4579,.T.);
#4579 = EDGE_CURVE('',#4572,#1687,#4580,.T.);
#4580 = LINE('',#4581,#4582);
#4581 = CARTESIAN_POINT('',(-152.0279579551,39.685808609462,
    201.52543263816));
#4582 = VECTOR('',#4583,1.);
#4583 = DIRECTION('',(0.707106781187,0.,-0.707106781187));
#4584 = ORIENTED_EDGE('',*,*,#1694,.F.);
#4585 = PLANE('',#4586);
#4586 = AXIS2_PLACEMENT_3D('',#4587,#4588,#4589);
#4587 = CARTESIAN_POINT('',(-328.8046532517,-40.,378.3021279348));
#4588 = DIRECTION('',(0.707106781187,0.,0.707106781187));
#4589 = DIRECTION('',(0.707106781187,0.,-0.707106781187));
#4590 = ADVANCED_FACE('',(#4591,#4625,#4659,#4693,#4727,#4761),#4803,.F.
  );
#4591 = FACE_BOUND('',#4592,.F.);
#4592 = EDGE_LOOP('',(#4593,#4601,#4602,#4603,#4611,#4619));
#4593 = ORIENTED_EDGE('',*,*,#4594,.F.);
#4594 = EDGE_CURVE('',#1679,#4595,#4597,.T.);
#4595 = VERTEX_POINT('',#4596);
#4596 = CARTESIAN_POINT('',(64.111398859941,30.317528655384,
    27.553840332773));
#4597 = LINE('',#4598,#4599);
#4598 = CARTESIAN_POINT('',(45.961940777126,40.,2.12132034356));
#4599 = VECTOR('',#4600,1.);
#4600 = DIRECTION('',(0.554853899201,-0.296006467794,0.777507119945));
#4601 = ORIENTED_EDGE('',*,*,#1686,.F.);
#4602 = ORIENTED_EDGE('',*,*,#4579,.F.);
#4603 = ORIENTED_EDGE('',*,*,#4604,.F.);
#4604 = EDGE_CURVE('',#4605,#4572,#4607,.T.);
#4605 = VERTEX_POINT('',#4606);
#4606 = CARTESIAN_POINT('',(4.,39.284763682604,47.302626548338));
#4607 = LINE('',#4608,#4609);
#4608 = CARTESIAN_POINT('',(4.,37.875774566095,53.644657481745));
#4609 = VECTOR('',#4610,1.);
#4610 = DIRECTION('',(-1.665334536938E-16,0.216878958912,-0.97619850296)
  );
#4611 = ORIENTED_EDGE('',*,*,#4612,.F.);
#4612 = EDGE_CURVE('',#4613,#4605,#4615,.T.);
#4613 = VERTEX_POINT('',#4614);
#4614 = CARTESIAN_POINT('',(27.553840332773,30.317528655384,
    64.111398859941));
#4615 = LINE('',#4616,#4617);
#4616 = CARTESIAN_POINT('',(33.542959317175,28.037397824048,
    68.385425342826));
#4617 = VECTOR('',#4618,1.);
#4618 = DIRECTION('',(-0.777507119945,0.296006467794,-0.554853899201));
#4619 = ORIENTED_EDGE('',*,*,#4620,.T.);
#4620 = EDGE_CURVE('',#4613,#4595,#4621,.T.);
#4621 = LINE('',#4622,#4623);
#4622 = CARTESIAN_POINT('',(-130.9440757002,30.317528655384,
    222.60931489299));
#4623 = VECTOR('',#4624,1.);
#4624 = DIRECTION('',(0.707106781187,0.,-0.707106781187));
#4625 = FACE_BOUND('',#4626,.F.);
#4626 = EDGE_LOOP('',(#4627,#4637,#4645,#4653));
#4627 = ORIENTED_EDGE('',*,*,#4628,.F.);
#4628 = EDGE_CURVE('',#4629,#4631,#4633,.T.);
#4629 = VERTEX_POINT('',#4630);
#4630 = CARTESIAN_POINT('',(24.754825374214,37.602042412898,
    34.121933734655));
#4631 = VERTEX_POINT('',#4632);
#4632 = CARTESIAN_POINT('',(20.512184687095,37.602042412898,
    38.364574421774));
#4633 = LINE('',#4634,#4635);
#4634 = CARTESIAN_POINT('',(51.358689771217,37.602042412898,
    7.518069337651));
#4635 = VECTOR('',#4636,1.);
#4636 = DIRECTION('',(-0.707106781187,0.,0.707106781187));
#4637 = ORIENTED_EDGE('',*,*,#4638,.F.);
#4638 = EDGE_CURVE('',#4639,#4629,#4641,.T.);
#4639 = VERTEX_POINT('',#4640);
#4640 = CARTESIAN_POINT('',(40.883889155689,30.435355411151,
    50.25099751613));
#4641 = LINE('',#4642,#4643);
#4642 = CARTESIAN_POINT('',(28.003938633926,36.158351813054,
    37.371046994367));
#4643 = VECTOR('',#4644,1.);
#4644 = DIRECTION('',(-0.674593624261,0.299744698388,-0.674593624261));
#4645 = ORIENTED_EDGE('',*,*,#4646,.F.);
#4646 = EDGE_CURVE('',#4647,#4639,#4649,.T.);
#4647 = VERTEX_POINT('',#4648);
#4648 = CARTESIAN_POINT('',(36.641248468569,30.435355411151,
    54.493638203249));
#4649 = LINE('',#4650,#4651);
#4650 = CARTESIAN_POINT('',(28.146210323083,30.435355411151,
    62.988676348735));
#4651 = VECTOR('',#4652,1.);
#4652 = DIRECTION('',(0.707106781187,0.,-0.707106781187));
#4653 = ORIENTED_EDGE('',*,*,#4654,.T.);
#4654 = EDGE_CURVE('',#4647,#4631,#4655,.T.);
#4655 = LINE('',#4656,#4657);
#4656 = CARTESIAN_POINT('',(23.761297946807,36.158351813054,
    41.613687681487));
#4657 = VECTOR('',#4658,1.);
#4658 = DIRECTION('',(-0.674593624261,0.299744698388,-0.674593624261));
#4659 = FACE_BOUND('',#4660,.F.);
#4660 = EDGE_LOOP('',(#4661,#4671,#4679,#4687));
#4661 = ORIENTED_EDGE('',*,*,#4662,.F.);
#4662 = EDGE_CURVE('',#4663,#4665,#4667,.T.);
#4663 = VERTEX_POINT('',#4664);
#4664 = CARTESIAN_POINT('',(18.390864343535,37.602042412898,
    40.485894765334));
#4665 = VERTEX_POINT('',#4666);
#4666 = CARTESIAN_POINT('',(14.148223656416,37.602042412898,
    44.728535452453));
#4667 = LINE('',#4668,#4669);
#4668 = CARTESIAN_POINT('',(51.358689771217,37.602042412898,
    7.518069337651));
#4669 = VECTOR('',#4670,1.);
#4670 = DIRECTION('',(-0.707106781187,0.,0.707106781187));
#4671 = ORIENTED_EDGE('',*,*,#4672,.F.);
#4672 = EDGE_CURVE('',#4673,#4663,#4675,.T.);
#4673 = VERTEX_POINT('',#4674);
#4674 = CARTESIAN_POINT('',(34.51992812501,30.435355411151,
    56.614958546808));
#4675 = LINE('',#4676,#4677);
#4676 = CARTESIAN_POINT('',(21.639977603248,36.158351813054,
    43.735008025046));
#4677 = VECTOR('',#4678,1.);
#4678 = DIRECTION('',(-0.674593624261,0.299744698388,-0.674593624261));
#4679 = ORIENTED_EDGE('',*,*,#4680,.F.);
#4680 = EDGE_CURVE('',#4681,#4673,#4683,.T.);
#4681 = VERTEX_POINT('',#4682);
#4682 = CARTESIAN_POINT('',(32.972643986842,30.435355411151,
    58.162242684976));
#4683 = LINE('',#4684,#4685);
#4684 = CARTESIAN_POINT('',(28.146210323083,30.435355411151,
    62.988676348735));
#4685 = VECTOR('',#4686,1.);
#4686 = DIRECTION('',(0.707106781187,0.,-0.707106781187));
#4687 = ORIENTED_EDGE('',*,*,#4688,.T.);
#4688 = EDGE_CURVE('',#4681,#4665,#4689,.T.);
#4689 = LINE('',#4690,#4691);
#4690 = CARTESIAN_POINT('',(38.279602762174,28.414931312752,
    61.94945786778));
#4691 = VECTOR('',#4692,1.);
#4692 = DIRECTION('',(-0.777507119945,0.296006467794,-0.554853899201));
#4693 = FACE_BOUND('',#4694,.F.);
#4694 = EDGE_LOOP('',(#4695,#4705,#4713,#4721));
#4695 = ORIENTED_EDGE('',*,*,#4696,.F.);
#4696 = EDGE_CURVE('',#4697,#4699,#4701,.T.);
#4697 = VERTEX_POINT('',#4698);
#4698 = CARTESIAN_POINT('',(31.118786404893,37.602042412898,
    27.757972703976));
#4699 = VERTEX_POINT('',#4700);
#4700 = CARTESIAN_POINT('',(26.876145717773,37.602042412898,
    32.000613391095));
#4701 = LINE('',#4702,#4703);
#4702 = CARTESIAN_POINT('',(51.358689771217,37.602042412898,
    7.518069337651));
#4703 = VECTOR('',#4704,1.);
#4704 = DIRECTION('',(-0.707106781187,0.,0.707106781187));
#4705 = ORIENTED_EDGE('',*,*,#4706,.F.);
#4706 = EDGE_CURVE('',#4707,#4697,#4709,.T.);
#4707 = VERTEX_POINT('',#4708);
#4708 = CARTESIAN_POINT('',(47.247850186368,30.435355411151,
    43.887036485451));
#4709 = LINE('',#4710,#4711);
#4710 = CARTESIAN_POINT('',(34.367899664605,36.158351813054,
    31.007085963688));
#4711 = VECTOR('',#4712,1.);
#4712 = DIRECTION('',(-0.674593624261,0.299744698388,-0.674593624261));
#4713 = ORIENTED_EDGE('',*,*,#4714,.F.);
#4714 = EDGE_CURVE('',#4715,#4707,#4717,.T.);
#4715 = VERTEX_POINT('',#4716);
#4716 = CARTESIAN_POINT('',(43.005209499248,30.435355411151,
    48.12967717257));
#4717 = LINE('',#4718,#4719);
#4718 = CARTESIAN_POINT('',(28.146210323083,30.435355411151,
    62.988676348735));
#4719 = VECTOR('',#4720,1.);
#4720 = DIRECTION('',(0.707106781187,0.,-0.707106781187));
#4721 = ORIENTED_EDGE('',*,*,#4722,.T.);
#4722 = EDGE_CURVE('',#4715,#4699,#4723,.T.);
#4723 = LINE('',#4724,#4725);
#4724 = CARTESIAN_POINT('',(30.125258977486,36.158351813054,
    35.249726650808));
#4725 = VECTOR('',#4726,1.);
#4726 = DIRECTION('',(-0.674593624261,0.299744698388,-0.674593624261));
#4727 = FACE_BOUND('',#4728,.F.);
#4728 = EDGE_LOOP('',(#4729,#4739,#4747,#4755));
#4729 = ORIENTED_EDGE('',*,*,#4730,.F.);
#4730 = EDGE_CURVE('',#4731,#4733,#4735,.T.);
#4731 = VERTEX_POINT('',#4732);
#4732 = CARTESIAN_POINT('',(37.482747435572,37.602042412898,
    21.394011673297));
#4733 = VERTEX_POINT('',#4734);
#4734 = CARTESIAN_POINT('',(33.240106748452,37.602042412898,
    25.636652360416));
#4735 = LINE('',#4736,#4737);
#4736 = CARTESIAN_POINT('',(51.358689771217,37.602042412898,
    7.518069337651));
#4737 = VECTOR('',#4738,1.);
#4738 = DIRECTION('',(-0.707106781187,0.,0.707106781187));
#4739 = ORIENTED_EDGE('',*,*,#4740,.F.);
#4740 = EDGE_CURVE('',#4741,#4731,#4743,.T.);
#4741 = VERTEX_POINT('',#4742);
#4742 = CARTESIAN_POINT('',(53.611811217047,30.435355411151,
    37.523075454772));
#4743 = LINE('',#4744,#4745);
#4744 = CARTESIAN_POINT('',(40.731860695284,36.158351813054,
    24.643124933009));
#4745 = VECTOR('',#4746,1.);
#4746 = DIRECTION('',(-0.674593624261,0.299744698388,-0.674593624261));
#4747 = ORIENTED_EDGE('',*,*,#4748,.F.);
#4748 = EDGE_CURVE('',#4749,#4741,#4751,.T.);
#4749 = VERTEX_POINT('',#4750);
#4750 = CARTESIAN_POINT('',(49.369170529927,30.435355411151,
    41.765716141891));
#4751 = LINE('',#4752,#4753);
#4752 = CARTESIAN_POINT('',(28.146210323083,30.435355411151,
    62.988676348735));
#4753 = VECTOR('',#4754,1.);
#4754 = DIRECTION('',(0.707106781187,0.,-0.707106781187));
#4755 = ORIENTED_EDGE('',*,*,#4756,.T.);
#4756 = EDGE_CURVE('',#4749,#4733,#4757,.T.);
#4757 = LINE('',#4758,#4759);
#4758 = CARTESIAN_POINT('',(36.489220008165,36.158351813054,
    28.885765620129));
#4759 = VECTOR('',#4760,1.);
#4760 = DIRECTION('',(-0.674593624261,0.299744698388,-0.674593624261));
#4761 = FACE_BOUND('',#4762,.F.);
#4762 = EDGE_LOOP('',(#4763,#4773,#4781,#4789,#4797));
#4763 = ORIENTED_EDGE('',*,*,#4764,.F.);
#4764 = EDGE_CURVE('',#4765,#4767,#4769,.T.);
#4765 = VERTEX_POINT('',#4766);
#4766 = CARTESIAN_POINT('',(43.846708466251,37.602042412898,
    15.030050642618));
#4767 = VERTEX_POINT('',#4768);
#4768 = CARTESIAN_POINT('',(39.604067779131,37.602042412898,
    19.272691329737));
#4769 = LINE('',#4770,#4771);
#4770 = CARTESIAN_POINT('',(51.358689771217,37.602042412898,
    7.518069337651));
#4771 = VECTOR('',#4772,1.);
#4772 = DIRECTION('',(-0.707106781187,0.,0.707106781187));
#4773 = ORIENTED_EDGE('',*,*,#4774,.F.);
#4774 = EDGE_CURVE('',#4775,#4765,#4777,.T.);
#4775 = VERTEX_POINT('',#4776);
#4776 = CARTESIAN_POINT('',(49.123577572942,35.257351502798,
    20.30691974931));
#4777 = LINE('',#4778,#4779);
#4778 = CARTESIAN_POINT('',(47.095821725963,36.158351813054,
    18.279163902331));
#4779 = VECTOR('',#4780,1.);
#4780 = DIRECTION('',(-0.674593624261,0.299744698388,-0.674593624261));
#4781 = ORIENTED_EDGE('',*,*,#4782,.T.);
#4782 = EDGE_CURVE('',#4775,#4783,#4785,.T.);
#4783 = VERTEX_POINT('',#4784);
#4784 = CARTESIAN_POINT('',(58.162242684976,30.435355411151,
    32.972643986842));
#4785 = LINE('',#4786,#4787);
#4786 = CARTESIAN_POINT('',(39.525973302079,40.377533488704,
    6.857963788559));
#4787 = VECTOR('',#4788,1.);
#4788 = DIRECTION('',(0.554853899201,-0.296006467794,0.777507119945));
#4789 = ORIENTED_EDGE('',*,*,#4790,.F.);
#4790 = EDGE_CURVE('',#4791,#4783,#4793,.T.);
#4791 = VERTEX_POINT('',#4792);
#4792 = CARTESIAN_POINT('',(55.733131560606,30.435355411151,
    35.401755111212));
#4793 = LINE('',#4794,#4795);
#4794 = CARTESIAN_POINT('',(28.146210323083,30.435355411151,
    62.988676348735));
#4795 = VECTOR('',#4796,1.);
#4796 = DIRECTION('',(0.707106781187,0.,-0.707106781187));
#4797 = ORIENTED_EDGE('',*,*,#4798,.T.);
#4798 = EDGE_CURVE('',#4791,#4767,#4799,.T.);
#4799 = LINE('',#4800,#4801);
#4800 = CARTESIAN_POINT('',(42.853181038844,36.158351813054,
    22.52180458945));
#4801 = VECTOR('',#4802,1.);
#4802 = DIRECTION('',(-0.674593624261,0.299744698388,-0.674593624261));
#4803 = PLANE('',#4804);
#4804 = AXIS2_PLACEMENT_3D('',#4805,#4806,#4807);
#4805 = CARTESIAN_POINT('',(36.611199698121,34.414916514823,
    36.611199698121));
#4806 = DIRECTION('',(0.211951508855,0.954019452521,0.211951508855));
#4807 = DIRECTION('',(0.674593624261,-0.299744698388,0.674593624261));
#4808 = ADVANCED_FACE('',(#4809,#4954,#5077,#5143,#5282,#5288),#5294,.F.
  );
#4809 = FACE_BOUND('',#4810,.F.);
#4810 = EDGE_LOOP('',(#4811,#4812,#4813,#4821,#4829,#4886,#4948));
#4811 = ORIENTED_EDGE('',*,*,#1678,.F.);
#4812 = ORIENTED_EDGE('',*,*,#4594,.T.);
#4813 = ORIENTED_EDGE('',*,*,#4814,.T.);
#4814 = EDGE_CURVE('',#4595,#4815,#4817,.T.);
#4815 = VERTEX_POINT('',#4816);
#4816 = CARTESIAN_POINT('',(59.494426252089,1.060304214118,
    21.084156907347));
#4817 = LINE('',#4818,#4819);
#4818 = CARTESIAN_POINT('',(23.213753848925,-228.8461443479,
    -29.75531840399));
#4819 = VECTOR('',#4820,1.);
#4820 = DIRECTION('',(-0.152286747966,-0.965023608131,-0.213396771632));
#4821 = ORIENTED_EDGE('',*,*,#4822,.T.);
#4822 = EDGE_CURVE('',#4815,#4823,#4825,.T.);
#4823 = VERTEX_POINT('',#4824);
#4824 = CARTESIAN_POINT('',(55.001773092817,-12.57131621433,
    14.788680163279));
#4825 = LINE('',#4826,#4827);
#4826 = CARTESIAN_POINT('',(68.385425342826,28.037397824048,
    33.542959317175));
#4827 = VECTOR('',#4828,1.);
#4828 = DIRECTION('',(-0.28665207113,-0.869760493441,-0.401680562345));
#4829 = ORIENTED_EDGE('',*,*,#4830,.T.);
#4830 = EDGE_CURVE('',#4823,#4831,#4833,.T.);
#4831 = VERTEX_POINT('',#4832);
#4832 = CARTESIAN_POINT('',(51.678540502669,-16.17641450199,
    10.1318921263));
#4833 = B_SPLINE_CURVE_WITH_KNOTS('',6,(#4834,#4835,#4836,#4837,#4838,
    #4839,#4840,#4841,#4842,#4843,#4844,#4845,#4846,#4847,#4848,#4849,
    #4850,#4851,#4852,#4853,#4854,#4855,#4856,#4857,#4858,#4859,#4860,
    #4861,#4862,#4863,#4864,#4865,#4866,#4867,#4868,#4869,#4870,#4871,
    #4872,#4873,#4874,#4875,#4876,#4877,#4878,#4879,#4880,#4881,#4882,
    #4883,#4884,#4885),.UNSPECIFIED.,.F.,.F.,(7,5,5,5,5,5,5,5,5,5,7),(0.
    ,0.166094859504,0.27387429289,0.377162189959,0.439933779719,
    0.480466004791,0.574864949711,0.686478606532,0.737462955606,
    0.819467195803,1.),.UNSPECIFIED.);
#4834 = CARTESIAN_POINT('',(56.91307003687,-16.07019391402,
    17.466947333194));
#4835 = CARTESIAN_POINT('',(56.863436367785,-15.73779380522,
    17.397396535844));
#4836 = CARTESIAN_POINT('',(56.798330979917,-15.41165503409,
    17.306165488018));
#4837 = CARTESIAN_POINT('',(56.717989502686,-15.09445801436,
    17.193584373127));
#4838 = CARTESIAN_POINT('',(56.622792621979,-14.78895738996,
    17.060186639683));
#4839 = CARTESIAN_POINT('',(56.513301377818,-14.49795381098,
    16.906758463312));
#4840 = CARTESIAN_POINT('',(56.310504941743,-14.04661165313,
    16.622583344105));
#4841 = CARTESIAN_POINT('',(56.225014584096,-13.87627073769,
    16.502787192627));
#4842 = CARTESIAN_POINT('',(56.134062755744,-13.71397413205,
    16.375337977226));
#4843 = CARTESIAN_POINT('',(56.037912335437,-13.56048194794,
    16.240604065321));
#4844 = CARTESIAN_POINT('',(55.936874777214,-13.41653454196,
    16.099021892044));
#4845 = CARTESIAN_POINT('',(55.73015810904,-13.15471387325,
    15.809353419772));
#4846 = CARTESIAN_POINT('',(55.624845615236,-13.03600119141,
    15.661780853606));
#4847 = CARTESIAN_POINT('',(55.515705643967,-12.92732504451,
    15.50884490983));
#4848 = CARTESIAN_POINT('',(55.40310472457,-12.82927138699,
    15.351059199629));
#4849 = CARTESIAN_POINT('',(55.287454053286,-12.74237064068,
    15.188999925144));
#4850 = CARTESIAN_POINT('',(55.097355135513,-12.62132471052,
    14.922617617521));
#4851 = CARTESIAN_POINT('',(55.024539255197,-12.57985636554,
    14.820581990715));
#4852 = CARTESIAN_POINT('',(54.950869236612,-12.54277831554,
    14.717349474806));
#4853 = CARTESIAN_POINT('',(54.876452979886,-12.51018173609,
    14.613071268369));
#4854 = CARTESIAN_POINT('',(54.801403363507,-12.48214507063,
    14.507905546062));
#4855 = CARTESIAN_POINT('',(54.677045385977,-12.44361493488,
    14.333644874756));
#4856 = CARTESIAN_POINT('',(54.628037339858,-12.4304252069,
    14.264970751989));
#4857 = CARTESIAN_POINT('',(54.578845970554,-12.41918076344,
    14.196039741629));
#4858 = CARTESIAN_POINT('',(54.529503552517,-12.40989625549,
    14.126897069307));
#4859 = CARTESIAN_POINT('',(54.480042935897,-12.40258363435,
    14.057588767366));
#4860 = CARTESIAN_POINT('',(54.315107077055,-12.38483520836,
    13.826467016634));
#4861 = CARTESIAN_POINT('',(54.199253155024,-12.38316401665,
    13.664122930412));
#4862 = CARTESIAN_POINT('',(54.083364177513,-12.39235506731,
    13.501729721556));
#4863 = CARTESIAN_POINT('',(53.96787063216,-12.41243913995,
    13.339890624905));
#4864 = CARTESIAN_POINT('',(53.853204245205,-12.44335779051,
    13.179210610934));
#4865 = CARTESIAN_POINT('',(53.605708947687,-12.53414848947,
    12.832399754508));
#4866 = CARTESIAN_POINT('',(53.473369921387,-12.59827606942,
    12.646955378352));
#4867 = CARTESIAN_POINT('',(53.34349867441,-12.67709368096,
    12.464969058448));
#4868 = CARTESIAN_POINT('',(53.216765561007,-12.77017903319,
    12.287380150546));
#4869 = CARTESIAN_POINT('',(53.09379877432,-12.87697093957,
    12.115068930776));
#4870 = CARTESIAN_POINT('',(52.920997453669,-13.05147678537,
    11.872925445193));
#4871 = CARTESIAN_POINT('',(52.867719720237,-13.10890831534,
    11.798268283844));
#4872 = CARTESIAN_POINT('',(52.815402323087,-13.16898668878,
    11.724956825026));
#4873 = CARTESIAN_POINT('',(52.764096693155,-13.23164103106,
    11.653063138015));
#4874 = CARTESIAN_POINT('',(52.713851330472,-13.2967960994,
    11.582655185064));
#4875 = CARTESIAN_POINT('',(52.58567481358,-13.47306315917,
    11.403043660955));
#4876 = CARTESIAN_POINT('',(52.509497967927,-13.58801880874,
    11.29629837187));
#4877 = CARTESIAN_POINT('',(52.436371567794,-13.70890824351,
    11.193827619044));
#4878 = CARTESIAN_POINT('',(52.366463108508,-13.8353801256,
    11.095866110767));
#4879 = CARTESIAN_POINT('',(52.299919441934,-13.96706689235,
    11.002619628003));
#4880 = CARTESIAN_POINT('',(52.098062893544,-14.40414282213,
    10.719761557065));
#4881 = CARTESIAN_POINT('',(51.976184252181,-14.7281372806,
    10.548975136414));
#4882 = CARTESIAN_POINT('',(51.872599426043,-15.0715206322,
    10.403823520905));
#4883 = CARTESIAN_POINT('',(51.788166041953,-15.43011351114,
    10.28550848809));
#4884 = CARTESIAN_POINT('',(51.723407479754,-15.79977409951,
    10.194763441044));
#4885 = CARTESIAN_POINT('',(51.678540502669,-16.17641450199,
    10.1318921263));
#4886 = ORIENTED_EDGE('',*,*,#4887,.T.);
#4887 = EDGE_CURVE('',#4831,#4888,#4890,.T.);
#4888 = VERTEX_POINT('',#4889);
#4889 = CARTESIAN_POINT('',(52.357776887949,-20.59373668644,
    11.083694260952));
#4890 = B_SPLINE_CURVE_WITH_KNOTS('',6,(#4891,#4892,#4893,#4894,#4895,
    #4896,#4897,#4898,#4899,#4900,#4901,#4902,#4903,#4904,#4905,#4906,
    #4907,#4908,#4909,#4910,#4911,#4912,#4913,#4914,#4915,#4916,#4917,
    #4918,#4919,#4920,#4921,#4922,#4923,#4924,#4925,#4926,#4927,#4928,
    #4929,#4930,#4931,#4932,#4933,#4934,#4935,#4936,#4937,#4938,#4939,
    #4940,#4941,#4942,#4943,#4944,#4945,#4946,#4947),.UNSPECIFIED.,.F.,
  .F.,(7,5,5,5,5,5,5,5,5,5,5,7),(0.,0.16053698702,0.301589278289,
    0.363841899818,0.46059180204,0.552413809445,0.608058365953,
    0.726003820039,0.814632246674,0.852182581405,0.908923671133,1.),
  .UNSPECIFIED.);
#4891 = CARTESIAN_POINT('',(51.678540502669,-16.17641450199,
    10.1318921263));
#4892 = CARTESIAN_POINT('',(51.640460617655,-16.49607996977,
    10.078531445645));
#4893 = CARTESIAN_POINT('',(51.616707078649,-16.82079480013,
    10.045246024513));
#4894 = CARTESIAN_POINT('',(51.607411682013,-17.14810355936,
    10.032220546857));
#4895 = CARTESIAN_POINT('',(51.612562115941,-17.47559776394,
    10.039437760353));
#4896 = CARTESIAN_POINT('',(51.632027605619,-17.80091738364,
    10.066714412531));
#4897 = CARTESIAN_POINT('',(51.69502728884,-18.40364285594,
    10.154994773053));
#4898 = CARTESIAN_POINT('',(51.735353449648,-18.68207003947,
    10.211503120913));
#4899 = CARTESIAN_POINT('',(51.786373582183,-18.95546316462,
    10.282996745386));
#4900 = CARTESIAN_POINT('',(51.847852149362,-19.22226598139,
    10.369145592451));
#4901 = CARTESIAN_POINT('',(51.919477605594,-19.48094026032,
    10.469513098689));
#4902 = CARTESIAN_POINT('',(52.036769692438,-19.83988000906,
    10.633872460254));
#4903 = CARTESIAN_POINT('',(52.07458411095,-19.94790985959,
    10.686861147317));
#4904 = CARTESIAN_POINT('',(52.114263663015,-20.05393030207,
    10.74246341359));
#4905 = CARTESIAN_POINT('',(52.155770669617,-20.15781183328,
    10.800626460128));
#4906 = CARTESIAN_POINT('',(52.199063841524,-20.25942619394,
    10.861292429045));
#4907 = CARTESIAN_POINT('',(52.314088543836,-20.51284938818,
    11.022474544095));
#4908 = CARTESIAN_POINT('',(52.388284940852,-20.66127056376,
    11.126444664946));
#4909 = CARTESIAN_POINT('',(52.466517441552,-20.80343240004,
    11.2360705077));
#4910 = CARTESIAN_POINT('',(52.548594181547,-20.93886845643,
    11.351083216126));
#4911 = CARTESIAN_POINT('',(52.634298459226,-21.0671290029,
    11.471179130025));
#4912 = CARTESIAN_POINT('',(52.807935405266,-21.30229872665,
    11.714493562935));
#4913 = CARTESIAN_POINT('',(52.895533297573,-21.40996410734,
    11.837242966082));
#4914 = CARTESIAN_POINT('',(52.985969158048,-21.51041639496,
    11.963969164669));
#4915 = CARTESIAN_POINT('',(53.079013286701,-21.60331232439,
    12.094350284098));
#4916 = CARTESIAN_POINT('',(53.174414617828,-21.68833819167,
    12.22803451036));
#4917 = CARTESIAN_POINT('',(53.330974662364,-21.81180471708,
    12.447419378162));
#4918 = CARTESIAN_POINT('',(53.390815782978,-21.85540139755,
    12.531273699831));
#4919 = CARTESIAN_POINT('',(53.451361263798,-21.89594432295,
    12.616115029207));
#4920 = CARTESIAN_POINT('',(53.512547761696,-21.93337760945,
    12.701854604668));
#4921 = CARTESIAN_POINT('',(53.574309489733,-21.96765146537,
    12.788400240119));
#4922 = CARTESIAN_POINT('',(53.768564412983,-22.06458040083,
    13.060606285943));
#4923 = CARTESIAN_POINT('',(53.902836250997,-22.11605203819,
    13.248759077541));
#4924 = CARTESIAN_POINT('',(54.038730739684,-22.15271445912,
    13.439185661309));
#4925 = CARTESIAN_POINT('',(54.175562595145,-22.17430565098,
    13.630925760836));
#4926 = CARTESIAN_POINT('',(54.312626161648,-22.1807151816,
    13.822990553018));
#4927 = CARTESIAN_POINT('',(54.5518187814,-22.16548516067,
    14.158167011475));
#4928 = CARTESIAN_POINT('',(54.65416857537,-22.15042113219,
    14.301587997884));
#4929 = CARTESIAN_POINT('',(54.755939672195,-22.12685847496,
    14.444198066049));
#4930 = CARTESIAN_POINT('',(54.856834826797,-22.09488392564,
    14.585580691607));
#4931 = CARTESIAN_POINT('',(54.956565305024,-22.05463772364,
    14.725331276418));
#4932 = CARTESIAN_POINT('',(55.096493399785,-21.98583650029,
    14.921410082232));
#4933 = CARTESIAN_POINT('',(55.137876549539,-21.96391091856,
    14.979399570322));
#4934 = CARTESIAN_POINT('',(55.178979740945,-21.94054923499,
    15.036996757647));
#4935 = CARTESIAN_POINT('',(55.219782494207,-21.91576737728,
    15.094172946226));
#4936 = CARTESIAN_POINT('',(55.260264872122,-21.88958271166,
    15.150900198403));
#4937 = CARTESIAN_POINT('',(55.361065669575,-21.8203559239,
    15.292150602931));
#4938 = CARTESIAN_POINT('',(55.42094818339,-21.77553739018,
    15.376062928171));
#4939 = CARTESIAN_POINT('',(55.479988071708,-21.72762367266,
    15.458794496958));
#4940 = CARTESIAN_POINT('',(55.538121879928,-21.67668584827,
    15.54025639146));
#4941 = CARTESIAN_POINT('',(55.595289648654,-21.6228008399,
    15.620364591618));
#4942 = CARTESIAN_POINT('',(55.741554871706,-21.47496171076,
    15.825323505104));
#4943 = CARTESIAN_POINT('',(55.829041378342,-21.3764906079,
    15.947916825447));
#4944 = CARTESIAN_POINT('',(55.91366018751,-21.27097936111,
    16.066491691197));
#4945 = CARTESIAN_POINT('',(55.995205278178,-21.15879673273,
    16.180759408667));
#4946 = CARTESIAN_POINT('',(56.073495955573,-21.04033151611,
    16.290466773412));
#4947 = CARTESIAN_POINT('',(56.14837395237,-20.91598505766,
    16.395392008183));
#4948 = ORIENTED_EDGE('',*,*,#4949,.T.);
#4949 = EDGE_CURVE('',#4888,#1671,#4950,.T.);
#4950 = LINE('',#4951,#4952);
#4951 = CARTESIAN_POINT('',(68.385425342826,28.037397824048,
    33.542959317175));
#4952 = VECTOR('',#4953,1.);
#4953 = DIRECTION('',(-0.28665207113,-0.869760493441,-0.401680562345));
#4954 = FACE_BOUND('',#4955,.F.);
#4955 = EDGE_LOOP('',(#4956,#4957,#4958,#4959,#5021,#5076));
#4956 = ORIENTED_EDGE('',*,*,#3324,.F.);
#4957 = ORIENTED_EDGE('',*,*,#3298,.F.);
#4958 = ORIENTED_EDGE('',*,*,#3272,.T.);
#4959 = ORIENTED_EDGE('',*,*,#4960,.F.);
#4960 = EDGE_CURVE('',#4961,#3273,#4963,.T.);
#4961 = VERTEX_POINT('',#4962);
#4962 = CARTESIAN_POINT('',(54.286721135815,26.118546680797,
    13.786690290811));
#4963 = B_SPLINE_CURVE_WITH_KNOTS('',6,(#4964,#4965,#4966,#4967,#4968,
    #4969,#4970,#4971,#4972,#4973,#4974,#4975,#4976,#4977,#4978,#4979,
    #4980,#4981,#4982,#4983,#4984,#4985,#4986,#4987,#4988,#4989,#4990,
    #4991,#4992,#4993,#4994,#4995,#4996,#4997,#4998,#4999,#5000,#5001,
    #5002,#5003,#5004,#5005,#5006,#5007,#5008,#5009,#5010,#5011,#5012,
    #5013,#5014,#5015,#5016,#5017,#5018,#5019,#5020),.UNSPECIFIED.,.F.,
  .F.,(7,5,5,5,5,5,5,5,5,5,5,7),(0.,0.175094566796,0.2802715177,
    0.324699103233,0.391146325836,0.494485963948,0.593139723038,
    0.651687229724,0.779467510797,0.883334008361,0.92868788789,1.),
  .UNSPECIFIED.);
#4964 = CARTESIAN_POINT('',(54.286721135815,26.118546680797,
    13.786690290811));
#4965 = CARTESIAN_POINT('',(54.213398850775,25.501798609011,
    13.683945047873));
#4966 = CARTESIAN_POINT('',(54.170091752548,24.87449729396,
    13.623259564245));
#4967 = CARTESIAN_POINT('',(54.157087495416,24.242191369833,
    13.605036924872));
#4968 = CARTESIAN_POINT('',(54.174310947827,23.610301719485,
    13.629171849216));
#4969 = CARTESIAN_POINT('',(54.221398804934,22.984118237973,
    13.695155244514));
#4970 = CARTESIAN_POINT('',(54.343546577932,21.99918830628,
    13.866318794646));
#4971 = CARTESIAN_POINT('',(54.399928609549,21.633497272021,
    13.945325955056));
#4972 = CARTESIAN_POINT('',(54.466714936637,21.272847115454,
    14.038912473779));
#4973 = CARTESIAN_POINT('',(54.543729418369,20.918346504308,
    14.146831527735));
#4974 = CARTESIAN_POINT('',(54.630757231159,20.571092192604,
    14.268782088368));
#4975 = CARTESIAN_POINT('',(54.768425726563,20.089003138813,
    14.461694556899));
#4976 = CARTESIAN_POINT('',(54.811049695816,19.947325066432,
    14.521422783776));
#4977 = CARTESIAN_POINT('',(54.855395373315,19.80721517731,
    14.583563610476));
#4978 = CARTESIAN_POINT('',(54.901442068971,19.66875482999,
    14.648088044339));
#4979 = CARTESIAN_POINT('',(54.9491676864,19.532024945913,
    14.714965122085));
#4980 = CARTESIAN_POINT('',(55.072404474628,19.195317222138,
    14.88765469032));
#4981 = CARTESIAN_POINT('',(55.149963246279,18.997579271407,
    14.996336448274));
#4982 = CARTESIAN_POINT('',(55.231146200653,18.804161431526,
    15.110096710452));
#4983 = CARTESIAN_POINT('',(55.315867174092,18.615330463174,
    15.22881473722));
#4984 = CARTESIAN_POINT('',(55.404032047829,18.431349779456,
    15.352358641584));
#4985 = CARTESIAN_POINT('',(55.637849625212,17.974295702324,
    15.680003146643));
#4986 = CARTESIAN_POINT('',(55.788243686331,17.708468988279,
    15.890747729111));
#4987 = CARTESIAN_POINT('',(55.946331961958,17.455976690497,
    16.112274080564));
#4988 = CARTESIAN_POINT('',(56.111678378858,17.217768043921,
    16.343971139163));
#4989 = CARTESIAN_POINT('',(56.283792696642,16.994749720283,
    16.585151939575));
#4990 = CARTESIAN_POINT('',(56.632369111492,16.590180060475,
    17.073606007901));
#4991 = CARTESIAN_POINT('',(56.808282973632,16.407203778342,
    17.320111043745));
#4992 = CARTESIAN_POINT('',(56.989383232547,16.239585790713,
    17.573883687197));
#4993 = CARTESIAN_POINT('',(57.175145408773,16.088010390922,
    17.834188994306));
#4994 = CARTESIAN_POINT('',(57.364998997944,15.953088300872,
    18.100227527225));
#4995 = CARTESIAN_POINT('',(57.673054731937,15.765462460648,
    18.531900670126));
#4996 = CARTESIAN_POINT('',(57.789009275188,15.701631908189,
    18.694385755114));
#4997 = CARTESIAN_POINT('',(57.906057805996,15.643958903924,
    18.858403825841));
#4998 = CARTESIAN_POINT('',(58.02406649611,15.59253931733,
    19.023767351106));
#4999 = CARTESIAN_POINT('',(58.142897011123,15.547455518796,
    19.19028248531));
#5000 = CARTESIAN_POINT('',(58.5232367026,15.424358928638,
    19.723245880804));
#5001 = CARTESIAN_POINT('',(58.787321258282,15.370441258306,
    20.093302976204));
#5002 = CARTESIAN_POINT('',(59.053140575319,15.347751742305,
    20.465790962523));
#5003 = CARTESIAN_POINT('',(59.319145841792,15.356628723568,
    20.838539516555));
#5004 = CARTESIAN_POINT('',(59.583761190537,15.397054667567,
    21.209340403044));
#5005 = CARTESIAN_POINT('',(60.058049342884,15.526690500419,
    21.873952142975));
#5006 = CARTESIAN_POINT('',(60.268754126588,15.605360012407,
    22.169209092187));
#5007 = CARTESIAN_POINT('',(60.47664846631,15.704328053153,
    22.46052781512));
#5008 = CARTESIAN_POINT('',(60.680919337269,15.823180097607,
    22.746769034289));
#5009 = CARTESIAN_POINT('',(60.880793080584,15.961340254054,
    23.026848634956));
#5010 = CARTESIAN_POINT('',(61.160570639655,16.186521209375,
    23.418896063102));
#5011 = CARTESIAN_POINT('',(61.244628822719,16.258505996258,
    23.536685333243));
#5012 = CARTESIAN_POINT('',(61.327649750289,16.33397424396,
    23.653021115298));
#5013 = CARTESIAN_POINT('',(61.409575599107,16.412861468752,
    23.767822382543));
#5014 = CARTESIAN_POINT('',(61.490350873436,16.495098773976,
    23.881011369764));
#5015 = CARTESIAN_POINT('',(61.695036596888,16.715070793722,
    24.167833914516));
#5016 = CARTESIAN_POINT('',(61.817175455299,16.857630760697,
    24.338984972793));
#5017 = CARTESIAN_POINT('',(61.936131662445,17.00800781847,
    24.505676237197));
#5018 = CARTESIAN_POINT('',(62.051715229951,17.165895750423,
    24.667641480324));
#5019 = CARTESIAN_POINT('',(62.163752305668,17.330970031308,
    24.824637086183));
#5020 = CARTESIAN_POINT('',(62.272083980438,17.502890802736,
    24.976440378131));
#5021 = ORIENTED_EDGE('',*,*,#5022,.F.);
#5022 = EDGE_CURVE('',#3347,#4961,#5023,.T.);
#5023 = B_SPLINE_CURVE_WITH_KNOTS('',6,(#5024,#5025,#5026,#5027,#5028,
    #5029,#5030,#5031,#5032,#5033,#5034,#5035,#5036,#5037,#5038,#5039,
    #5040,#5041,#5042,#5043,#5044,#5045,#5046,#5047,#5048,#5049,#5050,
    #5051,#5052,#5053,#5054,#5055,#5056,#5057,#5058,#5059,#5060,#5061,
    #5062,#5063,#5064,#5065,#5066,#5067,#5068,#5069,#5070,#5071,#5072,
    #5073,#5074,#5075),.UNSPECIFIED.,.F.,.F.,(7,5,5,5,5,5,5,5,5,5,7),(0.
    ,0.180381163753,0.284187405369,0.384143201731,0.444401280931,
    0.484123986927,0.574740234858,0.68844220709,0.740590305096,
    0.824242013788,1.),.UNSPECIFIED.);
#5024 = CARTESIAN_POINT('',(63.683060656494,26.444087729602,
    26.953617457158));
#5025 = CARTESIAN_POINT('',(63.577709991876,27.092280396881,
    26.805991402895));
#5026 = CARTESIAN_POINT('',(63.439318746978,27.72494873963,
    26.612066158068));
#5027 = CARTESIAN_POINT('',(63.268730598728,28.335801098965,
    26.373023952482));
#5028 = CARTESIAN_POINT('',(63.067176044799,28.918565123073,
    26.090589061131));
#5029 = CARTESIAN_POINT('',(62.836313589152,29.467026732344,
    25.76708551677));
#5030 = CARTESIAN_POINT('',(62.429912821076,30.267610323229,
    25.197603187846));
#5031 = CARTESIAN_POINT('',(62.272494718329,30.546689655068,
    24.977015937995));
#5032 = CARTESIAN_POINT('',(62.106533849999,30.811264531415,
    24.744457859292));
#5033 = CARTESIAN_POINT('',(61.932517566288,31.060212194405,
    24.500611867102));
#5034 = CARTESIAN_POINT('',(61.751001247836,31.292456941897,
    24.246256206656));
#5035 = CARTESIAN_POINT('',(61.381219887057,31.713562410049,
    23.728088016358));
#5036 = CARTESIAN_POINT('',(61.193451218217,31.903716933428,
    23.464971046043));
#5037 = CARTESIAN_POINT('',(60.999879370812,32.076546570043,
    23.193722182522));
#5038 = CARTESIAN_POINT('',(60.801127961666,32.231216959842,
    22.915215289207));
#5039 = CARTESIAN_POINT('',(60.597880895018,32.366986700898,
    22.630408709215));
#5040 = CARTESIAN_POINT('',(60.266102385659,32.553305712007,
    22.165493253736));
#5041 = CARTESIAN_POINT('',(60.13995446266,32.616286315127,
    21.988724362972));
#5042 = CARTESIAN_POINT('',(60.012607723367,32.672034264383,
    21.810275591783));
#5043 = CARTESIAN_POINT('',(59.884231979844,32.720429744121,
    21.63038489486));
#5044 = CARTESIAN_POINT('',(59.755003245625,32.761371648275,
    21.44929891691));
#5045 = CARTESIAN_POINT('',(59.5394730621,32.816802006447,
    21.147280218843));
#5046 = CARTESIAN_POINT('',(59.453550556955,32.835550730281,
    21.026878506592));
#5047 = CARTESIAN_POINT('',(59.367388568361,32.85100234213,
    20.906141210347));
#5048 = CARTESIAN_POINT('',(59.28103998308,32.86313784934,
    20.785142439409));
#5049 = CARTESIAN_POINT('',(59.194558427882,32.8719424326,20.66395734004
    ));
#5050 = CARTESIAN_POINT('',(58.910535469057,32.889867783521,
    20.265960907047));
#5051 = CARTESIAN_POINT('',(58.712658823578,32.884940869721,
    19.988679804846));
#5052 = CARTESIAN_POINT('',(58.515021754273,32.862499206843,
    19.711734416572));
#5053 = CARTESIAN_POINT('',(58.318277998323,32.822537259648,
    19.436040812768));
#5054 = CARTESIAN_POINT('',(58.123080771291,32.765174039561,
    19.162514333042));
#5055 = CARTESIAN_POINT('',(57.687914002069,32.597157282147,
    18.552722706956));
#5056 = CARTESIAN_POINT('',(57.449188409843,32.476643680017,
    18.21820068605));
#5057 = CARTESIAN_POINT('',(57.215203446589,32.329606478534,
    17.890321626081));
#5058 = CARTESIAN_POINT('',(56.987168964504,32.156841601574,
    17.570780871895));
#5059 = CARTESIAN_POINT('',(56.766218422072,31.959391794653,
    17.261166719154));
#5060 = CARTESIAN_POINT('',(56.455797196246,31.637291530158,
    16.826178853683));
#5061 = CARTESIAN_POINT('',(56.359900133012,31.531094343375,
    16.691799966639));
#5062 = CARTESIAN_POINT('',(56.265810743168,31.420101966209,
    16.559954140882));
#5063 = CARTESIAN_POINT('',(56.173622876366,31.304446677883,
    16.430772886295));
#5064 = CARTESIAN_POINT('',(56.083424980065,31.184268755535,
    16.304380142766));
#5065 = CARTESIAN_POINT('',(55.853937382274,30.859919903426,
    15.98280316281));
#5066 = CARTESIAN_POINT('',(55.717907673165,30.648864773397,
    15.792187097016));
#5067 = CARTESIAN_POINT('',(55.587555070113,30.427162893847,
    15.609526261214));
#5068 = CARTESIAN_POINT('',(55.46318191484,30.195462804054,
    15.435244321601));
#5069 = CARTESIAN_POINT('',(55.345052663104,29.954442755398,
    15.269711855431));
#5070 = CARTESIAN_POINT('',(54.998803122925,29.180294877339,
    14.784518396119));
#5071 = CARTESIAN_POINT('',(54.79278259989,28.617722179002,
    14.495825419922));
#5072 = CARTESIAN_POINT('',(54.617471730463,28.023590393686,
    14.25016534728));
#5073 = CARTESIAN_POINT('',(54.474221657858,27.404595217439,
    14.049431511683));
#5074 = CARTESIAN_POINT('',(54.363858715464,26.767386982011,
    13.894781839738));
#5075 = CARTESIAN_POINT('',(54.286721135815,26.118546680797,
    13.786690290811));
#5076 = ORIENTED_EDGE('',*,*,#3346,.F.);
#5077 = FACE_BOUND('',#5078,.F.);
#5078 = EDGE_LOOP('',(#5079,#5080,#5140,#5141,#5142));
#5079 = ORIENTED_EDGE('',*,*,#3148,.F.);
#5080 = ORIENTED_EDGE('',*,*,#5081,.F.);
#5081 = EDGE_CURVE('',#3239,#3149,#5082,.T.);
#5082 = B_SPLINE_CURVE_WITH_KNOTS('',6,(#5083,#5084,#5085,#5086,#5087,
    #5088,#5089,#5090,#5091,#5092,#5093,#5094,#5095,#5096,#5097,#5098,
    #5099,#5100,#5101,#5102,#5103,#5104,#5105,#5106,#5107,#5108,#5109,
    #5110,#5111,#5112,#5113,#5114,#5115,#5116,#5117,#5118,#5119,#5120,
    #5121,#5122,#5123,#5124,#5125,#5126,#5127,#5128,#5129,#5130,#5131,
    #5132,#5133,#5134,#5135,#5136,#5137,#5138,#5139),.UNSPECIFIED.,.F.,
  .F.,(7,5,5,5,5,5,5,5,5,5,5,7),(0.,0.175094566796,0.2802715177,
    0.324699103233,0.391146325836,0.494485963948,0.593139723038,
    0.651687229724,0.779467510797,0.883334008361,0.92868788789,1.),
  .UNSPECIFIED.);
#5083 = CARTESIAN_POINT('',(54.286721135815,26.118546680797,
    13.786690290811));
#5084 = CARTESIAN_POINT('',(54.213398850775,25.501798609011,
    13.683945047873));
#5085 = CARTESIAN_POINT('',(54.170091752548,24.87449729396,
    13.623259564245));
#5086 = CARTESIAN_POINT('',(54.157087495416,24.242191369833,
    13.605036924872));
#5087 = CARTESIAN_POINT('',(54.174310947827,23.610301719485,
    13.629171849216));
#5088 = CARTESIAN_POINT('',(54.221398804934,22.984118237973,
    13.695155244514));
#5089 = CARTESIAN_POINT('',(54.343546577932,21.99918830628,
    13.866318794646));
#5090 = CARTESIAN_POINT('',(54.399928609549,21.633497272021,
    13.945325955056));
#5091 = CARTESIAN_POINT('',(54.466714936637,21.272847115454,
    14.038912473779));
#5092 = CARTESIAN_POINT('',(54.543729418369,20.918346504308,
    14.146831527735));
#5093 = CARTESIAN_POINT('',(54.630757231159,20.571092192604,
    14.268782088368));
#5094 = CARTESIAN_POINT('',(54.768425726563,20.089003138813,
    14.461694556899));
#5095 = CARTESIAN_POINT('',(54.811049695816,19.947325066432,
    14.521422783776));
#5096 = CARTESIAN_POINT('',(54.855395373315,19.80721517731,
    14.583563610476));
#5097 = CARTESIAN_POINT('',(54.901442068971,19.66875482999,
    14.648088044339));
#5098 = CARTESIAN_POINT('',(54.9491676864,19.532024945913,
    14.714965122085));
#5099 = CARTESIAN_POINT('',(55.072404474628,19.195317222138,
    14.88765469032));
#5100 = CARTESIAN_POINT('',(55.149963246279,18.997579271407,
    14.996336448274));
#5101 = CARTESIAN_POINT('',(55.231146200653,18.804161431526,
    15.110096710452));
#5102 = CARTESIAN_POINT('',(55.315867174092,18.615330463174,
    15.22881473722));
#5103 = CARTESIAN_POINT('',(55.404032047829,18.431349779456,
    15.352358641584));
#5104 = CARTESIAN_POINT('',(55.637849625212,17.974295702324,
    15.680003146643));
#5105 = CARTESIAN_POINT('',(55.788243686331,17.708468988279,
    15.890747729111));
#5106 = CARTESIAN_POINT('',(55.946331961958,17.455976690497,
    16.112274080564));
#5107 = CARTESIAN_POINT('',(56.111678378858,17.217768043921,
    16.343971139163));
#5108 = CARTESIAN_POINT('',(56.283792696642,16.994749720283,
    16.585151939575));
#5109 = CARTESIAN_POINT('',(56.632369111492,16.590180060475,
    17.073606007901));
#5110 = CARTESIAN_POINT('',(56.808282973632,16.407203778342,
    17.320111043745));
#5111 = CARTESIAN_POINT('',(56.989383232547,16.239585790713,
    17.573883687197));
#5112 = CARTESIAN_POINT('',(57.175145408773,16.088010390922,
    17.834188994306));
#5113 = CARTESIAN_POINT('',(57.364998997944,15.953088300872,
    18.100227527225));
#5114 = CARTESIAN_POINT('',(57.673054731937,15.765462460648,
    18.531900670126));
#5115 = CARTESIAN_POINT('',(57.789009275188,15.701631908189,
    18.694385755114));
#5116 = CARTESIAN_POINT('',(57.906057805996,15.643958903924,
    18.858403825841));
#5117 = CARTESIAN_POINT('',(58.02406649611,15.59253931733,
    19.023767351106));
#5118 = CARTESIAN_POINT('',(58.142897011123,15.547455518796,
    19.19028248531));
#5119 = CARTESIAN_POINT('',(58.5232367026,15.424358928638,
    19.723245880804));
#5120 = CARTESIAN_POINT('',(58.787321258282,15.370441258306,
    20.093302976204));
#5121 = CARTESIAN_POINT('',(59.053140575319,15.347751742305,
    20.465790962523));
#5122 = CARTESIAN_POINT('',(59.319145841792,15.356628723568,
    20.838539516555));
#5123 = CARTESIAN_POINT('',(59.583761190537,15.397054667567,
    21.209340403044));
#5124 = CARTESIAN_POINT('',(60.058049342884,15.526690500419,
    21.873952142975));
#5125 = CARTESIAN_POINT('',(60.268754126588,15.605360012407,
    22.169209092187));
#5126 = CARTESIAN_POINT('',(60.47664846631,15.704328053153,
    22.46052781512));
#5127 = CARTESIAN_POINT('',(60.680919337269,15.823180097607,
    22.746769034289));
#5128 = CARTESIAN_POINT('',(60.880793080584,15.961340254054,
    23.026848634956));
#5129 = CARTESIAN_POINT('',(61.160570639655,16.186521209375,
    23.418896063102));
#5130 = CARTESIAN_POINT('',(61.244628822719,16.258505996258,
    23.536685333243));
#5131 = CARTESIAN_POINT('',(61.327649750289,16.33397424396,
    23.653021115298));
#5132 = CARTESIAN_POINT('',(61.409575599107,16.412861468752,
    23.767822382543));
#5133 = CARTESIAN_POINT('',(61.490350873436,16.495098773976,
    23.881011369764));
#5134 = CARTESIAN_POINT('',(61.695036596888,16.715070793722,
    24.167833914516));
#5135 = CARTESIAN_POINT('',(61.817175455299,16.857630760697,
    24.338984972793));
#5136 = CARTESIAN_POINT('',(61.936131662445,17.00800781847,
    24.505676237197));
#5137 = CARTESIAN_POINT('',(62.051715229951,17.165895750423,
    24.667641480324));
#5138 = CARTESIAN_POINT('',(62.163752305668,17.330970031308,
    24.824637086183));
#5139 = CARTESIAN_POINT('',(62.272083980438,17.502890802736,
    24.976440378131));
#5140 = ORIENTED_EDGE('',*,*,#3238,.F.);
#5141 = ORIENTED_EDGE('',*,*,#3212,.F.);
#5142 = ORIENTED_EDGE('',*,*,#3196,.T.);
#5143 = FACE_BOUND('',#5144,.F.);
#5144 = EDGE_LOOP('',(#5145));
#5145 = ORIENTED_EDGE('',*,*,#5146,.T.);
#5146 = EDGE_CURVE('',#5147,#5147,#5149,.T.);
#5147 = VERTEX_POINT('',#5148);
#5148 = CARTESIAN_POINT('',(56.591954559721,25.069739533706,
    17.01697379932));
#5149 = B_SPLINE_CURVE_WITH_KNOTS('',6,(#5150,#5151,#5152,#5153,#5154,
    #5155,#5156,#5157,#5158,#5159,#5160,#5161,#5162,#5163,#5164,#5165,
    #5166,#5167,#5168,#5169,#5170,#5171,#5172,#5173,#5174,#5175,#5176,
    #5177,#5178,#5179,#5180,#5181,#5182,#5183,#5184,#5185,#5186,#5187,
    #5188,#5189,#5190,#5191,#5192,#5193,#5194,#5195,#5196,#5197,#5198,
    #5199,#5200,#5201,#5202,#5203,#5204,#5205,#5206,#5207,#5208,#5209,
    #5210,#5211,#5212,#5213,#5214,#5215,#5216,#5217,#5218,#5219,#5220,
    #5221,#5222,#5223,#5224,#5225,#5226,#5227,#5228,#5229,#5230,#5231,
    #5232,#5233,#5234,#5235,#5236,#5237,#5238,#5239,#5240,#5241,#5242,
    #5243,#5244,#5245,#5246,#5247,#5248,#5249,#5250,#5251,#5252,#5253,
    #5254,#5255,#5256,#5257,#5258,#5259,#5260,#5261,#5262,#5263,#5264,
    #5265,#5266,#5267,#5268,#5269,#5270,#5271,#5272,#5273,#5274,#5275,
    #5276,#5277,#5278,#5279,#5280,#5281),.UNSPECIFIED.,.T.,.F.,(7,5,5,5,
    5,5,5,5,5,5,5,5,5,5,5,5,5,5,5,5,5,5,5,5,5,5,7),(0.,
    6.348938920783E-02,0.121799135319,0.147038040183,0.186921053164,
    0.224843567018,0.247627040801,0.295812006143,0.333739297181,
    0.349822894428,0.373937361343,0.413688783186,0.455430158376,
    0.482040872125,0.545435470469,0.593941992814,0.615040922899,
    0.645240501185,0.692112592297,0.736246174588,0.76255253983,
    0.779734209534,0.819492094531,0.866263954571,0.887780762037,
    0.922707899717,1.),.UNSPECIFIED.);
#5150 = CARTESIAN_POINT('',(56.591954559721,25.069739533706,
    17.01697379932));
#5151 = CARTESIAN_POINT('',(56.5485157767,24.70508936376,16.956103788081
    ));
#5152 = CARTESIAN_POINT('',(56.521143851945,24.334775721143,
    16.917747985924));
#5153 = CARTESIAN_POINT('',(56.50998202966,23.961504976185,
    16.902107118462));
#5154 = CARTESIAN_POINT('',(56.515022634869,23.587929380235,
    16.909170430884));
#5155 = CARTESIAN_POINT('',(56.536124166736,23.216646868373,
    16.938739640531));
#5156 = CARTESIAN_POINT('',(56.606921716676,22.513650463775,
    17.03794701608));
#5157 = CARTESIAN_POINT('',(56.654143737444,22.181186227574,
    17.104118412583));
#5158 = CARTESIAN_POINT('',(56.714490982365,21.854779144699,
    17.188681957442));
#5159 = CARTESIAN_POINT('',(56.787673761471,21.536386809857,
    17.29123171314));
#5160 = CARTESIAN_POINT('',(56.873304978628,21.227946556357,
    17.411225248601));
#5161 = CARTESIAN_POINT('',(57.013127388095,20.8029971903,
    17.607155959452));
#5162 = CARTESIAN_POINT('',(57.05760492728,20.676848373245,
    17.669481561639));
#5163 = CARTESIAN_POINT('',(57.104281365881,20.553077503244,
    17.734888443339));
#5164 = CARTESIAN_POINT('',(57.153112178085,20.431838592491,
    17.803314211304));
#5165 = CARTESIAN_POINT('',(57.204048507453,20.313284302133,
    17.874690403856));
#5166 = CARTESIAN_POINT('',(57.340770857735,20.014705359809,
    18.066277055681));
#5167 = CARTESIAN_POINT('',(57.429629601947,19.838925357619,
    18.190793268677));
#5168 = CARTESIAN_POINT('',(57.523401801282,19.67082282585,
    18.322194620889));
#5169 = CARTESIAN_POINT('',(57.621847920006,19.510981703507,
    18.460145455062));
#5170 = CARTESIAN_POINT('',(57.724696284498,19.359965357313,
    18.604265079674));
#5171 = CARTESIAN_POINT('',(57.933324608378,19.083615719995,
    18.896612321845));
#5172 = CARTESIAN_POINT('',(58.038713417183,18.957382953465,
    19.044291826893));
#5173 = CARTESIAN_POINT('',(58.147539454179,18.840071084379,
    19.196787860032));
#5174 = CARTESIAN_POINT('',(58.259511645281,18.732111108027,
    19.353692544207));
#5175 = CARTESIAN_POINT('',(58.374310926009,18.633895777218,
    19.514558779912));
#5176 = CARTESIAN_POINT('',(58.562046034703,18.492826214277,
    19.777628722979));
#5177 = CARTESIAN_POINT('',(58.633399302127,18.443523002458,
    19.877614815774));
#5178 = CARTESIAN_POINT('',(58.705571775831,18.397936237645,
    19.978748848083));
#5179 = CARTESIAN_POINT('',(58.778484895328,18.356133290294,
    20.080920734462));
#5180 = CARTESIAN_POINT('',(58.852057036207,18.318173816096,
    20.184016096044));
#5181 = CARTESIAN_POINT('',(59.083016756359,18.212066837715,
    20.507655935463));
#5182 = CARTESIAN_POINT('',(59.242408357958,18.157443643493,
    20.731008614937));
#5183 = CARTESIAN_POINT('',(59.403561187478,18.120732843775,
    20.956829272467));
#5184 = CARTESIAN_POINT('',(59.565632580789,18.102239117491,
    21.183937097464));
#5185 = CARTESIAN_POINT('',(59.72775526969,18.102061936096,
    21.411116802079));
#5186 = CARTESIAN_POINT('',(60.015987368074,18.134259106265,
    21.815011429138));
#5187 = CARTESIAN_POINT('',(60.142425174723,18.159712220228,
    21.99218652882));
#5188 = CARTESIAN_POINT('',(60.267920936815,18.196377310759,
    22.168041557846));
#5189 = CARTESIAN_POINT('',(60.392057960849,18.244111294054,
    22.34199261086));
#5190 = CARTESIAN_POINT('',(60.514433910484,18.302692040476,
    22.513475900945));
#5191 = CARTESIAN_POINT('',(60.685645060743,18.401137529388,
    22.753391108411));
#5192 = CARTESIAN_POINT('',(60.736243203252,18.432350389173,
    22.824293405599));
#5193 = CARTESIAN_POINT('',(60.786426328605,18.465438060466,
    22.894614146463));
#5194 = CARTESIAN_POINT('',(60.836166149041,18.500375928657,
    22.964313691855));
#5195 = CARTESIAN_POINT('',(60.885435247522,18.53713731717,
    23.033353622758));
#5196 = CARTESIAN_POINT('',(61.007331660264,18.63350143342,
    23.204164946133));
#5197 = CARTESIAN_POINT('',(61.079338583426,18.695344601664,
    23.305066995349));
#5198 = CARTESIAN_POINT('',(61.150138302611,18.761125504027,
    23.404277410623));
#5199 = CARTESIAN_POINT('',(61.219646572889,18.830738882687,
    23.501678141002));
#5200 = CARTESIAN_POINT('',(61.287784449016,18.904071710171,
    23.59715856189));
#5201 = CARTESIAN_POINT('',(61.464419574167,19.107820807698,
    23.844674291048));
#5202 = CARTESIAN_POINT('',(61.570438395858,19.244420576072,
    23.993236622199));
#5203 = CARTESIAN_POINT('',(61.672202710864,19.390262178988,
    24.135837187117));
#5204 = CARTESIAN_POINT('',(61.769426998652,19.54476759442,
    24.272075890846));
#5205 = CARTESIAN_POINT('',(61.861866481272,19.707333069447,
    24.401609730304));
#5206 = CARTESIAN_POINT('',(62.041133672528,20.055859491931,
    24.652813727923));
#5207 = CARTESIAN_POINT('',(62.12745026942,20.242586987033,
    24.773767674086));
#5208 = CARTESIAN_POINT('',(62.208020003848,20.436810115929,
    24.886668641819));
#5209 = CARTESIAN_POINT('',(62.282648771929,20.637808910814,
    24.991244636724));
#5210 = CARTESIAN_POINT('',(62.351181585713,20.844865234634,
    25.087278476882));
#5211 = CARTESIAN_POINT('',(62.45322021358,21.192682905435,
    25.230263431642));
#5212 = CARTESIAN_POINT('',(62.490417812505,21.330269068863,
    25.282387780143));
#5213 = CARTESIAN_POINT('',(62.525055953056,21.469846140923,
    25.330925604133));
#5214 = CARTESIAN_POINT('',(62.557107716974,21.611232432752,
    25.375839183526));
#5215 = CARTESIAN_POINT('',(62.586550770799,21.75424803036,
    25.417097222832));
#5216 = CARTESIAN_POINT('',(62.677252405895,22.242877522235,
    25.544195846774));
#5217 = CARTESIAN_POINT('',(62.726228409834,22.595268026845,
    25.612825069393));
#5218 = CARTESIAN_POINT('',(62.76005592512,22.953494464874,
    25.660226978297));
#5219 = CARTESIAN_POINT('',(62.778610222984,23.315199274603,
    25.686226793231));
#5220 = CARTESIAN_POINT('',(62.781867642358,23.678052828684,
    25.690791358353));
#5221 = CARTESIAN_POINT('',(62.760728726599,24.316498904073,
    25.661169763309));
#5222 = CARTESIAN_POINT('',(62.742647519658,24.592565061076,
    25.635832882458));
#5223 = CARTESIAN_POINT('',(62.715678360652,24.866907589937,
    25.598041468941));
#5224 = CARTESIAN_POINT('',(62.679883417941,25.138478710234,
    25.547882638201));
#5225 = CARTESIAN_POINT('',(62.635361524639,25.406222136486,
    25.48549488336));
#5226 = CARTESIAN_POINT('',(62.559151916892,25.783407533064,
    25.378703685322));
#5227 = CARTESIAN_POINT('',(62.534426572392,25.896815008589,
    25.344056490053));
#5228 = CARTESIAN_POINT('',(62.508088205042,26.009209029283,
    25.307148993914));
#5229 = CARTESIAN_POINT('',(62.480150001789,26.120501464437,
    25.267999675546));
#5230 = CARTESIAN_POINT('',(62.450626820675,26.230603835721,
    25.226629355264));
#5231 = CARTESIAN_POINT('',(62.375032709511,26.495189677809,
    25.120700641884));
#5232 = CARTESIAN_POINT('',(62.327317295886,26.648332302071,
    25.053837862551));
#5233 = CARTESIAN_POINT('',(62.276437079498,26.79859422599,
    24.982540300142));
#5234 = CARTESIAN_POINT('',(62.2224486991,26.945714178791,
    24.906887321558));
#5235 = CARTESIAN_POINT('',(62.165417302658,27.089430582908,
    24.82697021751));
#5236 = CARTESIAN_POINT('',(62.012290767761,27.446851972425,
    24.612396667056));
#5237 = CARTESIAN_POINT('',(61.912011906057,27.655394311859,
    24.471877642017));
#5238 = CARTESIAN_POINT('',(61.804858998432,27.854130713378,
    24.321726135969));
#5239 = CARTESIAN_POINT('',(61.691164166168,28.042089451607,
    24.162407544692));
#5240 = CARTESIAN_POINT('',(61.57132240457,28.218323158624,
    23.994475368234));
#5241 = CARTESIAN_POINT('',(61.327613966053,28.535972549615,
    23.652970971471));
#5242 = CARTESIAN_POINT('',(61.204388729832,28.67882440783,
    23.480297590863));
#5243 = CARTESIAN_POINT('',(61.076518541192,28.809726564589,
    23.301115319207));
#5244 = CARTESIAN_POINT('',(60.944445068355,28.927968241502,
    23.116043058501));
#5245 = CARTESIAN_POINT('',(60.808664851342,29.032904809788,
    22.925776601643));
#5246 = CARTESIAN_POINT('',(60.586924837067,29.178264239502,
    22.615056175736));
#5247 = CARTESIAN_POINT('',(60.502994272096,29.227626011274,
    22.497445734609));
#5248 = CARTESIAN_POINT('',(60.418061041941,29.271945508784,
    22.378430276196));
#5249 = CARTESIAN_POINT('',(60.332248187381,29.311118526282,
    22.258182215403));
#5250 = CARTESIAN_POINT('',(60.245684436664,29.345055119104,
    22.136881936881));
#5251 = CARTESIAN_POINT('',(60.101563507655,29.392375418963,
    21.93492778535));
#5252 = CARTESIAN_POINT('',(60.044359661131,29.408805479411,21.85476903)
  );
#5253 = CARTESIAN_POINT('',(59.986930046493,29.422948941467,
    21.774293909718));
#5254 = CARTESIAN_POINT('',(59.929312742774,29.434788140905,
    21.693555783992));
#5255 = CARTESIAN_POINT('',(59.871546527476,29.444308592841,
    21.61260899106));
#5256 = CARTESIAN_POINT('',(59.679748296741,29.468137502723,
    21.343845465735));
#5257 = CARTESIAN_POINT('',(59.545235588761,29.472300080467,
    21.155355147242));
#5258 = CARTESIAN_POINT('',(59.410628870617,29.46384750811,
    20.966733093941));
#5259 = CARTESIAN_POINT('',(59.276426846391,29.442739015432,
    20.77867813119));
#5260 = CARTESIAN_POINT('',(59.143130247798,29.409036656944,
    20.591891925633));
#5261 = CARTESIAN_POINT('',(58.856084896386,29.308645566613,
    20.189660266468));
#5262 = CARTESIAN_POINT('',(58.702862845312,29.237180865471,
    19.974952870857));
#5263 = CARTESIAN_POINT('',(58.552397122809,29.148794669254,
    19.764107870538));
#5264 = CARTESIAN_POINT('',(58.405457299916,29.043952170686,
    19.558203652027));
#5265 = CARTESIAN_POINT('',(58.262762570884,28.923290914494,
    19.358248009721));
#5266 = CARTESIAN_POINT('',(58.061600447429,28.725187612105,
    19.076363024367));
#5267 = CARTESIAN_POINT('',(57.999255756784,28.659587342595,
    18.989000493552));
#5268 = CARTESIAN_POINT('',(57.938013644864,28.590882918687,
    18.903182987129));
#5269 = CARTESIAN_POINT('',(57.877934601264,28.519156178476,
    18.818995268118));
#5270 = CARTESIAN_POINT('',(57.819075694033,28.444494110302,
    18.736517304981));
#5271 = CARTESIAN_POINT('',(57.66801554745,28.241178433722,
    18.524839348536));
#5272 = CARTESIAN_POINT('',(57.577895954302,28.107874404962,
    18.398556329853));
#5273 = CARTESIAN_POINT('',(57.49136254489,27.967471063835,
    18.277298568075));
#5274 = CARTESIAN_POINT('',(57.408618157369,27.820387554189,
    18.161350296782));
#5275 = CARTESIAN_POINT('',(57.329840504575,27.667062755932,
    18.050960541878));
#5276 = CARTESIAN_POINT('',(57.089975787007,27.155841993269,
    17.71484228444));
#5277 = CARTESIAN_POINT('',(56.944939720181,26.775360325139,
    17.511605766199));
#5278 = CARTESIAN_POINT('',(56.821776508223,26.371452536351,
    17.339019299111));
#5279 = CARTESIAN_POINT('',(56.721531559446,25.949212466383,
    17.198547795669));
#5280 = CARTESIAN_POINT('',(56.644836979535,25.513665462411,
    17.09107701457));
#5281 = CARTESIAN_POINT('',(56.591954559721,25.069739533706,
    17.01697379932));
#5282 = FACE_BOUND('',#5283,.F.);
#5283 = EDGE_LOOP('',(#5284,#5285,#5286,#5287));
#5284 = ORIENTED_EDGE('',*,*,#3826,.F.);
#5285 = ORIENTED_EDGE('',*,*,#3803,.F.);
#5286 = ORIENTED_EDGE('',*,*,#3778,.F.);
#5287 = ORIENTED_EDGE('',*,*,#3755,.T.);
#5288 = FACE_BOUND('',#5289,.F.);
#5289 = EDGE_LOOP('',(#5290,#5291,#5292,#5293));
#5290 = ORIENTED_EDGE('',*,*,#3922,.F.);
#5291 = ORIENTED_EDGE('',*,*,#3899,.F.);
#5292 = ORIENTED_EDGE('',*,*,#3874,.F.);
#5293 = ORIENTED_EDGE('',*,*,#3851,.T.);
#5294 = PLANE('',#5295);
#5295 = AXIS2_PLACEMENT_3D('',#5296,#5297,#5298);
#5296 = CARTESIAN_POINT('',(52.658253094024,4.565667130445,
    11.504746343192));
#5297 = DIRECTION('',(0.81398510091,0.,-0.580885750813));
#5298 = DIRECTION('',(0.580885750813,0.,0.81398510091));
#5299 = ADVANCED_FACE('',(#5300),#5380,.F.);
#5300 = FACE_BOUND('',#5301,.F.);
#5301 = EDGE_LOOP('',(#5302,#5303,#5365,#5373,#5379));
#5302 = ORIENTED_EDGE('',*,*,#4949,.F.);
#5303 = ORIENTED_EDGE('',*,*,#5304,.T.);
#5304 = EDGE_CURVE('',#4888,#5305,#5307,.T.);
#5305 = VERTEX_POINT('',#5306);
#5306 = CARTESIAN_POINT('',(55.481301561589,-20.12063428137,
    17.071032216847));
#5307 = B_SPLINE_CURVE_WITH_KNOTS('',6,(#5308,#5309,#5310,#5311,#5312,
    #5313,#5314,#5315,#5316,#5317,#5318,#5319,#5320,#5321,#5322,#5323,
    #5324,#5325,#5326,#5327,#5328,#5329,#5330,#5331,#5332,#5333,#5334,
    #5335,#5336,#5337,#5338,#5339,#5340,#5341,#5342,#5343,#5344,#5345,
    #5346,#5347,#5348,#5349,#5350,#5351,#5352,#5353,#5354,#5355,#5356,
    #5357,#5358,#5359,#5360,#5361,#5362,#5363,#5364),.UNSPECIFIED.,.F.,
  .F.,(7,5,5,5,5,5,5,5,5,5,5,7),(0.,0.214082355545,0.305528198778,
    0.385669604713,0.430497252796,0.524224973945,0.591168583039,
    0.621205156087,0.667437049299,0.748006106542,0.838075933527,1.),
  .UNSPECIFIED.);
#5308 = CARTESIAN_POINT('',(52.360638338948,-16.3430008891,
    10.329023392499));
#5309 = CARTESIAN_POINT('',(52.272019886427,-16.81072171444,
    10.240404939978));
#5310 = CARTESIAN_POINT('',(52.204079220719,-17.29014229694,
    10.194075379889));
#5311 = CARTESIAN_POINT('',(52.157819182246,-17.77578149823,
    10.191003888191));
#5312 = CARTESIAN_POINT('',(52.134564572007,-18.26136575499,
    10.232643790371));
#5313 = CARTESIAN_POINT('',(52.135525867435,-18.73977746437,
    10.320075219181));
#5314 = CARTESIAN_POINT('',(52.173133693193,-19.40088568929,
    10.511420191735));
#5315 = CARTESIAN_POINT('',(52.189019359201,-19.59593152668,
    10.577184462234));
#5316 = CARTESIAN_POINT('',(52.209618348755,-19.78748580333,
    10.651486704003));
#5317 = CARTESIAN_POINT('',(52.235004157174,-19.97481201551,
    10.734338065854));
#5318 = CARTESIAN_POINT('',(52.265226806151,-20.1571139694,
    10.82569338981));
#5319 = CARTESIAN_POINT('',(52.331036936895,-20.48817069465,
    11.012833133178));
#5320 = CARTESIAN_POINT('',(52.365499151667,-20.63828529611,
    11.106673300881));
#5321 = CARTESIAN_POINT('',(52.403693117118,-20.78331648847,
    11.20685862097));
#5322 = CARTESIAN_POINT('',(52.445602253292,-20.922657281,
    11.313248304211));
#5323 = CARTESIAN_POINT('',(52.491175604462,-21.05568640851,
    11.425632183911));
#5324 = CARTESIAN_POINT('',(52.567804277896,-21.25232088093,
    11.60976146744));
#5325 = CARTESIAN_POINT('',(52.596408094349,-21.32068776017,
    11.677592874298));
#5326 = CARTESIAN_POINT('',(52.62611117923,-21.38677851955,
    11.747154117044));
#5327 = CARTESIAN_POINT('',(52.656892327244,-21.45048661219,
    11.818384918177));
#5328 = CARTESIAN_POINT('',(52.688725587902,-21.51170862735,
    11.891216336697));
#5329 = CARTESIAN_POINT('',(52.790272438047,-21.69294687892,
    12.121031537872));
#5330 = CARTESIAN_POINT('',(52.863437664315,-21.80426544448,
    12.283169546125));
#5331 = CARTESIAN_POINT('',(52.940774622824,-21.90336211109,
    12.451231304565));
#5332 = CARTESIAN_POINT('',(53.021905103331,-21.9894664839,
    12.624343811199));
#5333 = CARTESIAN_POINT('',(53.106373049775,-22.06198254945,
    12.801513923948));
#5334 = CARTESIAN_POINT('',(53.255945626579,-22.16240174079,
    13.110234072417));
#5335 = CARTESIAN_POINT('',(53.319692864693,-22.19713649481,
    13.240367235654));
#5336 = CARTESIAN_POINT('',(53.384671129255,-22.22463995709,
    13.371600144768));
#5337 = CARTESIAN_POINT('',(53.450677554085,-22.24485771785,
    13.503528708595));
#5338 = CARTESIAN_POINT('',(53.517504568816,-22.25780188456,
    13.635751587756));
#5339 = CARTESIAN_POINT('',(53.615198940561,-22.2661226542,
    13.827151938967));
#5340 = CARTESIAN_POINT('',(53.645579960734,-22.26725019092,
    13.886412540342));
#5341 = CARTESIAN_POINT('',(53.676065560879,-22.26693490976,
    13.945618394793));
#5342 = CARTESIAN_POINT('',(53.706637367979,-22.26518577292,
    14.004735389107));
#5343 = CARTESIAN_POINT('',(53.737277305292,-22.26201396174,
    14.063730382899));
#5344 = CARTESIAN_POINT('',(53.815205673485,-22.25038173148,
    14.213138223925));
#5345 = CARTESIAN_POINT('',(53.862563279329,-22.23999172959,
    14.303340442276));
#5346 = CARTESIAN_POINT('',(53.909975524224,-22.2263112892,
    14.39306038916));
#5347 = CARTESIAN_POINT('',(53.957380554647,-22.20939976277,
    14.482188439949));
#5348 = CARTESIAN_POINT('',(54.004719592763,-22.18932525527,
    14.570622514337));
#5349 = CARTESIAN_POINT('',(54.134223473312,-22.12579623921,
    14.811008556283));
#5350 = CARTESIAN_POINT('',(54.216140817913,-22.07605030492,
    14.961354196781));
#5351 = CARTESIAN_POINT('',(54.297395883395,-22.0173206167,
    15.10880568331));
#5352 = CARTESIAN_POINT('',(54.377731826622,-21.95005657026,
    15.25294410097));
#5353 = CARTESIAN_POINT('',(54.456925723242,-21.87473314668,
    15.393421046897));
#5354 = CARTESIAN_POINT('',(54.621828046822,-21.69913618829,
    15.682576544177));
#5355 = CARTESIAN_POINT('',(54.707202633027,-21.59696892073,
    15.830267439111));
#5356 = CARTESIAN_POINT('',(54.79064832895,-21.48597818222,
    15.972630627512));
#5357 = CARTESIAN_POINT('',(54.871948010049,-21.36681951107,
    16.109361273213));
#5358 = CARTESIAN_POINT('',(54.950923196685,-21.24012414294,
    16.240225317034));
#5359 = CARTESIAN_POINT('',(55.164965933972,-20.86620872627,
    16.589438178056));
#5360 = CARTESIAN_POINT('',(55.29448444525,-20.60353333816,
    16.794235835531));
#5361 = CARTESIAN_POINT('',(55.415199228273,-20.32177333915,
    16.978506320509));
#5362 = CARTESIAN_POINT('',(55.526498853446,-20.02396772507,
    17.141604565986));
#5363 = CARTESIAN_POINT('',(55.627920351169,-19.71284573964,
    17.283118704215));
#5364 = CARTESIAN_POINT('',(55.719063652912,-19.39071574123,
    17.402683869199));
#5365 = ORIENTED_EDGE('',*,*,#5366,.T.);
#5366 = EDGE_CURVE('',#5305,#5367,#5369,.T.);
#5367 = VERTEX_POINT('',#5368);
#5368 = CARTESIAN_POINT('',(52.925595425132,-33.60943880742,
    14.51532608039));
#5369 = LINE('',#5370,#5371);
#5370 = CARTESIAN_POINT('',(12.861610963157,-245.0638181797,
    -25.54865838158));
#5371 = VECTOR('',#5372,1.);
#5372 = DIRECTION('',(-0.183012701892,-0.965925826289,-0.183012701892));
#5373 = ORIENTED_EDGE('',*,*,#5374,.T.);
#5374 = EDGE_CURVE('',#5367,#1663,#5375,.T.);
#5375 = LINE('',#5376,#5377);
#5376 = CARTESIAN_POINT('',(57.500796873394,-29.41076637155,
    22.658330847743));
#5377 = VECTOR('',#5378,1.);
#5378 = DIRECTION('',(-0.446770930481,-0.41000266593,-0.795168881187));
#5379 = ORIENTED_EDGE('',*,*,#1670,.F.);
#5380 = PLANE('',#5381);
#5381 = AXIS2_PLACEMENT_3D('',#5382,#5383,#5384);
#5382 = CARTESIAN_POINT('',(58.412467520704,-8.592286823273,
    20.707233307099));
#5383 = DIRECTION('',(0.886278639346,-8.153982379808E-02,-0.455918227947
    ));
#5384 = DIRECTION('',(0.457441469433,0.,0.889239732605));
#5385 = ADVANCED_FACE('',(#5386),#5548,.F.);
#5386 = FACE_BOUND('',#5387,.F.);
#5387 = EDGE_LOOP('',(#5388,#5398,#5406,#5412,#5413,#5414,#5422,#5430,
    #5438,#5446,#5454,#5462,#5470,#5478,#5486,#5494,#5502,#5510,#5518,
    #5526,#5534,#5542));
#5388 = ORIENTED_EDGE('',*,*,#5389,.F.);
#5389 = EDGE_CURVE('',#5390,#5392,#5394,.T.);
#5390 = VERTEX_POINT('',#5391);
#5391 = CARTESIAN_POINT('',(4.,-39.0313206593,47.017489451176));
#5392 = VERTEX_POINT('',#5393);
#5393 = CARTESIAN_POINT('',(14.51532608039,-33.60943880742,
    52.925595425132));
#5394 = LINE('',#5395,#5396);
#5395 = CARTESIAN_POINT('',(2.12132034356,-40.,45.961940777126));
#5396 = VECTOR('',#5397,1.);
#5397 = DIRECTION('',(0.795168881187,0.41000266593,0.446770930481));
#5398 = ORIENTED_EDGE('',*,*,#5399,.F.);
#5399 = EDGE_CURVE('',#5400,#5390,#5402,.T.);
#5400 = VERTEX_POINT('',#5401);
#5401 = CARTESIAN_POINT('',(4.,-39.5331244515,45.497474683058));
#5402 = LINE('',#5403,#5404);
#5403 = CARTESIAN_POINT('',(4.,-41.52493044273,39.464091578069));
#5404 = VECTOR('',#5405,1.);
#5405 = DIRECTION('',(1.665334536938E-16,0.313489517633,0.949591660839)
  );
#5406 = ORIENTED_EDGE('',*,*,#5407,.F.);
#5407 = EDGE_CURVE('',#1655,#5400,#5408,.T.);
#5408 = LINE('',#5409,#5410);
#5409 = CARTESIAN_POINT('',(-152.0279579551,-39.5331244515,
    201.52543263816));
#5410 = VECTOR('',#5411,1.);
#5411 = DIRECTION('',(-0.707106781187,0.,0.707106781187));
#5412 = ORIENTED_EDGE('',*,*,#1662,.F.);
#5413 = ORIENTED_EDGE('',*,*,#5374,.F.);
#5414 = ORIENTED_EDGE('',*,*,#5415,.T.);
#5415 = EDGE_CURVE('',#5367,#5416,#5418,.T.);
#5416 = VERTEX_POINT('',#5417);
#5417 = CARTESIAN_POINT('',(42.40932680253,-33.60943880742,
    25.031594702992));
#5418 = LINE('',#5419,#5420);
#5419 = CARTESIAN_POINT('',(-143.0562345438,-33.60943880742,
    210.49715604939));
#5420 = VECTOR('',#5421,1.);
#5421 = DIRECTION('',(-0.707106781187,0.,0.707106781187));
#5422 = ORIENTED_EDGE('',*,*,#5423,.F.);
#5423 = EDGE_CURVE('',#5424,#5416,#5426,.T.);
#5424 = VERTEX_POINT('',#5425);
#5425 = CARTESIAN_POINT('',(37.856232186614,-36.61567294731,
    20.478500087075));
#5426 = LINE('',#5427,#5428);
#5427 = CARTESIAN_POINT('',(42.203283202238,-33.74548151195,
    24.825551102699));
#5428 = VECTOR('',#5429,1.);
#5429 = DIRECTION('',(0.640716947063,0.423040881586,0.640716947063));
#5430 = ORIENTED_EDGE('',*,*,#5431,.F.);
#5431 = EDGE_CURVE('',#5432,#5424,#5434,.T.);
#5432 = VERTEX_POINT('',#5433);
#5433 = CARTESIAN_POINT('',(33.613591499494,-36.61567294731,
    24.721140774194));
#5434 = LINE('',#5435,#5436);
#5435 = CARTESIAN_POINT('',(7.247055920061,-36.61567294731,
    51.087676353627));
#5436 = VECTOR('',#5437,1.);
#5437 = DIRECTION('',(0.707106781187,-1.846950781627E-16,-0.707106781187
    ));
#5438 = ORIENTED_EDGE('',*,*,#5439,.T.);
#5439 = EDGE_CURVE('',#5432,#5440,#5442,.T.);
#5440 = VERTEX_POINT('',#5441);
#5441 = CARTESIAN_POINT('',(38.166686115411,-33.60943880742,
    29.274235390111));
#5442 = LINE('',#5443,#5444);
#5443 = CARTESIAN_POINT('',(37.960642515118,-33.74548151195,
    29.068191789818));
#5444 = VECTOR('',#5445,1.);
#5445 = DIRECTION('',(0.640716947063,0.423040881586,0.640716947063));
#5446 = ORIENTED_EDGE('',*,*,#5447,.T.);
#5447 = EDGE_CURVE('',#5440,#5448,#5450,.T.);
#5448 = VERTEX_POINT('',#5449);
#5449 = CARTESIAN_POINT('',(36.045365771852,-33.60943880742,
    31.395555733671));
#5450 = LINE('',#5451,#5452);
#5451 = CARTESIAN_POINT('',(-143.0562345438,-33.60943880742,
    210.49715604939));
#5452 = VECTOR('',#5453,1.);
#5453 = DIRECTION('',(-0.707106781187,0.,0.707106781187));
#5454 = ORIENTED_EDGE('',*,*,#5455,.F.);
#5455 = EDGE_CURVE('',#5456,#5448,#5458,.T.);
#5456 = VERTEX_POINT('',#5457);
#5457 = CARTESIAN_POINT('',(31.492271155935,-36.61567294731,
    26.842461117754));
#5458 = LINE('',#5459,#5460);
#5459 = CARTESIAN_POINT('',(35.839322171559,-33.74548151195,
    31.189512133378));
#5460 = VECTOR('',#5461,1.);
#5461 = DIRECTION('',(0.640716947063,0.423040881586,0.640716947063));
#5462 = ORIENTED_EDGE('',*,*,#5463,.F.);
#5463 = EDGE_CURVE('',#5464,#5456,#5466,.T.);
#5464 = VERTEX_POINT('',#5465);
#5465 = CARTESIAN_POINT('',(27.249630468815,-36.61567294731,
    31.085101804873));
#5466 = LINE('',#5467,#5468);
#5467 = CARTESIAN_POINT('',(7.247055920061,-36.61567294731,
    51.087676353627));
#5468 = VECTOR('',#5469,1.);
#5469 = DIRECTION('',(0.707106781187,-1.846950781627E-16,-0.707106781187
    ));
#5470 = ORIENTED_EDGE('',*,*,#5471,.T.);
#5471 = EDGE_CURVE('',#5464,#5472,#5474,.T.);
#5472 = VERTEX_POINT('',#5473);
#5473 = CARTESIAN_POINT('',(31.802725084732,-33.60943880742,
    35.63819642079));
#5474 = LINE('',#5475,#5476);
#5475 = CARTESIAN_POINT('',(31.596681484439,-33.74548151195,
    35.432152820497));
#5476 = VECTOR('',#5477,1.);
#5477 = DIRECTION('',(0.640716947063,0.423040881586,0.640716947063));
#5478 = ORIENTED_EDGE('',*,*,#5479,.T.);
#5479 = EDGE_CURVE('',#5472,#5480,#5482,.T.);
#5480 = VERTEX_POINT('',#5481);
#5481 = CARTESIAN_POINT('',(29.681404741173,-33.60943880742,
    37.75951676435));
#5482 = LINE('',#5483,#5484);
#5483 = CARTESIAN_POINT('',(-143.0562345438,-33.60943880742,
    210.49715604939));
#5484 = VECTOR('',#5485,1.);
#5485 = DIRECTION('',(-0.707106781187,0.,0.707106781187));
#5486 = ORIENTED_EDGE('',*,*,#5487,.F.);
#5487 = EDGE_CURVE('',#5488,#5480,#5490,.T.);
#5488 = VERTEX_POINT('',#5489);
#5489 = CARTESIAN_POINT('',(25.128310125256,-36.61567294731,
    33.206422148433));
#5490 = LINE('',#5491,#5492);
#5491 = CARTESIAN_POINT('',(29.47536114088,-33.74548151195,
    37.553473164057));
#5492 = VECTOR('',#5493,1.);
#5493 = DIRECTION('',(0.640716947063,0.423040881586,0.640716947063));
#5494 = ORIENTED_EDGE('',*,*,#5495,.F.);
#5495 = EDGE_CURVE('',#5496,#5488,#5498,.T.);
#5496 = VERTEX_POINT('',#5497);
#5497 = CARTESIAN_POINT('',(20.885669438136,-36.61567294731,
    37.449062835552));
#5498 = LINE('',#5499,#5500);
#5499 = CARTESIAN_POINT('',(7.247055920061,-36.61567294731,
    51.087676353627));
#5500 = VECTOR('',#5501,1.);
#5501 = DIRECTION('',(0.707106781187,-1.846950781627E-16,-0.707106781187
    ));
#5502 = ORIENTED_EDGE('',*,*,#5503,.T.);
#5503 = EDGE_CURVE('',#5496,#5504,#5506,.T.);
#5504 = VERTEX_POINT('',#5505);
#5505 = CARTESIAN_POINT('',(25.438764054053,-33.60943880742,
    42.002157451469));
#5506 = LINE('',#5507,#5508);
#5507 = CARTESIAN_POINT('',(25.23272045376,-33.74548151195,
    41.796113851176));
#5508 = VECTOR('',#5509,1.);
#5509 = DIRECTION('',(0.640716947063,0.423040881586,0.640716947063));
#5510 = ORIENTED_EDGE('',*,*,#5511,.T.);
#5511 = EDGE_CURVE('',#5504,#5512,#5514,.T.);
#5512 = VERTEX_POINT('',#5513);
#5513 = CARTESIAN_POINT('',(23.317443710494,-33.60943880742,
    44.123477795029));
#5514 = LINE('',#5515,#5516);
#5515 = CARTESIAN_POINT('',(-143.0562345438,-33.60943880742,
    210.49715604939));
#5516 = VECTOR('',#5517,1.);
#5517 = DIRECTION('',(-0.707106781187,0.,0.707106781187));
#5518 = ORIENTED_EDGE('',*,*,#5519,.F.);
#5519 = EDGE_CURVE('',#5520,#5512,#5522,.T.);
#5520 = VERTEX_POINT('',#5521);
#5521 = CARTESIAN_POINT('',(18.764349094577,-36.61567294731,
    39.570383179112));
#5522 = LINE('',#5523,#5524);
#5523 = CARTESIAN_POINT('',(23.111400110201,-33.74548151195,
    43.917434194736));
#5524 = VECTOR('',#5525,1.);
#5525 = DIRECTION('',(0.640716947063,0.423040881586,0.640716947063));
#5526 = ORIENTED_EDGE('',*,*,#5527,.F.);
#5527 = EDGE_CURVE('',#5528,#5520,#5530,.T.);
#5528 = VERTEX_POINT('',#5529);
#5529 = CARTESIAN_POINT('',(14.521708407458,-36.61567294731,
    43.813023866231));
#5530 = LINE('',#5531,#5532);
#5531 = CARTESIAN_POINT('',(7.247055920061,-36.61567294731,
    51.087676353627));
#5532 = VECTOR('',#5533,1.);
#5533 = DIRECTION('',(0.707106781187,-1.846950781627E-16,-0.707106781187
    ));
#5534 = ORIENTED_EDGE('',*,*,#5535,.T.);
#5535 = EDGE_CURVE('',#5528,#5536,#5538,.T.);
#5536 = VERTEX_POINT('',#5537);
#5537 = CARTESIAN_POINT('',(20.352070100775,-33.60943880742,
    47.088851404747));
#5538 = LINE('',#5539,#5540);
#5539 = CARTESIAN_POINT('',(6.3410807663,-40.83374437994,39.216683755812
    ));
#5540 = VECTOR('',#5541,1.);
#5541 = DIRECTION('',(0.795168881187,0.41000266593,0.446770930481));
#5542 = ORIENTED_EDGE('',*,*,#5543,.T.);
#5543 = EDGE_CURVE('',#5536,#5392,#5544,.T.);
#5544 = LINE('',#5545,#5546);
#5545 = CARTESIAN_POINT('',(-143.0562345438,-33.60943880742,
    210.49715604939));
#5546 = VECTOR('',#5547,1.);
#5547 = DIRECTION('',(-0.707106781187,0.,0.707106781187));
#5548 = PLANE('',#5549);
#5549 = AXIS2_PLACEMENT_3D('',#5550,#5551,#5552);
#5550 = CARTESIAN_POINT('',(31.434289073807,-35.11891048123,
    31.434289073807));
#5551 = DIRECTION('',(0.299135076089,-0.906110596178,0.299135076089));
#5552 = DIRECTION('',(-0.640716947063,-0.423040881586,-0.640716947063));
#5553 = ADVANCED_FACE('',(#5554),#5565,.F.);
#5554 = FACE_BOUND('',#5555,.F.);
#5555 = EDGE_LOOP('',(#5556,#5562,#5563,#5564));
#5556 = ORIENTED_EDGE('',*,*,#5557,.F.);
#5557 = EDGE_CURVE('',#4297,#5400,#5558,.T.);
#5558 = LINE('',#5559,#5560);
#5559 = CARTESIAN_POINT('',(4.,-47.,45.497474683058));
#5560 = VECTOR('',#5561,1.);
#5561 = DIRECTION('',(0.,1.,0.));
#5562 = ORIENTED_EDGE('',*,*,#4306,.T.);
#5563 = ORIENTED_EDGE('',*,*,#1654,.F.);
#5564 = ORIENTED_EDGE('',*,*,#5407,.T.);
#5565 = PLANE('',#5566);
#5566 = AXIS2_PLACEMENT_3D('',#5567,#5568,#5569);
#5567 = CARTESIAN_POINT('',(-328.8046532517,-40.,378.3021279348));
#5568 = DIRECTION('',(0.707106781187,0.,0.707106781187));
#5569 = DIRECTION('',(0.707106781187,0.,-0.707106781187));
#5570 = ADVANCED_FACE('',(#5571),#5596,.F.);
#5571 = FACE_BOUND('',#5572,.F.);
#5572 = EDGE_LOOP('',(#5573,#5583,#5589,#5590));
#5573 = ORIENTED_EDGE('',*,*,#5574,.F.);
#5574 = EDGE_CURVE('',#5575,#5577,#5579,.T.);
#5575 = VERTEX_POINT('',#5576);
#5576 = CARTESIAN_POINT('',(-1.7763568394E-15,-44.,19.798989873223));
#5577 = VERTEX_POINT('',#5578);
#5578 = CARTESIAN_POINT('',(0.,-40.,19.798989873223));
#5579 = LINE('',#5580,#5581);
#5580 = CARTESIAN_POINT('',(0.,-54.,19.798989873223));
#5581 = VECTOR('',#5582,1.);
#5582 = DIRECTION('',(0.,1.,0.));
#5583 = ORIENTED_EDGE('',*,*,#5584,.T.);
#5584 = EDGE_CURVE('',#5575,#1786,#5585,.T.);
#5585 = LINE('',#5586,#5587);
#5586 = CARTESIAN_POINT('',(0.,-44.,49.497474683058));
#5587 = VECTOR('',#5588,1.);
#5588 = DIRECTION('',(0.,0.,-1.));
#5589 = ORIENTED_EDGE('',*,*,#1783,.F.);
#5590 = ORIENTED_EDGE('',*,*,#5591,.F.);
#5591 = EDGE_CURVE('',#5577,#1784,#5592,.T.);
#5592 = LINE('',#5593,#5594);
#5593 = CARTESIAN_POINT('',(0.,-40.,49.497474683058));
#5594 = VECTOR('',#5595,1.);
#5595 = DIRECTION('',(0.,0.,-1.));
#5596 = PLANE('',#5597);
#5597 = AXIS2_PLACEMENT_3D('',#5598,#5599,#5600);
#5598 = CARTESIAN_POINT('',(1.099064721079E-14,-54.,49.497474683058));
#5599 = DIRECTION('',(1.,0.,-2.22044604925E-16));
#5600 = DIRECTION('',(-2.22044604925E-16,0.,-1.));
#5601 = ADVANCED_FACE('',(#5602),#5627,.F.);
#5602 = FACE_BOUND('',#5603,.F.);
#5603 = EDGE_LOOP('',(#5604,#5612,#5613,#5621));
#5604 = ORIENTED_EDGE('',*,*,#5605,.T.);
#5605 = EDGE_CURVE('',#5606,#1784,#5608,.T.);
#5606 = VERTEX_POINT('',#5607);
#5607 = CARTESIAN_POINT('',(3.552713678801E-15,-38.,14.142135623731));
#5608 = LINE('',#5609,#5610);
#5609 = CARTESIAN_POINT('',(-1.95399252334E-14,-277.,14.142135623731));
#5610 = VECTOR('',#5611,1.);
#5611 = DIRECTION('',(0.,-1.,0.));
#5612 = ORIENTED_EDGE('',*,*,#1857,.F.);
#5613 = ORIENTED_EDGE('',*,*,#5614,.F.);
#5614 = EDGE_CURVE('',#5615,#1850,#5617,.T.);
#5615 = VERTEX_POINT('',#5616);
#5616 = CARTESIAN_POINT('',(4.,-38.,10.142135623731));
#5617 = LINE('',#5618,#5619);
#5618 = CARTESIAN_POINT('',(4.,-277.,10.142135623731));
#5619 = VECTOR('',#5620,1.);
#5620 = DIRECTION('',(0.,-1.,0.));
#5621 = ORIENTED_EDGE('',*,*,#5622,.F.);
#5622 = EDGE_CURVE('',#5606,#5615,#5623,.T.);
#5623 = LINE('',#5624,#5625);
#5624 = CARTESIAN_POINT('',(-180.3299961555,-38.,194.47213177926));
#5625 = VECTOR('',#5626,1.);
#5626 = DIRECTION('',(0.707106781187,0.,-0.707106781187));
#5627 = PLANE('',#5628);
#5628 = AXIS2_PLACEMENT_3D('',#5629,#5630,#5631);
#5629 = CARTESIAN_POINT('',(-346.4823227814,-500.,360.62445840513));
#5630 = DIRECTION('',(0.707106781187,0.,0.707106781187));
#5631 = DIRECTION('',(0.707106781187,0.,-0.707106781187));
#5632 = ADVANCED_FACE('',(#5633),#5644,.F.);
#5633 = FACE_BOUND('',#5634,.F.);
#5634 = EDGE_LOOP('',(#5635,#5641,#5642,#5643));
#5635 = ORIENTED_EDGE('',*,*,#5636,.T.);
#5636 = EDGE_CURVE('',#1802,#1826,#5637,.T.);
#5637 = LINE('',#5638,#5639);
#5638 = CARTESIAN_POINT('',(-2.828427124746,-54.,16.970562748477));
#5639 = VECTOR('',#5640,1.);
#5640 = DIRECTION('',(0.707106781187,0.,-0.707106781187));
#5641 = ORIENTED_EDGE('',*,*,#1825,.T.);
#5642 = ORIENTED_EDGE('',*,*,#1817,.T.);
#5643 = ORIENTED_EDGE('',*,*,#1809,.T.);
#5644 = PLANE('',#5645);
#5645 = AXIS2_PLACEMENT_3D('',#5646,#5647,#5648);
#5646 = CARTESIAN_POINT('',(-2.828427124746,-54.,16.970562748477));
#5647 = DIRECTION('',(0.707106781187,0.,0.707106781187));
#5648 = DIRECTION('',(0.707106781187,0.,-0.707106781187));
#5649 = ADVANCED_FACE('',(#5650),#5673,.F.);
#5650 = FACE_BOUND('',#5651,.F.);
#5651 = EDGE_LOOP('',(#5652,#5660,#5666,#5672));
#5652 = ORIENTED_EDGE('',*,*,#5653,.F.);
#5653 = EDGE_CURVE('',#5654,#1794,#5656,.T.);
#5654 = VERTEX_POINT('',#5655);
#5655 = CARTESIAN_POINT('',(0.,-54.,19.798989873223));
#5656 = LINE('',#5657,#5658);
#5657 = CARTESIAN_POINT('',(1.099064721079E-14,-54.,49.497474683058));
#5658 = VECTOR('',#5659,1.);
#5659 = DIRECTION('',(-2.22044604925E-16,0.,-1.));
#5660 = ORIENTED_EDGE('',*,*,#5661,.T.);
#5661 = EDGE_CURVE('',#5654,#2121,#5662,.T.);
#5662 = LINE('',#5663,#5664);
#5663 = CARTESIAN_POINT('',(0.,-54.,19.798989873223));
#5664 = VECTOR('',#5665,1.);
#5665 = DIRECTION('',(0.707106781187,0.,-0.707106781187));
#5666 = ORIENTED_EDGE('',*,*,#5667,.T.);
#5667 = EDGE_CURVE('',#2121,#1802,#5668,.T.);
#5668 = LINE('',#5669,#5670);
#5669 = CARTESIAN_POINT('',(4.,-54.,49.497474683058));
#5670 = VECTOR('',#5671,1.);
#5671 = DIRECTION('',(-2.22044604925E-16,0.,-1.));
#5672 = ORIENTED_EDGE('',*,*,#1801,.F.);
#5673 = PLANE('',#5674);
#5674 = AXIS2_PLACEMENT_3D('',#5675,#5676,#5677);
#5675 = CARTESIAN_POINT('',(1.099064721079E-14,-54.,49.497474683058));
#5676 = DIRECTION('',(0.,1.,0.));
#5677 = DIRECTION('',(1.,0.,-2.22044604925E-16));
#5678 = ADVANCED_FACE('',(#5679),#5690,.F.);
#5679 = FACE_BOUND('',#5680,.F.);
#5680 = EDGE_LOOP('',(#5681,#5687,#5688,#5689));
#5681 = ORIENTED_EDGE('',*,*,#5682,.F.);
#5682 = EDGE_CURVE('',#5654,#5575,#5683,.T.);
#5683 = LINE('',#5684,#5685);
#5684 = CARTESIAN_POINT('',(0.,-54.,19.798989873223));
#5685 = VECTOR('',#5686,1.);
#5686 = DIRECTION('',(0.,1.,0.));
#5687 = ORIENTED_EDGE('',*,*,#5653,.T.);
#5688 = ORIENTED_EDGE('',*,*,#1793,.F.);
#5689 = ORIENTED_EDGE('',*,*,#5584,.F.);
#5690 = PLANE('',#5691);
#5691 = AXIS2_PLACEMENT_3D('',#5692,#5693,#5694);
#5692 = CARTESIAN_POINT('',(1.099064721079E-14,-54.,49.497474683058));
#5693 = DIRECTION('',(1.,0.,-2.22044604925E-16));
#5694 = DIRECTION('',(-2.22044604925E-16,0.,-1.));
#5695 = ADVANCED_FACE('',(#5696),#5702,.T.);
#5696 = FACE_BOUND('',#5697,.T.);
#5697 = EDGE_LOOP('',(#5698,#5699,#5700,#5701));
#5698 = ORIENTED_EDGE('',*,*,#1888,.F.);
#5699 = ORIENTED_EDGE('',*,*,#2057,.F.);
#5700 = ORIENTED_EDGE('',*,*,#4192,.T.);
#5701 = ORIENTED_EDGE('',*,*,#1907,.F.);
#5702 = PLANE('',#5703);
#5703 = AXIS2_PLACEMENT_3D('',#5704,#5705,#5706);
#5704 = CARTESIAN_POINT('',(-2.828427124746,54.,16.970562748477));
#5705 = DIRECTION('',(0.,1.,0.));
#5706 = DIRECTION('',(0.707106781187,0.,0.707106781187));
#5707 = ADVANCED_FACE('',(#5708),#5772,.T.);
#5708 = FACE_BOUND('',#5709,.T.);
#5709 = EDGE_LOOP('',(#5710,#5711,#5712,#5713,#5721,#5727,#5728,#5729,
    #5730,#5731,#5732,#5738,#5739,#5740,#5748,#5756,#5762,#5763,#5764,
    #5770,#5771));
#5710 = ORIENTED_EDGE('',*,*,#4546,.F.);
#5711 = ORIENTED_EDGE('',*,*,#4571,.F.);
#5712 = ORIENTED_EDGE('',*,*,#4604,.F.);
#5713 = ORIENTED_EDGE('',*,*,#5714,.F.);
#5714 = EDGE_CURVE('',#5715,#4605,#5717,.T.);
#5715 = VERTEX_POINT('',#5716);
#5716 = CARTESIAN_POINT('',(4.,-35.93208758854,47.302626548338));
#5717 = LINE('',#5718,#5719);
#5718 = CARTESIAN_POINT('',(4.,-24.71716643477,47.302626548338));
#5719 = VECTOR('',#5720,1.);
#5720 = DIRECTION('',(0.,1.,0.));
#5721 = ORIENTED_EDGE('',*,*,#5722,.F.);
#5722 = EDGE_CURVE('',#5390,#5715,#5723,.T.);
#5723 = LINE('',#5724,#5725);
#5724 = CARTESIAN_POINT('',(4.,-30.72815969307,47.781400767659));
#5725 = VECTOR('',#5726,1.);
#5726 = DIRECTION('',(1.387778780781E-17,0.995794452268,
    9.16155490749E-02));
#5727 = ORIENTED_EDGE('',*,*,#5399,.F.);
#5728 = ORIENTED_EDGE('',*,*,#5557,.F.);
#5729 = ORIENTED_EDGE('',*,*,#4296,.T.);
#5730 = ORIENTED_EDGE('',*,*,#4328,.T.);
#5731 = ORIENTED_EDGE('',*,*,#4367,.T.);
#5732 = ORIENTED_EDGE('',*,*,#5733,.T.);
#5733 = EDGE_CURVE('',#4368,#4432,#5734,.T.);
#5734 = LINE('',#5735,#5736);
#5735 = CARTESIAN_POINT('',(4.,-40.,33.498737341529));
#5736 = VECTOR('',#5737,1.);
#5737 = DIRECTION('',(-2.22044604925E-16,0.,-1.));
#5738 = ORIENTED_EDGE('',*,*,#4439,.T.);
#5739 = ORIENTED_EDGE('',*,*,#5614,.F.);
#5740 = ORIENTED_EDGE('',*,*,#5741,.T.);
#5741 = EDGE_CURVE('',#5615,#5742,#5744,.T.);
#5742 = VERTEX_POINT('',#5743);
#5743 = CARTESIAN_POINT('',(4.,-38.,41.497474683058));
#5744 = LINE('',#5745,#5746);
#5745 = CARTESIAN_POINT('',(4.,-38.,45.497474683058));
#5746 = VECTOR('',#5747,1.);
#5747 = DIRECTION('',(2.22044604925E-16,0.,1.));
#5748 = ORIENTED_EDGE('',*,*,#5749,.T.);
#5749 = EDGE_CURVE('',#5742,#5750,#5752,.T.);
#5750 = VERTEX_POINT('',#5751);
#5751 = CARTESIAN_POINT('',(4.,38.,41.497474683058));
#5752 = LINE('',#5753,#5754);
#5753 = CARTESIAN_POINT('',(4.,-46.,41.497474683058));
#5754 = VECTOR('',#5755,1.);
#5755 = DIRECTION('',(0.,1.,0.));
#5756 = ORIENTED_EDGE('',*,*,#5757,.F.);
#5757 = EDGE_CURVE('',#1972,#5750,#5758,.T.);
#5758 = LINE('',#5759,#5760);
#5759 = CARTESIAN_POINT('',(4.,38.,45.497474683058));
#5760 = VECTOR('',#5761,1.);
#5761 = DIRECTION('',(2.22044604925E-16,0.,1.));
#5762 = ORIENTED_EDGE('',*,*,#1979,.F.);
#5763 = ORIENTED_EDGE('',*,*,#1948,.F.);
#5764 = ORIENTED_EDGE('',*,*,#5765,.F.);
#5765 = EDGE_CURVE('',#4473,#1941,#5766,.T.);
#5766 = LINE('',#5767,#5768);
#5767 = CARTESIAN_POINT('',(4.,40.,33.498737341529));
#5768 = VECTOR('',#5769,1.);
#5769 = DIRECTION('',(-2.22044604925E-16,0.,-1.));
#5770 = ORIENTED_EDGE('',*,*,#4470,.F.);
#5771 = ORIENTED_EDGE('',*,*,#4532,.F.);
#5772 = PLANE('',#5773);
#5773 = AXIS2_PLACEMENT_3D('',#5774,#5775,#5776);
#5774 = CARTESIAN_POINT('',(4.,-54.,49.497474683058));
#5775 = DIRECTION('',(1.,0.,-2.22044604925E-16));
#5776 = DIRECTION('',(-2.22044604925E-16,0.,-1.));
#5777 = ADVANCED_FACE('',(#5778),#5783,.T.);
#5778 = FACE_BOUND('',#5779,.T.);
#5779 = EDGE_LOOP('',(#5780,#5781,#5782));
#5780 = ORIENTED_EDGE('',*,*,#1940,.F.);
#5781 = ORIENTED_EDGE('',*,*,#4505,.F.);
#5782 = ORIENTED_EDGE('',*,*,#5765,.T.);
#5783 = PLANE('',#5784);
#5784 = AXIS2_PLACEMENT_3D('',#5785,#5786,#5787);
#5785 = CARTESIAN_POINT('',(17.5,40.,17.5));
#5786 = DIRECTION('',(-0.,-1.,0.));
#5787 = DIRECTION('',(-0.707106781187,0.,-0.707106781187));
#5788 = ADVANCED_FACE('',(#5789),#5807,.F.);
#5789 = FACE_BOUND('',#5790,.F.);
#5790 = EDGE_LOOP('',(#5791,#5792,#5800,#5806));
#5791 = ORIENTED_EDGE('',*,*,#1971,.F.);
#5792 = ORIENTED_EDGE('',*,*,#5793,.T.);
#5793 = EDGE_CURVE('',#1964,#5794,#5796,.T.);
#5794 = VERTEX_POINT('',#5795);
#5795 = CARTESIAN_POINT('',(7.105427357601E-15,38.,41.497474683058));
#5796 = LINE('',#5797,#5798);
#5797 = CARTESIAN_POINT('',(1.010246879109E-14,38.,45.497474683058));
#5798 = VECTOR('',#5799,1.);
#5799 = DIRECTION('',(2.22044604925E-16,0.,1.));
#5800 = ORIENTED_EDGE('',*,*,#5801,.T.);
#5801 = EDGE_CURVE('',#5794,#5750,#5802,.T.);
#5802 = LINE('',#5803,#5804);
#5803 = CARTESIAN_POINT('',(-1.,38.,41.497474683058));
#5804 = VECTOR('',#5805,1.);
#5805 = DIRECTION('',(1.,0.,-2.22044604925E-16));
#5806 = ORIENTED_EDGE('',*,*,#5757,.F.);
#5807 = PLANE('',#5808);
#5808 = AXIS2_PLACEMENT_3D('',#5809,#5810,#5811);
#5809 = CARTESIAN_POINT('',(-1.,38.,41.497474683058));
#5810 = DIRECTION('',(0.,1.,0.));
#5811 = DIRECTION('',(1.,0.,-2.22044604925E-16));
#5812 = ADVANCED_FACE('',(#5813),#5888,.F.);
#5813 = FACE_BOUND('',#5814,.F.);
#5814 = EDGE_LOOP('',(#5815,#5825,#5833,#5841,#5847,#5848,#5849,#5857,
    #5863,#5864,#5865,#5866,#5874,#5882));
#5815 = ORIENTED_EDGE('',*,*,#5816,.F.);
#5816 = EDGE_CURVE('',#5817,#5819,#5821,.T.);
#5817 = VERTEX_POINT('',#5818);
#5818 = CARTESIAN_POINT('',(0.,-40.,49.497474683058));
#5819 = VERTEX_POINT('',#5820);
#5820 = CARTESIAN_POINT('',(0.,40.,49.497474683058));
#5821 = LINE('',#5822,#5823);
#5822 = CARTESIAN_POINT('',(1.099064721079E-14,-54.,49.497474683058));
#5823 = VECTOR('',#5824,1.);
#5824 = DIRECTION('',(0.,1.,0.));
#5825 = ORIENTED_EDGE('',*,*,#5826,.T.);
#5826 = EDGE_CURVE('',#5817,#5827,#5829,.T.);
#5827 = VERTEX_POINT('',#5828);
#5828 = CARTESIAN_POINT('',(3.552713678801E-15,-40.,47.800418408211));
#5829 = LINE('',#5830,#5831);
#5830 = CARTESIAN_POINT('',(0.,-40.,49.497474683058));
#5831 = VECTOR('',#5832,1.);
#5832 = DIRECTION('',(0.,0.,-1.));
#5833 = ORIENTED_EDGE('',*,*,#5834,.F.);
#5834 = EDGE_CURVE('',#5835,#5827,#5837,.T.);
#5835 = VERTEX_POINT('',#5836);
#5836 = CARTESIAN_POINT('',(0.,-40.,40.784139331206));
#5837 = LINE('',#5838,#5839);
#5838 = CARTESIAN_POINT('',(5.684341886081E-14,-40.,250.));
#5839 = VECTOR('',#5840,1.);
#5840 = DIRECTION('',(2.22044604925E-16,0.,1.));
#5841 = ORIENTED_EDGE('',*,*,#5842,.T.);
#5842 = EDGE_CURVE('',#5835,#5577,#5843,.T.);
#5843 = LINE('',#5844,#5845);
#5844 = CARTESIAN_POINT('',(0.,-40.,49.497474683058));
#5845 = VECTOR('',#5846,1.);
#5846 = DIRECTION('',(0.,0.,-1.));
#5847 = ORIENTED_EDGE('',*,*,#5591,.T.);
#5848 = ORIENTED_EDGE('',*,*,#5605,.F.);
#5849 = ORIENTED_EDGE('',*,*,#5850,.T.);
#5850 = EDGE_CURVE('',#5606,#5851,#5853,.T.);
#5851 = VERTEX_POINT('',#5852);
#5852 = CARTESIAN_POINT('',(7.105427357601E-15,-38.,41.497474683058));
#5853 = LINE('',#5854,#5855);
#5854 = CARTESIAN_POINT('',(1.010246879109E-14,-38.,45.497474683058));
#5855 = VECTOR('',#5856,1.);
#5856 = DIRECTION('',(2.22044604925E-16,0.,1.));
#5857 = ORIENTED_EDGE('',*,*,#5858,.T.);
#5858 = EDGE_CURVE('',#5851,#5794,#5859,.T.);
#5859 = LINE('',#5860,#5861);
#5860 = CARTESIAN_POINT('',(9.214290371386E-15,-46.,41.497474683058));
#5861 = VECTOR('',#5862,1.);
#5862 = DIRECTION('',(0.,1.,0.));
#5863 = ORIENTED_EDGE('',*,*,#5793,.F.);
#5864 = ORIENTED_EDGE('',*,*,#1963,.F.);
#5865 = ORIENTED_EDGE('',*,*,#2003,.F.);
#5866 = ORIENTED_EDGE('',*,*,#5867,.F.);
#5867 = EDGE_CURVE('',#5868,#1994,#5870,.T.);
#5868 = VERTEX_POINT('',#5869);
#5869 = CARTESIAN_POINT('',(0.,40.,40.784139331206));
#5870 = LINE('',#5871,#5872);
#5871 = CARTESIAN_POINT('',(0.,40.,49.497474683058));
#5872 = VECTOR('',#5873,1.);
#5873 = DIRECTION('',(0.,0.,-1.));
#5874 = ORIENTED_EDGE('',*,*,#5875,.T.);
#5875 = EDGE_CURVE('',#5868,#5876,#5878,.T.);
#5876 = VERTEX_POINT('',#5877);
#5877 = CARTESIAN_POINT('',(3.552713678801E-15,40.,47.800418408211));
#5878 = LINE('',#5879,#5880);
#5879 = CARTESIAN_POINT('',(5.684341886081E-14,40.,250.));
#5880 = VECTOR('',#5881,1.);
#5881 = DIRECTION('',(2.22044604925E-16,0.,1.));
#5882 = ORIENTED_EDGE('',*,*,#5883,.F.);
#5883 = EDGE_CURVE('',#5819,#5876,#5884,.T.);
#5884 = LINE('',#5885,#5886);
#5885 = CARTESIAN_POINT('',(0.,40.,49.497474683058));
#5886 = VECTOR('',#5887,1.);
#5887 = DIRECTION('',(0.,0.,-1.));
#5888 = PLANE('',#5889);
#5889 = AXIS2_PLACEMENT_3D('',#5890,#5891,#5892);
#5890 = CARTESIAN_POINT('',(1.099064721079E-14,-54.,49.497474683058));
#5891 = DIRECTION('',(1.,0.,-2.22044604925E-16));
#5892 = DIRECTION('',(-2.22044604925E-16,0.,-1.));
#5893 = ADVANCED_FACE('',(#5894),#5954,.F.);
#5894 = FACE_BOUND('',#5895,.F.);
#5895 = EDGE_LOOP('',(#5896,#5904,#5905,#5913,#5922,#5931,#5940,#5946,
    #5947,#5948));
#5896 = ORIENTED_EDGE('',*,*,#5897,.F.);
#5897 = EDGE_CURVE('',#5819,#5898,#5900,.T.);
#5898 = VERTEX_POINT('',#5899);
#5899 = CARTESIAN_POINT('',(0.,44.,49.497474683058));
#5900 = LINE('',#5901,#5902);
#5901 = CARTESIAN_POINT('',(1.099064721079E-14,-54.,49.497474683058));
#5902 = VECTOR('',#5903,1.);
#5903 = DIRECTION('',(0.,1.,0.));
#5904 = ORIENTED_EDGE('',*,*,#5883,.T.);
#5905 = ORIENTED_EDGE('',*,*,#5906,.T.);
#5906 = EDGE_CURVE('',#5876,#5907,#5909,.T.);
#5907 = VERTEX_POINT('',#5908);
#5908 = CARTESIAN_POINT('',(7.105427357601E-15,40.3,47.800418408211));
#5909 = LINE('',#5910,#5911);
#5910 = CARTESIAN_POINT('',(3.552713678801E-15,-250.,47.800418408211));
#5911 = VECTOR('',#5912,1.);
#5912 = DIRECTION('',(0.,1.,0.));
#5913 = ORIENTED_EDGE('',*,*,#5914,.F.);
#5914 = EDGE_CURVE('',#5915,#5907,#5917,.T.);
#5915 = VERTEX_POINT('',#5916);
#5916 = CARTESIAN_POINT('',(1.06581410364E-14,41.,47.658997051973));
#5917 = ELLIPSE('',#5918,3.535533905933,2.5);
#5918 = AXIS2_PLACEMENT_3D('',#5919,#5920,#5921);
#5919 = CARTESIAN_POINT('',(7.105427357601E-15,40.3,44.264884502278));
#5920 = DIRECTION('',(1.,0.,-2.22044604925E-16));
#5921 = DIRECTION('',(-2.22044604925E-16,0.,-1.));
#5922 = ORIENTED_EDGE('',*,*,#5923,.F.);
#5923 = EDGE_CURVE('',#5924,#5915,#5926,.T.);
#5924 = VERTEX_POINT('',#5925);
#5925 = CARTESIAN_POINT('',(1.42108547152E-14,42.115228349591,
    45.68817803525));
#5926 = CIRCLE('',#5927,1.835755975069);
#5927 = AXIS2_PLACEMENT_3D('',#5928,#5929,#5930);
#5928 = CARTESIAN_POINT('',(7.105427357601E-15,40.3,45.961940777126));
#5929 = DIRECTION('',(1.,0.,-2.22044604925E-16));
#5930 = DIRECTION('',(2.22044604925E-16,0.,1.));
#5931 = ORIENTED_EDGE('',*,*,#5932,.F.);
#5932 = EDGE_CURVE('',#5933,#5924,#5935,.T.);
#5933 = VERTEX_POINT('',#5934);
#5934 = CARTESIAN_POINT('',(7.105427357601E-15,40.3,40.784139331206));
#5935 = ELLIPSE('',#5936,15.697859728005,2.5);
#5936 = AXIS2_PLACEMENT_3D('',#5937,#5938,#5939);
#5937 = CARTESIAN_POINT('',(1.06581410364E-14,40.3,56.481999059212));
#5938 = DIRECTION('',(1.,-1.523731824203E-31,-2.22044604925E-16));
#5939 = DIRECTION('',(-2.22044604925E-16,-1.574406227269E-15,-1.));
#5940 = ORIENTED_EDGE('',*,*,#5941,.T.);
#5941 = EDGE_CURVE('',#5933,#5868,#5942,.T.);
#5942 = LINE('',#5943,#5944);
#5943 = CARTESIAN_POINT('',(0.,-250.,40.784139331206));
#5944 = VECTOR('',#5945,1.);
#5945 = DIRECTION('',(0.,-1.,0.));
#5946 = ORIENTED_EDGE('',*,*,#5867,.T.);
#5947 = ORIENTED_EDGE('',*,*,#1993,.T.);
#5948 = ORIENTED_EDGE('',*,*,#5949,.F.);
#5949 = EDGE_CURVE('',#5898,#1996,#5950,.T.);
#5950 = LINE('',#5951,#5952);
#5951 = CARTESIAN_POINT('',(0.,44.,49.497474683058));
#5952 = VECTOR('',#5953,1.);
#5953 = DIRECTION('',(0.,0.,-1.));
#5954 = PLANE('',#5955);
#5955 = AXIS2_PLACEMENT_3D('',#5956,#5957,#5958);
#5956 = CARTESIAN_POINT('',(1.099064721079E-14,-54.,49.497474683058));
#5957 = DIRECTION('',(1.,0.,-2.22044604925E-16));
#5958 = DIRECTION('',(-2.22044604925E-16,0.,-1.));
#5959 = ADVANCED_FACE('',(#5960,#5978),#5989,.F.);
#5960 = FACE_BOUND('',#5961,.F.);
#5961 = EDGE_LOOP('',(#5962,#5970,#5971,#5972));
#5962 = ORIENTED_EDGE('',*,*,#5963,.F.);
#5963 = EDGE_CURVE('',#5898,#5964,#5966,.T.);
#5964 = VERTEX_POINT('',#5965);
#5965 = CARTESIAN_POINT('',(7.105427357601E-15,54.,49.497474683058));
#5966 = LINE('',#5967,#5968);
#5967 = CARTESIAN_POINT('',(1.099064721079E-14,-54.,49.497474683058));
#5968 = VECTOR('',#5969,1.);
#5969 = DIRECTION('',(0.,1.,0.));
#5970 = ORIENTED_EDGE('',*,*,#5949,.T.);
#5971 = ORIENTED_EDGE('',*,*,#2024,.T.);
#5972 = ORIENTED_EDGE('',*,*,#5973,.F.);
#5973 = EDGE_CURVE('',#5964,#2025,#5974,.T.);
#5974 = LINE('',#5975,#5976);
#5975 = CARTESIAN_POINT('',(1.099064721079E-14,54.,49.497474683058));
#5976 = VECTOR('',#5977,1.);
#5977 = DIRECTION('',(-2.22044604925E-16,0.,-1.));
#5978 = FACE_BOUND('',#5979,.F.);
#5979 = EDGE_LOOP('',(#5980));
#5980 = ORIENTED_EDGE('',*,*,#5981,.F.);
#5981 = EDGE_CURVE('',#5982,#5982,#5984,.T.);
#5982 = VERTEX_POINT('',#5983);
#5983 = CARTESIAN_POINT('',(3.552713678801E-15,49.,29.873358543988));
#5984 = CIRCLE('',#5985,2.3);
#5985 = AXIS2_PLACEMENT_3D('',#5986,#5987,#5988);
#5986 = CARTESIAN_POINT('',(7.105427357601E-15,49.,32.173358543988));
#5987 = DIRECTION('',(1.,0.,-2.22044604925E-16));
#5988 = DIRECTION('',(-2.22044604925E-16,0.,-1.));
#5989 = PLANE('',#5990);
#5990 = AXIS2_PLACEMENT_3D('',#5991,#5992,#5993);
#5991 = CARTESIAN_POINT('',(1.099064721079E-14,-54.,49.497474683058));
#5992 = DIRECTION('',(1.,0.,-2.22044604925E-16));
#5993 = DIRECTION('',(-2.22044604925E-16,0.,-1.));
#5994 = ADVANCED_FACE('',(#5995),#6013,.T.);
#5995 = FACE_BOUND('',#5996,.T.);
#5996 = EDGE_LOOP('',(#5997,#5998,#6006,#6012));
#5997 = ORIENTED_EDGE('',*,*,#5973,.F.);
#5998 = ORIENTED_EDGE('',*,*,#5999,.T.);
#5999 = EDGE_CURVE('',#5964,#6000,#6002,.T.);
#6000 = VERTEX_POINT('',#6001);
#6001 = CARTESIAN_POINT('',(4.,54.,49.497474683058));
#6002 = LINE('',#6003,#6004);
#6003 = CARTESIAN_POINT('',(1.099064721079E-14,54.,49.497474683058));
#6004 = VECTOR('',#6005,1.);
#6005 = DIRECTION('',(1.,0.,-2.22044604925E-16));
#6006 = ORIENTED_EDGE('',*,*,#6007,.T.);
#6007 = EDGE_CURVE('',#6000,#2050,#6008,.T.);
#6008 = LINE('',#6009,#6010);
#6009 = CARTESIAN_POINT('',(4.,54.,49.497474683058));
#6010 = VECTOR('',#6011,1.);
#6011 = DIRECTION('',(-2.22044604925E-16,0.,-1.));
#6012 = ORIENTED_EDGE('',*,*,#2049,.F.);
#6013 = PLANE('',#6014);
#6014 = AXIS2_PLACEMENT_3D('',#6015,#6016,#6017);
#6015 = CARTESIAN_POINT('',(1.099064721079E-14,54.,49.497474683058));
#6016 = DIRECTION('',(0.,1.,0.));
#6017 = DIRECTION('',(1.,0.,-2.22044604925E-16));
#6018 = ADVANCED_FACE('',(#6019,#6049),#6060,.T.);
#6019 = FACE_BOUND('',#6020,.T.);
#6020 = EDGE_LOOP('',(#6021,#6030,#6038,#6044,#6045,#6046,#6047,#6048));
#6021 = ORIENTED_EDGE('',*,*,#6022,.F.);
#6022 = EDGE_CURVE('',#6023,#2203,#6025,.T.);
#6023 = VERTEX_POINT('',#6024);
#6024 = CARTESIAN_POINT('',(4.,-40.78965551233,49.497474683058));
#6025 = ELLIPSE('',#6026,3.143986213682,2.5);
#6026 = AXIS2_PLACEMENT_3D('',#6027,#6028,#6029);
#6027 = CARTESIAN_POINT('',(4.,-39.3313206593,47.441753519888));
#6028 = DIRECTION('',(1.,6.731823757307E-18,-1.568648648903E-16));
#6029 = DIRECTION('',(1.110223024625E-16,0.676139108103,0.736773986032)
  );
#6030 = ORIENTED_EDGE('',*,*,#6031,.F.);
#6031 = EDGE_CURVE('',#6032,#6023,#6034,.T.);
#6032 = VERTEX_POINT('',#6033);
#6033 = CARTESIAN_POINT('',(4.,-54.,49.497474683058));
#6034 = LINE('',#6035,#6036);
#6035 = CARTESIAN_POINT('',(4.,-54.,49.497474683058));
#6036 = VECTOR('',#6037,1.);
#6037 = DIRECTION('',(0.,1.,0.));
#6038 = ORIENTED_EDGE('',*,*,#6039,.T.);
#6039 = EDGE_CURVE('',#6032,#2121,#6040,.T.);
#6040 = LINE('',#6041,#6042);
#6041 = CARTESIAN_POINT('',(4.,-54.,49.497474683058));
#6042 = VECTOR('',#6043,1.);
#6043 = DIRECTION('',(-2.22044604925E-16,0.,-1.));
#6044 = ORIENTED_EDGE('',*,*,#2120,.F.);
#6045 = ORIENTED_EDGE('',*,*,#2106,.F.);
#6046 = ORIENTED_EDGE('',*,*,#2154,.F.);
#6047 = ORIENTED_EDGE('',*,*,#2176,.F.);
#6048 = ORIENTED_EDGE('',*,*,#2210,.T.);
#6049 = FACE_BOUND('',#6050,.T.);
#6050 = EDGE_LOOP('',(#6051));
#6051 = ORIENTED_EDGE('',*,*,#6052,.F.);
#6052 = EDGE_CURVE('',#6053,#6053,#6055,.T.);
#6053 = VERTEX_POINT('',#6054);
#6054 = CARTESIAN_POINT('',(4.,-49.,27.773358543988));
#6055 = CIRCLE('',#6056,4.4);
#6056 = AXIS2_PLACEMENT_3D('',#6057,#6058,#6059);
#6057 = CARTESIAN_POINT('',(4.,-49.,32.173358543988));
#6058 = DIRECTION('',(1.,0.,-2.22044604925E-16));
#6059 = DIRECTION('',(-2.22044604925E-16,0.,-1.));
#6060 = PLANE('',#6061);
#6061 = AXIS2_PLACEMENT_3D('',#6062,#6063,#6064);
#6062 = CARTESIAN_POINT('',(4.,-54.,49.497474683058));
#6063 = DIRECTION('',(1.,0.,-2.22044604925E-16));
#6064 = DIRECTION('',(-2.22044604925E-16,0.,-1.));
#6065 = ADVANCED_FACE('',(#6066),#6072,.F.);
#6066 = FACE_BOUND('',#6067,.F.);
#6067 = EDGE_LOOP('',(#6068,#6069,#6070,#6071));
#6068 = ORIENTED_EDGE('',*,*,#5636,.F.);
#6069 = ORIENTED_EDGE('',*,*,#5667,.F.);
#6070 = ORIENTED_EDGE('',*,*,#2128,.T.);
#6071 = ORIENTED_EDGE('',*,*,#4281,.F.);
#6072 = PLANE('',#6073);
#6073 = AXIS2_PLACEMENT_3D('',#6074,#6075,#6076);
#6074 = CARTESIAN_POINT('',(-2.828427124746,-54.,16.970562748477));
#6075 = DIRECTION('',(0.,1.,0.));
#6076 = DIRECTION('',(0.707106781187,0.,0.707106781187));
#6077 = ADVANCED_FACE('',(#6078),#6096,.T.);
#6078 = FACE_BOUND('',#6079,.T.);
#6079 = EDGE_LOOP('',(#6080,#6081,#6089,#6095));
#6080 = ORIENTED_EDGE('',*,*,#2413,.F.);
#6081 = ORIENTED_EDGE('',*,*,#6082,.F.);
#6082 = EDGE_CURVE('',#6083,#2405,#6085,.T.);
#6083 = VERTEX_POINT('',#6084);
#6084 = CARTESIAN_POINT('',(21.16485522183,-33.13170231566,
    57.413601822003));
#6085 = LINE('',#6086,#6087);
#6086 = CARTESIAN_POINT('',(39.289228521917,-33.13170231566,
    39.289228521917));
#6087 = VECTOR('',#6088,1.);
#6088 = DIRECTION('',(0.707106781187,0.,-0.707106781187));
#6089 = ORIENTED_EDGE('',*,*,#6090,.F.);
#6090 = EDGE_CURVE('',#2195,#6083,#6091,.T.);
#6091 = LINE('',#6092,#6093);
#6092 = CARTESIAN_POINT('',(2.869158033782,-42.56527649044,
    47.134042536059));
#6093 = VECTOR('',#6094,1.);
#6094 = DIRECTION('',(0.795168881187,0.41000266593,0.446770930481));
#6095 = ORIENTED_EDGE('',*,*,#2194,.F.);
#6096 = PLANE('',#6097);
#6097 = AXIS2_PLACEMENT_3D('',#6098,#6099,#6100);
#6098 = CARTESIAN_POINT('',(32.39883793477,-37.68116354315,
    32.39883793477));
#6099 = DIRECTION('',(0.299135076089,-0.906110596178,0.299135076089));
#6100 = DIRECTION('',(-0.640716947063,-0.423040881586,-0.640716947063));
#6101 = ADVANCED_FACE('',(#6102),#6130,.T.);
#6102 = FACE_BOUND('',#6103,.T.);
#6103 = EDGE_LOOP('',(#6104,#6114,#6121,#6122,#6123));
#6104 = ORIENTED_EDGE('',*,*,#6105,.F.);
#6105 = EDGE_CURVE('',#6106,#6108,#6110,.T.);
#6106 = VERTEX_POINT('',#6107);
#6107 = CARTESIAN_POINT('',(2.575478009629,-39.68198002767,
    49.497474683058));
#6108 = VERTEX_POINT('',#6109);
#6109 = CARTESIAN_POINT('',(19.209524476908,-31.10518136496,
    58.843424447533));
#6110 = LINE('',#6111,#6112);
#6111 = CARTESIAN_POINT('',(0.981524773693,-40.50384955949,
    48.601901444202));
#6112 = VECTOR('',#6113,1.);
#6113 = DIRECTION('',(0.795168881187,0.41000266593,0.446770930481));
#6114 = ORIENTED_EDGE('',*,*,#6115,.F.);
#6115 = EDGE_CURVE('',#6023,#6106,#6116,.T.);
#6116 = ELLIPSE('',#6117,5.595708738952,2.5);
#6117 = AXIS2_PLACEMENT_3D('',#6118,#6119,#6120);
#6118 = CARTESIAN_POINT('',(7.658800037844,-37.44478082466,
    49.497474683058));
#6119 = DIRECTION('',(-1.734557870653E-16,-2.698090146267E-17,-1.));
#6120 = DIRECTION('',(0.888806030482,0.458283580525,-1.665334536938E-16)
  );
#6121 = ORIENTED_EDGE('',*,*,#6022,.T.);
#6122 = ORIENTED_EDGE('',*,*,#2202,.T.);
#6123 = ORIENTED_EDGE('',*,*,#6124,.F.);
#6124 = EDGE_CURVE('',#6108,#2195,#6125,.T.);
#6125 = ELLIPSE('',#6126,3.368617727172,2.5);
#6126 = AXIS2_PLACEMENT_3D('',#6127,#6128,#6129);
#6127 = CARTESIAN_POINT('',(21.193207720728,-30.46620889729,
    57.101871757755));
#6128 = DIRECTION('',(0.683012701892,-0.258819045103,0.683012701892));
#6129 = DIRECTION('',(0.430106927509,0.898310244807,-8.970359515122E-02)
  );
#6130 = CYLINDRICAL_SURFACE('',#6131,2.5);
#6131 = AXIS2_PLACEMENT_3D('',#6132,#6133,#6134);
#6132 = CARTESIAN_POINT('',(2.12132034356,-40.3,46.386204845838));
#6133 = DIRECTION('',(0.795168881187,0.41000266593,0.446770930481));
#6134 = DIRECTION('',(-0.399806227838,0.908432204991,-0.122089758443));
#6135 = ADVANCED_FACE('',(#6136),#6160,.F.);
#6136 = FACE_BOUND('',#6137,.F.);
#6137 = EDGE_LOOP('',(#6138,#6139,#6145,#6146,#6154));
#6138 = ORIENTED_EDGE('',*,*,#5535,.F.);
#6139 = ORIENTED_EDGE('',*,*,#6140,.T.);
#6140 = EDGE_CURVE('',#5528,#2223,#6141,.T.);
#6141 = LINE('',#6142,#6143);
#6142 = CARTESIAN_POINT('',(14.521708407458,-36.61567294731,
    43.813023866231));
#6143 = VECTOR('',#6144,1.);
#6144 = DIRECTION('',(0.299135076089,-0.906110596178,0.299135076089));
#6145 = ORIENTED_EDGE('',*,*,#2220,.F.);
#6146 = ORIENTED_EDGE('',*,*,#6147,.F.);
#6147 = EDGE_CURVE('',#6148,#2221,#6150,.T.);
#6148 = VERTEX_POINT('',#6149);
#6149 = CARTESIAN_POINT('',(21.931430824615,-32.79509342424,
    47.976225743518));
#6150 = LINE('',#6151,#6152);
#6151 = CARTESIAN_POINT('',(21.931430824615,-32.79509342424,
    47.976225743518));
#6152 = VECTOR('',#6153,1.);
#6153 = DIRECTION('',(0.299135076089,-0.906110596178,0.299135076089));
#6154 = ORIENTED_EDGE('',*,*,#6155,.F.);
#6155 = EDGE_CURVE('',#5536,#6148,#6156,.T.);
#6156 = LINE('',#6157,#6158);
#6157 = CARTESIAN_POINT('',(6.3410807663,-40.83374437994,39.216683755812
    ));
#6158 = VECTOR('',#6159,1.);
#6159 = DIRECTION('',(0.795168881187,0.41000266593,0.446770930481));
#6160 = PLANE('',#6161);
#6161 = AXIS2_PLACEMENT_3D('',#6162,#6163,#6164);
#6162 = CARTESIAN_POINT('',(14.521708407458,-36.61567294731,
    43.813023866231));
#6163 = DIRECTION('',(-0.527470052843,0.104218047494,0.843157127664));
#6164 = DIRECTION('',(0.795168881187,0.41000266593,0.446770930481));
#6165 = ADVANCED_FACE('',(#6166),#6177,.T.);
#6166 = FACE_BOUND('',#6167,.T.);
#6167 = EDGE_LOOP('',(#6168,#6169,#6170,#6171));
#6168 = ORIENTED_EDGE('',*,*,#5527,.F.);
#6169 = ORIENTED_EDGE('',*,*,#6140,.T.);
#6170 = ORIENTED_EDGE('',*,*,#2246,.F.);
#6171 = ORIENTED_EDGE('',*,*,#6172,.T.);
#6172 = EDGE_CURVE('',#2239,#5520,#6173,.T.);
#6173 = LINE('',#6174,#6175);
#6174 = CARTESIAN_POINT('',(18.614781556532,-36.16261764922,
    39.420815641068));
#6175 = VECTOR('',#6176,1.);
#6176 = DIRECTION('',(-0.299135076089,0.906110596178,-0.299135076089));
#6177 = PLANE('',#6178);
#6178 = AXIS2_PLACEMENT_3D('',#6179,#6180,#6181);
#6179 = CARTESIAN_POINT('',(14.521708407458,-36.61567294731,
    43.813023866231));
#6180 = DIRECTION('',(0.640716947063,0.423040881586,0.640716947063));
#6181 = DIRECTION('',(0.707106781187,-1.846950781627E-16,-0.707106781187
    ));
#6182 = ADVANCED_FACE('',(#6183),#6202,.F.);
#6183 = FACE_BOUND('',#6184,.F.);
#6184 = EDGE_LOOP('',(#6185,#6186,#6187,#6195,#6201));
#6185 = ORIENTED_EDGE('',*,*,#6172,.T.);
#6186 = ORIENTED_EDGE('',*,*,#5519,.T.);
#6187 = ORIENTED_EDGE('',*,*,#6188,.T.);
#6188 = EDGE_CURVE('',#5512,#6189,#6191,.T.);
#6189 = VERTEX_POINT('',#6190);
#6190 = CARTESIAN_POINT('',(24.550811241799,-32.79509342424,
    45.356845326334));
#6191 = LINE('',#6192,#6193);
#6192 = CARTESIAN_POINT('',(23.111400110201,-33.74548151195,
    43.917434194736));
#6193 = VECTOR('',#6194,1.);
#6194 = DIRECTION('',(0.640716947063,0.423040881586,0.640716947063));
#6195 = ORIENTED_EDGE('',*,*,#6196,.T.);
#6196 = EDGE_CURVE('',#6189,#2231,#6197,.T.);
#6197 = LINE('',#6198,#6199);
#6198 = CARTESIAN_POINT('',(24.401243703755,-32.34203812616,
    45.20727778829));
#6199 = VECTOR('',#6200,1.);
#6200 = DIRECTION('',(0.299135076089,-0.906110596178,0.299135076089));
#6201 = ORIENTED_EDGE('',*,*,#2238,.F.);
#6202 = PLANE('',#6203);
#6203 = AXIS2_PLACEMENT_3D('',#6204,#6205,#6206);
#6204 = CARTESIAN_POINT('',(24.892393112773,-31.46594194648,
    45.698427197308));
#6205 = DIRECTION('',(0.707106781187,-4.798259929284E-16,-0.707106781187
    ));
#6206 = DIRECTION('',(0.299135076089,-0.906110596178,0.299135076089));
#6207 = ADVANCED_FACE('',(#6208),#6219,.T.);
#6208 = FACE_BOUND('',#6209,.T.);
#6209 = EDGE_LOOP('',(#6210,#6216,#6217,#6218));
#6210 = ORIENTED_EDGE('',*,*,#6211,.F.);
#6211 = EDGE_CURVE('',#6189,#6148,#6212,.T.);
#6212 = LINE('',#6213,#6214);
#6213 = CARTESIAN_POINT('',(52.375061296892,-32.79509342424,
    17.532595271241));
#6214 = VECTOR('',#6215,1.);
#6215 = DIRECTION('',(-0.707106781187,1.846950781627E-16,0.707106781187)
  );
#6216 = ORIENTED_EDGE('',*,*,#6196,.T.);
#6217 = ORIENTED_EDGE('',*,*,#2230,.F.);
#6218 = ORIENTED_EDGE('',*,*,#6147,.F.);
#6219 = PLANE('',#6220);
#6220 = AXIS2_PLACEMENT_3D('',#6221,#6222,#6223);
#6221 = CARTESIAN_POINT('',(47.976225743518,-32.79509342424,
    21.931430824615));
#6222 = DIRECTION('',(-0.640716947063,-0.423040881586,-0.640716947063));
#6223 = DIRECTION('',(-0.707106781187,1.846950781627E-16,0.707106781187)
  );
#6224 = ADVANCED_FACE('',(#6225),#6249,.F.);
#6225 = FACE_BOUND('',#6226,.F.);
#6226 = EDGE_LOOP('',(#6227,#6233,#6234,#6242,#6248));
#6227 = ORIENTED_EDGE('',*,*,#6228,.T.);
#6228 = EDGE_CURVE('',#2255,#5488,#6229,.T.);
#6229 = LINE('',#6230,#6231);
#6230 = CARTESIAN_POINT('',(24.978742587211,-36.16261764922,
    33.056854610389));
#6231 = VECTOR('',#6232,1.);
#6232 = DIRECTION('',(-0.299135076089,0.906110596178,-0.299135076089));
#6233 = ORIENTED_EDGE('',*,*,#5487,.T.);
#6234 = ORIENTED_EDGE('',*,*,#6235,.T.);
#6235 = EDGE_CURVE('',#5480,#6236,#6238,.T.);
#6236 = VERTEX_POINT('',#6237);
#6237 = CARTESIAN_POINT('',(30.914772272478,-32.79509342424,
    38.992884295655));
#6238 = LINE('',#6239,#6240);
#6239 = CARTESIAN_POINT('',(29.47536114088,-33.74548151195,
    37.553473164057));
#6240 = VECTOR('',#6241,1.);
#6241 = DIRECTION('',(0.640716947063,0.423040881586,0.640716947063));
#6242 = ORIENTED_EDGE('',*,*,#6243,.T.);
#6243 = EDGE_CURVE('',#6236,#2257,#6244,.T.);
#6244 = LINE('',#6245,#6246);
#6245 = CARTESIAN_POINT('',(30.765204734434,-32.34203812616,
    38.843316757611));
#6246 = VECTOR('',#6247,1.);
#6247 = DIRECTION('',(0.299135076089,-0.906110596178,0.299135076089));
#6248 = ORIENTED_EDGE('',*,*,#2254,.F.);
#6249 = PLANE('',#6250);
#6250 = AXIS2_PLACEMENT_3D('',#6251,#6252,#6253);
#6251 = CARTESIAN_POINT('',(31.256354143452,-31.46594194648,
    39.334466166629));
#6252 = DIRECTION('',(0.707106781187,-4.798259929284E-16,-0.707106781187
    ));
#6253 = DIRECTION('',(0.299135076089,-0.906110596178,0.299135076089));
#6254 = ADVANCED_FACE('',(#6255),#6273,.T.);
#6255 = FACE_BOUND('',#6256,.T.);
#6256 = EDGE_LOOP('',(#6257,#6265,#6266,#6267));
#6257 = ORIENTED_EDGE('',*,*,#6258,.F.);
#6258 = EDGE_CURVE('',#6236,#6259,#6261,.T.);
#6259 = VERTEX_POINT('',#6260);
#6260 = CARTESIAN_POINT('',(26.672131585359,-32.79509342424,
    43.235524982774));
#6261 = LINE('',#6262,#6263);
#6262 = CARTESIAN_POINT('',(52.375061296892,-32.79509342424,
    17.532595271241));
#6263 = VECTOR('',#6264,1.);
#6264 = DIRECTION('',(-0.707106781187,1.846950781627E-16,0.707106781187)
  );
#6265 = ORIENTED_EDGE('',*,*,#6243,.T.);
#6266 = ORIENTED_EDGE('',*,*,#2280,.F.);
#6267 = ORIENTED_EDGE('',*,*,#6268,.F.);
#6268 = EDGE_CURVE('',#6259,#2273,#6269,.T.);
#6269 = LINE('',#6270,#6271);
#6270 = CARTESIAN_POINT('',(26.522564047314,-32.34203812616,
    43.08595744473));
#6271 = VECTOR('',#6272,1.);
#6272 = DIRECTION('',(0.299135076089,-0.906110596178,0.299135076089));
#6273 = PLANE('',#6274);
#6274 = AXIS2_PLACEMENT_3D('',#6275,#6276,#6277);
#6275 = CARTESIAN_POINT('',(47.976225743518,-32.79509342424,
    21.931430824615));
#6276 = DIRECTION('',(-0.640716947063,-0.423040881586,-0.640716947063));
#6277 = DIRECTION('',(-0.707106781187,1.846950781627E-16,0.707106781187)
  );
#6278 = ADVANCED_FACE('',(#6279),#6296,.T.);
#6279 = FACE_BOUND('',#6280,.T.);
#6280 = EDGE_LOOP('',(#6281,#6287,#6288,#6294,#6295));
#6281 = ORIENTED_EDGE('',*,*,#6282,.T.);
#6282 = EDGE_CURVE('',#2265,#5496,#6283,.T.);
#6283 = LINE('',#6284,#6285);
#6284 = CARTESIAN_POINT('',(20.736101900092,-36.16261764922,
    37.299495297508));
#6285 = VECTOR('',#6286,1.);
#6286 = DIRECTION('',(-0.299135076089,0.906110596178,-0.299135076089));
#6287 = ORIENTED_EDGE('',*,*,#5503,.T.);
#6288 = ORIENTED_EDGE('',*,*,#6289,.T.);
#6289 = EDGE_CURVE('',#5504,#6259,#6290,.T.);
#6290 = LINE('',#6291,#6292);
#6291 = CARTESIAN_POINT('',(25.23272045376,-33.74548151195,
    41.796113851176));
#6292 = VECTOR('',#6293,1.);
#6293 = DIRECTION('',(0.640716947063,0.423040881586,0.640716947063));
#6294 = ORIENTED_EDGE('',*,*,#6268,.T.);
#6295 = ORIENTED_EDGE('',*,*,#2272,.F.);
#6296 = PLANE('',#6297);
#6297 = AXIS2_PLACEMENT_3D('',#6298,#6299,#6300);
#6298 = CARTESIAN_POINT('',(27.013713456333,-31.46594194648,
    43.577106853748));
#6299 = DIRECTION('',(0.707106781187,-4.798259929284E-16,-0.707106781187
    ));
#6300 = DIRECTION('',(0.299135076089,-0.906110596178,0.299135076089));
#6301 = ADVANCED_FACE('',(#6302),#6308,.T.);
#6302 = FACE_BOUND('',#6303,.T.);
#6303 = EDGE_LOOP('',(#6304,#6305,#6306,#6307));
#6304 = ORIENTED_EDGE('',*,*,#5495,.F.);
#6305 = ORIENTED_EDGE('',*,*,#6282,.F.);
#6306 = ORIENTED_EDGE('',*,*,#2264,.F.);
#6307 = ORIENTED_EDGE('',*,*,#6228,.T.);
#6308 = PLANE('',#6309);
#6309 = AXIS2_PLACEMENT_3D('',#6310,#6311,#6312);
#6310 = CARTESIAN_POINT('',(14.521708407458,-36.61567294731,
    43.813023866231));
#6311 = DIRECTION('',(0.640716947063,0.423040881586,0.640716947063));
#6312 = DIRECTION('',(0.707106781187,-1.846950781627E-16,-0.707106781187
    ));
#6313 = ADVANCED_FACE('',(#6314),#6338,.F.);
#6314 = FACE_BOUND('',#6315,.F.);
#6315 = EDGE_LOOP('',(#6316,#6322,#6323,#6331,#6337));
#6316 = ORIENTED_EDGE('',*,*,#6317,.T.);
#6317 = EDGE_CURVE('',#2289,#5456,#6318,.T.);
#6318 = LINE('',#6319,#6320);
#6319 = CARTESIAN_POINT('',(31.34270361789,-36.16261764922,
    26.69289357971));
#6320 = VECTOR('',#6321,1.);
#6321 = DIRECTION('',(-0.299135076089,0.906110596178,-0.299135076089));
#6322 = ORIENTED_EDGE('',*,*,#5455,.T.);
#6323 = ORIENTED_EDGE('',*,*,#6324,.T.);
#6324 = EDGE_CURVE('',#5448,#6325,#6327,.T.);
#6325 = VERTEX_POINT('',#6326);
#6326 = CARTESIAN_POINT('',(37.278733303157,-32.79509342424,
    32.628923264976));
#6327 = LINE('',#6328,#6329);
#6328 = CARTESIAN_POINT('',(35.839322171559,-33.74548151195,
    31.189512133378));
#6329 = VECTOR('',#6330,1.);
#6330 = DIRECTION('',(0.640716947063,0.423040881586,0.640716947063));
#6331 = ORIENTED_EDGE('',*,*,#6332,.T.);
#6332 = EDGE_CURVE('',#6325,#2291,#6333,.T.);
#6333 = LINE('',#6334,#6335);
#6334 = CARTESIAN_POINT('',(37.129165765112,-32.34203812616,
    32.479355726932));
#6335 = VECTOR('',#6336,1.);
#6336 = DIRECTION('',(0.299135076089,-0.906110596178,0.299135076089));
#6337 = ORIENTED_EDGE('',*,*,#2288,.F.);
#6338 = PLANE('',#6339);
#6339 = AXIS2_PLACEMENT_3D('',#6340,#6341,#6342);
#6340 = CARTESIAN_POINT('',(37.620315174131,-31.46594194648,
    32.97050513595));
#6341 = DIRECTION('',(0.707106781187,-4.798259929284E-16,-0.707106781187
    ));
#6342 = DIRECTION('',(0.299135076089,-0.906110596178,0.299135076089));
#6343 = ADVANCED_FACE('',(#6344),#6362,.T.);
#6344 = FACE_BOUND('',#6345,.T.);
#6345 = EDGE_LOOP('',(#6346,#6354,#6355,#6356));
#6346 = ORIENTED_EDGE('',*,*,#6347,.F.);
#6347 = EDGE_CURVE('',#6325,#6348,#6350,.T.);
#6348 = VERTEX_POINT('',#6349);
#6349 = CARTESIAN_POINT('',(33.036092616038,-32.79509342424,
    36.871563952096));
#6350 = LINE('',#6351,#6352);
#6351 = CARTESIAN_POINT('',(52.375061296892,-32.79509342424,
    17.532595271241));
#6352 = VECTOR('',#6353,1.);
#6353 = DIRECTION('',(-0.707106781187,1.846950781627E-16,0.707106781187)
  );
#6354 = ORIENTED_EDGE('',*,*,#6332,.T.);
#6355 = ORIENTED_EDGE('',*,*,#2314,.F.);
#6356 = ORIENTED_EDGE('',*,*,#6357,.F.);
#6357 = EDGE_CURVE('',#6348,#2307,#6358,.T.);
#6358 = LINE('',#6359,#6360);
#6359 = CARTESIAN_POINT('',(32.886525077993,-32.34203812616,
    36.721996414051));
#6360 = VECTOR('',#6361,1.);
#6361 = DIRECTION('',(0.299135076089,-0.906110596178,0.299135076089));
#6362 = PLANE('',#6363);
#6363 = AXIS2_PLACEMENT_3D('',#6364,#6365,#6366);
#6364 = CARTESIAN_POINT('',(47.976225743518,-32.79509342424,
    21.931430824615));
#6365 = DIRECTION('',(-0.640716947063,-0.423040881586,-0.640716947063));
#6366 = DIRECTION('',(-0.707106781187,1.846950781627E-16,0.707106781187)
  );
#6367 = ADVANCED_FACE('',(#6368),#6385,.T.);
#6368 = FACE_BOUND('',#6369,.T.);
#6369 = EDGE_LOOP('',(#6370,#6376,#6377,#6383,#6384));
#6370 = ORIENTED_EDGE('',*,*,#6371,.T.);
#6371 = EDGE_CURVE('',#2299,#5464,#6372,.T.);
#6372 = LINE('',#6373,#6374);
#6373 = CARTESIAN_POINT('',(27.100062930771,-36.16261764922,
    30.935534266829));
#6374 = VECTOR('',#6375,1.);
#6375 = DIRECTION('',(-0.299135076089,0.906110596178,-0.299135076089));
#6376 = ORIENTED_EDGE('',*,*,#5471,.T.);
#6377 = ORIENTED_EDGE('',*,*,#6378,.T.);
#6378 = EDGE_CURVE('',#5472,#6348,#6379,.T.);
#6379 = LINE('',#6380,#6381);
#6380 = CARTESIAN_POINT('',(31.596681484439,-33.74548151195,
    35.432152820497));
#6381 = VECTOR('',#6382,1.);
#6382 = DIRECTION('',(0.640716947063,0.423040881586,0.640716947063));
#6383 = ORIENTED_EDGE('',*,*,#6357,.T.);
#6384 = ORIENTED_EDGE('',*,*,#2306,.F.);
#6385 = PLANE('',#6386);
#6386 = AXIS2_PLACEMENT_3D('',#6387,#6388,#6389);
#6387 = CARTESIAN_POINT('',(33.377674487012,-31.46594194648,
    37.21314582307));
#6388 = DIRECTION('',(0.707106781187,-4.798259929284E-16,-0.707106781187
    ));
#6389 = DIRECTION('',(0.299135076089,-0.906110596178,0.299135076089));
#6390 = ADVANCED_FACE('',(#6391),#6397,.T.);
#6391 = FACE_BOUND('',#6392,.T.);
#6392 = EDGE_LOOP('',(#6393,#6394,#6395,#6396));
#6393 = ORIENTED_EDGE('',*,*,#5463,.F.);
#6394 = ORIENTED_EDGE('',*,*,#6371,.F.);
#6395 = ORIENTED_EDGE('',*,*,#2298,.F.);
#6396 = ORIENTED_EDGE('',*,*,#6317,.T.);
#6397 = PLANE('',#6398);
#6398 = AXIS2_PLACEMENT_3D('',#6399,#6400,#6401);
#6399 = CARTESIAN_POINT('',(14.521708407458,-36.61567294731,
    43.813023866231));
#6400 = DIRECTION('',(0.640716947063,0.423040881586,0.640716947063));
#6401 = DIRECTION('',(0.707106781187,-1.846950781627E-16,-0.707106781187
    ));
#6402 = ADVANCED_FACE('',(#6403),#6427,.F.);
#6403 = FACE_BOUND('',#6404,.F.);
#6404 = EDGE_LOOP('',(#6405,#6411,#6412,#6420,#6426));
#6405 = ORIENTED_EDGE('',*,*,#6406,.T.);
#6406 = EDGE_CURVE('',#2323,#5424,#6407,.T.);
#6407 = LINE('',#6408,#6409);
#6408 = CARTESIAN_POINT('',(37.706664648569,-36.16261764922,
    20.328932549031));
#6409 = VECTOR('',#6410,1.);
#6410 = DIRECTION('',(-0.299135076089,0.906110596178,-0.299135076089));
#6411 = ORIENTED_EDGE('',*,*,#5423,.T.);
#6412 = ORIENTED_EDGE('',*,*,#6413,.T.);
#6413 = EDGE_CURVE('',#5416,#6414,#6416,.T.);
#6414 = VERTEX_POINT('',#6415);
#6415 = CARTESIAN_POINT('',(43.642694333836,-32.79509342424,
    26.264962234297));
#6416 = LINE('',#6417,#6418);
#6417 = CARTESIAN_POINT('',(42.203283202238,-33.74548151195,
    24.825551102699));
#6418 = VECTOR('',#6419,1.);
#6419 = DIRECTION('',(0.640716947063,0.423040881586,0.640716947063));
#6420 = ORIENTED_EDGE('',*,*,#6421,.T.);
#6421 = EDGE_CURVE('',#6414,#2325,#6422,.T.);
#6422 = LINE('',#6423,#6424);
#6423 = CARTESIAN_POINT('',(43.493126795791,-32.34203812616,
    26.115394696253));
#6424 = VECTOR('',#6425,1.);
#6425 = DIRECTION('',(0.299135076089,-0.906110596178,0.299135076089));
#6426 = ORIENTED_EDGE('',*,*,#2322,.F.);
#6427 = PLANE('',#6428);
#6428 = AXIS2_PLACEMENT_3D('',#6429,#6430,#6431);
#6429 = CARTESIAN_POINT('',(43.98427620481,-31.46594194648,
    26.606544105271));
#6430 = DIRECTION('',(0.707106781187,-4.798259929284E-16,-0.707106781187
    ));
#6431 = DIRECTION('',(0.299135076089,-0.906110596178,0.299135076089));
#6432 = ADVANCED_FACE('',(#6433),#6451,.T.);
#6433 = FACE_BOUND('',#6434,.T.);
#6434 = EDGE_LOOP('',(#6435,#6443,#6444,#6445));
#6435 = ORIENTED_EDGE('',*,*,#6436,.F.);
#6436 = EDGE_CURVE('',#6414,#6437,#6439,.T.);
#6437 = VERTEX_POINT('',#6438);
#6438 = CARTESIAN_POINT('',(39.400053646717,-32.79509342424,
    30.507602921417));
#6439 = LINE('',#6440,#6441);
#6440 = CARTESIAN_POINT('',(52.375061296892,-32.79509342424,
    17.532595271241));
#6441 = VECTOR('',#6442,1.);
#6442 = DIRECTION('',(-0.707106781187,1.846950781627E-16,0.707106781187)
  );
#6443 = ORIENTED_EDGE('',*,*,#6421,.T.);
#6444 = ORIENTED_EDGE('',*,*,#2348,.F.);
#6445 = ORIENTED_EDGE('',*,*,#6446,.F.);
#6446 = EDGE_CURVE('',#6437,#2341,#6447,.T.);
#6447 = LINE('',#6448,#6449);
#6448 = CARTESIAN_POINT('',(39.250486108672,-32.34203812616,
    30.358035383372));
#6449 = VECTOR('',#6450,1.);
#6450 = DIRECTION('',(0.299135076089,-0.906110596178,0.299135076089));
#6451 = PLANE('',#6452);
#6452 = AXIS2_PLACEMENT_3D('',#6453,#6454,#6455);
#6453 = CARTESIAN_POINT('',(47.976225743518,-32.79509342424,
    21.931430824615));
#6454 = DIRECTION('',(-0.640716947063,-0.423040881586,-0.640716947063));
#6455 = DIRECTION('',(-0.707106781187,1.846950781627E-16,0.707106781187)
  );
#6456 = ADVANCED_FACE('',(#6457),#6474,.T.);
#6457 = FACE_BOUND('',#6458,.T.);
#6458 = EDGE_LOOP('',(#6459,#6465,#6466,#6472,#6473));
#6459 = ORIENTED_EDGE('',*,*,#6460,.T.);
#6460 = EDGE_CURVE('',#2333,#5432,#6461,.T.);
#6461 = LINE('',#6462,#6463);
#6462 = CARTESIAN_POINT('',(33.46402396145,-36.16261764922,
    24.57157323615));
#6463 = VECTOR('',#6464,1.);
#6464 = DIRECTION('',(-0.299135076089,0.906110596178,-0.299135076089));
#6465 = ORIENTED_EDGE('',*,*,#5439,.T.);
#6466 = ORIENTED_EDGE('',*,*,#6467,.T.);
#6467 = EDGE_CURVE('',#5440,#6437,#6468,.T.);
#6468 = LINE('',#6469,#6470);
#6469 = CARTESIAN_POINT('',(37.960642515118,-33.74548151195,
    29.068191789818));
#6470 = VECTOR('',#6471,1.);
#6471 = DIRECTION('',(0.640716947063,0.423040881586,0.640716947063));
#6472 = ORIENTED_EDGE('',*,*,#6446,.T.);
#6473 = ORIENTED_EDGE('',*,*,#2340,.F.);
#6474 = PLANE('',#6475);
#6475 = AXIS2_PLACEMENT_3D('',#6476,#6477,#6478);
#6476 = CARTESIAN_POINT('',(39.74163551769,-31.46594194648,
    30.849184792391));
#6477 = DIRECTION('',(0.707106781187,-4.798259929284E-16,-0.707106781187
    ));
#6478 = DIRECTION('',(0.299135076089,-0.906110596178,0.299135076089));
#6479 = ADVANCED_FACE('',(#6480),#6486,.T.);
#6480 = FACE_BOUND('',#6481,.T.);
#6481 = EDGE_LOOP('',(#6482,#6483,#6484,#6485));
#6482 = ORIENTED_EDGE('',*,*,#5431,.F.);
#6483 = ORIENTED_EDGE('',*,*,#6460,.F.);
#6484 = ORIENTED_EDGE('',*,*,#2332,.F.);
#6485 = ORIENTED_EDGE('',*,*,#6406,.T.);
#6486 = PLANE('',#6487);
#6487 = AXIS2_PLACEMENT_3D('',#6488,#6489,#6490);
#6488 = CARTESIAN_POINT('',(14.521708407458,-36.61567294731,
    43.813023866231));
#6489 = DIRECTION('',(0.640716947063,0.423040881586,0.640716947063));
#6490 = DIRECTION('',(0.707106781187,-1.846950781627E-16,-0.707106781187
    ));
#6491 = ADVANCED_FACE('',(#6492),#6518,.F.);
#6492 = FACE_BOUND('',#6493,.F.);
#6493 = EDGE_LOOP('',(#6494,#6503,#6509,#6510,#6516,#6517));
#6494 = ORIENTED_EDGE('',*,*,#6495,.T.);
#6495 = EDGE_CURVE('',#6083,#6496,#6498,.T.);
#6496 = VERTEX_POINT('',#6497);
#6497 = CARTESIAN_POINT('',(19.278280699505,-32.20749349206,
    58.545562999797));
#6498 = ELLIPSE('',#6499,2.589248709087,2.5);
#6499 = AXIS2_PLACEMENT_3D('',#6500,#6501,#6502);
#6500 = CARTESIAN_POINT('',(20.238529994399,-30.95845705006,
    56.565479720551));
#6501 = DIRECTION('',(-0.612372435696,-0.5,-0.612372435696));
#6502 = DIRECTION('',(0.783379701828,-0.279547547269,-0.555130085276));
#6503 = ORIENTED_EDGE('',*,*,#6504,.T.);
#6504 = EDGE_CURVE('',#6496,#2634,#6505,.T.);
#6505 = LINE('',#6506,#6507);
#6506 = CARTESIAN_POINT('',(18.296883290848,-38.01107672658,
    64.265566276569));
#6507 = VECTOR('',#6508,1.);
#6508 = DIRECTION('',(0.119573155869,0.707106781187,-0.696923425059));
#6509 = ORIENTED_EDGE('',*,*,#2641,.T.);
#6510 = ORIENTED_EDGE('',*,*,#6511,.T.);
#6511 = EDGE_CURVE('',#2429,#2396,#6512,.T.);
#6512 = LINE('',#6513,#6514);
#6513 = CARTESIAN_POINT('',(58.390066409385,-32.04972480532,
    19.304959696614));
#6514 = VECTOR('',#6515,1.);
#6515 = DIRECTION('',(0.696923425059,-0.707106781187,-0.119573155869));
#6516 = ORIENTED_EDGE('',*,*,#2404,.T.);
#6517 = ORIENTED_EDGE('',*,*,#6082,.F.);
#6518 = PLANE('',#6519);
#6519 = AXIS2_PLACEMENT_3D('',#6520,#6521,#6522);
#6520 = CARTESIAN_POINT('',(40.150743666053,-35.24197482448,
    40.150743666053));
#6521 = DIRECTION('',(-0.612372435696,-0.5,-0.612372435696));
#6522 = DIRECTION('',(0.353553390593,-0.866025403784,0.353553390593));
#6523 = ADVANCED_FACE('',(#6524),#6537,.F.);
#6524 = FACE_BOUND('',#6525,.F.);
#6525 = EDGE_LOOP('',(#6526,#6527,#6528,#6529,#6530));
#6526 = ORIENTED_EDGE('',*,*,#2765,.F.);
#6527 = ORIENTED_EDGE('',*,*,#2395,.T.);
#6528 = ORIENTED_EDGE('',*,*,#6511,.F.);
#6529 = ORIENTED_EDGE('',*,*,#2428,.T.);
#6530 = ORIENTED_EDGE('',*,*,#6531,.T.);
#6531 = EDGE_CURVE('',#2431,#2757,#6532,.T.);
#6532 = PARABOLA('',#6533,2.65165042945);
#6533 = AXIS2_PLACEMENT_3D('',#6534,#6535,#6536);
#6534 = CARTESIAN_POINT('',(59.343451240018,-19.80187251938,
    21.601847411502));
#6535 = DIRECTION('',(1.703708685547E-02,0.183012701892,-0.982962913145)
  );
#6536 = DIRECTION('',(0.982962913145,-0.183012701892,-1.703708685547E-02
    ));
#6537 = PLANE('',#6538);
#6538 = AXIS2_PLACEMENT_3D('',#6539,#6540,#6541);
#6539 = CARTESIAN_POINT('',(67.973616021817,-1.096677571107,
    25.234050708418));
#6540 = DIRECTION('',(1.703708685547E-02,0.183012701892,-0.982962913145)
  );
#6541 = DIRECTION('',(-0.982962913145,0.183012701892,1.703708685547E-02)
  );
#6542 = ADVANCED_FACE('',(#6543),#6571,.F.);
#6543 = FACE_BOUND('',#6544,.F.);
#6544 = EDGE_LOOP('',(#6545,#6546,#6555,#6563,#6570));
#6545 = ORIENTED_EDGE('',*,*,#6504,.F.);
#6546 = ORIENTED_EDGE('',*,*,#6547,.T.);
#6547 = EDGE_CURVE('',#6496,#6548,#6550,.T.);
#6548 = VERTEX_POINT('',#6549);
#6549 = CARTESIAN_POINT('',(19.521684319608,-30.94422641472,
    59.018813533652));
#6550 = ELLIPSE('',#6551,3.576670186333,2.5);
#6551 = AXIS2_PLACEMENT_3D('',#6552,#6553,#6554);
#6552 = CARTESIAN_POINT('',(19.386411023038,-31.39782415585,
    56.086711002707));
#6553 = DIRECTION('',(-0.982962913145,0.183012701892,1.703708685547E-02)
  );
#6554 = DIRECTION('',(0.151162243843,0.752186420755,0.64137786403));
#6555 = ORIENTED_EDGE('',*,*,#6556,.F.);
#6556 = EDGE_CURVE('',#6557,#6548,#6559,.T.);
#6557 = VERTEX_POINT('',#6558);
#6558 = CARTESIAN_POINT('',(20.782218766802,-24.29123039377,
    60.279347980846));
#6559 = LINE('',#6560,#6561);
#6560 = CARTESIAN_POINT('',(24.371427736158,-5.347683833323,
    63.868556950202));
#6561 = VECTOR('',#6562,1.);
#6562 = DIRECTION('',(-0.183012701892,-0.965925826289,-0.183012701892));
#6563 = ORIENTED_EDGE('',*,*,#6564,.T.);
#6564 = EDGE_CURVE('',#6557,#2625,#6565,.T.);
#6565 = PARABOLA('',#6566,2.65165042945);
#6566 = AXIS2_PLACEMENT_3D('',#6567,#6568,#6569);
#6567 = CARTESIAN_POINT('',(21.601847411502,-19.80187251938,
    59.343451240018));
#6568 = DIRECTION('',(-0.982962913145,0.183012701892,1.703708685547E-02)
  );
#6569 = DIRECTION('',(-1.703708685547E-02,-0.183012701892,0.982962913145
    ));
#6570 = ORIENTED_EDGE('',*,*,#2633,.T.);
#6571 = PLANE('',#6572);
#6572 = AXIS2_PLACEMENT_3D('',#6573,#6574,#6575);
#6573 = CARTESIAN_POINT('',(25.234050708418,-1.096677571107,
    67.973616021817));
#6574 = DIRECTION('',(-0.982962913145,0.183012701892,1.703708685547E-02)
  );
#6575 = DIRECTION('',(-1.703708685547E-02,-0.183012701892,0.982962913145
    ));
#6576 = ADVANCED_FACE('',(#6577),#6588,.F.);
#6577 = FACE_BOUND('',#6578,.F.);
#6578 = EDGE_LOOP('',(#6579,#6580,#6581));
#6579 = ORIENTED_EDGE('',*,*,#2624,.T.);
#6580 = ORIENTED_EDGE('',*,*,#6564,.F.);
#6581 = ORIENTED_EDGE('',*,*,#6582,.T.);
#6582 = EDGE_CURVE('',#6557,#2617,#6583,.T.);
#6583 = HYPERBOLA('',#6584,1.008624865595,0.90298260294);
#6584 = AXIS2_PLACEMENT_3D('',#6585,#6586,#6587);
#6585 = CARTESIAN_POINT('',(17.282822023446,-18.91354419407,
    58.973953575987));
#6586 = DIRECTION('',(-0.455918227947,-8.153982379808E-02,0.886278639346
    ));
#6587 = DIRECTION('',(0.871002250498,-0.245639075155,0.425460367585));
#6588 = CONICAL_SURFACE('',#6589,4.7,0.785398163397);
#6589 = AXIS2_PLACEMENT_3D('',#6590,#6591,#6592);
#6590 = CARTESIAN_POINT('',(19.59905904885,-20.04775061223,
    62.643963736265));
#6591 = DIRECTION('',(0.683012701892,-0.258819045103,0.683012701892));
#6592 = DIRECTION('',(0.707106781187,0.,-0.707106781187));
#6593 = ADVANCED_FACE('',(#6594),#6738,.T.);
#6594 = FACE_BOUND('',#6595,.T.);
#6595 = EDGE_LOOP('',(#6596,#6607,#6709,#6717,#6723,#6724,#6730,#6731));
#6596 = ORIENTED_EDGE('',*,*,#6597,.T.);
#6597 = EDGE_CURVE('',#6598,#6600,#6602,.T.);
#6598 = VERTEX_POINT('',#6599);
#6599 = CARTESIAN_POINT('',(16.368514718421,-23.1382902162,
    58.114929812191));
#6600 = VERTEX_POINT('',#6601);
#6601 = CARTESIAN_POINT('',(14.371335240688,-24.49463567966,
    56.962756383717));
#6602 = HYPERBOLA('',#6603,2.856071792181,2.556929963815);
#6603 = AXIS2_PLACEMENT_3D('',#6604,#6605,#6606);
#6604 = CARTESIAN_POINT('',(22.130334470699,-20.28063420292,
    61.341828545885));
#6605 = DIRECTION('',(-0.455918227947,-8.153982379808E-02,0.886278639346
    ));
#6606 = DIRECTION('',(-0.871002250498,0.245639075155,-0.425460367585));
#6607 = ORIENTED_EDGE('',*,*,#6608,.T.);
#6608 = EDGE_CURVE('',#6600,#6609,#6611,.T.);
#6609 = VERTEX_POINT('',#6610);
#6610 = CARTESIAN_POINT('',(9.443096647464,-22.18197487065,
    54.64034923085));
#6611 = B_SPLINE_CURVE_WITH_KNOTS('',6,(#6612,#6613,#6614,#6615,#6616,
    #6617,#6618,#6619,#6620,#6621,#6622,#6623,#6624,#6625,#6626,#6627,
    #6628,#6629,#6630,#6631,#6632,#6633,#6634,#6635,#6636,#6637,#6638,
    #6639,#6640,#6641,#6642,#6643,#6644,#6645,#6646,#6647,#6648,#6649,
    #6650,#6651,#6652,#6653,#6654,#6655,#6656,#6657,#6658,#6659,#6660,
    #6661,#6662,#6663,#6664,#6665,#6666,#6667,#6668,#6669,#6670,#6671,
    #6672,#6673,#6674,#6675,#6676,#6677,#6678,#6679,#6680,#6681,#6682,
    #6683,#6684,#6685,#6686,#6687,#6688,#6689,#6690,#6691,#6692,#6693,
    #6694,#6695,#6696,#6697,#6698,#6699,#6700,#6701,#6702,#6703,#6704,
    #6705,#6706,#6707,#6708),.UNSPECIFIED.,.F.,.F.,(7,5,5,5,5,5,5,5,5,5,
    5,5,5,5,5,5,5,5,5,7),(0.,3.20563942547E-02,9.984440414634E-02,
    0.14963969278,0.17185220811,0.20634999342,0.267473331527,
    0.337151869539,0.384239974943,0.500230680529,0.582146305545,
    0.616360454948,0.663555705516,0.73245257171,0.793640332601,
    0.828147192953,0.850358897746,0.900136530424,0.967861648429,1.),
  .UNSPECIFIED.);
#6612 = CARTESIAN_POINT('',(14.371335242367,-24.4946356708,
    56.962756385395));
#6613 = CARTESIAN_POINT('',(14.258746212458,-24.52112056786,
    56.902401816903));
#6614 = CARTESIAN_POINT('',(14.145322472813,-24.54393524813,
    56.841955527196));
#6615 = CARTESIAN_POINT('',(14.03117104489,-24.5630066219,
    56.781479294537));
#6616 = CARTESIAN_POINT('',(13.91640554885,-24.5782690072,
    56.721037610158));
#6617 = CARTESIAN_POINT('',(13.801146446589,-24.58966596821,
    56.660697634132));
#6618 = CARTESIAN_POINT('',(13.441014695823,-24.6129828059,
    56.473293951927));
#6619 = CARTESIAN_POINT('',(13.194841707082,-24.61132749362,
    56.34681027744));
#6620 = CARTESIAN_POINT('',(12.948257568024,-24.59174654349,
    56.221764302534));
#6621 = CARTESIAN_POINT('',(12.702557212246,-24.55405670706,
    56.098839024462));
#6622 = CARTESIAN_POINT('',(12.459072822439,-24.49833276536,
    55.978712862757));
#6623 = CARTESIAN_POINT('',(12.04293608769,-24.37110990088,
    55.776349198808));
#6624 = CARTESIAN_POINT('',(11.868619126033,-24.30771831384,
    55.692509491831));
#6625 = CARTESIAN_POINT('',(11.696745153748,-24.23497077187,
    55.61078727502));
#6626 = CARTESIAN_POINT('',(11.527807852603,-24.15310390365,
    55.531414737039));
#6627 = CARTESIAN_POINT('',(11.362265607513,-24.06242593673,
    55.454599321927));
#6628 = CARTESIAN_POINT('',(11.12840225548,-23.91909634317,
    55.347482337468));
#6629 = CARTESIAN_POINT('',(11.057020470942,-23.87320314935,
    55.314984506089));
#6630 = CARTESIAN_POINT('',(10.986434376498,-23.82566285847,
    55.283047529502));
#6631 = CARTESIAN_POINT('',(10.916678677897,-23.77650989763,
    55.251686093611));
#6632 = CARTESIAN_POINT('',(10.847786010733,-23.72578043755,
    55.220913658978));
#6633 = CARTESIAN_POINT('',(10.674179030073,-23.59233600315,
    55.143884214418));
#6634 = CARTESIAN_POINT('',(10.570726105634,-23.50744797824,
    55.098476012521));
#6635 = CARTESIAN_POINT('',(10.469543103074,-23.41899004014,
    55.054563941519));
#6636 = CARTESIAN_POINT('',(10.370731009023,-23.32711069731,
    55.012186287667));
#6637 = CARTESIAN_POINT('',(10.274378238377,-23.23196316507,
    54.971374437047));
#6638 = CARTESIAN_POINT('',(10.014337980965,-22.9596059712,
    54.862662423152));
#6639 = CARTESIAN_POINT('',(9.856076328358,-22.77573709219,
    54.798166074403));
#6640 = CARTESIAN_POINT('',(9.706202993608,-22.5829623671,
    54.738804192321));
#6641 = CARTESIAN_POINT('',(9.5650206558,-22.38215362115,54.684652270592
    ));
#6642 = CARTESIAN_POINT('',(9.432734190303,-22.17416388864,
    54.635737219652));
#6643 = CARTESIAN_POINT('',(9.168966100681,-21.71543779932,
    54.542253938169));
#6644 = CARTESIAN_POINT('',(9.040189825115,-21.46279529236,
    54.499252759798));
#6645 = CARTESIAN_POINT('',(8.92333172499,-21.20305969881,
    54.463035094187));
#6646 = CARTESIAN_POINT('',(8.818463412651,-20.93735015653,
    54.433534816612));
#6647 = CARTESIAN_POINT('',(8.725576363539,-20.66670344555,
    54.410652155556));
#6648 = CARTESIAN_POINT('',(8.589901384639,-20.20645382702,
    54.383202522812));
#6649 = CARTESIAN_POINT('',(8.54063488881,-20.01902588136,
    54.375102754305));
#6650 = CARTESIAN_POINT('',(8.496797698569,-19.83006359648,
    54.369937084643));
#6651 = CARTESIAN_POINT('',(8.458363972958,-19.63984312644,
    54.367666813901));
#6652 = CARTESIAN_POINT('',(8.425301904011,-19.44862600893,
    54.368251517356));
#6653 = CARTESIAN_POINT('',(8.329280255319,-18.78379119655,
    54.380022638848));
#6654 = CARTESIAN_POINT('',(8.293374557862,-18.30644660177,
    54.405468961472));
#6655 = CARTESIAN_POINT('',(8.289294313123,-17.82818198088,54.447371534)
  );
#6656 = CARTESIAN_POINT('',(8.316457343267,-17.35233077956,
    54.505124188082));
#6657 = CARTESIAN_POINT('',(8.374220791787,-16.88200667419,
    54.578109760449));
#6658 = CARTESIAN_POINT('',(8.524072929548,-16.09392942916,
    54.727701542215));
#6659 = CARTESIAN_POINT('',(8.601084582504,-15.77198544488,
    54.796937411585));
#6660 = CARTESIAN_POINT('',(8.692883634155,-15.45534144712,
    54.873292582223));
#6661 = CARTESIAN_POINT('',(8.799267979837,-15.14508455173,
    54.956563070386));
#6662 = CARTESIAN_POINT('',(8.920024803396,-14.8423373473,55.04653611856
    ));
#6663 = CARTESIAN_POINT('',(9.111266923372,-14.42542586858,
    55.183271510323));
#6664 = CARTESIAN_POINT('',(9.170076815703,-14.30410921856,
    55.224685844974));
#6665 = CARTESIAN_POINT('',(9.231335563377,-14.18439203293,
    55.267212761718));
#6666 = CARTESIAN_POINT('',(9.295024336371,-14.06636231361,
    55.310834477648));
#6667 = CARTESIAN_POINT('',(9.361122766036,-13.95011039281,
    55.355532203964));
#6668 = CARTESIAN_POINT('',(9.524079286687,-13.67795030209,
    55.464399471758));
#6669 = CARTESIAN_POINT('',(9.623092323096,-13.52373154421,
    55.52952212719));
#6670 = CARTESIAN_POINT('',(9.726590480799,-13.3733149509,
    55.596602203964));
#6671 = CARTESIAN_POINT('',(9.834507431505,-13.22695469418,
    55.665582197118));
#6672 = CARTESIAN_POINT('',(9.94676603028,-13.08491498335,
    55.736398113956));
#6673 = CARTESIAN_POINT('',(10.233360937527,-12.74681982967,
    55.914933457677));
#6674 = CARTESIAN_POINT('',(10.412503722471,-12.55596260684,
    56.024647176439));
#6675 = CARTESIAN_POINT('',(10.600425019819,-12.37574156324,
    56.137898170611));
#6676 = CARTESIAN_POINT('',(10.796769870256,-12.20706222853,
    56.254420531553));
#6677 = CARTESIAN_POINT('',(11.001085835382,-12.0508596984,
    56.373895485415));
#6678 = CARTESIAN_POINT('',(11.40082642376,-11.78125314936,
    56.604333952652));
#6679 = CARTESIAN_POINT('',(11.594686610433,-11.66501695563,
    56.71475325781));
#6680 = CARTESIAN_POINT('',(11.793970232812,-11.56001744869,
    56.826928676301));
#6681 = CARTESIAN_POINT('',(11.998185044585,-11.46691357215,
    56.940546363021));
#6682 = CARTESIAN_POINT('',(12.206743779098,-11.38632868676,
    57.055246866344));
#6683 = CARTESIAN_POINT('',(12.538624025127,-11.28073968177,
    57.235686691273));
#6684 = CARTESIAN_POINT('',(12.659458265643,-11.24682175383,
    57.300966606765));
#6685 = CARTESIAN_POINT('',(12.781327344702,-11.21715937788,
    57.366387341172));
#6686 = CARTESIAN_POINT('',(12.90409660386,-11.19184296095,
    57.431871306012));
#6687 = CARTESIAN_POINT('',(13.027621771433,-11.17095193883,
    57.497336976957));
#6688 = CARTESIAN_POINT('',(13.231647529787,-11.14399580524,
    57.604771655353));
#6689 = CARTESIAN_POINT('',(13.311796052622,-11.13530024277,
    57.646801560488));
#6690 = CARTESIAN_POINT('',(13.392152942615,-11.12848317942,
    57.688765827009));
#6691 = CARTESIAN_POINT('',(13.472675869156,-11.12355964049,
    57.730641296897));
#6692 = CARTESIAN_POINT('',(13.553321268911,-11.12054197662,
    57.772404424074));
#6693 = CARTESIAN_POINT('',(13.814949130403,-11.11696996917,
    57.907319299083));
#6694 = CARTESIAN_POINT('',(13.996250383108,-11.12412042149,
    57.999926178672));
#6695 = CARTESIAN_POINT('',(14.177433070885,-11.14099885463,
    58.091577067991));
#6696 = CARTESIAN_POINT('',(14.35797500723,-11.16763679205,
    58.182000444351));
#6697 = CARTESIAN_POINT('',(14.537348045668,-11.20398264467,
    58.270929365696));
#6698 = CARTESIAN_POINT('',(14.956750432504,-11.31236051519,
    58.476706727849));
#6699 = CARTESIAN_POINT('',(15.195364391506,-11.39254260937,
    58.592077238861));
#6700 = CARTESIAN_POINT('',(15.42949344548,-11.49008426561,
    58.703543508666));
#6701 = CARTESIAN_POINT('',(15.657916857182,-11.60434170816,
    58.810536796264));
#6702 = CARTESIAN_POINT('',(15.879539629686,-11.73445989647,
    58.912572480698));
#6703 = CARTESIAN_POINT('',(16.194876858418,-11.94814353094,
    59.055128398236));
#6704 = CARTESIAN_POINT('',(16.294616045031,-12.02024791945,
    59.099802310395));
#6705 = CARTESIAN_POINT('',(16.392512554561,-12.09557858218,
    59.14323148997));
#6706 = CARTESIAN_POINT('',(16.488477724896,-12.17401945172,
    59.185381006008));
#6707 = CARTESIAN_POINT('',(16.582432463242,-12.25544976121,
    59.226221282552));
#6708 = CARTESIAN_POINT('',(16.674306355878,-12.33974558537,
    59.265727498906));
#6709 = ORIENTED_EDGE('',*,*,#6710,.T.);
#6710 = EDGE_CURVE('',#6609,#6711,#6713,.T.);
#6711 = VERTEX_POINT('',#6712);
#6712 = CARTESIAN_POINT('',(2.236475979127,-37.78649880368,
    49.497474683058));
#6713 = LINE('',#6714,#6715);
#6714 = CARTESIAN_POINT('',(32.403163747308,27.533548264553,
    71.025386009903));
#6715 = VECTOR('',#6716,1.);
#6716 = DIRECTION('',(-0.401680562345,-0.869760493441,-0.28665207113));
#6717 = ORIENTED_EDGE('',*,*,#6718,.T.);
#6718 = EDGE_CURVE('',#6711,#6106,#6719,.T.);
#6719 = LINE('',#6720,#6721);
#6720 = CARTESIAN_POINT('',(1.389257187932,-33.04939646554,
    49.497474683058));
#6721 = VECTOR('',#6722,1.);
#6722 = DIRECTION('',(0.176053969518,-0.984380515765,-2.775557561563E-17
    ));
#6723 = ORIENTED_EDGE('',*,*,#6105,.T.);
#6724 = ORIENTED_EDGE('',*,*,#6725,.T.);
#6725 = EDGE_CURVE('',#6108,#2617,#6726,.T.);
#6726 = LINE('',#6727,#6728);
#6727 = CARTESIAN_POINT('',(-21.67200129042,-246.8744757826,
    17.961898680204));
#6728 = VECTOR('',#6729,1.);
#6729 = DIRECTION('',(0.183012701892,0.965925826289,0.183012701892));
#6730 = ORIENTED_EDGE('',*,*,#2616,.T.);
#6731 = ORIENTED_EDGE('',*,*,#6732,.F.);
#6732 = EDGE_CURVE('',#6598,#2608,#6733,.T.);
#6733 = ELLIPSE('',#6734,14.283642626522,4.5);
#6734 = AXIS2_PLACEMENT_3D('',#6735,#6736,#6737);
#6735 = CARTESIAN_POINT('',(14.636293173163,-18.167173104,
    57.681197860578));
#6736 = DIRECTION('',(-0.455918227947,-8.153982379808E-02,0.886278639346
    ));
#6737 = DIRECTION('',(0.871002250498,-0.245639075155,0.425460367585));
#6738 = PLANE('',#6739);
#6739 = AXIS2_PLACEMENT_3D('',#6740,#6741,#6742);
#6740 = CARTESIAN_POINT('',(19.567437737232,-9.096136382768,
    61.052428187781));
#6741 = DIRECTION('',(-0.455918227947,-8.153982379808E-02,0.886278639346
    ));
#6742 = DIRECTION('',(-0.889239732605,-3.469446951954E-18,
    -0.457441469433));
#6743 = ADVANCED_FACE('',(#6744),#6770,.T.);
#6744 = FACE_BOUND('',#6745,.T.);
#6745 = EDGE_LOOP('',(#6746,#6754,#6755,#6763));
#6746 = ORIENTED_EDGE('',*,*,#6747,.F.);
#6747 = EDGE_CURVE('',#2608,#6748,#6750,.T.);
#6748 = VERTEX_POINT('',#6749);
#6749 = CARTESIAN_POINT('',(21.999829610237,-16.37818283621,
    61.633729580861));
#6750 = LINE('',#6751,#6752);
#6751 = CARTESIAN_POINT('',(-21.67200129042,-246.8744757826,
    17.961898680204));
#6752 = VECTOR('',#6753,1.);
#6753 = DIRECTION('',(0.183012701892,0.965925826289,0.183012701892));
#6754 = ORIENTED_EDGE('',*,*,#2607,.T.);
#6755 = ORIENTED_EDGE('',*,*,#6756,.T.);
#6756 = EDGE_CURVE('',#2600,#6757,#6759,.T.);
#6757 = VERTEX_POINT('',#6758);
#6758 = CARTESIAN_POINT('',(22.279402630162,-16.7240673556,
    61.223087986695));
#6759 = LINE('',#6760,#6761);
#6760 = CARTESIAN_POINT('',(20.656759287978,-25.2882440213,
    59.600444644512));
#6761 = VECTOR('',#6762,1.);
#6762 = DIRECTION('',(0.183012701892,0.965925826289,0.183012701892));
#6763 = ORIENTED_EDGE('',*,*,#6764,.T.);
#6764 = EDGE_CURVE('',#6757,#6748,#6765,.T.);
#6765 = CIRCLE('',#6766,4.5);
#6766 = AXIS2_PLACEMENT_3D('',#6767,#6768,#6769);
#6767 = CARTESIAN_POINT('',(19.59905904885,-20.04775061223,
    62.643963736265));
#6768 = DIRECTION('',(0.683012701892,-0.258819045103,0.683012701892));
#6769 = DIRECTION('',(0.707106781187,0.,-0.707106781187));
#6770 = PLANE('',#6771);
#6771 = AXIS2_PLACEMENT_3D('',#6772,#6773,#6774);
#6772 = CARTESIAN_POINT('',(-400.2666293214,-483.6322598297,
    306.84015186508));
#6773 = DIRECTION('',(0.683012701892,-0.258819045103,0.683012701892));
#6774 = DIRECTION('',(0.707106781187,0.,-0.707106781187));
#6775 = ADVANCED_FACE('',(#6776),#6818,.T.);
#6776 = FACE_BOUND('',#6777,.T.);
#6777 = EDGE_LOOP('',(#6778,#6787,#6788,#6789,#6797,#6805,#6811));
#6778 = ORIENTED_EDGE('',*,*,#6779,.F.);
#6779 = EDGE_CURVE('',#2600,#6780,#6782,.T.);
#6780 = VERTEX_POINT('',#6781);
#6781 = CARTESIAN_POINT('',(22.781039564189,-20.04775061223,
    59.461983220926));
#6782 = CIRCLE('',#6783,4.5);
#6783 = AXIS2_PLACEMENT_3D('',#6784,#6785,#6786);
#6784 = CARTESIAN_POINT('',(19.59905904885,-20.04775061223,
    62.643963736265));
#6785 = DIRECTION('',(0.683012701892,-0.258819045103,0.683012701892));
#6786 = DIRECTION('',(0.707106781187,0.,-0.707106781187));
#6787 = ORIENTED_EDGE('',*,*,#2599,.F.);
#6788 = ORIENTED_EDGE('',*,*,#2591,.T.);
#6789 = ORIENTED_EDGE('',*,*,#6790,.T.);
#6790 = EDGE_CURVE('',#2584,#6791,#6793,.T.);
#6791 = VERTEX_POINT('',#6792);
#6792 = CARTESIAN_POINT('',(27.22546904358,-1.442087346256,
    62.067935069231));
#6793 = LINE('',#6794,#6795);
#6794 = CARTESIAN_POINT('',(-21.07957679758,-256.3921035781,
    13.762889228069));
#6795 = VECTOR('',#6796,1.);
#6796 = DIRECTION('',(0.183012701892,0.965925826289,0.183012701892));
#6797 = ORIENTED_EDGE('',*,*,#6798,.F.);
#6798 = EDGE_CURVE('',#6799,#6791,#6801,.T.);
#6799 = VERTEX_POINT('',#6800);
#6800 = CARTESIAN_POINT('',(25.174859378139,-1.442087346256,
    64.118544734672));
#6801 = LINE('',#6802,#6803);
#6802 = CARTESIAN_POINT('',(25.174859378139,-1.442087346256,
    64.118544734672));
#6803 = VECTOR('',#6804,1.);
#6804 = DIRECTION('',(0.707106781187,0.,-0.707106781187));
#6805 = ORIENTED_EDGE('',*,*,#6806,.F.);
#6806 = EDGE_CURVE('',#6757,#6799,#6807,.T.);
#6807 = LINE('',#6808,#6809);
#6808 = CARTESIAN_POINT('',(20.656759287978,-25.2882440213,
    59.600444644512));
#6809 = VECTOR('',#6810,1.);
#6810 = DIRECTION('',(0.183012701892,0.965925826289,0.183012701892));
#6811 = ORIENTED_EDGE('',*,*,#6812,.F.);
#6812 = EDGE_CURVE('',#6780,#6757,#6813,.T.);
#6813 = CIRCLE('',#6814,4.5);
#6814 = AXIS2_PLACEMENT_3D('',#6815,#6816,#6817);
#6815 = CARTESIAN_POINT('',(19.59905904885,-20.04775061223,
    62.643963736265));
#6816 = DIRECTION('',(0.683012701892,-0.258819045103,0.683012701892));
#6817 = DIRECTION('',(0.707106781187,0.,-0.707106781187));
#6818 = PLANE('',#6819);
#6819 = AXIS2_PLACEMENT_3D('',#6820,#6821,#6822);
#6820 = CARTESIAN_POINT('',(-400.2666293214,-483.6322598297,
    306.84015186508));
#6821 = DIRECTION('',(0.683012701892,-0.258819045103,0.683012701892));
#6822 = DIRECTION('',(0.707106781187,0.,-0.707106781187));
#6823 = ADVANCED_FACE('',(#6824),#6934,.T.);
#6824 = FACE_BOUND('',#6825,.T.);
#6825 = EDGE_LOOP('',(#6826,#6834,#6842,#6848,#6849,#6857,#6865,#6873,
    #6881,#6889,#6895,#6903,#6911,#6919,#6927,#6933));
#6826 = ORIENTED_EDGE('',*,*,#6827,.F.);
#6827 = EDGE_CURVE('',#6828,#2576,#6830,.T.);
#6828 = VERTEX_POINT('',#6829);
#6829 = CARTESIAN_POINT('',(17.467434313362,-27.44374162878,
    52.309900339013));
#6830 = LINE('',#6831,#6832);
#6831 = CARTESIAN_POINT('',(17.399133043173,-27.41785972427,
    52.241599068824));
#6832 = VECTOR('',#6833,1.);
#6833 = DIRECTION('',(0.683012701892,-0.258819045103,0.683012701892));
#6834 = ORIENTED_EDGE('',*,*,#6835,.T.);
#6835 = EDGE_CURVE('',#6828,#6836,#6838,.T.);
#6836 = VERTEX_POINT('',#6837);
#6837 = CARTESIAN_POINT('',(28.352062782794,30.004422566828,
    63.194528808446));
#6838 = LINE('',#6839,#6840);
#6839 = CARTESIAN_POINT('',(-25.58746063007,-254.6838978804,
    9.25500539558));
#6840 = VECTOR('',#6841,1.);
#6841 = DIRECTION('',(0.183012701892,0.965925826289,0.183012701892));
#6842 = ORIENTED_EDGE('',*,*,#6843,.T.);
#6843 = EDGE_CURVE('',#6836,#3614,#6844,.T.);
#6844 = LINE('',#6845,#6846);
#6845 = CARTESIAN_POINT('',(28.283761512605,30.030304471338,
    63.126227538256));
#6846 = VECTOR('',#6847,1.);
#6847 = DIRECTION('',(0.683012701892,-0.258819045103,0.683012701892));
#6848 = ORIENTED_EDGE('',*,*,#3613,.F.);
#6849 = ORIENTED_EDGE('',*,*,#6850,.F.);
#6850 = EDGE_CURVE('',#6851,#3606,#6853,.T.);
#6851 = VERTEX_POINT('',#6852);
#6852 = CARTESIAN_POINT('',(30.27001137668,24.618897336075,
    65.112477402332));
#6853 = LINE('',#6854,#6855);
#6854 = CARTESIAN_POINT('',(28.182095163493,25.410086839659,
    63.024561189144));
#6855 = VECTOR('',#6856,1.);
#6856 = DIRECTION('',(0.683012701892,-0.258819045103,0.683012701892));
#6857 = ORIENTED_EDGE('',*,*,#6858,.F.);
#6858 = EDGE_CURVE('',#6859,#6851,#6861,.T.);
#6859 = VERTEX_POINT('',#6860);
#6860 = CARTESIAN_POINT('',(28.903985972896,25.13653542628,
    63.746451998547));
#6861 = LINE('',#6862,#6863);
#6862 = CARTESIAN_POINT('',(28.182095163493,25.410086839659,
    63.024561189144));
#6863 = VECTOR('',#6864,1.);
#6864 = DIRECTION('',(0.683012701892,-0.258819045103,0.683012701892));
#6865 = ORIENTED_EDGE('',*,*,#6866,.T.);
#6866 = EDGE_CURVE('',#6859,#6867,#6869,.T.);
#6867 = VERTEX_POINT('',#6868);
#6868 = CARTESIAN_POINT('',(28.229152622472,21.574821103307,
    63.071618648123));
#6869 = LINE('',#6870,#6871);
#6870 = CARTESIAN_POINT('',(23.536033642225,-3.19507072386,
    58.378499667877));
#6871 = VECTOR('',#6872,1.);
#6872 = DIRECTION('',(-0.183012701892,-0.965925826289,-0.183012701892));
#6873 = ORIENTED_EDGE('',*,*,#6874,.T.);
#6874 = EDGE_CURVE('',#6867,#6875,#6877,.T.);
#6875 = VERTEX_POINT('',#6876);
#6876 = CARTESIAN_POINT('',(29.595178026256,21.057183013102,
    64.437644051908));
#6877 = LINE('',#6878,#6879);
#6878 = CARTESIAN_POINT('',(27.507261813069,21.848372516685,
    62.34972783872));
#6879 = VECTOR('',#6880,1.);
#6880 = DIRECTION('',(0.683012701892,-0.258819045103,0.683012701892));
#6881 = ORIENTED_EDGE('',*,*,#6882,.T.);
#6882 = EDGE_CURVE('',#6875,#6883,#6885,.T.);
#6883 = VERTEX_POINT('',#6884);
#6884 = CARTESIAN_POINT('',(31.361556106344,20.387836327876,
    66.204022131995));
#6885 = LINE('',#6886,#6887);
#6886 = CARTESIAN_POINT('',(27.507261813069,21.848372516685,
    62.34972783872));
#6887 = VECTOR('',#6888,1.);
#6888 = DIRECTION('',(0.683012701892,-0.258819045103,0.683012701892));
#6889 = ORIENTED_EDGE('',*,*,#6890,.F.);
#6890 = EDGE_CURVE('',#6791,#6883,#6891,.T.);
#6891 = LINE('',#6892,#6893);
#6892 = CARTESIAN_POINT('',(-21.07957679758,-256.3921035781,
    13.762889228069));
#6893 = VECTOR('',#6894,1.);
#6894 = DIRECTION('',(0.183012701892,0.965925826289,0.183012701892));
#6895 = ORIENTED_EDGE('',*,*,#6896,.F.);
#6896 = EDGE_CURVE('',#6897,#6791,#6899,.T.);
#6897 = VERTEX_POINT('',#6898);
#6898 = CARTESIAN_POINT('',(25.459090963492,-0.772740661031,
    60.301556989144));
#6899 = LINE('',#6900,#6901);
#6900 = CARTESIAN_POINT('',(23.371174750305,1.844884255211E-02,
    58.213640775956));
#6901 = VECTOR('',#6902,1.);
#6902 = DIRECTION('',(0.683012701892,-0.258819045103,0.683012701892));
#6903 = ORIENTED_EDGE('',*,*,#6904,.F.);
#6904 = EDGE_CURVE('',#6905,#6897,#6907,.T.);
#6905 = VERTEX_POINT('',#6906);
#6906 = CARTESIAN_POINT('',(24.093065559708,-0.255102570826,
    58.935531585359));
#6907 = LINE('',#6908,#6909);
#6908 = CARTESIAN_POINT('',(23.371174750305,1.844884255211E-02,
    58.213640775956));
#6909 = VECTOR('',#6910,1.);
#6910 = DIRECTION('',(0.683012701892,-0.258819045103,0.683012701892));
#6911 = ORIENTED_EDGE('',*,*,#6912,.T.);
#6912 = EDGE_CURVE('',#6905,#6913,#6915,.T.);
#6913 = VERTEX_POINT('',#6914);
#6914 = CARTESIAN_POINT('',(19.574965469547,-24.10125924587,
    54.417431495199));
#6915 = LINE('',#6916,#6917);
#6916 = CARTESIAN_POINT('',(19.208940065763,-26.03311089844,
    54.051406091414));
#6917 = VECTOR('',#6918,1.);
#6918 = DIRECTION('',(-0.183012701892,-0.965925826289,-0.183012701892));
#6919 = ORIENTED_EDGE('',*,*,#6920,.T.);
#6920 = EDGE_CURVE('',#6913,#6921,#6923,.T.);
#6921 = VERTEX_POINT('',#6922);
#6922 = CARTESIAN_POINT('',(20.940990873332,-24.61889733607,
    55.783456898983));
#6923 = LINE('',#6924,#6925);
#6924 = CARTESIAN_POINT('',(18.853074660144,-23.82770783249,
    53.695540685796));
#6925 = VECTOR('',#6926,1.);
#6926 = DIRECTION('',(0.683012701892,-0.258819045103,0.683012701892));
#6927 = ORIENTED_EDGE('',*,*,#6928,.T.);
#6928 = EDGE_CURVE('',#6921,#2584,#6929,.T.);
#6929 = LINE('',#6930,#6931);
#6930 = CARTESIAN_POINT('',(18.853074660144,-23.82770783249,
    53.695540685796));
#6931 = VECTOR('',#6932,1.);
#6932 = DIRECTION('',(0.683012701892,-0.258819045103,0.683012701892));
#6933 = ORIENTED_EDGE('',*,*,#2583,.F.);
#6934 = PLANE('',#6935);
#6935 = AXIS2_PLACEMENT_3D('',#6936,#6937,#6938);
#6936 = CARTESIAN_POINT('',(17.399133043173,-27.41785972427,
    52.241599068824));
#6937 = DIRECTION('',(0.707106781187,0.,-0.707106781187));
#6938 = DIRECTION('',(0.683012701892,-0.258819045103,0.683012701892));
#6939 = ADVANCED_FACE('',(#6940),#7075,.T.);
#6940 = FACE_BOUND('',#6941,.T.);
#6941 = EDGE_LOOP('',(#6942,#6950,#6956,#6957,#6958,#6966,#6974,#6982,
    #6990,#6996,#6997,#7005,#7013,#7021,#7029,#7035,#7036,#7044,#7052,
    #7060,#7068,#7074));
#6942 = ORIENTED_EDGE('',*,*,#6943,.F.);
#6943 = EDGE_CURVE('',#6944,#2472,#6946,.T.);
#6944 = VERTEX_POINT('',#6945);
#6945 = CARTESIAN_POINT('',(52.309900339013,-27.44374162878,
    17.467434313362));
#6946 = LINE('',#6947,#6948);
#6947 = CARTESIAN_POINT('',(52.241599068824,-27.41785972427,
    17.399133043173));
#6948 = VECTOR('',#6949,1.);
#6949 = DIRECTION('',(0.683012701892,-0.258819045103,0.683012701892));
#6950 = ORIENTED_EDGE('',*,*,#6951,.T.);
#6951 = EDGE_CURVE('',#6944,#6828,#6952,.T.);
#6952 = LINE('',#6953,#6954);
#6953 = CARTESIAN_POINT('',(-150.5986444768,-27.44374162878,
    220.37597912923));
#6954 = VECTOR('',#6955,1.);
#6955 = DIRECTION('',(-0.707106781187,0.,0.707106781187));
#6956 = ORIENTED_EDGE('',*,*,#6827,.T.);
#6957 = ORIENTED_EDGE('',*,*,#2575,.F.);
#6958 = ORIENTED_EDGE('',*,*,#6959,.T.);
#6959 = EDGE_CURVE('',#2568,#6960,#6962,.T.);
#6960 = VERTEX_POINT('',#6961);
#6961 = CARTESIAN_POINT('',(24.02731668417,-28.48260064123,
    51.233029473007));
#6962 = LINE('',#6963,#6964);
#6963 = CARTESIAN_POINT('',(21.939400470983,-27.69141113764,
    49.14511325982));
#6964 = VECTOR('',#6965,1.);
#6965 = DIRECTION('',(-0.683012701892,0.258819045103,-0.683012701892));
#6966 = ORIENTED_EDGE('',*,*,#6967,.T.);
#6967 = EDGE_CURVE('',#6960,#6968,#6970,.T.);
#6968 = VERTEX_POINT('',#6969);
#6969 = CARTESIAN_POINT('',(22.661291280386,-27.96496255102,
    49.867004069223));
#6970 = LINE('',#6971,#6972);
#6971 = CARTESIAN_POINT('',(21.939400470983,-27.69141113764,
    49.14511325982));
#6972 = VECTOR('',#6973,1.);
#6973 = DIRECTION('',(-0.683012701892,0.258819045103,-0.683012701892));
#6974 = ORIENTED_EDGE('',*,*,#6975,.T.);
#6975 = EDGE_CURVE('',#6968,#6976,#6978,.T.);
#6976 = VERTEX_POINT('',#6977);
#6977 = CARTESIAN_POINT('',(31.438143893206,-27.96496255102,
    41.090151456402));
#6978 = LINE('',#6979,#6980);
#6979 = CARTESIAN_POINT('',(20.752102971182,-27.96496255102,
    51.776192378426));
#6980 = VECTOR('',#6981,1.);
#6981 = DIRECTION('',(0.707106781187,0.,-0.707106781187));
#6982 = ORIENTED_EDGE('',*,*,#6983,.F.);
#6983 = EDGE_CURVE('',#6984,#6976,#6986,.T.);
#6984 = VERTEX_POINT('',#6985);
#6985 = CARTESIAN_POINT('',(32.80416929699,-28.48260064123,
    42.456176860187));
#6986 = LINE('',#6987,#6988);
#6987 = CARTESIAN_POINT('',(30.716253083803,-27.69141113764,
    40.368260646999));
#6988 = VECTOR('',#6989,1.);
#6989 = DIRECTION('',(-0.683012701892,0.258819045103,-0.683012701892));
#6990 = ORIENTED_EDGE('',*,*,#6991,.F.);
#6991 = EDGE_CURVE('',#2544,#6984,#6992,.T.);
#6992 = LINE('',#6993,#6994);
#6993 = CARTESIAN_POINT('',(30.716253083803,-27.69141113764,
    40.368260646999));
#6994 = VECTOR('',#6995,1.);
#6995 = DIRECTION('',(-0.683012701892,0.258819045103,-0.683012701892));
#6996 = ORIENTED_EDGE('',*,*,#2543,.F.);
#6997 = ORIENTED_EDGE('',*,*,#6998,.T.);
#6998 = EDGE_CURVE('',#2536,#6999,#7001,.T.);
#6999 = VERTEX_POINT('',#7000);
#7000 = CARTESIAN_POINT('',(42.420821521128,-28.48260064123,
    32.83952463605));
#7001 = LINE('',#7002,#7003);
#7002 = CARTESIAN_POINT('',(40.33290530794,-27.69141113764,
    30.751608422862));
#7003 = VECTOR('',#7004,1.);
#7004 = DIRECTION('',(-0.683012701892,0.258819045103,-0.683012701892));
#7005 = ORIENTED_EDGE('',*,*,#7006,.T.);
#7006 = EDGE_CURVE('',#6999,#7007,#7009,.T.);
#7007 = VERTEX_POINT('',#7008);
#7008 = CARTESIAN_POINT('',(41.054796117343,-27.96496255102,
    31.473499232265));
#7009 = LINE('',#7010,#7011);
#7010 = CARTESIAN_POINT('',(40.33290530794,-27.69141113764,
    30.751608422862));
#7011 = VECTOR('',#7012,1.);
#7012 = DIRECTION('',(-0.683012701892,0.258819045103,-0.683012701892));
#7013 = ORIENTED_EDGE('',*,*,#7014,.T.);
#7014 = EDGE_CURVE('',#7007,#7015,#7017,.T.);
#7015 = VERTEX_POINT('',#7016);
#7016 = CARTESIAN_POINT('',(44.609421906368,-27.96496255102,
    27.918873443241));
#7017 = LINE('',#7018,#7019);
#7018 = CARTESIAN_POINT('',(29.948855389661,-27.96496255102,
    42.579439959948));
#7019 = VECTOR('',#7020,1.);
#7020 = DIRECTION('',(0.707106781187,0.,-0.707106781187));
#7021 = ORIENTED_EDGE('',*,*,#7022,.F.);
#7022 = EDGE_CURVE('',#7023,#7015,#7025,.T.);
#7023 = VERTEX_POINT('',#7024);
#7024 = CARTESIAN_POINT('',(45.975447310152,-28.48260064123,
    29.284898847025));
#7025 = LINE('',#7026,#7027);
#7026 = CARTESIAN_POINT('',(43.887531096965,-27.69141113764,
    27.196982633838));
#7027 = VECTOR('',#7028,1.);
#7028 = DIRECTION('',(-0.683012701892,0.258819045103,-0.683012701892));
#7029 = ORIENTED_EDGE('',*,*,#7030,.F.);
#7030 = EDGE_CURVE('',#2512,#7023,#7031,.T.);
#7031 = LINE('',#7032,#7033);
#7032 = CARTESIAN_POINT('',(43.887531096965,-27.69141113764,
    27.196982633838));
#7033 = VECTOR('',#7034,1.);
#7034 = DIRECTION('',(-0.683012701892,0.258819045103,-0.683012701892));
#7035 = ORIENTED_EDGE('',*,*,#2511,.F.);
#7036 = ORIENTED_EDGE('',*,*,#7037,.T.);
#7037 = EDGE_CURVE('',#2504,#7038,#7040,.T.);
#7038 = VERTEX_POINT('',#7039);
#7039 = CARTESIAN_POINT('',(47.389660872525,-28.48260064123,
    27.870685284652));
#7040 = LINE('',#7041,#7042);
#7041 = CARTESIAN_POINT('',(45.301744659338,-27.69141113764,
    25.782769071465));
#7042 = VECTOR('',#7043,1.);
#7043 = DIRECTION('',(-0.683012701892,0.258819045103,-0.683012701892));
#7044 = ORIENTED_EDGE('',*,*,#7045,.T.);
#7045 = EDGE_CURVE('',#7038,#7046,#7048,.T.);
#7046 = VERTEX_POINT('',#7047);
#7047 = CARTESIAN_POINT('',(46.023635468741,-27.96496255102,
    26.504659880867));
#7048 = LINE('',#7049,#7050);
#7049 = CARTESIAN_POINT('',(45.301744659338,-27.69141113764,
    25.782769071465));
#7050 = VECTOR('',#7051,1.);
#7051 = DIRECTION('',(-0.683012701892,0.258819045103,-0.683012701892));
#7052 = ORIENTED_EDGE('',*,*,#7053,.T.);
#7053 = EDGE_CURVE('',#7046,#7054,#7056,.T.);
#7054 = VERTEX_POINT('',#7055);
#7055 = CARTESIAN_POINT('',(49.867004069223,-27.96496255102,
    22.661291280386));
#7056 = LINE('',#7057,#7058);
#7057 = CARTESIAN_POINT('',(32.43327506536,-27.96496255102,
    40.095020284249));
#7058 = VECTOR('',#7059,1.);
#7059 = DIRECTION('',(0.707106781187,0.,-0.707106781187));
#7060 = ORIENTED_EDGE('',*,*,#7061,.F.);
#7061 = EDGE_CURVE('',#7062,#7054,#7064,.T.);
#7062 = VERTEX_POINT('',#7063);
#7063 = CARTESIAN_POINT('',(51.233029473007,-28.48260064123,
    24.02731668417));
#7064 = LINE('',#7065,#7066);
#7065 = CARTESIAN_POINT('',(49.14511325982,-27.69141113764,
    21.939400470983));
#7066 = VECTOR('',#7067,1.);
#7067 = DIRECTION('',(-0.683012701892,0.258819045103,-0.683012701892));
#7068 = ORIENTED_EDGE('',*,*,#7069,.F.);
#7069 = EDGE_CURVE('',#2480,#7062,#7070,.T.);
#7070 = LINE('',#7071,#7072);
#7071 = CARTESIAN_POINT('',(49.14511325982,-27.69141113764,
    21.939400470983));
#7072 = VECTOR('',#7073,1.);
#7073 = DIRECTION('',(-0.683012701892,0.258819045103,-0.683012701892));
#7074 = ORIENTED_EDGE('',*,*,#2479,.F.);
#7075 = PLANE('',#7076);
#7076 = AXIS2_PLACEMENT_3D('',#7077,#7078,#7079);
#7077 = CARTESIAN_POINT('',(17.399133043173,-27.41785972427,
    52.241599068824));
#7078 = DIRECTION('',(0.183012701892,0.965925826289,0.183012701892));
#7079 = DIRECTION('',(0.683012701892,-0.258819045103,0.683012701892));
#7080 = ADVANCED_FACE('',(#7081),#7092,.T.);
#7081 = FACE_BOUND('',#7082,.T.);
#7082 = EDGE_LOOP('',(#7083,#7089,#7090,#7091));
#7083 = ORIENTED_EDGE('',*,*,#7084,.T.);
#7084 = EDGE_CURVE('',#2544,#2568,#7085,.T.);
#7085 = LINE('',#7086,#7087);
#7086 = CARTESIAN_POINT('',(-146.0907606443,-29.15194732645,
    224.88386296172));
#7087 = VECTOR('',#7088,1.);
#7088 = DIRECTION('',(-0.707106781187,0.,0.707106781187));
#7089 = ORIENTED_EDGE('',*,*,#2567,.F.);
#7090 = ORIENTED_EDGE('',*,*,#2559,.T.);
#7091 = ORIENTED_EDGE('',*,*,#2551,.T.);
#7092 = PLANE('',#7093);
#7093 = AXIS2_PLACEMENT_3D('',#7094,#7095,#7096);
#7094 = CARTESIAN_POINT('',(-400.2666293214,-483.6322598297,
    306.84015186508));
#7095 = DIRECTION('',(0.683012701892,-0.258819045103,0.683012701892));
#7096 = DIRECTION('',(0.707106781187,0.,-0.707106781187));
#7097 = ADVANCED_FACE('',(#7098),#7109,.T.);
#7098 = FACE_BOUND('',#7099,.T.);
#7099 = EDGE_LOOP('',(#7100,#7101,#7107,#7108));
#7100 = ORIENTED_EDGE('',*,*,#2519,.T.);
#7101 = ORIENTED_EDGE('',*,*,#7102,.T.);
#7102 = EDGE_CURVE('',#2512,#2536,#7103,.T.);
#7103 = LINE('',#7104,#7105);
#7104 = CARTESIAN_POINT('',(-146.0907606443,-29.15194732645,
    224.88386296172));
#7105 = VECTOR('',#7106,1.);
#7106 = DIRECTION('',(-0.707106781187,0.,0.707106781187));
#7107 = ORIENTED_EDGE('',*,*,#2535,.F.);
#7108 = ORIENTED_EDGE('',*,*,#2527,.T.);
#7109 = PLANE('',#7110);
#7110 = AXIS2_PLACEMENT_3D('',#7111,#7112,#7113);
#7111 = CARTESIAN_POINT('',(-400.2666293214,-483.6322598297,
    306.84015186508));
#7112 = DIRECTION('',(0.683012701892,-0.258819045103,0.683012701892));
#7113 = DIRECTION('',(0.707106781187,0.,-0.707106781187));
#7114 = ADVANCED_FACE('',(#7115),#7126,.T.);
#7115 = FACE_BOUND('',#7116,.T.);
#7116 = EDGE_LOOP('',(#7117,#7118,#7124,#7125));
#7117 = ORIENTED_EDGE('',*,*,#2487,.T.);
#7118 = ORIENTED_EDGE('',*,*,#7119,.T.);
#7119 = EDGE_CURVE('',#2480,#2504,#7120,.T.);
#7120 = LINE('',#7121,#7122);
#7121 = CARTESIAN_POINT('',(-146.0907606443,-29.15194732645,
    224.88386296172));
#7122 = VECTOR('',#7123,1.);
#7123 = DIRECTION('',(-0.707106781187,0.,0.707106781187));
#7124 = ORIENTED_EDGE('',*,*,#2503,.F.);
#7125 = ORIENTED_EDGE('',*,*,#2495,.T.);
#7126 = PLANE('',#7127);
#7127 = AXIS2_PLACEMENT_3D('',#7128,#7129,#7130);
#7128 = CARTESIAN_POINT('',(-400.2666293214,-483.6322598297,
    306.84015186508));
#7129 = DIRECTION('',(0.683012701892,-0.258819045103,0.683012701892));
#7130 = DIRECTION('',(0.707106781187,0.,-0.707106781187));
#7131 = ADVANCED_FACE('',(#7132),#7174,.F.);
#7132 = FACE_BOUND('',#7133,.F.);
#7133 = EDGE_LOOP('',(#7134,#7135,#7143,#7151,#7159,#7167,#7173));
#7134 = ORIENTED_EDGE('',*,*,#6943,.F.);
#7135 = ORIENTED_EDGE('',*,*,#7136,.T.);
#7136 = EDGE_CURVE('',#6944,#7137,#7139,.T.);
#7137 = VERTEX_POINT('',#7138);
#7138 = CARTESIAN_POINT('',(55.114815598557,-12.63963206844,
    20.272349572906));
#7139 = LINE('',#7140,#7141);
#7140 = CARTESIAN_POINT('',(9.25500539558,-254.6838978804,
    -25.58746063007));
#7141 = VECTOR('',#7142,1.);
#7142 = DIRECTION('',(0.183012701892,0.965925826289,0.183012701892));
#7143 = ORIENTED_EDGE('',*,*,#7144,.T.);
#7144 = EDGE_CURVE('',#7137,#7145,#7147,.T.);
#7145 = VERTEX_POINT('',#7146);
#7146 = CARTESIAN_POINT('',(56.490295947174,-13.16085299068,
    21.647829921523));
#7147 = LINE('',#7148,#7149);
#7148 = CARTESIAN_POINT('',(55.107985471538,-12.63704387799,
    20.265519445887));
#7149 = VECTOR('',#7150,1.);
#7150 = DIRECTION('',(0.683012701892,-0.258819045103,0.683012701892));
#7151 = ORIENTED_EDGE('',*,*,#7152,.T.);
#7152 = EDGE_CURVE('',#7145,#7153,#7155,.T.);
#7153 = VERTEX_POINT('',#7154);
#7154 = CARTESIAN_POINT('',(54.417431495199,-24.10125924587,
    19.574965469547));
#7155 = LINE('',#7156,#7157);
#7156 = CARTESIAN_POINT('',(54.051406091414,-26.03311089844,
    19.208940065763));
#7157 = VECTOR('',#7158,1.);
#7158 = DIRECTION('',(-0.183012701892,-0.965925826289,-0.183012701892));
#7159 = ORIENTED_EDGE('',*,*,#7160,.T.);
#7160 = EDGE_CURVE('',#7153,#7161,#7163,.T.);
#7161 = VERTEX_POINT('',#7162);
#7162 = CARTESIAN_POINT('',(55.783456898983,-24.61889733607,
    20.940990873332));
#7163 = LINE('',#7164,#7165);
#7164 = CARTESIAN_POINT('',(53.695540685796,-23.82770783249,
    18.853074660144));
#7165 = VECTOR('',#7166,1.);
#7166 = DIRECTION('',(0.683012701892,-0.258819045103,0.683012701892));
#7167 = ORIENTED_EDGE('',*,*,#7168,.T.);
#7168 = EDGE_CURVE('',#7161,#2464,#7169,.T.);
#7169 = LINE('',#7170,#7171);
#7170 = CARTESIAN_POINT('',(53.695540685796,-23.82770783249,
    18.853074660144));
#7171 = VECTOR('',#7172,1.);
#7172 = DIRECTION('',(0.683012701892,-0.258819045103,0.683012701892));
#7173 = ORIENTED_EDGE('',*,*,#2471,.F.);
#7174 = PLANE('',#7175);
#7175 = AXIS2_PLACEMENT_3D('',#7176,#7177,#7178);
#7176 = CARTESIAN_POINT('',(52.241599068824,-27.41785972427,
    17.399133043173));
#7177 = DIRECTION('',(0.707106781187,0.,-0.707106781187));
#7178 = DIRECTION('',(0.683012701892,-0.258819045103,0.683012701892));
#7179 = ADVANCED_FACE('',(#7180),#7232,.T.);
#7180 = FACE_BOUND('',#7181,.T.);
#7181 = EDGE_LOOP('',(#7182,#7183,#7192,#7200,#7207,#7208,#7209,#7217,
    #7225,#7231));
#7182 = ORIENTED_EDGE('',*,*,#2455,.T.);
#7183 = ORIENTED_EDGE('',*,*,#7184,.F.);
#7184 = EDGE_CURVE('',#7185,#2447,#7187,.T.);
#7185 = VERTEX_POINT('',#7186);
#7186 = CARTESIAN_POINT('',(61.223087986695,-16.7240673556,
    22.279402630162));
#7187 = CIRCLE('',#7188,4.5);
#7188 = AXIS2_PLACEMENT_3D('',#7189,#7190,#7191);
#7189 = CARTESIAN_POINT('',(62.643963736265,-20.04775061223,
    19.59905904885));
#7190 = DIRECTION('',(0.683012701892,-0.258819045103,0.683012701892));
#7191 = DIRECTION('',(0.707106781187,0.,-0.707106781187));
#7192 = ORIENTED_EDGE('',*,*,#7193,.T.);
#7193 = EDGE_CURVE('',#7185,#7194,#7196,.T.);
#7194 = VERTEX_POINT('',#7195);
#7195 = CARTESIAN_POINT('',(67.650153634427,17.197450835274,
    28.706468277893));
#7196 = LINE('',#7197,#7198);
#7197 = CARTESIAN_POINT('',(59.600444644512,-25.2882440213,
    20.656759287978));
#7198 = VECTOR('',#7199,1.);
#7199 = DIRECTION('',(0.183012701892,0.965925826289,0.183012701892));
#7200 = ORIENTED_EDGE('',*,*,#7201,.F.);
#7201 = EDGE_CURVE('',#3513,#7194,#7202,.T.);
#7202 = CIRCLE('',#7203,4.5);
#7203 = AXIS2_PLACEMENT_3D('',#7204,#7205,#7206);
#7204 = CARTESIAN_POINT('',(70.330497215738,20.521134091904,
    27.285592528323));
#7205 = DIRECTION('',(0.683012701892,-0.258819045103,0.683012701892));
#7206 = DIRECTION('',(0.707106781187,0.,-0.707106781187));
#7207 = ORIENTED_EDGE('',*,*,#3512,.T.);
#7208 = ORIENTED_EDGE('',*,*,#3701,.F.);
#7209 = ORIENTED_EDGE('',*,*,#7210,.F.);
#7210 = EDGE_CURVE('',#7211,#3694,#7213,.T.);
#7211 = VERTEX_POINT('',#7212);
#7212 = CARTESIAN_POINT('',(62.294684878672,-0.245320702298,
    27.452218853021));
#7213 = LINE('',#7214,#7215);
#7214 = CARTESIAN_POINT('',(13.762889228069,-256.3921035781,
    -21.07957679758));
#7215 = VECTOR('',#7216,1.);
#7216 = DIRECTION('',(0.183012701892,0.965925826289,0.183012701892));
#7217 = ORIENTED_EDGE('',*,*,#7218,.F.);
#7218 = EDGE_CURVE('',#7219,#7211,#7221,.T.);
#7219 = VERTEX_POINT('',#7220);
#7220 = CARTESIAN_POINT('',(59.622699431046,-14.34783776611,
    24.780233405395));
#7221 = LINE('',#7222,#7223);
#7222 = CARTESIAN_POINT('',(13.762889228069,-256.3921035781,
    -21.07957679758));
#7223 = VECTOR('',#7224,1.);
#7224 = DIRECTION('',(0.183012701892,0.965925826289,0.183012701892));
#7225 = ORIENTED_EDGE('',*,*,#7226,.F.);
#7226 = EDGE_CURVE('',#2464,#7219,#7227,.T.);
#7227 = LINE('',#7228,#7229);
#7228 = CARTESIAN_POINT('',(13.762889228069,-256.3921035781,
    -21.07957679758));
#7229 = VECTOR('',#7230,1.);
#7230 = DIRECTION('',(0.183012701892,0.965925826289,0.183012701892));
#7231 = ORIENTED_EDGE('',*,*,#2463,.T.);
#7232 = PLANE('',#7233);
#7233 = AXIS2_PLACEMENT_3D('',#7234,#7235,#7236);
#7234 = CARTESIAN_POINT('',(-400.2666293214,-483.6322598297,
    306.84015186508));
#7235 = DIRECTION('',(0.683012701892,-0.258819045103,0.683012701892));
#7236 = DIRECTION('',(0.707106781187,0.,-0.707106781187));
#7237 = ADVANCED_FACE('',(#7238),#7262,.T.);
#7238 = FACE_BOUND('',#7239,.T.);
#7239 = EDGE_LOOP('',(#7240,#7241,#7249,#7256));
#7240 = ORIENTED_EDGE('',*,*,#2446,.T.);
#7241 = ORIENTED_EDGE('',*,*,#7242,.F.);
#7242 = EDGE_CURVE('',#7243,#889,#7245,.T.);
#7243 = VERTEX_POINT('',#7244);
#7244 = CARTESIAN_POINT('',(61.633729580861,-16.37818283621,
    21.999829610236));
#7245 = LINE('',#7246,#7247);
#7246 = CARTESIAN_POINT('',(17.961898680205,-246.8744757826,
    -21.67200129042));
#7247 = VECTOR('',#7248,1.);
#7248 = DIRECTION('',(-0.183012701892,-0.965925826289,-0.183012701892));
#7249 = ORIENTED_EDGE('',*,*,#7250,.T.);
#7250 = EDGE_CURVE('',#7243,#7185,#7251,.T.);
#7251 = CIRCLE('',#7252,4.5);
#7252 = AXIS2_PLACEMENT_3D('',#7253,#7254,#7255);
#7253 = CARTESIAN_POINT('',(62.643963736265,-20.04775061223,
    19.59905904885));
#7254 = DIRECTION('',(0.683012701892,-0.258819045103,0.683012701892));
#7255 = DIRECTION('',(0.707106781187,0.,-0.707106781187));
#7256 = ORIENTED_EDGE('',*,*,#7257,.F.);
#7257 = EDGE_CURVE('',#2447,#7185,#7258,.T.);
#7258 = LINE('',#7259,#7260);
#7259 = CARTESIAN_POINT('',(59.600444644512,-25.2882440213,
    20.656759287978));
#7260 = VECTOR('',#7261,1.);
#7261 = DIRECTION('',(0.183012701892,0.965925826289,0.183012701892));
#7262 = PLANE('',#7263);
#7263 = AXIS2_PLACEMENT_3D('',#7264,#7265,#7266);
#7264 = CARTESIAN_POINT('',(-400.2666293214,-483.6322598297,
    306.84015186508));
#7265 = DIRECTION('',(0.683012701892,-0.258819045103,0.683012701892));
#7266 = DIRECTION('',(0.707106781187,0.,-0.707106781187));
#7267 = ADVANCED_FACE('',(#7268),#7273,.F.);
#7268 = FACE_BOUND('',#7269,.F.);
#7269 = EDGE_LOOP('',(#7270,#7271,#7272));
#7270 = ORIENTED_EDGE('',*,*,#2438,.T.);
#7271 = ORIENTED_EDGE('',*,*,#2756,.T.);
#7272 = ORIENTED_EDGE('',*,*,#6531,.F.);
#7273 = CONICAL_SURFACE('',#7274,4.7,0.785398163397);
#7274 = AXIS2_PLACEMENT_3D('',#7275,#7276,#7277);
#7275 = CARTESIAN_POINT('',(62.643963736265,-20.04775061223,
    19.59905904885));
#7276 = DIRECTION('',(0.683012701892,-0.258819045103,0.683012701892));
#7277 = DIRECTION('',(0.707106781187,0.,-0.707106781187));
#7278 = ADVANCED_FACE('',(#7279),#7305,.T.);
#7279 = FACE_BOUND('',#7280,.T.);
#7280 = EDGE_LOOP('',(#7281,#7288,#7289,#7298));
#7281 = ORIENTED_EDGE('',*,*,#7282,.F.);
#7282 = EDGE_CURVE('',#2658,#7243,#7283,.T.);
#7283 = CIRCLE('',#7284,4.5);
#7284 = AXIS2_PLACEMENT_3D('',#7285,#7286,#7287);
#7285 = CARTESIAN_POINT('',(62.643963736265,-20.04775061223,
    19.59905904885));
#7286 = DIRECTION('',(0.683012701892,-0.258819045103,0.683012701892));
#7287 = DIRECTION('',(0.707106781187,0.,-0.707106781187));
#7288 = ORIENTED_EDGE('',*,*,#2655,.F.);
#7289 = ORIENTED_EDGE('',*,*,#7290,.T.);
#7290 = EDGE_CURVE('',#2656,#7291,#7293,.T.);
#7291 = VERTEX_POINT('',#7292);
#7292 = CARTESIAN_POINT('',(59.727393749664,-14.62783960234,
    17.980978655894));
#7293 = CIRCLE('',#7294,4.5);
#7294 = AXIS2_PLACEMENT_3D('',#7295,#7296,#7297);
#7295 = CARTESIAN_POINT('',(59.57040657775,-18.88306490927,
    16.525501890335));
#7296 = DIRECTION('',(0.683012701892,-0.258819045103,0.683012701892));
#7297 = DIRECTION('',(0.707106781187,0.,-0.707106781187));
#7298 = ORIENTED_EDGE('',*,*,#7299,.T.);
#7299 = EDGE_CURVE('',#7291,#7243,#7300,.T.);
#7300 = ELLIPSE('',#7301,14.283642626522,4.5);
#7301 = AXIS2_PLACEMENT_3D('',#7302,#7303,#7304);
#7302 = CARTESIAN_POINT('',(57.681197860578,-18.167173104,
    14.636293173163));
#7303 = DIRECTION('',(0.886278639346,-8.153982379808E-02,-0.455918227947
    ));
#7304 = DIRECTION('',(0.425460367585,-0.245639075155,0.871002250498));
#7305 = CYLINDRICAL_SURFACE('',#7306,4.5);
#7306 = AXIS2_PLACEMENT_3D('',#7307,#7308,#7309);
#7307 = CARTESIAN_POINT('',(58.204381173966,-18.36542681907,
    15.15947648655));
#7308 = DIRECTION('',(0.683012701892,-0.258819045103,0.683012701892));
#7309 = DIRECTION('',(0.707106781187,0.,-0.707106781187));
#7310 = ADVANCED_FACE('',(#7311,#7316),#7327,.T.);
#7311 = FACE_BOUND('',#7312,.T.);
#7312 = EDGE_LOOP('',(#7313,#7314,#7315));
#7313 = ORIENTED_EDGE('',*,*,#2665,.T.);
#7314 = ORIENTED_EDGE('',*,*,#7282,.T.);
#7315 = ORIENTED_EDGE('',*,*,#7242,.T.);
#7316 = FACE_BOUND('',#7317,.T.);
#7317 = EDGE_LOOP('',(#7318));
#7318 = ORIENTED_EDGE('',*,*,#7319,.F.);
#7319 = EDGE_CURVE('',#7320,#7320,#7322,.T.);
#7320 = VERTEX_POINT('',#7321);
#7321 = CARTESIAN_POINT('',(63.846045264282,-20.04775061223,
    18.396977520833));
#7322 = CIRCLE('',#7323,1.7);
#7323 = AXIS2_PLACEMENT_3D('',#7324,#7325,#7326);
#7324 = CARTESIAN_POINT('',(62.643963736265,-20.04775061223,
    19.59905904885));
#7325 = DIRECTION('',(0.683012701892,-0.258819045103,0.683012701892));
#7326 = DIRECTION('',(0.707106781187,0.,-0.707106781187));
#7327 = PLANE('',#7328);
#7328 = AXIS2_PLACEMENT_3D('',#7329,#7330,#7331);
#7329 = CARTESIAN_POINT('',(62.643963736265,-20.04775061223,
    19.59905904885));
#7330 = DIRECTION('',(0.683012701892,-0.258819045103,0.683012701892));
#7331 = DIRECTION('',(0.707106781187,0.,-0.707106781187));
#7332 = ADVANCED_FACE('',(#7333),#7345,.T.);
#7333 = FACE_BOUND('',#7334,.T.);
#7334 = EDGE_LOOP('',(#7335,#7336,#7337,#7344));
#7335 = ORIENTED_EDGE('',*,*,#2697,.F.);
#7336 = ORIENTED_EDGE('',*,*,#2850,.T.);
#7337 = ORIENTED_EDGE('',*,*,#7338,.F.);
#7338 = EDGE_CURVE('',#7291,#2796,#7339,.T.);
#7339 = HYPERBOLA('',#7340,2.856071792181,2.556929963815);
#7340 = AXIS2_PLACEMENT_3D('',#7341,#7342,#7343);
#7341 = CARTESIAN_POINT('',(61.341828545885,-20.28063420292,
    22.130334470699));
#7342 = DIRECTION('',(0.886278639346,-8.153982379808E-02,-0.455918227947
    ));
#7343 = DIRECTION('',(-0.425460367585,0.245639075155,-0.871002250498));
#7344 = ORIENTED_EDGE('',*,*,#7290,.F.);
#7345 = CONICAL_SURFACE('',#7346,6.3,0.785398163397);
#7346 = AXIS2_PLACEMENT_3D('',#7347,#7348,#7349);
#7347 = CARTESIAN_POINT('',(58.340983714344,-18.41719062809,
    15.296079026929));
#7348 = DIRECTION('',(-0.683012701892,0.258819045103,-0.683012701892));
#7349 = DIRECTION('',(0.707106781187,0.,-0.707106781187));
#7350 = ADVANCED_FACE('',(#7351),#7380,.T.);
#7351 = FACE_BOUND('',#7352,.T.);
#7352 = EDGE_LOOP('',(#7353,#7361,#7362,#7363,#7364,#7365,#7366,#7374));
#7353 = ORIENTED_EDGE('',*,*,#7354,.T.);
#7354 = EDGE_CURVE('',#7355,#7243,#7357,.T.);
#7355 = VERTEX_POINT('',#7356);
#7356 = CARTESIAN_POINT('',(61.676720267657,-16.15128156522,
    22.042820297032));
#7357 = LINE('',#7358,#7359);
#7358 = CARTESIAN_POINT('',(17.961898680205,-246.8744757826,
    -21.67200129042));
#7359 = VECTOR('',#7360,1.);
#7360 = DIRECTION('',(-0.183012701892,-0.965925826289,-0.183012701892));
#7361 = ORIENTED_EDGE('',*,*,#7299,.F.);
#7362 = ORIENTED_EDGE('',*,*,#7338,.T.);
#7363 = ORIENTED_EDGE('',*,*,#2795,.T.);
#7364 = ORIENTED_EDGE('',*,*,#2891,.T.);
#7365 = ORIENTED_EDGE('',*,*,#2936,.F.);
#7366 = ORIENTED_EDGE('',*,*,#7367,.T.);
#7367 = EDGE_CURVE('',#2928,#7368,#7370,.T.);
#7368 = VERTEX_POINT('',#7369);
#7369 = CARTESIAN_POINT('',(67.886735967556,16.624665044893,
    28.252835996931));
#7370 = LINE('',#7371,#7372);
#7371 = CARTESIAN_POINT('',(17.961898680205,-246.8744757826,
    -21.67200129042));
#7372 = VECTOR('',#7373,1.);
#7373 = DIRECTION('',(-0.183012701892,-0.965925826289,-0.183012701892));
#7374 = ORIENTED_EDGE('',*,*,#7375,.T.);
#7375 = EDGE_CURVE('',#7368,#7355,#7376,.T.);
#7376 = LINE('',#7377,#7378);
#7377 = CARTESIAN_POINT('',(17.961898680205,-246.8744757826,
    -21.67200129042));
#7378 = VECTOR('',#7379,1.);
#7379 = DIRECTION('',(-0.183012701892,-0.965925826289,-0.183012701892));
#7380 = PLANE('',#7381);
#7381 = AXIS2_PLACEMENT_3D('',#7382,#7383,#7384);
#7382 = CARTESIAN_POINT('',(61.052428187781,-9.096136382768,
    19.567437737232));
#7383 = DIRECTION('',(0.886278639346,-8.153982379808E-02,-0.455918227947
    ));
#7384 = DIRECTION('',(0.457441469433,0.,0.889239732605));
#7385 = ADVANCED_FACE('',(#7386,#7413),#7424,.T.);
#7386 = FACE_BOUND('',#7387,.T.);
#7387 = EDGE_LOOP('',(#7388,#7389,#7390,#7398,#7407));
#7388 = ORIENTED_EDGE('',*,*,#2927,.T.);
#7389 = ORIENTED_EDGE('',*,*,#3494,.T.);
#7390 = ORIENTED_EDGE('',*,*,#7391,.T.);
#7391 = EDGE_CURVE('',#1038,#7392,#7394,.T.);
#7392 = VERTEX_POINT('',#7393);
#7393 = CARTESIAN_POINT('',(68.779310506474,21.470732553038,
    29.196617592366));
#7394 = LINE('',#7395,#7396);
#7395 = CARTESIAN_POINT('',(29.026003877037,-230.4413997307,
    -26.50899967054));
#7396 = VECTOR('',#7397,1.);
#7397 = DIRECTION('',(-0.152286747966,-0.965023608131,-0.213396771632));
#7398 = ORIENTED_EDGE('',*,*,#7399,.F.);
#7399 = EDGE_CURVE('',#7400,#7392,#7402,.T.);
#7400 = VERTEX_POINT('',#7401);
#7401 = CARTESIAN_POINT('',(68.504275741834,19.883988635927,
    28.87037577121));
#7402 = ELLIPSE('',#7403,10.202859313052,2.5);
#7403 = AXIS2_PLACEMENT_3D('',#7404,#7405,#7406);
#7404 = CARTESIAN_POINT('',(67.209984049418,22.883567465741,
    31.301320012387));
#7405 = DIRECTION('',(0.683012701892,-0.258819045103,0.683012701892));
#7406 = DIRECTION('',(0.123044852784,0.962520559205,0.241690168007));
#7407 = ORIENTED_EDGE('',*,*,#7408,.T.);
#7408 = EDGE_CURVE('',#7400,#2928,#7409,.T.);
#7409 = LINE('',#7410,#7411);
#7410 = CARTESIAN_POINT('',(17.961898680205,-246.8744757826,
    -21.67200129042));
#7411 = VECTOR('',#7412,1.);
#7412 = DIRECTION('',(-0.183012701892,-0.965925826289,-0.183012701892));
#7413 = FACE_BOUND('',#7414,.T.);
#7414 = EDGE_LOOP('',(#7415));
#7415 = ORIENTED_EDGE('',*,*,#7416,.F.);
#7416 = EDGE_CURVE('',#7417,#7417,#7419,.T.);
#7417 = VERTEX_POINT('',#7418);
#7418 = CARTESIAN_POINT('',(71.532578743756,20.521134091904,
    26.083511000306));
#7419 = CIRCLE('',#7420,1.7);
#7420 = AXIS2_PLACEMENT_3D('',#7421,#7422,#7423);
#7421 = CARTESIAN_POINT('',(70.330497215738,20.521134091904,
    27.285592528323));
#7422 = DIRECTION('',(0.683012701892,-0.258819045103,0.683012701892));
#7423 = DIRECTION('',(0.707106781187,0.,-0.707106781187));
#7424 = PLANE('',#7425);
#7425 = AXIS2_PLACEMENT_3D('',#7426,#7427,#7428);
#7426 = CARTESIAN_POINT('',(70.330497215738,20.521134091904,
    27.285592528323));
#7427 = DIRECTION('',(0.683012701892,-0.258819045103,0.683012701892));
#7428 = DIRECTION('',(0.707106781187,0.,-0.707106781187));
#7429 = ADVANCED_FACE('',(#7430),#7490,.T.);
#7430 = FACE_BOUND('',#7431,.T.);
#7431 = EDGE_LOOP('',(#7432,#7487,#7488,#7489));
#7432 = ORIENTED_EDGE('',*,*,#7433,.F.);
#7433 = EDGE_CURVE('',#1148,#1229,#7434,.T.);
#7434 = B_SPLINE_CURVE_WITH_KNOTS('',6,(#7435,#7436,#7437,#7438,#7439,
    #7440,#7441,#7442,#7443,#7444,#7445,#7446,#7447,#7448,#7449,#7450,
    #7451,#7452,#7453,#7454,#7455,#7456,#7457,#7458,#7459,#7460,#7461,
    #7462,#7463,#7464,#7465,#7466,#7467,#7468,#7469,#7470,#7471,#7472,
    #7473,#7474,#7475,#7476,#7477,#7478,#7479,#7480,#7481,#7482,#7483,
    #7484,#7485,#7486),.UNSPECIFIED.,.F.,.F.,(7,5,5,5,5,5,5,5,5,5,7),(0.
    ,6.796795108978E-02,0.214326893518,0.33801643212,0.390342977668,
    0.46845849323,0.58941158767,0.705567946239,0.77496328106,
    0.924686350652,1.),.UNSPECIFIED.);
#7435 = CARTESIAN_POINT('',(58.705407547997,25.036258189272,
    15.080232563579));
#7436 = CARTESIAN_POINT('',(58.684867028662,24.863482263282,
    15.051449491038));
#7437 = CARTESIAN_POINT('',(58.667072370506,24.689740273424,
    15.026514146016));
#7438 = CARTESIAN_POINT('',(58.652032196191,24.515199028849,
    15.005438611301));
#7439 = CARTESIAN_POINT('',(58.639751699727,24.340024002844,
    14.988230165165));
#7440 = CARTESIAN_POINT('',(58.630232646469,24.164379332834,
    14.974891281373));
#7441 = CARTESIAN_POINT('',(58.608918276446,23.60954222991,
    14.94502382532));
#7442 = CARTESIAN_POINT('',(58.607160456967,23.229235496278,
    14.942560623453));
#7443 = CARTESIAN_POINT('',(58.618183749098,22.849128125384,
    14.958007371018));
#7444 = CARTESIAN_POINT('',(58.641905566659,22.470813012525,
    14.991248341441));
#7445 = CARTESIAN_POINT('',(58.678181073006,22.095855713782,
    15.042080577647));
#7446 = CARTESIAN_POINT('',(58.767901949179,21.413052133079,
    15.167804881166));
#7447 = CARTESIAN_POINT('',(58.81781749608,21.103807308071,15.237750669)
  );
#7448 = CARTESIAN_POINT('',(58.876431003237,20.798988941316,
    15.319884757279));
#7449 = CARTESIAN_POINT('',(58.943589121531,20.499515983171,
    15.413992260553));
#7450 = CARTESIAN_POINT('',(59.01910643198,20.20629644534,
    15.519813354427));
#7451 = CARTESIAN_POINT('',(59.138154746789,19.799204923719,
    15.686633687697));
#7452 = CARTESIAN_POINT('',(59.175002518848,19.67946323073,
    15.738267829894));
#7453 = CARTESIAN_POINT('',(59.213290444342,19.561069063799,
    15.791920034055));
#7454 = CARTESIAN_POINT('',(59.253000749778,19.444089943983,
    15.847565394494));
#7455 = CARTESIAN_POINT('',(59.294114496382,19.328592981419,
    15.905177372634));
#7456 = CARTESIAN_POINT('',(59.400053215102,19.044537810881,
    16.053627456884));
#7457 = CARTESIAN_POINT('',(59.466577667793,18.877882250049,
    16.146847015568));
#7458 = CARTESIAN_POINT('',(59.536118156987,18.71490057336,
    16.244292893754));
#7459 = CARTESIAN_POINT('',(59.608601418987,18.555812101165,
    16.345862428299));
#7460 = CARTESIAN_POINT('',(59.683947707585,18.400833093629,
    16.451443872226));
#7461 = CARTESIAN_POINT('',(59.883035611192,18.016902339899,
    16.730422289378));
#7462 = CARTESIAN_POINT('',(60.01065851818,17.79398962153,
    16.909258049555));
#7463 = CARTESIAN_POINT('',(60.144616608587,17.582231204702,
    17.096971192088));
#7464 = CARTESIAN_POINT('',(60.284548870539,17.382394667154,
    17.293055837314));
#7465 = CARTESIAN_POINT('',(60.43005125644,17.195211978338,
    17.496945800366));
#7466 = CARTESIAN_POINT('',(60.725318968641,16.854420102967,
    17.910699310716));
#7467 = CARTESIAN_POINT('',(60.874688678471,16.699771263846,
    18.120008487536));
#7468 = CARTESIAN_POINT('',(61.028378051191,16.558031655851,
    18.335370732843));
#7469 = CARTESIAN_POINT('',(61.185950233146,16.429762004214,
    18.556173891209));
#7470 = CARTESIAN_POINT('',(61.346931244107,16.31546219094,
    18.781753782381));
#7471 = CARTESIAN_POINT('',(61.608711149104,16.15587370043,
    19.148581410855));
#7472 = CARTESIAN_POINT('',(61.707649285596,16.10132622795,
    19.287221700969));
#7473 = CARTESIAN_POINT('',(61.807511940087,16.052007785421,
    19.427157502079));
#7474 = CARTESIAN_POINT('',(61.908186049347,16.007998301973,
    19.568230380645));
#7475 = CARTESIAN_POINT('',(62.009554829651,15.969366370094,
    19.710276689664));
#7476 = CARTESIAN_POINT('',(62.33144355565,15.864545189223,
    20.161333763706));
#7477 = CARTESIAN_POINT('',(62.554077724737,15.818213920482,
    20.473307153201));
#7478 = CARTESIAN_POINT('',(62.778163281706,15.797759856488,
    20.787314347294));
#7479 = CARTESIAN_POINT('',(63.002439620664,15.803456785092,
    21.101588880872));
#7480 = CARTESIAN_POINT('',(63.225624481945,15.835293209008,
    21.414333945761));
#7481 = CARTESIAN_POINT('',(63.557479183935,15.921879665418,
    21.879356168648));
#7482 = CARTESIAN_POINT('',(63.667940288057,15.95737991829,
    22.034143392917));
#7483 = CARTESIAN_POINT('',(63.777636951634,15.999356744022,
    22.187859419942));
#7484 = CARTESIAN_POINT('',(63.886409914337,16.047744824352,
    22.340281080998));
#7485 = CARTESIAN_POINT('',(63.994103486607,16.102459078449,
    22.49119021101));
#7486 = CARTESIAN_POINT('',(64.100565549646,16.163394662922,
    22.640373648552));
#7487 = ORIENTED_EDGE('',*,*,#3105,.T.);
#7488 = ORIENTED_EDGE('',*,*,#3063,.T.);
#7489 = ORIENTED_EDGE('',*,*,#3046,.T.);
#7490 = B_SPLINE_SURFACE_WITH_KNOTS('',14,1,(
    (#7491,#7492)
    ,(#7493,#7494)
    ,(#7495,#7496)
    ,(#7497,#7498)
    ,(#7499,#7500)
    ,(#7501,#7502)
    ,(#7503,#7504)
    ,(#7505,#7506)
    ,(#7507,#7508)
    ,(#7509,#7510)
    ,(#7511,#7512)
    ,(#7513,#7514)
    ,(#7515,#7516)
    ,(#7517,#7518)
    ,(#7519,#7520
    )),.UNSPECIFIED.,.T.,.F.,.F.,(15,15),(2,2),(0.,6.28318530718),(0.,1.
    ),.PIECEWISE_BEZIER_KNOTS.);
#7491 = CARTESIAN_POINT('',(57.485039604306,25.335168330811,
    14.722977629365));
#7492 = CARTESIAN_POINT('',(70.482289915293,22.15169407605,
    18.527839784927));
#7493 = CARTESIAN_POINT('',(58.454243325077,30.450544996735,
    15.692181350133));
#7494 = CARTESIAN_POINT('',(70.999746139095,24.882785007857,
    19.045296008727));
#7495 = CARTESIAN_POINT('',(57.61354433785,35.565923550848,
    18.471288494409));
#7496 = CARTESIAN_POINT('',(70.550898374727,27.613876947763,
    20.529056602702));
#7497 = CARTESIAN_POINT('',(54.717662968126,39.386750473656,
    22.815024015193));
#7498 = CARTESIAN_POINT('',(69.004792219699,29.653809965878,
    22.848169634998));
#7499 = CARTESIAN_POINT('',(50.062668983428,40.618618225802,
    27.9368187408));
#7500 = CARTESIAN_POINT('',(66.519498821123,30.311502070829,
    25.582687157949));
#7501 = CARTESIAN_POINT('',(44.573762574272,38.431120132253,
    32.596800349398));
#7502 = CARTESIAN_POINT('',(63.588980992407,29.143600546312,
    28.070643440606));
#7503 = CARTESIAN_POINT('',(39.656731273016,32.924878248779,
    35.427310766738));
#7504 = CARTESIAN_POINT('',(60.963786314816,26.203827337344,
    29.581848154768));
#7505 = CARTESIAN_POINT('',(36.760321440095,25.335168330726,
    35.447695793667));
#7506 = CARTESIAN_POINT('',(59.417398013893,22.151694075991,
    29.59273168635));
#7507 = CARTESIAN_POINT('',(36.780706466876,17.745458412988,
    32.551285960549));
#7508 = CARTESIAN_POINT('',(59.428281545482,18.099560814858,
    28.04634338533));
#7509 = CARTESIAN_POINT('',(39.611216884295,12.239216529286,
    27.634254659494));
#7510 = CARTESIAN_POINT('',(60.939486259553,15.159787605727,
    25.421148707908));
#7511 = CARTESIAN_POINT('',(44.271198492871,10.051718435851,
    22.145348250177));
#7512 = CARTESIAN_POINT('',(63.427442542328,13.991886081295,
    22.490630879016));
#7513 = CARTESIAN_POINT('',(49.392993218473,11.283586187963,
    17.490354265581));
#7514 = CARTESIAN_POINT('',(66.161960065185,14.649578186218,
    20.00533748057));
#7515 = CARTESIAN_POINT('',(53.736728739266,15.104413110772,
    14.594472895808));
#7516 = CARTESIAN_POINT('',(68.481073097533,16.689511204337,
    18.459231325472));
#7517 = CARTESIAN_POINT('',(56.515835883537,20.219791664889,
    13.753773908597));
#7518 = CARTESIAN_POINT('',(69.964833691489,19.420603144244,
    18.01038356113));
#7519 = CARTESIAN_POINT('',(57.485039604306,25.335168330811,
    14.722977629365));
#7520 = CARTESIAN_POINT('',(70.482289915293,22.15169407605,
    18.527839784927));
#7521 = ADVANCED_FACE('',(#7522),#7588,.T.);
#7522 = FACE_BOUND('',#7523,.T.);
#7523 = EDGE_LOOP('',(#7524,#7581,#7586,#7587));
#7524 = ORIENTED_EDGE('',*,*,#7525,.F.);
#7525 = EDGE_CURVE('',#7526,#1140,#7528,.T.);
#7526 = VERTEX_POINT('',#7527);
#7527 = CARTESIAN_POINT('',(58.705407547997,25.036258189272,
    15.080232563579));
#7528 = B_SPLINE_CURVE_WITH_KNOTS('',6,(#7529,#7530,#7531,#7532,#7533,
    #7534,#7535,#7536,#7537,#7538,#7539,#7540,#7541,#7542,#7543,#7544,
    #7545,#7546,#7547,#7548,#7549,#7550,#7551,#7552,#7553,#7554,#7555,
    #7556,#7557,#7558,#7559,#7560,#7561,#7562,#7563,#7564,#7565,#7566,
    #7567,#7568,#7569,#7570,#7571,#7572,#7573,#7574,#7575,#7576,#7577,
    #7578,#7579,#7580),.UNSPECIFIED.,.F.,.F.,(7,5,5,5,5,5,5,5,5,5,7),(0.
    ,6.796795108978E-02,0.214326893518,0.33801643212,0.390342977668,
    0.46845849323,0.58941158767,0.705567946239,0.77496328106,
    0.924686350652,1.),.UNSPECIFIED.);
#7529 = CARTESIAN_POINT('',(58.705407547997,25.036258189272,
    15.080232563579));
#7530 = CARTESIAN_POINT('',(58.684867028662,24.863482263282,
    15.051449491038));
#7531 = CARTESIAN_POINT('',(58.667072370506,24.689740273424,
    15.026514146016));
#7532 = CARTESIAN_POINT('',(58.652032196191,24.515199028849,
    15.005438611301));
#7533 = CARTESIAN_POINT('',(58.639751699727,24.340024002844,
    14.988230165165));
#7534 = CARTESIAN_POINT('',(58.630232646469,24.164379332834,
    14.974891281373));
#7535 = CARTESIAN_POINT('',(58.608918276446,23.60954222991,
    14.94502382532));
#7536 = CARTESIAN_POINT('',(58.607160456967,23.229235496278,
    14.942560623453));
#7537 = CARTESIAN_POINT('',(58.618183749098,22.849128125384,
    14.958007371018));
#7538 = CARTESIAN_POINT('',(58.641905566659,22.470813012525,
    14.991248341441));
#7539 = CARTESIAN_POINT('',(58.678181073006,22.095855713782,
    15.042080577647));
#7540 = CARTESIAN_POINT('',(58.767901949179,21.413052133079,
    15.167804881166));
#7541 = CARTESIAN_POINT('',(58.81781749608,21.103807308071,15.237750669)
  );
#7542 = CARTESIAN_POINT('',(58.876431003237,20.798988941316,
    15.319884757279));
#7543 = CARTESIAN_POINT('',(58.943589121531,20.499515983171,
    15.413992260553));
#7544 = CARTESIAN_POINT('',(59.01910643198,20.20629644534,
    15.519813354427));
#7545 = CARTESIAN_POINT('',(59.138154746789,19.799204923719,
    15.686633687697));
#7546 = CARTESIAN_POINT('',(59.175002518848,19.67946323073,
    15.738267829894));
#7547 = CARTESIAN_POINT('',(59.213290444342,19.561069063799,
    15.791920034055));
#7548 = CARTESIAN_POINT('',(59.253000749778,19.444089943983,
    15.847565394494));
#7549 = CARTESIAN_POINT('',(59.294114496382,19.328592981419,
    15.905177372634));
#7550 = CARTESIAN_POINT('',(59.400053215102,19.044537810881,
    16.053627456884));
#7551 = CARTESIAN_POINT('',(59.466577667793,18.877882250049,
    16.146847015568));
#7552 = CARTESIAN_POINT('',(59.536118156987,18.71490057336,
    16.244292893754));
#7553 = CARTESIAN_POINT('',(59.608601418987,18.555812101165,
    16.345862428299));
#7554 = CARTESIAN_POINT('',(59.683947707585,18.400833093629,
    16.451443872226));
#7555 = CARTESIAN_POINT('',(59.883035611192,18.016902339899,
    16.730422289378));
#7556 = CARTESIAN_POINT('',(60.01065851818,17.79398962153,
    16.909258049555));
#7557 = CARTESIAN_POINT('',(60.144616608587,17.582231204702,
    17.096971192088));
#7558 = CARTESIAN_POINT('',(60.284548870539,17.382394667154,
    17.293055837314));
#7559 = CARTESIAN_POINT('',(60.43005125644,17.195211978338,
    17.496945800366));
#7560 = CARTESIAN_POINT('',(60.725318968641,16.854420102967,
    17.910699310716));
#7561 = CARTESIAN_POINT('',(60.874688678471,16.699771263846,
    18.120008487536));
#7562 = CARTESIAN_POINT('',(61.028378051191,16.558031655851,
    18.335370732843));
#7563 = CARTESIAN_POINT('',(61.185950233146,16.429762004214,
    18.556173891209));
#7564 = CARTESIAN_POINT('',(61.346931244107,16.31546219094,
    18.781753782381));
#7565 = CARTESIAN_POINT('',(61.608711149104,16.15587370043,
    19.148581410855));
#7566 = CARTESIAN_POINT('',(61.707649285596,16.10132622795,
    19.287221700969));
#7567 = CARTESIAN_POINT('',(61.807511940087,16.052007785421,
    19.427157502079));
#7568 = CARTESIAN_POINT('',(61.908186049347,16.007998301973,
    19.568230380645));
#7569 = CARTESIAN_POINT('',(62.009554829651,15.969366370094,
    19.710276689664));
#7570 = CARTESIAN_POINT('',(62.33144355565,15.864545189223,
    20.161333763706));
#7571 = CARTESIAN_POINT('',(62.554077724737,15.818213920482,
    20.473307153201));
#7572 = CARTESIAN_POINT('',(62.778163281706,15.797759856488,
    20.787314347294));
#7573 = CARTESIAN_POINT('',(63.002439620664,15.803456785092,
    21.101588880872));
#7574 = CARTESIAN_POINT('',(63.225624481945,15.835293209008,
    21.414333945761));
#7575 = CARTESIAN_POINT('',(63.557479183935,15.921879665418,
    21.879356168648));
#7576 = CARTESIAN_POINT('',(63.667940288057,15.95737991829,
    22.034143392917));
#7577 = CARTESIAN_POINT('',(63.777636951634,15.999356744022,
    22.187859419942));
#7578 = CARTESIAN_POINT('',(63.886409914337,16.047744824352,
    22.340281080998));
#7579 = CARTESIAN_POINT('',(63.994103486607,16.102459078449,
    22.49119021101));
#7580 = CARTESIAN_POINT('',(64.100565549646,16.163394662922,
    22.640373648552));
#7581 = ORIENTED_EDGE('',*,*,#7582,.T.);
#7582 = EDGE_CURVE('',#7526,#2998,#7583,.T.);
#7583 = B_SPLINE_CURVE_WITH_KNOTS('',1,(#7584,#7585),.UNSPECIFIED.,.F.,
  .F.,(2,2),(0.,1.),.PIECEWISE_BEZIER_KNOTS.);
#7584 = CARTESIAN_POINT('',(57.485039604306,25.335168330811,
    14.722977629365));
#7585 = CARTESIAN_POINT('',(70.482289915293,22.15169407605,
    18.527839784927));
#7586 = ORIENTED_EDGE('',*,*,#2997,.T.);
#7587 = ORIENTED_EDGE('',*,*,#2985,.F.);
#7588 = B_SPLINE_SURFACE_WITH_KNOTS('',14,1,(
    (#7589,#7590)
    ,(#7591,#7592)
    ,(#7593,#7594)
    ,(#7595,#7596)
    ,(#7597,#7598)
    ,(#7599,#7600)
    ,(#7601,#7602)
    ,(#7603,#7604)
    ,(#7605,#7606)
    ,(#7607,#7608)
    ,(#7609,#7610)
    ,(#7611,#7612)
    ,(#7613,#7614)
    ,(#7615,#7616)
    ,(#7617,#7618
    )),.UNSPECIFIED.,.T.,.F.,.F.,(15,15),(2,2),(0.,6.28318530718),(0.,1.
    ),.PIECEWISE_BEZIER_KNOTS.);
#7589 = CARTESIAN_POINT('',(57.485039604306,25.335168330811,
    14.722977629365));
#7590 = CARTESIAN_POINT('',(70.482289915293,22.15169407605,
    18.527839784927));
#7591 = CARTESIAN_POINT('',(58.454243325077,30.450544996735,
    15.692181350133));
#7592 = CARTESIAN_POINT('',(70.999746139095,24.882785007857,
    19.045296008727));
#7593 = CARTESIAN_POINT('',(57.61354433785,35.565923550848,
    18.471288494409));
#7594 = CARTESIAN_POINT('',(70.550898374727,27.613876947763,
    20.529056602702));
#7595 = CARTESIAN_POINT('',(54.717662968126,39.386750473656,
    22.815024015193));
#7596 = CARTESIAN_POINT('',(69.004792219699,29.653809965878,
    22.848169634998));
#7597 = CARTESIAN_POINT('',(50.062668983428,40.618618225802,
    27.9368187408));
#7598 = CARTESIAN_POINT('',(66.519498821123,30.311502070829,
    25.582687157949));
#7599 = CARTESIAN_POINT('',(44.573762574272,38.431120132253,
    32.596800349398));
#7600 = CARTESIAN_POINT('',(63.588980992407,29.143600546312,
    28.070643440606));
#7601 = CARTESIAN_POINT('',(39.656731273016,32.924878248779,
    35.427310766738));
#7602 = CARTESIAN_POINT('',(60.963786314816,26.203827337344,
    29.581848154768));
#7603 = CARTESIAN_POINT('',(36.760321440095,25.335168330726,
    35.447695793667));
#7604 = CARTESIAN_POINT('',(59.417398013893,22.151694075991,
    29.59273168635));
#7605 = CARTESIAN_POINT('',(36.780706466876,17.745458412988,
    32.551285960549));
#7606 = CARTESIAN_POINT('',(59.428281545482,18.099560814858,
    28.04634338533));
#7607 = CARTESIAN_POINT('',(39.611216884295,12.239216529286,
    27.634254659494));
#7608 = CARTESIAN_POINT('',(60.939486259553,15.159787605727,
    25.421148707908));
#7609 = CARTESIAN_POINT('',(44.271198492871,10.051718435851,
    22.145348250177));
#7610 = CARTESIAN_POINT('',(63.427442542328,13.991886081295,
    22.490630879016));
#7611 = CARTESIAN_POINT('',(49.392993218473,11.283586187963,
    17.490354265581));
#7612 = CARTESIAN_POINT('',(66.161960065185,14.649578186218,
    20.00533748057));
#7613 = CARTESIAN_POINT('',(53.736728739266,15.104413110772,
    14.594472895808));
#7614 = CARTESIAN_POINT('',(68.481073097533,16.689511204337,
    18.459231325472));
#7615 = CARTESIAN_POINT('',(56.515835883537,20.219791664889,
    13.753773908597));
#7616 = CARTESIAN_POINT('',(69.964833691489,19.420603144244,
    18.01038356113));
#7617 = CARTESIAN_POINT('',(57.485039604306,25.335168330811,
    14.722977629365));
#7618 = CARTESIAN_POINT('',(70.482289915293,22.15169407605,
    18.527839784927));
#7619 = ADVANCED_FACE('',(#7620),#7626,.T.);
#7620 = FACE_BOUND('',#7621,.T.);
#7621 = EDGE_LOOP('',(#7622,#7623,#7624,#7625));
#7622 = ORIENTED_EDGE('',*,*,#5081,.F.);
#7623 = ORIENTED_EDGE('',*,*,#3246,.T.);
#7624 = ORIENTED_EDGE('',*,*,#7433,.T.);
#7625 = ORIENTED_EDGE('',*,*,#3158,.T.);
#7626 = B_SPLINE_SURFACE_WITH_KNOTS('',14,1,(
    (#7627,#7628)
    ,(#7629,#7630)
    ,(#7631,#7632)
    ,(#7633,#7634)
    ,(#7635,#7636)
    ,(#7637,#7638)
    ,(#7639,#7640)
    ,(#7641,#7642)
    ,(#7643,#7644)
    ,(#7645,#7646)
    ,(#7647,#7648)
    ,(#7649,#7650)
    ,(#7651,#7652)
    ,(#7653,#7654)
    ,(#7655,#7656
    )),.UNSPECIFIED.,.T.,.F.,.F.,(15,15),(2,2),(0.,6.28318530718),(0.,1.
    ),.PIECEWISE_BEZIER_KNOTS.);
#7627 = CARTESIAN_POINT('',(53.469628939123,26.318680702201,
    13.547491760167));
#7628 = CARTESIAN_POINT('',(70.482289915293,22.15169407605,
    18.527839784927));
#7629 = CARTESIAN_POINT('',(54.578396927251,32.170665968905,
    14.656259748292));
#7630 = CARTESIAN_POINT('',(70.999746139095,24.882785007857,
    19.045296008727));
#7631 = CARTESIAN_POINT('',(53.616638212637,38.022653395718,
    17.835555257694));
#7632 = CARTESIAN_POINT('',(70.550898374727,27.613876947763,
    20.529056602702));
#7633 = CARTESIAN_POINT('',(50.303753118043,42.393675183338,
    22.804783905028));
#7634 = CARTESIAN_POINT('',(69.004792219699,29.653809965878,
    22.848169634998));
#7635 = CARTESIAN_POINT('',(44.978445131135,43.802930533911,
    28.664111424889));
#7636 = CARTESIAN_POINT('',(66.519498821123,30.311502070829,
    25.582687157949));
#7637 = CARTESIAN_POINT('',(38.69914224997,41.300435126189,
    33.995125248129));
#7638 = CARTESIAN_POINT('',(63.588980992407,29.143600546312,
    28.070643440606));
#7639 = CARTESIAN_POINT('',(33.074063861724,35.001300481679,
    37.233226045114));
#7640 = CARTESIAN_POINT('',(60.963786314816,26.203827337344,
    29.581848154768));
#7641 = CARTESIAN_POINT('',(29.760574205923,26.318680702023,
    37.256546493633));
#7642 = CARTESIAN_POINT('',(59.417398013893,22.151694075991,
    29.59273168635));
#7643 = CARTESIAN_POINT('',(29.783894653961,17.636060923036,
    33.943056837301));
#7644 = CARTESIAN_POINT('',(59.428281545482,18.099560814858,
    28.04634338533));
#7645 = CARTESIAN_POINT('',(33.0219954513,11.336926277997,
    28.317978449533));
#7646 = CARTESIAN_POINT('',(60.939486259553,15.159787605727,
    25.421148707908));
#7647 = CARTESIAN_POINT('',(38.353009274332,8.834430870605,
    22.038675568019));
#7648 = CARTESIAN_POINT('',(63.427442542328,13.991886081295,
    22.490630879016));
#7649 = CARTESIAN_POINT('',(44.212336794289,10.243686221019,
    16.713367581315));
#7650 = CARTESIAN_POINT('',(66.161960065185,14.649578186218,
    20.00533748057));
#7651 = CARTESIAN_POINT('',(49.181565441589,14.614708008697,
    13.400482486628));
#7652 = CARTESIAN_POINT('',(68.481073097533,16.689511204337,
    18.459231325472));
#7653 = CARTESIAN_POINT('',(52.360860951,20.466695435494,12.438723772045
    ));
#7654 = CARTESIAN_POINT('',(69.964833691489,19.420603144244,
    18.01038356113));
#7655 = CARTESIAN_POINT('',(53.469628939123,26.318680702201,
    13.547491760167));
#7656 = CARTESIAN_POINT('',(70.482289915293,22.15169407605,
    18.527839784927));
#7657 = ADVANCED_FACE('',(#7658),#7668,.T.);
#7658 = FACE_BOUND('',#7659,.T.);
#7659 = EDGE_LOOP('',(#7660,#7661,#7666,#7667));
#7660 = ORIENTED_EDGE('',*,*,#4960,.F.);
#7661 = ORIENTED_EDGE('',*,*,#7662,.T.);
#7662 = EDGE_CURVE('',#4961,#7526,#7663,.T.);
#7663 = B_SPLINE_CURVE_WITH_KNOTS('',1,(#7664,#7665),.UNSPECIFIED.,.F.,
  .F.,(2,2),(0.,1.),.PIECEWISE_BEZIER_KNOTS.);
#7664 = CARTESIAN_POINT('',(53.469628939123,26.318680702201,
    13.547491760167));
#7665 = CARTESIAN_POINT('',(70.482289915293,22.15169407605,
    18.527839784927));
#7666 = ORIENTED_EDGE('',*,*,#7525,.T.);
#7667 = ORIENTED_EDGE('',*,*,#3280,.F.);
#7668 = B_SPLINE_SURFACE_WITH_KNOTS('',14,1,(
    (#7669,#7670)
    ,(#7671,#7672)
    ,(#7673,#7674)
    ,(#7675,#7676)
    ,(#7677,#7678)
    ,(#7679,#7680)
    ,(#7681,#7682)
    ,(#7683,#7684)
    ,(#7685,#7686)
    ,(#7687,#7688)
    ,(#7689,#7690)
    ,(#7691,#7692)
    ,(#7693,#7694)
    ,(#7695,#7696)
    ,(#7697,#7698
    )),.UNSPECIFIED.,.T.,.F.,.F.,(15,15),(2,2),(0.,6.28318530718),(0.,1.
    ),.PIECEWISE_BEZIER_KNOTS.);
#7669 = CARTESIAN_POINT('',(53.469628939123,26.318680702201,
    13.547491760167));
#7670 = CARTESIAN_POINT('',(70.482289915293,22.15169407605,
    18.527839784927));
#7671 = CARTESIAN_POINT('',(54.578396927251,32.170665968905,
    14.656259748292));
#7672 = CARTESIAN_POINT('',(70.999746139095,24.882785007857,
    19.045296008727));
#7673 = CARTESIAN_POINT('',(53.616638212637,38.022653395718,
    17.835555257694));
#7674 = CARTESIAN_POINT('',(70.550898374727,27.613876947763,
    20.529056602702));
#7675 = CARTESIAN_POINT('',(50.303753118043,42.393675183338,
    22.804783905028));
#7676 = CARTESIAN_POINT('',(69.004792219699,29.653809965878,
    22.848169634998));
#7677 = CARTESIAN_POINT('',(44.978445131135,43.802930533911,
    28.664111424889));
#7678 = CARTESIAN_POINT('',(66.519498821123,30.311502070829,
    25.582687157949));
#7679 = CARTESIAN_POINT('',(38.69914224997,41.300435126189,
    33.995125248129));
#7680 = CARTESIAN_POINT('',(63.588980992407,29.143600546312,
    28.070643440606));
#7681 = CARTESIAN_POINT('',(33.074063861724,35.001300481679,
    37.233226045114));
#7682 = CARTESIAN_POINT('',(60.963786314816,26.203827337344,
    29.581848154768));
#7683 = CARTESIAN_POINT('',(29.760574205923,26.318680702023,
    37.256546493633));
#7684 = CARTESIAN_POINT('',(59.417398013893,22.151694075991,
    29.59273168635));
#7685 = CARTESIAN_POINT('',(29.783894653961,17.636060923036,
    33.943056837301));
#7686 = CARTESIAN_POINT('',(59.428281545482,18.099560814858,
    28.04634338533));
#7687 = CARTESIAN_POINT('',(33.0219954513,11.336926277997,
    28.317978449533));
#7688 = CARTESIAN_POINT('',(60.939486259553,15.159787605727,
    25.421148707908));
#7689 = CARTESIAN_POINT('',(38.353009274332,8.834430870605,
    22.038675568019));
#7690 = CARTESIAN_POINT('',(63.427442542328,13.991886081295,
    22.490630879016));
#7691 = CARTESIAN_POINT('',(44.212336794289,10.243686221019,
    16.713367581315));
#7692 = CARTESIAN_POINT('',(66.161960065185,14.649578186218,
    20.00533748057));
#7693 = CARTESIAN_POINT('',(49.181565441589,14.614708008697,
    13.400482486628));
#7694 = CARTESIAN_POINT('',(68.481073097533,16.689511204337,
    18.459231325472));
#7695 = CARTESIAN_POINT('',(52.360860951,20.466695435494,12.438723772045
    ));
#7696 = CARTESIAN_POINT('',(69.964833691489,19.420603144244,
    18.01038356113));
#7697 = CARTESIAN_POINT('',(53.469628939123,26.318680702201,
    13.547491760167));
#7698 = CARTESIAN_POINT('',(70.482289915293,22.15169407605,
    18.527839784927));
#7699 = ADVANCED_FACE('',(#7700),#7755,.T.);
#7700 = FACE_BOUND('',#7701,.T.);
#7701 = EDGE_LOOP('',(#7702,#7703,#7704,#7705));
#7702 = ORIENTED_EDGE('',*,*,#7662,.F.);
#7703 = ORIENTED_EDGE('',*,*,#5022,.F.);
#7704 = ORIENTED_EDGE('',*,*,#3356,.T.);
#7705 = ORIENTED_EDGE('',*,*,#7706,.T.);
#7706 = EDGE_CURVE('',#1064,#7526,#7707,.T.);
#7707 = B_SPLINE_CURVE_WITH_KNOTS('',6,(#7708,#7709,#7710,#7711,#7712,
    #7713,#7714,#7715,#7716,#7717,#7718,#7719,#7720,#7721,#7722,#7723,
    #7724,#7725,#7726,#7727,#7728,#7729,#7730,#7731,#7732,#7733,#7734,
    #7735,#7736,#7737,#7738,#7739,#7740,#7741,#7742,#7743,#7744,#7745,
    #7746,#7747,#7748,#7749,#7750,#7751,#7752,#7753,#7754),
  .UNSPECIFIED.,.F.,.F.,(7,5,5,5,5,5,5,5,5,7),(0.,0.200303132009,
    0.300064540672,0.362588289151,0.404258682284,0.502072514242,
    0.635469316451,0.696274626141,0.794084336006,1.),.UNSPECIFIED.);
#7708 = CARTESIAN_POINT('',(65.972270853823,28.024175920123,
    25.263161742015));
#7709 = CARTESIAN_POINT('',(65.779123110717,28.449332898127,
    24.992507168473));
#7710 = CARTESIAN_POINT('',(65.564971030261,28.846648708991,
    24.692419582272));
#7711 = CARTESIAN_POINT('',(65.33124066499,29.211800051997,
    24.364897286029));
#7712 = CARTESIAN_POINT('',(65.079709243889,29.540663683857,
    24.012430679816));
#7713 = CARTESIAN_POINT('',(64.812527639582,29.829367765959,
    23.638033744035));
#7714 = CARTESIAN_POINT('',(64.392799587594,30.196721434301,
    23.049876123929));
#7715 = CARTESIAN_POINT('',(64.250026916557,30.308069880422,
    22.849811262846));
#7716 = CARTESIAN_POINT('',(64.1043542218,30.408223866542,
    22.645682648956));
#7717 = CARTESIAN_POINT('',(63.956131226463,30.496813249844,
    22.437980343214));
#7718 = CARTESIAN_POINT('',(63.805731733053,30.573515993559,
    22.227228148572));
#7719 = CARTESIAN_POINT('',(63.558181025224,30.678522094233,
    21.880339646641));
#7720 = CARTESIAN_POINT('',(63.462108259755,30.714204943754,
    21.745714551111));
#7721 = CARTESIAN_POINT('',(63.365434860497,30.745049173063,
    21.610247797899));
#7722 = CARTESIAN_POINT('',(63.268261509119,30.770999160214,
    21.474080470474));
#7723 = CARTESIAN_POINT('',(63.170691521169,30.792009336187,
    21.337357343119));
#7724 = CARTESIAN_POINT('',(63.007609343807,30.818730979347,
    21.108833124009));
#7725 = CARTESIAN_POINT('',(62.942258624759,30.827207899288,
    21.017258297868));
#7726 = CARTESIAN_POINT('',(62.876810015971,30.833464525869,
    20.925546300535));
#7727 = CARTESIAN_POINT('',(62.811295148362,30.837492678255,
    20.833741455871));
#7728 = CARTESIAN_POINT('',(62.745745956741,30.839286413616,
    20.741888513564));
#7729 = CARTESIAN_POINT('',(62.526324723086,30.83779890892,
    20.434417354616));
#7730 = CARTESIAN_POINT('',(62.372440751029,30.824423825025,
    20.218782420641));
#7731 = CARTESIAN_POINT('',(62.218963966763,30.798669526184,
    20.003718071838));
#7732 = CARTESIAN_POINT('',(62.066314190599,30.760559274451,
    19.789812595105));
#7733 = CARTESIAN_POINT('',(61.914909418653,30.710188939685,
    19.577651721133));
#7734 = CARTESIAN_POINT('',(61.560947068938,30.562547448012,
    19.081650435944));
#7735 = CARTESIAN_POINT('',(61.359803699208,30.454874998207,
    18.799791729859));
#7736 = CARTESIAN_POINT('',(61.162800198283,30.325144973365,
    18.523734149938));
#7737 = CARTESIAN_POINT('',(60.970928276915,30.174036972855,
    18.254867363212));
#7738 = CARTESIAN_POINT('',(60.785116208827,30.002430166352,
    17.994492143505));
#7739 = CARTESIAN_POINT('',(60.524680538499,29.724354362783,
    17.629548167695));
#7740 = CARTESIAN_POINT('',(60.444572888101,29.633254146148,
    17.517294710279));
#7741 = CARTESIAN_POINT('',(60.365980620735,29.53822212855,
    17.407164732751));
#7742 = CARTESIAN_POINT('',(60.28897921894,29.439366602506,
    17.299264007484));
#7743 = CARTESIAN_POINT('',(60.21363986554,29.33680217136,
    17.193692281729));
#7744 = CARTESIAN_POINT('',(60.021621790666,29.059895950675,
    16.924620692637));
#7745 = CARTESIAN_POINT('',(59.907686750863,28.879856228613,
    16.764965502711));
#7746 = CARTESIAN_POINT('',(59.798503771736,28.691033774152,
    16.611969292771));
#7747 = CARTESIAN_POINT('',(59.694318792641,28.493961198021,
    16.46597669336));
#7748 = CARTESIAN_POINT('',(59.59534726818,28.2891951021,16.327289617264
    ));
#7749 = CARTESIAN_POINT('',(59.304787092358,27.631237070673,
    15.920132695777));
#7750 = CARTESIAN_POINT('',(59.131730464283,27.153598872525,
    15.677631452341));
#7751 = CARTESIAN_POINT('',(58.984362714082,26.649769689907,
    15.471127586735));
#7752 = CARTESIAN_POINT('',(58.86379797563,26.125280043926,
    15.302182315384));
#7753 = CARTESIAN_POINT('',(58.770719440014,25.585627094572,
    15.171752982077));
#7754 = CARTESIAN_POINT('',(58.705407547997,25.036258189272,
    15.080232563579));
#7755 = B_SPLINE_SURFACE_WITH_KNOTS('',14,1,(
    (#7756,#7757)
    ,(#7758,#7759)
    ,(#7760,#7761)
    ,(#7762,#7763)
    ,(#7764,#7765)
    ,(#7766,#7767)
    ,(#7768,#7769)
    ,(#7770,#7771)
    ,(#7772,#7773)
    ,(#7774,#7775)
    ,(#7776,#7777)
    ,(#7778,#7779)
    ,(#7780,#7781)
    ,(#7782,#7783)
    ,(#7784,#7785
    )),.UNSPECIFIED.,.T.,.F.,.F.,(15,15),(2,2),(0.,6.28318530718),(0.,1.
    ),.PIECEWISE_BEZIER_KNOTS.);
#7756 = CARTESIAN_POINT('',(53.469628939123,26.318680702201,
    13.547491760167));
#7757 = CARTESIAN_POINT('',(70.482289915293,22.15169407605,
    18.527839784927));
#7758 = CARTESIAN_POINT('',(54.578396927251,32.170665968905,
    14.656259748292));
#7759 = CARTESIAN_POINT('',(70.999746139095,24.882785007857,
    19.045296008727));
#7760 = CARTESIAN_POINT('',(53.616638212637,38.022653395718,
    17.835555257694));
#7761 = CARTESIAN_POINT('',(70.550898374727,27.613876947763,
    20.529056602702));
#7762 = CARTESIAN_POINT('',(50.303753118043,42.393675183338,
    22.804783905028));
#7763 = CARTESIAN_POINT('',(69.004792219699,29.653809965878,
    22.848169634998));
#7764 = CARTESIAN_POINT('',(44.978445131135,43.802930533911,
    28.664111424889));
#7765 = CARTESIAN_POINT('',(66.519498821123,30.311502070829,
    25.582687157949));
#7766 = CARTESIAN_POINT('',(38.69914224997,41.300435126189,
    33.995125248129));
#7767 = CARTESIAN_POINT('',(63.588980992407,29.143600546312,
    28.070643440606));
#7768 = CARTESIAN_POINT('',(33.074063861724,35.001300481679,
    37.233226045114));
#7769 = CARTESIAN_POINT('',(60.963786314816,26.203827337344,
    29.581848154768));
#7770 = CARTESIAN_POINT('',(29.760574205923,26.318680702023,
    37.256546493633));
#7771 = CARTESIAN_POINT('',(59.417398013893,22.151694075991,
    29.59273168635));
#7772 = CARTESIAN_POINT('',(29.783894653961,17.636060923036,
    33.943056837301));
#7773 = CARTESIAN_POINT('',(59.428281545482,18.099560814858,
    28.04634338533));
#7774 = CARTESIAN_POINT('',(33.0219954513,11.336926277997,
    28.317978449533));
#7775 = CARTESIAN_POINT('',(60.939486259553,15.159787605727,
    25.421148707908));
#7776 = CARTESIAN_POINT('',(38.353009274332,8.834430870605,
    22.038675568019));
#7777 = CARTESIAN_POINT('',(63.427442542328,13.991886081295,
    22.490630879016));
#7778 = CARTESIAN_POINT('',(44.212336794289,10.243686221019,
    16.713367581315));
#7779 = CARTESIAN_POINT('',(66.161960065185,14.649578186218,
    20.00533748057));
#7780 = CARTESIAN_POINT('',(49.181565441589,14.614708008697,
    13.400482486628));
#7781 = CARTESIAN_POINT('',(68.481073097533,16.689511204337,
    18.459231325472));
#7782 = CARTESIAN_POINT('',(52.360860951,20.466695435494,12.438723772045
    ));
#7783 = CARTESIAN_POINT('',(69.964833691489,19.420603144244,
    18.01038356113));
#7784 = CARTESIAN_POINT('',(53.469628939123,26.318680702201,
    13.547491760167));
#7785 = CARTESIAN_POINT('',(70.482289915293,22.15169407605,
    18.527839784927));
#7786 = ADVANCED_FACE('',(#7787),#7793,.T.);
#7787 = FACE_BOUND('',#7788,.T.);
#7788 = EDGE_LOOP('',(#7789,#7790,#7791,#7792));
#7789 = ORIENTED_EDGE('',*,*,#7582,.F.);
#7790 = ORIENTED_EDGE('',*,*,#7706,.F.);
#7791 = ORIENTED_EDGE('',*,*,#3423,.T.);
#7792 = ORIENTED_EDGE('',*,*,#3376,.T.);
#7793 = B_SPLINE_SURFACE_WITH_KNOTS('',14,1,(
    (#7794,#7795)
    ,(#7796,#7797)
    ,(#7798,#7799)
    ,(#7800,#7801)
    ,(#7802,#7803)
    ,(#7804,#7805)
    ,(#7806,#7807)
    ,(#7808,#7809)
    ,(#7810,#7811)
    ,(#7812,#7813)
    ,(#7814,#7815)
    ,(#7816,#7817)
    ,(#7818,#7819)
    ,(#7820,#7821)
    ,(#7822,#7823
    )),.UNSPECIFIED.,.T.,.F.,.F.,(15,15),(2,2),(0.,6.28318530718),(0.,1.
    ),.PIECEWISE_BEZIER_KNOTS.);
#7794 = CARTESIAN_POINT('',(57.485039604306,25.335168330811,
    14.722977629365));
#7795 = CARTESIAN_POINT('',(70.482289915293,22.15169407605,
    18.527839784927));
#7796 = CARTESIAN_POINT('',(58.454243325077,30.450544996735,
    15.692181350133));
#7797 = CARTESIAN_POINT('',(70.999746139095,24.882785007857,
    19.045296008727));
#7798 = CARTESIAN_POINT('',(57.61354433785,35.565923550848,
    18.471288494409));
#7799 = CARTESIAN_POINT('',(70.550898374727,27.613876947763,
    20.529056602702));
#7800 = CARTESIAN_POINT('',(54.717662968126,39.386750473656,
    22.815024015193));
#7801 = CARTESIAN_POINT('',(69.004792219699,29.653809965878,
    22.848169634998));
#7802 = CARTESIAN_POINT('',(50.062668983428,40.618618225802,
    27.9368187408));
#7803 = CARTESIAN_POINT('',(66.519498821123,30.311502070829,
    25.582687157949));
#7804 = CARTESIAN_POINT('',(44.573762574272,38.431120132253,
    32.596800349398));
#7805 = CARTESIAN_POINT('',(63.588980992407,29.143600546312,
    28.070643440606));
#7806 = CARTESIAN_POINT('',(39.656731273016,32.924878248779,
    35.427310766738));
#7807 = CARTESIAN_POINT('',(60.963786314816,26.203827337344,
    29.581848154768));
#7808 = CARTESIAN_POINT('',(36.760321440095,25.335168330726,
    35.447695793667));
#7809 = CARTESIAN_POINT('',(59.417398013893,22.151694075991,
    29.59273168635));
#7810 = CARTESIAN_POINT('',(36.780706466876,17.745458412988,
    32.551285960549));
#7811 = CARTESIAN_POINT('',(59.428281545482,18.099560814858,
    28.04634338533));
#7812 = CARTESIAN_POINT('',(39.611216884295,12.239216529286,
    27.634254659494));
#7813 = CARTESIAN_POINT('',(60.939486259553,15.159787605727,
    25.421148707908));
#7814 = CARTESIAN_POINT('',(44.271198492871,10.051718435851,
    22.145348250177));
#7815 = CARTESIAN_POINT('',(63.427442542328,13.991886081295,
    22.490630879016));
#7816 = CARTESIAN_POINT('',(49.392993218473,11.283586187963,
    17.490354265581));
#7817 = CARTESIAN_POINT('',(66.161960065185,14.649578186218,
    20.00533748057));
#7818 = CARTESIAN_POINT('',(53.736728739266,15.104413110772,
    14.594472895808));
#7819 = CARTESIAN_POINT('',(68.481073097533,16.689511204337,
    18.459231325472));
#7820 = CARTESIAN_POINT('',(56.515835883537,20.219791664889,
    13.753773908597));
#7821 = CARTESIAN_POINT('',(69.964833691489,19.420603144244,
    18.01038356113));
#7822 = CARTESIAN_POINT('',(57.485039604306,25.335168330811,
    14.722977629365));
#7823 = CARTESIAN_POINT('',(70.482289915293,22.15169407605,
    18.527839784927));
#7824 = ADVANCED_FACE('',(#7825),#7874,.F.);
#7825 = FACE_BOUND('',#7826,.F.);
#7826 = EDGE_LOOP('',(#7827,#7837,#7845,#7851,#7852,#7860,#7868));
#7827 = ORIENTED_EDGE('',*,*,#7828,.F.);
#7828 = EDGE_CURVE('',#7829,#7831,#7833,.T.);
#7829 = VERTEX_POINT('',#7830);
#7830 = CARTESIAN_POINT('',(57.786801046184,1.462884995379,
    22.944335020532));
#7831 = VERTEX_POINT('',#7832);
#7832 = CARTESIAN_POINT('',(59.162281394801,0.941664073133,
    24.319815369149));
#7833 = LINE('',#7834,#7835);
#7834 = CARTESIAN_POINT('',(57.779970919165,1.46547318583,
    22.937504893513));
#7835 = VECTOR('',#7836,1.);
#7836 = DIRECTION('',(0.683012701892,-0.258819045103,0.683012701892));
#7837 = ORIENTED_EDGE('',*,*,#7838,.T.);
#7838 = EDGE_CURVE('',#7829,#7839,#7841,.T.);
#7839 = VERTEX_POINT('',#7840);
#7840 = CARTESIAN_POINT('',(63.194528808446,30.004422566828,
    28.352062782794));
#7841 = LINE('',#7842,#7843);
#7842 = CARTESIAN_POINT('',(9.25500539558,-254.6838978804,
    -25.58746063007));
#7843 = VECTOR('',#7844,1.);
#7844 = DIRECTION('',(0.183012701892,0.965925826289,0.183012701892));
#7845 = ORIENTED_EDGE('',*,*,#7846,.T.);
#7846 = EDGE_CURVE('',#7839,#3686,#7847,.T.);
#7847 = LINE('',#7848,#7849);
#7848 = CARTESIAN_POINT('',(63.126227538256,30.030304471338,
    28.283761512605));
#7849 = VECTOR('',#7850,1.);
#7850 = DIRECTION('',(0.683012701892,-0.258819045103,0.683012701892));
#7851 = ORIENTED_EDGE('',*,*,#3693,.F.);
#7852 = ORIENTED_EDGE('',*,*,#7853,.F.);
#7853 = EDGE_CURVE('',#7854,#3694,#7856,.T.);
#7854 = VERTEX_POINT('',#7855);
#7855 = CARTESIAN_POINT('',(65.112477402332,24.618897336075,
    30.27001137668));
#7856 = LINE('',#7857,#7858);
#7857 = CARTESIAN_POINT('',(63.024561189144,25.410086839659,
    28.182095163493));
#7858 = VECTOR('',#7859,1.);
#7859 = DIRECTION('',(0.683012701892,-0.258819045103,0.683012701892));
#7860 = ORIENTED_EDGE('',*,*,#7861,.F.);
#7861 = EDGE_CURVE('',#7862,#7854,#7864,.T.);
#7862 = VERTEX_POINT('',#7863);
#7863 = CARTESIAN_POINT('',(63.746451998547,25.13653542628,
    28.903985972896));
#7864 = LINE('',#7865,#7866);
#7865 = CARTESIAN_POINT('',(63.024561189144,25.410086839659,
    28.182095163493));
#7866 = VECTOR('',#7867,1.);
#7867 = DIRECTION('',(0.683012701892,-0.258819045103,0.683012701892));
#7868 = ORIENTED_EDGE('',*,*,#7869,.T.);
#7869 = EDGE_CURVE('',#7862,#7831,#7870,.T.);
#7870 = LINE('',#7871,#7872);
#7871 = CARTESIAN_POINT('',(54.051406091414,-26.03311089844,
    19.208940065763));
#7872 = VECTOR('',#7873,1.);
#7873 = DIRECTION('',(-0.183012701892,-0.965925826289,-0.183012701892));
#7874 = PLANE('',#7875);
#7875 = AXIS2_PLACEMENT_3D('',#7876,#7877,#7878);
#7876 = CARTESIAN_POINT('',(52.241599068824,-27.41785972427,
    17.399133043173));
#7877 = DIRECTION('',(0.707106781187,0.,-0.707106781187));
#7878 = DIRECTION('',(0.683012701892,-0.258819045103,0.683012701892));
#7879 = ADVANCED_FACE('',(#7880),#7969,.F.);
#7880 = FACE_BOUND('',#7881,.F.);
#7881 = EDGE_LOOP('',(#7882,#7883,#7889,#7890,#7891,#7899,#7907,#7915,
    #7923,#7929,#7930,#7938,#7946,#7954,#7962,#7968));
#7882 = ORIENTED_EDGE('',*,*,#7846,.F.);
#7883 = ORIENTED_EDGE('',*,*,#7884,.T.);
#7884 = EDGE_CURVE('',#7839,#6836,#7885,.T.);
#7885 = LINE('',#7886,#7887);
#7886 = CARTESIAN_POINT('',(-139.7140160074,30.004422566828,
    231.26060759867));
#7887 = VECTOR('',#7888,1.);
#7888 = DIRECTION('',(-0.707106781187,0.,0.707106781187));
#7889 = ORIENTED_EDGE('',*,*,#6843,.T.);
#7890 = ORIENTED_EDGE('',*,*,#3621,.F.);
#7891 = ORIENTED_EDGE('',*,*,#7892,.T.);
#7892 = EDGE_CURVE('',#3622,#7893,#7895,.T.);
#7893 = VERTEX_POINT('',#7894);
#7894 = CARTESIAN_POINT('',(34.911945153603,28.965563554376,
    62.117657942439));
#7895 = LINE('',#7896,#7897);
#7896 = CARTESIAN_POINT('',(32.824028940415,29.756753057959,
    60.029741729252));
#7897 = VECTOR('',#7898,1.);
#7898 = DIRECTION('',(-0.683012701892,0.258819045103,-0.683012701892));
#7899 = ORIENTED_EDGE('',*,*,#7900,.T.);
#7900 = EDGE_CURVE('',#7893,#7901,#7903,.T.);
#7901 = VERTEX_POINT('',#7902);
#7902 = CARTESIAN_POINT('',(33.545919749818,29.483201644581,
    60.751632538655));
#7903 = LINE('',#7904,#7905);
#7904 = CARTESIAN_POINT('',(32.824028940415,29.756753057959,
    60.029741729252));
#7905 = VECTOR('',#7906,1.);
#7906 = DIRECTION('',(-0.683012701892,0.258819045103,-0.683012701892));
#7907 = ORIENTED_EDGE('',*,*,#7908,.T.);
#7908 = EDGE_CURVE('',#7901,#7909,#7911,.T.);
#7909 = VERTEX_POINT('',#7910);
#7910 = CARTESIAN_POINT('',(36.660261258897,29.483201644581,
    57.637291029577));
#7911 = LINE('',#7912,#7913);
#7912 = CARTESIAN_POINT('',(31.636731440615,29.483201644581,
    62.660820847859));
#7913 = VECTOR('',#7914,1.);
#7914 = DIRECTION('',(0.707106781187,0.,-0.707106781187));
#7915 = ORIENTED_EDGE('',*,*,#7916,.F.);
#7916 = EDGE_CURVE('',#7917,#7909,#7919,.T.);
#7917 = VERTEX_POINT('',#7918);
#7918 = CARTESIAN_POINT('',(38.026286662681,28.965563554376,
    59.003316433361));
#7919 = LINE('',#7920,#7921);
#7920 = CARTESIAN_POINT('',(35.938370449494,29.756753057959,
    56.915400220174));
#7921 = VECTOR('',#7922,1.);
#7922 = DIRECTION('',(-0.683012701892,0.258819045103,-0.683012701892));
#7923 = ORIENTED_EDGE('',*,*,#7924,.F.);
#7924 = EDGE_CURVE('',#3646,#7917,#7925,.T.);
#7925 = LINE('',#7926,#7927);
#7926 = CARTESIAN_POINT('',(35.938370449494,29.756753057959,
    56.915400220174));
#7927 = VECTOR('',#7928,1.);
#7928 = DIRECTION('',(-0.683012701892,0.258819045103,-0.683012701892));
#7929 = ORIENTED_EDGE('',*,*,#3653,.F.);
#7930 = ORIENTED_EDGE('',*,*,#7931,.T.);
#7931 = EDGE_CURVE('',#3654,#7932,#7934,.T.);
#7932 = VERTEX_POINT('',#7933);
#7933 = CARTESIAN_POINT('',(45.704052092805,28.965563554376,
    51.325551003238));
#7934 = LINE('',#7935,#7936);
#7935 = CARTESIAN_POINT('',(43.616135879617,29.756753057959,
    49.23763479005));
#7936 = VECTOR('',#7937,1.);
#7937 = DIRECTION('',(-0.683012701892,0.258819045103,-0.683012701892));
#7938 = ORIENTED_EDGE('',*,*,#7939,.T.);
#7939 = EDGE_CURVE('',#7932,#7940,#7942,.T.);
#7940 = VERTEX_POINT('',#7941);
#7941 = CARTESIAN_POINT('',(44.33802668902,29.483201644581,
    49.959525599453));
#7942 = LINE('',#7943,#7944);
#7943 = CARTESIAN_POINT('',(43.616135879617,29.756753057959,
    49.23763479005));
#7944 = VECTOR('',#7945,1.);
#7945 = DIRECTION('',(-0.683012701892,0.258819045103,-0.683012701892));
#7946 = ORIENTED_EDGE('',*,*,#7947,.T.);
#7947 = EDGE_CURVE('',#7940,#7948,#7950,.T.);
#7948 = VERTEX_POINT('',#7949);
#7949 = CARTESIAN_POINT('',(60.751632538655,29.483201644581,
    33.545919749818));
#7950 = LINE('',#7951,#7952);
#7951 = CARTESIAN_POINT('',(37.032784910216,29.483201644581,
    57.264767378258));
#7952 = VECTOR('',#7953,1.);
#7953 = DIRECTION('',(0.707106781187,0.,-0.707106781187));
#7954 = ORIENTED_EDGE('',*,*,#7955,.F.);
#7955 = EDGE_CURVE('',#7956,#7948,#7958,.T.);
#7956 = VERTEX_POINT('',#7957);
#7957 = CARTESIAN_POINT('',(62.117657942439,28.965563554376,
    34.911945153603));
#7958 = LINE('',#7959,#7960);
#7959 = CARTESIAN_POINT('',(60.029741729252,29.756753057959,
    32.824028940415));
#7960 = VECTOR('',#7961,1.);
#7961 = DIRECTION('',(-0.683012701892,0.258819045103,-0.683012701892));
#7962 = ORIENTED_EDGE('',*,*,#7963,.F.);
#7963 = EDGE_CURVE('',#3678,#7956,#7964,.T.);
#7964 = LINE('',#7965,#7966);
#7965 = CARTESIAN_POINT('',(60.029741729252,29.756753057959,
    32.824028940415));
#7966 = VECTOR('',#7967,1.);
#7967 = DIRECTION('',(-0.683012701892,0.258819045103,-0.683012701892));
#7968 = ORIENTED_EDGE('',*,*,#3685,.F.);
#7969 = PLANE('',#7970);
#7970 = AXIS2_PLACEMENT_3D('',#7971,#7972,#7973);
#7971 = CARTESIAN_POINT('',(28.283761512605,30.030304471338,
    63.126227538256));
#7972 = DIRECTION('',(0.183012701892,0.965925826289,0.183012701892));
#7973 = DIRECTION('',(0.683012701892,-0.258819045103,0.683012701892));
#7974 = ADVANCED_FACE('',(#7975),#7986,.T.);
#7975 = FACE_BOUND('',#7976,.T.);
#7976 = EDGE_LOOP('',(#7977,#7983,#7984,#7985));
#7977 = ORIENTED_EDGE('',*,*,#7978,.F.);
#7978 = EDGE_CURVE('',#3678,#3654,#7979,.T.);
#7979 = LINE('',#7980,#7981);
#7980 = CARTESIAN_POINT('',(-135.2061321749,28.296216869151,
    235.76849143115));
#7981 = VECTOR('',#7982,1.);
#7982 = DIRECTION('',(-0.707106781187,0.,0.707106781187));
#7983 = ORIENTED_EDGE('',*,*,#3677,.T.);
#7984 = ORIENTED_EDGE('',*,*,#3669,.F.);
#7985 = ORIENTED_EDGE('',*,*,#3661,.F.);
#7986 = PLANE('',#7987);
#7987 = AXIS2_PLACEMENT_3D('',#7988,#7989,#7990);
#7988 = CARTESIAN_POINT('',(-400.2666293214,-483.6322598297,
    306.84015186508));
#7989 = DIRECTION('',(0.683012701892,-0.258819045103,0.683012701892));
#7990 = DIRECTION('',(0.707106781187,0.,-0.707106781187));
#7991 = ADVANCED_FACE('',(#7992),#8003,.T.);
#7992 = FACE_BOUND('',#7993,.T.);
#7993 = EDGE_LOOP('',(#7994,#8000,#8001,#8002));
#7994 = ORIENTED_EDGE('',*,*,#7995,.F.);
#7995 = EDGE_CURVE('',#3646,#3622,#7996,.T.);
#7996 = LINE('',#7997,#7998);
#7997 = CARTESIAN_POINT('',(-135.2061321749,28.296216869151,
    235.76849143115));
#7998 = VECTOR('',#7999,1.);
#7999 = DIRECTION('',(-0.707106781187,0.,0.707106781187));
#8000 = ORIENTED_EDGE('',*,*,#3645,.T.);
#8001 = ORIENTED_EDGE('',*,*,#3637,.F.);
#8002 = ORIENTED_EDGE('',*,*,#3629,.F.);
#8003 = PLANE('',#8004);
#8004 = AXIS2_PLACEMENT_3D('',#8005,#8006,#8007);
#8005 = CARTESIAN_POINT('',(-400.2666293214,-483.6322598297,
    306.84015186508));
#8006 = DIRECTION('',(0.683012701892,-0.258819045103,0.683012701892));
#8007 = DIRECTION('',(0.707106781187,0.,-0.707106781187));
#8008 = ADVANCED_FACE('',(#8009),#8043,.T.);
#8009 = FACE_BOUND('',#8010,.T.);
#8010 = EDGE_LOOP('',(#8011,#8019,#8025,#8026,#8027,#8036));
#8011 = ORIENTED_EDGE('',*,*,#8012,.T.);
#8012 = EDGE_CURVE('',#8013,#6883,#8015,.T.);
#8013 = VERTEX_POINT('',#8014);
#8014 = CARTESIAN_POINT('',(30.440820700905,20.387836327876,
    67.124757537435));
#8015 = LINE('',#8016,#8017);
#8016 = CARTESIAN_POINT('',(29.310946440903,20.387836327876,
    68.254631797436));
#8017 = VECTOR('',#8018,1.);
#8018 = DIRECTION('',(0.707106781187,0.,-0.707106781187));
#8019 = ORIENTED_EDGE('',*,*,#8020,.T.);
#8020 = EDGE_CURVE('',#6883,#3606,#8021,.T.);
#8021 = LINE('',#8022,#8023);
#8022 = CARTESIAN_POINT('',(-21.07957679758,-256.3921035781,
    13.762889228069));
#8023 = VECTOR('',#8024,1.);
#8024 = DIRECTION('',(0.183012701892,0.965925826289,0.183012701892));
#8025 = ORIENTED_EDGE('',*,*,#3605,.F.);
#8026 = ORIENTED_EDGE('',*,*,#3597,.F.);
#8027 = ORIENTED_EDGE('',*,*,#8028,.F.);
#8028 = EDGE_CURVE('',#8029,#3589,#8031,.T.);
#8029 = VERTEX_POINT('',#8030);
#8030 = CARTESIAN_POINT('',(30.467573043663,20.521134091904,
    67.148516700399));
#8031 = CIRCLE('',#8032,4.5);
#8032 = AXIS2_PLACEMENT_3D('',#8033,#8034,#8035);
#8033 = CARTESIAN_POINT('',(27.285592528323,20.521134091904,
    70.330497215738));
#8034 = DIRECTION('',(0.683012701892,-0.258819045103,0.683012701892));
#8035 = DIRECTION('',(0.707106781187,0.,-0.707106781187));
#8036 = ORIENTED_EDGE('',*,*,#8037,.F.);
#8037 = EDGE_CURVE('',#8013,#8029,#8038,.T.);
#8038 = CIRCLE('',#8039,4.5);
#8039 = AXIS2_PLACEMENT_3D('',#8040,#8041,#8042);
#8040 = CARTESIAN_POINT('',(27.285592528323,20.521134091904,
    70.330497215738));
#8041 = DIRECTION('',(0.683012701892,-0.258819045103,0.683012701892));
#8042 = DIRECTION('',(0.707106781187,0.,-0.707106781187));
#8043 = PLANE('',#8044);
#8044 = AXIS2_PLACEMENT_3D('',#8045,#8046,#8047);
#8045 = CARTESIAN_POINT('',(-400.2666293214,-483.6322598297,
    306.84015186508));
#8046 = DIRECTION('',(0.683012701892,-0.258819045103,0.683012701892));
#8047 = DIRECTION('',(0.707106781187,0.,-0.707106781187));
#8048 = ADVANCED_FACE('',(#8049),#8098,.T.);
#8049 = FACE_BOUND('',#8050,.T.);
#8050 = EDGE_LOOP('',(#8051,#8061,#8068,#8076,#8082,#8083,#8091));
#8051 = ORIENTED_EDGE('',*,*,#8052,.F.);
#8052 = EDGE_CURVE('',#8053,#8055,#8057,.T.);
#8053 = VERTEX_POINT('',#8054);
#8054 = CARTESIAN_POINT('',(28.295826683727,16.85156631588,
    67.929726654352));
#8055 = VERTEX_POINT('',#8056);
#8056 = CARTESIAN_POINT('',(28.87037577121,19.883988635927,
    68.504275741834));
#8057 = LINE('',#8058,#8059);
#8058 = CARTESIAN_POINT('',(-21.67200129042,-246.8744757826,
    17.961898680204));
#8059 = VECTOR('',#8060,1.);
#8060 = DIRECTION('',(0.183012701892,0.965925826289,0.183012701892));
#8061 = ORIENTED_EDGE('',*,*,#8062,.T.);
#8062 = EDGE_CURVE('',#8053,#8013,#8063,.T.);
#8063 = CIRCLE('',#8064,4.5);
#8064 = AXIS2_PLACEMENT_3D('',#8065,#8066,#8067);
#8065 = CARTESIAN_POINT('',(27.285592528323,20.521134091904,
    70.330497215738));
#8066 = DIRECTION('',(0.683012701892,-0.258819045103,0.683012701892));
#8067 = DIRECTION('',(0.707106781187,0.,-0.707106781187));
#8068 = ORIENTED_EDGE('',*,*,#8069,.F.);
#8069 = EDGE_CURVE('',#8070,#8013,#8072,.T.);
#8070 = VERTEX_POINT('',#8071);
#8071 = CARTESIAN_POINT('',(29.310946440903,20.387836327876,
    68.254631797436));
#8072 = LINE('',#8073,#8074);
#8073 = CARTESIAN_POINT('',(29.310946440903,20.387836327876,
    68.254631797436));
#8074 = VECTOR('',#8075,1.);
#8075 = DIRECTION('',(0.707106781187,0.,-0.707106781187));
#8076 = ORIENTED_EDGE('',*,*,#8077,.T.);
#8077 = EDGE_CURVE('',#8070,#3589,#8078,.T.);
#8078 = LINE('',#8079,#8080);
#8079 = CARTESIAN_POINT('',(29.310946440903,20.387836327876,
    68.254631797436));
#8080 = VECTOR('',#8081,1.);
#8081 = DIRECTION('',(0.183012701892,0.965925826289,0.183012701892));
#8082 = ORIENTED_EDGE('',*,*,#3588,.T.);
#8083 = ORIENTED_EDGE('',*,*,#8084,.F.);
#8084 = EDGE_CURVE('',#8085,#3581,#8087,.T.);
#8085 = VERTEX_POINT('',#8086);
#8086 = CARTESIAN_POINT('',(29.196617592366,21.470732553038,
    68.779310506474));
#8087 = LINE('',#8088,#8089);
#8088 = CARTESIAN_POINT('',(-31.11957692406,-251.2913679038,
    25.735748777035));
#8089 = VECTOR('',#8090,1.);
#8090 = DIRECTION('',(0.213396771632,0.965023608131,0.152286747966));
#8091 = ORIENTED_EDGE('',*,*,#8092,.T.);
#8092 = EDGE_CURVE('',#8085,#8055,#8093,.T.);
#8093 = ELLIPSE('',#8094,10.202859313055,2.5);
#8094 = AXIS2_PLACEMENT_3D('',#8095,#8096,#8097);
#8095 = CARTESIAN_POINT('',(31.30132001239,22.883567465748,
    67.209984049418));
#8096 = DIRECTION('',(0.683012701892,-0.258819045103,0.683012701892));
#8097 = DIRECTION('',(-0.241690168007,-0.962520559205,-0.123044852784));
#8098 = PLANE('',#8099);
#8099 = AXIS2_PLACEMENT_3D('',#8100,#8101,#8102);
#8100 = CARTESIAN_POINT('',(-400.2666293214,-483.6322598297,
    306.84015186508));
#8101 = DIRECTION('',(0.683012701892,-0.258819045103,0.683012701892));
#8102 = DIRECTION('',(0.707106781187,0.,-0.707106781187));
#8103 = ADVANCED_FACE('',(#8104,#8623,#8657),#8691,.T.);
#8104 = FACE_BOUND('',#8105,.T.);
#8105 = EDGE_LOOP('',(#8106,#8116,#8125,#8134,#8231,#8239,#8247,#8255,
    #8263,#8360,#8368,#8376,#8384,#8392,#8489,#8498,#8505,#8506,#8514,
    #8522,#8530,#8538));
#8106 = ORIENTED_EDGE('',*,*,#8107,.F.);
#8107 = EDGE_CURVE('',#8108,#8110,#8112,.T.);
#8108 = VERTEX_POINT('',#8109);
#8109 = CARTESIAN_POINT('',(27.11746745884,16.968740633093,
    67.295562603697));
#8110 = VERTEX_POINT('',#8111);
#8111 = CARTESIAN_POINT('',(14.143628865499,-11.12356284036,
    58.037017252197));
#8112 = LINE('',#8113,#8114);
#8113 = CARTESIAN_POINT('',(32.090744940143,27.737397824048,
    70.844652163812));
#8114 = VECTOR('',#8115,1.);
#8115 = DIRECTION('',(-0.401680562345,-0.869760493441,-0.28665207113));
#8116 = ORIENTED_EDGE('',*,*,#8117,.F.);
#8117 = EDGE_CURVE('',#8118,#8108,#8120,.T.);
#8118 = VERTEX_POINT('',#8119);
#8119 = CARTESIAN_POINT('',(24.49290953824,17.586272829182,
    65.422594294381));
#8120 = ELLIPSE('',#8121,28.264588748892,4.5);
#8121 = AXIS2_PLACEMENT_3D('',#8122,#8123,#8124);
#8122 = CARTESIAN_POINT('',(17.106541843568,24.378356909254,
    60.151446530983));
#8123 = DIRECTION('',(-0.580885750813,-1.387778780781E-17,0.81398510091)
  );
#8124 = DIRECTION('',(0.785514839045,-0.262162994622,0.560568463161));
#8125 = ORIENTED_EDGE('',*,*,#8126,.T.);
#8126 = EDGE_CURVE('',#8118,#8127,#8129,.T.);
#8127 = VERTEX_POINT('',#8128);
#8128 = CARTESIAN_POINT('',(22.640373647442,16.163394657902,
    64.100565548854));
#8129 = HYPERBOLA('',#8130,2.499440567508,2.435261354708);
#8130 = AXIS2_PLACEMENT_3D('',#8131,#8132,#8133);
#8131 = CARTESIAN_POINT('',(29.281071907117,20.315147532521,
    68.839579801304));
#8132 = DIRECTION('',(-0.580885750813,-1.387778780781E-17,0.81398510091)
  );
#8133 = DIRECTION('',(-0.785514839045,0.262162994622,-0.560568463161));
#8134 = ORIENTED_EDGE('',*,*,#8135,.T.);
#8135 = EDGE_CURVE('',#8127,#8136,#8138,.T.);
#8136 = VERTEX_POINT('',#8137);
#8137 = CARTESIAN_POINT('',(18.955006820236,16.240495686078,
    61.470570140591));
#8138 = B_SPLINE_CURVE_WITH_KNOTS('',6,(#8139,#8140,#8141,#8142,#8143,
    #8144,#8145,#8146,#8147,#8148,#8149,#8150,#8151,#8152,#8153,#8154,
    #8155,#8156,#8157,#8158,#8159,#8160,#8161,#8162,#8163,#8164,#8165,
    #8166,#8167,#8168,#8169,#8170,#8171,#8172,#8173,#8174,#8175,#8176,
    #8177,#8178,#8179,#8180,#8181,#8182,#8183,#8184,#8185,#8186,#8187,
    #8188,#8189,#8190,#8191,#8192,#8193,#8194,#8195,#8196,#8197,#8198,
    #8199,#8200,#8201,#8202,#8203,#8204,#8205,#8206,#8207,#8208,#8209,
    #8210,#8211,#8212,#8213,#8214,#8215,#8216,#8217,#8218,#8219,#8220,
    #8221,#8222,#8223,#8224,#8225,#8226,#8227,#8228,#8229,#8230),
  .UNSPECIFIED.,.F.,.F.,(7,5,5,5,5,5,5,5,5,5,5,5,5,5,5,5,5,5,7),(0.,
    3.654480453977E-02,0.109682852068,0.143560107352,0.200243538313,
    0.259236396767,0.297308364875,0.383682089053,0.446904638984,
    0.51163879226,0.573523511134,0.631634910249,0.666705353047,
    0.689851726812,0.742751664565,0.814200569787,0.846211200429,
    0.897266548085,1.),.UNSPECIFIED.);
#8139 = CARTESIAN_POINT('',(22.640373648656,16.163394663389,
    64.10056554972));
#8140 = CARTESIAN_POINT('',(22.492006847676,16.102792643019,
    63.9946862646));
#8141 = CARTESIAN_POINT('',(22.341933209299,16.048344033308,
    63.887588925829));
#8142 = CARTESIAN_POINT('',(22.190362395136,16.000151957001,
    63.779423154628));
#8143 = CARTESIAN_POINT('',(22.03750897534,15.958300209468,
    63.670342075105));
#8144 = CARTESIAN_POINT('',(21.883592428603,15.922853258707,
    63.560502314262));
#8145 = CARTESIAN_POINT('',(21.41912144829,15.835823784403,
    63.229040996569));
#8146 = CARTESIAN_POINT('',(21.106024900208,15.803620919599,
    63.005605305663));
#8147 = CARTESIAN_POINT('',(20.791377438565,15.797619310708,
    62.781062833333));
#8148 = CARTESIAN_POINT('',(20.476982395687,15.817832721228,
    62.556700495091));
#8149 = CARTESIAN_POINT('',(20.164612897903,15.863988224783,
    62.333783650484));
#8150 = CARTESIAN_POINT('',(19.713065072698,15.968624784305,
    62.01154470879));
#8151 = CARTESIAN_POINT('',(19.570924221467,16.007190644349,
    61.910108460146));
#8152 = CARTESIAN_POINT('',(19.429755758574,16.051140909746,
    61.80936613886));
#8153 = CARTESIAN_POINT('',(19.289723652407,16.100406985257,
    61.709434758005));
#8154 = CARTESIAN_POINT('',(19.150986651584,16.154908905698,
    61.610427605665));
#8155 = CARTESIAN_POINT('',(18.783987359867,16.314355756087,
    61.348525196298));
#8156 = CARTESIAN_POINT('',(18.558329255026,16.428560702897,
    61.187488369566));
#8157 = CARTESIAN_POINT('',(18.337445155817,16.556743619841,
    61.029858425641));
#8158 = CARTESIAN_POINT('',(18.121999847306,16.698404676457,
    60.876109776368));
#8159 = CARTESIAN_POINT('',(17.91260606336,16.85298310018,
    60.726679688192));
#8160 = CARTESIAN_POINT('',(17.49878994693,17.193555293924,
    60.431367298295));
#8161 = CARTESIAN_POINT('',(17.294914279726,17.380575221923,
    60.285875114366));
#8162 = CARTESIAN_POINT('',(17.098834839651,17.580244454343,
    60.145946566977));
#8163 = CARTESIAN_POINT('',(16.9111175029,17.791831981754,
    60.011985483442));
#8164 = CARTESIAN_POINT('',(16.732267913159,18.014571190562,
    59.884352707236));
#8165 = CARTESIAN_POINT('',(16.453329829494,18.39810468741,
    59.685293586892));
#8166 = CARTESIAN_POINT('',(16.347802642202,18.552854661799,
    59.609986017561));
#8167 = CARTESIAN_POINT('',(16.24627733937,18.711707873783,
    59.537534320723));
#8168 = CARTESIAN_POINT('',(16.148865394887,18.874448791299,
    59.468018047702));
#8169 = CARTESIAN_POINT('',(16.0556692337,19.040858830048,
    59.401510292212));
#8170 = CARTESIAN_POINT('',(15.765124640549,19.596071448326,
    59.194168396214));
#8171 = CARTESIAN_POINT('',(15.585649032914,19.999168289613,
    59.066088873656));
#8172 = CARTESIAN_POINT('',(15.429443288747,20.417429395911,
    58.954615468454));
#8173 = CARTESIAN_POINT('',(15.297381980841,20.848217797107,
    58.860372303671));
#8174 = CARTESIAN_POINT('',(15.19014505886,21.288848606813,
    58.783844613091));
#8175 = CARTESIAN_POINT('',(15.04828235274,22.064339414443,
    58.682606857676));
#8176 = CARTESIAN_POINT('',(15.001898420378,22.39589272824,
    58.649505802945));
#8177 = CARTESIAN_POINT('',(14.969281375081,22.730192439652,
    58.626229238268));
#8178 = CARTESIAN_POINT('',(14.950577539616,23.066154012641,
    58.612881584245));
#8179 = CARTESIAN_POINT('',(14.945880060463,23.402676258246,
    58.609529313176));
#8180 = CARTESIAN_POINT('',(14.964795490365,24.082638649872,
    58.623027967744));
#8181 = CARTESIAN_POINT('',(14.989088008987,24.426051806215,
    58.640363884462));
#8182 = CARTESIAN_POINT('',(15.028142471956,24.76767760111,
    58.668234395873));
#8183 = CARTESIAN_POINT('',(15.081935681458,25.106291421827,
    58.70662294728));
#8184 = CARTESIAN_POINT('',(15.150371880682,25.440649574707,
    58.755461203563));
#8185 = CARTESIAN_POINT('',(15.312523575449,26.083859273152,
    58.87117782891));
#8186 = CARTESIAN_POINT('',(15.404994573524,26.39318880739,
    58.937168084856));
#8187 = CARTESIAN_POINT('',(15.510527002468,26.696374947687,
    59.012479394798));
#8188 = CARTESIAN_POINT('',(15.62889389807,26.992304772762,
    59.096949789829));
#8189 = CARTESIAN_POINT('',(15.759786955917,27.279865798426,
    59.190359254079));
#8190 = CARTESIAN_POINT('',(16.037100624309,27.819085942338,
    59.388259139832));
#8191 = CARTESIAN_POINT('',(16.182090403264,28.071869941499,
    59.491728474239));
#8192 = CARTESIAN_POINT('',(16.337437085277,28.315387436185,
    59.602588825266));
#8193 = CARTESIAN_POINT('',(16.502737808314,28.548741578718,
    59.720552697705));
#8194 = CARTESIAN_POINT('',(16.677513643733,28.771067646725,
    59.84527831279));
#8195 = CARTESIAN_POINT('',(16.972055771515,29.108566613621,
    60.055472977105));
#8196 = CARTESIAN_POINT('',(17.086157526879,29.231274926815,
    60.136899631917));
#8197 = CARTESIAN_POINT('',(17.203381975895,29.349487716444,
    60.220554740597));
#8198 = CARTESIAN_POINT('',(17.323595618166,29.463033232796,
    60.306343032999));
#8199 = CARTESIAN_POINT('',(17.446654980607,29.571748801323,
    60.394162122152));
#8200 = CARTESIAN_POINT('',(17.655402272926,29.74394360626,
    60.543130853267));
#8201 = CARTESIAN_POINT('',(17.739570773107,29.810235819909,
    60.603196181696));
#8202 = CARTESIAN_POINT('',(17.824867997751,29.874313467678,
    60.664067003931));
#8203 = CARTESIAN_POINT('',(17.911248147987,29.93613487439,
    60.725710636437));
#8204 = CARTESIAN_POINT('',(17.998663746321,29.995660685601,
    60.788093197756));
#8205 = CARTESIAN_POINT('',(18.289103957709,30.183566168296,
    60.995360603597));
#8206 = CARTESIAN_POINT('',(18.49629817589,30.30209708024,
    61.143221011432));
#8207 = CARTESIAN_POINT('',(18.708054217115,30.408000874016,
    61.294336881807));
#8208 = CARTESIAN_POINT('',(18.92374762636,30.500909500285,
    61.448262583684));
#8209 = CARTESIAN_POINT('',(19.142723091242,30.580536118203,
    61.604530465228));
#8210 = CARTESIAN_POINT('',(19.663557009715,30.736013504332,
    61.976214174724));
#8211 = CARTESIAN_POINT('',(19.967579516579,30.800757988712,
    62.19317434017));
#8212 = CARTESIAN_POINT('',(20.274651624766,30.84040360835,
    62.412310798464));
#8213 = CARTESIAN_POINT('',(20.583067473552,30.854777002965,
    62.632406192944));
#8214 = CARTESIAN_POINT('',(20.89113098594,30.843976982087,
    62.852250148922));
#8215 = CARTESIAN_POINT('',(21.334262124891,30.792463914187,
    63.16848267464));
#8216 = CARTESIAN_POINT('',(21.470963035816,30.771552134243,
    63.266036808237));
#8217 = CARTESIAN_POINT('',(21.607110618448,30.745702210589,
    63.3631960691));
#8218 = CARTESIAN_POINT('',(21.742560160942,30.714959562107,
    63.45985718624));
#8219 = CARTESIAN_POINT('',(21.877170632609,30.679379658125,
    63.555919515654));
#8220 = CARTESIAN_POINT('',(22.223944281952,30.574669180365,
    63.80338826101));
#8221 = CARTESIAN_POINT('',(22.434602263093,30.498170525771,
    63.953720520658));
#8222 = CARTESIAN_POINT('',(22.642219835149,30.409796912133,
    64.101883047333));
#8223 = CARTESIAN_POINT('',(22.846273913275,30.309869351607,
    64.247502550989));
#8224 = CARTESIAN_POINT('',(23.046275049011,30.198756903287,
    64.390229745585));
#8225 = CARTESIAN_POINT('',(23.635130507526,29.831605135352,
    64.810455797336));
#8226 = CARTESIAN_POINT('',(24.010244058207,29.542702993082,
    65.078148800911));
#8227 = CARTESIAN_POINT('',(24.363373395445,29.213498560316,
    65.330153168026));
#8228 = CARTESIAN_POINT('',(24.691488861972,28.847880861667,
    65.564306838546));
#8229 = CARTESIAN_POINT('',(24.992087550429,28.449992052996,
    65.778823657887));
#8230 = CARTESIAN_POINT('',(25.26316174203,28.024175920193,
    65.972270853834));
#8231 = ORIENTED_EDGE('',*,*,#8232,.T.);
#8232 = EDGE_CURVE('',#8136,#8233,#8235,.T.);
#8233 = VERTEX_POINT('',#8234);
#8234 = CARTESIAN_POINT('',(17.140617567487,12.311791539959,
    60.175764055286));
#8235 = LINE('',#8236,#8237);
#8236 = CARTESIAN_POINT('',(9.848976138178,-3.47682817949,
    54.972215978559));
#8237 = VECTOR('',#8238,1.);
#8238 = DIRECTION('',(-0.401680562345,-0.869760493441,-0.28665207113));
#8239 = ORIENTED_EDGE('',*,*,#8240,.T.);
#8240 = EDGE_CURVE('',#8233,#8241,#8243,.T.);
#8241 = VERTEX_POINT('',#8242);
#8242 = CARTESIAN_POINT('',(6.980380998663,12.311791539959,
    52.925094920038));
#8243 = LINE('',#8244,#8245);
#8244 = CARTESIAN_POINT('',(8.128461428761,12.311791539959,
    53.744401762246));
#8245 = VECTOR('',#8246,1.);
#8246 = DIRECTION('',(-0.81398510091,0.,-0.580885750813));
#8247 = ORIENTED_EDGE('',*,*,#8248,.T.);
#8248 = EDGE_CURVE('',#8241,#8249,#8251,.T.);
#8249 = VERTEX_POINT('',#8250);
#8250 = CARTESIAN_POINT('',(6.980380998663,18.311791539959,
    52.925094920038));
#8251 = LINE('',#8252,#8253);
#8252 = CARTESIAN_POINT('',(6.980380998663,16.855590889728,
    52.925094920038));
#8253 = VECTOR('',#8254,1.);
#8254 = DIRECTION('',(0.,1.,0.));
#8255 = ORIENTED_EDGE('',*,*,#8256,.F.);
#8256 = EDGE_CURVE('',#8257,#8249,#8259,.T.);
#8257 = VERTEX_POINT('',#8258);
#8258 = CARTESIAN_POINT('',(16.516629923475,18.311791540375,
    59.730466560748));
#8259 = LINE('',#8260,#8261);
#8260 = CARTESIAN_POINT('',(8.128461428761,18.311791539959,
    53.744401762246));
#8261 = VECTOR('',#8262,1.);
#8262 = DIRECTION('',(-0.81398510091,0.,-0.580885750813));
#8263 = ORIENTED_EDGE('',*,*,#8264,.T.);
#8264 = EDGE_CURVE('',#8257,#8265,#8267,.T.);
#8265 = VERTEX_POINT('',#8266);
#8266 = CARTESIAN_POINT('',(15.196072143135,21.31179154286,
    58.788074384971));
#8267 = B_SPLINE_CURVE_WITH_KNOTS('',6,(#8268,#8269,#8270,#8271,#8272,
    #8273,#8274,#8275,#8276,#8277,#8278,#8279,#8280,#8281,#8282,#8283,
    #8284,#8285,#8286,#8287,#8288,#8289,#8290,#8291,#8292,#8293,#8294,
    #8295,#8296,#8297,#8298,#8299,#8300,#8301,#8302,#8303,#8304,#8305,
    #8306,#8307,#8308,#8309,#8310,#8311,#8312,#8313,#8314,#8315,#8316,
    #8317,#8318,#8319,#8320,#8321,#8322,#8323,#8324,#8325,#8326,#8327,
    #8328,#8329,#8330,#8331,#8332,#8333,#8334,#8335,#8336,#8337,#8338,
    #8339,#8340,#8341,#8342,#8343,#8344,#8345,#8346,#8347,#8348,#8349,
    #8350,#8351,#8352,#8353,#8354,#8355,#8356,#8357,#8358,#8359),
  .UNSPECIFIED.,.F.,.F.,(7,5,5,5,5,5,5,5,5,5,5,5,5,5,5,5,5,5,7),(0.,
    3.654480453977E-02,0.109682852068,0.143560107352,0.200243538313,
    0.259236396767,0.297308364875,0.383682089053,0.446904638984,
    0.51163879226,0.573523511134,0.631634910249,0.666705353047,
    0.689851726812,0.742751664565,0.814200569787,0.846211200429,
    0.897266548085,1.),.UNSPECIFIED.);
#8268 = CARTESIAN_POINT('',(22.640373648656,16.163394663389,
    64.10056554972));
#8269 = CARTESIAN_POINT('',(22.492006847676,16.102792643019,
    63.9946862646));
#8270 = CARTESIAN_POINT('',(22.341933209299,16.048344033308,
    63.887588925829));
#8271 = CARTESIAN_POINT('',(22.190362395136,16.000151957001,
    63.779423154628));
#8272 = CARTESIAN_POINT('',(22.03750897534,15.958300209468,
    63.670342075105));
#8273 = CARTESIAN_POINT('',(21.883592428603,15.922853258707,
    63.560502314262));
#8274 = CARTESIAN_POINT('',(21.41912144829,15.835823784403,
    63.229040996569));
#8275 = CARTESIAN_POINT('',(21.106024900208,15.803620919599,
    63.005605305663));
#8276 = CARTESIAN_POINT('',(20.791377438565,15.797619310708,
    62.781062833333));
#8277 = CARTESIAN_POINT('',(20.476982395687,15.817832721228,
    62.556700495091));
#8278 = CARTESIAN_POINT('',(20.164612897903,15.863988224783,
    62.333783650484));
#8279 = CARTESIAN_POINT('',(19.713065072698,15.968624784305,
    62.01154470879));
#8280 = CARTESIAN_POINT('',(19.570924221467,16.007190644349,
    61.910108460146));
#8281 = CARTESIAN_POINT('',(19.429755758574,16.051140909746,
    61.80936613886));
#8282 = CARTESIAN_POINT('',(19.289723652407,16.100406985257,
    61.709434758005));
#8283 = CARTESIAN_POINT('',(19.150986651584,16.154908905698,
    61.610427605665));
#8284 = CARTESIAN_POINT('',(18.783987359867,16.314355756087,
    61.348525196298));
#8285 = CARTESIAN_POINT('',(18.558329255026,16.428560702897,
    61.187488369566));
#8286 = CARTESIAN_POINT('',(18.337445155817,16.556743619841,
    61.029858425641));
#8287 = CARTESIAN_POINT('',(18.121999847306,16.698404676457,
    60.876109776368));
#8288 = CARTESIAN_POINT('',(17.91260606336,16.85298310018,
    60.726679688192));
#8289 = CARTESIAN_POINT('',(17.49878994693,17.193555293924,
    60.431367298295));
#8290 = CARTESIAN_POINT('',(17.294914279726,17.380575221923,
    60.285875114366));
#8291 = CARTESIAN_POINT('',(17.098834839651,17.580244454343,
    60.145946566977));
#8292 = CARTESIAN_POINT('',(16.9111175029,17.791831981754,
    60.011985483442));
#8293 = CARTESIAN_POINT('',(16.732267913159,18.014571190562,
    59.884352707236));
#8294 = CARTESIAN_POINT('',(16.453329829494,18.39810468741,
    59.685293586892));
#8295 = CARTESIAN_POINT('',(16.347802642202,18.552854661799,
    59.609986017561));
#8296 = CARTESIAN_POINT('',(16.24627733937,18.711707873783,
    59.537534320723));
#8297 = CARTESIAN_POINT('',(16.148865394887,18.874448791299,
    59.468018047702));
#8298 = CARTESIAN_POINT('',(16.0556692337,19.040858830048,
    59.401510292212));
#8299 = CARTESIAN_POINT('',(15.765124640549,19.596071448326,
    59.194168396214));
#8300 = CARTESIAN_POINT('',(15.585649032914,19.999168289613,
    59.066088873656));
#8301 = CARTESIAN_POINT('',(15.429443288747,20.417429395911,
    58.954615468454));
#8302 = CARTESIAN_POINT('',(15.297381980841,20.848217797107,
    58.860372303671));
#8303 = CARTESIAN_POINT('',(15.19014505886,21.288848606813,
    58.783844613091));
#8304 = CARTESIAN_POINT('',(15.04828235274,22.064339414443,
    58.682606857676));
#8305 = CARTESIAN_POINT('',(15.001898420378,22.39589272824,
    58.649505802945));
#8306 = CARTESIAN_POINT('',(14.969281375081,22.730192439652,
    58.626229238268));
#8307 = CARTESIAN_POINT('',(14.950577539616,23.066154012641,
    58.612881584245));
#8308 = CARTESIAN_POINT('',(14.945880060463,23.402676258246,
    58.609529313176));
#8309 = CARTESIAN_POINT('',(14.964795490365,24.082638649872,
    58.623027967744));
#8310 = CARTESIAN_POINT('',(14.989088008987,24.426051806215,
    58.640363884462));
#8311 = CARTESIAN_POINT('',(15.028142471956,24.76767760111,
    58.668234395873));
#8312 = CARTESIAN_POINT('',(15.081935681458,25.106291421827,
    58.70662294728));
#8313 = CARTESIAN_POINT('',(15.150371880682,25.440649574707,
    58.755461203563));
#8314 = CARTESIAN_POINT('',(15.312523575449,26.083859273152,
    58.87117782891));
#8315 = CARTESIAN_POINT('',(15.404994573524,26.39318880739,
    58.937168084856));
#8316 = CARTESIAN_POINT('',(15.510527002468,26.696374947687,
    59.012479394798));
#8317 = CARTESIAN_POINT('',(15.62889389807,26.992304772762,
    59.096949789829));
#8318 = CARTESIAN_POINT('',(15.759786955917,27.279865798426,
    59.190359254079));
#8319 = CARTESIAN_POINT('',(16.037100624309,27.819085942338,
    59.388259139832));
#8320 = CARTESIAN_POINT('',(16.182090403264,28.071869941499,
    59.491728474239));
#8321 = CARTESIAN_POINT('',(16.337437085277,28.315387436185,
    59.602588825266));
#8322 = CARTESIAN_POINT('',(16.502737808314,28.548741578718,
    59.720552697705));
#8323 = CARTESIAN_POINT('',(16.677513643733,28.771067646725,
    59.84527831279));
#8324 = CARTESIAN_POINT('',(16.972055771515,29.108566613621,
    60.055472977105));
#8325 = CARTESIAN_POINT('',(17.086157526879,29.231274926815,
    60.136899631917));
#8326 = CARTESIAN_POINT('',(17.203381975895,29.349487716444,
    60.220554740597));
#8327 = CARTESIAN_POINT('',(17.323595618166,29.463033232796,
    60.306343032999));
#8328 = CARTESIAN_POINT('',(17.446654980607,29.571748801323,
    60.394162122152));
#8329 = CARTESIAN_POINT('',(17.655402272926,29.74394360626,
    60.543130853267));
#8330 = CARTESIAN_POINT('',(17.739570773107,29.810235819909,
    60.603196181696));
#8331 = CARTESIAN_POINT('',(17.824867997751,29.874313467678,
    60.664067003931));
#8332 = CARTESIAN_POINT('',(17.911248147987,29.93613487439,
    60.725710636437));
#8333 = CARTESIAN_POINT('',(17.998663746321,29.995660685601,
    60.788093197756));
#8334 = CARTESIAN_POINT('',(18.289103957709,30.183566168296,
    60.995360603597));
#8335 = CARTESIAN_POINT('',(18.49629817589,30.30209708024,
    61.143221011432));
#8336 = CARTESIAN_POINT('',(18.708054217115,30.408000874016,
    61.294336881807));
#8337 = CARTESIAN_POINT('',(18.92374762636,30.500909500285,
    61.448262583684));
#8338 = CARTESIAN_POINT('',(19.142723091242,30.580536118203,
    61.604530465228));
#8339 = CARTESIAN_POINT('',(19.663557009715,30.736013504332,
    61.976214174724));
#8340 = CARTESIAN_POINT('',(19.967579516579,30.800757988712,
    62.19317434017));
#8341 = CARTESIAN_POINT('',(20.274651624766,30.84040360835,
    62.412310798464));
#8342 = CARTESIAN_POINT('',(20.583067473552,30.854777002965,
    62.632406192944));
#8343 = CARTESIAN_POINT('',(20.89113098594,30.843976982087,
    62.852250148922));
#8344 = CARTESIAN_POINT('',(21.334262124891,30.792463914187,
    63.16848267464));
#8345 = CARTESIAN_POINT('',(21.470963035816,30.771552134243,
    63.266036808237));
#8346 = CARTESIAN_POINT('',(21.607110618448,30.745702210589,
    63.3631960691));
#8347 = CARTESIAN_POINT('',(21.742560160942,30.714959562107,
    63.45985718624));
#8348 = CARTESIAN_POINT('',(21.877170632609,30.679379658125,
    63.555919515654));
#8349 = CARTESIAN_POINT('',(22.223944281952,30.574669180365,
    63.80338826101));
#8350 = CARTESIAN_POINT('',(22.434602263093,30.498170525771,
    63.953720520658));
#8351 = CARTESIAN_POINT('',(22.642219835149,30.409796912133,
    64.101883047333));
#8352 = CARTESIAN_POINT('',(22.846273913275,30.309869351607,
    64.247502550989));
#8353 = CARTESIAN_POINT('',(23.046275049011,30.198756903287,
    64.390229745585));
#8354 = CARTESIAN_POINT('',(23.635130507526,29.831605135352,
    64.810455797336));
#8355 = CARTESIAN_POINT('',(24.010244058207,29.542702993082,
    65.078148800911));
#8356 = CARTESIAN_POINT('',(24.363373395445,29.213498560316,
    65.330153168026));
#8357 = CARTESIAN_POINT('',(24.691488861972,28.847880861667,
    65.564306838546));
#8358 = CARTESIAN_POINT('',(24.992087550429,28.449992052996,
    65.778823657887));
#8359 = CARTESIAN_POINT('',(25.26316174203,28.024175920193,
    65.972270853834));
#8360 = ORIENTED_EDGE('',*,*,#8361,.T.);
#8361 = EDGE_CURVE('',#8265,#8362,#8364,.T.);
#8362 = VERTEX_POINT('',#8363);
#8363 = CARTESIAN_POINT('',(6.980380998663,21.311791539959,
    52.925094920038));
#8364 = LINE('',#8365,#8366);
#8365 = CARTESIAN_POINT('',(8.128461428761,21.311791539959,
    53.744401762246));
#8366 = VECTOR('',#8367,1.);
#8367 = DIRECTION('',(-0.81398510091,0.,-0.580885750813));
#8368 = ORIENTED_EDGE('',*,*,#8369,.T.);
#8369 = EDGE_CURVE('',#8362,#8370,#8372,.T.);
#8370 = VERTEX_POINT('',#8371);
#8371 = CARTESIAN_POINT('',(6.980380998663,27.311791539959,
    52.925094920038));
#8372 = LINE('',#8373,#8374);
#8373 = CARTESIAN_POINT('',(6.980380998663,16.855590889728,
    52.925094920038));
#8374 = VECTOR('',#8375,1.);
#8375 = DIRECTION('',(0.,1.,0.));
#8376 = ORIENTED_EDGE('',*,*,#8377,.F.);
#8377 = EDGE_CURVE('',#8378,#8370,#8380,.T.);
#8378 = VERTEX_POINT('',#8379);
#8379 = CARTESIAN_POINT('',(11.796940528331,27.311791539959,
    56.362345547352));
#8380 = LINE('',#8381,#8382);
#8381 = CARTESIAN_POINT('',(8.128461428761,27.311791539959,
    53.744401762246));
#8382 = VECTOR('',#8383,1.);
#8383 = DIRECTION('',(-0.81398510091,0.,-0.580885750813));
#8384 = ORIENTED_EDGE('',*,*,#8385,.T.);
#8385 = EDGE_CURVE('',#8378,#8386,#8388,.T.);
#8386 = VERTEX_POINT('',#8387);
#8387 = CARTESIAN_POINT('',(15.28965359886,25.982072965653,
    58.85485708373));
#8388 = LINE('',#8389,#8390);
#8389 = CARTESIAN_POINT('',(18.854059680749,24.625059985328,
    61.398531041222));
#8390 = VECTOR('',#8391,1.);
#8391 = DIRECTION('',(0.777507119945,-0.296006467794,0.554853899201));
#8392 = ORIENTED_EDGE('',*,*,#8393,.T.);
#8393 = EDGE_CURVE('',#8386,#8394,#8396,.T.);
#8394 = VERTEX_POINT('',#8395);
#8395 = CARTESIAN_POINT('',(25.263161742308,28.02417592145,
    65.972270854032));
#8396 = B_SPLINE_CURVE_WITH_KNOTS('',6,(#8397,#8398,#8399,#8400,#8401,
    #8402,#8403,#8404,#8405,#8406,#8407,#8408,#8409,#8410,#8411,#8412,
    #8413,#8414,#8415,#8416,#8417,#8418,#8419,#8420,#8421,#8422,#8423,
    #8424,#8425,#8426,#8427,#8428,#8429,#8430,#8431,#8432,#8433,#8434,
    #8435,#8436,#8437,#8438,#8439,#8440,#8441,#8442,#8443,#8444,#8445,
    #8446,#8447,#8448,#8449,#8450,#8451,#8452,#8453,#8454,#8455,#8456,
    #8457,#8458,#8459,#8460,#8461,#8462,#8463,#8464,#8465,#8466,#8467,
    #8468,#8469,#8470,#8471,#8472,#8473,#8474,#8475,#8476,#8477,#8478,
    #8479,#8480,#8481,#8482,#8483,#8484,#8485,#8486,#8487,#8488),
  .UNSPECIFIED.,.F.,.F.,(7,5,5,5,5,5,5,5,5,5,5,5,5,5,5,5,5,5,7),(0.,
    3.654480453977E-02,0.109682852068,0.143560107352,0.200243538313,
    0.259236396767,0.297308364875,0.383682089053,0.446904638984,
    0.51163879226,0.573523511134,0.631634910249,0.666705353047,
    0.689851726812,0.742751664565,0.814200569787,0.846211200429,
    0.897266548085,1.),.UNSPECIFIED.);
#8397 = CARTESIAN_POINT('',(22.640373648656,16.163394663389,
    64.10056554972));
#8398 = CARTESIAN_POINT('',(22.492006847676,16.102792643019,
    63.9946862646));
#8399 = CARTESIAN_POINT('',(22.341933209299,16.048344033308,
    63.887588925829));
#8400 = CARTESIAN_POINT('',(22.190362395136,16.000151957001,
    63.779423154628));
#8401 = CARTESIAN_POINT('',(22.03750897534,15.958300209468,
    63.670342075105));
#8402 = CARTESIAN_POINT('',(21.883592428603,15.922853258707,
    63.560502314262));
#8403 = CARTESIAN_POINT('',(21.41912144829,15.835823784403,
    63.229040996569));
#8404 = CARTESIAN_POINT('',(21.106024900208,15.803620919599,
    63.005605305663));
#8405 = CARTESIAN_POINT('',(20.791377438565,15.797619310708,
    62.781062833333));
#8406 = CARTESIAN_POINT('',(20.476982395687,15.817832721228,
    62.556700495091));
#8407 = CARTESIAN_POINT('',(20.164612897903,15.863988224783,
    62.333783650484));
#8408 = CARTESIAN_POINT('',(19.713065072698,15.968624784305,
    62.01154470879));
#8409 = CARTESIAN_POINT('',(19.570924221467,16.007190644349,
    61.910108460146));
#8410 = CARTESIAN_POINT('',(19.429755758574,16.051140909746,
    61.80936613886));
#8411 = CARTESIAN_POINT('',(19.289723652407,16.100406985257,
    61.709434758005));
#8412 = CARTESIAN_POINT('',(19.150986651584,16.154908905698,
    61.610427605665));
#8413 = CARTESIAN_POINT('',(18.783987359867,16.314355756087,
    61.348525196298));
#8414 = CARTESIAN_POINT('',(18.558329255026,16.428560702897,
    61.187488369566));
#8415 = CARTESIAN_POINT('',(18.337445155817,16.556743619841,
    61.029858425641));
#8416 = CARTESIAN_POINT('',(18.121999847306,16.698404676457,
    60.876109776368));
#8417 = CARTESIAN_POINT('',(17.91260606336,16.85298310018,
    60.726679688192));
#8418 = CARTESIAN_POINT('',(17.49878994693,17.193555293924,
    60.431367298295));
#8419 = CARTESIAN_POINT('',(17.294914279726,17.380575221923,
    60.285875114366));
#8420 = CARTESIAN_POINT('',(17.098834839651,17.580244454343,
    60.145946566977));
#8421 = CARTESIAN_POINT('',(16.9111175029,17.791831981754,
    60.011985483442));
#8422 = CARTESIAN_POINT('',(16.732267913159,18.014571190562,
    59.884352707236));
#8423 = CARTESIAN_POINT('',(16.453329829494,18.39810468741,
    59.685293586892));
#8424 = CARTESIAN_POINT('',(16.347802642202,18.552854661799,
    59.609986017561));
#8425 = CARTESIAN_POINT('',(16.24627733937,18.711707873783,
    59.537534320723));
#8426 = CARTESIAN_POINT('',(16.148865394887,18.874448791299,
    59.468018047702));
#8427 = CARTESIAN_POINT('',(16.0556692337,19.040858830048,
    59.401510292212));
#8428 = CARTESIAN_POINT('',(15.765124640549,19.596071448326,
    59.194168396214));
#8429 = CARTESIAN_POINT('',(15.585649032914,19.999168289613,
    59.066088873656));
#8430 = CARTESIAN_POINT('',(15.429443288747,20.417429395911,
    58.954615468454));
#8431 = CARTESIAN_POINT('',(15.297381980841,20.848217797107,
    58.860372303671));
#8432 = CARTESIAN_POINT('',(15.19014505886,21.288848606813,
    58.783844613091));
#8433 = CARTESIAN_POINT('',(15.04828235274,22.064339414443,
    58.682606857676));
#8434 = CARTESIAN_POINT('',(15.001898420378,22.39589272824,
    58.649505802945));
#8435 = CARTESIAN_POINT('',(14.969281375081,22.730192439652,
    58.626229238268));
#8436 = CARTESIAN_POINT('',(14.950577539616,23.066154012641,
    58.612881584245));
#8437 = CARTESIAN_POINT('',(14.945880060463,23.402676258246,
    58.609529313176));
#8438 = CARTESIAN_POINT('',(14.964795490365,24.082638649872,
    58.623027967744));
#8439 = CARTESIAN_POINT('',(14.989088008987,24.426051806215,
    58.640363884462));
#8440 = CARTESIAN_POINT('',(15.028142471956,24.76767760111,
    58.668234395873));
#8441 = CARTESIAN_POINT('',(15.081935681458,25.106291421827,
    58.70662294728));
#8442 = CARTESIAN_POINT('',(15.150371880682,25.440649574707,
    58.755461203563));
#8443 = CARTESIAN_POINT('',(15.312523575449,26.083859273152,
    58.87117782891));
#8444 = CARTESIAN_POINT('',(15.404994573524,26.39318880739,
    58.937168084856));
#8445 = CARTESIAN_POINT('',(15.510527002468,26.696374947687,
    59.012479394798));
#8446 = CARTESIAN_POINT('',(15.62889389807,26.992304772762,
    59.096949789829));
#8447 = CARTESIAN_POINT('',(15.759786955917,27.279865798426,
    59.190359254079));
#8448 = CARTESIAN_POINT('',(16.037100624309,27.819085942338,
    59.388259139832));
#8449 = CARTESIAN_POINT('',(16.182090403264,28.071869941499,
    59.491728474239));
#8450 = CARTESIAN_POINT('',(16.337437085277,28.315387436185,
    59.602588825266));
#8451 = CARTESIAN_POINT('',(16.502737808314,28.548741578718,
    59.720552697705));
#8452 = CARTESIAN_POINT('',(16.677513643733,28.771067646725,
    59.84527831279));
#8453 = CARTESIAN_POINT('',(16.972055771515,29.108566613621,
    60.055472977105));
#8454 = CARTESIAN_POINT('',(17.086157526879,29.231274926815,
    60.136899631917));
#8455 = CARTESIAN_POINT('',(17.203381975895,29.349487716444,
    60.220554740597));
#8456 = CARTESIAN_POINT('',(17.323595618166,29.463033232796,
    60.306343032999));
#8457 = CARTESIAN_POINT('',(17.446654980607,29.571748801323,
    60.394162122152));
#8458 = CARTESIAN_POINT('',(17.655402272926,29.74394360626,
    60.543130853267));
#8459 = CARTESIAN_POINT('',(17.739570773107,29.810235819909,
    60.603196181696));
#8460 = CARTESIAN_POINT('',(17.824867997751,29.874313467678,
    60.664067003931));
#8461 = CARTESIAN_POINT('',(17.911248147987,29.93613487439,
    60.725710636437));
#8462 = CARTESIAN_POINT('',(17.998663746321,29.995660685601,
    60.788093197756));
#8463 = CARTESIAN_POINT('',(18.289103957709,30.183566168296,
    60.995360603597));
#8464 = CARTESIAN_POINT('',(18.49629817589,30.30209708024,
    61.143221011432));
#8465 = CARTESIAN_POINT('',(18.708054217115,30.408000874016,
    61.294336881807));
#8466 = CARTESIAN_POINT('',(18.92374762636,30.500909500285,
    61.448262583684));
#8467 = CARTESIAN_POINT('',(19.142723091242,30.580536118203,
    61.604530465228));
#8468 = CARTESIAN_POINT('',(19.663557009715,30.736013504332,
    61.976214174724));
#8469 = CARTESIAN_POINT('',(19.967579516579,30.800757988712,
    62.19317434017));
#8470 = CARTESIAN_POINT('',(20.274651624766,30.84040360835,
    62.412310798464));
#8471 = CARTESIAN_POINT('',(20.583067473552,30.854777002965,
    62.632406192944));
#8472 = CARTESIAN_POINT('',(20.89113098594,30.843976982087,
    62.852250148922));
#8473 = CARTESIAN_POINT('',(21.334262124891,30.792463914187,
    63.16848267464));
#8474 = CARTESIAN_POINT('',(21.470963035816,30.771552134243,
    63.266036808237));
#8475 = CARTESIAN_POINT('',(21.607110618448,30.745702210589,
    63.3631960691));
#8476 = CARTESIAN_POINT('',(21.742560160942,30.714959562107,
    63.45985718624));
#8477 = CARTESIAN_POINT('',(21.877170632609,30.679379658125,
    63.555919515654));
#8478 = CARTESIAN_POINT('',(22.223944281952,30.574669180365,
    63.80338826101));
#8479 = CARTESIAN_POINT('',(22.434602263093,30.498170525771,
    63.953720520658));
#8480 = CARTESIAN_POINT('',(22.642219835149,30.409796912133,
    64.101883047333));
#8481 = CARTESIAN_POINT('',(22.846273913275,30.309869351607,
    64.247502550989));
#8482 = CARTESIAN_POINT('',(23.046275049011,30.198756903287,
    64.390229745585));
#8483 = CARTESIAN_POINT('',(23.635130507526,29.831605135352,
    64.810455797336));
#8484 = CARTESIAN_POINT('',(24.010244058207,29.542702993082,
    65.078148800911));
#8485 = CARTESIAN_POINT('',(24.363373395445,29.213498560316,
    65.330153168026));
#8486 = CARTESIAN_POINT('',(24.691488861972,28.847880861667,
    65.564306838546));
#8487 = CARTESIAN_POINT('',(24.992087550429,28.449992052996,
    65.778823657887));
#8488 = CARTESIAN_POINT('',(25.26316174203,28.024175920193,
    65.972270853834));
#8489 = ORIENTED_EDGE('',*,*,#8490,.T.);
#8490 = EDGE_CURVE('',#8394,#8491,#8493,.T.);
#8491 = VERTEX_POINT('',#8492);
#8492 = CARTESIAN_POINT('',(26.275015219734,25.645317217138,
    66.694361794383));
#8493 = HYPERBOLA('',#8494,2.499440567508,2.435261354708);
#8494 = AXIS2_PLACEMENT_3D('',#8495,#8496,#8497);
#8495 = CARTESIAN_POINT('',(29.281071907117,20.315147532521,
    68.839579801304));
#8496 = DIRECTION('',(-0.580885750813,-1.387778780781E-17,0.81398510091)
  );
#8497 = DIRECTION('',(-0.785514839045,0.262162994622,-0.560568463161));
#8498 = ORIENTED_EDGE('',*,*,#8499,.F.);
#8499 = EDGE_CURVE('',#3581,#8491,#8500,.T.);
#8500 = ELLIPSE('',#8501,28.264588748892,4.5);
#8501 = AXIS2_PLACEMENT_3D('',#8502,#8503,#8504);
#8502 = CARTESIAN_POINT('',(17.106541843568,24.378356909254,
    60.151446530983));
#8503 = DIRECTION('',(-0.580885750813,-1.387778780781E-17,0.81398510091)
  );
#8504 = DIRECTION('',(0.785514839045,-0.262162994622,0.560568463161));
#8505 = ORIENTED_EDGE('',*,*,#3580,.T.);
#8506 = ORIENTED_EDGE('',*,*,#8507,.T.);
#8507 = EDGE_CURVE('',#3572,#8508,#8510,.T.);
#8508 = VERTEX_POINT('',#8509);
#8509 = CARTESIAN_POINT('',(30.821873976841,28.820472515325,
    69.939145341416));
#8510 = LINE('',#8511,#8512);
#8511 = CARTESIAN_POINT('',(-31.11957692406,-251.2913679038,
    25.735748777035));
#8512 = VECTOR('',#8513,1.);
#8513 = DIRECTION('',(0.213396771632,0.965023608131,0.152286747966));
#8514 = ORIENTED_EDGE('',*,*,#8515,.T.);
#8515 = EDGE_CURVE('',#8508,#8516,#8518,.T.);
#8516 = VERTEX_POINT('',#8517);
#8517 = CARTESIAN_POINT('',(2.177316367496,39.7258058582,49.497474683058
    ));
#8518 = LINE('',#8519,#8520);
#8519 = CARTESIAN_POINT('',(32.090744940143,28.337397824048,
    70.844652163812));
#8520 = VECTOR('',#8521,1.);
#8521 = DIRECTION('',(-0.777507119945,0.296006467794,-0.554853899201));
#8522 = ORIENTED_EDGE('',*,*,#8523,.T.);
#8523 = EDGE_CURVE('',#8516,#8524,#8526,.T.);
#8524 = VERTEX_POINT('',#8525);
#8525 = CARTESIAN_POINT('',(2.177316367496,-37.03426611707,
    49.497474683058));
#8526 = LINE('',#8527,#8528);
#8527 = CARTESIAN_POINT('',(2.177316367496,-24.71716643477,
    49.497474683058));
#8528 = VECTOR('',#8529,1.);
#8529 = DIRECTION('',(0.,-1.,0.));
#8530 = ORIENTED_EDGE('',*,*,#8531,.F.);
#8531 = EDGE_CURVE('',#8532,#8524,#8534,.T.);
#8532 = VERTEX_POINT('',#8533);
#8533 = CARTESIAN_POINT('',(9.211210818955,-21.80374693734,
    54.517086288981));
#8534 = LINE('',#8535,#8536);
#8535 = CARTESIAN_POINT('',(32.090744940143,27.737397824048,
    70.844652163812));
#8536 = VECTOR('',#8537,1.);
#8537 = DIRECTION('',(-0.401680562345,-0.869760493441,-0.28665207113));
#8538 = ORIENTED_EDGE('',*,*,#8539,.T.);
#8539 = EDGE_CURVE('',#8532,#8110,#8540,.T.);
#8540 = B_SPLINE_CURVE_WITH_KNOTS('',6,(#8541,#8542,#8543,#8544,#8545,
    #8546,#8547,#8548,#8549,#8550,#8551,#8552,#8553,#8554,#8555,#8556,
    #8557,#8558,#8559,#8560,#8561,#8562,#8563,#8564,#8565,#8566,#8567,
    #8568,#8569,#8570,#8571,#8572,#8573,#8574,#8575,#8576,#8577,#8578,
    #8579,#8580,#8581,#8582,#8583,#8584,#8585,#8586,#8587,#8588,#8589,
    #8590,#8591,#8592,#8593,#8594,#8595,#8596,#8597,#8598,#8599,#8600,
    #8601,#8602,#8603,#8604,#8605,#8606,#8607,#8608,#8609,#8610,#8611,
    #8612,#8613,#8614,#8615,#8616,#8617,#8618,#8619,#8620,#8621,#8622),
  .UNSPECIFIED.,.F.,.F.,(7,5,5,5,5,5,5,5,5,5,5,5,5,5,5,5,7),(0.,
    0.10074149636,0.163613868137,0.229817578024,0.271974440686,
    0.368510858383,0.441622338277,0.514935917611,0.584253625454,
    0.65071851909,0.690139903218,0.715947799257,0.775762009673,
    0.844724390449,0.874531918503,0.920469618723,1.),.UNSPECIFIED.);
#8541 = CARTESIAN_POINT('',(13.656173502678,-24.46498586341,
    57.689153545474));
#8542 = CARTESIAN_POINT('',(13.316333094492,-24.48528802019,
    57.44663258232));
#8543 = CARTESIAN_POINT('',(12.974839591414,-24.47129207232,
    57.202931917884));
#8544 = CARTESIAN_POINT('',(12.634659650261,-24.42285437503,
    56.960168653166));
#8545 = CARTESIAN_POINT('',(12.298604894715,-24.34051843689,
    56.720349252576));
#8546 = CARTESIAN_POINT('',(11.969343719735,-24.22530876407,
    56.485377967932));
#8547 = CARTESIAN_POINT('',(11.449710231321,-23.98732545548,
    56.114550923644));
#8548 = CARTESIAN_POINT('',(11.253636392016,-23.88366601156,
    55.974626373143));
#8549 = CARTESIAN_POINT('',(11.061764937898,-23.76816305212,
    55.837700778853));
#8550 = CARTESIAN_POINT('',(10.874644942507,-23.64124039815,
    55.70416597718));
#8551 = CARTESIAN_POINT('',(10.692782913372,-23.5033705872,
    55.574383428065));
#8552 = CARTESIAN_POINT('',(10.331177004911,-23.19890167636,
    55.316329909149));
#8553 = CARTESIAN_POINT('',(10.152053163454,-23.03116509665,
    55.188501418164));
#8554 = CARTESIAN_POINT('',(9.979817470977,-22.85245100297,
    55.065588530165));
#8555 = CARTESIAN_POINT('',(9.814955471318,-22.66339386315,
    54.947937744732));
#8556 = CARTESIAN_POINT('',(9.657901393769,-22.46465825936,
    54.83585894175));
#8557 = CARTESIAN_POINT('',(9.41425529214,-22.12465403251,
    54.661985306324));
#8558 = CARTESIAN_POINT('',(9.322789876812,-21.98873098842,
    54.596712666326));
#8559 = CARTESIAN_POINT('',(9.234747261318,-21.8493378247,
    54.533882645545));
#8560 = CARTESIAN_POINT('',(9.150219658636,-21.70665387843,
    54.473561050109));
#8561 = CARTESIAN_POINT('',(9.069291955955,-21.5608609768,
    54.415808458224));
#8562 = CARTESIAN_POINT('',(8.815143788949,-21.071590141,54.234440213714
    ));
#8563 = CARTESIAN_POINT('',(8.657531979283,-20.71570254364,
    54.12196339529));
#8564 = CARTESIAN_POINT('',(8.520135700702,-20.34668556229,
    54.023913025138));
#8565 = CARTESIAN_POINT('',(8.403704305668,-19.96679488549,
    53.940823865094));
#8566 = CARTESIAN_POINT('',(8.308822631894,-19.57832739225,
    53.87311327402));
#8567 = CARTESIAN_POINT('',(8.180718986649,-18.88467508174,
    53.781694423642));
#8568 = CARTESIAN_POINT('',(8.138121747272,-18.58215541394,
    53.751295673898));
#8569 = CARTESIAN_POINT('',(8.108323184677,-18.27706476987,
    53.730030468445));
#8570 = CARTESIAN_POINT('',(8.091462877939,-17.97043129589,
    53.717998415368));
#8571 = CARTESIAN_POINT('',(8.087628828298,-17.66329928775,
    53.715262315159));
#8572 = CARTESIAN_POINT('',(8.106105984075,-17.04931206326,
    53.728448203322));
#8573 = CARTESIAN_POINT('',(8.128489517615,-16.74246024187,
    53.744421807349));
#8574 = CARTESIAN_POINT('',(8.164038212876,-16.43724587762,
    53.769790491019));
#8575 = CARTESIAN_POINT('',(8.212729581263,-16.13476009967,
    53.804538205753));
#8576 = CARTESIAN_POINT('',(8.274476308764,-15.8361109021,
    53.848602641483));
#8577 = CARTESIAN_POINT('',(8.419689246803,-15.26473798625,
    53.952231229336));
#8578 = CARTESIAN_POINT('',(8.50178887182,-14.99148605502,
    54.010820142408));
#8579 = CARTESIAN_POINT('',(8.595277552612,-14.72361723532,
    54.077536649226));
#8580 = CARTESIAN_POINT('',(8.699958411939,-14.4620900118,
    54.152240251906));
#8581 = CARTESIAN_POINT('',(8.815565199865,-14.20786248177,
    54.234740945996));
#8582 = CARTESIAN_POINT('',(9.062744717573,-13.72603222173,
    54.411136139923));
#8583 = CARTESIAN_POINT('',(9.193466995792,-13.4977596606,54.50442373038
    ));
#8584 = CARTESIAN_POINT('',(9.333610415507,-13.27791011518,
    54.604434548135));
#8585 = CARTESIAN_POINT('',(9.482805338424,-13.06730561233,
    54.710904807504));
#8586 = CARTESIAN_POINT('',(9.640611831935,-12.86673825991,
    54.823520558534));
#8587 = CARTESIAN_POINT('',(9.904908423083,-12.56440015803,
    55.012131042454));
#8588 = CARTESIAN_POINT('',(10.006153429903,-12.45563435261,
    55.084382711111));
#8589 = CARTESIAN_POINT('',(10.110138217347,-12.35082005119,
    55.158589574676));
#8590 = CARTESIAN_POINT('',(10.216746400371,-12.25010645079,
    55.234668577068));
#8591 = CARTESIAN_POINT('',(10.325853006603,-12.15363489124,
    55.312530534011));
#8592 = CARTESIAN_POINT('',(10.510301216405,-12.0012465805,
    55.444158664203));
#8593 = CARTESIAN_POINT('',(10.584291597468,-11.94282940746,
    55.49696056194));
#8594 = CARTESIAN_POINT('',(10.65925814239,-11.88632465112,
    55.550459081365));
#8595 = CARTESIAN_POINT('',(10.735161973404,-11.83176769002,
    55.604626478064));
#8596 = CARTESIAN_POINT('',(10.81196281212,-11.77919196622,
    55.659434008092));
#8597 = CARTESIAN_POINT('',(11.069600421242,-11.61144063435,
    55.84329242988));
#8598 = CARTESIAN_POINT('',(11.254180023294,-11.50506163034,
    55.975014325776));
#8599 = CARTESIAN_POINT('',(11.44283251187,-11.40988745295,
    56.109642763503));
#8600 = CARTESIAN_POINT('',(11.635005664677,-11.32624512798,
    56.246783659608));
#8601 = CARTESIAN_POINT('',(11.830119904044,-11.25439009964,
    56.386023408963));
#8602 = CARTESIAN_POINT('',(12.255214181721,-11.12545680364,
    56.689384254731));
#8603 = CARTESIAN_POINT('',(12.485974328551,-11.07231601541,
    56.854062061485));
#8604 = CARTESIAN_POINT('',(12.718913398252,-11.03535843571,
    57.020294817153));
#8605 = CARTESIAN_POINT('',(12.953093796427,-11.01471534525,
    57.187413424444));
#8606 = CARTESIAN_POINT('',(13.18757707252,-11.01037749404,
    57.354748175086));
#8607 = CARTESIAN_POINT('',(13.522501851864,-11.02731144195,
    57.593761188589));
#8608 = CARTESIAN_POINT('',(13.623460945745,-11.03544122739,
    57.665808820646));
#8609 = CARTESIAN_POINT('',(13.724228420406,-11.04657863913,
    57.737719707112));
#8610 = CARTESIAN_POINT('',(13.824730882738,-11.06070759124,
    57.80944147232));
#8611 = CARTESIAN_POINT('',(13.92489613356,-11.07780761643,
    57.88092259263));
#8612 = CARTESIAN_POINT('',(14.178393146226,-11.12874802833,
    58.061826152617));
#8613 = CARTESIAN_POINT('',(14.331164398727,-11.16664014191,
    58.170848594935));
#8614 = CARTESIAN_POINT('',(14.482706412851,-11.21143953718,
    58.27899381351));
#8615 = CARTESIAN_POINT('',(14.632769510104,-11.2630329561,
    58.386083629797));
#8616 = CARTESIAN_POINT('',(14.78111446504,-11.32128680717,
    58.491947324883));
#8617 = CARTESIAN_POINT('',(15.180965423707,-11.4981707344,
    58.777293732426));
#8618 = CARTESIAN_POINT('',(15.428587892484,-11.62980314036,
    58.954005030376));
#8619 = CARTESIAN_POINT('',(15.669186396398,-11.78015854919,
    59.125703802792));
#8620 = CARTESIAN_POINT('',(15.901699509659,-11.94829983966,
    59.291632582348));
#8621 = CARTESIAN_POINT('',(16.125177293883,-12.1331910548,
    59.45111346269));
#8622 = CARTESIAN_POINT('',(16.338776132813,-12.33371110456,
    59.60354441233));
#8623 = FACE_BOUND('',#8624,.T.);
#8624 = EDGE_LOOP('',(#8625,#8635,#8643,#8651));
#8625 = ORIENTED_EDGE('',*,*,#8626,.T.);
#8626 = EDGE_CURVE('',#8627,#8629,#8631,.T.);
#8627 = VERTEX_POINT('',#8628);
#8628 = CARTESIAN_POINT('',(12.984157152968,3.311791539959,
    57.20958122723));
#8629 = VERTEX_POINT('',#8630);
#8630 = CARTESIAN_POINT('',(6.980380998663,3.311791539959,
    52.925094920038));
#8631 = LINE('',#8632,#8633);
#8632 = CARTESIAN_POINT('',(8.128461428761,3.311791539959,
    53.744401762246));
#8633 = VECTOR('',#8634,1.);
#8634 = DIRECTION('',(-0.81398510091,0.,-0.580885750813));
#8635 = ORIENTED_EDGE('',*,*,#8636,.T.);
#8636 = EDGE_CURVE('',#8629,#8637,#8639,.T.);
#8637 = VERTEX_POINT('',#8638);
#8638 = CARTESIAN_POINT('',(6.980380998663,9.311791539959,
    52.925094920038));
#8639 = LINE('',#8640,#8641);
#8640 = CARTESIAN_POINT('',(6.980380998663,16.855590889728,
    52.925094920038));
#8641 = VECTOR('',#8642,1.);
#8642 = DIRECTION('',(0.,1.,0.));
#8643 = ORIENTED_EDGE('',*,*,#8644,.F.);
#8644 = EDGE_CURVE('',#8645,#8637,#8647,.T.);
#8645 = VERTEX_POINT('',#8646);
#8646 = CARTESIAN_POINT('',(15.755130762647,9.311791539959,
    59.187036445934));
#8647 = LINE('',#8648,#8649);
#8648 = CARTESIAN_POINT('',(8.128461428761,9.311791539959,
    53.744401762246));
#8649 = VECTOR('',#8650,1.);
#8650 = DIRECTION('',(-0.81398510091,0.,-0.580885750813));
#8651 = ORIENTED_EDGE('',*,*,#8652,.T.);
#8652 = EDGE_CURVE('',#8645,#8627,#8653,.T.);
#8653 = LINE('',#8654,#8655);
#8654 = CARTESIAN_POINT('',(9.848976138178,-3.47682817949,
    54.972215978559));
#8655 = VECTOR('',#8656,1.);
#8656 = DIRECTION('',(-0.401680562345,-0.869760493441,-0.28665207113));
#8657 = FACE_BOUND('',#8658,.T.);
#8658 = EDGE_LOOP('',(#8659,#8669,#8677,#8685));
#8659 = ORIENTED_EDGE('',*,*,#8660,.T.);
#8660 = EDGE_CURVE('',#8661,#8663,#8665,.T.);
#8661 = VERTEX_POINT('',#8662);
#8662 = CARTESIAN_POINT('',(8.827696738449,-5.688208460041,
    54.243398399174));
#8663 = VERTEX_POINT('',#8664);
#8664 = CARTESIAN_POINT('',(6.980380998663,-5.688208460041,
    52.925094920038));
#8665 = LINE('',#8666,#8667);
#8666 = CARTESIAN_POINT('',(8.128461428761,-5.688208460041,
    53.744401762246));
#8667 = VECTOR('',#8668,1.);
#8668 = DIRECTION('',(-0.81398510091,0.,-0.580885750813));
#8669 = ORIENTED_EDGE('',*,*,#8670,.T.);
#8670 = EDGE_CURVE('',#8663,#8671,#8673,.T.);
#8671 = VERTEX_POINT('',#8672);
#8672 = CARTESIAN_POINT('',(6.980380998663,0.311791539959,
    52.925094920038));
#8673 = LINE('',#8674,#8675);
#8674 = CARTESIAN_POINT('',(6.980380998663,16.855590889728,
    52.925094920038));
#8675 = VECTOR('',#8676,1.);
#8676 = DIRECTION('',(0.,1.,0.));
#8677 = ORIENTED_EDGE('',*,*,#8678,.F.);
#8678 = EDGE_CURVE('',#8679,#8671,#8681,.T.);
#8679 = VERTEX_POINT('',#8680);
#8680 = CARTESIAN_POINT('',(11.598670348128,0.311791539959,
    56.220853617878));
#8681 = LINE('',#8682,#8683);
#8682 = CARTESIAN_POINT('',(8.128461428761,0.311791539959,
    53.744401762246));
#8683 = VECTOR('',#8684,1.);
#8684 = DIRECTION('',(-0.81398510091,0.,-0.580885750813));
#8685 = ORIENTED_EDGE('',*,*,#8686,.T.);
#8686 = EDGE_CURVE('',#8679,#8661,#8687,.T.);
#8687 = LINE('',#8688,#8689);
#8688 = CARTESIAN_POINT('',(9.848976138178,-3.47682817949,
    54.972215978559));
#8689 = VECTOR('',#8690,1.);
#8690 = DIRECTION('',(-0.401680562345,-0.869760493441,-0.28665207113));
#8691 = PLANE('',#8692);
#8692 = AXIS2_PLACEMENT_3D('',#8693,#8694,#8695);
#8693 = CARTESIAN_POINT('',(10.090526959769,4.565667130445,
    55.144594355268));
#8694 = DIRECTION('',(-0.580885750813,0.,0.81398510091));
#8695 = DIRECTION('',(-0.81398510091,0.,-0.580885750813));
#8696 = ADVANCED_FACE('',(#8697),#8716,.F.);
#8697 = FACE_BOUND('',#8698,.F.);
#8698 = EDGE_LOOP('',(#8699,#8708,#8709));
#8699 = ORIENTED_EDGE('',*,*,#8700,.F.);
#8700 = EDGE_CURVE('',#3564,#8701,#8703,.T.);
#8701 = VERTEX_POINT('',#8702);
#8702 = CARTESIAN_POINT('',(30.016428805243,24.460052286784,
    69.364353956759));
#8703 = PARABOLA('',#8704,2.65165042945);
#8704 = AXIS2_PLACEMENT_3D('',#8705,#8706,#8707);
#8705 = CARTESIAN_POINT('',(29.288380890975,20.767012184752,
    67.029984719491));
#8706 = DIRECTION('',(-0.982962913145,0.183012701892,1.703708685547E-02)
  );
#8707 = DIRECTION('',(-1.703708685547E-02,-0.183012701892,0.982962913145
    ));
#8708 = ORIENTED_EDGE('',*,*,#3571,.T.);
#8709 = ORIENTED_EDGE('',*,*,#8710,.T.);
#8710 = EDGE_CURVE('',#3572,#8701,#8711,.T.);
#8711 = HYPERBOLA('',#8712,1.71119384116,1.667254779315);
#8712 = AXIS2_PLACEMENT_3D('',#8713,#8714,#8715);
#8713 = CARTESIAN_POINT('',(25.441599349868,21.596558873649,
    66.099609626603));
#8714 = DIRECTION('',(-0.580885750813,-1.387778780781E-17,0.81398510091)
  );
#8715 = DIRECTION('',(0.785514839045,-0.262162994622,0.560568463161));
#8716 = CONICAL_SURFACE('',#8717,4.7,0.785398163397);
#8717 = AXIS2_PLACEMENT_3D('',#8718,#8719,#8720);
#8718 = CARTESIAN_POINT('',(27.285592528323,20.521134091904,
    70.330497215738));
#8719 = DIRECTION('',(0.683012701892,-0.258819045103,0.683012701892));
#8720 = DIRECTION('',(0.707106781187,0.,-0.707106781187));
#8721 = ADVANCED_FACE('',(#8722),#8741,.F.);
#8722 = FACE_BOUND('',#8723,.F.);
#8723 = EDGE_LOOP('',(#8724,#8733,#8734,#8735));
#8724 = ORIENTED_EDGE('',*,*,#8725,.T.);
#8725 = EDGE_CURVE('',#8726,#3555,#8728,.T.);
#8726 = VERTEX_POINT('',#8727);
#8727 = CARTESIAN_POINT('',(30.837330619731,28.814587982376,
    69.950175695166));
#8728 = ELLIPSE('',#8729,3.090309296534,2.5);
#8729 = AXIS2_PLACEMENT_3D('',#8730,#8731,#8732);
#8730 = CARTESIAN_POINT('',(30.884286958425,29.349586900838,
    66.912375950208));
#8731 = DIRECTION('',(-0.982962913145,0.183012701892,1.703708685547E-02)
  );
#8732 = DIRECTION('',(3.009468285236E-02,0.25169076734,-0.967339685788)
  );
#8733 = ORIENTED_EDGE('',*,*,#3563,.T.);
#8734 = ORIENTED_EDGE('',*,*,#8700,.T.);
#8735 = ORIENTED_EDGE('',*,*,#8736,.F.);
#8736 = EDGE_CURVE('',#8726,#8701,#8737,.T.);
#8737 = LINE('',#8738,#8739);
#8738 = CARTESIAN_POINT('',(25.345806116777,-0.315618638288,
    66.031248517702));
#8739 = VECTOR('',#8740,1.);
#8740 = DIRECTION('',(-0.183655449834,-0.974214209152,-0.131062391374));
#8741 = PLANE('',#8742);
#8742 = AXIS2_PLACEMENT_3D('',#8743,#8744,#8745);
#8743 = CARTESIAN_POINT('',(25.234050708418,-1.096677571107,
    67.973616021817));
#8744 = DIRECTION('',(-0.982962913145,0.183012701892,1.703708685547E-02)
  );
#8745 = DIRECTION('',(-1.703708685547E-02,-0.183012701892,0.982962913145
    ));
#8746 = ADVANCED_FACE('',(#8747),#8775,.T.);
#8747 = FACE_BOUND('',#8748,.T.);
#8748 = EDGE_LOOP('',(#8749,#8750,#8757,#8758,#8759,#8768));
#8749 = ORIENTED_EDGE('',*,*,#8515,.F.);
#8750 = ORIENTED_EDGE('',*,*,#8751,.F.);
#8751 = EDGE_CURVE('',#3555,#8508,#8752,.T.);
#8752 = ELLIPSE('',#8753,2.533873810981,2.5);
#8753 = AXIS2_PLACEMENT_3D('',#8754,#8755,#8756);
#8754 = CARTESIAN_POINT('',(32.587748398943,28.701058300783,
    68.128020409487));
#8755 = DIRECTION('',(0.683012701892,-0.258819045103,0.683012701892));
#8756 = DIRECTION('',(-0.63586828217,0.249421988397,0.730383597457));
#8757 = ORIENTED_EDGE('',*,*,#3554,.F.);
#8758 = ORIENTED_EDGE('',*,*,#3956,.T.);
#8759 = ORIENTED_EDGE('',*,*,#8760,.T.);
#8760 = EDGE_CURVE('',#3957,#8761,#8763,.T.);
#8761 = VERTEX_POINT('',#8762);
#8762 = CARTESIAN_POINT('',(4.,41.404632304846,49.497474683058));
#8763 = ELLIPSE('',#8764,3.21540463858,2.5);
#8764 = AXIS2_PLACEMENT_3D('',#8765,#8766,#8767);
#8765 = CARTESIAN_POINT('',(4.,39.584763682604,47.726890617049));
#8766 = DIRECTION('',(1.,5.389741463894E-17,-1.599963495589E-16));
#8767 = DIRECTION('',(-1.665334536938E-16,0.470692704683,-0.882297216225
    ));
#8768 = ORIENTED_EDGE('',*,*,#8769,.F.);
#8769 = EDGE_CURVE('',#8516,#8761,#8770,.T.);
#8770 = ELLIPSE('',#8771,4.505690603595,2.5);
#8771 = AXIS2_PLACEMENT_3D('',#8772,#8773,#8774);
#8772 = CARTESIAN_POINT('',(6.481088660933,38.640182891037,
    49.497474683058));
#8773 = DIRECTION('',(-1.235080972591E-16,-1.237697323833E-17,-1.));
#8774 = DIRECTION('',(-0.93456237892,0.355799325332,1.110223024625E-16)
  );
#8775 = CYLINDRICAL_SURFACE('',#8776,2.5);
#8776 = AXIS2_PLACEMENT_3D('',#8777,#8778,#8779);
#8777 = CARTESIAN_POINT('',(33.542959317175,28.337397824048,
    68.809689411538));
#8778 = DIRECTION('',(-0.777507119945,0.296006467794,-0.554853899201));
#8779 = DIRECTION('',(-0.240944854557,-0.955185935315,-0.17194593929));
#8780 = ADVANCED_FACE('',(#8781),#8793,.F.);
#8781 = FACE_BOUND('',#8782,.F.);
#8782 = EDGE_LOOP('',(#8783,#8790,#8791,#8792));
#8783 = ORIENTED_EDGE('',*,*,#8784,.T.);
#8784 = EDGE_CURVE('',#3725,#3531,#8785,.T.);
#8785 = PARABOLA('',#8786,2.65165042945);
#8786 = AXIS2_PLACEMENT_3D('',#8787,#8788,#8789);
#8787 = CARTESIAN_POINT('',(67.029984719491,20.767012184752,
    29.288380890975));
#8788 = DIRECTION('',(1.703708685547E-02,0.183012701892,-0.982962913145)
  );
#8789 = DIRECTION('',(0.982962913145,-0.183012701892,-1.703708685547E-02
    ));
#8790 = ORIENTED_EDGE('',*,*,#3539,.T.);
#8791 = ORIENTED_EDGE('',*,*,#3941,.T.);
#8792 = ORIENTED_EDGE('',*,*,#3724,.F.);
#8793 = PLANE('',#8794);
#8794 = AXIS2_PLACEMENT_3D('',#8795,#8796,#8797);
#8795 = CARTESIAN_POINT('',(67.973616021817,-1.096677571107,
    25.234050708418));
#8796 = DIRECTION('',(1.703708685547E-02,0.183012701892,-0.982962913145)
  );
#8797 = DIRECTION('',(-0.982962913145,0.183012701892,1.703708685547E-02)
  );
#8798 = ADVANCED_FACE('',(#8799),#8804,.F.);
#8799 = FACE_BOUND('',#8800,.F.);
#8800 = EDGE_LOOP('',(#8801,#8802,#8803));
#8801 = ORIENTED_EDGE('',*,*,#3732,.T.);
#8802 = ORIENTED_EDGE('',*,*,#3530,.T.);
#8803 = ORIENTED_EDGE('',*,*,#8784,.F.);
#8804 = CONICAL_SURFACE('',#8805,4.7,0.785398163397);
#8805 = AXIS2_PLACEMENT_3D('',#8806,#8807,#8808);
#8806 = CARTESIAN_POINT('',(70.330497215738,20.521134091904,
    27.285592528323));
#8807 = DIRECTION('',(0.683012701892,-0.258819045103,0.683012701892));
#8808 = DIRECTION('',(0.707106781187,0.,-0.707106781187));
#8809 = ADVANCED_FACE('',(#8810),#8829,.T.);
#8810 = FACE_BOUND('',#8811,.T.);
#8811 = EDGE_LOOP('',(#8812,#8818,#8825,#8826,#8827,#8828));
#8812 = ORIENTED_EDGE('',*,*,#8813,.F.);
#8813 = EDGE_CURVE('',#7194,#3513,#8814,.T.);
#8814 = LINE('',#8815,#8816);
#8815 = CARTESIAN_POINT('',(59.600444644512,-25.2882440213,
    20.656759287978));
#8816 = VECTOR('',#8817,1.);
#8817 = DIRECTION('',(0.183012701892,0.965925826289,0.183012701892));
#8818 = ORIENTED_EDGE('',*,*,#8819,.T.);
#8819 = EDGE_CURVE('',#7194,#2928,#8820,.T.);
#8820 = CIRCLE('',#8821,4.5);
#8821 = AXIS2_PLACEMENT_3D('',#8822,#8823,#8824);
#8822 = CARTESIAN_POINT('',(70.330497215738,20.521134091904,
    27.285592528323));
#8823 = DIRECTION('',(0.683012701892,-0.258819045103,0.683012701892));
#8824 = DIRECTION('',(0.707106781187,0.,-0.707106781187));
#8825 = ORIENTED_EDGE('',*,*,#7408,.F.);
#8826 = ORIENTED_EDGE('',*,*,#7399,.T.);
#8827 = ORIENTED_EDGE('',*,*,#7391,.F.);
#8828 = ORIENTED_EDGE('',*,*,#3522,.T.);
#8829 = PLANE('',#8830);
#8830 = AXIS2_PLACEMENT_3D('',#8831,#8832,#8833);
#8831 = CARTESIAN_POINT('',(-400.2666293214,-483.6322598297,
    306.84015186508));
#8832 = DIRECTION('',(0.683012701892,-0.258819045103,0.683012701892));
#8833 = DIRECTION('',(0.707106781187,0.,-0.707106781187));
#8834 = ADVANCED_FACE('',(#8835,#8850),#8861,.T.);
#8835 = FACE_BOUND('',#8836,.T.);
#8836 = EDGE_LOOP('',(#8837,#8838,#8844,#8845,#8846,#8847,#8848,#8849));
#8837 = ORIENTED_EDGE('',*,*,#6007,.F.);
#8838 = ORIENTED_EDGE('',*,*,#8839,.F.);
#8839 = EDGE_CURVE('',#8761,#6000,#8840,.T.);
#8840 = LINE('',#8841,#8842);
#8841 = CARTESIAN_POINT('',(4.,-54.,49.497474683058));
#8842 = VECTOR('',#8843,1.);
#8843 = DIRECTION('',(0.,1.,0.));
#8844 = ORIENTED_EDGE('',*,*,#8760,.F.);
#8845 = ORIENTED_EDGE('',*,*,#3975,.T.);
#8846 = ORIENTED_EDGE('',*,*,#4177,.F.);
#8847 = ORIENTED_EDGE('',*,*,#4221,.F.);
#8848 = ORIENTED_EDGE('',*,*,#4248,.T.);
#8849 = ORIENTED_EDGE('',*,*,#4198,.F.);
#8850 = FACE_BOUND('',#8851,.T.);
#8851 = EDGE_LOOP('',(#8852));
#8852 = ORIENTED_EDGE('',*,*,#8853,.F.);
#8853 = EDGE_CURVE('',#8854,#8854,#8856,.T.);
#8854 = VERTEX_POINT('',#8855);
#8855 = CARTESIAN_POINT('',(4.,49.,27.773358543988));
#8856 = CIRCLE('',#8857,4.4);
#8857 = AXIS2_PLACEMENT_3D('',#8858,#8859,#8860);
#8858 = CARTESIAN_POINT('',(4.,49.,32.173358543988));
#8859 = DIRECTION('',(1.,0.,-2.22044604925E-16));
#8860 = DIRECTION('',(-2.22044604925E-16,0.,-1.));
#8861 = PLANE('',#8862);
#8862 = AXIS2_PLACEMENT_3D('',#8863,#8864,#8865);
#8863 = CARTESIAN_POINT('',(4.,-54.,49.497474683058));
#8864 = DIRECTION('',(1.,0.,-2.22044604925E-16));
#8865 = DIRECTION('',(-2.22044604925E-16,0.,-1.));
#8866 = ADVANCED_FACE('',(#8867),#8883,.F.);
#8867 = FACE_BOUND('',#8868,.F.);
#8868 = EDGE_LOOP('',(#8869,#8870,#8876,#8877));
#8869 = ORIENTED_EDGE('',*,*,#4688,.F.);
#8870 = ORIENTED_EDGE('',*,*,#8871,.T.);
#8871 = EDGE_CURVE('',#4681,#3986,#8872,.T.);
#8872 = LINE('',#8873,#8874);
#8873 = CARTESIAN_POINT('',(32.972643986842,30.435355411151,
    58.162242684976));
#8874 = VECTOR('',#8875,1.);
#8875 = DIRECTION('',(0.211951508855,0.954019452521,0.211951508855));
#8876 = ORIENTED_EDGE('',*,*,#3983,.F.);
#8877 = ORIENTED_EDGE('',*,*,#8878,.F.);
#8878 = EDGE_CURVE('',#4665,#3984,#8879,.T.);
#8879 = LINE('',#8880,#8881);
#8880 = CARTESIAN_POINT('',(14.148223656416,37.602042412898,
    44.728535452453));
#8881 = VECTOR('',#8882,1.);
#8882 = DIRECTION('',(0.211951508855,0.954019452521,0.211951508855));
#8883 = PLANE('',#8884);
#8884 = AXIS2_PLACEMENT_3D('',#8885,#8886,#8887);
#8885 = CARTESIAN_POINT('',(32.972643986842,30.435355411151,
    58.162242684976));
#8886 = DIRECTION('',(-0.592080430625,-4.719168608797E-02,0.804495934381
    ));
#8887 = DIRECTION('',(-0.777507119945,0.296006467794,-0.554853899201));
#8888 = ADVANCED_FACE('',(#8889),#8900,.T.);
#8889 = FACE_BOUND('',#8890,.T.);
#8890 = EDGE_LOOP('',(#8891,#8892,#8893,#8894));
#8891 = ORIENTED_EDGE('',*,*,#4680,.F.);
#8892 = ORIENTED_EDGE('',*,*,#8871,.T.);
#8893 = ORIENTED_EDGE('',*,*,#4009,.F.);
#8894 = ORIENTED_EDGE('',*,*,#8895,.T.);
#8895 = EDGE_CURVE('',#4002,#4673,#8896,.T.);
#8896 = LINE('',#8897,#8898);
#8897 = CARTESIAN_POINT('',(34.413952370582,29.95834568489,
    56.508982792381));
#8898 = VECTOR('',#8899,1.);
#8899 = DIRECTION('',(-0.211951508855,-0.954019452521,-0.211951508855));
#8900 = PLANE('',#8901);
#8901 = AXIS2_PLACEMENT_3D('',#8902,#8903,#8904);
#8902 = CARTESIAN_POINT('',(32.972643986842,30.435355411151,
    58.162242684976));
#8903 = DIRECTION('',(-0.674593624261,0.299744698388,-0.674593624261));
#8904 = DIRECTION('',(0.707106781187,0.,-0.707106781187));
#8905 = ADVANCED_FACE('',(#8906),#8917,.F.);
#8906 = FACE_BOUND('',#8907,.F.);
#8907 = EDGE_LOOP('',(#8908,#8909,#8910,#8916));
#8908 = ORIENTED_EDGE('',*,*,#8895,.T.);
#8909 = ORIENTED_EDGE('',*,*,#4672,.T.);
#8910 = ORIENTED_EDGE('',*,*,#8911,.T.);
#8911 = EDGE_CURVE('',#4663,#3994,#8912,.T.);
#8912 = LINE('',#8913,#8914);
#8913 = CARTESIAN_POINT('',(18.284888589108,37.125032686637,
    40.379919010906));
#8914 = VECTOR('',#8915,1.);
#8915 = DIRECTION('',(0.211951508855,0.954019452521,0.211951508855));
#8916 = ORIENTED_EDGE('',*,*,#4001,.F.);
#8917 = PLANE('',#8918);
#8918 = AXIS2_PLACEMENT_3D('',#8919,#8920,#8921);
#8919 = CARTESIAN_POINT('',(17.504319210419,36.947767658764,
    39.599349632217));
#8920 = DIRECTION('',(0.707106781187,0.,-0.707106781187));
#8921 = DIRECTION('',(0.211951508855,0.954019452521,0.211951508855));
#8922 = ADVANCED_FACE('',(#8923),#8929,.T.);
#8923 = FACE_BOUND('',#8924,.T.);
#8924 = EDGE_LOOP('',(#8925,#8926,#8927,#8928));
#8925 = ORIENTED_EDGE('',*,*,#4662,.F.);
#8926 = ORIENTED_EDGE('',*,*,#8911,.T.);
#8927 = ORIENTED_EDGE('',*,*,#3993,.F.);
#8928 = ORIENTED_EDGE('',*,*,#8878,.F.);
#8929 = PLANE('',#8930);
#8930 = AXIS2_PLACEMENT_3D('',#8931,#8932,#8933);
#8931 = CARTESIAN_POINT('',(44.728535452453,37.602042412898,
    14.148223656416));
#8932 = DIRECTION('',(0.674593624261,-0.299744698388,0.674593624261));
#8933 = DIRECTION('',(-0.707106781187,0.,0.707106781187));
#8934 = ADVANCED_FACE('',(#8935),#8951,.T.);
#8935 = FACE_BOUND('',#8936,.T.);
#8936 = EDGE_LOOP('',(#8937,#8943,#8944,#8950));
#8937 = ORIENTED_EDGE('',*,*,#8938,.T.);
#8938 = EDGE_CURVE('',#4018,#4647,#8939,.T.);
#8939 = LINE('',#8940,#8941);
#8940 = CARTESIAN_POINT('',(36.535272714142,29.95834568489,
    54.387662448821));
#8941 = VECTOR('',#8942,1.);
#8942 = DIRECTION('',(-0.211951508855,-0.954019452521,-0.211951508855));
#8943 = ORIENTED_EDGE('',*,*,#4654,.T.);
#8944 = ORIENTED_EDGE('',*,*,#8945,.T.);
#8945 = EDGE_CURVE('',#4631,#4020,#8946,.T.);
#8946 = LINE('',#8947,#8948);
#8947 = CARTESIAN_POINT('',(20.406208932667,37.125032686637,
    38.258598667347));
#8948 = VECTOR('',#8949,1.);
#8949 = DIRECTION('',(0.211951508855,0.954019452521,0.211951508855));
#8950 = ORIENTED_EDGE('',*,*,#4017,.F.);
#8951 = PLANE('',#8952);
#8952 = AXIS2_PLACEMENT_3D('',#8953,#8954,#8955);
#8953 = CARTESIAN_POINT('',(19.625639553978,36.947767658764,
    37.478029288658));
#8954 = DIRECTION('',(0.707106781187,0.,-0.707106781187));
#8955 = DIRECTION('',(0.211951508855,0.954019452521,0.211951508855));
#8956 = ADVANCED_FACE('',(#8957),#8968,.T.);
#8957 = FACE_BOUND('',#8958,.T.);
#8958 = EDGE_LOOP('',(#8959,#8960,#8961,#8962));
#8959 = ORIENTED_EDGE('',*,*,#4646,.F.);
#8960 = ORIENTED_EDGE('',*,*,#8938,.F.);
#8961 = ORIENTED_EDGE('',*,*,#4043,.F.);
#8962 = ORIENTED_EDGE('',*,*,#8963,.T.);
#8963 = EDGE_CURVE('',#4036,#4639,#8964,.T.);
#8964 = LINE('',#8965,#8966);
#8965 = CARTESIAN_POINT('',(40.777913401261,29.95834568489,
    50.145021761702));
#8966 = VECTOR('',#8967,1.);
#8967 = DIRECTION('',(-0.211951508855,-0.954019452521,-0.211951508855));
#8968 = PLANE('',#8969);
#8969 = AXIS2_PLACEMENT_3D('',#8970,#8971,#8972);
#8970 = CARTESIAN_POINT('',(32.972643986842,30.435355411151,
    58.162242684976));
#8971 = DIRECTION('',(-0.674593624261,0.299744698388,-0.674593624261));
#8972 = DIRECTION('',(0.707106781187,0.,-0.707106781187));
#8973 = ADVANCED_FACE('',(#8974),#8985,.F.);
#8974 = FACE_BOUND('',#8975,.F.);
#8975 = EDGE_LOOP('',(#8976,#8977,#8978,#8984));
#8976 = ORIENTED_EDGE('',*,*,#8963,.T.);
#8977 = ORIENTED_EDGE('',*,*,#4638,.T.);
#8978 = ORIENTED_EDGE('',*,*,#8979,.T.);
#8979 = EDGE_CURVE('',#4629,#4028,#8980,.T.);
#8980 = LINE('',#8981,#8982);
#8981 = CARTESIAN_POINT('',(24.648849619786,37.125032686637,
    34.015957980227));
#8982 = VECTOR('',#8983,1.);
#8983 = DIRECTION('',(0.211951508855,0.954019452521,0.211951508855));
#8984 = ORIENTED_EDGE('',*,*,#4035,.F.);
#8985 = PLANE('',#8986);
#8986 = AXIS2_PLACEMENT_3D('',#8987,#8988,#8989);
#8987 = CARTESIAN_POINT('',(23.868280241098,36.947767658764,
    33.235388601538));
#8988 = DIRECTION('',(0.707106781187,0.,-0.707106781187));
#8989 = DIRECTION('',(0.211951508855,0.954019452521,0.211951508855));
#8990 = ADVANCED_FACE('',(#8991),#8997,.T.);
#8991 = FACE_BOUND('',#8992,.T.);
#8992 = EDGE_LOOP('',(#8993,#8994,#8995,#8996));
#8993 = ORIENTED_EDGE('',*,*,#4628,.F.);
#8994 = ORIENTED_EDGE('',*,*,#8979,.T.);
#8995 = ORIENTED_EDGE('',*,*,#4027,.F.);
#8996 = ORIENTED_EDGE('',*,*,#8945,.F.);
#8997 = PLANE('',#8998);
#8998 = AXIS2_PLACEMENT_3D('',#8999,#9000,#9001);
#8999 = CARTESIAN_POINT('',(44.728535452453,37.602042412898,
    14.148223656416));
#9000 = DIRECTION('',(0.674593624261,-0.299744698388,0.674593624261));
#9001 = DIRECTION('',(-0.707106781187,0.,0.707106781187));
#9002 = ADVANCED_FACE('',(#9003),#9019,.T.);
#9003 = FACE_BOUND('',#9004,.T.);
#9004 = EDGE_LOOP('',(#9005,#9011,#9012,#9018));
#9005 = ORIENTED_EDGE('',*,*,#9006,.T.);
#9006 = EDGE_CURVE('',#4052,#4715,#9007,.T.);
#9007 = LINE('',#9008,#9009);
#9008 = CARTESIAN_POINT('',(42.899233744821,29.95834568489,
    48.023701418143));
#9009 = VECTOR('',#9010,1.);
#9010 = DIRECTION('',(-0.211951508855,-0.954019452521,-0.211951508855));
#9011 = ORIENTED_EDGE('',*,*,#4722,.T.);
#9012 = ORIENTED_EDGE('',*,*,#9013,.T.);
#9013 = EDGE_CURVE('',#4699,#4054,#9014,.T.);
#9014 = LINE('',#9015,#9016);
#9015 = CARTESIAN_POINT('',(26.770169963346,37.125032686637,
    31.894637636668));
#9016 = VECTOR('',#9017,1.);
#9017 = DIRECTION('',(0.211951508855,0.954019452521,0.211951508855));
#9018 = ORIENTED_EDGE('',*,*,#4051,.F.);
#9019 = PLANE('',#9020);
#9020 = AXIS2_PLACEMENT_3D('',#9021,#9022,#9023);
#9021 = CARTESIAN_POINT('',(25.989600584657,36.947767658764,
    31.114068257979));
#9022 = DIRECTION('',(0.707106781187,0.,-0.707106781187));
#9023 = DIRECTION('',(0.211951508855,0.954019452521,0.211951508855));
#9024 = ADVANCED_FACE('',(#9025),#9036,.T.);
#9025 = FACE_BOUND('',#9026,.T.);
#9026 = EDGE_LOOP('',(#9027,#9028,#9029,#9030));
#9027 = ORIENTED_EDGE('',*,*,#4714,.F.);
#9028 = ORIENTED_EDGE('',*,*,#9006,.F.);
#9029 = ORIENTED_EDGE('',*,*,#4077,.F.);
#9030 = ORIENTED_EDGE('',*,*,#9031,.T.);
#9031 = EDGE_CURVE('',#4070,#4707,#9032,.T.);
#9032 = LINE('',#9033,#9034);
#9033 = CARTESIAN_POINT('',(47.14187443194,29.95834568489,
    43.781060731023));
#9034 = VECTOR('',#9035,1.);
#9035 = DIRECTION('',(-0.211951508855,-0.954019452521,-0.211951508855));
#9036 = PLANE('',#9037);
#9037 = AXIS2_PLACEMENT_3D('',#9038,#9039,#9040);
#9038 = CARTESIAN_POINT('',(32.972643986842,30.435355411151,
    58.162242684976));
#9039 = DIRECTION('',(-0.674593624261,0.299744698388,-0.674593624261));
#9040 = DIRECTION('',(0.707106781187,0.,-0.707106781187));
#9041 = ADVANCED_FACE('',(#9042),#9053,.F.);
#9042 = FACE_BOUND('',#9043,.F.);
#9043 = EDGE_LOOP('',(#9044,#9045,#9046,#9052));
#9044 = ORIENTED_EDGE('',*,*,#9031,.T.);
#9045 = ORIENTED_EDGE('',*,*,#4706,.T.);
#9046 = ORIENTED_EDGE('',*,*,#9047,.T.);
#9047 = EDGE_CURVE('',#4697,#4062,#9048,.T.);
#9048 = LINE('',#9049,#9050);
#9049 = CARTESIAN_POINT('',(31.012810650465,37.125032686637,
    27.651996949548));
#9050 = VECTOR('',#9051,1.);
#9051 = DIRECTION('',(0.211951508855,0.954019452521,0.211951508855));
#9052 = ORIENTED_EDGE('',*,*,#4069,.F.);
#9053 = PLANE('',#9054);
#9054 = AXIS2_PLACEMENT_3D('',#9055,#9056,#9057);
#9055 = CARTESIAN_POINT('',(30.232241271777,36.947767658764,
    26.87142757086));
#9056 = DIRECTION('',(0.707106781187,0.,-0.707106781187));
#9057 = DIRECTION('',(0.211951508855,0.954019452521,0.211951508855));
#9058 = ADVANCED_FACE('',(#9059),#9065,.T.);
#9059 = FACE_BOUND('',#9060,.T.);
#9060 = EDGE_LOOP('',(#9061,#9062,#9063,#9064));
#9061 = ORIENTED_EDGE('',*,*,#4696,.F.);
#9062 = ORIENTED_EDGE('',*,*,#9047,.T.);
#9063 = ORIENTED_EDGE('',*,*,#4061,.F.);
#9064 = ORIENTED_EDGE('',*,*,#9013,.F.);
#9065 = PLANE('',#9066);
#9066 = AXIS2_PLACEMENT_3D('',#9067,#9068,#9069);
#9067 = CARTESIAN_POINT('',(44.728535452453,37.602042412898,
    14.148223656416));
#9068 = DIRECTION('',(0.674593624261,-0.299744698388,0.674593624261));
#9069 = DIRECTION('',(-0.707106781187,0.,0.707106781187));
#9070 = ADVANCED_FACE('',(#9071),#9087,.T.);
#9071 = FACE_BOUND('',#9072,.T.);
#9072 = EDGE_LOOP('',(#9073,#9079,#9080,#9086));
#9073 = ORIENTED_EDGE('',*,*,#9074,.T.);
#9074 = EDGE_CURVE('',#4086,#4749,#9075,.T.);
#9075 = LINE('',#9076,#9077);
#9076 = CARTESIAN_POINT('',(49.2631947755,29.95834568489,41.659740387464
    ));
#9077 = VECTOR('',#9078,1.);
#9078 = DIRECTION('',(-0.211951508855,-0.954019452521,-0.211951508855));
#9079 = ORIENTED_EDGE('',*,*,#4756,.T.);
#9080 = ORIENTED_EDGE('',*,*,#9081,.T.);
#9081 = EDGE_CURVE('',#4733,#4088,#9082,.T.);
#9082 = LINE('',#9083,#9084);
#9083 = CARTESIAN_POINT('',(33.134130994025,37.125032686637,
    25.530676605989));
#9084 = VECTOR('',#9085,1.);
#9085 = DIRECTION('',(0.211951508855,0.954019452521,0.211951508855));
#9086 = ORIENTED_EDGE('',*,*,#4085,.F.);
#9087 = PLANE('',#9088);
#9088 = AXIS2_PLACEMENT_3D('',#9089,#9090,#9091);
#9089 = CARTESIAN_POINT('',(32.353561615336,36.947767658764,
    24.7501072273));
#9090 = DIRECTION('',(0.707106781187,0.,-0.707106781187));
#9091 = DIRECTION('',(0.211951508855,0.954019452521,0.211951508855));
#9092 = ADVANCED_FACE('',(#9093),#9104,.T.);
#9093 = FACE_BOUND('',#9094,.T.);
#9094 = EDGE_LOOP('',(#9095,#9096,#9097,#9098));
#9095 = ORIENTED_EDGE('',*,*,#4748,.F.);
#9096 = ORIENTED_EDGE('',*,*,#9074,.F.);
#9097 = ORIENTED_EDGE('',*,*,#4111,.F.);
#9098 = ORIENTED_EDGE('',*,*,#9099,.T.);
#9099 = EDGE_CURVE('',#4104,#4741,#9100,.T.);
#9100 = LINE('',#9101,#9102);
#9101 = CARTESIAN_POINT('',(53.505835462619,29.95834568489,
    37.417099700344));
#9102 = VECTOR('',#9103,1.);
#9103 = DIRECTION('',(-0.211951508855,-0.954019452521,-0.211951508855));
#9104 = PLANE('',#9105);
#9105 = AXIS2_PLACEMENT_3D('',#9106,#9107,#9108);
#9106 = CARTESIAN_POINT('',(32.972643986842,30.435355411151,
    58.162242684976));
#9107 = DIRECTION('',(-0.674593624261,0.299744698388,-0.674593624261));
#9108 = DIRECTION('',(0.707106781187,0.,-0.707106781187));
#9109 = ADVANCED_FACE('',(#9110),#9121,.F.);
#9110 = FACE_BOUND('',#9111,.F.);
#9111 = EDGE_LOOP('',(#9112,#9113,#9114,#9120));
#9112 = ORIENTED_EDGE('',*,*,#9099,.T.);
#9113 = ORIENTED_EDGE('',*,*,#4740,.T.);
#9114 = ORIENTED_EDGE('',*,*,#9115,.T.);
#9115 = EDGE_CURVE('',#4731,#4096,#9116,.T.);
#9116 = LINE('',#9117,#9118);
#9117 = CARTESIAN_POINT('',(37.376771681144,37.125032686637,
    21.288035918869));
#9118 = VECTOR('',#9119,1.);
#9119 = DIRECTION('',(0.211951508855,0.954019452521,0.211951508855));
#9120 = ORIENTED_EDGE('',*,*,#4103,.F.);
#9121 = PLANE('',#9122);
#9122 = AXIS2_PLACEMENT_3D('',#9123,#9124,#9125);
#9123 = CARTESIAN_POINT('',(36.596202302455,36.947767658764,
    20.507466540181));
#9124 = DIRECTION('',(0.707106781187,0.,-0.707106781187));
#9125 = DIRECTION('',(0.211951508855,0.954019452521,0.211951508855));
#9126 = ADVANCED_FACE('',(#9127),#9133,.T.);
#9127 = FACE_BOUND('',#9128,.T.);
#9128 = EDGE_LOOP('',(#9129,#9130,#9131,#9132));
#9129 = ORIENTED_EDGE('',*,*,#4730,.F.);
#9130 = ORIENTED_EDGE('',*,*,#9115,.T.);
#9131 = ORIENTED_EDGE('',*,*,#4095,.F.);
#9132 = ORIENTED_EDGE('',*,*,#9081,.F.);
#9133 = PLANE('',#9134);
#9134 = AXIS2_PLACEMENT_3D('',#9135,#9136,#9137);
#9135 = CARTESIAN_POINT('',(44.728535452453,37.602042412898,
    14.148223656416));
#9136 = DIRECTION('',(0.674593624261,-0.299744698388,0.674593624261));
#9137 = DIRECTION('',(-0.707106781187,0.,0.707106781187));
#9138 = ADVANCED_FACE('',(#9139),#9155,.T.);
#9139 = FACE_BOUND('',#9140,.T.);
#9140 = EDGE_LOOP('',(#9141,#9147,#9148,#9154));
#9141 = ORIENTED_EDGE('',*,*,#9142,.T.);
#9142 = EDGE_CURVE('',#4120,#4791,#9143,.T.);
#9143 = LINE('',#9144,#9145);
#9144 = CARTESIAN_POINT('',(55.627155806179,29.95834568489,
    35.295779356785));
#9145 = VECTOR('',#9146,1.);
#9146 = DIRECTION('',(-0.211951508855,-0.954019452521,-0.211951508855));
#9147 = ORIENTED_EDGE('',*,*,#4798,.T.);
#9148 = ORIENTED_EDGE('',*,*,#9149,.T.);
#9149 = EDGE_CURVE('',#4767,#4122,#9150,.T.);
#9150 = LINE('',#9151,#9152);
#9151 = CARTESIAN_POINT('',(39.498092024704,37.125032686637,
    19.16671557531));
#9152 = VECTOR('',#9153,1.);
#9153 = DIRECTION('',(0.211951508855,0.954019452521,0.211951508855));
#9154 = ORIENTED_EDGE('',*,*,#4119,.F.);
#9155 = PLANE('',#9156);
#9156 = AXIS2_PLACEMENT_3D('',#9157,#9158,#9159);
#9157 = CARTESIAN_POINT('',(38.717522646015,36.947767658764,
    18.386146196621));
#9158 = DIRECTION('',(0.707106781187,0.,-0.707106781187));
#9159 = DIRECTION('',(0.211951508855,0.954019452521,0.211951508855));
#9160 = ADVANCED_FACE('',(#9161),#9172,.T.);
#9161 = FACE_BOUND('',#9162,.T.);
#9162 = EDGE_LOOP('',(#9163,#9164,#9165,#9166));
#9163 = ORIENTED_EDGE('',*,*,#4790,.F.);
#9164 = ORIENTED_EDGE('',*,*,#9142,.F.);
#9165 = ORIENTED_EDGE('',*,*,#4153,.F.);
#9166 = ORIENTED_EDGE('',*,*,#9167,.F.);
#9167 = EDGE_CURVE('',#4783,#4146,#9168,.T.);
#9168 = LINE('',#9169,#9170);
#9169 = CARTESIAN_POINT('',(58.162242684976,30.435355411151,
    32.972643986842));
#9170 = VECTOR('',#9171,1.);
#9171 = DIRECTION('',(0.211951508855,0.954019452521,0.211951508855));
#9172 = PLANE('',#9173);
#9173 = AXIS2_PLACEMENT_3D('',#9174,#9175,#9176);
#9174 = CARTESIAN_POINT('',(32.972643986842,30.435355411151,
    58.162242684976));
#9175 = DIRECTION('',(-0.674593624261,0.299744698388,-0.674593624261));
#9176 = DIRECTION('',(0.707106781187,0.,-0.707106781187));
#9177 = ADVANCED_FACE('',(#9178),#9189,.F.);
#9178 = FACE_BOUND('',#9179,.F.);
#9179 = EDGE_LOOP('',(#9180,#9181,#9187,#9188));
#9180 = ORIENTED_EDGE('',*,*,#4782,.F.);
#9181 = ORIENTED_EDGE('',*,*,#9182,.T.);
#9182 = EDGE_CURVE('',#4775,#4138,#9183,.T.);
#9183 = LINE('',#9184,#9185);
#9184 = CARTESIAN_POINT('',(49.017601818515,34.780341776537,
    20.200943994882));
#9185 = VECTOR('',#9186,1.);
#9186 = DIRECTION('',(0.211951508855,0.954019452521,0.211951508855));
#9187 = ORIENTED_EDGE('',*,*,#4145,.F.);
#9188 = ORIENTED_EDGE('',*,*,#9167,.F.);
#9189 = PLANE('',#9190);
#9190 = AXIS2_PLACEMENT_3D('',#9191,#9192,#9193);
#9191 = CARTESIAN_POINT('',(44.728535452453,37.602042412898,
    14.148223656416));
#9192 = DIRECTION('',(0.804495934381,-4.719168608797E-02,-0.592080430625
    ));
#9193 = DIRECTION('',(0.554853899201,-0.296006467794,0.777507119945));
#9194 = ADVANCED_FACE('',(#9195),#9206,.F.);
#9195 = FACE_BOUND('',#9196,.F.);
#9196 = EDGE_LOOP('',(#9197,#9198,#9199,#9205));
#9197 = ORIENTED_EDGE('',*,*,#9182,.F.);
#9198 = ORIENTED_EDGE('',*,*,#4774,.T.);
#9199 = ORIENTED_EDGE('',*,*,#9200,.T.);
#9200 = EDGE_CURVE('',#4765,#4130,#9201,.T.);
#9201 = LINE('',#9202,#9203);
#9202 = CARTESIAN_POINT('',(43.740732711823,37.125032686637,
    14.924074888191));
#9203 = VECTOR('',#9204,1.);
#9204 = DIRECTION('',(0.211951508855,0.954019452521,0.211951508855));
#9205 = ORIENTED_EDGE('',*,*,#4137,.F.);
#9206 = PLANE('',#9207);
#9207 = AXIS2_PLACEMENT_3D('',#9208,#9209,#9210);
#9208 = CARTESIAN_POINT('',(42.960163333134,36.947767658764,
    14.143505509502));
#9209 = DIRECTION('',(0.707106781187,0.,-0.707106781187));
#9210 = DIRECTION('',(0.211951508855,0.954019452521,0.211951508855));
#9211 = ADVANCED_FACE('',(#9212),#9218,.T.);
#9212 = FACE_BOUND('',#9213,.T.);
#9213 = EDGE_LOOP('',(#9214,#9215,#9216,#9217));
#9214 = ORIENTED_EDGE('',*,*,#4764,.F.);
#9215 = ORIENTED_EDGE('',*,*,#9200,.T.);
#9216 = ORIENTED_EDGE('',*,*,#4129,.F.);
#9217 = ORIENTED_EDGE('',*,*,#9149,.F.);
#9218 = PLANE('',#9219);
#9219 = AXIS2_PLACEMENT_3D('',#9220,#9221,#9222);
#9220 = CARTESIAN_POINT('',(44.728535452453,37.602042412898,
    14.148223656416));
#9221 = DIRECTION('',(0.674593624261,-0.299744698388,0.674593624261));
#9222 = DIRECTION('',(-0.707106781187,0.,0.707106781187));
#9223 = ADVANCED_FACE('',(#9224),#9229,.F.);
#9224 = FACE_BOUND('',#9225,.F.);
#9225 = EDGE_LOOP('',(#9226,#9227,#9228));
#9226 = ORIENTED_EDGE('',*,*,#4431,.F.);
#9227 = ORIENTED_EDGE('',*,*,#4396,.F.);
#9228 = ORIENTED_EDGE('',*,*,#5733,.T.);
#9229 = PLANE('',#9230);
#9230 = AXIS2_PLACEMENT_3D('',#9231,#9232,#9233);
#9231 = CARTESIAN_POINT('',(17.5,-40.,17.5));
#9232 = DIRECTION('',(-0.,-1.,0.));
#9233 = DIRECTION('',(-0.707106781187,0.,-0.707106781187));
#9234 = ADVANCED_FACE('',(#9235,#9335),#9348,.F.);
#9235 = FACE_BOUND('',#9236,.F.);
#9236 = EDGE_LOOP('',(#9237,#9245,#9253,#9265,#9277,#9283,#9284,#9290,
    #9291,#9297,#9298,#9304,#9305,#9311,#9312,#9313,#9327,#9333,#9334));
#9237 = ORIENTED_EDGE('',*,*,#9238,.F.);
#9238 = EDGE_CURVE('',#9239,#4613,#9241,.T.);
#9239 = VERTEX_POINT('',#9240);
#9240 = CARTESIAN_POINT('',(21.084156907347,1.060304214118,
    59.494426252089));
#9241 = LINE('',#9242,#9243);
#9242 = CARTESIAN_POINT('',(-34.36589565752,-249.696112521,
    19.923498748923));
#9243 = VECTOR('',#9244,1.);
#9244 = DIRECTION('',(0.213396771632,0.965023608131,0.152286747966));
#9245 = ORIENTED_EDGE('',*,*,#9246,.F.);
#9246 = EDGE_CURVE('',#9247,#9239,#9249,.T.);
#9247 = VERTEX_POINT('',#9248);
#9248 = CARTESIAN_POINT('',(17.745953561224,-16.55845553362,
    56.156222905966));
#9249 = LINE('',#9250,#9251);
#9250 = CARTESIAN_POINT('',(-25.54865838158,-245.0638181797,
    12.861610963157));
#9251 = VECTOR('',#9252,1.);
#9252 = DIRECTION('',(0.183012701892,0.965925826289,0.183012701892));
#9253 = ORIENTED_EDGE('',*,*,#9254,.T.);
#9254 = EDGE_CURVE('',#9247,#9255,#9257,.T.);
#9255 = VERTEX_POINT('',#9256);
#9256 = CARTESIAN_POINT('',(17.768907453314,-18.33954491456,
    55.458347666824));
#9257 = B_SPLINE_CURVE_WITH_KNOTS('',6,(#9258,#9259,#9260,#9261,#9262,
    #9263,#9264),.UNSPECIFIED.,.F.,.F.,(7,7),(0.,1.),
  .PIECEWISE_BEZIER_KNOTS.);
#9258 = CARTESIAN_POINT('',(17.745953561224,-16.55845553362,
    56.156222905966));
#9259 = CARTESIAN_POINT('',(17.812481055757,-16.82592822298,
    55.988340010783));
#9260 = CARTESIAN_POINT('',(17.85462757685,-17.11072283853,
    55.838274163676));
#9261 = CARTESIAN_POINT('',(17.871380281909,-17.4088453793,
    55.708551683511));
#9262 = CARTESIAN_POINT('',(17.862428365824,-17.71602598768,
    55.601101384067));
#9263 = CARTESIAN_POINT('',(17.827970448196,-18.02781533762,
    55.517410661706));
#9264 = CARTESIAN_POINT('',(17.768907453314,-18.33954491456,
    55.458347666824));
#9265 = ORIENTED_EDGE('',*,*,#9266,.T.);
#9266 = EDGE_CURVE('',#9255,#9267,#9269,.T.);
#9267 = VERTEX_POINT('',#9268);
#9268 = CARTESIAN_POINT('',(17.071032214172,-20.12063429549,
    55.481301558914));
#9269 = B_SPLINE_CURVE_WITH_KNOTS('',6,(#9270,#9271,#9272,#9273,#9274,
    #9275,#9276),.UNSPECIFIED.,.F.,.F.,(7,7),(0.,1.),
  .PIECEWISE_BEZIER_KNOTS.);
#9270 = CARTESIAN_POINT('',(17.768907453313,-18.33954491456,
    55.458347666824));
#9271 = CARTESIAN_POINT('',(17.709844458432,-18.65127449149,
    55.399284671943));
#9272 = CARTESIAN_POINT('',(17.626153736071,-18.96306384143,
    55.364826754314));
#9273 = CARTESIAN_POINT('',(17.518703436627,-19.27024444981,
    55.355874838229));
#9274 = CARTESIAN_POINT('',(17.388980956462,-19.56836699058,
    55.372627543288));
#9275 = CARTESIAN_POINT('',(17.238915109355,-19.85316160613,
    55.414774064381));
#9276 = CARTESIAN_POINT('',(17.071032214172,-20.12063429549,
    55.481301558914));
#9277 = ORIENTED_EDGE('',*,*,#9278,.F.);
#9278 = EDGE_CURVE('',#5392,#9267,#9279,.T.);
#9279 = LINE('',#9280,#9281);
#9280 = CARTESIAN_POINT('',(-25.54865838158,-245.0638181797,
    12.861610963157));
#9281 = VECTOR('',#9282,1.);
#9282 = DIRECTION('',(0.183012701892,0.965925826289,0.183012701892));
#9283 = ORIENTED_EDGE('',*,*,#5543,.F.);
#9284 = ORIENTED_EDGE('',*,*,#9285,.F.);
#9285 = EDGE_CURVE('',#5512,#5536,#9286,.T.);
#9286 = LINE('',#9287,#9288);
#9287 = CARTESIAN_POINT('',(-143.0562345438,-33.60943880742,
    210.49715604939));
#9288 = VECTOR('',#9289,1.);
#9289 = DIRECTION('',(-0.707106781187,0.,0.707106781187));
#9290 = ORIENTED_EDGE('',*,*,#5511,.F.);
#9291 = ORIENTED_EDGE('',*,*,#9292,.F.);
#9292 = EDGE_CURVE('',#5480,#5504,#9293,.T.);
#9293 = LINE('',#9294,#9295);
#9294 = CARTESIAN_POINT('',(-143.0562345438,-33.60943880742,
    210.49715604939));
#9295 = VECTOR('',#9296,1.);
#9296 = DIRECTION('',(-0.707106781187,0.,0.707106781187));
#9297 = ORIENTED_EDGE('',*,*,#5479,.F.);
#9298 = ORIENTED_EDGE('',*,*,#9299,.F.);
#9299 = EDGE_CURVE('',#5448,#5472,#9300,.T.);
#9300 = LINE('',#9301,#9302);
#9301 = CARTESIAN_POINT('',(-143.0562345438,-33.60943880742,
    210.49715604939));
#9302 = VECTOR('',#9303,1.);
#9303 = DIRECTION('',(-0.707106781187,0.,0.707106781187));
#9304 = ORIENTED_EDGE('',*,*,#5447,.F.);
#9305 = ORIENTED_EDGE('',*,*,#9306,.F.);
#9306 = EDGE_CURVE('',#5416,#5440,#9307,.T.);
#9307 = LINE('',#9308,#9309);
#9308 = CARTESIAN_POINT('',(-143.0562345438,-33.60943880742,
    210.49715604939));
#9309 = VECTOR('',#9310,1.);
#9310 = DIRECTION('',(-0.707106781187,0.,0.707106781187));
#9311 = ORIENTED_EDGE('',*,*,#5415,.F.);
#9312 = ORIENTED_EDGE('',*,*,#5366,.F.);
#9313 = ORIENTED_EDGE('',*,*,#9314,.T.);
#9314 = EDGE_CURVE('',#5305,#9315,#9317,.T.);
#9315 = VERTEX_POINT('',#9316);
#9316 = CARTESIAN_POINT('',(56.156222903291,-16.55845554774,
    17.745953558549));
#9317 = B_SPLINE_CURVE_WITH_KNOTS('',8,(#9318,#9319,#9320,#9321,#9322,
    #9323,#9324,#9325,#9326),.UNSPECIFIED.,.F.,.F.,(9,9),(0.,1.),
  .PIECEWISE_BEZIER_KNOTS.);
#9318 = CARTESIAN_POINT('',(55.481301561589,-20.12063428137,
    17.071032216847));
#9319 = CARTESIAN_POINT('',(55.381582739809,-19.71971645466,
    17.322673790262));
#9320 = CARTESIAN_POINT('',(55.333845936383,-19.28097964442,
    17.536664371932));
#9321 = CARTESIAN_POINT('',(55.341591105988,-18.81666726119,
    17.704864521239));
#9322 = CARTESIAN_POINT('',(55.404899559572,-18.33954491456,
    17.822355560565));
#9323 = CARTESIAN_POINT('',(55.5223905989,-17.86242256791,
    17.885664014151));
#9324 = CARTESIAN_POINT('',(55.690590748205,-17.3981101847,
    17.893409183755));
#9325 = CARTESIAN_POINT('',(55.904581329876,-16.95937337445,
    17.845672380329));
#9326 = CARTESIAN_POINT('',(56.156222903291,-16.55845554774,
    17.745953558549));
#9327 = ORIENTED_EDGE('',*,*,#9328,.F.);
#9328 = EDGE_CURVE('',#4815,#9315,#9329,.T.);
#9329 = LINE('',#9330,#9331);
#9330 = CARTESIAN_POINT('',(12.861610963157,-245.0638181797,
    -25.54865838158));
#9331 = VECTOR('',#9332,1.);
#9332 = DIRECTION('',(-0.183012701892,-0.965925826289,-0.183012701892));
#9333 = ORIENTED_EDGE('',*,*,#4814,.F.);
#9334 = ORIENTED_EDGE('',*,*,#4620,.F.);
#9335 = FACE_BOUND('',#9336,.F.);
#9336 = EDGE_LOOP('',(#9337,#9338,#9339,#9340,#9341,#9347));
#9337 = ORIENTED_EDGE('',*,*,#6951,.T.);
#9338 = ORIENTED_EDGE('',*,*,#6835,.T.);
#9339 = ORIENTED_EDGE('',*,*,#7884,.F.);
#9340 = ORIENTED_EDGE('',*,*,#7838,.F.);
#9341 = ORIENTED_EDGE('',*,*,#9342,.F.);
#9342 = EDGE_CURVE('',#7137,#7829,#9343,.T.);
#9343 = LINE('',#9344,#9345);
#9344 = CARTESIAN_POINT('',(9.25500539558,-254.6838978804,
    -25.58746063007));
#9345 = VECTOR('',#9346,1.);
#9346 = DIRECTION('',(0.183012701892,0.965925826289,0.183012701892));
#9347 = ORIENTED_EDGE('',*,*,#7136,.F.);
#9348 = PLANE('',#9349);
#9349 = AXIS2_PLACEMENT_3D('',#9350,#9351,#9352);
#9350 = CARTESIAN_POINT('',(-404.7745131539,-481.924054132,
    302.33226803259));
#9351 = DIRECTION('',(0.683012701892,-0.258819045103,0.683012701892));
#9352 = DIRECTION('',(0.707106781187,0.,-0.707106781187));
#9353 = ADVANCED_FACE('',(#9354,#9490,#9629,#9775,#9921,#9955),#9989,.F.
  );
#9354 = FACE_BOUND('',#9355,.F.);
#9355 = EDGE_LOOP('',(#9356,#9357,#9365,#9482,#9488,#9489));
#9356 = ORIENTED_EDGE('',*,*,#5714,.F.);
#9357 = ORIENTED_EDGE('',*,*,#9358,.T.);
#9358 = EDGE_CURVE('',#5715,#9359,#9361,.T.);
#9359 = VERTEX_POINT('',#9360);
#9360 = CARTESIAN_POINT('',(11.08369426028,-20.59373668789,
    52.357776887469));
#9361 = LINE('',#9362,#9363);
#9362 = CARTESIAN_POINT('',(2.12132034356,-40.,45.961940777126));
#9363 = VECTOR('',#9364,1.);
#9364 = DIRECTION('',(0.401680562345,0.869760493441,0.28665207113));
#9365 = ORIENTED_EDGE('',*,*,#9366,.T.);
#9366 = EDGE_CURVE('',#9359,#9367,#9369,.T.);
#9367 = VERTEX_POINT('',#9368);
#9368 = CARTESIAN_POINT('',(14.788680165196,-12.57131621018,
    55.001773094184));
#9369 = B_SPLINE_CURVE_WITH_KNOTS('',6,(#9370,#9371,#9372,#9373,#9374,
    #9375,#9376,#9377,#9378,#9379,#9380,#9381,#9382,#9383,#9384,#9385,
    #9386,#9387,#9388,#9389,#9390,#9391,#9392,#9393,#9394,#9395,#9396,
    #9397,#9398,#9399,#9400,#9401,#9402,#9403,#9404,#9405,#9406,#9407,
    #9408,#9409,#9410,#9411,#9412,#9413,#9414,#9415,#9416,#9417,#9418,
    #9419,#9420,#9421,#9422,#9423,#9424,#9425,#9426,#9427,#9428,#9429,
    #9430,#9431,#9432,#9433,#9434,#9435,#9436,#9437,#9438,#9439,#9440,
    #9441,#9442,#9443,#9444,#9445,#9446,#9447,#9448,#9449,#9450,#9451,
    #9452,#9453,#9454,#9455,#9456,#9457,#9458,#9459,#9460,#9461,#9462,
    #9463,#9464,#9465,#9466,#9467,#9468,#9469,#9470,#9471,#9472,#9473,
    #9474,#9475,#9476,#9477,#9478,#9479,#9480,#9481),.UNSPECIFIED.,.F.,
  .F.,(7,5,5,5,5,5,5,5,5,5,5,5,5,5,5,5,5,5,5,5,5,5,7),(0.,
    4.469982596232E-02,7.185593135955E-02,9.027482755796E-02,
    0.134209913863,0.191363943505,0.218557562064,0.263407999368,
    0.310625396664,0.34096800316,0.410501943126,0.462469578388,
    0.517827000526,0.567751645552,0.615652860375,0.64444717102,
    0.705385444041,0.754246128561,0.774975395887,0.8065652128,
    0.859842546899,0.915467254128,1.),.UNSPECIFIED.);
#9370 = CARTESIAN_POINT('',(16.395392012578,-20.91598503779,
    56.148373955506));
#9371 = CARTESIAN_POINT('',(16.28993776794,-21.0409584185,
    56.073118440382));
#9372 = CARTESIAN_POINT('',(16.179653031211,-21.15999112747,
    55.994415731909));
#9373 = CARTESIAN_POINT('',(16.0647629762,-21.27267568944,
    55.912426521306));
#9374 = CARTESIAN_POINT('',(15.945524828113,-21.37861745408,
    55.827334372691));
#9375 = CARTESIAN_POINT('',(15.822232022387,-21.47744226817,
    55.739348690958));
#9376 = CARTESIAN_POINT('',(15.618054834745,-21.62430845397,
    55.593641332421));
#9377 = CARTESIAN_POINT('',(15.539517518248,-21.67705886066,
    55.537594596419));
#9378 = CARTESIAN_POINT('',(15.459681005493,-21.72697758714,
    55.480620712496));
#9379 = CARTESIAN_POINT('',(15.378624409877,-21.77399224155,
    55.422776138498));
#9380 = CARTESIAN_POINT('',(15.296431366732,-21.81803582079,
    55.364120559268));
#9381 = CARTESIAN_POINT('',(15.156730778327,-21.88686275074,
    55.264425760071));
#9382 = CARTESIAN_POINT('',(15.099789193686,-21.91328376479,
    55.223790427668));
#9383 = CARTESIAN_POINT('',(15.042392776203,-21.93829062254,
    55.18283051203));
#9384 = CARTESIAN_POINT('',(14.984569799556,-21.96186565463,
    55.141566190157));
#9385 = CARTESIAN_POINT('',(14.926349314308,-21.98399265247,
    55.100018193457));
#9386 = CARTESIAN_POINT('',(14.728009225756,-22.05394777532,
    54.958476375154));
#9387 = CARTESIAN_POINT('',(14.586162284556,-22.09491677865,
    54.85724987009));
#9388 = CARTESIAN_POINT('',(14.442630262173,-22.12736249744,
    54.754820837304));
#9389 = CARTESIAN_POINT('',(14.297836379514,-22.15113810522,
    54.651491300748));
#9390 = CARTESIAN_POINT('',(14.152216481608,-22.1661536043,
    54.547572293343));
#9391 = CARTESIAN_POINT('',(13.816293182112,-22.18047538791,
    54.307846703986));
#9392 = CARTESIAN_POINT('',(13.625714217502,-22.17369667937,
    54.171843471466));
#9393 = CARTESIAN_POINT('',(13.435475115798,-22.15197108457,
    54.036082775965));
#9394 = CARTESIAN_POINT('',(13.246541832813,-22.11540858195,
    53.901253954384));
#9395 = CARTESIAN_POINT('',(13.059852412936,-22.0642661937,
    53.768026425141));
#9396 = CARTESIAN_POINT('',(12.788987905965,-21.96788239057,
    53.574728866839));
#9397 = CARTESIAN_POINT('',(12.702372435405,-21.93360013183,
    53.51291730224));
#9398 = CARTESIAN_POINT('',(12.61656384768,-21.8961534536,
    53.451681554986));
#9399 = CARTESIAN_POINT('',(12.531654548102,-21.85559224128,
    53.391087568461));
#9400 = CARTESIAN_POINT('',(12.447733507934,-21.81197249234,
    53.331198835397));
#9401 = CARTESIAN_POINT('',(12.228246298847,-21.68847225326,
    53.174565756853));
#9402 = CARTESIAN_POINT('',(12.094525928189,-21.60343615799,
    53.079138631931));
#9403 = CARTESIAN_POINT('',(11.964109897539,-21.51052593416,
    52.986069589516));
#9404 = CARTESIAN_POINT('',(11.837350292788,-21.41005548998,
    52.895609889337));
#9405 = CARTESIAN_POINT('',(11.714569232199,-21.30236832674,
    52.807989405269));
#9406 = CARTESIAN_POINT('',(11.471299699019,-21.06724928319,
    52.634384501109));
#9407 = CARTESIAN_POINT('',(11.351272517877,-20.93907372061,
    52.548729273319));
#9408 = CARTESIAN_POINT('',(11.236322065647,-20.80373101746,
    52.466696961333));
#9409 = CARTESIAN_POINT('',(11.12675147804,-20.66167006617,
    52.38850389247));
#9410 = CARTESIAN_POINT('',(11.022829169197,-20.51335643398,
    52.314341615629));
#9411 = CARTESIAN_POINT('',(10.861793531615,-20.26024636788,
    52.199421444313));
#9412 = CARTESIAN_POINT('',(10.801224573492,-20.1588403341,
    52.156197502406));
#9413 = CARTESIAN_POINT('',(10.743148730108,-20.05517491345,
    52.114752726758));
#9414 = CARTESIAN_POINT('',(10.687623558097,-19.94937763346,
    52.07512819162));
#9415 = CARTESIAN_POINT('',(10.634701591735,-19.84157725764,
    52.037361387129));
#9416 = CARTESIAN_POINT('',(10.46922738578,-19.48057308223,
    51.919273711741));
#9417 = CARTESIAN_POINT('',(10.367946510333,-19.21940759,51.846996446087
    ));
#9418 = CARTESIAN_POINT('',(10.28115821347,-18.94996516211,
    51.785061547121));
#9419 = CARTESIAN_POINT('',(10.209310919834,-18.67382832773,
    51.733789024982));
#9420 = CARTESIAN_POINT('',(10.152742532554,-18.39259835498,
    51.693420018128));
#9421 = CARTESIAN_POINT('',(10.081012003255,-17.8951060947,
    51.642230822746));
#9422 = CARTESIAN_POINT('',(10.058999769139,-17.68038060342,
    51.62652218984));
#9423 = CARTESIAN_POINT('',(10.045754353584,-17.46438701678,
    51.6170698385));
#9424 = CARTESIAN_POINT('',(10.041344180519,-17.24780830306,
    51.613922598226));
#9425 = CARTESIAN_POINT('',(10.045805218456,-17.03133631028,
    51.617106137296));
#9426 = CARTESIAN_POINT('',(10.07334288572,-16.58593986297,
    51.636757895672));
#9427 = CARTESIAN_POINT('',(10.09761484156,-16.35712431858,
    51.654079138132));
#9428 = CARTESIAN_POINT('',(10.131956377841,-16.13007386675,
    51.67858635462));
#9429 = CARTESIAN_POINT('',(10.176324420918,-15.90565192252,
    51.71024880641));
#9430 = CARTESIAN_POINT('',(10.230623430299,-15.68473428631,
    51.748998312755));
#9431 = CARTESIAN_POINT('',(10.352483041602,-15.27292924384,
    51.8359612212));
#9432 = CARTESIAN_POINT('',(10.418219425117,-15.08122161753,
    51.882872802814));
#9433 = CARTESIAN_POINT('',(10.491790577119,-14.89373613816,
    51.935375525309));
#9434 = CARTESIAN_POINT('',(10.573040663665,-14.71112900724,
    51.993358180611));
#9435 = CARTESIAN_POINT('',(10.66176645534,-14.53405521303,
    52.056675737721));
#9436 = CARTESIAN_POINT('',(10.849764688284,-14.19919772541,
    52.190837277746));
#9437 = CARTESIAN_POINT('',(10.948465568795,-14.04092022399,
    52.261273376659));
#9438 = CARTESIAN_POINT('',(11.053582493939,-13.88890628296,
    52.336288169825));
#9439 = CARTESIAN_POINT('',(11.164843154514,-13.74371692305,
    52.415687328707));
#9440 = CARTESIAN_POINT('',(11.281926848978,-13.60589126247,
    52.499241990445));
#9441 = CARTESIAN_POINT('',(11.478114397909,-13.39782229209,
    52.639247687765));
#9442 = CARTESIAN_POINT('',(11.55373944152,-13.32254977944,
    52.693216132874));
#9443 = CARTESIAN_POINT('',(11.631252362002,-13.25023232762,
    52.748531827181));
#9444 = CARTESIAN_POINT('',(11.710565768678,-13.18097480077,
    52.805132405908));
#9445 = CARTESIAN_POINT('',(11.791586052088,-13.11487606955,
    52.862951066356));
#9446 = CARTESIAN_POINT('',(12.049080112777,-12.91902387507,
    53.046707047401));
#9447 = CARTESIAN_POINT('',(12.231158440687,-12.80057106871,
    53.176643954227));
#9448 = CARTESIAN_POINT('',(12.419478325072,-12.69756945136,
    53.311035034987));
#9449 = CARTESIAN_POINT('',(12.612984342088,-12.61072723958,
    53.449127105537));
#9450 = CARTESIAN_POINT('',(12.810542315046,-12.54057764071,
    53.590110781187));
#9451 = CARTESIAN_POINT('',(13.171595421311,-12.44481343596,
    53.84776980281));
#9452 = CARTESIAN_POINT('',(13.334094387219,-12.41312462236,
    53.963734251929));
#9453 = CARTESIAN_POINT('',(13.497796617612,-12.39252146988,
    54.080557388993));
#9454 = CARTESIAN_POINT('',(13.662075926931,-12.3830661246,
    54.197792347998));
#9455 = CARTESIAN_POINT('',(13.826307802993,-12.38472728444,
    54.314993457119));
#9456 = CARTESIAN_POINT('',(14.059262645574,-12.40275347078,
    54.481237468817));
#9457 = CARTESIAN_POINT('',(14.128535161559,-12.41010218562,
    54.530672547437));
#9458 = CARTESIAN_POINT('',(14.197641467569,-12.41942074991,
    54.579989013313));
#9459 = CARTESIAN_POINT('',(14.266535605084,-12.4306971967,
    54.629154068978));
#9460 = CARTESIAN_POINT('',(14.335172422278,-12.44391686565,
    54.678135492648));
#9461 = CARTESIAN_POINT('',(14.507645115312,-12.48214304293,
    54.801217511811));
#9462 = CARTESIAN_POINT('',(14.611082579722,-12.50969639366,
    54.875033788188));
#9463 = CARTESIAN_POINT('',(14.713662676133,-12.5416612077,
    54.948238219394));
#9464 = CARTESIAN_POINT('',(14.81523484459,-12.57796298321,
    55.020723361038));
#9465 = CARTESIAN_POINT('',(14.915655042973,-12.6185152834,
    55.092386420067));
#9466 = CARTESIAN_POINT('',(15.181972582832,-12.73861890868,
    55.282439117496));
#9467 = CARTESIAN_POINT('',(15.345494198852,-12.82583252052,
    55.399133362379));
#9468 = CARTESIAN_POINT('',(15.504688121513,-12.92439461728,
    55.512739227138));
#9469 = CARTESIAN_POINT('',(15.658962935799,-13.03376282239,
    55.62283465914));
#9470 = CARTESIAN_POINT('',(15.8077918331,-13.15333717601,
    55.729043710945));
#9471 = CARTESIAN_POINT('',(16.099917656004,-13.41730799836,
    55.937514022969));
#9472 = CARTESIAN_POINT('',(16.242685565825,-13.5625691849,
    56.039397760639));
#9473 = CARTESIAN_POINT('',(16.378482424406,-13.71753622496,
    56.136306733625));
#9474 = CARTESIAN_POINT('',(16.506860957327,-13.88144912444,
    56.227921752623));
#9475 = CARTESIAN_POINT('',(16.627444275639,-14.05352756264,
    56.313973857649));
#9476 = CARTESIAN_POINT('',(16.910838676364,-14.50570751369,
    56.516213148094));
#9477 = CARTESIAN_POINT('',(17.06302509407,-14.79546799689,
    56.624818233634));
#9478 = CARTESIAN_POINT('',(17.19538141393,-15.09952710923,
    56.719271928365));
#9479 = CARTESIAN_POINT('',(17.307136644732,-15.41512927865,
    56.799024028347));
#9480 = CARTESIAN_POINT('',(17.397766942708,-15.73956411565,
    56.863700701947));
#9481 = CARTESIAN_POINT('',(17.466947332219,-16.07019391843,
    56.913070036173));
#9482 = ORIENTED_EDGE('',*,*,#9483,.T.);
#9483 = EDGE_CURVE('',#9367,#9239,#9484,.T.);
#9484 = LINE('',#9485,#9486);
#9485 = CARTESIAN_POINT('',(2.12132034356,-40.,45.961940777126));
#9486 = VECTOR('',#9487,1.);
#9487 = DIRECTION('',(0.401680562345,0.869760493441,0.28665207113));
#9488 = ORIENTED_EDGE('',*,*,#9238,.T.);
#9489 = ORIENTED_EDGE('',*,*,#4612,.T.);
#9490 = FACE_BOUND('',#9491,.F.);
#9491 = EDGE_LOOP('',(#9492));
#9492 = ORIENTED_EDGE('',*,*,#9493,.T.);
#9493 = EDGE_CURVE('',#9494,#9494,#9496,.T.);
#9494 = VERTEX_POINT('',#9495);
#9495 = CARTESIAN_POINT('',(25.54640495114,22.300407266404,
    62.678828893286));
#9496 = B_SPLINE_CURVE_WITH_KNOTS('',6,(#9497,#9498,#9499,#9500,#9501,
    #9502,#9503,#9504,#9505,#9506,#9507,#9508,#9509,#9510,#9511,#9512,
    #9513,#9514,#9515,#9516,#9517,#9518,#9519,#9520,#9521,#9522,#9523,
    #9524,#9525,#9526,#9527,#9528,#9529,#9530,#9531,#9532,#9533,#9534,
    #9535,#9536,#9537,#9538,#9539,#9540,#9541,#9542,#9543,#9544,#9545,
    #9546,#9547,#9548,#9549,#9550,#9551,#9552,#9553,#9554,#9555,#9556,
    #9557,#9558,#9559,#9560,#9561,#9562,#9563,#9564,#9565,#9566,#9567,
    #9568,#9569,#9570,#9571,#9572,#9573,#9574,#9575,#9576,#9577,#9578,
    #9579,#9580,#9581,#9582,#9583,#9584,#9585,#9586,#9587,#9588,#9589,
    #9590,#9591,#9592,#9593,#9594,#9595,#9596,#9597,#9598,#9599,#9600,
    #9601,#9602,#9603,#9604,#9605,#9606,#9607,#9608,#9609,#9610,#9611,
    #9612,#9613,#9614,#9615,#9616,#9617,#9618,#9619,#9620,#9621,#9622,
    #9623,#9624,#9625,#9626,#9627,#9628),.UNSPECIFIED.,.T.,.F.,(7,5,5,5,
    5,5,5,5,5,5,5,5,5,5,5,5,5,5,5,5,5,5,5,5,5,5,7),(0.,
    8.691365866015E-02,0.124214784985,0.146938522837,0.162447019173,
    0.198332255272,0.246580872717,0.269379345263,0.307309830615,
    0.34717252823,0.372371298418,0.430315518358,0.474238057227,
    0.519572777791,0.560980895573,0.600561362845,0.624120224833,
    0.674943388679,0.714687947193,0.731860906269,0.758150292012,
    0.802239693174,0.84901933168,0.879643916522,0.900062863344,
    0.948415453771,1.),.UNSPECIFIED.);
#9497 = CARTESIAN_POINT('',(25.54640495114,22.300407266404,
    62.678828893286));
#9498 = CARTESIAN_POINT('',(25.451390929817,21.818912934787,
    62.611023854776));
#9499 = CARTESIAN_POINT('',(25.31669045873,21.349441204936,
    62.514897298903));
#9500 = CARTESIAN_POINT('',(25.142925742814,20.898092247809,
    62.39089325097));
#9501 = CARTESIAN_POINT('',(24.9313122734,20.471216673299,
    62.239879124391));
#9502 = CARTESIAN_POINT('',(24.683841139259,20.075398755091,
    62.063275823668));
#9503 = CARTESIAN_POINT('',(24.283693412333,19.563258023862,
    61.777717632821));
#9504 = CARTESIAN_POINT('',(24.157539519825,19.416362296146,
    61.687690188234));
#9505 = CARTESIAN_POINT('',(24.025658573343,19.276870102315,
    61.59357573512));
#9506 = CARTESIAN_POINT('',(23.888353943681,19.145272374349,
    61.495590768562));
#9507 = CARTESIAN_POINT('',(23.745973698645,19.022036452542,
    61.393983680857));
#9508 = CARTESIAN_POINT('',(23.50932926457,18.837880977373,
    61.225106658894));
#9509 = CARTESIAN_POINT('',(23.418005818857,18.771428567579,
    61.159935332945));
#9510 = CARTESIAN_POINT('',(23.325035414417,18.708338214767,
    61.093588684675));
#9511 = CARTESIAN_POINT('',(23.230513320813,18.648701830459,
    61.026134701488));
#9512 = CARTESIAN_POINT('',(23.134540549409,18.592604849121,
    60.957645468316));
#9513 = CARTESIAN_POINT('',(22.970807137572,18.504310564772,
    60.840800079178));
#9514 = CARTESIAN_POINT('',(22.903764350228,18.470180042309,
    60.792956206091));
#9515 = CARTESIAN_POINT('',(22.836129397673,18.437759616848,
    60.744689745007));
#9516 = CARTESIAN_POINT('',(22.767937208372,18.407072416561,
    60.696025621993));
#9517 = CARTESIAN_POINT('',(22.699223732925,18.378139741715,
    60.646989492546));
#9518 = CARTESIAN_POINT('',(22.469909634138,18.288138918361,
    60.483343631834));
#9519 = CARTESIAN_POINT('',(22.307196818723,18.234792945199,
    60.367226572881));
#9520 = CARTESIAN_POINT('',(22.142351427094,18.191187361832,
    60.249587639469));
#9521 = CARTESIAN_POINT('',(21.975852964108,18.157502746019,
    60.130769021569));
#9522 = CARTESIAN_POINT('',(21.808196510203,18.13385603663,
    60.011124024386));
#9523 = CARTESIAN_POINT('',(21.413602757494,18.102074049674,
    59.729529326827));
#9524 = CARTESIAN_POINT('',(21.186123047269,18.102088285092,
    59.567192544347));
#9525 = CARTESIAN_POINT('',(20.958707010833,18.120468041988,
    59.404901201514));
#9526 = CARTESIAN_POINT('',(20.732574860242,18.157114476289,
    59.243526080603));
#9527 = CARTESIAN_POINT('',(20.508912271737,18.211722389093,
    59.083913318027));
#9528 = CARTESIAN_POINT('',(20.184894227508,18.317854252983,
    58.85268369885));
#9529 = CARTESIAN_POINT('',(20.081724537077,18.35581185561,
    58.779058514531));
#9530 = CARTESIAN_POINT('',(19.979478911564,18.397618321399,
    58.706092772435));
#9531 = CARTESIAN_POINT('',(19.878271972414,18.443213908283,
    58.633868270082));
#9532 = CARTESIAN_POINT('',(19.778214037637,18.492531136613,
    58.562463733927));
#9533 = CARTESIAN_POINT('',(19.515029749281,18.633612057078,
    58.374647024785));
#9534 = CARTESIAN_POINT('',(19.354120172357,18.731824649179,
    58.259816814379));
#9535 = CARTESIAN_POINT('',(19.197172967694,18.839786729382,
    58.147814279299));
#9536 = CARTESIAN_POINT('',(19.044635570491,18.957105351731,
    58.038958723587));
#9537 = CARTESIAN_POINT('',(18.896916161367,19.083349284932,
    57.93354143796));
#9538 = CARTESIAN_POINT('',(18.604598447473,19.359628413451,
    57.724934186401));
#9539 = CARTESIAN_POINT('',(18.460540182444,19.510550055219,
    57.622129610066));
#9540 = CARTESIAN_POINT('',(18.322643754174,19.670288434492,
    57.52372231713));
#9541 = CARTESIAN_POINT('',(18.191289340384,19.838281078017,
    57.429983614552));
#9542 = CARTESIAN_POINT('',(18.066812171812,20.013944971212,
    57.341152733687));
#9543 = CARTESIAN_POINT('',(17.87535607819,20.312200652395,
    57.204523553906));
#9544 = CARTESIAN_POINT('',(17.804070134705,20.430544830962,
    57.153651629153));
#9545 = CARTESIAN_POINT('',(17.735724774195,20.551566116017,
    57.104878198276));
#9546 = CARTESIAN_POINT('',(17.670388165921,20.675112581112,
    57.058251909034));
#9547 = CARTESIAN_POINT('',(17.608122447286,20.801030955422,
    57.013817104665));
#9548 = CARTESIAN_POINT('',(17.412995088216,21.223812776133,
    56.874567992671));
#9549 = CARTESIAN_POINT('',(17.293542890015,21.53018237212,
    56.789323091062));
#9550 = CARTESIAN_POINT('',(17.191309397625,21.846400952495,
    56.716366007549));
#9551 = CARTESIAN_POINT('',(17.106828325806,22.17056757819,
    56.656077618022));
#9552 = CARTESIAN_POINT('',(17.040500141247,22.500761565086,
    56.608743708293));
#9553 = CARTESIAN_POINT('',(16.95630403619,23.08844423206,
    56.548658680143));
#9554 = CARTESIAN_POINT('',(16.930592889751,23.344188875123,
    56.530310385331));
#9555 = CARTESIAN_POINT('',(16.915597447389,23.601439756847,56.519609159
    ));
#9556 = CARTESIAN_POINT('',(16.911399957348,23.859342094027,
    56.516613696121));
#9557 = CARTESIAN_POINT('',(16.918041397525,24.117029711418,
    56.52135323983));
#9558 = CARTESIAN_POINT('',(16.95356325296,24.638469925005,
    56.546702769743));
#9559 = CARTESIAN_POINT('',(16.983150951823,24.902149970219,
    56.567817496106));
#9560 = CARTESIAN_POINT('',(17.02428130733,25.163699105137,
    56.597169430696));
#9561 = CARTESIAN_POINT('',(17.076901159131,25.422133818177,
    56.634720636593));
#9562 = CARTESIAN_POINT('',(17.140897831345,25.6764558166,56.68039070469
    ));
#9563 = CARTESIAN_POINT('',(17.284768531857,26.153269679308,
    56.783061428998));
#9564 = CARTESIAN_POINT('',(17.362787641366,26.376611656738,
    56.838738355953));
#9565 = CARTESIAN_POINT('',(17.450006795455,26.594909219074,
    56.900980728389));
#9566 = CARTESIAN_POINT('',(17.546238512072,26.807385779326,
    56.96965475313));
#9567 = CARTESIAN_POINT('',(17.651238445711,27.013265814286,
    57.044586057424));
#9568 = CARTESIAN_POINT('',(17.873145730004,27.401534629688,
    57.202946178885));
#9569 = CARTESIAN_POINT('',(17.989325027556,27.584562627099,
    57.285855434118));
#9570 = CARTESIAN_POINT('',(18.112960769163,27.760192959945,
    57.374085845842));
#9571 = CARTESIAN_POINT('',(18.243730232822,27.927770197158,
    57.467407109335));
#9572 = CARTESIAN_POINT('',(18.381253400239,28.086664602509,
    57.565548031411));
#9573 = CARTESIAN_POINT('',(18.610696083632,28.325334930226,
    57.729285654203));
#9574 = CARTESIAN_POINT('',(18.698542597595,28.411102974581,
    57.791975730671));
#9575 = CARTESIAN_POINT('',(18.788531646518,28.49345984206,
    57.856194788477));
#9576 = CARTESIAN_POINT('',(18.880562983881,28.572286941227,
    57.921871288505));
#9577 = CARTESIAN_POINT('',(18.97452931075,28.647472491071,
    57.988928658809));
#9578 = CARTESIAN_POINT('',(19.27695603387,28.873026039355,
    58.204750022037));
#9579 = CARTESIAN_POINT('',(19.492084907147,29.00971831703,
    58.358272853027));
#9580 = CARTESIAN_POINT('',(19.714526848013,29.127913908812,
    58.517014522485));
#9581 = CARTESIAN_POINT('',(19.943003038305,29.226772210719,
    58.680062424949));
#9582 = CARTESIAN_POINT('',(20.176139663067,29.305666129843,
    58.846436162215));
#9583 = CARTESIAN_POINT('',(20.59724968633,29.410056596889,
    59.146953716854));
#9584 = CARTESIAN_POINT('',(20.784006549278,29.443447687365,
    59.280229375624));
#9585 = CARTESIAN_POINT('',(20.972017922031,29.464251706541,
    59.414400292636));
#9586 = CARTESIAN_POINT('',(21.160582795884,29.472408145892,
    59.548966205701));
#9587 = CARTESIAN_POINT('',(21.349003179141,29.467959156137,
    59.683429005664));
#9588 = CARTESIAN_POINT('',(21.617635788226,29.443736921306,
    59.875133810392));
#9589 = CARTESIAN_POINT('',(21.698531206453,29.434101492922,
    59.93286336306));
#9590 = CARTESIAN_POINT('',(21.779215921647,29.422150238554,
    59.990442551318));
#9591 = CARTESIAN_POINT('',(21.859635706107,29.407897720694,
    60.047832676548));
#9592 = CARTESIAN_POINT('',(21.939737313506,29.39136167074,
    60.10499574047));
#9593 = CARTESIAN_POINT('',(22.141525612972,29.34378499597,
    60.248998312151));
#9594 = CARTESIAN_POINT('',(22.262715144081,29.309703686502,
    60.33548302998));
#9595 = CARTESIAN_POINT('',(22.382849214725,29.270394914029,
    60.42121453753));
#9596 = CARTESIAN_POINT('',(22.501747931637,29.225948729713,
    60.506064457223));
#9597 = CARTESIAN_POINT('',(22.619239365775,29.176469382447,
    60.589910095009));
#9598 = CARTESIAN_POINT('',(22.929567142745,29.030851940205,
    60.811369902469));
#9599 = CARTESIAN_POINT('',(23.119559829398,28.925801293558,
    60.946954748324));
#9600 = CARTESIAN_POINT('',(23.304359534607,28.807480294091,
    61.078833716858));
#9601 = CARTESIAN_POINT('',(23.483273269034,28.676532325577,
    61.20651226876));
#9602 = CARTESIAN_POINT('',(23.655684639657,28.533666488938,
    61.329550526292));
#9603 = CARTESIAN_POINT('',(23.996496081545,28.216208869874,
    61.572764450092));
#9604 = CARTESIAN_POINT('',(24.164013846604,28.04020924591,
    61.692310474487));
#9605 = CARTESIAN_POINT('',(24.322947894528,27.852537748168,
    61.805730884338));
#9606 = CARTESIAN_POINT('',(24.472748432848,27.654136278365,
    61.91263333019));
#9607 = CARTESIAN_POINT('',(24.612953053815,27.445970841621,
    62.012687823112));
#9608 = CARTESIAN_POINT('',(24.828422610944,27.086981334089,
    62.166453776974));
#9609 = CARTESIAN_POINT('',(24.909392969056,26.941180413898,
    62.224236809136));
#9610 = CARTESIAN_POINT('',(24.985976642067,26.791883873635,
    62.278889362785));
#9611 = CARTESIAN_POINT('',(25.058078633003,26.639364489865,
    62.330343645048));
#9612 = CARTESIAN_POINT('',(25.125616533387,26.483894698927,
    62.378540846605));
#9613 = CARTESIAN_POINT('',(25.230461736869,26.220301182412,
    62.45336173052));
#9614 = CARTESIAN_POINT('',(25.270342680764,26.113664950373,
    62.481822045102));
#9615 = CARTESIAN_POINT('',(25.30814249799,26.005918393728,
    62.508797201264));
#9616 = CARTESIAN_POINT('',(25.343842383986,25.897141699836,
    62.534273779468));
#9617 = CARTESIAN_POINT('',(25.377425586556,25.7874147505,
    62.558239824815));
#9618 = CARTESIAN_POINT('',(25.483356068801,25.414919201763,
    62.633835198298));
#9619 = CARTESIAN_POINT('',(25.545882181616,25.148140271948,
    62.678455828267));
#9620 = CARTESIAN_POINT('',(25.596260478103,24.877533904932,
    62.71440738874));
#9621 = CARTESIAN_POINT('',(25.634352821187,24.604146545286,
    62.741591300691));
#9622 = CARTESIAN_POINT('',(25.660071895312,24.329016185644,
    62.759945252951));
#9623 = CARTESIAN_POINT('',(25.687567103438,23.758888392656,
    62.779566711131));
#9624 = CARTESIAN_POINT('',(25.687627666934,23.463797397184,
    62.779609931175));
#9625 = CARTESIAN_POINT('',(25.673506060529,23.16914513458,
    62.769532302076));
#9626 = CARTESIAN_POINT('',(25.64520740282,22.876185386306,
    62.749337476627));
#9627 = CARTESIAN_POINT('',(25.602797010839,22.586181168973,
    62.71907206715));
#9628 = CARTESIAN_POINT('',(25.54640495114,22.300407266404,
    62.678828893286));
#9629 = FACE_BOUND('',#9630,.F.);
#9630 = EDGE_LOOP('',(#9631,#9641,#9649,#9657,#9769));
#9631 = ORIENTED_EDGE('',*,*,#9632,.F.);
#9632 = EDGE_CURVE('',#9633,#9635,#9637,.T.);
#9633 = VERTEX_POINT('',#9634);
#9634 = CARTESIAN_POINT('',(8.633201150836,27.311791539959,
    50.609026783628));
#9635 = VERTEX_POINT('',#9636);
#9636 = CARTESIAN_POINT('',(8.633201150836,21.311791539959,
    50.609026783628));
#9637 = LINE('',#9638,#9639);
#9638 = CARTESIAN_POINT('',(8.633201150836,40.,50.609026783628));
#9639 = VECTOR('',#9640,1.);
#9640 = DIRECTION('',(-0.,-1.,0.));
#9641 = ORIENTED_EDGE('',*,*,#9642,.F.);
#9642 = EDGE_CURVE('',#9643,#9633,#9645,.T.);
#9643 = VERTEX_POINT('',#9644);
#9644 = CARTESIAN_POINT('',(13.449760680504,27.311791539959,
    54.046277410942));
#9645 = LINE('',#9646,#9647);
#9646 = CARTESIAN_POINT('',(9.661981196559,27.311791539959,
    51.343197063419));
#9647 = VECTOR('',#9648,1.);
#9648 = DIRECTION('',(-0.81398510091,0.,-0.580885750813));
#9649 = ORIENTED_EDGE('',*,*,#9650,.F.);
#9650 = EDGE_CURVE('',#9651,#9643,#9653,.T.);
#9651 = VERTEX_POINT('',#9652);
#9652 = CARTESIAN_POINT('',(13.998632318334,27.102829395923,
    54.437969731949));
#9653 = LINE('',#9654,#9655);
#9654 = CARTESIAN_POINT('',(31.615400480719,20.395910341526,
    67.009857828508));
#9655 = VECTOR('',#9656,1.);
#9656 = DIRECTION('',(-0.777507119945,0.296006467794,-0.554853899201));
#9657 = ORIENTED_EDGE('',*,*,#9658,.F.);
#9658 = EDGE_CURVE('',#9659,#9651,#9661,.T.);
#9659 = VERTEX_POINT('',#9660);
#9660 = CARTESIAN_POINT('',(14.040037372446,21.311791539961,
    54.467517700233));
#9661 = B_SPLINE_CURVE_WITH_KNOTS('',6,(#9662,#9663,#9664,#9665,#9666,
    #9667,#9668,#9669,#9670,#9671,#9672,#9673,#9674,#9675,#9676,#9677,
    #9678,#9679,#9680,#9681,#9682,#9683,#9684,#9685,#9686,#9687,#9688,
    #9689,#9690,#9691,#9692,#9693,#9694,#9695,#9696,#9697,#9698,#9699,
    #9700,#9701,#9702,#9703,#9704,#9705,#9706,#9707,#9708,#9709,#9710,
    #9711,#9712,#9713,#9714,#9715,#9716,#9717,#9718,#9719,#9720,#9721,
    #9722,#9723,#9724,#9725,#9726,#9727,#9728,#9729,#9730,#9731,#9732,
    #9733,#9734,#9735,#9736,#9737,#9738,#9739,#9740,#9741,#9742,#9743,
    #9744,#9745,#9746,#9747,#9748,#9749,#9750,#9751,#9752,#9753,#9754,
    #9755,#9756,#9757,#9758,#9759,#9760,#9761,#9762,#9763,#9764,#9765,
    #9766,#9767,#9768),.UNSPECIFIED.,.F.,.F.,(7,5,5,5,5,5,5,5,5,5,5,5,5,
    5,5,5,5,5,5,5,5,7),(0.,3.505995850021E-02,5.724828501605E-02,
    0.10760949969,0.170075578449,0.198680440711,0.246865048098,
    0.297316253159,0.329735756243,0.403329846694,0.456540481919,
    0.511984614498,0.563613201572,0.612948932913,0.642194943655,
    0.705887900955,0.752265573137,0.772588926314,0.803411817967,
    0.854518482105,0.907992214086,1.),.UNSPECIFIED.);
#9662 = CARTESIAN_POINT('',(24.976440378441,17.502890804138,
    62.272083980659));
#9663 = CARTESIAN_POINT('',(24.823583836779,17.329777201589,
    62.163000673274));
#9664 = CARTESIAN_POINT('',(24.66546266718,17.163605411915,
    62.050160359343));
#9665 = CARTESIAN_POINT('',(24.502304232592,17.004722436224,
    61.933725292323));
#9666 = CARTESIAN_POINT('',(24.334357409118,16.853459498681,
    61.813873078147));
#9667 = CARTESIAN_POINT('',(24.16189431391,16.710128964485,61.6907979083
    ));
#9668 = CARTESIAN_POINT('',(23.873395467823,16.489515911073,
    61.484915922708));
#9669 = CARTESIAN_POINT('',(23.759888644781,16.407303604452,
    61.403913830592));
#9670 = CARTESIAN_POINT('',(23.644766631431,16.328457960737,
    61.321759087114));
#9671 = CARTESIAN_POINT('',(23.528107776347,16.253048141676,
    61.238507604318));
#9672 = CARTESIAN_POINT('',(23.409993709189,16.181138848021,
    61.154217635735));
#9673 = CARTESIAN_POINT('',(23.019313677194,15.957658524715,
    60.875415894205));
#9674 = CARTESIAN_POINT('',(22.741049480909,15.82086531667,
    60.676837681407));
#9675 = CARTESIAN_POINT('',(22.456725625937,15.703121784813,
    60.473935102742));
#9676 = CARTESIAN_POINT('',(22.167404447542,15.604990360972,
    60.267466274565));
#9677 = CARTESIAN_POINT('',(21.87420181383,15.526876459686,
    60.058227515976));
#9678 = CARTESIAN_POINT('',(21.211246293915,15.397257378334,
    59.585121295099));
#9679 = CARTESIAN_POINT('',(20.83999583763,15.356652768333,
    59.320185118998));
#9680 = CARTESIAN_POINT('',(20.466786238532,15.347674963633,
    59.053850836048));
#9681 = CARTESIAN_POINT('',(20.093833931626,15.37034226778,
    58.787700165019));
#9682 = CARTESIAN_POINT('',(19.72331732987,15.424315408923,
    58.523287690935));
#9683 = CARTESIAN_POINT('',(19.189798602377,15.547579673501,
    58.142551696816));
#9684 = CARTESIAN_POINT('',(19.023176419968,15.592709278649,
    58.023644788787));
#9685 = CARTESIAN_POINT('',(18.857707790001,15.644182862032,
    57.905561092603));
#9686 = CARTESIAN_POINT('',(18.693586930758,15.701917865465,
    57.788439208629));
#9687 = CARTESIAN_POINT('',(18.531001728125,15.76581819822,
    57.67241321823));
#9688 = CARTESIAN_POINT('',(18.099153194215,15.953614492087,
    57.364232319616));
#9689 = CARTESIAN_POINT('',(17.833041845025,16.088640277799,
    57.174326766428));
#9690 = CARTESIAN_POINT('',(17.57266997566,16.240329205482,
    56.988517089252));
#9691 = CARTESIAN_POINT('',(17.318837707338,16.408069745124,
    56.807374280127));
#9692 = CARTESIAN_POINT('',(17.072280573071,16.591176728054,
    56.631423238889));
#9693 = CARTESIAN_POINT('',(16.583845648063,16.995938170399,
    56.282860485321));
#9694 = CARTESIAN_POINT('',(16.342729237,17.219004240914,56.110792117833
    ));
#9695 = CARTESIAN_POINT('',(16.111097307769,17.457254600206,
    55.945492179328));
#9696 = CARTESIAN_POINT('',(15.889636426571,17.709782707808,
    55.787450625365));
#9697 = CARTESIAN_POINT('',(15.678957293346,17.97563950823,
    55.637103270915));
#9698 = CARTESIAN_POINT('',(15.351500913936,18.432620693322,55.403419946
    ));
#9699 = CARTESIAN_POINT('',(15.228073964987,18.61649516289,
    55.315338535381));
#9700 = CARTESIAN_POINT('',(15.109466463482,18.805211720783,
    55.230696436297));
#9701 = CARTESIAN_POINT('',(14.995809974228,18.998507517136,
    55.149587537595));
#9702 = CARTESIAN_POINT('',(14.887224948471,19.196116366085,
    55.072097797127));
#9703 = CARTESIAN_POINT('',(14.549090203781,19.855533674299,
    54.830794049889));
#9704 = CARTESIAN_POINT('',(14.341063233849,20.334134243331,
    54.682339363823));
#9705 = CARTESIAN_POINT('',(14.161023571194,20.830436223336,
    54.553857313598));
#9706 = CARTESIAN_POINT('',(14.009987126425,21.341235642984,
    54.446072885454));
#9707 = CARTESIAN_POINT('',(13.888743056136,21.863281745591,
    54.359549246725));
#9708 = CARTESIAN_POINT('',(13.732150252332,22.776484500813,
    54.247799623412));
#9709 = CARTESIAN_POINT('',(13.682312239219,23.163844974022,
    54.2122336264));
#9710 = CARTESIAN_POINT('',(13.648561647635,23.554116052551,
    54.18814812691));
#9711 = CARTESIAN_POINT('',(13.631055467136,23.946033667337,
    54.1756551577));
#9712 = CARTESIAN_POINT('',(13.629889292762,24.338315178147,
    54.174822938442));
#9713 = CARTESIAN_POINT('',(13.660936655127,25.137429677566,
    54.196979327273));
#9714 = CARTESIAN_POINT('',(13.694553397417,25.544181878013,
    54.220969307634));
#9715 = CARTESIAN_POINT('',(13.74597757477,25.948439691143,
    54.257667242078));
#9716 = CARTESIAN_POINT('',(13.815165539137,26.348700524334,
    54.307041981965));
#9717 = CARTESIAN_POINT('',(13.901982996745,26.743438807016,
    54.368997690969));
#9718 = CARTESIAN_POINT('',(14.103228575335,27.492101589124,
    54.512612959708));
#9719 = CARTESIAN_POINT('',(14.215346176864,27.846967962487,
    54.592623659008));
#9720 = CARTESIAN_POINT('',(14.342349101833,28.194455789209,
    54.683257000262));
#9721 = CARTESIAN_POINT('',(14.483964355575,28.533304338468,
    54.784318165761));
#9722 = CARTESIAN_POINT('',(14.639826751119,28.862254320796,
    54.895546546425));
#9723 = CARTESIAN_POINT('',(14.971568578495,29.483746267986,
    55.132288103802));
#9724 = CARTESIAN_POINT('',(15.146254884794,29.77726230571,
    55.25694982805));
#9725 = CARTESIAN_POINT('',(15.333107911161,30.059510695819,
    55.390294112106));
#9726 = CARTESIAN_POINT('',(15.531631337933,30.329424114873,
    55.531966766415));
#9727 = CARTESIAN_POINT('',(15.74123658077,30.585975898068,
    55.681547758406));
#9728 = CARTESIAN_POINT('',(16.09164325641,30.97177890619,
    55.931609147296));
#9729 = CARTESIAN_POINT('',(16.225707142136,31.110328479041,
    56.027281415535));
#9730 = CARTESIAN_POINT('',(16.36327905363,31.243640110992,
    56.125457122939));
#9731 = CARTESIAN_POINT('',(16.504204482182,31.371521184894,
    56.226026007163));
#9732 = CARTESIAN_POINT('',(16.648317693204,31.493789574525,
    56.328869794713));
#9733 = CARTESIAN_POINT('',(17.115851425208,31.863960101123,
    56.662516789777));
#9734 = CARTESIAN_POINT('',(17.450567558014,32.090238648904,
    56.90138090645));
#9735 = CARTESIAN_POINT('',(17.797711862879,32.287302579199,
    57.149114163419));
#9736 = CARTESIAN_POINT('',(18.155233535048,32.453724754037,
    57.404253040946));
#9737 = CARTESIAN_POINT('',(18.520923966716,32.588420020531,
    57.665221406002));
#9738 = CARTESIAN_POINT('',(19.162866118357,32.765253277527,
    58.123331816521));
#9739 = CARTESIAN_POINT('',(19.436425552874,32.822603903027,
    58.318552561144));
#9740 = CARTESIAN_POINT('',(19.712151768474,32.862549253208,
    58.515319589912));
#9741 = CARTESIAN_POINT('',(19.989129115899,32.88497036601,
    58.712979466287));
#9742 = CARTESIAN_POINT('',(20.266441225584,32.889872879901,
    58.910878239698));
#9743 = CARTESIAN_POINT('',(20.664439608897,32.871908958791,
    59.194902590333));
#9744 = CARTESIAN_POINT('',(20.785596727212,32.863095443974,
    59.281364177357));
#9745 = CARTESIAN_POINT('',(20.906567407208,32.850952548001,
    59.367692716046));
#9746 = CARTESIAN_POINT('',(21.027276555378,32.835495088084,
    59.453834617275));
#9747 = CARTESIAN_POINT('',(21.147650114572,32.816742050748,
    59.539737031499));
#9748 = CARTESIAN_POINT('',(21.449556823621,32.761312245235,
    59.755187296087));
#9749 = CARTESIAN_POINT('',(21.630559450875,32.720380604327,
    59.884356548588));
#9750 = CARTESIAN_POINT('',(21.810367683594,32.672002219199,
    60.012673443023));
#9751 = CARTESIAN_POINT('',(21.988735215768,32.616278067558,
    60.139962207561));
#9752 = CARTESIAN_POINT('',(22.165424416023,32.55332780241,
    60.26605326087));
#9753 = CARTESIAN_POINT('',(22.630007086397,32.367156758345,
    60.597594284155));
#9754 = CARTESIAN_POINT('',(22.9145683649,32.231532703175,60.80066629583
    ));
#9755 = CARTESIAN_POINT('',(23.192842387482,32.07704069987,
    60.999251520988));
#9756 = CARTESIAN_POINT('',(23.463873256036,31.904420053739,
    61.192667800227));
#9757 = CARTESIAN_POINT('',(23.726789250049,31.714502728978,
    61.380293045962));
#9758 = CARTESIAN_POINT('',(24.246566173117,31.292324852274,
    61.751222449797));
#9759 = CARTESIAN_POINT('',(24.502588294287,31.058506040639,
    61.933928007816));
#9760 = CARTESIAN_POINT('',(24.747958411673,30.807765467257,
    62.109031955917));
#9761 = CARTESIAN_POINT('',(24.981883181263,30.541200582518,
    62.27596813849));
#9762 = CARTESIAN_POINT('',(25.203667087102,30.259957051808,
    62.434240213147));
#9763 = CARTESIAN_POINT('',(25.772366169618,29.45806296129,
    62.840082031585));
#9764 = CARTESIAN_POINT('',(26.094277626411,28.910946775254,
    63.069808322724));
#9765 = CARTESIAN_POINT('',(26.375365656445,28.329812677176,
    63.270401713424));
#9766 = CARTESIAN_POINT('',(26.613332875451,27.720814305215,
    63.440222716937));
#9767 = CARTESIAN_POINT('',(26.806473715604,27.090162670038,
    63.57805418562));
#9768 = CARTESIAN_POINT('',(26.953617456069,26.444087724679,
    63.683060655717));
#9769 = ORIENTED_EDGE('',*,*,#9770,.T.);
#9770 = EDGE_CURVE('',#9659,#9635,#9771,.T.);
#9771 = LINE('',#9772,#9773);
#9772 = CARTESIAN_POINT('',(9.661981196559,21.311791539959,
    51.343197063419));
#9773 = VECTOR('',#9774,1.);
#9774 = DIRECTION('',(-0.81398510091,0.,-0.580885750813));
#9775 = FACE_BOUND('',#9776,.F.);
#9776 = EDGE_LOOP('',(#9777,#9787,#9795,#9907,#9915));
#9777 = ORIENTED_EDGE('',*,*,#9778,.F.);
#9778 = EDGE_CURVE('',#9779,#9781,#9783,.T.);
#9779 = VERTEX_POINT('',#9780);
#9780 = CARTESIAN_POINT('',(8.633201150836,18.311791539959,
    50.609026783628));
#9781 = VERTEX_POINT('',#9782);
#9782 = CARTESIAN_POINT('',(8.633201150836,12.311791539959,
    50.609026783628));
#9783 = LINE('',#9784,#9785);
#9784 = CARTESIAN_POINT('',(8.633201150836,40.,50.609026783628));
#9785 = VECTOR('',#9786,1.);
#9786 = DIRECTION('',(-0.,-1.,0.));
#9787 = ORIENTED_EDGE('',*,*,#9788,.F.);
#9788 = EDGE_CURVE('',#9789,#9779,#9791,.T.);
#9789 = VERTEX_POINT('',#9790);
#9790 = CARTESIAN_POINT('',(15.438444529393,18.31179153996,
    55.465465685272));
#9791 = LINE('',#9792,#9793);
#9792 = CARTESIAN_POINT('',(9.661981196559,18.311791539959,
    51.343197063419));
#9793 = VECTOR('',#9794,1.);
#9794 = DIRECTION('',(-0.81398510091,0.,-0.580885750813));
#9795 = ORIENTED_EDGE('',*,*,#9796,.F.);
#9796 = EDGE_CURVE('',#9797,#9789,#9799,.T.);
#9797 = VERTEX_POINT('',#9798);
#9798 = CARTESIAN_POINT('',(20.211430051903,15.382175885641,
    58.871620510175));
#9799 = B_SPLINE_CURVE_WITH_KNOTS('',6,(#9800,#9801,#9802,#9803,#9804,
    #9805,#9806,#9807,#9808,#9809,#9810,#9811,#9812,#9813,#9814,#9815,
    #9816,#9817,#9818,#9819,#9820,#9821,#9822,#9823,#9824,#9825,#9826,
    #9827,#9828,#9829,#9830,#9831,#9832,#9833,#9834,#9835,#9836,#9837,
    #9838,#9839,#9840,#9841,#9842,#9843,#9844,#9845,#9846,#9847,#9848,
    #9849,#9850,#9851,#9852,#9853,#9854,#9855,#9856,#9857,#9858,#9859,
    #9860,#9861,#9862,#9863,#9864,#9865,#9866,#9867,#9868,#9869,#9870,
    #9871,#9872,#9873,#9874,#9875,#9876,#9877,#9878,#9879,#9880,#9881,
    #9882,#9883,#9884,#9885,#9886,#9887,#9888,#9889,#9890,#9891,#9892,
    #9893,#9894,#9895,#9896,#9897,#9898,#9899,#9900,#9901,#9902,#9903,
    #9904,#9905,#9906),.UNSPECIFIED.,.F.,.F.,(7,5,5,5,5,5,5,5,5,5,5,5,5,
    5,5,5,5,5,5,5,5,7),(0.,3.505995850021E-02,5.724828501605E-02,
    0.10760949969,0.170075578449,0.198680440711,0.246865048098,
    0.297316253159,0.329735756243,0.403329846694,0.456540481919,
    0.511984614498,0.563613201572,0.612948932913,0.642194943655,
    0.705887900955,0.752265573137,0.772588926314,0.803411817967,
    0.854518482105,0.907992214086,1.),.UNSPECIFIED.);
#9800 = CARTESIAN_POINT('',(24.976440378441,17.502890804138,
    62.272083980659));
#9801 = CARTESIAN_POINT('',(24.823583836779,17.329777201589,
    62.163000673274));
#9802 = CARTESIAN_POINT('',(24.66546266718,17.163605411915,
    62.050160359343));
#9803 = CARTESIAN_POINT('',(24.502304232592,17.004722436224,
    61.933725292323));
#9804 = CARTESIAN_POINT('',(24.334357409118,16.853459498681,
    61.813873078147));
#9805 = CARTESIAN_POINT('',(24.16189431391,16.710128964485,61.6907979083
    ));
#9806 = CARTESIAN_POINT('',(23.873395467823,16.489515911073,
    61.484915922708));
#9807 = CARTESIAN_POINT('',(23.759888644781,16.407303604452,
    61.403913830592));
#9808 = CARTESIAN_POINT('',(23.644766631431,16.328457960737,
    61.321759087114));
#9809 = CARTESIAN_POINT('',(23.528107776347,16.253048141676,
    61.238507604318));
#9810 = CARTESIAN_POINT('',(23.409993709189,16.181138848021,
    61.154217635735));
#9811 = CARTESIAN_POINT('',(23.019313677194,15.957658524715,
    60.875415894205));
#9812 = CARTESIAN_POINT('',(22.741049480909,15.82086531667,
    60.676837681407));
#9813 = CARTESIAN_POINT('',(22.456725625937,15.703121784813,
    60.473935102742));
#9814 = CARTESIAN_POINT('',(22.167404447542,15.604990360972,
    60.267466274565));
#9815 = CARTESIAN_POINT('',(21.87420181383,15.526876459686,
    60.058227515976));
#9816 = CARTESIAN_POINT('',(21.211246293915,15.397257378334,
    59.585121295099));
#9817 = CARTESIAN_POINT('',(20.83999583763,15.356652768333,
    59.320185118998));
#9818 = CARTESIAN_POINT('',(20.466786238532,15.347674963633,
    59.053850836048));
#9819 = CARTESIAN_POINT('',(20.093833931626,15.37034226778,
    58.787700165019));
#9820 = CARTESIAN_POINT('',(19.72331732987,15.424315408923,
    58.523287690935));
#9821 = CARTESIAN_POINT('',(19.189798602377,15.547579673501,
    58.142551696816));
#9822 = CARTESIAN_POINT('',(19.023176419968,15.592709278649,
    58.023644788787));
#9823 = CARTESIAN_POINT('',(18.857707790001,15.644182862032,
    57.905561092603));
#9824 = CARTESIAN_POINT('',(18.693586930758,15.701917865465,
    57.788439208629));
#9825 = CARTESIAN_POINT('',(18.531001728125,15.76581819822,
    57.67241321823));
#9826 = CARTESIAN_POINT('',(18.099153194215,15.953614492087,
    57.364232319616));
#9827 = CARTESIAN_POINT('',(17.833041845025,16.088640277799,
    57.174326766428));
#9828 = CARTESIAN_POINT('',(17.57266997566,16.240329205482,
    56.988517089252));
#9829 = CARTESIAN_POINT('',(17.318837707338,16.408069745124,
    56.807374280127));
#9830 = CARTESIAN_POINT('',(17.072280573071,16.591176728054,
    56.631423238889));
#9831 = CARTESIAN_POINT('',(16.583845648063,16.995938170399,
    56.282860485321));
#9832 = CARTESIAN_POINT('',(16.342729237,17.219004240914,56.110792117833
    ));
#9833 = CARTESIAN_POINT('',(16.111097307769,17.457254600206,
    55.945492179328));
#9834 = CARTESIAN_POINT('',(15.889636426571,17.709782707808,
    55.787450625365));
#9835 = CARTESIAN_POINT('',(15.678957293346,17.97563950823,
    55.637103270915));
#9836 = CARTESIAN_POINT('',(15.351500913936,18.432620693322,55.403419946
    ));
#9837 = CARTESIAN_POINT('',(15.228073964987,18.61649516289,
    55.315338535381));
#9838 = CARTESIAN_POINT('',(15.109466463482,18.805211720783,
    55.230696436297));
#9839 = CARTESIAN_POINT('',(14.995809974228,18.998507517136,
    55.149587537595));
#9840 = CARTESIAN_POINT('',(14.887224948471,19.196116366085,
    55.072097797127));
#9841 = CARTESIAN_POINT('',(14.549090203781,19.855533674299,
    54.830794049889));
#9842 = CARTESIAN_POINT('',(14.341063233849,20.334134243331,
    54.682339363823));
#9843 = CARTESIAN_POINT('',(14.161023571194,20.830436223336,
    54.553857313598));
#9844 = CARTESIAN_POINT('',(14.009987126425,21.341235642984,
    54.446072885454));
#9845 = CARTESIAN_POINT('',(13.888743056136,21.863281745591,
    54.359549246725));
#9846 = CARTESIAN_POINT('',(13.732150252332,22.776484500813,
    54.247799623412));
#9847 = CARTESIAN_POINT('',(13.682312239219,23.163844974022,
    54.2122336264));
#9848 = CARTESIAN_POINT('',(13.648561647635,23.554116052551,
    54.18814812691));
#9849 = CARTESIAN_POINT('',(13.631055467136,23.946033667337,
    54.1756551577));
#9850 = CARTESIAN_POINT('',(13.629889292762,24.338315178147,
    54.174822938442));
#9851 = CARTESIAN_POINT('',(13.660936655127,25.137429677566,
    54.196979327273));
#9852 = CARTESIAN_POINT('',(13.694553397417,25.544181878013,
    54.220969307634));
#9853 = CARTESIAN_POINT('',(13.74597757477,25.948439691143,
    54.257667242078));
#9854 = CARTESIAN_POINT('',(13.815165539137,26.348700524334,
    54.307041981965));
#9855 = CARTESIAN_POINT('',(13.901982996745,26.743438807016,
    54.368997690969));
#9856 = CARTESIAN_POINT('',(14.103228575335,27.492101589124,
    54.512612959708));
#9857 = CARTESIAN_POINT('',(14.215346176864,27.846967962487,
    54.592623659008));
#9858 = CARTESIAN_POINT('',(14.342349101833,28.194455789209,
    54.683257000262));
#9859 = CARTESIAN_POINT('',(14.483964355575,28.533304338468,
    54.784318165761));
#9860 = CARTESIAN_POINT('',(14.639826751119,28.862254320796,
    54.895546546425));
#9861 = CARTESIAN_POINT('',(14.971568578495,29.483746267986,
    55.132288103802));
#9862 = CARTESIAN_POINT('',(15.146254884794,29.77726230571,
    55.25694982805));
#9863 = CARTESIAN_POINT('',(15.333107911161,30.059510695819,
    55.390294112106));
#9864 = CARTESIAN_POINT('',(15.531631337933,30.329424114873,
    55.531966766415));
#9865 = CARTESIAN_POINT('',(15.74123658077,30.585975898068,
    55.681547758406));
#9866 = CARTESIAN_POINT('',(16.09164325641,30.97177890619,
    55.931609147296));
#9867 = CARTESIAN_POINT('',(16.225707142136,31.110328479041,
    56.027281415535));
#9868 = CARTESIAN_POINT('',(16.36327905363,31.243640110992,
    56.125457122939));
#9869 = CARTESIAN_POINT('',(16.504204482182,31.371521184894,
    56.226026007163));
#9870 = CARTESIAN_POINT('',(16.648317693204,31.493789574525,
    56.328869794713));
#9871 = CARTESIAN_POINT('',(17.115851425208,31.863960101123,
    56.662516789777));
#9872 = CARTESIAN_POINT('',(17.450567558014,32.090238648904,
    56.90138090645));
#9873 = CARTESIAN_POINT('',(17.797711862879,32.287302579199,
    57.149114163419));
#9874 = CARTESIAN_POINT('',(18.155233535048,32.453724754037,
    57.404253040946));
#9875 = CARTESIAN_POINT('',(18.520923966716,32.588420020531,
    57.665221406002));
#9876 = CARTESIAN_POINT('',(19.162866118357,32.765253277527,
    58.123331816521));
#9877 = CARTESIAN_POINT('',(19.436425552874,32.822603903027,
    58.318552561144));
#9878 = CARTESIAN_POINT('',(19.712151768474,32.862549253208,
    58.515319589912));
#9879 = CARTESIAN_POINT('',(19.989129115899,32.88497036601,
    58.712979466287));
#9880 = CARTESIAN_POINT('',(20.266441225584,32.889872879901,
    58.910878239698));
#9881 = CARTESIAN_POINT('',(20.664439608897,32.871908958791,
    59.194902590333));
#9882 = CARTESIAN_POINT('',(20.785596727212,32.863095443974,
    59.281364177357));
#9883 = CARTESIAN_POINT('',(20.906567407208,32.850952548001,
    59.367692716046));
#9884 = CARTESIAN_POINT('',(21.027276555378,32.835495088084,
    59.453834617275));
#9885 = CARTESIAN_POINT('',(21.147650114572,32.816742050748,
    59.539737031499));
#9886 = CARTESIAN_POINT('',(21.449556823621,32.761312245235,
    59.755187296087));
#9887 = CARTESIAN_POINT('',(21.630559450875,32.720380604327,
    59.884356548588));
#9888 = CARTESIAN_POINT('',(21.810367683594,32.672002219199,
    60.012673443023));
#9889 = CARTESIAN_POINT('',(21.988735215768,32.616278067558,
    60.139962207561));
#9890 = CARTESIAN_POINT('',(22.165424416023,32.55332780241,
    60.26605326087));
#9891 = CARTESIAN_POINT('',(22.630007086397,32.367156758345,
    60.597594284155));
#9892 = CARTESIAN_POINT('',(22.9145683649,32.231532703175,60.80066629583
    ));
#9893 = CARTESIAN_POINT('',(23.192842387482,32.07704069987,
    60.999251520988));
#9894 = CARTESIAN_POINT('',(23.463873256036,31.904420053739,
    61.192667800227));
#9895 = CARTESIAN_POINT('',(23.726789250049,31.714502728978,
    61.380293045962));
#9896 = CARTESIAN_POINT('',(24.246566173117,31.292324852274,
    61.751222449797));
#9897 = CARTESIAN_POINT('',(24.502588294287,31.058506040639,
    61.933928007816));
#9898 = CARTESIAN_POINT('',(24.747958411673,30.807765467257,
    62.109031955917));
#9899 = CARTESIAN_POINT('',(24.981883181263,30.541200582518,
    62.27596813849));
#9900 = CARTESIAN_POINT('',(25.203667087102,30.259957051808,
    62.434240213147));
#9901 = CARTESIAN_POINT('',(25.772366169618,29.45806296129,
    62.840082031585));
#9902 = CARTESIAN_POINT('',(26.094277626411,28.910946775254,
    63.069808322724));
#9903 = CARTESIAN_POINT('',(26.375365656445,28.329812677176,
    63.270401713424));
#9904 = CARTESIAN_POINT('',(26.613332875451,27.720814305215,
    63.440222716937));
#9905 = CARTESIAN_POINT('',(26.806473715604,27.090162670038,
    63.57805418562));
#9906 = CARTESIAN_POINT('',(26.953617456069,26.444087724679,
    63.683060655717));
#9907 = ORIENTED_EDGE('',*,*,#9908,.F.);
#9908 = EDGE_CURVE('',#9909,#9797,#9911,.T.);
#9909 = VERTEX_POINT('',#9910);
#9910 = CARTESIAN_POINT('',(18.79343771966,12.311791539959,
    57.859695918876));
#9911 = LINE('',#9912,#9913);
#9912 = CARTESIAN_POINT('',(-3.542456320609,-36.05220722693,
    41.920088959046));
#9913 = VECTOR('',#9914,1.);
#9914 = DIRECTION('',(0.401680562345,0.869760493441,0.28665207113));
#9915 = ORIENTED_EDGE('',*,*,#9916,.T.);
#9916 = EDGE_CURVE('',#9909,#9781,#9917,.T.);
#9917 = LINE('',#9918,#9919);
#9918 = CARTESIAN_POINT('',(9.661981196559,12.311791539959,
    51.343197063419));
#9919 = VECTOR('',#9920,1.);
#9920 = DIRECTION('',(-0.81398510091,0.,-0.580885750813));
#9921 = FACE_BOUND('',#9922,.F.);
#9922 = EDGE_LOOP('',(#9923,#9933,#9941,#9949));
#9923 = ORIENTED_EDGE('',*,*,#9924,.F.);
#9924 = EDGE_CURVE('',#9925,#9927,#9929,.T.);
#9925 = VERTEX_POINT('',#9926);
#9926 = CARTESIAN_POINT('',(8.633201150836,9.311791539959,
    50.609026783628));
#9927 = VERTEX_POINT('',#9928);
#9928 = CARTESIAN_POINT('',(8.633201150836,3.311791539959,
    50.609026783628));
#9929 = LINE('',#9930,#9931);
#9930 = CARTESIAN_POINT('',(8.633201150836,40.,50.609026783628));
#9931 = VECTOR('',#9932,1.);
#9932 = DIRECTION('',(-0.,-1.,0.));
#9933 = ORIENTED_EDGE('',*,*,#9934,.F.);
#9934 = EDGE_CURVE('',#9935,#9925,#9937,.T.);
#9935 = VERTEX_POINT('',#9936);
#9936 = CARTESIAN_POINT('',(17.407950914821,9.311791539959,
    56.870968309524));
#9937 = LINE('',#9938,#9939);
#9938 = CARTESIAN_POINT('',(9.661981196559,9.311791539959,
    51.343197063419));
#9939 = VECTOR('',#9940,1.);
#9940 = DIRECTION('',(-0.81398510091,0.,-0.580885750813));
#9941 = ORIENTED_EDGE('',*,*,#9942,.F.);
#9942 = EDGE_CURVE('',#9943,#9935,#9945,.T.);
#9943 = VERTEX_POINT('',#9944);
#9944 = CARTESIAN_POINT('',(14.636977305141,3.311791539959,
    54.89351309082));
#9945 = LINE('',#9946,#9947);
#9946 = CARTESIAN_POINT('',(-3.542456320609,-36.05220722693,
    41.920088959046));
#9947 = VECTOR('',#9948,1.);
#9948 = DIRECTION('',(0.401680562345,0.869760493441,0.28665207113));
#9949 = ORIENTED_EDGE('',*,*,#9950,.T.);
#9950 = EDGE_CURVE('',#9943,#9927,#9951,.T.);
#9951 = LINE('',#9952,#9953);
#9952 = CARTESIAN_POINT('',(9.661981196559,3.311791539959,
    51.343197063419));
#9953 = VECTOR('',#9954,1.);
#9954 = DIRECTION('',(-0.81398510091,0.,-0.580885750813));
#9955 = FACE_BOUND('',#9956,.F.);
#9956 = EDGE_LOOP('',(#9957,#9967,#9975,#9983));
#9957 = ORIENTED_EDGE('',*,*,#9958,.F.);
#9958 = EDGE_CURVE('',#9959,#9961,#9963,.T.);
#9959 = VERTEX_POINT('',#9960);
#9960 = CARTESIAN_POINT('',(8.633201150836,0.311791539959,
    50.609026783628));
#9961 = VERTEX_POINT('',#9962);
#9962 = CARTESIAN_POINT('',(8.633201150836,-5.688208460041,
    50.609026783628));
#9963 = LINE('',#9964,#9965);
#9964 = CARTESIAN_POINT('',(8.633201150836,40.,50.609026783628));
#9965 = VECTOR('',#9966,1.);
#9966 = DIRECTION('',(-0.,-1.,0.));
#9967 = ORIENTED_EDGE('',*,*,#9968,.F.);
#9968 = EDGE_CURVE('',#9969,#9959,#9971,.T.);
#9969 = VERTEX_POINT('',#9970);
#9970 = CARTESIAN_POINT('',(13.251490500302,0.311791539959,
    53.904785481468));
#9971 = LINE('',#9972,#9973);
#9972 = CARTESIAN_POINT('',(9.661981196559,0.311791539959,
    51.343197063419));
#9973 = VECTOR('',#9974,1.);
#9974 = DIRECTION('',(-0.81398510091,0.,-0.580885750813));
#9975 = ORIENTED_EDGE('',*,*,#9976,.F.);
#9976 = EDGE_CURVE('',#9977,#9969,#9979,.T.);
#9977 = VERTEX_POINT('',#9978);
#9978 = CARTESIAN_POINT('',(10.480516890622,-5.688208460041,
    51.927330262764));
#9979 = LINE('',#9980,#9981);
#9980 = CARTESIAN_POINT('',(-3.542456320609,-36.05220722693,
    41.920088959046));
#9981 = VECTOR('',#9982,1.);
#9982 = DIRECTION('',(0.401680562345,0.869760493441,0.28665207113));
#9983 = ORIENTED_EDGE('',*,*,#9984,.T.);
#9984 = EDGE_CURVE('',#9977,#9961,#9985,.T.);
#9985 = LINE('',#9986,#9987);
#9986 = CARTESIAN_POINT('',(9.661981196559,-5.688208460041,
    51.343197063419));
#9987 = VECTOR('',#9988,1.);
#9988 = DIRECTION('',(-0.81398510091,0.,-0.580885750813));
#9989 = PLANE('',#9990);
#9990 = AXIS2_PLACEMENT_3D('',#9991,#9992,#9993);
#9991 = CARTESIAN_POINT('',(11.504746343192,4.565667130445,
    52.658253094024));
#9992 = DIRECTION('',(-0.580885750813,0.,0.81398510091));
#9993 = DIRECTION('',(-0.81398510091,0.,-0.580885750813));
#9994 = ADVANCED_FACE('',(#9995),#10137,.F.);
#9995 = FACE_BOUND('',#9996,.F.);
#9996 = EDGE_LOOP('',(#9997,#9998,#10005,#10019,#10026,#10033,#10040,
    #10041,#10048,#10073,#10074,#10075,#10135,#10136));
#9997 = ORIENTED_EDGE('',*,*,#4887,.F.);
#9998 = ORIENTED_EDGE('',*,*,#9999,.T.);
#9999 = EDGE_CURVE('',#4831,#10000,#10002,.T.);
#10000 = VERTEX_POINT('',#10001);
#10001 = CARTESIAN_POINT('',(60.535606194033,-18.33954491456,
    12.691648926105));
#10002 = B_SPLINE_CURVE_WITH_KNOTS('',1,(#10003,#10004),.UNSPECIFIED.,
  .F.,.F.,(2,2),(0.,1.),.PIECEWISE_BEZIER_KNOTS.);
#10003 = CARTESIAN_POINT('',(47.81860713751,-15.23371637333,
    9.016343137214));
#10004 = CARTESIAN_POINT('',(60.747556178308,-18.39130872358,
    12.752904022587));
#10005 = ORIENTED_EDGE('',*,*,#10006,.T.);
#10006 = EDGE_CURVE('',#10000,#10007,#10009,.T.);
#10007 = VERTEX_POINT('',#10008);
#10008 = CARTESIAN_POINT('',(60.531437210256,-18.36128516413,
    12.687579716626));
#10009 = B_SPLINE_CURVE_WITH_KNOTS('',8,(#10010,#10011,#10012,#10013,
    #10014,#10015,#10016,#10017,#10018),.UNSPECIFIED.,.F.,.F.,(9,9),(0.,
    1.),.PIECEWISE_BEZIER_KNOTS.);
#10010 = CARTESIAN_POINT('',(60.535606194033,-18.33954491456,
    12.691648926105));
#10011 = CARTESIAN_POINT('',(60.456441773395,-18.75736814555,
    12.612484505467));
#10012 = CARTESIAN_POINT('',(60.33505091292,-19.17576508762,
    12.575329124093));
#10013 = CARTESIAN_POINT('',(60.17316035084,-19.58456994055,
    12.582308245468));
#10014 = CARTESIAN_POINT('',(59.974115398408,-19.97462295261,
    12.633547530683));
#10015 = CARTESIAN_POINT('',(59.742080590063,-20.337393551,
    12.728114998224));
#10016 = CARTESIAN_POINT('',(59.482198071057,-20.665159835,
    12.863794619674));
#10017 = CARTESIAN_POINT('',(59.200391211941,-20.95089381476,
    13.037326192563));
#10018 = CARTESIAN_POINT('',(58.903944154765,-21.18902610211,
    13.243536024209));
#10019 = ORIENTED_EDGE('',*,*,#10020,.F.);
#10020 = EDGE_CURVE('',#10021,#10007,#10023,.T.);
#10021 = VERTEX_POINT('',#10022);
#10022 = CARTESIAN_POINT('',(60.561312853779,-18.34582316284,
    12.69907833889));
#10023 = B_SPLINE_CURVE_WITH_KNOTS('',1,(#10024,#10025),.UNSPECIFIED.,
  .F.,.F.,(2,2),(0.,1.),.PIECEWISE_BEZIER_KNOTS.);
#10024 = CARTESIAN_POINT('',(60.56131285378,-18.34582316284,
    12.699078338891));
#10025 = CARTESIAN_POINT('',(60.531437210256,-18.36128516413,
    12.687579716626));
#10026 = ORIENTED_EDGE('',*,*,#10027,.T.);
#10027 = EDGE_CURVE('',#10021,#10028,#10030,.T.);
#10028 = VERTEX_POINT('',#10029);
#10029 = CARTESIAN_POINT('',(60.747556178308,-18.39130872358,
    12.752904022587));
#10030 = B_SPLINE_CURVE_WITH_KNOTS('',1,(#10031,#10032),.UNSPECIFIED.,
  .F.,.F.,(2,2),(0.,1.),.PIECEWISE_BEZIER_KNOTS.);
#10031 = CARTESIAN_POINT('',(47.81860713751,-15.23371637333,
    9.016343137214));
#10032 = CARTESIAN_POINT('',(60.747556178308,-18.39130872358,
    12.752904022587));
#10033 = ORIENTED_EDGE('',*,*,#10034,.F.);
#10034 = EDGE_CURVE('',#10028,#10028,#10035,.T.);
#10035 = CIRCLE('',#10036,3.5);
#10036 = AXIS2_PLACEMENT_3D('',#10037,#10038,#10039);
#10037 = CARTESIAN_POINT('',(58.272682444155,-18.39130872358,
    15.22777775674));
#10038 = DIRECTION('',(0.683012701892,-0.258819045103,0.683012701892));
#10039 = DIRECTION('',(0.707106781187,0.,-0.707106781187));
#10040 = ORIENTED_EDGE('',*,*,#10027,.F.);
#10041 = ORIENTED_EDGE('',*,*,#10042,.F.);
#10042 = EDGE_CURVE('',#10043,#10021,#10045,.T.);
#10043 = VERTEX_POINT('',#10044);
#10044 = CARTESIAN_POINT('',(60.539675403512,-18.31780466498,
    12.695817909882));
#10045 = B_SPLINE_CURVE_WITH_KNOTS('',1,(#10046,#10047),.UNSPECIFIED.,
  .F.,.F.,(2,2),(0.,1.),.PIECEWISE_BEZIER_KNOTS.);
#10046 = CARTESIAN_POINT('',(60.539675403512,-18.31780466498,
    12.695817909882));
#10047 = CARTESIAN_POINT('',(60.561312853779,-18.34582316284,
    12.699078338891));
#10048 = ORIENTED_EDGE('',*,*,#10049,.T.);
#10049 = EDGE_CURVE('',#10043,#10000,#10050,.T.);
#10050 = B_SPLINE_CURVE_WITH_KNOTS('',6,(#10051,#10052,#10053,#10054,
    #10055,#10056,#10057,#10058,#10059,#10060,#10061,#10062,#10063,
    #10064,#10065,#10066,#10067,#10068,#10069,#10070,#10071,#10072),
  .UNSPECIFIED.,.F.,.F.,(7,5,5,5,7),(0.,0.10088610021,0.289834339774,
    0.804536327992,1.),.UNSPECIFIED.);
#10051 = CARTESIAN_POINT('',(59.983719095929,-15.490063727,
    14.323310965373));
#10052 = CARTESIAN_POINT('',(60.011470780376,-15.52211153017,
    14.283415170298));
#10053 = CARTESIAN_POINT('',(60.038595653117,-15.55505839363,
    14.243805499372));
#10054 = CARTESIAN_POINT('',(60.065080552242,-15.58888911677,
    14.204500874591));
#10055 = CARTESIAN_POINT('',(60.090912838964,-15.6235878247,
    14.165519950329));
#10056 = CARTESIAN_POINT('',(60.116080397617,-15.6591379683,
    14.126881113332));
#10057 = CARTESIAN_POINT('',(60.186440950687,-15.76366610196,
    14.016910942951));
#10058 = CARTESIAN_POINT('',(60.22993804305,-15.8347362399,
    13.946482718581));
#10059 = CARTESIAN_POINT('',(60.27098650983,-15.90861919106,
    13.877437239714));
#10060 = CARTESIAN_POINT('',(60.309516909438,-15.98519396673,
    13.809889795092));
#10061 = CARTESIAN_POINT('',(60.345466761604,-16.0643321364,
    13.743951532095));
#10062 = CARTESIAN_POINT('',(60.46952853116,-16.36808578594,
    13.504786149822));
#10063 = CARTESIAN_POINT('',(60.540729102225,-16.60831912647,
    13.342552185636));
#10064 = CARTESIAN_POINT('',(60.591226770505,-16.86380119507,
    13.195242811143));
#10065 = CARTESIAN_POINT('',(60.620350094978,-17.13144208703,
    13.064700347765));
#10066 = CARTESIAN_POINT('',(60.627797915457,-17.40794128572,
    12.952476644819));
#10067 = CARTESIAN_POINT('',(60.60842632884,-17.79675332828,
    12.824512813951));
#10068 = CARTESIAN_POINT('',(60.599995345786,-17.90453861243,
    12.792099923616));
#10069 = CARTESIAN_POINT('',(60.588474685724,-18.0129029796,
    12.762557274085));
#10070 = CARTESIAN_POINT('',(60.573882963341,-18.12165443644,
    12.735939004128));
#10071 = CARTESIAN_POINT('',(60.556247874058,-18.23059984337,
    12.712290606131));
#10072 = CARTESIAN_POINT('',(60.535606194033,-18.33954491456,
    12.691648926105));
#10073 = ORIENTED_EDGE('',*,*,#9999,.F.);
#10074 = ORIENTED_EDGE('',*,*,#4830,.F.);
#10075 = ORIENTED_EDGE('',*,*,#10076,.F.);
#10076 = EDGE_CURVE('',#9315,#4823,#10077,.T.);
#10077 = B_SPLINE_CURVE_WITH_KNOTS('',6,(#10078,#10079,#10080,#10081,
    #10082,#10083,#10084,#10085,#10086,#10087,#10088,#10089,#10090,
    #10091,#10092,#10093,#10094,#10095,#10096,#10097,#10098,#10099,
    #10100,#10101,#10102,#10103,#10104,#10105,#10106,#10107,#10108,
    #10109,#10110,#10111,#10112,#10113,#10114,#10115,#10116,#10117,
    #10118,#10119,#10120,#10121,#10122,#10123,#10124,#10125,#10126,
    #10127,#10128,#10129,#10130,#10131,#10132,#10133,#10134),
  .UNSPECIFIED.,.F.,.F.,(7,5,5,5,5,5,5,5,5,5,5,7),(0.,0.162065643045,
    0.252501420972,0.333222774297,0.379507400959,0.408584090089,
    0.475611470337,0.569364114313,0.614162188669,0.694141583945,
    0.785012673165,1.),.UNSPECIFIED.);
#10078 = CARTESIAN_POINT('',(56.097776331696,-17.39190170592,
    17.781396547983));
#10079 = CARTESIAN_POINT('',(56.134670220325,-17.03812303815,
    17.789843710093));
#10080 = CARTESIAN_POINT('',(56.159531767025,-16.68248043134,
    17.774567335325));
#10081 = CARTESIAN_POINT('',(56.171892480538,-16.32724917237,
    17.735063633113));
#10082 = CARTESIAN_POINT('',(56.171190214569,-15.97510951831,
    17.670719180811));
#10083 = CARTESIAN_POINT('',(56.156876343087,-15.62914649246,
    17.581019229807));
#10084 = CARTESIAN_POINT('',(56.112578710181,-15.10519806324,
    17.401200342579));
#10085 = CARTESIAN_POINT('',(56.092319176178,-14.92057996648,
    17.328798501006));
#10086 = CARTESIAN_POINT('',(56.067582251055,-14.73962919238,
    17.248348761716));
#10087 = CARTESIAN_POINT('',(56.038294837702,-14.56304735961,
    17.159834510885));
#10088 = CARTESIAN_POINT('',(56.004407038856,-14.39159675574,
    17.063295084331));
#10089 = CARTESIAN_POINT('',(55.931538732301,-14.0783573033,
    16.865621230076));
#10090 = CARTESIAN_POINT('',(55.893496544968,-13.93536188529,
    16.766095050963));
#10091 = CARTESIAN_POINT('',(55.851771033171,-13.79768414205,
    16.660359755044));
#10092 = CARTESIAN_POINT('',(55.806379680587,-13.66594145948,
    16.548559747489));
#10093 = CARTESIAN_POINT('',(55.757376370207,-13.54076575398,
    16.430912790361));
#10094 = CARTESIAN_POINT('',(55.674752349268,-13.35513362428,
    16.237096639599));
#10095 = CARTESIAN_POINT('',(55.643487695776,-13.28984868233,
    16.164643916293));
#10096 = CARTESIAN_POINT('',(55.611088417181,-13.22704670974,
    16.090429620276));
#10097 = CARTESIAN_POINT('',(55.577578756744,-13.16684382846,
    16.014521647165));
#10098 = CARTESIAN_POINT('',(55.542988450744,-13.10935224102,
    15.936997869699));
#10099 = CARTESIAN_POINT('',(55.484966998345,-13.02033151617,
    15.808286393591));
#10100 = CARTESIAN_POINT('',(55.46216820426,-12.98709651321,
    15.758022861489));
#10101 = CARTESIAN_POINT('',(55.438965919162,-12.95499987292,
    15.707178559509));
#10102 = CARTESIAN_POINT('',(55.415369878505,-12.92406675853,
    15.655776913187));
#10103 = CARTESIAN_POINT('',(55.391390692245,-12.8943210357,
    15.603842815978));
#10104 = CARTESIAN_POINT('',(55.310906441867,-12.8000048309,
    15.430517877886));
#10105 = CARTESIAN_POINT('',(55.252795899729,-12.74065140067,
    15.306939137209));
#10106 = CARTESIAN_POINT('',(55.192852925362,-12.6880048389,
    15.180997760859));
#10107 = CARTESIAN_POINT('',(55.131240419395,-12.64229231071,
    15.053051046136));
#10108 = CARTESIAN_POINT('',(55.068140358019,-12.60368246366,
    14.923482906404));
#10109 = CARTESIAN_POINT('',(54.913697029615,-12.52835574162,
    14.609782023593));
#10110 = CARTESIAN_POINT('',(54.821109971616,-12.49852460183,
    14.424462919229));
#10111 = CARTESIAN_POINT('',(54.72655593025,-12.48308302044,
    14.237893649264));
#10112 = CARTESIAN_POINT('',(54.630605003541,-12.48202848082,
    14.051182001156));
#10113 = CARTESIAN_POINT('',(54.533824492299,-12.49513709703,
    13.8653907334));
#10114 = CARTESIAN_POINT('',(54.390404999705,-12.53478903333,
    13.593683191874));
#10115 = CARTESIAN_POINT('',(54.343968602774,-12.55074391521,
    13.506267015051));
#10116 = CARTESIAN_POINT('',(54.297526923926,-12.56978630644,
    13.419392763738));
#10117 = CARTESIAN_POINT('',(54.251136033393,-12.59186039149,
    13.333159452754));
#10118 = CARTESIAN_POINT('',(54.204849273707,-12.61690290405,
    13.247659461869));
#10119 = CARTESIAN_POINT('',(54.076356355541,-12.6947306542,
    13.011795964752));
#10120 = CARTESIAN_POINT('',(53.994488380004,-12.7538586765,
    12.863224257604));
#10121 = CARTESIAN_POINT('',(53.913400171105,-12.82183610278,
    12.717751065215));
#10122 = CARTESIAN_POINT('',(53.833343597196,-12.89822020759,
    12.575786824742));
#10123 = CARTESIAN_POINT('',(53.754538304812,-12.98254397363,
    12.437674991474));
#10124 = CARTESIAN_POINT('',(53.589275112596,-13.17864044203,
    12.151484272058));
#10125 = CARTESIAN_POINT('',(53.50323732109,-13.29258630747,
    12.004610716904));
#10126 = CARTESIAN_POINT('',(53.419334036908,-13.41550056656,
    11.863490494968));
#10127 = CARTESIAN_POINT('',(53.337793478716,-13.54670464148,
    11.728445888192));
#10128 = CARTESIAN_POINT('',(53.25880545395,-13.68554265291,
    11.599728568882));
#10129 = CARTESIAN_POINT('',(53.002065939132,-14.17649007024,
    11.188446522099));
#10130 = CARTESIAN_POINT('',(52.836898880747,-14.56064819885,
    10.936077034325));
#10131 = CARTESIAN_POINT('',(52.688847947809,-14.97612189962,
    10.722581014473));
#10132 = CARTESIAN_POINT('',(52.559394627917,-15.41584070904,
    10.549573854116));
#10133 = CARTESIAN_POINT('',(52.449631372989,-15.87330305365,
    10.41801642654));
#10134 = CARTESIAN_POINT('',(52.360638338948,-16.3430008891,
    10.329023392499));
#10135 = ORIENTED_EDGE('',*,*,#9314,.F.);
#10136 = ORIENTED_EDGE('',*,*,#5304,.F.);
#10137 = B_SPLINE_SURFACE_WITH_KNOTS('',14,1,(
    (#10138,#10139)
    ,(#10140,#10141)
    ,(#10142,#10143)
    ,(#10144,#10145)
    ,(#10146,#10147)
    ,(#10148,#10149)
    ,(#10150,#10151)
    ,(#10152,#10153)
    ,(#10154,#10155)
    ,(#10156,#10157)
    ,(#10158,#10159)
    ,(#10160,#10161)
    ,(#10162,#10163)
    ,(#10164,#10165)
    ,(#10166,#10167
    )),.UNSPECIFIED.,.T.,.F.,.F.,(15,15),(2,2),(0.,6.28318530718),(0.,1.
    ),.PIECEWISE_BEZIER_KNOTS.);
#10138 = CARTESIAN_POINT('',(47.81860713751,-15.23371637333,
    9.016343137214));
#10139 = CARTESIAN_POINT('',(60.747556178308,-18.39130872358,
    12.752904022587));
#10140 = CARTESIAN_POINT('',(48.55783031437,-11.33215789931,
    9.755566314071));
#10141 = CARTESIAN_POINT('',(61.035031858196,-16.87403598368,
    13.040379702477));
#10142 = CARTESIAN_POINT('',(47.916619222415,-7.430597985182,
    11.875224305464));
#10143 = CARTESIAN_POINT('',(60.785668990768,-15.35676268373,
    13.864694141911));
#10144 = CARTESIAN_POINT('',(45.707896143821,-4.516407959239,
    15.188242923029));
#10145 = CARTESIAN_POINT('',(59.926745113599,-14.22346656258,
    15.153066284223));
#10146 = CARTESIAN_POINT('',(42.157477002921,-3.576847809503,
    19.094696527253));
#10147 = CARTESIAN_POINT('',(58.545931156982,-13.85808205979,
    16.672338087728));
#10148 = CARTESIAN_POINT('',(37.971022962103,-5.245278558375,
    22.648919788168));
#10149 = CARTESIAN_POINT('',(56.918110197972,-14.50691624011,
    18.054291521127));
#10150 = CARTESIAN_POINT('',(34.220744850868,-9.44495457195,
    24.807783665589));
#10151 = CARTESIAN_POINT('',(55.459225773054,-16.14012357841,
    18.894292633061));
#10152 = CARTESIAN_POINT('',(32.01161870726,-15.23371637282,
    24.823331567778));
#10153 = CARTESIAN_POINT('',(54.600712335237,-18.39130872358,
    18.899747865654));
#10154 = CARTESIAN_POINT('',(32.027166608886,-21.02247817561,
    22.614205423545));
#10155 = CARTESIAN_POINT('',(54.606167567808,-20.64249386873,
    18.041234427869));
#10156 = CARTESIAN_POINT('',(34.186030486713,-25.2221541876,
    18.86392731287));
#10157 = CARTESIAN_POINT('',(55.44616867981,-22.27570120703,
    16.582350002885));
#10158 = CARTESIAN_POINT('',(37.740253747398,-26.89058493756,
    14.677473271645));
#10159 = CARTESIAN_POINT('',(56.828122113128,-22.92453538738,
    14.954529043942));
#10160 = CARTESIAN_POINT('',(41.646707351722,-25.95102478722,
    11.127054130982));
#10161 = CARTESIAN_POINT('',(58.347393916696,-22.55915088456,
    13.573715087279));
#10162 = CARTESIAN_POINT('',(44.959725969254,-23.03683476154,
    8.918331052282));
#10163 = CARTESIAN_POINT('',(59.635766058973,-21.42585476343,
    12.714791210134));
#10164 = CARTESIAN_POINT('',(47.079383960654,-19.13527484732,
    8.27711996036));
#10165 = CARTESIAN_POINT('',(60.46008049842,-19.90858146347,
    12.465428342697));
#10166 = CARTESIAN_POINT('',(47.81860713751,-15.23371637333,
    9.016343137214));
#10167 = CARTESIAN_POINT('',(60.747556178308,-18.39130872358,
    12.752904022587));
#10168 = ADVANCED_FACE('',(#10169),#10174,.F.);
#10169 = FACE_BOUND('',#10170,.F.);
#10170 = EDGE_LOOP('',(#10171,#10172,#10173));
#10171 = ORIENTED_EDGE('',*,*,#4822,.F.);
#10172 = ORIENTED_EDGE('',*,*,#9328,.T.);
#10173 = ORIENTED_EDGE('',*,*,#10076,.T.);
#10174 = PLANE('',#10175);
#10175 = AXIS2_PLACEMENT_3D('',#10176,#10177,#10178);
#10176 = CARTESIAN_POINT('',(58.412467520704,-8.592286823273,
    20.707233307099));
#10177 = DIRECTION('',(0.886278639346,-8.153982379808E-02,
    -0.455918227947));
#10178 = DIRECTION('',(0.457441469433,0.,0.889239732605));
#10179 = ADVANCED_FACE('',(#10180),#10259,.F.);
#10180 = FACE_BOUND('',#10181,.F.);
#10181 = EDGE_LOOP('',(#10182,#10183,#10190,#10204,#10211,#10218,#10225,
    #10226,#10233,#10258));
#10182 = ORIENTED_EDGE('',*,*,#5146,.F.);
#10183 = ORIENTED_EDGE('',*,*,#10184,.T.);
#10184 = EDGE_CURVE('',#5147,#10185,#10187,.T.);
#10185 = VERTEX_POINT('',#10186);
#10186 = CARTESIAN_POINT('',(68.222139673506,22.229339789581,
    20.378182405578));
#10187 = B_SPLINE_CURVE_WITH_KNOTS('',1,(#10188,#10189),.UNSPECIFIED.,
  .F.,.F.,(2,2),(0.,1.),.PIECEWISE_BEZIER_KNOTS.);
#10188 = CARTESIAN_POINT('',(55.505140616984,25.335168330811,
    16.702876616687));
#10189 = CARTESIAN_POINT('',(68.434089657781,22.177575980561,
    20.43943750206));
#10190 = ORIENTED_EDGE('',*,*,#10191,.T.);
#10191 = EDGE_CURVE('',#10185,#10192,#10194,.T.);
#10192 = VERTEX_POINT('',#10193);
#10193 = CARTESIAN_POINT('',(68.217970689729,22.207599540009,
    20.374113196099));
#10194 = B_SPLINE_CURVE_WITH_KNOTS('',8,(#10195,#10196,#10197,#10198,
    #10199,#10200,#10201,#10202,#10203),.UNSPECIFIED.,.F.,.F.,(9,9),(0.,
    1.),.PIECEWISE_BEZIER_KNOTS.);
#10195 = CARTESIAN_POINT('',(68.222139673506,22.229339789581,
    20.378182405578));
#10196 = CARTESIAN_POINT('',(68.142975252868,21.811516558588,
    20.29901798494));
#10197 = CARTESIAN_POINT('',(68.02158439239,21.393119616514,
    20.261862603568));
#10198 = CARTESIAN_POINT('',(67.859693830325,20.984314763599,
    20.268841724935));
#10199 = CARTESIAN_POINT('',(67.660648877864,20.594261751507,
    20.320081010168));
#10200 = CARTESIAN_POINT('',(67.428614069553,20.231491153156,
    20.414648477686));
#10201 = CARTESIAN_POINT('',(67.168731550521,19.90372486913,
    20.550328099153));
#10202 = CARTESIAN_POINT('',(66.886924691416,19.617990889382,
    20.723859672035));
#10203 = CARTESIAN_POINT('',(66.590477634238,19.379858602028,
    20.930069503682));
#10204 = ORIENTED_EDGE('',*,*,#10205,.F.);
#10205 = EDGE_CURVE('',#10206,#10192,#10208,.T.);
#10206 = VERTEX_POINT('',#10207);
#10207 = CARTESIAN_POINT('',(68.247846333252,22.223061541294,
    20.385611818364));
#10208 = B_SPLINE_CURVE_WITH_KNOTS('',1,(#10209,#10210),.UNSPECIFIED.,
  .F.,.F.,(2,2),(0.,1.),.PIECEWISE_BEZIER_KNOTS.);
#10209 = CARTESIAN_POINT('',(68.247846333253,22.223061541294,
    20.385611818364));
#10210 = CARTESIAN_POINT('',(68.217970689729,22.207599540009,
    20.374113196099));
#10211 = ORIENTED_EDGE('',*,*,#10212,.T.);
#10212 = EDGE_CURVE('',#10206,#10213,#10215,.T.);
#10213 = VERTEX_POINT('',#10214);
#10214 = CARTESIAN_POINT('',(68.434089657781,22.177575980561,
    20.43943750206));
#10215 = B_SPLINE_CURVE_WITH_KNOTS('',1,(#10216,#10217),.UNSPECIFIED.,
  .F.,.F.,(2,2),(0.,1.),.PIECEWISE_BEZIER_KNOTS.);
#10216 = CARTESIAN_POINT('',(55.505140616984,25.335168330811,
    16.702876616687));
#10217 = CARTESIAN_POINT('',(68.434089657781,22.177575980561,
    20.43943750206));
#10218 = ORIENTED_EDGE('',*,*,#10219,.F.);
#10219 = EDGE_CURVE('',#10213,#10213,#10220,.T.);
#10220 = CIRCLE('',#10221,3.5);
#10221 = AXIS2_PLACEMENT_3D('',#10222,#10223,#10224);
#10222 = CARTESIAN_POINT('',(65.959215923628,22.177575980561,
    22.914311236213));
#10223 = DIRECTION('',(0.683012701892,-0.258819045103,0.683012701892));
#10224 = DIRECTION('',(0.707106781187,0.,-0.707106781187));
#10225 = ORIENTED_EDGE('',*,*,#10212,.F.);
#10226 = ORIENTED_EDGE('',*,*,#10227,.F.);
#10227 = EDGE_CURVE('',#10228,#10206,#10230,.T.);
#10228 = VERTEX_POINT('',#10229);
#10229 = CARTESIAN_POINT('',(68.226208882985,22.251080039153,
    20.382351389355));
#10230 = B_SPLINE_CURVE_WITH_KNOTS('',1,(#10231,#10232),.UNSPECIFIED.,
  .F.,.F.,(2,2),(0.,1.),.PIECEWISE_BEZIER_KNOTS.);
#10231 = CARTESIAN_POINT('',(68.226208882985,22.251080039153,
    20.382351389355));
#10232 = CARTESIAN_POINT('',(68.247846333253,22.223061541294,
    20.385611818364));
#10233 = ORIENTED_EDGE('',*,*,#10234,.T.);
#10234 = EDGE_CURVE('',#10228,#10185,#10235,.T.);
#10235 = B_SPLINE_CURVE_WITH_KNOTS('',6,(#10236,#10237,#10238,#10239,
    #10240,#10241,#10242,#10243,#10244,#10245,#10246,#10247,#10248,
    #10249,#10250,#10251,#10252,#10253,#10254,#10255,#10256,#10257),
  .UNSPECIFIED.,.F.,.F.,(7,5,5,5,7),(0.,0.10088610021,0.289834339774,
    0.804536327992,1.),.UNSPECIFIED.);
#10236 = CARTESIAN_POINT('',(67.670252575402,25.078820977134,
    22.009844444846));
#10237 = CARTESIAN_POINT('',(67.698004259849,25.04677317397,
    21.969948649771));
#10238 = CARTESIAN_POINT('',(67.72512913259,25.013826310506,
    21.930338978845));
#10239 = CARTESIAN_POINT('',(67.751614031715,24.97999558737,
    21.891034354064));
#10240 = CARTESIAN_POINT('',(67.777446318437,24.945296879439,
    21.852053429802));
#10241 = CARTESIAN_POINT('',(67.80261387709,24.909746735841,
    21.813414592805));
#10242 = CARTESIAN_POINT('',(67.87297443016,24.805218602178,
    21.703444422424));
#10243 = CARTESIAN_POINT('',(67.916471522523,24.734148464237,
    21.633016198054));
#10244 = CARTESIAN_POINT('',(67.957519989304,24.660265513073,
    21.563970719187));
#10245 = CARTESIAN_POINT('',(67.996050388911,24.583690737407,
    21.496423274565));
#10246 = CARTESIAN_POINT('',(68.032000241078,24.504552567734,
    21.430485011569));
#10247 = CARTESIAN_POINT('',(68.156062010634,24.200798918198,
    21.191319629296));
#10248 = CARTESIAN_POINT('',(68.227262581699,23.960565577663,
    21.029085665108));
#10249 = CARTESIAN_POINT('',(68.277760249979,23.705083509069,
    20.881776290617));
#10250 = CARTESIAN_POINT('',(68.306883574451,23.437442617105,
    20.751233827238));
#10251 = CARTESIAN_POINT('',(68.31433139493,23.160943418416,
    20.639010124292));
#10252 = CARTESIAN_POINT('',(68.294959808314,22.772131375854,
    20.511046293425));
#10253 = CARTESIAN_POINT('',(68.286528825259,22.664346091703,
    20.478633403089));
#10254 = CARTESIAN_POINT('',(68.275008165197,22.555981724537,
    20.449090753558));
#10255 = CARTESIAN_POINT('',(68.260416442815,22.447230267695,
    20.422472483601));
#10256 = CARTESIAN_POINT('',(68.242781353532,22.338284860764,
    20.398824085604));
#10257 = CARTESIAN_POINT('',(68.222139673506,22.229339789581,
    20.378182405578));
#10258 = ORIENTED_EDGE('',*,*,#10184,.F.);
#10259 = B_SPLINE_SURFACE_WITH_KNOTS('',14,1,(
    (#10260,#10261)
    ,(#10262,#10263)
    ,(#10264,#10265)
    ,(#10266,#10267)
    ,(#10268,#10269)
    ,(#10270,#10271)
    ,(#10272,#10273)
    ,(#10274,#10275)
    ,(#10276,#10277)
    ,(#10278,#10279)
    ,(#10280,#10281)
    ,(#10282,#10283)
    ,(#10284,#10285)
    ,(#10286,#10287)
    ,(#10288,#10289
    )),.UNSPECIFIED.,.T.,.F.,.F.,(15,15),(2,2),(0.,6.28318530718),(0.,1.
    ),.PIECEWISE_BEZIER_KNOTS.);
#10260 = CARTESIAN_POINT('',(55.505140616984,25.335168330811,
    16.702876616687));
#10261 = CARTESIAN_POINT('',(68.434089657781,22.177575980561,
    20.43943750206));
#10262 = CARTESIAN_POINT('',(56.244363793843,29.236726804821,
    17.442099793544));
#10263 = CARTESIAN_POINT('',(68.721565337668,23.694848720447,
    20.72691318195));
#10264 = CARTESIAN_POINT('',(55.603152701891,33.138286718976,
    19.561757784941));
#10265 = CARTESIAN_POINT('',(68.472202470245,25.212122020426,
    21.551227621388));
#10266 = CARTESIAN_POINT('',(53.394429623283,36.052476744842,
    22.87477640249));
#10267 = CARTESIAN_POINT('',(67.613278593064,26.345418141519,
    22.839599763689));
#10268 = CARTESIAN_POINT('',(49.844010482424,36.992036894795,
    26.781230006756));
#10269 = CARTESIAN_POINT('',(66.232464636468,26.710802644413,
    24.358871567214));
#10270 = CARTESIAN_POINT('',(45.657556441517,35.323606145455,
    30.335453267582));
#10271 = CARTESIAN_POINT('',(64.604643677433,26.061968463956,
    25.740825000587));
#10272 = CARTESIAN_POINT('',(41.907278330432,31.123930132672,
    32.494317145153));
#10273 = CARTESIAN_POINT('',(63.145759252534,24.428761125758,
    26.580826112541));
#10274 = CARTESIAN_POINT('',(39.698152186621,25.335168330722,
    32.509865047139));
#10275 = CARTESIAN_POINT('',(62.287245814712,22.177575980567,
    26.58628134513));
#10276 = CARTESIAN_POINT('',(39.713700088469,19.546406529103,
    30.300738903128));
#10277 = CARTESIAN_POINT('',(62.292701047273,19.926390835357,
    25.727767907334));
#10278 = CARTESIAN_POINT('',(41.872563966099,15.346730516073,
    26.550460792256));
#10279 = CARTESIAN_POINT('',(63.132702159293,18.293183497156,
    24.268883482368));
#10280 = CARTESIAN_POINT('',(45.426787226925,13.678299766868,
    22.364006751173));
#10281 = CARTESIAN_POINT('',(64.514655592594,17.644349316724,
    22.641062523408));
#10282 = CARTESIAN_POINT('',(49.333240831168,14.617859916771,
    18.813587610428));
#10283 = CARTESIAN_POINT('',(66.033927396172,18.009733819589,
    21.260248566756));
#10284 = CARTESIAN_POINT('',(52.646259448737,17.532049942647,
    16.604864531765));
#10285 = CARTESIAN_POINT('',(67.322299538445,19.143029940702,
    20.401324689606));
#10286 = CARTESIAN_POINT('',(54.765917440125,21.433609856802,
    15.963653439832));
#10287 = CARTESIAN_POINT('',(68.146613977893,20.660303240672,
    20.151961822171));
#10288 = CARTESIAN_POINT('',(55.505140616984,25.335168330811,
    16.702876616687));
#10289 = CARTESIAN_POINT('',(68.434089657781,22.177575980561,
    20.43943750206));
#10290 = ADVANCED_FACE('',(#10291),#10427,.F.);
#10291 = FACE_BOUND('',#10292,.F.);
#10292 = EDGE_LOOP('',(#10293,#10294,#10295,#10296,#10297));
#10293 = ORIENTED_EDGE('',*,*,#9358,.F.);
#10294 = ORIENTED_EDGE('',*,*,#5722,.F.);
#10295 = ORIENTED_EDGE('',*,*,#5389,.T.);
#10296 = ORIENTED_EDGE('',*,*,#9278,.T.);
#10297 = ORIENTED_EDGE('',*,*,#10298,.T.);
#10298 = EDGE_CURVE('',#9267,#9359,#10299,.T.);
#10299 = B_SPLINE_CURVE_WITH_KNOTS('',6,(#10300,#10301,#10302,#10303,
    #10304,#10305,#10306,#10307,#10308,#10309,#10310,#10311,#10312,
    #10313,#10314,#10315,#10316,#10317,#10318,#10319,#10320,#10321,
    #10322,#10323,#10324,#10325,#10326,#10327,#10328,#10329,#10330,
    #10331,#10332,#10333,#10334,#10335,#10336,#10337,#10338,#10339,
    #10340,#10341,#10342,#10343,#10344,#10345,#10346,#10347,#10348,
    #10349,#10350,#10351,#10352,#10353,#10354,#10355,#10356,#10357,
    #10358,#10359,#10360,#10361,#10362,#10363,#10364,#10365,#10366,
    #10367,#10368,#10369,#10370,#10371,#10372,#10373,#10374,#10375,
    #10376,#10377,#10378,#10379,#10380,#10381,#10382,#10383,#10384,
    #10385,#10386,#10387,#10388,#10389,#10390,#10391,#10392,#10393,
    #10394,#10395,#10396,#10397,#10398,#10399,#10400,#10401,#10402,
    #10403,#10404,#10405,#10406,#10407,#10408,#10409,#10410,#10411,
    #10412,#10413,#10414,#10415,#10416,#10417,#10418,#10419,#10420,
    #10421,#10422,#10423,#10424,#10425,#10426),.UNSPECIFIED.,.F.,.F.,(7,
    5,5,5,5,5,5,5,5,5,5,5,5,5,5,5,5,5,5,5,5,5,5,5,5,7),(0.,
    8.103559902329E-02,0.126255040747,0.166617102457,0.189760209533,
    0.204299052697,0.237813892059,0.284691821123,0.307091626171,
    0.347082694461,0.392519794611,0.424483069311,0.500752687288,
    0.553378970876,0.576144648761,0.607250440621,0.652910044015,
    0.692398492363,0.714843488415,0.762216956485,0.795692953719,
    0.810715453375,0.833840951241,0.87415295264,0.919239964007,1.),
  .UNSPECIFIED.);
#10300 = CARTESIAN_POINT('',(17.402683901958,-19.39071556833,
    55.719063685671));
#10301 = CARTESIAN_POINT('',(17.283014162219,-19.71312737144,
    55.627840661999));
#10302 = CARTESIAN_POINT('',(17.141357091254,-20.02451179309,
    55.526321492236));
#10303 = CARTESIAN_POINT('',(16.978078424239,-20.32255459605,
    55.414907232904));
#10304 = CARTESIAN_POINT('',(16.793591101959,-20.60451899291,
    55.294062099629));
#10305 = CARTESIAN_POINT('',(16.588542355851,-20.86735732466,
    55.164399432467));
#10306 = CARTESIAN_POINT('',(16.238492690772,-21.24187283354,
    54.949871017633));
#10307 = CARTESIAN_POINT('',(16.107025627978,-21.36899606345,
    54.870546262473));
#10308 = CARTESIAN_POINT('',(15.969646297963,-21.4885149419,
    54.788879746129));
#10309 = CARTESIAN_POINT('',(15.8265921554,-21.59979013098,
    54.705052440369));
#10310 = CARTESIAN_POINT('',(15.678172752102,-21.70215773514,
    54.61928466444));
#10311 = CARTESIAN_POINT('',(15.387874913319,-21.8777799818,
    54.453792372545));
#10312 = CARTESIAN_POINT('',(15.247007552357,-21.95297989273,
    54.374409002633));
#10313 = CARTESIAN_POINT('',(15.102473823598,-22.02007705495,
    54.293885057781));
#10314 = CARTESIAN_POINT('',(14.95462556657,-22.07859403274,
    54.212445456053));
#10315 = CARTESIAN_POINT('',(14.803885762891,-22.12807961164,
    54.130349299914));
#10316 = CARTESIAN_POINT('',(14.562956720272,-22.19110539812,
    54.000612388078));
#10317 = CARTESIAN_POINT('',(14.474370030948,-22.21097418802,
    53.953213768525));
#10318 = CARTESIAN_POINT('',(14.385093639501,-22.22766870276,
    53.905752394518));
#10319 = CARTESIAN_POINT('',(14.295230324752,-22.24112095386,
    53.858287392504));
#10320 = CARTESIAN_POINT('',(14.204890420596,-22.2512718167,
    53.810880959901));
#10321 = CARTESIAN_POINT('',(14.057214098878,-22.2623459693,
    53.733894661992));
#10322 = CARTESIAN_POINT('',(14.000094466365,-22.26529689439,
    53.704239767491));
#10323 = CARTESIAN_POINT('',(13.942862468906,-22.26691397979,
    53.674649786916));
#10324 = CARTESIAN_POINT('',(13.885548207212,-22.2671871577,
    53.645141130897));
#10325 = CARTESIAN_POINT('',(13.82818263424,-22.26610831222,
    53.615730468892));
#10326 = CARTESIAN_POINT('',(13.63851387316,-22.25805344818,
    53.518902395367));
#10327 = CARTESIAN_POINT('',(13.506121399563,-22.24521816918,
    53.451978120162));
#10328 = CARTESIAN_POINT('',(13.37401854239,-22.22509139179,
    53.385873664897));
#10329 = CARTESIAN_POINT('',(13.242608067265,-22.19766030284,
    53.320797398548));
#10330 = CARTESIAN_POINT('',(13.112295606064,-22.16297892121,
    53.256953015833));
#10331 = CARTESIAN_POINT('',(12.803322418789,-22.06269981701,
    53.107237382794));
#10332 = CARTESIAN_POINT('',(12.626072595483,-21.99027968445,
    53.022719605685));
#10333 = CARTESIAN_POINT('',(12.452875591563,-21.90426039432,
    52.941537830385));
#10334 = CARTESIAN_POINT('',(12.28472590796,-21.80523734769,
    52.864148868315));
#10335 = CARTESIAN_POINT('',(12.122497954419,-21.69398074839,
    52.790931671468));
#10336 = CARTESIAN_POINT('',(11.892617726055,-21.51287160145,
    52.689339492181));
#10337 = CARTESIAN_POINT('',(11.819808873643,-21.45173023951,
    52.657510419654));
#10338 = CARTESIAN_POINT('',(11.748597597863,-21.38810474805,
    52.626731716333));
#10339 = CARTESIAN_POINT('',(11.679052791036,-21.3220982956,
    52.597029329949));
#10340 = CARTESIAN_POINT('',(11.611234703338,-21.25381719306,
    52.568424473451));
#10341 = CARTESIAN_POINT('',(11.427294722589,-21.05759694452,
    52.491855071271));
#10342 = CARTESIAN_POINT('',(11.315064459805,-20.92491784818,
    52.446328539769));
#10343 = CARTESIAN_POINT('',(11.208801652666,-20.78594612279,
    52.404450715935));
#10344 = CARTESIAN_POINT('',(11.108715845004,-20.64129934032,
    52.366272574869));
#10345 = CARTESIAN_POINT('',(11.014947655736,-20.49158103623,
    52.331810926807));
#10346 = CARTESIAN_POINT('',(10.828329184387,-20.16214346905,
    52.266119981551));
#10347 = CARTESIAN_POINT('',(10.737343677844,-19.98111687165,
    52.235970237587));
#10348 = CARTESIAN_POINT('',(10.654753923679,-19.79511219077,
    52.210597420887));
#10349 = CARTESIAN_POINT('',(10.580605413864,-19.60491172316,
    52.189952960136));
#10350 = CARTESIAN_POINT('',(10.514888359026,-19.41123956341,
    52.173965201007));
#10351 = CARTESIAN_POINT('',(10.417232510482,-19.07652712049,
    52.154523586335));
#10352 = CARTESIAN_POINT('',(10.381056416262,-18.93691162315,
    52.148758900725));
#10353 = CARTESIAN_POINT('',(10.349017352674,-18.79613192789,
    52.145229489758));
#10354 = CARTESIAN_POINT('',(10.321093732761,-18.65440482423,
    52.143904303528));
#10355 = CARTESIAN_POINT('',(10.297259310385,-18.5119350955,
    52.144750999961));
#10356 = CARTESIAN_POINT('',(10.230301109504,-18.02764593501,
    52.154862254057));
#10357 = CARTESIAN_POINT('',(10.206243551029,-17.68329972082,
    52.174167300396));
#10358 = CARTESIAN_POINT('',(10.204894487866,-17.33839980811,
    52.205204961017));
#10359 = CARTESIAN_POINT('',(10.225830601727,-16.99531060866,
    52.24753994139));
#10360 = CARTESIAN_POINT('',(10.268591502978,-16.65624223709,
    52.300732072515));
#10361 = CARTESIAN_POINT('',(10.377096262657,-16.09351325009,
    52.408321397101));
#10362 = CARTESIAN_POINT('',(10.43160104536,-15.86668616246,
    52.457228324086));
#10363 = CARTESIAN_POINT('',(10.496177901543,-15.64348343661,
    52.5109830629));
#10364 = CARTESIAN_POINT('',(10.570693638181,-15.42462655539,
    52.569450718368));
#10365 = CARTESIAN_POINT('',(10.655009174915,-15.21086027992,
    52.632491225102));
#10366 = CARTESIAN_POINT('',(10.789623841843,-14.9130126667,
    52.729142231343));
#10367 = CARTESIAN_POINT('',(10.832077950577,-14.82417095452,
    52.759155071999));
#10368 = CARTESIAN_POINT('',(10.876324901193,-14.73649004115,
    52.789983387531));
#10369 = CARTESIAN_POINT('',(10.92235114264,-14.65003487068,
    52.82161423201));
#10370 = CARTESIAN_POINT('',(10.970142021334,-14.56487215455,
    52.854033929742));
#10371 = CARTESIAN_POINT('',(11.087370231533,-14.3665681444,
    52.932582761694));
#10372 = CARTESIAN_POINT('',(11.158323217416,-14.25460724432,
    52.97938297758));
#10373 = CARTESIAN_POINT('',(11.232500495551,-14.14536168144,
    53.027592011684));
#10374 = CARTESIAN_POINT('',(11.309855660291,-14.03901421623,
    53.077169177661));
#10375 = CARTESIAN_POINT('',(11.390334642254,-13.93575505613,
    53.128069161663));
#10376 = CARTESIAN_POINT('',(11.596500353569,-13.68902986912,
    53.256823967404));
#10377 = CARTESIAN_POINT('',(11.725719162239,-13.54935898839,
    53.336146593664));
#10378 = CARTESIAN_POINT('',(11.861331100489,-13.41738691333,
    53.418049655635));
#10379 = CARTESIAN_POINT('',(12.00308147502,-13.2937789569,
    53.502340923908));
#10380 = CARTESIAN_POINT('',(12.150643726324,-13.17922364708,
    53.58878906392));
#10381 = CARTESIAN_POINT('',(12.435888442002,-12.98376182782,
    53.753507224919));
#10382 = CARTESIAN_POINT('',(12.572209530034,-12.90040096957,
    53.831302734727));
#10383 = CARTESIAN_POINT('',(12.712290404118,-12.82477540237,
    53.910320682578));
#10384 = CARTESIAN_POINT('',(12.855801183439,-12.75733467725,
    53.990350011836));
#10385 = CARTESIAN_POINT('',(13.002348361175,-12.69850562085,
    54.071149026162));
#10386 = CARTESIAN_POINT('',(13.236222745409,-12.62034123143,
    54.198649679282));
#10387 = CARTESIAN_POINT('',(13.321810464191,-12.59491894349,
    54.245016508105));
#10388 = CARTESIAN_POINT('',(13.408142528967,-12.57247125446,
    54.291492571916));
#10389 = CARTESIAN_POINT('',(13.49512646218,-12.5530622606,
    54.338024401522));
#10390 = CARTESIAN_POINT('',(13.582663072595,-12.53674863571,
    54.384555756977));
#10391 = CARTESIAN_POINT('',(13.856347279476,-12.4957788927,
    54.529113324492));
#10392 = CARTESIAN_POINT('',(14.044065091694,-12.48197640497,
    54.626948723958));
#10393 = CARTESIAN_POINT('',(14.232754129123,-12.48263118159,
    54.723953635721));
#10394 = CARTESIAN_POINT('',(14.421318995245,-12.49797878927,
    54.819542894706));
#10395 = CARTESIAN_POINT('',(14.608616671621,-12.52802477881,
    54.913128000266));
#10396 = CARTESIAN_POINT('',(14.924083200048,-12.60386291376,
    55.068432558387));
#10397 = CARTESIAN_POINT('',(15.053494227887,-12.64245374219,
    55.131453548242));
#10398 = CARTESIAN_POINT('',(15.181286580616,-12.68813022959,
    55.192989963367));
#10399 = CARTESIAN_POINT('',(15.307077723768,-12.74072421296,
    55.252860492323));
#10400 = CARTESIAN_POINT('',(15.43051162688,-12.80000929307,
    55.310902815703));
#10401 = CARTESIAN_POINT('',(15.605443595216,-12.89518859707,
    55.392134345091));
#10402 = CARTESIAN_POINT('',(15.659088838135,-12.92596239588,
    55.416899191023));
#10403 = CARTESIAN_POINT('',(15.712164736122,-12.95800312237,
    55.441254594851));
#10404 = CARTESIAN_POINT('',(15.764643879622,-12.9912844024,
    55.465188883072));
#10405 = CARTESIAN_POINT('',(15.816500534673,-13.02577839232,
    55.488691379345));
#10406 = CARTESIAN_POINT('',(15.946543012754,-13.11637721993,
    55.54725233458));
#10407 = CARTESIAN_POINT('',(16.023843586316,-13.17410335789,
    55.581706241111));
#10408 = CARTESIAN_POINT('',(16.09952428195,-13.23452756865,
    55.615078622924));
#10409 = CARTESIAN_POINT('',(16.17350802144,-13.29753762564,
    55.647340154671));
#10410 = CARTESIAN_POINT('',(16.245727666938,-13.36301749908,
    55.678466974422));
#10411 = CARTESIAN_POINT('',(16.438840399911,-13.54909222328,
    55.760688424372));
#10412 = CARTESIAN_POINT('',(16.556018611185,-13.67448223922,
    55.80943088607));
#10413 = CARTESIAN_POINT('',(16.667353934562,-13.8063949176,
    55.854567556428));
#10414 = CARTESIAN_POINT('',(16.772632013032,-13.94420104189,
    55.896046055687));
#10415 = CARTESIAN_POINT('',(16.8717111164,-14.08728635743,
    55.933849988141));
#10416 = CARTESIAN_POINT('',(17.068287196437,-14.4003619133,
    56.006168658094));
#10417 = CARTESIAN_POINT('',(17.164205684143,-14.57152978502,
    56.039763046496));
#10418 = CARTESIAN_POINT('',(17.252144320188,-14.74777330178,
    56.068785478799));
#10419 = CARTESIAN_POINT('',(17.332065613571,-14.92833839331,
    56.09328604526));
#10420 = CARTESIAN_POINT('',(17.403986953107,-15.11253101037,
    56.113337545256));
#10421 = CARTESIAN_POINT('',(17.582544221769,-15.63504001426,
    56.157118608776));
#10422 = CARTESIAN_POINT('',(17.671594159153,-15.97990802289,
    56.171198845441));
#10423 = CARTESIAN_POINT('',(17.735466459338,-16.33087918241,
    56.171765731956));
#10424 = CARTESIAN_POINT('',(17.77467117858,-16.68490318655,
    56.159362286464));
#10425 = CARTESIAN_POINT('',(17.789814921864,-17.0393283984,
    56.134544515005));
#10426 = CARTESIAN_POINT('',(17.781396515224,-17.39190187882,
    56.097776298937));
#10427 = PLANE('',#10428);
#10428 = AXIS2_PLACEMENT_3D('',#10429,#10430,#10431);
#10429 = CARTESIAN_POINT('',(20.707233307099,-8.592286823273,
    58.412467520704));
#10430 = DIRECTION('',(-0.455918227947,-8.153982379808E-02,
    0.886278639346));
#10431 = DIRECTION('',(-0.889239732605,0.,-0.457441469433));
#10432 = ADVANCED_FACE('',(#10433),#10493,.F.);
#10433 = FACE_BOUND('',#10434,.F.);
#10434 = EDGE_LOOP('',(#10435,#10443,#10449,#10450,#10451,#10459,#10468,
    #10477,#10486,#10492));
#10435 = ORIENTED_EDGE('',*,*,#10436,.F.);
#10436 = EDGE_CURVE('',#10437,#5817,#10439,.T.);
#10437 = VERTEX_POINT('',#10438);
#10438 = CARTESIAN_POINT('',(0.,-44.,49.497474683058));
#10439 = LINE('',#10440,#10441);
#10440 = CARTESIAN_POINT('',(1.099064721079E-14,-54.,49.497474683058));
#10441 = VECTOR('',#10442,1.);
#10442 = DIRECTION('',(0.,1.,0.));
#10443 = ORIENTED_EDGE('',*,*,#10444,.T.);
#10444 = EDGE_CURVE('',#10437,#5575,#10445,.T.);
#10445 = LINE('',#10446,#10447);
#10446 = CARTESIAN_POINT('',(0.,-44.,49.497474683058));
#10447 = VECTOR('',#10448,1.);
#10448 = DIRECTION('',(0.,0.,-1.));
#10449 = ORIENTED_EDGE('',*,*,#5574,.T.);
#10450 = ORIENTED_EDGE('',*,*,#5842,.F.);
#10451 = ORIENTED_EDGE('',*,*,#10452,.T.);
#10452 = EDGE_CURVE('',#5835,#10453,#10455,.T.);
#10453 = VERTEX_POINT('',#10454);
#10454 = CARTESIAN_POINT('',(3.552713678801E-15,-40.3,40.784139331206));
#10455 = LINE('',#10456,#10457);
#10456 = CARTESIAN_POINT('',(0.,-250.,40.784139331206));
#10457 = VECTOR('',#10458,1.);
#10458 = DIRECTION('',(0.,-1.,0.));
#10459 = ORIENTED_EDGE('',*,*,#10460,.F.);
#10460 = EDGE_CURVE('',#10461,#10453,#10463,.T.);
#10461 = VERTEX_POINT('',#10462);
#10462 = CARTESIAN_POINT('',(3.552713678801E-15,-42.11522834959,
    45.68817803525));
#10463 = ELLIPSE('',#10464,15.697859728005,2.5);
#10464 = AXIS2_PLACEMENT_3D('',#10465,#10466,#10467);
#10465 = CARTESIAN_POINT('',(1.06581410364E-14,-40.3,56.481999059212));
#10466 = DIRECTION('',(1.,3.936808494544E-32,-2.22044604925E-16));
#10467 = DIRECTION('',(2.22044604925E-16,-8.434319074657E-16,1.));
#10468 = ORIENTED_EDGE('',*,*,#10469,.F.);
#10469 = EDGE_CURVE('',#10470,#10461,#10472,.T.);
#10470 = VERTEX_POINT('',#10471);
#10471 = CARTESIAN_POINT('',(1.06581410364E-14,-41.,47.658997051973));
#10472 = CIRCLE('',#10473,1.835755975069);
#10473 = AXIS2_PLACEMENT_3D('',#10474,#10475,#10476);
#10474 = CARTESIAN_POINT('',(7.105427357601E-15,-40.3,45.961940777126));
#10475 = DIRECTION('',(1.,0.,-2.22044604925E-16));
#10476 = DIRECTION('',(2.22044604925E-16,0.,1.));
#10477 = ORIENTED_EDGE('',*,*,#10478,.F.);
#10478 = EDGE_CURVE('',#10479,#10470,#10481,.T.);
#10479 = VERTEX_POINT('',#10480);
#10480 = CARTESIAN_POINT('',(7.105427357601E-15,-40.3,47.800418408211));
#10481 = ELLIPSE('',#10482,3.535533905933,2.5);
#10482 = AXIS2_PLACEMENT_3D('',#10483,#10484,#10485);
#10483 = CARTESIAN_POINT('',(7.105427357601E-15,-40.3,44.264884502278));
#10484 = DIRECTION('',(1.,0.,-2.22044604925E-16));
#10485 = DIRECTION('',(2.22044604925E-16,0.,1.));
#10486 = ORIENTED_EDGE('',*,*,#10487,.T.);
#10487 = EDGE_CURVE('',#10479,#5827,#10488,.T.);
#10488 = LINE('',#10489,#10490);
#10489 = CARTESIAN_POINT('',(3.552713678801E-15,-250.,47.800418408211));
#10490 = VECTOR('',#10491,1.);
#10491 = DIRECTION('',(0.,1.,0.));
#10492 = ORIENTED_EDGE('',*,*,#5826,.F.);
#10493 = PLANE('',#10494);
#10494 = AXIS2_PLACEMENT_3D('',#10495,#10496,#10497);
#10495 = CARTESIAN_POINT('',(1.099064721079E-14,-54.,49.497474683058));
#10496 = DIRECTION('',(1.,0.,-2.22044604925E-16));
#10497 = DIRECTION('',(-2.22044604925E-16,0.,-1.));
#10498 = ADVANCED_FACE('',(#10499),#10510,.T.);
#10499 = FACE_BOUND('',#10500,.T.);
#10500 = EDGE_LOOP('',(#10501,#10502,#10503,#10509));
#10501 = ORIENTED_EDGE('',*,*,#5622,.F.);
#10502 = ORIENTED_EDGE('',*,*,#5850,.T.);
#10503 = ORIENTED_EDGE('',*,*,#10504,.T.);
#10504 = EDGE_CURVE('',#5851,#5742,#10505,.T.);
#10505 = LINE('',#10506,#10507);
#10506 = CARTESIAN_POINT('',(-1.,-38.,41.497474683058));
#10507 = VECTOR('',#10508,1.);
#10508 = DIRECTION('',(1.,0.,-2.22044604925E-16));
#10509 = ORIENTED_EDGE('',*,*,#5741,.F.);
#10510 = PLANE('',#10511);
#10511 = AXIS2_PLACEMENT_3D('',#10512,#10513,#10514);
#10512 = CARTESIAN_POINT('',(-1.,-38.,41.497474683058));
#10513 = DIRECTION('',(0.,1.,0.));
#10514 = DIRECTION('',(1.,0.,-2.22044604925E-16));
#10515 = ADVANCED_FACE('',(#10516),#10534,.F.);
#10516 = FACE_BOUND('',#10517,.F.);
#10517 = EDGE_LOOP('',(#10518,#10526,#10532,#10533));
#10518 = ORIENTED_EDGE('',*,*,#10519,.F.);
#10519 = EDGE_CURVE('',#10520,#5654,#10522,.T.);
#10520 = VERTEX_POINT('',#10521);
#10521 = CARTESIAN_POINT('',(7.105427357601E-15,-54.,49.497474683058));
#10522 = LINE('',#10523,#10524);
#10523 = CARTESIAN_POINT('',(1.099064721079E-14,-54.,49.497474683058));
#10524 = VECTOR('',#10525,1.);
#10525 = DIRECTION('',(-2.22044604925E-16,0.,-1.));
#10526 = ORIENTED_EDGE('',*,*,#10527,.T.);
#10527 = EDGE_CURVE('',#10520,#6032,#10528,.T.);
#10528 = LINE('',#10529,#10530);
#10529 = CARTESIAN_POINT('',(1.099064721079E-14,-54.,49.497474683058));
#10530 = VECTOR('',#10531,1.);
#10531 = DIRECTION('',(1.,0.,-2.22044604925E-16));
#10532 = ORIENTED_EDGE('',*,*,#6039,.T.);
#10533 = ORIENTED_EDGE('',*,*,#5661,.F.);
#10534 = PLANE('',#10535);
#10535 = AXIS2_PLACEMENT_3D('',#10536,#10537,#10538);
#10536 = CARTESIAN_POINT('',(1.099064721079E-14,-54.,49.497474683058));
#10537 = DIRECTION('',(0.,1.,0.));
#10538 = DIRECTION('',(1.,0.,-2.22044604925E-16));
#10539 = ADVANCED_FACE('',(#10540,#10551),#10562,.F.);
#10540 = FACE_BOUND('',#10541,.F.);
#10541 = EDGE_LOOP('',(#10542,#10548,#10549,#10550));
#10542 = ORIENTED_EDGE('',*,*,#10543,.F.);
#10543 = EDGE_CURVE('',#10520,#10437,#10544,.T.);
#10544 = LINE('',#10545,#10546);
#10545 = CARTESIAN_POINT('',(1.099064721079E-14,-54.,49.497474683058));
#10546 = VECTOR('',#10547,1.);
#10547 = DIRECTION('',(0.,1.,0.));
#10548 = ORIENTED_EDGE('',*,*,#10519,.T.);
#10549 = ORIENTED_EDGE('',*,*,#5682,.T.);
#10550 = ORIENTED_EDGE('',*,*,#10444,.F.);
#10551 = FACE_BOUND('',#10552,.F.);
#10552 = EDGE_LOOP('',(#10553));
#10553 = ORIENTED_EDGE('',*,*,#10554,.F.);
#10554 = EDGE_CURVE('',#10555,#10555,#10557,.T.);
#10555 = VERTEX_POINT('',#10556);
#10556 = CARTESIAN_POINT('',(5.329070518201E-15,-49.,29.873358543988));
#10557 = CIRCLE('',#10558,2.3);
#10558 = AXIS2_PLACEMENT_3D('',#10559,#10560,#10561);
#10559 = CARTESIAN_POINT('',(7.105427357601E-15,-49.,32.173358543988));
#10560 = DIRECTION('',(1.,0.,-2.22044604925E-16));
#10561 = DIRECTION('',(-2.22044604925E-16,0.,-1.));
#10562 = PLANE('',#10563);
#10563 = AXIS2_PLACEMENT_3D('',#10564,#10565,#10566);
#10564 = CARTESIAN_POINT('',(1.099064721079E-14,-54.,49.497474683058));
#10565 = DIRECTION('',(1.,0.,-2.22044604925E-16));
#10566 = DIRECTION('',(-2.22044604925E-16,0.,-1.));
#10567 = ADVANCED_FACE('',(#10568),#10574,.T.);
#10568 = FACE_BOUND('',#10569,.T.);
#10569 = EDGE_LOOP('',(#10570,#10571,#10572,#10573));
#10570 = ORIENTED_EDGE('',*,*,#10504,.F.);
#10571 = ORIENTED_EDGE('',*,*,#5858,.T.);
#10572 = ORIENTED_EDGE('',*,*,#5801,.T.);
#10573 = ORIENTED_EDGE('',*,*,#5749,.F.);
#10574 = PLANE('',#10575);
#10575 = AXIS2_PLACEMENT_3D('',#10576,#10577,#10578);
#10576 = CARTESIAN_POINT('',(-1.,-38.,41.497474683058));
#10577 = DIRECTION('',(-2.22044604925E-16,0.,-1.));
#10578 = DIRECTION('',(1.,0.,-2.22044604925E-16));
#10579 = ADVANCED_FACE('',(#10580),#10602,.F.);
#10580 = FACE_BOUND('',#10581,.F.);
#10581 = EDGE_LOOP('',(#10582,#10583,#10584,#10585,#10586,#10587,#10588,
    #10589,#10590,#10591,#10592,#10593,#10600,#10601));
#10582 = ORIENTED_EDGE('',*,*,#6031,.F.);
#10583 = ORIENTED_EDGE('',*,*,#10527,.F.);
#10584 = ORIENTED_EDGE('',*,*,#10543,.T.);
#10585 = ORIENTED_EDGE('',*,*,#10436,.T.);
#10586 = ORIENTED_EDGE('',*,*,#5816,.T.);
#10587 = ORIENTED_EDGE('',*,*,#5897,.T.);
#10588 = ORIENTED_EDGE('',*,*,#5963,.T.);
#10589 = ORIENTED_EDGE('',*,*,#5999,.T.);
#10590 = ORIENTED_EDGE('',*,*,#8839,.F.);
#10591 = ORIENTED_EDGE('',*,*,#8769,.F.);
#10592 = ORIENTED_EDGE('',*,*,#8523,.T.);
#10593 = ORIENTED_EDGE('',*,*,#10594,.F.);
#10594 = EDGE_CURVE('',#6711,#8524,#10595,.T.);
#10595 = ELLIPSE('',#10596,8.721374278398,2.5);
#10596 = AXIS2_PLACEMENT_3D('',#10597,#10598,#10599);
#10597 = CARTESIAN_POINT('',(6.48108866093,-30.8597766024,
    49.497474683058));
#10598 = DIRECTION('',(-8.53080032835E-17,-5.231997980309E-17,-1.));
#10599 = DIRECTION('',(-0.419275564497,-0.907859020452,
    8.326672684689E-17));
#10600 = ORIENTED_EDGE('',*,*,#6718,.T.);
#10601 = ORIENTED_EDGE('',*,*,#6115,.F.);
#10602 = PLANE('',#10603);
#10603 = AXIS2_PLACEMENT_3D('',#10604,#10605,#10606);
#10604 = CARTESIAN_POINT('',(1.099064721079E-14,-54.,49.497474683058));
#10605 = DIRECTION('',(-2.22044604925E-16,0.,-1.));
#10606 = DIRECTION('',(1.,0.,-2.22044604925E-16));
#10607 = ADVANCED_FACE('',(#10608),#10616,.F.);
#10608 = FACE_BOUND('',#10609,.F.);
#10609 = EDGE_LOOP('',(#10610,#10611,#10612,#10613,#10614,#10615));
#10610 = ORIENTED_EDGE('',*,*,#5941,.F.);
#10611 = ORIENTED_EDGE('',*,*,#5932,.T.);
#10612 = ORIENTED_EDGE('',*,*,#5923,.T.);
#10613 = ORIENTED_EDGE('',*,*,#5914,.T.);
#10614 = ORIENTED_EDGE('',*,*,#5906,.F.);
#10615 = ORIENTED_EDGE('',*,*,#5875,.F.);
#10616 = PLANE('',#10617);
#10617 = AXIS2_PLACEMENT_3D('',#10618,#10619,#10620);
#10618 = CARTESIAN_POINT('',(1.110223024625E-13,-500.,500.));
#10619 = DIRECTION('',(1.,0.,-2.22044604925E-16));
#10620 = DIRECTION('',(-2.22044604925E-16,0.,-1.));
#10621 = ADVANCED_FACE('',(#10622),#10630,.F.);
#10622 = FACE_BOUND('',#10623,.F.);
#10623 = EDGE_LOOP('',(#10624,#10625,#10626,#10627,#10628,#10629));
#10624 = ORIENTED_EDGE('',*,*,#10452,.F.);
#10625 = ORIENTED_EDGE('',*,*,#5834,.T.);
#10626 = ORIENTED_EDGE('',*,*,#10487,.F.);
#10627 = ORIENTED_EDGE('',*,*,#10478,.T.);
#10628 = ORIENTED_EDGE('',*,*,#10469,.T.);
#10629 = ORIENTED_EDGE('',*,*,#10460,.T.);
#10630 = PLANE('',#10631);
#10631 = AXIS2_PLACEMENT_3D('',#10632,#10633,#10634);
#10632 = CARTESIAN_POINT('',(1.110223024625E-13,-500.,500.));
#10633 = DIRECTION('',(1.,0.,-2.22044604925E-16));
#10634 = DIRECTION('',(-2.22044604925E-16,0.,-1.));
#10635 = ADVANCED_FACE('',(#10636),#10655,.F.);
#10636 = FACE_BOUND('',#10637,.F.);
#10637 = EDGE_LOOP('',(#10638,#10646,#10653,#10654));
#10638 = ORIENTED_EDGE('',*,*,#10639,.T.);
#10639 = EDGE_CURVE('',#5982,#10640,#10642,.T.);
#10640 = VERTEX_POINT('',#10641);
#10641 = CARTESIAN_POINT('',(1.9,49.,29.873358543988));
#10642 = LINE('',#10643,#10644);
#10643 = CARTESIAN_POINT('',(-1.,49.,29.873358543988));
#10644 = VECTOR('',#10645,1.);
#10645 = DIRECTION('',(1.,0.,-2.22044604925E-16));
#10646 = ORIENTED_EDGE('',*,*,#10647,.F.);
#10647 = EDGE_CURVE('',#10640,#10640,#10648,.T.);
#10648 = CIRCLE('',#10649,2.3);
#10649 = AXIS2_PLACEMENT_3D('',#10650,#10651,#10652);
#10650 = CARTESIAN_POINT('',(1.9,49.,32.173358543988));
#10651 = DIRECTION('',(1.,0.,-2.22044604925E-16));
#10652 = DIRECTION('',(-2.22044604925E-16,0.,-1.));
#10653 = ORIENTED_EDGE('',*,*,#10639,.F.);
#10654 = ORIENTED_EDGE('',*,*,#5981,.T.);
#10655 = CYLINDRICAL_SURFACE('',#10656,2.3);
#10656 = AXIS2_PLACEMENT_3D('',#10657,#10658,#10659);
#10657 = CARTESIAN_POINT('',(-1.,49.,32.173358543988));
#10658 = DIRECTION('',(1.,0.,-2.22044604925E-16));
#10659 = DIRECTION('',(-2.22044604925E-16,0.,-1.));
#10660 = ADVANCED_FACE('',(#10661),#10680,.F.);
#10661 = FACE_BOUND('',#10662,.F.);
#10662 = EDGE_LOOP('',(#10663,#10664,#10672,#10679));
#10663 = ORIENTED_EDGE('',*,*,#6052,.F.);
#10664 = ORIENTED_EDGE('',*,*,#10665,.F.);
#10665 = EDGE_CURVE('',#10666,#6053,#10668,.T.);
#10666 = VERTEX_POINT('',#10667);
#10667 = CARTESIAN_POINT('',(1.9,-49.,29.873358543988));
#10668 = LINE('',#10669,#10670);
#10669 = CARTESIAN_POINT('',(1.9,-49.,29.873358543988));
#10670 = VECTOR('',#10671,1.);
#10671 = DIRECTION('',(0.707106781187,-1.731912112471E-16,
    -0.707106781187));
#10672 = ORIENTED_EDGE('',*,*,#10673,.T.);
#10673 = EDGE_CURVE('',#10666,#10666,#10674,.T.);
#10674 = CIRCLE('',#10675,2.3);
#10675 = AXIS2_PLACEMENT_3D('',#10676,#10677,#10678);
#10676 = CARTESIAN_POINT('',(1.9,-49.,32.173358543988));
#10677 = DIRECTION('',(1.,0.,-2.22044604925E-16));
#10678 = DIRECTION('',(-2.22044604925E-16,0.,-1.));
#10679 = ORIENTED_EDGE('',*,*,#10665,.T.);
#10680 = CONICAL_SURFACE('',#10681,2.3,0.785398163397);
#10681 = AXIS2_PLACEMENT_3D('',#10682,#10683,#10684);
#10682 = CARTESIAN_POINT('',(1.9,-49.,32.173358543988));
#10683 = DIRECTION('',(1.,0.,-2.22044604925E-16));
#10684 = DIRECTION('',(-2.22044604925E-16,0.,-1.));
#10685 = ADVANCED_FACE('',(#10686),#10698,.T.);
#10686 = FACE_BOUND('',#10687,.T.);
#10687 = EDGE_LOOP('',(#10688,#10694,#10695,#10696,#10697));
#10688 = ORIENTED_EDGE('',*,*,#10689,.F.);
#10689 = EDGE_CURVE('',#6108,#6548,#10690,.T.);
#10690 = LINE('',#10691,#10692);
#10691 = CARTESIAN_POINT('',(0.981524773693,-40.50384955949,
    48.601901444202));
#10692 = VECTOR('',#10693,1.);
#10693 = DIRECTION('',(0.795168881187,0.41000266593,0.446770930481));
#10694 = ORIENTED_EDGE('',*,*,#6124,.T.);
#10695 = ORIENTED_EDGE('',*,*,#6090,.T.);
#10696 = ORIENTED_EDGE('',*,*,#6495,.T.);
#10697 = ORIENTED_EDGE('',*,*,#6547,.T.);
#10698 = CYLINDRICAL_SURFACE('',#10699,2.5);
#10699 = AXIS2_PLACEMENT_3D('',#10700,#10701,#10702);
#10700 = CARTESIAN_POINT('',(2.12132034356,-40.3,46.386204845838));
#10701 = DIRECTION('',(0.795168881187,0.41000266593,0.446770930481));
#10702 = DIRECTION('',(-0.399806227838,0.908432204991,-0.122089758443));
#10703 = ADVANCED_FACE('',(#10704),#10710,.T.);
#10704 = FACE_BOUND('',#10705,.T.);
#10705 = EDGE_LOOP('',(#10706,#10707,#10708,#10709));
#10706 = ORIENTED_EDGE('',*,*,#6155,.F.);
#10707 = ORIENTED_EDGE('',*,*,#9285,.F.);
#10708 = ORIENTED_EDGE('',*,*,#6188,.T.);
#10709 = ORIENTED_EDGE('',*,*,#6211,.T.);
#10710 = PLANE('',#10711);
#10711 = AXIS2_PLACEMENT_3D('',#10712,#10713,#10714);
#10712 = CARTESIAN_POINT('',(31.434289073807,-35.11891048123,
    31.434289073807));
#10713 = DIRECTION('',(0.299135076089,-0.906110596178,0.299135076089));
#10714 = DIRECTION('',(-0.640716947063,-0.423040881586,-0.640716947063)
  );
#10715 = ADVANCED_FACE('',(#10716),#10722,.T.);
#10716 = FACE_BOUND('',#10717,.T.);
#10717 = EDGE_LOOP('',(#10718,#10719,#10720,#10721));
#10718 = ORIENTED_EDGE('',*,*,#6289,.F.);
#10719 = ORIENTED_EDGE('',*,*,#9292,.F.);
#10720 = ORIENTED_EDGE('',*,*,#6235,.T.);
#10721 = ORIENTED_EDGE('',*,*,#6258,.T.);
#10722 = PLANE('',#10723);
#10723 = AXIS2_PLACEMENT_3D('',#10724,#10725,#10726);
#10724 = CARTESIAN_POINT('',(31.434289073807,-35.11891048123,
    31.434289073807));
#10725 = DIRECTION('',(0.299135076089,-0.906110596178,0.299135076089));
#10726 = DIRECTION('',(-0.640716947063,-0.423040881586,-0.640716947063)
  );
#10727 = ADVANCED_FACE('',(#10728),#10734,.T.);
#10728 = FACE_BOUND('',#10729,.T.);
#10729 = EDGE_LOOP('',(#10730,#10731,#10732,#10733));
#10730 = ORIENTED_EDGE('',*,*,#6378,.F.);
#10731 = ORIENTED_EDGE('',*,*,#9299,.F.);
#10732 = ORIENTED_EDGE('',*,*,#6324,.T.);
#10733 = ORIENTED_EDGE('',*,*,#6347,.T.);
#10734 = PLANE('',#10735);
#10735 = AXIS2_PLACEMENT_3D('',#10736,#10737,#10738);
#10736 = CARTESIAN_POINT('',(31.434289073807,-35.11891048123,
    31.434289073807));
#10737 = DIRECTION('',(0.299135076089,-0.906110596178,0.299135076089));
#10738 = DIRECTION('',(-0.640716947063,-0.423040881586,-0.640716947063)
  );
#10739 = ADVANCED_FACE('',(#10740),#10746,.T.);
#10740 = FACE_BOUND('',#10741,.T.);
#10741 = EDGE_LOOP('',(#10742,#10743,#10744,#10745));
#10742 = ORIENTED_EDGE('',*,*,#6467,.F.);
#10743 = ORIENTED_EDGE('',*,*,#9306,.F.);
#10744 = ORIENTED_EDGE('',*,*,#6413,.T.);
#10745 = ORIENTED_EDGE('',*,*,#6436,.T.);
#10746 = PLANE('',#10747);
#10747 = AXIS2_PLACEMENT_3D('',#10748,#10749,#10750);
#10748 = CARTESIAN_POINT('',(31.434289073807,-35.11891048123,
    31.434289073807));
#10749 = DIRECTION('',(0.299135076089,-0.906110596178,0.299135076089));
#10750 = DIRECTION('',(-0.640716947063,-0.423040881586,-0.640716947063)
  );
#10751 = ADVANCED_FACE('',(#10752),#10758,.T.);
#10752 = FACE_BOUND('',#10753,.T.);
#10753 = EDGE_LOOP('',(#10754,#10755,#10756,#10757));
#10754 = ORIENTED_EDGE('',*,*,#6725,.F.);
#10755 = ORIENTED_EDGE('',*,*,#10689,.T.);
#10756 = ORIENTED_EDGE('',*,*,#6556,.F.);
#10757 = ORIENTED_EDGE('',*,*,#6582,.T.);
#10758 = PLANE('',#10759);
#10759 = AXIS2_PLACEMENT_3D('',#10760,#10761,#10762);
#10760 = CARTESIAN_POINT('',(19.567437737232,-9.096136382768,
    61.052428187781));
#10761 = DIRECTION('',(-0.455918227947,-8.153982379808E-02,
    0.886278639346));
#10762 = DIRECTION('',(-0.889239732605,-3.469446951954E-18,
    -0.457441469433));
#10763 = ADVANCED_FACE('',(#10764),#10792,.T.);
#10764 = FACE_BOUND('',#10765,.T.);
#10765 = EDGE_LOOP('',(#10766,#10777,#10784,#10785));
#10766 = ORIENTED_EDGE('',*,*,#10767,.F.);
#10767 = EDGE_CURVE('',#10768,#10770,#10772,.T.);
#10768 = VERTEX_POINT('',#10769);
#10769 = CARTESIAN_POINT('',(16.674306357556,-12.33974557651,
    59.265727500585));
#10770 = VERTEX_POINT('',#10771);
#10771 = CARTESIAN_POINT('',(17.980978655894,-14.62783960234,
    59.727393749664));
#10772 = HYPERBOLA('',#10773,2.856071792181,2.556929963815);
#10773 = AXIS2_PLACEMENT_3D('',#10774,#10775,#10776);
#10774 = CARTESIAN_POINT('',(22.130334470699,-20.28063420292,
    61.341828545885));
#10775 = DIRECTION('',(-0.455918227947,-8.153982379808E-02,
    0.886278639346));
#10776 = DIRECTION('',(-0.871002250498,0.245639075155,-0.425460367585));
#10777 = ORIENTED_EDGE('',*,*,#10778,.T.);
#10778 = EDGE_CURVE('',#10768,#6600,#10779,.T.);
#10779 = CIRCLE('',#10780,6.3);
#10780 = AXIS2_PLACEMENT_3D('',#10781,#10782,#10783);
#10781 = CARTESIAN_POINT('',(15.296079026929,-18.41719062809,
    58.340983714344));
#10782 = DIRECTION('',(0.683012701892,-0.258819045103,0.683012701892));
#10783 = DIRECTION('',(0.707106781187,0.,-0.707106781187));
#10784 = ORIENTED_EDGE('',*,*,#6597,.F.);
#10785 = ORIENTED_EDGE('',*,*,#10786,.F.);
#10786 = EDGE_CURVE('',#10770,#6598,#10787,.T.);
#10787 = CIRCLE('',#10788,4.5);
#10788 = AXIS2_PLACEMENT_3D('',#10789,#10790,#10791);
#10789 = CARTESIAN_POINT('',(16.525501890335,-18.88306490927,
    59.57040657775));
#10790 = DIRECTION('',(0.683012701892,-0.258819045103,0.683012701892));
#10791 = DIRECTION('',(0.707106781187,0.,-0.707106781187));
#10792 = CONICAL_SURFACE('',#10793,6.3,0.785398163397);
#10793 = AXIS2_PLACEMENT_3D('',#10794,#10795,#10796);
#10794 = CARTESIAN_POINT('',(15.296079026929,-18.41719062809,
    58.340983714344));
#10795 = DIRECTION('',(-0.683012701892,0.258819045103,-0.683012701892));
#10796 = DIRECTION('',(0.707106781187,0.,-0.707106781187));
#10797 = ADVANCED_FACE('',(#10798),#10816,.T.);
#10798 = FACE_BOUND('',#10799,.T.);
#10799 = EDGE_LOOP('',(#10800,#10807,#10814,#10815));
#10800 = ORIENTED_EDGE('',*,*,#10801,.F.);
#10801 = EDGE_CURVE('',#6748,#2608,#10802,.T.);
#10802 = CIRCLE('',#10803,4.5);
#10803 = AXIS2_PLACEMENT_3D('',#10804,#10805,#10806);
#10804 = CARTESIAN_POINT('',(19.59905904885,-20.04775061223,
    62.643963736265));
#10805 = DIRECTION('',(0.683012701892,-0.258819045103,0.683012701892));
#10806 = DIRECTION('',(0.707106781187,0.,-0.707106781187));
#10807 = ORIENTED_EDGE('',*,*,#10808,.T.);
#10808 = EDGE_CURVE('',#6748,#10770,#10809,.T.);
#10809 = ELLIPSE('',#10810,14.283642626522,4.5);
#10810 = AXIS2_PLACEMENT_3D('',#10811,#10812,#10813);
#10811 = CARTESIAN_POINT('',(14.636293173163,-18.167173104,
    57.681197860578));
#10812 = DIRECTION('',(-0.455918227947,-8.153982379808E-02,
    0.886278639346));
#10813 = DIRECTION('',(0.871002250498,-0.245639075155,0.425460367585));
#10814 = ORIENTED_EDGE('',*,*,#10786,.T.);
#10815 = ORIENTED_EDGE('',*,*,#6732,.T.);
#10816 = CYLINDRICAL_SURFACE('',#10817,4.5);
#10817 = AXIS2_PLACEMENT_3D('',#10818,#10819,#10820);
#10818 = CARTESIAN_POINT('',(15.15947648655,-18.36542681907,
    58.204381173966));
#10819 = DIRECTION('',(0.683012701892,-0.258819045103,0.683012701892));
#10820 = DIRECTION('',(0.707106781187,0.,-0.707106781187));
#10821 = ADVANCED_FACE('',(#10822),#10836,.T.);
#10822 = FACE_BOUND('',#10823,.T.);
#10823 = EDGE_LOOP('',(#10824,#10825,#10834,#10835));
#10824 = ORIENTED_EDGE('',*,*,#6710,.F.);
#10825 = ORIENTED_EDGE('',*,*,#10826,.F.);
#10826 = EDGE_CURVE('',#8532,#6609,#10827,.T.);
#10827 = B_SPLINE_CURVE_WITH_KNOTS('',5,(#10828,#10829,#10830,#10831,
    #10832,#10833),.UNSPECIFIED.,.F.,.F.,(6,6),(0.,1.),
  .PIECEWISE_BEZIER_KNOTS.);
#10828 = CARTESIAN_POINT('',(9.211210818956,-21.80374693734,
    54.517086288983));
#10829 = CARTESIAN_POINT('',(9.256200235491,-21.87848505418,
    54.549192172707));
#10830 = CARTESIAN_POINT('',(9.301846691798,-21.95394933503,
    54.577333949981));
#10831 = CARTESIAN_POINT('',(9.348190044435,-22.02982993561,
    54.60178495653));
#10832 = CARTESIAN_POINT('',(9.395260582802,-22.10589478064,
    54.622741025029));
#10833 = CARTESIAN_POINT('',(9.443096647465,-22.18197487065,
    54.640349230853));
#10834 = ORIENTED_EDGE('',*,*,#8531,.T.);
#10835 = ORIENTED_EDGE('',*,*,#10594,.F.);
#10836 = CYLINDRICAL_SURFACE('',#10837,2.5);
#10837 = AXIS2_PLACEMENT_3D('',#10838,#10839,#10840);
#10838 = CARTESIAN_POINT('',(33.542959317175,27.737397824048,
    68.809689411538));
#10839 = DIRECTION('',(-0.401680562345,-0.869760493441,-0.28665207113));
#10840 = DIRECTION('',(0.794223706055,-0.486690806553,0.363786700631));
#10841 = ADVANCED_FACE('',(#10842),#10961,.T.);
#10842 = FACE_BOUND('',#10843,.T.);
#10843 = EDGE_LOOP('',(#10844,#10845,#10947,#10958,#10959,#10960));
#10844 = ORIENTED_EDGE('',*,*,#10778,.F.);
#10845 = ORIENTED_EDGE('',*,*,#10846,.F.);
#10846 = EDGE_CURVE('',#10847,#10768,#10849,.T.);
#10847 = VERTEX_POINT('',#10848);
#10848 = CARTESIAN_POINT('',(14.513446243648,-11.2031270495,
    58.258712550734));
#10849 = B_SPLINE_CURVE_WITH_KNOTS('',6,(#10850,#10851,#10852,#10853,
    #10854,#10855,#10856,#10857,#10858,#10859,#10860,#10861,#10862,
    #10863,#10864,#10865,#10866,#10867,#10868,#10869,#10870,#10871,
    #10872,#10873,#10874,#10875,#10876,#10877,#10878,#10879,#10880,
    #10881,#10882,#10883,#10884,#10885,#10886,#10887,#10888,#10889,
    #10890,#10891,#10892,#10893,#10894,#10895,#10896,#10897,#10898,
    #10899,#10900,#10901,#10902,#10903,#10904,#10905,#10906,#10907,
    #10908,#10909,#10910,#10911,#10912,#10913,#10914,#10915,#10916,
    #10917,#10918,#10919,#10920,#10921,#10922,#10923,#10924,#10925,
    #10926,#10927,#10928,#10929,#10930,#10931,#10932,#10933,#10934,
    #10935,#10936,#10937,#10938,#10939,#10940,#10941,#10942,#10943,
    #10944,#10945,#10946),.UNSPECIFIED.,.F.,.F.,(7,5,5,5,5,5,5,5,5,5,5,5
    ,5,5,5,5,5,5,5,7),(0.,3.20563942547E-02,9.984440414634E-02,
    0.14963969278,0.17185220811,0.20634999342,0.267473331527,
    0.337151869539,0.384239974943,0.500230680529,0.582146305545,
    0.616360454948,0.663555705516,0.73245257171,0.793640332601,
    0.828147192953,0.850358897746,0.900136530424,0.967861648429,1.),
  .UNSPECIFIED.);
#10850 = CARTESIAN_POINT('',(14.371335242367,-24.4946356708,
    56.962756385395));
#10851 = CARTESIAN_POINT('',(14.258746212458,-24.52112056786,
    56.902401816903));
#10852 = CARTESIAN_POINT('',(14.145322472813,-24.54393524813,
    56.841955527196));
#10853 = CARTESIAN_POINT('',(14.03117104489,-24.5630066219,
    56.781479294537));
#10854 = CARTESIAN_POINT('',(13.91640554885,-24.5782690072,
    56.721037610158));
#10855 = CARTESIAN_POINT('',(13.801146446589,-24.58966596821,
    56.660697634132));
#10856 = CARTESIAN_POINT('',(13.441014695823,-24.6129828059,
    56.473293951927));
#10857 = CARTESIAN_POINT('',(13.194841707082,-24.61132749362,
    56.34681027744));
#10858 = CARTESIAN_POINT('',(12.948257568024,-24.59174654349,
    56.221764302534));
#10859 = CARTESIAN_POINT('',(12.702557212246,-24.55405670706,
    56.098839024462));
#10860 = CARTESIAN_POINT('',(12.459072822439,-24.49833276536,
    55.978712862757));
#10861 = CARTESIAN_POINT('',(12.04293608769,-24.37110990088,
    55.776349198808));
#10862 = CARTESIAN_POINT('',(11.868619126033,-24.30771831384,
    55.692509491831));
#10863 = CARTESIAN_POINT('',(11.696745153748,-24.23497077187,
    55.61078727502));
#10864 = CARTESIAN_POINT('',(11.527807852603,-24.15310390365,
    55.531414737039));
#10865 = CARTESIAN_POINT('',(11.362265607513,-24.06242593673,
    55.454599321927));
#10866 = CARTESIAN_POINT('',(11.12840225548,-23.91909634317,
    55.347482337468));
#10867 = CARTESIAN_POINT('',(11.057020470942,-23.87320314935,
    55.314984506089));
#10868 = CARTESIAN_POINT('',(10.986434376498,-23.82566285847,
    55.283047529502));
#10869 = CARTESIAN_POINT('',(10.916678677897,-23.77650989763,
    55.251686093611));
#10870 = CARTESIAN_POINT('',(10.847786010733,-23.72578043755,
    55.220913658978));
#10871 = CARTESIAN_POINT('',(10.674179030073,-23.59233600315,
    55.143884214418));
#10872 = CARTESIAN_POINT('',(10.570726105634,-23.50744797824,
    55.098476012521));
#10873 = CARTESIAN_POINT('',(10.469543103074,-23.41899004014,
    55.054563941519));
#10874 = CARTESIAN_POINT('',(10.370731009023,-23.32711069731,
    55.012186287667));
#10875 = CARTESIAN_POINT('',(10.274378238377,-23.23196316507,
    54.971374437047));
#10876 = CARTESIAN_POINT('',(10.014337980965,-22.9596059712,
    54.862662423152));
#10877 = CARTESIAN_POINT('',(9.856076328358,-22.77573709219,
    54.798166074403));
#10878 = CARTESIAN_POINT('',(9.706202993608,-22.5829623671,
    54.738804192321));
#10879 = CARTESIAN_POINT('',(9.5650206558,-22.38215362115,
    54.684652270592));
#10880 = CARTESIAN_POINT('',(9.432734190303,-22.17416388864,
    54.635737219652));
#10881 = CARTESIAN_POINT('',(9.168966100681,-21.71543779932,
    54.542253938169));
#10882 = CARTESIAN_POINT('',(9.040189825115,-21.46279529236,
    54.499252759798));
#10883 = CARTESIAN_POINT('',(8.92333172499,-21.20305969881,
    54.463035094187));
#10884 = CARTESIAN_POINT('',(8.818463412651,-20.93735015653,
    54.433534816612));
#10885 = CARTESIAN_POINT('',(8.725576363539,-20.66670344555,
    54.410652155556));
#10886 = CARTESIAN_POINT('',(8.589901384639,-20.20645382702,
    54.383202522812));
#10887 = CARTESIAN_POINT('',(8.54063488881,-20.01902588136,
    54.375102754305));
#10888 = CARTESIAN_POINT('',(8.496797698569,-19.83006359648,
    54.369937084643));
#10889 = CARTESIAN_POINT('',(8.458363972958,-19.63984312644,
    54.367666813901));
#10890 = CARTESIAN_POINT('',(8.425301904011,-19.44862600893,
    54.368251517356));
#10891 = CARTESIAN_POINT('',(8.329280255319,-18.78379119655,
    54.380022638848));
#10892 = CARTESIAN_POINT('',(8.293374557862,-18.30644660177,
    54.405468961472));
#10893 = CARTESIAN_POINT('',(8.289294313123,-17.82818198088,54.447371534
    ));
#10894 = CARTESIAN_POINT('',(8.316457343267,-17.35233077956,
    54.505124188082));
#10895 = CARTESIAN_POINT('',(8.374220791787,-16.88200667419,
    54.578109760449));
#10896 = CARTESIAN_POINT('',(8.524072929548,-16.09392942916,
    54.727701542215));
#10897 = CARTESIAN_POINT('',(8.601084582504,-15.77198544488,
    54.796937411585));
#10898 = CARTESIAN_POINT('',(8.692883634155,-15.45534144712,
    54.873292582223));
#10899 = CARTESIAN_POINT('',(8.799267979837,-15.14508455173,
    54.956563070386));
#10900 = CARTESIAN_POINT('',(8.920024803396,-14.8423373473,
    55.04653611856));
#10901 = CARTESIAN_POINT('',(9.111266923372,-14.42542586858,
    55.183271510323));
#10902 = CARTESIAN_POINT('',(9.170076815703,-14.30410921856,
    55.224685844974));
#10903 = CARTESIAN_POINT('',(9.231335563377,-14.18439203293,
    55.267212761718));
#10904 = CARTESIAN_POINT('',(9.295024336371,-14.06636231361,
    55.310834477648));
#10905 = CARTESIAN_POINT('',(9.361122766036,-13.95011039281,
    55.355532203964));
#10906 = CARTESIAN_POINT('',(9.524079286687,-13.67795030209,
    55.464399471758));
#10907 = CARTESIAN_POINT('',(9.623092323096,-13.52373154421,
    55.52952212719));
#10908 = CARTESIAN_POINT('',(9.726590480799,-13.3733149509,
    55.596602203964));
#10909 = CARTESIAN_POINT('',(9.834507431505,-13.22695469418,
    55.665582197118));
#10910 = CARTESIAN_POINT('',(9.94676603028,-13.08491498335,
    55.736398113956));
#10911 = CARTESIAN_POINT('',(10.233360937527,-12.74681982967,
    55.914933457677));
#10912 = CARTESIAN_POINT('',(10.412503722471,-12.55596260684,
    56.024647176439));
#10913 = CARTESIAN_POINT('',(10.600425019819,-12.37574156324,
    56.137898170611));
#10914 = CARTESIAN_POINT('',(10.796769870256,-12.20706222853,
    56.254420531553));
#10915 = CARTESIAN_POINT('',(11.001085835382,-12.0508596984,
    56.373895485415));
#10916 = CARTESIAN_POINT('',(11.40082642376,-11.78125314936,
    56.604333952652));
#10917 = CARTESIAN_POINT('',(11.594686610433,-11.66501695563,
    56.71475325781));
#10918 = CARTESIAN_POINT('',(11.793970232812,-11.56001744869,
    56.826928676301));
#10919 = CARTESIAN_POINT('',(11.998185044585,-11.46691357215,
    56.940546363021));
#10920 = CARTESIAN_POINT('',(12.206743779098,-11.38632868676,
    57.055246866344));
#10921 = CARTESIAN_POINT('',(12.538624025127,-11.28073968177,
    57.235686691273));
#10922 = CARTESIAN_POINT('',(12.659458265643,-11.24682175383,
    57.300966606765));
#10923 = CARTESIAN_POINT('',(12.781327344702,-11.21715937788,
    57.366387341172));
#10924 = CARTESIAN_POINT('',(12.90409660386,-11.19184296095,
    57.431871306012));
#10925 = CARTESIAN_POINT('',(13.027621771433,-11.17095193883,
    57.497336976957));
#10926 = CARTESIAN_POINT('',(13.231647529787,-11.14399580524,
    57.604771655353));
#10927 = CARTESIAN_POINT('',(13.311796052622,-11.13530024277,
    57.646801560488));
#10928 = CARTESIAN_POINT('',(13.392152942615,-11.12848317942,
    57.688765827009));
#10929 = CARTESIAN_POINT('',(13.472675869156,-11.12355964049,
    57.730641296897));
#10930 = CARTESIAN_POINT('',(13.553321268911,-11.12054197662,
    57.772404424074));
#10931 = CARTESIAN_POINT('',(13.814949130403,-11.11696996917,
    57.907319299083));
#10932 = CARTESIAN_POINT('',(13.996250383108,-11.12412042149,
    57.999926178672));
#10933 = CARTESIAN_POINT('',(14.177433070885,-11.14099885463,
    58.091577067991));
#10934 = CARTESIAN_POINT('',(14.35797500723,-11.16763679205,
    58.182000444351));
#10935 = CARTESIAN_POINT('',(14.537348045668,-11.20398264467,
    58.270929365696));
#10936 = CARTESIAN_POINT('',(14.956750432504,-11.31236051519,
    58.476706727849));
#10937 = CARTESIAN_POINT('',(15.195364391506,-11.39254260937,
    58.592077238861));
#10938 = CARTESIAN_POINT('',(15.42949344548,-11.49008426561,
    58.703543508666));
#10939 = CARTESIAN_POINT('',(15.657916857182,-11.60434170816,
    58.810536796264));
#10940 = CARTESIAN_POINT('',(15.879539629686,-11.73445989647,
    58.912572480698));
#10941 = CARTESIAN_POINT('',(16.194876858418,-11.94814353094,
    59.055128398236));
#10942 = CARTESIAN_POINT('',(16.294616045031,-12.02024791945,
    59.099802310395));
#10943 = CARTESIAN_POINT('',(16.392512554561,-12.09557858218,
    59.14323148997));
#10944 = CARTESIAN_POINT('',(16.488477724896,-12.17401945172,
    59.185381006008));
#10945 = CARTESIAN_POINT('',(16.582432463242,-12.25544976121,
    59.226221282552));
#10946 = CARTESIAN_POINT('',(16.674306355878,-12.33974558537,
    59.265727498906));
#10947 = ORIENTED_EDGE('',*,*,#10948,.T.);
#10948 = EDGE_CURVE('',#10847,#8110,#10949,.T.);
#10949 = B_SPLINE_CURVE_WITH_KNOTS('',4,(#10950,#10951,#10952,#10953,
    #10954,#10955,#10956,#10957),.UNSPECIFIED.,.F.,.F.,(5,3,5),(0.,
    0.528215153628,1.),.UNSPECIFIED.);
#10950 = CARTESIAN_POINT('',(14.513446243648,-11.2031270495,
    58.258712550735));
#10951 = CARTESIAN_POINT('',(14.462384720696,-11.19261708772,
    58.233412495387));
#10952 = CARTESIAN_POINT('',(14.412046614834,-11.18218452198,
    58.206665441026));
#10953 = CARTESIAN_POINT('',(14.362478538349,-11.17177398089,
    58.178513542574));
#10954 = CARTESIAN_POINT('',(14.270187861528,-11.15198174337,
    58.122617667969));
#10955 = CARTESIAN_POINT('',(14.2272999044,-11.142608957,58.09515148777)
  );
#10956 = CARTESIAN_POINT('',(14.185100062488,-11.13315401193,
    58.066612422152));
#10957 = CARTESIAN_POINT('',(14.143628865499,-11.12356284036,
    58.037017252199));
#10958 = ORIENTED_EDGE('',*,*,#8539,.F.);
#10959 = ORIENTED_EDGE('',*,*,#10826,.T.);
#10960 = ORIENTED_EDGE('',*,*,#6608,.F.);
#10961 = B_SPLINE_SURFACE_WITH_KNOTS('',14,1,(
    (#10962,#10963)
    ,(#10964,#10965)
    ,(#10966,#10967)
    ,(#10968,#10969)
    ,(#10970,#10971)
    ,(#10972,#10973)
    ,(#10974,#10975)
    ,(#10976,#10977)
    ,(#10978,#10979)
    ,(#10980,#10981)
    ,(#10982,#10983)
    ,(#10984,#10985)
    ,(#10986,#10987)
    ,(#10988,#10989)
    ,(#10990,#10991
    )),.UNSPECIFIED.,.T.,.F.,.F.,(15,15),(2,2),(0.,6.28318530718),(0.,1.
    ),.PIECEWISE_BEZIER_KNOTS.);
#10962 = CARTESIAN_POINT('',(23.724164185894,-15.23371637333,
    33.11078608883));
#10963 = CARTESIAN_POINT('',(19.750851748404,-18.41719062809,
    53.886210992869));
#10964 = CARTESIAN_POINT('',(24.693367906667,-10.1183397074,
    34.079989809597));
#10965 = CARTESIAN_POINT('',(20.268307972205,-15.68609969628,
    54.403667216669));
#10966 = CARTESIAN_POINT('',(23.852668919433,-5.002961153303,
    36.859096953875));
#10967 = CARTESIAN_POINT('',(19.819460207839,-12.95500775637,
    55.887427810644));
#10968 = CARTESIAN_POINT('',(20.956787549739,-1.182134230442,
    41.20283247465));
#10969 = CARTESIAN_POINT('',(18.273354052826,-10.91507473824,
    58.20654084293));
#10970 = CARTESIAN_POINT('',(16.301793564942,4.973352153411E-02,
    46.324627200291));
#10971 = CARTESIAN_POINT('',(15.788060654165,-10.25738263337,
    60.941058365936));
#10972 = CARTESIAN_POINT('',(10.81288715602,-2.13776457162,
    50.984608808805));
#10973 = CARTESIAN_POINT('',(12.857542825692,-11.42528415766,
    63.429014648436));
#10974 = CARTESIAN_POINT('',(5.895855854348,-7.644006455795,
    53.815119226295));
#10975 = CARTESIAN_POINT('',(10.232348147619,-14.36505736708,
    64.940219362908));
#10976 = CARTESIAN_POINT('',(2.999446022003,-15.23371637286,
    53.835504253019));
#10977 = CARTESIAN_POINT('',(8.685959847414,-18.41719062776,
    64.951102894029));
#10978 = CARTESIAN_POINT('',(3.01983104815,-22.82342629169,
    50.939094420123));
#10979 = CARTESIAN_POINT('',(8.696843378169,-22.46932388968,
    63.404714593545));
#10980 = CARTESIAN_POINT('',(5.850341466133,-28.32966817441,
    46.022063118875));
#10981 = CARTESIAN_POINT('',(10.208048093015,-25.40909709808,
    60.779519915624));
#10982 = CARTESIAN_POINT('',(10.510323074302,-30.51716626856,
    40.533156709693));
#10983 = CARTESIAN_POINT('',(12.696004375211,-26.57699862305,
    57.849002087107));
#10984 = CARTESIAN_POINT('',(15.632117800138,-29.28529851604,
    35.878162725021));
#10985 = CARTESIAN_POINT('',(15.430521898412,-25.91930651781,
    55.363708688436));
#10986 = CARTESIAN_POINT('',(19.975853320827,-25.46447159341,
    32.982281355281));
#10987 = CARTESIAN_POINT('',(17.749634930602,-23.87937349984,
    53.817602533442));
#10988 = CARTESIAN_POINT('',(22.754960465132,-20.34909303924,
    32.14158236806));
#10989 = CARTESIAN_POINT('',(19.23339552461,-21.14828155988,
    53.368754769065));
#10990 = CARTESIAN_POINT('',(23.724164185894,-15.23371637333,
    33.11078608883));
#10991 = CARTESIAN_POINT('',(19.750851748404,-18.41719062809,
    53.886210992869));
#10992 = ADVANCED_FACE('',(#10993,#10997),#11008,.T.);
#10993 = FACE_BOUND('',#10994,.T.);
#10994 = EDGE_LOOP('',(#10995,#10996));
#10995 = ORIENTED_EDGE('',*,*,#6747,.T.);
#10996 = ORIENTED_EDGE('',*,*,#10801,.T.);
#10997 = FACE_BOUND('',#10998,.T.);
#10998 = EDGE_LOOP('',(#10999));
#10999 = ORIENTED_EDGE('',*,*,#11000,.F.);
#11000 = EDGE_CURVE('',#11001,#11001,#11003,.T.);
#11001 = VERTEX_POINT('',#11002);
#11002 = CARTESIAN_POINT('',(20.801140576867,-20.04775061223,
    61.441882208248));
#11003 = CIRCLE('',#11004,1.7);
#11004 = AXIS2_PLACEMENT_3D('',#11005,#11006,#11007);
#11005 = CARTESIAN_POINT('',(19.59905904885,-20.04775061223,
    62.643963736265));
#11006 = DIRECTION('',(0.683012701892,-0.258819045103,0.683012701892));
#11007 = DIRECTION('',(0.707106781187,0.,-0.707106781187));
#11008 = PLANE('',#11009);
#11009 = AXIS2_PLACEMENT_3D('',#11010,#11011,#11012);
#11010 = CARTESIAN_POINT('',(19.59905904885,-20.04775061223,
    62.643963736265));
#11011 = DIRECTION('',(0.683012701892,-0.258819045103,0.683012701892));
#11012 = DIRECTION('',(0.707106781187,0.,-0.707106781187));
#11013 = ADVANCED_FACE('',(#11014),#11062,.T.);
#11014 = FACE_BOUND('',#11015,.T.);
#11015 = EDGE_LOOP('',(#11016,#11024,#11025,#11026,#11027,#11028,#11029,
    #11030,#11038,#11047,#11055));
#11016 = ORIENTED_EDGE('',*,*,#11017,.F.);
#11017 = EDGE_CURVE('',#6748,#11018,#11020,.T.);
#11018 = VERTEX_POINT('',#11019);
#11019 = CARTESIAN_POINT('',(22.042820297032,-16.15128156522,
    61.676720267657));
#11020 = LINE('',#11021,#11022);
#11021 = CARTESIAN_POINT('',(-21.67200129042,-246.8744757826,
    17.961898680204));
#11022 = VECTOR('',#11023,1.);
#11023 = DIRECTION('',(0.183012701892,0.965925826289,0.183012701892));
#11024 = ORIENTED_EDGE('',*,*,#6764,.F.);
#11025 = ORIENTED_EDGE('',*,*,#6806,.T.);
#11026 = ORIENTED_EDGE('',*,*,#6798,.T.);
#11027 = ORIENTED_EDGE('',*,*,#6890,.T.);
#11028 = ORIENTED_EDGE('',*,*,#8012,.F.);
#11029 = ORIENTED_EDGE('',*,*,#8062,.F.);
#11030 = ORIENTED_EDGE('',*,*,#11031,.F.);
#11031 = EDGE_CURVE('',#11032,#8053,#11034,.T.);
#11032 = VERTEX_POINT('',#11033);
#11033 = CARTESIAN_POINT('',(28.252835996931,16.624665044893,
    67.886735967556));
#11034 = LINE('',#11035,#11036);
#11035 = CARTESIAN_POINT('',(-21.67200129042,-246.8744757826,
    17.961898680204));
#11036 = VECTOR('',#11037,1.);
#11037 = DIRECTION('',(0.183012701892,0.965925826289,0.183012701892));
#11038 = ORIENTED_EDGE('',*,*,#11039,.T.);
#11039 = EDGE_CURVE('',#11032,#11040,#11042,.T.);
#11040 = VERTEX_POINT('',#11041);
#11041 = CARTESIAN_POINT('',(28.574633716227,16.874844059287,
    67.659740428997));
#11042 = CIRCLE('',#11043,4.7);
#11043 = AXIS2_PLACEMENT_3D('',#11044,#11045,#11046);
#11044 = CARTESIAN_POINT('',(27.285592528323,20.521134091904,
    70.330497215738));
#11045 = DIRECTION('',(0.683012701892,-0.258819045103,0.683012701892));
#11046 = DIRECTION('',(0.707106781187,0.,-0.707106781187));
#11047 = ORIENTED_EDGE('',*,*,#11048,.T.);
#11048 = EDGE_CURVE('',#11040,#11049,#11051,.T.);
#11049 = VERTEX_POINT('',#11050);
#11050 = CARTESIAN_POINT('',(22.269815835591,-16.40146057961,
    61.354922548362));
#11051 = LINE('',#11052,#11053);
#11052 = CARTESIAN_POINT('',(31.2876643774,31.193994348018,
    70.372771090171));
#11053 = VECTOR('',#11054,1.);
#11054 = DIRECTION('',(-0.183012701892,-0.965925826289,-0.183012701892)
  );
#11055 = ORIENTED_EDGE('',*,*,#11056,.T.);
#11056 = EDGE_CURVE('',#11049,#11018,#11057,.T.);
#11057 = CIRCLE('',#11058,4.7);
#11058 = AXIS2_PLACEMENT_3D('',#11059,#11060,#11061);
#11059 = CARTESIAN_POINT('',(19.59905904885,-20.04775061223,
    62.643963736265));
#11060 = DIRECTION('',(0.683012701892,-0.258819045103,0.683012701892));
#11061 = DIRECTION('',(0.707106781187,0.,-0.707106781187));
#11062 = PLANE('',#11063);
#11063 = AXIS2_PLACEMENT_3D('',#11064,#11065,#11066);
#11064 = CARTESIAN_POINT('',(-400.2666293214,-483.6322598297,
    306.84015186508));
#11065 = DIRECTION('',(0.683012701892,-0.258819045103,0.683012701892));
#11066 = DIRECTION('',(0.707106781187,0.,-0.707106781187));
#11067 = ADVANCED_FACE('',(#11068),#11073,.T.);
#11068 = FACE_BOUND('',#11069,.T.);
#11069 = EDGE_LOOP('',(#11070,#11071,#11072));
#11070 = ORIENTED_EDGE('',*,*,#6756,.F.);
#11071 = ORIENTED_EDGE('',*,*,#6779,.T.);
#11072 = ORIENTED_EDGE('',*,*,#6812,.T.);
#11073 = PLANE('',#11074);
#11074 = AXIS2_PLACEMENT_3D('',#11075,#11076,#11077);
#11075 = CARTESIAN_POINT('',(-400.2666293214,-483.6322598297,
    306.84015186508));
#11076 = DIRECTION('',(0.683012701892,-0.258819045103,0.683012701892));
#11077 = DIRECTION('',(0.707106781187,0.,-0.707106781187));
#11078 = ADVANCED_FACE('',(#11079),#11104,.T.);
#11079 = FACE_BOUND('',#11080,.T.);
#11080 = EDGE_LOOP('',(#11081,#11082,#11090,#11098));
#11081 = ORIENTED_EDGE('',*,*,#6790,.F.);
#11082 = ORIENTED_EDGE('',*,*,#11083,.T.);
#11083 = EDGE_CURVE('',#2584,#11084,#11086,.T.);
#11084 = VERTEX_POINT('',#11085);
#11085 = CARTESIAN_POINT('',(24.192293193911,-25.2882440213,
    56.064910738579));
#11086 = LINE('',#11087,#11088);
#11087 = CARTESIAN_POINT('',(20.656759287978,-25.2882440213,
    59.600444644512));
#11088 = VECTOR('',#11089,1.);
#11089 = DIRECTION('',(0.707106781187,0.,-0.707106781187));
#11090 = ORIENTED_EDGE('',*,*,#11091,.T.);
#11091 = EDGE_CURVE('',#11084,#11092,#11094,.T.);
#11092 = VERTEX_POINT('',#11093);
#11093 = CARTESIAN_POINT('',(28.710393284072,-1.442087346256,
    60.583010828739));
#11094 = LINE('',#11095,#11096);
#11095 = CARTESIAN_POINT('',(24.192293193911,-25.2882440213,
    56.064910738579));
#11096 = VECTOR('',#11097,1.);
#11097 = DIRECTION('',(0.183012701892,0.965925826289,0.183012701892));
#11098 = ORIENTED_EDGE('',*,*,#11099,.F.);
#11099 = EDGE_CURVE('',#6791,#11092,#11100,.T.);
#11100 = LINE('',#11101,#11102);
#11101 = CARTESIAN_POINT('',(25.174859378139,-1.442087346256,
    64.118544734672));
#11102 = VECTOR('',#11103,1.);
#11103 = DIRECTION('',(0.707106781187,0.,-0.707106781187));
#11104 = PLANE('',#11105);
#11105 = AXIS2_PLACEMENT_3D('',#11106,#11107,#11108);
#11106 = CARTESIAN_POINT('',(20.656759287978,-25.2882440213,
    59.600444644512));
#11107 = DIRECTION('',(0.683012701892,-0.258819045103,0.683012701892));
#11108 = DIRECTION('',(0.707106781187,0.,-0.707106781187));
#11109 = ADVANCED_FACE('',(#11110),#11128,.F.);
#11110 = FACE_BOUND('',#11111,.F.);
#11111 = EDGE_LOOP('',(#11112,#11120,#11121,#11122));
#11112 = ORIENTED_EDGE('',*,*,#11113,.F.);
#11113 = EDGE_CURVE('',#6921,#11114,#11116,.T.);
#11114 = VERTEX_POINT('',#11115);
#11115 = CARTESIAN_POINT('',(22.425915113824,-24.61889733607,
    54.298532658491));
#11116 = LINE('',#11117,#11118);
#11117 = CARTESIAN_POINT('',(18.890381207891,-24.61889733607,
    57.834066564424));
#11118 = VECTOR('',#11119,1.);
#11119 = DIRECTION('',(0.707106781187,0.,-0.707106781187));
#11120 = ORIENTED_EDGE('',*,*,#6928,.T.);
#11121 = ORIENTED_EDGE('',*,*,#11083,.T.);
#11122 = ORIENTED_EDGE('',*,*,#11123,.F.);
#11123 = EDGE_CURVE('',#11114,#11084,#11124,.T.);
#11124 = LINE('',#11125,#11126);
#11125 = CARTESIAN_POINT('',(21.059889710039,-24.10125924587,
    52.932507254707));
#11126 = VECTOR('',#11127,1.);
#11127 = DIRECTION('',(0.683012701892,-0.258819045103,0.683012701892));
#11128 = PLANE('',#11129);
#11129 = AXIS2_PLACEMENT_3D('',#11130,#11131,#11132);
#11130 = CARTESIAN_POINT('',(17.524355804106,-24.10125924587,
    56.46804116064));
#11131 = DIRECTION('',(0.183012701892,0.965925826289,0.183012701892));
#11132 = DIRECTION('',(0.683012701892,-0.258819045103,0.683012701892));
#11133 = ADVANCED_FACE('',(#11134),#11152,.F.);
#11134 = FACE_BOUND('',#11135,.F.);
#11135 = EDGE_LOOP('',(#11136,#11144,#11150,#11151));
#11136 = ORIENTED_EDGE('',*,*,#11137,.F.);
#11137 = EDGE_CURVE('',#11138,#11114,#11140,.T.);
#11138 = VERTEX_POINT('',#11139);
#11139 = CARTESIAN_POINT('',(21.059889710039,-24.10125924587,
    52.932507254707));
#11140 = LINE('',#11141,#11142);
#11141 = CARTESIAN_POINT('',(21.059889710039,-24.10125924587,
    52.932507254707));
#11142 = VECTOR('',#11143,1.);
#11143 = DIRECTION('',(0.683012701892,-0.258819045103,0.683012701892));
#11144 = ORIENTED_EDGE('',*,*,#11145,.F.);
#11145 = EDGE_CURVE('',#6913,#11138,#11146,.T.);
#11146 = LINE('',#11147,#11148);
#11147 = CARTESIAN_POINT('',(17.524355804106,-24.10125924587,
    56.46804116064));
#11148 = VECTOR('',#11149,1.);
#11149 = DIRECTION('',(0.707106781187,0.,-0.707106781187));
#11150 = ORIENTED_EDGE('',*,*,#6920,.T.);
#11151 = ORIENTED_EDGE('',*,*,#11113,.T.);
#11152 = PLANE('',#11153);
#11153 = AXIS2_PLACEMENT_3D('',#11154,#11155,#11156);
#11154 = CARTESIAN_POINT('',(17.524355804106,-24.10125924587,
    56.46804116064));
#11155 = DIRECTION('',(0.183012701892,0.965925826289,0.183012701892));
#11156 = DIRECTION('',(0.683012701892,-0.258819045103,0.683012701892));
#11157 = ADVANCED_FACE('',(#11158),#11176,.F.);
#11158 = FACE_BOUND('',#11159,.F.);
#11159 = EDGE_LOOP('',(#11160,#11161,#11162,#11170));
#11160 = ORIENTED_EDGE('',*,*,#6912,.T.);
#11161 = ORIENTED_EDGE('',*,*,#11145,.T.);
#11162 = ORIENTED_EDGE('',*,*,#11163,.T.);
#11163 = EDGE_CURVE('',#11138,#11164,#11166,.T.);
#11164 = VERTEX_POINT('',#11165);
#11165 = CARTESIAN_POINT('',(25.5779898002,-0.255102570826,
    57.450607344868));
#11166 = LINE('',#11167,#11168);
#11167 = CARTESIAN_POINT('',(21.059889710039,-24.10125924587,
    52.932507254707));
#11168 = VECTOR('',#11169,1.);
#11169 = DIRECTION('',(0.183012701892,0.965925826289,0.183012701892));
#11170 = ORIENTED_EDGE('',*,*,#11171,.F.);
#11171 = EDGE_CURVE('',#6905,#11164,#11172,.T.);
#11172 = LINE('',#11173,#11174);
#11173 = CARTESIAN_POINT('',(22.042455894267,-0.255102570826,
    60.9861412508));
#11174 = VECTOR('',#11175,1.);
#11175 = DIRECTION('',(0.707106781187,0.,-0.707106781187));
#11176 = PLANE('',#11177);
#11177 = AXIS2_PLACEMENT_3D('',#11178,#11179,#11180);
#11178 = CARTESIAN_POINT('',(17.524355804106,-24.10125924587,
    56.46804116064));
#11179 = DIRECTION('',(0.683012701892,-0.258819045103,0.683012701892));
#11180 = DIRECTION('',(0.707106781187,0.,-0.707106781187));
#11181 = ADVANCED_FACE('',(#11182),#11200,.T.);
#11182 = FACE_BOUND('',#11183,.T.);
#11183 = EDGE_LOOP('',(#11184,#11192,#11193,#11194));
#11184 = ORIENTED_EDGE('',*,*,#11185,.F.);
#11185 = EDGE_CURVE('',#11164,#11186,#11188,.T.);
#11186 = VERTEX_POINT('',#11187);
#11187 = CARTESIAN_POINT('',(26.944015203984,-0.772740661031,
    58.816632748652));
#11188 = LINE('',#11189,#11190);
#11189 = CARTESIAN_POINT('',(25.5779898002,-0.255102570826,
    57.450607344868));
#11190 = VECTOR('',#11191,1.);
#11191 = DIRECTION('',(0.683012701892,-0.258819045103,0.683012701892));
#11192 = ORIENTED_EDGE('',*,*,#11171,.F.);
#11193 = ORIENTED_EDGE('',*,*,#6904,.T.);
#11194 = ORIENTED_EDGE('',*,*,#11195,.T.);
#11195 = EDGE_CURVE('',#6897,#11186,#11196,.T.);
#11196 = LINE('',#11197,#11198);
#11197 = CARTESIAN_POINT('',(23.408481298051,-0.772740661031,
    62.352166654585));
#11198 = VECTOR('',#11199,1.);
#11199 = DIRECTION('',(0.707106781187,0.,-0.707106781187));
#11200 = PLANE('',#11201);
#11201 = AXIS2_PLACEMENT_3D('',#11202,#11203,#11204);
#11202 = CARTESIAN_POINT('',(22.042455894267,-0.255102570826,
    60.9861412508));
#11203 = DIRECTION('',(0.183012701892,0.965925826289,0.183012701892));
#11204 = DIRECTION('',(0.683012701892,-0.258819045103,0.683012701892));
#11205 = ADVANCED_FACE('',(#11206),#11217,.T.);
#11206 = FACE_BOUND('',#11207,.T.);
#11207 = EDGE_LOOP('',(#11208,#11209,#11210,#11211));
#11208 = ORIENTED_EDGE('',*,*,#11195,.F.);
#11209 = ORIENTED_EDGE('',*,*,#6896,.T.);
#11210 = ORIENTED_EDGE('',*,*,#11099,.T.);
#11211 = ORIENTED_EDGE('',*,*,#11212,.F.);
#11212 = EDGE_CURVE('',#11186,#11092,#11213,.T.);
#11213 = LINE('',#11214,#11215);
#11214 = CARTESIAN_POINT('',(25.5779898002,-0.255102570826,
    57.450607344868));
#11215 = VECTOR('',#11216,1.);
#11216 = DIRECTION('',(0.683012701892,-0.258819045103,0.683012701892));
#11217 = PLANE('',#11218);
#11218 = AXIS2_PLACEMENT_3D('',#11219,#11220,#11221);
#11219 = CARTESIAN_POINT('',(22.042455894267,-0.255102570826,
    60.9861412508));
#11220 = DIRECTION('',(0.183012701892,0.965925826289,0.183012701892));
#11221 = DIRECTION('',(0.683012701892,-0.258819045103,0.683012701892));
#11222 = ADVANCED_FACE('',(#11223),#11248,.F.);
#11223 = FACE_BOUND('',#11224,.F.);
#11224 = EDGE_LOOP('',(#11225,#11233,#11234,#11242));
#11225 = ORIENTED_EDGE('',*,*,#11226,.F.);
#11226 = EDGE_CURVE('',#6875,#11227,#11229,.T.);
#11227 = VERTEX_POINT('',#11228);
#11228 = CARTESIAN_POINT('',(31.080102266748,21.057183013102,
    62.952719811416));
#11229 = LINE('',#11230,#11231);
#11230 = CARTESIAN_POINT('',(27.544568360815,21.057183013102,
    66.488253717349));
#11231 = VECTOR('',#11232,1.);
#11232 = DIRECTION('',(0.707106781187,0.,-0.707106781187));
#11233 = ORIENTED_EDGE('',*,*,#6882,.T.);
#11234 = ORIENTED_EDGE('',*,*,#11235,.T.);
#11235 = EDGE_CURVE('',#6883,#11236,#11238,.T.);
#11236 = VERTEX_POINT('',#11237);
#11237 = CARTESIAN_POINT('',(32.846480346836,20.387836327876,
    64.719097891504));
#11238 = LINE('',#11239,#11240);
#11239 = CARTESIAN_POINT('',(29.310946440903,20.387836327876,
    68.254631797436));
#11240 = VECTOR('',#11241,1.);
#11241 = DIRECTION('',(0.707106781187,0.,-0.707106781187));
#11242 = ORIENTED_EDGE('',*,*,#11243,.F.);
#11243 = EDGE_CURVE('',#11227,#11236,#11244,.T.);
#11244 = LINE('',#11245,#11246);
#11245 = CARTESIAN_POINT('',(29.714076862964,21.574821103307,
    61.586694407632));
#11246 = VECTOR('',#11247,1.);
#11247 = DIRECTION('',(0.683012701892,-0.258819045103,0.683012701892));
#11248 = PLANE('',#11249);
#11249 = AXIS2_PLACEMENT_3D('',#11250,#11251,#11252);
#11250 = CARTESIAN_POINT('',(26.178542957031,21.574821103307,
    65.122228313564));
#11251 = DIRECTION('',(0.183012701892,0.965925826289,0.183012701892));
#11252 = DIRECTION('',(0.683012701892,-0.258819045103,0.683012701892));
#11253 = ADVANCED_FACE('',(#11254),#11272,.F.);
#11254 = FACE_BOUND('',#11255,.F.);
#11255 = EDGE_LOOP('',(#11256,#11264,#11270,#11271));
#11256 = ORIENTED_EDGE('',*,*,#11257,.F.);
#11257 = EDGE_CURVE('',#11258,#11227,#11260,.T.);
#11258 = VERTEX_POINT('',#11259);
#11259 = CARTESIAN_POINT('',(29.714076862964,21.574821103307,
    61.586694407632));
#11260 = LINE('',#11261,#11262);
#11261 = CARTESIAN_POINT('',(29.714076862964,21.574821103307,
    61.586694407632));
#11262 = VECTOR('',#11263,1.);
#11263 = DIRECTION('',(0.683012701892,-0.258819045103,0.683012701892));
#11264 = ORIENTED_EDGE('',*,*,#11265,.F.);
#11265 = EDGE_CURVE('',#6867,#11258,#11266,.T.);
#11266 = LINE('',#11267,#11268);
#11267 = CARTESIAN_POINT('',(26.178542957031,21.574821103307,
    65.122228313564));
#11268 = VECTOR('',#11269,1.);
#11269 = DIRECTION('',(0.707106781187,0.,-0.707106781187));
#11270 = ORIENTED_EDGE('',*,*,#6874,.T.);
#11271 = ORIENTED_EDGE('',*,*,#11226,.T.);
#11272 = PLANE('',#11273);
#11273 = AXIS2_PLACEMENT_3D('',#11274,#11275,#11276);
#11274 = CARTESIAN_POINT('',(26.178542957031,21.574821103307,
    65.122228313564));
#11275 = DIRECTION('',(0.183012701892,0.965925826289,0.183012701892));
#11276 = DIRECTION('',(0.683012701892,-0.258819045103,0.683012701892));
#11277 = ADVANCED_FACE('',(#11278),#11296,.F.);
#11278 = FACE_BOUND('',#11279,.F.);
#11279 = EDGE_LOOP('',(#11280,#11281,#11282,#11290));
#11280 = ORIENTED_EDGE('',*,*,#6866,.T.);
#11281 = ORIENTED_EDGE('',*,*,#11265,.T.);
#11282 = ORIENTED_EDGE('',*,*,#11283,.T.);
#11283 = EDGE_CURVE('',#11258,#11284,#11286,.T.);
#11284 = VERTEX_POINT('',#11285);
#11285 = CARTESIAN_POINT('',(30.388910213388,25.13653542628,
    62.261527758056));
#11286 = LINE('',#11287,#11288);
#11287 = CARTESIAN_POINT('',(29.714076862964,21.574821103307,
    61.586694407632));
#11288 = VECTOR('',#11289,1.);
#11289 = DIRECTION('',(0.183012701892,0.965925826289,0.183012701892));
#11290 = ORIENTED_EDGE('',*,*,#11291,.F.);
#11291 = EDGE_CURVE('',#6859,#11284,#11292,.T.);
#11292 = LINE('',#11293,#11294);
#11293 = CARTESIAN_POINT('',(26.853376307455,25.13653542628,
    65.797061663988));
#11294 = VECTOR('',#11295,1.);
#11295 = DIRECTION('',(0.707106781187,0.,-0.707106781187));
#11296 = PLANE('',#11297);
#11297 = AXIS2_PLACEMENT_3D('',#11298,#11299,#11300);
#11298 = CARTESIAN_POINT('',(26.178542957031,21.574821103307,
    65.122228313564));
#11299 = DIRECTION('',(0.683012701892,-0.258819045103,0.683012701892));
#11300 = DIRECTION('',(0.707106781187,0.,-0.707106781187));
#11301 = ADVANCED_FACE('',(#11302),#11320,.T.);
#11302 = FACE_BOUND('',#11303,.T.);
#11303 = EDGE_LOOP('',(#11304,#11312,#11313,#11314));
#11304 = ORIENTED_EDGE('',*,*,#11305,.F.);
#11305 = EDGE_CURVE('',#11284,#11306,#11308,.T.);
#11306 = VERTEX_POINT('',#11307);
#11307 = CARTESIAN_POINT('',(31.754935617172,24.618897336075,
    63.62755316184));
#11308 = LINE('',#11309,#11310);
#11309 = CARTESIAN_POINT('',(30.388910213388,25.13653542628,
    62.261527758056));
#11310 = VECTOR('',#11311,1.);
#11311 = DIRECTION('',(0.683012701892,-0.258819045103,0.683012701892));
#11312 = ORIENTED_EDGE('',*,*,#11291,.F.);
#11313 = ORIENTED_EDGE('',*,*,#6858,.T.);
#11314 = ORIENTED_EDGE('',*,*,#11315,.T.);
#11315 = EDGE_CURVE('',#6851,#11306,#11316,.T.);
#11316 = LINE('',#11317,#11318);
#11317 = CARTESIAN_POINT('',(28.219401711239,24.618897336075,
    67.163087067773));
#11318 = VECTOR('',#11319,1.);
#11319 = DIRECTION('',(0.707106781187,0.,-0.707106781187));
#11320 = PLANE('',#11321);
#11321 = AXIS2_PLACEMENT_3D('',#11322,#11323,#11324);
#11322 = CARTESIAN_POINT('',(26.853376307455,25.13653542628,
    65.797061663988));
#11323 = DIRECTION('',(0.183012701892,0.965925826289,0.183012701892));
#11324 = DIRECTION('',(0.683012701892,-0.258819045103,0.683012701892));
#11325 = ADVANCED_FACE('',(#11326),#11344,.T.);
#11326 = FACE_BOUND('',#11327,.T.);
#11327 = EDGE_LOOP('',(#11328,#11329,#11330,#11338));
#11328 = ORIENTED_EDGE('',*,*,#11315,.F.);
#11329 = ORIENTED_EDGE('',*,*,#6850,.T.);
#11330 = ORIENTED_EDGE('',*,*,#11331,.T.);
#11331 = EDGE_CURVE('',#3606,#11332,#11334,.T.);
#11332 = VERTEX_POINT('',#11333);
#11333 = CARTESIAN_POINT('',(33.52131369726,23.94955065085,
    65.393931241928));
#11334 = LINE('',#11335,#11336);
#11335 = CARTESIAN_POINT('',(29.985779791327,23.94955065085,
    68.92946514786));
#11336 = VECTOR('',#11337,1.);
#11337 = DIRECTION('',(0.707106781187,0.,-0.707106781187));
#11338 = ORIENTED_EDGE('',*,*,#11339,.F.);
#11339 = EDGE_CURVE('',#11306,#11332,#11340,.T.);
#11340 = LINE('',#11341,#11342);
#11341 = CARTESIAN_POINT('',(30.388910213388,25.13653542628,
    62.261527758056));
#11342 = VECTOR('',#11343,1.);
#11343 = DIRECTION('',(0.683012701892,-0.258819045103,0.683012701892));
#11344 = PLANE('',#11345);
#11345 = AXIS2_PLACEMENT_3D('',#11346,#11347,#11348);
#11346 = CARTESIAN_POINT('',(26.853376307455,25.13653542628,
    65.797061663988));
#11347 = DIRECTION('',(0.183012701892,0.965925826289,0.183012701892));
#11348 = DIRECTION('',(0.683012701892,-0.258819045103,0.683012701892));
#11349 = ADVANCED_FACE('',(#11350),#11375,.T.);
#11350 = FACE_BOUND('',#11351,.T.);
#11351 = EDGE_LOOP('',(#11352,#11353,#11361,#11369));
#11352 = ORIENTED_EDGE('',*,*,#7069,.T.);
#11353 = ORIENTED_EDGE('',*,*,#11354,.T.);
#11354 = EDGE_CURVE('',#7062,#11355,#11357,.T.);
#11355 = VERTEX_POINT('',#11356);
#11356 = CARTESIAN_POINT('',(51.361138364332,-27.80645256282,
    24.155425575495));
#11357 = LINE('',#11358,#11359);
#11358 = CARTESIAN_POINT('',(50.70229263752,-31.28378553747,
    23.496579848683));
#11359 = VECTOR('',#11360,1.);
#11360 = DIRECTION('',(0.183012701892,0.965925826289,0.183012701892));
#11361 = ORIENTED_EDGE('',*,*,#11362,.T.);
#11362 = EDGE_CURVE('',#11355,#11363,#11365,.T.);
#11363 = VERTEX_POINT('',#11364);
#11364 = CARTESIAN_POINT('',(53.127516444419,-28.47579924805,
    25.921803655582));
#11365 = LINE('',#11366,#11367);
#11366 = CARTESIAN_POINT('',(49.995112960547,-27.28881447262,
    22.78940017171));
#11367 = VECTOR('',#11368,1.);
#11368 = DIRECTION('',(0.683012701892,-0.258819045103,0.683012701892));
#11369 = ORIENTED_EDGE('',*,*,#11370,.F.);
#11370 = EDGE_CURVE('',#2480,#11363,#11371,.T.);
#11371 = LINE('',#11372,#11373);
#11372 = CARTESIAN_POINT('',(52.468670717607,-31.95313222269,
    25.26295792877));
#11373 = VECTOR('',#11374,1.);
#11374 = DIRECTION('',(0.183012701892,0.965925826289,0.183012701892));
#11375 = PLANE('',#11376);
#11376 = AXIS2_PLACEMENT_3D('',#11377,#11378,#11379);
#11377 = CARTESIAN_POINT('',(49.336267233735,-30.76614744726,
    22.130554444898));
#11378 = DIRECTION('',(0.707106781187,0.,-0.707106781187));
#11379 = DIRECTION('',(0.683012701892,-0.258819045103,0.683012701892));
#11380 = ADVANCED_FACE('',(#11381),#11399,.T.);
#11381 = FACE_BOUND('',#11382,.T.);
#11382 = EDGE_LOOP('',(#11383,#11384,#11392,#11398));
#11383 = ORIENTED_EDGE('',*,*,#7061,.T.);
#11384 = ORIENTED_EDGE('',*,*,#11385,.T.);
#11385 = EDGE_CURVE('',#7054,#11386,#11388,.T.);
#11386 = VERTEX_POINT('',#11387);
#11387 = CARTESIAN_POINT('',(49.995112960547,-27.28881447262,
    22.78940017171));
#11388 = LINE('',#11389,#11390);
#11389 = CARTESIAN_POINT('',(49.336267233735,-30.76614744726,
    22.130554444898));
#11390 = VECTOR('',#11391,1.);
#11391 = DIRECTION('',(0.183012701892,0.965925826289,0.183012701892));
#11392 = ORIENTED_EDGE('',*,*,#11393,.T.);
#11393 = EDGE_CURVE('',#11386,#11355,#11394,.T.);
#11394 = LINE('',#11395,#11396);
#11395 = CARTESIAN_POINT('',(49.995112960547,-27.28881447262,
    22.78940017171));
#11396 = VECTOR('',#11397,1.);
#11397 = DIRECTION('',(0.683012701892,-0.258819045103,0.683012701892));
#11398 = ORIENTED_EDGE('',*,*,#11354,.F.);
#11399 = PLANE('',#11400);
#11400 = AXIS2_PLACEMENT_3D('',#11401,#11402,#11403);
#11401 = CARTESIAN_POINT('',(49.336267233735,-30.76614744726,
    22.130554444898));
#11402 = DIRECTION('',(0.707106781187,0.,-0.707106781187));
#11403 = DIRECTION('',(0.683012701892,-0.258819045103,0.683012701892));
#11404 = ADVANCED_FACE('',(#11405),#11423,.F.);
#11405 = FACE_BOUND('',#11406,.F.);
#11406 = EDGE_LOOP('',(#11407,#11415,#11421,#11422));
#11407 = ORIENTED_EDGE('',*,*,#11408,.F.);
#11408 = EDGE_CURVE('',#11409,#11386,#11411,.T.);
#11409 = VERTEX_POINT('',#11410);
#11410 = CARTESIAN_POINT('',(46.151744360065,-27.28881447262,
    26.632768772192));
#11411 = LINE('',#11412,#11413);
#11412 = CARTESIAN_POINT('',(46.151744360065,-27.28881447262,
    26.632768772192));
#11413 = VECTOR('',#11414,1.);
#11414 = DIRECTION('',(0.707106781187,0.,-0.707106781187));
#11415 = ORIENTED_EDGE('',*,*,#11416,.F.);
#11416 = EDGE_CURVE('',#7046,#11409,#11417,.T.);
#11417 = LINE('',#11418,#11419);
#11418 = CARTESIAN_POINT('',(45.492898633254,-30.76614744726,
    25.97392304538));
#11419 = VECTOR('',#11420,1.);
#11420 = DIRECTION('',(0.183012701892,0.965925826289,0.183012701892));
#11421 = ORIENTED_EDGE('',*,*,#7053,.T.);
#11422 = ORIENTED_EDGE('',*,*,#11385,.T.);
#11423 = PLANE('',#11424);
#11424 = AXIS2_PLACEMENT_3D('',#11425,#11426,#11427);
#11425 = CARTESIAN_POINT('',(45.492898633254,-30.76614744726,
    25.97392304538));
#11426 = DIRECTION('',(0.683012701892,-0.258819045103,0.683012701892));
#11427 = DIRECTION('',(0.707106781187,0.,-0.707106781187));
#11428 = ADVANCED_FACE('',(#11429),#11447,.F.);
#11429 = FACE_BOUND('',#11430,.F.);
#11430 = EDGE_LOOP('',(#11431,#11432,#11433,#11441));
#11431 = ORIENTED_EDGE('',*,*,#7045,.T.);
#11432 = ORIENTED_EDGE('',*,*,#11416,.T.);
#11433 = ORIENTED_EDGE('',*,*,#11434,.T.);
#11434 = EDGE_CURVE('',#11409,#11435,#11437,.T.);
#11435 = VERTEX_POINT('',#11436);
#11436 = CARTESIAN_POINT('',(47.51776976385,-27.80645256282,
    27.998794175976));
#11437 = LINE('',#11438,#11439);
#11438 = CARTESIAN_POINT('',(46.151744360065,-27.28881447262,
    26.632768772192));
#11439 = VECTOR('',#11440,1.);
#11440 = DIRECTION('',(0.683012701892,-0.258819045103,0.683012701892));
#11441 = ORIENTED_EDGE('',*,*,#11442,.F.);
#11442 = EDGE_CURVE('',#7038,#11435,#11443,.T.);
#11443 = LINE('',#11444,#11445);
#11444 = CARTESIAN_POINT('',(46.858924037038,-31.28378553747,
    27.339948449164));
#11445 = VECTOR('',#11446,1.);
#11446 = DIRECTION('',(0.183012701892,0.965925826289,0.183012701892));
#11447 = PLANE('',#11448);
#11448 = AXIS2_PLACEMENT_3D('',#11449,#11450,#11451);
#11449 = CARTESIAN_POINT('',(45.492898633254,-30.76614744726,
    25.97392304538));
#11450 = DIRECTION('',(0.707106781187,0.,-0.707106781187));
#11451 = DIRECTION('',(0.683012701892,-0.258819045103,0.683012701892));
#11452 = ADVANCED_FACE('',(#11453),#11471,.F.);
#11453 = FACE_BOUND('',#11454,.F.);
#11454 = EDGE_LOOP('',(#11455,#11456,#11457,#11465));
#11455 = ORIENTED_EDGE('',*,*,#7037,.T.);
#11456 = ORIENTED_EDGE('',*,*,#11442,.T.);
#11457 = ORIENTED_EDGE('',*,*,#11458,.T.);
#11458 = EDGE_CURVE('',#11435,#11459,#11461,.T.);
#11459 = VERTEX_POINT('',#11460);
#11460 = CARTESIAN_POINT('',(49.284147843937,-28.47579924805,
    29.765172256064));
#11461 = LINE('',#11462,#11463);
#11462 = CARTESIAN_POINT('',(46.151744360065,-27.28881447262,
    26.632768772192));
#11463 = VECTOR('',#11464,1.);
#11464 = DIRECTION('',(0.683012701892,-0.258819045103,0.683012701892));
#11465 = ORIENTED_EDGE('',*,*,#11466,.F.);
#11466 = EDGE_CURVE('',#2504,#11459,#11467,.T.);
#11467 = LINE('',#11468,#11469);
#11468 = CARTESIAN_POINT('',(48.625302117125,-31.95313222269,
    29.106326529252));
#11469 = VECTOR('',#11470,1.);
#11470 = DIRECTION('',(0.183012701892,0.965925826289,0.183012701892));
#11471 = PLANE('',#11472);
#11472 = AXIS2_PLACEMENT_3D('',#11473,#11474,#11475);
#11473 = CARTESIAN_POINT('',(45.492898633254,-30.76614744726,
    25.97392304538));
#11474 = DIRECTION('',(0.707106781187,0.,-0.707106781187));
#11475 = DIRECTION('',(0.683012701892,-0.258819045103,0.683012701892));
#11476 = ADVANCED_FACE('',(#11477),#11502,.T.);
#11477 = FACE_BOUND('',#11478,.T.);
#11478 = EDGE_LOOP('',(#11479,#11480,#11488,#11496));
#11479 = ORIENTED_EDGE('',*,*,#7030,.T.);
#11480 = ORIENTED_EDGE('',*,*,#11481,.T.);
#11481 = EDGE_CURVE('',#7023,#11482,#11484,.T.);
#11482 = VERTEX_POINT('',#11483);
#11483 = CARTESIAN_POINT('',(46.103556201477,-27.80645256282,
    29.41300773835));
#11484 = LINE('',#11485,#11486);
#11485 = CARTESIAN_POINT('',(45.444710474665,-31.28378553747,
    28.754162011538));
#11486 = VECTOR('',#11487,1.);
#11487 = DIRECTION('',(0.183012701892,0.965925826289,0.183012701892));
#11488 = ORIENTED_EDGE('',*,*,#11489,.T.);
#11489 = EDGE_CURVE('',#11482,#11490,#11492,.T.);
#11490 = VERTEX_POINT('',#11491);
#11491 = CARTESIAN_POINT('',(47.869934281564,-28.47579924805,
    31.179385818437));
#11492 = LINE('',#11493,#11494);
#11493 = CARTESIAN_POINT('',(44.737530797692,-27.28881447262,
    28.046982334565));
#11494 = VECTOR('',#11495,1.);
#11495 = DIRECTION('',(0.683012701892,-0.258819045103,0.683012701892));
#11496 = ORIENTED_EDGE('',*,*,#11497,.F.);
#11497 = EDGE_CURVE('',#2512,#11490,#11498,.T.);
#11498 = LINE('',#11499,#11500);
#11499 = CARTESIAN_POINT('',(47.211088554752,-31.95313222269,
    30.520540091625));
#11500 = VECTOR('',#11501,1.);
#11501 = DIRECTION('',(0.183012701892,0.965925826289,0.183012701892));
#11502 = PLANE('',#11503);
#11503 = AXIS2_PLACEMENT_3D('',#11504,#11505,#11506);
#11504 = CARTESIAN_POINT('',(44.07868507088,-30.76614744726,
    27.388136607753));
#11505 = DIRECTION('',(0.707106781187,0.,-0.707106781187));
#11506 = DIRECTION('',(0.683012701892,-0.258819045103,0.683012701892));
#11507 = ADVANCED_FACE('',(#11508),#11526,.T.);
#11508 = FACE_BOUND('',#11509,.T.);
#11509 = EDGE_LOOP('',(#11510,#11511,#11519,#11525));
#11510 = ORIENTED_EDGE('',*,*,#7022,.T.);
#11511 = ORIENTED_EDGE('',*,*,#11512,.T.);
#11512 = EDGE_CURVE('',#7015,#11513,#11515,.T.);
#11513 = VERTEX_POINT('',#11514);
#11514 = CARTESIAN_POINT('',(44.737530797692,-27.28881447262,
    28.046982334565));
#11515 = LINE('',#11516,#11517);
#11516 = CARTESIAN_POINT('',(44.07868507088,-30.76614744726,
    27.388136607753));
#11517 = VECTOR('',#11518,1.);
#11518 = DIRECTION('',(0.183012701892,0.965925826289,0.183012701892));
#11519 = ORIENTED_EDGE('',*,*,#11520,.T.);
#11520 = EDGE_CURVE('',#11513,#11482,#11521,.T.);
#11521 = LINE('',#11522,#11523);
#11522 = CARTESIAN_POINT('',(44.737530797692,-27.28881447262,
    28.046982334565));
#11523 = VECTOR('',#11524,1.);
#11524 = DIRECTION('',(0.683012701892,-0.258819045103,0.683012701892));
#11525 = ORIENTED_EDGE('',*,*,#11481,.F.);
#11526 = PLANE('',#11527);
#11527 = AXIS2_PLACEMENT_3D('',#11528,#11529,#11530);
#11528 = CARTESIAN_POINT('',(44.07868507088,-30.76614744726,
    27.388136607753));
#11529 = DIRECTION('',(0.707106781187,0.,-0.707106781187));
#11530 = DIRECTION('',(0.683012701892,-0.258819045103,0.683012701892));
#11531 = ADVANCED_FACE('',(#11532),#11550,.F.);
#11532 = FACE_BOUND('',#11533,.F.);
#11533 = EDGE_LOOP('',(#11534,#11542,#11548,#11549));
#11534 = ORIENTED_EDGE('',*,*,#11535,.F.);
#11535 = EDGE_CURVE('',#11536,#11513,#11538,.T.);
#11536 = VERTEX_POINT('',#11537);
#11537 = CARTESIAN_POINT('',(41.182905008668,-27.28881447262,
    31.60160812359));
#11538 = LINE('',#11539,#11540);
#11539 = CARTESIAN_POINT('',(41.182905008668,-27.28881447262,
    31.60160812359));
#11540 = VECTOR('',#11541,1.);
#11541 = DIRECTION('',(0.707106781187,0.,-0.707106781187));
#11542 = ORIENTED_EDGE('',*,*,#11543,.F.);
#11543 = EDGE_CURVE('',#7007,#11536,#11544,.T.);
#11544 = LINE('',#11545,#11546);
#11545 = CARTESIAN_POINT('',(40.524059281856,-30.76614744726,
    30.942762396778));
#11546 = VECTOR('',#11547,1.);
#11547 = DIRECTION('',(0.183012701892,0.965925826289,0.183012701892));
#11548 = ORIENTED_EDGE('',*,*,#7014,.T.);
#11549 = ORIENTED_EDGE('',*,*,#11512,.T.);
#11550 = PLANE('',#11551);
#11551 = AXIS2_PLACEMENT_3D('',#11552,#11553,#11554);
#11552 = CARTESIAN_POINT('',(40.524059281856,-30.76614744726,
    30.942762396778));
#11553 = DIRECTION('',(0.683012701892,-0.258819045103,0.683012701892));
#11554 = DIRECTION('',(0.707106781187,0.,-0.707106781187));
#11555 = ADVANCED_FACE('',(#11556),#11574,.F.);
#11556 = FACE_BOUND('',#11557,.F.);
#11557 = EDGE_LOOP('',(#11558,#11559,#11560,#11568));
#11558 = ORIENTED_EDGE('',*,*,#7006,.T.);
#11559 = ORIENTED_EDGE('',*,*,#11543,.T.);
#11560 = ORIENTED_EDGE('',*,*,#11561,.T.);
#11561 = EDGE_CURVE('',#11536,#11562,#11564,.T.);
#11562 = VERTEX_POINT('',#11563);
#11563 = CARTESIAN_POINT('',(42.548930412452,-27.80645256282,
    32.967633527374));
#11564 = LINE('',#11565,#11566);
#11565 = CARTESIAN_POINT('',(41.182905008668,-27.28881447262,
    31.60160812359));
#11566 = VECTOR('',#11567,1.);
#11567 = DIRECTION('',(0.683012701892,-0.258819045103,0.683012701892));
#11568 = ORIENTED_EDGE('',*,*,#11569,.F.);
#11569 = EDGE_CURVE('',#6999,#11562,#11570,.T.);
#11570 = LINE('',#11571,#11572);
#11571 = CARTESIAN_POINT('',(41.89008468564,-31.28378553747,
    32.308787800562));
#11572 = VECTOR('',#11573,1.);
#11573 = DIRECTION('',(0.183012701892,0.965925826289,0.183012701892));
#11574 = PLANE('',#11575);
#11575 = AXIS2_PLACEMENT_3D('',#11576,#11577,#11578);
#11576 = CARTESIAN_POINT('',(40.524059281856,-30.76614744726,
    30.942762396778));
#11577 = DIRECTION('',(0.707106781187,0.,-0.707106781187));
#11578 = DIRECTION('',(0.683012701892,-0.258819045103,0.683012701892));
#11579 = ADVANCED_FACE('',(#11580),#11598,.F.);
#11580 = FACE_BOUND('',#11581,.F.);
#11581 = EDGE_LOOP('',(#11582,#11583,#11584,#11592));
#11582 = ORIENTED_EDGE('',*,*,#6998,.T.);
#11583 = ORIENTED_EDGE('',*,*,#11569,.T.);
#11584 = ORIENTED_EDGE('',*,*,#11585,.T.);
#11585 = EDGE_CURVE('',#11562,#11586,#11588,.T.);
#11586 = VERTEX_POINT('',#11587);
#11587 = CARTESIAN_POINT('',(44.31530849254,-28.47579924805,
    34.734011607462));
#11588 = LINE('',#11589,#11590);
#11589 = CARTESIAN_POINT('',(41.182905008668,-27.28881447262,
    31.60160812359));
#11590 = VECTOR('',#11591,1.);
#11591 = DIRECTION('',(0.683012701892,-0.258819045103,0.683012701892));
#11592 = ORIENTED_EDGE('',*,*,#11593,.F.);
#11593 = EDGE_CURVE('',#2536,#11586,#11594,.T.);
#11594 = LINE('',#11595,#11596);
#11595 = CARTESIAN_POINT('',(43.656462765728,-31.95313222269,
    34.07516588065));
#11596 = VECTOR('',#11597,1.);
#11597 = DIRECTION('',(0.183012701892,0.965925826289,0.183012701892));
#11598 = PLANE('',#11599);
#11599 = AXIS2_PLACEMENT_3D('',#11600,#11601,#11602);
#11600 = CARTESIAN_POINT('',(40.524059281856,-30.76614744726,
    30.942762396778));
#11601 = DIRECTION('',(0.707106781187,0.,-0.707106781187));
#11602 = DIRECTION('',(0.683012701892,-0.258819045103,0.683012701892));
#11603 = ADVANCED_FACE('',(#11604),#11629,.T.);
#11604 = FACE_BOUND('',#11605,.T.);
#11605 = EDGE_LOOP('',(#11606,#11607,#11615,#11623));
#11606 = ORIENTED_EDGE('',*,*,#6991,.T.);
#11607 = ORIENTED_EDGE('',*,*,#11608,.T.);
#11608 = EDGE_CURVE('',#6984,#11609,#11611,.T.);
#11609 = VERTEX_POINT('',#11610);
#11610 = CARTESIAN_POINT('',(32.932278188315,-27.80645256282,
    42.584285751511));
#11611 = LINE('',#11612,#11613);
#11612 = CARTESIAN_POINT('',(32.273432461503,-31.28378553747,
    41.925440024699));
#11613 = VECTOR('',#11614,1.);
#11614 = DIRECTION('',(0.183012701892,0.965925826289,0.183012701892));
#11615 = ORIENTED_EDGE('',*,*,#11616,.T.);
#11616 = EDGE_CURVE('',#11609,#11617,#11619,.T.);
#11617 = VERTEX_POINT('',#11618);
#11618 = CARTESIAN_POINT('',(34.698656268402,-28.47579924805,
    44.350663831599));
#11619 = LINE('',#11620,#11621);
#11620 = CARTESIAN_POINT('',(31.566252784531,-27.28881447262,
    41.218260347727));
#11621 = VECTOR('',#11622,1.);
#11622 = DIRECTION('',(0.683012701892,-0.258819045103,0.683012701892));
#11623 = ORIENTED_EDGE('',*,*,#11624,.F.);
#11624 = EDGE_CURVE('',#2544,#11617,#11625,.T.);
#11625 = LINE('',#11626,#11627);
#11626 = CARTESIAN_POINT('',(34.039810541591,-31.95313222269,
    43.691818104787));
#11627 = VECTOR('',#11628,1.);
#11628 = DIRECTION('',(0.183012701892,0.965925826289,0.183012701892));
#11629 = PLANE('',#11630);
#11630 = AXIS2_PLACEMENT_3D('',#11631,#11632,#11633);
#11631 = CARTESIAN_POINT('',(30.907407057719,-30.76614744726,
    40.559414620915));
#11632 = DIRECTION('',(0.707106781187,0.,-0.707106781187));
#11633 = DIRECTION('',(0.683012701892,-0.258819045103,0.683012701892));
#11634 = ADVANCED_FACE('',(#11635),#11653,.T.);
#11635 = FACE_BOUND('',#11636,.T.);
#11636 = EDGE_LOOP('',(#11637,#11638,#11646,#11652));
#11637 = ORIENTED_EDGE('',*,*,#6983,.T.);
#11638 = ORIENTED_EDGE('',*,*,#11639,.T.);
#11639 = EDGE_CURVE('',#6976,#11640,#11642,.T.);
#11640 = VERTEX_POINT('',#11641);
#11641 = CARTESIAN_POINT('',(31.566252784531,-27.28881447262,
    41.218260347727));
#11642 = LINE('',#11643,#11644);
#11643 = CARTESIAN_POINT('',(30.907407057719,-30.76614744726,
    40.559414620915));
#11644 = VECTOR('',#11645,1.);
#11645 = DIRECTION('',(0.183012701892,0.965925826289,0.183012701892));
#11646 = ORIENTED_EDGE('',*,*,#11647,.T.);
#11647 = EDGE_CURVE('',#11640,#11609,#11648,.T.);
#11648 = LINE('',#11649,#11650);
#11649 = CARTESIAN_POINT('',(31.566252784531,-27.28881447262,
    41.218260347727));
#11650 = VECTOR('',#11651,1.);
#11651 = DIRECTION('',(0.683012701892,-0.258819045103,0.683012701892));
#11652 = ORIENTED_EDGE('',*,*,#11608,.F.);
#11653 = PLANE('',#11654);
#11654 = AXIS2_PLACEMENT_3D('',#11655,#11656,#11657);
#11655 = CARTESIAN_POINT('',(30.907407057719,-30.76614744726,
    40.559414620915));
#11656 = DIRECTION('',(0.707106781187,0.,-0.707106781187));
#11657 = DIRECTION('',(0.683012701892,-0.258819045103,0.683012701892));
#11658 = ADVANCED_FACE('',(#11659),#11677,.F.);
#11659 = FACE_BOUND('',#11660,.F.);
#11660 = EDGE_LOOP('',(#11661,#11669,#11675,#11676));
#11661 = ORIENTED_EDGE('',*,*,#11662,.F.);
#11662 = EDGE_CURVE('',#11663,#11640,#11665,.T.);
#11663 = VERTEX_POINT('',#11664);
#11664 = CARTESIAN_POINT('',(22.78940017171,-27.28881447262,
    49.995112960547));
#11665 = LINE('',#11666,#11667);
#11666 = CARTESIAN_POINT('',(22.78940017171,-27.28881447262,
    49.995112960547));
#11667 = VECTOR('',#11668,1.);
#11668 = DIRECTION('',(0.707106781187,0.,-0.707106781187));
#11669 = ORIENTED_EDGE('',*,*,#11670,.F.);
#11670 = EDGE_CURVE('',#6968,#11663,#11671,.T.);
#11671 = LINE('',#11672,#11673);
#11672 = CARTESIAN_POINT('',(22.130554444898,-30.76614744726,
    49.336267233735));
#11673 = VECTOR('',#11674,1.);
#11674 = DIRECTION('',(0.183012701892,0.965925826289,0.183012701892));
#11675 = ORIENTED_EDGE('',*,*,#6975,.T.);
#11676 = ORIENTED_EDGE('',*,*,#11639,.T.);
#11677 = PLANE('',#11678);
#11678 = AXIS2_PLACEMENT_3D('',#11679,#11680,#11681);
#11679 = CARTESIAN_POINT('',(22.130554444898,-30.76614744726,
    49.336267233735));
#11680 = DIRECTION('',(0.683012701892,-0.258819045103,0.683012701892));
#11681 = DIRECTION('',(0.707106781187,0.,-0.707106781187));
#11682 = ADVANCED_FACE('',(#11683),#11701,.F.);
#11683 = FACE_BOUND('',#11684,.F.);
#11684 = EDGE_LOOP('',(#11685,#11686,#11687,#11695));
#11685 = ORIENTED_EDGE('',*,*,#6967,.T.);
#11686 = ORIENTED_EDGE('',*,*,#11670,.T.);
#11687 = ORIENTED_EDGE('',*,*,#11688,.T.);
#11688 = EDGE_CURVE('',#11663,#11689,#11691,.T.);
#11689 = VERTEX_POINT('',#11690);
#11690 = CARTESIAN_POINT('',(24.155425575495,-27.80645256282,
    51.361138364332));
#11691 = LINE('',#11692,#11693);
#11692 = CARTESIAN_POINT('',(22.78940017171,-27.28881447262,
    49.995112960547));
#11693 = VECTOR('',#11694,1.);
#11694 = DIRECTION('',(0.683012701892,-0.258819045103,0.683012701892));
#11695 = ORIENTED_EDGE('',*,*,#11696,.F.);
#11696 = EDGE_CURVE('',#6960,#11689,#11697,.T.);
#11697 = LINE('',#11698,#11699);
#11698 = CARTESIAN_POINT('',(23.496579848683,-31.28378553747,
    50.70229263752));
#11699 = VECTOR('',#11700,1.);
#11700 = DIRECTION('',(0.183012701892,0.965925826289,0.183012701892));
#11701 = PLANE('',#11702);
#11702 = AXIS2_PLACEMENT_3D('',#11703,#11704,#11705);
#11703 = CARTESIAN_POINT('',(22.130554444898,-30.76614744726,
    49.336267233735));
#11704 = DIRECTION('',(0.707106781187,0.,-0.707106781187));
#11705 = DIRECTION('',(0.683012701892,-0.258819045103,0.683012701892));
#11706 = ADVANCED_FACE('',(#11707),#11725,.F.);
#11707 = FACE_BOUND('',#11708,.F.);
#11708 = EDGE_LOOP('',(#11709,#11710,#11711,#11719));
#11709 = ORIENTED_EDGE('',*,*,#6959,.T.);
#11710 = ORIENTED_EDGE('',*,*,#11696,.T.);
#11711 = ORIENTED_EDGE('',*,*,#11712,.T.);
#11712 = EDGE_CURVE('',#11689,#11713,#11715,.T.);
#11713 = VERTEX_POINT('',#11714);
#11714 = CARTESIAN_POINT('',(25.921803655582,-28.47579924805,
    53.127516444419));
#11715 = LINE('',#11716,#11717);
#11716 = CARTESIAN_POINT('',(22.78940017171,-27.28881447262,
    49.995112960547));
#11717 = VECTOR('',#11718,1.);
#11718 = DIRECTION('',(0.683012701892,-0.258819045103,0.683012701892));
#11719 = ORIENTED_EDGE('',*,*,#11720,.F.);
#11720 = EDGE_CURVE('',#2568,#11713,#11721,.T.);
#11721 = LINE('',#11722,#11723);
#11722 = CARTESIAN_POINT('',(25.26295792877,-31.95313222269,
    52.468670717607));
#11723 = VECTOR('',#11724,1.);
#11724 = DIRECTION('',(0.183012701892,0.965925826289,0.183012701892));
#11725 = PLANE('',#11726);
#11726 = AXIS2_PLACEMENT_3D('',#11727,#11728,#11729);
#11727 = CARTESIAN_POINT('',(22.130554444898,-30.76614744726,
    49.336267233735));
#11728 = DIRECTION('',(0.707106781187,0.,-0.707106781187));
#11729 = DIRECTION('',(0.683012701892,-0.258819045103,0.683012701892));
#11730 = ADVANCED_FACE('',(#11731),#11742,.T.);
#11731 = FACE_BOUND('',#11732,.T.);
#11732 = EDGE_LOOP('',(#11733,#11734,#11735,#11736));
#11733 = ORIENTED_EDGE('',*,*,#11720,.F.);
#11734 = ORIENTED_EDGE('',*,*,#7084,.F.);
#11735 = ORIENTED_EDGE('',*,*,#11624,.T.);
#11736 = ORIENTED_EDGE('',*,*,#11737,.F.);
#11737 = EDGE_CURVE('',#11713,#11617,#11738,.T.);
#11738 = LINE('',#11739,#11740);
#11739 = CARTESIAN_POINT('',(25.921803655582,-28.47579924805,
    53.127516444419));
#11740 = VECTOR('',#11741,1.);
#11741 = DIRECTION('',(0.707106781187,0.,-0.707106781187));
#11742 = PLANE('',#11743);
#11743 = AXIS2_PLACEMENT_3D('',#11744,#11745,#11746);
#11744 = CARTESIAN_POINT('',(25.26295792877,-31.95313222269,
    52.468670717607));
#11745 = DIRECTION('',(0.683012701892,-0.258819045103,0.683012701892));
#11746 = DIRECTION('',(0.707106781187,0.,-0.707106781187));
#11747 = ADVANCED_FACE('',(#11748),#11759,.T.);
#11748 = FACE_BOUND('',#11749,.T.);
#11749 = EDGE_LOOP('',(#11750,#11751,#11752,#11753));
#11750 = ORIENTED_EDGE('',*,*,#11593,.F.);
#11751 = ORIENTED_EDGE('',*,*,#7102,.F.);
#11752 = ORIENTED_EDGE('',*,*,#11497,.T.);
#11753 = ORIENTED_EDGE('',*,*,#11754,.F.);
#11754 = EDGE_CURVE('',#11586,#11490,#11755,.T.);
#11755 = LINE('',#11756,#11757);
#11756 = CARTESIAN_POINT('',(44.31530849254,-28.47579924805,
    34.734011607462));
#11757 = VECTOR('',#11758,1.);
#11758 = DIRECTION('',(0.707106781187,0.,-0.707106781187));
#11759 = PLANE('',#11760);
#11760 = AXIS2_PLACEMENT_3D('',#11761,#11762,#11763);
#11761 = CARTESIAN_POINT('',(43.656462765728,-31.95313222269,
    34.07516588065));
#11762 = DIRECTION('',(0.683012701892,-0.258819045103,0.683012701892));
#11763 = DIRECTION('',(0.707106781187,0.,-0.707106781187));
#11764 = ADVANCED_FACE('',(#11765),#11776,.T.);
#11765 = FACE_BOUND('',#11766,.T.);
#11766 = EDGE_LOOP('',(#11767,#11768,#11769,#11770));
#11767 = ORIENTED_EDGE('',*,*,#11466,.F.);
#11768 = ORIENTED_EDGE('',*,*,#7119,.F.);
#11769 = ORIENTED_EDGE('',*,*,#11370,.T.);
#11770 = ORIENTED_EDGE('',*,*,#11771,.F.);
#11771 = EDGE_CURVE('',#11459,#11363,#11772,.T.);
#11772 = LINE('',#11773,#11774);
#11773 = CARTESIAN_POINT('',(49.284147843937,-28.47579924805,
    29.765172256064));
#11774 = VECTOR('',#11775,1.);
#11775 = DIRECTION('',(0.707106781187,0.,-0.707106781187));
#11776 = PLANE('',#11777);
#11777 = AXIS2_PLACEMENT_3D('',#11778,#11779,#11780);
#11778 = CARTESIAN_POINT('',(48.625302117125,-31.95313222269,
    29.106326529252));
#11779 = DIRECTION('',(0.683012701892,-0.258819045103,0.683012701892));
#11780 = DIRECTION('',(0.707106781187,0.,-0.707106781187));
#11781 = ADVANCED_FACE('',(#11782),#11807,.F.);
#11782 = FACE_BOUND('',#11783,.F.);
#11783 = EDGE_LOOP('',(#11784,#11792,#11800,#11806));
#11784 = ORIENTED_EDGE('',*,*,#11785,.F.);
#11785 = EDGE_CURVE('',#11786,#7161,#11788,.T.);
#11786 = VERTEX_POINT('',#11787);
#11787 = CARTESIAN_POINT('',(54.298532658491,-24.61889733607,
    22.425915113824));
#11788 = LINE('',#11789,#11790);
#11789 = CARTESIAN_POINT('',(53.520715199186,-24.61889733607,
    23.203732573129));
#11790 = VECTOR('',#11791,1.);
#11791 = DIRECTION('',(0.707106781187,0.,-0.707106781187));
#11792 = ORIENTED_EDGE('',*,*,#11793,.T.);
#11793 = EDGE_CURVE('',#11786,#11794,#11796,.T.);
#11794 = VERTEX_POINT('',#11795);
#11795 = CARTESIAN_POINT('',(56.064910738579,-25.2882440213,
    24.192293193911));
#11796 = LINE('',#11797,#11798);
#11797 = CARTESIAN_POINT('',(52.932507254707,-24.10125924587,
    21.059889710039));
#11798 = VECTOR('',#11799,1.);
#11799 = DIRECTION('',(0.683012701892,-0.258819045103,0.683012701892));
#11800 = ORIENTED_EDGE('',*,*,#11801,.T.);
#11801 = EDGE_CURVE('',#11794,#2464,#11802,.T.);
#11802 = LINE('',#11803,#11804);
#11803 = CARTESIAN_POINT('',(56.064910738579,-25.2882440213,
    24.192293193911));
#11804 = VECTOR('',#11805,1.);
#11805 = DIRECTION('',(0.707106781187,0.,-0.707106781187));
#11806 = ORIENTED_EDGE('',*,*,#7168,.F.);
#11807 = PLANE('',#11808);
#11808 = AXIS2_PLACEMENT_3D('',#11809,#11810,#11811);
#11809 = CARTESIAN_POINT('',(52.932507254707,-24.10125924587,
    21.059889710039));
#11810 = DIRECTION('',(0.183012701892,0.965925826289,0.183012701892));
#11811 = DIRECTION('',(0.683012701892,-0.258819045103,0.683012701892));
#11812 = ADVANCED_FACE('',(#11813),#11831,.F.);
#11813 = FACE_BOUND('',#11814,.F.);
#11814 = EDGE_LOOP('',(#11815,#11823,#11829,#11830));
#11815 = ORIENTED_EDGE('',*,*,#11816,.F.);
#11816 = EDGE_CURVE('',#11817,#7153,#11819,.T.);
#11817 = VERTEX_POINT('',#11818);
#11818 = CARTESIAN_POINT('',(52.932507254707,-24.10125924587,
    21.059889710039));
#11819 = LINE('',#11820,#11821);
#11820 = CARTESIAN_POINT('',(52.154689795402,-24.10125924587,
    21.837707169344));
#11821 = VECTOR('',#11822,1.);
#11822 = DIRECTION('',(0.707106781187,0.,-0.707106781187));
#11823 = ORIENTED_EDGE('',*,*,#11824,.T.);
#11824 = EDGE_CURVE('',#11817,#11786,#11825,.T.);
#11825 = LINE('',#11826,#11827);
#11826 = CARTESIAN_POINT('',(52.932507254707,-24.10125924587,
    21.059889710039));
#11827 = VECTOR('',#11828,1.);
#11828 = DIRECTION('',(0.683012701892,-0.258819045103,0.683012701892));
#11829 = ORIENTED_EDGE('',*,*,#11785,.T.);
#11830 = ORIENTED_EDGE('',*,*,#7160,.F.);
#11831 = PLANE('',#11832);
#11832 = AXIS2_PLACEMENT_3D('',#11833,#11834,#11835);
#11833 = CARTESIAN_POINT('',(52.154689795402,-24.10125924587,
    21.837707169344));
#11834 = DIRECTION('',(0.183012701892,0.965925826289,0.183012701892));
#11835 = DIRECTION('',(0.683012701892,-0.258819045103,0.683012701892));
#11836 = ADVANCED_FACE('',(#11837),#11855,.F.);
#11837 = FACE_BOUND('',#11838,.F.);
#11838 = EDGE_LOOP('',(#11839,#11847,#11848,#11849));
#11839 = ORIENTED_EDGE('',*,*,#11840,.F.);
#11840 = EDGE_CURVE('',#11817,#11841,#11843,.T.);
#11841 = VERTEX_POINT('',#11842);
#11842 = CARTESIAN_POINT('',(55.005371706682,-13.16085299068,
    23.132754162014));
#11843 = LINE('',#11844,#11845);
#11844 = CARTESIAN_POINT('',(52.932507254707,-24.10125924587,
    21.059889710039));
#11845 = VECTOR('',#11846,1.);
#11846 = DIRECTION('',(0.183012701892,0.965925826289,0.183012701892));
#11847 = ORIENTED_EDGE('',*,*,#11816,.T.);
#11848 = ORIENTED_EDGE('',*,*,#7152,.F.);
#11849 = ORIENTED_EDGE('',*,*,#11850,.T.);
#11850 = EDGE_CURVE('',#7145,#11841,#11851,.T.);
#11851 = LINE('',#11852,#11853);
#11852 = CARTESIAN_POINT('',(49.648750753841,-13.16085299068,
    28.489375114856));
#11853 = VECTOR('',#11854,1.);
#11854 = DIRECTION('',(-0.707106781187,-0.,0.707106781187));
#11855 = PLANE('',#11856);
#11856 = AXIS2_PLACEMENT_3D('',#11857,#11858,#11859);
#11857 = CARTESIAN_POINT('',(52.154689795402,-24.10125924587,
    21.837707169344));
#11858 = DIRECTION('',(0.683012701892,-0.258819045103,0.683012701892));
#11859 = DIRECTION('',(0.707106781187,0.,-0.707106781187));
#11860 = ADVANCED_FACE('',(#11861),#11872,.F.);
#11861 = FACE_BOUND('',#11862,.F.);
#11862 = EDGE_LOOP('',(#11863,#11864,#11865,#11866));
#11863 = ORIENTED_EDGE('',*,*,#7144,.F.);
#11864 = ORIENTED_EDGE('',*,*,#9342,.T.);
#11865 = ORIENTED_EDGE('',*,*,#7828,.T.);
#11866 = ORIENTED_EDGE('',*,*,#11867,.F.);
#11867 = EDGE_CURVE('',#7145,#7831,#11868,.T.);
#11868 = LINE('',#11869,#11870);
#11869 = CARTESIAN_POINT('',(55.453863721186,-18.63105611827,
    20.611397695535));
#11870 = VECTOR('',#11871,1.);
#11871 = DIRECTION('',(0.183012701892,0.965925826289,0.183012701892));
#11872 = PLANE('',#11873);
#11873 = AXIS2_PLACEMENT_3D('',#11874,#11875,#11876);
#11874 = CARTESIAN_POINT('',(52.241599068824,-27.41785972427,
    17.399133043173));
#11875 = DIRECTION('',(0.707106781187,0.,-0.707106781187));
#11876 = DIRECTION('',(0.683012701892,-0.258819045103,0.683012701892));
#11877 = ADVANCED_FACE('',(#11878),#11896,.T.);
#11878 = FACE_BOUND('',#11879,.T.);
#11879 = EDGE_LOOP('',(#11880,#11888,#11889,#11890));
#11880 = ORIENTED_EDGE('',*,*,#11881,.F.);
#11881 = EDGE_CURVE('',#11794,#11882,#11884,.T.);
#11882 = VERTEX_POINT('',#11883);
#11883 = CARTESIAN_POINT('',(58.137775190554,-14.34783776611,
    26.265157645886));
#11884 = LINE('',#11885,#11886);
#11885 = CARTESIAN_POINT('',(56.064910738579,-25.2882440213,
    24.192293193911));
#11886 = VECTOR('',#11887,1.);
#11887 = DIRECTION('',(0.183012701892,0.965925826289,0.183012701892));
#11888 = ORIENTED_EDGE('',*,*,#11801,.T.);
#11889 = ORIENTED_EDGE('',*,*,#7226,.T.);
#11890 = ORIENTED_EDGE('',*,*,#11891,.T.);
#11891 = EDGE_CURVE('',#7219,#11882,#11892,.T.);
#11892 = LINE('',#11893,#11894);
#11893 = CARTESIAN_POINT('',(53.170062967366,-14.34783776611,
    31.232869869075));
#11894 = VECTOR('',#11895,1.);
#11895 = DIRECTION('',(-0.707106781187,-0.,0.707106781187));
#11896 = PLANE('',#11897);
#11897 = AXIS2_PLACEMENT_3D('',#11898,#11899,#11900);
#11898 = CARTESIAN_POINT('',(56.064910738579,-25.2882440213,
    24.192293193911));
#11899 = DIRECTION('',(0.683012701892,-0.258819045103,0.683012701892));
#11900 = DIRECTION('',(0.707106781187,0.,-0.707106781187));
#11901 = ADVANCED_FACE('',(#11902),#11927,.F.);
#11902 = FACE_BOUND('',#11903,.F.);
#11903 = EDGE_LOOP('',(#11904,#11905,#11913,#11921));
#11904 = ORIENTED_EDGE('',*,*,#7218,.F.);
#11905 = ORIENTED_EDGE('',*,*,#11906,.F.);
#11906 = EDGE_CURVE('',#11907,#7219,#11909,.T.);
#11907 = VERTEX_POINT('',#11908);
#11908 = CARTESIAN_POINT('',(57.856321350959,-13.67849108089,
    23.013855325307));
#11909 = LINE('',#11910,#11911);
#11910 = CARTESIAN_POINT('',(55.107985471538,-12.63704387799,
    20.265519445887));
#11911 = VECTOR('',#11912,1.);
#11912 = DIRECTION('',(0.683012701892,-0.258819045103,0.683012701892));
#11913 = ORIENTED_EDGE('',*,*,#11914,.T.);
#11914 = EDGE_CURVE('',#11907,#11915,#11917,.T.);
#11915 = VERTEX_POINT('',#11916);
#11916 = CARTESIAN_POINT('',(60.528306798585,0.424025982928,
    25.685840772934));
#11917 = LINE('',#11918,#11919);
#11918 = CARTESIAN_POINT('',(56.819889124971,-19.14869420848,
    21.977423099319));
#11919 = VECTOR('',#11920,1.);
#11920 = DIRECTION('',(0.183012701892,0.965925826289,0.183012701892));
#11921 = ORIENTED_EDGE('',*,*,#11922,.T.);
#11922 = EDGE_CURVE('',#11915,#7211,#11923,.T.);
#11923 = LINE('',#11924,#11925);
#11924 = CARTESIAN_POINT('',(57.779970919165,1.46547318583,
    22.937504893513));
#11925 = VECTOR('',#11926,1.);
#11926 = DIRECTION('',(0.683012701892,-0.258819045103,0.683012701892));
#11927 = PLANE('',#11928);
#11928 = AXIS2_PLACEMENT_3D('',#11929,#11930,#11931);
#11929 = CARTESIAN_POINT('',(52.241599068824,-27.41785972427,
    17.399133043173));
#11930 = DIRECTION('',(0.707106781187,0.,-0.707106781187));
#11931 = DIRECTION('',(0.683012701892,-0.258819045103,0.683012701892));
#11932 = ADVANCED_FACE('',(#11933),#11958,.T.);
#11933 = FACE_BOUND('',#11934,.T.);
#11934 = EDGE_LOOP('',(#11935,#11943,#11944,#11952));
#11935 = ORIENTED_EDGE('',*,*,#11936,.F.);
#11936 = EDGE_CURVE('',#7211,#11937,#11939,.T.);
#11937 = VERTEX_POINT('',#11938);
#11938 = CARTESIAN_POINT('',(60.809760638181,-0.245320702298,
    28.937143093513));
#11939 = LINE('',#11940,#11941);
#11940 = CARTESIAN_POINT('',(55.842048414992,-0.245320702298,
    33.904855316701));
#11941 = VECTOR('',#11942,1.);
#11942 = DIRECTION('',(-0.707106781187,-0.,0.707106781187));
#11943 = ORIENTED_EDGE('',*,*,#7210,.T.);
#11944 = ORIENTED_EDGE('',*,*,#11945,.F.);
#11945 = EDGE_CURVE('',#11946,#3694,#11948,.T.);
#11946 = VERTEX_POINT('',#11947);
#11947 = CARTESIAN_POINT('',(65.393931241928,23.94955065085,
    33.52131369726));
#11948 = LINE('',#11949,#11950);
#11949 = CARTESIAN_POINT('',(65.393931241928,23.94955065085,
    33.52131369726));
#11950 = VECTOR('',#11951,1.);
#11951 = DIRECTION('',(0.707106781187,0.,-0.707106781187));
#11952 = ORIENTED_EDGE('',*,*,#11953,.F.);
#11953 = EDGE_CURVE('',#11937,#11946,#11954,.T.);
#11954 = LINE('',#11955,#11956);
#11955 = CARTESIAN_POINT('',(56.064910738579,-25.2882440213,
    24.192293193911));
#11956 = VECTOR('',#11957,1.);
#11957 = DIRECTION('',(0.183012701892,0.965925826289,0.183012701892));
#11958 = PLANE('',#11959);
#11959 = AXIS2_PLACEMENT_3D('',#11960,#11961,#11962);
#11960 = CARTESIAN_POINT('',(56.064910738579,-25.2882440213,
    24.192293193911));
#11961 = DIRECTION('',(0.683012701892,-0.258819045103,0.683012701892));
#11962 = DIRECTION('',(0.707106781187,0.,-0.707106781187));
#11963 = ADVANCED_FACE('',(#11964),#11968,.T.);
#11964 = FACE_BOUND('',#11965,.T.);
#11965 = EDGE_LOOP('',(#11966,#11967));
#11966 = ORIENTED_EDGE('',*,*,#7201,.T.);
#11967 = ORIENTED_EDGE('',*,*,#8813,.T.);
#11968 = PLANE('',#11969);
#11969 = AXIS2_PLACEMENT_3D('',#11970,#11971,#11972);
#11970 = CARTESIAN_POINT('',(-400.2666293214,-483.6322598297,
    306.84015186508));
#11971 = DIRECTION('',(0.683012701892,-0.258819045103,0.683012701892));
#11972 = DIRECTION('',(0.707106781187,0.,-0.707106781187));
#11973 = ADVANCED_FACE('',(#11974),#12005,.T.);
#11974 = FACE_BOUND('',#11975,.T.);
#11975 = EDGE_LOOP('',(#11976,#11977,#11978,#11987,#11995,#12002,#12003,
    #12004));
#11976 = ORIENTED_EDGE('',*,*,#7250,.F.);
#11977 = ORIENTED_EDGE('',*,*,#7354,.F.);
#11978 = ORIENTED_EDGE('',*,*,#11979,.T.);
#11979 = EDGE_CURVE('',#7355,#11980,#11982,.T.);
#11980 = VERTEX_POINT('',#11981);
#11981 = CARTESIAN_POINT('',(61.354922548362,-16.40146057961,
    22.269815835591));
#11982 = CIRCLE('',#11983,4.7);
#11983 = AXIS2_PLACEMENT_3D('',#11984,#11985,#11986);
#11984 = CARTESIAN_POINT('',(62.643963736265,-20.04775061223,
    19.59905904885));
#11985 = DIRECTION('',(0.683012701892,-0.258819045103,0.683012701892));
#11986 = DIRECTION('',(0.707106781187,0.,-0.707106781187));
#11987 = ORIENTED_EDGE('',*,*,#11988,.T.);
#11988 = EDGE_CURVE('',#11980,#11989,#11991,.T.);
#11989 = VERTEX_POINT('',#11990);
#11990 = CARTESIAN_POINT('',(67.659740428997,16.874844059287,
    28.574633716227));
#11991 = LINE('',#11992,#11993);
#11992 = CARTESIAN_POINT('',(58.390066409385,-32.04972480532,
    19.304959696614));
#11993 = VECTOR('',#11994,1.);
#11994 = DIRECTION('',(0.183012701892,0.965925826289,0.183012701892));
#11995 = ORIENTED_EDGE('',*,*,#11996,.T.);
#11996 = EDGE_CURVE('',#11989,#7368,#11997,.T.);
#11997 = CIRCLE('',#11998,4.7);
#11998 = AXIS2_PLACEMENT_3D('',#11999,#12000,#12001);
#11999 = CARTESIAN_POINT('',(70.330497215738,20.521134091904,
    27.285592528323));
#12000 = DIRECTION('',(0.683012701892,-0.258819045103,0.683012701892));
#12001 = DIRECTION('',(0.707106781187,0.,-0.707106781187));
#12002 = ORIENTED_EDGE('',*,*,#7367,.F.);
#12003 = ORIENTED_EDGE('',*,*,#8819,.F.);
#12004 = ORIENTED_EDGE('',*,*,#7193,.F.);
#12005 = PLANE('',#12006);
#12006 = AXIS2_PLACEMENT_3D('',#12007,#12008,#12009);
#12007 = CARTESIAN_POINT('',(-400.2666293214,-483.6322598297,
    306.84015186508));
#12008 = DIRECTION('',(0.683012701892,-0.258819045103,0.683012701892));
#12009 = DIRECTION('',(0.707106781187,0.,-0.707106781187));
#12010 = ADVANCED_FACE('',(#12011),#12015,.T.);
#12011 = FACE_BOUND('',#12012,.T.);
#12012 = EDGE_LOOP('',(#12013,#12014));
#12013 = ORIENTED_EDGE('',*,*,#7184,.T.);
#12014 = ORIENTED_EDGE('',*,*,#7257,.T.);
#12015 = PLANE('',#12016);
#12016 = AXIS2_PLACEMENT_3D('',#12017,#12018,#12019);
#12017 = CARTESIAN_POINT('',(-400.2666293214,-483.6322598297,
    306.84015186508));
#12018 = DIRECTION('',(0.683012701892,-0.258819045103,0.683012701892));
#12019 = DIRECTION('',(0.707106781187,0.,-0.707106781187));
#12020 = ADVANCED_FACE('',(#12021),#12040,.F.);
#12021 = FACE_BOUND('',#12022,.F.);
#12022 = EDGE_LOOP('',(#12023,#12032,#12038,#12039));
#12023 = ORIENTED_EDGE('',*,*,#12024,.T.);
#12024 = EDGE_CURVE('',#12025,#12025,#12027,.T.);
#12025 = VERTEX_POINT('',#12026);
#12026 = CARTESIAN_POINT('',(61.318898267281,-19.09012014535,
    15.869830523832));
#12027 = CIRCLE('',#12028,1.7);
#12028 = AXIS2_PLACEMENT_3D('',#12029,#12030,#12031);
#12029 = CARTESIAN_POINT('',(60.116816739264,-19.09012014535,
    17.071912051849));
#12030 = DIRECTION('',(0.683012701892,-0.258819045103,0.683012701892));
#12031 = DIRECTION('',(0.707106781187,0.,-0.707106781187));
#12032 = ORIENTED_EDGE('',*,*,#12033,.T.);
#12033 = EDGE_CURVE('',#12025,#7320,#12034,.T.);
#12034 = LINE('',#12035,#12036);
#12035 = CARTESIAN_POINT('',(59.064956351037,-18.23601729651,
    13.615888607587));
#12036 = VECTOR('',#12037,1.);
#12037 = DIRECTION('',(0.683012701892,-0.258819045103,0.683012701892));
#12038 = ORIENTED_EDGE('',*,*,#7319,.F.);
#12039 = ORIENTED_EDGE('',*,*,#12033,.F.);
#12040 = CYLINDRICAL_SURFACE('',#12041,1.7);
#12041 = AXIS2_PLACEMENT_3D('',#12042,#12043,#12044);
#12042 = CARTESIAN_POINT('',(57.86287482302,-18.23601729651,
    14.817970135604));
#12043 = DIRECTION('',(0.683012701892,-0.258819045103,0.683012701892));
#12044 = DIRECTION('',(0.707106781187,0.,-0.707106781187));
#12045 = ADVANCED_FACE('',(#12046),#12073,.T.);
#12046 = FACE_BOUND('',#12047,.T.);
#12047 = EDGE_LOOP('',(#12048,#12049,#12058,#12066));
#12048 = ORIENTED_EDGE('',*,*,#7375,.F.);
#12049 = ORIENTED_EDGE('',*,*,#12050,.T.);
#12050 = EDGE_CURVE('',#7368,#12051,#12053,.T.);
#12051 = VERTEX_POINT('',#12052);
#12052 = CARTESIAN_POINT('',(67.965881460319,16.277654310367,
    28.468752246275));
#12053 = HYPERBOLA('',#12054,1.008624865595,0.90298260294);
#12054 = AXIS2_PLACEMENT_3D('',#12055,#12056,#12057);
#12055 = CARTESIAN_POINT('',(66.66048705546,21.655340510067,
    24.96935550292));
#12056 = DIRECTION('',(0.886278639346,-8.153982379808E-02,
    -0.455918227947));
#12057 = DIRECTION('',(0.425460367585,-0.245639075155,0.871002250498));
#12058 = ORIENTED_EDGE('',*,*,#12059,.F.);
#12059 = EDGE_CURVE('',#12060,#12051,#12062,.T.);
#12060 = VERTEX_POINT('',#12061);
#12061 = CARTESIAN_POINT('',(61.858787193305,-15.95508153309,
    22.361657979261));
#12062 = LINE('',#12063,#12064);
#12063 = CARTESIAN_POINT('',(63.868556950202,-5.347683833323,
    24.371427736158));
#12064 = VECTOR('',#12065,1.);
#12065 = DIRECTION('',(0.183012701892,0.965925826289,0.183012701892));
#12066 = ORIENTED_EDGE('',*,*,#12067,.T.);
#12067 = EDGE_CURVE('',#12060,#7355,#12068,.T.);
#12068 = HYPERBOLA('',#12069,1.008624865595,0.90298260294);
#12069 = AXIS2_PLACEMENT_3D('',#12070,#12071,#12072);
#12070 = CARTESIAN_POINT('',(58.973953575987,-18.91354419407,
    17.282822023446));
#12071 = DIRECTION('',(0.886278639346,-8.153982379808E-02,
    -0.455918227947));
#12072 = DIRECTION('',(0.425460367585,-0.245639075155,0.871002250498));
#12073 = PLANE('',#12074);
#12074 = AXIS2_PLACEMENT_3D('',#12075,#12076,#12077);
#12075 = CARTESIAN_POINT('',(61.052428187781,-9.096136382768,
    19.567437737232));
#12076 = DIRECTION('',(0.886278639346,-8.153982379808E-02,
    -0.455918227947));
#12077 = DIRECTION('',(0.457441469433,0.,0.889239732605));
#12078 = ADVANCED_FACE('',(#12079),#12098,.F.);
#12079 = FACE_BOUND('',#12080,.F.);
#12080 = EDGE_LOOP('',(#12081,#12090,#12096,#12097));
#12081 = ORIENTED_EDGE('',*,*,#12082,.T.);
#12082 = EDGE_CURVE('',#12083,#12083,#12085,.T.);
#12083 = VERTEX_POINT('',#12084);
#12084 = CARTESIAN_POINT('',(69.005431746754,21.478764558784,
    23.556364003305));
#12085 = CIRCLE('',#12086,1.7);
#12086 = AXIS2_PLACEMENT_3D('',#12087,#12088,#12089);
#12087 = CARTESIAN_POINT('',(67.803350218737,21.478764558784,
    24.758445531322));
#12088 = DIRECTION('',(0.683012701892,-0.258819045103,0.683012701892));
#12089 = DIRECTION('',(0.707106781187,0.,-0.707106781187));
#12090 = ORIENTED_EDGE('',*,*,#12091,.T.);
#12091 = EDGE_CURVE('',#12083,#7417,#12092,.T.);
#12092 = LINE('',#12093,#12094);
#12093 = CARTESIAN_POINT('',(66.75148983051,22.332867407622,
    21.30242208706));
#12094 = VECTOR('',#12095,1.);
#12095 = DIRECTION('',(0.683012701892,-0.258819045103,0.683012701892));
#12096 = ORIENTED_EDGE('',*,*,#7416,.F.);
#12097 = ORIENTED_EDGE('',*,*,#12091,.F.);
#12098 = CYLINDRICAL_SURFACE('',#12099,1.7);
#12099 = AXIS2_PLACEMENT_3D('',#12100,#12101,#12102);
#12100 = CARTESIAN_POINT('',(65.549408302493,22.332867407622,
    22.504503615078));
#12101 = DIRECTION('',(0.683012701892,-0.258819045103,0.683012701892));
#12102 = DIRECTION('',(0.707106781187,0.,-0.707106781187));
#12103 = ADVANCED_FACE('',(#12104),#12129,.F.);
#12104 = FACE_BOUND('',#12105,.F.);
#12105 = EDGE_LOOP('',(#12106,#12114,#12115,#12123));
#12106 = ORIENTED_EDGE('',*,*,#12107,.F.);
#12107 = EDGE_CURVE('',#7831,#12108,#12110,.T.);
#12108 = VERTEX_POINT('',#12109);
#12109 = CARTESIAN_POINT('',(57.677357154309,0.941664073133,
    25.804739609641));
#12110 = LINE('',#12111,#12112);
#12111 = CARTESIAN_POINT('',(52.320736201468,0.941664073133,
    31.161360562482));
#12112 = VECTOR('',#12113,1.);
#12113 = DIRECTION('',(-0.707106781187,-0.,0.707106781187));
#12114 = ORIENTED_EDGE('',*,*,#7869,.F.);
#12115 = ORIENTED_EDGE('',*,*,#12116,.F.);
#12116 = EDGE_CURVE('',#12117,#7862,#12119,.T.);
#12117 = VERTEX_POINT('',#12118);
#12118 = CARTESIAN_POINT('',(62.261527758056,25.13653542628,
    30.388910213388));
#12119 = LINE('',#12120,#12121);
#12120 = CARTESIAN_POINT('',(61.48371029875,25.13653542628,
    31.166727672693));
#12121 = VECTOR('',#12122,1.);
#12122 = DIRECTION('',(0.707106781187,0.,-0.707106781187));
#12123 = ORIENTED_EDGE('',*,*,#12124,.F.);
#12124 = EDGE_CURVE('',#12108,#12117,#12125,.T.);
#12125 = LINE('',#12126,#12127);
#12126 = CARTESIAN_POINT('',(52.932507254707,-24.10125924587,
    21.059889710039));
#12127 = VECTOR('',#12128,1.);
#12128 = DIRECTION('',(0.183012701892,0.965925826289,0.183012701892));
#12129 = PLANE('',#12130);
#12130 = AXIS2_PLACEMENT_3D('',#12131,#12132,#12133);
#12131 = CARTESIAN_POINT('',(52.154689795402,-24.10125924587,
    21.837707169344));
#12132 = DIRECTION('',(0.683012701892,-0.258819045103,0.683012701892));
#12133 = DIRECTION('',(0.707106781187,0.,-0.707106781187));
#12134 = ADVANCED_FACE('',(#12135),#12153,.T.);
#12135 = FACE_BOUND('',#12136,.T.);
#12136 = EDGE_LOOP('',(#12137,#12138,#12146,#12152));
#12137 = ORIENTED_EDGE('',*,*,#12116,.F.);
#12138 = ORIENTED_EDGE('',*,*,#12139,.T.);
#12139 = EDGE_CURVE('',#12117,#12140,#12142,.T.);
#12140 = VERTEX_POINT('',#12141);
#12141 = CARTESIAN_POINT('',(63.62755316184,24.618897336075,
    31.754935617172));
#12142 = LINE('',#12143,#12144);
#12143 = CARTESIAN_POINT('',(62.261527758056,25.13653542628,
    30.388910213388));
#12144 = VECTOR('',#12145,1.);
#12145 = DIRECTION('',(0.683012701892,-0.258819045103,0.683012701892));
#12146 = ORIENTED_EDGE('',*,*,#12147,.T.);
#12147 = EDGE_CURVE('',#12140,#7854,#12148,.T.);
#12148 = LINE('',#12149,#12150);
#12149 = CARTESIAN_POINT('',(62.849735702535,24.618897336075,
    32.532753076477));
#12150 = VECTOR('',#12151,1.);
#12151 = DIRECTION('',(0.707106781187,0.,-0.707106781187));
#12152 = ORIENTED_EDGE('',*,*,#7861,.F.);
#12153 = PLANE('',#12154);
#12154 = AXIS2_PLACEMENT_3D('',#12155,#12156,#12157);
#12155 = CARTESIAN_POINT('',(61.48371029875,25.13653542628,
    31.166727672693));
#12156 = DIRECTION('',(0.183012701892,0.965925826289,0.183012701892));
#12157 = DIRECTION('',(0.683012701892,-0.258819045103,0.683012701892));
#12158 = ADVANCED_FACE('',(#12159),#12170,.T.);
#12159 = FACE_BOUND('',#12160,.T.);
#12160 = EDGE_LOOP('',(#12161,#12162,#12168,#12169));
#12161 = ORIENTED_EDGE('',*,*,#12147,.F.);
#12162 = ORIENTED_EDGE('',*,*,#12163,.T.);
#12163 = EDGE_CURVE('',#12140,#11946,#12164,.T.);
#12164 = LINE('',#12165,#12166);
#12165 = CARTESIAN_POINT('',(62.261527758056,25.13653542628,
    30.388910213388));
#12166 = VECTOR('',#12167,1.);
#12167 = DIRECTION('',(0.683012701892,-0.258819045103,0.683012701892));
#12168 = ORIENTED_EDGE('',*,*,#11945,.T.);
#12169 = ORIENTED_EDGE('',*,*,#7853,.F.);
#12170 = PLANE('',#12171);
#12171 = AXIS2_PLACEMENT_3D('',#12172,#12173,#12174);
#12172 = CARTESIAN_POINT('',(62.261527758056,25.13653542628,
    30.388910213388));
#12173 = DIRECTION('',(0.183012701892,0.965925826289,0.183012701892));
#12174 = DIRECTION('',(0.683012701892,-0.258819045103,0.683012701892));
#12175 = ADVANCED_FACE('',(#12176),#12201,.T.);
#12176 = FACE_BOUND('',#12177,.T.);
#12177 = EDGE_LOOP('',(#12178,#12188,#12194,#12195));
#12178 = ORIENTED_EDGE('',*,*,#12179,.F.);
#12179 = EDGE_CURVE('',#12180,#12182,#12184,.T.);
#12180 = VERTEX_POINT('',#12181);
#12181 = CARTESIAN_POINT('',(61.898042700169,27.806452562829,
    34.692329911332));
#12182 = VERTEX_POINT('',#12183);
#12183 = CARTESIAN_POINT('',(63.664420780256,27.137105877604,
    36.45870799142));
#12184 = LINE('',#12185,#12186);
#12185 = CARTESIAN_POINT('',(60.532017296384,28.324090653034,
    33.326304507548));
#12186 = VECTOR('',#12187,1.);
#12187 = DIRECTION('',(0.683012701892,-0.258819045103,0.683012701892));
#12188 = ORIENTED_EDGE('',*,*,#12189,.T.);
#12189 = EDGE_CURVE('',#12180,#7956,#12190,.T.);
#12190 = LINE('',#12191,#12192);
#12191 = CARTESIAN_POINT('',(61.696728728087,26.743934153911,
    34.491015939251));
#12192 = VECTOR('',#12193,1.);
#12193 = DIRECTION('',(0.183012701892,0.965925826289,0.183012701892));
#12194 = ORIENTED_EDGE('',*,*,#7963,.F.);
#12195 = ORIENTED_EDGE('',*,*,#12196,.F.);
#12196 = EDGE_CURVE('',#12182,#3678,#12197,.T.);
#12197 = LINE('',#12198,#12199);
#12198 = CARTESIAN_POINT('',(63.664420780256,27.137105877604,
    36.45870799142));
#12199 = VECTOR('',#12200,1.);
#12200 = DIRECTION('',(0.183012701892,0.965925826289,0.183012701892));
#12201 = PLANE('',#12202);
#12202 = AXIS2_PLACEMENT_3D('',#12203,#12204,#12205);
#12203 = CARTESIAN_POINT('',(60.532017296384,28.324090653034,
    33.326304507548));
#12204 = DIRECTION('',(0.707106781187,0.,-0.707106781187));
#12205 = DIRECTION('',(0.683012701892,-0.258819045103,0.683012701892));
#12206 = ADVANCED_FACE('',(#12207),#12225,.T.);
#12207 = FACE_BOUND('',#12208,.T.);
#12208 = EDGE_LOOP('',(#12209,#12210,#12218,#12224));
#12209 = ORIENTED_EDGE('',*,*,#12189,.F.);
#12210 = ORIENTED_EDGE('',*,*,#12211,.F.);
#12211 = EDGE_CURVE('',#12212,#12180,#12214,.T.);
#12212 = VERTEX_POINT('',#12213);
#12213 = CARTESIAN_POINT('',(60.532017296384,28.324090653034,
    33.326304507548));
#12214 = LINE('',#12215,#12216);
#12215 = CARTESIAN_POINT('',(60.532017296384,28.324090653034,
    33.326304507548));
#12216 = VECTOR('',#12217,1.);
#12217 = DIRECTION('',(0.683012701892,-0.258819045103,0.683012701892));
#12218 = ORIENTED_EDGE('',*,*,#12219,.T.);
#12219 = EDGE_CURVE('',#12212,#7948,#12220,.T.);
#12220 = LINE('',#12221,#12222);
#12221 = CARTESIAN_POINT('',(60.330703324303,27.261572244116,
    33.124990535466));
#12222 = VECTOR('',#12223,1.);
#12223 = DIRECTION('',(0.183012701892,0.965925826289,0.183012701892));
#12224 = ORIENTED_EDGE('',*,*,#7955,.F.);
#12225 = PLANE('',#12226);
#12226 = AXIS2_PLACEMENT_3D('',#12227,#12228,#12229);
#12227 = CARTESIAN_POINT('',(60.330703324303,27.261572244116,
    33.124990535466));
#12228 = DIRECTION('',(0.707106781187,0.,-0.707106781187));
#12229 = DIRECTION('',(0.683012701892,-0.258819045103,0.683012701892));
#12230 = ADVANCED_FACE('',(#12231),#12249,.F.);
#12231 = FACE_BOUND('',#12232,.F.);
#12232 = EDGE_LOOP('',(#12233,#12241,#12247,#12248));
#12233 = ORIENTED_EDGE('',*,*,#12234,.F.);
#12234 = EDGE_CURVE('',#12235,#7940,#12237,.T.);
#12235 = VERTEX_POINT('',#12236);
#12236 = CARTESIAN_POINT('',(44.118411446749,28.324090653034,
    49.739910357182));
#12237 = LINE('',#12238,#12239);
#12238 = CARTESIAN_POINT('',(43.917097474668,27.261572244116,
    49.538596385101));
#12239 = VECTOR('',#12240,1.);
#12240 = DIRECTION('',(0.183012701892,0.965925826289,0.183012701892));
#12241 = ORIENTED_EDGE('',*,*,#12242,.T.);
#12242 = EDGE_CURVE('',#12235,#12212,#12243,.T.);
#12243 = LINE('',#12244,#12245);
#12244 = CARTESIAN_POINT('',(44.118411446749,28.324090653034,
    49.739910357182));
#12245 = VECTOR('',#12246,1.);
#12246 = DIRECTION('',(0.707106781187,0.,-0.707106781187));
#12247 = ORIENTED_EDGE('',*,*,#12219,.T.);
#12248 = ORIENTED_EDGE('',*,*,#7947,.F.);
#12249 = PLANE('',#12250);
#12250 = AXIS2_PLACEMENT_3D('',#12251,#12252,#12253);
#12251 = CARTESIAN_POINT('',(43.917097474668,27.261572244116,
    49.538596385101));
#12252 = DIRECTION('',(0.683012701892,-0.258819045103,0.683012701892));
#12253 = DIRECTION('',(0.707106781187,0.,-0.707106781187));
#12254 = ADVANCED_FACE('',(#12255),#12273,.F.);
#12255 = FACE_BOUND('',#12256,.F.);
#12256 = EDGE_LOOP('',(#12257,#12265,#12271,#12272));
#12257 = ORIENTED_EDGE('',*,*,#12258,.F.);
#12258 = EDGE_CURVE('',#12259,#7932,#12261,.T.);
#12259 = VERTEX_POINT('',#12260);
#12260 = CARTESIAN_POINT('',(45.484436850534,27.806452562829,
    51.105935760967));
#12261 = LINE('',#12262,#12263);
#12262 = CARTESIAN_POINT('',(45.283122878452,26.743934153911,
    50.904621788885));
#12263 = VECTOR('',#12264,1.);
#12264 = DIRECTION('',(0.183012701892,0.965925826289,0.183012701892));
#12265 = ORIENTED_EDGE('',*,*,#12266,.F.);
#12266 = EDGE_CURVE('',#12235,#12259,#12267,.T.);
#12267 = LINE('',#12268,#12269);
#12268 = CARTESIAN_POINT('',(44.118411446749,28.324090653034,
    49.739910357182));
#12269 = VECTOR('',#12270,1.);
#12270 = DIRECTION('',(0.683012701892,-0.258819045103,0.683012701892));
#12271 = ORIENTED_EDGE('',*,*,#12234,.T.);
#12272 = ORIENTED_EDGE('',*,*,#7939,.F.);
#12273 = PLANE('',#12274);
#12274 = AXIS2_PLACEMENT_3D('',#12275,#12276,#12277);
#12275 = CARTESIAN_POINT('',(43.917097474668,27.261572244116,
    49.538596385101));
#12276 = DIRECTION('',(0.707106781187,0.,-0.707106781187));
#12277 = DIRECTION('',(0.683012701892,-0.258819045103,0.683012701892));
#12278 = ADVANCED_FACE('',(#12279),#12297,.F.);
#12279 = FACE_BOUND('',#12280,.F.);
#12280 = EDGE_LOOP('',(#12281,#12289,#12290,#12291));
#12281 = ORIENTED_EDGE('',*,*,#12282,.F.);
#12282 = EDGE_CURVE('',#12259,#12283,#12285,.T.);
#12283 = VERTEX_POINT('',#12284);
#12284 = CARTESIAN_POINT('',(47.250814930621,27.137105877604,
    52.872313841054));
#12285 = LINE('',#12286,#12287);
#12286 = CARTESIAN_POINT('',(44.118411446749,28.324090653034,
    49.739910357182));
#12287 = VECTOR('',#12288,1.);
#12288 = DIRECTION('',(0.683012701892,-0.258819045103,0.683012701892));
#12289 = ORIENTED_EDGE('',*,*,#12258,.T.);
#12290 = ORIENTED_EDGE('',*,*,#7931,.F.);
#12291 = ORIENTED_EDGE('',*,*,#12292,.F.);
#12292 = EDGE_CURVE('',#12283,#3654,#12293,.T.);
#12293 = LINE('',#12294,#12295);
#12294 = CARTESIAN_POINT('',(47.250814930621,27.137105877604,
    52.872313841054));
#12295 = VECTOR('',#12296,1.);
#12296 = DIRECTION('',(0.183012701892,0.965925826289,0.183012701892));
#12297 = PLANE('',#12298);
#12298 = AXIS2_PLACEMENT_3D('',#12299,#12300,#12301);
#12299 = CARTESIAN_POINT('',(44.118411446749,28.324090653034,
    49.739910357182));
#12300 = DIRECTION('',(0.707106781187,0.,-0.707106781187));
#12301 = DIRECTION('',(0.683012701892,-0.258819045103,0.683012701892));
#12302 = ADVANCED_FACE('',(#12303),#12328,.T.);
#12303 = FACE_BOUND('',#12304,.T.);
#12304 = EDGE_LOOP('',(#12305,#12315,#12321,#12322));
#12305 = ORIENTED_EDGE('',*,*,#12306,.F.);
#12306 = EDGE_CURVE('',#12307,#12309,#12311,.T.);
#12307 = VERTEX_POINT('',#12308);
#12308 = CARTESIAN_POINT('',(37.80667142041,27.806452562829,
    58.78370119109));
#12309 = VERTEX_POINT('',#12310);
#12310 = CARTESIAN_POINT('',(39.573049500498,27.137105877604,
    60.550079271178));
#12311 = LINE('',#12312,#12313);
#12312 = CARTESIAN_POINT('',(36.440646016626,28.324090653034,
    57.417675787306));
#12313 = VECTOR('',#12314,1.);
#12314 = DIRECTION('',(0.683012701892,-0.258819045103,0.683012701892));
#12315 = ORIENTED_EDGE('',*,*,#12316,.T.);
#12316 = EDGE_CURVE('',#12307,#7917,#12317,.T.);
#12317 = LINE('',#12318,#12319);
#12318 = CARTESIAN_POINT('',(37.605357448329,26.743934153911,
    58.582387219009));
#12319 = VECTOR('',#12320,1.);
#12320 = DIRECTION('',(0.183012701892,0.965925826289,0.183012701892));
#12321 = ORIENTED_EDGE('',*,*,#7924,.F.);
#12322 = ORIENTED_EDGE('',*,*,#12323,.F.);
#12323 = EDGE_CURVE('',#12309,#3646,#12324,.T.);
#12324 = LINE('',#12325,#12326);
#12325 = CARTESIAN_POINT('',(39.573049500498,27.137105877604,
    60.550079271178));
#12326 = VECTOR('',#12327,1.);
#12327 = DIRECTION('',(0.183012701892,0.965925826289,0.183012701892));
#12328 = PLANE('',#12329);
#12329 = AXIS2_PLACEMENT_3D('',#12330,#12331,#12332);
#12330 = CARTESIAN_POINT('',(36.440646016626,28.324090653034,
    57.417675787306));
#12331 = DIRECTION('',(0.707106781187,0.,-0.707106781187));
#12332 = DIRECTION('',(0.683012701892,-0.258819045103,0.683012701892));
#12333 = ADVANCED_FACE('',(#12334),#12352,.T.);
#12334 = FACE_BOUND('',#12335,.T.);
#12335 = EDGE_LOOP('',(#12336,#12337,#12345,#12351));
#12336 = ORIENTED_EDGE('',*,*,#12316,.F.);
#12337 = ORIENTED_EDGE('',*,*,#12338,.F.);
#12338 = EDGE_CURVE('',#12339,#12307,#12341,.T.);
#12339 = VERTEX_POINT('',#12340);
#12340 = CARTESIAN_POINT('',(36.440646016626,28.324090653034,
    57.417675787306));
#12341 = LINE('',#12342,#12343);
#12342 = CARTESIAN_POINT('',(36.440646016626,28.324090653034,
    57.417675787306));
#12343 = VECTOR('',#12344,1.);
#12344 = DIRECTION('',(0.683012701892,-0.258819045103,0.683012701892));
#12345 = ORIENTED_EDGE('',*,*,#12346,.T.);
#12346 = EDGE_CURVE('',#12339,#7909,#12347,.T.);
#12347 = LINE('',#12348,#12349);
#12348 = CARTESIAN_POINT('',(36.239332044544,27.261572244116,
    57.216361815225));
#12349 = VECTOR('',#12350,1.);
#12350 = DIRECTION('',(0.183012701892,0.965925826289,0.183012701892));
#12351 = ORIENTED_EDGE('',*,*,#7916,.F.);
#12352 = PLANE('',#12353);
#12353 = AXIS2_PLACEMENT_3D('',#12354,#12355,#12356);
#12354 = CARTESIAN_POINT('',(36.239332044544,27.261572244116,
    57.216361815225));
#12355 = DIRECTION('',(0.707106781187,0.,-0.707106781187));
#12356 = DIRECTION('',(0.683012701892,-0.258819045103,0.683012701892));
#12357 = ADVANCED_FACE('',(#12358),#12376,.F.);
#12358 = FACE_BOUND('',#12359,.F.);
#12359 = EDGE_LOOP('',(#12360,#12368,#12374,#12375));
#12360 = ORIENTED_EDGE('',*,*,#12361,.F.);
#12361 = EDGE_CURVE('',#12362,#7901,#12364,.T.);
#12362 = VERTEX_POINT('',#12363);
#12363 = CARTESIAN_POINT('',(33.326304507548,28.324090653034,
    60.532017296384));
#12364 = LINE('',#12365,#12366);
#12365 = CARTESIAN_POINT('',(33.124990535466,27.261572244116,
    60.330703324303));
#12366 = VECTOR('',#12367,1.);
#12367 = DIRECTION('',(0.183012701892,0.965925826289,0.183012701892));
#12368 = ORIENTED_EDGE('',*,*,#12369,.T.);
#12369 = EDGE_CURVE('',#12362,#12339,#12370,.T.);
#12370 = LINE('',#12371,#12372);
#12371 = CARTESIAN_POINT('',(33.326304507548,28.324090653034,
    60.532017296384));
#12372 = VECTOR('',#12373,1.);
#12373 = DIRECTION('',(0.707106781187,0.,-0.707106781187));
#12374 = ORIENTED_EDGE('',*,*,#12346,.T.);
#12375 = ORIENTED_EDGE('',*,*,#7908,.F.);
#12376 = PLANE('',#12377);
#12377 = AXIS2_PLACEMENT_3D('',#12378,#12379,#12380);
#12378 = CARTESIAN_POINT('',(33.124990535466,27.261572244116,
    60.330703324303));
#12379 = DIRECTION('',(0.683012701892,-0.258819045103,0.683012701892));
#12380 = DIRECTION('',(0.707106781187,0.,-0.707106781187));
#12381 = ADVANCED_FACE('',(#12382),#12400,.F.);
#12382 = FACE_BOUND('',#12383,.F.);
#12383 = EDGE_LOOP('',(#12384,#12392,#12398,#12399));
#12384 = ORIENTED_EDGE('',*,*,#12385,.F.);
#12385 = EDGE_CURVE('',#12386,#7893,#12388,.T.);
#12386 = VERTEX_POINT('',#12387);
#12387 = CARTESIAN_POINT('',(34.692329911332,27.806452562829,
    61.898042700169));
#12388 = LINE('',#12389,#12390);
#12389 = CARTESIAN_POINT('',(34.491015939251,26.743934153911,
    61.696728728087));
#12390 = VECTOR('',#12391,1.);
#12391 = DIRECTION('',(0.183012701892,0.965925826289,0.183012701892));
#12392 = ORIENTED_EDGE('',*,*,#12393,.F.);
#12393 = EDGE_CURVE('',#12362,#12386,#12394,.T.);
#12394 = LINE('',#12395,#12396);
#12395 = CARTESIAN_POINT('',(33.326304507548,28.324090653034,
    60.532017296384));
#12396 = VECTOR('',#12397,1.);
#12397 = DIRECTION('',(0.683012701892,-0.258819045103,0.683012701892));
#12398 = ORIENTED_EDGE('',*,*,#12361,.T.);
#12399 = ORIENTED_EDGE('',*,*,#7900,.F.);
#12400 = PLANE('',#12401);
#12401 = AXIS2_PLACEMENT_3D('',#12402,#12403,#12404);
#12402 = CARTESIAN_POINT('',(33.124990535466,27.261572244116,
    60.330703324303));
#12403 = DIRECTION('',(0.707106781187,0.,-0.707106781187));
#12404 = DIRECTION('',(0.683012701892,-0.258819045103,0.683012701892));
#12405 = ADVANCED_FACE('',(#12406),#12424,.F.);
#12406 = FACE_BOUND('',#12407,.F.);
#12407 = EDGE_LOOP('',(#12408,#12416,#12417,#12418));
#12408 = ORIENTED_EDGE('',*,*,#12409,.F.);
#12409 = EDGE_CURVE('',#12386,#12410,#12412,.T.);
#12410 = VERTEX_POINT('',#12411);
#12411 = CARTESIAN_POINT('',(36.45870799142,27.137105877604,
    63.664420780256));
#12412 = LINE('',#12413,#12414);
#12413 = CARTESIAN_POINT('',(33.326304507548,28.324090653034,
    60.532017296384));
#12414 = VECTOR('',#12415,1.);
#12415 = DIRECTION('',(0.683012701892,-0.258819045103,0.683012701892));
#12416 = ORIENTED_EDGE('',*,*,#12385,.T.);
#12417 = ORIENTED_EDGE('',*,*,#7892,.F.);
#12418 = ORIENTED_EDGE('',*,*,#12419,.F.);
#12419 = EDGE_CURVE('',#12410,#3622,#12420,.T.);
#12420 = LINE('',#12421,#12422);
#12421 = CARTESIAN_POINT('',(36.45870799142,27.137105877604,
    63.664420780256));
#12422 = VECTOR('',#12423,1.);
#12423 = DIRECTION('',(0.183012701892,0.965925826289,0.183012701892));
#12424 = PLANE('',#12425);
#12425 = AXIS2_PLACEMENT_3D('',#12426,#12427,#12428);
#12426 = CARTESIAN_POINT('',(33.326304507548,28.324090653034,
    60.532017296384));
#12427 = DIRECTION('',(0.707106781187,0.,-0.707106781187));
#12428 = DIRECTION('',(0.683012701892,-0.258819045103,0.683012701892));
#12429 = ADVANCED_FACE('',(#12430),#12441,.T.);
#12430 = FACE_BOUND('',#12431,.T.);
#12431 = EDGE_LOOP('',(#12432,#12433,#12439,#12440));
#12432 = ORIENTED_EDGE('',*,*,#12292,.F.);
#12433 = ORIENTED_EDGE('',*,*,#12434,.T.);
#12434 = EDGE_CURVE('',#12283,#12182,#12435,.T.);
#12435 = LINE('',#12436,#12437);
#12436 = CARTESIAN_POINT('',(47.250814930621,27.137105877604,
    52.872313841054));
#12437 = VECTOR('',#12438,1.);
#12438 = DIRECTION('',(0.707106781187,0.,-0.707106781187));
#12439 = ORIENTED_EDGE('',*,*,#12196,.T.);
#12440 = ORIENTED_EDGE('',*,*,#7978,.T.);
#12441 = PLANE('',#12442);
#12442 = AXIS2_PLACEMENT_3D('',#12443,#12444,#12445);
#12443 = CARTESIAN_POINT('',(47.250814930621,27.137105877604,
    52.872313841054));
#12444 = DIRECTION('',(0.683012701892,-0.258819045103,0.683012701892));
#12445 = DIRECTION('',(0.707106781187,0.,-0.707106781187));
#12446 = ADVANCED_FACE('',(#12447),#12458,.T.);
#12447 = FACE_BOUND('',#12448,.T.);
#12448 = EDGE_LOOP('',(#12449,#12450,#12456,#12457));
#12449 = ORIENTED_EDGE('',*,*,#12419,.F.);
#12450 = ORIENTED_EDGE('',*,*,#12451,.T.);
#12451 = EDGE_CURVE('',#12410,#12309,#12452,.T.);
#12452 = LINE('',#12453,#12454);
#12453 = CARTESIAN_POINT('',(36.45870799142,27.137105877604,
    63.664420780256));
#12454 = VECTOR('',#12455,1.);
#12455 = DIRECTION('',(0.707106781187,0.,-0.707106781187));
#12456 = ORIENTED_EDGE('',*,*,#12323,.T.);
#12457 = ORIENTED_EDGE('',*,*,#7995,.T.);
#12458 = PLANE('',#12459);
#12459 = AXIS2_PLACEMENT_3D('',#12460,#12461,#12462);
#12460 = CARTESIAN_POINT('',(36.45870799142,27.137105877604,
    63.664420780256));
#12461 = DIRECTION('',(0.683012701892,-0.258819045103,0.683012701892));
#12462 = DIRECTION('',(0.707106781187,0.,-0.707106781187));
#12463 = ADVANCED_FACE('',(#12464),#12470,.T.);
#12464 = FACE_BOUND('',#12465,.T.);
#12465 = EDGE_LOOP('',(#12466,#12467,#12468,#12469));
#12466 = ORIENTED_EDGE('',*,*,#8069,.T.);
#12467 = ORIENTED_EDGE('',*,*,#8037,.T.);
#12468 = ORIENTED_EDGE('',*,*,#8028,.T.);
#12469 = ORIENTED_EDGE('',*,*,#8077,.F.);
#12470 = PLANE('',#12471);
#12471 = AXIS2_PLACEMENT_3D('',#12472,#12473,#12474);
#12472 = CARTESIAN_POINT('',(-400.2666293214,-483.6322598297,
    306.84015186508));
#12473 = DIRECTION('',(0.683012701892,-0.258819045103,0.683012701892));
#12474 = DIRECTION('',(0.707106781187,0.,-0.707106781187));
#12475 = ADVANCED_FACE('',(#12476),#12487,.T.);
#12476 = FACE_BOUND('',#12477,.T.);
#12477 = EDGE_LOOP('',(#12478,#12479,#12480,#12486));
#12478 = ORIENTED_EDGE('',*,*,#8020,.F.);
#12479 = ORIENTED_EDGE('',*,*,#11235,.T.);
#12480 = ORIENTED_EDGE('',*,*,#12481,.T.);
#12481 = EDGE_CURVE('',#11236,#11332,#12482,.T.);
#12482 = LINE('',#12483,#12484);
#12483 = CARTESIAN_POINT('',(32.846480346836,20.387836327876,
    64.719097891504));
#12484 = VECTOR('',#12485,1.);
#12485 = DIRECTION('',(0.183012701892,0.965925826289,0.183012701892));
#12486 = ORIENTED_EDGE('',*,*,#11331,.F.);
#12487 = PLANE('',#12488);
#12488 = AXIS2_PLACEMENT_3D('',#12489,#12490,#12491);
#12489 = CARTESIAN_POINT('',(29.310946440903,20.387836327876,
    68.254631797436));
#12490 = DIRECTION('',(0.683012701892,-0.258819045103,0.683012701892));
#12491 = DIRECTION('',(0.707106781187,0.,-0.707106781187));
#12492 = ADVANCED_FACE('',(#12493,#12505),#12516,.T.);
#12493 = FACE_BOUND('',#12494,.T.);
#12494 = EDGE_LOOP('',(#12495,#12496,#12503,#12504));
#12495 = ORIENTED_EDGE('',*,*,#8084,.T.);
#12496 = ORIENTED_EDGE('',*,*,#12497,.T.);
#12497 = EDGE_CURVE('',#3581,#8053,#12498,.T.);
#12498 = CIRCLE('',#12499,4.5);
#12499 = AXIS2_PLACEMENT_3D('',#12500,#12501,#12502);
#12500 = CARTESIAN_POINT('',(27.285592528323,20.521134091904,
    70.330497215738));
#12501 = DIRECTION('',(0.683012701892,-0.258819045103,0.683012701892));
#12502 = DIRECTION('',(0.707106781187,0.,-0.707106781187));
#12503 = ORIENTED_EDGE('',*,*,#8052,.T.);
#12504 = ORIENTED_EDGE('',*,*,#8092,.F.);
#12505 = FACE_BOUND('',#12506,.T.);
#12506 = EDGE_LOOP('',(#12507));
#12507 = ORIENTED_EDGE('',*,*,#12508,.F.);
#12508 = EDGE_CURVE('',#12509,#12509,#12511,.T.);
#12509 = VERTEX_POINT('',#12510);
#12510 = CARTESIAN_POINT('',(28.48767405634,20.521134091904,
    69.128415687721));
#12511 = CIRCLE('',#12512,1.7);
#12512 = AXIS2_PLACEMENT_3D('',#12513,#12514,#12515);
#12513 = CARTESIAN_POINT('',(27.285592528323,20.521134091904,
    70.330497215738));
#12514 = DIRECTION('',(0.683012701892,-0.258819045103,0.683012701892));
#12515 = DIRECTION('',(0.707106781187,0.,-0.707106781187));
#12516 = PLANE('',#12517);
#12517 = AXIS2_PLACEMENT_3D('',#12518,#12519,#12520);
#12518 = CARTESIAN_POINT('',(27.285592528323,20.521134091904,
    70.330497215738));
#12519 = DIRECTION('',(0.683012701892,-0.258819045103,0.683012701892));
#12520 = DIRECTION('',(0.707106781187,0.,-0.707106781187));
#12521 = ADVANCED_FACE('',(#12522),#12545,.T.);
#12522 = FACE_BOUND('',#12523,.T.);
#12523 = EDGE_LOOP('',(#12524,#12532,#12543,#12544));
#12524 = ORIENTED_EDGE('',*,*,#12525,.F.);
#12525 = EDGE_CURVE('',#12526,#10847,#12528,.T.);
#12526 = VERTEX_POINT('',#12527);
#12527 = CARTESIAN_POINT('',(27.497381222623,16.911038167275,
    67.524463005303));
#12528 = LINE('',#12529,#12530);
#12529 = CARTESIAN_POINT('',(32.403163747308,27.533548264553,
    71.025386009903));
#12530 = VECTOR('',#12531,1.);
#12531 = DIRECTION('',(-0.401680562345,-0.869760493441,-0.28665207113));
#12532 = ORIENTED_EDGE('',*,*,#12533,.F.);
#12533 = EDGE_CURVE('',#8108,#12526,#12534,.T.);
#12534 = B_SPLINE_CURVE_WITH_KNOTS('',4,(#12535,#12536,#12537,#12538,
    #12539,#12540,#12541,#12542),.UNSPECIFIED.,.F.,.F.,(5,3,5),(0.,
    0.944229666765,1.),.UNSPECIFIED.);
#12535 = CARTESIAN_POINT('',(27.11746745884,16.968740633093,
    67.295562603698));
#12536 = CARTESIAN_POINT('',(27.201913176168,16.950255189222,
    67.355825763132));
#12537 = CARTESIAN_POINT('',(27.289950478956,16.934723724834,
    67.412183820211));
#12538 = CARTESIAN_POINT('',(27.38113855452,16.922276688966,
    67.464584760562));
#12539 = CARTESIAN_POINT('',(27.480670684508,16.912589627225,
    67.515950730262));
#12540 = CARTESIAN_POINT('',(27.486231300647,16.912060895422,
    67.518801786713));
#12541 = CARTESIAN_POINT('',(27.491801508365,16.911543727,67.52163920918
    ));
#12542 = CARTESIAN_POINT('',(27.497381222623,16.911038167275,
    67.524463005304));
#12543 = ORIENTED_EDGE('',*,*,#8107,.T.);
#12544 = ORIENTED_EDGE('',*,*,#10948,.F.);
#12545 = CYLINDRICAL_SURFACE('',#12546,2.5);
#12546 = AXIS2_PLACEMENT_3D('',#12547,#12548,#12549);
#12547 = CARTESIAN_POINT('',(33.542959317175,27.737397824048,
    68.809689411538));
#12548 = DIRECTION('',(-0.401680562345,-0.869760493441,-0.28665207113));
#12549 = DIRECTION('',(0.794223706055,-0.486690806553,0.363786700631));
#12550 = ADVANCED_FACE('',(#12551),#12562,.T.);
#12551 = FACE_BOUND('',#12552,.T.);
#12552 = EDGE_LOOP('',(#12553,#12554,#12555,#12561));
#12553 = ORIENTED_EDGE('',*,*,#8710,.T.);
#12554 = ORIENTED_EDGE('',*,*,#8736,.F.);
#12555 = ORIENTED_EDGE('',*,*,#12556,.T.);
#12556 = EDGE_CURVE('',#8726,#8508,#12557,.T.);
#12557 = LINE('',#12558,#12559);
#12558 = CARTESIAN_POINT('',(32.090744940143,28.337397824048,
    70.844652163812));
#12559 = VECTOR('',#12560,1.);
#12560 = DIRECTION('',(-0.777507119945,0.296006467794,-0.554853899201));
#12561 = ORIENTED_EDGE('',*,*,#8507,.F.);
#12562 = PLANE('',#12563);
#12563 = AXIS2_PLACEMENT_3D('',#12564,#12565,#12566);
#12564 = CARTESIAN_POINT('',(10.090526959769,4.565667130445,
    55.144594355268));
#12565 = DIRECTION('',(-0.580885750813,0.,0.81398510091));
#12566 = DIRECTION('',(-0.81398510091,0.,-0.580885750813));
#12567 = ADVANCED_FACE('',(#12568),#12588,.T.);
#12568 = FACE_BOUND('',#12569,.T.);
#12569 = EDGE_LOOP('',(#12570,#12571,#12572,#12579,#12580,#12581));
#12570 = ORIENTED_EDGE('',*,*,#12497,.F.);
#12571 = ORIENTED_EDGE('',*,*,#8499,.T.);
#12572 = ORIENTED_EDGE('',*,*,#12573,.T.);
#12573 = EDGE_CURVE('',#8491,#8118,#12574,.T.);
#12574 = CIRCLE('',#12575,4.5);
#12575 = AXIS2_PLACEMENT_3D('',#12576,#12577,#12578);
#12576 = CARTESIAN_POINT('',(24.212035369808,21.685819794866,
    67.256940057223));
#12577 = DIRECTION('',(0.683012701892,-0.258819045103,0.683012701892));
#12578 = DIRECTION('',(0.707106781187,0.,-0.707106781187));
#12579 = ORIENTED_EDGE('',*,*,#8117,.T.);
#12580 = ORIENTED_EDGE('',*,*,#12533,.T.);
#12581 = ORIENTED_EDGE('',*,*,#12582,.T.);
#12582 = EDGE_CURVE('',#12526,#8053,#12583,.T.);
#12583 = ELLIPSE('',#12584,14.283642626522,4.5);
#12584 = AXIS2_PLACEMENT_3D('',#12585,#12586,#12587);
#12585 = CARTESIAN_POINT('',(22.322826652636,22.401711600133,
    65.367731340051));
#12586 = DIRECTION('',(-0.455918227947,-8.153982379808E-02,
    0.886278639346));
#12587 = DIRECTION('',(0.871002250498,-0.245639075155,0.425460367585));
#12588 = CYLINDRICAL_SURFACE('',#12589,4.5);
#12589 = AXIS2_PLACEMENT_3D('',#12590,#12591,#12592);
#12590 = CARTESIAN_POINT('',(22.846009966024,22.203457885071,
    65.890914653439));
#12591 = DIRECTION('',(0.683012701892,-0.258819045103,0.683012701892));
#12592 = DIRECTION('',(0.707106781187,0.,-0.707106781187));
#12593 = ADVANCED_FACE('',(#12594),#12606,.T.);
#12594 = FACE_BOUND('',#12595,.T.);
#12595 = EDGE_LOOP('',(#12596,#12597,#12604,#12605));
#12596 = ORIENTED_EDGE('',*,*,#8490,.F.);
#12597 = ORIENTED_EDGE('',*,*,#12598,.T.);
#12598 = EDGE_CURVE('',#8394,#8127,#12599,.T.);
#12599 = CIRCLE('',#12600,6.3);
#12600 = AXIS2_PLACEMENT_3D('',#12601,#12602,#12603);
#12601 = CARTESIAN_POINT('',(22.982612506402,22.15169407605,
    66.027517193817));
#12602 = DIRECTION('',(0.683012701892,-0.258819045103,0.683012701892));
#12603 = DIRECTION('',(0.707106781187,0.,-0.707106781187));
#12604 = ORIENTED_EDGE('',*,*,#8126,.F.);
#12605 = ORIENTED_EDGE('',*,*,#12573,.F.);
#12606 = CONICAL_SURFACE('',#12607,6.3,0.785398163397);
#12607 = AXIS2_PLACEMENT_3D('',#12608,#12609,#12610);
#12608 = CARTESIAN_POINT('',(22.982612506402,22.15169407605,
    66.027517193817));
#12609 = DIRECTION('',(-0.683012701892,0.258819045103,-0.683012701892));
#12610 = DIRECTION('',(0.707106781187,0.,-0.707106781187));
#12611 = ADVANCED_FACE('',(#12612),#12831,.T.);
#12612 = FACE_BOUND('',#12613,.T.);
#12613 = EDGE_LOOP('',(#12614,#12615,#12616,#12629,#12711,#12721,#12722,
    #12733,#12815,#12830));
#12614 = ORIENTED_EDGE('',*,*,#12598,.F.);
#12615 = ORIENTED_EDGE('',*,*,#8393,.F.);
#12616 = ORIENTED_EDGE('',*,*,#12617,.T.);
#12617 = EDGE_CURVE('',#8386,#12618,#12620,.T.);
#12618 = VERTEX_POINT('',#12619);
#12619 = CARTESIAN_POINT('',(16.177432870508,25.2118119038,
    61.889745185631));
#12620 = B_SPLINE_CURVE_WITH_KNOTS('',4,(#12621,#12622,#12623,#12624,
    #12625,#12626,#12627,#12628),.UNSPECIFIED.,.F.,.F.,(5,3,5),(0.,
    0.501199278714,1.),.UNSPECIFIED.);
#12621 = CARTESIAN_POINT('',(13.998632318,27.102829396052,
    54.437969731711));
#12622 = CARTESIAN_POINT('',(14.27146682684,26.865917206476,
    55.371734849979));
#12623 = CARTESIAN_POINT('',(14.544344225718,26.628996885518,
    56.305485038256));
#12624 = CARTESIAN_POINT('',(14.817271956882,26.392067026849,
    57.239217680213));
#12625 = CARTESIAN_POINT('',(15.361946821692,25.919317410302,
    59.102170535579));
#12626 = CARTESIAN_POINT('',(15.633693527451,25.683497734545,
    60.031390892386));
#12627 = CARTESIAN_POINT('',(15.905514823165,25.447663951807,
    60.960585094018));
#12628 = CARTESIAN_POINT('',(16.177432860409,25.211811907645,
    61.889745178424));
#12629 = ORIENTED_EDGE('',*,*,#12630,.F.);
#12630 = EDGE_CURVE('',#12631,#12618,#12633,.T.);
#12631 = VERTEX_POINT('',#12632);
#12632 = CARTESIAN_POINT('',(16.004288279172,21.311791539959,
    61.766183678393));
#12633 = B_SPLINE_CURVE_WITH_KNOTS('',6,(#12634,#12635,#12636,#12637,
    #12638,#12639,#12640,#12641,#12642,#12643,#12644,#12645,#12646,
    #12647,#12648,#12649,#12650,#12651,#12652,#12653,#12654,#12655,
    #12656,#12657,#12658,#12659,#12660,#12661,#12662,#12663,#12664,
    #12665,#12666,#12667,#12668,#12669,#12670,#12671,#12672,#12673,
    #12674,#12675,#12676,#12677,#12678,#12679,#12680,#12681,#12682,
    #12683,#12684,#12685,#12686,#12687,#12688,#12689,#12690,#12691,
    #12692,#12693,#12694,#12695,#12696,#12697,#12698,#12699,#12700,
    #12701,#12702,#12703,#12704,#12705,#12706,#12707,#12708,#12709,
    #12710),.UNSPECIFIED.,.F.,.F.,(7,5,5,5,5,5,5,5,5,5,5,5,5,5,5,7),(0.,
    9.946078256328E-02,0.162660858786,0.229407758081,0.271928597845,
    0.37005736773,0.442743145997,0.519012675835,0.589005192046,
    0.655455264189,0.695414365506,0.781894506786,0.849793168019,
    0.878898017189,0.923710619112,1.),.UNSPECIFIED.);
#12634 = CARTESIAN_POINT('',(21.230284654618,16.123723107631,
    65.49562150828));
#12635 = CARTESIAN_POINT('',(20.902150963636,16.114697357404,
    65.261454832206));
#12636 = CARTESIAN_POINT('',(20.573130944122,16.137930513113,
    65.026655643801));
#12637 = CARTESIAN_POINT('',(20.245942727797,16.193450847507,
    64.793163688623));
#12638 = CARTESIAN_POINT('',(19.923152097812,16.280679553539,
    64.56280999143));
#12639 = CARTESIAN_POINT('',(19.607186060498,16.398610447582,
    64.337326541412));
#12640 = CARTESIAN_POINT('',(19.10533626206,16.639290017534,
    63.979190505955));
#12641 = CARTESIAN_POINT('',(18.914007496237,16.744615857983,
    63.842652191356));
#12642 = CARTESIAN_POINT('',(18.726908413173,16.861388505306,
    63.709132313387));
#12643 = CARTESIAN_POINT('',(18.54456414487,16.989187399538,
    63.579005623007));
#12644 = CARTESIAN_POINT('',(18.367458224362,17.127546382693,
    63.452617184825));
#12645 = CARTESIAN_POINT('',(18.014993710731,17.43270886016,
    63.201087257057));
#12646 = CARTESIAN_POINT('',(17.840288384456,17.600675132535,
    63.076411959548));
#12647 = CARTESIAN_POINT('',(17.672441910151,17.779271611728,
    62.956631357742));
#12648 = CARTESIAN_POINT('',(17.511920124505,17.967871696864,
    62.842077887571));
#12649 = CARTESIAN_POINT('',(17.359138707771,18.16582087173,
    62.733048191732));
#12650 = CARTESIAN_POINT('',(17.122307688645,18.5040743439,
    62.564038016722));
#12651 = CARTESIAN_POINT('',(17.03343804669,18.639224737971,
    62.50061780346));
#12652 = CARTESIAN_POINT('',(16.947955227324,18.777722367659,
    62.439614534907));
#12653 = CARTESIAN_POINT('',(16.865947296016,18.919391001356,
    62.381091057392));
#12654 = CARTESIAN_POINT('',(16.787495191114,19.064052165313,
    62.325105131104));
#12655 = CARTESIAN_POINT('',(16.539998884065,19.551860424761,
    62.14848386619));
#12656 = CARTESIAN_POINT('',(16.386658319295,19.90716880538,
    62.039055144464));
#12657 = CARTESIAN_POINT('',(16.253556161184,20.275237882548,
    61.94406919575));
#12658 = CARTESIAN_POINT('',(16.141417680022,20.653808153445,
    61.864043596078));
#12659 = CARTESIAN_POINT('',(16.050804132149,21.040582414051,
    61.799378875887));
#12660 = CARTESIAN_POINT('',(15.931259387532,21.724080241324,
    61.714067930201));
#12661 = CARTESIAN_POINT('',(15.892426780003,22.018149721805,
    61.686355741912));
#12662 = CARTESIAN_POINT('',(15.865797744308,22.314497822479,
    61.667352412029));
#12663 = CARTESIAN_POINT('',(15.851494874729,22.612164663787,
    61.657145427742));
#12664 = CARTESIAN_POINT('',(15.849593836211,22.910176090252,
    61.655788785974));
#12665 = CARTESIAN_POINT('',(15.871166793342,23.519572519614,
    61.671183936802));
#12666 = CARTESIAN_POINT('',(15.895896563494,23.830892160241,
    61.688831890169));
#12667 = CARTESIAN_POINT('',(15.934339331131,24.140357725333,
    61.716265876267));
#12668 = CARTESIAN_POINT('',(15.986463935717,24.446803817494,
    61.753463657942));
#12669 = CARTESIAN_POINT('',(16.052168239356,24.749047092492,
    61.800352346333));
#12670 = CARTESIAN_POINT('',(16.203858834929,25.318300727168,
    61.908603597372));
#12671 = CARTESIAN_POINT('',(16.287731394384,25.586165435567,
    61.968457733052));
#12672 = CARTESIAN_POINT('',(16.382742403755,25.848553372803,
    62.036260622137));
#12673 = CARTESIAN_POINT('',(16.488690684396,26.104529039623,
    62.111868697123));
#12674 = CARTESIAN_POINT('',(16.605307178737,26.353157919176,
    62.195089949941));
#12675 = CARTESIAN_POINT('',(16.852757193578,26.821703659484,
    62.371678179258));
#12676 = CARTESIAN_POINT('',(16.982574597662,27.042440816223,
    62.464320022647));
#12677 = CARTESIAN_POINT('',(17.121396691087,27.254928158933,
    62.563387899784));
#12678 = CARTESIAN_POINT('',(17.268865545083,27.458388493768,
    62.668626381274));
#12679 = CARTESIAN_POINT('',(17.424557155787,27.652073300154,
    62.779732884425));
#12680 = CARTESIAN_POINT('',(17.686242051625,27.945436901494,
    62.966479579205));
#12681 = CARTESIAN_POINT('',(17.787304726784,28.051810976406,
    63.038601130169));
#12682 = CARTESIAN_POINT('',(17.891053477479,28.15423970769,
    63.112639550376));
#12683 = CARTESIAN_POINT('',(17.997371907572,28.252576362223,
    63.188511775827));
#12684 = CARTESIAN_POINT('',(18.106135104477,28.346682087073,
    63.266128664913));
#12685 = CARTESIAN_POINT('',(18.457598965611,28.630650959278,
    63.516944495117));
#12686 = CARTESIAN_POINT('',(18.708834384968,28.804463105695,
    63.696234109928));
#12687 = CARTESIAN_POINT('',(18.969528749125,28.956505288048,
    63.882273929682));
#12688 = CARTESIAN_POINT('',(19.238164504592,29.085699019043,
    64.073980979769));
#12689 = CARTESIAN_POINT('',(19.513104930746,29.191217577229,
    64.270187244105));
#12690 = CARTESIAN_POINT('',(20.011992193987,29.33642393738,
    64.62620911988));
#12691 = CARTESIAN_POINT('',(20.234220654501,29.385389839089,
    64.784798442945));
#12692 = CARTESIAN_POINT('',(20.458405609354,29.419214162721,
    64.944783982821));
#12693 = CARTESIAN_POINT('',(20.683692953993,29.437783680508,
    65.105556223238));
#12694 = CARTESIAN_POINT('',(20.909228075016,29.441110005308,
    65.266505284792));
#12695 = CARTESIAN_POINT('',(21.230573579571,29.424272813798,
    65.495827694349));
#12696 = CARTESIAN_POINT('',(21.326879795875,29.416444307279,
    65.564554884445));
#12697 = CARTESIAN_POINT('',(21.423009719173,29.405849533022,
    65.633156266224));
#12698 = CARTESIAN_POINT('',(21.518898081159,29.392502696878,
    65.701585262141));
#12699 = CARTESIAN_POINT('',(21.614480627912,29.376421788107,
    65.769796018546));
#12700 = CARTESIAN_POINT('',(21.856293894016,29.328692762659,
    65.942361684036));
#12701 = CARTESIAN_POINT('',(22.002019480223,29.293326752954,
    66.046356113986));
#12702 = CARTESIAN_POINT('',(22.146639521302,29.25160979084,
    66.149561591642));
#12703 = CARTESIAN_POINT('',(22.289931829648,29.20364063845,
    66.251819556838));
#12704 = CARTESIAN_POINT('',(22.431683082939,29.149535720808,
    66.352977775956));
#12705 = CARTESIAN_POINT('',(22.810035048281,28.987098089262,
    66.622981815605));
#12706 = CARTESIAN_POINT('',(23.043326404102,28.867367110032,
    66.789465973893));
#12707 = CARTESIAN_POINT('',(23.270549991201,28.730889396073,
    66.951619978736));
#12708 = CARTESIAN_POINT('',(23.490795380351,28.57843679761,
    67.108794118774));
#12709 = CARTESIAN_POINT('',(23.703245232353,28.410872579707,
    67.260405114666));
#12710 = CARTESIAN_POINT('',(23.907166221226,28.229126053491,
    67.405929641584));
#12711 = ORIENTED_EDGE('',*,*,#12712,.F.);
#12712 = EDGE_CURVE('',#8265,#12631,#12713,.T.);
#12713 = B_SPLINE_CURVE_WITH_KNOTS('',6,(#12714,#12715,#12716,#12717,
    #12718,#12719,#12720),.UNSPECIFIED.,.F.,.F.,(7,7),(0.,1.),
  .PIECEWISE_BEZIER_KNOTS.);
#12714 = CARTESIAN_POINT('',(14.040037370936,21.311791539959,
    54.467517699155));
#12715 = CARTESIAN_POINT('',(14.363624540103,21.311791539959,
    55.685008989429));
#12716 = CARTESIAN_POINT('',(14.688411810392,21.311791539959,
    56.902171876259));
#12717 = CARTESIAN_POINT('',(15.014584505686,21.311791539959,
    58.11895544405));
#12718 = CARTESIAN_POINT('',(15.342384072612,21.311791539959,
    59.335289597315));
#12719 = CARTESIAN_POINT('',(15.672121899136,21.311791539959,
    60.551081211155));
#12720 = CARTESIAN_POINT('',(16.004288268984,21.311791539959,
    61.766183671123));
#12721 = ORIENTED_EDGE('',*,*,#8264,.F.);
#12722 = ORIENTED_EDGE('',*,*,#12723,.T.);
#12723 = EDGE_CURVE('',#8257,#12724,#12726,.T.);
#12724 = VERTEX_POINT('',#12725);
#12725 = CARTESIAN_POINT('',(17.25745099201,18.311791539959,
    62.660480591843));
#12726 = B_SPLINE_CURVE_WITH_KNOTS('',5,(#12727,#12728,#12729,#12730,
    #12731,#12732),.UNSPECIFIED.,.F.,.F.,(6,6),(0.,1.),
  .PIECEWISE_BEZIER_KNOTS.);
#12727 = CARTESIAN_POINT('',(15.438444529077,18.311791539959,
    55.465465685047));
#12728 = CARTESIAN_POINT('',(15.802199304988,18.311791539959,
    56.904480827529));
#12729 = CARTESIAN_POINT('',(16.165971584828,18.311791539959,
    58.343491409136));
#12730 = CARTESIAN_POINT('',(16.529765895675,18.311791539959,
    59.782496255965));
#12731 = CARTESIAN_POINT('',(16.893588015901,18.311791539959,
    61.221493817531));
#12732 = CARTESIAN_POINT('',(17.257450988414,18.311791539959,
    62.660480589277));
#12733 = ORIENTED_EDGE('',*,*,#12734,.F.);
#12734 = EDGE_CURVE('',#12735,#12724,#12737,.T.);
#12735 = VERTEX_POINT('',#12736);
#12736 = CARTESIAN_POINT('',(18.269090990257,17.213833623483,
    63.382419186637));
#12737 = B_SPLINE_CURVE_WITH_KNOTS('',6,(#12738,#12739,#12740,#12741,
    #12742,#12743,#12744,#12745,#12746,#12747,#12748,#12749,#12750,
    #12751,#12752,#12753,#12754,#12755,#12756,#12757,#12758,#12759,
    #12760,#12761,#12762,#12763,#12764,#12765,#12766,#12767,#12768,
    #12769,#12770,#12771,#12772,#12773,#12774,#12775,#12776,#12777,
    #12778,#12779,#12780,#12781,#12782,#12783,#12784,#12785,#12786,
    #12787,#12788,#12789,#12790,#12791,#12792,#12793,#12794,#12795,
    #12796,#12797,#12798,#12799,#12800,#12801,#12802,#12803,#12804,
    #12805,#12806,#12807,#12808,#12809,#12810,#12811,#12812,#12813,
    #12814),.UNSPECIFIED.,.F.,.F.,(7,5,5,5,5,5,5,5,5,5,5,5,5,5,5,7),(0.,
    9.946078256328E-02,0.162660858786,0.229407758081,0.271928597845,
    0.37005736773,0.442743145997,0.519012675835,0.589005192046,
    0.655455264189,0.695414365506,0.781894506786,0.849793168019,
    0.878898017189,0.923710619112,1.),.UNSPECIFIED.);
#12738 = CARTESIAN_POINT('',(21.230284654618,16.123723107631,
    65.49562150828));
#12739 = CARTESIAN_POINT('',(20.902150963636,16.114697357404,
    65.261454832206));
#12740 = CARTESIAN_POINT('',(20.573130944122,16.137930513113,
    65.026655643801));
#12741 = CARTESIAN_POINT('',(20.245942727797,16.193450847507,
    64.793163688623));
#12742 = CARTESIAN_POINT('',(19.923152097812,16.280679553539,
    64.56280999143));
#12743 = CARTESIAN_POINT('',(19.607186060498,16.398610447582,
    64.337326541412));
#12744 = CARTESIAN_POINT('',(19.10533626206,16.639290017534,
    63.979190505955));
#12745 = CARTESIAN_POINT('',(18.914007496237,16.744615857983,
    63.842652191356));
#12746 = CARTESIAN_POINT('',(18.726908413173,16.861388505306,
    63.709132313387));
#12747 = CARTESIAN_POINT('',(18.54456414487,16.989187399538,
    63.579005623007));
#12748 = CARTESIAN_POINT('',(18.367458224362,17.127546382693,
    63.452617184825));
#12749 = CARTESIAN_POINT('',(18.014993710731,17.43270886016,
    63.201087257057));
#12750 = CARTESIAN_POINT('',(17.840288384456,17.600675132535,
    63.076411959548));
#12751 = CARTESIAN_POINT('',(17.672441910151,17.779271611728,
    62.956631357742));
#12752 = CARTESIAN_POINT('',(17.511920124505,17.967871696864,
    62.842077887571));
#12753 = CARTESIAN_POINT('',(17.359138707771,18.16582087173,
    62.733048191732));
#12754 = CARTESIAN_POINT('',(17.122307688645,18.5040743439,
    62.564038016722));
#12755 = CARTESIAN_POINT('',(17.03343804669,18.639224737971,
    62.50061780346));
#12756 = CARTESIAN_POINT('',(16.947955227324,18.777722367659,
    62.439614534907));
#12757 = CARTESIAN_POINT('',(16.865947296016,18.919391001356,
    62.381091057392));
#12758 = CARTESIAN_POINT('',(16.787495191114,19.064052165313,
    62.325105131104));
#12759 = CARTESIAN_POINT('',(16.539998884065,19.551860424761,
    62.14848386619));
#12760 = CARTESIAN_POINT('',(16.386658319295,19.90716880538,
    62.039055144464));
#12761 = CARTESIAN_POINT('',(16.253556161184,20.275237882548,
    61.94406919575));
#12762 = CARTESIAN_POINT('',(16.141417680022,20.653808153445,
    61.864043596078));
#12763 = CARTESIAN_POINT('',(16.050804132149,21.040582414051,
    61.799378875887));
#12764 = CARTESIAN_POINT('',(15.931259387532,21.724080241324,
    61.714067930201));
#12765 = CARTESIAN_POINT('',(15.892426780003,22.018149721805,
    61.686355741912));
#12766 = CARTESIAN_POINT('',(15.865797744308,22.314497822479,
    61.667352412029));
#12767 = CARTESIAN_POINT('',(15.851494874729,22.612164663787,
    61.657145427742));
#12768 = CARTESIAN_POINT('',(15.849593836211,22.910176090252,
    61.655788785974));
#12769 = CARTESIAN_POINT('',(15.871166793342,23.519572519614,
    61.671183936802));
#12770 = CARTESIAN_POINT('',(15.895896563494,23.830892160241,
    61.688831890169));
#12771 = CARTESIAN_POINT('',(15.934339331131,24.140357725333,
    61.716265876267));
#12772 = CARTESIAN_POINT('',(15.986463935717,24.446803817494,
    61.753463657942));
#12773 = CARTESIAN_POINT('',(16.052168239356,24.749047092492,
    61.800352346333));
#12774 = CARTESIAN_POINT('',(16.203858834929,25.318300727168,
    61.908603597372));
#12775 = CARTESIAN_POINT('',(16.287731394384,25.586165435567,
    61.968457733052));
#12776 = CARTESIAN_POINT('',(16.382742403755,25.848553372803,
    62.036260622137));
#12777 = CARTESIAN_POINT('',(16.488690684396,26.104529039623,
    62.111868697123));
#12778 = CARTESIAN_POINT('',(16.605307178737,26.353157919176,
    62.195089949941));
#12779 = CARTESIAN_POINT('',(16.852757193578,26.821703659484,
    62.371678179258));
#12780 = CARTESIAN_POINT('',(16.982574597662,27.042440816223,
    62.464320022647));
#12781 = CARTESIAN_POINT('',(17.121396691087,27.254928158933,
    62.563387899784));
#12782 = CARTESIAN_POINT('',(17.268865545083,27.458388493768,
    62.668626381274));
#12783 = CARTESIAN_POINT('',(17.424557155787,27.652073300154,
    62.779732884425));
#12784 = CARTESIAN_POINT('',(17.686242051625,27.945436901494,
    62.966479579205));
#12785 = CARTESIAN_POINT('',(17.787304726784,28.051810976406,
    63.038601130169));
#12786 = CARTESIAN_POINT('',(17.891053477479,28.15423970769,
    63.112639550376));
#12787 = CARTESIAN_POINT('',(17.997371907572,28.252576362223,
    63.188511775827));
#12788 = CARTESIAN_POINT('',(18.106135104477,28.346682087073,
    63.266128664913));
#12789 = CARTESIAN_POINT('',(18.457598965611,28.630650959278,
    63.516944495117));
#12790 = CARTESIAN_POINT('',(18.708834384968,28.804463105695,
    63.696234109928));
#12791 = CARTESIAN_POINT('',(18.969528749125,28.956505288048,
    63.882273929682));
#12792 = CARTESIAN_POINT('',(19.238164504592,29.085699019043,
    64.073980979769));
#12793 = CARTESIAN_POINT('',(19.513104930746,29.191217577229,
    64.270187244105));
#12794 = CARTESIAN_POINT('',(20.011992193987,29.33642393738,
    64.62620911988));
#12795 = CARTESIAN_POINT('',(20.234220654501,29.385389839089,
    64.784798442945));
#12796 = CARTESIAN_POINT('',(20.458405609354,29.419214162721,
    64.944783982821));
#12797 = CARTESIAN_POINT('',(20.683692953993,29.437783680508,
    65.105556223238));
#12798 = CARTESIAN_POINT('',(20.909228075016,29.441110005308,
    65.266505284792));
#12799 = CARTESIAN_POINT('',(21.230573579571,29.424272813798,
    65.495827694349));
#12800 = CARTESIAN_POINT('',(21.326879795875,29.416444307279,
    65.564554884445));
#12801 = CARTESIAN_POINT('',(21.423009719173,29.405849533022,
    65.633156266224));
#12802 = CARTESIAN_POINT('',(21.518898081159,29.392502696878,
    65.701585262141));
#12803 = CARTESIAN_POINT('',(21.614480627912,29.376421788107,
    65.769796018546));
#12804 = CARTESIAN_POINT('',(21.856293894016,29.328692762659,
    65.942361684036));
#12805 = CARTESIAN_POINT('',(22.002019480223,29.293326752954,
    66.046356113986));
#12806 = CARTESIAN_POINT('',(22.146639521302,29.25160979084,
    66.149561591642));
#12807 = CARTESIAN_POINT('',(22.289931829648,29.20364063845,
    66.251819556838));
#12808 = CARTESIAN_POINT('',(22.431683082939,29.149535720808,
    66.352977775956));
#12809 = CARTESIAN_POINT('',(22.810035048281,28.987098089262,
    66.622981815605));
#12810 = CARTESIAN_POINT('',(23.043326404102,28.867367110032,
    66.789465973893));
#12811 = CARTESIAN_POINT('',(23.270549991201,28.730889396073,
    66.951619978736));
#12812 = CARTESIAN_POINT('',(23.490795380351,28.57843679761,
    67.108794118774));
#12813 = CARTESIAN_POINT('',(23.703245232353,28.410872579707,
    67.260405114666));
#12814 = CARTESIAN_POINT('',(23.907166221226,28.229126053491,
    67.405929641584));
#12815 = ORIENTED_EDGE('',*,*,#12816,.F.);
#12816 = EDGE_CURVE('',#8136,#12735,#12817,.T.);
#12817 = B_SPLINE_CURVE_WITH_KNOTS('',6,(#12818,#12819,#12820,#12821,
    #12822,#12823,#12824,#12825,#12826,#12827,#12828,#12829),
  .UNSPECIFIED.,.F.,.F.,(7,5,7),(0.,0.661466034,1.),.UNSPECIFIED.);
#12818 = CARTESIAN_POINT('',(20.211430051196,15.382175884111,
    58.871620509671));
#12819 = CARTESIAN_POINT('',(19.933860922424,15.494166514396,
    59.369957768379));
#12820 = CARTESIAN_POINT('',(19.672406833332,15.632375274421,
    59.871321302659));
#12821 = CARTESIAN_POINT('',(19.427251752957,15.795234455873,
    60.373922094159));
#12822 = CARTESIAN_POINT('',(19.198744247106,15.981561464258,
    60.876116629664));
#12823 = CARTESIAN_POINT('',(18.987290288327,16.190398403658,
    61.37640042244));
#12824 = CARTESIAN_POINT('',(18.694215020375,16.539199247245,
    62.127765502041));
#12825 = CARTESIAN_POINT('',(18.599613952535,16.663004555129,
    62.381252533799));
#12826 = CARTESIAN_POINT('',(18.509703721727,16.792443396204,
    62.63366881089));
#12827 = CARTESIAN_POINT('',(18.424574514381,16.927436989819,
    62.884811009311));
#12828 = CARTESIAN_POINT('',(18.344330731281,17.067918616439,
    63.134467667176));
#12829 = CARTESIAN_POINT('',(18.269090987561,17.213833617648,
    63.382419184713));
#12830 = ORIENTED_EDGE('',*,*,#8135,.F.);
#12831 = B_SPLINE_SURFACE_WITH_KNOTS('',14,1,(
    (#12832,#12833)
    ,(#12834,#12835)
    ,(#12836,#12837)
    ,(#12838,#12839)
    ,(#12840,#12841)
    ,(#12842,#12843)
    ,(#12844,#12845)
    ,(#12846,#12847)
    ,(#12848,#12849)
    ,(#12850,#12851)
    ,(#12852,#12853)
    ,(#12854,#12855)
    ,(#12856,#12857)
    ,(#12858,#12859)
    ,(#12860,#12861
    )),.UNSPECIFIED.,.T.,.F.,.F.,(15,15),(2,2),(0.,6.28318530718),(0.,1.
    ),.PIECEWISE_BEZIER_KNOTS.);
#12832 = CARTESIAN_POINT('',(31.410697665368,25.335168330811,
    40.797319568303));
#12833 = CARTESIAN_POINT('',(27.437385227877,22.15169407605,
    61.572744472342));
#12834 = CARTESIAN_POINT('',(32.379901386139,30.450544996735,
    41.76652328907));
#12835 = CARTESIAN_POINT('',(27.954841451679,24.882785007857,
    62.090200696143));
#12836 = CARTESIAN_POINT('',(31.539202398908,35.565923550848,
    44.54563043335));
#12837 = CARTESIAN_POINT('',(27.505993687312,27.613876947763,
    63.573961290117));
#12838 = CARTESIAN_POINT('',(28.643321029204,39.386750473656,
    48.889365954115));
#12839 = CARTESIAN_POINT('',(25.959887532296,29.653809965878,
    65.8930743224));
#12840 = CARTESIAN_POINT('',(23.988327044439,40.618618225802,
    54.011160679788));
#12841 = CARTESIAN_POINT('',(23.474594133651,30.311502070829,
    68.627591845422));
#12842 = CARTESIAN_POINT('',(18.499420635442,38.431120132253,
    58.671142288228));
#12843 = CARTESIAN_POINT('',(20.544076305135,29.143600546312,
    71.115548127878));
#12844 = CARTESIAN_POINT('',(13.582389333904,32.924878248779,
    61.50165270585));
#12845 = CARTESIAN_POINT('',(17.918881627148,26.203827337344,
    72.626752842436));
#12846 = CARTESIAN_POINT('',(10.685979501373,25.335168330726,
    61.522037732389));
#12847 = CARTESIAN_POINT('',(16.372493326814,22.151694075991,
    72.637636373429));
#12848 = CARTESIAN_POINT('',(10.706364527726,17.745458412988,
    58.625627899699));
#12849 = CARTESIAN_POINT('',(16.383376857718,18.099560814858,
    71.091248073095));
#12850 = CARTESIAN_POINT('',(13.536874945523,12.239216529286,
    53.708596598266));
#12851 = CARTESIAN_POINT('',(17.894581572426,15.159787605727,
    68.466053395035));
#12852 = CARTESIAN_POINT('',(18.196856553828,10.051718435851,
    48.219690189219));
#12853 = CARTESIAN_POINT('',(20.382537854724,13.991886081295,
    65.53553556662));
#12854 = CARTESIAN_POINT('',(23.318651279585,11.283586187963,
    43.564696204468));
#12855 = CARTESIAN_POINT('',(23.117055377865,14.649578186218,
    63.050242167889));
#12856 = CARTESIAN_POINT('',(27.66238680031,15.104413110772,
    40.668814834764));
#12857 = CARTESIAN_POINT('',(25.436168410083,16.689511204337,
    61.504136012923));
#12858 = CARTESIAN_POINT('',(30.441493944603,20.219791664889,
    39.828115847531));
#12859 = CARTESIAN_POINT('',(26.919929004082,19.420603144244,
    61.055288248537));
#12860 = CARTESIAN_POINT('',(31.410697665368,25.335168330811,
    40.797319568303));
#12861 = CARTESIAN_POINT('',(27.437385227877,22.15169407605,
    61.572744472342));
#12862 = ADVANCED_FACE('',(#12863),#12884,.T.);
#12863 = FACE_BOUND('',#12864,.T.);
#12864 = EDGE_LOOP('',(#12865,#12866,#12877,#12878));
#12865 = ORIENTED_EDGE('',*,*,#9650,.F.);
#12866 = ORIENTED_EDGE('',*,*,#12867,.T.);
#12867 = EDGE_CURVE('',#9651,#8386,#12868,.T.);
#12868 = B_SPLINE_CURVE_WITH_KNOTS('',4,(#12869,#12870,#12871,#12872,
    #12873,#12874,#12875,#12876),.UNSPECIFIED.,.F.,.F.,(5,3,5),(0.,
    0.501199278714,1.),.UNSPECIFIED.);
#12869 = CARTESIAN_POINT('',(13.998632318,27.102829396052,
    54.437969731711));
#12870 = CARTESIAN_POINT('',(14.27146682684,26.865917206476,
    55.371734849979));
#12871 = CARTESIAN_POINT('',(14.544344225718,26.628996885518,
    56.305485038256));
#12872 = CARTESIAN_POINT('',(14.817271956882,26.392067026849,
    57.239217680213));
#12873 = CARTESIAN_POINT('',(15.361946821692,25.919317410302,
    59.102170535579));
#12874 = CARTESIAN_POINT('',(15.633693527451,25.683497734545,
    60.031390892386));
#12875 = CARTESIAN_POINT('',(15.905514823165,25.447663951807,
    60.960585094018));
#12876 = CARTESIAN_POINT('',(16.177432860409,25.211811907645,
    61.889745178424));
#12877 = ORIENTED_EDGE('',*,*,#8385,.F.);
#12878 = ORIENTED_EDGE('',*,*,#12879,.T.);
#12879 = EDGE_CURVE('',#8378,#9643,#12880,.T.);
#12880 = LINE('',#12881,#12882);
#12881 = CARTESIAN_POINT('',(13.740203555911,27.311791539959,
    53.639284860487));
#12882 = VECTOR('',#12883,1.);
#12883 = DIRECTION('',(0.580885750813,0.,-0.81398510091));
#12884 = PLANE('',#12885);
#12885 = AXIS2_PLACEMENT_3D('',#12886,#12887,#12888);
#12886 = CARTESIAN_POINT('',(23.885941495011,23.338609891953,
    61.493869168184));
#12887 = DIRECTION('',(-0.240944854557,-0.955185935315,-0.17194593929));
#12888 = DIRECTION('',(-0.777507119945,0.296006467794,-0.554853899201));
#12889 = ADVANCED_FACE('',(#12890),#12901,.F.);
#12890 = FACE_BOUND('',#12891,.F.);
#12891 = EDGE_LOOP('',(#12892,#12893,#12894,#12900));
#12892 = ORIENTED_EDGE('',*,*,#12879,.T.);
#12893 = ORIENTED_EDGE('',*,*,#9642,.T.);
#12894 = ORIENTED_EDGE('',*,*,#12895,.T.);
#12895 = EDGE_CURVE('',#9633,#8370,#12896,.T.);
#12896 = LINE('',#12897,#12898);
#12897 = CARTESIAN_POINT('',(8.923644026242,27.311791539959,
    50.202034233173));
#12898 = VECTOR('',#12899,1.);
#12899 = DIRECTION('',(-0.580885750813,0.,0.81398510091));
#12900 = ORIENTED_EDGE('',*,*,#8377,.F.);
#12901 = PLANE('',#12902);
#12902 = AXIS2_PLACEMENT_3D('',#12903,#12904,#12905);
#12903 = CARTESIAN_POINT('',(8.400101800739,27.311791539959,
    49.214155931905));
#12904 = DIRECTION('',(0.,1.,0.));
#12905 = DIRECTION('',(-0.580885750813,0.,0.81398510091));
#12906 = ADVANCED_FACE('',(#12907),#12918,.T.);
#12907 = FACE_BOUND('',#12908,.T.);
#12908 = EDGE_LOOP('',(#12909,#12910,#12911,#12912));
#12909 = ORIENTED_EDGE('',*,*,#9632,.F.);
#12910 = ORIENTED_EDGE('',*,*,#12895,.T.);
#12911 = ORIENTED_EDGE('',*,*,#8369,.F.);
#12912 = ORIENTED_EDGE('',*,*,#12913,.F.);
#12913 = EDGE_CURVE('',#9635,#8362,#12914,.T.);
#12914 = LINE('',#12915,#12916);
#12915 = CARTESIAN_POINT('',(8.923644026242,21.311791539959,
    50.202034233173));
#12916 = VECTOR('',#12917,1.);
#12917 = DIRECTION('',(-0.580885750813,0.,0.81398510091));
#12918 = PLANE('',#12919);
#12919 = AXIS2_PLACEMENT_3D('',#12920,#12921,#12922);
#12920 = CARTESIAN_POINT('',(8.633201150836,29.145514649012,
    50.609026783628));
#12921 = DIRECTION('',(0.81398510091,0.,0.580885750813));
#12922 = DIRECTION('',(-0.,-1.,0.));
#12923 = ADVANCED_FACE('',(#12924),#12939,.T.);
#12924 = FACE_BOUND('',#12925,.T.);
#12925 = EDGE_LOOP('',(#12926,#12936,#12937,#12938));
#12926 = ORIENTED_EDGE('',*,*,#12927,.F.);
#12927 = EDGE_CURVE('',#9659,#8265,#12928,.T.);
#12928 = B_SPLINE_CURVE_WITH_KNOTS('',6,(#12929,#12930,#12931,#12932,
    #12933,#12934,#12935),.UNSPECIFIED.,.F.,.F.,(7,7),(0.,1.),
  .PIECEWISE_BEZIER_KNOTS.);
#12929 = CARTESIAN_POINT('',(14.040037370936,21.311791539959,
    54.467517699155));
#12930 = CARTESIAN_POINT('',(14.363624540103,21.311791539959,
    55.685008989429));
#12931 = CARTESIAN_POINT('',(14.688411810392,21.311791539959,
    56.902171876259));
#12932 = CARTESIAN_POINT('',(15.014584505686,21.311791539959,
    58.11895544405));
#12933 = CARTESIAN_POINT('',(15.342384072612,21.311791539959,
    59.335289597315));
#12934 = CARTESIAN_POINT('',(15.672121899136,21.311791539959,
    60.551081211155));
#12935 = CARTESIAN_POINT('',(16.004288268984,21.311791539959,
    61.766183671123));
#12936 = ORIENTED_EDGE('',*,*,#9770,.T.);
#12937 = ORIENTED_EDGE('',*,*,#12913,.T.);
#12938 = ORIENTED_EDGE('',*,*,#8361,.F.);
#12939 = PLANE('',#12940);
#12940 = AXIS2_PLACEMENT_3D('',#12941,#12942,#12943);
#12941 = CARTESIAN_POINT('',(8.400101800739,21.311791539959,
    49.214155931905));
#12942 = DIRECTION('',(0.,1.,0.));
#12943 = DIRECTION('',(-0.580885750813,0.,0.81398510091));
#12944 = ADVANCED_FACE('',(#12945),#12964,.F.);
#12945 = FACE_BOUND('',#12946,.F.);
#12946 = EDGE_LOOP('',(#12947,#12956,#12957,#12963));
#12947 = ORIENTED_EDGE('',*,*,#12948,.F.);
#12948 = EDGE_CURVE('',#9789,#8257,#12949,.T.);
#12949 = B_SPLINE_CURVE_WITH_KNOTS('',5,(#12950,#12951,#12952,#12953,
    #12954,#12955),.UNSPECIFIED.,.F.,.F.,(6,6),(0.,1.),
  .PIECEWISE_BEZIER_KNOTS.);
#12950 = CARTESIAN_POINT('',(15.438444529077,18.311791539959,
    55.465465685047));
#12951 = CARTESIAN_POINT('',(15.802199304988,18.311791539959,
    56.904480827529));
#12952 = CARTESIAN_POINT('',(16.165971584828,18.311791539959,
    58.343491409136));
#12953 = CARTESIAN_POINT('',(16.529765895675,18.311791539959,
    59.782496255965));
#12954 = CARTESIAN_POINT('',(16.893588015901,18.311791539959,
    61.221493817531));
#12955 = CARTESIAN_POINT('',(17.257450988414,18.311791539959,
    62.660480589277));
#12956 = ORIENTED_EDGE('',*,*,#9788,.T.);
#12957 = ORIENTED_EDGE('',*,*,#12958,.T.);
#12958 = EDGE_CURVE('',#9779,#8249,#12959,.T.);
#12959 = LINE('',#12960,#12961);
#12960 = CARTESIAN_POINT('',(8.923644026242,18.311791539959,
    50.202034233173));
#12961 = VECTOR('',#12962,1.);
#12962 = DIRECTION('',(-0.580885750813,0.,0.81398510091));
#12963 = ORIENTED_EDGE('',*,*,#8256,.F.);
#12964 = PLANE('',#12965);
#12965 = AXIS2_PLACEMENT_3D('',#12966,#12967,#12968);
#12966 = CARTESIAN_POINT('',(8.400101800739,18.311791539959,
    49.214155931905));
#12967 = DIRECTION('',(0.,1.,0.));
#12968 = DIRECTION('',(-0.580885750813,0.,0.81398510091));
#12969 = ADVANCED_FACE('',(#12970),#12981,.T.);
#12970 = FACE_BOUND('',#12971,.T.);
#12971 = EDGE_LOOP('',(#12972,#12973,#12974,#12975));
#12972 = ORIENTED_EDGE('',*,*,#9778,.F.);
#12973 = ORIENTED_EDGE('',*,*,#12958,.T.);
#12974 = ORIENTED_EDGE('',*,*,#8248,.F.);
#12975 = ORIENTED_EDGE('',*,*,#12976,.F.);
#12976 = EDGE_CURVE('',#9781,#8241,#12977,.T.);
#12977 = LINE('',#12978,#12979);
#12978 = CARTESIAN_POINT('',(8.923644026242,12.311791539959,
    50.202034233173));
#12979 = VECTOR('',#12980,1.);
#12980 = DIRECTION('',(-0.580885750813,0.,0.81398510091));
#12981 = PLANE('',#12982);
#12982 = AXIS2_PLACEMENT_3D('',#12983,#12984,#12985);
#12983 = CARTESIAN_POINT('',(8.633201150836,29.145514649012,
    50.609026783628));
#12984 = DIRECTION('',(0.81398510091,0.,0.580885750813));
#12985 = DIRECTION('',(-0.,-1.,0.));
#12986 = ADVANCED_FACE('',(#12987),#12998,.T.);
#12987 = FACE_BOUND('',#12988,.T.);
#12988 = EDGE_LOOP('',(#12989,#12995,#12996,#12997));
#12989 = ORIENTED_EDGE('',*,*,#12990,.T.);
#12990 = EDGE_CURVE('',#8233,#9909,#12991,.T.);
#12991 = LINE('',#12992,#12993);
#12992 = CARTESIAN_POINT('',(19.083880595067,12.311791539959,
    57.452703368421));
#12993 = VECTOR('',#12994,1.);
#12994 = DIRECTION('',(0.580885750813,0.,-0.81398510091));
#12995 = ORIENTED_EDGE('',*,*,#9916,.T.);
#12996 = ORIENTED_EDGE('',*,*,#12976,.T.);
#12997 = ORIENTED_EDGE('',*,*,#8240,.F.);
#12998 = PLANE('',#12999);
#12999 = AXIS2_PLACEMENT_3D('',#13000,#13001,#13002);
#13000 = CARTESIAN_POINT('',(8.400101800739,12.311791539959,
    49.214155931905));
#13001 = DIRECTION('',(0.,1.,0.));
#13002 = DIRECTION('',(-0.580885750813,0.,0.81398510091));
#13003 = ADVANCED_FACE('',(#13004),#13024,.T.);
#13004 = FACE_BOUND('',#13005,.T.);
#13005 = EDGE_LOOP('',(#13006,#13007,#13008,#13009));
#13006 = ORIENTED_EDGE('',*,*,#9908,.F.);
#13007 = ORIENTED_EDGE('',*,*,#12990,.F.);
#13008 = ORIENTED_EDGE('',*,*,#8232,.F.);
#13009 = ORIENTED_EDGE('',*,*,#13010,.F.);
#13010 = EDGE_CURVE('',#9797,#8136,#13011,.T.);
#13011 = B_SPLINE_CURVE_WITH_KNOTS('',6,(#13012,#13013,#13014,#13015,
    #13016,#13017,#13018,#13019,#13020,#13021,#13022,#13023),
  .UNSPECIFIED.,.F.,.F.,(7,5,7),(0.,0.661466034,1.),.UNSPECIFIED.);
#13012 = CARTESIAN_POINT('',(20.211430051196,15.382175884111,
    58.871620509671));
#13013 = CARTESIAN_POINT('',(19.933860922424,15.494166514396,
    59.369957768379));
#13014 = CARTESIAN_POINT('',(19.672406833332,15.632375274421,
    59.871321302659));
#13015 = CARTESIAN_POINT('',(19.427251752957,15.795234455873,
    60.373922094159));
#13016 = CARTESIAN_POINT('',(19.198744247106,15.981561464258,
    60.876116629664));
#13017 = CARTESIAN_POINT('',(18.987290288327,16.190398403658,
    61.37640042244));
#13018 = CARTESIAN_POINT('',(18.694215020375,16.539199247245,
    62.127765502041));
#13019 = CARTESIAN_POINT('',(18.599613952535,16.663004555129,
    62.381252533799));
#13020 = CARTESIAN_POINT('',(18.509703721727,16.792443396204,
    62.63366881089));
#13021 = CARTESIAN_POINT('',(18.424574514381,16.927436989819,
    62.884811009311));
#13022 = CARTESIAN_POINT('',(18.344330731281,17.067918616439,
    63.134467667176));
#13023 = CARTESIAN_POINT('',(18.269090987561,17.213833617648,
    63.382419184713));
#13024 = PLANE('',#13025);
#13025 = AXIS2_PLACEMENT_3D('',#13026,#13027,#13028);
#13026 = CARTESIAN_POINT('',(8.633201150836,-9.688208460041,
    50.609026783628));
#13027 = DIRECTION('',(-0.707972083021,0.493474096634,-0.50523147726));
#13028 = DIRECTION('',(0.401680562345,0.869760493441,0.28665207113));
#13029 = ADVANCED_FACE('',(#13030),#13046,.T.);
#13030 = FACE_BOUND('',#13031,.T.);
#13031 = EDGE_LOOP('',(#13032,#13038,#13039,#13045));
#13032 = ORIENTED_EDGE('',*,*,#13033,.T.);
#13033 = EDGE_CURVE('',#8627,#9943,#13034,.T.);
#13034 = LINE('',#13035,#13036);
#13035 = CARTESIAN_POINT('',(14.927420180548,3.311791539959,
    54.486520540365));
#13036 = VECTOR('',#13037,1.);
#13037 = DIRECTION('',(0.580885750813,0.,-0.81398510091));
#13038 = ORIENTED_EDGE('',*,*,#9950,.T.);
#13039 = ORIENTED_EDGE('',*,*,#13040,.T.);
#13040 = EDGE_CURVE('',#9927,#8629,#13041,.T.);
#13041 = LINE('',#13042,#13043);
#13042 = CARTESIAN_POINT('',(8.923644026242,3.311791539959,
    50.202034233173));
#13043 = VECTOR('',#13044,1.);
#13044 = DIRECTION('',(-0.580885750813,0.,0.81398510091));
#13045 = ORIENTED_EDGE('',*,*,#8626,.F.);
#13046 = PLANE('',#13047);
#13047 = AXIS2_PLACEMENT_3D('',#13048,#13049,#13050);
#13048 = CARTESIAN_POINT('',(8.400101800739,3.311791539959,
    49.214155931905));
#13049 = DIRECTION('',(0.,1.,0.));
#13050 = DIRECTION('',(-0.580885750813,0.,0.81398510091));
#13051 = ADVANCED_FACE('',(#13052),#13063,.T.);
#13052 = FACE_BOUND('',#13053,.T.);
#13053 = EDGE_LOOP('',(#13054,#13055,#13056,#13057));
#13054 = ORIENTED_EDGE('',*,*,#9942,.F.);
#13055 = ORIENTED_EDGE('',*,*,#13033,.F.);
#13056 = ORIENTED_EDGE('',*,*,#8652,.F.);
#13057 = ORIENTED_EDGE('',*,*,#13058,.T.);
#13058 = EDGE_CURVE('',#8645,#9935,#13059,.T.);
#13059 = LINE('',#13060,#13061);
#13060 = CARTESIAN_POINT('',(17.698393790227,9.311791539959,
    56.463975759069));
#13061 = VECTOR('',#13062,1.);
#13062 = DIRECTION('',(0.580885750813,0.,-0.81398510091));
#13063 = PLANE('',#13064);
#13064 = AXIS2_PLACEMENT_3D('',#13065,#13066,#13067);
#13065 = CARTESIAN_POINT('',(8.633201150836,-9.688208460041,
    50.609026783628));
#13066 = DIRECTION('',(-0.707972083021,0.493474096634,-0.50523147726));
#13067 = DIRECTION('',(0.401680562345,0.869760493441,0.28665207113));
#13068 = ADVANCED_FACE('',(#13069),#13080,.F.);
#13069 = FACE_BOUND('',#13070,.F.);
#13070 = EDGE_LOOP('',(#13071,#13072,#13073,#13079));
#13071 = ORIENTED_EDGE('',*,*,#13058,.T.);
#13072 = ORIENTED_EDGE('',*,*,#9934,.T.);
#13073 = ORIENTED_EDGE('',*,*,#13074,.T.);
#13074 = EDGE_CURVE('',#9925,#8637,#13075,.T.);
#13075 = LINE('',#13076,#13077);
#13076 = CARTESIAN_POINT('',(8.923644026242,9.311791539959,
    50.202034233173));
#13077 = VECTOR('',#13078,1.);
#13078 = DIRECTION('',(-0.580885750813,0.,0.81398510091));
#13079 = ORIENTED_EDGE('',*,*,#8644,.F.);
#13080 = PLANE('',#13081);
#13081 = AXIS2_PLACEMENT_3D('',#13082,#13083,#13084);
#13082 = CARTESIAN_POINT('',(8.400101800739,9.311791539959,
    49.214155931905));
#13083 = DIRECTION('',(0.,1.,0.));
#13084 = DIRECTION('',(-0.580885750813,0.,0.81398510091));
#13085 = ADVANCED_FACE('',(#13086),#13092,.T.);
#13086 = FACE_BOUND('',#13087,.T.);
#13087 = EDGE_LOOP('',(#13088,#13089,#13090,#13091));
#13088 = ORIENTED_EDGE('',*,*,#9924,.F.);
#13089 = ORIENTED_EDGE('',*,*,#13074,.T.);
#13090 = ORIENTED_EDGE('',*,*,#8636,.F.);
#13091 = ORIENTED_EDGE('',*,*,#13040,.F.);
#13092 = PLANE('',#13093);
#13093 = AXIS2_PLACEMENT_3D('',#13094,#13095,#13096);
#13094 = CARTESIAN_POINT('',(8.633201150836,29.145514649012,
    50.609026783628));
#13095 = DIRECTION('',(0.81398510091,0.,0.580885750813));
#13096 = DIRECTION('',(-0.,-1.,0.));
#13097 = ADVANCED_FACE('',(#13098),#13114,.T.);
#13098 = FACE_BOUND('',#13099,.T.);
#13099 = EDGE_LOOP('',(#13100,#13106,#13107,#13113));
#13100 = ORIENTED_EDGE('',*,*,#13101,.T.);
#13101 = EDGE_CURVE('',#8661,#9977,#13102,.T.);
#13102 = LINE('',#13103,#13104);
#13103 = CARTESIAN_POINT('',(10.770959766029,-5.688208460041,
    51.520337712309));
#13104 = VECTOR('',#13105,1.);
#13105 = DIRECTION('',(0.580885750813,0.,-0.81398510091));
#13106 = ORIENTED_EDGE('',*,*,#9984,.T.);
#13107 = ORIENTED_EDGE('',*,*,#13108,.T.);
#13108 = EDGE_CURVE('',#9961,#8663,#13109,.T.);
#13109 = LINE('',#13110,#13111);
#13110 = CARTESIAN_POINT('',(8.923644026242,-5.688208460041,
    50.202034233173));
#13111 = VECTOR('',#13112,1.);
#13112 = DIRECTION('',(-0.580885750813,0.,0.81398510091));
#13113 = ORIENTED_EDGE('',*,*,#8660,.F.);
#13114 = PLANE('',#13115);
#13115 = AXIS2_PLACEMENT_3D('',#13116,#13117,#13118);
#13116 = CARTESIAN_POINT('',(8.400101800739,-5.688208460041,
    49.214155931905));
#13117 = DIRECTION('',(0.,1.,0.));
#13118 = DIRECTION('',(-0.580885750813,0.,0.81398510091));
#13119 = ADVANCED_FACE('',(#13120),#13131,.T.);
#13120 = FACE_BOUND('',#13121,.T.);
#13121 = EDGE_LOOP('',(#13122,#13123,#13124,#13125));
#13122 = ORIENTED_EDGE('',*,*,#9976,.F.);
#13123 = ORIENTED_EDGE('',*,*,#13101,.F.);
#13124 = ORIENTED_EDGE('',*,*,#8686,.F.);
#13125 = ORIENTED_EDGE('',*,*,#13126,.T.);
#13126 = EDGE_CURVE('',#8679,#9969,#13127,.T.);
#13127 = LINE('',#13128,#13129);
#13128 = CARTESIAN_POINT('',(13.541933375708,0.311791539959,
    53.497792931013));
#13129 = VECTOR('',#13130,1.);
#13130 = DIRECTION('',(0.580885750813,0.,-0.81398510091));
#13131 = PLANE('',#13132);
#13132 = AXIS2_PLACEMENT_3D('',#13133,#13134,#13135);
#13133 = CARTESIAN_POINT('',(8.633201150836,-9.688208460041,
    50.609026783628));
#13134 = DIRECTION('',(-0.707972083021,0.493474096634,-0.50523147726));
#13135 = DIRECTION('',(0.401680562345,0.869760493441,0.28665207113));
#13136 = ADVANCED_FACE('',(#13137),#13148,.F.);
#13137 = FACE_BOUND('',#13138,.F.);
#13138 = EDGE_LOOP('',(#13139,#13140,#13141,#13147));
#13139 = ORIENTED_EDGE('',*,*,#13126,.T.);
#13140 = ORIENTED_EDGE('',*,*,#9968,.T.);
#13141 = ORIENTED_EDGE('',*,*,#13142,.T.);
#13142 = EDGE_CURVE('',#9959,#8671,#13143,.T.);
#13143 = LINE('',#13144,#13145);
#13144 = CARTESIAN_POINT('',(8.923644026242,0.311791539959,
    50.202034233173));
#13145 = VECTOR('',#13146,1.);
#13146 = DIRECTION('',(-0.580885750813,0.,0.81398510091));
#13147 = ORIENTED_EDGE('',*,*,#8678,.F.);
#13148 = PLANE('',#13149);
#13149 = AXIS2_PLACEMENT_3D('',#13150,#13151,#13152);
#13150 = CARTESIAN_POINT('',(8.400101800739,0.311791539959,
    49.214155931905));
#13151 = DIRECTION('',(0.,1.,0.));
#13152 = DIRECTION('',(-0.580885750813,0.,0.81398510091));
#13153 = ADVANCED_FACE('',(#13154),#13160,.T.);
#13154 = FACE_BOUND('',#13155,.T.);
#13155 = EDGE_LOOP('',(#13156,#13157,#13158,#13159));
#13156 = ORIENTED_EDGE('',*,*,#9958,.F.);
#13157 = ORIENTED_EDGE('',*,*,#13142,.T.);
#13158 = ORIENTED_EDGE('',*,*,#8670,.F.);
#13159 = ORIENTED_EDGE('',*,*,#13108,.F.);
#13160 = PLANE('',#13161);
#13161 = AXIS2_PLACEMENT_3D('',#13162,#13163,#13164);
#13162 = CARTESIAN_POINT('',(8.633201150836,29.145514649012,
    50.609026783628));
#13163 = DIRECTION('',(0.81398510091,0.,0.580885750813));
#13164 = DIRECTION('',(-0.,-1.,0.));
#13165 = ADVANCED_FACE('',(#13166),#13171,.T.);
#13166 = FACE_BOUND('',#13167,.T.);
#13167 = EDGE_LOOP('',(#13168,#13169,#13170));
#13168 = ORIENTED_EDGE('',*,*,#12556,.F.);
#13169 = ORIENTED_EDGE('',*,*,#8725,.T.);
#13170 = ORIENTED_EDGE('',*,*,#8751,.T.);
#13171 = CYLINDRICAL_SURFACE('',#13172,2.5);
#13172 = AXIS2_PLACEMENT_3D('',#13173,#13174,#13175);
#13173 = CARTESIAN_POINT('',(33.542959317175,28.337397824048,
    68.809689411538));
#13174 = DIRECTION('',(-0.777507119945,0.296006467794,-0.554853899201));
#13175 = DIRECTION('',(-0.240944854557,-0.955185935315,-0.17194593929));
#13176 = ADVANCED_FACE('',(#13177),#13188,.F.);
#13177 = FACE_BOUND('',#13178,.F.);
#13178 = EDGE_LOOP('',(#13179,#13180,#13186,#13187));
#13179 = ORIENTED_EDGE('',*,*,#8853,.F.);
#13180 = ORIENTED_EDGE('',*,*,#13181,.F.);
#13181 = EDGE_CURVE('',#10640,#8854,#13182,.T.);
#13182 = LINE('',#13183,#13184);
#13183 = CARTESIAN_POINT('',(1.9,49.,29.873358543988));
#13184 = VECTOR('',#13185,1.);
#13185 = DIRECTION('',(0.707106781187,-1.731912112471E-16,
    -0.707106781187));
#13186 = ORIENTED_EDGE('',*,*,#10647,.T.);
#13187 = ORIENTED_EDGE('',*,*,#13181,.T.);
#13188 = CONICAL_SURFACE('',#13189,2.3,0.785398163397);
#13189 = AXIS2_PLACEMENT_3D('',#13190,#13191,#13192);
#13190 = CARTESIAN_POINT('',(1.9,49.,32.173358543988));
#13191 = DIRECTION('',(1.,0.,-2.22044604925E-16));
#13192 = DIRECTION('',(-2.22044604925E-16,0.,-1.));
#13193 = ADVANCED_FACE('',(#13194,#13345),#13382,.F.);
#13194 = FACE_BOUND('',#13195,.F.);
#13195 = EDGE_LOOP('',(#13196,#13197,#13204,#13211,#13212,#13213,#13343,
    #13344));
#13196 = ORIENTED_EDGE('',*,*,#9266,.F.);
#13197 = ORIENTED_EDGE('',*,*,#13198,.T.);
#13198 = EDGE_CURVE('',#9255,#13199,#13201,.T.);
#13199 = VERTEX_POINT('',#13200);
#13200 = CARTESIAN_POINT('',(17.702651490893,-18.39130872358,
    55.797808710002));
#13201 = B_SPLINE_CURVE_WITH_KNOTS('',1,(#13202,#13203),.UNSPECIFIED.,
  .F.,.F.,(2,2),(0.,1.),.PIECEWISE_BEZIER_KNOTS.);
#13202 = CARTESIAN_POINT('',(21.744265198572,-15.23371637333,
    35.090685076152));
#13203 = CARTESIAN_POINT('',(17.702651490893,-18.39130872358,
    55.797808710002));
#13204 = ORIENTED_EDGE('',*,*,#13205,.F.);
#13205 = EDGE_CURVE('',#13199,#13199,#13206,.T.);
#13206 = CIRCLE('',#13207,3.5);
#13207 = AXIS2_PLACEMENT_3D('',#13208,#13209,#13210);
#13208 = CARTESIAN_POINT('',(15.22777775674,-18.39130872358,
    58.272682444155));
#13209 = DIRECTION('',(0.683012701892,-0.258819045103,0.683012701892));
#13210 = DIRECTION('',(0.707106781187,0.,-0.707106781187));
#13211 = ORIENTED_EDGE('',*,*,#13198,.F.);
#13212 = ORIENTED_EDGE('',*,*,#9254,.F.);
#13213 = ORIENTED_EDGE('',*,*,#13214,.F.);
#13214 = EDGE_CURVE('',#9367,#9247,#13215,.T.);
#13215 = B_SPLINE_CURVE_WITH_KNOTS('',6,(#13216,#13217,#13218,#13219,
    #13220,#13221,#13222,#13223,#13224,#13225,#13226,#13227,#13228,
    #13229,#13230,#13231,#13232,#13233,#13234,#13235,#13236,#13237,
    #13238,#13239,#13240,#13241,#13242,#13243,#13244,#13245,#13246,
    #13247,#13248,#13249,#13250,#13251,#13252,#13253,#13254,#13255,
    #13256,#13257,#13258,#13259,#13260,#13261,#13262,#13263,#13264,
    #13265,#13266,#13267,#13268,#13269,#13270,#13271,#13272,#13273,
    #13274,#13275,#13276,#13277,#13278,#13279,#13280,#13281,#13282,
    #13283,#13284,#13285,#13286,#13287,#13288,#13289,#13290,#13291,
    #13292,#13293,#13294,#13295,#13296,#13297,#13298,#13299,#13300,
    #13301,#13302,#13303,#13304,#13305,#13306,#13307,#13308,#13309,
    #13310,#13311,#13312,#13313,#13314,#13315,#13316,#13317,#13318,
    #13319,#13320,#13321,#13322,#13323,#13324,#13325,#13326,#13327,
    #13328,#13329,#13330,#13331,#13332,#13333,#13334,#13335,#13336,
    #13337,#13338,#13339,#13340,#13341,#13342),.UNSPECIFIED.,.F.,.F.,(7,
    5,5,5,5,5,5,5,5,5,5,5,5,5,5,5,5,5,5,5,5,5,5,5,5,7),(0.,
    8.103559902329E-02,0.126255040747,0.166617102457,0.189760209533,
    0.204299052697,0.237813892059,0.284691821123,0.307091626171,
    0.347082694461,0.392519794611,0.424483069311,0.500752687288,
    0.553378970876,0.576144648761,0.607250440621,0.652910044015,
    0.692398492363,0.714843488415,0.762216956485,0.795692953719,
    0.810715453375,0.833840951241,0.87415295264,0.919239964007,1.),
  .UNSPECIFIED.);
#13216 = CARTESIAN_POINT('',(17.402683901958,-19.39071556833,
    55.719063685671));
#13217 = CARTESIAN_POINT('',(17.283014162219,-19.71312737144,
    55.627840661999));
#13218 = CARTESIAN_POINT('',(17.141357091254,-20.02451179309,
    55.526321492236));
#13219 = CARTESIAN_POINT('',(16.978078424239,-20.32255459605,
    55.414907232904));
#13220 = CARTESIAN_POINT('',(16.793591101959,-20.60451899291,
    55.294062099629));
#13221 = CARTESIAN_POINT('',(16.588542355851,-20.86735732466,
    55.164399432467));
#13222 = CARTESIAN_POINT('',(16.238492690772,-21.24187283354,
    54.949871017633));
#13223 = CARTESIAN_POINT('',(16.107025627978,-21.36899606345,
    54.870546262473));
#13224 = CARTESIAN_POINT('',(15.969646297963,-21.4885149419,
    54.788879746129));
#13225 = CARTESIAN_POINT('',(15.8265921554,-21.59979013098,
    54.705052440369));
#13226 = CARTESIAN_POINT('',(15.678172752102,-21.70215773514,
    54.61928466444));
#13227 = CARTESIAN_POINT('',(15.387874913319,-21.8777799818,
    54.453792372545));
#13228 = CARTESIAN_POINT('',(15.247007552357,-21.95297989273,
    54.374409002633));
#13229 = CARTESIAN_POINT('',(15.102473823598,-22.02007705495,
    54.293885057781));
#13230 = CARTESIAN_POINT('',(14.95462556657,-22.07859403274,
    54.212445456053));
#13231 = CARTESIAN_POINT('',(14.803885762891,-22.12807961164,
    54.130349299914));
#13232 = CARTESIAN_POINT('',(14.562956720272,-22.19110539812,
    54.000612388078));
#13233 = CARTESIAN_POINT('',(14.474370030948,-22.21097418802,
    53.953213768525));
#13234 = CARTESIAN_POINT('',(14.385093639501,-22.22766870276,
    53.905752394518));
#13235 = CARTESIAN_POINT('',(14.295230324752,-22.24112095386,
    53.858287392504));
#13236 = CARTESIAN_POINT('',(14.204890420596,-22.2512718167,
    53.810880959901));
#13237 = CARTESIAN_POINT('',(14.057214098878,-22.2623459693,
    53.733894661992));
#13238 = CARTESIAN_POINT('',(14.000094466365,-22.26529689439,
    53.704239767491));
#13239 = CARTESIAN_POINT('',(13.942862468906,-22.26691397979,
    53.674649786916));
#13240 = CARTESIAN_POINT('',(13.885548207212,-22.2671871577,
    53.645141130897));
#13241 = CARTESIAN_POINT('',(13.82818263424,-22.26610831222,
    53.615730468892));
#13242 = CARTESIAN_POINT('',(13.63851387316,-22.25805344818,
    53.518902395367));
#13243 = CARTESIAN_POINT('',(13.506121399563,-22.24521816918,
    53.451978120162));
#13244 = CARTESIAN_POINT('',(13.37401854239,-22.22509139179,
    53.385873664897));
#13245 = CARTESIAN_POINT('',(13.242608067265,-22.19766030284,
    53.320797398548));
#13246 = CARTESIAN_POINT('',(13.112295606064,-22.16297892121,
    53.256953015833));
#13247 = CARTESIAN_POINT('',(12.803322418789,-22.06269981701,
    53.107237382794));
#13248 = CARTESIAN_POINT('',(12.626072595483,-21.99027968445,
    53.022719605685));
#13249 = CARTESIAN_POINT('',(12.452875591563,-21.90426039432,
    52.941537830385));
#13250 = CARTESIAN_POINT('',(12.28472590796,-21.80523734769,
    52.864148868315));
#13251 = CARTESIAN_POINT('',(12.122497954419,-21.69398074839,
    52.790931671468));
#13252 = CARTESIAN_POINT('',(11.892617726055,-21.51287160145,
    52.689339492181));
#13253 = CARTESIAN_POINT('',(11.819808873643,-21.45173023951,
    52.657510419654));
#13254 = CARTESIAN_POINT('',(11.748597597863,-21.38810474805,
    52.626731716333));
#13255 = CARTESIAN_POINT('',(11.679052791036,-21.3220982956,
    52.597029329949));
#13256 = CARTESIAN_POINT('',(11.611234703338,-21.25381719306,
    52.568424473451));
#13257 = CARTESIAN_POINT('',(11.427294722589,-21.05759694452,
    52.491855071271));
#13258 = CARTESIAN_POINT('',(11.315064459805,-20.92491784818,
    52.446328539769));
#13259 = CARTESIAN_POINT('',(11.208801652666,-20.78594612279,
    52.404450715935));
#13260 = CARTESIAN_POINT('',(11.108715845004,-20.64129934032,
    52.366272574869));
#13261 = CARTESIAN_POINT('',(11.014947655736,-20.49158103623,
    52.331810926807));
#13262 = CARTESIAN_POINT('',(10.828329184387,-20.16214346905,
    52.266119981551));
#13263 = CARTESIAN_POINT('',(10.737343677844,-19.98111687165,
    52.235970237587));
#13264 = CARTESIAN_POINT('',(10.654753923679,-19.79511219077,
    52.210597420887));
#13265 = CARTESIAN_POINT('',(10.580605413864,-19.60491172316,
    52.189952960136));
#13266 = CARTESIAN_POINT('',(10.514888359026,-19.41123956341,
    52.173965201007));
#13267 = CARTESIAN_POINT('',(10.417232510482,-19.07652712049,
    52.154523586335));
#13268 = CARTESIAN_POINT('',(10.381056416262,-18.93691162315,
    52.148758900725));
#13269 = CARTESIAN_POINT('',(10.349017352674,-18.79613192789,
    52.145229489758));
#13270 = CARTESIAN_POINT('',(10.321093732761,-18.65440482423,
    52.143904303528));
#13271 = CARTESIAN_POINT('',(10.297259310385,-18.5119350955,
    52.144750999961));
#13272 = CARTESIAN_POINT('',(10.230301109504,-18.02764593501,
    52.154862254057));
#13273 = CARTESIAN_POINT('',(10.206243551029,-17.68329972082,
    52.174167300396));
#13274 = CARTESIAN_POINT('',(10.204894487866,-17.33839980811,
    52.205204961017));
#13275 = CARTESIAN_POINT('',(10.225830601727,-16.99531060866,
    52.24753994139));
#13276 = CARTESIAN_POINT('',(10.268591502978,-16.65624223709,
    52.300732072515));
#13277 = CARTESIAN_POINT('',(10.377096262657,-16.09351325009,
    52.408321397101));
#13278 = CARTESIAN_POINT('',(10.43160104536,-15.86668616246,
    52.457228324086));
#13279 = CARTESIAN_POINT('',(10.496177901543,-15.64348343661,
    52.5109830629));
#13280 = CARTESIAN_POINT('',(10.570693638181,-15.42462655539,
    52.569450718368));
#13281 = CARTESIAN_POINT('',(10.655009174915,-15.21086027992,
    52.632491225102));
#13282 = CARTESIAN_POINT('',(10.789623841843,-14.9130126667,
    52.729142231343));
#13283 = CARTESIAN_POINT('',(10.832077950577,-14.82417095452,
    52.759155071999));
#13284 = CARTESIAN_POINT('',(10.876324901193,-14.73649004115,
    52.789983387531));
#13285 = CARTESIAN_POINT('',(10.92235114264,-14.65003487068,
    52.82161423201));
#13286 = CARTESIAN_POINT('',(10.970142021334,-14.56487215455,
    52.854033929742));
#13287 = CARTESIAN_POINT('',(11.087370231533,-14.3665681444,
    52.932582761694));
#13288 = CARTESIAN_POINT('',(11.158323217416,-14.25460724432,
    52.97938297758));
#13289 = CARTESIAN_POINT('',(11.232500495551,-14.14536168144,
    53.027592011684));
#13290 = CARTESIAN_POINT('',(11.309855660291,-14.03901421623,
    53.077169177661));
#13291 = CARTESIAN_POINT('',(11.390334642254,-13.93575505613,
    53.128069161663));
#13292 = CARTESIAN_POINT('',(11.596500353569,-13.68902986912,
    53.256823967404));
#13293 = CARTESIAN_POINT('',(11.725719162239,-13.54935898839,
    53.336146593664));
#13294 = CARTESIAN_POINT('',(11.861331100489,-13.41738691333,
    53.418049655635));
#13295 = CARTESIAN_POINT('',(12.00308147502,-13.2937789569,
    53.502340923908));
#13296 = CARTESIAN_POINT('',(12.150643726324,-13.17922364708,
    53.58878906392));
#13297 = CARTESIAN_POINT('',(12.435888442002,-12.98376182782,
    53.753507224919));
#13298 = CARTESIAN_POINT('',(12.572209530034,-12.90040096957,
    53.831302734727));
#13299 = CARTESIAN_POINT('',(12.712290404118,-12.82477540237,
    53.910320682578));
#13300 = CARTESIAN_POINT('',(12.855801183439,-12.75733467725,
    53.990350011836));
#13301 = CARTESIAN_POINT('',(13.002348361175,-12.69850562085,
    54.071149026162));
#13302 = CARTESIAN_POINT('',(13.236222745409,-12.62034123143,
    54.198649679282));
#13303 = CARTESIAN_POINT('',(13.321810464191,-12.59491894349,
    54.245016508105));
#13304 = CARTESIAN_POINT('',(13.408142528967,-12.57247125446,
    54.291492571916));
#13305 = CARTESIAN_POINT('',(13.49512646218,-12.5530622606,
    54.338024401522));
#13306 = CARTESIAN_POINT('',(13.582663072595,-12.53674863571,
    54.384555756977));
#13307 = CARTESIAN_POINT('',(13.856347279476,-12.4957788927,
    54.529113324492));
#13308 = CARTESIAN_POINT('',(14.044065091694,-12.48197640497,
    54.626948723958));
#13309 = CARTESIAN_POINT('',(14.232754129123,-12.48263118159,
    54.723953635721));
#13310 = CARTESIAN_POINT('',(14.421318995245,-12.49797878927,
    54.819542894706));
#13311 = CARTESIAN_POINT('',(14.608616671621,-12.52802477881,
    54.913128000266));
#13312 = CARTESIAN_POINT('',(14.924083200048,-12.60386291376,
    55.068432558387));
#13313 = CARTESIAN_POINT('',(15.053494227887,-12.64245374219,
    55.131453548242));
#13314 = CARTESIAN_POINT('',(15.181286580616,-12.68813022959,
    55.192989963367));
#13315 = CARTESIAN_POINT('',(15.307077723768,-12.74072421296,
    55.252860492323));
#13316 = CARTESIAN_POINT('',(15.43051162688,-12.80000929307,
    55.310902815703));
#13317 = CARTESIAN_POINT('',(15.605443595216,-12.89518859707,
    55.392134345091));
#13318 = CARTESIAN_POINT('',(15.659088838135,-12.92596239588,
    55.416899191023));
#13319 = CARTESIAN_POINT('',(15.712164736122,-12.95800312237,
    55.441254594851));
#13320 = CARTESIAN_POINT('',(15.764643879622,-12.9912844024,
    55.465188883072));
#13321 = CARTESIAN_POINT('',(15.816500534673,-13.02577839232,
    55.488691379345));
#13322 = CARTESIAN_POINT('',(15.946543012754,-13.11637721993,
    55.54725233458));
#13323 = CARTESIAN_POINT('',(16.023843586316,-13.17410335789,
    55.581706241111));
#13324 = CARTESIAN_POINT('',(16.09952428195,-13.23452756865,
    55.615078622924));
#13325 = CARTESIAN_POINT('',(16.17350802144,-13.29753762564,
    55.647340154671));
#13326 = CARTESIAN_POINT('',(16.245727666938,-13.36301749908,
    55.678466974422));
#13327 = CARTESIAN_POINT('',(16.438840399911,-13.54909222328,
    55.760688424372));
#13328 = CARTESIAN_POINT('',(16.556018611185,-13.67448223922,
    55.80943088607));
#13329 = CARTESIAN_POINT('',(16.667353934562,-13.8063949176,
    55.854567556428));
#13330 = CARTESIAN_POINT('',(16.772632013032,-13.94420104189,
    55.896046055687));
#13331 = CARTESIAN_POINT('',(16.8717111164,-14.08728635743,
    55.933849988141));
#13332 = CARTESIAN_POINT('',(17.068287196437,-14.4003619133,
    56.006168658094));
#13333 = CARTESIAN_POINT('',(17.164205684143,-14.57152978502,
    56.039763046496));
#13334 = CARTESIAN_POINT('',(17.252144320188,-14.74777330178,
    56.068785478799));
#13335 = CARTESIAN_POINT('',(17.332065613571,-14.92833839331,
    56.09328604526));
#13336 = CARTESIAN_POINT('',(17.403986953107,-15.11253101037,
    56.113337545256));
#13337 = CARTESIAN_POINT('',(17.582544221769,-15.63504001426,
    56.157118608776));
#13338 = CARTESIAN_POINT('',(17.671594159153,-15.97990802289,
    56.171198845441));
#13339 = CARTESIAN_POINT('',(17.735466459338,-16.33087918241,
    56.171765731956));
#13340 = CARTESIAN_POINT('',(17.77467117858,-16.68490318655,
    56.159362286464));
#13341 = CARTESIAN_POINT('',(17.789814921864,-17.0393283984,
    56.134544515005));
#13342 = CARTESIAN_POINT('',(17.781396515224,-17.39190187882,
    56.097776298937));
#13343 = ORIENTED_EDGE('',*,*,#9366,.F.);
#13344 = ORIENTED_EDGE('',*,*,#10298,.F.);
#13345 = FACE_BOUND('',#13346,.F.);
#13346 = EDGE_LOOP('',(#13347,#13356,#13377));
#13347 = ORIENTED_EDGE('',*,*,#13348,.F.);
#13348 = EDGE_CURVE('',#13349,#13351,#13353,.T.);
#13349 = VERTEX_POINT('',#13350);
#13350 = CARTESIAN_POINT('',(12.687579734939,-18.36128524266,
    60.531437162182));
#13351 = VERTEX_POINT('',#13352);
#13352 = CARTESIAN_POINT('',(12.699078399013,-18.34582318562,
    60.561312913902));
#13353 = B_SPLINE_CURVE_WITH_KNOTS('',1,(#13354,#13355),.UNSPECIFIED.,
  .F.,.F.,(2,2),(0.,1.),.PIECEWISE_BEZIER_KNOTS.);
#13354 = CARTESIAN_POINT('',(12.687579734939,-18.36128524266,
    60.531437162182));
#13355 = CARTESIAN_POINT('',(12.699078399013,-18.34582318562,
    60.561312913902));
#13356 = ORIENTED_EDGE('',*,*,#13357,.T.);
#13357 = EDGE_CURVE('',#13349,#13358,#13360,.T.);
#13358 = VERTEX_POINT('',#13359);
#13359 = CARTESIAN_POINT('',(12.695817957956,-18.31780458645,
    60.539675385199));
#13360 = B_SPLINE_CURVE_WITH_KNOTS('',8,(#13361,#13362,#13363,#13364,
    #13365,#13366,#13367,#13368,#13369,#13370,#13371,#13372,#13373,
    #13374,#13375,#13376),.UNSPECIFIED.,.F.,.F.,(9,7,9),(0.,
    0.500000000001,1.),.UNSPECIFIED.);
#13361 = CARTESIAN_POINT('',(13.243535996755,-21.18902610211,
    58.903944182219));
#13362 = CARTESIAN_POINT('',(13.037326182661,-20.9508938281,
    59.200391216785));
#13363 = CARTESIAN_POINT('',(12.863794612653,-20.66515983899,
    59.482198076565));
#13364 = CARTESIAN_POINT('',(12.728115023727,-20.33739352245,
    59.742080575378));
#13365 = CARTESIAN_POINT('',(12.633547527387,-19.97462289535,
    59.974115423401));
#13366 = CARTESIAN_POINT('',(12.582308288479,-19.58456985799,
    60.173160339114));
#13367 = CARTESIAN_POINT('',(12.575328930463,-19.1757651441,
    60.335051085147));
#13368 = CARTESIAN_POINT('',(12.612484526328,-18.75736821013,
    60.456441728061));
#13369 = CARTESIAN_POINT('',(12.770813392076,-17.92172161898,
    60.614770593809));
#13370 = CARTESIAN_POINT('',(12.892204034993,-17.503324685,
    60.651926189676));
#13371 = CARTESIAN_POINT('',(13.054094781019,-17.09451997113,
    60.644946831658));
#13372 = CARTESIAN_POINT('',(13.253139696743,-16.70446693374,
    60.59370759275));
#13373 = CARTESIAN_POINT('',(13.485174544754,-16.34169630668,
    60.499140096412));
#13374 = CARTESIAN_POINT('',(13.745057043576,-16.01392999011,
    60.363460507484));
#13375 = CARTESIAN_POINT('',(14.026863903352,-15.72819600101,
    60.189928937477));
#13376 = CARTESIAN_POINT('',(14.323310937919,-15.490063727,
    59.983719123383));
#13377 = ORIENTED_EDGE('',*,*,#13378,.F.);
#13378 = EDGE_CURVE('',#13351,#13358,#13379,.T.);
#13379 = B_SPLINE_CURVE_WITH_KNOTS('',1,(#13380,#13381),.UNSPECIFIED.,
  .F.,.F.,(2,2),(0.,1.),.PIECEWISE_BEZIER_KNOTS.);
#13380 = CARTESIAN_POINT('',(12.699078399013,-18.34582318562,
    60.561312913902));
#13381 = CARTESIAN_POINT('',(12.695817957956,-18.31780458645,
    60.539675385199));
#13382 = B_SPLINE_SURFACE_WITH_KNOTS('',14,1,(
    (#13383,#13384)
    ,(#13385,#13386)
    ,(#13387,#13388)
    ,(#13389,#13390)
    ,(#13391,#13392)
    ,(#13393,#13394)
    ,(#13395,#13396)
    ,(#13397,#13398)
    ,(#13399,#13400)
    ,(#13401,#13402)
    ,(#13403,#13404)
    ,(#13405,#13406)
    ,(#13407,#13408)
    ,(#13409,#13410)
    ,(#13411,#13412
    )),.UNSPECIFIED.,.T.,.F.,.F.,(15,15),(2,2),(0.,6.28318530718),(0.,1.
    ),.PIECEWISE_BEZIER_KNOTS.);
#13383 = CARTESIAN_POINT('',(21.744265198572,-15.23371637333,
    35.090685076152));
#13384 = CARTESIAN_POINT('',(17.702651490893,-18.39130872358,
    55.797808710002));
#13385 = CARTESIAN_POINT('',(22.483488375432,-11.33215789931,
    35.829908253009));
#13386 = CARTESIAN_POINT('',(17.990127170783,-16.87403598368,
    56.085284389891));
#13387 = CARTESIAN_POINT('',(21.842277283475,-7.430597985182,
    37.949566244404));
#13388 = CARTESIAN_POINT('',(17.740764303344,-15.35676268373,
    56.909598829335));
#13389 = CARTESIAN_POINT('',(19.633554204896,-4.516407959239,
    41.262584861954));
#13390 = CARTESIAN_POINT('',(16.881840426204,-14.22346656258,
    58.197970971619));
#13391 = CARTESIAN_POINT('',(16.083135063937,-3.576847809503,
    45.169038466237));
#13392 = CARTESIAN_POINT('',(15.501026469535,-13.85808205979,
    59.717242775175));
#13393 = CARTESIAN_POINT('',(11.896681023271,-5.245278558375,
    48.723261727));
#13394 = CARTESIAN_POINT('',(13.873205510587,-14.50691624011,
    61.099196208512));
#13395 = CARTESIAN_POINT('',(8.14640291175,-9.44495457195,
    50.882125604706));
#13396 = CARTESIAN_POINT('',(12.414321085626,-16.14012357841,
    61.939197320489));
#13397 = CARTESIAN_POINT('',(5.937276768554,-15.23371637282,
    50.897673506484));
#13398 = CARTESIAN_POINT('',(11.555807647813,-18.39130872358,
    61.944652553078));
#13399 = CARTESIAN_POINT('',(5.95282466971,-21.02247817561,
    48.688547362721));
#13400 = CARTESIAN_POINT('',(11.561262880413,-20.64249386873,
    61.086139115265));
#13401 = CARTESIAN_POINT('',(8.111688547969,-25.2221541876,
    44.938269251614));
#13402 = CARTESIAN_POINT('',(12.401263992377,-22.27570120703,
    59.627254690318));
#13403 = CARTESIAN_POINT('',(11.665911808333,-26.89058493756,
    40.75181521071));
#13404 = CARTESIAN_POINT('',(13.783217425723,-22.92453538738,
    57.999433731347));
#13405 = CARTESIAN_POINT('',(15.572365412847,-25.95102478722,
    37.201396069856));
#13406 = CARTESIAN_POINT('',(15.302489229276,-22.55915088456,
    56.618619774699));
#13407 = CARTESIAN_POINT('',(18.885384030293,-23.03683476154,
    34.992672991243));
#13408 = CARTESIAN_POINT('',(16.590861371559,-21.42585476343,
    55.759695897547));
#13409 = CARTESIAN_POINT('',(21.005042021721,-19.13527484732,
    34.351461899293));
#13410 = CARTESIAN_POINT('',(17.415175811004,-19.90858146347,
    55.510333030113));
#13411 = CARTESIAN_POINT('',(21.744265198572,-15.23371637333,
    35.090685076152));
#13412 = CARTESIAN_POINT('',(17.702651490893,-18.39130872358,
    55.797808710002));
#13413 = ADVANCED_FACE('',(#13414),#13419,.F.);
#13414 = FACE_BOUND('',#13415,.F.);
#13415 = EDGE_LOOP('',(#13416,#13417,#13418));
#13416 = ORIENTED_EDGE('',*,*,#9483,.F.);
#13417 = ORIENTED_EDGE('',*,*,#13214,.T.);
#13418 = ORIENTED_EDGE('',*,*,#9246,.T.);
#13419 = PLANE('',#13420);
#13420 = AXIS2_PLACEMENT_3D('',#13421,#13422,#13423);
#13421 = CARTESIAN_POINT('',(20.707233307099,-8.592286823273,
    58.412467520704));
#13422 = DIRECTION('',(-0.455918227947,-8.153982379808E-02,
    0.886278639346));
#13423 = DIRECTION('',(-0.889239732605,0.,-0.457441469433));
#13424 = ADVANCED_FACE('',(#13425,#13443),#13480,.F.);
#13425 = FACE_BOUND('',#13426,.F.);
#13426 = EDGE_LOOP('',(#13427,#13428,#13435,#13442));
#13427 = ORIENTED_EDGE('',*,*,#9493,.F.);
#13428 = ORIENTED_EDGE('',*,*,#13429,.T.);
#13429 = EDGE_CURVE('',#9494,#13430,#13432,.T.);
#13430 = VERTEX_POINT('',#13431);
#13431 = CARTESIAN_POINT('',(25.389184970366,22.177575980561,
    63.484342189475));
#13432 = B_SPLINE_CURVE_WITH_KNOTS('',1,(#13433,#13434),.UNSPECIFIED.,
  .F.,.F.,(2,2),(0.,1.),.PIECEWISE_BEZIER_KNOTS.);
#13433 = CARTESIAN_POINT('',(29.430798678045,25.335168330811,
    42.777218555626));
#13434 = CARTESIAN_POINT('',(25.389184970366,22.177575980561,
    63.484342189475));
#13435 = ORIENTED_EDGE('',*,*,#13436,.F.);
#13436 = EDGE_CURVE('',#13430,#13430,#13437,.T.);
#13437 = CIRCLE('',#13438,3.5);
#13438 = AXIS2_PLACEMENT_3D('',#13439,#13440,#13441);
#13439 = CARTESIAN_POINT('',(22.914311236213,22.177575980561,
    65.959215923628));
#13440 = DIRECTION('',(0.683012701892,-0.258819045103,0.683012701892));
#13441 = DIRECTION('',(0.707106781187,0.,-0.707106781187));
#13442 = ORIENTED_EDGE('',*,*,#13429,.F.);
#13443 = FACE_BOUND('',#13444,.F.);
#13444 = EDGE_LOOP('',(#13445,#13454,#13461));
#13445 = ORIENTED_EDGE('',*,*,#13446,.F.);
#13446 = EDGE_CURVE('',#13447,#13449,#13451,.T.);
#13447 = VERTEX_POINT('',#13448);
#13448 = CARTESIAN_POINT('',(20.385611878486,22.223061518511,
    68.247846393375));
#13449 = VERTEX_POINT('',#13450);
#13450 = CARTESIAN_POINT('',(20.382351437429,22.25108011769,
    68.226208864672));
#13451 = B_SPLINE_CURVE_WITH_KNOTS('',1,(#13452,#13453),.UNSPECIFIED.,
  .F.,.F.,(2,2),(0.,1.),.PIECEWISE_BEZIER_KNOTS.);
#13452 = CARTESIAN_POINT('',(20.385611878486,22.223061518511,
    68.247846393375));
#13453 = CARTESIAN_POINT('',(20.382351437429,22.25108011769,
    68.226208864672));
#13454 = ORIENTED_EDGE('',*,*,#13455,.F.);
#13455 = EDGE_CURVE('',#13456,#13447,#13458,.T.);
#13456 = VERTEX_POINT('',#13457);
#13457 = CARTESIAN_POINT('',(20.374113214412,22.207599461472,
    68.217970641655));
#13458 = B_SPLINE_CURVE_WITH_KNOTS('',1,(#13459,#13460),.UNSPECIFIED.,
  .F.,.F.,(2,2),(0.,1.),.PIECEWISE_BEZIER_KNOTS.);
#13459 = CARTESIAN_POINT('',(20.374113214412,22.207599461472,
    68.217970641655));
#13460 = CARTESIAN_POINT('',(20.385611878486,22.223061518511,
    68.247846393375));
#13461 = ORIENTED_EDGE('',*,*,#13462,.T.);
#13462 = EDGE_CURVE('',#13456,#13449,#13463,.T.);
#13463 = B_SPLINE_CURVE_WITH_KNOTS('',8,(#13464,#13465,#13466,#13467,
    #13468,#13469,#13470,#13471,#13472,#13473,#13474,#13475,#13476,
    #13477,#13478,#13479),.UNSPECIFIED.,.F.,.F.,(9,7,9),(0.,
    0.499999999999,1.),.UNSPECIFIED.);
#13464 = CARTESIAN_POINT('',(20.930069476228,19.379858602028,
    66.590477661692));
#13465 = CARTESIAN_POINT('',(20.723859662134,19.617990876033,
    66.886924696258));
#13466 = CARTESIAN_POINT('',(20.550328092126,19.903724865145,
    67.168731556038));
#13467 = CARTESIAN_POINT('',(20.414648503201,20.231491181688,
    67.42861405485));
#13468 = CARTESIAN_POINT('',(20.32008100686,20.594261808783,
    67.660648902875));
#13469 = CARTESIAN_POINT('',(20.268841767952,20.984314846142,
    67.859693818586));
#13470 = CARTESIAN_POINT('',(20.261862409936,21.393119560034,
    68.02158456462));
#13471 = CARTESIAN_POINT('',(20.299018005801,21.811516494004,
    68.142975207534));
#13472 = CARTESIAN_POINT('',(20.45734687155,22.647163085158,
    68.301304073283));
#13473 = CARTESIAN_POINT('',(20.578737514463,23.065560019122,
    68.338459669148));
#13474 = CARTESIAN_POINT('',(20.7406282605,23.474364733028,
    68.331480311132));
#13475 = CARTESIAN_POINT('',(20.939673176205,23.86441777037,
    68.280241072225));
#13476 = CARTESIAN_POINT('',(21.171708024237,24.227188397479,
    68.185673575883));
#13477 = CARTESIAN_POINT('',(21.431590523045,24.554954714016,
    68.049993986959));
#13478 = CARTESIAN_POINT('',(21.713397382826,24.840688703129,
    67.87646241695));
#13479 = CARTESIAN_POINT('',(22.009844417392,25.078820977134,
    67.670252602856));
#13480 = B_SPLINE_SURFACE_WITH_KNOTS('',14,1,(
    (#13481,#13482)
    ,(#13483,#13484)
    ,(#13485,#13486)
    ,(#13487,#13488)
    ,(#13489,#13490)
    ,(#13491,#13492)
    ,(#13493,#13494)
    ,(#13495,#13496)
    ,(#13497,#13498)
    ,(#13499,#13500)
    ,(#13501,#13502)
    ,(#13503,#13504)
    ,(#13505,#13506)
    ,(#13507,#13508)
    ,(#13509,#13510
    )),.UNSPECIFIED.,.T.,.F.,.F.,(15,15),(2,2),(0.,6.28318530718),(0.,1.
    ),.PIECEWISE_BEZIER_KNOTS.);
#13481 = CARTESIAN_POINT('',(29.430798678045,25.335168330811,
    42.777218555626));
#13482 = CARTESIAN_POINT('',(25.389184970366,22.177575980561,
    63.484342189475));
#13483 = CARTESIAN_POINT('',(30.170021854905,29.236726804821,
    43.516441732482));
#13484 = CARTESIAN_POINT('',(25.676660650255,23.694848720447,
    63.771817869363));
#13485 = CARTESIAN_POINT('',(29.528810762951,33.138286718976,
    45.636099723881));
#13486 = CARTESIAN_POINT('',(25.42729778282,25.212122020426,
    64.596132308812));
#13487 = CARTESIAN_POINT('',(27.320087684358,36.052476744842,
    48.949118341416));
#13488 = CARTESIAN_POINT('',(24.568373905669,26.345418141519,
    65.884504451084));
#13489 = CARTESIAN_POINT('',(23.76966854344,36.992036894795,
    52.85557194574));
#13490 = CARTESIAN_POINT('',(23.187559949021,26.710802644413,
    67.40377625466));
#13491 = CARTESIAN_POINT('',(19.583214502685,35.323606145455,
    56.409795206414));
#13492 = CARTESIAN_POINT('',(21.559738990048,26.061968463956,
    68.785729687972));
#13493 = CARTESIAN_POINT('',(15.832936391315,31.123930132672,
    58.56865908427));
#13494 = CARTESIAN_POINT('',(20.100854565106,24.428761125758,
    69.625730799969));
#13495 = CARTESIAN_POINT('',(13.623810247915,25.335168330722,
    58.584206985845));
#13496 = CARTESIAN_POINT('',(19.242341127288,22.177575980567,
    69.631186032554));
#13497 = CARTESIAN_POINT('',(13.639358149293,19.546406529103,
    56.375080842305));
#13498 = CARTESIAN_POINT('',(19.247796359877,19.926390835357,
    68.772672594729));
#13499 = CARTESIAN_POINT('',(15.798222027356,15.346730516073,
    52.624802731));
#13500 = CARTESIAN_POINT('',(20.08779747186,18.293183497156,
    67.313788169801));
#13501 = CARTESIAN_POINT('',(19.352445287861,13.678299766868,
    48.438348690238));
#13502 = CARTESIAN_POINT('',(21.469750905189,17.644349316724,
    65.685967210813));
#13503 = CARTESIAN_POINT('',(23.258898892294,14.617859916771,
    44.887929549302));
#13504 = CARTESIAN_POINT('',(22.989022708752,18.009733819589,
    64.305153254176));
#13505 = CARTESIAN_POINT('',(26.571917509775,17.532049942647,
    42.679206470726));
#13506 = CARTESIAN_POINT('',(24.277394851031,19.143029940702,
    63.446229377019));
#13507 = CARTESIAN_POINT('',(28.691575501192,21.433609856802,
    42.037995378765));
#13508 = CARTESIAN_POINT('',(25.101709290478,20.660303240672,
    63.196866509586));
#13509 = CARTESIAN_POINT('',(29.430798678045,25.335168330811,
    42.777218555626));
#13510 = CARTESIAN_POINT('',(25.389184970366,22.177575980561,
    63.484342189475));
#13511 = ADVANCED_FACE('',(#13512),#13612,.T.);
#13512 = FACE_BOUND('',#13513,.T.);
#13513 = EDGE_LOOP('',(#13514,#13515,#13610,#13611));
#13514 = ORIENTED_EDGE('',*,*,#12927,.T.);
#13515 = ORIENTED_EDGE('',*,*,#13516,.T.);
#13516 = EDGE_CURVE('',#8265,#8386,#13517,.T.);
#13517 = B_SPLINE_CURVE_WITH_KNOTS('',6,(#13518,#13519,#13520,#13521,
    #13522,#13523,#13524,#13525,#13526,#13527,#13528,#13529,#13530,
    #13531,#13532,#13533,#13534,#13535,#13536,#13537,#13538,#13539,
    #13540,#13541,#13542,#13543,#13544,#13545,#13546,#13547,#13548,
    #13549,#13550,#13551,#13552,#13553,#13554,#13555,#13556,#13557,
    #13558,#13559,#13560,#13561,#13562,#13563,#13564,#13565,#13566,
    #13567,#13568,#13569,#13570,#13571,#13572,#13573,#13574,#13575,
    #13576,#13577,#13578,#13579,#13580,#13581,#13582,#13583,#13584,
    #13585,#13586,#13587,#13588,#13589,#13590,#13591,#13592,#13593,
    #13594,#13595,#13596,#13597,#13598,#13599,#13600,#13601,#13602,
    #13603,#13604,#13605,#13606,#13607,#13608,#13609),.UNSPECIFIED.,.F.,
  .F.,(7,5,5,5,5,5,5,5,5,5,5,5,5,5,5,5,5,5,7),(0.,3.654480453977E-02,
    0.109682852068,0.143560107352,0.200243538313,0.259236396767,
    0.297308364875,0.383682089053,0.446904638984,0.51163879226,
    0.573523511134,0.631634910249,0.666705353047,0.689851726812,
    0.742751664565,0.814200569787,0.846211200429,0.897266548085,1.),
  .UNSPECIFIED.);
#13518 = CARTESIAN_POINT('',(22.640373648656,16.163394663389,
    64.10056554972));
#13519 = CARTESIAN_POINT('',(22.492006847676,16.102792643019,
    63.9946862646));
#13520 = CARTESIAN_POINT('',(22.341933209299,16.048344033308,
    63.887588925829));
#13521 = CARTESIAN_POINT('',(22.190362395136,16.000151957001,
    63.779423154628));
#13522 = CARTESIAN_POINT('',(22.03750897534,15.958300209468,
    63.670342075105));
#13523 = CARTESIAN_POINT('',(21.883592428603,15.922853258707,
    63.560502314262));
#13524 = CARTESIAN_POINT('',(21.41912144829,15.835823784403,
    63.229040996569));
#13525 = CARTESIAN_POINT('',(21.106024900208,15.803620919599,
    63.005605305663));
#13526 = CARTESIAN_POINT('',(20.791377438565,15.797619310708,
    62.781062833333));
#13527 = CARTESIAN_POINT('',(20.476982395687,15.817832721228,
    62.556700495091));
#13528 = CARTESIAN_POINT('',(20.164612897903,15.863988224783,
    62.333783650484));
#13529 = CARTESIAN_POINT('',(19.713065072698,15.968624784305,
    62.01154470879));
#13530 = CARTESIAN_POINT('',(19.570924221467,16.007190644349,
    61.910108460146));
#13531 = CARTESIAN_POINT('',(19.429755758574,16.051140909746,
    61.80936613886));
#13532 = CARTESIAN_POINT('',(19.289723652407,16.100406985257,
    61.709434758005));
#13533 = CARTESIAN_POINT('',(19.150986651584,16.154908905698,
    61.610427605665));
#13534 = CARTESIAN_POINT('',(18.783987359867,16.314355756087,
    61.348525196298));
#13535 = CARTESIAN_POINT('',(18.558329255026,16.428560702897,
    61.187488369566));
#13536 = CARTESIAN_POINT('',(18.337445155817,16.556743619841,
    61.029858425641));
#13537 = CARTESIAN_POINT('',(18.121999847306,16.698404676457,
    60.876109776368));
#13538 = CARTESIAN_POINT('',(17.91260606336,16.85298310018,
    60.726679688192));
#13539 = CARTESIAN_POINT('',(17.49878994693,17.193555293924,
    60.431367298295));
#13540 = CARTESIAN_POINT('',(17.294914279726,17.380575221923,
    60.285875114366));
#13541 = CARTESIAN_POINT('',(17.098834839651,17.580244454343,
    60.145946566977));
#13542 = CARTESIAN_POINT('',(16.9111175029,17.791831981754,
    60.011985483442));
#13543 = CARTESIAN_POINT('',(16.732267913159,18.014571190562,
    59.884352707236));
#13544 = CARTESIAN_POINT('',(16.453329829494,18.39810468741,
    59.685293586892));
#13545 = CARTESIAN_POINT('',(16.347802642202,18.552854661799,
    59.609986017561));
#13546 = CARTESIAN_POINT('',(16.24627733937,18.711707873783,
    59.537534320723));
#13547 = CARTESIAN_POINT('',(16.148865394887,18.874448791299,
    59.468018047702));
#13548 = CARTESIAN_POINT('',(16.0556692337,19.040858830048,
    59.401510292212));
#13549 = CARTESIAN_POINT('',(15.765124640549,19.596071448326,
    59.194168396214));
#13550 = CARTESIAN_POINT('',(15.585649032914,19.999168289613,
    59.066088873656));
#13551 = CARTESIAN_POINT('',(15.429443288747,20.417429395911,
    58.954615468454));
#13552 = CARTESIAN_POINT('',(15.297381980841,20.848217797107,
    58.860372303671));
#13553 = CARTESIAN_POINT('',(15.19014505886,21.288848606813,
    58.783844613091));
#13554 = CARTESIAN_POINT('',(15.04828235274,22.064339414443,
    58.682606857676));
#13555 = CARTESIAN_POINT('',(15.001898420378,22.39589272824,
    58.649505802945));
#13556 = CARTESIAN_POINT('',(14.969281375081,22.730192439652,
    58.626229238268));
#13557 = CARTESIAN_POINT('',(14.950577539616,23.066154012641,
    58.612881584245));
#13558 = CARTESIAN_POINT('',(14.945880060463,23.402676258246,
    58.609529313176));
#13559 = CARTESIAN_POINT('',(14.964795490365,24.082638649872,
    58.623027967744));
#13560 = CARTESIAN_POINT('',(14.989088008987,24.426051806215,
    58.640363884462));
#13561 = CARTESIAN_POINT('',(15.028142471956,24.76767760111,
    58.668234395873));
#13562 = CARTESIAN_POINT('',(15.081935681458,25.106291421827,
    58.70662294728));
#13563 = CARTESIAN_POINT('',(15.150371880682,25.440649574707,
    58.755461203563));
#13564 = CARTESIAN_POINT('',(15.312523575449,26.083859273152,
    58.87117782891));
#13565 = CARTESIAN_POINT('',(15.404994573524,26.39318880739,
    58.937168084856));
#13566 = CARTESIAN_POINT('',(15.510527002468,26.696374947687,
    59.012479394798));
#13567 = CARTESIAN_POINT('',(15.62889389807,26.992304772762,
    59.096949789829));
#13568 = CARTESIAN_POINT('',(15.759786955917,27.279865798426,
    59.190359254079));
#13569 = CARTESIAN_POINT('',(16.037100624309,27.819085942338,
    59.388259139832));
#13570 = CARTESIAN_POINT('',(16.182090403264,28.071869941499,
    59.491728474239));
#13571 = CARTESIAN_POINT('',(16.337437085277,28.315387436185,
    59.602588825266));
#13572 = CARTESIAN_POINT('',(16.502737808314,28.548741578718,
    59.720552697705));
#13573 = CARTESIAN_POINT('',(16.677513643733,28.771067646725,
    59.84527831279));
#13574 = CARTESIAN_POINT('',(16.972055771515,29.108566613621,
    60.055472977105));
#13575 = CARTESIAN_POINT('',(17.086157526879,29.231274926815,
    60.136899631917));
#13576 = CARTESIAN_POINT('',(17.203381975895,29.349487716444,
    60.220554740597));
#13577 = CARTESIAN_POINT('',(17.323595618166,29.463033232796,
    60.306343032999));
#13578 = CARTESIAN_POINT('',(17.446654980607,29.571748801323,
    60.394162122152));
#13579 = CARTESIAN_POINT('',(17.655402272926,29.74394360626,
    60.543130853267));
#13580 = CARTESIAN_POINT('',(17.739570773107,29.810235819909,
    60.603196181696));
#13581 = CARTESIAN_POINT('',(17.824867997751,29.874313467678,
    60.664067003931));
#13582 = CARTESIAN_POINT('',(17.911248147987,29.93613487439,
    60.725710636437));
#13583 = CARTESIAN_POINT('',(17.998663746321,29.995660685601,
    60.788093197756));
#13584 = CARTESIAN_POINT('',(18.289103957709,30.183566168296,
    60.995360603597));
#13585 = CARTESIAN_POINT('',(18.49629817589,30.30209708024,
    61.143221011432));
#13586 = CARTESIAN_POINT('',(18.708054217115,30.408000874016,
    61.294336881807));
#13587 = CARTESIAN_POINT('',(18.92374762636,30.500909500285,
    61.448262583684));
#13588 = CARTESIAN_POINT('',(19.142723091242,30.580536118203,
    61.604530465228));
#13589 = CARTESIAN_POINT('',(19.663557009715,30.736013504332,
    61.976214174724));
#13590 = CARTESIAN_POINT('',(19.967579516579,30.800757988712,
    62.19317434017));
#13591 = CARTESIAN_POINT('',(20.274651624766,30.84040360835,
    62.412310798464));
#13592 = CARTESIAN_POINT('',(20.583067473552,30.854777002965,
    62.632406192944));
#13593 = CARTESIAN_POINT('',(20.89113098594,30.843976982087,
    62.852250148922));
#13594 = CARTESIAN_POINT('',(21.334262124891,30.792463914187,
    63.16848267464));
#13595 = CARTESIAN_POINT('',(21.470963035816,30.771552134243,
    63.266036808237));
#13596 = CARTESIAN_POINT('',(21.607110618448,30.745702210589,
    63.3631960691));
#13597 = CARTESIAN_POINT('',(21.742560160942,30.714959562107,
    63.45985718624));
#13598 = CARTESIAN_POINT('',(21.877170632609,30.679379658125,
    63.555919515654));
#13599 = CARTESIAN_POINT('',(22.223944281952,30.574669180365,
    63.80338826101));
#13600 = CARTESIAN_POINT('',(22.434602263093,30.498170525771,
    63.953720520658));
#13601 = CARTESIAN_POINT('',(22.642219835149,30.409796912133,
    64.101883047333));
#13602 = CARTESIAN_POINT('',(22.846273913275,30.309869351607,
    64.247502550989));
#13603 = CARTESIAN_POINT('',(23.046275049011,30.198756903287,
    64.390229745585));
#13604 = CARTESIAN_POINT('',(23.635130507526,29.831605135352,
    64.810455797336));
#13605 = CARTESIAN_POINT('',(24.010244058207,29.542702993082,
    65.078148800911));
#13606 = CARTESIAN_POINT('',(24.363373395445,29.213498560316,
    65.330153168026));
#13607 = CARTESIAN_POINT('',(24.691488861972,28.847880861667,
    65.564306838546));
#13608 = CARTESIAN_POINT('',(24.992087550429,28.449992052996,
    65.778823657887));
#13609 = CARTESIAN_POINT('',(25.26316174203,28.024175920193,
    65.972270853834));
#13610 = ORIENTED_EDGE('',*,*,#12867,.F.);
#13611 = ORIENTED_EDGE('',*,*,#9658,.F.);
#13612 = B_SPLINE_SURFACE_WITH_KNOTS('',14,1,(
    (#13613,#13614)
    ,(#13615,#13616)
    ,(#13617,#13618)
    ,(#13619,#13620)
    ,(#13621,#13622)
    ,(#13623,#13624)
    ,(#13625,#13626)
    ,(#13627,#13628)
    ,(#13629,#13630)
    ,(#13631,#13632)
    ,(#13633,#13634)
    ,(#13635,#13636)
    ,(#13637,#13638)
    ,(#13639,#13640)
    ,(#13641,#13642
    )),.UNSPECIFIED.,.T.,.F.,.F.,(15,15),(2,2),(0.,6.28318530718),(0.,1.
    ),.PIECEWISE_BEZIER_KNOTS.);
#13613 = CARTESIAN_POINT('',(32.63822508508,26.318680702201,
    34.37889561421));
#13614 = CARTESIAN_POINT('',(27.437385227877,22.15169407605,
    61.572744472342));
#13615 = CARTESIAN_POINT('',(33.746993073209,32.170665968905,
    35.487663602333));
#13616 = CARTESIAN_POINT('',(27.954841451679,24.882785007857,
    62.090200696143));
#13617 = CARTESIAN_POINT('',(32.785234358587,38.022653395718,
    38.666959111744));
#13618 = CARTESIAN_POINT('',(27.505993687312,27.613876947763,
    63.573961290117));
#13619 = CARTESIAN_POINT('',(29.472349264027,42.393675183338,
    43.636187759044));
#13620 = CARTESIAN_POINT('',(25.959887532296,29.653809965878,
    65.8930743224));
#13621 = CARTESIAN_POINT('',(24.147041277019,43.802930533911,
    49.495515279004));
#13622 = CARTESIAN_POINT('',(23.474594133651,30.311502070829,
    68.627591845422));
#13623 = CARTESIAN_POINT('',(17.867738396076,41.300435126189,
    54.826529102023));
#13624 = CARTESIAN_POINT('',(20.544076305135,29.143600546312,
    71.115548127878));
#13625 = CARTESIAN_POINT('',(12.242660007445,35.001300481679,
    58.064629899393));
#13626 = CARTESIAN_POINT('',(17.918881627148,26.203827337344,
    72.626752842436));
#13627 = CARTESIAN_POINT('',(8.929170352179,26.318680702023,
    58.087950347377));
#13628 = CARTESIAN_POINT('',(16.372493326814,22.151694075991,
    72.637636373429));
#13629 = CARTESIAN_POINT('',(8.952490799616,17.636060923036,
    54.774460691647));
#13630 = CARTESIAN_POINT('',(16.383376857718,18.099560814858,
    71.091248073095));
#13631 = CARTESIAN_POINT('',(12.190591597504,11.336926277997,
    49.149382303328));
#13632 = CARTESIAN_POINT('',(17.894581572426,15.159787605727,
    68.466053395035));
#13633 = CARTESIAN_POINT('',(17.521605420127,8.834430870605,
    42.870079422223));
#13634 = CARTESIAN_POINT('',(20.382537854724,13.991886081295,
    65.53553556662));
#13635 = CARTESIAN_POINT('',(23.380932940328,10.243686221019,
    37.544771435276));
#13636 = CARTESIAN_POINT('',(23.117055377865,14.649578186218,
    63.050242167889));
#13637 = CARTESIAN_POINT('',(28.350161587516,14.614708008697,
    34.231886340701));
#13638 = CARTESIAN_POINT('',(25.436168410083,16.689511204337,
    61.504136012923));
#13639 = CARTESIAN_POINT('',(31.529457096964,20.466695435494,
    33.270127626081));
#13640 = CARTESIAN_POINT('',(26.919929004082,19.420603144244,
    61.055288248537));
#13641 = CARTESIAN_POINT('',(32.63822508508,26.318680702201,
    34.37889561421));
#13642 = CARTESIAN_POINT('',(27.437385227877,22.15169407605,
    61.572744472342));
#13643 = ADVANCED_FACE('',(#13644),#13744,.T.);
#13644 = FACE_BOUND('',#13645,.T.);
#13645 = EDGE_LOOP('',(#13646,#13647,#13742,#13743));
#13646 = ORIENTED_EDGE('',*,*,#13010,.T.);
#13647 = ORIENTED_EDGE('',*,*,#13648,.T.);
#13648 = EDGE_CURVE('',#8136,#8257,#13649,.T.);
#13649 = B_SPLINE_CURVE_WITH_KNOTS('',6,(#13650,#13651,#13652,#13653,
    #13654,#13655,#13656,#13657,#13658,#13659,#13660,#13661,#13662,
    #13663,#13664,#13665,#13666,#13667,#13668,#13669,#13670,#13671,
    #13672,#13673,#13674,#13675,#13676,#13677,#13678,#13679,#13680,
    #13681,#13682,#13683,#13684,#13685,#13686,#13687,#13688,#13689,
    #13690,#13691,#13692,#13693,#13694,#13695,#13696,#13697,#13698,
    #13699,#13700,#13701,#13702,#13703,#13704,#13705,#13706,#13707,
    #13708,#13709,#13710,#13711,#13712,#13713,#13714,#13715,#13716,
    #13717,#13718,#13719,#13720,#13721,#13722,#13723,#13724,#13725,
    #13726,#13727,#13728,#13729,#13730,#13731,#13732,#13733,#13734,
    #13735,#13736,#13737,#13738,#13739,#13740,#13741),.UNSPECIFIED.,.F.,
  .F.,(7,5,5,5,5,5,5,5,5,5,5,5,5,5,5,5,5,5,7),(0.,3.654480453977E-02,
    0.109682852068,0.143560107352,0.200243538313,0.259236396767,
    0.297308364875,0.383682089053,0.446904638984,0.51163879226,
    0.573523511134,0.631634910249,0.666705353047,0.689851726812,
    0.742751664565,0.814200569787,0.846211200429,0.897266548085,1.),
  .UNSPECIFIED.);
#13650 = CARTESIAN_POINT('',(22.640373648656,16.163394663389,
    64.10056554972));
#13651 = CARTESIAN_POINT('',(22.492006847676,16.102792643019,
    63.9946862646));
#13652 = CARTESIAN_POINT('',(22.341933209299,16.048344033308,
    63.887588925829));
#13653 = CARTESIAN_POINT('',(22.190362395136,16.000151957001,
    63.779423154628));
#13654 = CARTESIAN_POINT('',(22.03750897534,15.958300209468,
    63.670342075105));
#13655 = CARTESIAN_POINT('',(21.883592428603,15.922853258707,
    63.560502314262));
#13656 = CARTESIAN_POINT('',(21.41912144829,15.835823784403,
    63.229040996569));
#13657 = CARTESIAN_POINT('',(21.106024900208,15.803620919599,
    63.005605305663));
#13658 = CARTESIAN_POINT('',(20.791377438565,15.797619310708,
    62.781062833333));
#13659 = CARTESIAN_POINT('',(20.476982395687,15.817832721228,
    62.556700495091));
#13660 = CARTESIAN_POINT('',(20.164612897903,15.863988224783,
    62.333783650484));
#13661 = CARTESIAN_POINT('',(19.713065072698,15.968624784305,
    62.01154470879));
#13662 = CARTESIAN_POINT('',(19.570924221467,16.007190644349,
    61.910108460146));
#13663 = CARTESIAN_POINT('',(19.429755758574,16.051140909746,
    61.80936613886));
#13664 = CARTESIAN_POINT('',(19.289723652407,16.100406985257,
    61.709434758005));
#13665 = CARTESIAN_POINT('',(19.150986651584,16.154908905698,
    61.610427605665));
#13666 = CARTESIAN_POINT('',(18.783987359867,16.314355756087,
    61.348525196298));
#13667 = CARTESIAN_POINT('',(18.558329255026,16.428560702897,
    61.187488369566));
#13668 = CARTESIAN_POINT('',(18.337445155817,16.556743619841,
    61.029858425641));
#13669 = CARTESIAN_POINT('',(18.121999847306,16.698404676457,
    60.876109776368));
#13670 = CARTESIAN_POINT('',(17.91260606336,16.85298310018,
    60.726679688192));
#13671 = CARTESIAN_POINT('',(17.49878994693,17.193555293924,
    60.431367298295));
#13672 = CARTESIAN_POINT('',(17.294914279726,17.380575221923,
    60.285875114366));
#13673 = CARTESIAN_POINT('',(17.098834839651,17.580244454343,
    60.145946566977));
#13674 = CARTESIAN_POINT('',(16.9111175029,17.791831981754,
    60.011985483442));
#13675 = CARTESIAN_POINT('',(16.732267913159,18.014571190562,
    59.884352707236));
#13676 = CARTESIAN_POINT('',(16.453329829494,18.39810468741,
    59.685293586892));
#13677 = CARTESIAN_POINT('',(16.347802642202,18.552854661799,
    59.609986017561));
#13678 = CARTESIAN_POINT('',(16.24627733937,18.711707873783,
    59.537534320723));
#13679 = CARTESIAN_POINT('',(16.148865394887,18.874448791299,
    59.468018047702));
#13680 = CARTESIAN_POINT('',(16.0556692337,19.040858830048,
    59.401510292212));
#13681 = CARTESIAN_POINT('',(15.765124640549,19.596071448326,
    59.194168396214));
#13682 = CARTESIAN_POINT('',(15.585649032914,19.999168289613,
    59.066088873656));
#13683 = CARTESIAN_POINT('',(15.429443288747,20.417429395911,
    58.954615468454));
#13684 = CARTESIAN_POINT('',(15.297381980841,20.848217797107,
    58.860372303671));
#13685 = CARTESIAN_POINT('',(15.19014505886,21.288848606813,
    58.783844613091));
#13686 = CARTESIAN_POINT('',(15.04828235274,22.064339414443,
    58.682606857676));
#13687 = CARTESIAN_POINT('',(15.001898420378,22.39589272824,
    58.649505802945));
#13688 = CARTESIAN_POINT('',(14.969281375081,22.730192439652,
    58.626229238268));
#13689 = CARTESIAN_POINT('',(14.950577539616,23.066154012641,
    58.612881584245));
#13690 = CARTESIAN_POINT('',(14.945880060463,23.402676258246,
    58.609529313176));
#13691 = CARTESIAN_POINT('',(14.964795490365,24.082638649872,
    58.623027967744));
#13692 = CARTESIAN_POINT('',(14.989088008987,24.426051806215,
    58.640363884462));
#13693 = CARTESIAN_POINT('',(15.028142471956,24.76767760111,
    58.668234395873));
#13694 = CARTESIAN_POINT('',(15.081935681458,25.106291421827,
    58.70662294728));
#13695 = CARTESIAN_POINT('',(15.150371880682,25.440649574707,
    58.755461203563));
#13696 = CARTESIAN_POINT('',(15.312523575449,26.083859273152,
    58.87117782891));
#13697 = CARTESIAN_POINT('',(15.404994573524,26.39318880739,
    58.937168084856));
#13698 = CARTESIAN_POINT('',(15.510527002468,26.696374947687,
    59.012479394798));
#13699 = CARTESIAN_POINT('',(15.62889389807,26.992304772762,
    59.096949789829));
#13700 = CARTESIAN_POINT('',(15.759786955917,27.279865798426,
    59.190359254079));
#13701 = CARTESIAN_POINT('',(16.037100624309,27.819085942338,
    59.388259139832));
#13702 = CARTESIAN_POINT('',(16.182090403264,28.071869941499,
    59.491728474239));
#13703 = CARTESIAN_POINT('',(16.337437085277,28.315387436185,
    59.602588825266));
#13704 = CARTESIAN_POINT('',(16.502737808314,28.548741578718,
    59.720552697705));
#13705 = CARTESIAN_POINT('',(16.677513643733,28.771067646725,
    59.84527831279));
#13706 = CARTESIAN_POINT('',(16.972055771515,29.108566613621,
    60.055472977105));
#13707 = CARTESIAN_POINT('',(17.086157526879,29.231274926815,
    60.136899631917));
#13708 = CARTESIAN_POINT('',(17.203381975895,29.349487716444,
    60.220554740597));
#13709 = CARTESIAN_POINT('',(17.323595618166,29.463033232796,
    60.306343032999));
#13710 = CARTESIAN_POINT('',(17.446654980607,29.571748801323,
    60.394162122152));
#13711 = CARTESIAN_POINT('',(17.655402272926,29.74394360626,
    60.543130853267));
#13712 = CARTESIAN_POINT('',(17.739570773107,29.810235819909,
    60.603196181696));
#13713 = CARTESIAN_POINT('',(17.824867997751,29.874313467678,
    60.664067003931));
#13714 = CARTESIAN_POINT('',(17.911248147987,29.93613487439,
    60.725710636437));
#13715 = CARTESIAN_POINT('',(17.998663746321,29.995660685601,
    60.788093197756));
#13716 = CARTESIAN_POINT('',(18.289103957709,30.183566168296,
    60.995360603597));
#13717 = CARTESIAN_POINT('',(18.49629817589,30.30209708024,
    61.143221011432));
#13718 = CARTESIAN_POINT('',(18.708054217115,30.408000874016,
    61.294336881807));
#13719 = CARTESIAN_POINT('',(18.92374762636,30.500909500285,
    61.448262583684));
#13720 = CARTESIAN_POINT('',(19.142723091242,30.580536118203,
    61.604530465228));
#13721 = CARTESIAN_POINT('',(19.663557009715,30.736013504332,
    61.976214174724));
#13722 = CARTESIAN_POINT('',(19.967579516579,30.800757988712,
    62.19317434017));
#13723 = CARTESIAN_POINT('',(20.274651624766,30.84040360835,
    62.412310798464));
#13724 = CARTESIAN_POINT('',(20.583067473552,30.854777002965,
    62.632406192944));
#13725 = CARTESIAN_POINT('',(20.89113098594,30.843976982087,
    62.852250148922));
#13726 = CARTESIAN_POINT('',(21.334262124891,30.792463914187,
    63.16848267464));
#13727 = CARTESIAN_POINT('',(21.470963035816,30.771552134243,
    63.266036808237));
#13728 = CARTESIAN_POINT('',(21.607110618448,30.745702210589,
    63.3631960691));
#13729 = CARTESIAN_POINT('',(21.742560160942,30.714959562107,
    63.45985718624));
#13730 = CARTESIAN_POINT('',(21.877170632609,30.679379658125,
    63.555919515654));
#13731 = CARTESIAN_POINT('',(22.223944281952,30.574669180365,
    63.80338826101));
#13732 = CARTESIAN_POINT('',(22.434602263093,30.498170525771,
    63.953720520658));
#13733 = CARTESIAN_POINT('',(22.642219835149,30.409796912133,
    64.101883047333));
#13734 = CARTESIAN_POINT('',(22.846273913275,30.309869351607,
    64.247502550989));
#13735 = CARTESIAN_POINT('',(23.046275049011,30.198756903287,
    64.390229745585));
#13736 = CARTESIAN_POINT('',(23.635130507526,29.831605135352,
    64.810455797336));
#13737 = CARTESIAN_POINT('',(24.010244058207,29.542702993082,
    65.078148800911));
#13738 = CARTESIAN_POINT('',(24.363373395445,29.213498560316,
    65.330153168026));
#13739 = CARTESIAN_POINT('',(24.691488861972,28.847880861667,
    65.564306838546));
#13740 = CARTESIAN_POINT('',(24.992087550429,28.449992052996,
    65.778823657887));
#13741 = CARTESIAN_POINT('',(25.26316174203,28.024175920193,
    65.972270853834));
#13742 = ORIENTED_EDGE('',*,*,#12948,.F.);
#13743 = ORIENTED_EDGE('',*,*,#9796,.F.);
#13744 = B_SPLINE_SURFACE_WITH_KNOTS('',14,1,(
    (#13745,#13746)
    ,(#13747,#13748)
    ,(#13749,#13750)
    ,(#13751,#13752)
    ,(#13753,#13754)
    ,(#13755,#13756)
    ,(#13757,#13758)
    ,(#13759,#13760)
    ,(#13761,#13762)
    ,(#13763,#13764)
    ,(#13765,#13766)
    ,(#13767,#13768)
    ,(#13769,#13770)
    ,(#13771,#13772)
    ,(#13773,#13774
    )),.UNSPECIFIED.,.T.,.F.,.F.,(15,15),(2,2),(0.,6.28318530718),(0.,1.
    ),.PIECEWISE_BEZIER_KNOTS.);
#13745 = CARTESIAN_POINT('',(32.63822508508,26.318680702201,
    34.37889561421));
#13746 = CARTESIAN_POINT('',(27.437385227877,22.15169407605,
    61.572744472342));
#13747 = CARTESIAN_POINT('',(33.746993073209,32.170665968905,
    35.487663602333));
#13748 = CARTESIAN_POINT('',(27.954841451679,24.882785007857,
    62.090200696143));
#13749 = CARTESIAN_POINT('',(32.785234358587,38.022653395718,
    38.666959111744));
#13750 = CARTESIAN_POINT('',(27.505993687312,27.613876947763,
    63.573961290117));
#13751 = CARTESIAN_POINT('',(29.472349264027,42.393675183338,
    43.636187759044));
#13752 = CARTESIAN_POINT('',(25.959887532296,29.653809965878,
    65.8930743224));
#13753 = CARTESIAN_POINT('',(24.147041277019,43.802930533911,
    49.495515279004));
#13754 = CARTESIAN_POINT('',(23.474594133651,30.311502070829,
    68.627591845422));
#13755 = CARTESIAN_POINT('',(17.867738396076,41.300435126189,
    54.826529102023));
#13756 = CARTESIAN_POINT('',(20.544076305135,29.143600546312,
    71.115548127878));
#13757 = CARTESIAN_POINT('',(12.242660007445,35.001300481679,
    58.064629899393));
#13758 = CARTESIAN_POINT('',(17.918881627148,26.203827337344,
    72.626752842436));
#13759 = CARTESIAN_POINT('',(8.929170352179,26.318680702023,
    58.087950347377));
#13760 = CARTESIAN_POINT('',(16.372493326814,22.151694075991,
    72.637636373429));
#13761 = CARTESIAN_POINT('',(8.952490799616,17.636060923036,
    54.774460691647));
#13762 = CARTESIAN_POINT('',(16.383376857718,18.099560814858,
    71.091248073095));
#13763 = CARTESIAN_POINT('',(12.190591597504,11.336926277997,
    49.149382303328));
#13764 = CARTESIAN_POINT('',(17.894581572426,15.159787605727,
    68.466053395035));
#13765 = CARTESIAN_POINT('',(17.521605420127,8.834430870605,
    42.870079422223));
#13766 = CARTESIAN_POINT('',(20.382537854724,13.991886081295,
    65.53553556662));
#13767 = CARTESIAN_POINT('',(23.380932940328,10.243686221019,
    37.544771435276));
#13768 = CARTESIAN_POINT('',(23.117055377865,14.649578186218,
    63.050242167889));
#13769 = CARTESIAN_POINT('',(28.350161587516,14.614708008697,
    34.231886340701));
#13770 = CARTESIAN_POINT('',(25.436168410083,16.689511204337,
    61.504136012923));
#13771 = CARTESIAN_POINT('',(31.529457096964,20.466695435494,
    33.270127626081));
#13772 = CARTESIAN_POINT('',(26.919929004082,19.420603144244,
    61.055288248537));
#13773 = CARTESIAN_POINT('',(32.63822508508,26.318680702201,
    34.37889561421));
#13774 = CARTESIAN_POINT('',(27.437385227877,22.15169407605,
    61.572744472342));
#13775 = ADVANCED_FACE('',(#13776),#13794,.T.);
#13776 = FACE_BOUND('',#13777,.T.);
#13777 = EDGE_LOOP('',(#13778,#13779,#13787,#13793));
#13778 = ORIENTED_EDGE('',*,*,#10006,.T.);
#13779 = ORIENTED_EDGE('',*,*,#13780,.T.);
#13780 = EDGE_CURVE('',#10007,#13781,#13783,.T.);
#13781 = VERTEX_POINT('',#13782);
#13782 = CARTESIAN_POINT('',(60.544744817513,-18.33954491456,
    12.682510302624));
#13783 = LINE('',#13784,#13785);
#13784 = CARTESIAN_POINT('',(58.800524890063,-21.18902610211,
    13.346955288911));
#13785 = VECTOR('',#13786,1.);
#13786 = DIRECTION('',(0.512047039647,0.836516303738,-0.195059741539));
#13787 = ORIENTED_EDGE('',*,*,#13788,.T.);
#13788 = EDGE_CURVE('',#13781,#10043,#13789,.T.);
#13789 = LINE('',#13790,#13791);
#13790 = CARTESIAN_POINT('',(60.544744817513,-18.33954491456,
    12.682510302624));
#13791 = VECTOR('',#13792,1.);
#13792 = DIRECTION('',(-0.195059741539,0.836516303738,0.512047039647));
#13793 = ORIENTED_EDGE('',*,*,#10049,.T.);
#13794 = PLANE('',#13795);
#13795 = AXIS2_PLACEMENT_3D('',#13796,#13797,#13798);
#13796 = CARTESIAN_POINT('',(58.136079903777,-18.33954491456,
    15.091175216361));
#13797 = DIRECTION('',(0.683012701892,-0.258819045103,0.683012701892));
#13798 = DIRECTION('',(0.707106781187,0.,-0.707106781187));
#13799 = ADVANCED_FACE('',(#13800),#13810,.T.);
#13800 = FACE_BOUND('',#13801,.T.);
#13801 = EDGE_LOOP('',(#13802,#13803,#13809));
#13802 = ORIENTED_EDGE('',*,*,#13788,.F.);
#13803 = ORIENTED_EDGE('',*,*,#13804,.T.);
#13804 = EDGE_CURVE('',#13781,#10021,#13805,.T.);
#13805 = LINE('',#13806,#13807);
#13806 = CARTESIAN_POINT('',(60.544744817513,-18.33954491456,
    12.682510302624));
#13807 = VECTOR('',#13808,1.);
#13808 = DIRECTION('',(0.683012701892,-0.258819045103,0.683012701892));
#13809 = ORIENTED_EDGE('',*,*,#10042,.F.);
#13810 = PLANE('',#13811);
#13811 = AXIS2_PLACEMENT_3D('',#13812,#13813,#13814);
#13812 = CARTESIAN_POINT('',(60.544744817513,-18.33954491456,
    12.682510302624));
#13813 = DIRECTION('',(-0.703878786642,-0.482962913145,0.52086608475));
#13814 = DIRECTION('',(-0.195059741539,0.836516303738,0.512047039647));
#13815 = ADVANCED_FACE('',(#13816,#13819),#13869,.F.);
#13816 = FACE_BOUND('',#13817,.F.);
#13817 = EDGE_LOOP('',(#13818));
#13818 = ORIENTED_EDGE('',*,*,#10034,.T.);
#13819 = FACE_BOUND('',#13820,.F.);
#13820 = EDGE_LOOP('',(#13821,#13831,#13839,#13847,#13855,#13863));
#13821 = ORIENTED_EDGE('',*,*,#13822,.F.);
#13822 = EDGE_CURVE('',#13823,#13825,#13827,.T.);
#13823 = VERTEX_POINT('',#13824);
#13824 = CARTESIAN_POINT('',(57.608237457869,-15.54182753602,
    16.97199768419));
#13825 = VERTEX_POINT('',#13826);
#13826 = CARTESIAN_POINT('',(55.864017530418,-18.39130872358,
    17.636442670476));
#13827 = LINE('',#13828,#13829);
#13828 = CARTESIAN_POINT('',(57.172182476006,-16.25419783291,
    17.138108930762));
#13829 = VECTOR('',#13830,1.);
#13830 = DIRECTION('',(-0.512047039647,-0.836516303738,0.195059741539));
#13831 = ORIENTED_EDGE('',*,*,#13832,.F.);
#13832 = EDGE_CURVE('',#13833,#13823,#13835,.T.);
#13833 = VERTEX_POINT('',#13834);
#13834 = CARTESIAN_POINT('',(60.016902371605,-15.54182753602,
    14.563332770453));
#13835 = LINE('',#13836,#13837);
#13836 = CARTESIAN_POINT('',(59.414736143171,-15.54182753602,
    15.165498998888));
#13837 = VECTOR('',#13838,1.);
#13838 = DIRECTION('',(-0.707106781187,0.,0.707106781187));
#13839 = ORIENTED_EDGE('',*,*,#13840,.F.);
#13840 = EDGE_CURVE('',#13841,#13833,#13843,.T.);
#13841 = VERTEX_POINT('',#13842);
#13842 = CARTESIAN_POINT('',(60.681347357892,-18.39130872358,
    12.819112843003));
#13843 = LINE('',#13844,#13845);
#13844 = CARTESIAN_POINT('',(60.51523611132,-17.67893842669,
    13.255167824865));
#13845 = VECTOR('',#13846,1.);
#13846 = DIRECTION('',(-0.195059741539,0.836516303738,0.512047039647));
#13847 = ORIENTED_EDGE('',*,*,#13848,.F.);
#13848 = EDGE_CURVE('',#13849,#13841,#13851,.T.);
#13849 = VERTEX_POINT('',#13850);
#13850 = CARTESIAN_POINT('',(58.937127430441,-21.24078991113,
    13.483557829289));
#13851 = LINE('',#13852,#13853);
#13852 = CARTESIAN_POINT('',(59.373182412304,-20.52841961424,
    13.317446582718));
#13853 = VECTOR('',#13854,1.);
#13854 = DIRECTION('',(0.512047039647,0.836516303738,-0.195059741539));
#13855 = ORIENTED_EDGE('',*,*,#13856,.F.);
#13856 = EDGE_CURVE('',#13857,#13849,#13859,.T.);
#13857 = VERTEX_POINT('',#13858);
#13858 = CARTESIAN_POINT('',(56.528462516705,-21.24078991113,
    15.892222743026));
#13859 = LINE('',#13860,#13861);
#13860 = CARTESIAN_POINT('',(57.130628745139,-21.24078991113,
    15.290056514592));
#13861 = VECTOR('',#13862,1.);
#13862 = DIRECTION('',(0.707106781187,0.,-0.707106781187));
#13863 = ORIENTED_EDGE('',*,*,#13864,.F.);
#13864 = EDGE_CURVE('',#13825,#13857,#13865,.T.);
#13865 = LINE('',#13866,#13867);
#13866 = CARTESIAN_POINT('',(56.03012877699,-19.10367902046,
    17.200387688614));
#13867 = VECTOR('',#13868,1.);
#13868 = DIRECTION('',(0.195059741539,-0.836516303738,-0.512047039647));
#13869 = PLANE('',#13870);
#13870 = AXIS2_PLACEMENT_3D('',#13871,#13872,#13873);
#13871 = CARTESIAN_POINT('',(58.272682444155,-18.39130872358,
    15.22777775674));
#13872 = DIRECTION('',(0.683012701892,-0.258819045103,0.683012701892));
#13873 = DIRECTION('',(0.707106781187,0.,-0.707106781187));
#13874 = ADVANCED_FACE('',(#13875),#13880,.T.);
#13875 = FACE_BOUND('',#13876,.T.);
#13876 = EDGE_LOOP('',(#13877,#13878,#13879));
#13877 = ORIENTED_EDGE('',*,*,#13780,.F.);
#13878 = ORIENTED_EDGE('',*,*,#10020,.F.);
#13879 = ORIENTED_EDGE('',*,*,#13804,.F.);
#13880 = PLANE('',#13881);
#13881 = AXIS2_PLACEMENT_3D('',#13882,#13883,#13884);
#13882 = CARTESIAN_POINT('',(58.800524890063,-21.18902610211,
    13.346955288911));
#13883 = DIRECTION('',(-0.52086608475,0.482962913145,0.703878786642));
#13884 = DIRECTION('',(0.512047039647,0.836516303738,-0.195059741539));
#13885 = ADVANCED_FACE('',(#13886),#13904,.T.);
#13886 = FACE_BOUND('',#13887,.T.);
#13887 = EDGE_LOOP('',(#13888,#13896,#13902,#13903));
#13888 = ORIENTED_EDGE('',*,*,#13889,.T.);
#13889 = EDGE_CURVE('',#10192,#13890,#13892,.T.);
#13890 = VERTEX_POINT('',#13891);
#13891 = CARTESIAN_POINT('',(68.231278296987,22.229339789581,
    20.369043782098));
#13892 = LINE('',#13893,#13894);
#13893 = CARTESIAN_POINT('',(66.487058369536,19.379858602028,
    21.033488768384));
#13894 = VECTOR('',#13895,1.);
#13895 = DIRECTION('',(0.512047039647,0.836516303738,-0.195059741539));
#13896 = ORIENTED_EDGE('',*,*,#13897,.T.);
#13897 = EDGE_CURVE('',#13890,#10228,#13898,.T.);
#13898 = LINE('',#13899,#13900);
#13899 = CARTESIAN_POINT('',(68.231278296987,22.229339789581,
    20.369043782098));
#13900 = VECTOR('',#13901,1.);
#13901 = DIRECTION('',(-0.195059741539,0.836516303738,0.512047039647));
#13902 = ORIENTED_EDGE('',*,*,#10234,.T.);
#13903 = ORIENTED_EDGE('',*,*,#10191,.T.);
#13904 = PLANE('',#13905);
#13905 = AXIS2_PLACEMENT_3D('',#13906,#13907,#13908);
#13906 = CARTESIAN_POINT('',(65.82261338325,22.229339789581,
    22.777708695834));
#13907 = DIRECTION('',(0.683012701892,-0.258819045103,0.683012701892));
#13908 = DIRECTION('',(0.707106781187,0.,-0.707106781187));
#13909 = ADVANCED_FACE('',(#13910),#13920,.T.);
#13910 = FACE_BOUND('',#13911,.T.);
#13911 = EDGE_LOOP('',(#13912,#13913,#13919));
#13912 = ORIENTED_EDGE('',*,*,#13897,.F.);
#13913 = ORIENTED_EDGE('',*,*,#13914,.T.);
#13914 = EDGE_CURVE('',#13890,#10206,#13915,.T.);
#13915 = LINE('',#13916,#13917);
#13916 = CARTESIAN_POINT('',(68.231278296987,22.229339789581,
    20.369043782098));
#13917 = VECTOR('',#13918,1.);
#13918 = DIRECTION('',(0.683012701892,-0.258819045103,0.683012701892));
#13919 = ORIENTED_EDGE('',*,*,#10227,.F.);
#13920 = PLANE('',#13921);
#13921 = AXIS2_PLACEMENT_3D('',#13922,#13923,#13924);
#13922 = CARTESIAN_POINT('',(68.231278296987,22.229339789581,
    20.369043782098));
#13923 = DIRECTION('',(-0.703878786642,-0.482962913145,0.52086608475));
#13924 = DIRECTION('',(-0.195059741539,0.836516303738,0.512047039647));
#13925 = ADVANCED_FACE('',(#13926,#13929),#13979,.F.);
#13926 = FACE_BOUND('',#13927,.F.);
#13927 = EDGE_LOOP('',(#13928));
#13928 = ORIENTED_EDGE('',*,*,#10219,.T.);
#13929 = FACE_BOUND('',#13930,.F.);
#13930 = EDGE_LOOP('',(#13931,#13941,#13949,#13957,#13965,#13973));
#13931 = ORIENTED_EDGE('',*,*,#13932,.F.);
#13932 = EDGE_CURVE('',#13933,#13935,#13937,.T.);
#13933 = VERTEX_POINT('',#13934);
#13934 = CARTESIAN_POINT('',(68.367880837365,22.177575980561,
    20.505646322476));
#13935 = VERTEX_POINT('',#13936);
#13936 = CARTESIAN_POINT('',(67.703435851079,25.027057168113,
    22.249866249927));
#13937 = LINE('',#13938,#13939);
#13938 = CARTESIAN_POINT('',(68.201769590793,22.889946277449,
    20.941701304339));
#13939 = VECTOR('',#13940,1.);
#13940 = DIRECTION('',(-0.195059741539,0.836516303738,0.512047039647));
#13941 = ORIENTED_EDGE('',*,*,#13942,.F.);
#13942 = EDGE_CURVE('',#13943,#13933,#13945,.T.);
#13943 = VERTEX_POINT('',#13944);
#13944 = CARTESIAN_POINT('',(66.623660909915,19.328094793008,
    21.170091308762));
#13945 = LINE('',#13946,#13947);
#13946 = CARTESIAN_POINT('',(67.059715891777,20.040465089896,
    21.003980062191));
#13947 = VECTOR('',#13948,1.);
#13948 = DIRECTION('',(0.512047039647,0.836516303738,-0.195059741539));
#13949 = ORIENTED_EDGE('',*,*,#13950,.F.);
#13950 = EDGE_CURVE('',#13951,#13943,#13953,.T.);
#13951 = VERTEX_POINT('',#13952);
#13952 = CARTESIAN_POINT('',(64.214995996178,19.328094793008,
    23.578756222499));
#13953 = LINE('',#13954,#13955);
#13954 = CARTESIAN_POINT('',(64.817162224612,19.328094793008,
    22.976589994065));
#13955 = VECTOR('',#13956,1.);
#13956 = DIRECTION('',(0.707106781187,0.,-0.707106781187));
#13957 = ORIENTED_EDGE('',*,*,#13958,.F.);
#13958 = EDGE_CURVE('',#13959,#13951,#13961,.T.);
#13959 = VERTEX_POINT('',#13960);
#13960 = CARTESIAN_POINT('',(63.550551009891,22.177575980561,
    25.32297614995));
#13961 = LINE('',#13962,#13963);
#13962 = CARTESIAN_POINT('',(63.716662256463,21.465205683672,
    24.886921168087));
#13963 = VECTOR('',#13964,1.);
#13964 = DIRECTION('',(0.195059741539,-0.836516303738,-0.512047039647));
#13965 = ORIENTED_EDGE('',*,*,#13966,.F.);
#13966 = EDGE_CURVE('',#13967,#13959,#13969,.T.);
#13967 = VERTEX_POINT('',#13968);
#13968 = CARTESIAN_POINT('',(65.294770937342,25.027057168113,
    24.658531163663));
#13969 = LINE('',#13970,#13971);
#13970 = CARTESIAN_POINT('',(64.858715955479,24.314686871225,
    24.824642410235));
#13971 = VECTOR('',#13972,1.);
#13972 = DIRECTION('',(-0.512047039647,-0.836516303738,0.195059741539));
#13973 = ORIENTED_EDGE('',*,*,#13974,.F.);
#13974 = EDGE_CURVE('',#13935,#13967,#13975,.T.);
#13975 = LINE('',#13976,#13977);
#13976 = CARTESIAN_POINT('',(67.101269622645,25.027057168113,
    22.852032478361));
#13977 = VECTOR('',#13978,1.);
#13978 = DIRECTION('',(-0.707106781187,0.,0.707106781187));
#13979 = PLANE('',#13980);
#13980 = AXIS2_PLACEMENT_3D('',#13981,#13982,#13983);
#13981 = CARTESIAN_POINT('',(65.959215923628,22.177575980561,
    22.914311236213));
#13982 = DIRECTION('',(0.683012701892,-0.258819045103,0.683012701892));
#13983 = DIRECTION('',(0.707106781187,0.,-0.707106781187));
#13984 = ADVANCED_FACE('',(#13985),#13990,.T.);
#13985 = FACE_BOUND('',#13986,.T.);
#13986 = EDGE_LOOP('',(#13987,#13988,#13989));
#13987 = ORIENTED_EDGE('',*,*,#13889,.F.);
#13988 = ORIENTED_EDGE('',*,*,#10205,.F.);
#13989 = ORIENTED_EDGE('',*,*,#13914,.F.);
#13990 = PLANE('',#13991);
#13991 = AXIS2_PLACEMENT_3D('',#13992,#13993,#13994);
#13992 = CARTESIAN_POINT('',(66.487058369536,19.379858602028,
    21.033488768384));
#13993 = DIRECTION('',(-0.52086608475,0.482962913145,0.703878786642));
#13994 = DIRECTION('',(0.512047039647,0.836516303738,-0.195059741539));
#13995 = ADVANCED_FACE('',(#13996),#14007,.F.);
#13996 = FACE_BOUND('',#13997,.F.);
#13997 = EDGE_LOOP('',(#13998,#14004,#14005,#14006));
#13998 = ORIENTED_EDGE('',*,*,#13999,.T.);
#13999 = EDGE_CURVE('',#10555,#10666,#14000,.T.);
#14000 = LINE('',#14001,#14002);
#14001 = CARTESIAN_POINT('',(-1.,-49.,29.873358543988));
#14002 = VECTOR('',#14003,1.);
#14003 = DIRECTION('',(1.,0.,-2.22044604925E-16));
#14004 = ORIENTED_EDGE('',*,*,#10673,.F.);
#14005 = ORIENTED_EDGE('',*,*,#13999,.F.);
#14006 = ORIENTED_EDGE('',*,*,#10554,.T.);
#14007 = CYLINDRICAL_SURFACE('',#14008,2.3);
#14008 = AXIS2_PLACEMENT_3D('',#14009,#14010,#14011);
#14009 = CARTESIAN_POINT('',(-1.,-49.,32.173358543988));
#14010 = DIRECTION('',(1.,0.,-2.22044604925E-16));
#14011 = DIRECTION('',(-2.22044604925E-16,0.,-1.));
#14012 = ADVANCED_FACE('',(#14013),#14028,.T.);
#14013 = FACE_BOUND('',#14014,.T.);
#14014 = EDGE_LOOP('',(#14015,#14016,#14017,#14018,#14024,#14025,#14026,
    #14027));
#14015 = ORIENTED_EDGE('',*,*,#10767,.T.);
#14016 = ORIENTED_EDGE('',*,*,#10808,.F.);
#14017 = ORIENTED_EDGE('',*,*,#11017,.T.);
#14018 = ORIENTED_EDGE('',*,*,#14019,.T.);
#14019 = EDGE_CURVE('',#11018,#11032,#14020,.T.);
#14020 = LINE('',#14021,#14022);
#14021 = CARTESIAN_POINT('',(-21.67200129042,-246.8744757826,
    17.961898680204));
#14022 = VECTOR('',#14023,1.);
#14023 = DIRECTION('',(0.183012701892,0.965925826289,0.183012701892));
#14024 = ORIENTED_EDGE('',*,*,#11031,.T.);
#14025 = ORIENTED_EDGE('',*,*,#12582,.F.);
#14026 = ORIENTED_EDGE('',*,*,#12525,.T.);
#14027 = ORIENTED_EDGE('',*,*,#10846,.T.);
#14028 = PLANE('',#14029);
#14029 = AXIS2_PLACEMENT_3D('',#14030,#14031,#14032);
#14030 = CARTESIAN_POINT('',(19.567437737232,-9.096136382768,
    61.052428187781));
#14031 = DIRECTION('',(-0.455918227947,-8.153982379808E-02,
    0.886278639346));
#14032 = DIRECTION('',(-0.889239732605,-3.469446951954E-18,
    -0.457441469433));
#14033 = ADVANCED_FACE('',(#14034),#14053,.F.);
#14034 = FACE_BOUND('',#14035,.F.);
#14035 = EDGE_LOOP('',(#14036,#14045,#14051,#14052));
#14036 = ORIENTED_EDGE('',*,*,#14037,.T.);
#14037 = EDGE_CURVE('',#14038,#14038,#14040,.T.);
#14038 = VERTEX_POINT('',#14039);
#14039 = CARTESIAN_POINT('',(18.273993579866,-19.09012014535,
    58.914735211247));
#14040 = CIRCLE('',#14041,1.7);
#14041 = AXIS2_PLACEMENT_3D('',#14042,#14043,#14044);
#14042 = CARTESIAN_POINT('',(17.071912051849,-19.09012014535,
    60.116816739264));
#14043 = DIRECTION('',(0.683012701892,-0.258819045103,0.683012701892));
#14044 = DIRECTION('',(0.707106781187,0.,-0.707106781187));
#14045 = ORIENTED_EDGE('',*,*,#14046,.T.);
#14046 = EDGE_CURVE('',#14038,#11001,#14047,.T.);
#14047 = LINE('',#14048,#14049);
#14048 = CARTESIAN_POINT('',(16.020051663621,-18.23601729651,
    56.660793295003));
#14049 = VECTOR('',#14050,1.);
#14050 = DIRECTION('',(0.683012701892,-0.258819045103,0.683012701892));
#14051 = ORIENTED_EDGE('',*,*,#11000,.F.);
#14052 = ORIENTED_EDGE('',*,*,#14046,.F.);
#14053 = CYLINDRICAL_SURFACE('',#14054,1.7);
#14054 = AXIS2_PLACEMENT_3D('',#14055,#14056,#14057);
#14055 = CARTESIAN_POINT('',(14.817970135604,-18.23601729651,
    57.86287482302));
#14056 = DIRECTION('',(0.683012701892,-0.258819045103,0.683012701892));
#14057 = DIRECTION('',(0.707106781187,0.,-0.707106781187));
#14058 = ADVANCED_FACE('',(#14059),#14078,.F.);
#14059 = FACE_BOUND('',#14060,.F.);
#14060 = EDGE_LOOP('',(#14061,#14070,#14071));
#14061 = ORIENTED_EDGE('',*,*,#14062,.F.);
#14062 = EDGE_CURVE('',#11049,#14063,#14065,.T.);
#14063 = VERTEX_POINT('',#14064);
#14064 = CARTESIAN_POINT('',(22.361657979262,-15.95508153309,
    61.858787193305));
#14065 = PARABOLA('',#14066,2.65165042945);
#14066 = AXIS2_PLACEMENT_3D('',#14067,#14068,#14069);
#14067 = CARTESIAN_POINT('',(21.601847411502,-19.80187251938,
    59.343451240018));
#14068 = DIRECTION('',(-0.982962913145,0.183012701892,1.703708685547E-02
    ));
#14069 = DIRECTION('',(-1.703708685547E-02,-0.183012701892,
    0.982962913145));
#14070 = ORIENTED_EDGE('',*,*,#11056,.T.);
#14071 = ORIENTED_EDGE('',*,*,#14072,.T.);
#14072 = EDGE_CURVE('',#11018,#14063,#14073,.T.);
#14073 = HYPERBOLA('',#14074,1.008624865595,0.90298260294);
#14074 = AXIS2_PLACEMENT_3D('',#14075,#14076,#14077);
#14075 = CARTESIAN_POINT('',(17.282822023446,-18.91354419407,
    58.973953575987));
#14076 = DIRECTION('',(-0.455918227947,-8.153982379808E-02,
    0.886278639346));
#14077 = DIRECTION('',(0.871002250498,-0.245639075155,0.425460367585));
#14078 = CONICAL_SURFACE('',#14079,4.7,0.785398163397);
#14079 = AXIS2_PLACEMENT_3D('',#14080,#14081,#14082);
#14080 = CARTESIAN_POINT('',(19.59905904885,-20.04775061223,
    62.643963736265));
#14081 = DIRECTION('',(0.683012701892,-0.258819045103,0.683012701892));
#14082 = DIRECTION('',(0.707106781187,0.,-0.707106781187));
#14083 = ADVANCED_FACE('',(#14084),#14103,.F.);
#14084 = FACE_BOUND('',#14085,.F.);
#14085 = EDGE_LOOP('',(#14086,#14095,#14096,#14097));
#14086 = ORIENTED_EDGE('',*,*,#14087,.T.);
#14087 = EDGE_CURVE('',#14088,#11040,#14090,.T.);
#14088 = VERTEX_POINT('',#14089);
#14089 = CARTESIAN_POINT('',(28.468752246275,16.277654310367,
    67.965881460319));
#14090 = PARABOLA('',#14091,2.65165042945);
#14091 = AXIS2_PLACEMENT_3D('',#14092,#14093,#14094);
#14092 = CARTESIAN_POINT('',(29.288380890975,20.767012184752,
    67.029984719491));
#14093 = DIRECTION('',(-0.982962913145,0.183012701892,1.703708685547E-02
    ));
#14094 = DIRECTION('',(-1.703708685547E-02,-0.183012701892,
    0.982962913145));
#14095 = ORIENTED_EDGE('',*,*,#11048,.T.);
#14096 = ORIENTED_EDGE('',*,*,#14062,.T.);
#14097 = ORIENTED_EDGE('',*,*,#14098,.F.);
#14098 = EDGE_CURVE('',#14088,#14063,#14099,.T.);
#14099 = LINE('',#14100,#14101);
#14100 = CARTESIAN_POINT('',(24.371427736158,-5.347683833323,
    63.868556950202));
#14101 = VECTOR('',#14102,1.);
#14102 = DIRECTION('',(-0.183012701892,-0.965925826289,-0.183012701892)
  );
#14103 = PLANE('',#14104);
#14104 = AXIS2_PLACEMENT_3D('',#14105,#14106,#14107);
#14105 = CARTESIAN_POINT('',(25.234050708418,-1.096677571107,
    67.973616021817));
#14106 = DIRECTION('',(-0.982962913145,0.183012701892,1.703708685547E-02
    ));
#14107 = DIRECTION('',(-1.703708685547E-02,-0.183012701892,
    0.982962913145));
#14108 = ADVANCED_FACE('',(#14109),#14120,.F.);
#14109 = FACE_BOUND('',#14110,.F.);
#14110 = EDGE_LOOP('',(#14111,#14112,#14113));
#14111 = ORIENTED_EDGE('',*,*,#11039,.T.);
#14112 = ORIENTED_EDGE('',*,*,#14087,.F.);
#14113 = ORIENTED_EDGE('',*,*,#14114,.T.);
#14114 = EDGE_CURVE('',#14088,#11032,#14115,.T.);
#14115 = HYPERBOLA('',#14116,1.008624865595,0.90298260294);
#14116 = AXIS2_PLACEMENT_3D('',#14117,#14118,#14119);
#14117 = CARTESIAN_POINT('',(24.96935550292,21.655340510067,
    66.66048705546));
#14118 = DIRECTION('',(-0.455918227947,-8.153982379808E-02,
    0.886278639346));
#14119 = DIRECTION('',(0.871002250498,-0.245639075155,0.425460367585));
#14120 = CONICAL_SURFACE('',#14121,4.7,0.785398163397);
#14121 = AXIS2_PLACEMENT_3D('',#14122,#14123,#14124);
#14122 = CARTESIAN_POINT('',(27.285592528323,20.521134091904,
    70.330497215738));
#14123 = DIRECTION('',(0.683012701892,-0.258819045103,0.683012701892));
#14124 = DIRECTION('',(0.707106781187,0.,-0.707106781187));
#14125 = ADVANCED_FACE('',(#14126),#14137,.T.);
#14126 = FACE_BOUND('',#14127,.T.);
#14127 = EDGE_LOOP('',(#14128,#14129,#14135,#14136));
#14128 = ORIENTED_EDGE('',*,*,#11123,.F.);
#14129 = ORIENTED_EDGE('',*,*,#14130,.T.);
#14130 = EDGE_CURVE('',#11114,#11186,#14131,.T.);
#14131 = LINE('',#14132,#14133);
#14132 = CARTESIAN_POINT('',(22.425915113824,-24.61889733607,
    54.298532658491));
#14133 = VECTOR('',#14134,1.);
#14134 = DIRECTION('',(0.183012701892,0.965925826289,0.183012701892));
#14135 = ORIENTED_EDGE('',*,*,#11212,.T.);
#14136 = ORIENTED_EDGE('',*,*,#11091,.F.);
#14137 = PLANE('',#14138);
#14138 = AXIS2_PLACEMENT_3D('',#14139,#14140,#14141);
#14139 = CARTESIAN_POINT('',(21.059889710039,-24.10125924587,
    52.932507254707));
#14140 = DIRECTION('',(0.707106781187,0.,-0.707106781187));
#14141 = DIRECTION('',(0.683012701892,-0.258819045103,0.683012701892));
#14142 = ADVANCED_FACE('',(#14143),#14168,.F.);
#14143 = FACE_BOUND('',#14144,.F.);
#14144 = EDGE_LOOP('',(#14145,#14153,#14154,#14162));
#14145 = ORIENTED_EDGE('',*,*,#14146,.F.);
#14146 = EDGE_CURVE('',#11138,#14147,#14149,.T.);
#14147 = VERTEX_POINT('',#14148);
#14148 = CARTESIAN_POINT('',(21.837707169344,-24.10125924587,
    52.154689795402));
#14149 = LINE('',#14150,#14151);
#14150 = CARTESIAN_POINT('',(17.524355804106,-24.10125924587,
    56.46804116064));
#14151 = VECTOR('',#14152,1.);
#14152 = DIRECTION('',(0.707106781187,0.,-0.707106781187));
#14153 = ORIENTED_EDGE('',*,*,#11137,.T.);
#14154 = ORIENTED_EDGE('',*,*,#14155,.T.);
#14155 = EDGE_CURVE('',#11114,#14156,#14158,.T.);
#14156 = VERTEX_POINT('',#14157);
#14157 = CARTESIAN_POINT('',(23.203732573129,-24.61889733607,
    53.520715199186));
#14158 = LINE('',#14159,#14160);
#14159 = CARTESIAN_POINT('',(18.890381207891,-24.61889733607,
    57.834066564424));
#14160 = VECTOR('',#14161,1.);
#14161 = DIRECTION('',(0.707106781187,0.,-0.707106781187));
#14162 = ORIENTED_EDGE('',*,*,#14163,.F.);
#14163 = EDGE_CURVE('',#14147,#14156,#14164,.T.);
#14164 = LINE('',#14165,#14166);
#14165 = CARTESIAN_POINT('',(21.837707169344,-24.10125924587,
    52.154689795402));
#14166 = VECTOR('',#14167,1.);
#14167 = DIRECTION('',(0.683012701892,-0.258819045103,0.683012701892));
#14168 = PLANE('',#14169);
#14169 = AXIS2_PLACEMENT_3D('',#14170,#14171,#14172);
#14170 = CARTESIAN_POINT('',(17.524355804106,-24.10125924587,
    56.46804116064));
#14171 = DIRECTION('',(0.183012701892,0.965925826289,0.183012701892));
#14172 = DIRECTION('',(0.683012701892,-0.258819045103,0.683012701892));
#14173 = ADVANCED_FACE('',(#14174),#14192,.F.);
#14174 = FACE_BOUND('',#14175,.F.);
#14175 = EDGE_LOOP('',(#14176,#14177,#14178,#14186));
#14176 = ORIENTED_EDGE('',*,*,#11163,.F.);
#14177 = ORIENTED_EDGE('',*,*,#14146,.T.);
#14178 = ORIENTED_EDGE('',*,*,#14179,.T.);
#14179 = EDGE_CURVE('',#14147,#14180,#14182,.T.);
#14180 = VERTEX_POINT('',#14181);
#14181 = CARTESIAN_POINT('',(26.355807259505,-0.255102570826,
    56.672789885562));
#14182 = LINE('',#14183,#14184);
#14183 = CARTESIAN_POINT('',(21.837707169344,-24.10125924587,
    52.154689795402));
#14184 = VECTOR('',#14185,1.);
#14185 = DIRECTION('',(0.183012701892,0.965925826289,0.183012701892));
#14186 = ORIENTED_EDGE('',*,*,#14187,.F.);
#14187 = EDGE_CURVE('',#11164,#14180,#14188,.T.);
#14188 = LINE('',#14189,#14190);
#14189 = CARTESIAN_POINT('',(22.042455894267,-0.255102570826,
    60.9861412508));
#14190 = VECTOR('',#14191,1.);
#14191 = DIRECTION('',(0.707106781187,0.,-0.707106781187));
#14192 = PLANE('',#14193);
#14193 = AXIS2_PLACEMENT_3D('',#14194,#14195,#14196);
#14194 = CARTESIAN_POINT('',(17.524355804106,-24.10125924587,
    56.46804116064));
#14195 = DIRECTION('',(0.683012701892,-0.258819045103,0.683012701892));
#14196 = DIRECTION('',(0.707106781187,0.,-0.707106781187));
#14197 = ADVANCED_FACE('',(#14198),#14216,.T.);
#14198 = FACE_BOUND('',#14199,.T.);
#14199 = EDGE_LOOP('',(#14200,#14201,#14202,#14210));
#14200 = ORIENTED_EDGE('',*,*,#14187,.F.);
#14201 = ORIENTED_EDGE('',*,*,#11185,.T.);
#14202 = ORIENTED_EDGE('',*,*,#14203,.T.);
#14203 = EDGE_CURVE('',#11186,#14204,#14206,.T.);
#14204 = VERTEX_POINT('',#14205);
#14205 = CARTESIAN_POINT('',(27.721832663289,-0.772740661031,
    58.038815289347));
#14206 = LINE('',#14207,#14208);
#14207 = CARTESIAN_POINT('',(23.408481298051,-0.772740661031,
    62.352166654585));
#14208 = VECTOR('',#14209,1.);
#14209 = DIRECTION('',(0.707106781187,0.,-0.707106781187));
#14210 = ORIENTED_EDGE('',*,*,#14211,.F.);
#14211 = EDGE_CURVE('',#14180,#14204,#14212,.T.);
#14212 = LINE('',#14213,#14214);
#14213 = CARTESIAN_POINT('',(26.355807259505,-0.255102570826,
    56.672789885562));
#14214 = VECTOR('',#14215,1.);
#14215 = DIRECTION('',(0.683012701892,-0.258819045103,0.683012701892));
#14216 = PLANE('',#14217);
#14217 = AXIS2_PLACEMENT_3D('',#14218,#14219,#14220);
#14218 = CARTESIAN_POINT('',(22.042455894267,-0.255102570826,
    60.9861412508));
#14219 = DIRECTION('',(0.183012701892,0.965925826289,0.183012701892));
#14220 = DIRECTION('',(0.683012701892,-0.258819045103,0.683012701892));
#14221 = ADVANCED_FACE('',(#14222),#14233,.T.);
#14222 = FACE_BOUND('',#14223,.T.);
#14223 = EDGE_LOOP('',(#14224,#14225,#14231,#14232));
#14224 = ORIENTED_EDGE('',*,*,#11243,.F.);
#14225 = ORIENTED_EDGE('',*,*,#14226,.T.);
#14226 = EDGE_CURVE('',#11227,#11306,#14227,.T.);
#14227 = LINE('',#14228,#14229);
#14228 = CARTESIAN_POINT('',(31.080102266748,21.057183013102,
    62.952719811416));
#14229 = VECTOR('',#14230,1.);
#14230 = DIRECTION('',(0.183012701892,0.965925826289,0.183012701892));
#14231 = ORIENTED_EDGE('',*,*,#11339,.T.);
#14232 = ORIENTED_EDGE('',*,*,#12481,.F.);
#14233 = PLANE('',#14234);
#14234 = AXIS2_PLACEMENT_3D('',#14235,#14236,#14237);
#14235 = CARTESIAN_POINT('',(29.714076862964,21.574821103307,
    61.586694407632));
#14236 = DIRECTION('',(0.707106781187,0.,-0.707106781187));
#14237 = DIRECTION('',(0.683012701892,-0.258819045103,0.683012701892));
#14238 = ADVANCED_FACE('',(#14239),#14264,.F.);
#14239 = FACE_BOUND('',#14240,.F.);
#14240 = EDGE_LOOP('',(#14241,#14249,#14250,#14258));
#14241 = ORIENTED_EDGE('',*,*,#14242,.F.);
#14242 = EDGE_CURVE('',#11258,#14243,#14245,.T.);
#14243 = VERTEX_POINT('',#14244);
#14244 = CARTESIAN_POINT('',(30.491894322269,21.574821103307,
    60.808876948326));
#14245 = LINE('',#14246,#14247);
#14246 = CARTESIAN_POINT('',(26.178542957031,21.574821103307,
    65.122228313564));
#14247 = VECTOR('',#14248,1.);
#14248 = DIRECTION('',(0.707106781187,0.,-0.707106781187));
#14249 = ORIENTED_EDGE('',*,*,#11257,.T.);
#14250 = ORIENTED_EDGE('',*,*,#14251,.T.);
#14251 = EDGE_CURVE('',#11227,#14252,#14254,.T.);
#14252 = VERTEX_POINT('',#14253);
#14253 = CARTESIAN_POINT('',(31.857919726053,21.057183013102,
    62.174902352111));
#14254 = LINE('',#14255,#14256);
#14255 = CARTESIAN_POINT('',(27.544568360815,21.057183013102,
    66.488253717349));
#14256 = VECTOR('',#14257,1.);
#14257 = DIRECTION('',(0.707106781187,0.,-0.707106781187));
#14258 = ORIENTED_EDGE('',*,*,#14259,.F.);
#14259 = EDGE_CURVE('',#14243,#14252,#14260,.T.);
#14260 = LINE('',#14261,#14262);
#14261 = CARTESIAN_POINT('',(30.491894322269,21.574821103307,
    60.808876948326));
#14262 = VECTOR('',#14263,1.);
#14263 = DIRECTION('',(0.683012701892,-0.258819045103,0.683012701892));
#14264 = PLANE('',#14265);
#14265 = AXIS2_PLACEMENT_3D('',#14266,#14267,#14268);
#14266 = CARTESIAN_POINT('',(26.178542957031,21.574821103307,
    65.122228313564));
#14267 = DIRECTION('',(0.183012701892,0.965925826289,0.183012701892));
#14268 = DIRECTION('',(0.683012701892,-0.258819045103,0.683012701892));
#14269 = ADVANCED_FACE('',(#14270),#14288,.F.);
#14270 = FACE_BOUND('',#14271,.F.);
#14271 = EDGE_LOOP('',(#14272,#14273,#14274,#14282));
#14272 = ORIENTED_EDGE('',*,*,#11283,.F.);
#14273 = ORIENTED_EDGE('',*,*,#14242,.T.);
#14274 = ORIENTED_EDGE('',*,*,#14275,.T.);
#14275 = EDGE_CURVE('',#14243,#14276,#14278,.T.);
#14276 = VERTEX_POINT('',#14277);
#14277 = CARTESIAN_POINT('',(31.166727672693,25.13653542628,
    61.48371029875));
#14278 = LINE('',#14279,#14280);
#14279 = CARTESIAN_POINT('',(30.491894322269,21.574821103307,
    60.808876948326));
#14280 = VECTOR('',#14281,1.);
#14281 = DIRECTION('',(0.183012701892,0.965925826289,0.183012701892));
#14282 = ORIENTED_EDGE('',*,*,#14283,.F.);
#14283 = EDGE_CURVE('',#11284,#14276,#14284,.T.);
#14284 = LINE('',#14285,#14286);
#14285 = CARTESIAN_POINT('',(26.853376307455,25.13653542628,
    65.797061663988));
#14286 = VECTOR('',#14287,1.);
#14287 = DIRECTION('',(0.707106781187,0.,-0.707106781187));
#14288 = PLANE('',#14289);
#14289 = AXIS2_PLACEMENT_3D('',#14290,#14291,#14292);
#14290 = CARTESIAN_POINT('',(26.178542957031,21.574821103307,
    65.122228313564));
#14291 = DIRECTION('',(0.683012701892,-0.258819045103,0.683012701892));
#14292 = DIRECTION('',(0.707106781187,0.,-0.707106781187));
#14293 = ADVANCED_FACE('',(#14294),#14312,.T.);
#14294 = FACE_BOUND('',#14295,.T.);
#14295 = EDGE_LOOP('',(#14296,#14297,#14298,#14306));
#14296 = ORIENTED_EDGE('',*,*,#14283,.F.);
#14297 = ORIENTED_EDGE('',*,*,#11305,.T.);
#14298 = ORIENTED_EDGE('',*,*,#14299,.T.);
#14299 = EDGE_CURVE('',#11306,#14300,#14302,.T.);
#14300 = VERTEX_POINT('',#14301);
#14301 = CARTESIAN_POINT('',(32.532753076477,24.618897336075,
    62.849735702535));
#14302 = LINE('',#14303,#14304);
#14303 = CARTESIAN_POINT('',(28.219401711239,24.618897336075,
    67.163087067773));
#14304 = VECTOR('',#14305,1.);
#14305 = DIRECTION('',(0.707106781187,0.,-0.707106781187));
#14306 = ORIENTED_EDGE('',*,*,#14307,.F.);
#14307 = EDGE_CURVE('',#14276,#14300,#14308,.T.);
#14308 = LINE('',#14309,#14310);
#14309 = CARTESIAN_POINT('',(31.166727672693,25.13653542628,
    61.48371029875));
#14310 = VECTOR('',#14311,1.);
#14311 = DIRECTION('',(0.683012701892,-0.258819045103,0.683012701892));
#14312 = PLANE('',#14313);
#14313 = AXIS2_PLACEMENT_3D('',#14314,#14315,#14316);
#14314 = CARTESIAN_POINT('',(26.853376307455,25.13653542628,
    65.797061663988));
#14315 = DIRECTION('',(0.183012701892,0.965925826289,0.183012701892));
#14316 = DIRECTION('',(0.683012701892,-0.258819045103,0.683012701892));
#14317 = ADVANCED_FACE('',(#14318),#14329,.T.);
#14318 = FACE_BOUND('',#14319,.T.);
#14319 = EDGE_LOOP('',(#14320,#14326,#14327,#14328));
#14320 = ORIENTED_EDGE('',*,*,#14321,.T.);
#14321 = EDGE_CURVE('',#11355,#11435,#14322,.T.);
#14322 = LINE('',#14323,#14324);
#14323 = CARTESIAN_POINT('',(47.51776976385,-27.80645256282,
    27.998794175976));
#14324 = VECTOR('',#14325,1.);
#14325 = DIRECTION('',(-0.707106781187,0.,0.707106781187));
#14326 = ORIENTED_EDGE('',*,*,#11458,.T.);
#14327 = ORIENTED_EDGE('',*,*,#11771,.T.);
#14328 = ORIENTED_EDGE('',*,*,#11362,.F.);
#14329 = PLANE('',#14330);
#14330 = AXIS2_PLACEMENT_3D('',#14331,#14332,#14333);
#14331 = CARTESIAN_POINT('',(46.151744360065,-27.28881447262,
    26.632768772192));
#14332 = DIRECTION('',(0.183012701892,0.965925826289,0.183012701892));
#14333 = DIRECTION('',(0.683012701892,-0.258819045103,0.683012701892));
#14334 = ADVANCED_FACE('',(#14335),#14360,.T.);
#14335 = FACE_BOUND('',#14336,.T.);
#14336 = EDGE_LOOP('',(#14337,#14338,#14346,#14354));
#14337 = ORIENTED_EDGE('',*,*,#11393,.F.);
#14338 = ORIENTED_EDGE('',*,*,#14339,.T.);
#14339 = EDGE_CURVE('',#11386,#14340,#14342,.T.);
#14340 = VERTEX_POINT('',#14341);
#14341 = CARTESIAN_POINT('',(50.196426932629,-26.2262960637,
    22.990714143792));
#14342 = LINE('',#14343,#14344);
#14343 = CARTESIAN_POINT('',(49.336267233735,-30.76614744726,
    22.130554444898));
#14344 = VECTOR('',#14345,1.);
#14345 = DIRECTION('',(0.183012701892,0.965925826289,0.183012701892));
#14346 = ORIENTED_EDGE('',*,*,#14347,.T.);
#14347 = EDGE_CURVE('',#14340,#14348,#14350,.T.);
#14348 = VERTEX_POINT('',#14349);
#14349 = CARTESIAN_POINT('',(51.562452336413,-26.74393415391,
    24.356739547576));
#14350 = LINE('',#14351,#14352);
#14351 = CARTESIAN_POINT('',(50.196426932629,-26.2262960637,
    22.990714143792));
#14352 = VECTOR('',#14353,1.);
#14353 = DIRECTION('',(0.683012701892,-0.258819045103,0.683012701892));
#14354 = ORIENTED_EDGE('',*,*,#14355,.F.);
#14355 = EDGE_CURVE('',#11355,#14348,#14356,.T.);
#14356 = LINE('',#14357,#14358);
#14357 = CARTESIAN_POINT('',(50.70229263752,-31.28378553747,
    23.496579848683));
#14358 = VECTOR('',#14359,1.);
#14359 = DIRECTION('',(0.183012701892,0.965925826289,0.183012701892));
#14360 = PLANE('',#14361);
#14361 = AXIS2_PLACEMENT_3D('',#14362,#14363,#14364);
#14362 = CARTESIAN_POINT('',(49.336267233735,-30.76614744726,
    22.130554444898));
#14363 = DIRECTION('',(0.707106781187,0.,-0.707106781187));
#14364 = DIRECTION('',(0.683012701892,-0.258819045103,0.683012701892));
#14365 = ADVANCED_FACE('',(#14366),#14384,.F.);
#14366 = FACE_BOUND('',#14367,.F.);
#14367 = EDGE_LOOP('',(#14368,#14376,#14377,#14378));
#14368 = ORIENTED_EDGE('',*,*,#14369,.F.);
#14369 = EDGE_CURVE('',#11409,#14370,#14372,.T.);
#14370 = VERTEX_POINT('',#14371);
#14371 = CARTESIAN_POINT('',(46.353058332147,-26.2262960637,
    26.834082744273));
#14372 = LINE('',#14373,#14374);
#14373 = CARTESIAN_POINT('',(45.492898633254,-30.76614744726,
    25.97392304538));
#14374 = VECTOR('',#14375,1.);
#14375 = DIRECTION('',(0.183012701892,0.965925826289,0.183012701892));
#14376 = ORIENTED_EDGE('',*,*,#11408,.T.);
#14377 = ORIENTED_EDGE('',*,*,#14339,.T.);
#14378 = ORIENTED_EDGE('',*,*,#14379,.F.);
#14379 = EDGE_CURVE('',#14370,#14340,#14380,.T.);
#14380 = LINE('',#14381,#14382);
#14381 = CARTESIAN_POINT('',(46.353058332147,-26.2262960637,
    26.834082744273));
#14382 = VECTOR('',#14383,1.);
#14383 = DIRECTION('',(0.707106781187,0.,-0.707106781187));
#14384 = PLANE('',#14385);
#14385 = AXIS2_PLACEMENT_3D('',#14386,#14387,#14388);
#14386 = CARTESIAN_POINT('',(45.492898633254,-30.76614744726,
    25.97392304538));
#14387 = DIRECTION('',(0.683012701892,-0.258819045103,0.683012701892));
#14388 = DIRECTION('',(0.707106781187,0.,-0.707106781187));
#14389 = ADVANCED_FACE('',(#14390),#14408,.F.);
#14390 = FACE_BOUND('',#14391,.F.);
#14391 = EDGE_LOOP('',(#14392,#14393,#14394,#14402));
#14392 = ORIENTED_EDGE('',*,*,#11434,.F.);
#14393 = ORIENTED_EDGE('',*,*,#14369,.T.);
#14394 = ORIENTED_EDGE('',*,*,#14395,.T.);
#14395 = EDGE_CURVE('',#14370,#14396,#14398,.T.);
#14396 = VERTEX_POINT('',#14397);
#14397 = CARTESIAN_POINT('',(47.719083735931,-26.74393415391,
    28.200108148058));
#14398 = LINE('',#14399,#14400);
#14399 = CARTESIAN_POINT('',(46.353058332147,-26.2262960637,
    26.834082744273));
#14400 = VECTOR('',#14401,1.);
#14401 = DIRECTION('',(0.683012701892,-0.258819045103,0.683012701892));
#14402 = ORIENTED_EDGE('',*,*,#14403,.F.);
#14403 = EDGE_CURVE('',#11435,#14396,#14404,.T.);
#14404 = LINE('',#14405,#14406);
#14405 = CARTESIAN_POINT('',(46.858924037038,-31.28378553747,
    27.339948449164));
#14406 = VECTOR('',#14407,1.);
#14407 = DIRECTION('',(0.183012701892,0.965925826289,0.183012701892));
#14408 = PLANE('',#14409);
#14409 = AXIS2_PLACEMENT_3D('',#14410,#14411,#14412);
#14410 = CARTESIAN_POINT('',(45.492898633254,-30.76614744726,
    25.97392304538));
#14411 = DIRECTION('',(0.707106781187,0.,-0.707106781187));
#14412 = DIRECTION('',(0.683012701892,-0.258819045103,0.683012701892));
#14413 = ADVANCED_FACE('',(#14414),#14425,.T.);
#14414 = FACE_BOUND('',#14415,.T.);
#14415 = EDGE_LOOP('',(#14416,#14422,#14423,#14424));
#14416 = ORIENTED_EDGE('',*,*,#14417,.T.);
#14417 = EDGE_CURVE('',#11482,#11562,#14418,.T.);
#14418 = LINE('',#14419,#14420);
#14419 = CARTESIAN_POINT('',(42.548930412452,-27.80645256282,
    32.967633527374));
#14420 = VECTOR('',#14421,1.);
#14421 = DIRECTION('',(-0.707106781187,0.,0.707106781187));
#14422 = ORIENTED_EDGE('',*,*,#11585,.T.);
#14423 = ORIENTED_EDGE('',*,*,#11754,.T.);
#14424 = ORIENTED_EDGE('',*,*,#11489,.F.);
#14425 = PLANE('',#14426);
#14426 = AXIS2_PLACEMENT_3D('',#14427,#14428,#14429);
#14427 = CARTESIAN_POINT('',(41.182905008668,-27.28881447262,
    31.60160812359));
#14428 = DIRECTION('',(0.183012701892,0.965925826289,0.183012701892));
#14429 = DIRECTION('',(0.683012701892,-0.258819045103,0.683012701892));
#14430 = ADVANCED_FACE('',(#14431),#14456,.T.);
#14431 = FACE_BOUND('',#14432,.T.);
#14432 = EDGE_LOOP('',(#14433,#14434,#14442,#14450));
#14433 = ORIENTED_EDGE('',*,*,#11520,.F.);
#14434 = ORIENTED_EDGE('',*,*,#14435,.T.);
#14435 = EDGE_CURVE('',#11513,#14436,#14438,.T.);
#14436 = VERTEX_POINT('',#14437);
#14437 = CARTESIAN_POINT('',(44.938844769774,-26.2262960637,
    28.248296306647));
#14438 = LINE('',#14439,#14440);
#14439 = CARTESIAN_POINT('',(44.07868507088,-30.76614744726,
    27.388136607753));
#14440 = VECTOR('',#14441,1.);
#14441 = DIRECTION('',(0.183012701892,0.965925826289,0.183012701892));
#14442 = ORIENTED_EDGE('',*,*,#14443,.T.);
#14443 = EDGE_CURVE('',#14436,#14444,#14446,.T.);
#14444 = VERTEX_POINT('',#14445);
#14445 = CARTESIAN_POINT('',(46.304870173558,-26.74393415391,
    29.614321710431));
#14446 = LINE('',#14447,#14448);
#14447 = CARTESIAN_POINT('',(44.938844769774,-26.2262960637,
    28.248296306647));
#14448 = VECTOR('',#14449,1.);
#14449 = DIRECTION('',(0.683012701892,-0.258819045103,0.683012701892));
#14450 = ORIENTED_EDGE('',*,*,#14451,.F.);
#14451 = EDGE_CURVE('',#11482,#14444,#14452,.T.);
#14452 = LINE('',#14453,#14454);
#14453 = CARTESIAN_POINT('',(45.444710474665,-31.28378553747,
    28.754162011538));
#14454 = VECTOR('',#14455,1.);
#14455 = DIRECTION('',(0.183012701892,0.965925826289,0.183012701892));
#14456 = PLANE('',#14457);
#14457 = AXIS2_PLACEMENT_3D('',#14458,#14459,#14460);
#14458 = CARTESIAN_POINT('',(44.07868507088,-30.76614744726,
    27.388136607753));
#14459 = DIRECTION('',(0.707106781187,0.,-0.707106781187));
#14460 = DIRECTION('',(0.683012701892,-0.258819045103,0.683012701892));
#14461 = ADVANCED_FACE('',(#14462),#14480,.F.);
#14462 = FACE_BOUND('',#14463,.F.);
#14463 = EDGE_LOOP('',(#14464,#14472,#14473,#14474));
#14464 = ORIENTED_EDGE('',*,*,#14465,.F.);
#14465 = EDGE_CURVE('',#11536,#14466,#14468,.T.);
#14466 = VERTEX_POINT('',#14467);
#14467 = CARTESIAN_POINT('',(41.384218980749,-26.2262960637,
    31.802922095671));
#14468 = LINE('',#14469,#14470);
#14469 = CARTESIAN_POINT('',(40.524059281856,-30.76614744726,
    30.942762396778));
#14470 = VECTOR('',#14471,1.);
#14471 = DIRECTION('',(0.183012701892,0.965925826289,0.183012701892));
#14472 = ORIENTED_EDGE('',*,*,#11535,.T.);
#14473 = ORIENTED_EDGE('',*,*,#14435,.T.);
#14474 = ORIENTED_EDGE('',*,*,#14475,.F.);
#14475 = EDGE_CURVE('',#14466,#14436,#14476,.T.);
#14476 = LINE('',#14477,#14478);
#14477 = CARTESIAN_POINT('',(41.384218980749,-26.2262960637,
    31.802922095671));
#14478 = VECTOR('',#14479,1.);
#14479 = DIRECTION('',(0.707106781187,0.,-0.707106781187));
#14480 = PLANE('',#14481);
#14481 = AXIS2_PLACEMENT_3D('',#14482,#14483,#14484);
#14482 = CARTESIAN_POINT('',(40.524059281856,-30.76614744726,
    30.942762396778));
#14483 = DIRECTION('',(0.683012701892,-0.258819045103,0.683012701892));
#14484 = DIRECTION('',(0.707106781187,0.,-0.707106781187));
#14485 = ADVANCED_FACE('',(#14486),#14504,.F.);
#14486 = FACE_BOUND('',#14487,.F.);
#14487 = EDGE_LOOP('',(#14488,#14489,#14490,#14498));
#14488 = ORIENTED_EDGE('',*,*,#11561,.F.);
#14489 = ORIENTED_EDGE('',*,*,#14465,.T.);
#14490 = ORIENTED_EDGE('',*,*,#14491,.T.);
#14491 = EDGE_CURVE('',#14466,#14492,#14494,.T.);
#14492 = VERTEX_POINT('',#14493);
#14493 = CARTESIAN_POINT('',(42.750244384534,-26.74393415391,
    33.168947499456));
#14494 = LINE('',#14495,#14496);
#14495 = CARTESIAN_POINT('',(41.384218980749,-26.2262960637,
    31.802922095671));
#14496 = VECTOR('',#14497,1.);
#14497 = DIRECTION('',(0.683012701892,-0.258819045103,0.683012701892));
#14498 = ORIENTED_EDGE('',*,*,#14499,.F.);
#14499 = EDGE_CURVE('',#11562,#14492,#14500,.T.);
#14500 = LINE('',#14501,#14502);
#14501 = CARTESIAN_POINT('',(41.89008468564,-31.28378553747,
    32.308787800562));
#14502 = VECTOR('',#14503,1.);
#14503 = DIRECTION('',(0.183012701892,0.965925826289,0.183012701892));
#14504 = PLANE('',#14505);
#14505 = AXIS2_PLACEMENT_3D('',#14506,#14507,#14508);
#14506 = CARTESIAN_POINT('',(40.524059281856,-30.76614744726,
    30.942762396778));
#14507 = DIRECTION('',(0.707106781187,0.,-0.707106781187));
#14508 = DIRECTION('',(0.683012701892,-0.258819045103,0.683012701892));
#14509 = ADVANCED_FACE('',(#14510),#14521,.T.);
#14510 = FACE_BOUND('',#14511,.T.);
#14511 = EDGE_LOOP('',(#14512,#14518,#14519,#14520));
#14512 = ORIENTED_EDGE('',*,*,#14513,.T.);
#14513 = EDGE_CURVE('',#11609,#11689,#14514,.T.);
#14514 = LINE('',#14515,#14516);
#14515 = CARTESIAN_POINT('',(24.155425575495,-27.80645256282,
    51.361138364332));
#14516 = VECTOR('',#14517,1.);
#14517 = DIRECTION('',(-0.707106781187,0.,0.707106781187));
#14518 = ORIENTED_EDGE('',*,*,#11712,.T.);
#14519 = ORIENTED_EDGE('',*,*,#11737,.T.);
#14520 = ORIENTED_EDGE('',*,*,#11616,.F.);
#14521 = PLANE('',#14522);
#14522 = AXIS2_PLACEMENT_3D('',#14523,#14524,#14525);
#14523 = CARTESIAN_POINT('',(22.78940017171,-27.28881447262,
    49.995112960547));
#14524 = DIRECTION('',(0.183012701892,0.965925826289,0.183012701892));
#14525 = DIRECTION('',(0.683012701892,-0.258819045103,0.683012701892));
#14526 = ADVANCED_FACE('',(#14527),#14552,.T.);
#14527 = FACE_BOUND('',#14528,.T.);
#14528 = EDGE_LOOP('',(#14529,#14530,#14538,#14546));
#14529 = ORIENTED_EDGE('',*,*,#11647,.F.);
#14530 = ORIENTED_EDGE('',*,*,#14531,.T.);
#14531 = EDGE_CURVE('',#11640,#14532,#14534,.T.);
#14532 = VERTEX_POINT('',#14533);
#14533 = CARTESIAN_POINT('',(31.767566756612,-26.2262960637,
    41.419574319808));
#14534 = LINE('',#14535,#14536);
#14535 = CARTESIAN_POINT('',(30.907407057719,-30.76614744726,
    40.559414620915));
#14536 = VECTOR('',#14537,1.);
#14537 = DIRECTION('',(0.183012701892,0.965925826289,0.183012701892));
#14538 = ORIENTED_EDGE('',*,*,#14539,.T.);
#14539 = EDGE_CURVE('',#14532,#14540,#14542,.T.);
#14540 = VERTEX_POINT('',#14541);
#14541 = CARTESIAN_POINT('',(33.133592160396,-26.74393415391,
    42.785599723593));
#14542 = LINE('',#14543,#14544);
#14543 = CARTESIAN_POINT('',(31.767566756612,-26.2262960637,
    41.419574319808));
#14544 = VECTOR('',#14545,1.);
#14545 = DIRECTION('',(0.683012701892,-0.258819045103,0.683012701892));
#14546 = ORIENTED_EDGE('',*,*,#14547,.F.);
#14547 = EDGE_CURVE('',#11609,#14540,#14548,.T.);
#14548 = LINE('',#14549,#14550);
#14549 = CARTESIAN_POINT('',(32.273432461503,-31.28378553747,
    41.925440024699));
#14550 = VECTOR('',#14551,1.);
#14551 = DIRECTION('',(0.183012701892,0.965925826289,0.183012701892));
#14552 = PLANE('',#14553);
#14553 = AXIS2_PLACEMENT_3D('',#14554,#14555,#14556);
#14554 = CARTESIAN_POINT('',(30.907407057719,-30.76614744726,
    40.559414620915));
#14555 = DIRECTION('',(0.707106781187,0.,-0.707106781187));
#14556 = DIRECTION('',(0.683012701892,-0.258819045103,0.683012701892));
#14557 = ADVANCED_FACE('',(#14558),#14576,.F.);
#14558 = FACE_BOUND('',#14559,.F.);
#14559 = EDGE_LOOP('',(#14560,#14568,#14569,#14570));
#14560 = ORIENTED_EDGE('',*,*,#14561,.F.);
#14561 = EDGE_CURVE('',#11663,#14562,#14564,.T.);
#14562 = VERTEX_POINT('',#14563);
#14563 = CARTESIAN_POINT('',(22.990714143792,-26.2262960637,
    50.196426932629));
#14564 = LINE('',#14565,#14566);
#14565 = CARTESIAN_POINT('',(22.130554444898,-30.76614744726,
    49.336267233735));
#14566 = VECTOR('',#14567,1.);
#14567 = DIRECTION('',(0.183012701892,0.965925826289,0.183012701892));
#14568 = ORIENTED_EDGE('',*,*,#11662,.T.);
#14569 = ORIENTED_EDGE('',*,*,#14531,.T.);
#14570 = ORIENTED_EDGE('',*,*,#14571,.F.);
#14571 = EDGE_CURVE('',#14562,#14532,#14572,.T.);
#14572 = LINE('',#14573,#14574);
#14573 = CARTESIAN_POINT('',(22.990714143792,-26.2262960637,
    50.196426932629));
#14574 = VECTOR('',#14575,1.);
#14575 = DIRECTION('',(0.707106781187,0.,-0.707106781187));
#14576 = PLANE('',#14577);
#14577 = AXIS2_PLACEMENT_3D('',#14578,#14579,#14580);
#14578 = CARTESIAN_POINT('',(22.130554444898,-30.76614744726,
    49.336267233735));
#14579 = DIRECTION('',(0.683012701892,-0.258819045103,0.683012701892));
#14580 = DIRECTION('',(0.707106781187,0.,-0.707106781187));
#14581 = ADVANCED_FACE('',(#14582),#14600,.F.);
#14582 = FACE_BOUND('',#14583,.F.);
#14583 = EDGE_LOOP('',(#14584,#14585,#14586,#14594));
#14584 = ORIENTED_EDGE('',*,*,#11688,.F.);
#14585 = ORIENTED_EDGE('',*,*,#14561,.T.);
#14586 = ORIENTED_EDGE('',*,*,#14587,.T.);
#14587 = EDGE_CURVE('',#14562,#14588,#14590,.T.);
#14588 = VERTEX_POINT('',#14589);
#14589 = CARTESIAN_POINT('',(24.356739547576,-26.74393415391,
    51.562452336413));
#14590 = LINE('',#14591,#14592);
#14591 = CARTESIAN_POINT('',(22.990714143792,-26.2262960637,
    50.196426932629));
#14592 = VECTOR('',#14593,1.);
#14593 = DIRECTION('',(0.683012701892,-0.258819045103,0.683012701892));
#14594 = ORIENTED_EDGE('',*,*,#14595,.F.);
#14595 = EDGE_CURVE('',#11689,#14588,#14596,.T.);
#14596 = LINE('',#14597,#14598);
#14597 = CARTESIAN_POINT('',(23.496579848683,-31.28378553747,
    50.70229263752));
#14598 = VECTOR('',#14599,1.);
#14599 = DIRECTION('',(0.183012701892,0.965925826289,0.183012701892));
#14600 = PLANE('',#14601);
#14601 = AXIS2_PLACEMENT_3D('',#14602,#14603,#14604);
#14602 = CARTESIAN_POINT('',(22.130554444898,-30.76614744726,
    49.336267233735));
#14603 = DIRECTION('',(0.707106781187,0.,-0.707106781187));
#14604 = DIRECTION('',(0.683012701892,-0.258819045103,0.683012701892));
#14605 = ADVANCED_FACE('',(#14606),#14624,.F.);
#14606 = FACE_BOUND('',#14607,.F.);
#14607 = EDGE_LOOP('',(#14608,#14609,#14610,#14618));
#14608 = ORIENTED_EDGE('',*,*,#11881,.F.);
#14609 = ORIENTED_EDGE('',*,*,#11793,.F.);
#14610 = ORIENTED_EDGE('',*,*,#14611,.T.);
#14611 = EDGE_CURVE('',#11786,#14612,#14614,.T.);
#14612 = VERTEX_POINT('',#14613);
#14613 = CARTESIAN_POINT('',(56.371397110467,-13.67849108089,
    24.498779565799));
#14614 = LINE('',#14615,#14616);
#14615 = CARTESIAN_POINT('',(54.298532658491,-24.61889733607,
    22.425915113824));
#14616 = VECTOR('',#14617,1.);
#14617 = DIRECTION('',(0.183012701892,0.965925826289,0.183012701892));
#14618 = ORIENTED_EDGE('',*,*,#14619,.T.);
#14619 = EDGE_CURVE('',#14612,#11882,#14620,.T.);
#14620 = LINE('',#14621,#14622);
#14621 = CARTESIAN_POINT('',(54.314216468865,-12.89894843433,
    22.441598924197));
#14622 = VECTOR('',#14623,1.);
#14623 = DIRECTION('',(0.683012701892,-0.258819045103,0.683012701892));
#14624 = PLANE('',#14625);
#14625 = AXIS2_PLACEMENT_3D('',#14626,#14627,#14628);
#14626 = CARTESIAN_POINT('',(52.932507254707,-24.10125924587,
    21.059889710039));
#14627 = DIRECTION('',(0.707106781187,0.,-0.707106781187));
#14628 = DIRECTION('',(0.683012701892,-0.258819045103,0.683012701892));
#14629 = ADVANCED_FACE('',(#14630),#14655,.F.);
#14630 = FACE_BOUND('',#14631,.F.);
#14631 = EDGE_LOOP('',(#14632,#14640,#14648,#14654));
#14632 = ORIENTED_EDGE('',*,*,#14633,.F.);
#14633 = EDGE_CURVE('',#14634,#11817,#14636,.T.);
#14634 = VERTEX_POINT('',#14635);
#14635 = CARTESIAN_POINT('',(52.154689795402,-24.10125924587,
    21.837707169344));
#14636 = LINE('',#14637,#14638);
#14637 = CARTESIAN_POINT('',(52.154689795402,-24.10125924587,
    21.837707169344));
#14638 = VECTOR('',#14639,1.);
#14639 = DIRECTION('',(0.707106781187,0.,-0.707106781187));
#14640 = ORIENTED_EDGE('',*,*,#14641,.T.);
#14641 = EDGE_CURVE('',#14634,#14642,#14644,.T.);
#14642 = VERTEX_POINT('',#14643);
#14643 = CARTESIAN_POINT('',(53.520715199186,-24.61889733607,
    23.203732573129));
#14644 = LINE('',#14645,#14646);
#14645 = CARTESIAN_POINT('',(52.154689795402,-24.10125924587,
    21.837707169344));
#14646 = VECTOR('',#14647,1.);
#14647 = DIRECTION('',(0.683012701892,-0.258819045103,0.683012701892));
#14648 = ORIENTED_EDGE('',*,*,#14649,.T.);
#14649 = EDGE_CURVE('',#14642,#11786,#14650,.T.);
#14650 = LINE('',#14651,#14652);
#14651 = CARTESIAN_POINT('',(53.520715199186,-24.61889733607,
    23.203732573129));
#14652 = VECTOR('',#14653,1.);
#14653 = DIRECTION('',(0.707106781187,0.,-0.707106781187));
#14654 = ORIENTED_EDGE('',*,*,#11824,.F.);
#14655 = PLANE('',#14656);
#14656 = AXIS2_PLACEMENT_3D('',#14657,#14658,#14659);
#14657 = CARTESIAN_POINT('',(52.154689795402,-24.10125924587,
    21.837707169344));
#14658 = DIRECTION('',(0.183012701892,0.965925826289,0.183012701892));
#14659 = DIRECTION('',(0.683012701892,-0.258819045103,0.683012701892));
#14660 = ADVANCED_FACE('',(#14661),#14679,.F.);
#14661 = FACE_BOUND('',#14662,.F.);
#14662 = EDGE_LOOP('',(#14663,#14671,#14672,#14673));
#14663 = ORIENTED_EDGE('',*,*,#14664,.F.);
#14664 = EDGE_CURVE('',#14634,#14665,#14667,.T.);
#14665 = VERTEX_POINT('',#14666);
#14666 = CARTESIAN_POINT('',(54.227554247377,-13.16085299068,
    23.91057162132));
#14667 = LINE('',#14668,#14669);
#14668 = CARTESIAN_POINT('',(52.154689795402,-24.10125924587,
    21.837707169344));
#14669 = VECTOR('',#14670,1.);
#14670 = DIRECTION('',(0.183012701892,0.965925826289,0.183012701892));
#14671 = ORIENTED_EDGE('',*,*,#14633,.T.);
#14672 = ORIENTED_EDGE('',*,*,#11840,.T.);
#14673 = ORIENTED_EDGE('',*,*,#14674,.T.);
#14674 = EDGE_CURVE('',#11841,#14665,#14675,.T.);
#14675 = LINE('',#14676,#14677);
#14676 = CARTESIAN_POINT('',(49.648750753841,-13.16085299068,
    28.489375114856));
#14677 = VECTOR('',#14678,1.);
#14678 = DIRECTION('',(-0.707106781187,-0.,0.707106781187));
#14679 = PLANE('',#14680);
#14680 = AXIS2_PLACEMENT_3D('',#14681,#14682,#14683);
#14681 = CARTESIAN_POINT('',(52.154689795402,-24.10125924587,
    21.837707169344));
#14682 = DIRECTION('',(0.683012701892,-0.258819045103,0.683012701892));
#14683 = DIRECTION('',(0.707106781187,0.,-0.707106781187));
#14684 = ADVANCED_FACE('',(#14685),#14706,.T.);
#14685 = FACE_BOUND('',#14686,.T.);
#14686 = EDGE_LOOP('',(#14687,#14693,#14694,#14700));
#14687 = ORIENTED_EDGE('',*,*,#14688,.F.);
#14688 = EDGE_CURVE('',#7145,#11907,#14689,.T.);
#14689 = LINE('',#14690,#14691);
#14690 = CARTESIAN_POINT('',(55.107985471538,-12.63704387799,
    20.265519445887));
#14691 = VECTOR('',#14692,1.);
#14692 = DIRECTION('',(0.683012701892,-0.258819045103,0.683012701892));
#14693 = ORIENTED_EDGE('',*,*,#11850,.T.);
#14694 = ORIENTED_EDGE('',*,*,#14695,.T.);
#14695 = EDGE_CURVE('',#11841,#14612,#14696,.T.);
#14696 = LINE('',#14697,#14698);
#14697 = CARTESIAN_POINT('',(54.314216468865,-12.89894843433,
    22.441598924197));
#14698 = VECTOR('',#14699,1.);
#14699 = DIRECTION('',(0.683012701892,-0.258819045103,0.683012701892));
#14700 = ORIENTED_EDGE('',*,*,#14701,.F.);
#14701 = EDGE_CURVE('',#11907,#14612,#14702,.T.);
#14702 = LINE('',#14703,#14704);
#14703 = CARTESIAN_POINT('',(51.014776157626,-13.67849108089,
    29.85540051864));
#14704 = VECTOR('',#14705,1.);
#14705 = DIRECTION('',(-0.707106781187,-0.,0.707106781187));
#14706 = PLANE('',#14707);
#14707 = AXIS2_PLACEMENT_3D('',#14708,#14709,#14710);
#14708 = CARTESIAN_POINT('',(43.687636784669,-12.63704387799,
    31.685868132756));
#14709 = DIRECTION('',(0.183012701892,0.965925826289,0.183012701892));
#14710 = DIRECTION('',(0.683012701892,-0.258819045103,0.683012701892));
#14711 = ADVANCED_FACE('',(#14712),#14723,.F.);
#14712 = FACE_BOUND('',#14713,.F.);
#14713 = EDGE_LOOP('',(#14714,#14715,#14716,#14717));
#14714 = ORIENTED_EDGE('',*,*,#11914,.F.);
#14715 = ORIENTED_EDGE('',*,*,#14688,.F.);
#14716 = ORIENTED_EDGE('',*,*,#11867,.T.);
#14717 = ORIENTED_EDGE('',*,*,#14718,.T.);
#14718 = EDGE_CURVE('',#7831,#11915,#14719,.T.);
#14719 = LINE('',#14720,#14721);
#14720 = CARTESIAN_POINT('',(57.779970919165,1.46547318583,
    22.937504893513));
#14721 = VECTOR('',#14722,1.);
#14722 = DIRECTION('',(0.683012701892,-0.258819045103,0.683012701892));
#14723 = PLANE('',#14724);
#14724 = AXIS2_PLACEMENT_3D('',#14725,#14726,#14727);
#14725 = CARTESIAN_POINT('',(52.241599068824,-27.41785972427,
    17.399133043173));
#14726 = DIRECTION('',(0.707106781187,0.,-0.707106781187));
#14727 = DIRECTION('',(0.683012701892,-0.258819045103,0.683012701892));
#14728 = ADVANCED_FACE('',(#14729),#14735,.T.);
#14729 = FACE_BOUND('',#14730,.T.);
#14730 = EDGE_LOOP('',(#14731,#14732,#14733,#14734));
#14731 = ORIENTED_EDGE('',*,*,#11906,.F.);
#14732 = ORIENTED_EDGE('',*,*,#14701,.T.);
#14733 = ORIENTED_EDGE('',*,*,#14619,.T.);
#14734 = ORIENTED_EDGE('',*,*,#11891,.F.);
#14735 = PLANE('',#14736);
#14736 = AXIS2_PLACEMENT_3D('',#14737,#14738,#14739);
#14737 = CARTESIAN_POINT('',(43.687636784669,-12.63704387799,
    31.685868132756));
#14738 = DIRECTION('',(0.183012701892,0.965925826289,0.183012701892));
#14739 = DIRECTION('',(0.683012701892,-0.258819045103,0.683012701892));
#14740 = ADVANCED_FACE('',(#14741),#14759,.F.);
#14741 = FACE_BOUND('',#14742,.F.);
#14742 = EDGE_LOOP('',(#14743,#14744,#14752,#14758));
#14743 = ORIENTED_EDGE('',*,*,#11922,.F.);
#14744 = ORIENTED_EDGE('',*,*,#14745,.T.);
#14745 = EDGE_CURVE('',#11915,#14746,#14748,.T.);
#14746 = VERTEX_POINT('',#14747);
#14747 = CARTESIAN_POINT('',(59.043382558093,0.424025982928,
    27.170765013425));
#14748 = LINE('',#14749,#14750);
#14749 = CARTESIAN_POINT('',(53.686761605252,0.424025982928,
    32.527385966267));
#14750 = VECTOR('',#14751,1.);
#14751 = DIRECTION('',(-0.707106781187,-0.,0.707106781187));
#14752 = ORIENTED_EDGE('',*,*,#14753,.T.);
#14753 = EDGE_CURVE('',#14746,#11937,#14754,.T.);
#14754 = LINE('',#14755,#14756);
#14755 = CARTESIAN_POINT('',(56.986201916491,1.203568629481,
    25.113584371823));
#14756 = VECTOR('',#14757,1.);
#14757 = DIRECTION('',(0.683012701892,-0.258819045103,0.683012701892));
#14758 = ORIENTED_EDGE('',*,*,#11936,.F.);
#14759 = PLANE('',#14760);
#14760 = AXIS2_PLACEMENT_3D('',#14761,#14762,#14763);
#14761 = CARTESIAN_POINT('',(46.359622232296,1.46547318583,
    34.357853580383));
#14762 = DIRECTION('',(0.183012701892,0.965925826289,0.183012701892));
#14763 = DIRECTION('',(0.683012701892,-0.258819045103,0.683012701892));
#14764 = ADVANCED_FACE('',(#14765),#14776,.F.);
#14765 = FACE_BOUND('',#14766,.F.);
#14766 = EDGE_LOOP('',(#14767,#14768,#14769,#14775));
#14767 = ORIENTED_EDGE('',*,*,#11953,.F.);
#14768 = ORIENTED_EDGE('',*,*,#14753,.F.);
#14769 = ORIENTED_EDGE('',*,*,#14770,.T.);
#14770 = EDGE_CURVE('',#14746,#12140,#14771,.T.);
#14771 = LINE('',#14772,#14773);
#14772 = CARTESIAN_POINT('',(54.298532658491,-24.61889733607,
    22.425915113824));
#14773 = VECTOR('',#14774,1.);
#14774 = DIRECTION('',(0.183012701892,0.965925826289,0.183012701892));
#14775 = ORIENTED_EDGE('',*,*,#12163,.T.);
#14776 = PLANE('',#14777);
#14777 = AXIS2_PLACEMENT_3D('',#14778,#14779,#14780);
#14778 = CARTESIAN_POINT('',(52.932507254707,-24.10125924587,
    21.059889710039));
#14779 = DIRECTION('',(0.707106781187,0.,-0.707106781187));
#14780 = DIRECTION('',(0.683012701892,-0.258819045103,0.683012701892));
#14781 = ADVANCED_FACE('',(#14782),#14793,.F.);
#14782 = FACE_BOUND('',#14783,.F.);
#14783 = EDGE_LOOP('',(#14784,#14785,#14786));
#14784 = ORIENTED_EDGE('',*,*,#11996,.T.);
#14785 = ORIENTED_EDGE('',*,*,#12050,.T.);
#14786 = ORIENTED_EDGE('',*,*,#14787,.F.);
#14787 = EDGE_CURVE('',#11989,#12051,#14788,.T.);
#14788 = PARABOLA('',#14789,2.65165042945);
#14789 = AXIS2_PLACEMENT_3D('',#14790,#14791,#14792);
#14790 = CARTESIAN_POINT('',(67.029984719491,20.767012184752,
    29.288380890975));
#14791 = DIRECTION('',(1.703708685547E-02,0.183012701892,-0.982962913145
    ));
#14792 = DIRECTION('',(0.982962913145,-0.183012701892,
    -1.703708685547E-02));
#14793 = CONICAL_SURFACE('',#14794,4.7,0.785398163397);
#14794 = AXIS2_PLACEMENT_3D('',#14795,#14796,#14797);
#14795 = CARTESIAN_POINT('',(70.330497215738,20.521134091904,
    27.285592528323));
#14796 = DIRECTION('',(0.683012701892,-0.258819045103,0.683012701892));
#14797 = DIRECTION('',(0.707106781187,0.,-0.707106781187));
#14798 = ADVANCED_FACE('',(#14799),#14811,.F.);
#14799 = FACE_BOUND('',#14800,.F.);
#14800 = EDGE_LOOP('',(#14801,#14802,#14809,#14810));
#14801 = ORIENTED_EDGE('',*,*,#12059,.F.);
#14802 = ORIENTED_EDGE('',*,*,#14803,.T.);
#14803 = EDGE_CURVE('',#12060,#11980,#14804,.T.);
#14804 = PARABOLA('',#14805,2.65165042945);
#14805 = AXIS2_PLACEMENT_3D('',#14806,#14807,#14808);
#14806 = CARTESIAN_POINT('',(59.343451240018,-19.80187251938,
    21.601847411502));
#14807 = DIRECTION('',(1.703708685547E-02,0.183012701892,-0.982962913145
    ));
#14808 = DIRECTION('',(0.982962913145,-0.183012701892,
    -1.703708685547E-02));
#14809 = ORIENTED_EDGE('',*,*,#11988,.T.);
#14810 = ORIENTED_EDGE('',*,*,#14787,.T.);
#14811 = PLANE('',#14812);
#14812 = AXIS2_PLACEMENT_3D('',#14813,#14814,#14815);
#14813 = CARTESIAN_POINT('',(67.973616021817,-1.096677571107,
    25.234050708418));
#14814 = DIRECTION('',(1.703708685547E-02,0.183012701892,-0.982962913145
    ));
#14815 = DIRECTION('',(-0.982962913145,0.183012701892,1.703708685547E-02
    ));
#14816 = ADVANCED_FACE('',(#14817),#14822,.F.);
#14817 = FACE_BOUND('',#14818,.F.);
#14818 = EDGE_LOOP('',(#14819,#14820,#14821));
#14819 = ORIENTED_EDGE('',*,*,#12067,.T.);
#14820 = ORIENTED_EDGE('',*,*,#11979,.T.);
#14821 = ORIENTED_EDGE('',*,*,#14803,.F.);
#14822 = CONICAL_SURFACE('',#14823,4.7,0.785398163397);
#14823 = AXIS2_PLACEMENT_3D('',#14824,#14825,#14826);
#14824 = CARTESIAN_POINT('',(62.643963736265,-20.04775061223,
    19.59905904885));
#14825 = DIRECTION('',(0.683012701892,-0.258819045103,0.683012701892));
#14826 = DIRECTION('',(0.707106781187,0.,-0.707106781187));
#14827 = ADVANCED_FACE('',(#14828,#14878),#14881,.F.);
#14828 = FACE_BOUND('',#14829,.F.);
#14829 = EDGE_LOOP('',(#14830,#14840,#14848,#14856,#14864,#14872));
#14830 = ORIENTED_EDGE('',*,*,#14831,.T.);
#14831 = EDGE_CURVE('',#14832,#14834,#14836,.T.);
#14832 = VERTEX_POINT('',#14833);
#14833 = CARTESIAN_POINT('',(62.525481653001,-19.09012014535,
    14.663247138112));
#14834 = VERTEX_POINT('',#14835);
#14835 = CARTESIAN_POINT('',(61.861036666714,-16.2406389578,
    16.407467065562));
#14836 = LINE('',#14837,#14838);
#14837 = CARTESIAN_POINT('',(62.525481653001,-19.09012014535,
    14.663247138112));
#14838 = VECTOR('',#14839,1.);
#14839 = DIRECTION('',(-0.195059741539,0.836516303738,0.512047039647));
#14840 = ORIENTED_EDGE('',*,*,#14841,.T.);
#14841 = EDGE_CURVE('',#14834,#14842,#14844,.T.);
#14842 = VERTEX_POINT('',#14843);
#14843 = CARTESIAN_POINT('',(59.452371752978,-16.2406389578,
    18.816131979299));
#14844 = LINE('',#14845,#14846);
#14845 = CARTESIAN_POINT('',(61.861036666714,-16.2406389578,
    16.407467065562));
#14846 = VECTOR('',#14847,1.);
#14847 = DIRECTION('',(-0.707106781187,0.,0.707106781187));
#14848 = ORIENTED_EDGE('',*,*,#14849,.T.);
#14849 = EDGE_CURVE('',#14842,#14850,#14852,.T.);
#14850 = VERTEX_POINT('',#14851);
#14851 = CARTESIAN_POINT('',(57.708151825527,-19.09012014535,
    19.480576965585));
#14852 = LINE('',#14853,#14854);
#14853 = CARTESIAN_POINT('',(59.452371752978,-16.2406389578,
    18.816131979299));
#14854 = VECTOR('',#14855,1.);
#14855 = DIRECTION('',(-0.512047039647,-0.836516303738,0.195059741539));
#14856 = ORIENTED_EDGE('',*,*,#14857,.T.);
#14857 = EDGE_CURVE('',#14850,#14858,#14860,.T.);
#14858 = VERTEX_POINT('',#14859);
#14859 = CARTESIAN_POINT('',(58.372596811814,-21.93960133291,
    17.736357038135));
#14860 = LINE('',#14861,#14862);
#14861 = CARTESIAN_POINT('',(57.708151825527,-19.09012014535,
    19.480576965585));
#14862 = VECTOR('',#14863,1.);
#14863 = DIRECTION('',(0.195059741539,-0.836516303738,-0.512047039647));
#14864 = ORIENTED_EDGE('',*,*,#14865,.T.);
#14865 = EDGE_CURVE('',#14858,#14866,#14868,.T.);
#14866 = VERTEX_POINT('',#14867);
#14867 = CARTESIAN_POINT('',(60.78126172555,-21.93960133291,
    15.327692124398));
#14868 = LINE('',#14869,#14870);
#14869 = CARTESIAN_POINT('',(58.372596811814,-21.93960133291,
    17.736357038135));
#14870 = VECTOR('',#14871,1.);
#14871 = DIRECTION('',(0.707106781187,0.,-0.707106781187));
#14872 = ORIENTED_EDGE('',*,*,#14873,.T.);
#14873 = EDGE_CURVE('',#14866,#14832,#14874,.T.);
#14874 = LINE('',#14875,#14876);
#14875 = CARTESIAN_POINT('',(60.78126172555,-21.93960133291,
    15.327692124398));
#14876 = VECTOR('',#14877,1.);
#14877 = DIRECTION('',(0.512047039647,0.836516303738,-0.195059741539));
#14878 = FACE_BOUND('',#14879,.F.);
#14879 = EDGE_LOOP('',(#14880));
#14880 = ORIENTED_EDGE('',*,*,#12024,.F.);
#14881 = PLANE('',#14882);
#14882 = AXIS2_PLACEMENT_3D('',#14883,#14884,#14885);
#14883 = CARTESIAN_POINT('',(60.116816739264,-19.09012014535,
    17.071912051849));
#14884 = DIRECTION('',(0.683012701892,-0.258819045103,0.683012701892));
#14885 = DIRECTION('',(0.707106781187,0.,-0.707106781187));
#14886 = ADVANCED_FACE('',(#14887,#14937),#14940,.F.);
#14887 = FACE_BOUND('',#14888,.F.);
#14888 = EDGE_LOOP('',(#14889,#14899,#14907,#14915,#14923,#14931));
#14889 = ORIENTED_EDGE('',*,*,#14890,.T.);
#14890 = EDGE_CURVE('',#14891,#14893,#14895,.T.);
#14891 = VERTEX_POINT('',#14892);
#14892 = CARTESIAN_POINT('',(70.212015132474,21.478764558784,
    22.349780617585));
#14893 = VERTEX_POINT('',#14894);
#14894 = CARTESIAN_POINT('',(69.547570146188,24.328245746336,
    24.094000545036));
#14895 = LINE('',#14896,#14897);
#14896 = CARTESIAN_POINT('',(70.212015132474,21.478764558784,
    22.349780617585));
#14897 = VECTOR('',#14898,1.);
#14898 = DIRECTION('',(-0.195059741539,0.836516303738,0.512047039647));
#14899 = ORIENTED_EDGE('',*,*,#14900,.T.);
#14900 = EDGE_CURVE('',#14893,#14901,#14903,.T.);
#14901 = VERTEX_POINT('',#14902);
#14902 = CARTESIAN_POINT('',(67.138905232451,24.328245746336,
    26.502665458772));
#14903 = LINE('',#14904,#14905);
#14904 = CARTESIAN_POINT('',(69.547570146188,24.328245746336,
    24.094000545036));
#14905 = VECTOR('',#14906,1.);
#14906 = DIRECTION('',(-0.707106781187,0.,0.707106781187));
#14907 = ORIENTED_EDGE('',*,*,#14908,.T.);
#14908 = EDGE_CURVE('',#14901,#14909,#14911,.T.);
#14909 = VERTEX_POINT('',#14910);
#14910 = CARTESIAN_POINT('',(65.394685305,21.478764558784,
    27.167110445059));
#14911 = LINE('',#14912,#14913);
#14912 = CARTESIAN_POINT('',(67.138905232451,24.328245746336,
    26.502665458772));
#14913 = VECTOR('',#14914,1.);
#14914 = DIRECTION('',(-0.512047039647,-0.836516303738,0.195059741539));
#14915 = ORIENTED_EDGE('',*,*,#14916,.T.);
#14916 = EDGE_CURVE('',#14909,#14917,#14919,.T.);
#14917 = VERTEX_POINT('',#14918);
#14918 = CARTESIAN_POINT('',(66.059130291287,18.629283371231,
    25.422890517608));
#14919 = LINE('',#14920,#14921);
#14920 = CARTESIAN_POINT('',(65.394685305,21.478764558784,
    27.167110445059));
#14921 = VECTOR('',#14922,1.);
#14922 = DIRECTION('',(0.195059741539,-0.836516303738,-0.512047039647));
#14923 = ORIENTED_EDGE('',*,*,#14924,.T.);
#14924 = EDGE_CURVE('',#14917,#14925,#14927,.T.);
#14925 = VERTEX_POINT('',#14926);
#14926 = CARTESIAN_POINT('',(68.467795205024,18.629283371231,
    23.014225603871));
#14927 = LINE('',#14928,#14929);
#14928 = CARTESIAN_POINT('',(66.059130291287,18.629283371231,
    25.422890517608));
#14929 = VECTOR('',#14930,1.);
#14930 = DIRECTION('',(0.707106781187,0.,-0.707106781187));
#14931 = ORIENTED_EDGE('',*,*,#14932,.T.);
#14932 = EDGE_CURVE('',#14925,#14891,#14933,.T.);
#14933 = LINE('',#14934,#14935);
#14934 = CARTESIAN_POINT('',(68.467795205024,18.629283371231,
    23.014225603871));
#14935 = VECTOR('',#14936,1.);
#14936 = DIRECTION('',(0.512047039647,0.836516303738,-0.195059741539));
#14937 = FACE_BOUND('',#14938,.F.);
#14938 = EDGE_LOOP('',(#14939));
#14939 = ORIENTED_EDGE('',*,*,#12082,.F.);
#14940 = PLANE('',#14941);
#14941 = AXIS2_PLACEMENT_3D('',#14942,#14943,#14944);
#14942 = CARTESIAN_POINT('',(67.803350218737,21.478764558784,
    24.758445531322));
#14943 = DIRECTION('',(0.683012701892,-0.258819045103,0.683012701892));
#14944 = DIRECTION('',(0.707106781187,0.,-0.707106781187));
#14945 = ADVANCED_FACE('',(#14946),#14957,.F.);
#14946 = FACE_BOUND('',#14947,.F.);
#14947 = EDGE_LOOP('',(#14948,#14949,#14950,#14956));
#14948 = ORIENTED_EDGE('',*,*,#14718,.F.);
#14949 = ORIENTED_EDGE('',*,*,#12107,.T.);
#14950 = ORIENTED_EDGE('',*,*,#14951,.T.);
#14951 = EDGE_CURVE('',#12108,#14746,#14952,.T.);
#14952 = LINE('',#14953,#14954);
#14953 = CARTESIAN_POINT('',(56.986201916491,1.203568629481,
    25.113584371823));
#14954 = VECTOR('',#14955,1.);
#14955 = DIRECTION('',(0.683012701892,-0.258819045103,0.683012701892));
#14956 = ORIENTED_EDGE('',*,*,#14745,.F.);
#14957 = PLANE('',#14958);
#14958 = AXIS2_PLACEMENT_3D('',#14959,#14960,#14961);
#14959 = CARTESIAN_POINT('',(46.359622232296,1.46547318583,
    34.357853580383));
#14960 = DIRECTION('',(0.183012701892,0.965925826289,0.183012701892));
#14961 = DIRECTION('',(0.683012701892,-0.258819045103,0.683012701892));
#14962 = ADVANCED_FACE('',(#14963),#14988,.F.);
#14963 = FACE_BOUND('',#14964,.F.);
#14964 = EDGE_LOOP('',(#14965,#14973,#14974,#14982));
#14965 = ORIENTED_EDGE('',*,*,#14966,.F.);
#14966 = EDGE_CURVE('',#12108,#14967,#14969,.T.);
#14967 = VERTEX_POINT('',#14968);
#14968 = CARTESIAN_POINT('',(56.899539695004,0.941664073133,
    26.582557068946));
#14969 = LINE('',#14970,#14971);
#14970 = CARTESIAN_POINT('',(52.320736201468,0.941664073133,
    31.161360562482));
#14971 = VECTOR('',#14972,1.);
#14972 = DIRECTION('',(-0.707106781187,-0.,0.707106781187));
#14973 = ORIENTED_EDGE('',*,*,#12124,.T.);
#14974 = ORIENTED_EDGE('',*,*,#14975,.F.);
#14975 = EDGE_CURVE('',#14976,#12117,#14978,.T.);
#14976 = VERTEX_POINT('',#14977);
#14977 = CARTESIAN_POINT('',(61.48371029875,25.13653542628,
    31.166727672693));
#14978 = LINE('',#14979,#14980);
#14979 = CARTESIAN_POINT('',(61.48371029875,25.13653542628,
    31.166727672693));
#14980 = VECTOR('',#14981,1.);
#14981 = DIRECTION('',(0.707106781187,0.,-0.707106781187));
#14982 = ORIENTED_EDGE('',*,*,#14983,.F.);
#14983 = EDGE_CURVE('',#14967,#14976,#14984,.T.);
#14984 = LINE('',#14985,#14986);
#14985 = CARTESIAN_POINT('',(52.154689795402,-24.10125924587,
    21.837707169344));
#14986 = VECTOR('',#14987,1.);
#14987 = DIRECTION('',(0.183012701892,0.965925826289,0.183012701892));
#14988 = PLANE('',#14989);
#14989 = AXIS2_PLACEMENT_3D('',#14990,#14991,#14992);
#14990 = CARTESIAN_POINT('',(52.154689795402,-24.10125924587,
    21.837707169344));
#14991 = DIRECTION('',(0.683012701892,-0.258819045103,0.683012701892));
#14992 = DIRECTION('',(0.707106781187,0.,-0.707106781187));
#14993 = ADVANCED_FACE('',(#14994),#15012,.T.);
#14994 = FACE_BOUND('',#14995,.T.);
#14995 = EDGE_LOOP('',(#14996,#14997,#15005,#15011));
#14996 = ORIENTED_EDGE('',*,*,#14975,.F.);
#14997 = ORIENTED_EDGE('',*,*,#14998,.T.);
#14998 = EDGE_CURVE('',#14976,#14999,#15001,.T.);
#14999 = VERTEX_POINT('',#15000);
#15000 = CARTESIAN_POINT('',(62.849735702535,24.618897336075,
    32.532753076477));
#15001 = LINE('',#15002,#15003);
#15002 = CARTESIAN_POINT('',(61.48371029875,25.13653542628,
    31.166727672693));
#15003 = VECTOR('',#15004,1.);
#15004 = DIRECTION('',(0.683012701892,-0.258819045103,0.683012701892));
#15005 = ORIENTED_EDGE('',*,*,#15006,.T.);
#15006 = EDGE_CURVE('',#14999,#12140,#15007,.T.);
#15007 = LINE('',#15008,#15009);
#15008 = CARTESIAN_POINT('',(62.849735702535,24.618897336075,
    32.532753076477));
#15009 = VECTOR('',#15010,1.);
#15010 = DIRECTION('',(0.707106781187,0.,-0.707106781187));
#15011 = ORIENTED_EDGE('',*,*,#12139,.F.);
#15012 = PLANE('',#15013);
#15013 = AXIS2_PLACEMENT_3D('',#15014,#15015,#15016);
#15014 = CARTESIAN_POINT('',(61.48371029875,25.13653542628,
    31.166727672693));
#15015 = DIRECTION('',(0.183012701892,0.965925826289,0.183012701892));
#15016 = DIRECTION('',(0.683012701892,-0.258819045103,0.683012701892));
#15017 = ADVANCED_FACE('',(#15018),#15029,.F.);
#15018 = FACE_BOUND('',#15019,.F.);
#15019 = EDGE_LOOP('',(#15020,#15026,#15027,#15028));
#15020 = ORIENTED_EDGE('',*,*,#15021,.T.);
#15021 = EDGE_CURVE('',#12180,#12259,#15022,.T.);
#15022 = LINE('',#15023,#15024);
#15023 = CARTESIAN_POINT('',(45.484436850534,27.806452562829,
    51.105935760967));
#15024 = VECTOR('',#15025,1.);
#15025 = DIRECTION('',(-0.707106781187,0.,0.707106781187));
#15026 = ORIENTED_EDGE('',*,*,#12282,.T.);
#15027 = ORIENTED_EDGE('',*,*,#12434,.T.);
#15028 = ORIENTED_EDGE('',*,*,#12179,.F.);
#15029 = PLANE('',#15030);
#15030 = AXIS2_PLACEMENT_3D('',#15031,#15032,#15033);
#15031 = CARTESIAN_POINT('',(44.118411446749,28.324090653034,
    49.739910357182));
#15032 = DIRECTION('',(0.183012701892,0.965925826289,0.183012701892));
#15033 = DIRECTION('',(0.683012701892,-0.258819045103,0.683012701892));
#15034 = ADVANCED_FACE('',(#15035),#15060,.T.);
#15035 = FACE_BOUND('',#15036,.T.);
#15036 = EDGE_LOOP('',(#15037,#15045,#15053,#15059));
#15037 = ORIENTED_EDGE('',*,*,#15038,.F.);
#15038 = EDGE_CURVE('',#15039,#12180,#15041,.T.);
#15039 = VERTEX_POINT('',#15040);
#15040 = CARTESIAN_POINT('',(61.696728728087,26.743934153911,
    34.491015939251));
#15041 = LINE('',#15042,#15043);
#15042 = CARTESIAN_POINT('',(61.696728728087,26.743934153911,
    34.491015939251));
#15043 = VECTOR('',#15044,1.);
#15044 = DIRECTION('',(0.183012701892,0.965925826289,0.183012701892));
#15045 = ORIENTED_EDGE('',*,*,#15046,.F.);
#15046 = EDGE_CURVE('',#15047,#15039,#15049,.T.);
#15047 = VERTEX_POINT('',#15048);
#15048 = CARTESIAN_POINT('',(60.330703324303,27.261572244116,
    33.124990535466));
#15049 = LINE('',#15050,#15051);
#15050 = CARTESIAN_POINT('',(60.330703324303,27.261572244116,
    33.124990535466));
#15051 = VECTOR('',#15052,1.);
#15052 = DIRECTION('',(0.683012701892,-0.258819045103,0.683012701892));
#15053 = ORIENTED_EDGE('',*,*,#15054,.T.);
#15054 = EDGE_CURVE('',#15047,#12212,#15055,.T.);
#15055 = LINE('',#15056,#15057);
#15056 = CARTESIAN_POINT('',(60.330703324303,27.261572244116,
    33.124990535466));
#15057 = VECTOR('',#15058,1.);
#15058 = DIRECTION('',(0.183012701892,0.965925826289,0.183012701892));
#15059 = ORIENTED_EDGE('',*,*,#12211,.T.);
#15060 = PLANE('',#15061);
#15061 = AXIS2_PLACEMENT_3D('',#15062,#15063,#15064);
#15062 = CARTESIAN_POINT('',(60.330703324303,27.261572244116,
    33.124990535466));
#15063 = DIRECTION('',(0.707106781187,0.,-0.707106781187));
#15064 = DIRECTION('',(0.683012701892,-0.258819045103,0.683012701892));
#15065 = ADVANCED_FACE('',(#15066),#15084,.F.);
#15066 = FACE_BOUND('',#15067,.F.);
#15067 = EDGE_LOOP('',(#15068,#15076,#15082,#15083));
#15068 = ORIENTED_EDGE('',*,*,#15069,.F.);
#15069 = EDGE_CURVE('',#15070,#12235,#15072,.T.);
#15070 = VERTEX_POINT('',#15071);
#15071 = CARTESIAN_POINT('',(43.917097474668,27.261572244116,
    49.538596385101));
#15072 = LINE('',#15073,#15074);
#15073 = CARTESIAN_POINT('',(43.917097474668,27.261572244116,
    49.538596385101));
#15074 = VECTOR('',#15075,1.);
#15075 = DIRECTION('',(0.183012701892,0.965925826289,0.183012701892));
#15076 = ORIENTED_EDGE('',*,*,#15077,.T.);
#15077 = EDGE_CURVE('',#15070,#15047,#15078,.T.);
#15078 = LINE('',#15079,#15080);
#15079 = CARTESIAN_POINT('',(43.917097474668,27.261572244116,
    49.538596385101));
#15080 = VECTOR('',#15081,1.);
#15081 = DIRECTION('',(0.707106781187,0.,-0.707106781187));
#15082 = ORIENTED_EDGE('',*,*,#15054,.T.);
#15083 = ORIENTED_EDGE('',*,*,#12242,.F.);
#15084 = PLANE('',#15085);
#15085 = AXIS2_PLACEMENT_3D('',#15086,#15087,#15088);
#15086 = CARTESIAN_POINT('',(43.917097474668,27.261572244116,
    49.538596385101));
#15087 = DIRECTION('',(0.683012701892,-0.258819045103,0.683012701892));
#15088 = DIRECTION('',(0.707106781187,0.,-0.707106781187));
#15089 = ADVANCED_FACE('',(#15090),#15108,.F.);
#15090 = FACE_BOUND('',#15091,.F.);
#15091 = EDGE_LOOP('',(#15092,#15100,#15106,#15107));
#15092 = ORIENTED_EDGE('',*,*,#15093,.F.);
#15093 = EDGE_CURVE('',#15094,#12259,#15096,.T.);
#15094 = VERTEX_POINT('',#15095);
#15095 = CARTESIAN_POINT('',(45.283122878452,26.743934153911,
    50.904621788885));
#15096 = LINE('',#15097,#15098);
#15097 = CARTESIAN_POINT('',(45.283122878452,26.743934153911,
    50.904621788885));
#15098 = VECTOR('',#15099,1.);
#15099 = DIRECTION('',(0.183012701892,0.965925826289,0.183012701892));
#15100 = ORIENTED_EDGE('',*,*,#15101,.F.);
#15101 = EDGE_CURVE('',#15070,#15094,#15102,.T.);
#15102 = LINE('',#15103,#15104);
#15103 = CARTESIAN_POINT('',(43.917097474668,27.261572244116,
    49.538596385101));
#15104 = VECTOR('',#15105,1.);
#15105 = DIRECTION('',(0.683012701892,-0.258819045103,0.683012701892));
#15106 = ORIENTED_EDGE('',*,*,#15069,.T.);
#15107 = ORIENTED_EDGE('',*,*,#12266,.T.);
#15108 = PLANE('',#15109);
#15109 = AXIS2_PLACEMENT_3D('',#15110,#15111,#15112);
#15110 = CARTESIAN_POINT('',(43.917097474668,27.261572244116,
    49.538596385101));
#15111 = DIRECTION('',(0.707106781187,0.,-0.707106781187));
#15112 = DIRECTION('',(0.683012701892,-0.258819045103,0.683012701892));
#15113 = ADVANCED_FACE('',(#15114),#15125,.F.);
#15114 = FACE_BOUND('',#15115,.F.);
#15115 = EDGE_LOOP('',(#15116,#15122,#15123,#15124));
#15116 = ORIENTED_EDGE('',*,*,#15117,.T.);
#15117 = EDGE_CURVE('',#12307,#12386,#15118,.T.);
#15118 = LINE('',#15119,#15120);
#15119 = CARTESIAN_POINT('',(34.692329911332,27.806452562829,
    61.898042700169));
#15120 = VECTOR('',#15121,1.);
#15121 = DIRECTION('',(-0.707106781187,0.,0.707106781187));
#15122 = ORIENTED_EDGE('',*,*,#12409,.T.);
#15123 = ORIENTED_EDGE('',*,*,#12451,.T.);
#15124 = ORIENTED_EDGE('',*,*,#12306,.F.);
#15125 = PLANE('',#15126);
#15126 = AXIS2_PLACEMENT_3D('',#15127,#15128,#15129);
#15127 = CARTESIAN_POINT('',(33.326304507548,28.324090653034,
    60.532017296384));
#15128 = DIRECTION('',(0.183012701892,0.965925826289,0.183012701892));
#15129 = DIRECTION('',(0.683012701892,-0.258819045103,0.683012701892));
#15130 = ADVANCED_FACE('',(#15131),#15156,.T.);
#15131 = FACE_BOUND('',#15132,.T.);
#15132 = EDGE_LOOP('',(#15133,#15141,#15149,#15155));
#15133 = ORIENTED_EDGE('',*,*,#15134,.F.);
#15134 = EDGE_CURVE('',#15135,#12307,#15137,.T.);
#15135 = VERTEX_POINT('',#15136);
#15136 = CARTESIAN_POINT('',(37.605357448329,26.743934153911,
    58.582387219009));
#15137 = LINE('',#15138,#15139);
#15138 = CARTESIAN_POINT('',(37.605357448329,26.743934153911,
    58.582387219009));
#15139 = VECTOR('',#15140,1.);
#15140 = DIRECTION('',(0.183012701892,0.965925826289,0.183012701892));
#15141 = ORIENTED_EDGE('',*,*,#15142,.F.);
#15142 = EDGE_CURVE('',#15143,#15135,#15145,.T.);
#15143 = VERTEX_POINT('',#15144);
#15144 = CARTESIAN_POINT('',(36.239332044544,27.261572244116,
    57.216361815225));
#15145 = LINE('',#15146,#15147);
#15146 = CARTESIAN_POINT('',(36.239332044544,27.261572244116,
    57.216361815225));
#15147 = VECTOR('',#15148,1.);
#15148 = DIRECTION('',(0.683012701892,-0.258819045103,0.683012701892));
#15149 = ORIENTED_EDGE('',*,*,#15150,.T.);
#15150 = EDGE_CURVE('',#15143,#12339,#15151,.T.);
#15151 = LINE('',#15152,#15153);
#15152 = CARTESIAN_POINT('',(36.239332044544,27.261572244116,
    57.216361815225));
#15153 = VECTOR('',#15154,1.);
#15154 = DIRECTION('',(0.183012701892,0.965925826289,0.183012701892));
#15155 = ORIENTED_EDGE('',*,*,#12338,.T.);
#15156 = PLANE('',#15157);
#15157 = AXIS2_PLACEMENT_3D('',#15158,#15159,#15160);
#15158 = CARTESIAN_POINT('',(36.239332044544,27.261572244116,
    57.216361815225));
#15159 = DIRECTION('',(0.707106781187,0.,-0.707106781187));
#15160 = DIRECTION('',(0.683012701892,-0.258819045103,0.683012701892));
#15161 = ADVANCED_FACE('',(#15162),#15180,.F.);
#15162 = FACE_BOUND('',#15163,.F.);
#15163 = EDGE_LOOP('',(#15164,#15172,#15178,#15179));
#15164 = ORIENTED_EDGE('',*,*,#15165,.F.);
#15165 = EDGE_CURVE('',#15166,#12362,#15168,.T.);
#15166 = VERTEX_POINT('',#15167);
#15167 = CARTESIAN_POINT('',(33.124990535466,27.261572244116,
    60.330703324303));
#15168 = LINE('',#15169,#15170);
#15169 = CARTESIAN_POINT('',(33.124990535466,27.261572244116,
    60.330703324303));
#15170 = VECTOR('',#15171,1.);
#15171 = DIRECTION('',(0.183012701892,0.965925826289,0.183012701892));
#15172 = ORIENTED_EDGE('',*,*,#15173,.T.);
#15173 = EDGE_CURVE('',#15166,#15143,#15174,.T.);
#15174 = LINE('',#15175,#15176);
#15175 = CARTESIAN_POINT('',(33.124990535466,27.261572244116,
    60.330703324303));
#15176 = VECTOR('',#15177,1.);
#15177 = DIRECTION('',(0.707106781187,0.,-0.707106781187));
#15178 = ORIENTED_EDGE('',*,*,#15150,.T.);
#15179 = ORIENTED_EDGE('',*,*,#12369,.F.);
#15180 = PLANE('',#15181);
#15181 = AXIS2_PLACEMENT_3D('',#15182,#15183,#15184);
#15182 = CARTESIAN_POINT('',(33.124990535466,27.261572244116,
    60.330703324303));
#15183 = DIRECTION('',(0.683012701892,-0.258819045103,0.683012701892));
#15184 = DIRECTION('',(0.707106781187,0.,-0.707106781187));
#15185 = ADVANCED_FACE('',(#15186),#15204,.F.);
#15186 = FACE_BOUND('',#15187,.F.);
#15187 = EDGE_LOOP('',(#15188,#15196,#15202,#15203));
#15188 = ORIENTED_EDGE('',*,*,#15189,.F.);
#15189 = EDGE_CURVE('',#15190,#12386,#15192,.T.);
#15190 = VERTEX_POINT('',#15191);
#15191 = CARTESIAN_POINT('',(34.491015939251,26.743934153911,
    61.696728728087));
#15192 = LINE('',#15193,#15194);
#15193 = CARTESIAN_POINT('',(34.491015939251,26.743934153911,
    61.696728728087));
#15194 = VECTOR('',#15195,1.);
#15195 = DIRECTION('',(0.183012701892,0.965925826289,0.183012701892));
#15196 = ORIENTED_EDGE('',*,*,#15197,.F.);
#15197 = EDGE_CURVE('',#15166,#15190,#15198,.T.);
#15198 = LINE('',#15199,#15200);
#15199 = CARTESIAN_POINT('',(33.124990535466,27.261572244116,
    60.330703324303));
#15200 = VECTOR('',#15201,1.);
#15201 = DIRECTION('',(0.683012701892,-0.258819045103,0.683012701892));
#15202 = ORIENTED_EDGE('',*,*,#15165,.T.);
#15203 = ORIENTED_EDGE('',*,*,#12393,.T.);
#15204 = PLANE('',#15205);
#15205 = AXIS2_PLACEMENT_3D('',#15206,#15207,#15208);
#15206 = CARTESIAN_POINT('',(33.124990535466,27.261572244116,
    60.330703324303));
#15207 = DIRECTION('',(0.707106781187,0.,-0.707106781187));
#15208 = DIRECTION('',(0.683012701892,-0.258819045103,0.683012701892));
#15209 = ADVANCED_FACE('',(#15210),#15229,.F.);
#15210 = FACE_BOUND('',#15211,.F.);
#15211 = EDGE_LOOP('',(#15212,#15221,#15227,#15228));
#15212 = ORIENTED_EDGE('',*,*,#15213,.T.);
#15213 = EDGE_CURVE('',#15214,#15214,#15216,.T.);
#15214 = VERTEX_POINT('',#15215);
#15215 = CARTESIAN_POINT('',(25.960527059339,21.478764558784,
    66.60126869072));
#15216 = CIRCLE('',#15217,1.7);
#15217 = AXIS2_PLACEMENT_3D('',#15218,#15219,#15220);
#15218 = CARTESIAN_POINT('',(24.758445531322,21.478764558784,
    67.803350218737));
#15219 = DIRECTION('',(0.683012701892,-0.258819045103,0.683012701892));
#15220 = DIRECTION('',(0.707106781187,0.,-0.707106781187));
#15221 = ORIENTED_EDGE('',*,*,#15222,.T.);
#15222 = EDGE_CURVE('',#15214,#12509,#15223,.T.);
#15223 = LINE('',#15224,#15225);
#15224 = CARTESIAN_POINT('',(23.706585143095,22.332867407622,
    64.347326774476));
#15225 = VECTOR('',#15226,1.);
#15226 = DIRECTION('',(0.683012701892,-0.258819045103,0.683012701892));
#15227 = ORIENTED_EDGE('',*,*,#12508,.F.);
#15228 = ORIENTED_EDGE('',*,*,#15222,.F.);
#15229 = CYLINDRICAL_SURFACE('',#15230,1.7);
#15230 = AXIS2_PLACEMENT_3D('',#15231,#15232,#15233);
#15231 = CARTESIAN_POINT('',(22.504503615078,22.332867407622,
    65.549408302493));
#15232 = DIRECTION('',(0.683012701892,-0.258819045103,0.683012701892));
#15233 = DIRECTION('',(0.707106781187,0.,-0.707106781187));
#15234 = ADVANCED_FACE('',(#15235),#15241,.T.);
#15235 = FACE_BOUND('',#15236,.T.);
#15236 = EDGE_LOOP('',(#15237,#15238,#15239,#15240));
#15237 = ORIENTED_EDGE('',*,*,#13648,.F.);
#15238 = ORIENTED_EDGE('',*,*,#12816,.T.);
#15239 = ORIENTED_EDGE('',*,*,#12734,.T.);
#15240 = ORIENTED_EDGE('',*,*,#12723,.F.);
#15241 = B_SPLINE_SURFACE_WITH_KNOTS('',14,1,(
    (#15242,#15243)
    ,(#15244,#15245)
    ,(#15246,#15247)
    ,(#15248,#15249)
    ,(#15250,#15251)
    ,(#15252,#15253)
    ,(#15254,#15255)
    ,(#15256,#15257)
    ,(#15258,#15259)
    ,(#15260,#15261)
    ,(#15262,#15263)
    ,(#15264,#15265)
    ,(#15266,#15267)
    ,(#15268,#15269)
    ,(#15270,#15271
    )),.UNSPECIFIED.,.T.,.F.,.F.,(15,15),(2,2),(0.,6.28318530718),(0.,1.
    ),.PIECEWISE_BEZIER_KNOTS.);
#15242 = CARTESIAN_POINT('',(31.410697665368,25.335168330811,
    40.797319568303));
#15243 = CARTESIAN_POINT('',(27.437385227877,22.15169407605,
    61.572744472342));
#15244 = CARTESIAN_POINT('',(32.379901386139,30.450544996735,
    41.76652328907));
#15245 = CARTESIAN_POINT('',(27.954841451679,24.882785007857,
    62.090200696143));
#15246 = CARTESIAN_POINT('',(31.539202398908,35.565923550848,
    44.54563043335));
#15247 = CARTESIAN_POINT('',(27.505993687312,27.613876947763,
    63.573961290117));
#15248 = CARTESIAN_POINT('',(28.643321029204,39.386750473656,
    48.889365954115));
#15249 = CARTESIAN_POINT('',(25.959887532296,29.653809965878,
    65.8930743224));
#15250 = CARTESIAN_POINT('',(23.988327044439,40.618618225802,
    54.011160679788));
#15251 = CARTESIAN_POINT('',(23.474594133651,30.311502070829,
    68.627591845422));
#15252 = CARTESIAN_POINT('',(18.499420635442,38.431120132253,
    58.671142288228));
#15253 = CARTESIAN_POINT('',(20.544076305135,29.143600546312,
    71.115548127878));
#15254 = CARTESIAN_POINT('',(13.582389333904,32.924878248779,
    61.50165270585));
#15255 = CARTESIAN_POINT('',(17.918881627148,26.203827337344,
    72.626752842436));
#15256 = CARTESIAN_POINT('',(10.685979501373,25.335168330726,
    61.522037732389));
#15257 = CARTESIAN_POINT('',(16.372493326814,22.151694075991,
    72.637636373429));
#15258 = CARTESIAN_POINT('',(10.706364527726,17.745458412988,
    58.625627899699));
#15259 = CARTESIAN_POINT('',(16.383376857718,18.099560814858,
    71.091248073095));
#15260 = CARTESIAN_POINT('',(13.536874945523,12.239216529286,
    53.708596598266));
#15261 = CARTESIAN_POINT('',(17.894581572426,15.159787605727,
    68.466053395035));
#15262 = CARTESIAN_POINT('',(18.196856553828,10.051718435851,
    48.219690189219));
#15263 = CARTESIAN_POINT('',(20.382537854724,13.991886081295,
    65.53553556662));
#15264 = CARTESIAN_POINT('',(23.318651279585,11.283586187963,
    43.564696204468));
#15265 = CARTESIAN_POINT('',(23.117055377865,14.649578186218,
    63.050242167889));
#15266 = CARTESIAN_POINT('',(27.66238680031,15.104413110772,
    40.668814834764));
#15267 = CARTESIAN_POINT('',(25.436168410083,16.689511204337,
    61.504136012923));
#15268 = CARTESIAN_POINT('',(30.441493944603,20.219791664889,
    39.828115847531));
#15269 = CARTESIAN_POINT('',(26.919929004082,19.420603144244,
    61.055288248537));
#15270 = CARTESIAN_POINT('',(31.410697665368,25.335168330811,
    40.797319568303));
#15271 = CARTESIAN_POINT('',(27.437385227877,22.15169407605,
    61.572744472342));
#15272 = ADVANCED_FACE('',(#15273),#15279,.T.);
#15273 = FACE_BOUND('',#15274,.T.);
#15274 = EDGE_LOOP('',(#15275,#15276,#15277,#15278));
#15275 = ORIENTED_EDGE('',*,*,#12617,.F.);
#15276 = ORIENTED_EDGE('',*,*,#13516,.F.);
#15277 = ORIENTED_EDGE('',*,*,#12712,.T.);
#15278 = ORIENTED_EDGE('',*,*,#12630,.T.);
#15279 = B_SPLINE_SURFACE_WITH_KNOTS('',14,1,(
    (#15280,#15281)
    ,(#15282,#15283)
    ,(#15284,#15285)
    ,(#15286,#15287)
    ,(#15288,#15289)
    ,(#15290,#15291)
    ,(#15292,#15293)
    ,(#15294,#15295)
    ,(#15296,#15297)
    ,(#15298,#15299)
    ,(#15300,#15301)
    ,(#15302,#15303)
    ,(#15304,#15305)
    ,(#15306,#15307)
    ,(#15308,#15309
    )),.UNSPECIFIED.,.T.,.F.,.F.,(15,15),(2,2),(0.,6.28318530718),(0.,1.
    ),.PIECEWISE_BEZIER_KNOTS.);
#15280 = CARTESIAN_POINT('',(31.410697665368,25.335168330811,
    40.797319568303));
#15281 = CARTESIAN_POINT('',(27.437385227877,22.15169407605,
    61.572744472342));
#15282 = CARTESIAN_POINT('',(32.379901386139,30.450544996735,
    41.76652328907));
#15283 = CARTESIAN_POINT('',(27.954841451679,24.882785007857,
    62.090200696143));
#15284 = CARTESIAN_POINT('',(31.539202398908,35.565923550848,
    44.54563043335));
#15285 = CARTESIAN_POINT('',(27.505993687312,27.613876947763,
    63.573961290117));
#15286 = CARTESIAN_POINT('',(28.643321029204,39.386750473656,
    48.889365954115));
#15287 = CARTESIAN_POINT('',(25.959887532296,29.653809965878,
    65.8930743224));
#15288 = CARTESIAN_POINT('',(23.988327044439,40.618618225802,
    54.011160679788));
#15289 = CARTESIAN_POINT('',(23.474594133651,30.311502070829,
    68.627591845422));
#15290 = CARTESIAN_POINT('',(18.499420635442,38.431120132253,
    58.671142288228));
#15291 = CARTESIAN_POINT('',(20.544076305135,29.143600546312,
    71.115548127878));
#15292 = CARTESIAN_POINT('',(13.582389333904,32.924878248779,
    61.50165270585));
#15293 = CARTESIAN_POINT('',(17.918881627148,26.203827337344,
    72.626752842436));
#15294 = CARTESIAN_POINT('',(10.685979501373,25.335168330726,
    61.522037732389));
#15295 = CARTESIAN_POINT('',(16.372493326814,22.151694075991,
    72.637636373429));
#15296 = CARTESIAN_POINT('',(10.706364527726,17.745458412988,
    58.625627899699));
#15297 = CARTESIAN_POINT('',(16.383376857718,18.099560814858,
    71.091248073095));
#15298 = CARTESIAN_POINT('',(13.536874945523,12.239216529286,
    53.708596598266));
#15299 = CARTESIAN_POINT('',(17.894581572426,15.159787605727,
    68.466053395035));
#15300 = CARTESIAN_POINT('',(18.196856553828,10.051718435851,
    48.219690189219));
#15301 = CARTESIAN_POINT('',(20.382537854724,13.991886081295,
    65.53553556662));
#15302 = CARTESIAN_POINT('',(23.318651279585,11.283586187963,
    43.564696204468));
#15303 = CARTESIAN_POINT('',(23.117055377865,14.649578186218,
    63.050242167889));
#15304 = CARTESIAN_POINT('',(27.66238680031,15.104413110772,
    40.668814834764));
#15305 = CARTESIAN_POINT('',(25.436168410083,16.689511204337,
    61.504136012923));
#15306 = CARTESIAN_POINT('',(30.441493944603,20.219791664889,
    39.828115847531));
#15307 = CARTESIAN_POINT('',(26.919929004082,19.420603144244,
    61.055288248537));
#15308 = CARTESIAN_POINT('',(31.410697665368,25.335168330811,
    40.797319568303));
#15309 = CARTESIAN_POINT('',(27.437385227877,22.15169407605,
    61.572744472342));
#15310 = ADVANCED_FACE('',(#15311,#15314),#15364,.F.);
#15311 = FACE_BOUND('',#15312,.F.);
#15312 = EDGE_LOOP('',(#15313));
#15313 = ORIENTED_EDGE('',*,*,#13205,.T.);
#15314 = FACE_BOUND('',#15315,.F.);
#15315 = EDGE_LOOP('',(#15316,#15326,#15334,#15342,#15350,#15358));
#15316 = ORIENTED_EDGE('',*,*,#15317,.F.);
#15317 = EDGE_CURVE('',#15318,#15320,#15322,.T.);
#15318 = VERTEX_POINT('',#15319);
#15319 = CARTESIAN_POINT('',(15.892222743026,-21.24078991113,
    56.528462516705));
#15320 = VERTEX_POINT('',#15321);
#15321 = CARTESIAN_POINT('',(17.636442670476,-18.39130872358,
    55.864017530418));
#15322 = LINE('',#15323,#15324);
#15323 = CARTESIAN_POINT('',(16.328277724889,-20.52841961424,
    56.362351270133));
#15324 = VECTOR('',#15325,1.);
#15325 = DIRECTION('',(0.512047039647,0.836516303738,-0.195059741539));
#15326 = ORIENTED_EDGE('',*,*,#15327,.F.);
#15327 = EDGE_CURVE('',#15328,#15318,#15330,.T.);
#15328 = VERTEX_POINT('',#15329);
#15329 = CARTESIAN_POINT('',(13.483557829289,-21.24078991113,
    58.937127430441));
#15330 = LINE('',#15331,#15332);
#15331 = CARTESIAN_POINT('',(14.085724057723,-21.24078991113,
    58.334961202007));
#15332 = VECTOR('',#15333,1.);
#15333 = DIRECTION('',(0.707106781187,0.,-0.707106781187));
#15334 = ORIENTED_EDGE('',*,*,#15335,.F.);
#15335 = EDGE_CURVE('',#15336,#15328,#15338,.T.);
#15336 = VERTEX_POINT('',#15337);
#15337 = CARTESIAN_POINT('',(12.819112843003,-18.39130872358,
    60.681347357892));
#15338 = LINE('',#15339,#15340);
#15339 = CARTESIAN_POINT('',(12.985224089574,-19.10367902046,
    60.245292376029));
#15340 = VECTOR('',#15341,1.);
#15341 = DIRECTION('',(0.195059741539,-0.836516303738,-0.512047039647));
#15342 = ORIENTED_EDGE('',*,*,#15343,.F.);
#15343 = EDGE_CURVE('',#15344,#15336,#15346,.T.);
#15344 = VERTEX_POINT('',#15345);
#15345 = CARTESIAN_POINT('',(14.563332770453,-15.54182753602,
    60.016902371605));
#15346 = LINE('',#15347,#15348);
#15347 = CARTESIAN_POINT('',(14.127277788591,-16.25419783291,
    60.183013618177));
#15348 = VECTOR('',#15349,1.);
#15349 = DIRECTION('',(-0.512047039647,-0.836516303738,0.195059741539));
#15350 = ORIENTED_EDGE('',*,*,#15351,.F.);
#15351 = EDGE_CURVE('',#15352,#15344,#15354,.T.);
#15352 = VERTEX_POINT('',#15353);
#15353 = CARTESIAN_POINT('',(16.97199768419,-15.54182753602,
    57.608237457869));
#15354 = LINE('',#15355,#15356);
#15355 = CARTESIAN_POINT('',(16.369831455756,-15.54182753602,
    58.210403686303));
#15356 = VECTOR('',#15357,1.);
#15357 = DIRECTION('',(-0.707106781187,0.,0.707106781187));
#15358 = ORIENTED_EDGE('',*,*,#15359,.F.);
#15359 = EDGE_CURVE('',#15320,#15352,#15360,.T.);
#15360 = LINE('',#15361,#15362);
#15361 = CARTESIAN_POINT('',(17.470331423905,-17.67893842669,
    56.300072512281));
#15362 = VECTOR('',#15363,1.);
#15363 = DIRECTION('',(-0.195059741539,0.836516303738,0.512047039647));
#15364 = PLANE('',#15365);
#15365 = AXIS2_PLACEMENT_3D('',#15366,#15367,#15368);
#15366 = CARTESIAN_POINT('',(15.22777775674,-18.39130872358,
    58.272682444155));
#15367 = DIRECTION('',(0.683012701892,-0.258819045103,0.683012701892));
#15368 = DIRECTION('',(0.707106781187,0.,-0.707106781187));
#15369 = ADVANCED_FACE('',(#15370),#15387,.T.);
#15370 = FACE_BOUND('',#15371,.T.);
#15371 = EDGE_LOOP('',(#15372,#15380,#15386));
#15372 = ORIENTED_EDGE('',*,*,#15373,.F.);
#15373 = EDGE_CURVE('',#15374,#13349,#15376,.T.);
#15374 = VERTEX_POINT('',#15375);
#15375 = CARTESIAN_POINT('',(12.682510302624,-18.33954491456,
    60.544744817513));
#15376 = LINE('',#15377,#15378);
#15377 = CARTESIAN_POINT('',(12.682510302624,-18.33954491456,
    60.544744817513));
#15378 = VECTOR('',#15379,1.);
#15379 = DIRECTION('',(0.195059741539,-0.836516303738,-0.512047039647));
#15380 = ORIENTED_EDGE('',*,*,#15381,.T.);
#15381 = EDGE_CURVE('',#15374,#13351,#15382,.T.);
#15382 = LINE('',#15383,#15384);
#15383 = CARTESIAN_POINT('',(12.682510302624,-18.33954491456,
    60.544744817513));
#15384 = VECTOR('',#15385,1.);
#15385 = DIRECTION('',(0.683012701892,-0.258819045103,0.683012701892));
#15386 = ORIENTED_EDGE('',*,*,#13348,.F.);
#15387 = PLANE('',#15388);
#15388 = AXIS2_PLACEMENT_3D('',#15389,#15390,#15391);
#15389 = CARTESIAN_POINT('',(12.682510302624,-18.33954491456,
    60.544744817513));
#15390 = DIRECTION('',(0.703878786642,0.482962913145,-0.52086608475));
#15391 = DIRECTION('',(0.195059741539,-0.836516303738,-0.512047039647));
#15392 = ADVANCED_FACE('',(#15393),#15403,.T.);
#15393 = FACE_BOUND('',#15394,.T.);
#15394 = EDGE_LOOP('',(#15395,#15401,#15402));
#15395 = ORIENTED_EDGE('',*,*,#15396,.F.);
#15396 = EDGE_CURVE('',#13358,#15374,#15397,.T.);
#15397 = LINE('',#15398,#15399);
#15398 = CARTESIAN_POINT('',(14.426730230075,-15.490063727,
    59.880299831227));
#15399 = VECTOR('',#15400,1.);
#15400 = DIRECTION('',(-0.512047039647,-0.836516303738,0.195059741539));
#15401 = ORIENTED_EDGE('',*,*,#13378,.F.);
#15402 = ORIENTED_EDGE('',*,*,#15381,.F.);
#15403 = PLANE('',#15404);
#15404 = AXIS2_PLACEMENT_3D('',#15405,#15406,#15407);
#15405 = CARTESIAN_POINT('',(14.426730230075,-15.490063727,
    59.880299831227));
#15406 = DIRECTION('',(0.52086608475,-0.482962913145,-0.703878786642));
#15407 = DIRECTION('',(-0.512047039647,-0.836516303738,0.195059741539));
#15408 = ADVANCED_FACE('',(#15409),#15414,.T.);
#15409 = FACE_BOUND('',#15410,.T.);
#15410 = EDGE_LOOP('',(#15411,#15412,#15413));
#15411 = ORIENTED_EDGE('',*,*,#15373,.T.);
#15412 = ORIENTED_EDGE('',*,*,#13357,.T.);
#15413 = ORIENTED_EDGE('',*,*,#15396,.T.);
#15414 = PLANE('',#15415);
#15415 = AXIS2_PLACEMENT_3D('',#15416,#15417,#15418);
#15416 = CARTESIAN_POINT('',(15.091175216361,-18.33954491456,
    58.136079903777));
#15417 = DIRECTION('',(0.683012701892,-0.258819045103,0.683012701892));
#15418 = DIRECTION('',(0.707106781187,0.,-0.707106781187));
#15419 = ADVANCED_FACE('',(#15420,#15423),#15473,.F.);
#15420 = FACE_BOUND('',#15421,.F.);
#15421 = EDGE_LOOP('',(#15422));
#15422 = ORIENTED_EDGE('',*,*,#13436,.T.);
#15423 = FACE_BOUND('',#15424,.F.);
#15424 = EDGE_LOOP('',(#15425,#15435,#15443,#15451,#15459,#15467));
#15425 = ORIENTED_EDGE('',*,*,#15426,.F.);
#15426 = EDGE_CURVE('',#15427,#15429,#15431,.T.);
#15427 = VERTEX_POINT('',#15428);
#15428 = CARTESIAN_POINT('',(25.32297614995,22.177575980561,
    63.550551009891));
#15429 = VERTEX_POINT('',#15430);
#15430 = CARTESIAN_POINT('',(24.658531163663,25.027057168113,
    65.294770937342));
#15431 = LINE('',#15432,#15433);
#15432 = CARTESIAN_POINT('',(25.156864903378,22.889946277449,
    63.986605991754));
#15433 = VECTOR('',#15434,1.);
#15434 = DIRECTION('',(-0.195059741539,0.836516303738,0.512047039647));
#15435 = ORIENTED_EDGE('',*,*,#15436,.F.);
#15436 = EDGE_CURVE('',#15437,#15427,#15439,.T.);
#15437 = VERTEX_POINT('',#15438);
#15438 = CARTESIAN_POINT('',(23.578756222499,19.328094793008,
    64.214995996178));
#15439 = LINE('',#15440,#15441);
#15440 = CARTESIAN_POINT('',(24.014811204362,20.040465089896,
    64.048884749606));
#15441 = VECTOR('',#15442,1.);
#15442 = DIRECTION('',(0.512047039647,0.836516303738,-0.195059741539));
#15443 = ORIENTED_EDGE('',*,*,#15444,.F.);
#15444 = EDGE_CURVE('',#15445,#15437,#15447,.T.);
#15445 = VERTEX_POINT('',#15446);
#15446 = CARTESIAN_POINT('',(21.170091308762,19.328094793008,
    66.623660909915));
#15447 = LINE('',#15448,#15449);
#15448 = CARTESIAN_POINT('',(21.772257537197,19.328094793008,
    66.02149468148));
#15449 = VECTOR('',#15450,1.);
#15450 = DIRECTION('',(0.707106781187,0.,-0.707106781187));
#15451 = ORIENTED_EDGE('',*,*,#15452,.F.);
#15452 = EDGE_CURVE('',#15453,#15445,#15455,.T.);
#15453 = VERTEX_POINT('',#15454);
#15454 = CARTESIAN_POINT('',(20.505646322476,22.177575980561,
    68.367880837365));
#15455 = LINE('',#15456,#15457);
#15456 = CARTESIAN_POINT('',(20.671757569048,21.465205683672,
    67.931825855502));
#15457 = VECTOR('',#15458,1.);
#15458 = DIRECTION('',(0.195059741539,-0.836516303738,-0.512047039647));
#15459 = ORIENTED_EDGE('',*,*,#15460,.F.);
#15460 = EDGE_CURVE('',#15461,#15453,#15463,.T.);
#15461 = VERTEX_POINT('',#15462);
#15462 = CARTESIAN_POINT('',(22.249866249927,25.027057168113,
    67.703435851079));
#15463 = LINE('',#15464,#15465);
#15464 = CARTESIAN_POINT('',(21.813811268064,24.314686871225,
    67.86954709765));
#15465 = VECTOR('',#15466,1.);
#15466 = DIRECTION('',(-0.512047039647,-0.836516303738,0.195059741539));
#15467 = ORIENTED_EDGE('',*,*,#15468,.F.);
#15468 = EDGE_CURVE('',#15429,#15461,#15469,.T.);
#15469 = LINE('',#15470,#15471);
#15470 = CARTESIAN_POINT('',(24.056364935229,25.027057168113,
    65.896937165776));
#15471 = VECTOR('',#15472,1.);
#15472 = DIRECTION('',(-0.707106781187,0.,0.707106781187));
#15473 = PLANE('',#15474);
#15474 = AXIS2_PLACEMENT_3D('',#15475,#15476,#15477);
#15475 = CARTESIAN_POINT('',(22.914311236213,22.177575980561,
    65.959215923628));
#15476 = DIRECTION('',(0.683012701892,-0.258819045103,0.683012701892));
#15477 = DIRECTION('',(0.707106781187,0.,-0.707106781187));
#15478 = ADVANCED_FACE('',(#15479),#15496,.T.);
#15479 = FACE_BOUND('',#15480,.T.);
#15480 = EDGE_LOOP('',(#15481,#15489,#15490));
#15481 = ORIENTED_EDGE('',*,*,#15482,.F.);
#15482 = EDGE_CURVE('',#13449,#15483,#15485,.T.);
#15483 = VERTEX_POINT('',#15484);
#15484 = CARTESIAN_POINT('',(20.369043782098,22.229339789581,
    68.231278296987));
#15485 = LINE('',#15486,#15487);
#15486 = CARTESIAN_POINT('',(22.113263709548,25.078820977134,
    67.5668333107));
#15487 = VECTOR('',#15488,1.);
#15488 = DIRECTION('',(-0.512047039647,-0.836516303738,0.195059741539));
#15489 = ORIENTED_EDGE('',*,*,#13446,.F.);
#15490 = ORIENTED_EDGE('',*,*,#15491,.F.);
#15491 = EDGE_CURVE('',#15483,#13447,#15492,.T.);
#15492 = LINE('',#15493,#15494);
#15493 = CARTESIAN_POINT('',(20.369043782098,22.229339789581,
    68.231278296987));
#15494 = VECTOR('',#15495,1.);
#15495 = DIRECTION('',(0.683012701892,-0.258819045103,0.683012701892));
#15496 = PLANE('',#15497);
#15497 = AXIS2_PLACEMENT_3D('',#15498,#15499,#15500);
#15498 = CARTESIAN_POINT('',(22.113263709548,25.078820977134,
    67.5668333107));
#15499 = DIRECTION('',(0.52086608475,-0.482962913145,-0.703878786642));
#15500 = DIRECTION('',(-0.512047039647,-0.836516303738,0.195059741539));
#15501 = ADVANCED_FACE('',(#15502),#15512,.T.);
#15502 = FACE_BOUND('',#15503,.T.);
#15503 = EDGE_LOOP('',(#15504,#15505,#15506));
#15504 = ORIENTED_EDGE('',*,*,#13462,.T.);
#15505 = ORIENTED_EDGE('',*,*,#15482,.T.);
#15506 = ORIENTED_EDGE('',*,*,#15507,.T.);
#15507 = EDGE_CURVE('',#15483,#13456,#15508,.T.);
#15508 = LINE('',#15509,#15510);
#15509 = CARTESIAN_POINT('',(20.369043782098,22.229339789581,
    68.231278296987));
#15510 = VECTOR('',#15511,1.);
#15511 = DIRECTION('',(0.195059741539,-0.836516303738,-0.512047039647));
#15512 = PLANE('',#15513);
#15513 = AXIS2_PLACEMENT_3D('',#15514,#15515,#15516);
#15514 = CARTESIAN_POINT('',(22.777708695834,22.229339789581,
    65.82261338325));
#15515 = DIRECTION('',(0.683012701892,-0.258819045103,0.683012701892));
#15516 = DIRECTION('',(0.707106781187,0.,-0.707106781187));
#15517 = ADVANCED_FACE('',(#15518),#15523,.T.);
#15518 = FACE_BOUND('',#15519,.T.);
#15519 = EDGE_LOOP('',(#15520,#15521,#15522));
#15520 = ORIENTED_EDGE('',*,*,#15507,.F.);
#15521 = ORIENTED_EDGE('',*,*,#15491,.T.);
#15522 = ORIENTED_EDGE('',*,*,#13455,.F.);
#15523 = PLANE('',#15524);
#15524 = AXIS2_PLACEMENT_3D('',#15525,#15526,#15527);
#15525 = CARTESIAN_POINT('',(20.369043782098,22.229339789581,
    68.231278296987));
#15526 = DIRECTION('',(0.703878786642,0.482962913145,-0.52086608475));
#15527 = DIRECTION('',(0.195059741539,-0.836516303738,-0.512047039647));
#15528 = ADVANCED_FACE('',(#15529),#15545,.T.);
#15529 = FACE_BOUND('',#15530,.T.);
#15530 = EDGE_LOOP('',(#15531,#15532,#15538,#15539));
#15531 = ORIENTED_EDGE('',*,*,#13822,.F.);
#15532 = ORIENTED_EDGE('',*,*,#15533,.T.);
#15533 = EDGE_CURVE('',#13823,#14842,#15534,.T.);
#15534 = LINE('',#15535,#15536);
#15535 = CARTESIAN_POINT('',(57.47163491749,-15.490063727,
    16.835395143812));
#15536 = VECTOR('',#15537,1.);
#15537 = DIRECTION('',(0.683012701892,-0.258819045103,0.683012701892));
#15538 = ORIENTED_EDGE('',*,*,#14849,.T.);
#15539 = ORIENTED_EDGE('',*,*,#15540,.F.);
#15540 = EDGE_CURVE('',#13825,#14850,#15541,.T.);
#15541 = LINE('',#15542,#15543);
#15542 = CARTESIAN_POINT('',(55.72741499004,-18.33954491456,
    17.499840130098));
#15543 = VECTOR('',#15544,1.);
#15544 = DIRECTION('',(0.683012701892,-0.258819045103,0.683012701892));
#15545 = PLANE('',#15546);
#15546 = AXIS2_PLACEMENT_3D('',#15547,#15548,#15549);
#15547 = CARTESIAN_POINT('',(57.47163491749,-15.490063727,
    16.835395143812));
#15548 = DIRECTION('',(0.52086608475,-0.482962913145,-0.703878786642));
#15549 = DIRECTION('',(-0.512047039647,-0.836516303738,0.195059741539));
#15550 = ADVANCED_FACE('',(#15551),#15562,.T.);
#15551 = FACE_BOUND('',#15552,.T.);
#15552 = EDGE_LOOP('',(#15553,#15554,#15555,#15556));
#15553 = ORIENTED_EDGE('',*,*,#13864,.F.);
#15554 = ORIENTED_EDGE('',*,*,#15540,.T.);
#15555 = ORIENTED_EDGE('',*,*,#14857,.T.);
#15556 = ORIENTED_EDGE('',*,*,#15557,.F.);
#15557 = EDGE_CURVE('',#13857,#14858,#15558,.T.);
#15558 = LINE('',#15559,#15560);
#15559 = CARTESIAN_POINT('',(56.391859976326,-21.18902610211,
    15.755620202648));
#15560 = VECTOR('',#15561,1.);
#15561 = DIRECTION('',(0.683012701892,-0.258819045103,0.683012701892));
#15562 = PLANE('',#15563);
#15563 = AXIS2_PLACEMENT_3D('',#15564,#15565,#15566);
#15564 = CARTESIAN_POINT('',(55.72741499004,-18.33954491456,
    17.499840130098));
#15565 = DIRECTION('',(0.703878786642,0.482962913145,-0.52086608475));
#15566 = DIRECTION('',(0.195059741539,-0.836516303738,-0.512047039647));
#15567 = ADVANCED_FACE('',(#15568),#15579,.T.);
#15568 = FACE_BOUND('',#15569,.T.);
#15569 = EDGE_LOOP('',(#15570,#15571,#15572,#15573));
#15570 = ORIENTED_EDGE('',*,*,#13856,.F.);
#15571 = ORIENTED_EDGE('',*,*,#15557,.T.);
#15572 = ORIENTED_EDGE('',*,*,#14865,.T.);
#15573 = ORIENTED_EDGE('',*,*,#15574,.F.);
#15574 = EDGE_CURVE('',#13849,#14866,#15575,.T.);
#15575 = LINE('',#15576,#15577);
#15576 = CARTESIAN_POINT('',(58.800524890063,-21.18902610211,
    13.346955288911));
#15577 = VECTOR('',#15578,1.);
#15578 = DIRECTION('',(0.683012701892,-0.258819045103,0.683012701892));
#15579 = PLANE('',#15580);
#15580 = AXIS2_PLACEMENT_3D('',#15581,#15582,#15583);
#15581 = CARTESIAN_POINT('',(56.391859976326,-21.18902610211,
    15.755620202648));
#15582 = DIRECTION('',(0.183012701892,0.965925826289,0.183012701892));
#15583 = DIRECTION('',(0.707106781187,0.,-0.707106781187));
#15584 = ADVANCED_FACE('',(#15585),#15596,.T.);
#15585 = FACE_BOUND('',#15586,.T.);
#15586 = EDGE_LOOP('',(#15587,#15588,#15589,#15590));
#15587 = ORIENTED_EDGE('',*,*,#13848,.F.);
#15588 = ORIENTED_EDGE('',*,*,#15574,.T.);
#15589 = ORIENTED_EDGE('',*,*,#14873,.T.);
#15590 = ORIENTED_EDGE('',*,*,#15591,.F.);
#15591 = EDGE_CURVE('',#13841,#14832,#15592,.T.);
#15592 = LINE('',#15593,#15594);
#15593 = CARTESIAN_POINT('',(60.544744817513,-18.33954491456,
    12.682510302624));
#15594 = VECTOR('',#15595,1.);
#15595 = DIRECTION('',(0.683012701892,-0.258819045103,0.683012701892));
#15596 = PLANE('',#15597);
#15597 = AXIS2_PLACEMENT_3D('',#15598,#15599,#15600);
#15598 = CARTESIAN_POINT('',(58.800524890063,-21.18902610211,
    13.346955288911));
#15599 = DIRECTION('',(-0.52086608475,0.482962913145,0.703878786642));
#15600 = DIRECTION('',(0.512047039647,0.836516303738,-0.195059741539));
#15601 = ADVANCED_FACE('',(#15602),#15613,.T.);
#15602 = FACE_BOUND('',#15603,.T.);
#15603 = EDGE_LOOP('',(#15604,#15605,#15606,#15607));
#15604 = ORIENTED_EDGE('',*,*,#13840,.F.);
#15605 = ORIENTED_EDGE('',*,*,#15591,.T.);
#15606 = ORIENTED_EDGE('',*,*,#14831,.T.);
#15607 = ORIENTED_EDGE('',*,*,#15608,.F.);
#15608 = EDGE_CURVE('',#13833,#14834,#15609,.T.);
#15609 = LINE('',#15610,#15611);
#15610 = CARTESIAN_POINT('',(59.880299831227,-15.490063727,
    14.426730230075));
#15611 = VECTOR('',#15612,1.);
#15612 = DIRECTION('',(0.683012701892,-0.258819045103,0.683012701892));
#15613 = PLANE('',#15614);
#15614 = AXIS2_PLACEMENT_3D('',#15615,#15616,#15617);
#15615 = CARTESIAN_POINT('',(60.544744817513,-18.33954491456,
    12.682510302624));
#15616 = DIRECTION('',(-0.703878786642,-0.482962913145,0.52086608475));
#15617 = DIRECTION('',(-0.195059741539,0.836516303738,0.512047039647));
#15618 = ADVANCED_FACE('',(#15619),#15625,.T.);
#15619 = FACE_BOUND('',#15620,.T.);
#15620 = EDGE_LOOP('',(#15621,#15622,#15623,#15624));
#15621 = ORIENTED_EDGE('',*,*,#13832,.F.);
#15622 = ORIENTED_EDGE('',*,*,#15608,.T.);
#15623 = ORIENTED_EDGE('',*,*,#14841,.T.);
#15624 = ORIENTED_EDGE('',*,*,#15533,.F.);
#15625 = PLANE('',#15626);
#15626 = AXIS2_PLACEMENT_3D('',#15627,#15628,#15629);
#15627 = CARTESIAN_POINT('',(59.880299831227,-15.490063727,
    14.426730230075));
#15628 = DIRECTION('',(-0.183012701892,-0.965925826289,-0.183012701892)
  );
#15629 = DIRECTION('',(-0.707106781187,0.,0.707106781187));
#15630 = ADVANCED_FACE('',(#15631),#15647,.T.);
#15631 = FACE_BOUND('',#15632,.T.);
#15632 = EDGE_LOOP('',(#15633,#15634,#15640,#15641));
#15633 = ORIENTED_EDGE('',*,*,#13932,.F.);
#15634 = ORIENTED_EDGE('',*,*,#15635,.T.);
#15635 = EDGE_CURVE('',#13933,#14891,#15636,.T.);
#15636 = LINE('',#15637,#15638);
#15637 = CARTESIAN_POINT('',(68.231278296987,22.229339789581,
    20.369043782098));
#15638 = VECTOR('',#15639,1.);
#15639 = DIRECTION('',(0.683012701892,-0.258819045103,0.683012701892));
#15640 = ORIENTED_EDGE('',*,*,#14890,.T.);
#15641 = ORIENTED_EDGE('',*,*,#15642,.F.);
#15642 = EDGE_CURVE('',#13935,#14893,#15643,.T.);
#15643 = LINE('',#15644,#15645);
#15644 = CARTESIAN_POINT('',(67.5668333107,25.078820977134,
    22.113263709548));
#15645 = VECTOR('',#15646,1.);
#15646 = DIRECTION('',(0.683012701892,-0.258819045103,0.683012701892));
#15647 = PLANE('',#15648);
#15648 = AXIS2_PLACEMENT_3D('',#15649,#15650,#15651);
#15649 = CARTESIAN_POINT('',(68.231278296987,22.229339789581,
    20.369043782098));
#15650 = DIRECTION('',(-0.703878786642,-0.482962913145,0.52086608475));
#15651 = DIRECTION('',(-0.195059741539,0.836516303738,0.512047039647));
#15652 = ADVANCED_FACE('',(#15653),#15664,.T.);
#15653 = FACE_BOUND('',#15654,.T.);
#15654 = EDGE_LOOP('',(#15655,#15656,#15657,#15658));
#15655 = ORIENTED_EDGE('',*,*,#13974,.F.);
#15656 = ORIENTED_EDGE('',*,*,#15642,.T.);
#15657 = ORIENTED_EDGE('',*,*,#14900,.T.);
#15658 = ORIENTED_EDGE('',*,*,#15659,.F.);
#15659 = EDGE_CURVE('',#13967,#14901,#15660,.T.);
#15660 = LINE('',#15661,#15662);
#15661 = CARTESIAN_POINT('',(65.158168396963,25.078820977134,
    24.521928623285));
#15662 = VECTOR('',#15663,1.);
#15663 = DIRECTION('',(0.683012701892,-0.258819045103,0.683012701892));
#15664 = PLANE('',#15665);
#15665 = AXIS2_PLACEMENT_3D('',#15666,#15667,#15668);
#15666 = CARTESIAN_POINT('',(67.5668333107,25.078820977134,
    22.113263709548));
#15667 = DIRECTION('',(-0.183012701892,-0.965925826289,-0.183012701892)
  );
#15668 = DIRECTION('',(-0.707106781187,0.,0.707106781187));
#15669 = ADVANCED_FACE('',(#15670),#15681,.T.);
#15670 = FACE_BOUND('',#15671,.T.);
#15671 = EDGE_LOOP('',(#15672,#15673,#15674,#15675));
#15672 = ORIENTED_EDGE('',*,*,#13966,.F.);
#15673 = ORIENTED_EDGE('',*,*,#15659,.T.);
#15674 = ORIENTED_EDGE('',*,*,#14908,.T.);
#15675 = ORIENTED_EDGE('',*,*,#15676,.F.);
#15676 = EDGE_CURVE('',#13959,#14909,#15677,.T.);
#15677 = LINE('',#15678,#15679);
#15678 = CARTESIAN_POINT('',(63.413948469513,22.229339789581,
    25.186373609571));
#15679 = VECTOR('',#15680,1.);
#15680 = DIRECTION('',(0.683012701892,-0.258819045103,0.683012701892));
#15681 = PLANE('',#15682);
#15682 = AXIS2_PLACEMENT_3D('',#15683,#15684,#15685);
#15683 = CARTESIAN_POINT('',(65.158168396963,25.078820977134,
    24.521928623285));
#15684 = DIRECTION('',(0.52086608475,-0.482962913145,-0.703878786642));
#15685 = DIRECTION('',(-0.512047039647,-0.836516303738,0.195059741539));
#15686 = ADVANCED_FACE('',(#15687),#15698,.T.);
#15687 = FACE_BOUND('',#15688,.T.);
#15688 = EDGE_LOOP('',(#15689,#15690,#15691,#15692));
#15689 = ORIENTED_EDGE('',*,*,#13958,.F.);
#15690 = ORIENTED_EDGE('',*,*,#15676,.T.);
#15691 = ORIENTED_EDGE('',*,*,#14916,.T.);
#15692 = ORIENTED_EDGE('',*,*,#15693,.F.);
#15693 = EDGE_CURVE('',#13951,#14917,#15694,.T.);
#15694 = LINE('',#15695,#15696);
#15695 = CARTESIAN_POINT('',(64.078393455799,19.379858602028,
    23.442153682121));
#15696 = VECTOR('',#15697,1.);
#15697 = DIRECTION('',(0.683012701892,-0.258819045103,0.683012701892));
#15698 = PLANE('',#15699);
#15699 = AXIS2_PLACEMENT_3D('',#15700,#15701,#15702);
#15700 = CARTESIAN_POINT('',(63.413948469513,22.229339789581,
    25.186373609571));
#15701 = DIRECTION('',(0.703878786642,0.482962913145,-0.52086608475));
#15702 = DIRECTION('',(0.195059741539,-0.836516303738,-0.512047039647));
#15703 = ADVANCED_FACE('',(#15704),#15715,.T.);
#15704 = FACE_BOUND('',#15705,.T.);
#15705 = EDGE_LOOP('',(#15706,#15707,#15708,#15709));
#15706 = ORIENTED_EDGE('',*,*,#13950,.F.);
#15707 = ORIENTED_EDGE('',*,*,#15693,.T.);
#15708 = ORIENTED_EDGE('',*,*,#14924,.T.);
#15709 = ORIENTED_EDGE('',*,*,#15710,.F.);
#15710 = EDGE_CURVE('',#13943,#14925,#15711,.T.);
#15711 = LINE('',#15712,#15713);
#15712 = CARTESIAN_POINT('',(66.487058369536,19.379858602028,
    21.033488768384));
#15713 = VECTOR('',#15714,1.);
#15714 = DIRECTION('',(0.683012701892,-0.258819045103,0.683012701892));
#15715 = PLANE('',#15716);
#15716 = AXIS2_PLACEMENT_3D('',#15717,#15718,#15719);
#15717 = CARTESIAN_POINT('',(64.078393455799,19.379858602028,
    23.442153682121));
#15718 = DIRECTION('',(0.183012701892,0.965925826289,0.183012701892));
#15719 = DIRECTION('',(0.707106781187,0.,-0.707106781187));
#15720 = ADVANCED_FACE('',(#15721),#15727,.T.);
#15721 = FACE_BOUND('',#15722,.T.);
#15722 = EDGE_LOOP('',(#15723,#15724,#15725,#15726));
#15723 = ORIENTED_EDGE('',*,*,#13942,.F.);
#15724 = ORIENTED_EDGE('',*,*,#15710,.T.);
#15725 = ORIENTED_EDGE('',*,*,#14932,.T.);
#15726 = ORIENTED_EDGE('',*,*,#15635,.F.);
#15727 = PLANE('',#15728);
#15728 = AXIS2_PLACEMENT_3D('',#15729,#15730,#15731);
#15729 = CARTESIAN_POINT('',(66.487058369536,19.379858602028,
    21.033488768384));
#15730 = DIRECTION('',(-0.52086608475,0.482962913145,0.703878786642));
#15731 = DIRECTION('',(0.512047039647,0.836516303738,-0.195059741539));
#15732 = ADVANCED_FACE('',(#15733),#15739,.T.);
#15733 = FACE_BOUND('',#15734,.T.);
#15734 = EDGE_LOOP('',(#15735,#15736,#15737,#15738));
#15735 = ORIENTED_EDGE('',*,*,#14019,.F.);
#15736 = ORIENTED_EDGE('',*,*,#14072,.T.);
#15737 = ORIENTED_EDGE('',*,*,#14098,.F.);
#15738 = ORIENTED_EDGE('',*,*,#14114,.T.);
#15739 = PLANE('',#15740);
#15740 = AXIS2_PLACEMENT_3D('',#15741,#15742,#15743);
#15741 = CARTESIAN_POINT('',(19.567437737232,-9.096136382768,
    61.052428187781));
#15742 = DIRECTION('',(-0.455918227947,-8.153982379808E-02,
    0.886278639346));
#15743 = DIRECTION('',(-0.889239732605,-3.469446951954E-18,
    -0.457441469433));
#15744 = ADVANCED_FACE('',(#15745,#15795),#15798,.F.);
#15745 = FACE_BOUND('',#15746,.F.);
#15746 = EDGE_LOOP('',(#15747,#15757,#15765,#15773,#15781,#15789));
#15747 = ORIENTED_EDGE('',*,*,#15748,.T.);
#15748 = EDGE_CURVE('',#15749,#15751,#15753,.T.);
#15749 = VERTEX_POINT('',#15750);
#15750 = CARTESIAN_POINT('',(19.480576965585,-19.09012014535,
    57.708151825527));
#15751 = VERTEX_POINT('',#15752);
#15752 = CARTESIAN_POINT('',(18.816131979299,-16.2406389578,
    59.452371752978));
#15753 = LINE('',#15754,#15755);
#15754 = CARTESIAN_POINT('',(19.480576965585,-19.09012014535,
    57.708151825527));
#15755 = VECTOR('',#15756,1.);
#15756 = DIRECTION('',(-0.195059741539,0.836516303738,0.512047039647));
#15757 = ORIENTED_EDGE('',*,*,#15758,.T.);
#15758 = EDGE_CURVE('',#15751,#15759,#15761,.T.);
#15759 = VERTEX_POINT('',#15760);
#15760 = CARTESIAN_POINT('',(16.407467065562,-16.2406389578,
    61.861036666714));
#15761 = LINE('',#15762,#15763);
#15762 = CARTESIAN_POINT('',(18.816131979299,-16.2406389578,
    59.452371752978));
#15763 = VECTOR('',#15764,1.);
#15764 = DIRECTION('',(-0.707106781187,0.,0.707106781187));
#15765 = ORIENTED_EDGE('',*,*,#15766,.T.);
#15766 = EDGE_CURVE('',#15759,#15767,#15769,.T.);
#15767 = VERTEX_POINT('',#15768);
#15768 = CARTESIAN_POINT('',(14.663247138112,-19.09012014535,
    62.525481653001));
#15769 = LINE('',#15770,#15771);
#15770 = CARTESIAN_POINT('',(16.407467065562,-16.2406389578,
    61.861036666714));
#15771 = VECTOR('',#15772,1.);
#15772 = DIRECTION('',(-0.512047039647,-0.836516303738,0.195059741539));
#15773 = ORIENTED_EDGE('',*,*,#15774,.T.);
#15774 = EDGE_CURVE('',#15767,#15775,#15777,.T.);
#15775 = VERTEX_POINT('',#15776);
#15776 = CARTESIAN_POINT('',(15.327692124398,-21.93960133291,
    60.78126172555));
#15777 = LINE('',#15778,#15779);
#15778 = CARTESIAN_POINT('',(14.663247138112,-19.09012014535,
    62.525481653001));
#15779 = VECTOR('',#15780,1.);
#15780 = DIRECTION('',(0.195059741539,-0.836516303738,-0.512047039647));
#15781 = ORIENTED_EDGE('',*,*,#15782,.T.);
#15782 = EDGE_CURVE('',#15775,#15783,#15785,.T.);
#15783 = VERTEX_POINT('',#15784);
#15784 = CARTESIAN_POINT('',(17.736357038135,-21.93960133291,
    58.372596811814));
#15785 = LINE('',#15786,#15787);
#15786 = CARTESIAN_POINT('',(15.327692124398,-21.93960133291,
    60.78126172555));
#15787 = VECTOR('',#15788,1.);
#15788 = DIRECTION('',(0.707106781187,0.,-0.707106781187));
#15789 = ORIENTED_EDGE('',*,*,#15790,.T.);
#15790 = EDGE_CURVE('',#15783,#15749,#15791,.T.);
#15791 = LINE('',#15792,#15793);
#15792 = CARTESIAN_POINT('',(17.736357038135,-21.93960133291,
    58.372596811814));
#15793 = VECTOR('',#15794,1.);
#15794 = DIRECTION('',(0.512047039647,0.836516303738,-0.195059741539));
#15795 = FACE_BOUND('',#15796,.F.);
#15796 = EDGE_LOOP('',(#15797));
#15797 = ORIENTED_EDGE('',*,*,#14037,.F.);
#15798 = PLANE('',#15799);
#15799 = AXIS2_PLACEMENT_3D('',#15800,#15801,#15802);
#15800 = CARTESIAN_POINT('',(17.071912051849,-19.09012014535,
    60.116816739264));
#15801 = DIRECTION('',(0.683012701892,-0.258819045103,0.683012701892));
#15802 = DIRECTION('',(0.707106781187,0.,-0.707106781187));
#15803 = ADVANCED_FACE('',(#15804),#15815,.T.);
#15804 = FACE_BOUND('',#15805,.T.);
#15805 = EDGE_LOOP('',(#15806,#15807,#15808,#15814));
#15806 = ORIENTED_EDGE('',*,*,#14130,.F.);
#15807 = ORIENTED_EDGE('',*,*,#14155,.T.);
#15808 = ORIENTED_EDGE('',*,*,#15809,.T.);
#15809 = EDGE_CURVE('',#14156,#14204,#15810,.T.);
#15810 = LINE('',#15811,#15812);
#15811 = CARTESIAN_POINT('',(23.203732573129,-24.61889733607,
    53.520715199186));
#15812 = VECTOR('',#15813,1.);
#15813 = DIRECTION('',(0.183012701892,0.965925826289,0.183012701892));
#15814 = ORIENTED_EDGE('',*,*,#14203,.F.);
#15815 = PLANE('',#15816);
#15816 = AXIS2_PLACEMENT_3D('',#15817,#15818,#15819);
#15817 = CARTESIAN_POINT('',(18.890381207891,-24.61889733607,
    57.834066564424));
#15818 = DIRECTION('',(0.683012701892,-0.258819045103,0.683012701892));
#15819 = DIRECTION('',(0.707106781187,0.,-0.707106781187));
#15820 = ADVANCED_FACE('',(#15821),#15827,.T.);
#15821 = FACE_BOUND('',#15822,.T.);
#15822 = EDGE_LOOP('',(#15823,#15824,#15825,#15826));
#15823 = ORIENTED_EDGE('',*,*,#14163,.F.);
#15824 = ORIENTED_EDGE('',*,*,#14179,.T.);
#15825 = ORIENTED_EDGE('',*,*,#14211,.T.);
#15826 = ORIENTED_EDGE('',*,*,#15809,.F.);
#15827 = PLANE('',#15828);
#15828 = AXIS2_PLACEMENT_3D('',#15829,#15830,#15831);
#15829 = CARTESIAN_POINT('',(21.837707169344,-24.10125924587,
    52.154689795402));
#15830 = DIRECTION('',(0.707106781187,0.,-0.707106781187));
#15831 = DIRECTION('',(0.683012701892,-0.258819045103,0.683012701892));
#15832 = ADVANCED_FACE('',(#15833),#15844,.T.);
#15833 = FACE_BOUND('',#15834,.T.);
#15834 = EDGE_LOOP('',(#15835,#15836,#15837,#15843));
#15835 = ORIENTED_EDGE('',*,*,#14226,.F.);
#15836 = ORIENTED_EDGE('',*,*,#14251,.T.);
#15837 = ORIENTED_EDGE('',*,*,#15838,.T.);
#15838 = EDGE_CURVE('',#14252,#14300,#15839,.T.);
#15839 = LINE('',#15840,#15841);
#15840 = CARTESIAN_POINT('',(31.857919726053,21.057183013102,
    62.174902352111));
#15841 = VECTOR('',#15842,1.);
#15842 = DIRECTION('',(0.183012701892,0.965925826289,0.183012701892));
#15843 = ORIENTED_EDGE('',*,*,#14299,.F.);
#15844 = PLANE('',#15845);
#15845 = AXIS2_PLACEMENT_3D('',#15846,#15847,#15848);
#15846 = CARTESIAN_POINT('',(27.544568360815,21.057183013102,
    66.488253717349));
#15847 = DIRECTION('',(0.683012701892,-0.258819045103,0.683012701892));
#15848 = DIRECTION('',(0.707106781187,0.,-0.707106781187));
#15849 = ADVANCED_FACE('',(#15850),#15856,.T.);
#15850 = FACE_BOUND('',#15851,.T.);
#15851 = EDGE_LOOP('',(#15852,#15853,#15854,#15855));
#15852 = ORIENTED_EDGE('',*,*,#14259,.F.);
#15853 = ORIENTED_EDGE('',*,*,#14275,.T.);
#15854 = ORIENTED_EDGE('',*,*,#14307,.T.);
#15855 = ORIENTED_EDGE('',*,*,#15838,.F.);
#15856 = PLANE('',#15857);
#15857 = AXIS2_PLACEMENT_3D('',#15858,#15859,#15860);
#15858 = CARTESIAN_POINT('',(30.491894322269,21.574821103307,
    60.808876948326));
#15859 = DIRECTION('',(0.707106781187,0.,-0.707106781187));
#15860 = DIRECTION('',(0.683012701892,-0.258819045103,0.683012701892));
#15861 = ADVANCED_FACE('',(#15862),#15873,.T.);
#15862 = FACE_BOUND('',#15863,.T.);
#15863 = EDGE_LOOP('',(#15864,#15865,#15866,#15867));
#15864 = ORIENTED_EDGE('',*,*,#14403,.F.);
#15865 = ORIENTED_EDGE('',*,*,#14321,.F.);
#15866 = ORIENTED_EDGE('',*,*,#14355,.T.);
#15867 = ORIENTED_EDGE('',*,*,#15868,.F.);
#15868 = EDGE_CURVE('',#14396,#14348,#15869,.T.);
#15869 = LINE('',#15870,#15871);
#15870 = CARTESIAN_POINT('',(47.719083735931,-26.74393415391,
    28.200108148058));
#15871 = VECTOR('',#15872,1.);
#15872 = DIRECTION('',(0.707106781187,0.,-0.707106781187));
#15873 = PLANE('',#15874);
#15874 = AXIS2_PLACEMENT_3D('',#15875,#15876,#15877);
#15875 = CARTESIAN_POINT('',(46.858924037038,-31.28378553747,
    27.339948449164));
#15876 = DIRECTION('',(0.683012701892,-0.258819045103,0.683012701892));
#15877 = DIRECTION('',(0.707106781187,0.,-0.707106781187));
#15878 = ADVANCED_FACE('',(#15879),#15885,.T.);
#15879 = FACE_BOUND('',#15880,.T.);
#15880 = EDGE_LOOP('',(#15881,#15882,#15883,#15884));
#15881 = ORIENTED_EDGE('',*,*,#14379,.F.);
#15882 = ORIENTED_EDGE('',*,*,#14395,.T.);
#15883 = ORIENTED_EDGE('',*,*,#15868,.T.);
#15884 = ORIENTED_EDGE('',*,*,#14347,.F.);
#15885 = PLANE('',#15886);
#15886 = AXIS2_PLACEMENT_3D('',#15887,#15888,#15889);
#15887 = CARTESIAN_POINT('',(46.353058332147,-26.2262960637,
    26.834082744273));
#15888 = DIRECTION('',(0.183012701892,0.965925826289,0.183012701892));
#15889 = DIRECTION('',(0.683012701892,-0.258819045103,0.683012701892));
#15890 = ADVANCED_FACE('',(#15891),#15902,.T.);
#15891 = FACE_BOUND('',#15892,.T.);
#15892 = EDGE_LOOP('',(#15893,#15894,#15895,#15896));
#15893 = ORIENTED_EDGE('',*,*,#14499,.F.);
#15894 = ORIENTED_EDGE('',*,*,#14417,.F.);
#15895 = ORIENTED_EDGE('',*,*,#14451,.T.);
#15896 = ORIENTED_EDGE('',*,*,#15897,.F.);
#15897 = EDGE_CURVE('',#14492,#14444,#15898,.T.);
#15898 = LINE('',#15899,#15900);
#15899 = CARTESIAN_POINT('',(42.750244384534,-26.74393415391,
    33.168947499456));
#15900 = VECTOR('',#15901,1.);
#15901 = DIRECTION('',(0.707106781187,0.,-0.707106781187));
#15902 = PLANE('',#15903);
#15903 = AXIS2_PLACEMENT_3D('',#15904,#15905,#15906);
#15904 = CARTESIAN_POINT('',(41.89008468564,-31.28378553747,
    32.308787800562));
#15905 = DIRECTION('',(0.683012701892,-0.258819045103,0.683012701892));
#15906 = DIRECTION('',(0.707106781187,0.,-0.707106781187));
#15907 = ADVANCED_FACE('',(#15908),#15914,.T.);
#15908 = FACE_BOUND('',#15909,.T.);
#15909 = EDGE_LOOP('',(#15910,#15911,#15912,#15913));
#15910 = ORIENTED_EDGE('',*,*,#14475,.F.);
#15911 = ORIENTED_EDGE('',*,*,#14491,.T.);
#15912 = ORIENTED_EDGE('',*,*,#15897,.T.);
#15913 = ORIENTED_EDGE('',*,*,#14443,.F.);
#15914 = PLANE('',#15915);
#15915 = AXIS2_PLACEMENT_3D('',#15916,#15917,#15918);
#15916 = CARTESIAN_POINT('',(41.384218980749,-26.2262960637,
    31.802922095671));
#15917 = DIRECTION('',(0.183012701892,0.965925826289,0.183012701892));
#15918 = DIRECTION('',(0.683012701892,-0.258819045103,0.683012701892));
#15919 = ADVANCED_FACE('',(#15920),#15931,.T.);
#15920 = FACE_BOUND('',#15921,.T.);
#15921 = EDGE_LOOP('',(#15922,#15923,#15924,#15925));
#15922 = ORIENTED_EDGE('',*,*,#14595,.F.);
#15923 = ORIENTED_EDGE('',*,*,#14513,.F.);
#15924 = ORIENTED_EDGE('',*,*,#14547,.T.);
#15925 = ORIENTED_EDGE('',*,*,#15926,.F.);
#15926 = EDGE_CURVE('',#14588,#14540,#15927,.T.);
#15927 = LINE('',#15928,#15929);
#15928 = CARTESIAN_POINT('',(24.356739547576,-26.74393415391,
    51.562452336413));
#15929 = VECTOR('',#15930,1.);
#15930 = DIRECTION('',(0.707106781187,0.,-0.707106781187));
#15931 = PLANE('',#15932);
#15932 = AXIS2_PLACEMENT_3D('',#15933,#15934,#15935);
#15933 = CARTESIAN_POINT('',(23.496579848683,-31.28378553747,
    50.70229263752));
#15934 = DIRECTION('',(0.683012701892,-0.258819045103,0.683012701892));
#15935 = DIRECTION('',(0.707106781187,0.,-0.707106781187));
#15936 = ADVANCED_FACE('',(#15937),#15943,.T.);
#15937 = FACE_BOUND('',#15938,.T.);
#15938 = EDGE_LOOP('',(#15939,#15940,#15941,#15942));
#15939 = ORIENTED_EDGE('',*,*,#14571,.F.);
#15940 = ORIENTED_EDGE('',*,*,#14587,.T.);
#15941 = ORIENTED_EDGE('',*,*,#15926,.T.);
#15942 = ORIENTED_EDGE('',*,*,#14539,.F.);
#15943 = PLANE('',#15944);
#15944 = AXIS2_PLACEMENT_3D('',#15945,#15946,#15947);
#15945 = CARTESIAN_POINT('',(22.990714143792,-26.2262960637,
    50.196426932629));
#15946 = DIRECTION('',(0.183012701892,0.965925826289,0.183012701892));
#15947 = DIRECTION('',(0.683012701892,-0.258819045103,0.683012701892));
#15948 = ADVANCED_FACE('',(#15949),#15967,.T.);
#15949 = FACE_BOUND('',#15950,.T.);
#15950 = EDGE_LOOP('',(#15951,#15959,#15960,#15961));
#15951 = ORIENTED_EDGE('',*,*,#15952,.F.);
#15952 = EDGE_CURVE('',#14642,#15953,#15955,.T.);
#15953 = VERTEX_POINT('',#15954);
#15954 = CARTESIAN_POINT('',(55.593579651162,-13.67849108089,
    25.276597025104));
#15955 = LINE('',#15956,#15957);
#15956 = CARTESIAN_POINT('',(53.520715199186,-24.61889733607,
    23.203732573129));
#15957 = VECTOR('',#15958,1.);
#15958 = DIRECTION('',(0.183012701892,0.965925826289,0.183012701892));
#15959 = ORIENTED_EDGE('',*,*,#14649,.T.);
#15960 = ORIENTED_EDGE('',*,*,#14611,.T.);
#15961 = ORIENTED_EDGE('',*,*,#15962,.T.);
#15962 = EDGE_CURVE('',#14612,#15953,#15963,.T.);
#15963 = LINE('',#15964,#15965);
#15964 = CARTESIAN_POINT('',(51.014776157626,-13.67849108089,
    29.85540051864));
#15965 = VECTOR('',#15966,1.);
#15966 = DIRECTION('',(-0.707106781187,-0.,0.707106781187));
#15967 = PLANE('',#15968);
#15968 = AXIS2_PLACEMENT_3D('',#15969,#15970,#15971);
#15969 = CARTESIAN_POINT('',(53.520715199186,-24.61889733607,
    23.203732573129));
#15970 = DIRECTION('',(0.683012701892,-0.258819045103,0.683012701892));
#15971 = DIRECTION('',(0.707106781187,0.,-0.707106781187));
#15972 = ADVANCED_FACE('',(#15973),#15984,.F.);
#15973 = FACE_BOUND('',#15974,.F.);
#15974 = EDGE_LOOP('',(#15975,#15976,#15977,#15978));
#15975 = ORIENTED_EDGE('',*,*,#15952,.F.);
#15976 = ORIENTED_EDGE('',*,*,#14641,.F.);
#15977 = ORIENTED_EDGE('',*,*,#14664,.T.);
#15978 = ORIENTED_EDGE('',*,*,#15979,.T.);
#15979 = EDGE_CURVE('',#14665,#15953,#15980,.T.);
#15980 = LINE('',#15981,#15982);
#15981 = CARTESIAN_POINT('',(53.536399009559,-12.89894843433,
    23.219416383502));
#15982 = VECTOR('',#15983,1.);
#15983 = DIRECTION('',(0.683012701892,-0.258819045103,0.683012701892));
#15984 = PLANE('',#15985);
#15985 = AXIS2_PLACEMENT_3D('',#15986,#15987,#15988);
#15986 = CARTESIAN_POINT('',(52.154689795402,-24.10125924587,
    21.837707169344));
#15987 = DIRECTION('',(0.707106781187,0.,-0.707106781187));
#15988 = DIRECTION('',(0.683012701892,-0.258819045103,0.683012701892));
#15989 = ADVANCED_FACE('',(#15990),#15996,.T.);
#15990 = FACE_BOUND('',#15991,.T.);
#15991 = EDGE_LOOP('',(#15992,#15993,#15994,#15995));
#15992 = ORIENTED_EDGE('',*,*,#14695,.F.);
#15993 = ORIENTED_EDGE('',*,*,#14674,.T.);
#15994 = ORIENTED_EDGE('',*,*,#15979,.T.);
#15995 = ORIENTED_EDGE('',*,*,#15962,.F.);
#15996 = PLANE('',#15997);
#15997 = AXIS2_PLACEMENT_3D('',#15998,#15999,#16000);
#15998 = CARTESIAN_POINT('',(43.687636784669,-12.63704387799,
    31.685868132756));
#15999 = DIRECTION('',(0.183012701892,0.965925826289,0.183012701892));
#16000 = DIRECTION('',(0.683012701892,-0.258819045103,0.683012701892));
#16001 = ADVANCED_FACE('',(#16002),#16020,.T.);
#16002 = FACE_BOUND('',#16003,.T.);
#16003 = EDGE_LOOP('',(#16004,#16012,#16013,#16014));
#16004 = ORIENTED_EDGE('',*,*,#16005,.F.);
#16005 = EDGE_CURVE('',#14746,#16006,#16008,.T.);
#16006 = VERTEX_POINT('',#16007);
#16007 = CARTESIAN_POINT('',(58.265565098788,0.424025982928,
    27.948582472731));
#16008 = LINE('',#16009,#16010);
#16009 = CARTESIAN_POINT('',(53.686761605252,0.424025982928,
    32.527385966267));
#16010 = VECTOR('',#16011,1.);
#16011 = DIRECTION('',(-0.707106781187,-0.,0.707106781187));
#16012 = ORIENTED_EDGE('',*,*,#14770,.T.);
#16013 = ORIENTED_EDGE('',*,*,#15006,.F.);
#16014 = ORIENTED_EDGE('',*,*,#16015,.F.);
#16015 = EDGE_CURVE('',#16006,#14999,#16016,.T.);
#16016 = LINE('',#16017,#16018);
#16017 = CARTESIAN_POINT('',(53.520715199186,-24.61889733607,
    23.203732573129));
#16018 = VECTOR('',#16019,1.);
#16019 = DIRECTION('',(0.183012701892,0.965925826289,0.183012701892));
#16020 = PLANE('',#16021);
#16021 = AXIS2_PLACEMENT_3D('',#16022,#16023,#16024);
#16022 = CARTESIAN_POINT('',(53.520715199186,-24.61889733607,
    23.203732573129));
#16023 = DIRECTION('',(0.683012701892,-0.258819045103,0.683012701892));
#16024 = DIRECTION('',(0.707106781187,0.,-0.707106781187));
#16025 = ADVANCED_FACE('',(#16026),#16037,.F.);
#16026 = FACE_BOUND('',#16027,.F.);
#16027 = EDGE_LOOP('',(#16028,#16029,#16030,#16036));
#16028 = ORIENTED_EDGE('',*,*,#14951,.F.);
#16029 = ORIENTED_EDGE('',*,*,#14966,.T.);
#16030 = ORIENTED_EDGE('',*,*,#16031,.T.);
#16031 = EDGE_CURVE('',#14967,#16006,#16032,.T.);
#16032 = LINE('',#16033,#16034);
#16033 = CARTESIAN_POINT('',(56.208384457186,1.203568629481,
    25.891401831128));
#16034 = VECTOR('',#16035,1.);
#16035 = DIRECTION('',(0.683012701892,-0.258819045103,0.683012701892));
#16036 = ORIENTED_EDGE('',*,*,#16005,.F.);
#16037 = PLANE('',#16038);
#16038 = AXIS2_PLACEMENT_3D('',#16039,#16040,#16041);
#16039 = CARTESIAN_POINT('',(46.359622232296,1.46547318583,
    34.357853580383));
#16040 = DIRECTION('',(0.183012701892,0.965925826289,0.183012701892));
#16041 = DIRECTION('',(0.683012701892,-0.258819045103,0.683012701892));
#16042 = ADVANCED_FACE('',(#16043),#16049,.F.);
#16043 = FACE_BOUND('',#16044,.F.);
#16044 = EDGE_LOOP('',(#16045,#16046,#16047,#16048));
#16045 = ORIENTED_EDGE('',*,*,#16015,.F.);
#16046 = ORIENTED_EDGE('',*,*,#16031,.F.);
#16047 = ORIENTED_EDGE('',*,*,#14983,.T.);
#16048 = ORIENTED_EDGE('',*,*,#14998,.T.);
#16049 = PLANE('',#16050);
#16050 = AXIS2_PLACEMENT_3D('',#16051,#16052,#16053);
#16051 = CARTESIAN_POINT('',(52.154689795402,-24.10125924587,
    21.837707169344));
#16052 = DIRECTION('',(0.707106781187,0.,-0.707106781187));
#16053 = DIRECTION('',(0.683012701892,-0.258819045103,0.683012701892));
#16054 = ADVANCED_FACE('',(#16055),#16066,.T.);
#16055 = FACE_BOUND('',#16056,.T.);
#16056 = EDGE_LOOP('',(#16057,#16058,#16064,#16065));
#16057 = ORIENTED_EDGE('',*,*,#15093,.F.);
#16058 = ORIENTED_EDGE('',*,*,#16059,.T.);
#16059 = EDGE_CURVE('',#15094,#15039,#16060,.T.);
#16060 = LINE('',#16061,#16062);
#16061 = CARTESIAN_POINT('',(45.283122878452,26.743934153911,
    50.904621788885));
#16062 = VECTOR('',#16063,1.);
#16063 = DIRECTION('',(0.707106781187,0.,-0.707106781187));
#16064 = ORIENTED_EDGE('',*,*,#15038,.T.);
#16065 = ORIENTED_EDGE('',*,*,#15021,.T.);
#16066 = PLANE('',#16067);
#16067 = AXIS2_PLACEMENT_3D('',#16068,#16069,#16070);
#16068 = CARTESIAN_POINT('',(45.283122878452,26.743934153911,
    50.904621788885));
#16069 = DIRECTION('',(0.683012701892,-0.258819045103,0.683012701892));
#16070 = DIRECTION('',(0.707106781187,0.,-0.707106781187));
#16071 = ADVANCED_FACE('',(#16072),#16078,.F.);
#16072 = FACE_BOUND('',#16073,.F.);
#16073 = EDGE_LOOP('',(#16074,#16075,#16076,#16077));
#16074 = ORIENTED_EDGE('',*,*,#15077,.F.);
#16075 = ORIENTED_EDGE('',*,*,#15101,.T.);
#16076 = ORIENTED_EDGE('',*,*,#16059,.T.);
#16077 = ORIENTED_EDGE('',*,*,#15046,.F.);
#16078 = PLANE('',#16079);
#16079 = AXIS2_PLACEMENT_3D('',#16080,#16081,#16082);
#16080 = CARTESIAN_POINT('',(43.917097474668,27.261572244116,
    49.538596385101));
#16081 = DIRECTION('',(0.183012701892,0.965925826289,0.183012701892));
#16082 = DIRECTION('',(0.683012701892,-0.258819045103,0.683012701892));
#16083 = ADVANCED_FACE('',(#16084),#16095,.T.);
#16084 = FACE_BOUND('',#16085,.T.);
#16085 = EDGE_LOOP('',(#16086,#16087,#16093,#16094));
#16086 = ORIENTED_EDGE('',*,*,#15189,.F.);
#16087 = ORIENTED_EDGE('',*,*,#16088,.T.);
#16088 = EDGE_CURVE('',#15190,#15135,#16089,.T.);
#16089 = LINE('',#16090,#16091);
#16090 = CARTESIAN_POINT('',(34.491015939251,26.743934153911,
    61.696728728087));
#16091 = VECTOR('',#16092,1.);
#16092 = DIRECTION('',(0.707106781187,0.,-0.707106781187));
#16093 = ORIENTED_EDGE('',*,*,#15134,.T.);
#16094 = ORIENTED_EDGE('',*,*,#15117,.T.);
#16095 = PLANE('',#16096);
#16096 = AXIS2_PLACEMENT_3D('',#16097,#16098,#16099);
#16097 = CARTESIAN_POINT('',(34.491015939251,26.743934153911,
    61.696728728087));
#16098 = DIRECTION('',(0.683012701892,-0.258819045103,0.683012701892));
#16099 = DIRECTION('',(0.707106781187,0.,-0.707106781187));
#16100 = ADVANCED_FACE('',(#16101),#16107,.F.);
#16101 = FACE_BOUND('',#16102,.F.);
#16102 = EDGE_LOOP('',(#16103,#16104,#16105,#16106));
#16103 = ORIENTED_EDGE('',*,*,#15173,.F.);
#16104 = ORIENTED_EDGE('',*,*,#15197,.T.);
#16105 = ORIENTED_EDGE('',*,*,#16088,.T.);
#16106 = ORIENTED_EDGE('',*,*,#15142,.F.);
#16107 = PLANE('',#16108);
#16108 = AXIS2_PLACEMENT_3D('',#16109,#16110,#16111);
#16109 = CARTESIAN_POINT('',(33.124990535466,27.261572244116,
    60.330703324303));
#16110 = DIRECTION('',(0.183012701892,0.965925826289,0.183012701892));
#16111 = DIRECTION('',(0.683012701892,-0.258819045103,0.683012701892));
#16112 = ADVANCED_FACE('',(#16113,#16163),#16166,.F.);
#16113 = FACE_BOUND('',#16114,.F.);
#16114 = EDGE_LOOP('',(#16115,#16125,#16133,#16141,#16149,#16157));
#16115 = ORIENTED_EDGE('',*,*,#16116,.T.);
#16116 = EDGE_CURVE('',#16117,#16119,#16121,.T.);
#16117 = VERTEX_POINT('',#16118);
#16118 = CARTESIAN_POINT('',(27.167110445059,21.478764558784,
    65.394685305));
#16119 = VERTEX_POINT('',#16120);
#16120 = CARTESIAN_POINT('',(26.502665458772,24.328245746336,
    67.138905232451));
#16121 = LINE('',#16122,#16123);
#16122 = CARTESIAN_POINT('',(27.167110445059,21.478764558784,
    65.394685305));
#16123 = VECTOR('',#16124,1.);
#16124 = DIRECTION('',(-0.195059741539,0.836516303738,0.512047039647));
#16125 = ORIENTED_EDGE('',*,*,#16126,.T.);
#16126 = EDGE_CURVE('',#16119,#16127,#16129,.T.);
#16127 = VERTEX_POINT('',#16128);
#16128 = CARTESIAN_POINT('',(24.094000545036,24.328245746336,
    69.547570146188));
#16129 = LINE('',#16130,#16131);
#16130 = CARTESIAN_POINT('',(26.502665458772,24.328245746336,
    67.138905232451));
#16131 = VECTOR('',#16132,1.);
#16132 = DIRECTION('',(-0.707106781187,0.,0.707106781187));
#16133 = ORIENTED_EDGE('',*,*,#16134,.T.);
#16134 = EDGE_CURVE('',#16127,#16135,#16137,.T.);
#16135 = VERTEX_POINT('',#16136);
#16136 = CARTESIAN_POINT('',(22.349780617585,21.478764558784,
    70.212015132474));
#16137 = LINE('',#16138,#16139);
#16138 = CARTESIAN_POINT('',(24.094000545036,24.328245746336,
    69.547570146188));
#16139 = VECTOR('',#16140,1.);
#16140 = DIRECTION('',(-0.512047039647,-0.836516303738,0.195059741539));
#16141 = ORIENTED_EDGE('',*,*,#16142,.T.);
#16142 = EDGE_CURVE('',#16135,#16143,#16145,.T.);
#16143 = VERTEX_POINT('',#16144);
#16144 = CARTESIAN_POINT('',(23.014225603871,18.629283371231,
    68.467795205024));
#16145 = LINE('',#16146,#16147);
#16146 = CARTESIAN_POINT('',(22.349780617585,21.478764558784,
    70.212015132474));
#16147 = VECTOR('',#16148,1.);
#16148 = DIRECTION('',(0.195059741539,-0.836516303738,-0.512047039647));
#16149 = ORIENTED_EDGE('',*,*,#16150,.T.);
#16150 = EDGE_CURVE('',#16143,#16151,#16153,.T.);
#16151 = VERTEX_POINT('',#16152);
#16152 = CARTESIAN_POINT('',(25.422890517608,18.629283371231,
    66.059130291287));
#16153 = LINE('',#16154,#16155);
#16154 = CARTESIAN_POINT('',(23.014225603871,18.629283371231,
    68.467795205024));
#16155 = VECTOR('',#16156,1.);
#16156 = DIRECTION('',(0.707106781187,0.,-0.707106781187));
#16157 = ORIENTED_EDGE('',*,*,#16158,.T.);
#16158 = EDGE_CURVE('',#16151,#16117,#16159,.T.);
#16159 = LINE('',#16160,#16161);
#16160 = CARTESIAN_POINT('',(25.422890517608,18.629283371231,
    66.059130291287));
#16161 = VECTOR('',#16162,1.);
#16162 = DIRECTION('',(0.512047039647,0.836516303738,-0.195059741539));
#16163 = FACE_BOUND('',#16164,.F.);
#16164 = EDGE_LOOP('',(#16165));
#16165 = ORIENTED_EDGE('',*,*,#15213,.F.);
#16166 = PLANE('',#16167);
#16167 = AXIS2_PLACEMENT_3D('',#16168,#16169,#16170);
#16168 = CARTESIAN_POINT('',(24.758445531322,21.478764558784,
    67.803350218737));
#16169 = DIRECTION('',(0.683012701892,-0.258819045103,0.683012701892));
#16170 = DIRECTION('',(0.707106781187,0.,-0.707106781187));
#16171 = ADVANCED_FACE('',(#16172),#16188,.T.);
#16172 = FACE_BOUND('',#16173,.T.);
#16173 = EDGE_LOOP('',(#16174,#16175,#16181,#16182));
#16174 = ORIENTED_EDGE('',*,*,#15317,.F.);
#16175 = ORIENTED_EDGE('',*,*,#16176,.T.);
#16176 = EDGE_CURVE('',#15318,#15783,#16177,.T.);
#16177 = LINE('',#16178,#16179);
#16178 = CARTESIAN_POINT('',(15.755620202648,-21.18902610211,
    56.391859976326));
#16179 = VECTOR('',#16180,1.);
#16180 = DIRECTION('',(0.683012701892,-0.258819045103,0.683012701892));
#16181 = ORIENTED_EDGE('',*,*,#15790,.T.);
#16182 = ORIENTED_EDGE('',*,*,#16183,.F.);
#16183 = EDGE_CURVE('',#15320,#15749,#16184,.T.);
#16184 = LINE('',#16185,#16186);
#16185 = CARTESIAN_POINT('',(17.499840130098,-18.33954491456,
    55.72741499004));
#16186 = VECTOR('',#16187,1.);
#16187 = DIRECTION('',(0.683012701892,-0.258819045103,0.683012701892));
#16188 = PLANE('',#16189);
#16189 = AXIS2_PLACEMENT_3D('',#16190,#16191,#16192);
#16190 = CARTESIAN_POINT('',(15.755620202648,-21.18902610211,
    56.391859976326));
#16191 = DIRECTION('',(-0.52086608475,0.482962913145,0.703878786642));
#16192 = DIRECTION('',(0.512047039647,0.836516303738,-0.195059741539));
#16193 = ADVANCED_FACE('',(#16194),#16205,.T.);
#16194 = FACE_BOUND('',#16195,.T.);
#16195 = EDGE_LOOP('',(#16196,#16197,#16198,#16199));
#16196 = ORIENTED_EDGE('',*,*,#15359,.F.);
#16197 = ORIENTED_EDGE('',*,*,#16183,.T.);
#16198 = ORIENTED_EDGE('',*,*,#15748,.T.);
#16199 = ORIENTED_EDGE('',*,*,#16200,.F.);
#16200 = EDGE_CURVE('',#15352,#15751,#16201,.T.);
#16201 = LINE('',#16202,#16203);
#16202 = CARTESIAN_POINT('',(16.835395143812,-15.490063727,
    57.47163491749));
#16203 = VECTOR('',#16204,1.);
#16204 = DIRECTION('',(0.683012701892,-0.258819045103,0.683012701892));
#16205 = PLANE('',#16206);
#16206 = AXIS2_PLACEMENT_3D('',#16207,#16208,#16209);
#16207 = CARTESIAN_POINT('',(17.499840130098,-18.33954491456,
    55.72741499004));
#16208 = DIRECTION('',(-0.703878786642,-0.482962913145,0.52086608475));
#16209 = DIRECTION('',(-0.195059741539,0.836516303738,0.512047039647));
#16210 = ADVANCED_FACE('',(#16211),#16222,.T.);
#16211 = FACE_BOUND('',#16212,.T.);
#16212 = EDGE_LOOP('',(#16213,#16214,#16215,#16216));
#16213 = ORIENTED_EDGE('',*,*,#15351,.F.);
#16214 = ORIENTED_EDGE('',*,*,#16200,.T.);
#16215 = ORIENTED_EDGE('',*,*,#15758,.T.);
#16216 = ORIENTED_EDGE('',*,*,#16217,.F.);
#16217 = EDGE_CURVE('',#15344,#15759,#16218,.T.);
#16218 = LINE('',#16219,#16220);
#16219 = CARTESIAN_POINT('',(14.426730230075,-15.490063727,
    59.880299831227));
#16220 = VECTOR('',#16221,1.);
#16221 = DIRECTION('',(0.683012701892,-0.258819045103,0.683012701892));
#16222 = PLANE('',#16223);
#16223 = AXIS2_PLACEMENT_3D('',#16224,#16225,#16226);
#16224 = CARTESIAN_POINT('',(16.835395143812,-15.490063727,
    57.47163491749));
#16225 = DIRECTION('',(-0.183012701892,-0.965925826289,-0.183012701892)
  );
#16226 = DIRECTION('',(-0.707106781187,0.,0.707106781187));
#16227 = ADVANCED_FACE('',(#16228),#16239,.T.);
#16228 = FACE_BOUND('',#16229,.T.);
#16229 = EDGE_LOOP('',(#16230,#16231,#16232,#16233));
#16230 = ORIENTED_EDGE('',*,*,#15343,.F.);
#16231 = ORIENTED_EDGE('',*,*,#16217,.T.);
#16232 = ORIENTED_EDGE('',*,*,#15766,.T.);
#16233 = ORIENTED_EDGE('',*,*,#16234,.F.);
#16234 = EDGE_CURVE('',#15336,#15767,#16235,.T.);
#16235 = LINE('',#16236,#16237);
#16236 = CARTESIAN_POINT('',(12.682510302624,-18.33954491456,
    60.544744817513));
#16237 = VECTOR('',#16238,1.);
#16238 = DIRECTION('',(0.683012701892,-0.258819045103,0.683012701892));
#16239 = PLANE('',#16240);
#16240 = AXIS2_PLACEMENT_3D('',#16241,#16242,#16243);
#16241 = CARTESIAN_POINT('',(14.426730230075,-15.490063727,
    59.880299831227));
#16242 = DIRECTION('',(0.52086608475,-0.482962913145,-0.703878786642));
#16243 = DIRECTION('',(-0.512047039647,-0.836516303738,0.195059741539));
#16244 = ADVANCED_FACE('',(#16245),#16256,.T.);
#16245 = FACE_BOUND('',#16246,.T.);
#16246 = EDGE_LOOP('',(#16247,#16248,#16249,#16250));
#16247 = ORIENTED_EDGE('',*,*,#15335,.F.);
#16248 = ORIENTED_EDGE('',*,*,#16234,.T.);
#16249 = ORIENTED_EDGE('',*,*,#15774,.T.);
#16250 = ORIENTED_EDGE('',*,*,#16251,.F.);
#16251 = EDGE_CURVE('',#15328,#15775,#16252,.T.);
#16252 = LINE('',#16253,#16254);
#16253 = CARTESIAN_POINT('',(13.346955288911,-21.18902610211,
    58.800524890063));
#16254 = VECTOR('',#16255,1.);
#16255 = DIRECTION('',(0.683012701892,-0.258819045103,0.683012701892));
#16256 = PLANE('',#16257);
#16257 = AXIS2_PLACEMENT_3D('',#16258,#16259,#16260);
#16258 = CARTESIAN_POINT('',(12.682510302624,-18.33954491456,
    60.544744817513));
#16259 = DIRECTION('',(0.703878786642,0.482962913145,-0.52086608475));
#16260 = DIRECTION('',(0.195059741539,-0.836516303738,-0.512047039647));
#16261 = ADVANCED_FACE('',(#16262),#16268,.T.);
#16262 = FACE_BOUND('',#16263,.T.);
#16263 = EDGE_LOOP('',(#16264,#16265,#16266,#16267));
#16264 = ORIENTED_EDGE('',*,*,#15327,.F.);
#16265 = ORIENTED_EDGE('',*,*,#16251,.T.);
#16266 = ORIENTED_EDGE('',*,*,#15782,.T.);
#16267 = ORIENTED_EDGE('',*,*,#16176,.F.);
#16268 = PLANE('',#16269);
#16269 = AXIS2_PLACEMENT_3D('',#16270,#16271,#16272);
#16270 = CARTESIAN_POINT('',(13.346955288911,-21.18902610211,
    58.800524890063));
#16271 = DIRECTION('',(0.183012701892,0.965925826289,0.183012701892));
#16272 = DIRECTION('',(0.707106781187,0.,-0.707106781187));
#16273 = ADVANCED_FACE('',(#16274),#16290,.T.);
#16274 = FACE_BOUND('',#16275,.T.);
#16275 = EDGE_LOOP('',(#16276,#16277,#16283,#16284));
#16276 = ORIENTED_EDGE('',*,*,#15426,.F.);
#16277 = ORIENTED_EDGE('',*,*,#16278,.T.);
#16278 = EDGE_CURVE('',#15427,#16117,#16279,.T.);
#16279 = LINE('',#16280,#16281);
#16280 = CARTESIAN_POINT('',(25.186373609571,22.229339789581,
    63.413948469513));
#16281 = VECTOR('',#16282,1.);
#16282 = DIRECTION('',(0.683012701892,-0.258819045103,0.683012701892));
#16283 = ORIENTED_EDGE('',*,*,#16116,.T.);
#16284 = ORIENTED_EDGE('',*,*,#16285,.F.);
#16285 = EDGE_CURVE('',#15429,#16119,#16286,.T.);
#16286 = LINE('',#16287,#16288);
#16287 = CARTESIAN_POINT('',(24.521928623285,25.078820977134,
    65.158168396963));
#16288 = VECTOR('',#16289,1.);
#16289 = DIRECTION('',(0.683012701892,-0.258819045103,0.683012701892));
#16290 = PLANE('',#16291);
#16291 = AXIS2_PLACEMENT_3D('',#16292,#16293,#16294);
#16292 = CARTESIAN_POINT('',(25.186373609571,22.229339789581,
    63.413948469513));
#16293 = DIRECTION('',(-0.703878786642,-0.482962913145,0.52086608475));
#16294 = DIRECTION('',(-0.195059741539,0.836516303738,0.512047039647));
#16295 = ADVANCED_FACE('',(#16296),#16307,.T.);
#16296 = FACE_BOUND('',#16297,.T.);
#16297 = EDGE_LOOP('',(#16298,#16299,#16300,#16301));
#16298 = ORIENTED_EDGE('',*,*,#15468,.F.);
#16299 = ORIENTED_EDGE('',*,*,#16285,.T.);
#16300 = ORIENTED_EDGE('',*,*,#16126,.T.);
#16301 = ORIENTED_EDGE('',*,*,#16302,.F.);
#16302 = EDGE_CURVE('',#15461,#16127,#16303,.T.);
#16303 = LINE('',#16304,#16305);
#16304 = CARTESIAN_POINT('',(22.113263709548,25.078820977134,
    67.5668333107));
#16305 = VECTOR('',#16306,1.);
#16306 = DIRECTION('',(0.683012701892,-0.258819045103,0.683012701892));
#16307 = PLANE('',#16308);
#16308 = AXIS2_PLACEMENT_3D('',#16309,#16310,#16311);
#16309 = CARTESIAN_POINT('',(24.521928623285,25.078820977134,
    65.158168396963));
#16310 = DIRECTION('',(-0.183012701892,-0.965925826289,-0.183012701892)
  );
#16311 = DIRECTION('',(-0.707106781187,0.,0.707106781187));
#16312 = ADVANCED_FACE('',(#16313),#16324,.T.);
#16313 = FACE_BOUND('',#16314,.T.);
#16314 = EDGE_LOOP('',(#16315,#16316,#16317,#16318));
#16315 = ORIENTED_EDGE('',*,*,#15460,.F.);
#16316 = ORIENTED_EDGE('',*,*,#16302,.T.);
#16317 = ORIENTED_EDGE('',*,*,#16134,.T.);
#16318 = ORIENTED_EDGE('',*,*,#16319,.F.);
#16319 = EDGE_CURVE('',#15453,#16135,#16320,.T.);
#16320 = LINE('',#16321,#16322);
#16321 = CARTESIAN_POINT('',(20.369043782098,22.229339789581,
    68.231278296987));
#16322 = VECTOR('',#16323,1.);
#16323 = DIRECTION('',(0.683012701892,-0.258819045103,0.683012701892));
#16324 = PLANE('',#16325);
#16325 = AXIS2_PLACEMENT_3D('',#16326,#16327,#16328);
#16326 = CARTESIAN_POINT('',(22.113263709548,25.078820977134,
    67.5668333107));
#16327 = DIRECTION('',(0.52086608475,-0.482962913145,-0.703878786642));
#16328 = DIRECTION('',(-0.512047039647,-0.836516303738,0.195059741539));
#16329 = ADVANCED_FACE('',(#16330),#16341,.T.);
#16330 = FACE_BOUND('',#16331,.T.);
#16331 = EDGE_LOOP('',(#16332,#16333,#16334,#16335));
#16332 = ORIENTED_EDGE('',*,*,#15452,.F.);
#16333 = ORIENTED_EDGE('',*,*,#16319,.T.);
#16334 = ORIENTED_EDGE('',*,*,#16142,.T.);
#16335 = ORIENTED_EDGE('',*,*,#16336,.F.);
#16336 = EDGE_CURVE('',#15445,#16143,#16337,.T.);
#16337 = LINE('',#16338,#16339);
#16338 = CARTESIAN_POINT('',(21.033488768384,19.379858602028,
    66.487058369536));
#16339 = VECTOR('',#16340,1.);
#16340 = DIRECTION('',(0.683012701892,-0.258819045103,0.683012701892));
#16341 = PLANE('',#16342);
#16342 = AXIS2_PLACEMENT_3D('',#16343,#16344,#16345);
#16343 = CARTESIAN_POINT('',(20.369043782098,22.229339789581,
    68.231278296987));
#16344 = DIRECTION('',(0.703878786642,0.482962913145,-0.52086608475));
#16345 = DIRECTION('',(0.195059741539,-0.836516303738,-0.512047039647));
#16346 = ADVANCED_FACE('',(#16347),#16358,.T.);
#16347 = FACE_BOUND('',#16348,.T.);
#16348 = EDGE_LOOP('',(#16349,#16350,#16351,#16352));
#16349 = ORIENTED_EDGE('',*,*,#15444,.F.);
#16350 = ORIENTED_EDGE('',*,*,#16336,.T.);
#16351 = ORIENTED_EDGE('',*,*,#16150,.T.);
#16352 = ORIENTED_EDGE('',*,*,#16353,.F.);
#16353 = EDGE_CURVE('',#15437,#16151,#16354,.T.);
#16354 = LINE('',#16355,#16356);
#16355 = CARTESIAN_POINT('',(23.442153682121,19.379858602028,
    64.078393455799));
#16356 = VECTOR('',#16357,1.);
#16357 = DIRECTION('',(0.683012701892,-0.258819045103,0.683012701892));
#16358 = PLANE('',#16359);
#16359 = AXIS2_PLACEMENT_3D('',#16360,#16361,#16362);
#16360 = CARTESIAN_POINT('',(21.033488768384,19.379858602028,
    66.487058369536));
#16361 = DIRECTION('',(0.183012701892,0.965925826289,0.183012701892));
#16362 = DIRECTION('',(0.707106781187,0.,-0.707106781187));
#16363 = ADVANCED_FACE('',(#16364),#16370,.T.);
#16364 = FACE_BOUND('',#16365,.T.);
#16365 = EDGE_LOOP('',(#16366,#16367,#16368,#16369));
#16366 = ORIENTED_EDGE('',*,*,#15436,.F.);
#16367 = ORIENTED_EDGE('',*,*,#16353,.T.);
#16368 = ORIENTED_EDGE('',*,*,#16158,.T.);
#16369 = ORIENTED_EDGE('',*,*,#16278,.F.);
#16370 = PLANE('',#16371);
#16371 = AXIS2_PLACEMENT_3D('',#16372,#16373,#16374);
#16372 = CARTESIAN_POINT('',(23.442153682121,19.379858602028,
    64.078393455799));
#16373 = DIRECTION('',(-0.52086608475,0.482962913145,0.703878786642));
#16374 = DIRECTION('',(0.512047039647,0.836516303738,-0.195059741539));
#16375 = ( GEOMETRIC_REPRESENTATION_CONTEXT(3) 
GLOBAL_UNCERTAINTY_ASSIGNED_CONTEXT((#16379)) 
GLOBAL_UNIT_ASSIGNED_CONTEXT((#16376,#16377,#16378)) 
REPRESENTATION_CONTEXT('Context #1',
  '3D Context with UNIT and UNCERTAINTY') );
#16376 = ( LENGTH_UNIT() NAMED_UNIT(*) SI_UNIT(.MILLI.,.METRE.) );
#16377 = ( NAMED_UNIT(*) PLANE_ANGLE_UNIT() SI_UNIT($,.RADIAN.) );
#16378 = ( NAMED_UNIT(*) SI_UNIT($,.STERADIAN.) SOLID_ANGLE_UNIT() );
#16379 = UNCERTAINTY_MEASURE_WITH_UNIT(LENGTH_MEASURE(1.E-06),#16376,
  'distance_accuracy_value','confusion accuracy');
#16380 = PRODUCT_RELATED_PRODUCT_CATEGORY('part',$,(#7));
ENDSEC;
END-ISO-10303-21;
